# Blender 5.1.2
# www.blender.org
mtllib Phone.mtl
o Phone
v 0.000923 0.276463 -0.143336
v 0.002173 0.277367 -0.143422
v 0.003718 0.277367 -0.143422
v 0.004968 0.276463 -0.143336
v 0.005445 0.275000 -0.143197
v 0.004968 0.273537 -0.143057
v 0.003718 0.272633 -0.142971
v 0.002173 0.272633 -0.142971
v 0.000923 0.273537 -0.143057
v 0.000445 0.275000 -0.143197
v 0.000929 0.274531 -0.162919
v 0.002182 0.275381 -0.163226
v 0.003727 0.275391 -0.163186
v 0.004973 0.274556 -0.162815
v 0.005445 0.273196 -0.162254
v 0.004962 0.271830 -0.161718
v 0.003709 0.270979 -0.161411
v 0.002164 0.270970 -0.161450
v 0.000918 0.271804 -0.161822
v 0.000446 0.273164 -0.162382
v 0.001705 0.264830 -0.175186
v 0.002974 0.265434 -0.175829
v 0.004517 0.265468 -0.175755
v 0.005745 0.264921 -0.174994
v 0.006188 0.264000 -0.173835
v 0.005678 0.263058 -0.172721
v 0.004409 0.262455 -0.172078
v 0.002866 0.262420 -0.172152
v 0.001639 0.262968 -0.172913
v 0.001195 0.263889 -0.174072
v 0.002245 0.253511 -0.180980
v 0.003527 0.253857 -0.181770
v 0.005070 0.253891 -0.181697
v 0.006285 0.253600 -0.180788
v 0.006708 0.253095 -0.179390
v 0.006177 0.252569 -0.178038
v 0.004896 0.252223 -0.177248
v 0.003353 0.252188 -0.177321
v 0.002138 0.252479 -0.178230
v 0.001715 0.252984 -0.179628
v 0.002592 0.243004 -0.183598
v 0.003879 0.243174 -0.184434
v 0.005422 0.243205 -0.184362
v 0.006632 0.243087 -0.183407
v 0.007045 0.242863 -0.181936
v 0.006505 0.242619 -0.180509
v 0.005217 0.242450 -0.179672
v 0.003674 0.242418 -0.179744
v 0.002465 0.242537 -0.180699
v 0.002052 0.242761 -0.182170
v 0.002882 0.230404 -0.184524
v 0.004173 0.230417 -0.185373
v 0.005716 0.230446 -0.185300
v 0.006922 0.230480 -0.184334
v 0.007330 0.230505 -0.182844
v 0.006784 0.230512 -0.181399
v 0.005492 0.230498 -0.180550
v 0.003949 0.230469 -0.180623
v 0.002744 0.230436 -0.181588
v 0.002336 0.230411 -0.183079
v 0.003037 0.218761 -0.183396
v 0.004330 0.218660 -0.184237
v 0.005873 0.218678 -0.184164
v 0.007078 0.218809 -0.183205
v 0.007483 0.219002 -0.181726
v 0.006935 0.219184 -0.180293
v 0.005643 0.219285 -0.179453
v 0.004099 0.219267 -0.179526
v 0.002895 0.219136 -0.180485
v 0.002489 0.218943 -0.181963
v 0.003014 0.206306 -0.181387
v 0.004306 0.206133 -0.182216
v 0.005850 0.206133 -0.182140
v 0.007054 0.206306 -0.181188
v 0.007460 0.206586 -0.179723
v 0.006912 0.206866 -0.178306
v 0.005620 0.207039 -0.177477
v 0.004076 0.207039 -0.177553
v 0.002872 0.206866 -0.178505
v 0.002466 0.206586 -0.179970
v 0.002726 0.189795 -0.177643
v 0.004017 0.189541 -0.178452
v 0.005560 0.189525 -0.178373
v 0.006766 0.189753 -0.177433
v 0.007173 0.190137 -0.175993
v 0.006627 0.190532 -0.174603
v 0.005336 0.190786 -0.173793
v 0.003793 0.190802 -0.173873
v 0.002588 0.190574 -0.174812
v 0.002180 0.190190 -0.176252
v 0.002341 0.177775 -0.173767
v 0.003629 0.177433 -0.174549
v 0.005172 0.177404 -0.174465
v 0.006380 0.177697 -0.173547
v 0.006791 0.178203 -0.172146
v 0.006249 0.178726 -0.170797
v 0.004961 0.179068 -0.170015
v 0.003418 0.179098 -0.170099
v 0.002211 0.178804 -0.171017
v 0.001799 0.178299 -0.172418
v 0.001647 0.163142 -0.167557
v 0.002936 0.162824 -0.168348
v 0.004477 0.162771 -0.168255
v 0.005682 0.163001 -0.167315
v 0.006090 0.163428 -0.165887
v 0.005545 0.163888 -0.164517
v 0.004256 0.164205 -0.163727
v 0.002714 0.164259 -0.163819
v 0.001510 0.164028 -0.164759
v 0.001102 0.163602 -0.166187
v 0.000948 0.151410 -0.165084
v 0.002246 0.151234 -0.165904
v 0.003785 0.151145 -0.165804
v 0.004978 0.151177 -0.164823
v 0.005368 0.151317 -0.163334
v 0.004808 0.151513 -0.161908
v 0.003510 0.151689 -0.161088
v 0.001971 0.151778 -0.161188
v 0.000778 0.151747 -0.162170
v 0.000387 0.151606 -0.163658
v -0.000884 0.125512 -0.164719
v 0.000420 0.125428 -0.165543
v 0.001957 0.125307 -0.165442
v 0.003140 0.125196 -0.164453
v 0.003517 0.125138 -0.162956
v 0.002943 0.125153 -0.161521
v 0.001639 0.125238 -0.160697
v 0.000102 0.125358 -0.160799
v -0.001081 0.125469 -0.161787
v -0.001457 0.125528 -0.163284
v -0.001916 0.113164 -0.165386
v -0.000609 0.113119 -0.166208
v 0.000926 0.112971 -0.166108
v 0.002102 0.112779 -0.165124
v 0.002470 0.112613 -0.163633
v 0.001889 0.112539 -0.162203
v 0.000581 0.112584 -0.161381
v -0.000954 0.112732 -0.161481
v -0.002129 0.112924 -0.162465
v -0.002497 0.113090 -0.163956
v -0.003630 0.095426 -0.167569
v -0.002318 0.095429 -0.168385
v -0.000785 0.095260 -0.168288
v 0.000383 0.094984 -0.167315
v 0.000740 0.094706 -0.165838
v 0.000149 0.094532 -0.164420
v -0.001163 0.094529 -0.163604
v -0.002696 0.094697 -0.163702
v -0.003863 0.094974 -0.164675
v -0.004220 0.095252 -0.166152
v -0.004871 0.083348 -0.170057
v -0.003553 0.083409 -0.170861
v -0.002022 0.083223 -0.170767
v -0.000862 0.082863 -0.169811
v -0.000518 0.082466 -0.168359
v -0.001119 0.082183 -0.166964
v -0.002437 0.082123 -0.166160
v -0.003968 0.082308 -0.166254
v -0.005128 0.082668 -0.167209
v -0.005472 0.083066 -0.168662
v -0.006778 0.065862 -0.175159
v -0.005461 0.065908 -0.175966
v -0.003932 0.065709 -0.175876
v -0.002773 0.065340 -0.174922
v -0.002429 0.064941 -0.173470
v -0.003029 0.064666 -0.172073
v -0.004346 0.064619 -0.171266
v -0.005876 0.064818 -0.171356
v -0.007034 0.065188 -0.172310
v -0.007378 0.065586 -0.173762
v -0.008282 0.053566 -0.177654
v -0.006976 0.053529 -0.178478
v -0.005448 0.053318 -0.178390
v -0.004282 0.053013 -0.177423
v -0.003923 0.052732 -0.175947
v -0.004508 0.052580 -0.174525
v -0.005815 0.052617 -0.173701
v -0.007343 0.052828 -0.173789
v -0.008509 0.053132 -0.174756
v -0.008868 0.053414 -0.176232
v -0.010832 0.034723 -0.179847
v -0.009546 0.034545 -0.180685
v -0.008021 0.034312 -0.180598
v -0.006840 0.034114 -0.179622
v -0.006454 0.034026 -0.178129
v -0.007010 0.034082 -0.176688
v -0.008297 0.034261 -0.175852
v -0.009822 0.034494 -0.175937
v -0.011003 0.034692 -0.176914
v -0.011389 0.034780 -0.178407
v -0.012907 0.022355 -0.178887
v -0.011654 0.021979 -0.179709
v -0.010134 0.021714 -0.179620
v -0.008929 0.021663 -0.178655
v -0.008497 0.021844 -0.177183
v -0.009006 0.022188 -0.175765
v -0.010259 0.022564 -0.174943
v -0.011779 0.022829 -0.175032
v -0.012984 0.022880 -0.175997
v -0.013415 0.022700 -0.177469
v -0.016293 0.005560 -0.174184
v -0.015077 0.004995 -0.174953
v -0.013563 0.004703 -0.174857
v -0.012328 0.004795 -0.173932
v -0.011845 0.005237 -0.172533
v -0.012297 0.005859 -0.171193
v -0.013513 0.006424 -0.170424
v -0.015027 0.006716 -0.170520
v -0.016262 0.006624 -0.171445
v -0.016745 0.006182 -0.172844
v -0.018874 -0.005409 -0.168581
v -0.017700 -0.006146 -0.169262
v -0.016191 -0.006462 -0.169154
v -0.014924 -0.006234 -0.168299
v -0.014384 -0.005550 -0.167023
v -0.014776 -0.004671 -0.165814
v -0.015951 -0.003933 -0.165134
v -0.017460 -0.003618 -0.165242
v -0.018726 -0.003846 -0.166097
v -0.019266 -0.004530 -0.167372
v -0.022155 -0.017234 -0.159159
v -0.021035 -0.018162 -0.159681
v -0.019535 -0.018511 -0.159545
v -0.018230 -0.018147 -0.158804
v -0.017616 -0.017209 -0.157739
v -0.017929 -0.016057 -0.156759
v -0.019049 -0.015129 -0.156238
v -0.020548 -0.014780 -0.156374
v -0.021854 -0.015144 -0.157115
v -0.022468 -0.016082 -0.158179
v -0.024909 -0.024092 -0.149213
v -0.023858 -0.025190 -0.149487
v -0.022373 -0.025573 -0.149301
v -0.021021 -0.025095 -0.148726
v -0.020319 -0.023937 -0.147981
v -0.020535 -0.022543 -0.147352
v -0.021586 -0.021444 -0.147078
v -0.023071 -0.021061 -0.147264
v -0.024423 -0.021539 -0.147839
v -0.025125 -0.022697 -0.148584
v -0.028937 -0.029661 -0.131741
v -0.027957 -0.030856 -0.131713
v -0.026491 -0.031265 -0.131447
v -0.025098 -0.030731 -0.131044
v -0.024311 -0.029459 -0.130658
v -0.024429 -0.027934 -0.130436
v -0.025408 -0.026740 -0.130464
v -0.026875 -0.026331 -0.130730
v -0.028267 -0.026865 -0.131133
v -0.029055 -0.028137 -0.131519
v -0.031624 -0.029837 -0.119715
v -0.030719 -0.031036 -0.119356
v -0.029277 -0.031446 -0.118984
v -0.027848 -0.030910 -0.118740
v -0.026979 -0.029633 -0.118719
v -0.027001 -0.028102 -0.118928
v -0.027906 -0.026903 -0.119287
v -0.029349 -0.026493 -0.119659
v -0.030778 -0.027028 -0.119902
v -0.031647 -0.028306 -0.119923
v -0.034232 -0.026391 -0.107691
v -0.033411 -0.027479 -0.106963
v -0.032000 -0.027847 -0.106451
v -0.030540 -0.027354 -0.106349
v -0.029586 -0.026189 -0.106698
v -0.029505 -0.024796 -0.107363
v -0.030327 -0.023709 -0.108090
v -0.031737 -0.023341 -0.108602
v -0.033198 -0.023834 -0.108704
v -0.034151 -0.024999 -0.108356
v -0.036676 -0.019402 -0.098191
v -0.035946 -0.020230 -0.097110
v -0.034574 -0.020486 -0.096447
v -0.033085 -0.020074 -0.096455
v -0.032047 -0.019151 -0.097132
v -0.031858 -0.018069 -0.098218
v -0.032588 -0.017241 -0.099299
v -0.033960 -0.016984 -0.099962
v -0.035449 -0.017396 -0.099954
v -0.036487 -0.018320 -0.099277
v -0.039642 -0.005681 -0.089141
v -0.038986 -0.006178 -0.087834
v -0.037647 -0.006288 -0.087070
v -0.036137 -0.005969 -0.087143
v -0.035032 -0.005344 -0.088023
v -0.034755 -0.004650 -0.089376
v -0.035411 -0.004153 -0.090683
v -0.036750 -0.004043 -0.091447
v -0.038260 -0.004361 -0.091374
v -0.039365 -0.004987 -0.090494
v -0.041536 0.005880 -0.085519
v -0.040938 0.005744 -0.084100
v -0.039626 0.005798 -0.083287
v -0.038100 0.006020 -0.083389
v -0.036944 0.006325 -0.084368
v -0.036599 0.006598 -0.085849
v -0.037197 0.006734 -0.087267
v -0.038510 0.006680 -0.088081
v -0.040035 0.006458 -0.087979
v -0.041191 0.006153 -0.087000
v -0.042643 0.016112 -0.085509
v -0.042067 0.016166 -0.084077
v -0.040762 0.016287 -0.083258
v -0.039227 0.016430 -0.083366
v -0.038049 0.016539 -0.084359
v -0.037677 0.016574 -0.085859
v -0.038253 0.016520 -0.087291
v -0.039558 0.016399 -0.088110
v -0.041093 0.016256 -0.088002
v -0.042271 0.016147 -0.087008
v -0.043469 0.026998 -0.085509
v -0.042891 0.026965 -0.084077
v -0.041583 0.026891 -0.083258
v -0.040044 0.026804 -0.083366
v -0.038862 0.026736 -0.084359
v -0.038489 0.026715 -0.085859
v -0.039067 0.026748 -0.087291
v -0.040376 0.026822 -0.088110
v -0.041915 0.026910 -0.088002
v -0.043096 0.026977 -0.087008
v -0.041789 0.035796 -0.085509
v -0.041221 0.035686 -0.084077
v -0.039934 0.035437 -0.083258
v -0.038421 0.035144 -0.083366
v -0.037259 0.034919 -0.084359
v -0.036892 0.034848 -0.085859
v -0.037461 0.034958 -0.087291
v -0.038747 0.035207 -0.088110
v -0.040261 0.035500 -0.088002
v -0.041422 0.035725 -0.087008
v -0.009504 0.282468 -0.133320
v 0.013776 0.282809 -0.133320
v 0.013776 0.268255 -0.133320
v -0.008602 0.268031 -0.133320
v -0.006308 0.280533 -0.148885
v 0.010580 0.280780 -0.148885
v 0.010580 0.270222 -0.148885
v -0.005653 0.270060 -0.148885
v -0.025328 0.230182 -0.061245
v -0.025328 0.230182 -0.109215
v -0.016582 0.029521 -0.063640
v -0.016582 0.029521 -0.106803
v -0.021300 0.194752 -0.061245
v -0.021300 0.194752 -0.109215
v -0.010480 0.062362 -0.057624
v -0.011199 0.062780 -0.112837
v -0.051666 0.220452 -0.069841
v -0.051666 0.220452 -0.100477
v -0.059655 0.075575 -0.069664
v -0.042246 0.044403 -0.078861
v -0.060093 0.075958 -0.100300
v -0.042246 0.044403 -0.091182
v -0.062999 0.185998 -0.069841
v -0.062999 0.185998 -0.100477
v -0.037411 0.069369 -0.105423
v -0.036832 0.068968 -0.064760
v -0.030432 0.037488 -0.077532
v -0.030432 0.037488 -0.092569
v -0.038497 0.226344 -0.104721
v -0.038497 0.226344 -0.065646
v -0.043914 0.190800 -0.105541
v -0.043914 0.190800 -0.064878
v -0.023656 0.065665 -0.057544
v -0.023959 0.031278 -0.106741
v -0.024305 0.066075 -0.112757
v -0.023959 0.031278 -0.063578
v -0.031912 0.229851 -0.061245
v -0.031912 0.229851 -0.109215
v -0.032607 0.195110 -0.109215
v -0.032607 0.195110 -0.061245
v -0.046091 0.046585 -0.069664
v -0.046091 0.046585 -0.100300
v -0.026794 0.035306 -0.065533
v -0.026794 0.035306 -0.104608
v -0.043925 0.036769 -0.080625
v -0.043925 0.036778 -0.089429
v -0.035449 0.031855 -0.090440
v -0.035444 0.031858 -0.079647
v 0.029144 0.009303 -0.137610
v 0.029144 0.309753 -0.137610
v 0.029144 0.009303 0.131217
v 0.029144 0.309753 0.131217
v -0.014426 0.016039 -0.126647
v -0.022853 0.302104 -0.126647
v -0.005114 0.016039 0.120254
v -0.022853 0.302104 0.120254
v 0.022760 0.009303 0.131217
v 0.019947 0.309826 0.128404
v 0.022760 0.009303 -0.137610
v 0.019947 0.309826 -0.134797
v 0.029144 0.000915 0.139605
v 0.029144 0.000915 -0.145998
v 0.029144 0.332295 -0.145998
v 0.029144 0.332295 0.139605
v 0.022760 0.000915 0.139605
v 0.022760 0.332295 -0.145998
v 0.022760 0.332295 0.139605
v 0.022760 0.000915 -0.145998
v 0.029144 0.009303 -0.053039
v 0.029144 0.309753 -0.053039
v -0.015669 0.016039 -0.048974
v -0.022853 0.302104 -0.048974
v 0.022760 0.309753 -0.053039
v 0.022760 0.009303 -0.053039
v 0.029144 0.000915 -0.056150
v 0.029144 0.332295 -0.056150
v 0.022760 0.332295 -0.056150
v 0.022760 0.000915 -0.056150
v 0.029144 0.244829 -0.137610
v 0.029144 0.244829 0.131217
v -0.032035 0.239173 0.120254
v -0.032035 0.239173 -0.126647
v 0.022760 0.244829 -0.137610
v 0.022760 0.244829 0.131217
v 0.029144 0.249165 -0.145998
v 0.029144 0.249165 0.139605
v 0.022760 0.249165 -0.145998
v 0.022760 0.249165 0.139605
v -0.025552 0.234270 -0.054556
v 0.029144 0.244829 -0.053039
v 0.029144 0.295631 -0.137610
v 0.029144 0.303138 -0.145998
v 0.029144 0.295631 0.131217
v -0.037298 0.287048 0.120254
v -0.037298 0.287048 -0.126647
v 0.022760 0.295631 -0.137610
v 0.022760 0.295631 0.131217
v 0.029144 0.303138 0.139605
v 0.022760 0.303138 -0.145998
v 0.022760 0.303138 0.139605
v -0.037298 0.287048 -0.048974
v 0.029144 0.295631 -0.053039
v 0.029144 0.285850 0.131217
v -0.036285 0.277830 0.120254
v -0.036285 0.277830 -0.126647
v 0.016285 0.285355 -0.137610
v 0.022760 0.285850 0.131217
v 0.029144 0.292746 0.139605
v 0.022760 0.292746 -0.145998
v 0.022760 0.292746 0.139605
v -0.031988 0.278302 -0.048974
v 0.029144 0.285850 -0.053039
v 0.029144 0.285850 -0.137610
v 0.029144 0.292746 -0.145998
v 0.029144 0.265246 0.131217
v -0.034150 0.258414 0.120254
v -0.034150 0.258414 -0.126647
v 0.016285 0.265771 -0.137610
v 0.022760 0.265246 0.131217
v 0.029144 0.270857 0.139605
v 0.022760 0.270857 -0.145998
v 0.022760 0.270857 0.139605
v -0.029853 0.258886 -0.048974
v 0.029144 0.265246 -0.053039
v 0.029144 0.265246 -0.137610
v 0.029144 0.270857 -0.145998
v 0.029144 0.255037 0.131217
v -0.033092 0.248794 0.120254
v -0.033092 0.248794 -0.126647
v 0.022760 0.255037 -0.137610
v 0.022760 0.255037 0.131217
v 0.029144 0.260011 0.139605
v 0.022760 0.260011 -0.145998
v 0.022760 0.260011 0.139605
v -0.033092 0.248794 -0.048974
v 0.029144 0.255037 -0.053039
v 0.029144 0.255037 -0.137610
v 0.029144 0.260011 -0.145998
v 0.029144 0.309753 -0.042225
v -0.005114 0.016039 -0.039042
v 0.029144 0.332295 -0.044661
v 0.029144 0.009303 -0.042225
v -0.022853 0.302104 -0.039042
v 0.022760 0.309753 -0.042225
v 0.022760 0.009303 -0.042225
v 0.029144 0.000915 -0.044661
v 0.022760 0.332295 -0.044661
v 0.022760 0.000915 -0.044661
v -0.032913 0.233870 -0.033666
v 0.029144 0.244829 -0.042225
v -0.037298 0.287048 -0.039042
v 0.029144 0.295631 -0.042225
v 0.029144 0.285850 -0.042225
v -0.036285 0.277830 -0.039042
v -0.034150 0.258414 -0.039042
v 0.029144 0.265246 -0.042225
v 0.029144 0.255037 -0.042225
v -0.033092 0.248794 -0.039042
v 0.029144 0.009303 -0.047632
v -0.022853 0.302104 -0.044008
v 0.022760 0.309753 -0.047632
v 0.022760 0.009303 -0.047632
v 0.029144 0.000915 -0.050405
v 0.022760 0.332295 -0.050405
v 0.022760 0.000915 -0.050405
v -0.032035 0.239173 -0.044008
v -0.037298 0.287048 -0.044008
v -0.036285 0.277830 -0.044008
v -0.034150 0.258414 -0.044008
v -0.033092 0.248794 -0.044008
v 0.029144 0.309753 -0.047632
v -0.014258 0.016039 -0.044008
v 0.029144 0.332295 -0.050405
v 0.029144 0.244829 -0.047632
v 0.029144 0.295631 -0.047632
v 0.029144 0.285850 -0.047632
v 0.029144 0.265246 -0.047632
v 0.029144 0.255037 -0.047632
v 0.029144 0.009303 -0.131991
v -0.022853 0.302104 -0.121487
v 0.019947 0.309826 -0.120245
v 0.022760 0.009303 -0.131991
v 0.029144 0.000915 -0.140029
v 0.022760 0.332295 -0.140029
v 0.022760 0.000915 -0.140029
v 0.029144 0.309753 -0.131991
v -0.015669 0.016039 -0.121487
v 0.029144 0.332295 -0.140029
v 0.029144 0.244829 -0.131991
v -0.025552 0.234270 -0.115904
v 0.029144 0.295631 -0.131991
v -0.037298 0.287048 -0.121487
v -0.031988 0.278302 -0.121487
v 0.029144 0.285850 -0.131991
v 0.029144 0.265246 -0.131991
v -0.029853 0.258886 -0.121487
v -0.033092 0.248794 -0.121487
v 0.029144 0.255037 -0.131991
v 0.029144 0.015751 0.131217
v -0.011577 0.021479 0.120254
v -0.020889 0.021479 -0.126647
v 0.022760 0.015751 -0.137610
v 0.022760 0.015751 0.131217
v 0.029144 0.007766 0.139605
v 0.022760 0.007766 -0.145998
v 0.022760 0.007766 0.139605
v -0.016921 0.027673 -0.054556
v 0.029144 0.015751 -0.053039
v 0.029144 0.015751 -0.137610
v 0.029144 0.007766 -0.145998
v 0.029144 0.015751 -0.042225
v -0.019163 0.021479 -0.039042
v 0.029144 0.015751 -0.047632
v -0.020720 0.021479 -0.044008
v -0.016921 0.027673 -0.115904
v 0.029144 0.015751 -0.131991
v 0.029144 0.309753 0.124138
v -0.005114 0.016039 0.113752
v 0.029144 0.332295 0.132084
v 0.029144 0.244829 0.124138
v 0.029144 0.295631 0.124138
v 0.029144 0.285850 0.124138
v 0.029144 0.265246 0.124138
v 0.029144 0.255037 0.124138
v 0.029144 0.009303 0.124138
v -0.022853 0.302104 0.113752
v 0.019947 0.309826 0.112391
v 0.022760 0.009303 0.124138
v 0.029144 0.000915 0.132084
v 0.022760 0.332295 0.132084
v 0.022760 0.000915 0.132084
v -0.032913 0.233870 0.108377
v -0.037298 0.287048 0.113752
v -0.036285 0.277830 0.113752
v -0.034150 0.258414 0.113752
v -0.033092 0.248794 0.113752
v -0.019163 0.021479 0.113752
v 0.029144 0.015751 0.124138
v -0.006709 0.310524 0.128404
v 0.012133 0.010908 -0.137610
v 0.012133 0.010908 0.131217
v -0.006709 0.310524 -0.134797
v -0.009521 0.310597 -0.053039
v 0.012133 0.010908 -0.053039
v -0.014578 0.244726 -0.137610
v -0.014578 0.244726 0.131217
v -0.020130 0.295224 -0.137610
v -0.020130 0.295224 0.131217
v -0.019061 0.285501 0.131217
v -0.012172 0.284938 -0.137610
v -0.010957 0.265498 -0.137610
v -0.016810 0.265021 0.131217
v -0.015694 0.254873 0.131217
v -0.015694 0.254873 -0.137610
v 0.012133 0.010908 -0.042225
v -0.009521 0.310597 -0.042225
v 0.012133 0.010908 -0.047632
v -0.009521 0.310597 -0.047632
v -0.006709 0.310524 -0.120245
v 0.012133 0.010908 -0.131991
v 0.007001 0.016831 0.131217
v 0.007001 0.016831 -0.137610
v -0.006709 0.310524 0.112391
v 0.012133 0.010908 0.124138
v -0.032035 0.239173 -0.048974
v -0.032035 0.239173 -0.121487
v -0.022131 0.021479 -0.048974
v -0.022131 0.021479 -0.121487
v 0.029144 0.198897 -0.137610
v 0.029144 0.200367 -0.145998
v 0.029144 0.198897 0.131217
v -0.027276 0.195890 0.120254
v -0.027276 0.195890 -0.126647
v 0.022760 0.198897 -0.137610
v 0.022760 0.198897 0.131217
v 0.029144 0.200367 0.139605
v 0.022760 0.200367 -0.145998
v 0.022760 0.200367 0.139605
v -0.027276 0.195890 -0.048974
v 0.029144 0.198897 -0.053039
v 0.029144 0.198897 -0.042225
v -0.038324 0.201193 -0.033666
v 0.029144 0.198897 -0.047632
v -0.027276 0.195890 -0.044008
v -0.027276 0.195890 -0.121487
v 0.029144 0.198897 -0.131991
v -0.038324 0.201193 0.108377
v 0.029144 0.198897 0.124138
v -0.009558 0.199069 0.131217
v -0.009558 0.199069 -0.137610
v -0.020150 0.188279 -0.059926
v -0.020150 0.188279 -0.110535
v 0.029144 0.166213 0.131217
v -0.022222 0.166018 0.120254
v -0.022222 0.166018 -0.126647
v 0.022760 0.166213 -0.137610
v 0.022760 0.166213 0.131217
v 0.029144 0.164639 0.139605
v 0.022760 0.164639 -0.145998
v 0.022760 0.164639 0.139605
v -0.022222 0.166018 -0.048974
v 0.029144 0.166213 -0.053039
v 0.029144 0.166213 -0.042225
v -0.021731 0.158639 -0.031647
v 0.029144 0.166213 -0.047632
v -0.022222 0.166018 -0.044008
v -0.022222 0.166018 -0.121487
v 0.029144 0.166213 -0.131991
v -0.021726 0.158556 0.106274
v 0.029144 0.166213 0.124138
v -0.004227 0.166678 0.131217
v -0.004227 0.166678 -0.137610
v -0.017250 0.171727 -0.059926
v -0.017250 0.171727 -0.110535
v 0.029144 0.166213 -0.137610
v 0.029144 0.164639 -0.145998
v 0.029144 0.063622 0.131217
v -0.016496 0.064046 0.120254
v -0.016496 0.064059 -0.126647
v 0.022760 0.063635 -0.137610
v 0.022760 0.063622 0.131217
v 0.029144 0.062701 0.139605
v 0.022760 0.062714 -0.145998
v 0.022760 0.062701 0.139605
v -0.015647 0.064521 -0.048974
v 0.029144 0.063622 -0.053039
v 0.029144 0.063622 -0.042225
v -0.016137 0.071590 -0.031647
v 0.029144 0.063622 -0.047632
v -0.015647 0.064521 -0.044008
v -0.016496 0.064059 -0.121487
v 0.029144 0.063622 -0.131991
v -0.016143 0.073214 0.106274
v 0.029144 0.063622 0.124138
v 0.001812 0.063791 0.131217
v 0.001812 0.063804 -0.137610
v -0.010509 0.069837 -0.060242
v -0.010509 0.069837 -0.110219
v 0.029144 0.063622 -0.137610
v 0.029144 0.062701 -0.145998
v 0.029144 0.009303 0.040956
v -0.022853 0.302104 0.037355
v 0.022760 0.309753 0.040956
v 0.022760 0.009303 0.040956
v 0.029144 0.000915 0.043712
v 0.022760 0.332295 0.043712
v 0.022760 0.000915 0.043712
v -0.032913 0.233870 0.037355
v -0.037298 0.287048 0.037355
v -0.036285 0.277830 0.037355
v -0.034150 0.258414 0.037355
v -0.033092 0.248794 0.037355
v -0.019163 0.021479 0.037355
v 0.029144 0.309753 0.040956
v -0.005114 0.016039 0.037355
v 0.029144 0.332295 0.043712
v 0.029144 0.244829 0.040956
v 0.029144 0.295631 0.040956
v 0.029144 0.285850 0.040956
v 0.029144 0.265246 0.040956
v 0.029144 0.255037 0.040956
v 0.029144 0.015751 0.040956
v -0.009521 0.310597 0.040956
v 0.012133 0.010908 0.040956
v 0.029144 0.198897 0.040956
v -0.038324 0.201193 0.037355
v -0.021731 0.158639 0.029960
v 0.029144 0.166213 0.040956
v 0.029144 0.063622 0.040956
v -0.016137 0.071590 0.029960
v 0.029144 0.309753 0.047738
v -0.005114 0.016039 0.043583
v 0.029144 0.332295 0.050916
v 0.029144 0.244829 0.047738
v 0.029144 0.295631 0.047738
v 0.029144 0.285850 0.047738
v 0.029144 0.265246 0.047738
v 0.029144 0.255037 0.047738
v 0.029144 0.015751 0.047738
v 0.029144 0.198897 0.047738
v 0.029144 0.166213 0.047738
v 0.029144 0.063622 0.047738
v 0.029144 0.009303 0.047738
v -0.022853 0.302104 0.043583
v 0.022760 0.309753 0.047738
v 0.022760 0.009303 0.047738
v 0.029144 0.000915 0.050916
v 0.022760 0.332295 0.050916
v 0.022760 0.000915 0.050916
v -0.032913 0.233870 0.043583
v -0.037298 0.287048 0.043583
v -0.036285 0.277830 0.043583
v -0.034150 0.258414 0.043583
v -0.033092 0.248794 0.043583
v -0.019163 0.021479 0.043583
v -0.009521 0.310597 0.047738
v 0.012133 0.010908 0.047738
v -0.038324 0.201193 0.043583
v -0.021726 0.158556 0.051062
v -0.016143 0.073214 0.051062
v -0.045472 0.276819 0.113752
v -0.043337 0.257404 0.113752
v -0.045472 0.276819 0.043583
v -0.043337 0.257404 0.043583
v -0.032035 0.239173 0.037355
v -0.032035 0.239173 -0.039042
v -0.039203 0.195890 -0.039042
v -0.032035 0.239173 0.113752
v -0.039203 0.195890 0.113752
v -0.035286 0.188999 0.037355
v -0.032035 0.239173 0.043583
v -0.035286 0.188999 0.043583
v -0.023548 0.232319 0.037355
v -0.028960 0.199642 0.037355
v -0.023548 0.232319 0.043583
v -0.028960 0.199642 0.043583
v -0.023548 0.232319 -0.033666
v -0.028960 0.199642 -0.033666
v -0.023548 0.232319 0.108377
v -0.028960 0.199642 0.108377
v -0.026138 0.172908 0.037355
v -0.022222 0.166018 -0.039042
v -0.015647 0.064934 -0.039042
v -0.015647 0.064934 0.037355
v -0.032957 0.157893 0.029960
v -0.032957 0.157893 -0.031647
v -0.027363 0.070844 -0.031647
v -0.027363 0.070844 0.029960
v 0.029144 0.009303 -0.000634
v -0.022853 0.302104 -0.000843
v 0.022760 0.309753 -0.000634
v 0.022760 0.009303 -0.000634
v 0.029144 0.000915 -0.000474
v 0.022760 0.332295 -0.000474
v 0.022760 0.000915 -0.000474
v -0.032035 0.239173 -0.000843
v -0.037298 0.287048 -0.000843
v -0.036285 0.277830 -0.000843
v -0.034150 0.258414 -0.000843
v -0.033092 0.248794 -0.000843
v -0.019163 0.021479 -0.000843
v -0.009521 0.310597 -0.000634
v 0.012133 0.010908 -0.000634
v -0.035286 0.188999 0.007082
v -0.026138 0.172908 0.007082
v -0.015647 0.064934 -0.000843
v 0.029144 0.309753 -0.000634
v -0.005114 0.016039 -0.000843
v 0.029144 0.332295 -0.000474
v 0.029144 0.244829 -0.000634
v 0.029144 0.295631 -0.000634
v 0.029144 0.285850 -0.000634
v 0.029144 0.265246 -0.000634
v 0.029144 0.255037 -0.000634
v 0.029144 0.015751 -0.000634
v 0.029144 0.198897 -0.000634
v 0.029144 0.166213 -0.000634
v 0.029144 0.063622 -0.000634
v -0.032913 0.233870 0.001844
v -0.038324 0.201193 0.001844
v -0.023548 0.232319 0.001844
v -0.028960 0.199642 0.001844
v -0.021731 0.158639 -0.000843
v -0.016137 0.071590 -0.000843
v -0.032957 0.157893 -0.000843
v -0.027363 0.070844 -0.000843
v -0.034615 0.262641 -0.003355
v -0.035820 0.273602 -0.003355
v -0.035820 0.273602 -0.020889
v -0.034615 0.262641 -0.020889
v -0.034615 0.262641 0.019202
v -0.035820 0.273602 0.019202
v -0.035820 0.273602 0.001668
v -0.034615 0.262641 0.001668
v -0.044569 0.272640 -0.003355
v -0.043364 0.261680 -0.003355
v -0.043364 0.261680 -0.020889
v -0.044569 0.272640 -0.020889
v -0.044569 0.272640 0.019202
v -0.043364 0.261680 0.019202
v -0.043364 0.261680 0.001668
v -0.044569 0.272640 0.001668
v -0.019061 0.290167 -0.137610
v 0.022760 0.290678 -0.137610
v 0.022760 0.260522 -0.137610
v -0.016810 0.260193 -0.137610
v -0.009504 0.282468 -0.133320
v 0.013776 0.282809 -0.133320
v 0.013776 0.268255 -0.133320
v -0.008602 0.268031 -0.133320
v -0.026930 0.308503 -0.044008
v -0.026930 0.308503 -0.048974
v -0.013597 0.316996 -0.053039
v -0.026930 0.308503 -0.000843
v -0.026930 0.308503 -0.039042
v -0.013597 0.316996 -0.042225
v -0.013597 0.316996 -0.047632
v -0.013597 0.316996 -0.000634
v -0.026930 0.308503 0.043583
v -0.026930 0.308503 0.037355
v -0.013597 0.316996 0.047738
v -0.013597 0.316996 0.040956
v -0.022222 0.166018 0.113752
v -0.016496 0.064059 0.113752
v -0.026138 0.172908 0.043583
v -0.015647 0.065029 0.043583
v 0.029144 0.114919 -0.137610
v 0.029144 0.111365 -0.145998
v 0.029144 0.114919 0.131217
v -0.018934 0.116553 0.120254
v -0.018934 0.116553 -0.126647
v 0.022760 0.114919 -0.137610
v 0.022760 0.114919 0.131217
v 0.029144 0.111365 0.139605
v 0.022760 0.111365 -0.145998
v 0.022760 0.111365 0.139605
v -0.018934 0.116553 -0.048974
v 0.029144 0.114919 -0.053039
v 0.029144 0.114919 -0.042225
v -0.018934 0.116553 -0.039042
v 0.029144 0.114919 -0.047632
v -0.018934 0.116553 -0.044008
v -0.018934 0.116553 -0.121487
v 0.029144 0.114919 -0.131991
v -0.018934 0.116553 0.113752
v 0.029144 0.114919 0.124138
v -0.000759 0.115574 0.131217
v -0.000759 0.115574 -0.137610
v -0.012864 0.081309 -0.060242
v -0.012864 0.081309 -0.110219
v 0.029144 0.114919 0.040956
v -0.018934 0.116553 0.037355
v -0.018934 0.116553 0.043583
v 0.029144 0.114919 0.047738
v -0.018934 0.116553 -0.031647
v -0.018934 0.116553 0.029960
v -0.030160 0.115807 -0.031647
v -0.030160 0.115807 0.029960
v -0.030160 0.115807 -0.000843
v 0.029144 0.114919 -0.000634
v -0.018934 0.116553 0.106274
v -0.018934 0.116553 0.051062
v 0.029144 0.309753 0.085938
v -0.005114 0.016039 0.078668
v 0.029144 0.332295 0.091500
v 0.029144 0.244829 0.085938
v 0.029144 0.295631 0.085938
v 0.029144 0.285850 0.085938
v 0.029144 0.265246 0.085938
v 0.029144 0.255037 0.085938
v 0.029144 0.015751 0.085938
v 0.029144 0.198897 0.085938
v 0.029144 0.166213 0.085938
v 0.029144 0.063622 0.085938
v 0.029144 0.009303 0.085938
v -0.022853 0.302104 0.078668
v 0.022760 0.309753 0.085938
v 0.022760 0.009303 0.085938
v 0.029144 0.000915 0.091500
v 0.022760 0.332295 0.091500
v 0.022760 0.000915 0.091500
v -0.032035 0.239173 0.078668
v -0.037298 0.287048 0.078668
v -0.036285 0.277830 0.078668
v -0.034150 0.258414 0.078668
v -0.033092 0.248794 0.078668
v -0.019163 0.021479 0.078668
v -0.009521 0.310597 0.085938
v 0.012133 0.010908 0.085938
v -0.035286 0.188999 0.070742
v -0.026138 0.172908 0.070742
v -0.015647 0.065029 0.078668
v -0.045472 0.276819 0.078668
v -0.043337 0.257404 0.078668
v -0.032913 0.233870 0.075980
v -0.038324 0.201193 0.075980
v -0.023548 0.232319 0.075980
v -0.028960 0.199642 0.075980
v -0.021726 0.158556 0.078668
v -0.016143 0.073214 0.078668
v -0.018934 0.116553 0.078668
v 0.029144 0.114919 0.085938
v -0.021475 0.120786 0.071574
v -0.023326 0.137440 0.071574
v -0.023326 0.137440 0.058156
v -0.021475 0.120786 0.058156
v -0.018684 0.095667 0.071574
v -0.020534 0.112320 0.071574
v -0.020534 0.112320 0.058156
v -0.018684 0.095667 0.058156
v -0.018684 0.095667 0.099180
v -0.020534 0.112320 0.099180
v -0.020534 0.112320 0.085762
v -0.018684 0.095667 0.085762
v -0.021475 0.120786 0.099180
v -0.023326 0.137440 0.099180
v -0.023326 0.137440 0.085762
v -0.021475 0.120786 0.085762
v -0.029743 0.136727 0.071574
v -0.027892 0.120073 0.071574
v -0.027892 0.120073 0.058156
v -0.029743 0.136727 0.058156
v -0.026951 0.111607 0.071574
v -0.025101 0.094954 0.071574
v -0.025101 0.094954 0.058156
v -0.026951 0.111607 0.058156
v -0.026951 0.111607 0.099180
v -0.025101 0.094954 0.099180
v -0.025101 0.094954 0.085762
v -0.026951 0.111607 0.085762
v -0.029743 0.136727 0.099180
v -0.027892 0.120073 0.099180
v -0.027892 0.120073 0.085762
v -0.029743 0.136727 0.085762
v -0.021077 0.193568 -0.054556
v -0.021077 0.193568 -0.115904
v -0.016324 0.166438 -0.054556
v -0.016324 0.166438 -0.115904
v -0.039827 0.187545 -0.062476
v -0.039827 0.187545 -0.107985
v -0.036927 0.180717 -0.062476
v -0.036927 0.180717 -0.107985
v -0.013232 0.118757 -0.054556
v -0.010141 0.064163 -0.054556
v -0.013232 0.118757 -0.115904
v -0.010940 0.064628 -0.115904
v -0.026577 0.076107 -0.063524
v -0.024221 0.069408 -0.063524
v -0.026577 0.076107 -0.106936
v -0.024221 0.069408 -0.106936
v -0.039203 0.195890 0.043583
v -0.039203 0.195890 0.037355
v -0.022222 0.166018 0.043583
v -0.022222 0.166018 0.037355
v -0.039203 0.195890 0.078668
v -0.022222 0.166018 0.078668
v -0.039203 0.195890 -0.000843
v -0.022222 0.166018 -0.000843
v -0.028682 0.192753 0.037355
v -0.019535 0.176662 0.037355
v -0.028682 0.192753 0.043583
v -0.019535 0.176662 0.043583
v -0.028682 0.192753 0.070742
v -0.019535 0.176662 0.070742
v -0.028682 0.192753 0.007082
v -0.019535 0.176662 0.007082
v -0.009521 0.310597 -0.137610
v 0.022760 0.309753 -0.137610
v 0.022760 0.309753 -0.117431
v 0.022760 0.309753 0.131217
v 0.022760 0.309753 0.109578
v -0.009521 0.310597 0.131217
v -0.009521 0.310597 -0.117431
v -0.009521 0.310597 0.109578
v -0.003815 0.319176 -0.133341
v 0.017510 0.318618 -0.133341
v 0.017510 0.318618 -0.121700
v 0.017510 0.318618 0.126802
v 0.017510 0.318618 0.113992
v -0.003815 0.319176 0.126802
v -0.003815 0.319176 -0.121700
v -0.003815 0.319176 0.113992
v -0.012172 0.284938 -0.133320
v 0.016285 0.285355 -0.133320
v 0.016285 0.265771 -0.133320
v -0.010957 0.265498 -0.133320
vn -0.9487 0.3147 -0.0308
vn -0.5806 0.8102 -0.0808
vn -0.0018 0.9950 -0.0996
vn 0.5796 0.8110 -0.0800
vn 0.9497 0.3119 -0.0299
vn 0.9486 -0.3151 0.0292
vn 0.5801 -0.8112 0.0733
vn 0.0020 -0.9960 0.0895
vn -0.5791 -0.8118 0.0742
vn -0.9496 -0.3120 0.0294
vn -0.9420 0.2314 -0.2432
vn -0.5642 0.6302 -0.5334
vn 0.0114 0.7852 -0.6191
vn 0.5851 0.6538 -0.4798
vn 0.9515 0.2676 -0.1514
vn 0.9419 -0.2306 0.2443
vn 0.5639 -0.6271 0.5374
vn -0.0117 -0.7816 0.6237
vn -0.5851 -0.6521 0.4820
vn -0.9515 -0.2677 0.1514
vn -0.9383 0.1208 -0.3241
vn -0.5552 0.3582 -0.7506
vn 0.0320 0.4576 -0.8886
vn 0.6074 0.3851 -0.6948
vn 0.9584 0.1647 -0.2330
vn 0.9382 -0.1202 0.3244
vn 0.5549 -0.3545 0.7526
vn -0.0323 -0.4519 0.8915
vn -0.6075 -0.3815 0.6967
vn -0.9585 -0.1642 0.2333
vn -0.9367 0.0552 -0.3457
vn -0.5521 0.1845 -0.8131
vn 0.0406 0.2430 -0.9692
vn 0.6180 0.2093 -0.7578
vn 0.9619 0.0955 -0.2561
vn 0.9367 -0.0551 0.3457
vn 0.5521 -0.1837 0.8133
vn -0.0407 -0.2418 0.9695
vn -0.6180 -0.2085 0.7581
vn -0.9619 -0.0953 0.2561
vn -0.9355 0.0044 -0.3534
vn -0.5489 0.0487 -0.8345
vn 0.0453 0.0743 -0.9962
vn 0.6224 0.0716 -0.7794
vn 0.9635 0.0416 -0.2643
vn 0.9355 -0.0044 0.3534
vn 0.5489 -0.0487 0.8345
vn -0.0454 -0.0743 0.9962
vn -0.6223 -0.0716 0.7795
vn -0.9635 -0.0416 0.2643
vn -0.9347 -0.0467 -0.3523
vn -0.5472 -0.0878 -0.8324
vn 0.0484 -0.0954 -0.9943
vn 0.6254 -0.0668 -0.7774
vn 0.9646 -0.0127 -0.2634
vn 0.9347 0.0468 0.3522
vn 0.5471 0.0887 0.8323
vn -0.0484 0.0967 0.9941
vn -0.6253 0.0676 0.7774
vn -0.9646 0.0128 0.2633
vn -0.9349 -0.0548 -0.3507
vn -0.5477 -0.1322 -0.8262
vn 0.0487 -0.1592 -0.9860
vn 0.6262 -0.1253 -0.7695
vn 0.9649 -0.0436 -0.2591
vn 0.9349 0.0548 0.3506
vn 0.5476 0.1323 0.8262
vn -0.0487 0.1592 0.9860
vn -0.6262 0.1253 0.7696
vn -0.9649 0.0436 0.2590
vn -0.9349 -0.0629 -0.3492
vn -0.5479 -0.1759 -0.8178
vn 0.0481 -0.2217 -0.9739
vn 0.6255 -0.1829 -0.7584
vn 0.9646 -0.0742 -0.2532
vn 0.9349 0.0629 0.3492
vn 0.5479 0.1758 0.8178
vn -0.0481 0.2216 0.9739
vn -0.6256 0.1828 0.7584
vn -0.9646 0.0742 0.2532
vn -0.9354 -0.0811 -0.3443
vn -0.5493 -0.2404 -0.8003
vn 0.0459 -0.3079 -0.9503
vn 0.6236 -0.2579 -0.7380
vn 0.9637 -0.1094 -0.2436
vn 0.9354 0.0810 0.3443
vn 0.5494 0.2404 0.8002
vn -0.0459 0.3078 0.9503
vn -0.6237 0.2579 0.7379
vn -0.9637 0.1094 0.2436
vn -0.9359 -0.0990 -0.3381
vn -0.5514 -0.3036 -0.7770
vn 0.0420 -0.3920 -0.9190
vn 0.6198 -0.3312 -0.7114
vn 0.9622 -0.1437 -0.2313
vn 0.9359 0.0988 0.3382
vn 0.5514 0.3028 0.7773
vn -0.0421 0.3911 0.9194
vn -0.6199 0.3307 0.7116
vn -0.9622 0.1437 0.2313
vn -0.9315 -0.0211 -0.3632
vn -0.5424 -0.1422 -0.8280
vn 0.0514 -0.2089 -0.9766
vn 0.6261 -0.1964 -0.7546
vn 0.9640 -0.1086 -0.2428
vn 0.9315 0.0211 0.3632
vn 0.5424 0.1422 0.8280
vn -0.0513 0.2089 0.9766
vn -0.6262 0.1964 0.7545
vn -0.9640 0.1086 0.2428
vn -0.9264 0.0602 -0.3716
vn -0.5321 0.0257 -0.8463
vn 0.0641 -0.0185 -0.9978
vn 0.6362 -0.0559 -0.7695
vn 0.9665 -0.0719 -0.2464
vn 0.9264 -0.0601 0.3716
vn 0.5321 -0.0252 0.8463
vn -0.0640 0.0192 0.9978
vn -0.6361 0.0563 0.7695
vn -0.9665 0.0719 0.2464
vn -0.9238 0.0972 -0.3703
vn -0.5278 0.0898 -0.8446
vn 0.0695 0.0480 -0.9964
vn 0.6404 -0.0121 -0.7679
vn 0.9670 -0.0676 -0.2458
vn 0.9238 -0.0972 0.3703
vn 0.5278 -0.0898 0.8446
vn -0.0695 -0.0480 0.9964
vn -0.6404 0.0120 0.7680
vn -0.9670 0.0676 0.2458
vn -0.9205 0.1341 -0.3670
vn -0.5221 0.1537 -0.8389
vn 0.0755 0.1146 -0.9905
vn 0.6443 0.0318 -0.7641
vn 0.9673 -0.0632 -0.2455
vn 0.9205 -0.1341 0.3670
vn 0.5220 -0.1537 0.8390
vn -0.0756 -0.1147 0.9905
vn -0.6443 -0.0319 0.7641
vn -0.9673 0.0632 0.2455
vn -0.9171 0.1686 -0.3613
vn -0.5150 0.2234 -0.8276
vn 0.0832 0.1928 -0.9777
vn 0.6499 0.0887 -0.7548
vn 0.9687 -0.0494 -0.2433
vn 0.9171 -0.1686 0.3613
vn 0.5150 -0.2234 0.8276
vn -0.0832 -0.1928 0.9777
vn -0.6499 -0.0887 0.7548
vn -0.9687 0.0494 0.2433
vn -0.9135 0.2026 -0.3529
vn -0.5076 0.2919 -0.8106
vn 0.0915 0.2696 -0.9586
vn 0.6559 0.1446 -0.7409
vn 0.9701 -0.0358 -0.2400
vn 0.9135 -0.2026 0.3529
vn 0.5077 -0.2918 0.8106
vn -0.0915 -0.2697 0.9586
vn -0.6559 -0.1446 0.7408
vn -0.9701 0.0358 0.2400
vn -0.9155 0.1845 -0.3574
vn -0.5146 0.2305 -0.8259
vn 0.0824 0.1885 -0.9786
vn 0.6479 0.0745 -0.7581
vn 0.9664 -0.0680 -0.2479
vn 0.9155 -0.1845 0.3574
vn 0.5147 -0.2305 0.8258
vn -0.0824 -0.1885 0.9786
vn -0.6479 -0.0745 0.7581
vn -0.9664 0.0680 0.2479
vn -0.9178 0.1662 -0.3606
vn -0.5219 0.1679 -0.8363
vn 0.0719 0.1055 -0.9918
vn 0.6381 0.0032 -0.7700
vn 0.9620 -0.1006 -0.2538
vn 0.9178 -0.1663 0.3606
vn 0.5218 -0.1685 0.8363
vn -0.0719 -0.1065 0.9917
vn -0.6382 -0.0039 0.7699
vn -0.9620 0.1004 0.2538
vn -0.9236 0.1269 -0.3618
vn -0.5427 0.0259 -0.8395
vn 0.0433 -0.0846 -0.9955
vn 0.6122 -0.1628 -0.7737
vn 0.9499 -0.1792 -0.2561
vn 0.9236 -0.1269 0.3617
vn 0.5426 -0.0258 0.8396
vn -0.0433 0.0845 0.9955
vn -0.6122 0.1628 0.7737
vn -0.9499 0.1792 0.2561
vn -0.9307 0.0882 -0.3550
vn -0.5684 -0.1136 -0.8149
vn 0.0088 -0.2713 -0.9625
vn 0.5822 -0.3259 -0.7449
vn 0.9357 -0.2565 -0.2424
vn 0.9307 -0.0882 0.3550
vn 0.5683 0.1136 0.8149
vn -0.0088 0.2713 0.9625
vn -0.5822 0.3259 0.7449
vn -0.9357 0.2565 0.2424
vn -0.9394 0.0478 -0.3394
vn -0.5977 -0.2486 -0.7622
vn -0.0300 -0.4491 -0.8930
vn 0.5488 -0.4791 -0.6850
vn 0.9205 -0.3264 -0.2149
vn 0.9394 -0.0478 0.3394
vn 0.5977 0.2486 0.7622
vn 0.0299 0.4491 0.8930
vn -0.5488 0.4791 0.6850
vn -0.9204 0.3264 0.2150
vn -0.9487 0.0113 -0.3160
vn -0.6278 -0.3711 -0.6842
vn -0.0706 -0.6099 -0.7894
vn 0.5124 -0.6178 -0.5965
vn 0.9038 -0.3903 -0.1753
vn 0.9487 -0.0114 0.3161
vn 0.6276 0.3705 0.6847
vn 0.0702 0.6086 0.7904
vn -0.5127 0.6167 0.5974
vn -0.9039 0.3900 0.1756
vn -0.9595 -0.0218 -0.2808
vn -0.6722 -0.5093 -0.5373
vn -0.1324 -0.7985 -0.5872
vn 0.4557 -0.7868 -0.4162
vn 0.8754 -0.4758 -0.0856
vn 0.9595 0.0218 0.2808
vn 0.6722 0.5093 0.5373
vn 0.1324 0.7985 0.5872
vn -0.4557 0.7868 0.4162
vn -0.8754 0.4758 0.0856
vn -0.9706 -0.0421 -0.2370
vn -0.7183 -0.5977 -0.3561
vn -0.1951 -0.9205 -0.3384
vn 0.3994 -0.8961 -0.1935
vn 0.8468 -0.5312 0.0259
vn 0.9706 0.0421 0.2370
vn 0.7183 0.5978 0.3559
vn 0.1952 0.9206 0.3383
vn -0.3995 0.8960 0.1937
vn -0.8469 0.5312 -0.0256
vn -0.9748 -0.0440 -0.2185
vn -0.7589 -0.6262 -0.1787
vn -0.2558 -0.9641 -0.0712
vn 0.3412 -0.9379 0.0626
vn 0.8129 -0.5560 0.1736
vn 0.9748 0.0440 0.2185
vn 0.7589 0.6262 0.1787
vn 0.2558 0.9641 0.0712
vn -0.3412 0.9379 -0.0626
vn -0.8129 0.5560 -0.1736
vn -0.9788 -0.0402 -0.2006
vn -0.7980 -0.6026 -0.0004
vn -0.3145 -0.9283 0.1982
vn 0.2834 -0.9037 0.3210
vn 0.7787 -0.5377 0.3232
vn 0.9788 0.0402 0.2006
vn 0.7980 0.6027 0.0005
vn 0.3142 0.9287 -0.1969
vn -0.2839 0.9042 -0.3192
vn -0.7789 0.5380 -0.3221
vn -0.9751 -0.0465 -0.2167
vn -0.8373 -0.5204 0.1675
vn -0.3808 -0.7888 0.4824
vn 0.2137 -0.7598 0.6140
vn 0.7323 -0.4448 0.5157
vn 0.9751 0.0465 0.2167
vn 0.8373 0.5204 -0.1675
vn 0.3808 0.7888 -0.4824
vn -0.2138 0.7598 -0.6140
vn -0.7322 0.4449 -0.5157
vn -0.9716 -0.0589 -0.2290
vn -0.8750 -0.3839 0.2950
vn -0.4442 -0.5586 0.7005
vn 0.1498 -0.5220 0.8397
vn 0.6906 -0.2883 0.6633
vn 0.9716 0.0590 0.2290
vn 0.8751 0.3834 -0.2954
vn 0.4445 0.5574 -0.7012
vn -0.1496 0.5208 -0.8405
vn -0.6905 0.2879 -0.6635
vn -0.9671 -0.0831 -0.2406
vn -0.8990 -0.2581 0.3538
vn -0.4872 -0.3326 0.8075
vn 0.1049 -0.2814 0.9538
vn 0.6602 -0.1239 0.7408
vn 0.9671 0.0831 0.2406
vn 0.8990 0.2584 -0.3537
vn 0.4872 0.3333 -0.8072
vn -0.1050 0.2821 -0.9536
vn -0.6603 0.1241 -0.7407
vn -0.9645 -0.1043 -0.2427
vn -0.9209 -0.1003 0.3766
vn -0.5253 -0.0590 0.8489
vn 0.0679 0.0049 0.9977
vn 0.6367 0.0677 0.7681
vn 0.9645 0.1043 0.2427
vn 0.9211 0.0988 -0.3767
vn 0.5257 0.0544 -0.8489
vn -0.0673 -0.0099 -0.9977
vn -0.6365 -0.0699 -0.7681
vn -0.9678 -0.0736 -0.2408
vn -0.9250 -0.0704 0.3733
vn -0.5299 -0.0407 0.8471
vn 0.0700 0.0055 0.9975
vn 0.6426 0.0509 0.7645
vn 0.9675 0.0774 0.2407
vn 0.9248 0.0739 -0.3732
vn 0.5299 0.0419 -0.8470
vn -0.0700 -0.0054 -0.9975
vn -0.6428 -0.0493 -0.7645
vn -0.9533 0.1822 -0.2408
vn -0.9112 0.1742 0.3734
vn -0.5219 0.1003 0.8471
vn 0.0689 -0.0134 0.9975
vn 0.6327 -0.1235 0.7645
vn 0.9524 -0.1868 0.2407
vn 0.9104 -0.1785 -0.3732
vn 0.5217 -0.1017 -0.8471
vn -0.0689 0.0133 -0.9975
vn -0.6331 0.1215 -0.7645
vn 0.0099 -0.9918 -0.1274
vn -0.0000 -0.0000 -1.0000
vn -0.0145 0.9919 -0.1263
vn -0.9792 -0.0612 -0.1935
vn 0.9796 -0.0000 -0.2011
vn 0.9936 0.1129 -0.0000
vn 0.9852 -0.1712 -0.0079
vn -0.9499 0.3125 -0.0000
vn -0.9042 -0.4271 0.0038
vn -0.4084 0.9128 -0.0000
vn 0.9984 0.0558 -0.0068
vn -0.3017 0.0833 -0.9498
vn -0.2516 -0.1067 0.9619
vn -0.2295 -0.0091 0.9733
vn -0.2972 0.0816 0.9513
vn -0.2640 -0.1148 -0.9577
vn -0.5596 -0.1696 -0.8112
vn -0.5449 -0.1603 0.8231
vn -0.8177 -0.5756 -0.0000
vn 0.2435 0.9699 0.0051
vn -0.4262 0.0469 0.9034
vn 0.3562 -0.9344 -0.0000
vn -0.4322 0.0481 -0.9005
vn -0.4701 0.8826 -0.0000
vn -0.2374 -0.0109 -0.9714
vn -0.9996 -0.0283 0.0070
vn 0.2435 0.9699 0.0043
vn -0.2318 -0.9728 -0.0000
vn -0.0358 -0.1730 0.9843
vn -0.0489 -0.1706 -0.9841
vn -0.0503 0.9987 -0.0000
vn -0.0316 -0.9995 -0.0000
vn -0.0000 -0.0000 1.0000
vn -0.5046 -0.8633 -0.0000
vn -0.2111 -0.1747 0.9617
vn -0.5017 -0.8650 -0.0002
vn -0.9766 0.2150 0.0001
vn 0.7468 -0.6650 -0.0001
vn -0.2146 -0.1731 -0.9612
vn 1.0000 -0.0000 -0.0000
vn -0.6647 0.5473 0.5086
vn -0.7216 0.6923 -0.0000
vn -1.0000 -0.0000 -0.0000
vn -0.1940 -0.9808 -0.0224
vn 0.0043 0.1644 0.9864
vn -0.0000 1.0000 -0.0000
vn -0.0000 -1.0000 -0.0000
vn 0.0261 0.9997 -0.0000
vn -0.1826 -0.9829 0.0248
vn -0.9940 -0.1093 -0.0000
vn -0.5179 -0.0569 0.8535
vn -0.8685 -0.3057 -0.3902
vn -0.8734 -0.3075 0.3777
vn -0.7620 -0.0838 0.6421
vn -0.0100 0.9999 -0.0000
vn -0.7498 -0.0824 -0.6565
vn -0.9148 0.1012 -0.3909
vn -0.9200 0.1018 0.3784
vn -0.1634 -0.9866 -0.0000
vn -0.2852 -0.9585 -0.0000
vn -0.6398 0.0178 -0.7683
vn -0.1993 -0.9641 0.1757
vn -0.9522 0.3056 -0.0000
vn -0.8548 -0.5190 -0.0000
vn -0.1815 -0.9834 -0.0000
vn -0.6439 -0.7651 -0.0000
vn -0.4183 -0.7887 0.4506
vn -0.3610 -0.9325 -0.0000
vn -0.5399 -0.5509 0.6364
vn -0.6363 -0.7560 -0.1532
vn -0.6334 -0.7526 0.1800
vn -0.4520 -0.8522 0.2637
vn -0.9484 0.3172 -0.0000
vn -0.7368 0.0205 0.6758
vn -0.1493 -0.9888 -0.0000
vn -0.5373 0.8434 -0.0000
vn -0.4031 -0.4113 -0.8175
vn -0.8434 -0.5373 -0.0000
vn -0.5179 -0.0569 -0.8535
vn -0.5199 -0.0756 -0.8509
vn -0.5215 -0.0463 -0.8520
vn -0.5045 -0.0736 -0.8602
vn -0.2144 -0.1366 0.9672
vn -0.6647 0.5473 -0.5086
vn -0.6032 -0.7976 -0.0000
vn -0.7476 0.1247 -0.6524
vn -0.6827 -0.0751 0.7269
vn -0.7652 0.6437 -0.0000
vn -0.6834 -0.1176 0.7205
vn -0.6826 -0.0751 -0.7269
vn -0.5146 -0.0858 -0.8531
vn -0.7111 -0.2623 0.6523
vn -0.1354 -0.0336 -0.9902
vn -0.6228 -0.2297 -0.7479
vn -0.8693 -0.4942 -0.0000
vn -0.5146 -0.0858 0.8531
vn -0.9860 -0.1668 -0.0000
vn -0.9978 -0.0663 -0.0000
vn -0.5183 -0.0348 0.8545
vn 0.0663 -0.9978 -0.0000
vn -0.9979 -0.0647 -0.0000
vn -0.5183 -0.0348 -0.8545
vn -0.6874 -0.0451 0.7248
vn -0.6834 -0.1176 -0.7205
vn -0.7477 0.1092 0.6550
vn -0.4291 -0.0038 -0.9033
vn -0.8635 -0.0228 0.5038
vn -0.9852 0.1712 0.0071
vn -0.9838 0.0977 0.1501
vn -0.9967 0.0807 -0.0000
vn -0.5158 -0.0582 0.8547
vn -0.9861 0.1161 -0.1187
vn -0.9814 0.1318 0.1395
vn -0.7016 -0.0420 -0.7113
vn -0.9967 0.0806 -0.0006
vn 0.4942 -0.8693 -0.0000
vn -0.1093 0.9940 -0.0000
vn -0.9968 0.0805 -0.0000
vn 0.1093 -0.9940 -0.0000
vn -0.9866 0.1634 -0.0000
vn 0.1634 0.9866 -0.0000
vn -0.9973 -0.0735 -0.0000
vn -0.9980 -0.0629 0.0048
vn -0.0663 0.9978 -0.0000
vn -0.4942 0.8693 -0.0000
vn 0.0147 -0.9999 -0.0000
vn 0.9981 0.0624 -0.0000
vn 0.8434 0.5373 -0.0000
vn -0.2101 -0.1338 -0.9685
vn -0.9969 -0.0544 -0.0569
vn -0.9982 -0.0605 -0.0000
vn -0.9980 -0.0639 0.0019
vn -0.9981 -0.0621 -0.0000
vn -0.9980 -0.0629 -0.0048
vn -0.1104 0.9939 -0.0000
vn -0.9980 -0.0636 0.0005
vn -0.6874 -0.0451 -0.7248
vn -0.6999 -0.0311 0.7135
vn -0.5156 -0.0248 -0.8565
vn -0.9989 -0.0464 -0.0000
vn -0.3547 0.9350 -0.0000
vn -0.9980 -0.0633 0.0026
vn -0.5156 -0.0248 0.8565
vn -0.9980 -0.0631 -0.0000
vn -0.9998 -0.0141 -0.0138
vn -0.9974 0.0716 -0.0111
vn -0.1105 0.9939 -0.0000
vn -0.9303 -0.0736 0.3592
vn -0.9971 0.0756 -0.0000
vn -0.9303 -0.0736 -0.3592
vn -0.8574 -0.5147 -0.0000
vn -0.9791 -0.0758 0.1885
vn -0.9354 0.3536 -0.0000
vn -0.9791 -0.0758 -0.1885
vn -0.9937 -0.1125 -0.0000
vn -0.9304 -0.0736 0.3592
vn -0.9304 -0.0736 -0.3592
vn -0.9939 -0.1104 -0.0000
vn 0.1104 -0.9939 -0.0000
vn -0.9850 -0.1726 -0.0000
vn -0.9204 -0.3909 -0.0000
vn -0.0373 0.9993 -0.0000
vn -0.4156 -0.9096 -0.0000
vn -0.1354 -0.0336 0.9902
vn -0.9713 -0.0801 0.2238
vn -0.9891 -0.0701 -0.1292
vn -1.0000 0.0058 0.0072
vn -1.0000 -0.0098 -0.0000
vn -0.9434 -0.3317 -0.0000
vn -0.2213 -0.0574 -0.9735
vn 0.0313 -0.9995 -0.0000
vn -0.2213 -0.0574 0.9735
vn 0.9637 0.2672 -0.0000
vn 0.0043 0.1645 -0.9864
vn 0.0047 0.1804 -0.9836
vn 0.0047 0.1804 0.9836
vt 0.027663 0.707214
vt 0.026951 0.679866
vt 0.029080 0.679852
vt 0.029825 0.707154
vt 0.046739 0.707217
vt 0.046973 0.679829
vt 0.049105 0.679820
vt 0.048891 0.707229
vt 0.044482 0.707188
vt 0.044858 0.679826
vt 0.042267 0.707145
vt 0.042730 0.679816
vt 0.040123 0.707104
vt 0.040573 0.679810
vt 0.038046 0.707079
vt 0.038332 0.679812
vt 0.036003 0.707074
vt 0.035987 0.679820
vt 0.033962 0.707080
vt 0.033618 0.679829
vt 0.031916 0.707107
vt 0.031297 0.679841
vt 0.027396 0.658434
vt 0.029481 0.658491
vt 0.046696 0.658567
vt 0.048740 0.658537
vt 0.044615 0.658588
vt 0.042543 0.658606
vt 0.040461 0.658626
vt 0.038325 0.658638
vt 0.036107 0.658635
vt 0.033849 0.658597
vt 0.031629 0.658549
vt 0.027905 0.641746
vt 0.029929 0.641796
vt 0.046473 0.641862
vt 0.048474 0.641838
vt 0.044447 0.641877
vt 0.042422 0.641887
vt 0.040383 0.641897
vt 0.038314 0.641901
vt 0.036212 0.641894
vt 0.034093 0.641876
vt 0.031993 0.641841
vt 0.028155 0.627891
vt 0.030139 0.627913
vt 0.046346 0.627910
vt 0.048326 0.627896
vt 0.044356 0.627924
vt 0.042372 0.627933
vt 0.040363 0.627945
vt 0.038329 0.627956
vt 0.036283 0.627956
vt 0.034213 0.627953
vt 0.032168 0.627939
vt 0.028225 0.611740
vt 0.030214 0.611758
vt 0.046294 0.611779
vt 0.048251 0.611768
vt 0.044333 0.611784
vt 0.042359 0.611791
vt 0.040377 0.611797
vt 0.038368 0.611801
vt 0.036321 0.611799
vt 0.034272 0.611790
vt 0.032224 0.611778
vt 0.028448 0.596899
vt 0.030410 0.596914
vt 0.046192 0.596923
vt 0.048151 0.596916
vt 0.044224 0.596928
vt 0.042260 0.596934
vt 0.040298 0.596939
vt 0.038331 0.596942
vt 0.036351 0.596941
vt 0.034366 0.596936
vt 0.032387 0.596927
vt 0.028461 0.580934
vt 0.030427 0.580933
vt 0.046193 0.580926
vt 0.048147 0.580928
vt 0.044229 0.580925
vt 0.042266 0.580926
vt 0.040300 0.580927
vt 0.038329 0.580928
vt 0.036356 0.580930
vt 0.034375 0.580931
vt 0.032396 0.580933
vt 0.028404 0.559387
vt 0.030381 0.559386
vt 0.046239 0.559408
vt 0.048199 0.559411
vt 0.044278 0.559407
vt 0.042315 0.559404
vt 0.040338 0.559399
vt 0.038360 0.559393
vt 0.036364 0.559389
vt 0.034370 0.559388
vt 0.032373 0.559387
vt 0.028452 0.543301
vt 0.030426 0.543322
vt 0.046250 0.543370
vt 0.048203 0.543370
vt 0.044306 0.543372
vt 0.042357 0.543374
vt 0.040401 0.543374
vt 0.038415 0.543373
vt 0.036417 0.543371
vt 0.034408 0.543360
vt 0.032407 0.543343
vt 0.028808 0.523020
vt 0.030769 0.523037
vt 0.046196 0.523055
vt 0.048169 0.523060
vt 0.044205 0.523062
vt 0.042234 0.523070
vt 0.040298 0.523077
vt 0.038373 0.523077
vt 0.036471 0.523073
vt 0.034576 0.523065
vt 0.032681 0.523055
vt 0.028802 0.507569
vt 0.030751 0.507561
vt 0.046238 0.507599
vt 0.048225 0.507602
vt 0.044267 0.507593
vt 0.042298 0.507583
vt 0.040347 0.507573
vt 0.038431 0.507561
vt 0.036521 0.507557
vt 0.034612 0.507552
vt 0.032689 0.507556
vt 0.028736 0.474588
vt 0.030694 0.474589
vt 0.046254 0.474575
vt 0.048196 0.474576
vt 0.044309 0.474577
vt 0.042366 0.474580
vt 0.040424 0.474585
vt 0.038485 0.474589
vt 0.036539 0.474592
vt 0.034587 0.474591
vt 0.032642 0.474590
vt 0.028758 0.458771
vt 0.030717 0.458773
vt 0.046268 0.458810
vt 0.048228 0.458816
vt 0.044313 0.458803
vt 0.042365 0.458796
vt 0.040425 0.458789
vt 0.038483 0.458784
vt 0.036543 0.458778
vt 0.034602 0.458775
vt 0.032658 0.458773
vt 0.028779 0.435941
vt 0.030737 0.435945
vt 0.046349 0.435969
vt 0.048315 0.435975
vt 0.044386 0.435964
vt 0.042420 0.435962
vt 0.040460 0.435960
vt 0.038509 0.435958
vt 0.036569 0.435955
vt 0.034632 0.435952
vt 0.032692 0.435949
vt 0.028805 0.420111
vt 0.030770 0.420106
vt 0.046379 0.420125
vt 0.048357 0.420131
vt 0.044398 0.420120
vt 0.042427 0.420112
vt 0.040471 0.420105
vt 0.038528 0.420101
vt 0.036590 0.420099
vt 0.034655 0.420099
vt 0.032715 0.420101
vt 0.028652 0.396782
vt 0.030621 0.396774
vt 0.046455 0.396778
vt 0.048418 0.396780
vt 0.044501 0.396776
vt 0.042543 0.396772
vt 0.040573 0.396767
vt 0.038589 0.396764
vt 0.036598 0.396761
vt 0.034600 0.396762
vt 0.032607 0.396768
vt 0.028664 0.380746
vt 0.030638 0.380742
vt 0.046468 0.380729
vt 0.048427 0.380734
vt 0.044489 0.380726
vt 0.042515 0.380726
vt 0.040544 0.380729
vt 0.038571 0.380732
vt 0.036585 0.380734
vt 0.034597 0.380736
vt 0.032611 0.380740
vt 0.028518 0.356297
vt 0.030495 0.356284
vt 0.046533 0.356301
vt 0.048516 0.356303
vt 0.044566 0.356294
vt 0.042590 0.356288
vt 0.040614 0.356278
vt 0.038599 0.356270
vt 0.036565 0.356264
vt 0.034527 0.356262
vt 0.032499 0.356271
vt 0.028507 0.340298
vt 0.030493 0.340296
vt 0.046538 0.340258
vt 0.048512 0.340262
vt 0.044556 0.340256
vt 0.042585 0.340259
vt 0.040596 0.340262
vt 0.038608 0.340270
vt 0.036581 0.340280
vt 0.034542 0.340288
vt 0.032508 0.340293
vt 0.028480 0.317481
vt 0.030477 0.317477
vt 0.046591 0.317498
vt 0.048568 0.317499
vt 0.044609 0.317499
vt 0.042616 0.317494
vt 0.040606 0.317486
vt 0.038598 0.317473
vt 0.036580 0.317465
vt 0.034537 0.317466
vt 0.032492 0.317467
vt 0.028475 0.301436
vt 0.030457 0.301430
vt 0.046596 0.301407
vt 0.048557 0.301413
vt 0.044601 0.301404
vt 0.042613 0.301404
vt 0.040627 0.301407
vt 0.038606 0.301406
vt 0.036564 0.301408
vt 0.034514 0.301414
vt 0.032480 0.301419
vt 0.028272 0.281487
vt 0.030278 0.281462
vt 0.046667 0.281464
vt 0.048684 0.281470
vt 0.044672 0.281459
vt 0.042681 0.281456
vt 0.040652 0.281449
vt 0.038619 0.281431
vt 0.036541 0.281417
vt 0.034429 0.281419
vt 0.032333 0.281437
vt 0.028192 0.265445
vt 0.030216 0.265438
vt 0.046730 0.265386
vt 0.048707 0.265391
vt 0.044717 0.265384
vt 0.042684 0.265389
vt 0.040658 0.265406
vt 0.038606 0.265413
vt 0.036520 0.265421
vt 0.034418 0.265432
vt 0.032307 0.265436
vt 0.028176 0.240721
vt 0.030224 0.240715
vt 0.046689 0.240784
vt 0.048703 0.240778
vt 0.044663 0.240785
vt 0.042643 0.240777
vt 0.040643 0.240767
vt 0.038569 0.240753
vt 0.036492 0.240729
vt 0.034379 0.240718
vt 0.032273 0.240709
vt 0.028157 0.224659
vt 0.030172 0.224651
vt 0.046727 0.224650
vt 0.048744 0.224650
vt 0.044717 0.224647
vt 0.042694 0.224641
vt 0.040661 0.224636
vt 0.038629 0.224639
vt 0.036522 0.224631
vt 0.034394 0.224635
vt 0.032263 0.224633
vt 0.027986 0.207787
vt 0.030061 0.207782
vt 0.046729 0.207785
vt 0.048781 0.207779
vt 0.044725 0.207784
vt 0.042722 0.207782
vt 0.040711 0.207781
vt 0.038633 0.207783
vt 0.036502 0.207783
vt 0.034352 0.207774
vt 0.032205 0.207777
vt 0.028079 0.191853
vt 0.030114 0.191885
vt 0.046668 0.191829
vt 0.048670 0.191827
vt 0.044652 0.191836
vt 0.042649 0.191840
vt 0.040613 0.191853
vt 0.038579 0.191881
vt 0.036495 0.191908
vt 0.034351 0.191915
vt 0.032207 0.191911
vt 0.028299 0.169925
vt 0.030305 0.169921
vt 0.046546 0.169974
vt 0.048517 0.169973
vt 0.044547 0.169974
vt 0.042546 0.169968
vt 0.040556 0.169956
vt 0.038559 0.169943
vt 0.036525 0.169930
vt 0.034444 0.169921
vt 0.032354 0.169919
vt 0.028133 0.153885
vt 0.030186 0.153898
vt 0.046652 0.153972
vt 0.048660 0.153990
vt 0.044683 0.153958
vt 0.042722 0.153948
vt 0.040732 0.153939
vt 0.038694 0.153931
vt 0.036595 0.153925
vt 0.034454 0.153919
vt 0.032305 0.153909
vt 0.028433 0.140455
vt 0.030461 0.140458
vt 0.046776 0.140484
vt 0.048818 0.140516
vt 0.044717 0.140457
vt 0.042659 0.140440
vt 0.040608 0.140435
vt 0.038564 0.140439
vt 0.036529 0.140444
vt 0.034502 0.140449
vt 0.032482 0.140456
vt 0.028132 0.126284
vt 0.030135 0.126302
vt 0.047089 0.126270
vt 0.049105 0.126243
vt 0.045042 0.126295
vt 0.042940 0.126315
vt 0.040777 0.126330
vt 0.038581 0.126341
vt 0.036389 0.126340
vt 0.034244 0.126333
vt 0.032164 0.126320
vt 0.028600 0.114703
vt 0.030637 0.114789
vt 0.046503 0.114753
vt 0.048538 0.114649
vt 0.044489 0.114856
vt 0.042502 0.114942
vt 0.040536 0.114997
vt 0.038574 0.115013
vt 0.036613 0.115003
vt 0.034644 0.114956
vt 0.032653 0.114879
vt 0.054597 0.728230
vt 0.062388 0.782155
vt 0.040933 0.759177
vt 0.041596 0.752547
vt 0.036640 0.760542
vt 0.035410 0.752204
vt 0.018414 0.782155
vt 0.019506 0.733256
vt 0.250953 0.890264
vt 0.298964 0.834311
vt 0.311754 0.850345
vt 0.311822 0.915045
vt 0.318791 0.612553
vt 0.309360 0.665758
vt 0.296115 0.682687
vt 0.241343 0.608885
vt 0.378667 0.827920
vt 0.358638 0.884476
vt 0.332315 0.848577
vt 0.344465 0.819222
vt 0.364824 0.649308
vt 0.378857 0.695100
vt 0.346004 0.705069
vt 0.334365 0.675697
vt 0.335956 0.903967
vt 0.323192 0.850685
vt 0.207220 0.661765
vt 0.262050 0.702932
vt 0.271122 0.819820
vt 0.224092 0.855872
vt 0.323191 0.850676
vt 0.323311 0.823230
vt 0.380751 0.609390
vt 0.406379 0.670682
vt 0.406758 0.845976
vt 0.374568 0.909687
vt 0.323823 0.697414
vt 0.320521 0.668244
vt 0.309391 0.692939
vt 0.316188 0.666213
vt 0.381723 0.599416
vt 0.425534 0.648798
vt 0.332101 0.616203
vt 0.338399 0.621669
vt 0.215820 0.628799
vt 0.274435 0.690782
vt 0.421296 0.866410
vt 0.383716 0.924244
vt 0.283828 0.825444
vt 0.235149 0.877064
vt 0.316621 0.851011
vt 0.311213 0.828782
vt 0.323891 0.914257
vt 0.390078 0.587762
vt 0.440266 0.627758
vt 0.296136 0.682714
vt 0.309367 0.665769
vt 0.298982 0.834292
vt 0.440266 0.878425
vt 0.394161 0.932128
vt 0.056244 0.059167
vt 0.044115 0.066926
vt 0.036912 0.067265
vt 0.026997 0.055467
vt 0.044449 0.075111
vt 0.035501 0.074683
vt 0.053951 0.084054
vt 0.026997 0.086323
vt 0.947683 0.132745
vt 0.947683 0.114251
vt 0.956954 0.114251
vt 0.956954 0.132745
vt 0.486906 0.469605
vt 0.498484 0.492235
vt 0.472608 0.481448
vt 0.465344 0.457111
vt 0.160174 0.461011
vt 0.155150 0.486974
vt 0.147914 0.485932
vt 0.154085 0.460747
vt 0.612239 0.538072
vt 0.604880 0.538072
vt 0.593894 0.527087
vt 0.601712 0.527087
vt 0.141174 0.056307
vt 0.160222 0.092595
vt 0.153017 0.092458
vt 0.133474 0.057026
vt 0.987286 0.499296
vt 0.987286 0.507740
vt 0.976301 0.518726
vt 0.976301 0.509754
vt 0.028119 0.915925
vt 0.026697 0.867106
vt 0.039661 0.884771
vt 0.038521 0.901300
vt 0.604880 0.499295
vt 0.604880 0.507740
vt 0.593894 0.518726
vt 0.593894 0.509754
vt 0.132272 0.474876
vt 0.122147 0.498738
vt 0.075909 0.502703
vt 0.073647 0.482535
vt 0.967940 0.084728
vt 0.967940 0.122914
vt 0.585533 0.122914
vt 0.585533 0.084728
vt 0.593894 0.084728
vt 0.593894 0.122914
vt 0.601712 0.076366
vt 0.601712 0.084728
vt 0.593894 0.076366
vt 0.601712 0.518726
vt 0.976301 0.084728
vt 0.976301 0.122914
vt 0.612239 0.114251
vt 0.604880 0.114251
vt 0.947683 0.507740
vt 0.956954 0.507740
vt 0.967939 0.518726
vt 0.958090 0.518726
vt 0.574548 0.132745
vt 0.574548 0.114251
vt 0.928614 0.046843
vt 0.956954 0.046843
vt 0.967940 0.076366
vt 0.958090 0.076366
vt 0.631308 0.046843
vt 0.715640 0.046843
vt 0.711566 0.076366
vt 0.612239 0.507740
vt 0.715639 0.507740
vt 0.711565 0.518726
vt 0.722721 0.114251
vt 0.715640 0.114251
vt 0.711566 0.084728
vt 0.719089 0.084728
vt 0.719089 0.518726
vt 0.719089 0.527087
vt 0.711565 0.527087
vt 0.719089 0.076366
vt 0.253181 0.512149
vt 0.252224 0.555905
vt 0.244864 0.555763
vt 0.245888 0.511971
vt 0.254483 0.054055
vt 0.256764 0.090208
vt 0.250207 0.091423
vt 0.247182 0.053761
vt 0.722721 0.538072
vt 0.715639 0.538072
vt 0.259132 0.463111
vt 0.258519 0.491068
vt 0.251934 0.490910
vt 0.252423 0.462968
vt 0.612239 0.132745
vt 0.715640 0.132745
vt 0.612239 0.259435
vt 0.612239 0.199280
vt 0.715640 0.199280
vt 0.715640 0.259435
vt 0.262169 0.337103
vt 0.261231 0.397249
vt 0.254224 0.397087
vt 0.255455 0.337053
vt 0.574548 0.259435
vt 0.574548 0.199280
vt 0.585533 0.193601
vt 0.585533 0.257510
vt 0.967940 0.257510
vt 0.967940 0.193601
vt 0.976301 0.193601
vt 0.976301 0.257510
vt 0.593894 0.193601
vt 0.593894 0.257510
vt 0.956954 0.259435
vt 0.956954 0.199280
vt 0.115055 0.343310
vt 0.120844 0.406194
vt 0.069472 0.407763
vt 0.069472 0.341525
vt 0.604880 0.185910
vt 0.604880 0.199280
vt 0.593894 0.179396
vt 0.987287 0.185910
vt 0.987287 0.199280
vt 0.976301 0.179396
vt 0.150440 0.339482
vt 0.156403 0.398081
vt 0.149367 0.398608
vt 0.143662 0.339989
vt 0.497157 0.342072
vt 0.493869 0.403675
vt 0.465538 0.397944
vt 0.468990 0.339380
vt 0.947683 0.259435
vt 0.947683 0.199280
vt 0.987287 0.114251
vt 0.987287 0.132745
vt 0.604880 0.132745
vt 0.612239 0.145556
vt 0.715640 0.145556
vt 0.259583 0.450523
vt 0.251182 0.449550
vt 0.574548 0.139233
vt 0.585533 0.136524
vt 0.967940 0.136524
vt 0.976301 0.136524
vt 0.593894 0.136524
vt 0.956954 0.145556
vt 0.129837 0.468284
vt 0.072874 0.475680
vt 0.161159 0.448716
vt 0.153146 0.449790
vt 0.489287 0.456900
vt 0.465535 0.447018
vt 0.947683 0.145556
vt 0.947683 0.172540
vt 0.956954 0.172540
vt 0.492227 0.430681
vt 0.465556 0.423245
vt 0.159819 0.424992
vt 0.151102 0.424864
vt 0.079389 0.436382
vt 0.117347 0.433369
vt 0.113223 0.439520
vt 0.086228 0.440604
vt 0.967940 0.165192
vt 0.585533 0.165192
vt 0.593894 0.165192
vt 0.976301 0.165192
vt 0.574548 0.178726
vt 0.260512 0.423989
vt 0.251756 0.424276
vt 0.612239 0.172540
vt 0.715640 0.172540
vt 0.987287 0.145556
vt 0.604880 0.145556
vt 0.612239 0.185910
vt 0.715640 0.185910
vt 0.260811 0.410653
vt 0.254030 0.410387
vt 0.574548 0.185910
vt 0.585533 0.179396
vt 0.967940 0.179396
vt 0.956954 0.185910
vt 0.122299 0.420011
vt 0.123739 0.427096
vt 0.070356 0.429539
vt 0.070034 0.422011
vt 0.157388 0.411137
vt 0.150349 0.411673
vt 0.493119 0.417288
vt 0.465568 0.410784
vt 0.947683 0.185910
vt 0.987287 0.172540
vt 0.604880 0.172540
vt 0.319802 0.404215
vt 0.318534 0.415942
vt 0.267683 0.410898
vt 0.268137 0.397382
vt 0.722721 0.199280
vt 0.722721 0.185910
vt 0.729802 0.185910
vt 0.729802 0.199280
vt 0.722721 0.172540
vt 0.729802 0.172540
vt 0.317559 0.427988
vt 0.267257 0.424209
vt 0.650214 0.850290
vt 0.649369 0.819552
vt 0.665099 0.832399
vt 0.663576 0.838349
vt 0.722721 0.145556
vt 0.729802 0.145556
vt 0.722721 0.132745
vt 0.729802 0.132745
vt 0.316447 0.452801
vt 0.316167 0.464790
vt 0.265782 0.463293
vt 0.266239 0.450818
vt 0.722721 0.259435
vt 0.729802 0.259435
vt 0.371235 0.400442
vt 0.364123 0.400474
vt 0.364132 0.389702
vt 0.371090 0.389672
vt 0.315871 0.492051
vt 0.265164 0.491208
vt 0.784272 0.538073
vt 0.729802 0.538072
vt 0.726613 0.527087
vt 0.784482 0.527087
vt 0.319119 0.056570
vt 0.317807 0.081238
vt 0.264886 0.079330
vt 0.261815 0.054359
vt 0.316106 0.513015
vt 0.316425 0.556494
vt 0.259576 0.556039
vt 0.260466 0.512310
vt 0.784482 0.076366
vt 0.784482 0.084728
vt 0.726613 0.084728
vt 0.726613 0.076366
vt 0.784482 0.518726
vt 0.726613 0.518726
vt 0.784273 0.114251
vt 0.729802 0.114251
vt 0.722721 0.046843
vt 0.729802 0.046843
vt 0.722721 0.507740
vt 0.729802 0.507740
vt 0.278024 0.339496
vt 0.095259 0.937794
vt 0.095259 0.912213
vt 0.190226 0.912213
vt 0.190226 0.937794
vt 0.183639 0.833157
vt 0.183639 0.887070
vt 0.102865 0.887070
vt 0.102865 0.833157
vt 0.604880 0.259435
vt 0.604880 0.046843
vt 0.156518 0.552553
vt 0.158886 0.508553
vt 0.612239 0.499296
vt 0.249795 0.101981
vt 0.161843 0.102676
vt 0.263691 0.100193
vt 0.256463 0.101216
vt 0.715639 0.499296
vt 0.722721 0.499296
vt 0.317099 0.101807
vt 0.729802 0.499296
vt 0.947683 0.499296
vt 0.956954 0.499296
vt 0.501259 0.087923
vt 0.497121 0.097231
vt 0.471820 0.109066
vt 0.476101 0.099092
vt 0.155890 0.102201
vt 0.117904 0.073225
vt 0.121801 0.083482
vt 0.100703 0.075405
vt 0.103546 0.066263
vt 0.967939 0.509754
vt 0.585533 0.518726
vt 0.585533 0.509754
vt 0.574548 0.507740
vt 0.574548 0.499295
vt 0.604880 0.436601
vt 0.593894 0.437807
vt 0.987286 0.436601
vt 0.976301 0.437807
vt 0.897653 0.507740
vt 0.897653 0.499296
vt 0.461263 0.112065
vt 0.467911 0.096268
vt 0.958090 0.084728
vt 0.967939 0.527087
vt 0.958090 0.527087
vt 0.464843 0.508420
vt 0.488904 0.505010
vt 0.483420 0.516170
vt 0.474358 0.516330
vt 0.497014 0.078838
vt 0.487547 0.076523
vt 0.956954 0.538073
vt 0.947683 0.538073
vt 0.463973 0.483109
vt 0.458238 0.458229
vt 0.456679 0.397784
vt 0.452075 0.340731
vt 0.457618 0.447207
vt 0.457418 0.423294
vt 0.457110 0.410869
vt 0.897653 0.199280
vt 0.897653 0.185910
vt 0.897653 0.172540
vt 0.897653 0.145556
vt 0.897653 0.132745
vt 0.897653 0.259435
vt 0.897653 0.046843
vt 0.904938 0.076366
vt 0.904938 0.518726
vt 0.897653 0.114251
vt 0.500330 0.064345
vt 0.490785 0.062161
vt 0.491969 0.501077
vt 0.461080 0.505109
vt 0.514698 0.082223
vt 0.516875 0.090705
vt 0.247465 0.039213
vt 0.140278 0.041642
vt 0.734745 0.883764
vt 0.789810 0.884443
vt 0.789255 0.895144
vt 0.736825 0.894460
vt 0.262307 0.039615
vt 0.254885 0.039395
vt 0.843382 0.889326
vt 0.851744 0.893825
vt 0.845693 0.901095
vt 0.839684 0.898796
vt 0.319782 0.041740
vt 0.544699 0.402258
vt 0.545160 0.416283
vt 0.545526 0.430344
vt 0.545702 0.459498
vt 0.545229 0.473119
vt 0.541135 0.339003
vt 0.859298 0.915700
vt 0.848780 0.912572
vt 0.131326 0.506859
vt 0.132481 0.042125
vt 0.544309 0.493141
vt 0.165781 0.387866
vt 0.243632 0.385995
vt 0.242770 0.159875
vt 0.241661 0.112209
vt 0.253236 0.159722
vt 0.161226 0.334417
vt 0.168839 0.112210
vt 0.159791 0.296812
vt 0.148417 0.297514
vt 0.244493 0.332676
vt 0.141123 0.297727
vt 0.110834 0.297120
vt 0.538000 0.294235
vt 0.500894 0.297218
vt 0.897653 0.302240
vt 0.947683 0.302240
vt 0.471498 0.297605
vt 0.462616 0.297179
vt 0.987286 0.259435
vt 0.604880 0.302240
vt 0.612239 0.302240
vt 0.526960 0.718363
vt 0.471796 0.728718
vt 0.495993 0.690538
vt 0.502895 0.687016
vt 0.268598 0.295115
vt 0.261869 0.295211
vt 0.715639 0.302240
vt 0.722721 0.302240
vt 0.319457 0.291064
vt 0.322285 0.335070
vt 0.729802 0.302240
vt 0.956954 0.302240
vt 0.071938 0.294083
vt 0.967939 0.304302
vt 0.585533 0.304302
vt 0.593894 0.304302
vt 0.976301 0.304302
vt 0.574548 0.302240
vt 0.255151 0.295285
vt 0.612239 0.369418
vt 0.715640 0.369418
vt 0.260726 0.228417
vt 0.254208 0.228515
vt 0.574548 0.369418
vt 0.585533 0.374073
vt 0.967939 0.374073
vt 0.976301 0.374073
vt 0.593894 0.374073
vt 0.956954 0.369418
vt 0.111306 0.223747
vt 0.077432 0.219592
vt 0.148213 0.227827
vt 0.141086 0.227581
vt 0.501902 0.227063
vt 0.473358 0.229728
vt 0.947683 0.369418
vt 0.722721 0.369418
vt 0.729802 0.369418
vt 0.624681 0.562940
vt 0.673340 0.577727
vt 0.659889 0.590861
vt 0.625001 0.581302
vt 0.267215 0.228311
vt 0.183639 0.733981
vt 0.183639 0.796892
vt 0.102865 0.796892
vt 0.102865 0.733981
vt 0.604880 0.369418
vt 0.464705 0.229617
vt 0.897653 0.369418
vt 0.533870 0.224008
vt 0.159360 0.230789
vt 0.244018 0.295043
vt 0.987286 0.302240
vt 0.163905 0.157383
vt 0.153700 0.155179
vt 0.146570 0.154271
vt 0.116189 0.149963
vt 0.528097 0.154118
vt 0.500227 0.157840
vt 0.897653 0.436601
vt 0.947683 0.436601
vt 0.472962 0.160604
vt 0.464379 0.160994
vt 0.612239 0.436601
vt 0.183099 0.614489
vt 0.183165 0.662665
vt 0.103526 0.663190
vt 0.103468 0.614598
vt 0.266362 0.159907
vt 0.259862 0.159530
vt 0.715639 0.436601
vt 0.722721 0.436601
vt 0.316829 0.159949
vt 0.729802 0.436601
vt 0.956954 0.436601
vt 0.086122 0.144806
vt 0.967939 0.437807
vt 0.585533 0.437790
vt 0.574548 0.436584
vt 0.243475 0.231083
vt 0.987286 0.369418
vt 0.376632 0.104096
vt 0.374710 0.160815
vt 0.366656 0.160483
vt 0.368466 0.103712
vt 0.784272 0.499296
vt 0.784272 0.436601
vt 0.838743 0.436601
vt 0.838743 0.499296
vt 0.784272 0.369418
vt 0.784273 0.302240
vt 0.838743 0.302240
vt 0.838743 0.369418
vt 0.373465 0.227031
vt 0.371952 0.286615
vt 0.364827 0.286518
vt 0.365657 0.226879
vt 0.365001 0.329578
vt 0.331725 0.325818
vt 0.338188 0.319176
vt 0.364955 0.322430
vt 0.784273 0.259435
vt 0.838743 0.259435
vt 0.386722 0.045552
vt 0.385419 0.060277
vt 0.376195 0.059560
vt 0.377309 0.044779
vt 0.727335 0.885822
vt 0.731034 0.895406
vt 0.784273 0.132745
vt 0.838743 0.114251
vt 0.838743 0.132745
vt 0.784272 0.507740
vt 0.838743 0.507740
vt 0.842351 0.518726
vt 0.784273 0.046843
vt 0.838743 0.046843
vt 0.842352 0.076366
vt 0.784273 0.199280
vt 0.838743 0.199280
vt 0.784273 0.145556
vt 0.838743 0.145556
vt 0.784273 0.172540
vt 0.838743 0.172540
vt 0.784273 0.185910
vt 0.838743 0.185910
vt 0.377937 0.084130
vt 0.369590 0.083577
vt 0.847624 0.114251
vt 0.842351 0.084728
vt 0.851787 0.084728
vt 0.851787 0.518726
vt 0.851787 0.527087
vt 0.842351 0.527087
vt 0.851787 0.076366
vt 0.379970 0.511638
vt 0.382227 0.554521
vt 0.373130 0.555017
vt 0.371048 0.512046
vt 0.847624 0.538073
vt 0.838743 0.538073
vt 0.372644 0.464817
vt 0.373611 0.491333
vt 0.365590 0.491626
vt 0.364788 0.465034
vt 0.408125 0.398679
vt 0.406801 0.387525
vt 0.372279 0.453274
vt 0.364589 0.453428
vt 0.371777 0.429483
vt 0.364252 0.429621
vt 0.371529 0.417943
vt 0.364150 0.418035
vt 0.371351 0.406639
vt 0.364089 0.406696
vt 0.411658 0.404124
vt 0.412786 0.415613
vt 0.413716 0.427264
vt 0.879949 0.796594
vt 0.934879 0.796594
vt 0.925826 0.809017
vt 0.883382 0.810981
vt 0.415371 0.450948
vt 0.416243 0.462329
vt 0.277182 0.390846
vt 0.283310 0.345402
vt 0.291274 0.353671
vt 0.291586 0.380816
vt 0.418626 0.488549
vt 0.897653 0.538073
vt 0.904938 0.527087
vt 0.436913 0.066159
vt 0.424126 0.088083
vt 0.429956 0.508193
vt 0.433958 0.550363
vt 0.904938 0.084728
vt 0.421757 0.107792
vt 0.439230 0.051666
vt 0.329429 0.299901
vt 0.339254 0.306137
vt 0.953791 0.604468
vt 0.919943 0.602813
vt 0.931049 0.592947
vt 0.943373 0.595455
vt 0.419788 0.161943
vt 0.847624 0.436601
vt 0.847624 0.499296
vt 0.847624 0.302240
vt 0.847624 0.369418
vt 0.847624 0.259435
vt 0.847624 0.132745
vt 0.847624 0.507740
vt 0.847624 0.046843
vt 0.847624 0.199280
vt 0.847624 0.145556
vt 0.847624 0.172540
vt 0.847624 0.185910
vt 0.890695 0.840911
vt 0.927516 0.826029
vt 0.943340 0.831133
vt 0.834960 0.855393
vt 0.834370 0.818648
vt 0.846568 0.824892
vt 0.849699 0.841433
vt 0.894184 0.856195
vt 0.323455 0.398575
vt 0.449627 0.391645
vt 0.445647 0.347011
vt 0.325156 0.340596
vt 0.371055 0.342576
vt 0.364524 0.342550
vt 0.364720 0.336861
vt 0.370968 0.336968
vt 0.405613 0.341685
vt 0.408713 0.336105
vt 0.831233 0.768933
vt 0.831233 0.725554
vt 0.877740 0.725554
vt 0.877740 0.768933
vt 0.776569 0.768933
vt 0.776569 0.725554
vt 0.784726 0.725554
vt 0.784726 0.768933
vt 0.734140 0.768933
vt 0.734140 0.725554
vt 0.436499 0.382989
vt 0.437546 0.356087
vt 0.324566 0.388600
vt 0.405181 0.351393
vt 0.371159 0.352694
vt 0.364388 0.352728
vt 0.325540 0.352134
vt 0.318705 0.281636
vt 0.356125 0.278514
vt 0.276969 0.228127
vt 0.278299 0.284404
vt 0.316812 0.168733
vt 0.276251 0.168724
vt 0.356332 0.226808
vt 0.356978 0.169027
vt 0.624601 0.641730
vt 0.626018 0.697301
vt 0.587288 0.690988
vt 0.580016 0.641577
vt 0.627267 0.715745
vt 0.575800 0.705251
vt 0.685138 0.642637
vt 0.670932 0.699867
vt 0.658905 0.689695
vt 0.669883 0.642235
vt 0.561883 0.641995
vt 0.579124 0.576905
vt 0.591686 0.587908
vt 0.364780 0.294648
vt 0.371589 0.294796
vt 0.371136 0.303536
vt 0.364778 0.303364
vt 0.773285 0.850385
vt 0.739551 0.850290
vt 0.752913 0.838349
vt 0.761859 0.839684
vt 0.313470 0.447196
vt 0.314121 0.433182
vt 0.290507 0.446178
vt 0.291344 0.431646
vt 0.341906 0.447802
vt 0.342219 0.434095
vt 0.319884 0.447413
vt 0.320472 0.433416
vt 0.762056 0.833614
vt 0.754436 0.832399
vt 0.672719 0.833614
vt 0.672522 0.839684
vt 0.782528 0.819552
vt 0.693191 0.819552
vt 0.738706 0.819552
vt 0.683947 0.850385
vt 0.081515 0.467835
vt 0.119770 0.462300
vt 0.085956 0.461180
vt 0.113395 0.458610
vt 0.732842 0.912804
vt 0.727163 0.910617
vt 0.788386 0.917956
vt 0.722733 0.907400
vt 0.726237 0.896586
vt 0.842523 0.915343
vt 0.728624 0.923519
vt 0.719945 0.919697
vt 0.711680 0.912002
vt 0.720297 0.889965
vt 0.849369 0.926134
vt 0.788055 0.928719
vt 0.454741 0.229444
vt 0.454788 0.172659
vt 0.415639 0.282593
vt 0.452792 0.285874
vt 0.414604 0.292351
vt 0.419623 0.172397
vt 0.384131 0.171608
vt 0.382867 0.227297
vt 0.381151 0.278735
vt 0.953718 0.651500
vt 0.953791 0.686839
vt 0.941019 0.671385
vt 0.942612 0.661366
vt 0.473231 0.860930
vt 0.471796 0.774233
vt 0.490010 0.802803
vt 0.486944 0.832546
vt 0.856313 0.601946
vt 0.850996 0.572400
vt 0.862643 0.580795
vt 0.862805 0.593669
vt 0.691711 0.768933
vt 0.691711 0.725554
vt 0.953791 0.577583
vt 0.944822 0.584526
vt 0.465143 0.546638
vt 0.418357 0.228424
vt 0.407558 0.255098
vt 0.408547 0.234363
vt 0.391189 0.254133
vt 0.391950 0.233633
vt 0.409093 0.222468
vt 0.409893 0.201062
vt 0.392333 0.221865
vt 0.392598 0.200629
vt 0.445134 0.223423
vt 0.445548 0.201606
vt 0.428010 0.222863
vt 0.428112 0.201393
vt 0.443855 0.257273
vt 0.444700 0.235635
vt 0.426648 0.256256
vt 0.427606 0.234937
vt 0.863502 0.655659
vt 0.875826 0.658166
vt 0.874232 0.668186
vt 0.862052 0.666587
vt 0.872554 0.580002
vt 0.873390 0.591551
vt 0.932643 0.582928
vt 0.930289 0.658859
vt 0.928839 0.669787
vt 0.919870 0.676730
vt 0.853083 0.646646
vt 0.886931 0.648300
vt 0.885779 0.562992
vt 0.882762 0.601946
vt 0.853083 0.673530
vt 0.919870 0.567474
vt 0.919870 0.649846
vt 0.887004 0.683640
vt 0.109935 0.826087
vt 0.176570 0.826087
vt 0.176570 0.803961
vt 0.109935 0.803961
vt 0.499835 0.659967
vt 0.505088 0.662530
vt 0.518979 0.632757
vt 0.471796 0.629594
vt 0.175585 0.685296
vt 0.175629 0.670063
vt 0.111085 0.669941
vt 0.110880 0.685123
vt 0.493273 0.834184
vt 0.496962 0.801308
vt 0.511590 0.774233
vt 0.510043 0.858001
vt 0.371059 0.329839
vt 0.399603 0.326478
vt 0.403936 0.300964
vt 0.788445 0.672417
vt 0.788445 0.696657
vt 0.780288 0.696657
vt 0.780288 0.672417
vt 0.824014 0.672417
vt 0.824014 0.696657
vt 0.740641 0.696657
vt 0.740641 0.672417
vt 0.370996 0.322165
vt 0.393312 0.320389
vt 0.393769 0.306619
vt 0.134966 0.510943
vt 0.132958 0.547416
vt 0.128896 0.551058
vt 0.152882 0.548498
vt 0.468433 0.542039
vt 0.493069 0.538367
vt 0.496706 0.541217
vt 0.154844 0.512151
vt 0.049795 0.884458
vt 0.049816 0.903276
vt 0.483246 0.530406
vt 0.474077 0.530600
vt 0.063446 0.872221
vt 0.058812 0.915925
vt 0.025430 0.830416
vt 0.055921 0.830100
vt 0.059402 0.833350
vt 0.022129 0.833737
vt 0.025511 0.811356
vt 0.022239 0.808088
vt 0.054820 0.811187
vt 0.057919 0.807884
s 0
f 1/1/1 11/2/1 20/3/1 10/4/1
f 2/5/2 12/6/2 11/7/2 1/8/2
f 3/9/3 13/10/3 12/6/3 2/5/3
f 4/11/4 14/12/4 13/10/4 3/9/4
f 5/13/5 15/14/5 14/12/5 4/11/5
f 6/15/6 16/16/6 15/14/6 5/13/6
f 7/17/7 17/18/7 16/16/7 6/15/7
f 8/19/8 18/20/8 17/18/8 7/17/8
f 9/21/9 19/22/9 18/20/9 8/19/9
f 10/4/10 20/3/10 19/22/10 9/21/10
f 11/2/11 21/23/11 30/24/11 20/3/11
f 12/6/12 22/25/12 21/26/12 11/7/12
f 13/10/13 23/27/13 22/25/13 12/6/13
f 14/12/14 24/28/14 23/27/14 13/10/14
f 15/14/15 25/29/15 24/28/15 14/12/15
f 16/16/16 26/30/16 25/29/16 15/14/16
f 17/18/17 27/31/17 26/30/17 16/16/17
f 18/20/18 28/32/18 27/31/18 17/18/18
f 19/22/19 29/33/19 28/32/19 18/20/19
f 20/3/20 30/24/20 29/33/20 19/22/20
f 21/23/21 31/34/21 40/35/21 30/24/21
f 22/25/22 32/36/22 31/37/22 21/26/22
f 23/27/23 33/38/23 32/36/23 22/25/23
f 24/28/24 34/39/24 33/38/24 23/27/24
f 25/29/25 35/40/25 34/39/25 24/28/25
f 26/30/26 36/41/26 35/40/26 25/29/26
f 27/31/27 37/42/27 36/41/27 26/30/27
f 28/32/28 38/43/28 37/42/28 27/31/28
f 29/33/29 39/44/29 38/43/29 28/32/29
f 30/24/30 40/35/30 39/44/30 29/33/30
f 31/34/31 41/45/31 50/46/31 40/35/31
f 32/36/32 42/47/32 41/48/32 31/37/32
f 33/38/33 43/49/33 42/47/33 32/36/33
f 34/39/34 44/50/34 43/49/34 33/38/34
f 35/40/35 45/51/35 44/50/35 34/39/35
f 36/41/36 46/52/36 45/51/36 35/40/36
f 37/42/37 47/53/37 46/52/37 36/41/37
f 38/43/38 48/54/38 47/53/38 37/42/38
f 39/44/39 49/55/39 48/54/39 38/43/39
f 40/35/40 50/46/40 49/55/40 39/44/40
f 41/45/41 51/56/41 60/57/41 50/46/41
f 42/47/42 52/58/42 51/59/42 41/48/42
f 43/49/43 53/60/43 52/58/43 42/47/43
f 44/50/44 54/61/44 53/60/44 43/49/44
f 45/51/45 55/62/45 54/61/45 44/50/45
f 46/52/46 56/63/46 55/62/46 45/51/46
f 47/53/47 57/64/47 56/63/47 46/52/47
f 48/54/48 58/65/48 57/64/48 47/53/48
f 49/55/49 59/66/49 58/65/49 48/54/49
f 50/46/50 60/57/50 59/66/50 49/55/50
f 51/56/51 61/67/51 70/68/51 60/57/51
f 52/58/52 62/69/52 61/70/52 51/59/52
f 53/60/53 63/71/53 62/69/53 52/58/53
f 54/61/54 64/72/54 63/71/54 53/60/54
f 55/62/55 65/73/55 64/72/55 54/61/55
f 56/63/56 66/74/56 65/73/56 55/62/56
f 57/64/57 67/75/57 66/74/57 56/63/57
f 58/65/58 68/76/58 67/75/58 57/64/58
f 59/66/59 69/77/59 68/76/59 58/65/59
f 60/57/60 70/68/60 69/77/60 59/66/60
f 61/67/61 71/78/61 80/79/61 70/68/61
f 62/69/62 72/80/62 71/81/62 61/70/62
f 63/71/63 73/82/63 72/80/63 62/69/63
f 64/72/64 74/83/64 73/82/64 63/71/64
f 65/73/65 75/84/65 74/83/65 64/72/65
f 66/74/66 76/85/66 75/84/66 65/73/66
f 67/75/67 77/86/67 76/85/67 66/74/67
f 68/76/68 78/87/68 77/86/68 67/75/68
f 69/77/69 79/88/69 78/87/69 68/76/69
f 70/68/70 80/79/70 79/88/70 69/77/70
f 71/78/71 81/89/71 90/90/71 80/79/71
f 72/80/72 82/91/72 81/92/72 71/81/72
f 73/82/73 83/93/73 82/91/73 72/80/73
f 74/83/74 84/94/74 83/93/74 73/82/74
f 75/84/75 85/95/75 84/94/75 74/83/75
f 76/85/76 86/96/76 85/95/76 75/84/76
f 77/86/77 87/97/77 86/96/77 76/85/77
f 78/87/78 88/98/78 87/97/78 77/86/78
f 79/88/79 89/99/79 88/98/79 78/87/79
f 80/79/80 90/90/80 89/99/80 79/88/80
f 81/89/81 91/100/81 100/101/81 90/90/81
f 82/91/82 92/102/82 91/103/82 81/92/82
f 83/93/83 93/104/83 92/102/83 82/91/83
f 84/94/84 94/105/84 93/104/84 83/93/84
f 85/95/85 95/106/85 94/105/85 84/94/85
f 86/96/86 96/107/86 95/106/86 85/95/86
f 87/97/87 97/108/87 96/107/87 86/96/87
f 88/98/88 98/109/88 97/108/88 87/97/88
f 89/99/89 99/110/89 98/109/89 88/98/89
f 90/90/90 100/101/90 99/110/90 89/99/90
f 91/100/91 101/111/91 110/112/91 100/101/91
f 92/102/92 102/113/92 101/114/92 91/103/92
f 93/104/93 103/115/93 102/113/93 92/102/93
f 94/105/94 104/116/94 103/115/94 93/104/94
f 95/106/95 105/117/95 104/116/95 94/105/95
f 96/107/96 106/118/96 105/117/96 95/106/96
f 97/108/97 107/119/97 106/118/97 96/107/97
f 98/109/98 108/120/98 107/119/98 97/108/98
f 99/110/99 109/121/99 108/120/99 98/109/99
f 100/101/100 110/112/100 109/121/100 99/110/100
f 101/111/101 111/122/101 120/123/101 110/112/101
f 102/113/102 112/124/102 111/125/102 101/114/102
f 103/115/103 113/126/103 112/124/103 102/113/103
f 104/116/104 114/127/104 113/126/104 103/115/104
f 105/117/105 115/128/105 114/127/105 104/116/105
f 106/118/106 116/129/106 115/128/106 105/117/106
f 107/119/107 117/130/107 116/129/107 106/118/107
f 108/120/108 118/131/108 117/130/108 107/119/108
f 109/121/109 119/132/109 118/131/109 108/120/109
f 110/112/110 120/123/110 119/132/110 109/121/110
f 111/122/111 121/133/111 130/134/111 120/123/111
f 112/124/112 122/135/112 121/136/112 111/125/112
f 113/126/113 123/137/113 122/135/113 112/124/113
f 114/127/114 124/138/114 123/137/114 113/126/114
f 115/128/115 125/139/115 124/138/115 114/127/115
f 116/129/116 126/140/116 125/139/116 115/128/116
f 117/130/117 127/141/117 126/140/117 116/129/117
f 118/131/118 128/142/118 127/141/118 117/130/118
f 119/132/119 129/143/119 128/142/119 118/131/119
f 120/123/120 130/134/120 129/143/120 119/132/120
f 121/133/121 131/144/121 140/145/121 130/134/121
f 122/135/122 132/146/122 131/147/122 121/136/122
f 123/137/123 133/148/123 132/146/123 122/135/123
f 124/138/124 134/149/124 133/148/124 123/137/124
f 125/139/125 135/150/125 134/149/125 124/138/125
f 126/140/126 136/151/126 135/150/126 125/139/126
f 127/141/127 137/152/127 136/151/127 126/140/127
f 128/142/128 138/153/128 137/152/128 127/141/128
f 129/143/129 139/154/129 138/153/129 128/142/129
f 130/134/130 140/145/130 139/154/130 129/143/130
f 131/144/131 141/155/131 150/156/131 140/145/131
f 132/146/132 142/157/132 141/158/132 131/147/132
f 133/148/133 143/159/133 142/157/133 132/146/133
f 134/149/134 144/160/134 143/159/134 133/148/134
f 135/150/135 145/161/135 144/160/135 134/149/135
f 136/151/136 146/162/136 145/161/136 135/150/136
f 137/152/137 147/163/137 146/162/137 136/151/137
f 138/153/138 148/164/138 147/163/138 137/152/138
f 139/154/139 149/165/139 148/164/139 138/153/139
f 140/145/140 150/156/140 149/165/140 139/154/140
f 141/155/141 151/166/141 160/167/141 150/156/141
f 142/157/142 152/168/142 151/169/142 141/158/142
f 143/159/143 153/170/143 152/168/143 142/157/143
f 144/160/144 154/171/144 153/170/144 143/159/144
f 145/161/145 155/172/145 154/171/145 144/160/145
f 146/162/146 156/173/146 155/172/146 145/161/146
f 147/163/147 157/174/147 156/173/147 146/162/147
f 148/164/148 158/175/148 157/174/148 147/163/148
f 149/165/149 159/176/149 158/175/149 148/164/149
f 150/156/150 160/167/150 159/176/150 149/165/150
f 151/166/151 161/177/151 170/178/151 160/167/151
f 152/168/152 162/179/152 161/180/152 151/169/152
f 153/170/153 163/181/153 162/179/153 152/168/153
f 154/171/154 164/182/154 163/181/154 153/170/154
f 155/172/155 165/183/155 164/182/155 154/171/155
f 156/173/156 166/184/156 165/183/156 155/172/156
f 157/174/157 167/185/157 166/184/157 156/173/157
f 158/175/158 168/186/158 167/185/158 157/174/158
f 159/176/159 169/187/159 168/186/159 158/175/159
f 160/167/160 170/178/160 169/187/160 159/176/160
f 161/177/161 171/188/161 180/189/161 170/178/161
f 162/179/162 172/190/162 171/191/162 161/180/162
f 163/181/163 173/192/163 172/190/163 162/179/163
f 164/182/164 174/193/164 173/192/164 163/181/164
f 165/183/165 175/194/165 174/193/165 164/182/165
f 166/184/166 176/195/166 175/194/166 165/183/166
f 167/185/167 177/196/167 176/195/167 166/184/167
f 168/186/168 178/197/168 177/196/168 167/185/168
f 169/187/169 179/198/169 178/197/169 168/186/169
f 170/178/170 180/189/170 179/198/170 169/187/170
f 171/188/171 181/199/171 190/200/171 180/189/171
f 172/190/172 182/201/172 181/202/172 171/191/172
f 173/192/173 183/203/173 182/201/173 172/190/173
f 174/193/174 184/204/174 183/203/174 173/192/174
f 175/194/175 185/205/175 184/204/175 174/193/175
f 176/195/176 186/206/176 185/205/176 175/194/176
f 177/196/177 187/207/177 186/206/177 176/195/177
f 178/197/178 188/208/178 187/207/178 177/196/178
f 179/198/179 189/209/179 188/208/179 178/197/179
f 180/189/180 190/200/180 189/209/180 179/198/180
f 181/199/181 191/210/181 200/211/181 190/200/181
f 182/201/182 192/212/182 191/213/182 181/202/182
f 183/203/183 193/214/183 192/212/183 182/201/183
f 184/204/184 194/215/184 193/214/184 183/203/184
f 185/205/185 195/216/185 194/215/185 184/204/185
f 186/206/186 196/217/186 195/216/186 185/205/186
f 187/207/187 197/218/187 196/217/187 186/206/187
f 188/208/188 198/219/188 197/218/188 187/207/188
f 189/209/189 199/220/189 198/219/189 188/208/189
f 190/200/190 200/211/190 199/220/190 189/209/190
f 191/210/191 201/221/191 210/222/191 200/211/191
f 192/212/192 202/223/192 201/224/192 191/213/192
f 193/214/193 203/225/193 202/223/193 192/212/193
f 194/215/194 204/226/194 203/225/194 193/214/194
f 195/216/195 205/227/195 204/226/195 194/215/195
f 196/217/196 206/228/196 205/227/196 195/216/196
f 197/218/197 207/229/197 206/228/197 196/217/197
f 198/219/198 208/230/198 207/229/198 197/218/198
f 199/220/199 209/231/199 208/230/199 198/219/199
f 200/211/200 210/222/200 209/231/200 199/220/200
f 201/221/201 211/232/201 220/233/201 210/222/201
f 202/223/202 212/234/202 211/235/202 201/224/202
f 203/225/203 213/236/203 212/234/203 202/223/203
f 204/226/204 214/237/204 213/236/204 203/225/204
f 205/227/205 215/238/205 214/237/205 204/226/205
f 206/228/206 216/239/206 215/238/206 205/227/206
f 207/229/207 217/240/207 216/239/207 206/228/207
f 208/230/208 218/241/208 217/240/208 207/229/208
f 209/231/209 219/242/209 218/241/209 208/230/209
f 210/222/210 220/233/210 219/242/210 209/231/210
f 211/232/211 221/243/211 230/244/211 220/233/211
f 212/234/212 222/245/212 221/246/212 211/235/212
f 213/236/213 223/247/213 222/245/213 212/234/213
f 214/237/214 224/248/214 223/247/214 213/236/214
f 215/238/215 225/249/215 224/248/215 214/237/215
f 216/239/216 226/250/216 225/249/216 215/238/216
f 217/240/217 227/251/217 226/250/217 216/239/217
f 218/241/218 228/252/218 227/251/218 217/240/218
f 219/242/219 229/253/219 228/252/219 218/241/219
f 220/233/220 230/244/220 229/253/220 219/242/220
f 221/243/221 231/254/221 240/255/221 230/244/221
f 222/245/222 232/256/222 231/257/222 221/246/222
f 223/247/223 233/258/223 232/256/223 222/245/223
f 224/248/224 234/259/224 233/258/224 223/247/224
f 225/249/225 235/260/225 234/259/225 224/248/225
f 226/250/226 236/261/226 235/260/226 225/249/226
f 227/251/227 237/262/227 236/261/227 226/250/227
f 228/252/228 238/263/228 237/262/228 227/251/228
f 229/253/229 239/264/229 238/263/229 228/252/229
f 230/244/230 240/255/230 239/264/230 229/253/230
f 231/254/231 241/265/231 250/266/231 240/255/231
f 232/256/232 242/267/232 241/268/232 231/257/232
f 233/258/233 243/269/233 242/267/233 232/256/233
f 234/259/234 244/270/234 243/269/234 233/258/234
f 235/260/235 245/271/235 244/270/235 234/259/235
f 236/261/236 246/272/236 245/271/236 235/260/236
f 237/262/237 247/273/237 246/272/237 236/261/237
f 238/263/238 248/274/238 247/273/238 237/262/238
f 239/264/239 249/275/239 248/274/239 238/263/239
f 240/255/240 250/266/240 249/275/240 239/264/240
f 241/265/241 251/276/241 260/277/241 250/266/241
f 242/267/242 252/278/242 251/279/242 241/268/242
f 243/269/243 253/280/243 252/278/243 242/267/243
f 244/270/244 254/281/244 253/280/244 243/269/244
f 245/271/245 255/282/245 254/281/245 244/270/245
f 246/272/246 256/283/246 255/282/246 245/271/246
f 247/273/247 257/284/247 256/283/247 246/272/247
f 248/274/248 258/285/248 257/284/248 247/273/248
f 249/275/249 259/286/249 258/285/249 248/274/249
f 250/266/250 260/277/250 259/286/250 249/275/250
f 251/276/251 261/287/251 270/288/251 260/277/251
f 252/278/252 262/289/252 261/290/252 251/279/252
f 253/280/253 263/291/253 262/289/253 252/278/253
f 254/281/254 264/292/254 263/291/254 253/280/254
f 255/282/255 265/293/255 264/292/255 254/281/255
f 256/283/256 266/294/256 265/293/256 255/282/256
f 257/284/257 267/295/257 266/294/257 256/283/257
f 258/285/258 268/296/258 267/295/258 257/284/258
f 259/286/259 269/297/259 268/296/259 258/285/259
f 260/277/260 270/288/260 269/297/260 259/286/260
f 261/287/261 271/298/261 280/299/261 270/288/261
f 262/289/262 272/300/262 271/301/262 261/290/262
f 263/291/263 273/302/263 272/300/263 262/289/263
f 264/292/264 274/303/264 273/302/264 263/291/264
f 265/293/265 275/304/265 274/303/265 264/292/265
f 266/294/266 276/305/266 275/304/266 265/293/266
f 267/295/267 277/306/267 276/305/267 266/294/267
f 268/296/268 278/307/268 277/306/268 267/295/268
f 269/297/269 279/308/269 278/307/269 268/296/269
f 270/288/270 280/299/270 279/308/270 269/297/270
f 271/298/271 281/309/271 290/310/271 280/299/271
f 272/300/272 282/311/272 281/312/272 271/301/272
f 273/302/273 283/313/273 282/311/273 272/300/273
f 274/303/274 284/314/274 283/313/274 273/302/274
f 275/304/275 285/315/275 284/314/275 274/303/275
f 276/305/276 286/316/276 285/315/276 275/304/276
f 277/306/277 287/317/277 286/316/277 276/305/277
f 278/307/278 288/318/278 287/317/278 277/306/278
f 279/308/279 289/319/279 288/318/279 278/307/279
f 280/299/280 290/310/280 289/319/280 279/308/280
f 281/309/281 291/320/281 300/321/281 290/310/281
f 282/311/282 292/322/282 291/323/282 281/312/282
f 283/313/283 293/324/283 292/322/283 282/311/283
f 284/314/284 294/325/284 293/324/284 283/313/284
f 285/315/285 295/326/285 294/325/285 284/314/285
f 286/316/286 296/327/286 295/326/286 285/315/286
f 287/317/287 297/328/287 296/327/287 286/316/287
f 288/318/288 298/329/288 297/328/288 287/317/288
f 289/319/289 299/330/289 298/329/289 288/318/289
f 290/310/290 300/321/290 299/330/290 289/319/290
f 291/320/291 301/331/291 310/332/291 300/321/291
f 292/322/292 302/333/292 301/334/292 291/323/292
f 293/324/293 303/335/293 302/333/293 292/322/293
f 294/325/294 304/336/294 303/335/294 293/324/294
f 295/326/295 305/337/295 304/336/295 294/325/295
f 296/327/296 306/338/296 305/337/296 295/326/296
f 297/328/297 307/339/297 306/338/297 296/327/297
f 298/329/298 308/340/298 307/339/298 297/328/298
f 299/330/299 309/341/299 308/340/299 298/329/299
f 300/321/300 310/332/300 309/341/300 299/330/300
f 301/331/301 311/342/301 320/343/301 310/332/301
f 302/333/302 312/344/302 311/345/302 301/334/302
f 303/335/303 313/346/303 312/344/303 302/333/303
f 304/336/304 314/347/304 313/346/304 303/335/304
f 305/337/305 315/348/305 314/347/305 304/336/305
f 306/338/306 316/349/306 315/348/306 305/337/306
f 307/339/307 317/350/307 316/349/307 306/338/307
f 308/340/308 318/351/308 317/350/308 307/339/308
f 309/341/309 319/352/309 318/351/309 308/340/309
f 310/332/310 320/343/310 319/352/310 309/341/310
f 311/342/311 321/353/311 330/354/311 320/343/311
f 312/344/312 322/355/312 321/356/312 311/345/312
f 313/346/313 323/357/313 322/355/313 312/344/313
f 314/347/314 324/358/314 323/357/314 313/346/314
f 315/348/315 325/359/315 324/358/315 314/347/315
f 316/349/316 326/360/316 325/359/316 315/348/316
f 317/350/317 327/361/317 326/360/317 316/349/317
f 318/351/318 328/362/318 327/361/318 317/350/318
f 319/352/319 329/363/319 328/362/319 318/351/319
f 320/343/320 330/354/320 329/363/320 319/352/320
f 333/364/321 334/365/321 338/366/321 337/367/321
f 338/366/322 335/368/322 336/369/322 337/367/322
f 331/370/323 332/371/323 336/369/323 335/368/323
f 334/365/324 331/370/324 335/368/324 338/366/324
f 332/371/325 333/364/325 337/367/325 336/369/325
f 343/372/326 344/373/326 340/374/326 339/375/326
f 341/376/327 342/377/327 346/378/327 345/379/327
f 353/380/328 347/381/328 348/382/328 354/383/328
f 371/384/329 349/385/329 351/386/329 372/387/329
f 360/388/330 359/389/330 348/382/330 347/381/330
f 356/390/331 355/391/331 361/392/331 362/393/331
f 359/394/332 361/395/332 354/383/332 348/382/332
f 373/396/333 356/397/333 349/385/333 371/384/333
f 349/385/334 356/397/334 362/398/334 353/380/334
f 362/398/335 360/399/335 347/381/335 353/380/335
f 355/400/336 374/401/336 372/387/336 351/386/336
f 365/402/337 364/403/337 374/401/337 355/400/337
f 366/404/338 363/405/338 356/397/338 373/396/338
f 364/403/339 366/406/339 373/407/339 374/401/339
f 363/408/340 365/409/340 355/391/340 356/390/340
f 370/410/341 367/411/341 360/399/341 362/398/341
f 369/412/342 370/413/342 362/393/342 361/392/342
f 368/414/343 369/415/343 361/395/343 359/394/343
f 367/416/344 368/414/344 359/389/344 360/388/344
f 355/400/345 351/386/345 354/383/345 361/395/345
f 351/386/346 349/385/346 353/380/346 354/383/346
f 345/379/347 346/378/347 365/409/347 363/408/347
f 342/377/348 341/376/348 366/406/348 364/403/348
f 341/417/349 345/418/349 363/405/349 366/404/349
f 346/419/350 342/420/350 364/403/350 365/402/350
f 339/375/351 340/374/351 368/414/351 367/416/351
f 340/374/322 344/421/322 369/415/322 368/414/322
f 344/373/352 343/372/352 370/413/352 369/412/352
f 343/422/353 339/423/353 367/411/353 370/410/353
f 372/387/354 374/401/354 373/407/354 371/384/354
f 350/424/355 375/425/355 378/426/355 357/427/355
f 375/425/356 376/428/356 377/429/356 378/426/356
f 350/424/357 352/430/357 376/428/357 375/425/357
f 358/431/358 357/427/358 378/426/358 377/429/358
f 352/430/359 358/431/359 377/429/359 376/428/359
f 551/432/360 547/433/360 382/434/360 423/435/360
f 578/436/361 982/437/361 386/438/361 424/439/361
f 522/440/362 510/441/362 384/442/362 425/443/362
f 512/444/363 389/445/363 398/446/363 515/447/363
f 590/448/364 517/449/364 383/450/364 570/451/364
f 533/452/363 387/453/363 395/454/363 536/455/363
f 589/456/365 511/457/365 987/458/365 991/459/365
f 539/460/360 379/461/360 392/462/360 540/463/360
f 577/464/322 977/465/322 978/466/322 426/467/322
f 423/435/360 382/434/360 394/468/360 428/469/360
f 429/470/322 396/471/322 393/472/322 422/473/322
f 514/474/366 518/475/366 393/472/366 396/476/366
f 513/477/367 515/447/367 398/446/367 392/462/367
f 428/469/353 394/468/353 397/478/353 430/479/353
f 516/480/360 380/481/360 393/472/360 518/475/360
f 555/482/360 381/483/360 391/484/360 559/485/360
f 426/486/363 978/487/363 396/471/363 429/470/363
f 981/488/363 980/489/363 397/490/363 560/491/363
f 979/492/363 403/493/363 407/494/363 514/474/363
f 509/495/360 399/496/360 405/497/360 513/477/360
f 501/498/360 400/499/360 406/500/360 503/501/360
f 493/502/367 495/503/367 408/504/367 405/497/367
f 494/505/366 503/501/366 406/500/366 407/494/366
f 588/506/368 491/507/368 403/508/368 573/509/368
f 587/510/369 502/511/369 401/512/369 574/513/369
f 492/514/363 404/515/363 408/504/363 495/503/363
f 497/516/362 490/517/362 402/518/362 431/519/362
f 521/520/360 516/480/360 400/499/360 432/521/360
f 616/522/360 519/523/360 420/524/360 610/525/360
f 614/526/370 496/527/370 595/528/370 609/529/370
f 604/530/363 413/531/363 417/532/363 607/533/363
f 606/534/353 416/535/353 418/536/353 608/537/353
f 607/533/322 417/532/322 415/538/322 600/539/322
f 601/540/360 410/541/360 416/535/360 606/534/360
f 620/542/322 575/543/322 413/544/322 604/545/322
f 467/546/360 409/547/360 415/538/360 468/548/360
f 461/549/363 414/550/363 418/536/363 464/551/363
f 615/552/370 596/553/370 412/554/370 603/555/370
f 619/556/371 576/557/371 411/558/371 602/559/371
f 618/560/360 550/561/360 410/541/360 601/540/360
f 980/562/363 427/563/363 430/479/363 397/478/363
f 380/481/360 421/564/360 422/473/360 393/472/360
f 524/565/360 521/520/360 432/521/360 442/566/360
f 498/567/372 497/516/372 431/519/372 441/568/372
f 814/569/363 426/486/363 429/470/363 439/570/363
f 438/571/353 428/469/353 430/479/353 440/572/353
f 439/570/322 429/470/322 422/473/322 444/573/322
f 433/574/360 423/435/360 428/469/360 438/571/360
f 813/575/322 577/464/322 426/467/322 814/576/322
f 523/577/373 522/440/373 425/443/373 435/578/373
f 579/579/371 578/436/371 424/439/371 434/580/371
f 552/581/360 551/432/360 423/435/360 433/574/360
f 553/582/360 552/581/360 433/574/360 445/583/360
f 582/584/371 579/579/371 434/580/371 446/585/371
f 526/586/374 523/577/374 435/578/374 447/587/374
f 448/588/375 581/589/375 996/590/375 995/591/375
f 445/583/360 433/574/360 438/571/360 450/592/360
f 451/593/322 439/570/322 444/573/322 456/594/322
f 450/592/353 438/571/353 440/572/353 452/595/353
f 815/596/363 814/569/363 439/570/363 451/593/363
f 499/597/376 498/567/376 441/568/376 453/598/376
f 525/599/360 524/565/360 442/566/360 454/600/360
f 427/563/363 437/601/363 440/572/363 430/479/363
f 421/564/360 443/602/360 444/573/360 422/473/360
f 528/603/360 525/599/360 454/600/360 466/604/360
f 500/605/377 499/597/377 453/598/377 465/606/377
f 460/607/363 815/596/363 451/593/363 463/608/363
f 462/609/353 450/592/353 452/595/353 464/551/353
f 463/608/322 451/593/322 456/594/322 468/548/322
f 457/610/360 445/583/360 450/592/360 462/609/360
f 584/611/322 816/612/322 815/613/322 460/614/322
f 527/615/378 526/586/378 447/587/378 459/616/378
f 583/617/371 582/584/371 446/585/371 458/618/371
f 554/619/360 553/582/360 445/583/360 457/610/360
f 437/601/363 449/620/363 452/595/363 440/572/363
f 443/602/360 455/621/360 456/594/360 444/573/360
f 550/561/360 554/619/360 457/610/360 410/541/360
f 576/557/371 583/617/371 458/618/371 411/558/371
f 596/553/370 527/615/370 459/616/370 412/554/370
f 575/543/322 584/611/322 460/614/322 413/544/322
f 410/541/360 457/610/360 462/609/360 416/535/360
f 417/532/322 463/608/322 468/548/322 415/538/322
f 416/535/353 462/609/353 464/551/353 418/536/353
f 413/531/363 460/607/363 463/608/363 417/532/363
f 496/527/370 500/605/370 465/606/370 595/528/370
f 519/523/360 528/603/360 466/604/360 420/524/360
f 449/620/363 461/549/363 464/551/363 452/595/363
f 455/621/360 467/546/360 468/548/360 456/594/360
f 766/622/370 770/623/370 488/624/370 736/625/370
f 504/626/360 508/627/360 487/628/360 480/629/360
f 508/627/360 507/630/360 486/631/360 487/628/360
f 770/623/370 769/632/370 485/633/370 488/624/370
f 803/634/322 804/635/322 811/636/322 812/637/322
f 507/630/360 506/638/360 483/639/360 486/631/360
f 506/638/360 505/640/360 482/641/360 483/639/360
f 768/642/370 767/643/370 481/644/370 484/645/370
f 613/646/360 504/626/360 480/629/360 611/647/360
f 720/648/379 678/649/379 743/650/379 745/651/379
f 767/643/362 760/652/362 473/653/362 481/644/362
f 762/654/363 475/655/363 478/656/363 765/657/363
f 773/658/380 778/659/380 470/660/380 585/661/380
f 772/662/368 761/663/368 474/664/368 586/665/368
f 764/666/366 779/667/366 471/668/366 477/669/366
f 763/670/367 765/657/367 478/656/367 476/671/367
f 777/672/360 469/673/360 471/668/360 779/667/360
f 491/674/363 474/675/363 477/669/363 494/505/363
f 489/676/360 472/677/360 476/671/360 493/502/360
f 505/640/360 501/498/360 469/673/360 482/641/360
f 432/521/360 400/499/360 501/498/360 505/640/360
f 399/496/360 489/676/360 493/502/360 405/497/360
f 403/493/363 491/674/363 494/505/363 407/494/363
f 610/525/360 420/524/360 504/626/360 613/646/360
f 442/566/360 432/521/360 505/640/360 506/638/360
f 454/600/360 442/566/360 506/638/360 507/630/360
f 466/604/360 454/600/360 507/630/360 508/627/360
f 420/524/360 466/604/360 508/627/360 504/626/360
f 736/625/370 488/624/370 500/605/370 496/527/370
f 488/624/370 485/633/370 499/597/370 500/605/370
f 485/633/370 484/645/370 498/567/370 499/597/370
f 484/645/370 481/644/370 497/516/370 498/567/370
f 737/678/381 736/625/381 496/527/381 614/526/381
f 481/644/362 473/653/362 490/517/362 497/516/362
f 475/655/363 492/514/363 495/503/363 478/656/363
f 585/661/382 470/660/382 502/511/382 587/510/382
f 586/665/368 474/664/368 491/507/368 588/506/368
f 477/669/366 471/668/366 503/501/366 494/505/366
f 476/671/367 478/656/367 495/503/367 493/502/367
f 469/673/360 501/498/360 503/501/360 471/668/360
f 409/547/360 467/546/360 528/603/360 519/523/360
f 595/528/370 465/606/370 527/615/370 596/553/370
f 465/606/383 453/598/383 526/586/383 527/615/383
f 467/546/360 455/621/360 525/599/360 528/603/360
f 455/621/360 443/602/360 524/565/360 525/599/360
f 453/679/370 441/680/370 523/681/370 526/682/370
f 441/568/384 431/519/384 522/440/384 523/577/384
f 443/602/360 421/564/360 521/520/360 524/565/360
f 945/683/370 419/684/370 520/685/370 946/686/370
f 599/687/360 409/547/360 519/523/360 616/522/360
f 421/564/360 380/481/360 516/480/360 521/520/360
f 379/461/360 509/495/360 513/477/360 392/462/360
f 978/688/363 979/492/363 514/474/363 396/476/363
f 400/499/360 516/480/360 518/475/360 406/500/360
f 405/497/367 408/504/367 515/447/367 513/477/367
f 407/494/366 406/500/366 518/475/366 514/474/366
f 573/509/368 403/508/368 979/689/368 983/690/368
f 574/513/385 401/512/385 517/449/385 590/448/385
f 404/515/363 512/444/363 515/447/363 408/504/363
f 431/519/362 402/518/362 510/441/362 522/440/362
f 379/461/360 539/460/360 546/691/360 509/495/360
f 401/512/386 597/692/386 598/693/386 517/449/386
f 470/660/387 542/694/387 544/695/387 502/511/387
f 399/496/360 538/696/360 543/697/360 489/676/360
f 778/659/388 771/698/388 542/694/388 470/660/388
f 489/676/360 543/697/360 541/699/360 472/677/360
f 555/482/360 568/700/360 529/701/360 381/483/360
f 571/702/389 591/703/389 530/704/389 385/705/389
f 517/449/390 598/693/390 531/706/390 383/450/390
f 570/707/322 592/708/322 532/709/322 389/710/322
f 381/483/360 529/701/360 534/711/360 391/484/360
f 398/712/322 535/713/322 540/463/322 392/462/322
f 391/484/353 534/711/353 536/455/353 395/454/353
f 389/714/363 532/715/363 535/713/363 398/712/363
f 502/511/391 544/695/391 597/692/391 401/512/391
f 509/495/360 546/691/360 538/696/360 399/496/360
f 669/716/360 539/460/360 540/463/360 670/717/360
f 651/718/363 533/452/363 536/455/363 654/719/363
f 885/720/360 881/721/360 568/700/360 555/482/360
f 385/705/392 530/704/392 567/722/392 548/723/392
f 382/434/360 547/433/360 549/724/360 394/468/360
f 391/484/367 395/725/367 561/726/367 559/485/367
f 397/490/366 394/468/366 549/724/366 560/491/366
f 593/727/393 569/728/393 990/729/393 992/730/393
f 571/731/380 385/705/380 548/723/380 594/732/380
f 387/733/363 558/734/363 561/726/363 395/725/363
f 424/439/362 386/438/362 556/735/362 563/736/362
f 602/559/394 411/558/394 738/737/394 739/738/394
f 434/580/370 424/439/370 563/736/370 564/739/370
f 446/585/370 434/580/370 564/739/370 565/740/370
f 458/618/370 446/585/370 565/740/370 566/741/370
f 411/558/370 458/618/370 566/741/370 738/737/370
f 876/742/360 880/743/360 554/619/360 550/561/360
f 880/743/360 879/744/360 553/582/360 554/619/360
f 879/744/360 878/745/360 552/581/360 553/582/360
f 878/745/360 877/746/360 551/432/360 552/581/360
f 882/747/360 876/742/360 550/561/360 618/560/360
f 887/748/363 981/488/363 560/491/363 890/749/363
f 885/720/360 555/482/360 559/485/360 889/750/360
f 877/746/360 873/751/360 547/433/360 551/432/360
f 387/752/395 571/731/395 594/732/395 558/753/395
f 386/438/396 982/754/396 984/755/396 556/735/396
f 383/450/397 531/706/397 592/708/397 570/707/397
f 387/756/353 533/757/353 591/703/353 571/702/353
f 404/758/395 574/513/395 590/448/395 512/759/395
f 402/518/396 573/509/396 983/690/396 510/441/396
f 473/760/398 760/761/398 824/762/398 825/763/398
f 475/764/395 585/661/395 587/510/395 492/765/395
f 672/766/398 714/767/398 829/768/398 830/769/398
f 762/770/395 773/658/395 585/661/395 475/764/395
f 412/554/399 459/616/399 584/611/399 575/543/399
f 414/771/353 461/772/353 583/617/353 576/557/353
f 461/772/353 449/773/353 582/584/353 583/617/353
f 459/616/400 447/587/400 816/612/400 584/611/400
f 447/587/401 435/578/401 813/575/401 816/612/401
f 449/773/353 437/774/353 579/579/353 582/584/353
f 437/774/353 427/775/353 578/436/353 579/579/353
f 435/578/402 425/443/402 577/464/402 813/575/402
f 605/776/353 414/771/353 576/557/353 619/556/353
f 603/555/399 412/554/399 575/543/399 620/542/399
f 492/765/395 587/510/395 574/513/395 404/758/395
f 714/767/403 726/777/403 831/778/403 829/768/403
f 425/443/404 384/442/404 977/465/404 577/464/404
f 510/441/396 983/690/396 977/779/396 384/442/396
f 512/759/395 590/448/395 570/451/395 389/780/395
f 427/775/353 980/781/353 982/437/353 578/436/353
f 520/782/405 419/783/405 595/528/405 596/553/405
f 954/784/406 537/785/406 597/692/406 655/786/406
f 946/787/407 520/782/407 596/553/407 615/552/407
f 537/785/408 545/788/408 598/693/408 597/692/408
f 948/789/409 946/787/409 615/552/409 637/790/409
f 419/783/410 945/791/410 609/529/410 595/528/410
f 625/792/411 603/555/411 620/542/411 642/793/411
f 627/794/353 605/776/353 619/556/353 641/795/353
f 883/796/360 882/747/360 618/560/360 640/797/360
f 624/798/412 602/559/412 739/738/412 833/799/412
f 414/550/363 605/800/363 608/537/363 418/536/363
f 409/547/360 599/687/360 600/539/360 415/538/360
f 645/801/360 599/687/360 616/522/360 638/802/360
f 622/803/413 644/804/413 952/805/413 950/806/413
f 752/807/414 737/678/414 614/526/414 636/808/414
f 632/809/360 610/525/360 613/646/360 635/810/360
f 968/811/415 967/812/415 737/678/415 752/807/415
f 635/810/360 613/646/360 611/647/360 633/813/360
f 640/797/360 618/560/360 601/540/360 623/814/360
f 641/795/416 619/556/416 602/559/416 624/798/416
f 637/790/417 615/552/417 603/555/417 625/792/417
f 642/793/322 620/542/322 604/545/322 626/815/322
f 623/814/360 601/540/360 606/534/360 628/816/360
f 629/817/322 607/533/322 600/539/322 646/818/322
f 628/816/353 606/534/353 608/537/353 630/819/353
f 626/820/363 604/530/363 607/533/363 629/817/363
f 636/808/417 614/526/417 609/529/417 631/821/417
f 638/802/360 616/522/360 610/525/360 632/809/360
f 854/822/360 638/802/360 632/809/360 848/823/360
f 852/824/418 636/808/418 631/821/418 847/825/418
f 842/826/363 626/820/363 629/817/363 845/827/363
f 844/828/353 628/816/353 630/819/353 846/829/353
f 845/827/322 629/817/322 646/818/322 838/830/322
f 839/831/360 623/814/360 628/816/360 844/828/360
f 858/832/322 642/793/322 626/815/322 842/833/322
f 853/834/418 637/790/418 625/792/418 841/835/418
f 857/836/419 641/795/419 624/798/419 840/837/419
f 856/838/360 640/797/360 623/814/360 839/831/360
f 851/839/360 635/810/360 633/813/360 849/840/360
f 794/841/420 700/842/420 758/843/420 796/844/420
f 848/823/360 632/809/360 635/810/360 851/839/360
f 850/845/418 752/807/418 636/808/418 852/824/418
f 953/846/421 947/847/421 948/848/421 955/849/421
f 837/850/360 645/801/360 638/802/360 854/822/360
f 840/837/418 624/798/418 833/799/418 855/851/418
f 912/852/360 883/796/360 640/797/360 856/838/360
f 843/853/353 627/794/353 641/795/353 857/836/353
f 841/835/422 625/792/422 642/793/422 858/832/422
f 955/854/423 948/789/423 637/790/423 853/834/423
f 945/791/424 947/855/424 631/821/424 609/529/424
f 605/800/363 627/856/363 630/819/363 608/537/363
f 599/687/360 645/801/360 646/818/360 600/539/360
f 545/788/425 956/857/425 661/858/425 598/693/425
f 531/706/426 649/859/426 666/860/426 592/708/426
f 533/757/353 651/861/353 665/862/353 591/703/353
f 881/721/360 884/863/360 664/864/360 568/700/360
f 530/704/427 648/865/427 834/866/427 567/722/427
f 539/460/360 669/716/360 662/867/360 546/691/360
f 537/868/428 954/869/428 956/870/428 545/871/428
f 542/694/429 753/872/429 660/873/429 544/695/429
f 538/696/360 656/874/360 659/875/360 543/697/360
f 771/698/430 776/876/430 753/872/430 542/694/430
f 543/697/360 659/875/360 657/877/360 541/699/360
f 568/700/360 664/864/360 647/878/360 529/701/360
f 591/703/431 665/862/431 648/865/431 530/704/431
f 598/693/432 661/858/432 649/859/432 531/706/432
f 592/708/322 666/860/322 650/879/322 532/709/322
f 529/701/360 647/878/360 652/880/360 534/711/360
f 535/713/322 653/881/322 670/717/322 540/463/322
f 534/711/353 652/880/353 654/719/353 536/455/353
f 532/715/363 650/882/363 653/881/363 535/713/363
f 544/695/433 660/873/433 655/786/433 597/692/433
f 546/691/360 662/867/360 656/874/360 538/696/360
f 953/883/434 954/784/434 655/786/434 847/825/434
f 843/884/363 651/718/363 654/719/363 846/829/363
f 837/850/360 669/716/360 670/717/360 838/830/360
f 725/885/435 836/886/435 754/887/435 683/888/435
f 785/889/360 788/890/360 699/891/360 692/892/360
f 870/893/360 787/894/360 698/895/360 861/896/360
f 863/897/418 963/898/418 964/899/418 862/900/418
f 740/901/436 774/902/436 975/903/436 969/904/436
f 787/894/360 786/905/360 695/906/360 698/895/360
f 716/907/395 727/908/395 694/909/395 674/910/395
f 490/911/398 473/760/398 825/763/398 821/912/398
f 781/913/360 777/672/360 684/914/360 688/915/360
f 759/916/360 671/917/360 675/918/360 763/670/360
f 761/919/363 673/920/363 676/921/363 764/666/363
f 786/905/360 780/922/360 687/923/360 695/906/360
f 782/924/360 781/913/360 688/915/360 689/925/360
f 783/926/360 782/924/360 689/925/360 690/927/360
f 784/928/360 783/926/360 690/927/360 691/929/360
f 780/922/360 784/928/360 691/929/360 687/923/360
f 759/916/360 785/889/360 692/892/360 671/917/360
f 702/930/388 725/885/388 683/888/388 685/931/388
f 701/932/360 684/914/360 686/933/360 703/934/360
f 717/935/367 719/936/367 677/937/367 675/918/367
f 718/938/366 703/934/366 686/933/366 676/921/366
f 726/939/368 715/940/368 673/941/368 693/942/368
f 727/908/380 702/930/380 685/931/380 694/909/380
f 716/943/363 674/944/363 677/937/363 719/936/363
f 721/945/362 714/946/362 672/947/362 679/948/362
f 905/949/379 720/648/379 745/651/379 907/950/379
f 722/951/370 721/945/370 679/948/370 680/952/370
f 723/953/370 722/951/370 680/952/370 681/954/370
f 724/955/370 723/953/370 681/954/370 682/956/370
f 741/957/370 724/955/370 682/956/370 735/958/370
f 892/959/370 896/960/370 724/955/370 741/957/370
f 896/960/370 895/961/370 723/953/370 724/955/370
f 894/962/437 722/963/437 733/964/437 903/965/437
f 894/966/370 893/967/370 721/945/370 722/951/370
f 479/968/353 612/969/353 748/970/353 747/971/353
f 893/967/362 886/972/362 714/946/362 721/945/362
f 888/973/363 716/943/363 719/936/363 891/974/363
f 899/975/380 874/976/380 702/930/380 727/908/380
f 898/977/368 887/978/368 715/940/368 726/939/368
f 890/749/366 875/979/366 703/934/366 718/938/366
f 889/750/367 891/974/367 719/936/367 717/935/367
f 873/751/360 701/932/360 703/934/360 875/979/360
f 874/976/388 897/980/388 725/885/388 702/930/388
f 886/972/396 898/977/396 726/939/396 714/946/396
f 888/981/395 899/975/395 727/908/395 716/907/395
f 774/902/353 775/982/353 976/983/353 975/903/353
f 923/984/322 924/985/322 939/986/322 940/987/322
f 897/980/438 902/988/438 836/886/438 725/885/438
f 692/892/360 699/891/360 712/989/360 709/990/360
f 861/896/360 698/895/360 711/991/360 864/992/360
f 698/895/360 695/906/360 710/993/360 711/991/360
f 688/915/360 684/914/360 701/932/360 705/994/360
f 671/917/360 713/995/360 717/935/360 675/918/360
f 673/920/363 715/996/363 718/938/363 676/921/363
f 695/906/360 687/923/360 704/997/360 710/993/360
f 689/925/360 688/915/360 705/994/360 706/998/360
f 690/927/360 689/925/360 706/998/360 707/999/360
f 691/929/360 690/927/360 707/999/360 708/1000/360
f 687/923/360 691/929/360 708/1000/360 704/997/360
f 671/917/360 692/892/360 709/990/360 713/995/360
f 904/1001/370 903/965/370 733/964/370 734/1002/370
f 722/963/322 723/1003/322 734/1002/322 733/964/322
f 565/1004/353 564/1005/353 731/1006/353 732/1007/353
f 895/1008/439 565/1004/439 732/1007/439 904/1001/439
f 789/1009/440 678/649/440 735/958/440 766/622/440
f 612/969/440 479/968/440 736/625/440 737/678/440
f 562/1010/440 617/1011/440 739/738/440 738/737/440
f 790/1012/440 612/969/440 737/678/440 967/812/440
f 678/649/440 720/648/440 741/957/440 735/958/440
f 728/1013/440 696/1014/440 962/1015/440 961/1016/440
f 905/949/440 562/1010/440 738/737/440 892/959/440
f 906/1017/440 728/1013/440 961/1016/440 965/1018/440
f 792/1019/440 791/1020/440 747/1021/440 748/1022/440
f 746/1023/440 745/1024/440 743/1025/440 744/1026/440
f 908/1027/440 907/1028/440 745/1024/440 746/1023/440
f 617/1011/322 562/1010/322 749/1029/322 750/1030/322
f 789/1009/379 479/968/379 747/971/379 791/1031/379
f 906/1017/441 617/1011/441 750/1030/441 908/1032/441
f 696/1014/441 728/1013/441 746/1033/441 744/1034/441
f 790/1012/441 696/1014/441 744/1034/441 792/1035/441
f 793/1036/418 697/1037/418 964/899/418 968/811/418
f 865/1038/418 634/1039/418 752/807/418 850/845/418
f 794/1040/442 658/1041/442 753/872/442 776/876/442
f 866/1042/443 700/1043/443 754/887/443 862/900/443
f 869/1044/418 795/1045/418 756/1046/418 867/1047/418
f 793/1048/444 634/1049/444 756/1046/444 795/1045/444
f 866/1050/353 697/1051/353 755/1052/353 868/1053/353
f 865/1054/322 658/1055/322 757/1056/322 867/1047/322
f 697/1051/444 793/1048/444 795/1045/444 755/1052/444
f 868/1053/418 755/1052/418 795/1045/418 869/1044/418
f 700/1043/442 794/1040/442 776/876/442 754/887/442
f 634/1039/418 793/1036/418 968/811/418 752/807/418
f 612/969/441 790/1012/441 792/1035/441 748/970/441
f 678/649/379 789/1009/379 791/1031/379 743/650/379
f 744/1026/440 743/1025/440 791/1020/440 792/1019/440
f 696/1014/440 790/1012/440 967/812/440 962/1015/440
f 479/968/440 789/1009/440 766/622/440 736/625/440
f 472/677/360 541/699/360 785/889/360 759/916/360
f 480/629/360 487/628/360 784/928/360 780/922/360
f 487/628/360 486/631/360 783/926/360 784/928/360
f 486/631/360 483/639/360 782/924/360 783/926/360
f 483/639/360 482/641/360 781/913/360 782/924/360
f 611/647/360 480/629/360 780/922/360 786/905/360
f 474/675/363 761/919/363 764/666/363 477/669/363
f 472/677/360 759/916/360 763/670/360 476/671/360
f 482/641/360 469/673/360 777/672/360 781/913/360
f 633/813/360 611/647/360 786/905/360 787/894/360
f 849/840/360 633/813/360 787/894/360 870/893/360
f 541/699/360 657/877/360 788/890/360 785/889/360
f 683/888/430 754/887/430 776/876/430 771/698/430
f 658/1055/420 794/841/420 796/844/420 757/1056/420
f 751/1057/445 835/1058/445 972/1059/445 970/1060/445
f 674/910/395 694/909/395 773/658/395 762/770/395
f 760/761/398 672/766/398 830/769/398 824/762/398
f 685/931/388 683/888/388 771/698/388 778/659/388
f 684/914/360 777/672/360 779/667/360 686/933/360
f 675/918/367 677/937/367 765/657/367 763/670/367
f 676/921/366 686/933/366 779/667/366 764/666/366
f 693/942/368 673/941/368 761/663/368 772/662/368
f 694/909/380 685/931/380 778/659/380 773/658/380
f 674/944/363 762/654/363 765/657/363 677/937/363
f 679/948/362 672/947/362 760/652/362 767/643/362
f 680/952/370 679/948/370 767/643/370 768/642/370
f 798/1061/437 799/1062/437 808/1063/437 805/1064/437
f 682/956/370 681/954/370 769/632/370 770/623/370
f 735/958/370 682/956/370 770/623/370 766/622/370
f 769/632/370 768/642/370 798/1065/370 797/1066/370
f 768/642/370 484/645/370 799/1067/370 798/1065/370
f 484/645/370 485/633/370 800/1068/370 799/1067/370
f 485/633/370 769/632/370 797/1066/370 800/1068/370
f 681/954/370 680/952/370 802/1069/370 801/1070/370
f 680/952/370 768/642/370 803/1071/370 802/1069/370
f 768/642/370 769/632/370 804/1072/370 803/1071/370
f 769/632/370 681/954/370 801/1070/370 804/1072/370
f 806/1073/370 805/1064/370 808/1063/370 807/1074/370
f 810/1075/370 809/1076/370 812/637/370 811/636/370
f 797/1077/353 798/1061/353 805/1064/353 806/1073/353
f 804/635/439 801/1078/439 810/1075/439 811/636/439
f 799/1062/322 800/1079/322 807/1074/322 808/1063/322
f 800/1079/439 797/1077/439 806/1073/439 807/1074/439
f 802/1080/437 803/634/437 812/637/437 809/1076/437
f 801/1078/353 802/1080/353 809/1076/353 810/1075/353
f 436/1081/322 580/1082/322 813/575/322 814/576/322
f 448/588/322 436/1081/322 814/576/322 815/613/322
f 581/589/322 448/588/322 815/613/322 816/612/322
f 580/1082/322 581/589/322 816/612/322 813/575/322
f 580/1082/446 436/1081/446 994/1083/446 993/1084/446
f 581/589/447 580/1082/447 993/1084/447 996/590/447
f 436/1081/363 448/588/363 995/591/363 994/1083/363
f 825/763/396 826/1085/396 827/1086/396 821/912/396
f 824/762/396 828/1087/396 826/1085/396 825/763/396
f 821/912/396 827/1086/396 823/1088/396 822/1089/396
f 829/768/396 831/778/396 832/1090/396 830/769/396
f 830/769/396 832/1090/396 828/1087/396 824/762/396
f 586/1091/448 588/1092/448 827/1086/448 826/1085/448
f 573/1093/449 402/1094/449 822/1089/449 823/1088/449
f 726/777/448 693/1095/448 832/1090/448 831/778/448
f 693/1095/448 772/1096/448 828/1087/448 832/1090/448
f 588/1092/448 573/1093/448 823/1088/448 827/1086/448
f 402/1094/398 490/911/398 821/912/398 822/1089/398
f 772/1096/448 586/1091/448 826/1085/448 828/1087/448
f 871/1097/450 663/1098/450 834/866/450 855/851/450
f 909/1099/418 639/1100/418 833/799/418 966/1101/418
f 910/1102/451 730/1103/451 836/886/451 902/988/451
f 872/1104/418 729/1105/418 963/898/418 863/897/418
f 730/1103/452 872/1104/452 863/897/452 836/886/452
f 639/1100/418 871/1097/418 855/851/418 833/799/418
f 657/877/360 849/840/360 870/893/360 788/890/360
f 758/843/453 868/1053/453 869/1044/453 796/844/453
f 634/1049/322 865/1054/322 867/1047/322 756/1046/322
f 700/842/353 866/1050/353 868/1053/353 758/843/353
f 796/844/453 869/1044/453 867/1047/453 757/1056/453
f 697/1037/418 866/1042/418 862/900/418 964/899/418
f 658/1041/454 865/1038/454 850/845/454 753/872/454
f 699/891/360 861/896/360 864/992/360 712/989/360
f 926/1106/455 927/1107/455 944/1108/455 941/1109/455
f 836/886/456 863/897/456 862/900/456 754/887/456
f 788/890/360 870/893/360 861/896/360 699/891/360
f 645/801/360 837/850/360 838/830/360 646/818/360
f 627/856/363 843/884/363 846/829/363 630/819/363
f 947/855/457 953/883/457 847/825/457 631/821/457
f 956/857/458 955/854/458 853/834/458 661/858/458
f 649/859/459 841/835/459 858/832/459 666/860/459
f 651/861/353 843/853/353 857/836/353 665/862/353
f 884/863/360 912/852/360 856/838/360 664/864/360
f 648/865/460 840/837/460 855/851/460 834/866/460
f 669/716/360 837/850/360 854/822/360 662/867/360
f 859/1110/461 860/1111/461 959/1112/461 957/1113/461
f 753/872/462 850/845/462 852/824/462 660/873/462
f 656/874/360 848/823/360 851/839/360 659/875/360
f 659/875/360 851/839/360 849/840/360 657/877/360
f 664/864/360 856/838/360 839/831/360 647/878/360
f 665/862/463 857/836/463 840/837/463 648/865/463
f 661/858/460 853/834/460 841/835/460 649/859/460
f 666/860/322 858/832/322 842/833/322 650/879/322
f 647/878/360 839/831/360 844/828/360 652/880/360
f 653/881/322 845/827/322 838/830/322 670/717/322
f 652/880/353 844/828/353 846/829/353 654/719/353
f 650/882/363 842/826/363 845/827/363 653/881/363
f 660/873/464 852/824/464 847/825/464 655/786/464
f 662/867/360 854/822/360 848/823/360 656/874/360
f 712/989/360 864/992/360 912/852/360 884/863/360
f 919/1114/322 920/1115/322 935/1116/322 936/1117/322
f 663/1098/465 910/1102/465 902/988/465 834/866/465
f 729/1105/418 909/1099/418 966/1101/418 963/898/418
f 728/1013/441 906/1017/441 908/1032/441 746/1033/441
f 750/1118/440 749/1119/440 907/1028/440 908/1027/440
f 617/1011/440 906/1017/440 965/1018/440 739/738/440
f 720/648/440 905/949/440 892/959/440 741/957/440
f 723/1003/439 895/1008/439 904/1001/439 734/1002/439
f 732/1007/370 731/1006/370 903/965/370 904/1001/370
f 567/722/466 834/866/466 902/988/466 897/980/466
f 922/1120/467 923/984/467 940/987/467 937/1121/467
f 833/799/415 739/738/415 965/1018/415 966/1101/415
f 558/753/395 594/732/395 899/975/395 888/981/395
f 556/735/396 984/755/396 898/977/396 886/972/396
f 548/723/388 567/722/388 897/980/388 874/976/388
f 547/433/360 873/751/360 875/979/360 549/724/360
f 559/485/367 561/726/367 891/974/367 889/750/367
f 560/491/366 549/724/366 875/979/366 890/749/366
f 984/755/368 981/1122/368 887/978/368 898/977/368
f 594/732/380 548/723/380 874/976/380 899/975/380
f 558/734/363 888/973/363 891/974/363 561/726/363
f 563/736/362 556/735/362 886/972/362 893/967/362
f 564/739/370 563/736/370 893/967/370 894/966/370
f 564/1005/437 894/962/437 903/965/437 731/1006/437
f 566/741/370 565/740/370 895/961/370 896/960/370
f 738/737/370 566/741/370 896/960/370 892/959/370
f 562/1010/379 905/949/379 907/950/379 749/1029/379
f 709/990/360 712/989/360 884/863/360 881/721/360
f 864/992/360 711/991/360 883/796/360 912/852/360
f 711/991/360 710/993/360 882/747/360 883/796/360
f 705/994/360 701/932/360 873/751/360 877/746/360
f 713/995/360 885/720/360 889/750/360 717/935/360
f 715/996/363 887/748/363 890/749/363 718/938/363
f 710/993/360 704/997/360 876/742/360 882/747/360
f 706/998/360 705/994/360 877/746/360 878/745/360
f 707/999/360 706/998/360 878/745/360 879/744/360
f 708/1000/360 707/999/360 879/744/360 880/743/360
f 704/997/360 708/1000/360 880/743/360 876/742/360
f 713/995/360 709/990/360 881/721/360 885/720/360
f 911/1123/468 909/1099/468 914/1124/468 913/1125/468
f 909/1099/469 729/1105/469 915/1126/469 914/1124/469
f 729/1105/470 872/1104/470 916/1127/470 915/1126/470
f 872/1104/471 911/1123/471 913/1125/471 916/1127/471
f 910/1102/472 911/1123/472 918/1128/472 917/1129/472
f 911/1123/473 872/1104/473 919/1130/473 918/1128/473
f 872/1104/474 730/1103/474 920/1131/474 919/1130/474
f 730/1103/475 910/1102/475 917/1129/475 920/1131/475
f 663/1098/472 871/1097/472 922/1132/472 921/1133/472
f 871/1097/473 911/1123/473 923/1134/473 922/1132/473
f 911/1123/474 910/1102/474 924/1135/474 923/1134/474
f 910/1102/475 663/1098/475 921/1133/475 924/1135/475
f 871/1097/476 639/1100/476 926/1136/476 925/1137/476
f 639/1100/469 909/1099/469 927/1138/469 926/1136/469
f 909/1099/477 911/1123/477 928/1139/477 927/1138/477
f 911/1123/471 871/1097/471 925/1137/471 928/1139/471
f 930/1140/478 929/1141/478 932/1142/478 931/1143/478
f 934/1144/478 933/1145/478 936/1117/478 935/1116/478
f 938/1146/478 937/1121/478 940/987/478 939/986/478
f 942/1147/478 941/1109/478 944/1108/478 943/1148/478
f 927/1107/322 928/1149/322 943/1148/322 944/1108/322
f 913/1150/353 914/1151/353 929/1141/353 930/1140/353
f 917/1152/353 918/1153/353 933/1145/353 934/1144/353
f 916/1154/479 913/1150/479 930/1140/479 931/1143/479
f 921/1155/353 922/1120/353 937/1121/353 938/1146/353
f 920/1115/479 917/1152/479 934/1144/479 935/1116/479
f 925/1156/353 926/1106/353 941/1109/353 942/1147/353
f 914/1151/455 915/1157/455 932/1142/455 929/1141/455
f 924/985/479 921/1155/479 938/1146/479 939/986/479
f 918/1153/467 919/1114/467 936/1117/467 933/1145/467
f 928/1149/479 925/1156/479 942/1147/479 943/1148/479
f 915/1157/322 916/1154/322 931/1143/322 932/1142/322
f 622/1158/480 621/1159/480 945/683/480 946/686/480
f 621/1159/480 643/1160/480 947/847/480 945/683/480
f 644/1161/480 622/1158/480 946/686/480 948/848/480
f 643/1160/480 644/1161/480 948/848/480 947/847/480
f 951/1162/481 949/1163/481 950/806/481 952/805/481
f 621/1164/482 622/803/482 950/806/482 949/1163/482
f 644/804/483 643/1165/483 951/1162/483 952/805/483
f 643/1165/484 621/1164/484 949/1163/484 951/1162/484
f 859/1166/485 667/1167/485 954/869/485 953/846/485
f 668/1168/486 860/1169/486 955/849/486 956/870/486
f 667/1167/487 668/1168/487 956/870/487 954/869/487
f 860/1169/488 859/1166/488 953/846/488 955/849/488
f 958/1170/489 957/1113/489 959/1112/489 960/1171/489
f 860/1111/490 668/1172/490 960/1171/490 959/1112/490
f 668/1172/491 667/1173/491 958/1170/491 960/1171/491
f 667/1173/492 859/1110/492 957/1113/492 958/1170/492
f 740/901/415 742/1174/415 961/1016/415 962/1015/415
f 835/1058/415 751/1057/415 964/899/415 963/898/415
f 742/1174/415 900/1175/415 965/1018/415 961/1016/415
f 901/1176/415 835/1058/415 963/898/415 966/1101/415
f 774/902/415 740/901/415 962/1015/415 967/812/415
f 751/1057/415 775/982/415 968/811/415 964/899/415
f 775/982/415 774/902/415 967/812/415 968/811/415
f 900/1175/415 901/1176/415 966/1101/415 965/1018/415
f 972/1177/415 971/1178/415 969/1179/415 970/1180/415
f 974/1181/415 973/1182/415 971/1178/415 972/1177/415
f 970/1180/415 969/1179/415 975/1183/415 976/1184/415
f 900/1175/436 742/1174/436 971/1185/436 973/1186/436
f 742/1174/436 740/901/436 969/904/436 971/1185/436
f 901/1176/322 900/1175/322 973/1186/322 974/1187/322
f 775/982/445 751/1057/445 970/1060/445 976/983/445
f 835/1058/445 901/1176/445 974/1187/445 972/1059/445
f 572/1188/368 390/1189/368 978/1190/368 977/779/368
f 390/1189/368 511/1191/368 979/689/368 978/1190/368
f 557/1192/368 388/1193/368 980/1194/368 981/1122/368
f 388/1193/368 569/728/368 982/754/368 980/1194/368
f 511/1191/368 589/1195/368 983/690/368 979/689/368
f 593/727/368 557/1192/368 981/1122/368 984/755/368
f 569/728/368 593/727/368 984/755/368 982/754/368
f 589/1195/368 572/1188/368 977/779/368 983/690/368
f 991/459/368 987/458/368 986/1196/368 985/1197/368
f 990/729/368 988/1198/368 989/1199/368 992/730/368
f 388/1193/493 557/1192/493 989/1199/493 988/1198/493
f 390/1200/494 572/1201/494 985/1197/494 986/1196/494
f 572/1201/393 589/456/393 991/459/393 985/1197/393
f 557/1192/495 593/727/495 992/730/495 989/1199/495
f 569/728/496 388/1193/496 988/1198/496 990/729/496
f 511/457/493 390/1200/493 986/1196/493 987/458/493
f 818/1202/322 817/1203/322 993/1204/322 994/1205/322
f 819/1206/322 818/1202/322 994/1205/322 995/1207/322
f 820/1208/322 819/1206/322 995/1207/322 996/1209/322
f 817/1203/322 820/1208/322 996/1209/322 993/1204/322
