# Blender 5.2.1 LTS
# www.blender.org
mtllib DoorwaySlidingBasic.mtl
o DoorwaySlidingBasic
v 0.000000 0.650360 1.011082
v 0.000000 2.292351 1.011082
v 0.000000 2.845018 1.011082
v 0.000000 2.516886 1.011082
v 0.000000 2.392676 1.011082
v 0.000000 2.314235 1.011082
v 0.123398 2.314235 -1.728739
v 0.000000 0.100005 0.583326
v 0.000000 0.100005 1.011082
v 0.204443 2.292351 0.583326
v 0.204443 2.845018 0.583326
v 0.297757 2.845018 0.583326
v 0.204443 2.292351 1.011082
v 0.255574 0.650361 0.976118
v 0.204443 2.292351 0.976118
v 0.204443 2.292351 0.618307
v 0.175085 0.650361 0.583326
v 0.204443 0.650361 0.976118
v 0.204443 0.650361 0.618307
v 0.204443 2.845018 1.011082
v 0.297757 2.516886 0.583326
v 0.204443 2.516886 1.011082
v 0.204443 2.392676 1.011082
v 0.255574 2.392676 0.583326
v 0.204443 2.392676 0.583326
v 0.204443 2.314235 1.011082
v 0.204443 2.314235 0.583326
v 0.175085 2.292351 0.583326
v 0.204443 0.650361 0.583326
v 0.175085 2.845018 1.011082
v 0.175085 2.292351 1.011082
v 0.175085 2.516886 1.011082
v 0.175085 2.392676 1.011082
v 0.175085 2.314235 1.011082
v 0.204443 2.314235 0.000000
v 0.204443 2.392676 0.000000
v 0.255574 2.392676 0.000000
v 0.297757 2.516886 0.000000
v 0.297757 2.845018 0.000000
v 0.204443 2.845018 0.000000
v 0.175085 2.314235 0.583326
v 0.175085 2.314235 0.000000
v 0.175085 0.650360 1.011082
v 0.204443 0.650360 1.011082
v 0.255574 0.650361 0.618307
v 0.255574 0.650361 0.583326
v 0.255574 0.650360 1.011082
v 0.328653 0.599567 0.976118
v 0.328653 0.599567 0.618307
v 0.328653 0.599567 0.583326
v 0.328653 0.599567 1.011082
v 0.255574 0.100005 0.583326
v 0.255574 0.100005 1.011082
v 0.328653 0.100005 0.976118
v 0.328653 0.100005 0.618307
v 0.328653 0.100005 0.583326
v 0.328653 0.100005 1.011082
v 0.175085 0.100005 0.583326
v 0.204443 0.100005 0.583326
v 0.175085 0.100005 1.011082
v 0.204443 0.100005 1.011082
v 0.000000 0.650360 0.639126
v 0.000000 2.292351 0.639126
v 0.123398 2.292351 0.639126
v 0.000000 0.100005 -0.583326
v 0.000000 0.100005 -1.011082
v 0.204443 2.292351 -0.583326
v 0.204443 2.845018 -0.583326
v 0.297757 2.845018 -0.583326
v 0.255574 0.650361 -0.976118
v 0.204443 2.292351 -0.618307
v 0.175085 0.650361 -0.583326
v 0.204443 0.650361 -0.976118
v 0.204443 0.650361 -0.618307
v 0.297757 2.516886 -0.583326
v 0.255574 2.392676 -0.583326
v 0.204443 2.392676 -0.583326
v 0.204443 2.314235 -0.583326
v 0.175085 2.292351 -0.583326
v 0.204443 0.650361 -0.583326
v 0.000000 2.845018 -1.768187
v 0.175085 2.314235 -0.583326
v 0.255574 0.650361 -0.618307
v 0.255574 0.650361 -0.583326
v 0.255574 0.100005 0.976118
v 0.328653 0.599567 -0.976118
v 0.328653 0.599567 -0.618307
v 0.328653 0.599567 -0.583326
v 0.255574 0.100005 -0.583326
v 0.255574 0.100005 -0.618307
v 0.328653 0.100005 -0.976118
v 0.328653 0.100005 -0.618307
v 0.328653 0.100005 -0.583326
v 0.328653 2.292351 -1.011082
v 0.175085 0.100005 -0.583326
v 0.204443 0.100005 -0.583326
v 0.175085 0.100005 -1.011082
v 0.204443 0.100005 -1.011082
v 0.123398 2.845018 1.011082
v 0.123398 2.516886 1.011082
v 0.123398 2.292351 0.583326
v 0.123398 2.392676 1.011082
v 0.123398 2.314235 1.011082
v 0.123398 0.650361 0.583326
v 0.123398 2.292351 1.011082
v 0.123398 0.650360 1.011082
v 0.123398 2.314235 0.583326
v 0.123398 2.314235 0.000000
v 0.123398 0.100005 0.583326
v 0.123398 0.100005 1.011082
v 0.123398 2.292351 -0.583326
v 0.123398 0.650361 -0.583326
v 0.123398 2.314235 -0.583326
v 0.123398 0.100005 -0.583326
v 0.123398 0.100005 -1.011082
v 0.000000 2.314235 0.639126
v 0.328653 0.129522 -0.583326
v 0.255574 0.129522 -0.583326
v 0.328653 0.129522 -0.976118
v 0.328653 0.129522 -0.618307
v 0.204443 0.129522 -0.583326
v 0.175085 0.129522 -0.583326
v 0.123398 0.129522 -0.583326
v 0.000000 0.129522 1.011082
v 0.328653 0.129522 0.583326
v 0.255574 0.129522 0.583326
v 0.328653 0.129522 1.011082
v 0.328653 0.129522 0.976118
v 0.328653 0.129522 0.618307
v 0.255574 0.129522 1.011082
v 0.204443 0.129522 0.583326
v 0.175085 0.129522 0.583326
v 0.204443 0.129522 1.011082
v 0.175085 0.129522 1.011082
v 0.123398 0.129522 1.011082
v 0.123398 0.129522 0.583326
v 0.000000 0.105229 0.583326
v 0.123398 0.105229 -0.583326
v 0.123398 0.105229 0.583326
v 0.000000 0.105229 -0.583326
v 0.000000 2.314235 -1.768187
v 0.000000 2.292351 -1.768187
v 0.000000 2.516886 -1.768187
v 0.000000 2.392676 -1.768187
v 0.204443 2.292351 -1.768187
v 0.000000 0.650361 -1.768187
v 0.000000 0.129522 -1.768187
v 0.123398 2.845018 -1.768187
v 0.204443 2.845018 -0.618307
v 0.204443 2.516886 -0.618307
v 0.204443 2.845018 -1.768187
v 0.175085 0.650361 -1.768187
v 0.204443 2.314235 -1.768187
v 0.175085 2.292351 -1.768187
v 0.204443 2.392676 -0.618307
v 0.204443 2.314235 -0.618307
v 0.204443 2.516886 -1.768187
v 0.123398 2.516886 -1.768187
v 0.204443 2.392676 -1.768187
v 0.123398 2.392676 -1.768187
v 0.204443 2.516886 -0.583326
v 0.123398 2.314235 -1.768187
v 0.175085 2.845018 -1.768187
v 0.123398 2.292351 -1.768187
v 0.175085 2.516886 -1.768187
v 0.175085 2.392676 -1.768187
v 0.175085 2.314235 -1.768187
v 0.123398 0.650361 -1.768187
v 0.123398 0.100005 -1.768187
v 0.175085 0.100005 -1.768187
v 0.175085 0.129522 -1.768187
v 0.000000 0.100005 -1.768187
v 0.123398 0.129522 -1.768187
v 0.000000 2.324103 0.000000
v 0.000000 2.324103 0.583326
v 0.123398 2.324103 0.000000
v 0.000000 2.324103 -0.583326
v 0.123398 2.324103 0.583326
v 0.123398 2.324103 -0.583326
v 0.123398 2.324103 -1.728739
v 0.000000 0.650360 -1.728739
v 0.000000 2.292351 -1.728739
v 0.000000 2.314235 -1.728739
v 0.123398 2.292351 -1.728739
v 0.123398 0.650361 -1.728739
v 0.000000 0.129522 -1.728739
v 0.123398 0.129522 -1.728739
v 0.123398 0.105229 -1.728739
v 0.000000 0.105229 -1.728739
v 0.000000 2.324103 -1.728739
v 0.123398 0.650361 0.639126
v 0.123398 2.314235 0.639126
v 0.123398 0.129522 0.639126
v 0.000000 0.129522 0.639126
v 0.123398 0.105229 0.639126
v 0.000000 0.105229 0.639126
v 0.000000 2.324103 0.639126
v 0.123398 2.324103 0.639126
v 0.204443 2.845018 0.976118
v 0.204443 2.845018 0.618307
v 0.204443 2.516886 0.976118
v 0.204443 2.392676 0.976118
v 0.204443 2.314235 0.976118
v 0.204443 2.516886 0.618307
v 0.204443 2.392676 0.618307
v 0.204443 2.314235 0.618307
v 0.204443 2.516886 0.583326
v 0.204443 2.845018 -0.976118
v 0.204443 2.516886 -0.976118
v 0.204443 2.392676 -0.976118
v 0.204443 2.314235 -0.976118
v 0.204443 2.292351 -0.976118
v 0.328653 2.626527 -0.618307
v 0.563127 2.845018 1.011082
v 0.563127 2.845018 0.976118
v 0.563127 2.845018 0.618307
v 0.453486 2.516886 1.011082
v 0.563127 2.626527 1.011082
v 0.563127 2.626527 0.618307
v 0.453486 2.516886 0.618307
v 0.453486 2.516886 0.976118
v 0.563127 2.626527 0.976118
v 0.563127 2.845018 -0.618307
v 0.563127 2.845018 -0.976118
v 0.453486 2.516886 -0.618307
v 0.563127 2.626527 -0.618307
v 0.563127 2.626527 -0.976118
v 0.453486 2.516886 -0.976118
v 0.000000 2.886000 0.583326
v 0.000000 2.886000 0.000000
v 0.123398 2.886000 1.011082
v 0.000000 2.886000 1.011082
v 0.175085 2.886000 0.583326
v 0.204443 2.886000 0.583326
v 0.123398 2.886000 0.000000
v 0.175085 2.886000 0.000000
v 0.204443 2.886000 1.011082
v 0.175085 2.886000 1.011082
v 0.123398 2.886000 0.583326
v 0.204443 2.886000 0.000000
v 0.000000 2.886000 -0.583326
v 0.175085 2.886000 -0.583326
v 0.204443 2.886000 -0.583326
v 0.123398 2.886000 -0.583326
v 0.204443 2.886000 -0.618307
v 0.175085 2.886000 -0.618307
v 0.123398 2.886000 -0.618307
v 0.000000 2.886000 -0.976118
v 0.000000 2.886000 -1.011082
v 0.123398 2.886000 -1.768187
v 0.000000 2.886000 -1.768187
v 0.123398 2.886000 -0.976118
v 0.123398 2.886000 -1.011082
v 0.204443 2.886000 -1.011082
v 0.204443 2.886000 -1.768187
v 0.175085 2.886000 -1.011082
v 0.175085 2.886000 -1.768187
v 0.175085 2.886000 0.976118
v 0.000000 2.886000 0.618307
v 0.175085 2.886000 -0.976118
v 0.204443 2.886000 -0.976118
v 0.123398 2.886000 0.618307
v 0.000000 2.886000 -0.618307
v 0.204443 2.886000 0.976118
v 0.175085 2.886000 0.618307
v 0.000000 2.886000 0.976118
v 0.123398 2.886000 0.976118
v 0.204443 2.886000 0.618307
v 0.204443 0.129523 -1.768187
v 0.204443 0.100005 -1.768187
v 0.204443 0.650361 -1.768187
v 0.340932 1.056316 -0.932779
v 0.340932 1.564280 -0.932779
v 0.340932 1.056316 -0.679228
v 0.340932 1.564280 -0.679228
v 0.123398 1.056316 -0.932779
v 0.123398 1.564280 -0.932779
v 0.123398 1.056316 -0.679228
v 0.123398 1.564280 -0.679228
v -0.340932 1.056316 -0.932779
v -0.340932 1.564280 -0.932779
v -0.340932 1.056316 -0.679228
v -0.340932 1.564280 -0.679228
v -0.123398 1.056316 -0.932779
v -0.123398 1.564280 -0.932779
v -0.123398 1.056316 -0.679228
v -0.123398 1.564280 -0.679228
v 0.329064 0.885905 -1.320429
v 0.329064 1.634277 -1.320429
v 0.329064 0.885905 -0.940641
v 0.329064 1.634277 -0.940641
v 0.175085 0.877177 -1.329157
v 0.175085 1.643005 -1.329157
v 0.175085 0.877177 -0.931913
v 0.175085 1.643005 -0.931913
v 0.329064 0.877177 -0.931913
v 0.329064 0.877177 -1.329157
v 0.329064 1.643005 -1.329157
v 0.329064 1.643005 -0.931913
v 0.329064 0.889608 -0.944345
v 0.329064 0.889608 -1.316725
v 0.329064 1.630573 -1.316725
v 0.329064 1.630573 -0.944345
v 0.329064 0.885905 -0.940641
v 0.329064 0.885905 -1.320429
v 0.329064 1.634277 -1.320429
v 0.329064 1.634277 -0.940641
v 0.321389 0.885905 -0.940641
v 0.321389 0.885905 -1.320429
v 0.321389 1.634277 -1.320429
v 0.321389 1.634277 -0.940641
v 0.321389 0.889608 -0.944345
v 0.321389 0.889608 -1.316725
v 0.321389 1.630573 -1.316725
v 0.321389 1.630573 -0.944345
v -0.329064 0.885905 -1.320429
v -0.329064 1.634277 -1.320429
v -0.329064 0.885905 -0.940641
v -0.329064 1.634277 -0.940641
v -0.175085 0.877177 -1.329157
v -0.175085 1.643005 -1.329157
v -0.175085 0.877177 -0.931913
v -0.175085 1.643005 -0.931913
v -0.329064 0.877177 -0.931913
v -0.329064 0.877177 -1.329157
v -0.329064 1.643005 -1.329157
v -0.329064 1.643005 -0.931913
v -0.329064 0.889608 -0.944345
v -0.329064 0.889608 -1.316725
v -0.329064 1.630573 -1.316725
v -0.329064 1.630573 -0.944345
v -0.329064 0.885905 -0.940641
v -0.329064 0.885905 -1.320429
v -0.329064 1.634277 -1.320429
v -0.329064 1.634277 -0.940641
v -0.321389 0.885905 -0.940641
v -0.321389 0.885905 -1.320429
v -0.321389 1.634277 -1.320429
v -0.321389 1.634277 -0.940641
v -0.321389 0.889608 -0.944345
v -0.321389 0.889608 -1.316725
v -0.321389 1.630573 -1.316725
v -0.321389 1.630573 -0.944345
v 0.000000 0.100005 -0.976118
v 0.204443 0.100005 -0.976118
v 0.255574 0.100005 -0.976118
v 0.175085 0.100005 -0.976118
v 0.123398 0.100005 -0.976118
v 0.000000 0.100005 -0.618307
v 0.204443 0.100005 -0.618307
v 0.175085 0.100005 -0.618307
v 0.123398 0.100005 -0.618307
v 0.204443 0.129522 -0.976118
v 0.000000 0.100005 0.976118
v 0.204443 0.100005 0.976118
v 0.175085 0.100005 0.976118
v 0.123398 0.100005 0.976118
v 0.255574 0.100005 0.618307
v 0.000000 0.100005 0.618307
v 0.175085 0.100005 0.618307
v 0.204443 0.100005 0.618307
v 0.123398 0.100005 0.618307
v 0.000000 2.626527 1.011082
v 0.204443 2.626527 1.011082
v 0.175085 2.626527 1.011082
v 0.123398 2.626527 1.011082
v 0.204443 2.626527 -0.618307
v 0.204443 2.626527 0.618307
v 0.204443 2.626527 -0.583326
v 0.297757 2.626527 -0.583326
v 0.297757 2.626527 0.583326
v 0.297757 2.626527 0.000000
v 0.204443 2.626527 0.583326
v 0.000000 2.626527 -1.768187
v 0.204443 2.626527 -1.768187
v 0.175085 2.626527 -1.768187
v 0.123398 2.626527 -1.768187
v 0.328653 2.845018 -0.618307
v 0.328653 2.292351 -1.768187
v 0.328653 0.650361 -0.976118
v 0.328653 0.650360 -1.011082
v 0.328653 2.314235 -1.768187
v 0.328653 2.314235 -1.011082
v 0.328653 2.626527 -1.768187
v 0.328653 2.516886 -1.768187
v 0.328653 2.392676 -1.011082
v 0.328653 2.392676 -1.768187
v 0.328653 2.516886 -1.011082
v 0.328653 2.845018 -1.011082
v 0.328653 2.845018 -1.768187
v 0.328653 2.845018 -0.976118
v 0.328653 2.516886 -0.976118
v 0.328653 2.392676 -0.976118
v 0.328653 2.314235 -0.976118
v 0.328653 2.292351 -0.976118
v 0.328653 2.886000 -0.976118
v 0.328653 2.886000 -1.011082
v 0.328653 2.626527 -1.011082
v 0.328653 2.886000 -1.768187
v 0.328653 0.129522 -1.011082
v 0.328653 0.100005 -1.011082
v 0.328653 0.129523 -1.768187
v 0.328653 0.650361 -1.768187
v 0.328653 0.100005 -1.768187
v 0.328965 2.516886 -0.618307
v 0.328653 2.626527 -0.976118
v 0.000000 1.662195 -1.728739
v 0.175085 1.662195 -0.583326
v 0.123398 1.662195 -0.583326
v 0.000000 1.662195 -1.768187
v 0.175085 1.662195 -1.768187
v 0.123398 1.662195 -1.768187
v 0.123398 1.662195 -1.728739
v 0.204443 1.662195 -0.583326
v 0.204443 1.662195 -0.618307
v 0.204443 1.662195 -0.976118
v 0.204443 1.662195 -1.768187
v 0.328653 1.662195 -1.768187
v 0.175085 0.857987 -0.583326
v 0.123398 0.857987 -0.583326
v 0.123398 0.857987 -1.768187
v 0.123398 0.857987 -1.728739
v 0.204443 0.857987 -0.583326
v 0.204443 0.857987 -1.768187
v 0.328653 0.857987 -1.768187
v 0.000000 0.857987 -1.728739
v 0.000000 0.857987 -1.768187
v 0.175085 0.857987 -1.768187
v 0.204443 0.857987 -0.618307
v 0.204443 0.857987 -0.976118
v 0.000000 0.100005 -1.354635
v 0.175085 0.100005 -1.354635
v 0.123398 0.100005 -1.354635
v 0.204443 2.886000 -1.374783
v 0.175085 2.886000 -1.374783
v 0.123398 2.886000 -1.374783
v 0.000000 2.886000 -1.374783
v 0.204443 0.100005 -1.354635
v 0.328653 2.314235 -1.374783
v 0.328653 2.292351 -1.374783
v 0.328653 2.392676 -1.374783
v 0.328653 2.516886 -1.374783
v 0.328653 2.845018 -1.374783
v 0.328653 2.886000 -1.374783
v 0.328653 0.129523 -1.354635
v 0.328653 0.650361 -1.354635
v 0.328653 0.100005 -1.354635
v 0.328653 2.626527 -1.374783
v 0.204443 1.662195 -1.354635
v 0.204443 0.857987 -1.354635
v 0.204443 1.662195 -1.011082
v 0.204443 0.857987 -1.011082
v 0.305430 1.662195 -1.011082
v 0.328653 1.685418 -1.011082
v 0.305430 1.662195 -0.976118
v 0.328653 1.685418 -0.976118
v 0.328653 0.834764 -1.011082
v 0.305430 0.857987 -1.011082
v 0.328653 0.834764 -0.976118
v 0.305430 0.857987 -0.976118
v 0.305430 1.662195 -1.354635
v 0.328653 1.685418 -1.377858
v 0.328653 0.834764 -1.377858
v 0.305430 0.857987 -1.354635
v 0.000000 1.765773 -1.768187
v 0.175085 1.765773 -1.768187
v 0.123398 1.765773 -1.768187
v 0.204443 1.765773 -1.768187
v 0.328653 1.765773 -1.768187
v 0.328653 1.765773 -1.374783
v 0.328653 1.765773 -1.011082
v 0.328653 1.765773 -0.976118
v 0.202155 0.650360 -0.705450
v 0.202155 2.516886 -0.705450
v 0.283869 0.650360 -0.746944
v 0.242375 0.650360 -0.705450
v 0.242375 2.516886 -0.705450
v 0.283869 2.516886 -0.746944
v 0.250673 1.729450 -0.713749
v 0.250673 1.704443 -0.713749
v 0.250673 1.996097 -0.713749
v 0.250673 1.971089 -0.713749
v 0.250673 2.262743 -0.713749
v 0.250673 2.237736 -0.713749
v 0.250673 0.650360 -0.713749
v 0.250673 2.516886 -0.713749
v 0.283869 2.237736 -0.758095
v 0.283869 2.262743 -0.758095
v 0.283869 1.971089 -0.758095
v 0.283869 1.996097 -0.758095
v 0.283869 1.704443 -0.758095
v 0.283869 1.729450 -0.758095
v 0.283869 0.904503 -0.758095
v 0.283869 0.929511 -0.758095
v 0.283869 2.516886 -0.758095
v 0.283869 0.650360 -0.758095
v 0.202155 2.237736 -0.705450
v 0.202155 2.262743 -0.705450
v 0.202155 1.971089 -0.705450
v 0.202155 1.996097 -0.705450
v 0.202155 1.704443 -0.705450
v 0.202155 1.729450 -0.705450
v 0.202155 0.904503 -0.705450
v 0.202155 0.929511 -0.705450
v 0.242375 2.237736 -0.705450
v 0.242375 2.262743 -0.705450
v 0.242375 1.971089 -0.705450
v 0.242375 1.996097 -0.705450
v 0.242375 1.704443 -0.705450
v 0.242375 1.729450 -0.705450
v 0.242375 0.904503 -0.705450
v 0.242375 0.929511 -0.705450
v 0.283869 0.929511 -0.746944
v 0.283869 0.904503 -0.746944
v 0.283869 1.729450 -0.746944
v 0.283869 1.704443 -0.746944
v 0.283869 1.996097 -0.746944
v 0.283869 1.971089 -0.746944
v 0.283869 2.262744 -0.746944
v 0.283869 2.237736 -0.746944
v 0.250673 0.904503 -0.713749
v 0.250673 0.929511 -0.713749
v 0.250673 1.729450 -0.746944
v 0.250673 1.704443 -0.746944
v 0.250673 1.996097 -0.746944
v 0.250673 1.971089 -0.746944
v 0.250673 2.262743 -0.746944
v 0.250673 2.237736 -0.746944
v 0.250673 0.904503 -0.746944
v 0.250673 0.929511 -0.746944
v 0.264433 1.729450 -0.753935
v 0.264433 1.704443 -0.753935
v 0.264433 1.996097 -0.753935
v 0.264433 1.971089 -0.753935
v 0.264433 2.262743 -0.753935
v 0.264433 2.237736 -0.753935
v 0.264433 0.904503 -0.753935
v 0.264433 0.929511 -0.753935
v 0.283869 1.996097 -0.976118
v 0.283869 2.237736 -0.976118
v 0.283869 2.262743 -0.976118
v 0.283869 1.971089 -0.976118
v 0.283869 1.704443 -0.976118
v 0.283869 2.516886 -0.976118
v 0.283869 0.650360 -0.976118
v 0.283869 1.729450 -0.976118
v 0.202155 2.516886 -0.976118
v 0.202155 0.650360 -0.976118
v 0.250673 1.583623 -0.713749
v 0.283869 1.583623 -0.758095
v 0.242375 1.583623 -0.705450
v 0.202155 1.583623 -0.705450
v 0.283869 1.583623 -0.746944
v 0.283869 1.035358 -0.758095
v 0.250673 1.035358 -0.713749
v 0.242375 1.035358 -0.705450
v 0.202155 1.035358 -0.705450
v 0.283869 1.035358 -0.746944
v 0.202155 1.583623 -0.758095
v 0.202155 1.662195 -0.922412
v 0.202155 1.035358 -0.758095
v 0.283869 1.996097 -0.922412
v 0.283869 2.262743 -0.922412
v 0.283869 2.516886 -0.922412
v 0.283869 1.729450 -0.922412
v 0.283869 2.237736 -0.922412
v 0.283869 1.971089 -0.922412
v 0.283869 1.704443 -0.922412
v 0.283869 1.583623 -0.922412
v 0.202155 1.583623 -0.922412
v 0.283869 0.929511 -0.922412
v 0.283869 0.650360 -0.922412
v 0.283869 0.904503 -0.922412
v 0.283869 1.035358 -0.922412
v 0.202155 1.035358 -0.922412
v 0.250673 1.662195 -0.713749
v 0.242375 1.662195 -0.705450
v 0.283869 1.662195 -0.758095
v 0.202155 1.662195 -0.705450
v 0.283869 1.662195 -0.746944
v 0.283869 1.662195 -0.976118
v 0.283869 1.662195 -0.922412
v 0.250673 0.857987 -0.713749
v 0.283869 0.857987 -0.758095
v 0.242375 0.857987 -0.705450
v 0.202155 0.857987 -0.705450
v 0.283869 0.857987 -0.746944
v 0.283869 0.857987 -0.976118
v 0.283869 0.857987 -0.922412
v 0.202155 1.662195 -0.976118
v 0.202155 0.857987 -0.922412
v 0.202155 0.857987 -0.976118
v 0.202155 0.650360 0.705450
v 0.202155 2.516886 0.705450
v 0.283869 0.650360 0.746944
v 0.242375 0.650360 0.705450
v 0.242375 2.516886 0.705450
v 0.283869 2.516886 0.746944
v 0.250673 1.729450 0.713749
v 0.250673 1.704443 0.713749
v 0.250673 1.996097 0.713749
v 0.250673 1.971089 0.713749
v 0.250673 2.262743 0.713749
v 0.250673 2.237736 0.713749
v 0.250673 0.650360 0.713749
v 0.250673 2.516886 0.713749
v 0.283869 2.237736 0.758095
v 0.283869 2.262743 0.758095
v 0.283869 1.971089 0.758095
v 0.283869 1.996097 0.758095
v 0.283869 1.704443 0.758095
v 0.283869 1.729450 0.758095
v 0.283869 1.437796 0.758095
v 0.283869 1.462804 0.758095
v 0.283869 1.171150 0.758095
v 0.283869 1.196157 0.758095
v 0.283869 0.904503 0.758095
v 0.283869 0.929511 0.758095
v 0.283869 2.516886 0.758095
v 0.283869 0.650360 0.758095
v 0.202155 2.237736 0.705450
v 0.202155 2.262743 0.705450
v 0.202155 1.971089 0.705450
v 0.202155 1.996097 0.705450
v 0.202155 1.704443 0.705450
v 0.202155 1.729450 0.705450
v 0.202155 1.437796 0.705450
v 0.202155 1.462804 0.705450
v 0.202155 1.171150 0.705450
v 0.202155 1.196157 0.705450
v 0.202155 0.904503 0.705450
v 0.202155 0.929511 0.705450
v 0.242375 2.237736 0.705450
v 0.242375 2.262743 0.705450
v 0.242375 1.971089 0.705450
v 0.242375 1.996097 0.705450
v 0.242375 1.704443 0.705450
v 0.242375 1.729450 0.705450
v 0.242375 1.437796 0.705450
v 0.242375 1.462804 0.705450
v 0.242375 1.171150 0.705450
v 0.242375 1.196157 0.705450
v 0.242375 0.904503 0.705450
v 0.242375 0.929511 0.705450
v 0.283869 0.929511 0.746944
v 0.283869 0.904503 0.746944
v 0.283869 1.196157 0.746944
v 0.283869 1.171150 0.746944
v 0.283869 1.462804 0.746944
v 0.283869 1.437796 0.746944
v 0.283869 1.729450 0.746944
v 0.283869 1.704443 0.746944
v 0.283869 1.996097 0.746944
v 0.283869 1.971089 0.746944
v 0.283869 2.262744 0.746944
v 0.283869 2.237736 0.746944
v 0.250673 1.437796 0.713749
v 0.250673 1.462804 0.713749
v 0.250673 1.171150 0.713749
v 0.250673 1.196157 0.713749
v 0.250673 0.904503 0.713749
v 0.250673 0.929511 0.713749
v 0.250673 1.729450 0.746944
v 0.250673 1.704443 0.746944
v 0.250673 1.996097 0.746944
v 0.250673 1.971089 0.746944
v 0.250673 2.262743 0.746944
v 0.250673 2.237736 0.746944
v 0.250673 1.437796 0.746944
v 0.250673 1.462804 0.746944
v 0.250673 1.171150 0.746944
v 0.250673 1.196157 0.746944
v 0.250673 0.904503 0.746944
v 0.250673 0.929511 0.746944
v 0.264433 1.729450 0.753935
v 0.264433 1.704443 0.753935
v 0.264433 1.996097 0.753935
v 0.264433 1.971089 0.753935
v 0.264433 2.262743 0.753935
v 0.264433 2.237736 0.753935
v 0.264433 1.437796 0.753935
v 0.264433 1.462804 0.753935
v 0.264433 1.171150 0.753935
v 0.264433 1.196157 0.753935
v 0.264433 0.904503 0.753935
v 0.264433 0.929511 0.753935
v 0.283869 1.996097 0.976118
v 0.283869 2.237736 0.976118
v 0.283869 2.262743 0.976118
v 0.283869 1.971089 0.976118
v 0.283869 1.704443 0.976118
v 0.283869 0.929511 0.976118
v 0.283869 2.516886 0.976118
v 0.283869 0.650360 0.976118
v 0.283869 1.729450 0.976118
v 0.283869 1.437796 0.976118
v 0.283869 1.462804 0.976118
v 0.283869 1.171150 0.976118
v 0.283869 1.196157 0.976118
v 0.283869 0.904503 0.976118
v 0.202155 2.516886 0.976118
v 0.202155 0.650360 0.976118
v 0.202155 2.262743 0.976118
v 0.202155 2.237736 0.976118
v 0.202155 1.996097 0.976118
v 0.202155 1.971089 0.976118
v 0.202155 1.729450 0.976118
v 0.202155 1.704443 0.976118
v 0.202155 1.462804 0.976118
v 0.202155 1.437796 0.976118
v 0.202155 1.196157 0.976118
v 0.202155 1.171149 0.976118
v 0.202155 0.929511 0.976118
v 0.202155 0.904503 0.976118
v 0.328653 2.274921 -1.375439
v 0.328653 2.274921 -1.742799
v 0.328653 2.274921 -1.035815
v 0.328653 1.783203 -1.375439
v 0.328653 1.783203 -1.742799
v 0.328653 1.783203 -1.035815
v 0.223190 2.274921 -1.375439
v 0.223190 2.274921 -1.742799
v 0.223190 2.274921 -1.035815
v 0.223190 1.783203 -1.375439
v 0.223190 1.783203 -1.742799
v 0.223190 1.783203 -1.035815
v 0.328653 0.627326 -1.043534
v 0.328653 0.152557 -1.043534
v 0.328653 0.152557 -1.356699
v 0.328653 0.152557 -1.733671
v 0.328653 0.627326 -1.356699
v 0.328653 0.627326 -1.733671
v 0.227913 0.627326 -1.043534
v 0.227913 0.152557 -1.043534
v 0.227913 0.152557 -1.356699
v 0.227913 0.152557 -1.733671
v 0.227913 0.627326 -1.356699
v 0.227913 0.627326 -1.733671
v -0.123398 2.314235 -1.728739
v -0.204443 2.292351 0.583326
v -0.204443 2.845018 0.583326
v -0.297757 2.845018 0.583326
v -0.204443 2.292351 1.011082
v -0.255574 0.650361 0.976118
v -0.204443 2.292351 0.976118
v -0.204443 2.292351 0.618307
v -0.175085 0.650361 0.583326
v -0.204443 0.650361 0.976118
v -0.204443 0.650361 0.618307
v -0.204443 2.845018 1.011082
v -0.297757 2.516886 0.583326
v -0.204443 2.516886 1.011082
v -0.204443 2.392676 1.011082
v -0.255574 2.392676 0.583326
v -0.204443 2.392676 0.583326
v -0.204443 2.314235 1.011082
v -0.204443 2.314235 0.583326
v -0.175085 2.292351 0.583326
v -0.204443 0.650361 0.583326
v -0.175085 2.845018 1.011082
v -0.175085 2.292351 1.011082
v -0.175085 2.516886 1.011082
v -0.175085 2.392676 1.011082
v -0.175085 2.314235 1.011082
v -0.204443 2.314235 0.000000
v -0.204443 2.392676 0.000000
v -0.255574 2.392676 0.000000
v -0.297757 2.516886 0.000000
v -0.297757 2.845018 0.000000
v -0.204443 2.845018 0.000000
v -0.175085 2.314235 0.583326
v -0.175085 2.314235 0.000000
v -0.175085 0.650360 1.011082
v -0.204443 0.650360 1.011082
v -0.255574 0.650361 0.618307
v -0.255574 0.650361 0.583326
v -0.255574 0.650360 1.011082
v -0.328653 0.599567 0.976118
v -0.328653 0.599567 0.618307
v -0.328653 0.599567 0.583326
v -0.328653 0.599567 1.011082
v -0.255574 0.100005 0.583326
v -0.255574 0.100005 1.011082
v -0.328653 0.100005 0.976118
v -0.328653 0.100005 0.618307
v -0.328653 0.100005 0.583326
v -0.328653 0.100005 1.011082
v -0.175085 0.100005 0.583326
v -0.204443 0.100005 0.583326
v -0.175085 0.100005 1.011082
v -0.204443 0.100005 1.011082
v -0.123398 2.292351 0.639126
v -0.204443 2.292351 -0.583326
v -0.204443 2.845018 -0.583326
v -0.297757 2.845018 -0.583326
v -0.255574 0.650361 -0.976118
v -0.204443 2.292351 -0.618307
v -0.175085 0.650361 -0.583326
v -0.204443 0.650361 -0.976118
v -0.204443 0.650361 -0.618307
v -0.297757 2.516886 -0.583326
v -0.255574 2.392676 -0.583326
v -0.204443 2.392676 -0.583326
v -0.204443 2.314235 -0.583326
v -0.175085 2.292351 -0.583326
v -0.204443 0.650361 -0.583326
v -0.175085 2.314235 -0.583326
v -0.255574 0.650361 -0.618307
v -0.255574 0.650361 -0.583326
v -0.255574 0.100005 0.976118
v -0.328653 0.599567 -0.976118
v -0.328653 0.599567 -0.618307
v -0.328653 0.599567 -0.583326
v -0.255574 0.100005 -0.583326
v -0.255574 0.100005 -0.618307
v -0.328653 0.100005 -0.976118
v -0.328653 0.100005 -0.618307
v -0.328653 0.100005 -0.583326
v -0.328653 2.292351 -1.011082
v -0.175085 0.100005 -0.583326
v -0.204443 0.100005 -0.583326
v -0.175085 0.100005 -1.011082
v -0.204443 0.100005 -1.011082
v -0.123398 2.845018 1.011082
v -0.123398 2.516886 1.011082
v -0.123398 2.292351 0.583326
v -0.123398 2.392676 1.011082
v -0.123398 2.314235 1.011082
v -0.123398 0.650361 0.583326
v -0.123398 2.292351 1.011082
v -0.123398 0.650360 1.011082
v -0.123398 2.314235 0.583326
v -0.123398 2.314235 0.000000
v -0.123398 0.100005 0.583326
v -0.123398 0.100005 1.011082
v -0.123398 2.292351 -0.583326
v -0.123398 0.650361 -0.583326
v -0.123398 2.314235 -0.583326
v -0.123398 0.100005 -0.583326
v -0.123398 0.100005 -1.011082
v -0.328653 0.129522 -0.583326
v -0.255574 0.129522 -0.583326
v -0.328653 0.129522 -0.976118
v -0.328653 0.129522 -0.618307
v -0.204443 0.129522 -0.583326
v -0.175085 0.129522 -0.583326
v -0.123398 0.129522 -0.583326
v -0.328653 0.129522 0.583326
v -0.255574 0.129522 0.583326
v -0.328653 0.129522 1.011082
v -0.328653 0.129522 0.976118
v -0.328653 0.129522 0.618307
v -0.255574 0.129522 1.011082
v -0.204443 0.129522 0.583326
v -0.175085 0.129522 0.583326
v -0.204443 0.129522 1.011082
v -0.175085 0.129522 1.011082
v -0.123398 0.129522 1.011082
v -0.123398 0.129522 0.583326
v -0.123398 0.105229 -0.583326
v -0.123398 0.105229 0.583326
v -0.204443 2.292351 -1.768187
v -0.123398 2.845018 -1.768187
v -0.204443 2.845018 -0.618307
v -0.204443 2.516886 -0.618307
v -0.204443 2.845018 -1.768187
v -0.175085 0.650361 -1.768187
v -0.204443 2.314235 -1.768187
v -0.175085 2.292351 -1.768187
v -0.204443 2.392676 -0.618307
v -0.204443 2.314235 -0.618307
v -0.204443 2.516886 -1.768187
v -0.123398 2.516886 -1.768187
v -0.204443 2.392676 -1.768187
v -0.123398 2.392676 -1.768187
v -0.204443 2.516886 -0.583326
v -0.123398 2.314235 -1.768187
v -0.175085 2.845018 -1.768187
v -0.123398 2.292351 -1.768187
v -0.175085 2.516886 -1.768187
v -0.175085 2.392676 -1.768187
v -0.175085 2.314235 -1.768187
v -0.123398 0.650361 -1.768187
v -0.123398 0.100005 -1.768187
v -0.175085 0.100005 -1.768187
v -0.175085 0.129522 -1.768187
v -0.123398 0.129522 -1.768187
v -0.123398 2.324103 0.000000
v -0.123398 2.324103 0.583326
v -0.123398 2.324103 -0.583326
v -0.123398 2.324103 -1.728739
v -0.123398 2.292351 -1.728739
v -0.123398 0.650361 -1.728739
v -0.123398 0.129522 -1.728739
v -0.123398 0.105229 -1.728739
v -0.123398 0.650361 0.639126
v -0.123398 2.314235 0.639126
v -0.123398 0.129522 0.639126
v -0.123398 0.105229 0.639126
v -0.123398 2.324103 0.639126
v -0.204443 2.845018 0.976118
v -0.204443 2.845018 0.618307
v -0.204443 2.516886 0.976118
v -0.204443 2.392676 0.976118
v -0.204443 2.314235 0.976118
v -0.204443 2.516886 0.618307
v -0.204443 2.392676 0.618307
v -0.204443 2.314235 0.618307
v -0.204443 2.516886 0.583326
v -0.204443 2.845018 -0.976118
v -0.204443 2.516886 -0.976118
v -0.204443 2.392676 -0.976118
v -0.204443 2.314235 -0.976118
v -0.204443 2.292351 -0.976118
v -0.328653 2.626527 -0.618307
v -0.563127 2.845018 1.011082
v -0.563127 2.845018 0.976118
v -0.563127 2.845018 0.618307
v -0.453486 2.516886 1.011082
v -0.563127 2.626527 1.011082
v -0.563127 2.626527 0.618307
v -0.453486 2.516886 0.618307
v -0.453486 2.516886 0.976118
v -0.563127 2.626527 0.976118
v -0.563127 2.845018 -0.618307
v -0.563127 2.845018 -0.976118
v -0.453486 2.516886 -0.618307
v -0.563127 2.626527 -0.618307
v -0.563127 2.626527 -0.976118
v -0.453486 2.516886 -0.976118
v -0.123398 2.886000 1.011082
v -0.175085 2.886000 0.583326
v -0.204443 2.886000 0.583326
v -0.123398 2.886000 0.000000
v -0.175085 2.886000 0.000000
v -0.204443 2.886000 1.011082
v -0.175085 2.886000 1.011082
v -0.123398 2.886000 0.583326
v -0.204443 2.886000 0.000000
v -0.175085 2.886000 -0.583326
v -0.204443 2.886000 -0.583326
v -0.123398 2.886000 -0.583326
v -0.204443 2.886000 -0.618307
v -0.175085 2.886000 -0.618307
v -0.123398 2.886000 -0.618307
v -0.123398 2.886000 -1.768187
v -0.123398 2.886000 -0.976118
v -0.123398 2.886000 -1.011082
v -0.204443 2.886000 -1.011082
v -0.204443 2.886000 -1.768187
v -0.175085 2.886000 -1.011082
v -0.175085 2.886000 -1.768187
v -0.175085 2.886000 0.976118
v -0.175085 2.886000 -0.976118
v -0.204443 2.886000 -0.976118
v -0.123398 2.886000 0.618307
v -0.204443 2.886000 0.976118
v -0.175085 2.886000 0.618307
v -0.123398 2.886000 0.976118
v -0.204443 2.886000 0.618307
v -0.204443 0.129523 -1.768187
v -0.204443 0.100005 -1.768187
v -0.204443 0.650361 -1.768187
v -0.340932 1.056316 -0.932779
v -0.340932 1.564280 -0.932779
v -0.340932 1.056316 -0.679228
v -0.340932 1.564280 -0.679228
v -0.123398 1.056316 -0.932779
v -0.123398 1.564280 -0.932779
v -0.123398 1.056316 -0.679228
v -0.123398 1.564280 -0.679228
v 0.340932 1.056316 -0.932779
v 0.340932 1.564280 -0.932779
v 0.340932 1.056316 -0.679228
v 0.340932 1.564280 -0.679228
v 0.123398 1.056316 -0.932779
v 0.123398 1.564280 -0.932779
v 0.123398 1.056316 -0.679228
v 0.123398 1.564280 -0.679228
v -0.329064 0.885905 -1.320429
v -0.329064 1.634277 -1.320429
v -0.329064 0.885905 -0.940641
v -0.329064 1.634277 -0.940641
v -0.175085 0.877177 -1.329157
v -0.175085 1.643005 -1.329157
v -0.175085 0.877177 -0.931913
v -0.175085 1.643005 -0.931913
v -0.329064 0.877177 -0.931913
v -0.329064 0.877177 -1.329157
v -0.329064 1.643005 -1.329157
v -0.329064 1.643005 -0.931913
v -0.329064 0.889608 -0.944345
v -0.329064 0.889608 -1.316725
v -0.329064 1.630573 -1.316725
v -0.329064 1.630573 -0.944345
v -0.329064 0.885905 -0.940641
v -0.329064 0.885905 -1.320429
v -0.329064 1.634277 -1.320429
v -0.329064 1.634277 -0.940641
v -0.321389 0.885905 -0.940641
v -0.321389 0.885905 -1.320429
v -0.321389 1.634277 -1.320429
v -0.321389 1.634277 -0.940641
v -0.321389 0.889608 -0.944345
v -0.321389 0.889608 -1.316725
v -0.321389 1.630573 -1.316725
v -0.321389 1.630573 -0.944345
v 0.329064 0.885905 -1.320429
v 0.329064 1.634277 -1.320429
v 0.329064 0.885905 -0.940641
v 0.329064 1.634277 -0.940641
v 0.175085 0.877177 -1.329157
v 0.175085 1.643005 -1.329157
v 0.175085 0.877177 -0.931913
v 0.175085 1.643005 -0.931913
v 0.329064 0.877177 -0.931913
v 0.329064 0.877177 -1.329157
v 0.329064 1.643005 -1.329157
v 0.329064 1.643005 -0.931913
v 0.329064 0.889608 -0.944345
v 0.329064 0.889608 -1.316725
v 0.329064 1.630573 -1.316725
v 0.329064 1.630573 -0.944345
v 0.329064 0.885905 -0.940641
v 0.329064 0.885905 -1.320429
v 0.329064 1.634277 -1.320429
v 0.329064 1.634277 -0.940641
v 0.321389 0.885905 -0.940641
v 0.321389 0.885905 -1.320429
v 0.321389 1.634277 -1.320429
v 0.321389 1.634277 -0.940641
v 0.321389 0.889608 -0.944345
v 0.321389 0.889608 -1.316725
v 0.321389 1.630573 -1.316725
v 0.321389 1.630573 -0.944345
v -0.204443 0.100005 -0.976118
v -0.255574 0.100005 -0.976118
v -0.175085 0.100005 -0.976118
v -0.123398 0.100005 -0.976118
v -0.204443 0.100005 -0.618307
v -0.175085 0.100005 -0.618307
v -0.123398 0.100005 -0.618307
v -0.204443 0.129522 -0.976118
v -0.204443 0.100005 0.976118
v -0.175085 0.100005 0.976118
v -0.123398 0.100005 0.976118
v -0.255574 0.100005 0.618307
v -0.175085 0.100005 0.618307
v -0.204443 0.100005 0.618307
v -0.123398 0.100005 0.618307
v -0.204443 2.626527 1.011082
v -0.175085 2.626527 1.011082
v -0.123398 2.626527 1.011082
v -0.204443 2.626527 -0.618307
v -0.204443 2.626527 0.618307
v -0.204443 2.626527 -0.583326
v -0.297757 2.626527 -0.583326
v -0.297757 2.626527 0.583326
v -0.297757 2.626527 0.000000
v -0.204443 2.626527 0.583326
v -0.204443 2.626527 -1.768187
v -0.175085 2.626527 -1.768187
v -0.123398 2.626527 -1.768187
v -0.328653 2.845018 -0.618307
v -0.328653 2.292351 -1.768187
v -0.328653 0.650361 -0.976118
v -0.328653 0.650360 -1.011082
v -0.328653 2.314235 -1.768187
v -0.328653 2.314235 -1.011082
v -0.328653 2.626527 -1.768187
v -0.328653 2.516886 -1.768187
v -0.328653 2.392676 -1.011082
v -0.328653 2.392676 -1.768187
v -0.328653 2.516886 -1.011082
v -0.328653 2.845018 -1.011082
v -0.328653 2.845018 -1.768187
v -0.328653 2.845018 -0.976118
v -0.328653 2.516886 -0.976118
v -0.328653 2.392676 -0.976118
v -0.328653 2.314235 -0.976118
v -0.328653 2.292351 -0.976118
v -0.328653 2.886000 -0.976118
v -0.328653 2.886000 -1.011082
v -0.328653 2.626527 -1.011082
v -0.328653 2.886000 -1.768187
v -0.328653 0.129522 -1.011082
v -0.328653 0.100005 -1.011082
v -0.328653 0.129523 -1.768187
v -0.328653 0.650361 -1.768187
v -0.328653 0.100005 -1.768187
v -0.328965 2.516886 -0.618307
v -0.328653 2.626527 -0.976118
v -0.175085 1.662195 -0.583326
v -0.123398 1.662195 -0.583326
v -0.175085 1.662195 -1.768187
v -0.123398 1.662195 -1.768187
v -0.123398 1.662195 -1.728739
v -0.204443 1.662195 -0.583326
v -0.204443 1.662195 -0.618307
v -0.204443 1.662195 -0.976118
v -0.204443 1.662195 -1.768187
v -0.328653 1.662195 -1.768187
v -0.175085 0.857987 -0.583326
v -0.123398 0.857987 -0.583326
v -0.123398 0.857987 -1.768187
v -0.123398 0.857987 -1.728739
v -0.204443 0.857987 -0.583326
v -0.204443 0.857987 -1.768187
v -0.328653 0.857987 -1.768187
v -0.175085 0.857987 -1.768187
v -0.204443 0.857987 -0.618307
v -0.204443 0.857987 -0.976118
v -0.175085 0.100005 -1.354635
v -0.123398 0.100005 -1.354635
v -0.204443 2.886000 -1.374783
v -0.175085 2.886000 -1.374783
v -0.123398 2.886000 -1.374783
v -0.204443 0.100005 -1.354635
v -0.328653 2.314235 -1.374783
v -0.328653 2.292351 -1.374783
v -0.328653 2.392676 -1.374783
v -0.328653 2.516886 -1.374783
v -0.328653 2.845018 -1.374783
v -0.328653 2.886000 -1.374783
v -0.328653 0.129523 -1.354635
v -0.328653 0.650361 -1.354635
v -0.328653 0.100005 -1.354635
v -0.328653 2.626527 -1.374783
v -0.204443 1.662195 -1.354635
v -0.204443 0.857987 -1.354635
v -0.204443 1.662195 -1.011082
v -0.204443 0.857987 -1.011082
v -0.305430 1.662195 -1.011082
v -0.328653 1.685418 -1.011082
v -0.305430 1.662195 -0.976118
v -0.328653 1.685418 -0.976118
v -0.328653 0.834764 -1.011082
v -0.305430 0.857987 -1.011082
v -0.328653 0.834764 -0.976118
v -0.305430 0.857987 -0.976118
v -0.305430 1.662195 -1.354635
v -0.328653 1.685418 -1.377858
v -0.328653 0.834764 -1.377858
v -0.305430 0.857987 -1.354635
v -0.175085 1.765773 -1.768187
v -0.123398 1.765773 -1.768187
v -0.204443 1.765773 -1.768187
v -0.328653 1.765773 -1.768187
v -0.328653 1.765773 -1.374783
v -0.328653 1.765773 -1.011082
v -0.328653 1.765773 -0.976118
v -0.202155 0.650360 -0.705450
v -0.202155 2.516886 -0.705450
v -0.283869 0.650360 -0.746944
v -0.242375 0.650360 -0.705450
v -0.242375 2.516886 -0.705450
v -0.283869 2.516886 -0.746944
v -0.250673 1.729450 -0.713749
v -0.250673 1.704443 -0.713749
v -0.250673 1.996097 -0.713749
v -0.250673 1.971089 -0.713749
v -0.250673 2.262743 -0.713749
v -0.250673 2.237736 -0.713749
v -0.250673 0.650360 -0.713749
v -0.250673 2.516886 -0.713749
v -0.283869 2.237736 -0.758095
v -0.283869 2.262743 -0.758095
v -0.283869 1.971089 -0.758095
v -0.283869 1.996097 -0.758095
v -0.283869 1.704443 -0.758095
v -0.283869 1.729450 -0.758095
v -0.283869 0.904503 -0.758095
v -0.283869 0.929511 -0.758095
v -0.283869 2.516886 -0.758095
v -0.283869 0.650360 -0.758095
v -0.202155 2.237736 -0.705450
v -0.202155 2.262743 -0.705450
v -0.202155 1.971089 -0.705450
v -0.202155 1.996097 -0.705450
v -0.202155 1.704443 -0.705450
v -0.202155 1.729450 -0.705450
v -0.202155 0.904503 -0.705450
v -0.202155 0.929511 -0.705450
v -0.242375 2.237736 -0.705450
v -0.242375 2.262743 -0.705450
v -0.242375 1.971089 -0.705450
v -0.242375 1.996097 -0.705450
v -0.242375 1.704443 -0.705450
v -0.242375 1.729450 -0.705450
v -0.242375 0.904503 -0.705450
v -0.242375 0.929511 -0.705450
v -0.283869 0.929511 -0.746944
v -0.283869 0.904503 -0.746944
v -0.283869 1.729450 -0.746944
v -0.283869 1.704443 -0.746944
v -0.283869 1.996097 -0.746944
v -0.283869 1.971089 -0.746944
v -0.283869 2.262744 -0.746944
v -0.283869 2.237736 -0.746944
v -0.250673 0.904503 -0.713749
v -0.250673 0.929511 -0.713749
v -0.250673 1.729450 -0.746944
v -0.250673 1.704443 -0.746944
v -0.250673 1.996097 -0.746944
v -0.250673 1.971089 -0.746944
v -0.250673 2.262743 -0.746944
v -0.250673 2.237736 -0.746944
v -0.250673 0.904503 -0.746944
v -0.250673 0.929511 -0.746944
v -0.264433 1.729450 -0.753935
v -0.264433 1.704443 -0.753935
v -0.264433 1.996097 -0.753935
v -0.264433 1.971089 -0.753935
v -0.264433 2.262743 -0.753935
v -0.264433 2.237736 -0.753935
v -0.264433 0.904503 -0.753935
v -0.264433 0.929511 -0.753935
v -0.283869 1.996097 -0.976118
v -0.283869 2.237736 -0.976118
v -0.283869 2.262743 -0.976118
v -0.283869 1.971089 -0.976118
v -0.283869 1.704443 -0.976118
v -0.283869 2.516886 -0.976118
v -0.283869 0.650360 -0.976118
v -0.283869 1.729450 -0.976118
v -0.202155 2.516886 -0.976118
v -0.202155 0.650360 -0.976118
v -0.250673 1.583623 -0.713749
v -0.283869 1.583623 -0.758095
v -0.242375 1.583623 -0.705450
v -0.202155 1.583623 -0.705450
v -0.283869 1.583623 -0.746944
v -0.283869 1.035358 -0.758095
v -0.250673 1.035358 -0.713749
v -0.242375 1.035358 -0.705450
v -0.202155 1.035358 -0.705450
v -0.283869 1.035358 -0.746944
v -0.202155 1.583623 -0.758095
v -0.202155 1.662195 -0.922412
v -0.202155 1.035358 -0.758095
v -0.283869 1.996097 -0.922412
v -0.283869 2.262743 -0.922412
v -0.283869 2.516886 -0.922412
v -0.283869 1.729450 -0.922412
v -0.283869 2.237736 -0.922412
v -0.283869 1.971089 -0.922412
v -0.283869 1.704443 -0.922412
v -0.283869 1.583623 -0.922412
v -0.202155 1.583623 -0.922412
v -0.283869 0.929511 -0.922412
v -0.283869 0.650360 -0.922412
v -0.283869 0.904503 -0.922412
v -0.283869 1.035358 -0.922412
v -0.202155 1.035358 -0.922412
v -0.250673 1.662195 -0.713749
v -0.242375 1.662195 -0.705450
v -0.283869 1.662195 -0.758095
v -0.202155 1.662195 -0.705450
v -0.283869 1.662195 -0.746944
v -0.283869 1.662195 -0.976118
v -0.283869 1.662195 -0.922412
v -0.250673 0.857987 -0.713749
v -0.283869 0.857987 -0.758095
v -0.242375 0.857987 -0.705450
v -0.202155 0.857987 -0.705450
v -0.283869 0.857987 -0.746944
v -0.283869 0.857987 -0.976118
v -0.283869 0.857987 -0.922412
v -0.202155 1.662195 -0.976118
v -0.202155 0.857987 -0.922412
v -0.202155 0.857987 -0.976118
v -0.202155 0.650360 0.705450
v -0.202155 2.516886 0.705450
v -0.283869 0.650360 0.746944
v -0.242375 0.650360 0.705450
v -0.242375 2.516886 0.705450
v -0.283869 2.516886 0.746944
v -0.250673 1.729450 0.713749
v -0.250673 1.704443 0.713749
v -0.250673 1.996097 0.713749
v -0.250673 1.971089 0.713749
v -0.250673 2.262743 0.713749
v -0.250673 2.237736 0.713749
v -0.250673 0.650360 0.713749
v -0.250673 2.516886 0.713749
v -0.283869 2.237736 0.758095
v -0.283869 2.262743 0.758095
v -0.283869 1.971089 0.758095
v -0.283869 1.996097 0.758095
v -0.283869 1.704443 0.758095
v -0.283869 1.729450 0.758095
v -0.283869 1.437796 0.758095
v -0.283869 1.462804 0.758095
v -0.283869 1.171150 0.758095
v -0.283869 1.196157 0.758095
v -0.283869 0.904503 0.758095
v -0.283869 0.929511 0.758095
v -0.283869 2.516886 0.758095
v -0.283869 0.650360 0.758095
v -0.202155 2.237736 0.705450
v -0.202155 2.262743 0.705450
v -0.202155 1.971089 0.705450
v -0.202155 1.996097 0.705450
v -0.202155 1.704443 0.705450
v -0.202155 1.729450 0.705450
v -0.202155 1.437796 0.705450
v -0.202155 1.462804 0.705450
v -0.202155 1.171150 0.705450
v -0.202155 1.196157 0.705450
v -0.202155 0.904503 0.705450
v -0.202155 0.929511 0.705450
v -0.242375 2.237736 0.705450
v -0.242375 2.262743 0.705450
v -0.242375 1.971089 0.705450
v -0.242375 1.996097 0.705450
v -0.242375 1.704443 0.705450
v -0.242375 1.729450 0.705450
v -0.242375 1.437796 0.705450
v -0.242375 1.462804 0.705450
v -0.242375 1.171150 0.705450
v -0.242375 1.196157 0.705450
v -0.242375 0.904503 0.705450
v -0.242375 0.929511 0.705450
v -0.283869 0.929511 0.746944
v -0.283869 0.904503 0.746944
v -0.283869 1.196157 0.746944
v -0.283869 1.171150 0.746944
v -0.283869 1.462804 0.746944
v -0.283869 1.437796 0.746944
v -0.283869 1.729450 0.746944
v -0.283869 1.704443 0.746944
v -0.283869 1.996097 0.746944
v -0.283869 1.971089 0.746944
v -0.283869 2.262744 0.746944
v -0.283869 2.237736 0.746944
v -0.250673 1.437796 0.713749
v -0.250673 1.462804 0.713749
v -0.250673 1.171150 0.713749
v -0.250673 1.196157 0.713749
v -0.250673 0.904503 0.713749
v -0.250673 0.929511 0.713749
v -0.250673 1.729450 0.746944
v -0.250673 1.704443 0.746944
v -0.250673 1.996097 0.746944
v -0.250673 1.971089 0.746944
v -0.250673 2.262743 0.746944
v -0.250673 2.237736 0.746944
v -0.250673 1.437796 0.746944
v -0.250673 1.462804 0.746944
v -0.250673 1.171150 0.746944
v -0.250673 1.196157 0.746944
v -0.250673 0.904503 0.746944
v -0.250673 0.929511 0.746944
v -0.264433 1.729450 0.753935
v -0.264433 1.704443 0.753935
v -0.264433 1.996097 0.753935
v -0.264433 1.971089 0.753935
v -0.264433 2.262743 0.753935
v -0.264433 2.237736 0.753935
v -0.264433 1.437796 0.753935
v -0.264433 1.462804 0.753935
v -0.264433 1.171150 0.753935
v -0.264433 1.196157 0.753935
v -0.264433 0.904503 0.753935
v -0.264433 0.929511 0.753935
v -0.283869 1.996097 0.976118
v -0.283869 2.237736 0.976118
v -0.283869 2.262743 0.976118
v -0.283869 1.971089 0.976118
v -0.283869 1.704443 0.976118
v -0.283869 0.929511 0.976118
v -0.283869 2.516886 0.976118
v -0.283869 0.650360 0.976118
v -0.283869 1.729450 0.976118
v -0.283869 1.437796 0.976118
v -0.283869 1.462804 0.976118
v -0.283869 1.171150 0.976118
v -0.283869 1.196157 0.976118
v -0.283869 0.904503 0.976118
v -0.202155 2.516886 0.976118
v -0.202155 0.650360 0.976118
v -0.202155 2.262743 0.976118
v -0.202155 2.237736 0.976118
v -0.202155 1.996097 0.976118
v -0.202155 1.971089 0.976118
v -0.202155 1.729450 0.976118
v -0.202155 1.704443 0.976118
v -0.202155 1.462804 0.976118
v -0.202155 1.437796 0.976118
v -0.202155 1.196157 0.976118
v -0.202155 1.171149 0.976118
v -0.202155 0.929511 0.976118
v -0.202155 0.904503 0.976118
v -0.328653 2.274921 -1.375439
v -0.328653 2.274921 -1.742799
v -0.328653 2.274921 -1.035815
v -0.328653 1.783203 -1.375439
v -0.328653 1.783203 -1.742799
v -0.328653 1.783203 -1.035815
v -0.223190 2.274921 -1.375439
v -0.223190 2.274921 -1.742799
v -0.223190 2.274921 -1.035815
v -0.223190 1.783203 -1.375439
v -0.223190 1.783203 -1.742799
v -0.223190 1.783203 -1.035815
v -0.328653 0.627326 -1.043534
v -0.328653 0.152557 -1.043534
v -0.328653 0.152557 -1.356699
v -0.328653 0.152557 -1.733671
v -0.328653 0.627326 -1.356699
v -0.328653 0.627326 -1.733671
v -0.227913 0.627326 -1.043534
v -0.227913 0.152557 -1.043534
v -0.227913 0.152557 -1.356699
v -0.227913 0.152557 -1.733671
v -0.227913 0.627326 -1.356699
v -0.227913 0.627326 -1.733671
v -0.328653 2.274176 -1.036885
v -0.328653 1.783947 -1.036885
v -0.328653 1.783947 -1.741728
v -0.328653 2.274177 -1.741728
v 0.328653 0.624961 -1.046865
v 0.328653 0.154922 -1.046865
v 0.328653 0.154922 -1.356911
v 0.328653 0.154922 -1.730128
v 0.328653 0.624961 -1.356911
v 0.328653 0.624961 -1.730128
v 0.223190 1.796126 -1.207371
v 0.223190 2.262552 -1.207371
v 0.223190 1.796126 -1.046090
v 0.223190 2.262552 -1.046090
v 0.312027 1.796126 -1.207371
v 0.322066 1.806165 -1.197332
v 0.312027 2.262552 -1.207371
v 0.322066 2.252512 -1.197332
v 0.322066 1.806165 -1.056129
v 0.312027 1.796126 -1.046090
v 0.312027 2.262552 -1.046090
v 0.322066 2.252512 -1.056129
v 0.223190 2.040619 -1.557202
v 0.223190 2.262552 -1.557202
v 0.223190 2.040619 -1.395920
v 0.223190 2.262552 -1.395920
v 0.312027 2.040619 -1.557202
v 0.322066 2.050659 -1.547162
v 0.312027 2.262552 -1.557202
v 0.322066 2.252512 -1.547162
v 0.322066 2.050659 -1.405959
v 0.312027 2.040619 -1.395920
v 0.312027 2.262552 -1.395920
v 0.322066 2.252512 -1.405959
v 0.325008 1.848964 -1.535494
v 0.325008 2.015762 -1.535494
v 0.325008 1.848964 -1.416045
v 0.325008 2.015762 -1.416045
v 0.291854 1.800736 -1.544418
v 0.291854 2.015762 -1.544418
v 0.291854 1.800736 -1.407121
v 0.291854 2.015762 -1.407121
v 0.325008 1.909692 -1.535494
v 0.325008 1.940472 -1.535494
v 0.325008 1.940472 -1.416045
v 0.325008 1.909692 -1.416045
v 0.291854 1.940472 -1.407121
v 0.291854 1.909692 -1.407121
v 0.291854 1.940472 -1.544418
v 0.291854 1.909692 -1.544418
v 0.321568 1.909692 -1.533228
v 0.321568 1.940472 -1.533228
v 0.321568 1.940472 -1.418311
v 0.321568 1.909692 -1.418311
v 0.292483 1.940472 -1.409724
v 0.292483 1.909692 -1.409724
v 0.292483 1.940472 -1.541815
v 0.292483 1.909692 -1.541815
v 0.308431 1.800736 -1.407121
v 0.308431 2.015762 -1.407121
v 0.308431 1.800736 -1.544418
v 0.308431 2.015762 -1.544418
v 0.308431 1.909692 -1.544418
v 0.308431 1.940472 -1.544418
v 0.308431 1.909692 -1.407121
v 0.308431 1.940472 -1.407121
v 0.307026 1.909692 -1.541815
v 0.307026 1.940472 -1.541815
v 0.307026 1.909692 -1.409724
v 0.307026 1.940472 -1.409724
v 0.325008 1.848964 -1.432707
v 0.325008 1.848964 -1.518832
v 0.325008 2.015762 -1.518832
v 0.325008 2.015762 -1.432707
v 0.291854 1.800736 -1.525267
v 0.291854 1.800736 -1.426272
v 0.325008 1.909692 -1.518832
v 0.325008 1.909692 -1.432707
v 0.325008 1.940472 -1.518832
v 0.325008 1.940472 -1.432707
v 0.321568 1.909692 -1.517199
v 0.321568 1.909692 -1.434340
v 0.321568 1.940472 -1.517199
v 0.321568 1.940472 -1.434340
v 0.308431 1.800736 -1.426272
v 0.308431 1.800736 -1.525267
v 0.325008 1.864577 -1.416045
v 0.291854 1.864577 -1.407121
v 0.291854 1.864577 -1.544418
v 0.325008 1.864577 -1.535494
v 0.308431 1.864577 -1.407121
v 0.308431 1.864577 -1.544418
v 0.325008 1.864577 -1.518832
v 0.325008 1.864577 -1.432707
v 0.317293 1.850083 -1.432707
v 0.317293 1.850083 -1.518832
v 0.300716 1.801855 -1.426272
v 0.300716 1.801855 -1.525267
v 0.317293 1.865696 -1.518832
v 0.317293 1.865696 -1.432707
v 0.300716 2.015762 -1.407121
v 0.300716 1.800736 -1.544418
v 0.300716 1.909692 -1.407121
v 0.300716 1.940472 -1.407121
v 0.300327 1.909692 -1.409724
v 0.300327 1.940472 -1.409724
v 0.300716 1.800736 -1.407121
v 0.300716 2.015762 -1.544418
v 0.300716 1.909692 -1.544418
v 0.300716 1.940472 -1.544418
v 0.300327 1.909692 -1.541815
v 0.300327 1.940472 -1.541815
v 0.300716 1.864577 -1.544418
v 0.300716 1.864577 -1.407121
v 0.308431 2.015762 -1.518832
v 0.308431 2.015762 -1.432707
v 0.300716 2.015762 -1.518832
v 0.300716 2.015762 -1.432707
v 0.291854 2.015762 -1.518832
v 0.291854 2.015762 -1.432707
v 0.328652 1.787642 -1.738701
v 0.328652 2.271989 -1.738701
v 0.328652 1.787642 -1.039876
v 0.328652 2.271989 -1.039876
v 0.223190 1.787642 -1.738701
v 0.223190 2.271989 -1.738701
v 0.223190 1.787642 -1.039876
v 0.223190 2.271989 -1.039876
v 0.328652 1.787642 -1.214582
v 0.328652 1.787642 -1.389288
v 0.328652 1.787642 -1.563995
v 0.328652 2.271989 -1.563995
v 0.328652 2.271989 -1.389288
v 0.328652 2.271989 -1.214582
v 0.223190 1.787642 -1.563995
v 0.223190 1.787642 -1.389288
v 0.223190 1.787642 -1.214582
v 0.223190 2.271989 -1.214582
v 0.223190 2.271989 -1.389288
v 0.223190 2.271989 -1.563995
v 0.328652 2.029816 -1.738701
v 0.328652 2.029816 -1.039876
v 0.223190 2.029816 -1.039876
v 0.223190 2.029816 -1.738701
v 0.328652 2.029816 -1.563995
v 0.328652 2.029816 -1.389288
v 0.328652 2.029816 -1.214582
v 0.328652 2.267612 -1.210205
v 0.328652 2.267612 -1.044253
v 0.328652 2.034193 -1.734324
v 0.328652 2.267612 -1.734324
v 0.328652 2.267612 -1.568372
v 0.328652 2.034193 -1.568372
v 0.328652 2.034193 -1.559618
v 0.328652 2.267612 -1.559618
v 0.328652 2.267612 -1.393665
v 0.328652 2.034193 -1.393665
v 0.328652 2.034193 -1.384911
v 0.328652 2.267612 -1.384911
v 0.328652 2.267612 -1.218959
v 0.328652 2.034193 -1.218959
v 0.328652 1.792019 -1.384911
v 0.328652 2.025439 -1.384911
v 0.328652 2.025439 -1.218959
v 0.328652 1.792019 -1.218959
v 0.328652 1.792019 -1.559618
v 0.328652 2.025439 -1.559618
v 0.328652 2.025439 -1.393665
v 0.328652 1.792019 -1.393665
v 0.328652 1.792019 -1.734324
v 0.328652 2.025439 -1.734324
v 0.328652 2.025439 -1.568372
v 0.328652 1.792019 -1.568372
v 0.328652 1.792019 -1.210205
v 0.328652 2.029816 -1.210205
v 0.328652 2.029816 -1.044253
v 0.328652 1.792019 -1.044253
v 0.223190 2.267612 -1.210205
v 0.223190 2.267612 -1.044253
v 0.223190 2.034193 -1.734324
v 0.223190 2.267612 -1.734324
v 0.223190 2.034193 -1.568372
v 0.223190 2.267612 -1.568372
v 0.223190 2.267612 -1.559618
v 0.223190 2.034193 -1.559618
v 0.223190 2.034193 -1.393665
v 0.223190 2.267612 -1.393665
v 0.223190 2.267612 -1.384911
v 0.223190 2.034193 -1.384911
v 0.223190 2.034193 -1.218959
v 0.223190 2.267612 -1.218959
v 0.223190 2.025439 -1.384911
v 0.223190 1.792019 -1.384911
v 0.223190 1.792019 -1.218959
v 0.223190 2.025439 -1.218959
v 0.223190 2.025439 -1.559618
v 0.223190 1.792019 -1.559618
v 0.223190 1.792019 -1.393665
v 0.223190 2.025439 -1.393665
v 0.223190 1.792019 -1.734324
v 0.223190 2.025439 -1.734324
v 0.223190 1.792019 -1.568372
v 0.223190 2.025439 -1.568372
v 0.223190 2.029816 -1.210205
v 0.223190 1.792019 -1.210205
v 0.223190 1.792019 -1.044253
v 0.223190 2.029816 -1.044253
v 0.322359 1.793798 -1.382960
v 0.322359 2.023536 -1.382960
v 0.322359 1.793798 -1.220632
v 0.322359 2.023536 -1.220632
v 0.223190 1.793798 -1.382960
v 0.223190 2.023536 -1.382960
v 0.223190 1.793798 -1.220632
v 0.223190 2.023536 -1.220632
v 0.322359 1.796453 -1.380305
v 0.322359 2.020881 -1.380305
v 0.322359 2.020881 -1.223287
v 0.322359 1.796453 -1.223287
v 0.319837 1.796453 -1.380305
v 0.319837 2.020881 -1.380305
v 0.319837 1.796453 -1.223287
v 0.319837 2.020881 -1.223287
v 0.328953 1.856790 -1.733852
v 0.328953 1.978292 -1.733852
v 0.328953 1.856790 -1.393393
v 0.328953 1.978292 -1.393393
v 0.335322 1.856790 -1.422820
v 0.335322 1.856790 -1.704425
v 0.335322 1.978292 -1.704425
v 0.335322 1.978292 -1.422820
v 0.328953 1.856790 -1.737920
v 0.328953 1.978292 -1.737920
v 0.328953 1.856790 -1.389325
v 0.328953 1.978292 -1.389325
v 0.328953 1.867621 -1.733852
v 0.328953 1.967461 -1.733852
v 0.328953 1.967461 -1.393393
v 0.328953 1.867621 -1.393393
v 0.335322 1.967461 -1.704425
v 0.335322 1.867621 -1.704425
v 0.335322 1.967461 -1.422820
v 0.335322 1.867621 -1.422820
v 0.328953 1.867621 -1.737920
v 0.328953 1.967461 -1.737920
v 0.328953 1.967461 -1.389325
v 0.328953 1.867621 -1.389325
v 0.335322 1.856790 -1.447314
v 0.335322 1.856790 -1.679931
v 0.335322 1.978292 -1.679931
v 0.335322 1.978292 -1.447315
v 0.335322 1.867621 -1.679931
v 0.335322 1.867621 -1.447314
v 0.335322 1.967461 -1.679931
v 0.335322 1.967461 -1.447314
v 0.337570 1.856790 -1.704425
v 0.331200 1.856790 -1.733852
v 0.331200 1.967461 -1.733852
v 0.331200 1.978292 -1.733852
v 0.337570 1.978292 -1.422820
v 0.331200 1.978292 -1.393393
v 0.331200 1.867621 -1.393393
v 0.331200 1.856790 -1.393393
v 0.337570 1.856790 -1.422820
v 0.337570 1.856790 -1.679931
v 0.337570 1.978292 -1.704425
v 0.337570 1.978292 -1.447315
v 0.337570 1.867621 -1.704425
v 0.337570 1.867621 -1.422820
v 0.331200 1.967461 -1.737920
v 0.331200 1.978292 -1.737920
v 0.331200 1.867621 -1.389325
v 0.331200 1.856790 -1.389325
v 0.331200 1.978292 -1.389325
v 0.331200 1.856790 -1.737920
v 0.331200 1.867621 -1.733852
v 0.331200 1.967461 -1.393393
v 0.337570 1.967461 -1.704425
v 0.337570 1.967461 -1.422820
v 0.331200 1.867621 -1.737920
v 0.331200 1.967461 -1.389325
v 0.337570 1.867621 -1.447314
v 0.337570 1.967461 -1.447314
v 0.337570 1.856790 -1.447314
v 0.337570 1.978292 -1.679931
v 0.337570 1.867621 -1.679931
v 0.337570 1.967461 -1.679931
v 0.337550 1.976199 -1.699030
v 0.337550 1.858883 -1.699030
v 0.337550 1.976199 -1.428215
v 0.337550 1.858883 -1.428215
v 0.337550 1.858883 -1.679931
v 0.337550 1.858883 -1.447314
v 0.337550 1.976199 -1.679931
v 0.337550 1.976199 -1.447314
v 0.342071 1.976199 -1.699030
v 0.342071 1.858883 -1.699030
v 0.342071 1.976199 -1.428215
v 0.342071 1.858883 -1.428215
v 0.342071 1.858883 -1.447314
v 0.342071 1.976199 -1.447314
v 0.342071 1.858883 -1.679931
v 0.342071 1.976199 -1.679931
v 0.325008 1.848964 -1.711213
v 0.325008 2.015762 -1.711213
v 0.325008 1.848964 -1.591765
v 0.325008 2.015762 -1.591765
v 0.291854 1.800736 -1.720138
v 0.291854 2.015762 -1.720138
v 0.291854 1.800736 -1.582840
v 0.291854 2.015762 -1.582840
v 0.325008 1.909692 -1.711213
v 0.325008 1.940472 -1.711213
v 0.325008 1.940472 -1.591765
v 0.325008 1.909692 -1.591765
v 0.291854 1.940472 -1.582840
v 0.291854 1.909692 -1.582840
v 0.291854 1.940472 -1.720138
v 0.291854 1.909692 -1.720138
v 0.321568 1.909692 -1.708948
v 0.321568 1.940472 -1.708948
v 0.321568 1.940472 -1.594030
v 0.321568 1.909692 -1.594030
v 0.292483 1.940472 -1.585444
v 0.292483 1.909692 -1.585444
v 0.292483 1.940472 -1.717534
v 0.292483 1.909692 -1.717534
v 0.308431 1.800736 -1.582840
v 0.308431 2.015762 -1.582840
v 0.308431 1.800736 -1.720138
v 0.308431 2.015762 -1.720138
v 0.308431 1.909692 -1.720138
v 0.308431 1.940472 -1.720138
v 0.308431 1.909692 -1.582840
v 0.308431 1.940472 -1.582840
v 0.307026 1.909692 -1.717534
v 0.307026 1.940472 -1.717534
v 0.307026 1.909692 -1.585444
v 0.307026 1.940472 -1.585444
v 0.325008 1.848964 -1.608426
v 0.325008 1.848964 -1.694552
v 0.325008 2.015762 -1.694552
v 0.325008 2.015762 -1.608426
v 0.291854 1.800736 -1.700987
v 0.291854 1.800736 -1.601991
v 0.325008 1.909692 -1.694552
v 0.325008 1.909692 -1.608426
v 0.325008 1.940472 -1.694552
v 0.325008 1.940472 -1.608426
v 0.321568 1.909692 -1.692918
v 0.321568 1.909692 -1.610059
v 0.321568 1.940472 -1.692918
v 0.321568 1.940472 -1.610059
v 0.308431 1.800736 -1.601991
v 0.308431 1.800736 -1.700987
v 0.325008 1.864577 -1.591765
v 0.291854 1.864577 -1.582840
v 0.291854 1.864577 -1.720138
v 0.325008 1.864577 -1.711213
v 0.308431 1.864577 -1.582840
v 0.308431 1.864577 -1.720138
v 0.325008 1.864577 -1.694552
v 0.325008 1.864577 -1.608426
v 0.317293 1.850083 -1.608426
v 0.317293 1.850083 -1.694552
v 0.300716 1.801855 -1.601991
v 0.300716 1.801855 -1.700987
v 0.317293 1.865696 -1.694552
v 0.317293 1.865696 -1.608426
v 0.300716 2.015762 -1.582840
v 0.300716 1.800736 -1.720138
v 0.300716 1.909692 -1.582840
v 0.300716 1.940472 -1.582840
v 0.300327 1.909692 -1.585444
v 0.300327 1.940472 -1.585444
v 0.300716 1.800736 -1.582840
v 0.300716 2.015762 -1.720138
v 0.300716 1.909692 -1.720138
v 0.300716 1.940472 -1.720138
v 0.300327 1.909692 -1.717534
v 0.300327 1.940472 -1.717534
v 0.300716 1.864577 -1.720138
v 0.300716 1.864577 -1.582840
v 0.308431 2.015762 -1.694552
v 0.308431 2.015762 -1.608426
v 0.300716 2.015762 -1.694552
v 0.300716 2.015762 -1.608426
v 0.291854 2.015762 -1.694552
v 0.291854 2.015762 -1.608426
v -0.299907 0.299181 -1.262058
v -0.299907 0.464799 -1.262058
v -0.299907 0.299181 -1.726135
v -0.299907 0.464799 -1.726135
v -0.308588 0.299181 -1.686023
v -0.308588 0.299181 -1.302170
v -0.308588 0.464799 -1.302170
v -0.308588 0.464799 -1.686023
v -0.299907 0.299181 -1.256513
v -0.299907 0.464799 -1.256513
v -0.299907 0.299181 -1.731679
v -0.299907 0.464799 -1.731679
v -0.299907 0.313945 -1.262058
v -0.299907 0.450035 -1.262058
v -0.299907 0.450035 -1.726135
v -0.299907 0.313945 -1.726135
v -0.308588 0.450035 -1.302170
v -0.308588 0.313945 -1.302170
v -0.308588 0.450035 -1.686023
v -0.308588 0.313945 -1.686023
v -0.299907 0.313945 -1.256513
v -0.299907 0.450035 -1.256513
v -0.299907 0.450035 -1.731679
v -0.299907 0.313945 -1.731679
v -0.308588 0.299181 -1.652635
v -0.308588 0.299181 -1.335558
v -0.308588 0.464799 -1.335557
v -0.308588 0.464799 -1.652635
v -0.308588 0.313945 -1.335558
v -0.308588 0.313945 -1.652635
v -0.308588 0.450035 -1.335558
v -0.308588 0.450035 -1.652635
v -0.311652 0.299181 -1.302170
v -0.302970 0.299181 -1.262058
v -0.302970 0.450035 -1.262058
v -0.302970 0.464799 -1.262058
v -0.311652 0.464799 -1.686023
v -0.302970 0.464799 -1.726135
v -0.302970 0.313945 -1.726135
v -0.302970 0.299181 -1.726135
v -0.311652 0.299181 -1.686023
v -0.311652 0.299181 -1.335558
v -0.311652 0.464799 -1.302170
v -0.311652 0.464799 -1.652635
v -0.311652 0.313945 -1.302170
v -0.311652 0.313945 -1.686023
v -0.302970 0.450035 -1.256513
v -0.302970 0.464799 -1.256513
v -0.302970 0.313945 -1.731679
v -0.302970 0.299181 -1.731679
v -0.302970 0.464799 -1.731679
v -0.302970 0.299181 -1.256513
v -0.302970 0.313945 -1.262058
v -0.302970 0.450035 -1.726135
v -0.311652 0.450035 -1.302170
v -0.311652 0.450035 -1.686023
v -0.302970 0.313945 -1.256513
v -0.302970 0.450035 -1.731679
v -0.311652 0.313945 -1.652635
v -0.311652 0.450035 -1.652635
v -0.311652 0.299181 -1.652635
v -0.311652 0.464799 -1.335557
v -0.311652 0.313945 -1.335558
v -0.311652 0.450035 -1.335558
v -0.311625 0.461947 -1.309524
v -0.311625 0.302034 -1.309524
v -0.311625 0.461947 -1.678669
v -0.311625 0.302034 -1.678669
v -0.311625 0.302034 -1.335558
v -0.311625 0.302034 -1.652635
v -0.311625 0.461947 -1.335558
v -0.311625 0.461947 -1.652635
v -0.317788 0.461947 -1.309524
v -0.317788 0.302034 -1.309524
v -0.317788 0.461947 -1.678669
v -0.317788 0.302034 -1.678669
v -0.317788 0.302034 -1.652635
v -0.317788 0.461947 -1.652635
v -0.317788 0.302034 -1.335558
v -0.317788 0.461947 -1.335558
v -0.293561 0.450035 -1.262058
v -0.293561 0.464799 -1.262058
v -0.293561 0.313945 -1.726135
v -0.293561 0.299181 -1.726135
v -0.293561 0.450035 -1.256513
v -0.293561 0.464799 -1.256513
v -0.293561 0.313945 -1.731679
v -0.293561 0.299181 -1.731679
v -0.293561 0.464799 -1.726135
v -0.293561 0.464799 -1.731679
v -0.293561 0.299181 -1.262058
v -0.293561 0.299181 -1.256513
v -0.293561 0.313945 -1.262058
v -0.293561 0.450035 -1.726135
v -0.293561 0.313945 -1.256513
v -0.293561 0.450035 -1.731679
v -0.299907 0.294316 -1.731679
v -0.299907 0.294316 -1.726135
v -0.299907 0.469664 -1.726135
v -0.299907 0.469664 -1.731679
v -0.299907 0.469664 -1.256513
v -0.299907 0.469664 -1.262058
v -0.299907 0.294316 -1.262058
v -0.299907 0.294316 -1.256513
v -0.293561 0.294316 -1.731679
v -0.293561 0.294316 -1.726135
v -0.293561 0.469664 -1.726135
v -0.293561 0.469664 -1.731679
v -0.293561 0.469664 -1.256513
v -0.293561 0.469664 -1.262058
v -0.293561 0.294316 -1.262058
v -0.293561 0.294316 -1.256513
v -0.299907 0.283361 -1.731679
v -0.299907 0.283361 -1.726135
v -0.299907 0.480619 -1.726135
v -0.299907 0.480619 -1.731679
v -0.299907 0.480619 -1.256513
v -0.299907 0.480619 -1.262058
v -0.299907 0.283361 -1.262058
v -0.299907 0.283361 -1.256513
v -0.293561 0.283361 -1.731679
v -0.293561 0.283361 -1.726135
v -0.293561 0.480619 -1.726135
v -0.293561 0.480619 -1.731679
v -0.293561 0.480619 -1.256513
v -0.293561 0.480619 -1.262058
v -0.293561 0.283361 -1.262058
v -0.293561 0.283361 -1.256513
v -0.225366 0.294316 -1.731679
v -0.225366 0.294316 -1.726135
v -0.225366 0.469664 -1.726135
v -0.225366 0.469664 -1.731679
v -0.225366 0.469664 -1.256513
v -0.225366 0.469664 -1.262058
v -0.225366 0.294316 -1.262058
v -0.225366 0.294316 -1.256513
v -0.225366 0.283361 -1.731679
v -0.225366 0.283361 -1.726135
v -0.225366 0.480619 -1.726135
v -0.225366 0.480619 -1.731679
v -0.225366 0.480619 -1.256513
v -0.225366 0.480619 -1.262058
v -0.225366 0.283361 -1.262058
v -0.225366 0.283361 -1.256513
v -0.288444 0.627326 -1.390963
v -0.288444 0.627326 -1.286277
v -0.310125 0.627326 -1.338620
v -0.236101 0.627326 -1.264596
v -0.236101 0.627326 -1.412644
v -0.236101 0.152557 -1.264596
v -0.288444 0.152557 -1.286277
v -0.310125 0.152557 -1.338620
v -0.288444 0.152557 -1.390963
v -0.236101 0.152557 -1.412644
v -0.288444 0.627326 -1.699809
v -0.288444 0.627326 -1.595123
v -0.310125 0.627326 -1.647466
v -0.236101 0.627326 -1.573442
v -0.236101 0.627326 -1.721490
v -0.236101 0.152557 -1.573442
v -0.288444 0.152557 -1.595123
v -0.310125 0.152557 -1.647466
v -0.288444 0.152557 -1.699809
v -0.236101 0.152557 -1.721490
v -0.288444 0.627326 -1.545117
v -0.288444 0.627326 -1.440431
v -0.310125 0.627326 -1.492774
v -0.236101 0.627326 -1.418750
v -0.236101 0.627326 -1.566798
v -0.236101 0.152557 -1.418750
v -0.288444 0.152557 -1.440431
v -0.310125 0.152557 -1.492774
v -0.288444 0.152557 -1.545117
v -0.236101 0.152557 -1.566798
v -0.222673 0.220029 -1.247906
v -0.222673 0.620287 -1.247906
v -0.222673 0.220029 -1.055586
v -0.222673 0.620287 -1.055586
v -0.296058 0.220029 -1.247906
v -0.296058 0.620287 -1.247906
v -0.296058 0.220029 -1.055586
v -0.296058 0.620287 -1.055586
vn -0.0000 -0.0000 1.0000
vn -1.0000 -0.0000 -0.0000
vn 1.0000 -0.0000 -0.0000
vn -0.0000 -1.0000 -0.0000
vn 0.9469 -0.3216 -0.0000
vn -0.0000 1.0000 -0.0000
vn -0.0000 -0.0000 -1.0000
vn 0.5707 0.8211 -0.0000
vn 0.7071 -0.7071 -0.0000
vn -0.0000 -0.0000 -0.0000
vn 0.7071 0.7071 -0.0000
vn 0.7071 -0.0000 0.7071
vn 0.4529 -0.0000 0.8916
vn 0.2093 -0.0000 0.9778
vn 0.7071 -0.0000 -0.7071
vn 0.4529 -0.0000 -0.8916
vn 0.2093 -0.0000 -0.9778
vn -0.9469 -0.3216 -0.0000
vn -0.5707 0.8211 -0.0000
vn -0.7071 -0.7071 -0.0000
vn -0.7071 0.7071 -0.0000
vn -0.7071 -0.0000 0.7071
vn -0.4529 -0.0000 0.8916
vn -0.2093 -0.0000 0.9778
vn -0.7071 -0.0000 -0.7071
vn -0.4529 -0.0000 -0.8916
vn -0.2093 -0.0000 -0.9778
vn 0.4740 -0.0000 -0.8805
vn 0.0630 -0.9976 0.0291
vn 0.5084 -0.0000 -0.8611
vn 0.5084 -0.0000 0.8611
vn 0.4740 -0.0000 0.8805
vn 0.9457 -0.3251 -0.0000
vn -0.0183 -0.1261 0.9919
vn 0.0630 -0.9976 -0.0291
vn -0.1435 -0.9896 -0.0000
vn -0.0723 -0.9970 -0.0291
vn -0.0723 -0.9970 0.0291
vn 0.1253 -0.9921 -0.0000
vn -0.9774 -0.0000 -0.2115
vn -0.9774 -0.0000 0.2115
vn 0.9774 -0.0000 -0.2115
vn 0.9774 -0.0000 0.2115
vn -0.0000 -0.0001 -1.0000
vn -0.1435 -0.9897 -0.0000
vn -0.0000 -0.0001 1.0000
vn -0.9239 -0.0000 -0.3827
vn -0.9239 -0.0000 0.3827
vn -0.3827 -0.0000 0.9239
vn -0.3827 -0.0000 -0.9239
vt 0.088106 0.284165
vt 0.088106 0.294231
vt 0.072269 0.294231
vt 0.072269 0.284165
vt 0.088106 0.281356
vt 0.088106 0.070630
vt 0.094739 0.070630
vt 0.094739 0.281356
vt 0.088106 0.324243
vt 0.072269 0.324243
vt 0.072269 0.310172
vt 0.088106 0.310172
vt 0.527832 0.654263
vt 0.530950 0.654263
vt 0.530950 0.661424
vt 0.527832 0.661424
vt 0.309500 0.711831
vt 0.319567 0.711831
vt 0.319567 0.716320
vt 0.309500 0.716320
vt 0.094739 0.284165
vt 0.098507 0.281356
vt 0.098507 0.284165
vt 0.098507 0.310172
vt 0.094739 0.310172
vt 0.094739 0.294231
vt 0.098507 0.294231
vt 0.098507 0.324243
vt 0.094739 0.324243
vt 0.020802 0.811146
vt 0.020802 0.736285
vt 0.027364 0.736285
vt 0.027364 0.811146
vt 0.140823 0.791430
vt 0.140823 0.716568
vt 0.157658 0.716568
vt 0.157658 0.791430
vt 0.319567 0.791182
vt 0.309500 0.791182
vt 0.211745 0.641707
vt 0.211745 0.716568
vt 0.199769 0.716568
vt 0.199769 0.641707
vt 0.010401 0.661424
vt 0.014168 0.661424
vt 0.014168 0.736285
vt 0.010401 0.736285
vt 0.250264 0.654263
vt 0.460990 0.654263
vt 0.460990 0.661424
vt 0.250264 0.661424
vt 0.246189 0.654263
vt 0.247456 0.654263
vt 0.247456 0.661424
vt 0.246189 0.661424
vt 0.183105 0.638898
vt 0.186873 0.638898
vt 0.186873 0.641707
vt 0.183105 0.641707
vt 0.960963 0.149605
vt 0.967525 0.149605
vt 0.967525 0.154092
vt 0.960963 0.154092
vt 0.960963 0.200012
vt 0.967525 0.200012
vt 0.967525 0.204501
vt 0.960963 0.204501
vt 0.971406 0.969774
vt 0.959984 0.969774
vt 0.959984 0.965287
vt 0.971406 0.965287
vt 0.959984 0.919367
vt 0.971406 0.919367
vt 0.959984 0.914877
vt 0.971406 0.914877
vt 0.167165 0.361330
vt 0.167165 0.357542
vt 0.176543 0.357542
vt 0.176543 0.361330
vt 0.912710 0.947052
vt 0.912710 0.950840
vt 0.908223 0.950840
vt 0.908223 0.947052
vt 0.862303 0.947052
vt 0.862303 0.950840
vt 0.857814 0.950840
vt 0.857814 0.947052
vt 0.105069 0.003788
vt 0.105069 0.000000
vt 0.114447 0.000000
vt 0.114447 0.003788
vt 0.183105 0.357542
vt 0.183105 0.361330
vt 0.234121 0.641707
vt 0.234121 0.791430
vt 0.230353 0.791430
vt 0.230353 0.641707
vt 0.098507 0.003788
vt 0.098507 0.000000
vt 0.088106 0.003788
vt 0.088106 0.000000
vt 0.094739 0.000000
vt 0.094739 0.003788
vt 0.536259 0.050407
vt 0.536259 0.004487
vt 0.542893 0.004487
vt 0.542893 0.050407
vt 0.558729 0.004487
vt 0.558729 0.050407
vt 0.532492 0.004487
vt 0.525930 0.004487
vt 0.525930 0.000000
vt 0.532492 0.000000
vt 0.536259 0.000000
vt 0.542893 0.000000
vt 0.558729 0.000000
vt 0.293560 0.916452
vt 0.293560 0.870532
vt 0.309500 0.870532
vt 0.309500 0.916452
vt 0.788179 0.962499
vt 0.834099 0.962499
vt 0.834099 0.992591
vt 0.788179 0.992591
vt 0.247456 0.504540
vt 0.246189 0.504540
vt 0.246189 0.357542
vt 0.247456 0.357542
vt 0.319567 0.870532
vt 0.319567 0.916452
vt 0.965398 0.856826
vt 0.971960 0.856826
vt 0.971960 0.872766
vt 0.959984 0.872766
vt 0.542893 0.303606
vt 0.558729 0.303606
vt 0.558729 0.356679
vt 0.542893 0.356679
vt 0.020802 0.661424
vt 0.027364 0.661424
vt 0.140823 0.641707
vt 0.157658 0.641707
vt 0.319567 0.866043
vt 0.309500 0.866043
vt 0.211745 0.791430
vt 0.199769 0.791430
vt 0.010401 0.811146
vt 0.014168 0.811146
vt 0.250264 0.504540
vt 0.250264 0.357542
vt 0.530950 0.504540
vt 0.527832 0.504540
vt 0.527832 0.357542
vt 0.530950 0.357542
vt 0.151224 0.638898
vt 0.151224 0.641707
vt 0.147456 0.641707
vt 0.147456 0.638898
vt 0.195702 0.310172
vt 0.149026 0.310172
vt 0.149026 0.294231
vt 0.195702 0.294231
vt 0.974086 0.195525
vt 0.974086 0.200014
vt 0.967524 0.200014
vt 0.967524 0.195525
vt 0.974086 0.149605
vt 0.967524 0.149605
vt 0.976358 0.727464
vt 0.976358 0.773384
vt 0.964936 0.773384
vt 0.964936 0.727464
vt 0.976358 0.777873
vt 0.964936 0.777873
vt 0.167165 0.361330
vt 0.157786 0.361330
vt 0.157786 0.357542
vt 0.167165 0.357542
vt 0.145312 0.891261
vt 0.140823 0.891261
vt 0.140823 0.887473
vt 0.145312 0.887473
vt 0.536259 0.303606
vt 0.536259 0.356679
vt 0.191232 0.891261
vt 0.191232 0.887473
vt 0.151224 0.361330
vt 0.151224 0.357542
vt 0.126691 0.642303
vt 0.126691 0.792026
vt 0.122903 0.792026
vt 0.122903 0.642303
vt 0.223720 0.791430
vt 0.223720 0.641707
vt 0.516551 0.204619
vt 0.525930 0.204619
vt 0.525930 0.209109
vt 0.516551 0.209109
vt 0.532492 0.209109
vt 0.532492 0.255028
vt 0.525930 0.255028
vt 0.536259 0.209109
vt 0.536259 0.255028
vt 0.542893 0.209109
vt 0.558729 0.209109
vt 0.558729 0.255028
vt 0.542893 0.255028
vt 0.532492 0.054896
vt 0.536259 0.054896
vt 0.536259 0.204619
vt 0.532492 0.204619
vt 0.140823 0.641707
vt 0.140823 0.638898
vt 0.020802 0.736285
vt 0.020802 0.811146
vt 0.147456 0.558027
vt 0.140823 0.558027
vt 0.072269 0.003788
vt 0.072269 0.000000
vt 0.542893 0.204619
vt 0.542893 0.054896
vt 0.193506 0.638898
vt 0.193506 0.641707
vt 0.020802 0.661424
vt 0.072269 0.281356
vt 0.186873 0.428172
vt 0.193506 0.428172
vt 0.072269 0.070630
vt 0.558729 0.204619
vt 0.558729 0.054896
vt 0.147457 0.428172
vt 0.140823 0.428172
vt 0.140823 0.361330
vt 0.147457 0.361330
vt 0.460990 0.504540
vt 0.460990 0.357542
vt 0.151224 0.428172
vt 0.157786 0.428173
vt 0.191232 0.951584
vt 0.145312 0.951584
vt 0.140823 0.951584
vt 0.167165 0.421654
vt 0.186873 0.361330
vt 0.193506 0.361330
vt 0.098507 0.070630
vt 0.105069 0.070630
vt 0.000000 0.654262
vt 0.015836 0.654262
vt 0.015836 0.661424
vt 0.000000 0.661424
vt 0.183105 0.428172
vt 0.176543 0.428172
vt 0.908223 0.886728
vt 0.862303 0.886728
vt 0.114447 0.064112
vt 0.857814 0.886728
vt 0.912710 0.886728
vt 0.167165 0.421654
vt 0.000000 0.504539
vt 0.015836 0.504539
vt -0.000000 0.357542
vt 0.015836 0.357542
vt 0.374181 0.284165
vt 0.390018 0.284165
vt 0.390018 0.294231
vt 0.374181 0.294231
vt 0.374181 0.097276
vt 0.367548 0.097276
vt 0.367548 0.070630
vt 0.374181 0.070630
vt 0.374181 0.324243
vt 0.374181 0.310172
vt 0.390018 0.310172
vt 0.390018 0.324243
vt 0.322376 0.866043
vt 0.322376 0.870532
vt 0.293560 0.866043
vt 0.367548 0.284165
vt 0.363780 0.284165
vt 0.363780 0.281356
vt 0.367548 0.281356
vt 0.658155 0.948446
vt 0.686195 0.948446
vt 0.686195 0.964387
vt 0.658155 0.964387
vt 0.374181 0.281356
vt 0.363780 0.310172
vt 0.363780 0.294231
vt 0.367548 0.294231
vt 0.367548 0.310172
vt 0.363780 0.324243
vt 0.367548 0.324243
vt 0.251449 0.870532
vt 0.251449 0.916452
vt 0.246189 0.916452
vt 0.246189 0.870532
vt 0.251449 0.866043
vt 0.246189 0.866043
vt 0.374181 0.003788
vt 0.367548 0.003788
vt 0.367548 0.000000
vt 0.374181 0.000000
vt 0.251449 0.661424
vt 0.251449 0.665911
vt 0.246189 0.665911
vt 0.246189 0.661424
vt 0.390018 0.003788
vt 0.390018 0.000000
vt 0.390018 0.281356
vt 0.390018 0.097276
vt 0.390018 0.070630
vt 0.367548 0.352283
vt 0.374181 0.352283
vt 0.374181 0.357542
vt 0.367548 0.357542
vt 0.857814 0.698148
vt 0.857814 0.694360
vt 0.873755 0.694360
vt 0.873755 0.698148
vt 0.322376 0.916452
vt 0.031673 0.364703
vt 0.047509 0.364703
vt 0.047509 0.439565
vt 0.031673 0.439565
vt 0.031673 0.514426
vt 0.047509 0.514426
vt 0.247456 0.579401
vt 0.246189 0.579401
vt 0.095018 0.557356
vt 0.095018 0.638228
vt 0.079182 0.638228
vt 0.079182 0.557356
vt 0.079182 0.641036
vt 0.095018 0.641036
vt 0.095018 0.642303
vt 0.079182 0.642303
vt 0.095018 0.427502
vt 0.079182 0.427502
vt 0.079182 0.360660
vt 0.095018 0.360660
vt 0.079182 0.357542
vt 0.095018 0.357542
vt 0.331136 0.504540
vt 0.331136 0.357542
vt 0.047509 0.661424
vt 0.031673 0.661424
vt 0.095018 0.427502
vt 0.110855 0.427502
vt 0.110855 0.638228
vt 0.110855 0.641036
vt 0.110855 0.642303
vt 0.095018 0.642303
vt 0.110855 0.360660
vt 0.110855 0.357542
vt 0.031673 0.357542
vt 0.047509 0.357542
vt 0.390018 0.352283
vt 0.390018 0.357542
vt 0.251449 0.711831
vt 0.246189 0.711831
vt 0.251449 0.791182
vt 0.246189 0.791182
vt 0.251449 0.716320
vt 0.246189 0.716320
vt 0.293560 0.661424
vt 0.309500 0.661424
vt 0.309500 0.665911
vt 0.293560 0.665911
vt 0.319567 0.661424
vt 0.322376 0.661424
vt 0.322376 0.665911
vt 0.319567 0.665911
vt 0.646939 0.354013
vt 0.646939 0.308093
vt 0.692971 0.308093
vt 0.692971 0.354013
vt 0.293560 0.711831
vt 0.322376 0.711831
vt 0.347840 0.324243
vt 0.347840 0.310172
vt 0.094739 0.352283
vt 0.098507 0.352283
vt 0.098507 0.357542
vt 0.094739 0.357542
vt 0.322376 0.716320
vt 0.293560 0.716320
vt 0.966918 0.267937
vt 0.972332 0.283878
vt 0.960356 0.283878
vt 0.960356 0.267937
vt 0.532492 0.303606
vt 0.532492 0.356679
vt 0.516551 0.356679
vt 0.516551 0.303606
vt 0.700266 0.948446
vt 0.700266 0.964427
vt 0.363781 0.352283
vt 0.363781 0.357542
vt 0.347840 0.357542
vt 0.347840 0.352283
vt 0.347840 0.294231
vt 0.072269 0.352283
vt 0.088106 0.352283
vt 0.088106 0.357542
vt 0.072269 0.357542
vt 0.363780 0.003788
vt 0.363780 0.070630
vt 0.347840 0.070630
vt 0.347840 0.003788
vt 0.532492 0.259516
vt 0.516551 0.259516
vt 0.516551 0.255028
vt 0.646939 0.303606
vt 0.692971 0.303606
vt 0.964777 0.651978
vt 0.964777 0.647491
vt 0.984676 0.647491
vt 0.984676 0.651978
vt 0.964777 0.697898
vt 0.984676 0.697898
vt 0.717653 0.354013
vt 0.717653 0.349526
vt 0.749614 0.349526
vt 0.749614 0.354013
vt 0.144539 0.324243
vt 0.144539 0.352283
vt 0.963361 0.483662
vt 0.991401 0.483662
vt 0.991401 0.488149
vt 0.963361 0.488149
vt 0.991401 0.534069
vt 0.963361 0.534069
vt 0.717653 0.303606
vt 0.749614 0.303606
vt 0.992231 0.267937
vt 0.992231 0.313857
vt 0.972332 0.313857
vt 0.972332 0.267937
vt 0.238304 0.869980
vt 0.243563 0.869980
vt 0.243563 0.885920
vt 0.238304 0.885920
vt 0.214895 0.997504
vt 0.214895 0.951584
vt 0.242935 0.951584
vt 0.242935 0.997504
vt 0.198915 0.951584
vt 0.198955 0.997504
vt 0.182934 0.997504
vt 0.182934 0.951584
vt 0.490210 0.054896
vt 0.490210 0.129758
vt 0.474373 0.129758
vt 0.474373 0.054896
vt 0.500611 0.054896
vt 0.500611 0.129758
vt 0.496843 0.129758
vt 0.496843 0.054896
vt 0.496843 0.204619
vt 0.500611 0.204619
vt 0.500611 0.209109
vt 0.496843 0.209109
vt 0.490210 0.204619
vt 0.490210 0.209109
vt 0.474373 0.204619
vt 0.496843 0.255028
vt 0.500611 0.255028
vt 0.500611 0.259516
vt 0.496843 0.259516
vt 0.474373 0.209109
vt 0.496843 0.306191
vt 0.500611 0.306191
vt 0.500611 0.356679
vt 0.496843 0.356679
vt 0.490210 0.306191
vt 0.490210 0.356679
vt 0.474373 0.306191
vt 0.474373 0.356679
vt 0.490210 0.004487
vt 0.490210 0.000000
vt 0.496843 0.000000
vt 0.496843 0.004487
vt 0.490210 0.255028
vt 0.490210 0.259516
vt 0.474373 0.255028
vt 0.474373 0.259516
vt 0.490210 0.050407
vt 0.474373 0.050407
vt 0.500611 0.000000
vt 0.500611 0.004487
vt 0.496843 0.050407
vt 0.500611 0.050407
vt 0.474373 0.004487
vt 0.474373 -0.000000
vt 0.533101 0.661424
vt 0.533101 0.665911
vt 0.533101 0.711831
vt 0.533101 0.716320
vt 0.151224 0.454818
vt 0.147457 0.454818
vt 0.607864 0.745104
vt 0.607864 0.742295
vt 0.623805 0.742295
vt 0.623805 0.745104
vt 0.363780 0.000000
vt 0.347840 0.000000
vt 0.363780 0.097276
vt 0.506456 0.916452
vt 0.506456 0.870532
vt 0.533101 0.870532
vt 0.533101 0.916452
vt 0.347840 0.284165
vt 0.506456 0.866043
vt 0.533101 0.866043
vt 0.857814 0.764990
vt 0.873755 0.764990
vt 0.971960 0.886837
vt 0.959984 0.886837
vt 0.171729 0.641707
vt 0.171729 0.716568
vt 0.171729 0.791430
vt 0.914282 0.333127
vt 0.914282 0.267937
vt 0.946822 0.267937
vt 0.946822 0.333127
vt 0.918532 0.922016
vt 0.918532 0.856826
vt 0.946449 0.856826
vt 0.946449 0.922016
vt 0.948819 0.487922
vt 0.948819 0.553112
vt 0.920902 0.553112
vt 0.920902 0.487922
vt 0.274107 0.965029
vt 0.302024 0.965029
vt 0.302024 0.997569
vt 0.274107 0.997569
vt 0.302024 0.965029
vt 0.329941 0.965029
vt 0.329941 0.997569
vt 0.302024 0.997569
vt 0.914888 0.153759
vt 0.947428 0.153759
vt 0.947428 0.218949
vt 0.914888 0.218949
vt 0.920901 0.357542
vt 0.948819 0.357542
vt 0.948819 0.422732
vt 0.920901 0.422732
vt 0.936860 0.597084
vt 0.964777 0.597084
vt 0.964777 0.662274
vt 0.936860 0.662274
vt 0.050719 0.964290
vt 0.050719 0.996830
vt 0.022802 0.996830
vt 0.022802 0.964290
vt 0.357858 0.965029
vt 0.357858 0.997569
vt 0.329941 0.965029
vt 0.139340 0.453593
vt 0.139340 0.357598
vt 0.139436 0.357542
vt 0.139436 0.453537
vt 0.788179 0.759707
vt 0.788179 0.857990
vt 0.768418 0.857990
vt 0.768418 0.759707
vt 0.651995 0.764632
vt 0.651995 0.862915
vt 0.632234 0.862915
vt 0.632234 0.764632
vt 0.860619 0.303606
vt 0.880380 0.303606
vt 0.880380 0.354586
vt 0.860619 0.354586
vt 0.948819 0.544592
vt 0.968580 0.544592
vt 0.968580 0.595572
vt 0.948819 0.595572
vt 0.758996 0.662544
vt 0.710255 0.662544
vt 0.709135 0.661424
vt 0.760116 0.661424
vt 0.758996 0.758587
vt 0.760116 0.759707
vt 0.710255 0.758587
vt 0.709135 0.759707
vt 0.860183 0.452634
vt 0.860183 0.357542
vt 0.907973 0.357542
vt 0.907973 0.452634
vt 0.139628 0.357542
vt 0.139628 0.453537
vt 0.139532 0.453593
vt 0.139532 0.357598
vt 0.139244 0.502337
vt 0.139244 0.453621
vt 0.139292 0.453593
vt 0.139292 0.502309
vt 0.139789 0.453593
vt 0.139789 0.502309
vt 0.139741 0.502337
vt 0.139741 0.453621
vt 0.845521 0.644874
vt 0.845521 0.597084
vt 0.846506 0.597084
vt 0.846506 0.644874
vt 0.139148 0.800622
vt 0.139148 0.848411
vt 0.138163 0.848411
vt 0.138163 0.800622
vt 0.140823 0.357542
vt 0.140823 0.453585
vt 0.139838 0.453585
vt 0.139838 0.357542
vt 0.138163 0.549628
vt 0.138163 0.453585
vt 0.139148 0.453585
vt 0.139148 0.549628
vt 0.189088 0.791905
vt 0.141298 0.791905
vt 0.140823 0.791430
vt 0.189563 0.791430
vt 0.189088 0.886997
vt 0.189563 0.887473
vt 0.141298 0.886997
vt 0.814051 0.710164
vt 0.814051 0.661424
vt 0.815036 0.661424
vt 0.815036 0.710164
vt 0.139148 0.644720
vt 0.139148 0.739812
vt 0.138163 0.739812
vt 0.138163 0.644720
vt 0.049565 0.781194
vt 0.049565 0.829935
vt 0.048580 0.829935
vt 0.048580 0.781194
vt 0.139148 0.644720
vt 0.139244 0.453593
vt 0.139148 0.453593
vt 0.139148 0.357542
vt 0.139244 0.357542
vt 0.611685 0.771111
vt 0.631446 0.771111
vt 0.631446 0.869394
vt 0.611685 0.869394
vt 0.728896 0.759707
vt 0.728896 0.857990
vt 0.709135 0.857990
vt 0.801336 0.303606
vt 0.801336 0.354586
vt 0.781575 0.354586
vt 0.781575 0.303606
vt 0.840858 0.303606
vt 0.840858 0.354586
vt 0.821097 0.354586
vt 0.821097 0.303606
vt 0.659275 0.662544
vt 0.658155 0.661424
vt 0.708015 0.662544
vt 0.659275 0.758587
vt 0.658155 0.759707
vt 0.708015 0.758587
vt 0.857814 0.791636
vt 0.905604 0.791636
vt 0.905604 0.886728
vt 0.139742 0.357542
vt 0.139838 0.357542
vt 0.139838 0.453593
vt 0.139742 0.453593
vt 0.139695 0.502337
vt 0.139646 0.502337
vt 0.139646 0.453593
vt 0.139695 0.453593
vt 0.139483 0.453593
vt 0.139532 0.453593
vt 0.139532 0.502337
vt 0.139483 0.502337
vt 0.138163 0.848411
vt 0.137178 0.848411
vt 0.137178 0.800622
vt 0.138163 0.800622
vt 0.845521 0.692663
vt 0.846506 0.692663
vt 0.846506 0.740453
vt 0.845521 0.740453
vt 0.139838 0.549628
vt 0.140823 0.549628
vt 0.140823 0.645671
vt 0.139838 0.645671
vt 0.138163 0.453585
vt 0.137178 0.453585
vt 0.137178 0.357542
vt 0.138163 0.357542
vt 0.190039 0.791905
vt 0.189563 0.791430
vt 0.238304 0.791430
vt 0.237828 0.791905
vt 0.190039 0.886997
vt 0.189563 0.887473
vt 0.237828 0.886997
vt 0.238304 0.887473
vt 0.126691 0.840766
vt 0.125706 0.840766
vt 0.125706 0.792026
vt 0.126691 0.792026
vt 0.812081 0.661424
vt 0.813066 0.661424
vt 0.813066 0.756516
vt 0.812081 0.756516
vt 0.244522 0.736799
vt 0.245507 0.736799
vt 0.245507 0.785539
vt 0.244522 0.785539
vt 0.138163 0.740763
vt 0.137178 0.740763
vt 0.137178 0.645671
vt 0.138163 0.645671
vt 0.960356 0.297949
vt 0.972332 0.297949
vt 0.279489 0.711831
vt 0.279489 0.716320
vt 0.279489 0.870532
vt 0.279489 0.866043
vt 0.558729 0.259516
vt 0.542893 0.259516
vt 0.536259 0.259516
vt 0.516551 0.255028
vt 0.516551 0.306191
vt 0.195702 0.324243
vt 0.149026 0.324243
vt 0.149026 0.284165
vt 0.195702 0.284165
vt 0.195702 0.352283
vt 0.246189 0.352283
vt 0.246189 0.357542
vt 0.195702 0.357542
vt 0.532492 0.050407
vt 0.525930 0.050407
vt 0.525930 0.054896
vt 0.516551 0.054896
vt 0.516551 0.050407
vt 0.516551 0.004487
vt 0.516551 0.000000
vt 0.347840 0.281356
vt 0.130468 0.310172
vt 0.960356 0.325989
vt 0.972332 0.325989
vt 0.199769 0.791430
vt 0.199769 0.716568
vt 0.199769 0.641707
vt 0.971960 0.914878
vt 0.959984 0.914878
vt 0.133374 0.951174
vt 0.133374 0.997206
vt 0.105334 0.997206
vt 0.105334 0.951174
vt 0.091263 0.983135
vt 0.091263 0.951174
vt 0.149026 0.281356
vt 0.195702 0.281356
vt 0.144539 0.352283
vt 0.149026 0.352283
vt 0.149026 0.357542
vt 0.144539 0.357542
vt 0.686195 0.994478
vt 0.658155 0.994478
vt 0.700266 0.980407
vt 0.144539 0.284165
vt 0.144539 0.281356
vt 0.144539 0.294231
vt 0.144539 0.310172
vt 0.144539 0.324243
vt 0.193116 0.003788
vt 0.149026 0.003788
vt 0.149026 0.000000
vt 0.193116 -0.000000
vt 0.246189 0.070630
vt 0.193116 0.070630
vt 0.193381 0.067674
vt 0.241760 0.067674
vt 0.144539 0.000000
vt 0.144539 0.003788
vt 0.149026 0.070630
vt 0.144539 0.070630
vt 0.607864 0.755170
vt 0.623805 0.755170
vt 0.363780 0.213777
vt 0.347840 0.213777
vt 0.607864 0.771111
vt 0.623805 0.771111
vt 0.214895 0.951584
vt 0.214895 0.997504
vt 0.788179 0.946559
vt 0.834099 0.946559
vt 0.622015 0.971152
vt 0.636086 0.957081
vt 0.652107 0.957081
vt 0.652107 0.971152
vt 0.652107 0.999192
vt 0.622015 0.999192
vt 0.363780 0.200485
vt 0.347840 0.200485
vt 0.347840 0.097276
vt 0.403247 0.866043
vt 0.403247 0.870532
vt 0.403247 0.916452
vt 0.367548 0.213777
vt 0.367548 0.200485
vt 0.151224 0.558027
vt 0.434344 0.504540
vt 0.434344 0.357542
vt 0.095018 0.454148
vt 0.079182 0.454148
vt 0.390018 0.213777
vt 0.374181 0.213777
vt 0.374181 0.200485
vt 0.390018 0.200485
vt 0.140823 0.454818
vt 0.246189 0.324243
vt 0.193381 0.006744
vt 0.153190 0.006744
vt 0.246189 0.003788
vt 0.246189 -0.000000
vt 0.246189 0.284165
vt 0.246189 0.281356
vt 0.246189 0.294231
vt 0.246189 0.310172
vt 0.516551 0.356679
vt 0.506456 0.965029
vt 0.403247 0.965029
vt 0.403247 0.920939
vt 0.506456 0.920939
vt 0.783228 0.909547
vt 0.783228 0.905060
vt 0.787442 0.905060
vt 0.787442 0.909547
vt 0.658155 0.816190
vt 0.658155 0.820677
vt 0.653940 0.820677
vt 0.653940 0.816190
vt 0.783228 0.860970
vt 0.787442 0.857990
vt 0.658155 0.867747
vt 0.653940 0.864767
vt 0.623805 0.767613
vt 0.623805 0.664404
vt 0.628019 0.661424
vt 0.628019 0.770593
vt 0.195702 0.213777
vt 0.149026 0.213777
vt 0.149026 0.203465
vt 0.196096 0.203465
vt 0.914888 0.223436
vt 0.927849 0.223436
vt 0.927849 0.267526
vt 0.914888 0.267526
vt 0.144539 0.213777
vt 0.144539 0.203465
vt 0.927849 0.218949
vt 0.607864 0.661424
vt 0.620825 0.661424
vt 0.623805 0.664404
vt 0.623805 0.674716
vt 0.149026 0.094296
vt 0.144539 0.094296
vt 0.873144 0.547727
vt 0.886104 0.547727
vt 0.886104 0.591817
vt 0.873144 0.591817
vt 0.886104 0.596304
vt 0.873144 0.596304
vt 0.196096 0.094296
vt 0.857814 0.791636
vt 0.873755 0.788656
vt 0.870774 0.791636
vt 0.246189 0.213777
vt 0.246189 0.200485
vt 0.246189 0.097276
vt 0.645194 0.661424
vt 0.645194 0.764632
vt 0.632234 0.764632
vt 0.632234 0.661424
vt 0.152200 0.279119
vt 0.195786 0.279119
vt 0.242931 0.279119
vt 0.968239 0.055734
vt 0.972499 0.051474
vt 0.973564 0.050409
vt 0.978726 0.050409
vt 0.978726 0.085146
vt 0.968239 0.085146
vt 0.968239 0.078253
vt 0.968239 0.057165
vt 0.137178 0.871362
vt 0.132016 0.871362
vt 0.130951 0.870297
vt 0.126691 0.866037
vt 0.126691 0.864606
vt 0.126691 0.843518
vt 0.126691 0.836626
vt 0.137178 0.836626
vt 0.583660 0.967995
vt 0.583660 0.973964
vt 0.562573 0.973964
vt 0.562573 0.967995
vt 0.971165 0.390158
vt 0.972671 0.390158
vt 0.972671 0.393367
vt 0.971165 0.393367
vt 0.045245 0.781194
vt 0.045245 0.748579
vt 0.046751 0.748579
vt 0.046751 0.781194
vt 0.045245 0.745369
vt 0.045245 0.714359
vt 0.046751 0.714359
vt 0.046751 0.745369
vt 0.045245 0.711149
vt 0.045245 0.680138
vt 0.046751 0.680138
vt 0.046751 0.711149
vt 0.971165 0.406951
vt 0.972671 0.406951
vt 0.971165 0.384188
vt 0.971165 0.357542
vt 0.972671 0.357542
vt 0.972671 0.384188
vt 0.583660 0.977174
vt 0.562573 0.977174
vt 0.635444 0.862915
vt 0.635444 0.864896
vt 0.632234 0.864896
vt 0.889802 0.785091
vt 0.893011 0.785091
vt 0.893011 0.787072
vt 0.889802 0.787072
vt 0.539994 0.762480
vt 0.561082 0.762480
vt 0.561082 0.765689
vt 0.539994 0.765689
vt 0.876964 0.689829
vt 0.880173 0.689829
vt 0.880173 0.691809
vt 0.876964 0.691809
vt 0.539994 0.728260
vt 0.561082 0.728260
vt 0.561082 0.731469
vt 0.539994 0.731469
vt 0.880173 0.785091
vt 0.883383 0.785091
vt 0.883383 0.787072
vt 0.880173 0.787072
vt 0.539994 0.694039
vt 0.561082 0.694039
vt 0.561082 0.697249
vt 0.539994 0.697249
vt 0.539994 0.661424
vt 0.561082 0.661424
vt 0.539994 0.771111
vt 0.561082 0.771111
vt 0.658155 0.903572
vt 0.652993 0.903572
vt 0.652993 0.900363
vt 0.658155 0.900363
vt 0.052776 0.762480
vt 0.057938 0.762480
vt 0.057938 0.765689
vt 0.052776 0.765689
vt 0.052776 0.728259
vt 0.057938 0.728259
vt 0.057938 0.731469
vt 0.052776 0.731469
vt 0.052776 0.694039
vt 0.057938 0.694039
vt 0.057938 0.697249
vt 0.052776 0.697249
vt 0.905604 0.880205
vt 0.908813 0.880205
vt 0.908813 0.884465
vt 0.905604 0.884465
vt 0.905849 0.689829
vt 0.909058 0.689829
vt 0.909058 0.694089
vt 0.905849 0.694089
vt 0.905849 0.785091
vt 0.909058 0.785091
vt 0.909058 0.789351
vt 0.905849 0.789351
vt 0.899064 0.592398
vt 0.902274 0.592398
vt 0.902274 0.596658
vt 0.899064 0.596658
vt 0.052776 0.661424
vt 0.057938 0.661424
vt 0.052776 0.771111
vt 0.057938 0.771111
vt 0.658155 0.894393
vt 0.652993 0.894393
vt 0.562513 0.661424
vt 0.562513 0.694039
vt 0.562513 0.697249
vt 0.562513 0.728260
vt 0.562513 0.731469
vt 0.562513 0.762480
vt 0.562513 0.765689
vt 0.562513 0.771111
vt 0.561142 0.973964
vt 0.561142 0.967995
vt 0.052776 0.748579
vt 0.052776 0.781194
vt 0.052776 0.714359
vt 0.052776 0.745370
vt 0.052776 0.680138
vt 0.052776 0.711149
vt 0.978696 0.393367
vt 0.978696 0.406951
vt 0.978696 0.357542
vt 0.978696 0.384188
vt 0.045245 0.676929
vt 0.046751 0.676929
vt 0.889802 0.789623
vt 0.893011 0.789623
vt 0.243570 0.861911
vt 0.244957 0.864053
vt 0.245571 0.865936
vt 0.242558 0.862923
vt 0.242558 0.868948
vt 0.786240 0.924542
vt 0.783228 0.927554
vt 0.783842 0.925671
vt 0.785228 0.923530
vt 0.786240 0.930567
vt 0.876964 0.694360
vt 0.880173 0.694360
vt 0.244654 0.926878
vt 0.241642 0.929890
vt 0.242256 0.928007
vt 0.243642 0.925866
vt 0.244654 0.932903
vt 0.137786 0.871362
vt 0.139173 0.873503
vt 0.139787 0.875386
vt 0.136775 0.872374
vt 0.136775 0.878399
vt 0.880173 0.789623
vt 0.883383 0.789623
vt 0.932951 0.588879
vt 0.929939 0.591892
vt 0.930553 0.590009
vt 0.931939 0.587867
vt 0.932951 0.594904
vt 0.138190 0.864325
vt 0.139576 0.866467
vt 0.140190 0.868349
vt 0.137178 0.865337
vt 0.137178 0.871362
vt 0.632234 0.867447
vt 0.635444 0.867447
vt 0.591801 0.927370
vt 0.588789 0.930383
vt 0.589403 0.928500
vt 0.590789 0.926359
vt 0.591801 0.933395
vt 0.589801 0.877102
vt 0.591187 0.879243
vt 0.591801 0.881126
vt 0.588789 0.878114
vt 0.588789 0.884138
vt 0.046751 0.671507
vt 0.046751 0.661424
vt 0.052776 0.661424
vt 0.052776 0.671507
vt 0.045245 0.671507
vt 0.045245 0.661424
vt 0.562573 0.990758
vt 0.561142 0.990758
vt 0.561142 0.977174
vt 0.658155 0.917156
vt 0.652993 0.917156
vt 0.583660 0.990758
vt 0.478359 0.992873
vt 0.478359 0.971786
vt 0.488846 0.971786
vt 0.488846 0.992873
vt 0.478359 0.970355
vt 0.482619 0.966094
vt 0.483684 0.965029
vt 0.488846 0.965029
vt 0.509820 0.970355
vt 0.509820 0.971786
vt 0.499333 0.971786
vt 0.499333 0.965029
vt 0.504494 0.965029
vt 0.505559 0.966094
vt 0.533101 0.771111
vt 0.533101 0.765689
vt 0.533101 0.762480
vt 0.533101 0.731469
vt 0.533101 0.728260
vt 0.533101 0.697249
vt 0.533101 0.694039
vt 0.533101 0.661424
vt 0.509820 0.992873
vt 0.499333 0.992873
vt 0.126691 0.881849
vt 0.126691 0.871362
vt 0.136775 0.871362
vt 0.136775 0.881849
vt 0.052776 0.676929
vt 0.561082 0.781195
vt 0.562513 0.781195
vt 0.052776 0.781194
vt 0.057938 0.781194
vt 0.539994 0.781195
vt 0.590553 0.941349
vt 0.590553 0.967995
vt 0.583660 0.941349
vt 0.978696 0.390158
vt 0.562573 0.941349
vt 0.561142 0.941349
vt 0.658155 0.867747
vt 0.652993 0.867747
vt 0.938304 0.354101
vt 0.938304 0.343614
vt 0.945196 0.343614
vt 0.945196 0.354101
vt 0.898306 0.355900
vt 0.887819 0.355900
vt 0.887819 0.333137
vt 0.898306 0.333137
vt 0.968640 0.460277
vt 0.968640 0.470764
vt 0.961747 0.470764
vt 0.961747 0.460277
vt 0.815710 0.667129
vt 0.843690 0.667129
vt 0.843690 0.698140
vt 0.815710 0.698140
vt 0.834099 0.975970
vt 0.834099 0.974539
vt 0.834099 0.946559
vt 0.844586 0.946559
vt 0.844586 0.981295
vt 0.839424 0.981295
vt 0.838359 0.980230
vt 0.815710 0.632909
vt 0.843690 0.632909
vt 0.843690 0.663920
vt 0.815710 0.663920
vt 0.777475 0.947674
vt 0.777475 0.982410
vt 0.766989 0.982410
vt 0.766989 0.954430
vt 0.766989 0.952999
vt 0.771249 0.948739
vt 0.772314 0.947674
vt 0.815710 0.597084
vt 0.843690 0.597084
vt 0.843690 0.629700
vt 0.815710 0.629700
vt 0.852652 0.424378
vt 0.852652 0.427587
vt 0.851146 0.427587
vt 0.851146 0.424378
vt 0.852652 0.390158
vt 0.852652 0.393367
vt 0.851146 0.393367
vt 0.851146 0.390158
vt 0.852652 0.597084
vt 0.851146 0.597084
vt 0.851146 0.564469
vt 0.852652 0.564469
vt 0.852652 0.561259
vt 0.851146 0.561259
vt 0.851146 0.530248
vt 0.852652 0.530248
vt 0.852652 0.527039
vt 0.851146 0.527039
vt 0.851146 0.496028
vt 0.852652 0.496028
vt 0.852652 0.492819
vt 0.851146 0.492819
vt 0.851146 0.461808
vt 0.852652 0.461808
vt 0.852652 0.458598
vt 0.851146 0.458598
vt 0.851146 0.357542
vt 0.852652 0.357542
vt 0.638653 0.862915
vt 0.638653 0.864896
vt 0.635444 0.862915
vt 0.641862 0.862915
vt 0.641862 0.864896
vt 0.815710 0.701349
vt 0.843690 0.701349
vt 0.883383 0.694360
vt 0.883383 0.692379
vt 0.886592 0.692379
vt 0.886592 0.694360
vt 0.815710 0.735570
vt 0.815710 0.732360
vt 0.843690 0.732360
vt 0.843690 0.735570
vt 0.880173 0.785091
vt 0.880173 0.787072
vt 0.876964 0.787072
vt 0.876964 0.785091
vt 0.815710 0.769790
vt 0.815710 0.766580
vt 0.843690 0.766580
vt 0.843690 0.769790
vt 0.645072 0.862915
vt 0.645072 0.864896
vt 0.641862 0.864896
vt 0.641862 0.862915
vt 0.815710 0.804010
vt 0.815710 0.800801
vt 0.843690 0.800801
vt 0.843690 0.804010
vt 0.648281 0.862915
vt 0.648281 0.864896
vt 0.645072 0.864896
vt 0.843690 0.836626
vt 0.815710 0.836626
vt 0.847491 0.632909
vt 0.847491 0.629700
vt 0.852652 0.629700
vt 0.852652 0.632909
vt 0.847491 0.667129
vt 0.847491 0.663920
vt 0.852652 0.663920
vt 0.852652 0.667129
vt 0.847491 0.701349
vt 0.847491 0.698140
vt 0.852652 0.698140
vt 0.852652 0.701349
vt 0.847491 0.735570
vt 0.847491 0.732360
vt 0.852652 0.732360
vt 0.852652 0.735570
vt 0.847491 0.769790
vt 0.847491 0.766581
vt 0.852652 0.766581
vt 0.852652 0.769790
vt 0.847491 0.804010
vt 0.847491 0.800801
vt 0.852652 0.800801
vt 0.852652 0.804010
vt 0.893011 0.694089
vt 0.893011 0.689829
vt 0.896220 0.689829
vt 0.896220 0.694089
vt 0.136775 0.882659
vt 0.136775 0.878399
vt 0.139984 0.878399
vt 0.139984 0.882659
vt 0.896220 0.789351
vt 0.896220 0.785091
vt 0.899430 0.785091
vt 0.899430 0.789351
vt 0.899430 0.694089
vt 0.899430 0.689828
vt 0.902639 0.689828
vt 0.902639 0.694089
vt 0.896220 0.694089
vt 0.896220 0.689829
vt 0.899430 0.689829
vt 0.899430 0.694089
vt 0.893011 0.789352
vt 0.893011 0.785091
vt 0.896220 0.785091
vt 0.896220 0.789352
vt 0.852652 0.836626
vt 0.847491 0.836626
vt 0.847491 0.597084
vt 0.845121 0.804010
vt 0.845121 0.836626
vt 0.845121 0.769790
vt 0.845121 0.800801
vt 0.845121 0.735570
vt 0.845121 0.766580
vt 0.845121 0.701349
vt 0.845121 0.732360
vt 0.845121 0.667129
vt 0.845121 0.698140
vt 0.845121 0.632909
vt 0.845121 0.663920
vt 0.845121 0.597084
vt 0.845121 0.629700
vt 0.845121 0.597084
vt 0.845121 0.564469
vt 0.845121 0.561259
vt 0.845121 0.530248
vt 0.845121 0.527039
vt 0.845121 0.496028
vt 0.845121 0.492819
vt 0.845121 0.461808
vt 0.845121 0.458598
vt 0.845121 0.427587
vt 0.845121 0.424378
vt 0.845121 0.393367
vt 0.845121 0.390158
vt 0.845121 0.357542
vt 0.883383 0.689829
vt 0.886592 0.689829
vt 0.654994 0.926819
vt 0.656005 0.927830
vt 0.652993 0.930843
vt 0.653607 0.928960
vt 0.656005 0.933855
vt 0.884594 0.346838
vt 0.885606 0.345826
vt 0.886992 0.347967
vt 0.887607 0.349850
vt 0.884594 0.352863
vt 0.880173 0.789623
vt 0.876964 0.789623
vt 0.588789 0.885150
vt 0.589801 0.884139
vt 0.591187 0.886280
vt 0.591801 0.888163
vt 0.588789 0.891175
vt 0.906324 0.554763
vt 0.907336 0.555775
vt 0.904324 0.558788
vt 0.904938 0.556905
vt 0.907336 0.561800
vt 0.645072 0.867447
vt 0.641862 0.867447
vt 0.588789 0.892187
vt 0.589801 0.891175
vt 0.591187 0.893316
vt 0.591801 0.895199
vt 0.588789 0.898212
vt 0.934952 0.587867
vt 0.935964 0.588879
vt 0.932951 0.591892
vt 0.933565 0.590009
vt 0.935964 0.594904
vt 0.648281 0.867447
vt 0.645072 0.867447
vt 0.898306 0.334149
vt 0.899318 0.333137
vt 0.900704 0.335278
vt 0.901318 0.337161
vt 0.898306 0.340173
vt 0.915371 0.929614
vt 0.916383 0.930626
vt 0.913370 0.933638
vt 0.913985 0.931755
vt 0.916383 0.936651
vt 0.638653 0.867447
vt 0.635444 0.867447
vt 0.898306 0.341185
vt 0.899318 0.340173
vt 0.900704 0.342315
vt 0.901318 0.344198
vt 0.898306 0.347210
vt 0.785228 0.930567
vt 0.786240 0.931579
vt 0.783228 0.934591
vt 0.783842 0.932708
vt 0.786240 0.937603
vt 0.641862 0.867447
vt 0.898306 0.348222
vt 0.899318 0.347210
vt 0.900704 0.349351
vt 0.901318 0.351234
vt 0.898306 0.354247
vt 0.937964 0.587867
vt 0.938976 0.588879
vt 0.935963 0.591892
vt 0.936578 0.590009
vt 0.938976 0.594904
vt 0.137178 0.357542
vt 0.137178 0.390158
vt 0.126691 0.390158
vt 0.126691 0.357542
vt 0.137178 0.393367
vt 0.126691 0.393367
vt 0.137178 0.424378
vt 0.126691 0.424378
vt 0.137178 0.427587
vt 0.126691 0.427587
vt 0.137178 0.458598
vt 0.126691 0.458598
vt 0.137178 0.461808
vt 0.126691 0.461808
vt 0.137178 0.492819
vt 0.126691 0.492819
vt 0.137178 0.496028
vt 0.126691 0.496028
vt 0.137178 0.527039
vt 0.126691 0.527039
vt 0.137178 0.530248
vt 0.126691 0.530248
vt 0.137178 0.561259
vt 0.126691 0.561259
vt 0.137178 0.564468
vt 0.126691 0.564468
vt 0.137178 0.597084
vt 0.126691 0.597084
vt 0.049565 0.935031
vt 0.049565 0.871926
vt 0.063099 0.871926
vt 0.063099 0.935031
vt 0.901354 0.088569
vt 0.901354 0.132155
vt 0.887819 0.132155
vt 0.887819 0.088569
vt 0.195786 0.216014
vt 0.152200 0.216014
vt 0.242931 0.216014
vt 0.873755 0.687815
vt 0.873755 0.640670
vt 0.936860 0.640670
vt 0.936860 0.687815
vt 0.873755 0.597084
vt 0.125620 0.792026
vt 0.125620 0.839171
vt 0.112086 0.839171
vt 0.112086 0.792026
vt 0.901354 0.179300
vt 0.887819 0.179300
vt 0.104797 0.888068
vt 0.104797 0.951173
vt 0.091263 0.951173
vt 0.091263 0.888068
vt 0.125620 0.882757
vt 0.112086 0.882757
vt 0.961747 0.357542
vt 0.961747 0.418472
vt 0.948819 0.418472
vt 0.948819 0.357542
vt 0.901354 0.308128
vt 0.901354 0.267937
vt 0.914282 0.267937
vt 0.914282 0.308128
vt 0.153190 0.067674
vt 0.241760 0.006744
vt 0.887819 0.040190
vt 0.887819 -0.000000
vt 0.948749 -0.000000
vt 0.948749 0.040190
vt 0.887819 0.088569
vt 0.948749 0.088569
vt 0.918532 0.831826
vt 0.918532 0.880205
vt 0.905604 0.880205
vt 0.905604 0.831826
vt 0.918532 0.791636
vt 0.901354 0.356507
vt 0.914282 0.356507
vt 0.948819 0.483662
vt 0.948819 0.422732
vt 0.961747 0.422732
vt 0.961747 0.483662
vt 0.056433 0.284165
vt 0.056433 0.294231
vt 0.056433 0.281356
vt 0.049800 0.281356
vt 0.049800 0.070630
vt 0.056433 0.070630
vt 0.056433 0.324243
vt 0.056433 0.310172
vt 0.812593 0.364703
vt 0.812593 0.357542
vt 0.815710 0.357542
vt 0.815710 0.364703
vt 0.664218 0.253199
vt 0.664218 0.248709
vt 0.674285 0.248709
vt 0.674285 0.253199
vt 0.049800 0.284165
vt 0.046032 0.284165
vt 0.046032 0.281356
vt 0.046032 0.310172
vt 0.046032 0.294231
vt 0.049800 0.294231
vt 0.049800 0.310172
vt 0.046032 0.324243
vt 0.049800 0.324243
vt 0.027364 0.661424
vt 0.033926 0.661424
vt 0.033926 0.736285
vt 0.027364 0.736285
vt 0.063346 0.642303
vt 0.080180 0.642303
vt 0.080180 0.717164
vt 0.063346 0.717164
vt 0.664218 0.173848
vt 0.674285 0.173848
vt 0.211745 0.641707
vt 0.223720 0.641707
vt 0.223720 0.716568
vt 0.211745 0.716568
vt 0.010401 0.661424
vt 0.010401 0.736285
vt 0.006633 0.736285
vt 0.006633 0.661424
vt 0.535025 0.364703
vt 0.535025 0.357542
vt 0.745750 0.357542
vt 0.745750 0.364703
vt 0.530950 0.364703
vt 0.530950 0.357542
vt 0.532216 0.357542
vt 0.532216 0.364703
vt 0.230249 0.638898
vt 0.230249 0.641707
vt 0.226481 0.641707
vt 0.226481 0.638898
vt 0.961677 0.054896
vt 0.961677 0.050409
vt 0.968239 0.050409
vt 0.968239 0.054896
vt 0.961677 0.004489
vt 0.961677 -0.000000
vt 0.968239 -0.000000
vt 0.968239 0.004489
vt 0.972384 0.088569
vt 0.972384 0.093056
vt 0.960962 0.093056
vt 0.960962 0.088569
vt 0.972384 0.138976
vt 0.960962 0.138976
vt 0.972384 0.143466
vt 0.960962 0.143466
vt 0.246189 0.361330
vt 0.236811 0.361330
vt 0.236811 0.357542
vt 0.246189 0.357542
vt 0.587998 0.881025
vt 0.583511 0.881025
vt 0.583511 0.877237
vt 0.587998 0.877237
vt 0.537591 0.881025
vt 0.533101 0.881025
vt 0.533101 0.877237
vt 0.537591 0.877237
vt 0.039470 0.003788
vt 0.030092 0.003788
vt 0.030092 -0.000000
vt 0.039470 0.000000
vt 0.230249 0.361330
vt 0.230249 0.357542
vt 0.237889 0.641707
vt 0.237889 0.791430
vt 0.046032 0.003788
vt 0.046032 0.000000
vt 0.056433 0.003788
vt 0.049800 0.003788
vt 0.049800 0.000000
vt 0.056433 0.000000
vt 0.581199 0.050407
vt 0.574565 0.050407
vt 0.574565 0.004487
vt 0.581199 0.004487
vt 0.584966 0.004487
vt 0.584966 0.000000
vt 0.591528 0.000000
vt 0.591528 0.004487
vt 0.581199 0.000000
vt 0.574565 0.000000
vt 0.648277 0.048577
vt 0.664218 0.048577
vt 0.664218 0.094497
vt 0.648277 0.094497
vt 0.721069 0.977765
vt 0.721069 0.947674
vt 0.766989 0.947674
vt 0.766989 0.977765
vt 0.532216 0.514426
vt 0.532216 0.661424
vt 0.530950 0.514426
vt 0.674285 0.048577
vt 0.674285 0.094497
vt 0.041339 0.906239
vt 0.046753 0.922179
vt 0.034777 0.922179
vt 0.034777 0.906239
vt 0.574565 0.303606
vt 0.574565 0.356679
vt 0.027364 0.811146
vt 0.033926 0.811146
vt 0.063346 0.792026
vt 0.080180 0.792026
vt 0.674285 0.098986
vt 0.664218 0.098986
vt 0.211745 0.791430
vt 0.223720 0.791430
vt 0.010401 0.811146
vt 0.006633 0.811146
vt 0.535025 0.514426
vt 0.535025 0.661424
vt 0.815710 0.514426
vt 0.815710 0.661424
vt 0.812593 0.661424
vt 0.812593 0.514426
vt 0.209447 0.638898
vt 0.213214 0.638898
vt 0.213214 0.641707
vt 0.209447 0.641707
vt 0.296677 0.310172
vt 0.296677 0.294231
vt 0.343353 0.294231
vt 0.343353 0.310172
vt 0.974801 0.004489
vt 0.968239 0.004489
vt 0.968239 -0.000000
vt 0.974801 -0.000000
vt 0.974801 0.050409
vt 0.968239 0.050409
vt 0.976971 0.261049
vt 0.965549 0.261049
vt 0.965549 0.215129
vt 0.976971 0.215129
vt 0.965549 0.210640
vt 0.976971 0.210640
vt 0.193506 0.361330
vt 0.193506 0.357542
vt 0.202885 0.357542
vt 0.202885 0.361330
vt 0.237152 0.891261
vt 0.237152 0.887473
vt 0.241641 0.887473
vt 0.241641 0.891261
vt 0.581199 0.303606
vt 0.581199 0.356679
vt 0.191232 0.891261
vt 0.191232 0.887473
vt 0.209447 0.357542
vt 0.209447 0.361330
vt 0.033926 0.661424
vt 0.037714 0.661424
vt 0.037714 0.811146
vt 0.033926 0.811146
vt 0.244522 0.641707
vt 0.244522 0.791430
vt 0.600907 0.204619
vt 0.600907 0.209109
vt 0.591528 0.209109
vt 0.591528 0.204619
vt 0.584966 0.209109
vt 0.591528 0.255028
vt 0.584966 0.255028
vt 0.581199 0.209109
vt 0.581199 0.255028
vt 0.574565 0.209109
vt 0.574565 0.255028
vt 0.584966 0.054896
vt 0.584966 0.204619
vt 0.581199 0.204619
vt 0.581199 0.054896
vt 0.219848 0.638898
vt 0.219848 0.641707
vt 0.000000 0.811146
vt 0.000000 0.736285
vt 0.213214 0.558027
vt 0.219848 0.558027
vt 0.574565 0.204619
vt 0.574565 0.054896
vt -0.000000 0.661424
vt 0.226481 0.428172
vt 0.219848 0.428172
vt 0.213214 0.428172
vt 0.213214 0.361330
vt 0.219848 0.361330
vt 0.219848 0.428172
vt 0.745750 0.661424
vt 0.745750 0.514426
vt 0.209447 0.428172
vt 0.202885 0.428172
vt 0.191232 0.951584
vt 0.237152 0.951584
vt 0.241641 0.951584
vt 0.193506 0.421654
vt 0.219848 0.361330
vt 0.226481 0.361330
vt 0.046032 0.070630
vt 0.039470 0.070630
vt 0.031673 0.654262
vt 0.031673 0.661424
vt 0.230249 0.428172
vt 0.236811 0.428172
vt 0.583511 0.941349
vt 0.537591 0.941349
vt 0.030091 0.064112
vt 0.533101 0.941349
vt 0.587998 0.941349
vt 0.246189 0.421654
vt 0.031673 0.504539
vt 0.031673 0.357542
vt 0.405854 0.284165
vt 0.405854 0.294231
vt 0.405854 0.097276
vt 0.405854 0.070630
vt 0.412487 0.070630
vt 0.412487 0.097276
vt 0.405854 0.324243
vt 0.405854 0.310172
vt 0.677093 0.094497
vt 0.677093 0.098986
vt 0.648277 0.098986
vt 0.412487 0.284165
vt 0.412487 0.281356
vt 0.416255 0.281356
vt 0.416255 0.284165
vt 0.857814 0.996872
vt 0.857814 0.980931
vt 0.885854 0.980931
vt 0.885854 0.996872
vt 0.405854 0.281356
vt 0.416255 0.310172
vt 0.412487 0.310172
vt 0.412487 0.294231
vt 0.416255 0.294231
vt 0.416255 0.324243
vt 0.412487 0.324243
vt 0.606166 0.094497
vt 0.600907 0.094497
vt 0.600907 0.048577
vt 0.606166 0.048577
vt 0.606166 0.098986
vt 0.600907 0.098986
vt 0.405854 0.003788
vt 0.405854 0.000000
vt 0.412487 0.000000
vt 0.412487 0.003788
vt 0.606166 0.303606
vt 0.600907 0.303606
vt 0.600907 0.299119
vt 0.606166 0.299119
vt 0.412487 0.352283
vt 0.412487 0.357542
vt 0.405854 0.357542
vt 0.405854 0.352283
vt 0.873755 0.600872
vt 0.857814 0.600872
vt 0.857814 0.597084
vt 0.677093 0.048577
vt 0.063346 0.364703
vt 0.063346 0.439565
vt 0.063346 0.514426
vt 0.530950 0.439565
vt 0.532216 0.439565
vt 0.063346 0.557356
vt 0.063346 0.638228
vt 0.063346 0.641036
vt 0.063346 0.427502
vt 0.063346 0.360660
vt 0.063346 0.357542
vt 0.615896 0.514426
vt 0.615896 0.661424
vt 0.063346 0.661424
vt 0.126691 0.427502
vt 0.126691 0.638228
vt 0.126691 0.641036
vt 0.126691 0.360660
vt 0.600907 0.253199
vt 0.606166 0.253199
vt 0.606166 0.173848
vt 0.600907 0.173848
vt 0.606166 0.248709
vt 0.600907 0.248709
vt 0.648277 0.303606
vt 0.648277 0.299119
vt 0.664218 0.299119
vt 0.664218 0.303606
vt 0.674285 0.303606
vt 0.674285 0.299119
vt 0.677093 0.299119
vt 0.677093 0.303606
vt 0.600907 0.354013
vt 0.600907 0.308093
vt 0.648277 0.253199
vt 0.677093 0.253199
vt 0.432196 0.310172
vt 0.432196 0.324243
vt 0.049800 0.352283
vt 0.049800 0.357542
vt 0.046032 0.357542
vt 0.046032 0.352283
vt 0.677093 0.248709
vt 0.648277 0.248709
vt 0.028215 0.906239
vt 0.022802 0.922179
vt 0.584966 0.303606
vt 0.600907 0.303606
vt 0.600907 0.356679
vt 0.584966 0.356679
vt 0.899925 0.996872
vt 0.899925 0.980891
vt 0.416255 0.352283
vt 0.432196 0.352283
vt 0.432196 0.357542
vt 0.416255 0.357542
vt 0.432196 0.294231
vt 0.056433 0.357542
vt 0.056433 0.352283
vt 0.416255 0.003788
vt 0.432196 0.003788
vt 0.432196 0.070630
vt 0.416255 0.070630
vt 0.600907 0.255028
vt 0.600907 0.259516
vt 0.584966 0.259516
vt 0.646939 0.303606
vt 0.984676 0.601571
vt 0.964777 0.601571
vt 0.964777 0.597084
vt 0.984676 0.597084
vt 0.984676 0.647491
vt 0.964777 0.647491
vt 0.781575 0.303606
vt 0.781575 0.308093
vt 0.749614 0.308093
vt 0.000000 0.352283
vt -0.000000 0.324243
vt 0.561142 0.941349
vt 0.561142 0.945836
vt 0.533101 0.945836
vt 0.561142 0.991756
vt 0.533101 0.991756
vt 0.781575 0.354013
vt 0.972384 0.088569
vt 0.992283 0.088569
vt 0.992283 0.134489
vt 0.972384 0.134489
vt 0.899064 0.563667
vt 0.899064 0.547727
vt 0.904324 0.547727
vt 0.904324 0.563667
vt 1.000000 0.902746
vt 0.971960 0.902746
vt 0.971960 0.856826
vt 1.000000 0.856826
vt 0.075282 0.953259
vt 0.091263 0.953259
vt 0.091263 0.999178
vt 0.075242 0.999178
vt 0.458537 0.054896
vt 0.458537 0.129758
vt 0.448136 0.054896
vt 0.451904 0.054896
vt 0.451904 0.129758
vt 0.448136 0.129758
vt 0.451904 0.204619
vt 0.451904 0.209109
vt 0.448136 0.209109
vt 0.448136 0.204619
vt 0.458537 0.204619
vt 0.458537 0.209109
vt 0.451904 0.255028
vt 0.451904 0.259516
vt 0.448136 0.259516
vt 0.448136 0.255028
vt 0.451904 0.306191
vt 0.451904 0.356679
vt 0.448136 0.356679
vt 0.448136 0.306191
vt 0.458537 0.306191
vt 0.458537 0.356679
vt 0.458537 0.004487
vt 0.451904 0.004487
vt 0.451904 -0.000000
vt 0.458537 0.000000
vt 0.458537 0.255028
vt 0.458537 0.259516
vt 0.458537 0.050407
vt 0.448136 0.004487
vt 0.448136 -0.000000
vt 0.451904 0.050407
vt 0.448136 0.050407
vt 0.887819 0.299119
vt 0.887819 0.303606
vt 0.887819 0.248709
vt 0.887819 0.253199
vt 0.209447 0.454818
vt 0.213214 0.454818
vt 0.607864 0.745104
vt 0.591924 0.745104
vt 0.591924 0.742295
vt 0.607864 0.742295
vt 0.416255 0.000000
vt 0.432196 0.000000
vt 0.416255 0.097276
vt 0.861173 0.048577
vt 0.887819 0.048577
vt 0.887819 0.094497
vt 0.861173 0.094497
vt 0.432196 0.284165
vt 0.887819 0.098986
vt 0.861173 0.098986
vt 0.873755 0.667714
vt 0.857814 0.667714
vt 0.034777 0.936250
vt 0.046753 0.936250
vt 0.094251 0.792026
vt 0.094251 0.717164
vt 0.094251 0.642303
vt 0.918532 0.791636
vt 0.951072 0.791636
vt 0.951072 0.856826
vt 0.918532 0.856826
vt 0.948819 0.487922
vt 0.920901 0.487922
vt 0.964777 0.727464
vt 0.936860 0.727464
vt 0.274107 0.965029
vt 0.274107 0.997569
vt 0.246189 0.997569
vt 0.246189 0.965029
vt 0.385776 0.965029
vt 0.385776 0.997569
vt 0.357858 0.965029
vt 0.914888 0.153759
vt 0.914888 0.088569
vt 0.947428 0.088569
vt 0.947428 0.153759
vt 0.112086 0.947947
vt 0.112086 0.882757
vt 0.140003 0.882757
vt 0.140003 0.947947
vt 0.091263 0.888069
vt 0.091263 0.953258
vt 0.063346 0.953258
vt 0.063346 0.888069
vt 0.385776 0.965029
vt 0.413693 0.965029
vt 0.413693 0.997569
vt 0.441610 0.965029
vt 0.441610 0.997569
vt 0.139340 0.453593
vt 0.139244 0.453593
vt 0.139244 0.357542
vt 0.139340 0.357542
vt 0.748657 0.759707
vt 0.748657 0.857990
vt 0.748657 0.759707
vt 0.768418 0.857990
vt 0.748657 0.857990
vt 0.860619 0.303606
vt 0.860619 0.354586
vt 0.761236 0.662544
vt 0.760116 0.661424
vt 0.811096 0.661424
vt 0.809976 0.662544
vt 0.761236 0.758587
vt 0.760116 0.759707
vt 0.809976 0.758587
vt 0.811096 0.759707
vt 0.000000 0.811146
vt 0.047790 0.811146
vt 0.047790 0.906239
vt 0.000000 0.906239
vt 0.139646 0.357542
vt 0.139742 0.357542
vt 0.139742 0.453593
vt 0.139646 0.453593
vt 0.139838 0.502337
vt 0.139789 0.502337
vt 0.139789 0.453593
vt 0.139838 0.453593
vt 0.139387 0.453593
vt 0.139436 0.453593
vt 0.139436 0.502337
vt 0.139387 0.502337
vt 0.140823 0.848411
vt 0.139838 0.848411
vt 0.139838 0.800622
vt 0.140823 0.800622
vt 0.846506 0.788242
vt 0.845521 0.788242
vt 0.137178 0.549628
vt 0.138163 0.549628
vt 0.139148 0.453585
vt 0.138163 0.453585
vt 0.138163 0.357542
vt 0.139148 0.357542
vt 0.533577 0.781670
vt 0.533101 0.781195
vt 0.581842 0.781195
vt 0.581366 0.781670
vt 0.533577 0.876762
vt 0.533101 0.877237
vt 0.581366 0.876762
vt 0.581842 0.877237
vt 0.590098 0.829935
vt 0.589113 0.829935
vt 0.589113 0.781195
vt 0.590098 0.781195
vt 0.812081 0.661424
vt 0.812081 0.756516
vt 0.811096 0.756516
vt 0.651995 0.764632
vt 0.652980 0.764632
vt 0.652980 0.813373
vt 0.651995 0.813373
vt 0.814051 0.756516
vt 0.814051 0.661424
vt 0.139436 0.453593
vt 0.139436 0.357598
vt 0.139532 0.357542
vt 0.139532 0.453537
vt 0.807940 0.759707
vt 0.807940 0.857990
vt 0.788179 0.857990
vt 0.788179 0.759707
vt 0.611685 0.771111
vt 0.611685 0.869394
vt 0.591924 0.869394
vt 0.591924 0.771111
vt 0.938293 0.922016
vt 0.938293 0.972996
vt 0.918532 0.972996
vt 0.958054 0.922016
vt 0.958054 0.972996
vt 0.708015 0.760827
vt 0.659275 0.760827
vt 0.658155 0.759707
vt 0.709135 0.759707
vt 0.708015 0.856870
vt 0.659275 0.856870
vt 0.658155 0.857990
vt 0.860183 0.547727
vt 0.860183 0.452635
vt 0.907973 0.452635
vt 0.907973 0.547727
vt 0.139628 0.453593
vt 0.139628 0.549588
vt 0.139532 0.549643
vt 0.139532 0.453648
vt 0.139292 0.502337
vt 0.139292 0.453621
vt 0.139341 0.453593
vt 0.139341 0.502309
vt 0.139196 0.453593
vt 0.139196 0.502309
vt 0.139148 0.502337
vt 0.139148 0.453621
vt 0.845521 0.692663
vt 0.845521 0.644874
vt 0.846506 0.644874
vt 0.846506 0.692663
vt 0.847491 0.644874
vt 0.137178 0.549628
vt 0.111610 0.792501
vt 0.063821 0.792501
vt 0.063346 0.792026
vt 0.112086 0.792026
vt 0.111610 0.887593
vt 0.112086 0.888069
vt 0.063821 0.887593
vt 0.063346 0.888069
vt 0.814051 0.758904
vt 0.814051 0.710164
vt 0.815036 0.710164
vt 0.815036 0.758904
vt 0.140823 0.645670
vt 0.140823 0.740763
vt 0.139838 0.740763
vt 0.139838 0.645670
vt 0.591924 0.781195
vt 0.591924 0.829935
vt 0.590939 0.829935
vt 0.590939 0.781195
vt 0.244522 0.736799
vt 0.244522 0.641707
vt 0.245507 0.641707
vt 0.022802 0.936250
vt 0.634206 0.253199
vt 0.634206 0.248709
vt 0.634206 0.094497
vt 0.634206 0.098986
vt 0.574565 0.259516
vt 0.581199 0.259516
vt 0.432196 0.259516
vt 0.432196 0.255028
vt 0.432196 0.306191
vt 0.296677 0.324243
vt 0.343353 0.324243
vt 0.296677 0.284165
vt 0.343353 0.284165
vt 0.296677 0.352283
vt 0.296677 0.357542
vt 0.246189 0.357542
vt 0.246189 0.352283
vt 0.584966 0.050407
vt 0.591528 0.050407
vt 0.591528 0.054896
vt 0.600907 0.054896
vt 0.600907 0.050407
vt 0.600907 0.004487
vt 0.600907 0.000000
vt 0.432196 0.281356
vt 0.014071 0.310172
vt 0.034777 0.964290
vt 0.022802 0.964290
vt 0.122291 0.642303
vt 0.122291 0.717164
vt 0.122291 0.792026
vt 0.046753 0.964290
vt 0.182934 0.997616
vt 0.154894 0.997616
vt 0.154894 0.951584
vt 0.182934 0.951584
vt 0.140823 0.997616
vt 0.140823 0.965655
vt 0.296677 0.281356
vt 0.343353 0.281356
vt 0.347840 0.352283
vt 0.347840 0.357542
vt 0.343353 0.357542
vt 0.343353 0.352283
vt 0.857814 0.950840
vt 0.885854 0.950840
vt 0.899925 0.964911
vt 0.347840 0.281356
vt 0.347840 0.284165
vt 0.347840 0.294231
vt 0.347840 0.310172
vt 0.347840 0.324243
vt 0.299263 0.003788
vt 0.299263 0.000000
vt 0.343353 0.000000
vt 0.343353 0.003788
vt 0.246189 0.070630
vt 0.250619 0.067674
vt 0.298998 0.067674
vt 0.299263 0.070630
vt 0.347840 0.000000
vt 0.347840 0.003788
vt 0.347840 0.070630
vt 0.343353 0.070630
vt 0.591924 0.755170
vt 0.416255 0.213777
vt 0.432196 0.213777
vt 0.059302 0.953259
vt 0.059302 0.999178
vt 0.721069 0.993706
vt 0.766989 0.993706
vt 0.591924 0.971152
vt 0.591924 0.957081
vt 0.607944 0.957081
vt 0.591924 0.999192
vt 0.432196 0.097276
vt 0.432196 0.200485
vt 0.416255 0.200485
vt 0.757965 0.094497
vt 0.757965 0.098986
vt 0.757965 0.048577
vt 0.412487 0.213777
vt 0.412487 0.200485
vt 0.209447 0.558027
vt 0.719105 0.514426
vt 0.719105 0.661424
vt 0.063346 0.454148
vt 0.405854 0.200485
vt 0.405854 0.213777
vt 0.219848 0.454818
vt 0.246189 0.324243
vt 0.339188 0.006744
vt 0.298998 0.006744
vt 0.246189 0.003788
vt 0.246189 0.000000
vt 0.246189 0.284165
vt 0.246189 0.281356
vt 0.246189 0.294231
vt 0.246189 0.310172
vt 0.432196 0.356679
vt 0.861173 0.000000
vt 0.861173 0.044090
vt 0.757965 0.044090
vt 0.757965 0.000000
vt 0.653940 0.764632
vt 0.658155 0.764632
vt 0.658155 0.769119
vt 0.653940 0.769119
vt 0.880379 0.303606
vt 0.884594 0.303606
vt 0.884594 0.308093
vt 0.880379 0.308093
vt 0.658155 0.816190
vt 0.653940 0.813210
vt 0.884594 0.352183
vt 0.880379 0.355163
vt 0.632234 0.767613
vt 0.632234 0.664404
vt 0.296677 0.213777
vt 0.296282 0.203465
vt 0.343353 0.203465
vt 0.343353 0.213777
vt 0.899064 0.552214
vt 0.899064 0.596304
vt 0.886104 0.596304
vt 0.886104 0.552214
vt 0.347840 0.203465
vt 0.347840 0.213777
vt 0.886104 0.547727
vt 0.899064 0.547727
vt 0.591924 0.674716
vt 0.591924 0.664404
vt 0.594904 0.661424
vt 0.343353 0.094296
vt 0.347840 0.094296
vt 0.873144 0.547727
vt 0.873144 0.591817
vt 0.860183 0.591817
vt 0.860184 0.547727
vt 0.860183 0.596304
vt 0.873144 0.596304
vt 0.296282 0.094296
vt 0.860794 0.694360
vt 0.857814 0.691380
vt 0.246189 0.213777
vt 0.246189 0.200485
vt 0.246189 0.097276
vt 0.645195 0.661424
vt 0.658155 0.661424
vt 0.658155 0.764632
vt 0.645195 0.764632
vt 0.296593 0.279119
vt 0.340179 0.279119
vt 0.249447 0.279119
vt 0.787962 0.952999
vt 0.787962 0.954430
vt 0.787962 0.975518
vt 0.787962 0.982410
vt 0.777475 0.982410
vt 0.777475 0.947674
vt 0.782637 0.947674
vt 0.783702 0.948739
vt 0.982819 0.313857
vt 0.982819 0.348594
vt 0.972332 0.348594
vt 0.972332 0.341701
vt 0.972332 0.320614
vt 0.972332 0.319183
vt 0.976592 0.314922
vt 0.977657 0.313857
vt 0.972506 0.818282
vt 0.993594 0.818282
vt 0.993594 0.824252
vt 0.972506 0.824252
vt 0.976111 0.577207
vt 0.976111 0.580417
vt 0.974605 0.580417
vt 0.974605 0.577207
vt 0.045245 0.781194
vt 0.043739 0.781194
vt 0.043739 0.748579
vt 0.045245 0.748579
vt 0.045245 0.745369
vt 0.043739 0.745369
vt 0.043739 0.714359
vt 0.045245 0.714359
vt 0.045245 0.711149
vt 0.043739 0.711149
vt 0.043739 0.680138
vt 0.045245 0.680138
vt 0.976111 0.594001
vt 0.974605 0.594001
vt 0.976111 0.571238
vt 0.974605 0.571238
vt 0.974605 0.544592
vt 0.976111 0.544592
vt 0.972506 0.827461
vt 0.993594 0.827461
vt 0.648281 0.867447
vt 0.648281 0.865466
vt 0.651490 0.865466
vt 0.651490 0.867447
vt 0.137178 0.864325
vt 0.137178 0.862345
vt 0.140387 0.862345
vt 0.140387 0.864325
vt 0.569405 0.680138
vt 0.569405 0.676929
vt 0.590493 0.676929
vt 0.590493 0.680138
vt 0.893011 0.689829
vt 0.893011 0.691809
vt 0.889802 0.691809
vt 0.889802 0.689829
vt 0.569405 0.714359
vt 0.569405 0.711149
vt 0.590493 0.711149
vt 0.590493 0.714359
vt 0.873755 0.694360
vt 0.873755 0.692379
vt 0.876964 0.692379
vt 0.876964 0.694360
vt 0.569405 0.748579
vt 0.569405 0.745370
vt 0.590493 0.745370
vt 0.590493 0.748579
vt 0.590493 0.781195
vt 0.569405 0.781195
vt 0.569405 0.671507
vt 0.590493 0.671507
vt 0.913370 0.916030
vt 0.913370 0.912821
vt 0.918532 0.912821
vt 0.918532 0.916030
vt 0.057938 0.680138
vt 0.057938 0.676929
vt 0.063099 0.676929
vt 0.063099 0.680138
vt 0.057938 0.714359
vt 0.057938 0.711149
vt 0.063099 0.711149
vt 0.063099 0.714359
vt 0.057938 0.748579
vt 0.057938 0.745369
vt 0.063099 0.745369
vt 0.063099 0.748579
vt 0.902639 0.785091
vt 0.902639 0.789351
vt 0.899430 0.789351
vt 0.899430 0.785091
vt 0.905849 0.785091
vt 0.905849 0.789351
vt 0.902639 0.789351
vt 0.902639 0.785091
vt 0.912022 0.880205
vt 0.912022 0.884465
vt 0.908813 0.884465
vt 0.908813 0.880205
vt 0.915477 0.785091
vt 0.915477 0.789351
vt 0.912267 0.789351
vt 0.912267 0.785091
vt 0.063099 0.781194
vt 0.057938 0.781194
vt 0.057938 0.671507
vt 0.063099 0.671507
vt 0.913370 0.906851
vt 0.918532 0.906851
vt 0.591924 0.748579
vt 0.591924 0.714359
vt 0.591924 0.745370
vt 0.591924 0.680138
vt 0.591924 0.711149
vt 0.591924 0.671507
vt 0.591924 0.676929
vt 0.995025 0.818282
vt 0.995025 0.824252
vt 0.037714 0.781194
vt 0.037714 0.748579
vt 0.037714 0.745369
vt 0.037714 0.714359
vt 0.037714 0.711149
vt 0.037714 0.680138
vt 0.968580 0.594001
vt 0.968580 0.580417
vt 0.968580 0.571238
vt 0.968580 0.544592
vt 0.045245 0.676929
vt 0.043739 0.676929
vt 0.137178 0.859794
vt 0.140387 0.859794
vt 0.242653 0.939939
vt 0.241641 0.938927
vt 0.244654 0.935915
vt 0.244040 0.937798
vt 0.241641 0.932903
vt 0.591801 0.904237
vt 0.590789 0.905249
vt 0.589403 0.903107
vt 0.588789 0.901224
vt 0.591801 0.898212
vt 0.893011 0.694360
vt 0.889802 0.694360
vt 0.906620 0.584440
vt 0.905608 0.585452
vt 0.904222 0.583311
vt 0.903608 0.581428
vt 0.906620 0.578415
vt 0.589800 0.940432
vt 0.588789 0.939420
vt 0.591801 0.936408
vt 0.591187 0.938290
vt 0.588789 0.933395
vt 0.873755 0.689829
vt 0.876964 0.689829
vt 0.906620 0.591477
vt 0.905608 0.592489
vt 0.904222 0.590347
vt 0.903608 0.588464
vt 0.906620 0.585452
vt 0.654005 0.940892
vt 0.652993 0.939880
vt 0.656005 0.936868
vt 0.655391 0.938751
vt 0.652993 0.933855
vt 0.648281 0.862915
vt 0.651490 0.862915
vt 0.907336 0.553751
vt 0.906324 0.554763
vt 0.904938 0.552622
vt 0.904324 0.550739
vt 0.907336 0.547727
vt 0.939988 0.594904
vt 0.938976 0.593892
vt 0.941988 0.590880
vt 0.941374 0.592763
vt 0.938976 0.587867
vt 0.043739 0.671507
vt 0.037714 0.671507
vt 0.037714 0.661424
vt 0.043739 0.661424
vt 0.045245 0.671507
vt 0.045245 0.661424
vt 0.995025 0.827461
vt 0.995025 0.841045
vt 0.993594 0.841045
vt 0.918532 0.929614
vt 0.913370 0.929614
vt 0.972506 0.841045
vt 0.499333 0.992873
vt 0.499333 0.971786
vt 0.499333 0.970355
vt 0.494007 0.965029
vt 0.495072 0.966094
vt 0.478359 0.987548
vt 0.474099 0.991808
vt 0.473034 0.992873
vt 0.467872 0.992873
vt 0.467872 0.986117
vt 0.478359 0.986117
vt 0.562513 0.671507
vt 0.562513 0.676929
vt 0.562513 0.680138
vt 0.562513 0.711149
vt 0.562513 0.714359
vt 0.562513 0.745370
vt 0.562513 0.748579
vt 0.467872 0.965029
vt 0.478359 0.965029
vt 0.963361 0.534069
vt 0.973444 0.534069
vt 0.973444 0.544556
vt 0.963361 0.544556
vt 0.037714 0.676929
vt 0.590493 0.661424
vt 0.591924 0.661424
vt 0.057938 0.661424
vt 0.063099 0.661424
vt 0.569405 0.661424
vt 0.965614 0.791636
vt 0.972506 0.791636
vt 0.965614 0.818282
vt 0.968580 0.577207
vt 0.993594 0.791636
vt 0.995025 0.791636
vt 0.913370 0.880205
vt 0.918532 0.880205
vt 0.938304 0.333127
vt 0.945196 0.333127
vt 0.914282 0.355891
vt 0.914282 0.333127
vt 0.924769 0.333127
vt 0.924769 0.355891
vt 0.140266 0.961660
vt 0.133374 0.961660
vt 0.140266 0.951174
vt 0.845121 0.427587
vt 0.845121 0.458598
vt 0.817141 0.458598
vt 0.817141 0.427587
vt 0.935957 0.558437
vt 0.940218 0.554177
vt 0.941283 0.553112
vt 0.946444 0.553112
vt 0.946444 0.587848
vt 0.935957 0.587848
vt 0.935957 0.559868
vt 0.845121 0.393367
vt 0.845121 0.424378
vt 0.817141 0.424378
vt 0.817141 0.393367
vt 0.710753 0.983182
vt 0.705591 0.983182
vt 0.704526 0.982117
vt 0.700266 0.977857
vt 0.700266 0.976426
vt 0.700266 0.948446
vt 0.710753 0.948446
vt 0.845121 0.357542
vt 0.845121 0.390158
vt 0.817141 0.390158
vt 0.817141 0.357542
vt 0.852652 0.424378
vt 0.854159 0.424378
vt 0.854159 0.427587
vt 0.852652 0.427587
vt 0.852652 0.390158
vt 0.854159 0.390158
vt 0.854159 0.393367
vt 0.852652 0.393367
vt 0.852652 0.597084
vt 0.852652 0.564468
vt 0.854159 0.564468
vt 0.854159 0.597084
vt 0.852652 0.561259
vt 0.852652 0.530248
vt 0.854159 0.530248
vt 0.854159 0.561259
vt 0.852652 0.527039
vt 0.852652 0.496028
vt 0.854159 0.496028
vt 0.854159 0.527039
vt 0.852652 0.492819
vt 0.852652 0.461808
vt 0.854159 0.461808
vt 0.854159 0.492819
vt 0.852652 0.458598
vt 0.854159 0.458598
vt 0.852652 0.357542
vt 0.854159 0.357542
vt 0.886592 0.789623
vt 0.883383 0.789623
vt 0.883383 0.787642
vt 0.886592 0.787642
vt 0.887804 0.357394
vt 0.884594 0.357394
vt 0.884594 0.355414
vt 0.887804 0.355414
vt 0.845121 0.461808
vt 0.817141 0.461808
vt 0.876964 0.789623
vt 0.873755 0.789623
vt 0.873755 0.787642
vt 0.876964 0.787642
vt 0.845121 0.496028
vt 0.817141 0.496028
vt 0.817141 0.492819
vt 0.845121 0.492819
vt 0.883383 0.694360
vt 0.880173 0.692379
vt 0.883383 0.692379
vt 0.845121 0.530248
vt 0.817141 0.530248
vt 0.817141 0.527039
vt 0.845121 0.527039
vt 0.889802 0.694360
vt 0.886592 0.694360
vt 0.886592 0.692379
vt 0.889802 0.692379
vt 0.845121 0.564468
vt 0.817141 0.564468
vt 0.817141 0.561259
vt 0.845121 0.561259
vt 0.889802 0.789623
vt 0.889802 0.787642
vt 0.817141 0.597084
vt 0.857814 0.632909
vt 0.857814 0.629700
vt 0.857814 0.667129
vt 0.857814 0.663920
vt 0.857814 0.701349
vt 0.857814 0.698140
vt 0.857814 0.735570
vt 0.857814 0.732360
vt 0.857814 0.769790
vt 0.857814 0.766581
vt 0.857814 0.804010
vt 0.857814 0.800801
vt 0.912267 0.694089
vt 0.909058 0.694089
vt 0.909058 0.689829
vt 0.912267 0.689829
vt 0.905849 0.694089
vt 0.902639 0.694089
vt 0.902639 0.689828
vt 0.905849 0.689828
vt 0.906817 0.596749
vt 0.903608 0.596749
vt 0.903608 0.592489
vt 0.906817 0.592489
vt 0.912267 0.789351
vt 0.909058 0.789351
vt 0.909058 0.785091
vt 0.912267 0.785091
vt 0.915477 0.694089
vt 0.912267 0.694089
vt 0.912267 0.689829
vt 0.915477 0.689829
vt 0.918686 0.694089
vt 0.915477 0.694089
vt 0.915477 0.689828
vt 0.918686 0.689828
vt 0.857814 0.836626
vt 0.857814 0.597084
vt 0.815710 0.597084
vt 0.815710 0.564468
vt 0.815710 0.561259
vt 0.815710 0.530248
vt 0.815710 0.527039
vt 0.815710 0.496028
vt 0.815710 0.492819
vt 0.815710 0.461808
vt 0.815710 0.458598
vt 0.815710 0.427587
vt 0.815710 0.424378
vt 0.815710 0.393367
vt 0.815710 0.390158
vt 0.860183 0.564469
vt 0.860183 0.597084
vt 0.860183 0.530248
vt 0.860183 0.561259
vt 0.860183 0.496028
vt 0.860183 0.527039
vt 0.860183 0.461808
vt 0.860183 0.492819
vt 0.860183 0.427587
vt 0.860183 0.458598
vt 0.860183 0.393367
vt 0.860183 0.424378
vt 0.860183 0.357542
vt 0.860183 0.390158
vt 0.876964 0.785091
vt 0.873755 0.785091
vt 0.886595 0.310643
vt 0.885209 0.308501
vt 0.884594 0.306618
vt 0.887607 0.309631
vt 0.887607 0.303606
vt 0.588789 0.911273
vt 0.591801 0.908261
vt 0.591187 0.910144
vt 0.589801 0.912285
vt 0.588789 0.905249
vt 0.880173 0.689829
vt 0.588789 0.918310
vt 0.591801 0.915298
vt 0.591187 0.917181
vt 0.589801 0.919322
vt 0.588789 0.912285
vt 0.886595 0.317679
vt 0.885209 0.315538
vt 0.884594 0.313655
vt 0.887607 0.316667
vt 0.887607 0.310643
vt 0.889802 0.689829
vt 0.886592 0.689829
vt 0.920902 0.593892
vt 0.923914 0.590880
vt 0.923300 0.592763
vt 0.921913 0.594904
vt 0.920902 0.587867
vt 0.886595 0.324716
vt 0.885209 0.322575
vt 0.884594 0.320692
vt 0.887607 0.323704
vt 0.887607 0.317679
vt 0.889802 0.785091
vt 0.886592 0.785091
vt 0.588789 0.925347
vt 0.591801 0.922334
vt 0.591187 0.924217
vt 0.589801 0.926359
vt 0.588789 0.919322
vt 0.886595 0.331753
vt 0.885209 0.329611
vt 0.884594 0.327728
vt 0.887607 0.330741
vt 0.887607 0.324716
vt 0.923914 0.593892
vt 0.926926 0.590880
vt 0.926312 0.592763
vt 0.924926 0.594904
vt 0.923914 0.587867
vt 0.886595 0.338789
vt 0.885209 0.336648
vt 0.884594 0.334765
vt 0.887607 0.337777
vt 0.887607 0.331753
vt 0.887804 0.352863
vt 0.926926 0.593892
vt 0.929939 0.590880
vt 0.929324 0.592763
vt 0.927938 0.594904
vt 0.926926 0.587867
vt 0.886595 0.345826
vt 0.885209 0.343685
vt 0.884594 0.341802
vt 0.887607 0.344814
vt 0.887607 0.338789
vt 0.137178 0.629700
vt 0.126691 0.629700
vt 0.137178 0.632909
vt 0.126691 0.632909
vt 0.137178 0.663920
vt 0.126691 0.663920
vt 0.137178 0.667129
vt 0.126691 0.667129
vt 0.137178 0.698140
vt 0.126691 0.698140
vt 0.137178 0.701349
vt 0.126691 0.701349
vt 0.137178 0.732360
vt 0.126691 0.732360
vt 0.137178 0.735570
vt 0.126691 0.735570
vt 0.137178 0.766580
vt 0.126691 0.766580
vt 0.137178 0.769790
vt 0.126691 0.769790
vt 0.137178 0.800801
vt 0.126691 0.800801
vt 0.137178 0.804010
vt 0.126691 0.804010
vt 0.137178 0.836626
vt 0.126691 0.836626
vt 0.901354 0.333137
vt 0.887819 0.333137
vt 0.887819 0.270032
vt 0.901354 0.270032
vt 0.049565 0.781194
vt 0.063099 0.781194
vt 0.063099 0.824780
vt 0.049565 0.824780
vt 0.340179 0.216014
vt 0.296593 0.216014
vt 0.249447 0.216014
vt 0.936860 0.785091
vt 0.873755 0.785091
vt 0.873755 0.737946
vt 0.936860 0.737946
vt 0.873755 0.694360
vt 0.936860 0.694360
vt 0.887819 0.179300
vt 0.901354 0.179300
vt 0.901354 0.226446
vt 0.887819 0.226446
vt 0.063099 0.871926
vt 0.049565 0.871926
vt 0.950394 0.727464
vt 0.950394 0.790569
vt 0.936860 0.790569
vt 0.901354 0.270032
vt 0.887819 0.270032
vt 0.907973 0.534681
vt 0.920901 0.534681
vt 0.920901 0.595610
vt 0.907973 0.595610
vt 0.920902 0.486302
vt 0.907973 0.486302
vt 0.907973 0.446111
vt 0.920902 0.446111
vt 0.339188 0.067674
vt 0.250619 0.006744
vt 0.849109 0.898180
vt 0.788179 0.898180
vt 0.788179 0.857990
vt 0.849109 0.857990
vt 0.849109 0.946559
vt 0.788179 0.946559
vt 0.907973 0.397733
vt 0.920902 0.397733
vt 0.907973 0.357542
vt 0.920902 0.357542
vt 0.920902 0.534681
vt 0.907973 0.534681
vt 0.961677 0.060930
vt 0.948749 0.060930
vt 0.948749 0.000000
vt 0.961677 0.000000
vt 0.721069 0.948446
vt 0.658155 0.948446
vt 0.658155 0.857990
vt 0.721069 0.857990
vt 0.591924 0.909184
vt 0.591924 0.869394
vt 0.652246 0.869394
vt 0.652246 0.909184
vt 0.591924 0.957081
vt 0.652246 0.957081
vt 0.809762 0.820636
vt 0.809762 0.841335
vt 0.807940 0.840046
vt 0.807940 0.821925
vt 0.139000 0.740763
vt 0.139000 0.800622
vt 0.137178 0.799333
vt 0.137178 0.742051
vt 0.038426 0.801893
vt 0.038426 0.781194
vt 0.040248 0.782483
vt 0.040248 0.800604
vt 0.139001 0.800622
vt 0.139001 0.740763
vt 0.140823 0.742051
vt 0.140823 0.799333
vt 0.987621 0.170303
vt 0.999022 0.170303
vt 0.999022 0.191001
vt 0.987621 0.191001
vt 0.965549 0.267922
vt 0.947428 0.267922
vt 0.947428 0.210640
vt 0.022802 0.906239
vt 0.022802 0.966098
vt 0.011401 0.966098
vt 0.011401 0.906239
vt 0.959984 0.969774
vt 0.971385 0.969774
vt 0.971385 0.990472
vt 0.959984 0.990472
vt 0.000000 0.966098
vt 0.653817 0.813373
vt 0.653817 0.834071
vt 0.651995 0.832783
vt 0.651995 0.814661
vt 0.047067 0.781194
vt 0.047067 0.809676
vt 0.045245 0.808388
vt 0.045245 0.782483
vt 0.040248 0.801893
vt 0.040248 0.781194
vt 0.042070 0.782483
vt 0.042070 0.800604
vt 0.043423 0.809676
vt 0.043423 0.781194
vt 0.045245 0.782483
vt 0.045245 0.808388
vt 0.986537 0.240596
vt 0.997938 0.240596
vt 0.997938 0.261294
vt 0.986537 0.261294
vt 0.966870 0.060930
vt 0.966870 0.086835
vt 0.948749 0.086835
vt 0.058154 0.935808
vt 0.058154 0.964290
vt 0.046753 0.964290
vt 0.046753 0.935808
vt 0.987621 0.149605
vt 0.999022 0.149605
vt 0.999022 0.170303
vt 0.971757 0.325989
vt 0.971757 0.354471
vt 0.960356 0.354471
vt 0.975276 0.843183
vt 0.965614 0.843183
vt 0.965614 0.841045
vt 0.975276 0.841045
vt 0.582979 0.867440
vt 0.582979 0.877102
vt 0.581842 0.877102
vt 0.581842 0.867440
vt 0.589674 0.867440
vt 0.589674 0.877102
vt 0.587258 0.877102
vt 0.587258 0.867440
vt 0.846122 0.816501
vt 0.847268 0.816501
vt 0.847277 0.818959
vt 0.846140 0.818963
vt 0.905431 0.571860
vt 0.905431 0.577650
vt 0.903014 0.577650
vt 0.903014 0.571860
vt 0.242779 0.910414
vt 0.242779 0.916203
vt 0.241641 0.916203
vt 0.241641 0.910414
vt 0.987245 0.401835
vt 0.993034 0.401835
vt 0.993034 0.403973
vt 0.987245 0.403973
vt 0.245730 0.873930
vt 0.245730 0.877880
vt 0.243563 0.877880
vt 0.243563 0.873930
vt 0.047760 0.906239
vt 0.047760 0.910189
vt 0.046753 0.910189
vt 0.046753 0.906239
vt 0.241641 0.900163
vt 0.245592 0.900163
vt 0.245592 0.902221
vt 0.241641 0.902221
vt 0.814017 0.852593
vt 0.814017 0.854732
vt 0.813575 0.854441
vt 0.813575 0.852384
vt 0.810899 0.855877
vt 0.809762 0.855877
vt 0.809843 0.855543
vt 0.810849 0.855543
vt 0.811889 0.838257
vt 0.814017 0.839402
vt 0.813575 0.839693
vt 0.811709 0.838591
vt 0.810899 0.838257
vt 0.810849 0.838591
vt 0.811889 0.855877
vt 0.811709 0.855543
vt 0.245730 0.869980
vt 0.245730 0.873930
vt 0.243563 0.873930
vt 0.243563 0.869980
vt 0.047613 0.910189
vt 0.047613 0.914139
vt 0.046753 0.914139
vt 0.046753 0.910189
vt 0.246185 0.910414
vt 0.246185 0.916203
vt 0.243769 0.916203
vt 0.243769 0.910414
vt 0.906421 0.571860
vt 0.906421 0.577650
vt 0.985241 0.390782
vt 0.978696 0.389956
vt 0.978696 0.387498
vt 0.985241 0.388644
vt 0.590664 0.867440
vt 0.590664 0.877102
vt 0.586385 0.867440
vt 0.586385 0.877102
vt 0.583969 0.877102
vt 0.583969 0.867440
vt 0.985241 0.403973
vt 0.978696 0.405118
vt 0.978696 0.402661
vt 0.985241 0.401835
vt 0.049063 0.841097
vt 0.049565 0.847674
vt 0.048570 0.847565
vt 0.048068 0.840988
vt 0.814017 0.841540
vt 0.813575 0.841750
vt 0.241641 0.887473
vt 0.245592 0.887473
vt 0.245592 0.889530
vt 0.241641 0.889530
vt 0.987245 0.388644
vt 0.993034 0.388644
vt 0.993034 0.390782
vt 0.987245 0.390782
vt 0.846140 0.801335
vt 0.847277 0.801339
vt 0.847268 0.803797
vt 0.846122 0.803796
vt 0.938401 0.254530
vt 0.944946 0.253704
vt 0.944946 0.266409
vt 0.938401 0.265583
vt 0.975276 0.856374
vt 0.965614 0.856374
vt 0.965614 0.854236
vt 0.975276 0.854236
vt 0.906421 0.563667
vt 0.905431 0.563667
vt 0.246185 0.908410
vt 0.243769 0.902221
vt 0.242779 0.902221
vt 0.903014 0.569857
vt 0.936397 0.265583
vt 0.936397 0.254530
vt 0.049063 0.849614
vt 0.048068 0.849505
vt 0.814210 0.831690
vt 0.814210 0.820637
vt 0.815211 0.820637
vt 0.815211 0.831690
vt 0.907558 0.563667
vt 0.907558 0.571860
vt 0.845150 0.801323
vt 0.845121 0.803781
vt 0.591801 0.867440
vt 0.591801 0.877102
vt 0.907558 0.577650
vt 0.048619 0.910189
vt 0.048619 0.914139
vt 0.809762 0.838257
vt 0.809843 0.838591
vt 0.048619 0.906239
vt 0.048619 0.910189
vt 0.845121 0.816517
vt 0.845150 0.818974
vt 0.238304 0.866696
vt 0.238304 0.855643
vt 0.240431 0.855643
vt 0.240431 0.866696
vt 0.241421 0.855643
vt 0.241421 0.866696
vt 0.242558 0.855643
vt 0.242558 0.866696
vt 0.242558 0.852360
vt 0.241421 0.852360
vt 0.240431 0.852360
vt 0.238304 0.853505
vt 0.241421 0.869980
vt 0.242558 0.869980
vt 0.240431 0.869980
vt 0.238304 0.868834
vt 0.974801 0.029956
vt 0.974801 -0.000000
vt 0.988336 -0.000000
vt 0.988336 0.029956
vt 0.960356 0.299017
vt 0.960356 0.330096
vt 0.946822 0.330096
vt 0.946822 0.299017
vt 0.959984 0.887905
vt 0.959984 0.918985
vt 0.946450 0.918985
vt 0.946450 0.887905
vt 0.901354 0.155832
vt 0.914888 0.155832
vt 0.914888 0.178253
vt 0.901354 0.178253
vt 0.914888 0.200674
vt 0.901354 0.200674
vt 0.901354 0.178253
vt 0.914888 0.178253
vt 0.914888 0.267938
vt 0.901354 0.267938
vt 0.901354 0.245516
vt 0.914888 0.245516
vt 0.901354 0.223095
vt 0.914888 0.223095
vt 0.901354 0.088569
vt 0.914888 0.088569
vt 0.914888 0.110990
vt 0.901354 0.110990
vt 0.914888 0.133411
vt 0.901354 0.133411
vt 0.976358 0.787376
vt 0.976358 0.757420
vt 0.989892 0.757420
vt 0.989892 0.787376
vt 0.976111 0.595845
vt 0.976111 0.574548
vt 0.989645 0.574548
vt 0.989645 0.595845
vt 0.918532 0.994294
vt 0.932067 0.972996
vt 0.932067 0.994294
vt 0.998211 0.676600
vt 0.998211 0.697898
vt 0.984676 0.697898
vt 0.984676 0.676600
vt 0.998211 0.655303
vt 0.984676 0.655303
vt 0.976111 0.574548
vt 0.976111 0.544592
vt 0.989645 0.544592
vt 0.989645 0.574548
vt 0.959984 0.856826
vt 0.946450 0.856826
vt 0.976971 0.240596
vt 0.976971 0.210640
vt 0.990505 0.210640
vt 0.990505 0.240596
vt 0.752148 0.880411
vt 0.721069 0.880411
vt 0.721630 0.879849
vt 0.752148 0.879849
vt 0.721069 0.857990
vt 0.721630 0.858551
vt 0.752148 0.857990
vt 0.752148 0.858551
vt 0.752148 0.947674
vt 0.721069 0.947674
vt 0.721630 0.947112
vt 0.751586 0.947112
vt 0.721069 0.925253
vt 0.721630 0.925815
vt 0.752148 0.925253
vt 0.751586 0.925815
vt 0.721630 0.924691
vt 0.751586 0.924691
vt 0.721069 0.902832
vt 0.721630 0.903393
vt 0.752148 0.902832
vt 0.751586 0.903393
vt 0.721630 0.902270
vt 0.751586 0.902270
vt 0.721630 0.880972
vt 0.751586 0.880972
vt 0.783228 0.902832
vt 0.752710 0.902270
vt 0.782666 0.902270
vt 0.752710 0.880972
vt 0.783228 0.880411
vt 0.782666 0.880972
vt 0.783228 0.925253
vt 0.752710 0.924691
vt 0.782666 0.924691
vt 0.752710 0.903393
vt 0.782666 0.903393
vt 0.783228 0.947674
vt 0.752710 0.947112
vt 0.782666 0.947112
vt 0.752710 0.925815
vt 0.782666 0.925815
vt 0.782666 0.879849
vt 0.783228 0.857990
vt 0.782666 0.858551
vt 0.978696 0.387498
vt 0.978696 0.357542
vt 0.992231 0.357542
vt 0.992231 0.387498
vt 0.938304 0.333127
vt 0.938304 0.354425
vt 0.924769 0.354425
vt 0.924769 0.333127
vt 0.982819 0.335155
vt 0.996353 0.313857
vt 0.996353 0.335155
vt 0.913460 0.950840
vt 0.913460 0.980796
vt 0.899925 0.980796
vt 0.899925 0.950840
vt 0.960962 0.119087
vt 0.960962 0.149605
vt 0.947428 0.149605
vt 0.947428 0.119087
vt 0.978726 0.080365
vt 0.978726 0.050409
vt 0.992261 0.050409
vt 0.992261 0.080365
vt 0.829245 0.836626
vt 0.829245 0.857923
vt 0.815710 0.857923
vt 0.932067 0.994294
vt 0.932067 0.972996
vt 0.945601 0.972996
vt 0.945601 0.994294
vt 0.982819 0.356453
vt 0.996353 0.356453
vt 0.960962 0.088569
vt 0.971406 0.992208
vt 0.971406 0.962252
vt 0.984940 0.962252
vt 0.984940 0.992208
vt 0.976358 0.727464
vt 0.989892 0.727464
vt 0.989892 0.757420
vt 0.947428 0.210640
vt 0.947428 0.180122
vt 0.960963 0.180122
vt 0.960963 0.210640
vt 0.998211 0.618382
vt 0.998211 0.639679
vt 0.984676 0.639679
vt 0.984676 0.618382
vt 0.842780 0.836626
vt 0.842780 0.857923
vt 0.959136 0.972996
vt 0.959136 0.994294
vt 0.987621 0.149605
vt 0.987621 0.179561
vt 0.974086 0.179561
vt 0.974086 0.149605
vt 0.947428 0.149605
vt 0.960963 0.149605
vt 0.441610 0.994985
vt 0.455145 0.965029
vt 0.455145 0.994985
vt 0.013535 0.966098
vt 0.013535 0.987395
vt 0.000000 0.987395
vt 0.000000 0.966098
vt 0.984676 0.618382
vt 0.984676 0.597084
vt 0.998211 0.597084
vt 0.998211 0.618382
vt 0.987621 0.179561
vt 0.987621 0.209517
vt 0.974086 0.209517
vt 0.974086 0.179561
vt 0.139471 0.580092
vt 0.139471 0.559941
vt 0.139795 0.559941
vt 0.139795 0.580092
vt 0.455145 0.994513
vt 0.455145 0.965029
vt 0.467872 0.965029
vt 0.467872 0.994513
vt 0.857814 0.958485
vt 0.857814 0.987969
vt 0.845087 0.987969
vt 0.845087 0.958485
vt 0.984940 0.962252
vt 0.997667 0.962252
vt 0.997667 0.983084
vt 0.984940 0.983084
vt 0.985609 0.697898
vt 0.998336 0.697898
vt 0.998336 0.718731
vt 0.985609 0.718731
vt 0.985609 0.697898
vt 0.985609 0.727382
vt 0.985269 0.727041
vt 0.985269 0.698239
vt 0.964777 0.727382
vt 0.965118 0.727041
vt 0.964777 0.697898
vt 0.965118 0.698239
vt 0.971165 0.483128
vt 0.971165 0.454326
vt 0.991316 0.454326
vt 0.991316 0.483128
vt 0.139471 0.502337
vt 0.139471 0.531139
vt 0.139148 0.531139
vt 0.139148 0.502337
vt 0.139148 0.559941
vt 0.139148 0.531139
vt 0.139471 0.531139
vt 0.139148 0.580092
vt 0.139148 0.559941
vt 0.139471 0.580092
vt 0.814318 0.846327
vt 0.814318 0.842463
vt 0.815708 0.842463
vt 0.815708 0.846327
vt 0.048175 0.864151
vt 0.048175 0.860287
vt 0.049565 0.860287
vt 0.049565 0.864151
vt 0.814318 0.849470
vt 0.815708 0.849470
vt 0.814318 0.841941
vt 0.815708 0.841941
vt 0.808372 0.849386
vt 0.808372 0.848864
vt 0.809762 0.848864
vt 0.809762 0.849386
vt 0.049565 0.864673
vt 0.048175 0.864673
vt 0.049565 0.856622
vt 0.049565 0.857144
vt 0.048175 0.857144
vt 0.048175 0.856621
vt 0.049565 0.849614
vt 0.049565 0.852758
vt 0.048175 0.852758
vt 0.048175 0.849614
vt 0.809762 0.853250
vt 0.808372 0.853250
vt 0.809762 0.856394
vt 0.808372 0.856394
vt 0.244453 0.852882
vt 0.245843 0.852882
vt 0.245843 0.856746
vt 0.244453 0.856746
vt 0.048175 0.857143
vt 0.049565 0.857143
vt 0.808372 0.844478
vt 0.809762 0.844478
vt 0.809762 0.848342
vt 0.808372 0.848342
vt 0.808372 0.841335
vt 0.809762 0.841335
vt 0.809762 0.848864
vt 0.808372 0.848864
vt 0.814318 0.856477
vt 0.815708 0.856478
vt 0.815708 0.857000
vt 0.814318 0.857000
vt 0.244453 0.852360
vt 0.245843 0.852360
vt 0.653385 0.854408
vt 0.651995 0.854408
vt 0.651995 0.853886
vt 0.653385 0.853886
vt 0.653385 0.861416
vt 0.651995 0.861416
vt 0.651995 0.858272
vt 0.653385 0.858272
vt 0.814318 0.852614
vt 0.815708 0.852614
vt 0.814318 0.849470
vt 0.245843 0.859889
vt 0.244453 0.859889
vt 0.139209 0.625245
vt 0.139148 0.624726
vt 0.139434 0.624692
vt 0.139495 0.625211
vt 0.139148 0.662813
vt 0.139516 0.659691
vt 0.139803 0.659725
vt 0.139434 0.662847
vt 0.139148 0.610722
vt 0.139209 0.610204
vt 0.139495 0.610238
vt 0.139434 0.610756
vt 0.139532 0.553813
vt 0.139532 0.552423
vt 0.139820 0.552423
vt 0.139820 0.553813
vt 0.139516 0.637130
vt 0.139148 0.633284
vt 0.139434 0.633317
vt 0.139803 0.637164
vt 0.139516 0.628400
vt 0.139148 0.625279
vt 0.139434 0.625245
vt 0.139803 0.628367
vt 0.139209 0.670367
vt 0.139148 0.669849
vt 0.139434 0.669815
vt 0.139495 0.670333
vt 0.139820 0.556594
vt 0.139820 0.557984
vt 0.139532 0.557984
vt 0.139532 0.556594
vt 0.139803 0.640804
vt 0.139434 0.644650
vt 0.139148 0.644684
vt 0.139516 0.640838
vt 0.139209 0.632765
vt 0.139495 0.632799
vt 0.605326 0.356679
vt 0.605326 0.355289
vt 0.605614 0.355289
vt 0.605614 0.356679
vt 0.139516 0.614569
vt 0.139803 0.614603
vt 0.139516 0.652171
vt 0.139148 0.648324
vt 0.139434 0.648358
vt 0.139803 0.652205
vt 0.139820 0.549643
vt 0.139820 0.551033
vt 0.139532 0.551033
vt 0.139532 0.549643
vt 0.139148 0.655845
vt 0.139434 0.655879
vt 0.139516 0.620880
vt 0.139803 0.620846
vt 0.139148 0.632247
vt 0.139434 0.632213
vt 0.139148 0.640252
vt 0.139434 0.640285
vt 0.139148 0.617758
vt 0.139434 0.617724
vt 0.139516 0.666002
vt 0.139803 0.665968
vt 0.139820 0.557984
vt 0.139820 0.559374
vt 0.139532 0.559374
vt 0.139532 0.557984
vt 0.139148 0.617691
vt 0.139434 0.617724
vt 0.139148 0.662881
vt 0.139532 0.555203
vt 0.139820 0.555203
vt 0.139820 0.556594
vt 0.139209 0.647806
vt 0.139495 0.647840
vt 0.139803 0.647772
vt 0.139516 0.647806
vt 0.139742 0.640286
vt 0.139455 0.640319
vt 0.139820 0.552423
vt 0.139532 0.552423
vt 0.139209 0.655326
vt 0.139495 0.655360
vt 0.139532 0.555203
vt 0.139532 0.553813
vt 0.139820 0.553813
vt 0.139820 0.555203
vt 0.139148 0.655292
vt 0.139434 0.655326
vt 0.139209 0.632765
vt 0.139495 0.632731
vt 0.927849 0.221400
vt 0.927849 0.218949
vt 0.942904 0.218949
vt 0.942904 0.221400
vt 0.927849 0.253704
vt 0.927849 0.251253
vt 0.942904 0.251253
vt 0.942904 0.253704
vt 0.935957 0.555563
vt 0.920902 0.555563
vt 0.920902 0.553112
vt 0.935957 0.553112
vt 0.935957 0.587867
vt 0.920902 0.587867
vt 0.920902 0.585416
vt 0.935957 0.585416
vt 0.246087 0.674011
vt 0.246087 0.676462
vt 0.245507 0.676462
vt 0.245507 0.674011
vt 0.246087 0.641707
vt 0.246087 0.644158
vt 0.245507 0.644158
vt 0.245507 0.641707
vt 0.139728 0.580092
vt 0.139728 0.595148
vt 0.139148 0.595148
vt 0.139148 0.580092
vt 0.122323 0.674607
vt 0.122323 0.644754
vt 0.122903 0.644754
vt 0.122903 0.674607
vt 0.122323 0.642303
vt 0.122903 0.642303
vt 0.139148 0.610204
vt 0.139148 0.595148
vt 0.139728 0.595148
vt 0.139728 0.610204
vt 0.122323 0.677058
vt 0.122903 0.677058
vt 0.984938 0.843183
vt 0.975276 0.843183
vt 0.975276 0.841045
vt 0.984938 0.841045
vt 0.242779 0.916204
vt 0.242779 0.925866
vt 0.241641 0.925866
vt 0.241641 0.916204
vt 0.655409 0.917156
vt 0.655409 0.926819
vt 0.652993 0.926819
vt 0.846122 0.834152
vt 0.847268 0.834152
vt 0.847277 0.836610
vt 0.846140 0.836614
vt 0.901480 0.586608
vt 0.901480 0.592398
vt 0.899064 0.586608
vt 0.784365 0.917740
vt 0.784365 0.923530
vt 0.783228 0.923530
vt 0.783228 0.917740
vt 0.980591 0.033240
vt 0.974801 0.033240
vt 0.974801 0.031101
vt 0.980591 0.031101
vt 0.245730 0.877880
vt 0.245730 0.881831
vt 0.243563 0.881831
vt 0.243563 0.877880
vt 0.244570 0.881831
vt 0.244570 0.885781
vt 0.243563 0.885781
vt 0.243563 0.881831
vt 0.899064 0.576358
vt 0.903014 0.576358
vt 0.903014 0.578415
vt 0.899064 0.578415
vt 0.847491 0.850962
vt 0.847491 0.853101
vt 0.847049 0.852810
vt 0.847049 0.850753
vt 0.844373 0.854246
vt 0.843236 0.854246
vt 0.843317 0.853912
vt 0.844323 0.853912
vt 0.845363 0.836626
vt 0.847491 0.837771
vt 0.847049 0.838062
vt 0.845183 0.836960
vt 0.844373 0.836626
vt 0.844323 0.836960
vt 0.845363 0.854246
vt 0.845183 0.853912
vt 0.651491 0.866866
vt 0.651491 0.862915
vt 0.653658 0.862915
vt 0.653658 0.866866
vt 0.916336 0.785091
vt 0.916336 0.789042
vt 0.915477 0.789042
vt 0.915477 0.785091
vt 0.787771 0.917740
vt 0.787771 0.923530
vt 0.785355 0.923530
vt 0.785355 0.917740
vt 0.902471 0.586608
vt 0.902471 0.592398
vt 0.982595 0.044293
vt 0.989139 0.045118
vt 0.989139 0.047576
vt 0.982595 0.046431
vt 0.656399 0.917156
vt 0.656399 0.926819
vt 0.246185 0.916204
vt 0.246185 0.925866
vt 0.243769 0.925866
vt 0.243769 0.916204
vt 0.982595 0.031101
vt 0.989139 0.029956
vt 0.989139 0.032414
vt 0.982595 0.033240
vt 0.040843 0.802002
vt 0.041346 0.808579
vt 0.040351 0.808470
vt 0.039849 0.801893
vt 0.847491 0.839909
vt 0.847049 0.840119
vt 0.899064 0.563667
vt 0.903014 0.563667
vt 0.903014 0.565724
vt 0.899064 0.565724
vt 0.980591 0.046431
vt 0.974801 0.046431
vt 0.974801 0.044293
vt 0.980591 0.044293
vt 0.846140 0.818986
vt 0.847277 0.818990
vt 0.847268 0.821448
vt 0.846122 0.821448
vt 0.929852 0.254530
vt 0.936397 0.253704
vt 0.936397 0.266409
vt 0.929852 0.265583
vt 0.984938 0.856374
vt 0.975276 0.856374
vt 0.975276 0.854236
vt 0.984938 0.854236
vt 0.902471 0.578415
vt 0.901480 0.578415
vt 0.787771 0.915737
vt 0.785355 0.909547
vt 0.784365 0.909547
vt 0.783228 0.909547
vt 0.899064 0.584605
vt 0.927849 0.265583
vt 0.927849 0.254530
vt 0.040843 0.810519
vt 0.039849 0.810410
vt 0.048564 0.840988
vt 0.048564 0.829935
vt 0.049565 0.829935
vt 0.049565 0.840988
vt 0.903608 0.578415
vt 0.903608 0.586608
vt 0.845121 0.821432
vt 0.657537 0.917156
vt 0.657537 0.926819
vt 0.903608 0.592398
vt 0.917343 0.785091
vt 0.917343 0.789042
vt 0.843236 0.836626
vt 0.843317 0.836960
vt 0.245429 0.881831
vt 0.245429 0.885781
vt 0.845121 0.834168
vt 0.845150 0.836626
vt 0.809762 0.834973
vt 0.809762 0.823920
vt 0.811889 0.823920
vt 0.811889 0.834973
vt 0.812880 0.823920
vt 0.812880 0.834973
vt 0.814017 0.823920
vt 0.814017 0.834973
vt 0.814017 0.820637
vt 0.812880 0.820637
vt 0.811889 0.820637
vt 0.809762 0.821782
vt 0.812880 0.838257
vt 0.814017 0.838257
vt 0.811889 0.838257
vt 0.809762 0.837111
vt 0.653890 0.848619
vt 0.653890 0.853886
vt 0.651995 0.853886
vt 0.651995 0.848619
vt 0.140058 0.848411
vt 0.140058 0.853678
vt 0.138163 0.853678
vt 0.138163 0.848411
vt 0.653890 0.844334
vt 0.651995 0.844334
vt 0.038426 0.801179
vt 0.037714 0.801179
vt 0.037714 0.783713
vt 0.038426 0.783713
vt 0.986537 0.242626
vt 0.986537 0.244521
vt 0.985723 0.244521
vt 0.985723 0.242626
vt 0.986537 0.261986
vt 0.986537 0.263881
vt 0.985723 0.263881
vt 0.985723 0.261986
vt 0.631523 0.773112
vt 0.632234 0.773112
vt 0.632234 0.790577
vt 0.631523 0.790577
vt 0.242558 0.861911
vt 0.242558 0.857626
vt 0.244453 0.857627
vt 0.244453 0.861911
vt 0.849385 0.846889
vt 0.849385 0.852156
vt 0.847491 0.852156
vt 0.847491 0.846889
vt 0.242558 0.852360
vt 0.244453 0.852360
vt 0.849385 0.856441
vt 0.847491 0.856441
vt 0.651995 0.834782
vt 0.653890 0.834782
vt 0.653890 0.840049
vt 0.651995 0.840049
vt 0.140058 0.857963
vt 0.138163 0.857963
vt 0.590029 0.834220
vt 0.591924 0.834220
vt 0.591924 0.839487
vt 0.590029 0.839487
vt 0.590029 0.829935
vt 0.591924 0.829935
vt 0.591924 0.840198
vt 0.590029 0.840198
vt 0.845121 0.800612
vt 0.847016 0.800612
vt 0.847016 0.801323
vt 0.845121 0.801323
vt 0.651995 0.834071
vt 0.653890 0.834071
vt 0.849385 0.837337
vt 0.847491 0.837337
vt 0.847491 0.836626
vt 0.849385 0.836626
vt 0.847491 0.846889
vt 0.847491 0.842604
vt 0.849385 0.842604
vt 0.845121 0.795345
vt 0.847016 0.795345
vt 0.845121 0.791060
vt 0.847016 0.791060
vt 0.653890 0.844334
vt 0.651995 0.844334
vt 0.847315 0.696128
vt 0.847399 0.696835
vt 0.847009 0.696881
vt 0.846925 0.696175
vt 0.846506 0.675581
vt 0.847008 0.671325
vt 0.847399 0.671371
vt 0.846896 0.675627
vt 0.589113 0.830641
vt 0.589196 0.829935
vt 0.589587 0.829981
vt 0.589503 0.830687
vt 0.604540 0.356679
vt 0.604540 0.354784
vt 0.604933 0.354784
vt 0.604933 0.356679
vt 0.814820 0.837639
vt 0.814318 0.832396
vt 0.814708 0.832442
vt 0.815211 0.837685
vt 0.846896 0.681576
vt 0.847399 0.685831
vt 0.847008 0.685878
vt 0.846506 0.681622
vt 0.847315 0.685878
vt 0.847399 0.686584
vt 0.847009 0.686630
vt 0.846925 0.685924
vt 0.605326 0.354784
vt 0.605326 0.356679
vt 0.604933 0.356679
vt 0.604933 0.354784
vt 0.846506 0.664669
vt 0.847009 0.659426
vt 0.847399 0.659380
vt 0.846896 0.664623
vt 0.814401 0.831689
vt 0.814792 0.831736
vt 0.604146 0.356679
vt 0.604146 0.354784
vt 0.589615 0.835884
vt 0.590006 0.835930
vt 0.847009 0.650823
vt 0.846506 0.645580
vt 0.846896 0.645627
vt 0.847399 0.650869
vt 0.604146 0.354784
vt 0.604146 0.356679
vt 0.603753 0.356679
vt 0.603753 0.354784
vt 0.846506 0.666082
vt 0.846896 0.666128
vt 0.846896 0.702078
vt 0.846506 0.702124
vt 0.847399 0.676333
vt 0.847008 0.676379
vt 0.814318 0.841894
vt 0.814708 0.841940
vt 0.847399 0.706333
vt 0.847009 0.706379
vt 0.846896 0.691827
vt 0.846506 0.691873
vt 0.582235 0.844154
vt 0.582235 0.846049
vt 0.581842 0.846049
vt 0.581842 0.844154
vt 0.589113 0.840140
vt 0.589503 0.840186
vt 0.847399 0.696082
vt 0.847009 0.696129
vt 0.956388 0.353381
vt 0.956388 0.351486
vt 0.956781 0.351486
vt 0.956781 0.353381
vt 0.846589 0.644874
vt 0.846980 0.644920
vt 0.846506 0.655171
vt 0.846896 0.655125
vt 0.846589 0.665376
vt 0.846980 0.665330
vt 0.582235 0.863514
vt 0.582235 0.865409
vt 0.581842 0.865409
vt 0.581842 0.863514
vt 0.846589 0.665376
vt 0.846980 0.665422
vt 0.956388 0.334021
vt 0.956388 0.332127
vt 0.956781 0.332127
vt 0.956781 0.334021
vt 0.846506 0.655079
vt 0.847315 0.675627
vt 0.846925 0.675673
vt 0.991928 0.958911
vt 0.991928 0.962252
vt 0.971406 0.958911
vt 0.991928 0.914877
vt 0.991928 0.918219
vt 0.971406 0.918219
vt 0.991688 0.410292
vt 0.971165 0.410292
vt 0.971165 0.406951
vt 0.991688 0.406951
vt 0.991688 0.454326
vt 0.971165 0.454326
vt 0.971165 0.450985
vt 0.991688 0.450985
vt 0.653149 0.767973
vt 0.653149 0.764632
vt 0.653940 0.767973
vt 0.653149 0.812007
vt 0.653149 0.808666
vt 0.653940 0.808666
vt 0.653940 0.812007
vt 0.042861 0.781194
vt 0.042861 0.801717
vt 0.042070 0.801717
vt 0.042070 0.781194
vt 0.590148 0.825228
vt 0.590148 0.784536
vt 0.590939 0.784536
vt 0.590939 0.825228
vt 0.590148 0.781195
vt 0.590939 0.781195
vt 0.047789 0.801717
vt 0.047789 0.781194
vt 0.048580 0.781194
vt 0.048580 0.801717
vt 0.590148 0.828569
vt 0.590939 0.828569
vt 0.038426 0.803073
vt 0.037714 0.803073
vt 0.631523 0.771217
vt 0.632234 0.771217
vt 0.632234 0.792472
vt 0.631523 0.792472
vt 0.037714 0.781819
vt 0.038426 0.781819
vt 0.710753 0.971731
vt 0.710753 0.969836
vt 0.711567 0.969836
vt 0.711567 0.971731
vt 0.583049 0.863514
vt 0.583049 0.865409
vt 0.955574 0.351486
vt 0.955574 0.334021
vt 0.710753 0.952371
vt 0.710753 0.950476
vt 0.711567 0.950476
vt 0.711567 0.952371
vt 0.955574 0.332127
vt 0.583049 0.866034
vt 0.582235 0.866034
vt 0.583049 0.844154
vt 0.583049 0.846049
vt 0.986537 0.264505
vt 0.985723 0.264505
vt 0.955574 0.353381
vt 0.711567 0.972355
vt 0.710753 0.972355
vt 0.956388 0.354006
vt 0.955574 0.354006
vt 0.632234 0.810562
vt 0.631523 0.810562
vt 0.631523 0.793096
vt 0.632234 0.793096
vt 0.047077 0.781194
vt 0.047789 0.781194
vt 0.047789 0.798660
vt 0.047077 0.798660
vt 0.583049 0.867439
vt 0.591801 0.866034
vt 0.591801 0.867439
vt 0.583049 0.843530
vt 0.582235 0.843530
vt 0.582235 0.842124
vt 0.583049 0.842124
vt 0.047868 0.812097
vt 0.048580 0.812097
vt 0.048580 0.820849
vt 0.047868 0.820849
vt 0.956388 0.331502
vt 0.955574 0.331502
vt 0.955574 0.330096
vt 0.956388 0.330096
vt 0.037714 0.781194
vt 0.038426 0.781194
vt 0.038426 0.803698
vt 0.037714 0.803698
vt 0.985723 0.242002
vt 0.986537 0.242002
vt 0.603753 0.356679
vt 0.603042 0.356679
vt 0.603042 0.356055
vt 0.603753 0.356055
vt 0.710753 0.949852
vt 0.711567 0.949852
vt 0.601618 0.354649
vt 0.602330 0.354649
vt 0.602330 0.355273
vt 0.601618 0.355273
vt 0.631523 0.770593
vt 0.632234 0.770593
vt 0.600907 0.354649
vt 0.601619 0.354649
vt 0.601619 0.355273
vt 0.600907 0.355273
vt 0.602330 0.356679
vt 0.602330 0.356055
vt 0.047868 0.811283
vt 0.048580 0.811283
vt 0.047868 0.801717
vt 0.048580 0.801717
vt 0.048580 0.802531
vt 0.047868 0.802531
vt 0.047077 0.798660
vt 0.047789 0.798660
vt 0.047789 0.799474
vt 0.047077 0.799474
vt 0.631522 0.810561
vt 0.632234 0.810561
vt 0.632234 0.811376
vt 0.631522 0.811376
vt 0.603042 0.354649
vt 0.603753 0.354649
vt 0.956388 0.355411
vt 0.955574 0.355411
vt 0.986537 0.265911
vt 0.985723 0.265911
vt 0.602330 0.356679
vt 0.601618 0.356679
vt 0.985723 0.240596
vt 0.986537 0.240596
vt 0.601619 0.356679
vt 0.600907 0.356679
vt 0.711567 0.973761
vt 0.710753 0.973761
vt 0.602330 0.354649
vt 0.582235 0.867439
vt 0.042070 0.801717
vt 0.042781 0.801717
vt 0.042781 0.810469
vt 0.042070 0.810469
vt 0.710753 0.948446
vt 0.711567 0.948446
vt 0.976971 0.265911
vt 0.976971 0.264505
vt 0.041358 0.801893
vt 0.042070 0.801893
vt 0.042070 0.810644
vt 0.041358 0.810644
vt 0.048580 0.811283
vt 0.047868 0.811283
vt 0.047789 0.808226
vt 0.047077 0.808226
vt 0.591801 0.842124
vt 0.591801 0.843530
vt 0.632234 0.820128
vt 0.631522 0.820128
vt 0.976971 0.242002
vt 0.976971 0.240596
vt 0.720319 0.972355
vt 0.720319 0.973761
vt 0.946822 0.331502
vt 0.946822 0.330096
vt 0.720319 0.948446
vt 0.720319 0.949852
vt 0.039137 0.801893
vt 0.039849 0.801893
vt 0.039849 0.810644
vt 0.039137 0.810644
vt 0.038426 0.801893
vt 0.039137 0.801893
vt 0.039137 0.810644
vt 0.038426 0.810644
vt 0.946822 0.355411
vt 0.946822 0.354006
vt 0.581842 0.842124
vt 0.581842 0.781195
vt 0.589113 0.842124
vt 0.807940 0.820636
vt 0.807940 0.759707
vt 0.815211 0.759707
vt 0.815211 0.820636
vt 0.950394 0.788394
vt 0.950394 0.727464
vt 0.957665 0.727464
vt 0.957665 0.788394
vt 0.956090 0.544592
vt 0.956090 0.483662
vt 0.963361 0.483662
vt 0.963361 0.544592
vt 0.104797 0.948998
vt 0.104797 0.888068
vt 0.112068 0.888068
vt 0.112068 0.948998
vt 0.850543 0.897555
vt 0.850543 0.836626
vt 0.857814 0.836626
vt 0.857814 0.897555
vt 0.964936 0.727464
vt 0.964936 0.788394
vt 0.951072 0.852566
vt 0.951072 0.791636
vt 0.958343 0.791636
vt 0.958343 0.852566
vt 0.238304 0.852360
vt 0.238304 0.791430
vt 0.245575 0.791430
vt 0.245575 0.852360
vt 0.948819 0.544592
vt 0.948819 0.483662
vt 0.956090 0.483662
vt 0.956090 0.544592
vt 0.958343 0.852566
vt 0.958343 0.791636
vt 0.965614 0.791636
vt 0.965614 0.852566
vt 0.850543 0.958485
vt 0.850543 0.897555
vt 0.857814 0.897555
vt 0.857814 0.958485
vt 0.971165 0.408910
vt 0.971165 0.460277
vt 0.961747 0.460277
vt 0.961747 0.408910
vt 0.717653 0.303606
vt 0.717653 0.354973
vt 0.692971 0.354973
vt 0.692971 0.303606
vt 0.971165 0.408910
vt 0.961747 0.408910
vt 0.961747 0.357542
vt 0.519237 0.965029
vt 0.528655 0.965029
vt 0.528655 0.989711
vt 0.519237 0.989711
vt 0.509819 0.965029
vt 0.519237 0.965029
vt 0.519237 0.989711
vt 0.509819 0.989711
s 0
usemtl Checker
f 103/1/1 102/2/1 5/3/1 6/4/1
f 105/5/1 106/6/1 43/7/1 31/8/1
f 366/9/1 363/10/1 4/11/1 100/12/1
f 136/13/2 139/14/2 195/15/2 193/16/2
f 205/17/3 206/18/3 27/19/3 25/20/3
f 100/12/1 4/11/1 5/3/1 102/2/1
f 34/21/1 31/8/1 13/22/1 26/23/1
f 103/1/1 105/5/1 31/8/1 34/21/1
f 22/24/1 32/25/1 33/26/1 23/27/1
f 364/28/1 365/29/1 32/25/1 22/24/1
f 26/23/1 23/27/1 33/26/1 34/21/1
f 25/30/4 36/31/4 37/32/4 24/33/4
f 24/34/5 37/35/5 38/36/5 21/37/5
f 27/19/3 35/38/3 36/39/3 25/20/3
f 12/40/6 39/41/6 40/42/6 11/43/6
f 27/44/4 41/45/4 42/46/4 35/47/4
f 101/48/2 104/49/2 191/50/2 64/51/2
f 178/52/2 107/53/2 192/54/2 198/55/2
f 10/56/7 28/57/7 41/58/7 27/59/7
f 44/60/6 47/61/6 14/62/6 18/63/6
f 19/64/6 45/65/6 46/66/6 29/67/6
f 18/63/6 14/62/6 45/65/6 19/64/6
f 47/68/8 51/69/8 48/70/8 14/71/8
f 14/71/8 48/70/8 49/72/8 45/73/8
f 45/73/8 49/72/8 50/74/8 46/75/8
f 125/76/7 56/77/7 52/78/7 126/79/7
f 127/80/3 57/81/3 54/82/3 128/83/3
f 129/84/3 55/85/3 56/86/3 125/87/3
f 130/88/1 53/89/1 57/90/1 127/91/1
f 128/83/3 54/82/3 55/85/3 129/84/3
f 126/79/7 52/78/7 59/92/7 131/93/7
f 131/94/6 121/95/6 122/96/6 132/97/6
f 133/98/1 61/99/1 53/89/1 130/88/1
f 135/100/1 110/101/1 60/102/1 134/103/1
f 134/103/1 60/102/1 61/99/1 133/98/1
f 360/104/4 356/105/4 357/106/4 362/107/4
f 362/107/4 357/106/4 354/108/4 359/109/4
f 355/110/4 85/111/4 53/112/4 61/113/4
f 356/105/4 355/110/4 61/113/4 60/114/4
f 357/106/4 110/115/4 9/116/4 354/108/4
f 209/117/3 150/118/3 155/119/3 210/120/3
f 391/121/6 378/122/6 223/123/6 224/124/6
f 113/125/2 179/126/2 180/127/2 7/128/2
f 210/120/3 155/119/3 156/129/3 211/130/3
f 76/131/7 77/132/7 161/133/7 75/134/7
f 433/135/4 431/136/4 172/137/4 169/138/4
f 77/139/4 76/140/4 37/32/4 36/31/4
f 76/141/5 75/142/5 38/36/5 37/35/5
f 78/143/3 77/144/3 36/39/3 35/38/3
f 69/145/6 68/146/6 40/42/6 39/41/6
f 78/147/4 35/47/4 42/46/4 82/148/4
f 111/149/2 113/125/2 7/128/2 184/150/2
f 138/151/2 123/152/2 187/153/2 188/154/2
f 67/155/1 78/156/1 82/157/1 79/158/1
f 442/159/3 388/160/3 386/161/3 441/162/3
f 74/163/6 80/164/6 84/165/6 83/166/6
f 73/167/6 74/163/6 83/166/6 70/168/6
f 70/169/8 83/170/8 87/171/8 86/172/8
f 83/170/8 84/173/8 88/174/8 87/171/8
f 117/175/1 118/176/1 89/177/1 93/178/1
f 120/179/3 117/180/3 93/181/3 92/182/3
f 432/183/4 433/135/4 169/138/4 170/184/4
f 119/185/3 120/179/3 92/182/3 91/186/3
f 118/176/1 121/187/1 96/188/1 89/177/1
f 59/189/3 96/190/3 121/191/3 131/192/3
f 122/96/6 123/193/6 136/194/6 132/97/6
f 93/195/4 89/196/4 90/197/4 92/198/4
f 350/199/4 345/200/4 346/201/4 90/197/4
f 351/202/4 347/203/4 345/200/4 350/199/4
f 352/204/4 349/205/4 344/206/4 348/207/4
f 351/202/4 352/204/4 348/207/4 347/203/4
f 59/208/4 58/209/4 95/210/4 96/211/4
f 79/158/1 82/157/1 113/212/1 111/213/1
f 82/148/4 42/46/4 108/214/4 113/215/4
f 408/216/1 79/158/1 111/213/1 409/217/1
f 356/105/4 60/114/4 110/115/4 357/106/4
f 124/218/1 9/219/1 110/101/1 135/100/1
f 114/220/4 95/210/4 58/209/4 109/221/4
f 28/57/7 101/222/7 107/223/7 41/58/7
f 41/45/4 107/224/4 108/214/4 42/46/4
f 6/4/1 2/225/1 105/5/1 103/1/1
f 32/25/1 100/12/1 102/2/1 33/26/1
f 17/226/7 104/227/7 101/222/7 28/57/7
f 365/29/1 366/9/1 100/12/1 32/25/1
f 2/225/1 1/228/1 106/6/1 105/5/1
f 34/21/1 33/26/1 102/2/1 103/1/1
f 65/229/4 114/220/4 109/221/4 8/230/4
f 72/231/1 112/232/1 123/233/1 122/234/1
f 123/152/2 112/235/2 185/236/2 187/153/2
f 80/237/1 72/231/1 122/234/1 121/187/1
f 84/238/1 80/237/1 121/187/1 118/176/1
f 86/239/3 87/240/3 120/179/3 119/185/3
f 87/240/3 88/241/3 117/180/3 120/179/3
f 88/242/1 84/238/1 118/176/1 117/175/1
f 17/226/7 132/243/7 136/244/7 104/227/7
f 1/228/1 124/218/1 135/100/1 106/6/1
f 43/7/1 134/103/1 133/98/1 44/245/1
f 106/6/1 135/100/1 134/103/1 43/7/1
f 44/245/1 133/98/1 130/88/1 47/246/1
f 139/247/6 137/248/6 196/249/6 195/250/6
f 29/251/7 131/93/7 132/243/7 17/226/7
f 46/252/7 126/79/7 131/93/7 29/251/7
f 48/253/3 128/83/3 129/84/3 49/254/3
f 47/246/1 130/88/1 127/91/1 51/255/1
f 49/254/3 129/84/3 125/87/3 50/256/3
f 51/257/3 127/80/3 128/83/3 48/253/3
f 50/258/7 125/76/7 126/79/7 46/252/7
f 137/248/6 139/247/6 138/259/6 140/260/6
f 140/260/6 138/259/6 188/261/6 189/262/6
f 107/53/2 101/48/2 64/51/2 192/54/2
f 136/13/2 123/152/2 138/151/2 139/14/2
f 162/263/7 141/264/7 144/265/7 160/266/7
f 421/267/7 428/268/7 152/269/7 168/270/7
f 377/271/7 158/272/7 143/273/7 374/274/7
f 156/129/3 78/143/3 67/275/3 71/276/3
f 155/119/3 77/144/3 78/143/3 156/129/3
f 158/272/7 160/266/7 144/265/7 143/273/7
f 150/118/3 161/277/3 77/144/3 155/119/3
f 167/278/7 153/279/7 145/280/7 154/281/7
f 149/282/1 367/283/1 213/284/1 378/285/1
f 162/263/7 167/278/7 154/281/7 164/286/7
f 157/287/7 159/288/7 166/289/7 165/290/7
f 375/291/7 157/287/7 165/290/7 376/292/7
f 149/293/3 208/294/3 261/295/3 245/296/3
f 153/279/7 167/278/7 166/289/7 159/288/7
f 68/297/3 149/293/3 245/296/3 243/298/3
f 173/299/7 171/300/7 170/301/7 169/302/7
f 20/303/3 199/304/3 264/305/3 237/306/3
f 147/307/7 173/299/7 169/302/7 172/308/7
f 141/264/7 162/263/7 164/286/7 142/309/7
f 165/290/7 166/289/7 160/266/7 158/272/7
f 376/292/7 165/290/7 158/272/7 377/271/7
f 427/310/7 421/267/7 168/270/7 146/311/7
f 163/312/7 148/313/7 250/314/7 257/315/7
f 167/278/7 162/263/7 160/266/7 166/289/7
f 146/311/7 168/270/7 173/299/7 147/307/7
f 168/270/7 152/269/7 171/300/7 173/299/7
f 353/316/1 345/317/1 91/318/1 119/319/1
f 211/130/3 156/129/3 71/276/3 212/320/3
f 178/321/4 175/322/4 174/323/4 176/324/4
f 179/325/4 176/324/4 174/323/4 177/326/4
f 113/125/2 108/327/2 176/328/2 179/126/2
f 108/327/2 107/53/2 178/52/2 176/328/2
f 413/329/1 184/330/1 182/331/1 407/332/1
f 183/333/1 7/334/1 180/335/1 190/336/1
f 184/330/1 7/334/1 183/333/1 182/331/1
f 185/337/1 181/338/1 186/339/1 187/340/1
f 187/340/1 186/339/1 189/341/1 188/342/1
f 409/343/2 111/149/2 184/150/2 413/344/2
f 179/325/4 177/326/4 190/345/4 180/346/4
f 191/347/7 62/348/7 63/349/7 64/330/7
f 192/334/7 116/350/7 197/351/7 198/352/7
f 64/330/7 63/349/7 116/350/7 192/334/7
f 191/347/7 193/340/7 194/353/7 62/348/7
f 194/353/7 193/340/7 195/342/7 196/354/7
f 175/322/4 178/321/4 198/355/4 197/356/4
f 104/49/2 136/13/2 193/16/2 191/50/2
f 148/313/7 81/357/7 251/358/7 250/314/7
f 199/304/3 200/359/3 268/360/3 264/305/3
f 40/361/3 68/297/3 243/298/3 240/362/3
f 11/363/3 40/361/3 240/362/3 234/364/3
f 22/365/3 23/366/3 202/367/3 201/368/3
f 26/369/3 13/370/3 15/371/3 203/372/3
f 23/366/3 26/369/3 203/372/3 202/367/3
f 200/373/6 199/374/6 215/375/6 216/376/6
f 201/368/3 202/367/3 205/17/3 204/377/3
f 203/372/3 15/371/3 16/378/3 206/18/3
f 202/367/3 203/372/3 206/18/3 205/17/3
f 157/287/7 375/291/7 384/379/7 385/380/7
f 30/381/1 20/382/1 237/383/1 238/384/1
f 200/359/3 11/363/3 234/364/3 268/360/3
f 206/18/3 16/378/3 10/385/3 27/19/3
f 204/377/3 205/17/3 25/20/3 207/386/3
f 24/387/1 21/388/1 207/389/1 25/390/1
f 438/391/4 270/392/4 404/393/4 447/394/4
f 150/395/1 405/396/1 213/284/1 367/283/1
f 151/397/7 255/398/7 399/399/7 390/400/7
f 159/288/7 157/287/7 385/380/7 387/401/7
f 3/402/1 99/403/1 231/404/1 232/405/1
f 151/397/7 163/312/7 257/315/7 255/398/7
f 99/403/1 30/381/1 238/384/1 231/404/1
f 269/406/7 271/407/7 403/408/7 402/409/7
f 345/200/4 98/410/4 401/411/4 91/412/4
f 199/374/6 20/413/6 214/414/6 215/375/6
f 222/415/9 218/416/9 217/417/9 221/418/9
f 219/419/9 222/415/9 221/418/9 220/420/9
f 22/421/4 201/422/4 221/423/4 217/424/4
f 20/382/1 364/28/1 218/425/1 214/426/1
f 214/427/3 218/428/3 222/429/3 215/430/3
f 215/430/3 222/429/3 219/431/3 216/432/3
f 201/422/4 204/433/4 220/434/4 221/423/4
f 225/435/9 228/436/9 227/437/9 226/438/9
f 261/439/1 208/440/1 391/441/1 396/442/1
f 224/443/3 223/444/3 226/445/3 227/446/3
f 405/447/4 392/448/4 228/449/4 225/450/4
f 239/451/6 235/452/6 230/453/6 229/454/6
f 234/455/6 240/456/6 236/457/6 233/458/6
f 242/459/6 243/460/6 245/461/6 246/462/6
f 244/463/6 242/459/6 246/462/6 247/464/6
f 244/463/6 241/465/6 230/453/6 235/452/6
f 243/460/6 242/459/6 236/457/6 240/456/6
f 242/459/6 244/463/6 235/452/6 236/457/6
f 233/458/6 236/457/6 235/452/6 239/451/6
f 260/466/6 261/467/6 254/468/6 256/469/6
f 241/465/6 244/463/6 247/464/6 263/470/6
f 435/471/6 434/472/6 255/473/6 257/474/6
f 436/475/6 435/471/6 257/474/6 250/476/6
f 437/477/6 436/475/6 250/476/6 251/478/6
f 267/479/6 231/480/6 238/481/6 258/482/6
f 252/483/6 260/466/6 256/469/6 253/484/6
f 248/485/6 252/483/6 253/484/6 249/486/6
f 262/487/6 239/451/6 229/454/6 259/488/6
f 258/482/6 238/481/6 237/489/6 264/490/6
f 265/491/6 258/482/6 264/490/6 268/492/6
f 231/480/6 267/479/6 266/493/6 232/494/6
f 262/487/6 267/479/6 258/482/6 265/491/6
f 239/451/6 262/487/6 265/491/6 233/458/6
f 233/458/6 265/491/6 268/492/6 234/455/6
f 267/479/6 262/487/6 259/488/6 266/493/6
f 263/470/6 247/464/6 252/483/6 248/485/6
f 247/464/6 246/462/6 260/466/6 252/483/6
f 246/462/6 245/461/6 261/467/6 260/466/6
f 15/371/3 13/370/3 44/495/3 18/496/3
f 13/22/1 31/8/1 43/7/1 44/245/1
f 10/385/3 16/378/3 19/497/3 29/498/3
f 16/378/3 15/371/3 18/496/3 19/497/3
f 28/57/7 10/56/7 29/251/7 17/226/7
f 438/391/4 432/183/4 170/184/4 270/392/4
f 423/499/1 419/500/1 72/231/1 80/237/1
f 211/501/1 212/502/1 395/503/1 394/504/1
f 152/269/7 271/407/7 269/406/7 171/300/7
f 270/505/7 269/406/7 402/409/7 404/506/7
f 428/268/7 424/507/7 271/407/7 152/269/7
f 430/508/3 429/509/3 74/510/3 73/511/3
f 171/300/7 269/406/7 270/505/7 170/301/7
f 153/279/7 159/288/7 387/401/7 382/512/7
f 429/509/3 423/513/3 80/514/3 74/510/3
f 73/515/1 353/316/1 119/319/1 380/516/1
f 369/517/7 370/518/7 75/134/7 161/133/7
f 370/519/3 372/520/3 38/36/3 75/142/3
f 371/521/3 21/37/3 38/36/3 372/520/3
f 272/522/3 273/523/3 275/524/3 274/525/3
f 274/526/1 275/527/1 279/528/1 278/529/1
f 276/530/7 277/531/7 273/532/7 272/533/7
f 274/534/4 278/535/4 276/536/4 272/537/4
f 279/538/6 275/539/6 273/540/6 277/541/6
f 280/542/2 282/543/2 283/544/2 281/545/2
f 282/546/1 286/547/1 287/548/1 283/549/1
f 284/550/7 280/551/7 281/552/7 285/553/7
f 282/554/4 280/555/4 284/556/4 286/557/4
f 287/558/6 285/559/6 281/540/6 283/560/6
f 291/561/10 290/562/10 304/563/10 307/564/10
f 296/565/1 299/566/1 295/567/1 294/568/1
f 292/569/7 293/570/7 298/571/7 297/572/7
f 296/573/4 294/574/4 292/575/4 297/576/4
f 295/577/6 299/578/6 298/579/6 293/580/6
f 288/581/3 290/582/3 296/583/3 297/584/3
f 289/585/3 288/581/3 297/584/3 298/586/3
f 291/587/3 289/585/3 298/586/3 299/588/3
f 290/582/3 291/587/3 299/588/3 296/583/3
f 301/589/3 302/590/3 303/591/3 300/592/3
f 288/593/10 289/594/10 306/595/10 305/596/10
f 289/597/6 291/598/6 307/599/6 306/600/6
f 290/601/6 288/602/6 305/603/6 304/604/6
f 301/605/4 300/606/4 312/607/4 313/608/4
f 303/609/6 302/610/6 314/611/6 315/612/6
f 305/613/1 306/614/1 310/615/1 309/616/1
f 307/617/7 304/618/7 308/619/7 311/620/7
f 313/621/3 312/622/3 308/623/3 309/624/3
f 314/625/3 313/621/3 309/624/3 310/626/3
f 315/627/3 314/625/3 310/626/3 311/181/3
f 312/622/3 315/627/3 311/181/3 308/623/3
f 306/628/4 307/629/4 311/630/4 310/631/4
f 300/632/1 303/633/1 315/634/1 312/635/1
f 304/636/6 305/637/6 309/638/6 308/639/6
f 302/635/7 301/617/7 313/620/7 314/640/7
f 319/641/10 335/642/10 332/643/10 318/644/10
f 324/645/1 322/646/1 323/647/1 327/648/1
f 320/588/7 325/649/7 326/650/7 321/651/7
f 324/652/4 325/653/4 320/654/4 322/655/4
f 323/656/6 321/657/6 326/658/6 327/659/6
f 316/660/2 325/661/2 324/583/2 318/662/2
f 317/663/2 326/664/2 325/661/2 316/660/2
f 319/665/2 327/588/2 326/664/2 317/663/2
f 318/662/2 324/583/2 327/588/2 319/665/2
f 329/666/2 328/667/2 331/668/2 330/256/2
f 316/669/10 333/670/10 334/671/10 317/672/10
f 317/673/6 334/674/6 335/675/6 319/676/6
f 318/677/6 332/678/6 333/679/6 316/680/6
f 329/681/4 341/682/4 340/683/4 328/684/4
f 331/685/6 343/686/6 342/687/6 330/688/6
f 333/689/1 337/690/1 338/691/1 334/692/1
f 335/693/7 339/694/7 336/695/7 332/696/7
f 341/697/2 337/698/2 336/699/2 340/700/2
f 342/701/2 338/702/2 337/698/2 341/697/2
f 343/703/2 339/704/2 338/702/2 342/701/2
f 340/700/2 336/699/2 339/704/2 343/703/2
f 334/705/4 338/706/4 339/707/4 335/708/4
f 328/709/1 340/710/1 343/711/1 331/712/1
f 332/713/6 336/714/6 337/715/6 333/716/6
f 330/717/7 342/718/7 341/719/7 329/720/7
f 373/721/1 207/389/1 21/388/1 371/722/1
f 368/723/3 373/724/3 11/363/3 200/359/3
f 367/725/3 149/293/3 68/297/3 369/726/3
f 96/211/4 350/199/4 90/197/4 89/196/4
f 95/210/4 351/202/4 350/199/4 96/211/4
f 114/220/4 65/229/4 349/205/4 352/204/4
f 95/210/4 114/220/4 352/204/4 351/202/4
f 92/198/4 90/197/4 346/201/4 91/412/4
f 66/727/4 115/728/4 348/207/4 344/206/4
f 115/728/4 97/729/4 347/203/4 348/207/4
f 97/729/4 98/410/4 345/200/4 347/203/4
f 254/468/6 261/467/6 396/730/6 397/411/6
f 434/472/6 254/468/6 397/411/6 444/731/6
f 448/732/3 398/733/3 388/160/3 442/159/3
f 441/162/3 386/161/3 383/734/3 439/735/3
f 443/736/3 390/737/3 399/738/3 444/739/3
f 360/104/4 361/740/4 355/110/4 356/105/4
f 361/740/4 358/741/4 85/111/4 355/110/4
f 59/208/4 52/742/4 358/741/4 361/740/4
f 58/209/4 59/208/4 361/740/4 360/104/4
f 109/221/4 362/107/4 359/109/4 8/230/4
f 58/209/4 360/104/4 362/107/4 109/221/4
f 56/743/4 55/744/4 358/741/4 52/742/4
f 55/744/4 54/745/4 85/111/4 358/741/4
f 54/745/4 57/746/4 53/112/4 85/111/4
f 145/280/7 153/279/7 382/512/7 379/747/7
f 30/381/1 99/403/1 366/9/1 365/29/1
f 20/382/1 30/381/1 365/29/1 364/28/1
f 99/403/1 3/402/1 363/10/1 366/9/1
f 22/24/1 217/748/1 218/425/1 364/28/1
f 150/118/3 367/725/3 369/726/3 161/277/3
f 204/377/3 207/386/3 373/724/3 368/723/3
f 11/749/1 373/721/1 371/722/1 12/750/1
f 12/751/3 371/521/3 372/520/3 39/752/3
f 69/753/3 39/752/3 372/520/3 370/519/3
f 68/754/7 69/755/7 370/518/7 369/517/7
f 200/756/7 216/757/7 219/758/7 368/759/7
f 368/759/7 219/758/7 220/760/7 204/761/7
f 375/291/7 151/397/7 390/400/7 384/379/7
f 163/312/7 376/292/7 377/271/7 148/313/7
f 151/397/7 375/291/7 376/292/7 163/312/7
f 148/313/7 377/271/7 374/274/7 81/357/7
f 439/735/3 383/734/3 94/762/3 440/763/3
f 391/764/3 389/765/3 397/766/3 396/767/3
f 378/285/1 213/284/1 226/768/1 223/769/1
f 405/396/1 225/770/1 226/768/1 213/284/1
f 383/734/3 394/771/3 395/772/3 94/762/3
f 386/161/3 393/773/3 394/771/3 383/734/3
f 392/774/3 388/160/3 398/733/3 406/775/3
f 389/765/3 391/764/3 406/775/3 398/733/3
f 445/776/3 400/777/3 401/778/3 447/779/3
f 403/780/3 446/781/3 731/782/3 732/783/3
f 91/784/3 401/778/3 400/777/3 119/785/3
f 119/785/3 400/777/3 381/786/3 380/787/3
f 393/773/3 386/161/3 388/160/3 392/774/3
f 443/736/3 389/765/3 398/733/3 448/732/3
f 210/788/1 211/501/1 394/504/1 393/789/1
f 468/790/7 145/280/7 379/747/7 469/791/7
f 209/792/1 210/788/1 393/789/1 392/793/1
f 150/794/4 209/795/4 392/448/4 405/447/4
f 208/796/6 149/797/6 378/122/6 391/121/6
f 227/798/7 228/799/7 392/800/7 406/801/7
f 227/798/7 406/801/7 391/802/7 224/803/7
f 424/507/7 417/804/7 418/805/7 425/806/7
f 71/276/3 67/275/3 414/807/3 415/808/3
f 212/320/3 71/276/3 415/808/3 416/809/3
f 466/810/7 468/790/7 417/804/7 411/811/7
f 67/155/1 79/158/1 408/216/1 414/812/1
f 420/813/2 409/343/2 413/344/2 422/814/2
f 422/815/1 413/329/1 407/332/1 426/816/1
f 465/817/7 467/818/7 412/819/7 410/820/7
f 467/818/7 466/810/7 411/811/7 412/819/7
f 419/500/1 408/216/1 409/217/1 420/821/1
f 72/231/1 419/500/1 420/821/1 112/232/1
f 185/337/1 422/815/1 426/816/1 181/338/1
f 112/235/2 420/813/2 422/814/2 185/236/2
f 271/407/7 424/507/7 425/806/7 403/408/7
f 415/808/3 414/807/3 423/513/3 429/509/3
f 416/809/3 415/808/3 429/509/3 430/508/3
f 411/811/7 417/804/7 424/507/7 428/268/7
f 414/812/1 408/216/1 419/500/1 423/499/1
f 410/820/7 412/819/7 421/267/7 427/310/7
f 412/819/7 411/811/7 428/268/7 421/267/7
f 390/737/3 443/736/3 448/732/3 384/822/3
f 400/777/3 445/776/3 729/823/3 728/824/3
f 402/825/3 445/776/3 447/779/3 404/826/3
f 382/827/3 439/735/3 440/763/3 379/828/3
f 389/765/3 443/736/3 444/739/3 397/766/3
f 387/829/3 441/162/3 439/735/3 382/827/3
f 384/822/3 448/732/3 442/159/3 385/830/3
f 255/473/6 434/472/6 444/731/6 399/831/6
f 98/410/4 97/729/4 432/183/4 438/391/4
f 249/486/6 253/484/6 436/475/6 437/477/6
f 253/484/6 256/469/6 435/471/6 436/475/6
f 256/469/6 254/468/6 434/472/6 435/471/6
f 98/410/4 438/391/4 447/394/4 401/411/4
f 97/729/4 115/728/4 433/135/4 432/183/4
f 385/830/3 442/159/3 441/162/3 387/829/3
f 115/728/4 66/727/4 431/136/4 433/135/4
f 450/832/3 449/833/3 451/834/3 452/835/3
f 430/508/3 452/835/3 451/834/3 416/809/3
f 455/836/9 453/837/9 454/838/9 456/839/9
f 459/840/11 457/841/11 458/842/11 460/843/11
f 453/837/9 461/844/9 462/845/9 454/838/9
f 457/841/11 463/846/11 464/847/11 458/842/11
f 461/848/12 464/849/12 463/850/12 462/851/12
f 470/852/3 471/853/3 454/854/3 462/855/3
f 453/856/4 451/857/4 449/858/4 461/859/4
f 471/853/3 472/860/3 456/861/3 454/854/3
f 416/862/4 451/857/4 453/856/4 455/545/4
f 212/502/1 416/863/1 455/864/1 456/865/1 472/866/1 395/503/1
f 457/867/3 459/868/3 380/787/3 381/786/3
f 464/869/6 450/870/6 452/871/6 458/872/6
f 430/873/6 460/874/6 458/872/6 452/871/6
f 463/875/3 457/867/3 381/786/3 446/781/3
f 430/876/1 73/515/1 380/516/1 459/877/1 460/878/1
f 469/879/3 470/852/3 462/855/3 418/880/3
f 418/880/3 462/855/3 463/875/3 425/881/3
f 464/882/1 461/883/1 449/884/1 450/885/1
f 425/881/3 463/875/3 446/781/3 403/780/3
f 440/763/3 94/762/3 717/886/3 715/887/3
f 94/762/3 395/772/3 472/860/3 471/853/3
f 379/828/3 440/763/3 715/887/3 716/888/3
f 164/286/7 154/281/7 466/810/7 467/818/7
f 142/309/7 164/286/7 467/818/7 465/817/7
f 154/281/7 145/280/7 468/790/7 466/810/7
f 417/804/7 468/790/7 469/791/7 418/805/7
f 475/889/4 485/890/4 476/891/4 473/892/4 548/893/4 545/894/4 572/895/4 496/896/4
f 474/897/6 477/898/6 486/899/6 478/900/6 495/901/6 564/902/6 544/903/6 547/904/6
f 589/905/3 573/906/3 493/907/3 584/908/3
f 511/909/12 521/910/12 522/911/12 512/912/12
f 477/913/12 506/914/12 483/915/12 486/916/12
f 505/917/12 508/918/12 481/919/12 484/920/12
f 507/921/12 510/922/12 479/923/12 482/924/12
f 556/925/12 512/912/12 522/911/12 555/926/12
f 585/927/12 476/928/12 485/929/12 583/930/12
f 571/931/3 494/932/3 493/907/3 573/906/3
f 530/571/13 529/933/13 537/934/13 538/935/13
f 527/936/13 528/937/13 536/938/13 535/939/13
f 565/940/3 492/941/3 491/942/3 568/943/3
f 525/944/13 526/945/13 534/946/13 533/947/13
f 562/948/3 490/949/3 489/950/3 567/951/3
f 523/952/13 524/953/13 532/954/13 531/955/13
f 563/956/3 488/957/3 487/958/3 566/959/3
f 563/956/3 564/960/3 495/961/3 488/957/3
f 562/948/3 566/959/3 487/958/3 490/949/3
f 565/940/3 567/951/3 489/950/3 492/941/3
f 582/962/3 568/943/3 491/942/3 578/963/3
f 512/964/1 504/965/1 503/966/1 511/967/1
f 510/968/1 502/969/1 501/970/1 509/971/1
f 508/972/1 500/973/1 499/974/1 507/975/1
f 506/976/1 498/977/1 497/978/1 505/979/1
f 481/980/3 482/981/3 526/982/3 525/983/3
f 522/984/3 521/985/3 529/986/3 530/987/3
f 479/988/3 480/989/3 524/990/3 523/991/3
f 483/992/3 484/993/3 528/994/3 527/995/3
f 506/976/1 477/996/1 474/997/1 498/977/1
f 508/972/1 505/979/1 497/978/1 500/973/1
f 510/968/1 507/975/1 499/974/1 502/969/1
f 577/998/1 509/971/1 501/970/1 579/999/1
f 585/1000/1 511/967/1 503/966/1 586/1001/1
f 488/957/3 495/961/3 478/1002/3 519/1003/3
f 490/949/3 487/958/3 520/1004/3 517/1005/3
f 492/941/3 489/950/3 518/1006/3 515/1007/3
f 578/963/3 491/942/3 516/1008/3 580/1009/3
f 584/908/3 493/907/3 514/1010/3 587/1011/3
f 486/916/12 483/915/12 519/1012/12 478/1013/12
f 484/920/12 481/919/12 517/1014/12 520/1015/12
f 482/924/12 479/923/12 515/1016/12 518/1017/12
f 555/926/12 522/911/12 513/1018/12 558/1019/12
f 583/930/12 485/929/12 475/1020/12 587/1021/12
f 509/1022/12 480/1023/12 479/923/12 510/922/12
f 507/921/12 482/924/12 481/919/12 508/918/12
f 505/917/12 484/920/12 483/915/12 506/914/12
f 488/1024/14 535/939/14 536/938/14 487/1025/14
f 487/1026/6 536/1027/6 528/1028/6 520/1029/6
f 520/1029/6 528/1028/6 484/1030/6
f 519/1031/4 527/1032/4 535/1033/4 488/1034/4
f 483/1035/4 527/1032/4 519/1031/4
f 490/1036/14 533/947/14 534/946/14 489/1037/14
f 517/1038/4 525/1039/4 533/1040/4 490/1041/4
f 481/1042/4 525/1039/4 517/1038/4
f 489/1043/6 534/1044/6 526/1045/6 518/1046/6
f 518/1046/6 526/1045/6 482/1047/6
f 492/1048/14 531/955/14 532/954/14 491/1049/14
f 515/1050/4 523/1051/4 531/1052/4 492/1053/4
f 479/1054/4 523/1051/4 515/1050/4
f 491/1055/6 532/1056/6 524/1057/6 516/1058/6
f 516/1058/6 524/1057/6 480/1059/6
f 494/1060/14 538/935/14 537/934/14 493/1061/14
f 513/1062/4 530/1063/4 538/1064/4 494/1065/4
f 522/1066/4 530/1063/4 513/1062/4
f 493/1067/6 537/1068/6 529/1069/6 514/1070/6
f 514/1070/6 529/1069/6 521/1071/6
f 576/1072/12 549/1073/12 553/1074/12 580/1075/12
f 577/1076/12 551/1077/12 549/1073/12 576/1072/12
f 494/932/3 554/1078/3 558/1079/3 513/1080/3
f 512/964/1 556/1081/1 557/1082/1 504/965/1
f 571/931/3 574/1083/3 554/1078/3 494/932/3
f 569/1084/4 550/1085/4 559/1086/4 570/1087/4
f 553/1088/4 549/1089/4 551/1090/4 552/1091/4 559/1086/4 550/1085/4
f 558/1092/6 554/1093/6 561/1094/6 557/1095/6 556/1096/6 555/1097/6
f 581/1098/3 543/1099/3 568/943/3 582/962/3
f 546/1100/3 542/1101/3 567/951/3 565/940/3
f 539/1102/3 540/1103/3 566/959/3 562/948/3
f 541/1104/3 544/1105/3 564/960/3 563/956/3
f 541/1104/3 563/956/3 566/959/3 540/1103/3
f 539/1102/3 562/948/3 567/951/3 542/1101/3
f 546/1100/3 565/940/3 568/943/3 543/1099/3
f 554/1093/6 574/1106/6 575/1107/6 561/1094/6
f 569/1108/7 570/1109/7 560/1110/7 582/1111/7
f 509/1022/12 577/1076/12 576/1072/12 480/1023/12
f 480/1023/12 576/1072/12 580/1075/12 516/1112/12
f 550/1113/3 578/963/3 580/1009/3 553/1114/3
f 551/1115/1 577/998/1 579/999/1 552/1116/1
f 569/1117/3 582/962/3 578/963/3 550/1113/3
f 545/1118/3 588/1119/3 589/905/3 572/1120/3
f 521/910/12 583/930/12 587/1021/12 514/1121/12
f 496/1122/3 584/908/3 587/1011/3 475/1123/3
f 476/1124/1 585/1000/1 586/1001/1 473/1125/1
f 511/909/12 585/927/12 583/930/12 521/910/12
f 572/1120/3 589/905/3 584/908/3 496/1122/3
f 582/1126/4 560/1127/4 590/1128/4 581/1129/4
f 575/1130/7 574/1131/7 589/1132/7 591/1133/7
f 591/1134/6 589/1135/6 588/1136/6 592/1137/6
f 699/1138/3 616/1139/3 613/1140/3 696/1141/3
f 595/1142/4 620/1143/4 694/1144/4 702/1145/4 593/1146/4 596/1147/4 605/1148/4
f 692/1149/3 618/1150/3 615/1151/3 698/1152/3
f 594/1153/6 701/1154/6 693/1155/6 619/1156/6 598/1157/6 606/1158/6 597/1159/6
f 694/1160/3 620/1161/3 617/1162/3 700/1163/3
f 641/1164/15 642/1165/15 660/1166/15 659/1167/15
f 643/1168/15 644/1169/15 662/1170/15 661/1171/15
f 597/1172/15 606/1173/15 603/1174/15 634/1175/15
f 633/1176/15 604/1177/15 601/1178/15 636/1179/15
f 635/1180/15 602/1181/15 599/1182/15 638/1183/15
f 637/1184/15 600/1185/15 658/1186/15 640/1187/15
f 639/1188/15 657/1189/15 660/1166/15 642/1165/15
f 641/1164/15 659/1167/15 662/1170/15 644/1169/15
f 643/1168/15 661/1171/15 605/1190/15 596/1191/15
f 692/1149/3 700/1163/3 617/1162/3 618/1150/3
f 672/1192/16 684/1193/16 683/934/16 671/1194/16
f 699/1138/3 698/1152/3 615/1151/3 616/1139/3
f 674/1195/16 686/1196/16 685/1193/16 673/1192/16
f 697/1197/3 696/1141/3 613/1140/3 614/1198/3
f 667/1199/16 679/1200/16 680/1201/16 668/1202/16
f 695/1203/3 691/1204/3 611/1205/3 612/1206/3
f 665/1207/16 677/1208/16 678/1209/16 666/1210/16
f 687/1211/3 690/1212/3 609/1213/3 610/1214/3
f 663/1215/16 675/1216/16 676/1217/16 664/1218/16
f 689/1219/3 688/1220/3 607/1221/3 608/1222/3
f 670/1223/16 682/1224/16 681/1225/16 669/1215/16
f 689/1219/3 608/1222/3 619/1226/3 693/1227/3
f 687/1211/3 610/1214/3 607/1221/3 688/1220/3
f 695/1203/3 612/1206/3 609/1213/3 690/1212/3
f 697/1197/3 614/1198/3 611/1205/3 691/1204/3
f 644/1228/7 643/1229/7 631/1230/7 632/1231/7
f 642/1232/7 641/1233/7 629/1234/7 630/1235/7
f 640/1236/7 639/1237/7 627/1238/7 628/1239/7
f 638/1240/7 637/1241/7 625/1242/7 626/1243/7
f 636/1244/7 635/1245/7 623/1246/7 624/1247/7
f 634/1248/7 633/1249/7 621/1250/7 622/1251/7
f 660/1252/3 672/1253/3 671/1254/3 659/1255/3
f 601/1256/3 665/1257/3 666/1258/3 602/1259/3
f 662/1260/3 674/1261/3 673/1262/3 661/1263/3
f 599/1264/3 663/1265/3 664/1266/3 600/1267/3
f 658/1268/3 670/1269/3 669/1270/3 657/1271/3
f 603/1272/3 667/1273/3 668/1274/3 604/1275/3
f 634/1248/7 622/1251/7 594/1276/7 597/1277/7
f 636/1244/7 624/1247/7 621/1250/7 633/1249/7
f 638/1240/7 626/1243/7 623/1246/7 635/1245/7
f 640/1236/7 628/1239/7 625/1242/7 637/1241/7
f 642/1232/7 630/1235/7 627/1238/7 639/1237/7
f 644/1228/7 632/1231/7 629/1234/7 641/1233/7
f 596/1278/7 593/1172/7 631/1230/7 643/1229/7
f 608/1222/3 655/1279/3 598/1280/3 619/1226/3
f 610/1214/3 653/1281/3 656/1282/3 607/1221/3
f 612/1206/3 651/1283/3 654/1284/3 609/1213/3
f 614/1198/3 649/1285/3 652/1286/3 611/1205/3
f 616/1139/3 647/1287/3 650/1288/3 613/1140/3
f 618/1150/3 645/1289/3 648/1290/3 615/1151/3
f 620/1161/3 595/1291/3 646/1292/3 617/1162/3
f 606/1173/15 598/1293/15 655/1294/15 603/1174/15
f 604/1177/15 656/1295/15 653/1296/15 601/1178/15
f 602/1181/15 654/1297/15 651/1298/15 599/1182/15
f 600/1185/15 652/1299/15 649/1300/15 658/1186/15
f 657/1189/15 650/1301/15 647/1302/15 660/1166/15
f 659/1167/15 648/1303/15 645/1304/15 662/1170/15
f 661/1171/15 646/1305/15 595/1306/15 605/1190/15
f 639/1188/15 640/1187/15 658/1186/15 657/1189/15
f 637/1184/15 638/1183/15 599/1182/15 600/1185/15
f 635/1180/15 636/1179/15 601/1178/15 602/1181/15
f 633/1176/15 634/1175/15 603/1174/15 604/1177/15
f 608/1307/17 607/1308/17 680/1201/17 679/1200/17
f 607/1309/6 656/1310/6 668/1311/6 680/1312/6
f 656/1310/6 604/1313/6 668/1311/6
f 655/1314/4 608/1315/4 679/1316/4 667/1317/4
f 603/1318/4 655/1314/4 667/1317/4
f 610/1319/17 609/1320/17 678/1209/17 677/1208/17
f 653/1321/4 610/1322/4 677/1323/4 665/1324/4
f 601/1325/4 653/1321/4 665/1324/4
f 609/1326/6 654/1327/6 666/1328/6 678/1329/6
f 654/1327/6 602/1330/6 666/1328/6
f 612/1331/17 611/1332/17 676/1217/17 675/1216/17
f 651/1333/4 612/1334/4 675/1335/4 663/1336/4
f 599/1337/4 651/1333/4 663/1336/4
f 611/1338/6 652/1339/6 664/1340/6 676/1341/6
f 652/1339/6 600/1342/6 664/1340/6
f 614/1343/17 613/1344/17 681/1225/17 682/1224/17
f 649/1345/4 614/1346/4 682/1347/4 670/1348/4
f 658/1349/4 649/1345/4 670/1348/4
f 613/1350/6 650/1351/6 669/1352/6 681/1353/6
f 650/1351/6 657/1354/6 669/1352/6
f 616/1355/17 615/1356/17 683/934/17 684/1193/17
f 647/1357/4 616/1358/4 684/1359/4 672/1360/4
f 660/1361/4 647/1357/4 672/1360/4
f 615/1362/6 648/1363/6 671/1364/6 683/1365/6
f 648/1363/6 659/1366/6 671/1364/6
f 618/1367/17 617/1355/17 685/1193/17 686/1196/17
f 645/1368/4 618/1369/4 686/1370/4 674/1371/4
f 662/1372/4 645/1368/4 674/1371/4
f 617/1373/6 646/1374/6 673/1375/6 685/1376/6
f 646/1374/6 661/1377/6 673/1375/6
f 701/1378/1 703/1379/1 689/1380/1 693/1381/1
f 703/1379/1 704/1382/1 688/1383/1 689/1380/1
f 704/1382/1 705/1384/1 687/1385/1 688/1383/1
f 705/1384/1 706/1386/1 690/1387/1 687/1385/1
f 706/1386/1 707/1388/1 695/1389/1 690/1387/1
f 707/1388/1 708/1390/1 691/1391/1 695/1389/1
f 708/1390/1 709/1392/1 697/1393/1 691/1391/1
f 709/1392/1 710/1394/1 696/1395/1 697/1393/1
f 710/1394/1 711/1396/1 699/1397/1 696/1395/1
f 711/1396/1 712/1398/1 698/1399/1 699/1397/1
f 712/1398/1 713/1400/1 692/1401/1 698/1399/1
f 713/1400/1 714/1402/1 700/1403/1 692/1401/1
f 714/1402/1 702/1404/1 694/1405/1 700/1403/1
f 717/1406/7 720/1407/7 726/1408/7 723/1409/7
f 720/1410/6 718/1411/6 724/1412/6 726/1413/6
f 471/853/3 470/852/3 718/1414/3 720/1415/3
f 470/852/3 469/879/3 719/1416/3 718/1414/3
f 94/762/3 471/853/3 720/1415/3 717/886/3
f 469/879/3 379/828/3 716/888/3 719/1416/3
f 722/1417/3 721/1418/3 724/1419/3 725/1420/3
f 721/1418/3 723/1421/3 726/550/3 724/1419/3
f 716/1422/4 715/1423/4 721/1424/4 722/1425/4
f 718/1411/6 719/1426/6 725/1427/6 724/1412/6
f 719/1428/1 716/1429/1 722/1430/1 725/1431/1
f 715/1423/4 717/1432/4 723/1433/4 721/1424/4
f 730/1434/1 732/1435/1 738/1436/1 736/1437/1
f 731/1438/4 727/1439/4 733/1440/4 737/1441/4
f 446/781/3 381/786/3 727/1442/3 731/782/3
f 445/776/3 402/825/3 730/1443/3 729/823/3
f 381/786/3 400/777/3 728/824/3 727/1442/3
f 402/825/3 403/780/3 732/783/3 730/1443/3
f 737/1444/3 733/1445/3 734/1446/3 735/1447/3
f 738/1448/3 737/1444/3 735/1447/3 736/1449/3
f 729/1450/6 730/1451/6 736/1452/6 735/1453/6
f 728/1454/6 729/1450/6 735/1453/6 734/667/6
f 732/1455/4 731/1438/4 737/1441/4 738/1456/4
f 727/1457/7 728/1458/7 734/1459/7 733/1460/7
f 828/1461/1 6/4/1 5/3/1 827/1462/1
f 830/1463/1 761/1464/1 773/1465/1 831/1466/1
f 1053/1467/1 825/1468/1 4/11/1 363/10/1
f 859/1469/3 898/1470/3 899/1471/3 861/1472/3
f 907/1473/2 755/1474/2 757/1475/2 908/1476/2
f 825/1468/1 827/1462/1 5/3/1 4/11/1
f 764/1477/1 756/1478/1 743/1479/1 761/1464/1
f 828/1461/1 764/1477/1 761/1464/1 830/1463/1
f 752/1480/1 753/1481/1 763/1482/1 762/1483/1
f 1051/1484/1 752/1480/1 762/1483/1 1052/1485/1
f 756/1478/1 764/1477/1 763/1482/1 753/1481/1
f 755/1486/4 754/1487/4 767/1488/4 766/1489/4
f 754/1490/18 751/1491/18 768/1492/18 767/1493/18
f 757/1475/2 755/1474/2 766/1494/2 765/1495/2
f 742/1496/6 741/1497/6 770/1498/6 769/1499/6
f 757/1500/4 765/1501/4 772/1502/4 771/1503/4
f 826/1504/3 792/1505/3 896/1506/3 829/1507/3
f 889/1508/3 900/1509/3 897/1510/3 832/1511/3
f 740/1512/7 757/1513/7 771/1514/7 758/1515/7
f 774/1516/6 748/1517/6 744/1518/6 777/1519/6
f 749/1520/6 759/1521/6 776/1522/6 775/1523/6
f 748/1517/6 749/1520/6 775/1523/6 744/1518/6
f 777/1524/19 744/1525/19 778/1526/19 781/1527/19
f 744/1525/19 775/1528/19 779/1529/19 778/1526/19
f 775/1528/19 776/1530/19 780/1531/19 779/1529/19
f 848/1532/7 849/1533/7 782/1534/7 786/1535/7
f 850/1536/2 851/1537/2 784/1538/2 787/1539/2
f 852/1540/2 848/1541/2 786/1542/2 785/1543/2
f 853/1544/1 850/1545/1 787/1546/1 783/1547/1
f 851/1537/2 852/1540/2 785/1543/2 784/1538/2
f 849/1533/7 854/1548/7 789/1549/7 782/1534/7
f 854/94/6 855/1550/6 846/1551/6 845/95/6
f 856/1552/1 853/1544/1 783/1547/1 791/1553/1
f 858/1554/1 857/1555/1 790/1556/1 835/1557/1
f 857/1555/1 856/1552/1 791/1553/1 790/1556/1
f 1048/1558/4 1050/1559/4 1046/1560/4 1045/1561/4
f 1050/1559/4 359/109/4 354/108/4 1046/1560/4
f 1044/1562/4 791/1563/4 783/1564/4 810/1565/4
f 1045/1561/4 790/1566/4 791/1563/4 1044/1562/4
f 1046/1560/4 354/108/4 9/116/4 835/1567/4
f 911/1568/2 912/1569/2 870/1570/2 865/1571/2
f 1077/1572/6 926/1573/6 925/1574/6 1064/1575/6
f 838/1576/3 739/1577/3 891/15/3 890/1578/3
f 912/1569/2 913/1579/2 871/1580/2 870/1570/2
f 802/1581/7 801/1582/7 876/1583/7 803/1584/7
f 1114/1585/4 884/1586/4 172/137/4 431/136/4
f 803/1587/4 766/1489/4 767/1488/4 802/1588/4
f 802/1589/18 767/1493/18 768/1492/18 801/1590/18
f 804/1591/2 765/1495/2 766/1494/2 803/1592/2
f 795/1593/6 769/1499/6 770/1498/6 794/1594/6
f 804/1595/4 807/1596/4 772/1502/4 765/1501/4
f 836/1597/3 892/1598/3 739/1577/3 838/1576/3
f 860/1599/3 895/1600/3 894/1601/3 847/1602/3
f 793/1603/1 805/1604/1 807/1605/1 804/1606/1
f 1122/1607/2 1121/1608/2 1072/1609/2 1074/1610/2
f 800/1611/6 808/1612/6 809/1613/6 806/1614/6
f 799/1615/6 796/1616/6 808/1612/6 800/1611/6
f 796/1617/19 811/1618/19 812/1619/19 808/1620/19
f 808/1620/19 812/1619/19 813/1621/19 809/1622/19
f 841/1623/1 818/1624/1 814/1625/1 842/1626/1
f 844/1627/2 817/1628/2 818/1629/2 841/1630/2
f 1113/1631/4 885/1632/4 884/1586/4 1114/1585/4
f 843/1633/2 816/1634/2 817/1628/2 844/1627/2
f 842/1626/1 814/1625/1 821/1635/1 845/1636/1
f 789/1637/2 854/1638/2 845/1639/2 821/1640/2
f 846/1551/6 855/1550/6 859/1641/6 847/1642/6
f 818/1643/4 817/1644/4 815/1645/4 814/1646/4
f 1040/1647/4 815/1645/4 1037/1648/4 1036/1649/4
f 1041/1650/4 1040/1647/4 1036/1649/4 1038/1651/4
f 1042/1652/4 1039/1653/4 344/206/4 349/205/4
f 1041/1650/4 1038/1651/4 1039/1653/4 1042/1652/4
f 789/1654/4 821/1655/4 820/1656/4 788/1657/4
f 805/1604/1 836/1658/1 838/1659/1 807/1605/1
f 807/1596/4 838/1660/4 833/1661/4 772/1502/4
f 1093/1662/1 1094/1663/1 836/1658/1 805/1604/1
f 1045/1561/4 1046/1560/4 835/1567/4 790/1566/4
f 124/218/1 858/1554/1 835/1557/1 9/219/1
f 839/1664/4 834/1665/4 788/1657/4 820/1656/4
f 758/1515/7 771/1514/7 832/1659/7 826/1658/7
f 771/1503/4 772/1502/4 833/1661/4 832/1666/4
f 6/4/1 828/1461/1 830/1463/1 2/225/1
f 762/1483/1 763/1482/1 827/1462/1 825/1468/1
f 747/1667/7 758/1515/7 826/1658/7 829/1668/7
f 1052/1485/1 762/1483/1 825/1468/1 1053/1467/1
f 2/225/1 830/1463/1 831/1466/1 1/228/1
f 764/1477/1 828/1461/1 827/1462/1 763/1482/1
f 65/229/4 8/230/4 834/1665/4 839/1664/4
f 798/1669/1 846/1670/1 847/1671/1 837/1672/1
f 847/1602/3 894/1601/3 893/1673/3 837/1674/3
f 806/1675/1 845/1636/1 846/1670/1 798/1669/1
f 809/1676/1 842/1626/1 845/1636/1 806/1675/1
f 811/1677/2 843/1633/2 844/1627/2 812/1678/2
f 812/1678/2 844/1627/2 841/1630/2 813/1679/2
f 813/1680/1 841/1623/1 842/1626/1 809/1676/1
f 747/1667/7 829/1668/7 859/1681/7 855/1682/7
f 1/228/1 831/1466/1 858/1554/1 124/218/1
f 773/1465/1 774/1683/1 856/1552/1 857/1555/1
f 831/1466/1 773/1465/1 857/1555/1 858/1554/1
f 774/1683/1 777/1684/1 853/1544/1 856/1552/1
f 861/1685/6 899/1686/6 196/249/6 137/248/6
f 759/1687/7 747/1667/7 855/1682/7 854/1548/7
f 776/1688/7 759/1687/7 854/1548/7 849/1533/7
f 778/1689/2 779/1690/2 852/1540/2 851/1537/2
f 777/1684/1 781/1691/1 850/1545/1 853/1544/1
f 779/1690/2 780/1692/2 848/1541/2 852/1540/2
f 781/1693/2 778/1689/2 851/1537/2 850/1536/2
f 780/1694/7 776/1688/7 849/1533/7 848/1532/7
f 137/248/6 140/260/6 860/1695/6 861/1685/6
f 140/260/6 189/262/6 895/1696/6 860/1695/6
f 832/1511/3 897/1510/3 792/1505/3 826/1504/3
f 859/1469/3 861/1472/3 860/1599/3 847/1602/3
f 877/1697/7 875/1698/7 144/265/7 141/264/7
f 1105/1699/7 883/1700/7 867/1701/7 1110/1702/7
f 1063/1703/7 374/274/7 143/273/7 873/1704/7
f 871/1580/2 797/1705/2 793/1706/2 804/1591/2
f 870/1570/2 871/1580/2 804/1591/2 803/1592/2
f 873/1704/7 143/273/7 144/265/7 875/1698/7
f 865/1571/2 870/1570/2 803/1592/2 876/1707/2
f 882/1708/7 869/1709/7 862/1710/7 868/1711/7
f 864/1712/1 1064/1713/1 915/1714/1 1054/1715/1
f 877/1697/7 879/1716/7 869/1709/7 882/1708/7
f 872/1717/7 880/1718/7 881/1719/7 874/1720/7
f 1061/1721/7 1062/1722/7 880/1718/7 872/1717/7
f 864/1723/2 943/1724/2 955/1725/2 910/1726/2
f 868/1711/7 874/1720/7 881/1719/7 882/1708/7
f 794/1727/2 941/1728/2 943/1724/2 864/1723/2
f 887/1729/7 884/1730/7 885/1731/7 886/1732/7
f 750/1733/2 936/1734/2 957/1735/2 901/1736/2
f 147/307/7 172/308/7 884/1730/7 887/1729/7
f 141/264/7 142/309/7 879/1716/7 877/1697/7
f 880/1718/7 873/1704/7 875/1698/7 881/1719/7
f 1062/1722/7 1063/1703/7 873/1704/7 880/1718/7
f 427/310/7 146/311/7 883/1700/7 1105/1699/7
f 878/1737/7 952/1738/7 946/1739/7 863/1740/7
f 882/1708/7 881/1719/7 875/1698/7 877/1697/7
f 146/311/7 147/307/7 887/1729/7 883/1700/7
f 883/1700/7 887/1729/7 886/1732/7 867/1701/7
f 1043/1741/1 843/1742/1 816/1743/1 1036/1421/1
f 913/1579/2 914/1744/2 797/1705/2 871/1580/2
f 889/1745/4 888/1746/4 174/323/4 175/322/4
f 890/1747/4 177/326/4 174/323/4 888/1746/4
f 838/1576/3 890/1578/3 888/1748/3 833/1749/3
f 833/1749/3 888/1748/3 889/1508/3 832/1511/3
f 1097/1750/1 407/332/1 182/331/1 892/1751/1
f 183/333/1 190/336/1 891/1490/1 739/1752/1
f 892/1751/1 182/331/1 183/333/1 739/1752/1
f 893/1753/1 894/1754/1 186/339/1 181/338/1
f 894/1754/1 895/1755/1 189/341/1 186/339/1
f 1094/1756/3 1097/1757/3 892/1598/3 836/1597/3
f 890/1747/4 891/1758/4 190/345/4 177/326/4
f 896/1759/7 792/1760/7 63/349/7 62/348/7
f 897/1761/7 900/189/7 197/351/7 116/350/7
f 792/1760/7 897/1761/7 116/350/7 63/349/7
f 896/1759/7 62/348/7 194/353/7 898/1762/7
f 194/353/7 196/354/7 899/1381/7 898/1762/7
f 175/322/4 197/356/4 900/1755/4 889/1745/4
f 829/1507/3 896/1506/3 898/1470/3 859/1469/3
f 863/1740/7 946/1739/7 251/358/7 81/357/7
f 901/1736/2 957/1735/2 960/1763/2 902/1764/2
f 770/1765/2 939/1766/2 941/1728/2 794/1727/2
f 741/1767/2 933/1768/2 939/1766/2 770/1765/2
f 752/1769/2 903/1770/2 904/1771/2 753/1772/2
f 756/1773/2 905/1774/2 745/1775/2 743/1776/2
f 753/1772/2 904/1771/2 905/1774/2 756/1773/2
f 902/373/6 918/1777/6 917/1778/6 901/374/6
f 903/1770/2 906/1779/2 907/1473/2 904/1771/2
f 905/1774/2 908/1476/2 746/1780/2 745/1775/2
f 904/1771/2 907/1473/2 908/1476/2 905/1774/2
f 872/1717/7 1071/1781/7 1070/1782/7 1061/1721/7
f 760/1783/1 937/1784/1 936/1785/1 750/1786/1
f 902/1764/2 960/1763/2 933/1768/2 741/1767/2
f 908/1476/2 757/1475/2 740/1787/2 746/1780/2
f 906/1779/2 909/1788/2 755/1474/2 907/1473/2
f 754/1789/1 755/1584/1 909/1583/1 751/1790/1
f 1118/1791/4 1127/1792/4 1090/1793/4 962/1794/4
f 865/1795/1 1054/1715/1 915/1714/1 1091/1796/1
f 866/1797/7 1076/1798/7 1085/1799/7 950/1800/7
f 874/1720/7 1073/1801/7 1071/1781/7 872/1717/7
f 3/402/1 232/405/1 931/1802/1 824/1803/1
f 866/1797/7 950/1800/7 952/1738/7 878/1737/7
f 824/1803/1 931/1802/1 937/1784/1 760/1783/1
f 961/1804/7 1088/1805/7 1089/1806/7 963/1807/7
f 1036/1649/4 816/1808/4 1087/1809/4 823/1810/4
f 901/374/6 917/1778/6 916/1734/6 750/1811/6
f 924/1812/20 923/1813/20 919/1814/20 920/1815/20
f 921/1816/20 922/1817/20 923/1813/20 924/1812/20
f 752/434/4 919/1818/4 923/1819/4 903/1820/4
f 750/1786/1 916/1821/1 920/1822/1 1051/1484/1
f 916/1823/2 917/1824/2 924/1825/2 920/1692/2
f 917/1824/2 918/1826/2 921/1827/2 924/1825/2
f 903/1820/4 923/1819/4 922/1828/4 906/424/4
f 927/1829/20 928/1830/20 929/1831/20 930/1832/20
f 955/1833/1 1082/1834/1 1077/1835/1 910/1836/1
f 926/1837/2 929/1838/2 928/1839/2 925/1840/2
f 1091/1841/4 927/1842/4 930/1843/4 1078/1844/4
f 938/1845/6 229/454/6 230/453/6 934/1846/6
f 933/1847/6 932/1848/6 935/1849/6 939/1850/6
f 940/1851/6 944/1852/6 943/1853/6 941/1854/6
f 942/1855/6 945/1856/6 944/1852/6 940/1851/6
f 942/1855/6 934/1846/6 230/453/6 241/465/6
f 941/1854/6 939/1850/6 935/1849/6 940/1851/6
f 940/1851/6 935/1849/6 934/1846/6 942/1855/6
f 932/1848/6 938/1845/6 934/1846/6 935/1849/6
f 954/1857/6 951/1858/6 949/1859/6 955/1860/6
f 241/465/6 263/470/6 945/1856/6 942/1855/6
f 1116/1861/6 952/1862/6 950/1863/6 1115/1864/6
f 1117/1865/6 946/1866/6 952/1862/6 1116/1861/6
f 437/477/6 251/478/6 946/1866/6 1117/1865/6
f 959/1867/6 953/1868/6 937/1869/6 931/1870/6
f 947/1871/6 948/1872/6 951/1858/6 954/1857/6
f 248/485/6 249/486/6 948/1872/6 947/1871/6
f 956/1873/6 259/488/6 229/454/6 938/1845/6
f 953/1868/6 957/1874/6 936/1875/6 937/1869/6
f 958/1876/6 960/1877/6 957/1874/6 953/1868/6
f 931/1870/6 232/494/6 266/493/6 959/1867/6
f 956/1873/6 958/1876/6 953/1868/6 959/1867/6
f 938/1845/6 932/1848/6 958/1876/6 956/1873/6
f 932/1848/6 933/1847/6 960/1877/6 958/1876/6
f 959/1867/6 266/493/6 259/488/6 956/1873/6
f 263/470/6 248/485/6 947/1871/6 945/1856/6
f 945/1856/6 947/1871/6 954/1857/6 944/1852/6
f 944/1852/6 954/1857/6 955/1860/6 943/1853/6
f 745/1775/2 748/1878/2 774/1879/2 743/1776/2
f 743/1479/1 774/1683/1 773/1465/1 761/1464/1
f 740/1787/2 759/1880/2 749/1881/2 746/1780/2
f 746/1780/2 749/1881/2 748/1878/2 745/1775/2
f 758/1515/7 747/1667/7 759/1687/7 740/1512/7
f 1118/1791/4 962/1794/4 885/1632/4 1113/1631/4
f 1107/1882/1 806/1675/1 798/1669/1 1103/1883/1
f 913/1884/1 1080/1885/1 1081/1886/1 914/1887/1
f 867/1701/7 886/1732/7 961/1804/7 963/1807/7
f 962/1888/7 1090/1889/7 1088/1805/7 961/1804/7
f 1110/1702/7 867/1701/7 963/1807/7 1108/1890/7
f 1112/1891/2 799/1892/2 800/1893/2 1111/1894/2
f 886/1732/7 885/1731/7 962/1888/7 961/1804/7
f 868/1711/7 1068/1895/7 1073/1801/7 874/1720/7
f 1111/1894/2 800/1893/2 806/1896/2 1107/1897/2
f 799/1898/1 1066/1899/1 843/1742/1 1043/1741/1
f 1056/1900/7 876/1583/7 801/1582/7 1057/1901/7
f 1057/1902/2 801/1590/2 768/1492/2 1059/1903/2
f 1058/1904/2 1059/1903/2 768/1492/2 751/1491/2
f 964/1905/2 966/1906/2 967/1907/2 965/1908/2
f 966/549/1 970/548/1 971/1909/1 967/1910/1
f 968/553/7 964/552/7 965/1911/7 969/1912/7
f 966/1913/4 964/1914/4 968/1915/4 970/1916/4
f 971/1917/6 969/1918/6 965/559/6 967/1919/6
f 972/1920/3 973/1921/3 975/1922/3 974/1923/3
f 974/1924/1 975/1925/1 979/1926/1 978/1927/1
f 976/1928/7 977/1929/7 973/1930/7 972/1931/7
f 974/1932/4 978/1933/4 976/1934/4 972/1918/4
f 979/1933/6 975/1935/6 973/1936/6 977/1934/6
f 983/1937/10 999/1938/10 996/1939/10 982/1940/10
f 988/649/1 986/1941/1 987/1942/1 991/650/1
f 984/1943/7 989/568/7 990/1944/7 985/1945/7
f 988/659/4 989/658/4 984/653/4 986/652/4
f 987/1946/6 985/1947/6 990/657/6 991/656/6
f 980/1948/2 989/1949/2 988/1950/2 982/1951/2
f 981/1952/2 990/1953/2 989/1949/2 980/1948/2
f 983/1954/2 991/1955/2 990/1953/2 981/1952/2
f 982/1951/2 988/1950/2 991/1955/2 983/1954/2
f 993/1956/2 992/1957/2 995/1958/2 994/1959/2
f 980/1960/10 997/1961/10 998/1962/10 981/1963/10
f 981/1964/6 998/1965/6 999/1966/6 983/1967/6
f 982/1968/6 996/1969/6 997/1970/6 980/1971/6
f 993/1972/4 1005/1973/4 1004/1974/4 992/1975/4
f 995/688/6 1007/687/6 1006/1976/6 994/1977/6
f 997/1978/1 1001/1979/1 1002/720/1 998/719/1
f 999/1980/7 1003/1981/7 1000/1982/7 996/1983/7
f 1005/1984/2 1001/1985/2 1000/1986/2 1004/1987/2
f 1006/1988/2 1002/1989/2 1001/1985/2 1005/1984/2
f 1007/1990/2 1003/1991/2 1002/1989/2 1006/1988/2
f 1004/1987/2 1000/1986/2 1003/1991/2 1007/1990/2
f 998/1992/4 1002/1993/4 1003/1994/4 999/1995/4
f 992/1950/1 1004/1996/1 1007/1997/1 995/1998/1
f 996/1999/6 1000/2000/6 1001/2001/6 997/2002/6
f 994/2003/7 1006/711/7 1005/710/7 993/2004/7
f 1011/2005/10 1010/2006/10 1024/2007/10 1027/2008/10
f 1016/2009/1 1019/2010/1 1015/2011/1 1014/2012/1
f 1012/2013/7 1013/2014/7 1018/2015/7 1017/2016/7
f 1016/526/4 1014/2017/4 1012/2018/4 1017/2019/4
f 1015/2017/6 1019/2020/6 1018/2021/6 1013/2018/6
f 1008/2022/3 1010/2023/3 1016/2024/3 1017/2025/3
f 1009/2026/3 1008/2022/3 1017/2025/3 1018/651/3
f 1011/2027/3 1009/2026/3 1018/651/3 1019/2028/3
f 1010/2023/3 1011/2027/3 1019/2028/3 1016/2024/3
f 1021/2029/3 1022/2030/3 1023/2031/3 1020/2032/3
f 1008/2033/10 1009/2034/10 1026/2035/10 1025/2036/10
f 1009/2037/6 1011/2038/6 1027/2039/6 1026/2040/6
f 1010/2041/6 1008/2042/6 1025/2043/6 1024/2044/6
f 1021/2045/4 1020/2046/4 1032/2047/4 1033/2048/4
f 1023/1278/6 1022/2049/6 1034/608/6 1035/607/6
f 1025/614/1 1026/690/1 1030/689/1 1029/615/1
f 1027/2050/7 1024/694/7 1028/618/7 1031/617/7
f 1033/2051/3 1032/2052/3 1028/2053/3 1029/2054/3
f 1034/2055/3 1033/2051/3 1029/2054/3 1030/2056/3
f 1035/2057/3 1034/2055/3 1030/2056/3 1031/2058/3
f 1032/2052/3 1035/2057/3 1031/2058/3 1028/2053/3
f 1026/2059/4 1027/2060/4 1031/2061/4 1030/2062/4
f 1020/2063/1 1023/2064/1 1035/2065/1 1032/2066/1
f 1024/2067/6 1025/2068/6 1029/2069/6 1028/2070/6
f 1022/2071/7 1021/2072/7 1033/2073/7 1034/714/7
f 1060/1900/1 1058/2074/1 751/1790/1 909/1583/1
f 1055/2075/2 902/1764/2 741/1767/2 1060/2076/2
f 1054/2077/2 1056/2078/2 794/1727/2 864/1723/2
f 821/1655/4 814/1646/4 815/1645/4 1040/1647/4
f 820/1656/4 821/1655/4 1040/1647/4 1041/1650/4
f 839/1664/4 1042/1652/4 349/205/4 65/229/4
f 820/1656/4 1041/1650/4 1042/1652/4 839/1664/4
f 817/1644/4 816/1808/4 1037/1648/4 815/1645/4
f 66/727/4 344/206/4 1039/1653/4 840/2079/4
f 840/2079/4 1039/1653/4 1038/1651/4 822/2080/4
f 822/2080/4 1038/1651/4 1036/1649/4 823/1810/4
f 949/1859/6 1083/2081/6 1082/2082/6 955/1860/6
f 1115/1864/6 1124/2083/6 1083/2081/6 949/1859/6
f 1128/2084/2 1122/1607/2 1074/1610/2 1084/2085/2
f 1121/1608/2 1119/2086/2 1069/2087/2 1072/1609/2
f 1123/2088/2 1124/2089/2 1085/2090/2 1076/2091/2
f 1048/1558/4 1045/1561/4 1044/1562/4 1049/2092/4
f 1049/2092/4 1044/1562/4 810/1565/4 1047/2093/4
f 789/1654/4 1049/2092/4 1047/2093/4 782/2094/4
f 788/1657/4 1048/1558/4 1049/2092/4 789/1654/4
f 834/1665/4 8/230/4 359/109/4 1050/1559/4
f 788/1657/4 834/1665/4 1050/1559/4 1048/1558/4
f 786/2095/4 782/2094/4 1047/2093/4 785/2096/4
f 785/2096/4 1047/2093/4 810/1565/4 784/2097/4
f 784/2097/4 810/1565/4 783/1564/4 787/2098/4
f 862/1710/7 1065/2099/7 1068/1895/7 868/1711/7
f 760/1783/1 1052/1485/1 1053/1467/1 824/1803/1
f 750/1786/1 1051/1484/1 1052/1485/1 760/1783/1
f 824/1803/1 1053/1467/1 363/10/1 3/402/1
f 752/1480/1 1051/1484/1 920/1822/1 919/2100/1
f 865/1571/2 876/1707/2 1056/2078/2 1054/2077/2
f 906/1779/2 1055/2075/2 1060/2076/2 909/1788/2
f 741/2101/1 742/2102/1 1058/2074/1 1060/1900/1
f 742/2103/2 769/2104/2 1059/1903/2 1058/1904/2
f 795/2105/2 1057/1902/2 1059/1903/2 769/2104/2
f 794/2101/7 1056/1900/7 1057/1901/7 795/2106/7
f 902/2107/7 1055/2108/7 921/2109/7 918/2110/7
f 1055/2108/7 906/2111/7 922/2112/7 921/2109/7
f 1061/1721/7 1070/1782/7 1076/1798/7 866/1797/7
f 878/1737/7 863/1740/7 1063/1703/7 1062/1722/7
f 866/1797/7 878/1737/7 1062/1722/7 1061/1721/7
f 863/1740/7 81/357/7 374/274/7 1063/1703/7
f 1119/2086/2 1120/2113/2 819/2114/2 1069/2087/2
f 1077/2115/2 1082/2116/2 1083/2117/2 1075/2118/2
f 1064/1713/1 925/2119/1 928/2120/1 915/1714/1
f 1091/1796/1 915/1714/1 928/2120/1 927/2121/1
f 1069/2087/2 819/2114/2 1081/2122/2 1080/2123/2
f 1072/1609/2 1069/2087/2 1080/2123/2 1079/2124/2
f 1078/2125/2 1092/2126/2 1084/2085/2 1074/1610/2
f 1075/2118/2 1084/2085/2 1092/2126/2 1077/2115/2
f 1125/2127/2 1127/2128/2 1087/2129/2 1086/2130/2
f 1089/2131/2 1411/2132/2 1410/2133/2 1126/2134/2
f 816/2135/2 843/2136/2 1086/2130/2 1087/2129/2
f 843/2136/2 1066/2137/2 1067/2138/2 1086/2130/2
f 1079/2124/2 1078/2125/2 1074/1610/2 1072/1609/2
f 1123/2088/2 1128/2084/2 1084/2085/2 1075/2118/2
f 912/788/1 1079/2139/1 1080/1885/1 913/1884/1
f 1147/2140/7 1148/2141/7 1065/2099/7 862/1710/7
f 911/792/1 1078/2016/1 1079/2139/1 912/788/1
f 865/2142/4 1091/1841/4 1078/1844/4 911/2143/4
f 910/2144/6 1077/1572/6 1064/1575/6 864/2145/6
f 929/798/7 1092/2146/7 1078/2147/7 930/2148/7
f 929/798/7 926/803/7 1077/2149/7 1092/2146/7
f 1108/1890/7 1109/2150/7 1102/2151/7 1101/2152/7
f 797/1705/2 1099/2153/2 1098/2154/2 793/1706/2
f 914/1744/2 1100/2155/2 1099/2153/2 797/1705/2
f 1145/2156/7 1095/2157/7 1101/2152/7 1147/2140/7
f 793/1603/1 1098/2158/1 1093/1662/1 805/1604/1
f 1104/2159/3 1106/2160/3 1097/1757/3 1094/1756/3
f 1106/2161/1 426/816/1 407/332/1 1097/1750/1
f 465/817/7 410/820/7 1096/2162/7 1146/2163/7
f 1146/2163/7 1096/2162/7 1095/2157/7 1145/2156/7
f 1103/1883/1 1104/2164/1 1094/1663/1 1093/1662/1
f 798/1669/1 837/1672/1 1104/2164/1 1103/1883/1
f 893/1753/1 181/338/1 426/816/1 1106/2161/1
f 837/1674/3 893/1673/3 1106/2160/3 1104/2159/3
f 963/1807/7 1089/1806/7 1109/2150/7 1108/1890/7
f 1099/2153/2 1111/1894/2 1107/1897/2 1098/2154/2
f 1100/2155/2 1112/1891/2 1111/1894/2 1099/2153/2
f 1095/2157/7 1110/1702/7 1108/1890/7 1101/2152/7
f 1098/2158/1 1107/1882/1 1103/1883/1 1093/1662/1
f 410/820/7 427/310/7 1105/1699/7 1096/2162/7
f 1096/2162/7 1105/1699/7 1110/1702/7 1095/2157/7
f 1076/2091/2 1070/2165/2 1128/2084/2 1123/2088/2
f 1086/2130/2 1407/2166/2 1408/2167/2 1125/2127/2
f 1088/2168/2 1090/2169/2 1127/2128/2 1125/2127/2
f 1068/2170/2 1065/2171/2 1120/2113/2 1119/2086/2
f 1075/2118/2 1083/2117/2 1124/2089/2 1123/2088/2
f 1073/2172/2 1068/2170/2 1119/2086/2 1121/1608/2
f 1070/2165/2 1071/2173/2 1122/1607/2 1128/2084/2
f 950/1863/6 1085/2174/6 1124/2083/6 1115/1864/6
f 823/1810/4 1118/1791/4 1113/1631/4 822/2080/4
f 249/486/6 437/477/6 1117/1865/6 948/1872/6
f 948/1872/6 1117/1865/6 1116/1861/6 951/1858/6
f 951/1858/6 1116/1861/6 1115/1864/6 949/1859/6
f 823/1810/4 1087/1809/4 1127/1792/4 1118/1791/4
f 822/2080/4 1113/1631/4 1114/1585/4 840/2079/4
f 1071/2173/2 1073/2172/2 1121/1608/2 1122/1607/2
f 840/2079/4 1114/1585/4 431/136/4 66/727/4
f 1130/2175/2 1132/2176/2 1131/2177/2 1129/2178/2
f 1112/1891/2 1100/2155/2 1131/2177/2 1132/2176/2
f 1135/2179/20 1136/2180/20 1134/2181/20 1133/2182/20
f 1139/2183/21 1140/2184/21 1138/2185/21 1137/2186/21
f 1133/2182/20 1134/2181/20 1142/2187/20 1141/2188/20
f 1137/2186/21 1138/2185/21 1144/2189/21 1143/2190/21
f 1141/2191/22 1142/851/22 1143/850/22 1144/2192/22
f 1149/2193/2 1142/2194/2 1134/2195/2 1150/2196/2
f 1133/2197/4 1141/2198/4 1129/2199/4 1131/2200/4
f 1150/2196/2 1134/2195/2 1136/2201/2 1151/2202/2
f 1100/2203/4 1135/2204/4 1133/2197/4 1131/2200/4
f 914/1887/1 1081/1886/1 1151/2205/1 1136/2206/1 1135/2207/1 1100/863/1
f 1137/2208/2 1067/2138/2 1066/2137/2 1139/2209/2
f 1144/2210/6 1138/2211/6 1132/2212/6 1130/2213/6
f 1112/2214/6 1132/2212/6 1138/2211/6 1140/2215/6
f 1143/2216/2 1126/2134/2 1067/2138/2 1137/2208/2
f 1112/318/1 1140/2217/1 1139/2218/1 1066/1899/1 799/1898/1
f 1148/2219/2 1102/2220/2 1142/2194/2 1149/2193/2
f 1102/2220/2 1109/2221/2 1143/2216/2 1142/2194/2
f 1144/2222/1 1130/2223/1 1129/2224/1 1141/2225/1
f 1109/2221/2 1089/2131/2 1126/2134/2 1143/2216/2
f 1120/2113/2 1394/2226/2 1396/2227/2 819/2114/2
f 819/2114/2 1150/2196/2 1151/2202/2 1081/2122/2
f 1065/2171/2 1395/2228/2 1394/2226/2 1120/2113/2
f 879/1716/7 1146/2163/7 1145/2156/7 869/1709/7
f 142/309/7 465/817/7 1146/2163/7 879/1716/7
f 869/1709/7 1145/2156/7 1147/2140/7 862/1710/7
f 1101/2152/7 1102/2151/7 1148/2141/7 1147/2140/7
f 1154/2229/4 1175/2230/4 1251/2231/4 1224/2232/4 1227/2233/4 1152/2234/4 1155/2235/4 1164/2236/4
f 1153/2237/6 1226/2238/6 1223/2239/6 1243/2240/6 1174/2241/6 1157/2242/6 1165/2243/6 1156/2244/6
f 1268/2245/2 1263/2246/2 1172/2247/2 1252/2248/2
f 1190/2249/22 1191/2250/22 1201/2251/22 1200/2252/22
f 1156/2253/22 1165/2254/22 1162/2255/22 1185/2256/22
f 1184/2257/22 1163/2258/22 1160/2259/22 1187/2260/22
f 1186/2261/22 1161/2262/22 1158/2263/22 1189/2264/22
f 1235/2265/22 1234/2266/22 1201/2251/22 1191/2250/22
f 1264/2267/22 1262/2268/22 1164/2269/22 1155/2270/22
f 1250/2271/2 1252/2248/2 1172/2247/2 1173/2272/2
f 1209/2273/23 1217/2274/23 1216/2275/23 1208/2276/23
f 1206/2277/23 1214/2278/23 1215/2279/23 1207/2280/23
f 1244/2281/2 1247/2282/2 1170/2283/2 1171/2284/2
f 1204/2285/23 1212/2286/23 1213/2287/23 1205/2288/23
f 1241/2289/2 1246/2290/2 1168/2291/2 1169/2292/2
f 1202/2293/23 1210/2294/23 1211/2295/23 1203/2296/23
f 1242/2297/2 1245/2298/2 1166/2299/2 1167/2300/2
f 1242/2297/2 1167/2300/2 1174/2301/2 1243/2302/2
f 1241/2289/2 1169/2292/2 1166/2299/2 1245/2298/2
f 1244/2281/2 1171/2284/2 1168/2291/2 1246/2290/2
f 1261/2303/2 1257/2304/2 1170/2283/2 1247/2282/2
f 1191/2305/1 1190/2306/1 1182/2307/1 1183/2308/1
f 1189/2309/1 1188/2310/1 1180/2311/1 1181/2312/1
f 1187/2313/1 1186/2314/1 1178/2315/1 1179/2316/1
f 1185/2317/1 1184/2318/1 1176/2319/1 1177/2320/1
f 1160/2321/2 1204/2322/2 1205/2323/2 1161/2324/2
f 1201/2325/2 1209/2326/2 1208/2327/2 1200/2328/2
f 1158/2329/2 1202/2330/2 1203/2331/2 1159/2332/2
f 1162/2333/2 1206/2334/2 1207/2335/2 1163/2336/2
f 1185/2317/1 1177/2320/1 1153/2337/1 1156/2338/1
f 1187/2313/1 1179/2316/1 1176/2319/1 1184/2318/1
f 1189/2309/1 1181/2312/1 1178/2315/1 1186/2314/1
f 1256/2339/1 1258/2340/1 1180/2311/1 1188/2310/1
f 1264/2341/1 1265/2342/1 1182/2307/1 1190/2306/1
f 1167/2300/2 1198/2343/2 1157/2067/2 1174/2301/2
f 1169/2292/2 1196/2344/2 1199/2345/2 1166/2299/2
f 1171/2284/2 1194/2346/2 1197/2347/2 1168/2291/2
f 1257/2304/2 1259/2348/2 1195/2349/2 1170/2283/2
f 1263/2246/2 1266/2350/2 1193/2351/2 1172/2247/2
f 1165/2254/22 1157/2352/22 1198/2353/22 1162/2255/22
f 1163/2258/22 1199/2354/22 1196/2355/22 1160/2259/22
f 1161/2262/22 1197/2356/22 1194/2357/22 1158/2263/22
f 1234/2266/22 1237/2358/22 1192/2359/22 1201/2251/22
f 1262/2268/22 1266/2360/22 1154/2361/22 1164/2269/22
f 1188/2362/22 1189/2264/22 1158/2263/22 1159/2363/22
f 1186/2261/22 1187/2260/22 1160/2259/22 1161/2262/22
f 1184/2257/22 1185/2256/22 1162/2255/22 1163/2258/22
f 1167/2364/24 1166/2365/24 1215/2279/24 1214/2278/24
f 1166/2366/6 1199/2367/6 1207/2368/6 1215/2369/6
f 1199/2367/6 1163/2370/6 1207/2368/6
f 1198/2371/4 1167/2372/4 1214/2373/4 1206/2374/4
f 1162/2375/4 1198/2371/4 1206/2374/4
f 1169/2376/24 1168/2377/24 1213/2287/24 1212/2286/24
f 1196/2378/4 1169/2379/4 1212/2380/4 1204/2381/4
f 1160/2382/4 1196/2378/4 1204/2381/4
f 1168/2383/6 1197/2384/6 1205/2385/6 1213/2386/6
f 1197/2384/6 1161/2387/6 1205/2385/6
f 1171/2388/24 1170/2389/24 1211/2295/24 1210/2294/24
f 1194/2390/4 1171/2391/4 1210/2392/4 1202/2393/4
f 1158/2394/4 1194/2390/4 1202/2393/4
f 1170/2395/6 1195/2396/6 1203/2397/6 1211/2398/6
f 1195/2396/6 1159/2399/6 1203/2397/6
f 1173/2400/24 1172/2401/24 1216/2275/24 1217/2274/24
f 1192/2402/4 1173/2403/4 1217/2404/4 1209/2405/4
f 1201/2406/4 1192/2402/4 1209/2405/4
f 1172/2407/6 1193/2408/6 1208/2409/6 1216/2410/6
f 1193/2408/6 1200/2411/6 1208/2409/6
f 1255/2412/22 1259/2413/22 1232/2414/22 1228/2415/22
f 1256/2416/22 1255/2412/22 1228/2415/22 1230/2417/22
f 1173/2272/2 1192/2418/2 1237/2419/2 1233/2420/2
f 1191/2305/1 1183/2308/1 1236/2421/1 1235/2422/1
f 1250/2271/2 1173/2272/2 1233/2420/2 1253/2423/2
f 1248/2424/4 1249/1087/4 1238/1086/4 1229/2425/4
f 1232/2426/4 1229/2425/4 1238/1086/4 1231/1091/4 1230/2427/4 1228/2428/4
f 1237/2429/6 1234/2430/6 1235/2431/6 1236/2432/6 1240/2433/6 1233/2434/6
f 1260/2435/2 1261/2303/2 1247/2282/2 1222/2436/2
f 1225/2437/2 1244/2281/2 1246/2290/2 1221/2438/2
f 1218/2439/2 1241/2289/2 1245/2298/2 1219/2440/2
f 1220/2441/2 1242/2297/2 1243/2302/2 1223/1114/2
f 1220/2441/2 1219/2440/2 1245/2298/2 1242/2297/2
f 1218/2439/2 1221/2438/2 1246/2290/2 1241/2289/2
f 1225/2437/2 1222/2436/2 1247/2282/2 1244/2281/2
f 1233/2434/6 1240/2433/6 1254/2442/6 1253/2443/6
f 1248/2444/7 1261/2445/7 1239/2446/7 1249/2447/7
f 1188/2362/22 1159/2363/22 1255/2412/22 1256/2416/22
f 1159/2363/22 1195/2448/22 1259/2413/22 1255/2412/22
f 1229/2449/2 1232/2450/2 1259/2348/2 1257/2304/2
f 1230/2451/1 1231/2452/1 1258/2340/1 1256/2339/1
f 1248/2453/2 1229/2449/2 1257/2304/2 1261/2303/2
f 1224/2454/2 1251/2455/2 1268/2245/2 1267/2456/2
f 1200/2252/22 1193/2457/22 1266/2360/22 1262/2268/22
f 1175/2458/2 1154/2459/2 1266/2350/2 1263/2246/2
f 1155/2460/1 1152/2461/1 1265/2342/1 1264/2341/1
f 1190/2249/22 1200/2252/22 1262/2268/22 1264/2267/22
f 1251/2455/2 1175/2458/2 1263/2246/2 1268/2245/2
f 1261/2462/4 1260/2463/4 1269/1128/4 1239/1127/4
f 1254/2464/7 1270/2465/7 1268/2466/7 1253/2467/7
f 1270/2468/6 1271/2469/6 1267/756/6 1268/2470/6
f 1378/2471/2 1375/2472/2 1292/2473/2 1295/2474/2
f 1274/2475/4 1284/2476/4 1275/2477/4 1272/2478/4 1381/2479/4 1373/2480/4 1299/2481/4
f 1371/2482/2 1377/2483/2 1294/2484/2 1297/2485/2
f 1273/2486/6 1276/2487/6 1285/2488/6 1277/2489/6 1298/2490/6 1372/2491/6 1380/2492/6
f 1373/2493/2 1379/2494/2 1296/2495/2 1299/2496/2
f 1320/2497/25 1338/2498/25 1339/2499/25 1321/2500/25
f 1322/2501/25 1340/2502/25 1341/2503/25 1323/2504/25
f 1276/2505/25 1313/2506/25 1282/2507/25 1285/2508/25
f 1312/2509/25 1315/2510/25 1280/2511/25 1283/2512/25
f 1314/2513/25 1317/2514/25 1278/2515/25 1281/2516/25
f 1316/2517/25 1319/2518/25 1337/2519/25 1279/2520/25
f 1318/2521/25 1321/2500/25 1339/2499/25 1336/2522/25
f 1320/2497/25 1323/2504/25 1341/2503/25 1338/2498/25
f 1322/2501/25 1275/2523/25 1284/2524/25 1340/2502/25
f 1371/2482/2 1297/2485/2 1296/2495/2 1379/2494/2
f 1351/2525/26 1350/2526/26 1362/2527/26 1363/2528/26
f 1378/2471/2 1295/2474/2 1294/2484/2 1377/2483/2
f 1353/2529/26 1352/2530/26 1364/2531/26 1365/2532/26
f 1376/2533/2 1293/2534/2 1292/2473/2 1375/2472/2
f 1346/2535/26 1347/2536/26 1359/2537/26 1358/2538/26
f 1374/2539/2 1291/2540/2 1290/2541/2 1370/2542/2
f 1344/2543/26 1345/1037/26 1357/2544/26 1356/2545/26
f 1366/2546/2 1289/2547/2 1288/2548/2 1369/2549/2
f 1342/2550/26 1343/2551/26 1355/2552/26 1354/2553/26
f 1368/2554/2 1287/2555/2 1286/2556/2 1367/2557/2
f 1349/2558/26 1348/2525/26 1360/2528/26 1361/2559/26
f 1368/2554/2 1372/1291/2 1298/2560/2 1287/2555/2
f 1366/2546/2 1367/2557/2 1286/2556/2 1289/2547/2
f 1374/2539/2 1369/2549/2 1288/2548/2 1291/2540/2
f 1376/2533/2 1370/2542/2 1290/2541/2 1293/2534/2
f 1323/2561/7 1311/1231/7 1310/1230/7 1322/2562/7
f 1321/2563/7 1309/1235/7 1308/1234/7 1320/2564/7
f 1319/2565/7 1307/1239/7 1306/1238/7 1318/2566/7
f 1317/2567/7 1305/1243/7 1304/1242/7 1316/2568/7
f 1315/2569/7 1303/1247/7 1302/1246/7 1314/2570/7
f 1313/2571/7 1301/1251/7 1300/1250/7 1312/2572/7
f 1339/2573/2 1338/2574/2 1350/2575/2 1351/2576/2
f 1280/2577/2 1281/2578/2 1345/2579/2 1344/2580/2
f 1341/2581/2 1340/2582/2 1352/2583/2 1353/2584/2
f 1278/2585/2 1279/2586/2 1343/2587/2 1342/2588/2
f 1337/2589/2 1336/2590/2 1348/2591/2 1349/2592/2
f 1282/2593/2 1283/2594/2 1347/2595/2 1346/2596/2
f 1313/2571/7 1276/2597/7 1273/1276/7 1301/1251/7
f 1315/2569/7 1312/2572/7 1300/1250/7 1303/1247/7
f 1317/2567/7 1314/2570/7 1302/1246/7 1305/1243/7
f 1319/2565/7 1316/2568/7 1304/1242/7 1307/1239/7
f 1321/2563/7 1318/2566/7 1306/1238/7 1309/1235/7
f 1323/2561/7 1320/2564/7 1308/1234/7 1311/1231/7
f 1275/2598/7 1322/2562/7 1310/1230/7 1272/1172/7
f 1287/2555/2 1298/2560/2 1277/2599/2 1334/2600/2
f 1289/2547/2 1286/2556/2 1335/2601/2 1332/2602/2
f 1291/2540/2 1288/2548/2 1333/2603/2 1330/2604/2
f 1293/2534/2 1290/2541/2 1331/2605/2 1328/2606/2
f 1295/2474/2 1292/2473/2 1329/2607/2 1326/2608/2
f 1297/2485/2 1294/2484/2 1327/2609/2 1324/2610/2
f 1299/2496/2 1296/2495/2 1325/2611/2 1274/1471/2
f 1285/2508/25 1282/2507/25 1334/2612/25 1277/2613/25
f 1283/2512/25 1280/2511/25 1332/2614/25 1335/2615/25
f 1281/2516/25 1278/2515/25 1330/2616/25 1333/2617/25
f 1279/2520/25 1337/2519/25 1328/2618/25 1331/2619/25
f 1336/2522/25 1339/2499/25 1326/2620/25 1329/2621/25
f 1338/2498/25 1341/2503/25 1324/2622/25 1327/2623/25
f 1340/2502/25 1284/2524/25 1274/2624/25 1325/2625/25
f 1318/2521/25 1336/2522/25 1337/2519/25 1319/2518/25
f 1316/2517/25 1279/2520/25 1278/2515/25 1317/2514/25
f 1314/2513/25 1281/2516/25 1280/2511/25 1315/2510/25
f 1312/2509/25 1283/2512/25 1282/2507/25 1313/2506/25
f 1287/2626/27 1358/2538/27 1359/2537/27 1286/2627/27
f 1286/2628/6 1359/2629/6 1347/2630/6 1335/2631/6
f 1335/2631/6 1347/2630/6 1283/2632/6
f 1334/2633/4 1346/2634/4 1358/2635/4 1287/2636/4
f 1282/2637/4 1346/2634/4 1334/2633/4
f 1289/1307/27 1356/2545/27 1357/2544/27 1288/2638/27
f 1332/2639/4 1344/2640/4 1356/2641/4 1289/2642/4
f 1280/2643/4 1344/2640/4 1332/2639/4
f 1288/2644/6 1357/2645/6 1345/2646/6 1333/2647/6
f 1333/2647/6 1345/2646/6 1281/2648/6
f 1291/2649/27 1354/2553/27 1355/2552/27 1290/2650/27
f 1330/2651/4 1342/2652/4 1354/2653/4 1291/2654/4
f 1278/2655/4 1342/2652/4 1330/2651/4
f 1290/2656/6 1355/2657/6 1343/2658/6 1331/2659/6
f 1331/2659/6 1343/2658/6 1279/2660/6
f 1293/2661/27 1361/2559/27 1360/2528/27 1292/2662/27
f 1328/2663/4 1349/2664/4 1361/2665/4 1293/2666/4
f 1337/2667/4 1349/2664/4 1328/2663/4
f 1292/2668/6 1360/2669/6 1348/2670/6 1329/2671/6
f 1329/2671/6 1348/2670/6 1336/2672/6
f 1295/2662/27 1363/2528/27 1362/2527/27 1294/953/27
f 1326/2673/4 1351/2674/4 1363/2675/4 1295/2676/4
f 1339/2677/4 1351/2674/4 1326/2673/4
f 1294/2678/6 1362/2679/6 1350/2680/6 1327/2681/6
f 1327/2681/6 1350/2680/6 1338/2682/6
f 1297/2683/27 1365/2532/27 1364/2531/27 1296/1318/27
f 1324/2684/4 1353/2685/4 1365/2686/4 1297/2687/4
f 1341/2688/4 1353/2685/4 1324/2684/4
f 1296/2689/6 1364/2690/6 1352/2691/6 1325/2692/6
f 1325/2692/6 1352/2691/6 1340/2693/6
f 1380/1405/1 1372/1404/1 1368/2694/1 1382/2695/1
f 1382/2695/1 1368/2694/1 1367/2696/1 1383/2697/1
f 1383/2697/1 1367/2696/1 1366/2698/1 1384/2699/1
f 1384/2699/1 1366/2698/1 1369/2700/1 1385/2701/1
f 1385/2701/1 1369/2700/1 1374/2702/1 1386/2703/1
f 1386/2703/1 1374/2702/1 1370/2704/1 1387/2705/1
f 1387/2705/1 1370/2704/1 1376/2706/1 1388/2707/1
f 1388/2707/1 1376/2706/1 1375/2708/1 1389/2709/1
f 1389/2709/1 1375/2708/1 1378/2710/1 1390/2711/1
f 1390/2711/1 1378/2710/1 1377/2712/1 1391/2713/1
f 1391/2713/1 1377/2712/1 1371/2714/1 1392/2715/1
f 1392/2715/1 1371/2714/1 1379/2716/1 1393/2717/1
f 1393/2717/1 1379/2716/1 1373/2718/1 1381/2719/1
f 1396/2720/7 1402/2721/7 1405/2722/7 1399/2723/7
f 1399/2724/6 1405/2725/6 1403/2726/6 1397/2727/6
f 1150/2196/2 1399/2728/2 1397/2729/2 1149/2193/2
f 1149/2193/2 1397/2729/2 1398/2730/2 1148/2219/2
f 819/2114/2 1396/2227/2 1399/2728/2 1150/2196/2
f 1148/2219/2 1398/2730/2 1395/2228/2 1065/2171/2
f 1401/2731/2 1404/2732/2 1403/2733/2 1400/2734/2
f 1400/2734/2 1403/2733/2 1405/2735/2 1402/2736/2
f 1395/2737/4 1401/2738/4 1400/2739/4 1394/2740/4
f 1397/2727/6 1403/2726/6 1404/2741/6 1398/2742/6
f 1398/1912/1 1404/2743/1 1401/2744/1 1395/2745/1
f 1394/2740/4 1400/2739/4 1402/2746/4 1396/2747/4
f 1409/2748/1 1415/2749/1 1417/2750/1 1411/2751/1
f 1410/2752/4 1416/2753/4 1412/2754/4 1406/2755/4
f 1126/2134/2 1410/2133/2 1406/2756/2 1067/2138/2
f 1125/2127/2 1408/2167/2 1409/2757/2 1088/2168/2
f 1067/2138/2 1406/2756/2 1407/2166/2 1086/2130/2
f 1088/2168/2 1409/2757/2 1411/2132/2 1089/2131/2
f 1416/2758/2 1414/2759/2 1413/2760/2 1412/2761/2
f 1417/2762/2 1415/2763/2 1414/2759/2 1416/2758/2
f 1408/2764/6 1414/2765/6 1415/2755/6 1409/2754/6
f 1407/2766/6 1413/2767/6 1414/2765/6 1408/2764/6
f 1411/2768/4 1417/2769/4 1416/2753/4 1410/2752/4
f 1406/2770/7 1412/2771/7 1413/2772/7 1407/2773/7
f 1421/2774/2 1420/2775/2 1419/2776/2 1418/2777/2
f 1426/2778/3 1422/2779/3 1423/2780/3 1424/2781/3
f 1427/2782/3 1426/2778/3 1424/2781/3 1425/2783/3
f 1437/2784/9 1432/2785/9 1433/2786/9 1436/2787/9
f 1432/2788/15 1434/2789/15 1435/2790/15 1433/2791/15
f 1434/2792/11 1438/2793/11 1439/2794/11 1435/2795/11
f 1438/2796/12 1437/2797/12 1436/2798/12 1439/2799/12
f 1437/2800/4 1430/2801/4 1428/2802/4 1432/2803/4
f 1433/1621/3 1435/2804/3 1439/2805/3 1436/2806/3
f 1428/2807/7 1429/2808/7 1434/2809/7 1432/2810/7
f 1431/2811/6 1438/2812/6 1434/2813/6 1429/2814/6
f 1437/2810/1 1438/2809/1 1431/2815/1 1430/1959/1
f 1449/2816/9 1444/2817/9 1445/2818/9 1448/2819/9
f 1444/2820/15 1446/2821/15 1447/2822/15 1445/2823/15
f 1446/2824/11 1450/2825/11 1451/2826/11 1447/2827/11
f 1450/2828/12 1449/2829/12 1448/2830/12 1451/2831/12
f 1449/2832/4 1442/2833/4 1440/2834/4 1444/2835/4
f 1445/2836/3 1447/2837/3 1451/2838/3 1448/2771/3
f 1440/2839/7 1441/2840/7 1446/2841/7 1444/2842/7
f 1443/2843/6 1450/2844/6 1446/2845/6 1441/2800/6
f 1449/2846/1 1450/2847/1 1443/2848/1 1442/749/1
f 1497/2849/3 1491/2850/3 1455/2851/3 1462/2852/3
f 1521/2853/1 1518/2854/1 1459/2855/1 1464/2856/1
f 1481/2857/28 1479/2858/28 1453/2859/28 1461/2860/28
f 1515/2861/29 1492/2862/29 1456/2863/29 1519/2864/29
f 1509/2865/28 1480/2866/28 1460/2867/28 1507/2868/28
f 1531/2869/1 1520/2870/1 1465/2871/1 1505/2872/1
f 1511/2873/3 1495/2874/3 1463/2875/3 1504/2876/3
f 1484/2877/30 1485/2878/30 1469/2879/30 1468/2880/30
f 1522/2881/1 1523/2882/1 1472/2883/1 1473/2884/1
f 1499/2885/3 1501/2886/3 1470/2887/3 1471/2888/3
f 1497/2889/4 1462/2890/4 1470/2891/4 1501/2892/4
f 1521/2893/4 1464/2894/4 1472/2895/4 1523/2896/4
f 1481/2897/4 1461/2898/4 1469/2899/4 1485/2900/4
f 1527/2901/4 1481/2897/4 1485/2900/4 1529/2902/4
f 1462/2890/4 1483/2903/4 1487/2904/4 1470/2891/4
f 1471/2905/31 1470/2906/31 1487/2907/31 1486/2908/31
f 1528/2909/7 1529/2910/7 1485/2911/7 1484/2912/7
f 1504/2913/32 1463/2914/32 1482/2915/32 1508/2916/32
f 1530/2917/7 1526/2918/7 1480/2866/7 1509/2865/7
f 1489/2919/33 1503/2920/33 1478/2921/33 1452/2922/33
f 1527/2923/7 1525/2924/7 1479/2858/7 1481/2857/7
f 1462/2925/32 1455/2926/32 1477/2927/32 1483/2928/32
f 1454/2929/33 1476/2930/33 1502/2931/33 1488/2932/33
f 1503/2933/34 1489/2934/34 1513/2935/34 1515/2936/34
f 1461/2898/4 1496/2937/4 1500/2938/4 1469/2899/4
f 1496/2937/4 1497/2889/4 1501/2892/4 1500/2938/4
f 1468/2939/3 1469/2940/3 1500/2941/3 1498/2942/3
f 1498/2942/3 1500/2941/3 1501/2886/3 1499/2885/3
f 1507/2943/3 1460/2944/3 1494/2945/3 1510/2946/3
f 1510/2946/3 1494/2945/3 1495/2874/3 1511/2873/3
f 1524/2947/35 1458/2948/35 1493/2949/35 1514/2950/35
f 1512/2951/33 1514/2952/33 1515/2953/33 1513/2954/33
f 1461/2955/3 1453/2956/3 1490/2957/3 1496/2958/3
f 1496/2958/3 1490/2957/3 1491/2850/3 1497/2849/3
f 1452/2922/3 1507/2943/3 1510/2946/3 1489/2919/3
f 1519/2959/7 1530/2917/7 1509/2865/7 1478/2960/7
f 1454/2961/32 1504/2913/32 1508/2916/32 1476/2962/32
f 1488/2932/3 1511/2873/3 1504/2876/3 1454/2929/3
f 1524/2963/1 1531/2869/1 1505/2872/1 1458/2888/1
f 1478/2960/28 1509/2865/28 1507/2868/28 1452/2964/28
f 1513/2954/3 1516/2965/3 1517/2966/3 1512/2951/3
f 1476/2962/1 1508/2916/1 1531/2869/1 1524/2963/1
f 1489/2934/1 1510/2967/1 1516/2968/1 1513/2935/1
f 1510/2969/36 1511/2970/36 1517/2971/36 1516/2972/36
f 1456/2973/7 1506/2974/7 1530/2917/7 1519/2959/7
f 1476/2975/37 1524/2947/37 1514/2950/37 1502/2976/37
f 1466/2977/7 1457/2978/7 1525/2924/7 1527/2923/7
f 1506/2974/7 1467/2979/7 1526/2918/7 1530/2917/7
f 1475/2980/7 1474/2981/7 1529/2910/7 1528/2909/7
f 1466/2982/4 1527/2901/4 1529/2902/4 1474/2983/4
f 1483/2903/4 1521/2893/4 1523/2896/4 1487/2904/4
f 1486/2984/1 1487/2985/1 1523/2882/1 1522/2881/1
f 1508/2916/1 1482/2915/1 1520/2870/1 1531/2869/1
f 1503/2986/38 1515/2861/38 1519/2864/38 1478/2987/38
f 1483/2928/1 1477/2927/1 1518/2854/1 1521/2853/1
f 1515/2861/39 1514/2950/39 1493/2949/39 1492/2862/39
f 1491/2988/6 1490/2989/6 1532/2990/6 1533/2991/6
f 1533/2991/6 1532/2990/6 1534/2992/6 1535/2993/6
f 1535/2993/6 1534/2992/6 1536/2994/6 1537/2995/6
f 1457/2996/6 1536/2994/6 1534/2992/6 1525/2997/6
f 1525/2997/6 1534/2992/6 1532/2990/6 1479/2998/6
f 1479/2998/6 1532/2990/6 1490/2989/6 1453/2999/6
f 1518/3000/6 1535/2993/6 1537/2995/6 1459/3001/6
f 1477/3002/6 1533/2991/6 1535/2993/6 1518/3000/6
f 1491/2988/6 1533/2991/6 1477/3002/6 1455/3003/6
f 1589/3004/7 1590/3005/7 1619/3006/7 1620/3007/7
f 1559/3008/1 1541/3009/1 1545/3010/1 1560/3011/1
f 1561/3012/7 1543/3013/7 1539/3014/7 1558/3015/7
f 1548/3016/4 1552/3017/4 1542/3018/4 1538/3019/4
f 1557/3020/6 1549/3021/6 1539/3022/6 1543/3023/6
f 1545/3024/6 1541/3025/6 1551/3026/6 1555/3027/6
f 1555/3027/6 1551/3026/6 1550/3028/6 1556/3029/6
f 1556/3029/6 1550/3028/6 1549/3021/6 1557/3020/6
f 1540/3030/4 1544/3031/4 1554/3032/4 1546/3033/4
f 1546/3033/4 1554/3032/4 1553/3034/4 1547/3035/4
f 1547/3035/4 1553/3034/4 1552/3017/4 1548/3016/4
f 1575/3036/1 1576/3037/1 1605/3038/1 1606/3039/1
f 1568/3040/4 1569/3041/4 1600/3042/4 1598/3043/4
f 1588/3044/4 1589/2019/4 1620/3045/4 1618/3046/4
f 1570/3047/6 1567/3048/6 1597/3049/6 1599/3050/6
f 1590/3051/6 1587/3047/6 1617/3050/6 1619/3052/6
f 1581/3053/7 1582/3054/7 1611/3055/7 1612/3056/7
f 1542/3057/7 1561/3012/7 1558/3015/7 1538/3058/7
f 1540/390/1 1559/3008/1 1560/3011/1 1544/524/1
f 1567/3059/1 1568/3060/1 1598/3061/1 1597/3062/1
f 1564/3063/3 1551/3064/3 1565/3065/3 1592/3066/3
f 1551/3064/3 1541/3067/3 1566/3068/3 1565/3065/3
f 1541/3067/3 1559/3069/3 1593/3070/3 1566/3068/3
f 1558/3071/3 1539/3072/3 1568/3073/3 1567/3074/3
f 1539/3072/3 1549/3075/3 1569/3076/3 1568/3073/3
f 1549/3075/3 1562/3077/3 1570/3078/3 1569/3076/3
f 1562/3077/3 1558/3071/3 1567/3074/3 1570/3078/3
f 1562/3077/3 1549/3075/3 1572/3079/3 1571/3080/3
f 1549/3075/3 1550/3081/3 1573/3082/3 1572/3079/3
f 1550/3081/3 1563/3083/3 1574/3084/3 1573/3082/3
f 1563/3083/3 1562/3077/3 1571/3080/3 1574/3084/3
f 1563/3083/3 1550/3081/3 1576/3085/3 1575/3086/3
f 1550/3081/3 1551/3064/3 1577/3087/3 1576/3085/3
f 1551/3064/3 1564/3063/3 1578/3088/3 1577/3087/3
f 1564/3063/3 1563/3083/3 1575/3086/3 1578/3088/3
f 1547/3089/3 1563/3083/3 1580/3090/3 1579/3091/3
f 1563/3083/3 1564/3063/3 1581/3092/3 1580/3090/3
f 1564/3063/3 1546/3093/3 1582/3094/3 1581/3092/3
f 1546/3093/3 1547/3089/3 1579/3091/3 1582/3094/3
f 1548/3095/3 1562/3077/3 1584/3096/3 1583/3097/3
f 1562/3077/3 1563/3083/3 1585/3098/3 1584/3096/3
f 1563/3083/3 1547/3089/3 1586/3099/3 1585/3098/3
f 1547/3089/3 1548/3095/3 1583/3097/3 1586/3099/3
f 1538/3100/3 1558/3071/3 1588/3101/3 1587/3102/3
f 1558/3071/3 1562/3077/3 1589/3103/3 1588/3101/3
f 1562/3077/3 1548/3095/3 1590/3104/3 1589/3103/3
f 1548/3095/3 1538/3100/3 1587/3102/3 1590/3104/3
f 1546/3093/3 1564/3063/3 1592/3066/3 1591/3105/3
f 1559/3069/3 1540/3106/3 1594/3107/3 1593/3070/3
f 1540/3106/3 1546/3093/3 1591/3105/3 1594/3107/3
f 1569/3108/7 1570/3109/7 1599/3110/7 1600/3111/7
f 1578/3112/6 1575/3113/6 1606/3114/6 1607/3115/6
f 1576/3116/4 1577/2237/4 1608/3117/4 1605/3118/4
f 1583/3119/1 1584/3120/1 1613/3121/1 1614/3122/1
f 1592/3123/1 1565/3124/1 1595/3125/1 1621/3126/1
f 1577/3127/7 1578/3128/7 1607/3129/7 1608/3130/7
f 1586/3131/6 1583/3132/6 1614/3133/6 1615/1227/6
f 1584/3134/4 1585/3135/4 1616/3136/4 1613/3137/4
f 1565/3138/4 1566/3116/4 1596/3118/4 1595/3139/4
f 1591/3140/1 1592/3123/1 1621/3126/1 1622/1922/1
f 1571/3141/1 1572/3142/1 1601/3143/1 1602/3144/1
f 1585/3037/7 1586/3145/7 1615/3146/7 1616/3147/7
f 1566/3148/7 1593/3149/7 1624/3150/7 1596/3151/7
f 1594/3152/6 1591/3153/6 1622/3154/6 1623/3155/6
f 1574/3156/6 1571/3157/6 1602/3132/6 1603/3131/6
f 1572/3137/4 1573/3136/4 1604/3158/4 1601/3159/4
f 1579/3160/1 1580/3161/1 1609/3162/1 1610/3163/1
f 1593/3149/7 1594/3164/7 1623/3165/7 1624/3150/7
f 1573/3166/7 1574/1935/7 1603/3167/7 1604/3168/7
f 1582/3169/6 1579/3170/6 1610/3171/6 1611/3172/6
f 1580/3173/4 1581/3174/4 1612/3175/4 1609/3176/4
f 1587/3177/1 1588/3178/1 1618/3179/1 1617/3180/1
f 1634/3181/4 1635/3182/4 1640/3183/4 1638/3184/4
f 1627/3185/1 1628/3186/1 1632/3187/1 1631/3188/1
f 1629/3189/7 1630/3190/7 1626/3191/7 1625/3192/7
f 1627/3193/4 1631/3194/4 1629/3195/4 1625/3196/4
f 1632/3197/6 1628/3198/6 1626/3199/6 1630/3200/6
f 1625/3201/3 1626/3202/3 1634/3203/3 1633/3204/3
f 1626/3202/3 1628/3205/3 1635/3206/3 1634/3203/3
f 1628/3205/3 1627/3207/3 1636/3208/3 1635/3206/3
f 1627/3207/3 1625/3201/3 1633/3204/3 1636/3208/3
f 1637/3209/3 1638/3210/3 1640/3211/3 1639/3212/3
f 1633/3213/1 1634/3214/1 1638/3215/1 1637/3216/1
f 1635/3217/7 1636/3218/7 1639/3219/7 1640/3182/7
f 1636/3220/6 1633/3221/6 1637/3182/6 1639/3222/6
f 1659/3223/40 1655/3224/40 1644/3225/40 1648/3226/40
f 1654/3227/41 1657/3228/41 1647/3229/41 1642/3230/41
f 1672/3231/2 1659/3223/2 1648/3226/2 1668/3232/2
f 1655/3224/2 1663/3233/2 1652/3234/2 1644/3225/2
f 1653/3235/2 1661/3236/2 1649/3237/2 1641/3238/2
f 1642/3230/2 1650/3239/2 1662/3240/2 1654/3227/2
f 1643/3241/2 1651/3242/2 1664/3243/2 1656/3244/2
f 1665/3245/2 1645/3246/2 1660/3247/2 1670/3248/2
f 1641/3238/41 1646/3249/41 1658/3250/41 1653/3235/41
f 1645/3246/40 1643/3241/40 1656/3244/40 1660/3247/40
f 1646/3249/2 1666/3251/2 1669/3252/2 1658/3250/2
f 1675/3253/42 1676/3254/42 1683/3255/42 1695/3256/42
f 1657/3228/2 1671/3257/2 1667/3258/2 1647/3229/2
f 1696/3259/43 1677/3260/43 1678/3261/43 1694/3262/43
f 1700/3263/3 1684/3264/3 1677/3260/3 1696/3259/3
f 1694/3262/3 1678/3261/3 1691/3265/3 1698/3266/3
f 1693/3267/3 1674/3268/3 1692/3269/3 1697/3270/3
f 1676/3254/3 1675/3253/3 1687/3271/3 1688/3272/3
f 1680/3273/3 1679/3274/3 1689/3275/3 1690/3276/3
f 1701/3277/3 1699/3278/3 1686/3279/3 1681/3280/3
f 1674/3268/42 1693/3267/42 1685/3281/42 1673/3282/42
f 1681/3280/43 1686/3279/43 1679/3274/43 1680/3273/43
f 1673/3282/3 1685/3281/3 1703/3283/3 1682/3232/3
f 1695/3256/3 1683/3255/3 1702/3284/3 1704/3285/3
f 1651/3286/4 1643/3287/4 1680/3288/4 1690/3289/4
f 1670/3290/6 1660/3291/6 1686/3292/6 1699/3293/6
f 1644/3294/6 1652/3295/6 1691/3296/6 1678/3297/6
f 1669/3298/1 1666/3299/1 1682/3300/1 1703/3301/1
f 1646/3302/4 1641/3303/4 1674/3304/4 1673/3305/4
f 1659/3306/4 1672/3307/4 1700/3308/4 1696/3309/4
f 1650/3310/6 1642/3311/6 1676/3312/6 1688/3313/6
f 1665/3314/7 1670/3315/7 1699/3316/7 1701/3317/7
f 1653/3318/6 1658/3319/6 1685/3320/6 1693/3321/6
f 1641/3303/4 1649/3322/4 1692/3323/4 1674/3304/4
f 1667/3324/1 1671/3325/1 1704/3326/1 1702/3327/1
f 1648/3328/6 1644/3294/6 1678/3297/6 1677/3329/6
f 1657/3330/4 1654/3331/4 1675/3332/4 1695/3333/4
f 1672/3334/44 1668/3335/44 1684/3336/44 1700/3337/44
f 1660/3291/6 1656/3338/6 1679/3339/6 1686/3292/6
f 1643/3287/4 1645/3340/4 1681/3341/4 1680/3288/4
f 1655/3342/4 1659/3306/4 1696/3309/4 1694/3343/4
f 1666/3344/4 1646/3302/4 1673/3305/4 1682/3345/4
f 1645/3340/4 1665/3346/4 1701/3347/4 1681/3341/4
f 1642/3311/6 1647/3348/6 1683/3349/6 1676/3312/6
f 1649/3350/7 1661/3351/7 1697/3352/7 1692/3353/7
f 1668/3354/6 1648/3328/6 1677/3329/6 1684/3355/6
f 1647/3348/6 1667/3356/6 1702/3293/6 1683/3349/6
f 1652/3317/1 1663/3357/1 1698/3358/1 1691/3359/1
f 1654/3331/4 1662/3360/4 1687/3361/4 1675/3332/4
f 1658/3319/6 1669/3362/6 1703/3363/6 1685/3320/6
f 1661/3364/6 1653/3318/6 1693/3321/6 1697/3365/6
f 1662/3335/7 1650/3366/7 1688/3367/7 1687/3336/7
f 1656/3338/6 1664/3368/6 1689/3369/6 1679/3339/6
f 1664/3370/1 1651/3371/1 1690/3372/1 1689/3373/1
f 1671/3374/4 1657/3330/4 1695/3333/4 1704/3375/4
f 1663/3376/4 1655/3342/4 1694/3343/4 1698/3377/4
f 1710/3378/2 1708/3379/2 1707/3380/2 1712/3381/2
f 1706/3382/2 1709/3383/2 1711/3384/2 1705/3385/2
f 1709/3383/2 1710/3378/2 1712/3381/2 1711/3384/2
f 1717/3386/3 1718/3387/3 1715/3388/3 1716/3389/3
f 1714/3390/3 1713/3391/3 1720/3392/3 1719/3393/3
f 1719/3393/3 1720/3392/3 1718/3387/3 1717/3386/3
f 1709/3394/4 1706/3395/4 1714/3396/4 1719/3397/4
f 1708/3398/4 1710/3399/4 1717/3400/4 1716/3401/4
f 1706/3402/7 1705/3403/7 1713/3404/7 1714/3405/7
f 1711/3406/6 1712/3407/6 1718/3408/6 1720/3409/6
f 1710/3399/4 1709/3394/4 1719/3397/4 1717/3400/4
f 1712/3407/6 1707/3410/6 1715/3411/6 1718/3408/6
f 1707/3412/1 1708/3413/1 1716/3414/1 1715/3415/1
f 1705/3416/6 1711/3406/6 1720/3409/6 1713/3417/6
f 1766/3418/3 1760/3419/3 1724/3420/3 1731/3421/3
f 1790/3422/1 1787/3423/1 1728/3424/1 1733/3425/1
f 1750/3426/28 1748/3427/28 1722/3428/28 1730/1082/28
f 1784/3429/29 1761/3430/29 1725/3431/29 1788/3432/29
f 1778/3433/28 1749/3434/28 1729/992/28 1776/3435/28
f 1800/3436/1 1789/3437/1 1734/3438/1 1774/3439/1
f 1780/3440/3 1764/3441/3 1732/3442/3 1773/3443/3
f 1753/3444/30 1754/3445/30 1738/3446/30 1737/3447/30
f 1791/3448/1 1792/3449/1 1741/3450/1 1742/3451/1
f 1768/3452/3 1770/3453/3 1739/3454/3 1740/3455/3
f 1766/3456/4 1731/3457/4 1739/3458/4 1770/3459/4
f 1790/3460/4 1733/3461/4 1741/3462/4 1792/3463/4
f 1750/3464/4 1730/3465/4 1738/3466/4 1754/3467/4
f 1796/3468/4 1750/3464/4 1754/3467/4 1798/3469/4
f 1731/3457/4 1752/3470/4 1756/3471/4 1739/3458/4
f 1740/3472/31 1739/3473/31 1756/3474/31 1755/3475/31
f 1797/3476/7 1798/3477/7 1754/3478/7 1753/3479/7
f 1773/3480/32 1732/3481/32 1751/3482/32 1777/3483/32
f 1799/3484/7 1795/3485/7 1749/3434/7 1778/3433/7
f 1758/3486/33 1772/3487/33 1747/3488/33 1721/3489/33
f 1796/3490/7 1794/3491/7 1748/3427/7 1750/3426/7
f 1731/3492/32 1724/3493/32 1746/3494/32 1752/3495/32
f 1723/3496/33 1745/3497/33 1771/3498/33 1757/3499/33
f 1772/3500/34 1758/3501/34 1782/3502/34 1784/3503/34
f 1730/3465/4 1765/3504/4 1769/3505/4 1738/3466/4
f 1765/3504/4 1766/3456/4 1770/3459/4 1769/3505/4
f 1737/3506/3 1738/3507/3 1769/3508/3 1767/3509/3
f 1767/3509/3 1769/3508/3 1770/3453/3 1768/3452/3
f 1776/3510/3 1729/3511/3 1763/3512/3 1779/3513/3
f 1779/3513/3 1763/3512/3 1764/3441/3 1780/3440/3
f 1793/3514/35 1727/3515/35 1762/3516/35 1783/3517/35
f 1781/3518/33 1783/3519/33 1784/3520/33 1782/3521/33
f 1730/3522/3 1722/3523/3 1759/3524/3 1765/3525/3
f 1765/3525/3 1759/3524/3 1760/3419/3 1766/3418/3
f 1721/3489/3 1776/3510/3 1779/3513/3 1758/3486/3
f 1788/3526/7 1799/3484/7 1778/3433/7 1747/3527/7
f 1723/3528/32 1773/3480/32 1777/3483/32 1745/3529/32
f 1757/3499/3 1780/3440/3 1773/3443/3 1723/3496/3
f 1793/3530/1 1800/3436/1 1774/3439/1 1727/3531/1
f 1747/3527/28 1778/3433/28 1776/3435/28 1721/3532/28
f 1782/3521/3 1785/3533/3 1786/3534/3 1781/3518/3
f 1745/3529/1 1777/3483/1 1800/3436/1 1793/3530/1
f 1758/3501/1 1779/3535/1 1785/3536/1 1782/3502/1
f 1779/3537/45 1780/3538/45 1786/3539/45 1785/3540/45
f 1725/3541/7 1775/3542/7 1799/3484/7 1788/3526/7
f 1745/2987/37 1793/3514/37 1783/3517/37 1771/3543/37
f 1735/3544/7 1726/3545/7 1794/3491/7 1796/3490/7
f 1775/3542/7 1736/3546/7 1795/3485/7 1799/3484/7
f 1744/3547/7 1743/3548/7 1798/3477/7 1797/3476/7
f 1735/3549/4 1796/3468/4 1798/3469/4 1743/3550/4
f 1752/3470/4 1790/3460/4 1792/3463/4 1756/3471/4
f 1755/3551/1 1756/3552/1 1792/3449/1 1791/3448/1
f 1777/3483/1 1751/3482/1 1789/3437/1 1800/3436/1
f 1772/3553/38 1784/3429/38 1788/3432/38 1747/3554/38
f 1752/3495/1 1746/3494/1 1787/3423/1 1790/3422/1
f 1784/3429/39 1783/3517/39 1762/3516/39 1761/3430/39
f 1760/3555/6 1759/3556/6 1801/3557/6 1802/3558/6
f 1802/3558/6 1801/3557/6 1803/3559/6 1804/3560/6
f 1804/3560/6 1803/3559/6 1805/3561/6 1806/3562/6
f 1726/3563/6 1805/3561/6 1803/3559/6 1794/3564/6
f 1794/3564/6 1803/3559/6 1801/3557/6 1748/3565/6
f 1748/3565/6 1801/3557/6 1759/3556/6 1722/3566/6
f 1787/3567/6 1804/3560/6 1806/3562/6 1728/3568/6
f 1746/3569/6 1802/3558/6 1804/3560/6 1787/3567/6
f 1760/3555/6 1802/3558/6 1746/3569/6 1724/3570/6
f 1825/3571/43 1821/3572/43 1810/3573/43 1814/3574/43
f 1820/3575/42 1823/3576/42 1813/3577/42 1808/3578/42
f 1838/3579/3 1825/3571/3 1814/3574/3 1834/3580/3
f 1902/3581/3 1900/3582/3 1889/3583/3 1893/3584/3
f 1807/3585/7 1819/3586/7 1899/3587/7 1897/3588/7
f 1820/3589/7 1808/3590/7 1888/3591/7 1887/3592/7
f 1901/3593/3 1899/3594/3 1887/3595/3 1891/3596/3
f 1831/3597/3 1811/3598/3 1826/3599/3 1836/3600/3
f 1807/3601/42 1812/3602/42 1824/3603/42 1819/3604/42
f 1811/3598/43 1809/3605/43 1822/3606/43 1826/3599/43
f 1812/3602/3 1832/3607/3 1835/3608/3 1824/3603/3
f 1841/3609/41 1842/3610/41 1849/3611/41 1861/3612/41
f 1823/3576/3 1837/3613/3 1833/3614/3 1813/3577/3
f 1862/3615/40 1843/3616/40 1844/3617/40 1860/3618/40
f 1866/3619/2 1850/3620/2 1843/3616/2 1862/3615/2
f 1860/3618/2 1844/3617/2 1857/3621/2 1864/3622/2
f 1859/3623/2 1840/3624/2 1858/3625/2 1863/3626/2
f 1842/3610/2 1841/3609/2 1853/3627/2 1854/3628/2
f 1846/3629/2 1845/3630/2 1855/3631/2 1856/3632/2
f 1867/3601/2 1865/3633/2 1852/3634/2 1847/3635/2
f 1840/3624/41 1859/3623/41 1851/3636/41 1839/3637/41
f 1847/3635/40 1852/3634/40 1845/3630/40 1846/3629/40
f 1839/3637/2 1851/3636/2 1869/3638/2 1848/3639/2
f 1861/3612/2 1849/3611/2 1868/3640/2 1870/3641/2
f 1817/3642/4 1809/3643/4 1846/3644/4 1856/3645/4
f 1836/3646/6 1826/3647/6 1852/3648/6 1865/3649/6
f 1810/3650/6 1818/3651/6 1857/3652/6 1844/3653/6
f 1835/3654/7 1832/3655/7 1848/3656/7 1869/3657/7
f 1812/3658/4 1807/3659/4 1840/3660/4 1839/3661/4
f 1825/3662/4 1838/3663/4 1866/3664/4 1862/3665/4
f 1816/3666/6 1808/3667/6 1842/3668/6 1854/3669/6
f 1831/3670/1 1836/3671/1 1865/3672/1 1867/3673/1
f 1819/3674/6 1824/3675/6 1851/3676/6 1859/3677/6
f 1807/3659/4 1815/3678/4 1858/3679/4 1840/3660/4
f 1833/3680/7 1837/3681/7 1870/3655/7 1868/3654/7
f 1814/3682/6 1810/3650/6 1844/3653/6 1843/3683/6
f 1823/3684/4 1820/3685/4 1841/3686/4 1861/3687/4
f 1838/3688/46 1834/3689/46 1850/3690/46 1866/3691/46
f 1826/3647/6 1822/3692/6 1845/3693/6 1852/3648/6
f 1809/3643/4 1811/3694/4 1847/3695/4 1846/3644/4
f 1821/3696/4 1825/3662/4 1862/3665/4 1860/3697/4
f 1832/3698/4 1812/3658/4 1839/3661/4 1848/3699/4
f 1811/3694/4 1831/3700/4 1867/3701/4 1847/3695/4
f 1808/3667/6 1813/3702/6 1849/3703/6 1842/3668/6
f 1815/3704/1 1827/3705/1 1863/3706/1 1858/3707/1
f 1834/3708/6 1814/3682/6 1843/3683/6 1850/3709/6
f 1813/3702/6 1833/3710/6 1868/3711/6 1849/3703/6
f 1818/3712/7 1829/3713/7 1864/3714/7 1857/3715/7
f 1820/3685/4 1828/3716/4 1853/3717/4 1841/3686/4
f 1824/3675/6 1835/3718/6 1869/3719/6 1851/3676/6
f 1827/3720/6 1819/3674/6 1859/3677/6 1863/3721/6
f 1828/3722/1 1816/3723/1 1854/3724/1 1853/3725/1
f 1822/3692/6 1830/3726/6 1855/3727/6 1845/3693/6
f 1830/3728/7 1817/3729/7 1856/3730/7 1855/3731/7
f 1837/3732/4 1823/3684/4 1861/3687/4 1870/3719/4
f 1829/3733/4 1821/3696/4 1860/3697/4 1864/3734/4
f 1876/3735/3 1874/3736/3 1873/3142/3 1878/3737/3
f 1872/3738/3 1875/3739/3 1877/3740/3 1871/75/3
f 1875/3739/3 1876/3735/3 1878/3737/3 1877/3740/3
f 1883/3741/2 1884/3742/2 1881/3743/2 1882/3744/2
f 1880/3745/2 1879/3746/2 1886/3747/2 1885/3748/2
f 1885/3748/2 1886/3747/2 1884/3742/2 1883/3741/2
f 1875/3749/4 1872/3750/4 1880/2179/4 1885/3751/4
f 1874/3752/4 1876/3753/4 1883/3754/4 1882/3755/4
f 1872/3756/1 1871/3757/1 1879/3758/1 1880/3759/1
f 1877/3760/6 1878/3761/6 1884/3762/6 1886/3763/6
f 1876/3753/4 1875/3749/4 1885/3751/4 1883/3754/4
f 1878/3761/6 1873/3764/6 1881/3765/6 1884/3762/6
f 1873/3766/7 1874/3767/7 1882/3768/7 1881/3769/7
f 1871/3770/6 1877/3760/6 1886/3763/6 1879/3771/6
f 1900/3582/3 1902/3581/3 1896/3772/3 1895/3773/3
f 1899/3594/3 1901/3593/3 1898/3774/3 1897/3775/3
f 1888/3776/3 1892/3777/3 1891/3596/3 1887/3595/3
f 1890/3778/3 1894/3779/3 1893/3584/3 1889/3583/3
f 1810/3780/1 1821/3781/1 1900/3782/1 1895/3783/1
f 1816/3723/1 1828/3722/1 1891/3784/1 1892/3785/1
f 1829/3713/7 1902/3786/7 1893/3787/7 1830/3728/7
f 1822/3788/1 1809/3789/1 1890/3790/1 1889/3791/1
f 1817/3729/7 1830/3728/7 1893/3787/7 1894/3792/7
f 1816/3723/1 1892/3785/1 1915/3793/1 1907/3794/1
f 1827/3705/1 1815/3704/1 1898/3795/1 1901/3796/1
f 1888/3591/7 1808/3590/7 1908/3797/7 1916/3798/7
f 1829/3713/7 1818/3712/7 1896/3799/7 1902/3786/7
f 1810/3780/1 1895/3783/1 1913/3800/1 1905/3801/1
f 1827/3705/1 1901/3796/1 1891/3784/1 1828/3722/1
f 1896/3799/7 1818/3712/7 1906/3802/7 1914/3803/7
f 1900/3782/1 1821/3781/1 1822/3788/1 1889/3791/1
f 1821/3804/2 1829/3805/2 1830/3806/2 1822/3807/2
f 1899/3587/7 1819/3586/7 1820/3589/7 1887/3592/7
f 1819/3808/2 1827/3809/2 1828/3810/2 1820/3811/2
f 1931/3812/1 1915/3793/1 1939/3813/1 1947/3814/1
f 1918/3815/1 1910/3816/1 1926/3817/1 1934/3818/1
f 1928/3819/4 1927/3820/4 1943/3821/4 1944/3822/4
f 1903/3823/7 1911/3824/7 1927/3825/7 1919/3826/7
f 1894/3779/3 1890/3778/3 1912/3827/3 1911/3828/3
f 1895/3773/3 1896/3772/3 1914/3829/3 1913/3830/3
f 1807/3585/7 1897/3588/7 1917/3831/7 1909/3832/7
f 1809/3833/2 1817/3834/2 1903/3835/2 1904/3836/2
f 1890/3790/1 1809/3789/1 1904/3837/1 1912/3838/1
f 1892/3777/3 1888/3776/3 1916/3807/3 1915/3806/3
f 1818/3839/2 1810/3840/2 1905/3841/2 1906/3842/2
f 1817/3729/7 1894/3792/7 1911/3824/7 1903/3823/7
f 1897/3775/3 1898/3774/3 1918/3843/3 1917/3844/3
f 1808/3845/2 1816/3846/2 1907/3847/2 1908/3848/2
f 1898/3795/1 1815/3704/1 1910/3816/1 1918/3815/1
f 1815/3834/2 1807/3849/2 1909/3850/2 1910/3835/2
f 1920/3851/4 1919/3852/4 1927/3820/4 1928/3819/4
f 1922/3853/6 1921/3854/6 1929/3855/6 1930/3856/6
f 1924/3857/6 1923/3858/6 1931/3859/6 1932/3860/6
f 1926/3861/4 1925/3862/4 1933/3863/4 1934/3864/4
f 1904/3836/2 1903/3835/2 1919/3865/2 1920/3866/2
f 1914/3803/7 1906/3802/7 1922/3867/7 1930/3868/7
f 1916/3798/7 1908/3797/7 1924/3869/7 1932/3870/7
f 1906/3842/2 1905/3841/2 1921/3871/2 1922/3872/2
f 1909/3832/7 1917/3831/7 1933/3873/7 1925/3874/7
f 1908/3848/2 1907/3847/2 1923/3875/2 1924/3876/2
f 1905/3801/1 1913/3800/1 1929/3877/1 1921/3878/1
f 1910/3835/2 1909/3850/2 1925/3879/2 1926/3865/2
f 1907/3794/1 1915/3793/1 1931/3812/1 1923/3880/1
f 1915/3881/4 1916/3882/4 1940/3883/4 1939/3884/4
f 1912/3838/1 1904/3837/1 1920/3885/1 1928/3886/1
f 1916/3798/7 1932/3870/7 1948/3887/7 1940/3888/7
f 1917/3889/6 1918/3890/6 1942/3891/6 1941/3892/6
f 1930/3856/6 1929/3855/6 1945/3893/6 1946/3894/6
f 1932/3860/6 1931/3859/6 1947/3895/6 1948/3896/6
f 1918/3815/1 1934/3818/1 1950/3897/1 1942/3898/1
f 1934/3864/4 1933/3863/4 1949/3899/4 1950/3900/4
f 1933/3873/7 1917/3831/7 1941/3901/7 1949/3902/7
f 1929/3877/1 1913/3800/1 1937/3903/1 1945/3904/1
f 1927/3825/7 1911/3824/7 1935/3905/7 1943/3906/7
f 1912/3838/1 1928/3886/1 1944/3907/1 1936/3908/1
f 1911/3909/6 1912/3910/6 1936/3911/6 1935/3912/6
f 1913/3913/4 1914/3914/4 1938/3915/4 1937/3916/4
f 1914/3803/7 1930/3868/7 1946/3917/7 1938/3918/7
f 1951/3919/47 1959/3920/47 1958/1994/47 1953/3921/47
f 1953/3922/48 1958/3923/48 1957/3924/48 1952/3925/48
f 1952/3926/49 1957/3927/49 1956/3928/49 1954/3929/49
f 1955/3930/50 1960/3931/50 1959/3932/50 1951/3933/50
f 1961/3934/47 1969/3935/47 1968/3936/47 1963/3937/47
f 1963/3938/48 1968/3939/48 1967/3940/48 1962/3941/48
f 1962/3929/49 1967/3928/49 1966/3942/49 1964/3943/49
f 1965/3944/50 1970/3945/50 1969/3946/50 1961/3947/50
f 1971/3948/47 1979/3949/47 1978/3950/47 1973/3951/47
f 1973/3952/48 1978/3953/48 1977/3954/48 1972/3955/48
f 1972/3956/49 1977/3957/49 1976/3958/49 1974/3959/49
f 1975/3960/50 1980/3961/50 1979/3962/50 1971/3963/50
f 1983/3964/1 1984/3965/1 1988/3966/1 1987/3967/1
f 1987/3968/2 1988/3969/2 1986/3970/2 1985/3971/2
f 1985/928/7 1986/3972/7 1982/3973/7 1981/3974/7
f 1983/3975/4 1987/3976/4 1985/3977/4 1981/3978/4
f 1988/3979/6 1984/3980/6 1982/3981/6 1986/3982/6
