# Blender 5.2.1 LTS
# www.blender.org
mtllib DoorLargeExit.mtl
o DoorLargeExit
v 0.173392 0.116572 1.869592
v 0.173392 3.683830 1.869592
v 0.173392 0.116572 -1.869592
v 0.173392 3.683830 -1.869592
v 0.099879 0.116572 1.869592
v 0.099879 3.683830 1.869592
v 0.099879 0.116572 -1.869592
v 0.099879 3.683830 -1.869592
v 0.099879 0.116572 1.751352
v 0.099879 3.683830 1.751352
v 0.173392 3.683830 1.751352
v 0.173392 0.116572 1.751352
v 0.136635 0.116572 1.869592
v 0.136635 0.116572 -1.869592
v 0.136635 3.683830 1.869592
v 0.136635 3.683830 -1.869592
v 0.136635 0.116572 1.751352
v 0.136635 3.683830 1.751352
v 0.223587 0.116572 1.751352
v 0.223587 0.116572 1.869592
v 0.223587 3.683830 1.869592
v 0.223587 3.683830 1.751352
v 0.208587 1.191110 -1.869592
v 0.208587 1.380669 -1.869592
v 0.208587 1.191110 -1.574682
v 0.208587 1.380669 -1.574682
v 0.173392 1.191110 -1.869592
v 0.173392 1.380669 -1.869592
v 0.173392 1.191110 -1.574682
v 0.173392 1.380669 -1.574682
v 0.179659 1.344852 -1.185667
v 0.179659 1.226927 -1.185667
v 0.173392 1.226927 -1.185667
v 0.173392 1.344852 -1.185667
v 0.179659 1.344852 -1.017978
v 0.179659 1.226927 -1.017978
v 0.173392 1.226927 -1.017978
v 0.173392 1.344852 -1.017978
v 0.208587 1.242131 -1.869592
v 0.208587 1.329648 -1.869592
v 0.208587 1.329648 -1.574682
v 0.208587 1.242131 -1.574682
v 0.173392 1.329648 -1.869592
v 0.173392 1.242131 -1.869592
v 0.179659 1.313112 -1.185667
v 0.179659 1.258667 -1.185667
v 0.179659 1.313112 -1.017978
v 0.179659 1.258667 -1.017978
v 0.173392 1.313112 -1.017978
v 0.173392 1.258667 -1.017978
v 0.223587 1.242131 -1.869221
v 0.223587 1.329648 -1.869221
v 0.223587 1.329648 -1.574311
v 0.223587 1.242131 -1.574311
v 0.194658 1.313112 -1.185296
v 0.194658 1.258667 -1.185296
v 0.194658 1.313112 -1.017607
v 0.194658 1.258667 -1.017607
v 0.208587 2.609291 -1.869592
v 0.208587 2.419733 -1.869592
v 0.208587 2.609291 -1.574682
v 0.208587 2.419733 -1.574682
v 0.173392 2.609291 -1.869592
v 0.173392 2.419733 -1.869592
v 0.173392 2.609291 -1.574682
v 0.173392 2.419733 -1.574682
v 0.179659 2.455549 -1.185667
v 0.179659 2.573475 -1.185667
v 0.173392 2.573475 -1.185667
v 0.173392 2.455549 -1.185667
v 0.179659 2.455549 -1.017978
v 0.179659 2.573475 -1.017978
v 0.173392 2.573475 -1.017978
v 0.173392 2.455549 -1.017978
v 0.208587 2.558270 -1.869592
v 0.208587 2.470753 -1.869592
v 0.208587 2.470753 -1.574682
v 0.208587 2.558270 -1.574682
v 0.173392 2.470753 -1.869592
v 0.173392 2.558270 -1.869592
v 0.179659 2.487289 -1.185667
v 0.179659 2.541734 -1.185667
v 0.179659 2.487289 -1.017978
v 0.179659 2.541734 -1.017978
v 0.173392 2.487289 -1.017978
v 0.173392 2.541734 -1.017978
v 0.223587 2.558270 -1.869221
v 0.223587 2.470753 -1.869221
v 0.223587 2.470753 -1.574311
v 0.223587 2.558270 -1.574311
v 0.194658 2.487289 -1.185296
v 0.194658 2.541734 -1.185296
v 0.194658 2.487289 -1.017607
v 0.194658 2.541734 -1.017607
v 0.146103 1.296876 -1.869592
v 0.146103 1.273186 -1.869592
v 0.146103 1.273186 1.751352
v 0.146103 1.296876 1.751352
v 0.146103 2.527216 -1.869592
v 0.146103 2.503526 -1.869592
v 0.146103 2.503526 1.751352
v 0.146103 2.527216 1.751352
v 0.173392 2.503526 -1.869592
v 0.173392 2.527216 -1.869592
v 0.173392 1.273186 -1.869592
v 0.173392 1.296876 -1.869592
v 0.173392 2.527216 1.869592
v 0.173392 2.503526 1.869592
v 0.173392 1.296876 1.869592
v 0.173392 1.273186 1.869592
v 0.099879 2.527216 1.869592
v 0.099879 2.503526 1.869592
v 0.099879 1.296876 1.869592
v 0.099879 1.273186 1.869592
v 0.099879 2.503526 1.751352
v 0.099879 2.527216 1.751352
v 0.099879 1.273186 1.751352
v 0.099879 1.296876 1.751352
v 0.136635 2.527216 1.869592
v 0.136635 2.503526 1.869592
v 0.136635 1.296876 1.869592
v 0.136635 1.273186 1.869592
v 0.173392 1.296876 1.751352
v 0.173392 1.273186 1.751352
v 0.173392 2.527216 1.751352
v 0.173392 2.503526 1.751352
v 0.099879 1.273186 -1.869592
v 0.099879 1.296876 -1.869592
v 0.099879 2.503526 -1.869592
v 0.099879 2.527216 -1.869592
v 0.136635 1.296876 -1.869592
v 0.136635 1.273186 -1.869592
v 0.136635 2.527216 -1.869592
v 0.136635 2.503526 -1.869592
v 0.223587 2.503526 1.869592
v 0.223587 2.527216 1.869592
v 0.223587 1.273186 1.869592
v 0.223587 1.296876 1.869592
v 0.223587 1.296876 1.751352
v 0.223587 1.273186 1.751352
v 0.223587 2.527216 1.751352
v 0.223587 2.503526 1.751352
v 0.146103 1.296876 -0.059120
v 0.146103 2.527216 -0.059120
v 0.136635 0.116572 -0.059120
v 0.173392 0.116572 -0.059120
v 0.173392 3.683830 -0.059120
v 0.136635 3.683830 -0.059120
v 0.099879 3.683830 -0.059120
v 0.099879 0.116572 -0.059120
v 0.146103 1.273186 -0.059120
v 0.146103 2.503526 -0.059120
v 0.173392 2.503526 -0.059120
v 0.173392 2.527216 -0.059120
v 0.173392 1.273186 -0.059120
v 0.146103 1.296876 1.195739
v 0.146103 1.296876 1.401730
v 0.146103 2.527216 1.195739
v 0.146103 2.527216 1.401730
v 0.136635 0.116572 1.401730
v 0.136635 0.116572 1.195739
v 0.173392 0.116572 1.401730
v 0.173392 0.116572 1.195739
v 0.173392 3.683830 1.195739
v 0.173392 3.683830 1.401730
v 0.136635 3.683830 1.401730
v 0.136635 3.683830 1.195739
v 0.099879 3.683830 1.195739
v 0.099879 3.683830 1.401730
v 0.099879 0.116572 1.195739
v 0.099879 0.116572 1.401730
v 0.173392 2.527216 1.401730
v 0.173392 2.527216 1.195739
v 0.173392 1.296876 1.401730
v 0.173392 1.296876 1.195739
v 0.146103 1.273186 1.195739
v 0.146103 1.273186 1.401730
v 0.146103 2.503526 1.401730
v 0.146103 2.503526 1.195739
v 0.173392 2.503526 1.195739
v 0.173392 2.503526 1.401730
v 0.173392 1.273186 1.195739
v 0.173392 1.273186 1.401730
v 0.146103 1.273186 -1.519969
v 0.146103 1.273186 -1.313979
v 0.146103 2.503526 -1.313979
v 0.146103 2.503526 -1.519969
v 0.173392 2.503526 -1.519969
v 0.173392 2.503526 -1.313979
v 0.173392 1.273186 -1.519969
v 0.173392 1.273186 -1.313979
v 0.146103 1.296876 -1.313979
v 0.146103 1.296876 -1.519969
v 0.146103 2.527216 -1.313979
v 0.146103 2.527216 -1.519969
v 0.136635 0.116572 -1.313979
v 0.136635 0.116572 -1.519969
v 0.173392 0.116572 -1.519969
v 0.173392 0.116572 -1.313979
v 0.173392 3.683830 -1.313979
v 0.173392 3.683830 -1.519969
v 0.136635 3.683830 -1.313979
v 0.136635 3.683830 -1.519969
v 0.099879 3.683830 -1.519969
v 0.099879 3.683830 -1.313979
v 0.099879 0.116572 -1.519969
v 0.099879 0.116572 -1.313979
v 0.173392 2.527216 -1.519969
v 0.173392 2.527216 -1.313979
v 0.173392 1.296876 -1.519969
v 0.173392 1.296876 -1.313979
v 0.136635 1.486919 -1.869592
v 0.136635 2.313484 -1.869592
v 0.173392 2.313484 -1.869592
v 0.173392 1.486919 -1.869592
v 0.173392 2.313484 1.751352
v 0.173392 1.486919 1.751352
v 0.173392 1.486919 1.869592
v 0.173392 2.313484 1.869592
v 0.136635 2.313484 1.869592
v 0.136635 1.486919 1.869592
v 0.223587 1.486919 1.869592
v 0.223587 2.313484 1.869592
v 0.099879 1.486919 1.869592
v 0.099879 2.313484 1.869592
v 0.099879 2.313484 1.751352
v 0.099879 1.486919 1.751352
v 0.099879 2.313484 -1.869592
v 0.099879 1.486919 -1.869592
v 0.223587 2.313484 1.751352
v 0.223587 1.486919 1.751352
v 0.173392 2.397403 -0.059120
v 0.173392 1.402999 1.195739
v 0.173392 2.397403 1.195739
v 0.173392 2.397403 1.401730
v 0.173392 1.402999 1.401730
v 0.173392 1.402999 -1.519969
v 0.173392 2.397403 -1.519969
v 0.173392 2.397403 -1.313979
v 0.173392 1.402999 -1.313979
v 0.090554 1.402999 1.195739
v 0.090554 2.397403 1.195739
v 0.090554 2.397403 1.401730
v 0.090554 1.402999 1.401730
v 0.090554 1.402999 -1.519969
v 0.090554 2.397403 -1.519969
v 0.090554 2.397403 -1.313979
v 0.090554 1.402999 -1.313979
v 0.136635 1.762440 -1.869592
v 0.136635 2.037962 -1.869592
v 0.173392 2.037962 -1.869592
v 0.173392 1.762440 -1.869592
v 0.173392 2.037962 1.751352
v 0.173392 1.762440 1.751352
v 0.173392 1.762440 1.869592
v 0.173392 2.037962 1.869592
v 0.136635 2.037962 1.869592
v 0.136635 1.762440 1.869592
v 0.223587 1.762440 1.869592
v 0.223587 2.037962 1.869592
v 0.099879 1.762440 1.869592
v 0.099879 2.037962 1.869592
v 0.099879 2.037962 1.751352
v 0.099879 1.762440 1.751352
v 0.099879 2.037962 -1.869592
v 0.099879 1.762440 -1.869592
v 0.223587 2.037962 1.751352
v 0.223587 1.762440 1.751352
v 0.173392 1.618091 -0.059120
v 0.173392 2.202267 -0.059120
v 0.173392 2.065935 1.401730
v 0.173392 1.734467 1.401730
v 0.173392 1.734467 -1.519969
v 0.173392 2.065935 -1.519969
v 0.090554 1.734467 1.195739
v 0.090554 2.065935 1.195739
v 0.090554 2.065935 1.401730
v 0.090554 1.734467 1.401730
v 0.090554 1.734467 -1.519969
v 0.090554 2.065935 -1.519969
v 0.090554 2.065935 -1.313979
v 0.090554 1.734467 -1.313979
v 0.173392 1.618091 1.149301
v 0.126954 1.618405 1.195739
v 0.173392 1.536519 1.195739
v 0.126954 2.202895 1.195739
v 0.173392 2.202267 1.149301
v 0.173392 2.284781 1.195739
v 0.173392 2.202267 -1.267541
v 0.126954 2.202895 -1.313979
v 0.173392 2.284781 -1.313979
v 0.126954 1.618405 -1.313979
v 0.173392 1.618091 -1.267541
v 0.173392 1.536519 -1.313979
v 0.173392 2.284781 -0.059120
v 0.146103 1.296876 0.050971
v 0.146103 1.273186 0.043799
v 0.173392 2.527216 0.043799
v 0.146103 2.527216 0.043799
v 0.146103 2.503526 0.043799
v 0.136635 0.116572 0.043799
v 0.099879 0.116572 0.043799
v 0.173392 0.116572 0.043799
v 0.173392 1.273186 0.043799
v 0.136635 3.683830 0.043799
v 0.173392 3.683830 0.043799
v 0.099879 3.683830 0.043799
v 0.173392 2.503526 0.043799
v 0.173392 2.397403 0.043799
v 0.173392 2.202267 0.043799
v 0.173392 1.618091 0.043799
v 0.173392 2.284781 0.043799
v 0.146103 1.273186 -0.162038
v 0.146103 1.296876 -0.169211
v 0.173392 1.273186 -0.162038
v 0.173392 2.503526 -0.162038
v 0.146103 2.503526 -0.162038
v 0.146103 2.527216 -0.162038
v 0.173392 0.116572 -0.162038
v 0.173392 2.527216 -0.162038
v 0.136635 0.116572 -0.162038
v 0.099879 0.116572 -0.162038
v 0.173392 3.683830 -0.162038
v 0.136635 3.683830 -0.162038
v 0.099879 3.683830 -0.162038
v 0.173392 2.397403 -0.162038
v 0.173392 2.202267 -0.162038
v 0.173392 1.618091 -0.162038
v 0.173392 2.284781 -0.162038
v 0.146103 1.402999 -0.059120
v 0.146103 1.402999 0.050971
v 0.146103 1.542136 0.050971
v 0.146103 1.402999 -0.169211
v 0.146103 1.542136 -0.169211
v 0.146103 1.542136 -0.059120
v 0.163352 1.296876 0.050971
v 0.173392 1.296876 0.061011
v 0.173392 1.402999 0.061011
v 0.163352 1.402999 0.050971
v 0.163352 1.542136 0.050971
v 0.173392 1.552176 0.061011
v 0.173392 1.296876 -0.179251
v 0.163352 1.296876 -0.169211
v 0.163352 1.402999 -0.169211
v 0.173392 1.402999 -0.179251
v 0.173392 1.552176 -0.179251
v 0.163352 1.542136 -0.169211
v 0.163352 1.542136 -0.059120
v 0.173392 1.552176 -0.059120
v 0.000000 0.116572 -1.869592
v 0.000000 3.683830 -1.869592
v 0.000000 0.116572 1.751352
v 0.000000 3.683830 1.751352
v 0.000000 1.296876 -1.869592
v 0.000000 1.273186 -1.869592
v 0.000000 2.527216 -1.869592
v 0.000000 2.503526 -1.869592
v 0.000000 1.296876 1.751352
v 0.000000 1.273186 1.751352
v 0.000000 2.527216 1.751352
v 0.000000 2.503526 1.751352
v 0.000000 0.116572 -0.059120
v 0.000000 3.683830 -0.059120
v 0.000000 0.116572 1.401730
v 0.000000 0.116572 1.195739
v 0.000000 3.683830 1.401730
v 0.000000 3.683830 1.195739
v 0.000000 0.116572 -1.313979
v 0.000000 0.116572 -1.519969
v 0.000000 3.683830 -1.313979
v 0.000000 3.683830 -1.519969
v 0.000000 1.486919 1.751352
v 0.000000 2.313484 1.751352
v 0.000000 1.486919 -1.869592
v 0.000000 2.313484 -1.869592
v 0.000000 1.762440 -1.869592
v 0.000000 2.037962 -1.869592
v 0.000000 1.762440 1.751352
v 0.000000 2.037962 1.751352
v 0.000000 0.116572 0.043799
v 0.000000 3.683830 0.043799
v 0.000000 0.116572 -0.162038
v 0.000000 3.683830 -0.162038
v 0.200669 1.494116 -0.149989
v 0.198137 1.488743 -0.161117
v 0.166515 1.488743 -0.161117
v 0.166515 1.488743 0.042878
v 0.146103 1.299320 -0.161117
v 0.146103 1.535772 -0.161117
v 0.146103 1.299320 0.042878
v 0.146103 1.535772 0.042878
v 0.177724 1.299320 -0.161117
v 0.182875 1.304471 -0.155966
v 0.177724 1.535772 -0.161117
v 0.185494 1.525248 -0.149989
v 0.182875 1.304471 0.037727
v 0.177724 1.299320 0.042878
v 0.177724 1.535772 0.042878
v 0.185494 1.525248 0.031749
v 0.198137 1.488743 0.042878
v 0.200669 1.494116 0.031749
v 0.182875 1.530621 -0.155966
v 0.203288 1.488743 -0.155966
v 0.182875 1.530621 0.037727
v 0.203288 1.488743 0.037727
v 0.183425 1.524240 -0.149989
v 0.198600 1.493108 -0.149989
v 0.183425 1.524240 0.031749
v 0.198600 1.493108 0.031749
v 0.184872 1.521271 -0.146562
v 0.197153 1.496076 -0.146562
v 0.184872 1.521271 0.028322
v 0.197153 1.496076 0.028322
v 0.186104 1.521872 -0.146562
v 0.187348 1.521443 -0.145632
v 0.198814 1.497920 -0.145632
v 0.198386 1.496676 -0.146562
v 0.186104 1.521872 0.028322
v 0.187348 1.521443 0.027392
v 0.198386 1.496676 0.028322
v 0.198814 1.497920 0.027392
v -0.173392 0.116572 1.869592
v -0.173392 3.683830 1.869592
v -0.173392 0.116572 -1.869592
v -0.173392 3.683830 -1.869592
v -0.099879 0.116572 1.869592
v -0.099879 3.683830 1.869592
v -0.099879 0.116572 -1.869592
v -0.099879 3.683830 -1.869592
v -0.099879 0.116572 1.751352
v -0.099879 3.683830 1.751352
v -0.173392 3.683830 1.751352
v -0.173392 0.116572 1.751352
v -0.136635 0.116572 1.869592
v -0.136635 0.116572 -1.869592
v -0.136635 3.683830 1.869592
v -0.136635 3.683830 -1.869592
v -0.136635 0.116572 1.751352
v -0.136635 3.683830 1.751352
v -0.223587 0.116572 1.751352
v -0.223587 0.116572 1.869592
v -0.223587 3.683830 1.869592
v -0.223587 3.683830 1.751352
v -0.208587 1.191110 -1.869592
v -0.208587 1.380669 -1.869592
v -0.208587 1.191110 -1.574682
v -0.208587 1.380669 -1.574682
v -0.173392 1.191110 -1.869592
v -0.173392 1.380669 -1.869592
v -0.173392 1.191110 -1.574682
v -0.173392 1.380669 -1.574682
v -0.179659 1.344852 -1.185667
v -0.179659 1.226927 -1.185667
v -0.173392 1.226927 -1.185667
v -0.173392 1.344852 -1.185667
v -0.179659 1.344852 -1.017978
v -0.179659 1.226927 -1.017978
v -0.173392 1.226927 -1.017978
v -0.173392 1.344852 -1.017978
v -0.208587 1.242131 -1.869592
v -0.208587 1.329648 -1.869592
v -0.208587 1.329648 -1.574682
v -0.208587 1.242131 -1.574682
v -0.173392 1.329648 -1.869592
v -0.173392 1.242131 -1.869592
v -0.179659 1.313112 -1.185667
v -0.179659 1.258667 -1.185667
v -0.179659 1.313112 -1.017978
v -0.179659 1.258667 -1.017978
v -0.173392 1.313112 -1.017978
v -0.173392 1.258667 -1.017978
v -0.223587 1.242131 -1.869221
v -0.223587 1.329648 -1.869221
v -0.223587 1.329648 -1.574311
v -0.223587 1.242131 -1.574311
v -0.194658 1.313112 -1.185296
v -0.194658 1.258667 -1.185296
v -0.194658 1.313112 -1.017607
v -0.194658 1.258667 -1.017607
v -0.208587 2.609291 -1.869592
v -0.208587 2.419733 -1.869592
v -0.208587 2.609291 -1.574682
v -0.208587 2.419733 -1.574682
v -0.173392 2.609291 -1.869592
v -0.173392 2.419733 -1.869592
v -0.173392 2.609291 -1.574682
v -0.173392 2.419733 -1.574682
v -0.179659 2.455549 -1.185667
v -0.179659 2.573475 -1.185667
v -0.173392 2.573475 -1.185667
v -0.173392 2.455549 -1.185667
v -0.179659 2.455549 -1.017978
v -0.179659 2.573475 -1.017978
v -0.173392 2.573475 -1.017978
v -0.173392 2.455549 -1.017978
v -0.208587 2.558270 -1.869592
v -0.208587 2.470753 -1.869592
v -0.208587 2.470753 -1.574682
v -0.208587 2.558270 -1.574682
v -0.173392 2.470753 -1.869592
v -0.173392 2.558270 -1.869592
v -0.179659 2.487289 -1.185667
v -0.179659 2.541734 -1.185667
v -0.179659 2.487289 -1.017978
v -0.179659 2.541734 -1.017978
v -0.173392 2.487289 -1.017978
v -0.173392 2.541734 -1.017978
v -0.223587 2.558270 -1.869221
v -0.223587 2.470753 -1.869221
v -0.223587 2.470753 -1.574311
v -0.223587 2.558270 -1.574311
v -0.194658 2.487289 -1.185296
v -0.194658 2.541734 -1.185296
v -0.194658 2.487289 -1.017607
v -0.194658 2.541734 -1.017607
v -0.146103 1.296876 -1.869592
v -0.146103 1.273186 -1.869592
v -0.146103 1.273186 1.751352
v -0.146103 1.296876 1.751352
v -0.146103 2.527216 -1.869592
v -0.146103 2.503526 -1.869592
v -0.146103 2.503526 1.751352
v -0.146103 2.527216 1.751352
v -0.173392 2.503526 -1.869592
v -0.173392 2.527216 -1.869592
v -0.173392 1.273186 -1.869592
v -0.173392 1.296876 -1.869592
v -0.173392 2.527216 1.869592
v -0.173392 2.503526 1.869592
v -0.173392 1.296876 1.869592
v -0.173392 1.273186 1.869592
v -0.099879 2.527216 1.869592
v -0.099879 2.503526 1.869592
v -0.099879 1.296876 1.869592
v -0.099879 1.273186 1.869592
v -0.099879 2.503526 1.751352
v -0.099879 2.527216 1.751352
v -0.099879 1.273186 1.751352
v -0.099879 1.296876 1.751352
v -0.136635 2.527216 1.869592
v -0.136635 2.503526 1.869592
v -0.136635 1.296876 1.869592
v -0.136635 1.273186 1.869592
v -0.173392 1.296876 1.751352
v -0.173392 1.273186 1.751352
v -0.173392 2.527216 1.751352
v -0.173392 2.503526 1.751352
v -0.099879 1.273186 -1.869592
v -0.099879 1.296876 -1.869592
v -0.099879 2.503526 -1.869592
v -0.099879 2.527216 -1.869592
v -0.136635 1.296876 -1.869592
v -0.136635 1.273186 -1.869592
v -0.136635 2.527216 -1.869592
v -0.136635 2.503526 -1.869592
v -0.223587 2.503526 1.869592
v -0.223587 2.527216 1.869592
v -0.223587 1.273186 1.869592
v -0.223587 1.296876 1.869592
v -0.223587 1.296876 1.751352
v -0.223587 1.273186 1.751352
v -0.223587 2.527216 1.751352
v -0.223587 2.503526 1.751352
v -0.146103 1.296876 -0.059120
v -0.146103 2.527216 -0.059120
v -0.136635 0.116572 -0.059120
v -0.173392 0.116572 -0.059120
v -0.173392 3.683830 -0.059120
v -0.136635 3.683830 -0.059120
v -0.099879 3.683830 -0.059120
v -0.099879 0.116572 -0.059120
v -0.146103 1.273186 -0.059120
v -0.146103 2.503526 -0.059120
v -0.173392 2.503526 -0.059120
v -0.173392 2.527216 -0.059120
v -0.173392 1.273186 -0.059120
v -0.146103 1.296876 1.195739
v -0.146103 1.296876 1.401730
v -0.146103 2.527216 1.195739
v -0.146103 2.527216 1.401730
v -0.136635 0.116572 1.401730
v -0.136635 0.116572 1.195739
v -0.173392 0.116572 1.401730
v -0.173392 0.116572 1.195739
v -0.173392 3.683830 1.195739
v -0.173392 3.683830 1.401730
v -0.136635 3.683830 1.401730
v -0.136635 3.683830 1.195739
v -0.099879 3.683830 1.195739
v -0.099879 3.683830 1.401730
v -0.099879 0.116572 1.195739
v -0.099879 0.116572 1.401730
v -0.173392 2.527216 1.401730
v -0.173392 2.527216 1.195739
v -0.173392 1.296876 1.401730
v -0.173392 1.296876 1.195739
v -0.146103 1.273186 1.195739
v -0.146103 1.273186 1.401730
v -0.146103 2.503526 1.401730
v -0.146103 2.503526 1.195739
v -0.173392 2.503526 1.195739
v -0.173392 2.503526 1.401730
v -0.173392 1.273186 1.195739
v -0.173392 1.273186 1.401730
v -0.146103 1.273186 -1.519969
v -0.146103 1.273186 -1.313979
v -0.146103 2.503526 -1.313979
v -0.146103 2.503526 -1.519969
v -0.173392 2.503526 -1.519969
v -0.173392 2.503526 -1.313979
v -0.173392 1.273186 -1.519969
v -0.173392 1.273186 -1.313979
v -0.146103 1.296876 -1.313979
v -0.146103 1.296876 -1.519969
v -0.146103 2.527216 -1.313979
v -0.146103 2.527216 -1.519969
v -0.136635 0.116572 -1.313979
v -0.136635 0.116572 -1.519969
v -0.173392 0.116572 -1.519969
v -0.173392 0.116572 -1.313979
v -0.173392 3.683830 -1.313979
v -0.173392 3.683830 -1.519969
v -0.136635 3.683830 -1.313979
v -0.136635 3.683830 -1.519969
v -0.099879 3.683830 -1.519969
v -0.099879 3.683830 -1.313979
v -0.099879 0.116572 -1.519969
v -0.099879 0.116572 -1.313979
v -0.173392 2.527216 -1.519969
v -0.173392 2.527216 -1.313979
v -0.173392 1.296876 -1.519969
v -0.173392 1.296876 -1.313979
v -0.136635 1.486919 -1.869592
v -0.136635 2.313484 -1.869592
v -0.173392 2.313484 -1.869592
v -0.173392 1.486919 -1.869592
v -0.173392 2.313484 1.751352
v -0.173392 1.486919 1.751352
v -0.173392 1.486919 1.869592
v -0.173392 2.313484 1.869592
v -0.136635 2.313484 1.869592
v -0.136635 1.486919 1.869592
v -0.223587 1.486919 1.869592
v -0.223587 2.313484 1.869592
v -0.099879 1.486919 1.869592
v -0.099879 2.313484 1.869592
v -0.099879 2.313484 1.751352
v -0.099879 1.486919 1.751352
v -0.099879 2.313484 -1.869592
v -0.099879 1.486919 -1.869592
v -0.223587 2.313484 1.751352
v -0.223587 1.486919 1.751352
v -0.173392 2.397403 -0.059120
v -0.173392 1.402999 1.195739
v -0.173392 2.397403 1.195739
v -0.173392 2.397403 1.401730
v -0.173392 1.402999 1.401730
v -0.173392 1.402999 -1.519969
v -0.173392 2.397403 -1.519969
v -0.173392 2.397403 -1.313979
v -0.173392 1.402999 -1.313979
v -0.090554 1.402999 1.195739
v -0.090554 2.397403 1.195739
v -0.090554 2.397403 1.401730
v -0.090554 1.402999 1.401730
v -0.090554 1.402999 -1.519969
v -0.090554 2.397403 -1.519969
v -0.090554 2.397403 -1.313979
v -0.090554 1.402999 -1.313979
v -0.136635 1.762440 -1.869592
v -0.136635 2.037962 -1.869592
v -0.173392 2.037962 -1.869592
v -0.173392 1.762440 -1.869592
v -0.173392 2.037962 1.751352
v -0.173392 1.762440 1.751352
v -0.173392 1.762440 1.869592
v -0.173392 2.037962 1.869592
v -0.136635 2.037962 1.869592
v -0.136635 1.762440 1.869592
v -0.223587 1.762440 1.869592
v -0.223587 2.037962 1.869592
v -0.099879 1.762440 1.869592
v -0.099879 2.037962 1.869592
v -0.099879 2.037962 1.751352
v -0.099879 1.762440 1.751352
v -0.099879 2.037962 -1.869592
v -0.099879 1.762440 -1.869592
v -0.223587 2.037962 1.751352
v -0.223587 1.762440 1.751352
v -0.173392 1.618091 -0.059120
v -0.173392 2.202267 -0.059120
v -0.173392 2.065935 1.401730
v -0.173392 1.734467 1.401730
v -0.173392 1.734467 -1.519969
v -0.173392 2.065935 -1.519969
v -0.090554 1.734467 1.195739
v -0.090554 2.065935 1.195739
v -0.090554 2.065935 1.401730
v -0.090554 1.734467 1.401730
v -0.090554 1.734467 -1.519969
v -0.090554 2.065935 -1.519969
v -0.090554 2.065935 -1.313979
v -0.090554 1.734467 -1.313979
v -0.173392 1.618091 1.149301
v -0.126954 1.618405 1.195739
v -0.173392 1.536519 1.195739
v -0.126954 2.202895 1.195739
v -0.173392 2.202267 1.149301
v -0.173392 2.284781 1.195739
v -0.173392 2.202267 -1.267541
v -0.126954 2.202895 -1.313979
v -0.173392 2.284781 -1.313979
v -0.126954 1.618405 -1.313979
v -0.173392 1.618091 -1.267541
v -0.173392 1.536519 -1.313979
v -0.173392 2.284781 -0.059120
v -0.146103 1.296876 0.050971
v -0.146103 1.273186 0.043799
v -0.173392 2.527216 0.043799
v -0.146103 2.527216 0.043799
v -0.146103 2.503526 0.043799
v -0.136635 0.116572 0.043799
v -0.099879 0.116572 0.043799
v -0.173392 0.116572 0.043799
v -0.173392 1.273186 0.043799
v -0.136635 3.683830 0.043799
v -0.173392 3.683830 0.043799
v -0.099879 3.683830 0.043799
v -0.173392 2.503526 0.043799
v -0.173392 2.397403 0.043799
v -0.173392 2.202267 0.043799
v -0.173392 1.618091 0.043799
v -0.173392 2.284781 0.043799
v -0.146103 1.273186 -0.162038
v -0.146103 1.296876 -0.169211
v -0.173392 1.273186 -0.162038
v -0.173392 2.503526 -0.162038
v -0.146103 2.503526 -0.162038
v -0.146103 2.527216 -0.162038
v -0.173392 0.116572 -0.162038
v -0.173392 2.527216 -0.162038
v -0.136635 0.116572 -0.162038
v -0.099879 0.116572 -0.162038
v -0.173392 3.683830 -0.162038
v -0.136635 3.683830 -0.162038
v -0.099879 3.683830 -0.162038
v -0.173392 2.397403 -0.162038
v -0.173392 2.202267 -0.162038
v -0.173392 1.618091 -0.162038
v -0.173392 2.284781 -0.162038
v -0.146103 1.402999 -0.059120
v -0.146103 1.402999 0.050971
v -0.146103 1.542136 0.050971
v -0.146103 1.402999 -0.169211
v -0.146103 1.542136 -0.169211
v -0.146103 1.542136 -0.059120
v -0.163352 1.296876 0.050971
v -0.173392 1.296876 0.061011
v -0.173392 1.402999 0.061011
v -0.163352 1.402999 0.050971
v -0.163352 1.542136 0.050971
v -0.173392 1.552176 0.061011
v -0.173392 1.296876 -0.179251
v -0.163352 1.296876 -0.169211
v -0.163352 1.402999 -0.169211
v -0.173392 1.402999 -0.179251
v -0.173392 1.552176 -0.179251
v -0.163352 1.542136 -0.169211
v -0.163352 1.542136 -0.059120
v -0.173392 1.552176 -0.059120
v -0.200669 1.494116 -0.149989
v -0.198137 1.488743 -0.161117
v -0.166515 1.488743 -0.161117
v -0.166515 1.488743 0.042878
v -0.146103 1.299320 -0.161117
v -0.146103 1.535772 -0.161117
v -0.146103 1.299320 0.042878
v -0.146103 1.535772 0.042878
v -0.177724 1.299320 -0.161117
v -0.182875 1.304471 -0.155966
v -0.177724 1.535772 -0.161117
v -0.185494 1.525248 -0.149989
v -0.182875 1.304471 0.037727
v -0.177724 1.299320 0.042878
v -0.177724 1.535772 0.042878
v -0.185494 1.525248 0.031749
v -0.198137 1.488743 0.042878
v -0.200669 1.494116 0.031749
v -0.182875 1.530621 -0.155966
v -0.203288 1.488743 -0.155966
v -0.182875 1.530621 0.037727
v -0.203288 1.488743 0.037727
v -0.183425 1.524240 -0.149989
v -0.198600 1.493108 -0.149989
v -0.183425 1.524240 0.031749
v -0.198600 1.493108 0.031749
v -0.184872 1.521271 -0.146562
v -0.197153 1.496076 -0.146562
v -0.184872 1.521271 0.028322
v -0.197153 1.496076 0.028322
v -0.186104 1.521872 -0.146562
v -0.187348 1.521443 -0.145632
v -0.198814 1.497920 -0.145632
v -0.198386 1.496676 -0.146562
v -0.186104 1.521872 0.028322
v -0.187348 1.521443 0.027392
v -0.198386 1.496676 0.028322
v -0.198814 1.497920 0.027392
v 0.129397 1.512874 1.226355
v 0.152514 1.512874 1.249471
v 0.009476 1.512874 1.369393
v 0.009476 1.512874 1.226355
v 0.155638 1.551530 1.253200
v -0.006869 2.361646 1.210010
v 0.155638 1.580809 1.253200
v -0.006869 2.361646 1.385737
v 0.013352 1.580809 1.369017
v 0.013352 1.551530 1.369017
v 0.168858 2.361646 1.242701
v 0.136167 2.361646 1.210010
v 0.013352 1.551530 1.226731
v 0.013352 1.580809 1.226731
v 0.136167 2.361646 1.385737
v 0.168858 2.361646 1.353046
v 0.129397 1.512874 1.369393
v 0.152514 1.512874 1.346276
v -0.006869 1.580809 1.210010
v -0.006869 1.551530 1.210010
v -0.006869 1.551530 1.385737
v -0.006869 1.580809 1.385737
v 0.136167 1.551530 1.210010
v 0.136167 1.580809 1.210010
v 0.168858 1.580809 1.242701
v 0.168858 1.551530 1.242701
v 0.168858 1.551530 1.353046
v 0.168858 1.580809 1.353046
v 0.136167 1.580809 1.385737
v 0.136167 1.551530 1.385737
v 0.129168 1.551530 1.226731
v 0.129168 1.580809 1.226731
v 0.129168 1.580809 1.369017
v 0.129168 1.551530 1.369017
v 0.155638 1.551530 1.342547
v 0.155638 1.580809 1.342547
v -0.006869 1.887956 1.385737
v -0.006869 2.230478 1.385737
v -0.006869 2.230478 1.210010
v -0.006869 1.887956 1.210010
v 0.136167 2.230478 1.210010
v 0.136167 1.887956 1.210010
v 0.136167 1.887956 1.385737
v 0.136167 2.230478 1.385737
v 0.168858 2.230478 1.242701
v 0.168858 1.887956 1.242701
v 0.168858 2.230478 1.353046
v 0.168858 1.887956 1.353046
v 0.140955 1.512874 1.357834
v 0.142403 1.551530 1.355782
v 0.152513 2.361646 1.369392
v 0.142403 1.580809 1.355782
v 0.152513 1.551530 1.369392
v 0.152513 1.580809 1.369392
v 0.152513 2.230478 1.369392
v 0.152513 1.887956 1.369392
v 0.140955 1.512874 1.237913
v 0.152513 2.361646 1.226356
v 0.142403 1.580809 1.239965
v 0.142403 1.551530 1.239965
v 0.152513 1.551530 1.226356
v 0.152513 1.580809 1.226356
v 0.152513 1.887956 1.226356
v 0.152513 2.230478 1.226356
v 0.096896 2.230478 1.242701
v 0.096896 1.887956 1.242701
v 0.096896 2.230478 1.353046
v 0.096896 1.887956 1.353046
v 0.096896 2.230478 1.369392
v 0.096896 1.887956 1.369392
v 0.096896 1.887956 1.226356
v 0.096896 2.230478 1.226356
v 0.136167 1.512874 1.385737
v -0.006869 1.512874 1.385737
v 0.152513 1.512874 1.369392
v 0.168858 1.512874 1.353046
v 0.152513 1.512874 1.226356
v 0.136167 1.512874 1.210010
v -0.006869 1.512874 1.210010
v 0.168858 1.512874 1.242701
v 0.129397 1.302204 1.369393
v 0.009476 1.302204 1.369393
v 0.140955 1.302204 1.357834
v 0.152514 1.302204 1.346276
v 0.140955 1.302204 1.237913
v 0.129397 1.302204 1.226355
v 0.009476 1.302204 1.226355
v 0.152514 1.302204 1.249471
v 0.008493 2.361646 1.374445
v 0.008493 2.361646 1.221302
v 0.147392 2.361646 1.235547
v 0.161637 2.361646 1.249792
v 0.147392 2.361646 1.360201
v 0.133147 2.361646 1.374445
v 0.161637 2.361646 1.345956
v 0.133147 2.361646 1.221302
v 0.008493 2.405602 1.374445
v 0.008493 2.405602 1.221302
v 0.147392 2.405602 1.235547
v 0.161637 2.405602 1.249792
v 0.147392 2.405602 1.360201
v 0.133147 2.405602 1.374445
v 0.161637 2.405602 1.345956
v 0.133147 2.405602 1.221302
v 0.155638 1.551530 1.304588
v 0.155638 1.551530 1.291158
v 0.168858 1.512874 1.289580
v 0.168858 1.512874 1.306167
v 0.155638 1.580809 1.291158
v 0.155638 1.580809 1.304588
v 0.168858 2.361646 1.289580
v 0.168858 2.361646 1.306167
v 0.168858 1.580809 1.289580
v 0.168858 1.580809 1.306167
v 0.168858 1.551530 1.306167
v 0.168858 1.551530 1.289580
v 0.168858 1.887956 1.289580
v 0.168858 1.887956 1.306167
v 0.168858 2.230478 1.289580
v 0.168858 2.230478 1.306167
v 0.096896 1.887956 1.289580
v 0.096896 1.887956 1.306167
v 0.096896 2.230478 1.289580
v 0.096896 2.230478 1.306167
v 0.152514 1.512874 1.290598
v 0.152514 1.512874 1.305149
v 0.152514 1.302204 1.290598
v 0.152514 1.302204 1.305149
v 0.161637 2.361646 1.290646
v 0.161637 2.361646 1.305101
v 0.161637 2.405602 1.290646
v 0.161637 2.405602 1.305101
v 0.096896 1.580809 1.289580
v 0.096896 1.580809 1.306167
v 0.155638 1.887956 1.242701
v 0.142295 1.887956 1.226356
v 0.142295 2.230478 1.226356
v 0.155638 1.887956 1.353046
v 0.142295 2.230478 1.369392
v 0.155638 2.230478 1.353046
v 0.142295 1.887956 1.369392
v 0.155638 2.230478 1.242701
v 0.155638 2.230478 1.289580
v 0.155638 2.230478 1.306167
v 0.155638 1.887956 1.306167
v 0.155638 1.887956 1.289580
v 0.137243 1.580808 1.257526
v 0.137243 1.580808 1.338221
v 0.096896 1.596583 1.240813
v 0.096896 1.580808 1.354933
v 0.096896 1.580808 1.240813
v 0.096896 1.784050 1.240813
v 0.137243 2.230478 1.338221
v 0.096896 2.230478 1.354933
v 0.096896 2.230478 1.240813
v 0.137243 2.230478 1.257526
v 0.151725 1.580808 1.292488
v 0.151725 1.580808 1.303258
v 0.151725 2.230478 1.303258
v 0.151725 2.230478 1.292488
v 0.137243 1.596583 1.257526
v 0.137243 1.784050 1.257526
v 0.137243 1.784050 1.338221
v 0.137243 1.596583 1.338221
v 0.096896 1.784050 1.354933
v 0.096896 1.596583 1.354933
v 0.151725 1.784050 1.303258
v 0.151725 1.596583 1.303258
v 0.151725 1.596583 1.292488
v 0.151725 1.784050 1.292488
v 0.137243 1.629122 1.257526
v 0.137243 1.751511 1.257526
v 0.096896 1.751511 1.240813
v 0.096896 1.629122 1.240813
v 0.137243 1.751511 1.338221
v 0.137243 1.629122 1.338221
v 0.096896 1.751511 1.354933
v 0.096896 1.629122 1.354933
v 0.151725 1.751511 1.303258
v 0.151725 1.629122 1.303258
v 0.151725 1.629122 1.292488
v 0.151725 1.751511 1.292488
v 0.190316 1.629122 1.303258
v 0.160432 1.596583 1.303258
v 0.190316 1.751511 1.292488
v 0.189302 1.784050 1.292488
v 0.189302 1.784050 1.303258
v 0.160432 1.596583 1.292488
v 0.190316 1.751511 1.303258
v 0.190316 1.629122 1.292488
v 0.204254 1.629122 1.303258
v 0.203273 1.624045 1.301681
v 0.204254 1.751511 1.292488
v 0.203273 1.756588 1.294066
v 0.203273 1.756588 1.301681
v 0.203273 1.624045 1.294066
v 0.204254 1.751511 1.303258
v 0.204254 1.629122 1.292488
v -0.129397 1.512874 1.226355
v -0.152514 1.512874 1.249471
v -0.009476 1.512874 1.369393
v -0.009476 1.512874 1.226355
v -0.155638 1.551530 1.253200
v 0.006869 2.361646 1.210010
v -0.155638 1.580809 1.253200
v 0.006869 2.361646 1.385737
v -0.013352 1.580809 1.369017
v -0.013352 1.551530 1.369017
v -0.168858 2.361646 1.242701
v -0.136167 2.361646 1.210010
v -0.013352 1.551530 1.226731
v -0.013352 1.580809 1.226731
v -0.136167 2.361646 1.385737
v -0.168858 2.361646 1.353046
v -0.129397 1.512874 1.369393
v -0.152514 1.512874 1.346276
v 0.006869 1.580809 1.210010
v 0.006869 1.551530 1.210010
v 0.006869 1.551530 1.385737
v 0.006869 1.580809 1.385737
v -0.136167 1.551530 1.210010
v -0.136167 1.580809 1.210010
v -0.168858 1.580809 1.242701
v -0.168858 1.551530 1.242701
v -0.168858 1.551530 1.353046
v -0.168858 1.580809 1.353046
v -0.136167 1.580809 1.385737
v -0.136167 1.551530 1.385737
v -0.129168 1.551530 1.226731
v -0.129168 1.580809 1.226731
v -0.129168 1.580809 1.369017
v -0.129168 1.551530 1.369017
v -0.155638 1.551530 1.342547
v -0.155638 1.580809 1.342547
v 0.006869 1.887956 1.385737
v 0.006869 2.230478 1.385737
v 0.006869 2.230478 1.210010
v 0.006869 1.887956 1.210010
v -0.136167 2.230478 1.210010
v -0.136167 1.887956 1.210010
v -0.136167 1.887956 1.385737
v -0.136167 2.230478 1.385737
v -0.168858 2.230478 1.242701
v -0.168858 1.887956 1.242701
v -0.168858 2.230478 1.353046
v -0.168858 1.887956 1.353046
v -0.140955 1.512874 1.357834
v -0.142403 1.551530 1.355782
v -0.152513 2.361646 1.369392
v -0.142403 1.580809 1.355782
v -0.152513 1.551530 1.369392
v -0.152513 1.580809 1.369392
v -0.152513 2.230478 1.369392
v -0.152513 1.887956 1.369392
v -0.140955 1.512874 1.237913
v -0.152513 2.361646 1.226356
v -0.142403 1.580809 1.239965
v -0.142403 1.551530 1.239965
v -0.152513 1.551530 1.226356
v -0.152513 1.580809 1.226356
v -0.152513 1.887956 1.226356
v -0.152513 2.230478 1.226356
v -0.096896 2.230478 1.242701
v -0.096896 1.887956 1.242701
v -0.096896 2.230478 1.353046
v -0.096896 1.887956 1.353046
v -0.096896 2.230478 1.369392
v -0.096896 1.887956 1.369392
v -0.096896 1.887956 1.226356
v -0.096896 2.230478 1.226356
v -0.136167 1.512874 1.385737
v 0.006869 1.512874 1.385737
v -0.152513 1.512874 1.369392
v -0.168858 1.512874 1.353046
v -0.152513 1.512874 1.226356
v -0.136167 1.512874 1.210010
v 0.006869 1.512874 1.210010
v -0.168858 1.512874 1.242701
v -0.129397 1.302204 1.369393
v -0.009476 1.302204 1.369393
v -0.140955 1.302204 1.357834
v -0.152514 1.302204 1.346276
v -0.140955 1.302204 1.237913
v -0.129397 1.302204 1.226355
v -0.009476 1.302204 1.226355
v -0.152514 1.302204 1.249471
v -0.008493 2.361646 1.374445
v -0.008493 2.361646 1.221302
v -0.147392 2.361646 1.235547
v -0.161637 2.361646 1.249792
v -0.147392 2.361646 1.360201
v -0.133147 2.361646 1.374445
v -0.161637 2.361646 1.345956
v -0.133147 2.361646 1.221302
v -0.008493 2.405602 1.374445
v -0.008493 2.405602 1.221302
v -0.147392 2.405602 1.235547
v -0.161637 2.405602 1.249792
v -0.147392 2.405602 1.360201
v -0.133147 2.405602 1.374445
v -0.161637 2.405602 1.345956
v -0.133147 2.405602 1.221302
v -0.155638 1.551530 1.304588
v -0.155638 1.551530 1.291158
v -0.168858 1.512874 1.289580
v -0.168858 1.512874 1.306167
v -0.155638 1.580809 1.291158
v -0.155638 1.580809 1.304588
v -0.168858 2.361646 1.289580
v -0.168858 2.361646 1.306167
v -0.168858 1.580809 1.289580
v -0.168858 1.580809 1.306167
v -0.168858 1.551530 1.306167
v -0.168858 1.551530 1.289580
v -0.168858 1.887956 1.289580
v -0.168858 1.887956 1.306167
v -0.168858 2.230478 1.289580
v -0.168858 2.230478 1.306167
v -0.096896 1.887956 1.289580
v -0.096896 1.887956 1.306167
v -0.096896 2.230478 1.289580
v -0.096896 2.230478 1.306167
v -0.152514 1.512874 1.290598
v -0.152514 1.512874 1.305149
v -0.152514 1.302204 1.290598
v -0.152514 1.302204 1.305149
v -0.161637 2.361646 1.290646
v -0.161637 2.361646 1.305101
v -0.161637 2.405602 1.290646
v -0.161637 2.405602 1.305101
v -0.096896 1.580809 1.289580
v -0.096896 1.580809 1.306167
v -0.155638 1.887956 1.242701
v -0.142295 1.887956 1.226356
v -0.142295 2.230478 1.226356
v -0.155638 1.887956 1.353046
v -0.142295 2.230478 1.369392
v -0.155638 2.230478 1.353046
v -0.142295 1.887956 1.369392
v -0.155638 2.230478 1.242701
v -0.155638 2.230478 1.289580
v -0.155638 2.230478 1.306167
v -0.155638 1.887956 1.306167
v -0.155638 1.887956 1.289580
v -0.137243 1.580808 1.257526
v -0.137243 1.580808 1.338221
v -0.096896 1.596583 1.240813
v -0.096896 1.580808 1.354933
v -0.096896 1.580808 1.240813
v -0.096896 1.784050 1.240813
v -0.137243 2.230478 1.338221
v -0.096896 2.230478 1.354933
v -0.096896 2.230478 1.240813
v -0.137243 2.230478 1.257526
v -0.151725 1.580808 1.292488
v -0.151725 1.580808 1.303258
v -0.151725 2.230478 1.303258
v -0.151725 2.230478 1.292488
v -0.137243 1.596583 1.257526
v -0.137243 1.784050 1.257526
v -0.137243 1.784050 1.338221
v -0.137243 1.596583 1.338221
v -0.096896 1.784050 1.354933
v -0.096896 1.596583 1.354933
v -0.151725 1.784050 1.303258
v -0.151725 1.596583 1.303258
v -0.151725 1.596583 1.292488
v -0.151725 1.784050 1.292488
v -0.137243 1.629122 1.257526
v -0.137243 1.751511 1.257526
v -0.096896 1.751511 1.240813
v -0.096896 1.629122 1.240813
v -0.137243 1.751511 1.338221
v -0.137243 1.629122 1.338221
v -0.096896 1.751511 1.354933
v -0.096896 1.629122 1.354933
v -0.151725 1.751511 1.303258
v -0.151725 1.629122 1.303258
v -0.151725 1.629122 1.292488
v -0.151725 1.751511 1.292488
v -0.190316 1.629122 1.303258
v -0.160432 1.596583 1.303258
v -0.190316 1.751511 1.292488
v -0.189302 1.784050 1.292488
v -0.189302 1.784050 1.303258
v -0.160432 1.596583 1.292488
v -0.190316 1.751511 1.303258
v -0.190316 1.629122 1.292488
v -0.204254 1.629122 1.303258
v -0.203273 1.624045 1.301681
v -0.204254 1.751511 1.292488
v -0.203273 1.756588 1.294066
v -0.203273 1.756588 1.301681
v -0.203273 1.624045 1.294066
v -0.204254 1.751511 1.303258
v -0.204254 1.629122 1.292488
v 0.129397 1.512874 -1.344595
v 0.152514 1.512874 -1.367711
v 0.009476 1.512874 -1.487632
v 0.009476 1.512874 -1.344595
v 0.155638 1.551530 -1.371440
v -0.006869 2.361646 -1.328250
v 0.155638 1.580809 -1.371440
v -0.006869 2.361646 -1.503977
v 0.013352 1.580809 -1.487257
v 0.013352 1.551530 -1.487257
v 0.168858 2.361646 -1.360941
v 0.136167 2.361646 -1.328250
v 0.013352 1.551530 -1.344970
v 0.013352 1.580809 -1.344970
v 0.136167 2.361646 -1.503977
v 0.168858 2.361646 -1.471286
v 0.129397 1.512874 -1.487632
v 0.152514 1.512874 -1.464516
v -0.006869 1.580809 -1.328250
v -0.006869 1.551530 -1.328250
v -0.006869 1.551530 -1.503977
v -0.006869 1.580809 -1.503977
v 0.136167 1.551530 -1.328250
v 0.136167 1.580809 -1.328250
v 0.168858 1.580809 -1.360941
v 0.168858 1.551530 -1.360941
v 0.168858 1.551530 -1.471286
v 0.168858 1.580809 -1.471286
v 0.136167 1.580809 -1.503977
v 0.136167 1.551530 -1.503977
v 0.129168 1.551530 -1.344970
v 0.129168 1.580809 -1.344970
v 0.129168 1.580809 -1.487257
v 0.129168 1.551530 -1.487257
v 0.155638 1.551530 -1.460787
v 0.155638 1.580809 -1.460787
v -0.006869 1.887956 -1.503977
v -0.006869 2.230478 -1.503977
v -0.006869 2.230478 -1.328250
v -0.006869 1.887956 -1.328250
v 0.136167 2.230478 -1.328250
v 0.136167 1.887956 -1.328250
v 0.136167 1.887956 -1.503977
v 0.136167 2.230478 -1.503977
v 0.168858 2.230478 -1.360941
v 0.168858 1.887956 -1.360941
v 0.168858 2.230478 -1.471286
v 0.168858 1.887956 -1.471286
v 0.140955 1.512874 -1.476074
v 0.142403 1.551530 -1.474022
v 0.152513 2.361646 -1.487631
v 0.142403 1.580809 -1.474022
v 0.152513 1.551530 -1.487631
v 0.152513 1.580809 -1.487631
v 0.152513 2.230478 -1.487631
v 0.152513 1.887956 -1.487631
v 0.140955 1.512874 -1.356153
v 0.152513 2.361646 -1.344596
v 0.142403 1.580809 -1.358205
v 0.142403 1.551530 -1.358205
v 0.152513 1.551530 -1.344596
v 0.152513 1.580809 -1.344596
v 0.152513 1.887956 -1.344596
v 0.152513 2.230478 -1.344596
v 0.096896 2.230478 -1.360941
v 0.096896 1.887956 -1.360941
v 0.096896 2.230478 -1.471286
v 0.096896 1.887956 -1.471286
v 0.096896 2.230478 -1.487631
v 0.096896 1.887956 -1.487631
v 0.096896 1.887956 -1.344596
v 0.096896 2.230478 -1.344596
v 0.136167 1.512874 -1.503977
v -0.006869 1.512874 -1.503977
v 0.152513 1.512874 -1.487631
v 0.168858 1.512874 -1.471286
v 0.152513 1.512874 -1.344596
v 0.136167 1.512874 -1.328250
v -0.006869 1.512874 -1.328250
v 0.168858 1.512874 -1.360941
v 0.129397 1.302204 -1.487632
v 0.009476 1.302204 -1.487632
v 0.140955 1.302204 -1.476074
v 0.152514 1.302204 -1.464516
v 0.140955 1.302204 -1.356153
v 0.129397 1.302204 -1.344595
v 0.009476 1.302204 -1.344595
v 0.152514 1.302204 -1.367711
v 0.008493 2.361646 -1.492685
v 0.008493 2.361646 -1.339542
v 0.147392 2.361646 -1.353786
v 0.161637 2.361646 -1.368031
v 0.147392 2.361646 -1.478440
v 0.133147 2.361646 -1.492685
v 0.161637 2.361646 -1.464196
v 0.133147 2.361646 -1.339542
v 0.008493 2.405602 -1.492685
v 0.008493 2.405602 -1.339542
v 0.147392 2.405602 -1.353786
v 0.161637 2.405602 -1.368031
v 0.147392 2.405602 -1.478440
v 0.133147 2.405602 -1.492685
v 0.161637 2.405602 -1.464196
v 0.133147 2.405602 -1.339542
v 0.155638 1.551530 -1.422828
v 0.155638 1.551530 -1.409398
v 0.168858 1.512874 -1.407820
v 0.168858 1.512874 -1.424407
v 0.155638 1.580809 -1.409398
v 0.155638 1.580809 -1.422828
v 0.168858 2.361646 -1.407820
v 0.168858 2.361646 -1.424407
v 0.168858 1.580809 -1.407820
v 0.168858 1.580809 -1.424407
v 0.168858 1.551530 -1.424407
v 0.168858 1.551530 -1.407820
v 0.168858 1.887956 -1.407820
v 0.168858 1.887956 -1.424407
v 0.168858 2.230478 -1.407820
v 0.168858 2.230478 -1.424407
v 0.096896 1.887956 -1.407820
v 0.096896 1.887956 -1.424407
v 0.096896 2.230478 -1.407820
v 0.096896 2.230478 -1.424407
v 0.152514 1.512874 -1.408838
v 0.152514 1.512874 -1.423389
v 0.152514 1.302204 -1.408838
v 0.152514 1.302204 -1.423389
v 0.161637 2.361646 -1.408886
v 0.161637 2.361646 -1.423341
v 0.161637 2.405602 -1.408886
v 0.161637 2.405602 -1.423341
v 0.096896 1.580809 -1.407820
v 0.096896 1.580809 -1.424407
v 0.155638 1.887956 -1.360941
v 0.142295 1.887956 -1.344596
v 0.142295 2.230478 -1.344596
v 0.155638 1.887956 -1.471286
v 0.142295 2.230478 -1.487631
v 0.155638 2.230478 -1.471286
v 0.142295 1.887956 -1.487631
v 0.155638 2.230478 -1.360941
v 0.155638 2.230478 -1.407820
v 0.155638 2.230478 -1.424407
v 0.155638 1.887956 -1.424407
v 0.155638 1.887956 -1.407820
v 0.137243 1.580808 -1.375766
v 0.137243 1.580808 -1.456461
v 0.096896 1.596583 -1.359053
v 0.096896 1.580808 -1.473173
v 0.096896 1.580808 -1.359053
v 0.096896 1.784050 -1.359053
v 0.137243 2.230478 -1.456461
v 0.096896 2.230478 -1.473173
v 0.096896 2.230478 -1.359053
v 0.137243 2.230478 -1.375766
v 0.151725 1.580808 -1.410728
v 0.151725 1.580808 -1.421498
v 0.151725 2.230478 -1.421498
v 0.151725 2.230478 -1.410728
v 0.137243 1.596583 -1.375766
v 0.137243 1.784050 -1.375766
v 0.137243 1.784050 -1.456461
v 0.137243 1.596583 -1.456461
v 0.096896 1.784050 -1.473173
v 0.096896 1.596583 -1.473173
v 0.151725 1.784050 -1.421498
v 0.151725 1.596583 -1.421498
v 0.151725 1.596583 -1.410728
v 0.151725 1.784050 -1.410728
v 0.137243 1.629122 -1.375766
v 0.137243 1.751511 -1.375766
v 0.096896 1.751511 -1.359053
v 0.096896 1.629122 -1.359053
v 0.137243 1.751511 -1.456461
v 0.137243 1.629122 -1.456461
v 0.096896 1.751511 -1.473173
v 0.096896 1.629122 -1.473173
v 0.151725 1.751511 -1.421498
v 0.151725 1.629122 -1.421498
v 0.151725 1.629122 -1.410728
v 0.151725 1.751511 -1.410728
v 0.190316 1.629122 -1.421498
v 0.160432 1.596583 -1.421498
v 0.190316 1.751511 -1.410728
v 0.189302 1.784050 -1.410728
v 0.189302 1.784050 -1.421498
v 0.160432 1.596583 -1.410728
v 0.190316 1.751511 -1.421498
v 0.190316 1.629122 -1.410728
v 0.204254 1.629122 -1.421498
v 0.203273 1.624045 -1.419921
v 0.204254 1.751511 -1.410728
v 0.203273 1.756588 -1.412306
v 0.203273 1.756588 -1.419921
v 0.203273 1.624045 -1.412306
v 0.204254 1.751511 -1.421498
v 0.204254 1.629122 -1.410728
v -0.129397 1.512874 -1.344595
v -0.152514 1.512874 -1.367711
v -0.009476 1.512874 -1.487632
v -0.009476 1.512874 -1.344595
v -0.155638 1.551530 -1.371440
v 0.006869 2.361646 -1.328250
v -0.155638 1.580809 -1.371440
v 0.006869 2.361646 -1.503977
v -0.013352 1.580809 -1.487257
v -0.013352 1.551530 -1.487257
v -0.168858 2.361646 -1.360941
v -0.136167 2.361646 -1.328250
v -0.013352 1.551530 -1.344970
v -0.013352 1.580809 -1.344970
v -0.136167 2.361646 -1.503977
v -0.168858 2.361646 -1.471286
v -0.129397 1.512874 -1.487632
v -0.152514 1.512874 -1.464516
v 0.006869 1.580809 -1.328250
v 0.006869 1.551530 -1.328250
v 0.006869 1.551530 -1.503977
v 0.006869 1.580809 -1.503977
v -0.136167 1.551530 -1.328250
v -0.136167 1.580809 -1.328250
v -0.168858 1.580809 -1.360941
v -0.168858 1.551530 -1.360941
v -0.168858 1.551530 -1.471286
v -0.168858 1.580809 -1.471286
v -0.136167 1.580809 -1.503977
v -0.136167 1.551530 -1.503977
v -0.129168 1.551530 -1.344970
v -0.129168 1.580809 -1.344970
v -0.129168 1.580809 -1.487257
v -0.129168 1.551530 -1.487257
v -0.155638 1.551530 -1.460787
v -0.155638 1.580809 -1.460787
v 0.006869 1.887956 -1.503977
v 0.006869 2.230478 -1.503977
v 0.006869 2.230478 -1.328250
v 0.006869 1.887956 -1.328250
v -0.136167 2.230478 -1.328250
v -0.136167 1.887956 -1.328250
v -0.136167 1.887956 -1.503977
v -0.136167 2.230478 -1.503977
v -0.168858 2.230478 -1.360941
v -0.168858 1.887956 -1.360941
v -0.168858 2.230478 -1.471286
v -0.168858 1.887956 -1.471286
v -0.140955 1.512874 -1.476074
v -0.142403 1.551530 -1.474022
v -0.152513 2.361646 -1.487631
v -0.142403 1.580809 -1.474022
v -0.152513 1.551530 -1.487631
v -0.152513 1.580809 -1.487631
v -0.152513 2.230478 -1.487631
v -0.152513 1.887956 -1.487631
v -0.140955 1.512874 -1.356153
v -0.152513 2.361646 -1.344596
v -0.142403 1.580809 -1.358205
v -0.142403 1.551530 -1.358205
v -0.152513 1.551530 -1.344596
v -0.152513 1.580809 -1.344596
v -0.152513 1.887956 -1.344596
v -0.152513 2.230478 -1.344596
v -0.096896 2.230478 -1.360941
v -0.096896 1.887956 -1.360941
v -0.096896 2.230478 -1.471286
v -0.096896 1.887956 -1.471286
v -0.096896 2.230478 -1.487631
v -0.096896 1.887956 -1.487631
v -0.096896 1.887956 -1.344596
v -0.096896 2.230478 -1.344596
v -0.136167 1.512874 -1.503977
v 0.006869 1.512874 -1.503977
v -0.152513 1.512874 -1.487631
v -0.168858 1.512874 -1.471286
v -0.152513 1.512874 -1.344596
v -0.136167 1.512874 -1.328250
v 0.006869 1.512874 -1.328250
v -0.168858 1.512874 -1.360941
v -0.129397 1.302204 -1.487632
v -0.009476 1.302204 -1.487632
v -0.140955 1.302204 -1.476074
v -0.152514 1.302204 -1.464516
v -0.140955 1.302204 -1.356153
v -0.129397 1.302204 -1.344595
v -0.009476 1.302204 -1.344595
v -0.152514 1.302204 -1.367711
v -0.008493 2.361646 -1.492685
v -0.008493 2.361646 -1.339542
v -0.147392 2.361646 -1.353786
v -0.161637 2.361646 -1.368031
v -0.147392 2.361646 -1.478440
v -0.133147 2.361646 -1.492685
v -0.161637 2.361646 -1.464196
v -0.133147 2.361646 -1.339542
v -0.008493 2.405602 -1.492685
v -0.008493 2.405602 -1.339542
v -0.147392 2.405602 -1.353786
v -0.161637 2.405602 -1.368031
v -0.147392 2.405602 -1.478440
v -0.133147 2.405602 -1.492685
v -0.161637 2.405602 -1.464196
v -0.133147 2.405602 -1.339542
v -0.155638 1.551530 -1.422828
v -0.155638 1.551530 -1.409398
v -0.168858 1.512874 -1.407820
v -0.168858 1.512874 -1.424407
v -0.155638 1.580809 -1.409398
v -0.155638 1.580809 -1.422828
v -0.168858 2.361646 -1.407820
v -0.168858 2.361646 -1.424407
v -0.168858 1.580809 -1.407820
v -0.168858 1.580809 -1.424407
v -0.168858 1.551530 -1.424407
v -0.168858 1.551530 -1.407820
v -0.168858 1.887956 -1.407820
v -0.168858 1.887956 -1.424407
v -0.168858 2.230478 -1.407820
v -0.168858 2.230478 -1.424407
v -0.096896 1.887956 -1.407820
v -0.096896 1.887956 -1.424407
v -0.096896 2.230478 -1.407820
v -0.096896 2.230478 -1.424407
v -0.152514 1.512874 -1.408838
v -0.152514 1.512874 -1.423389
v -0.152514 1.302204 -1.408838
v -0.152514 1.302204 -1.423389
v -0.161637 2.361646 -1.408886
v -0.161637 2.361646 -1.423341
v -0.161637 2.405602 -1.408886
v -0.161637 2.405602 -1.423341
v -0.096896 1.580809 -1.407820
v -0.096896 1.580809 -1.424407
v -0.155638 1.887956 -1.360941
v -0.142295 1.887956 -1.344596
v -0.142295 2.230478 -1.344596
v -0.155638 1.887956 -1.471286
v -0.142295 2.230478 -1.487631
v -0.155638 2.230478 -1.471286
v -0.142295 1.887956 -1.487631
v -0.155638 2.230478 -1.360941
v -0.155638 2.230478 -1.407820
v -0.155638 2.230478 -1.424407
v -0.155638 1.887956 -1.424407
v -0.155638 1.887956 -1.407820
v -0.137243 1.580808 -1.375766
v -0.137243 1.580808 -1.456461
v -0.096896 1.596583 -1.359053
v -0.096896 1.580808 -1.473173
v -0.096896 1.580808 -1.359053
v -0.096896 1.784050 -1.359053
v -0.137243 2.230478 -1.456461
v -0.096896 2.230478 -1.473173
v -0.096896 2.230478 -1.359053
v -0.137243 2.230478 -1.375766
v -0.151725 1.580808 -1.410728
v -0.151725 1.580808 -1.421498
v -0.151725 2.230478 -1.421498
v -0.151725 2.230478 -1.410728
v -0.137243 1.596583 -1.375766
v -0.137243 1.784050 -1.375766
v -0.137243 1.784050 -1.456461
v -0.137243 1.596583 -1.456461
v -0.096896 1.784050 -1.473173
v -0.096896 1.596583 -1.473173
v -0.151725 1.784050 -1.421498
v -0.151725 1.596583 -1.421498
v -0.151725 1.596583 -1.410728
v -0.151725 1.784050 -1.410728
v -0.137243 1.629122 -1.375766
v -0.137243 1.751511 -1.375766
v -0.096896 1.751511 -1.359053
v -0.096896 1.629122 -1.359053
v -0.137243 1.751511 -1.456461
v -0.137243 1.629122 -1.456461
v -0.096896 1.751511 -1.473173
v -0.096896 1.629122 -1.473173
v -0.151725 1.751511 -1.421498
v -0.151725 1.629122 -1.421498
v -0.151725 1.629122 -1.410728
v -0.151725 1.751511 -1.410728
v -0.190316 1.629122 -1.421498
v -0.160432 1.596583 -1.421498
v -0.190316 1.751511 -1.410728
v -0.189302 1.784050 -1.410728
v -0.189302 1.784050 -1.421498
v -0.160432 1.596583 -1.410728
v -0.190316 1.751511 -1.421498
v -0.190316 1.629122 -1.410728
v -0.204254 1.629122 -1.421498
v -0.203273 1.624045 -1.419921
v -0.204254 1.751511 -1.410728
v -0.203273 1.756588 -1.412306
v -0.203273 1.756588 -1.419921
v -0.203273 1.624045 -1.412306
v -0.204254 1.751511 -1.421498
v -0.204254 1.629122 -1.410728
v 0.196103 0.602407 -1.198335
v 0.196103 0.890630 -1.218919
v 0.196103 0.964294 1.702706
v 0.196103 1.252517 1.682122
v 0.138750 0.602407 -1.198335
v 0.138750 0.890630 -1.218919
v 0.138750 0.964294 1.702706
v 0.138750 1.252517 1.682122
v 0.196103 3.124732 -1.198335
v 0.196103 2.836509 -1.218919
v 0.196103 2.762845 1.702706
v 0.196103 2.474622 1.682122
v 0.138750 3.124732 -1.198335
v 0.138750 2.836509 -1.218919
v 0.138750 2.762845 1.702706
v 0.138750 2.474622 1.682122
v 0.209831 0.900201 1.792735
v 0.209831 2.900201 1.792735
v 0.175672 0.900201 1.792735
v 0.175672 2.900201 1.792735
v 0.209831 0.900201 1.699284
v 0.209831 1.254214 1.428465
v 0.209831 2.546188 1.428465
v 0.209831 2.900201 1.699284
v 0.175672 1.254214 1.428465
v 0.175672 0.900201 1.699284
v 0.175672 2.900201 1.699284
v 0.175672 2.546188 1.428465
v 0.214101 2.661521 -1.792735
v 0.214101 3.603876 -0.930335
v 0.214101 3.603876 -1.792736
v 0.173392 2.661521 -1.792735
v 0.173392 3.603876 -0.930335
v 0.173392 3.603876 -1.792736
v 0.214101 3.135175 -0.930335
v 0.214101 2.661521 -1.403989
v 0.173392 2.661521 -1.403989
v 0.173392 3.135175 -0.930335
v 0.214101 0.166585 -0.850381
v 0.214101 1.028985 -1.792735
v 0.214101 0.166585 -1.792735
v 0.173392 0.166585 -0.850381
v 0.173392 1.028985 -1.792735
v 0.173392 0.166585 -1.792735
v 0.214101 1.028985 -1.324035
v 0.214101 0.555331 -0.850381
v 0.173392 0.555331 -0.850381
v 0.173392 1.028985 -1.324035
v -0.196103 0.602407 -1.198335
v -0.196103 0.890630 -1.218919
v -0.196103 0.964294 1.702706
v -0.196103 1.252517 1.682122
v -0.138750 0.602407 -1.198335
v -0.138750 0.890630 -1.218919
v -0.138750 0.964294 1.702706
v -0.138750 1.252517 1.682122
v -0.196103 3.124732 -1.198335
v -0.196103 2.836509 -1.218919
v -0.196103 2.762845 1.702706
v -0.196103 2.474622 1.682122
v -0.138750 3.124732 -1.198335
v -0.138750 2.836509 -1.218919
v -0.138750 2.762845 1.702706
v -0.138750 2.474622 1.682122
v -0.209831 0.900201 1.792735
v -0.209831 2.900201 1.792735
v -0.175672 0.900201 1.792735
v -0.175672 2.900201 1.792735
v -0.209831 0.900201 1.699284
v -0.209831 1.254214 1.428465
v -0.209831 2.546188 1.428465
v -0.209831 2.900201 1.699284
v -0.175672 1.254214 1.428465
v -0.175672 0.900201 1.699284
v -0.175672 2.900201 1.699284
v -0.175672 2.546188 1.428465
v -0.214101 2.661521 -1.792735
v -0.214101 3.603876 -0.930335
v -0.214101 3.603876 -1.792736
v -0.173392 2.661521 -1.792735
v -0.173392 3.603876 -0.930335
v -0.173392 3.603876 -1.792736
v -0.214101 3.135175 -0.930335
v -0.214101 2.661521 -1.403989
v -0.173392 2.661521 -1.403989
v -0.173392 3.135175 -0.930335
v -0.214101 0.166585 -0.850381
v -0.214101 1.028985 -1.792735
v -0.214101 0.166585 -1.792735
v -0.173392 0.166585 -0.850381
v -0.173392 1.028985 -1.792735
v -0.173392 0.166585 -1.792735
v -0.214101 1.028985 -1.324035
v -0.214101 0.555331 -0.850381
v -0.173392 0.555331 -0.850381
v -0.173392 1.028985 -1.324035
vn -0.0000 1.0000 -0.0000
vn -0.0000 -1.0000 -0.0000
vn -0.0000 -0.0000 -1.0000
vn 1.0000 -0.0000 -0.0000
vn -0.0000 -0.9958 0.0917
vn -0.0000 0.9958 0.0917
vn 0.9972 -0.0000 0.0742
vn -0.0000 -0.0000 1.0000
vn -0.0010 -0.9991 0.0424
vn -0.0247 -0.0000 0.9997
vn -0.0010 0.9991 0.0424
vn 0.0247 -0.0000 -0.9997
vn -1.0000 -0.0000 -0.0000
vn 0.6574 0.3728 0.6549
vn 0.6541 -0.3710 0.6592
vn 0.6541 -0.3710 -0.6592
vn 0.6574 0.3728 -0.6549
vn 0.7071 -0.0000 0.7071
vn 0.7071 -0.0000 -0.7071
vn 0.7071 -0.7071 -0.0000
vn 0.7445 0.3418 0.5735
vn 0.9939 -0.1101 -0.0000
vn 0.7244 -0.0791 -0.6848
vn 0.7445 0.3418 -0.5735
vn 0.7071 0.7071 -0.0000
vn 0.7244 -0.0791 0.6848
vn 0.8989 0.4382 -0.0000
vn 0.4381 -0.8989 -0.0000
vn -0.4381 0.8989 -0.0000
vn 0.8989 0.4381 -0.0000
vn 0.6356 0.3098 -0.7071
vn 0.3258 0.9454 -0.0000
vn 0.6356 0.3098 0.7071
vn 0.9455 -0.3258 -0.0000
vn -0.4382 0.8989 -0.0000
vn 0.4382 -0.8989 -0.0000
vn -0.9972 -0.0000 0.0742
vn 0.0010 -0.9991 0.0424
vn 0.0247 -0.0000 0.9997
vn 0.0010 0.9991 0.0424
vn -0.0247 -0.0000 -0.9997
vn -0.6574 0.3728 0.6549
vn -0.6541 -0.3710 0.6592
vn -0.6541 -0.3710 -0.6592
vn -0.6574 0.3728 -0.6549
vn -0.7071 -0.0000 0.7071
vn -0.7071 -0.0000 -0.7071
vn -0.7071 -0.7071 -0.0000
vn -0.7445 0.3418 0.5735
vn -0.9939 -0.1101 -0.0000
vn -0.7244 -0.0791 -0.6848
vn -0.7445 0.3418 -0.5735
vn -0.7071 0.7071 -0.0000
vn -0.7244 -0.0791 0.6848
vn -0.8989 0.4382 -0.0000
vn -0.4381 -0.8989 -0.0000
vn 0.4381 0.8989 -0.0000
vn -0.8989 0.4381 -0.0000
vn -0.6356 0.3098 -0.7071
vn -0.3258 0.9454 -0.0000
vn -0.6356 0.3098 0.7071
vn -0.9455 -0.3258 -0.0000
vn 0.4382 0.8989 -0.0000
vn -0.4382 -0.8989 -0.0000
vn -0.0134 0.0026 -0.9999
vn 0.0596 0.0026 -0.9982
vn -0.0134 0.0026 0.9999
vn 0.0596 0.0026 0.9982
vn 0.9239 -0.0000 -0.3827
vn 0.3827 -0.0000 0.9239
vn 0.3827 -0.0000 -0.9239
vn 0.9239 -0.0000 0.3827
vn 0.1025 0.0471 0.9936
vn 0.9819 -0.1896 -0.0000
vn 0.9819 0.1896 -0.0000
vn 0.8913 0.4534 -0.0000
vn 0.0790 -0.1064 0.9912
vn 0.0790 -0.1064 -0.9912
vn 0.5397 -0.8419 -0.0000
vn 0.1025 0.0471 -0.9936
vn 0.0134 0.0026 -0.9999
vn -0.0596 0.0026 -0.9982
vn 0.0134 0.0026 0.9999
vn -0.0596 0.0026 0.9982
vn -0.9239 -0.0000 -0.3827
vn -0.3827 -0.0000 0.9239
vn -0.3827 -0.0000 -0.9239
vn -0.9239 -0.0000 0.3827
vn -0.1025 0.0471 0.9936
vn -0.9819 -0.1896 -0.0000
vn -0.9819 0.1896 -0.0000
vn -0.8913 0.4534 -0.0000
vn -0.0790 -0.1064 0.9912
vn -0.0790 -0.1064 -0.9912
vn -0.5397 -0.8419 -0.0000
vn -0.1025 0.0471 -0.9936
vn -0.0000 0.0712 0.9975
vn -0.0000 -0.0712 -0.9975
vn -0.0000 -0.9923 0.1238
vn -0.0000 0.9923 -0.1238
vn -0.0000 -0.0712 0.9975
vn -0.0000 0.0712 -0.9975
vn -0.0000 0.9923 0.1238
vn -0.0000 -0.9923 -0.1238
vn -0.0000 -0.6076 -0.7942
vn -0.0000 0.6076 -0.7942
vn -0.0000 -0.7071 0.7071
vn -0.0000 0.7071 0.7071
vt 0.047899 0.015722
vt 0.047899 0.000000
vt 0.052786 0.000000
vt 0.052786 0.015722
vt 0.107360 0.481478
vt 0.107360 0.497200
vt 0.102472 0.497200
vt 0.102472 0.481478
vt 0.059461 0.000000
vt 0.059461 0.015722
vt 0.112247 0.481478
vt 0.112247 0.497200
vt 0.043011 0.015722
vt 0.043011 0.000000
vt 0.558541 0.802022
vt 0.558541 0.798872
vt 0.562170 0.798872
vt 0.562170 0.802022
vt 0.118921 0.481478
vt 0.118921 0.497200
vt 0.959179 0.601801
vt 0.952396 0.601965
vt 0.951450 0.562762
vt 0.958232 0.562598
vt 0.966570 0.414618
vt 0.961890 0.414618
vt 0.965737 0.362672
vt 0.966570 0.362672
vt 0.855852 0.977532
vt 0.855852 0.984316
vt 0.851172 0.984316
vt 0.851172 0.977532
vt 0.966570 0.453832
vt 0.961890 0.453832
vt 0.966570 0.152672
vt 0.961890 0.152672
vt 0.961890 0.113458
vt 0.966570 0.113458
vt 0.966570 0.204619
vt 0.965737 0.204619
vt 0.954959 0.510792
vt 0.959179 0.510690
vt 0.543870 0.960038
vt 0.543870 0.955817
vt 0.544703 0.955817
vt 0.544703 0.960038
vt 0.965737 0.340374
vt 0.966570 0.340374
vt 0.966570 0.226916
vt 0.965737 0.226916
vt 0.954421 0.488501
vt 0.958641 0.488399
vt 0.951474 0.838591
vt 0.955693 0.838693
vt 0.955155 0.860985
vt 0.950936 0.860883
vt 0.968705 0.769696
vt 0.967048 0.821587
vt 0.965054 0.821622
vt 0.966710 0.769731
vt 0.543870 0.971498
vt 0.543870 0.967278
vt 0.544703 0.967278
vt 0.544703 0.971498
vt 0.947965 0.786621
vt 0.954747 0.786785
vt 0.541875 0.967278
vt 0.541875 0.960038
vt 0.855852 0.959110
vt 0.855852 0.965895
vt 0.851172 0.965895
vt 0.851172 0.959110
vt 0.948911 0.747419
vt 0.955693 0.747582
vt 0.967510 0.579504
vt 0.966568 0.601782
vt 0.964573 0.601747
vt 0.965515 0.579469
vt 0.910943 0.769716
vt 0.903703 0.769716
vt 0.903703 0.747419
vt 0.910943 0.747419
vt 0.913142 0.821586
vt 0.901505 0.821586
vt 0.913142 0.860801
vt 0.901505 0.860801
vt 0.967510 0.488434
vt 0.965853 0.527613
vt 0.963859 0.527578
vt 0.965515 0.488399
vt 0.967763 0.747419
vt 0.965768 0.747454
vt 0.849177 0.977532
vt 0.849177 0.965895
vt 0.968705 0.860766
vt 0.966710 0.860801
vt 0.959179 0.602129
vt 0.958232 0.641331
vt 0.951450 0.641168
vt 0.963859 0.641179
vt 0.963859 0.693125
vt 0.963025 0.693125
vt 0.959179 0.641179
vt 0.804155 0.965895
vt 0.799475 0.965895
vt 0.799475 0.959111
vt 0.804155 0.959111
vt 0.959179 0.601965
vt 0.963859 0.601965
vt 0.966570 0.074244
vt 0.966570 0.113458
vt 0.961890 0.113458
vt 0.961890 0.074244
vt 0.965737 0.022298
vt 0.966570 0.022298
vt 0.959179 0.693240
vt 0.954959 0.693138
vt 0.102777 0.961726
vt 0.103610 0.961726
vt 0.103610 0.965946
vt 0.102777 0.965946
vt 0.963859 0.715423
vt 0.963025 0.715423
vt 0.965737 -0.000000
vt 0.966570 -0.000000
vt 0.958640 0.715531
vt 0.954421 0.715429
vt 0.928288 0.769812
vt 0.927750 0.747521
vt 0.931969 0.747419
vt 0.932508 0.769710
vt 0.725665 0.838524
vt 0.723670 0.838489
vt 0.722013 0.786598
vt 0.724008 0.786633
vt 0.102777 0.950266
vt 0.103610 0.950266
vt 0.103610 0.954486
vt 0.102777 0.954486
vt 0.924779 0.821782
vt 0.931561 0.821618
vt 0.100782 0.961726
vt 0.100782 0.954486
vt 0.804155 0.984316
vt 0.799475 0.984316
vt 0.799475 0.977532
vt 0.804155 0.977532
vt 0.925725 0.860985
vt 0.932508 0.860821
vt 0.970222 0.022278
vt 0.968227 0.022313
vt 0.967285 0.000035
vt 0.969280 -0.000000
vt 0.922580 0.838503
vt 0.922580 0.860801
vt 0.915341 0.860801
vt 0.915341 0.838503
vt 0.924779 0.786633
vt 0.913142 0.786633
vt 0.924779 0.747419
vt 0.913142 0.747419
vt 0.970222 0.113347
vt 0.968227 0.113382
vt 0.966570 0.074203
vt 0.968565 0.074168
vt 0.724723 0.860801
vt 0.722728 0.860766
vt 0.797480 0.977532
vt 0.797480 0.965895
vt 0.723670 0.747419
vt 0.725665 0.747454
vt 0.898142 0.747283
vt 0.894992 0.747283
vt 0.894992 0.743654
vt 0.898142 0.743654
vt 0.899197 0.485107
vt 0.896047 0.485107
vt 0.896047 0.481478
vt 0.899197 0.481478
vt 0.551866 0.798872
vt 0.551866 0.802022
vt 0.551866 0.635273
vt 0.558541 0.635273
vt 0.558541 0.638423
vt 0.551866 0.638423
vt 0.410527 0.798872
vt 0.417202 0.798872
vt 0.417202 0.802022
vt 0.410527 0.802022
vt 0.410527 0.635273
vt 0.417202 0.635273
vt 0.417202 0.638423
vt 0.410527 0.638423
vt 0.405640 0.638423
vt 0.405640 0.635273
vt 0.405640 0.802022
vt 0.405640 0.798872
vt 0.577892 0.798872
vt 0.593614 0.798872
vt 0.593614 0.802022
vt 0.577892 0.802022
vt 0.577892 0.635273
vt 0.593614 0.635273
vt 0.593614 0.638423
vt 0.577892 0.638423
vt 0.400752 0.638423
vt 0.400752 0.635273
vt 0.400752 0.802022
vt 0.400752 0.798872
vt 0.316517 0.798872
vt 0.321404 0.798872
vt 0.321404 0.802022
vt 0.316517 0.802022
vt 0.316517 0.635273
vt 0.321404 0.635273
vt 0.321404 0.638423
vt 0.316517 0.638423
vt 0.334685 0.638423
vt 0.334685 0.635273
vt 0.334685 0.802022
vt 0.334685 0.798872
vt 0.311629 0.798872
vt 0.311629 0.802022
vt 0.311629 0.635273
vt 0.311629 0.638423
vt 0.562170 0.635273
vt 0.562170 0.638423
vt 0.432924 0.638423
vt 0.417202 0.638423
vt 0.417202 0.635273
vt 0.432924 0.635273
vt 0.432924 0.802022
vt 0.417202 0.802022
vt 0.417202 0.798872
vt 0.432924 0.798872
vt 0.316517 0.955817
vt 0.311629 0.955817
vt 0.316517 0.663693
vt 0.311629 0.663693
vt 0.311629 0.481478
vt 0.316517 0.481478
vt 0.410527 0.955817
vt 0.417202 0.955817
vt 0.410527 0.773602
vt 0.405640 0.773602
vt 0.405640 0.955817
vt 0.410527 0.663693
vt 0.417202 0.663693
vt 0.410527 0.481478
vt 0.405640 0.481478
vt 0.417202 0.481478
vt 0.400752 0.955817
vt 0.432924 0.773602
vt 0.417202 0.773602
vt 0.432924 0.955817
vt 0.417202 0.955817
vt 0.400752 0.773602
vt 0.432924 0.481478
vt 0.417202 0.481478
vt 0.400752 0.481478
vt 0.334685 0.955817
vt 0.321404 0.955817
vt 0.334685 0.773602
vt 0.321404 0.773602
vt 0.334685 0.481478
vt 0.321404 0.481478
vt 0.558541 0.663693
vt 0.551866 0.663693
vt 0.551866 0.481478
vt 0.558541 0.481478
vt 0.558541 0.955817
vt 0.551866 0.955817
vt 0.321404 0.663693
vt 0.593614 0.955817
vt 0.577892 0.955817
vt 0.593614 0.663693
vt 0.577892 0.663693
vt 0.577892 0.481478
vt 0.593614 0.481478
vt 0.747410 0.073880
vt 0.593614 0.073880
vt 0.593614 0.046489
vt 0.747410 0.046489
vt 0.293481 0.073880
vt 0.279370 0.073880
vt 0.279370 0.046489
vt 0.293481 0.046489
vt 0.439819 0.407598
vt 0.593614 0.407598
vt 0.593614 0.434989
vt 0.439819 0.434989
vt 0.955111 0.073880
vt 0.951483 0.073880
vt 0.951483 0.046489
vt 0.955111 0.046489
vt 0.936967 0.073880
vt 0.933817 0.073880
vt 0.933817 0.046489
vt 0.936967 0.046489
vt 0.961890 0.073880
vt 0.958740 0.073880
vt 0.958740 0.046489
vt 0.961890 0.046489
vt 0.951482 0.073880
vt 0.947854 0.073880
vt 0.947854 0.046489
vt 0.951482 0.046489
vt 0.955111 0.046489
vt 0.958740 0.046489
vt 0.958740 0.073880
vt 0.955111 0.073880
vt 0.100503 0.543690
vt 0.104132 0.543690
vt 0.104132 0.571080
vt 0.100503 0.571080
vt 0.112247 0.434989
vt 0.107360 0.434989
vt 0.107360 0.407598
vt 0.112247 0.407598
vt 0.043011 0.062212
vt 0.047899 0.062212
vt 0.047899 0.089602
vt 0.043011 0.089602
vt 0.029730 0.062212
vt 0.029730 0.089602
vt 0.102472 0.434989
vt 0.102472 0.407598
vt 0.052786 0.062212
vt 0.052786 0.089602
vt 0.955111 0.407598
vt 0.958740 0.407598
vt 0.958740 0.434989
vt 0.955111 0.434989
vt 0.104132 0.649420
vt 0.107760 0.649420
vt 0.107760 0.676811
vt 0.104132 0.676811
vt 0.112247 0.073880
vt 0.107360 0.073880
vt 0.107360 0.046489
vt 0.112247 0.046489
vt 0.043011 0.423320
vt 0.047899 0.423320
vt 0.047899 0.450711
vt 0.043011 0.450711
vt 0.029730 0.423320
vt 0.029730 0.450711
vt 0.102472 0.073880
vt 0.102472 0.046489
vt 0.052786 0.423320
vt 0.052786 0.450711
vt 0.747410 0.434989
vt 0.593614 0.434989
vt 0.593614 0.407598
vt 0.747410 0.407598
vt 0.293481 0.434989
vt 0.279370 0.434989
vt 0.279370 0.407598
vt 0.293481 0.407598
vt 0.439819 0.046490
vt 0.593614 0.046490
vt 0.593614 0.073880
vt 0.439819 0.073880
vt 0.955111 0.434989
vt 0.951483 0.434989
vt 0.951483 0.407598
vt 0.955111 0.407598
vt 0.936968 0.434989
vt 0.933818 0.434989
vt 0.933818 0.407598
vt 0.936968 0.407598
vt 0.961890 0.434989
vt 0.958740 0.434989
vt 0.958740 0.407598
vt 0.961890 0.407598
vt 0.951482 0.434989
vt 0.947854 0.434989
vt 0.947854 0.407598
vt 0.951482 0.407598
vt 0.936967 -0.000000
vt 0.933817 -0.000000
vt 0.936967 0.227054
vt 0.936967 0.240739
vt 0.933817 0.240739
vt 0.933817 0.226100
vt 0.100503 0.497200
vt 0.104132 0.497200
vt 0.961890 0.000000
vt 0.958740 0.000000
vt 0.319429 0.401423
vt 0.319429 0.254424
vt 0.397107 0.254424
vt 0.397107 0.401423
vt 0.961890 0.227054
vt 0.961890 0.240739
vt 0.958740 0.240739
vt 0.958740 0.227054
vt 0.955111 0.000000
vt 0.958740 0.000000
vt 0.107360 0.254424
vt 0.102472 0.254424
vt 0.112247 0.254424
vt 0.593614 0.000000
vt 0.747410 0.000000
vt 0.593614 0.227054
vt 0.747410 0.227054
vt 0.747410 0.240739
vt 0.593614 0.240739
vt 0.593614 0.481478
vt 0.439819 0.481478
vt 0.161634 0.080055
vt 0.161634 0.227054
vt 0.152869 0.224765
vt 0.150787 0.073880
vt 0.593614 0.254424
vt 0.439819 0.254424
vt 0.439819 0.240739
vt 0.593614 0.240739
vt 0.955111 0.227054
vt 0.958740 0.227054
vt 0.047899 0.242776
vt 0.052786 0.242776
vt 0.029730 0.015722
vt 0.043011 0.242776
vt 0.414549 -0.000000
vt 0.439819 -0.000000
vt 0.439819 0.046489
vt 0.425707 0.046489
vt 0.955111 0.000000
vt 0.951482 0.000000
vt 0.955111 0.227054
vt 0.955111 0.240739
vt 0.951483 0.240739
vt 0.951483 0.227054
vt 0.951482 0.227054
vt 0.951482 0.240739
vt 0.947854 0.240739
vt 0.947854 0.227054
vt 0.951482 0.000000
vt 0.947854 0.000000
vt 0.955111 0.481478
vt 0.951483 0.481478
vt 0.936967 0.254424
vt 0.933817 0.255378
vt 0.936968 0.481478
vt 0.933818 0.481478
vt 0.955111 0.254424
vt 0.951483 0.254424
vt 0.961890 0.481478
vt 0.958740 0.481478
vt 0.951482 0.481478
vt 0.947854 0.481478
vt 0.425708 0.434989
vt 0.439819 0.434989
vt 0.439819 0.481478
vt 0.414549 0.481478
vt 0.747410 0.481478
vt 0.593614 0.481478
vt 0.593614 0.254424
vt 0.747410 0.254424
vt 0.104132 0.723301
vt 0.107760 0.723301
vt 0.955111 0.481478
vt 0.958740 0.481478
vt 0.955111 0.254424
vt 0.955111 0.240739
vt 0.958740 0.240739
vt 0.958740 0.254424
vt 0.107360 0.227054
vt 0.107360 0.240739
vt 0.102472 0.240739
vt 0.102472 0.227054
vt 0.112247 0.000000
vt 0.107360 0.000000
vt 0.112247 0.227054
vt 0.112247 0.240739
vt 0.102472 0.000000
vt 0.047899 0.497200
vt 0.052786 0.497200
vt 0.047899 0.270146
vt 0.047899 0.256461
vt 0.052786 0.256461
vt 0.052786 0.270146
vt 0.439819 0.000000
vt 0.593614 0.000000
vt 0.043011 0.497200
vt 0.043011 0.270146
vt 0.043011 0.256461
vt 0.029730 0.270146
vt 0.029730 0.256461
vt 0.029730 0.497200
vt 0.304640 0.481478
vt 0.279370 0.481478
vt 0.381632 0.434989
vt 0.377913 0.481478
vt 0.279370 0.227054
vt 0.293481 0.227054
vt 0.293481 0.240739
vt 0.279370 0.240739
vt 0.279370 -0.000000
vt 0.304640 0.000000
vt 0.377913 -0.000000
vt 0.381632 0.046489
vt 0.425708 0.407598
vt 0.439819 0.407598
vt 0.988632 0.083416
vt 0.988632 0.110807
vt 0.977617 0.110807
vt 0.977617 0.083416
vt 0.439819 0.073880
vt 0.425707 0.073880
vt 0.784988 0.525553
vt 0.784988 0.481478
vt 0.796003 0.481478
vt 0.796003 0.525553
vt 0.988632 0.056026
vt 0.977617 0.083416
vt 0.977617 0.056026
vt 0.577892 0.773602
vt 0.593614 0.773602
vt 0.593614 0.700330
vt 0.577892 0.700330
vt 0.316517 0.773602
vt 0.316517 0.700330
vt 0.321404 0.700330
vt 0.551866 0.773602
vt 0.558541 0.773602
vt 0.558541 0.700330
vt 0.551866 0.700330
vt 0.334685 0.663693
vt 0.334685 0.736966
vt 0.321404 0.736966
vt 0.405640 0.663693
vt 0.400752 0.663693
vt 0.405640 0.736966
vt 0.400752 0.736966
vt 0.432924 0.663693
vt 0.417202 0.663693
vt 0.432924 0.736966
vt 0.417202 0.736966
vt 0.417202 0.773602
vt 0.410527 0.700330
vt 0.417202 0.700330
vt 0.410527 0.736966
vt 0.311629 0.773602
vt 0.311629 0.700330
vt 0.784988 0.569629
vt 0.784988 0.613704
vt 0.757598 0.613704
vt 0.757598 0.569629
vt 0.784988 0.701855
vt 0.784988 0.745930
vt 0.757598 0.745930
vt 0.757597 0.701855
vt 0.785232 0.986501
vt 0.785232 0.959111
vt 0.796246 0.959111
vt 0.796246 0.986501
vt 0.826666 0.959111
vt 0.826666 0.986501
vt 0.815651 0.986501
vt 0.815651 0.959111
vt 0.807018 0.569629
vt 0.807018 0.613704
vt 0.796003 0.613704
vt 0.796003 0.569629
vt 0.807018 0.481478
vt 0.807018 0.525553
vt 0.784988 0.613704
vt 0.784988 0.657780
vt 0.757597 0.657780
vt 0.757598 0.525553
vt 0.757598 0.481478
vt 0.311629 0.736966
vt 0.316517 0.736966
vt 0.405640 0.700330
vt 0.417202 0.736966
vt 0.432924 0.700330
vt 0.417202 0.700330
vt 0.400752 0.700330
vt 0.334685 0.700330
vt 0.551866 0.736966
vt 0.558541 0.736966
vt 0.577892 0.736966
vt 0.593614 0.736966
vt 0.784988 0.613704
vt 0.796003 0.569629
vt 0.341276 0.000000
vt 0.337557 0.046489
vt 0.337557 0.434989
vt 0.341276 0.481478
vt 0.643236 0.883939
vt 0.634504 0.883981
vt 0.638866 0.872248
vt 0.634504 0.961701
vt 0.643236 0.961617
vt 0.638878 0.973429
vt 0.660701 0.961617
vt 0.669434 0.961701
vt 0.665059 0.973429
vt 0.669434 0.883981
vt 0.660701 0.883939
vt 0.665071 0.872248
vt 0.807018 0.613704
vt 0.807018 0.631458
vt 0.800843 0.642347
vt 0.796003 0.657780
vt 0.319429 0.227054
vt 0.397107 0.227054
vt 0.397107 0.240739
vt 0.319429 0.240739
vt 0.800843 0.720067
vt 0.796003 0.701855
vt 0.308457 0.227054
vt 0.308457 0.240739
vt 0.807018 0.730955
vt 0.807018 0.745930
vt 0.796003 0.745930
vt 0.824208 0.587840
vt 0.824208 0.510121
vt 0.829048 0.525553
vt 0.829048 0.569629
vt 0.818033 0.613704
vt 0.818033 0.598729
vt 0.829048 0.613704
vt 0.818033 0.499232
vt 0.818033 0.481478
vt 0.829048 0.481478
vt 0.308457 0.254424
vt 0.029730 0.242776
vt 0.308457 0.073880
vt 0.319429 0.080055
vt 0.397107 0.080055
vt 0.293481 0.254424
vt 0.279370 0.254424
vt 0.308457 0.407598
vt 0.439819 0.227054
vt 0.593614 0.227054
vt 0.961890 0.254424
vt 0.958740 0.254424
vt 0.951482 0.254424
vt 0.947854 0.254424
vt 0.919706 0.226100
vt 0.919706 0.240739
vt 0.901205 0.240739
vt 0.901205 0.226100
vt 0.919706 0.255378
vt 0.901205 0.255378
vt 0.113405 0.531148
vt 0.113405 0.511312
vt 0.115293 0.511312
vt 0.115293 0.529813
vt 0.115293 0.497200
vt 0.113405 0.497200
vt 0.113405 0.597707
vt 0.113405 0.579206
vt 0.115293 0.579206
vt 0.115293 0.599042
vt 0.115293 0.565095
vt 0.113405 0.565095
vt 0.115293 0.666937
vt 0.115293 0.681576
vt 0.113405 0.681576
vt 0.113405 0.665602
vt 0.115293 0.696215
vt 0.113405 0.697550
vt 0.725665 0.726651
vt 0.725665 0.712540
vt 0.727958 0.712540
vt 0.727958 0.726651
vt 0.101838 0.723301
vt 0.100503 0.721966
vt 0.104132 0.723301
vt 0.725665 0.745152
vt 0.727958 0.745152
vt 0.439819 0.224765
vt 0.425708 0.224765
vt 0.875937 0.909343
vt 0.875937 0.894705
vt 0.878230 0.894705
vt 0.878230 0.909343
vt 0.405871 0.224765
vt 0.405871 0.240739
vt 0.104132 0.498535
vt 0.105467 0.497200
vt 0.107760 0.497200
vt 0.115293 0.632990
vt 0.115293 0.647101
vt 0.112999 0.647101
vt 0.112999 0.632990
vt 0.115293 0.665602
vt 0.112999 0.665602
vt 0.875937 0.923982
vt 0.878230 0.923982
vt 0.405871 0.256713
vt 0.407953 0.073880
vt 0.089191 0.227054
vt 0.089191 0.073880
vt 0.089191 0.254424
vt 0.089191 0.240739
vt 0.384303 0.700330
vt 0.384303 0.736966
vt 0.371022 0.736966
vt 0.371022 0.700330
vt 0.384303 0.663693
vt 0.371022 0.663693
vt 0.384303 0.773602
vt 0.371022 0.773602
vt 0.384303 0.638423
vt 0.371022 0.638423
vt 0.089191 0.046489
vt 0.089191 0.000000
vt 0.089191 0.407598
vt 0.089191 0.481478
vt 0.089191 0.434989
vt 0.384303 0.481478
vt 0.384303 0.635273
vt 0.371022 0.635273
vt 0.371022 0.481478
vt 0.384303 0.798872
vt 0.371022 0.798872
vt 0.384303 0.802022
vt 0.384303 0.955817
vt 0.371022 0.955817
vt 0.371022 0.802022
vt 0.943721 0.747324
vt 0.945664 0.740790
vt 0.946632 0.740789
vt 0.944718 0.746681
vt 0.054892 0.947714
vt 0.057607 0.972901
vt 0.053402 0.972901
vt 0.050688 0.947714
vt 0.143574 0.988711
vt 0.118921 0.988711
vt 0.118921 0.962956
vt 0.143574 0.962956
vt 0.960470 0.715531
vt 0.957756 0.740718
vt 0.953551 0.740718
vt 0.956265 0.715531
vt 0.113916 0.888446
vt 0.111974 0.913705
vt 0.111006 0.913704
vt 0.112946 0.889128
vt 0.113405 0.497200
vt 0.113405 0.524326
vt 0.112436 0.523641
vt 0.112436 0.497885
vt 0.113916 0.920240
vt 0.112920 0.919596
vt 0.555006 0.982943
vt 0.555006 0.955817
vt 0.555975 0.956502
vt 0.555975 0.982258
vt 0.943721 0.715531
vt 0.944692 0.716213
vt 0.977745 0.901827
vt 0.981950 0.901827
vt 0.981950 0.928952
vt 0.977745 0.928952
vt 0.960470 0.746972
vt 0.956265 0.746972
vt 0.978951 0.226840
vt 0.983156 0.226840
vt 0.983156 0.253965
vt 0.978951 0.253965
vt 0.054892 0.979155
vt 0.050688 0.979155
vt 0.556769 0.981463
vt 0.561375 0.981463
vt 0.562170 0.982258
vt 0.556769 0.957297
vt 0.561375 0.957297
vt 0.562170 0.956502
vt 0.432924 0.532769
vt 0.432924 0.508603
vt 0.433230 0.508603
vt 0.433230 0.532769
vt 0.434199 0.481478
vt 0.434199 0.505644
vt 0.433893 0.505644
vt 0.433893 0.481478
vt 0.983805 0.824264
vt 0.983805 0.848430
vt 0.983366 0.847974
vt 0.983366 0.824720
vt 0.979200 0.848430
vt 0.979200 0.824264
vt 0.979639 0.824720
vt 0.979639 0.847974
vt 0.433536 0.536463
vt 0.433536 0.531858
vt 0.433842 0.531858
vt 0.433842 0.536463
vt 0.433230 0.537374
vt 0.432924 0.537374
vt 0.432924 0.532769
vt 0.433099 0.540978
vt 0.433099 0.537498
vt 0.433274 0.537374
vt 0.433274 0.541101
vt 0.112690 0.524449
vt 0.112690 0.547456
vt 0.112515 0.547580
vt 0.112515 0.524326
vt 0.434250 0.541115
vt 0.434250 0.544595
vt 0.434075 0.544718
vt 0.434075 0.540991
vt 0.112690 0.547456
vt 0.112690 0.524449
vt 0.112865 0.524326
vt 0.112865 0.547580
vt 0.924096 0.947395
vt 0.920616 0.947395
vt 0.920616 0.924388
vt 0.924096 0.924388
vt 0.113223 0.524326
vt 0.113223 0.547580
vt 0.113040 0.547580
vt 0.113040 0.524326
vt 0.434075 0.540991
vt 0.434075 0.537264
vt 0.434258 0.537264
vt 0.434258 0.540991
vt 0.113223 0.547580
vt 0.113223 0.524326
vt 0.113405 0.524326
vt 0.113405 0.547580
vt 0.434258 0.533537
vt 0.434258 0.537264
vt 0.434075 0.537264
vt 0.434075 0.533537
vt 0.439819 0.256713
vt 0.425708 0.256713
vt 0.407953 0.407598
vt 0.011562 0.015722
vt 0.006674 0.015722
vt 0.006674 0.000000
vt 0.011562 0.000000
vt 0.071023 0.481478
vt 0.075910 0.481478
vt 0.075910 0.497200
vt 0.071023 0.497200
vt 0.000000 0.015722
vt 0.000000 0.000000
vt 0.066135 0.481478
vt 0.066135 0.497200
vt 0.016449 0.015722
vt 0.016449 0.000000
vt 0.545192 0.802022
vt 0.541563 0.802022
vt 0.541563 0.798872
vt 0.545192 0.798872
vt 0.059461 0.497200
vt 0.059461 0.481478
vt 0.951450 0.602129
vt 0.950504 0.641332
vt 0.943721 0.641168
vt 0.944668 0.601965
vt 0.960373 0.786633
vt 0.960373 0.838579
vt 0.959540 0.838579
vt 0.955693 0.786633
vt 0.973658 0.697232
vt 0.978338 0.697232
vt 0.978338 0.704016
vt 0.973658 0.704016
vt 0.955693 0.747419
vt 0.960374 0.747419
vt 0.961890 0.266130
vt 0.961890 0.226916
vt 0.966570 0.226916
vt 0.966570 0.266130
vt 0.962724 0.318077
vt 0.961890 0.318077
vt 0.951450 0.693240
vt 0.947231 0.693138
vt 0.553011 0.960038
vt 0.552178 0.960038
vt 0.552178 0.955817
vt 0.553011 0.955817
vt 0.960373 0.860877
vt 0.959540 0.860877
vt 0.962724 0.340374
vt 0.961890 0.340374
vt 0.950912 0.715531
vt 0.946693 0.715429
vt 0.936017 0.769812
vt 0.935479 0.747521
vt 0.939698 0.747419
vt 0.940236 0.769710
vt 0.118921 0.927788
vt 0.116927 0.927753
vt 0.115270 0.875863
vt 0.117265 0.875897
vt 0.553011 0.971498
vt 0.552178 0.971498
vt 0.552178 0.967277
vt 0.553011 0.967277
vt 0.932508 0.821782
vt 0.939290 0.821618
vt 0.555006 0.960038
vt 0.555006 0.967277
vt 0.973658 0.678810
vt 0.978338 0.678810
vt 0.978338 0.685595
vt 0.973658 0.685595
vt 0.933454 0.860985
vt 0.940236 0.860821
vt 0.967510 0.624243
vt 0.965516 0.624278
vt 0.964573 0.602000
vt 0.966568 0.601965
vt 0.887669 0.838503
vt 0.887669 0.860801
vt 0.880429 0.860801
vt 0.880429 0.838503
vt 0.889867 0.786633
vt 0.878230 0.786633
vt 0.889867 0.747419
vt 0.878230 0.747419
vt 0.967510 0.715312
vt 0.965516 0.715347
vt 0.963859 0.676168
vt 0.965853 0.676133
vt 0.117979 0.950066
vt 0.115985 0.950031
vt 0.980333 0.685595
vt 0.980333 0.697232
vt 0.116927 0.836683
vt 0.118921 0.836718
vt 0.943722 0.488563
vt 0.950504 0.488399
vt 0.951450 0.527602
vt 0.944668 0.527766
vt 0.960374 0.786633
vt 0.965054 0.786633
vt 0.961207 0.838579
vt 0.960374 0.838579
vt 0.977617 0.117591
vt 0.977617 0.110807
vt 0.982297 0.110807
vt 0.982297 0.117591
vt 0.960374 0.747419
vt 0.965054 0.747419
vt 0.959179 0.562643
vt 0.963859 0.562643
vt 0.963859 0.601857
vt 0.959179 0.601857
vt 0.959179 0.510697
vt 0.960012 0.510697
vt 0.947941 0.579572
vt 0.943722 0.579674
vt 0.705928 0.968961
vt 0.705928 0.973181
vt 0.705095 0.973181
vt 0.705095 0.968961
vt 0.961207 0.860877
vt 0.960374 0.860877
vt 0.959179 0.488399
vt 0.960012 0.488399
vt 0.948479 0.601863
vt 0.944260 0.601965
vt 0.943746 0.838592
vt 0.947965 0.838693
vt 0.947427 0.860985
vt 0.943207 0.860883
vt 0.118921 0.745578
vt 0.117265 0.797469
vt 0.115270 0.797504
vt 0.116927 0.745613
vt 0.705928 0.957501
vt 0.705928 0.961721
vt 0.705095 0.961721
vt 0.705095 0.957501
vt 0.940236 0.786621
vt 0.947019 0.786785
vt 0.707923 0.961721
vt 0.707923 0.968961
vt 0.977617 0.136013
vt 0.977617 0.129228
vt 0.982297 0.129228
vt 0.982297 0.136013
vt 0.941183 0.747419
vt 0.947965 0.747582
vt 0.970222 0.204562
vt 0.969280 0.226840
vt 0.967285 0.226805
vt 0.968227 0.204528
vt 0.892066 0.838503
vt 0.899306 0.838503
vt 0.899306 0.860801
vt 0.892066 0.860801
vt 0.889867 0.786633
vt 0.901505 0.786633
vt 0.889867 0.747419
vt 0.901505 0.747419
vt 0.970222 0.113493
vt 0.968565 0.152672
vt 0.966570 0.152637
vt 0.968227 0.113458
vt 0.117979 0.723301
vt 0.115985 0.723336
vt 0.984292 0.117591
vt 0.984292 0.129228
vt 0.118921 0.836648
vt 0.116927 0.836683
vt 0.901292 0.743654
vt 0.901292 0.747283
vt 0.898142 0.747283
vt 0.898142 0.743654
vt 0.898142 0.740025
vt 0.898142 0.743654
vt 0.894992 0.743654
vt 0.894992 0.740025
vt 0.551866 0.798872
vt 0.551866 0.802022
vt 0.551866 0.635273
vt 0.545192 0.638423
vt 0.545192 0.635273
vt 0.390977 0.798872
vt 0.390977 0.802022
vt 0.384303 0.802022
vt 0.384303 0.798872
vt 0.390977 0.635273
vt 0.390977 0.638423
vt 0.384303 0.638423
vt 0.384303 0.635273
vt 0.395865 0.635273
vt 0.395865 0.638423
vt 0.395865 0.798872
vt 0.395865 0.802022
vt 0.609337 0.798872
vt 0.609337 0.802022
vt 0.593614 0.802022
vt 0.593614 0.798872
vt 0.609337 0.635273
vt 0.609337 0.638423
vt 0.400753 0.635273
vt 0.400753 0.638423
vt 0.352854 0.798872
vt 0.352854 0.802022
vt 0.347966 0.802022
vt 0.347966 0.798872
vt 0.352854 0.635273
vt 0.352854 0.638423
vt 0.347966 0.638423
vt 0.347966 0.635273
vt 0.357741 0.798872
vt 0.357741 0.802022
vt 0.357741 0.635273
vt 0.357741 0.638423
vt 0.541563 0.638423
vt 0.541563 0.635273
vt 0.562170 0.638423
vt 0.562170 0.635273
vt 0.562170 0.802022
vt 0.562170 0.798872
vt 0.352854 0.955817
vt 0.357741 0.955817
vt 0.352854 0.663693
vt 0.357741 0.663693
vt 0.352854 0.481478
vt 0.357741 0.481478
vt 0.390977 0.955817
vt 0.384303 0.955817
vt 0.390977 0.773602
vt 0.395865 0.773602
vt 0.395865 0.955817
vt 0.390977 0.663693
vt 0.384303 0.663693
vt 0.390977 0.481478
vt 0.395865 0.481478
vt 0.384303 0.481478
vt 0.562170 0.773602
vt 0.562170 0.955817
vt 0.400752 0.773602
vt 0.562170 0.481478
vt 0.347966 0.955817
vt 0.347966 0.773602
vt 0.347966 0.481478
vt 0.545192 0.663693
vt 0.551866 0.663693
vt 0.545192 0.481478
vt 0.551866 0.481478
vt 0.545192 0.955817
vt 0.551866 0.955817
vt 0.347966 0.663693
vt 0.609337 0.955817
vt 0.609337 0.663693
vt 0.609337 0.481478
vt 0.747410 0.073880
vt 0.747410 0.046489
vt 0.901205 0.046489
vt 0.901205 0.073880
vt 0.265259 0.073880
vt 0.265259 0.046489
vt 0.279370 0.046489
vt 0.279370 0.073880
vt 0.118921 0.555358
vt 0.118921 0.527967
vt 0.272717 0.527967
vt 0.272717 0.555358
vt 0.944225 0.407598
vt 0.944225 0.434989
vt 0.940597 0.434989
vt 0.940597 0.407598
vt 0.272717 0.555358
vt 0.272717 0.527967
vt 0.275867 0.527967
vt 0.275867 0.555358
vt 0.308479 0.555358
vt 0.308479 0.527967
vt 0.311629 0.527967
vt 0.311629 0.555358
vt 0.936968 0.073880
vt 0.936968 0.046490
vt 0.940596 0.046490
vt 0.940596 0.073880
vt 0.947854 0.046489
vt 0.947854 0.073880
vt 0.944225 0.073880
vt 0.944225 0.046489
vt 0.096874 0.676811
vt 0.096874 0.649420
vt 0.100503 0.649420
vt 0.100503 0.676811
vt 0.066135 0.434989
vt 0.066135 0.407598
vt 0.071023 0.407598
vt 0.071023 0.434989
vt 0.016449 0.062212
vt 0.016449 0.089602
vt 0.011562 0.089602
vt 0.011562 0.062212
vt 0.075910 0.407598
vt 0.075910 0.434989
vt 0.006674 0.089602
vt 0.006674 0.062212
vt 0.947854 0.407598
vt 0.947854 0.434989
vt 0.944225 0.434989
vt 0.944225 0.407598
vt 0.115293 0.571080
vt 0.115293 0.543690
vt 0.118921 0.543690
vt 0.118921 0.571080
vt 0.066135 0.073880
vt 0.066135 0.046489
vt 0.071023 0.046489
vt 0.071023 0.073880
vt 0.016450 0.423320
vt 0.016450 0.450711
vt 0.011562 0.450711
vt 0.011562 0.423320
vt 0.075910 0.046489
vt 0.075910 0.073880
vt 0.006675 0.450711
vt 0.006675 0.423320
vt 0.747410 0.434989
vt 0.747410 0.407598
vt 0.901205 0.407598
vt 0.901205 0.434989
vt 0.265259 0.434989
vt 0.265259 0.407598
vt 0.279370 0.407598
vt 0.279370 0.434989
vt 0.118921 0.916467
vt 0.118921 0.889076
vt 0.272717 0.889076
vt 0.272717 0.916467
vt 0.944225 0.046489
vt 0.944225 0.073880
vt 0.940597 0.073880
vt 0.940596 0.046489
vt 0.272717 0.916467
vt 0.272717 0.889076
vt 0.275867 0.889076
vt 0.275867 0.916467
vt 0.308479 0.916467
vt 0.308479 0.889076
vt 0.311629 0.889076
vt 0.311629 0.916467
vt 0.936968 0.434989
vt 0.936968 0.407599
vt 0.940596 0.407599
vt 0.940596 0.434989
vt 0.272717 0.481478
vt 0.275867 0.481478
vt 0.272717 0.708532
vt 0.275867 0.707578
vt 0.275867 0.722217
vt 0.272717 0.722217
vt 0.100503 0.723301
vt 0.096874 0.723301
vt 0.308479 0.481478
vt 0.311629 0.481478
vt 0.161634 0.401423
vt 0.161634 0.254424
vt 0.239312 0.254424
vt 0.239312 0.401423
vt 0.308479 0.708532
vt 0.311629 0.708532
vt 0.311629 0.722217
vt 0.308479 0.722217
vt 0.944225 0.000000
vt 0.947854 0.000000
vt 0.071023 0.254424
vt 0.075910 0.254424
vt 0.066135 0.254424
vt 0.901205 -0.000000
vt 0.747410 0.000000
vt 0.901205 0.227054
vt 0.901205 0.240739
vt 0.747410 0.240739
vt 0.747410 0.227054
vt 0.272717 0.481478
vt 0.118921 0.481478
vt 0.272717 0.708532
vt 0.272717 0.722217
vt 0.118921 0.722217
vt 0.118921 0.708532
vt 0.947854 0.227054
vt 0.944225 0.227054
vt 0.011562 0.242776
vt 0.006675 0.242776
vt 0.016450 0.242776
vt 0.144192 0.000000
vt 0.133033 0.046489
vt 0.118922 0.046489
vt 0.118922 0.000000
vt 0.944225 0.481478
vt 0.940597 0.481478
vt 0.944225 0.254424
vt 0.940597 0.254424
vt 0.940597 0.240739
vt 0.944225 0.240739
vt 0.936968 0.227054
vt 0.940596 0.227054
vt 0.940596 0.240739
vt 0.936968 0.240739
vt 0.936968 0.000000
vt 0.940596 0.000000
vt 0.940596 -0.000000
vt 0.944225 -0.000000
vt 0.272717 0.735902
vt 0.275867 0.736856
vt 0.275867 0.962956
vt 0.272717 0.962956
vt 0.944225 0.227054
vt 0.940597 0.227054
vt 0.311629 0.962956
vt 0.308479 0.962956
vt 0.940596 0.481479
vt 0.936968 0.481479
vt 0.133033 0.434989
vt 0.144192 0.481478
vt 0.118922 0.481478
vt 0.118922 0.434989
vt 0.901205 0.481478
vt 0.747410 0.481478
vt 0.901205 0.254424
vt 0.747410 0.254424
vt 0.115293 0.497200
vt 0.118921 0.497200
vt 0.947854 0.481478
vt 0.944225 0.481478
vt 0.947854 0.254424
vt 0.944225 0.254424
vt 0.944225 0.240739
vt 0.947854 0.240739
vt 0.071023 0.227054
vt 0.075910 0.227054
vt 0.075910 0.240739
vt 0.071023 0.240739
vt 0.066135 0.000000
vt 0.071023 0.000000
vt 0.066135 0.227054
vt 0.066135 0.240739
vt 0.075910 0.000000
vt 0.011562 0.497200
vt 0.006675 0.497200
vt 0.011562 0.270146
vt 0.006675 0.270146
vt 0.006675 0.256461
vt 0.011562 0.256461
vt 0.272717 0.962956
vt 0.118921 0.962956
vt 0.016450 0.497200
vt 0.016450 0.270146
vt 0.016450 0.256461
vt 0.279370 0.481478
vt 0.254100 0.481478
vt 0.177108 0.434989
vt 0.180828 0.481478
vt 0.279370 0.227054
vt 0.279370 0.240739
vt 0.265259 0.240739
vt 0.265259 0.227054
vt 0.279370 0.000000
vt 0.254100 0.000000
vt 0.180828 0.000000
vt 0.177108 0.046489
vt 0.118922 0.407598
vt 0.133033 0.407598
vt 0.785232 0.986501
vt 0.774217 0.986501
vt 0.774217 0.959110
vt 0.785232 0.959110
vt 0.118922 0.073880
vt 0.133033 0.073880
vt 0.796003 0.657780
vt 0.796003 0.613704
vt 0.827147 0.959110
vt 0.838162 0.959110
vt 0.838162 0.986501
vt 0.827147 0.986501
vt 0.593614 0.773602
vt 0.609337 0.773602
vt 0.609337 0.700330
vt 0.352854 0.773602
vt 0.352854 0.700330
vt 0.347966 0.700330
vt 0.545192 0.773602
vt 0.551866 0.773602
vt 0.545192 0.700330
vt 0.551866 0.700330
vt 0.347966 0.736966
vt 0.400753 0.663693
vt 0.395865 0.663693
vt 0.395865 0.736966
vt 0.400753 0.736966
vt 0.562170 0.663693
vt 0.562170 0.736966
vt 0.384303 0.773602
vt 0.390977 0.700330
vt 0.384303 0.700330
vt 0.390977 0.736966
vt 0.357741 0.773602
vt 0.357741 0.700330
vt 0.730207 0.569629
vt 0.757598 0.613704
vt 0.730207 0.613704
vt 0.730207 0.701855
vt 0.757598 0.701855
vt 0.757598 0.745930
vt 0.730207 0.745930
vt 0.838162 0.959111
vt 0.849177 0.959111
vt 0.849177 0.986501
vt 0.838162 0.986501
vt 0.815169 0.986501
vt 0.804155 0.986501
vt 0.804155 0.959111
vt 0.815169 0.959111
vt 0.807018 0.569629
vt 0.818033 0.569629
vt 0.818033 0.613704
vt 0.807018 0.481478
vt 0.818033 0.481478
vt 0.818033 0.525553
vt 0.807018 0.525553
vt 0.730207 0.613704
vt 0.757598 0.657780
vt 0.730207 0.657780
vt 0.730207 0.481478
vt 0.730207 0.525553
vt 0.352854 0.736966
vt 0.357741 0.736966
vt 0.395865 0.700330
vt 0.384303 0.736966
vt 0.562170 0.700330
vt 0.400753 0.700330
vt 0.545192 0.736966
vt 0.551866 0.736966
vt 0.609337 0.736966
vt 0.796003 0.745930
vt 0.784988 0.745930
vt 0.784988 0.701855
vt 0.796003 0.701855
vt 0.221184 0.046489
vt 0.217464 0.000000
vt 0.217464 0.481478
vt 0.221184 0.434989
vt 0.651969 0.883939
vt 0.656339 0.872248
vt 0.660701 0.883981
vt 0.660701 0.961701
vt 0.656327 0.973429
vt 0.651969 0.961617
vt 0.651969 0.961617
vt 0.647610 0.973429
vt 0.643236 0.961701
vt 0.643236 0.883981
vt 0.647598 0.872248
vt 0.651969 0.883939
vt 0.829048 0.613704
vt 0.829048 0.657780
vt 0.824208 0.642347
vt 0.818033 0.631458
vt 0.239312 0.227054
vt 0.239312 0.240739
vt 0.161634 0.240739
vt 0.829048 0.701855
vt 0.824208 0.720067
vt 0.250284 0.240739
vt 0.250284 0.227054
vt 0.829048 0.745930
vt 0.818033 0.745930
vt 0.818033 0.730955
vt 0.811858 0.720067
vt 0.807018 0.701855
vt 0.807018 0.657780
vt 0.811858 0.642347
vt 0.818033 0.745930
vt 0.807018 0.745930
vt 0.818033 0.730955
vt 0.818033 0.613704
vt 0.818033 0.631458
vt 0.250284 0.254424
vt 0.239312 0.080055
vt 0.250283 0.073880
vt 0.265259 0.254424
vt 0.279370 0.254424
vt 0.250283 0.407598
vt 0.272717 0.735902
vt 0.118921 0.735902
vt 0.311629 0.735902
vt 0.308479 0.735902
vt 0.940596 0.254425
vt 0.936968 0.254425
vt 0.289978 0.707578
vt 0.289978 0.722217
vt 0.308479 0.722217
vt 0.308479 0.707578
vt 0.289978 0.736856
vt 0.308479 0.736856
vt 0.115293 0.565095
vt 0.113405 0.563760
vt 0.113405 0.545259
vt 0.115293 0.545259
vt 0.113405 0.531148
vt 0.115293 0.531148
vt 0.115293 0.631655
vt 0.113405 0.632990
vt 0.113405 0.613154
vt 0.115293 0.613154
vt 0.113405 0.599042
vt 0.115293 0.599042
vt 0.730207 0.743153
vt 0.728319 0.744488
vt 0.728319 0.728514
vt 0.730207 0.728514
vt 0.728319 0.712540
vt 0.730207 0.713875
vt 0.878230 0.876203
vt 0.875937 0.876203
vt 0.875937 0.862092
vt 0.878230 0.862092
vt 0.098209 0.497200
vt 0.100503 0.497200
vt 0.096874 0.498535
vt 0.133033 0.224765
vt 0.118922 0.224765
vt 0.878230 0.938621
vt 0.875937 0.938621
vt 0.875937 0.923982
vt 0.878230 0.923982
vt 0.152869 0.240739
vt 0.118921 0.723301
vt 0.116628 0.723301
vt 0.115293 0.721966
vt 0.104501 0.723301
vt 0.106794 0.723301
vt 0.106794 0.737412
vt 0.104501 0.737412
vt 0.106794 0.755913
vt 0.104501 0.755913
vt 0.878230 0.953260
vt 0.875937 0.953260
vt 0.152869 0.256713
vt 0.357741 0.700330
vt 0.357741 0.736966
vt 0.357741 0.663693
vt 0.357741 0.773602
vt 0.357741 0.638423
vt 0.357741 0.481478
vt 0.357741 0.635273
vt 0.357741 0.802022
vt 0.357741 0.955817
vt 0.923527 0.924388
vt 0.922531 0.923744
vt 0.920616 0.917852
vt 0.921585 0.917853
vt 0.949346 0.715531
vt 0.953551 0.715531
vt 0.950837 0.740718
vt 0.946632 0.740718
vt 0.143574 0.988712
vt 0.143574 0.962956
vt 0.168226 0.962956
vt 0.168226 0.988712
vt 0.960470 0.715531
vt 0.964675 0.715531
vt 0.967389 0.740718
vt 0.963184 0.740718
vt 0.920616 0.860801
vt 0.921587 0.861483
vt 0.923527 0.886059
vt 0.922558 0.886060
vt 0.432924 0.481478
vt 0.433893 0.482163
vt 0.433893 0.507918
vt 0.921613 0.891950
vt 0.920616 0.892594
vt 0.551866 0.982943
vt 0.550898 0.982258
vt 0.550898 0.956502
vt 0.922556 0.893276
vt 0.923527 0.892594
vt 0.983156 0.281091
vt 0.983156 0.308216
vt 0.978951 0.308216
vt 0.978951 0.281091
vt 0.964675 0.746972
vt 0.960470 0.746972
vt 0.953551 0.746972
vt 0.949346 0.746972
vt 0.550103 0.981463
vt 0.544703 0.982258
vt 0.545498 0.981463
vt 0.550103 0.957297
vt 0.545498 0.957297
vt 0.544703 0.956502
vt 0.433536 0.532769
vt 0.433230 0.532769
vt 0.433230 0.508603
vt 0.433536 0.508603
vt 0.433893 0.505644
vt 0.434199 0.505644
vt 0.434199 0.529810
vt 0.433893 0.529810
vt 0.979806 0.136636
vt 0.980245 0.137092
vt 0.980245 0.160346
vt 0.979806 0.160802
vt 0.984411 0.160802
vt 0.983972 0.160346
vt 0.983972 0.137092
vt 0.984411 0.136636
vt 0.433536 0.537374
vt 0.433536 0.532769
vt 0.433536 0.536463
vt 0.433842 0.536463
vt 0.433842 0.541069
vt 0.433536 0.541069
vt 0.433711 0.544672
vt 0.433536 0.544796
vt 0.433536 0.541069
vt 0.433711 0.541192
vt 0.112341 0.524449
vt 0.112341 0.547456
vt 0.432924 0.537498
vt 0.433099 0.537374
vt 0.433099 0.541101
vt 0.432924 0.540978
vt 0.113040 0.547456
vt 0.112865 0.547580
vt 0.112865 0.524326
vt 0.113040 0.524449
vt 0.924096 0.947395
vt 0.924096 0.970402
vt 0.920616 0.970402
vt 0.920616 0.947395
vt 0.433893 0.529810
vt 0.434075 0.529810
vt 0.434075 0.553064
vt 0.433893 0.553064
vt 0.434258 0.533537
vt 0.434258 0.529810
vt 0.433719 0.531858
vt 0.433536 0.531858
vt 0.433719 0.508603
vt 0.433354 0.537374
vt 0.433536 0.537374
vt 0.433536 0.541101
vt 0.433354 0.541101
vt 0.133033 0.256713
vt 0.118922 0.256713
vt 0.150787 0.407598
vt 0.982479 0.804278
vt 0.982479 0.785358
vt 0.986372 0.785358
vt 0.986372 0.804278
vt 0.214959 0.986323
vt 0.214959 0.962956
vt 0.217648 0.965179
vt 0.217648 0.984099
vt 0.888811 0.987995
vt 0.882577 0.987995
vt 0.883973 0.986238
vt 0.889021 0.986238
vt 0.977859 0.488320
vt 0.977859 0.472919
vt 0.981752 0.472919
vt 0.981752 0.488320
vt 0.707268 0.957501
vt 0.705095 0.957501
vt 0.705095 0.929488
vt 0.707268 0.929488
vt 0.880404 0.985822
vt 0.878230 0.983649
vt 0.880454 0.982718
vt 0.882213 0.984478
vt 0.985031 0.503799
vt 0.985031 0.488399
vt 0.988924 0.488399
vt 0.988924 0.503799
vt 0.111006 0.925287
vt 0.111006 0.920240
vt 0.114899 0.920240
vt 0.114899 0.925287
vt 0.880449 0.742514
vt 0.880449 0.740025
vt 0.884342 0.740025
vt 0.884342 0.742514
vt 0.882936 0.483967
vt 0.882936 0.481478
vt 0.886829 0.481478
vt 0.886829 0.483967
vt 0.238326 0.975742
vt 0.238326 0.981976
vt 0.236568 0.980580
vt 0.236568 0.975532
vt 0.433832 0.997415
vt 0.433832 0.978396
vt 0.435334 0.978797
vt 0.435334 0.995372
vt 0.233979 0.962956
vt 0.233048 0.965179
vt 0.899423 0.985822
vt 0.897250 0.987995
vt 0.895854 0.986238
vt 0.897614 0.984478
vt 0.901597 0.964629
vt 0.901597 0.983649
vt 0.899373 0.982718
vt 0.899373 0.967318
vt 0.878230 0.964629
vt 0.880454 0.967318
vt 0.236152 0.984149
vt 0.233979 0.986323
vt 0.233048 0.984099
vt 0.234808 0.982339
vt 0.236152 0.965130
vt 0.238326 0.967303
vt 0.236568 0.968699
vt 0.234808 0.966939
vt 0.986732 0.453516
vt 0.986732 0.472536
vt 0.981592 0.472536
vt 0.981592 0.453516
vt 0.984946 0.184168
vt 0.984946 0.207535
vt 0.979806 0.207535
vt 0.979806 0.184168
vt 0.948145 0.947371
vt 0.948145 0.964813
vt 0.924779 0.964813
vt 0.924779 0.947371
vt 0.705095 0.956607
vt 0.705095 0.974048
vt 0.686075 0.974048
vt 0.686075 0.956607
vt 0.875597 0.948479
vt 0.875597 0.965921
vt 0.856578 0.965921
vt 0.856578 0.948479
vt 0.981592 0.434497
vt 0.986732 0.434497
vt 0.843010 0.742083
vt 0.843010 0.745157
vt 0.837870 0.745157
vt 0.837870 0.742083
vt 0.969644 0.417055
vt 0.969644 0.434497
vt 0.966570 0.434497
vt 0.966570 0.417055
vt 0.989390 0.245760
vt 0.989390 0.263201
vt 0.983156 0.263201
vt 0.983156 0.245760
vt 0.104791 0.981067
vt 0.104791 0.974834
vt 0.109931 0.974834
vt 0.109931 0.981067
vt 0.713507 0.911061
vt 0.713507 0.870220
vt 0.716581 0.870220
vt 0.716581 0.911061
vt 0.837052 0.484552
vt 0.837052 0.487625
vt 0.831912 0.487625
vt 0.831912 0.484552
vt 0.713507 0.974048
vt 0.713507 0.956606
vt 0.716581 0.956606
vt 0.716581 0.974048
vt 0.345257 0.991641
vt 0.339024 0.991641
vt 0.339024 0.983830
vt 0.345257 0.983830
vt 0.978951 0.226840
vt 0.978951 0.267682
vt 0.972718 0.267682
vt 0.972718 0.226840
vt 0.087461 0.888446
vt 0.087461 0.933991
vt 0.081424 0.933991
vt 0.081424 0.888446
vt 0.969644 0.330669
vt 0.969644 0.371510
vt 0.966570 0.371510
vt 0.966570 0.330669
vt 0.336850 0.989867
vt 0.336850 0.983830
vt 0.875597 0.862092
vt 0.875597 0.902934
vt 0.856578 0.902934
vt 0.856578 0.862092
vt 0.705095 0.870220
vt 0.705095 0.911061
vt 0.686075 0.911061
vt 0.686075 0.870220
vt 0.948145 0.860985
vt 0.948145 0.901826
vt 0.924779 0.901826
vt 0.924779 0.860985
vt 0.710433 0.956606
vt 0.710433 0.911061
vt 0.710433 0.974048
vt 0.837052 0.481478
vt 0.831912 0.481478
vt 0.710433 0.870220
vt 0.880449 0.745003
vt 0.884342 0.745003
vt 0.972718 0.371510
vt 0.972718 0.417055
vt 0.972718 0.330669
vt 0.972718 0.434497
vt 0.843010 0.739009
vt 0.837870 0.739009
vt 0.882936 0.486456
vt 0.886829 0.486456
vt 0.716581 0.959110
vt 0.716581 0.913565
vt 0.718754 0.913565
vt 0.718754 0.959111
vt 0.724988 0.913565
vt 0.724988 0.959110
vt 0.735600 0.913565
vt 0.735600 0.959110
vt 0.733427 0.959110
vt 0.733427 0.913565
vt 0.983042 0.604138
vt 0.984816 0.601965
vt 0.990853 0.601965
vt 0.990853 0.604138
vt 0.090178 0.933991
vt 0.090178 0.888446
vt 0.096215 0.888446
vt 0.096215 0.933991
vt 0.984816 0.620984
vt 0.983042 0.618811
vt 0.990853 0.618811
vt 0.990853 0.620984
vt 0.983042 0.610372
vt 0.990853 0.610372
vt 0.544703 0.986475
vt 0.546876 0.984701
vt 0.546876 0.992512
vt 0.544703 0.992512
vt 0.950319 0.966986
vt 0.950319 0.982932
vt 0.948145 0.983832
vt 0.948145 0.964813
vt 0.951856 0.984469
vt 0.953393 0.986006
vt 0.952492 0.988179
vt 0.950319 0.986006
vt 0.967802 0.984469
vt 0.969338 0.982932
vt 0.971512 0.983832
vt 0.969338 0.986006
vt 0.969338 0.966986
vt 0.971512 0.964813
vt 0.960796 0.986006
vt 0.966265 0.986006
vt 0.967165 0.988179
vt 0.960931 0.988179
vt 0.032109 0.997802
vt 0.030572 0.996265
vt 0.029035 0.994728
vt 0.029035 0.978782
vt 0.048055 0.978782
vt 0.048055 0.994728
vt 0.046518 0.996265
vt 0.044981 0.997802
vt 0.039513 0.997802
vt 0.037578 0.997802
vt 0.578116 0.983830
vt 0.562170 0.983830
vt 0.562170 0.955817
vt 0.578116 0.955817
vt 0.966237 0.481845
vt 0.964064 0.481845
vt 0.964064 0.453832
vt 0.966237 0.453832
vt 0.594061 0.983830
vt 0.594061 0.955817
vt 0.961890 0.481845
vt 0.961890 0.453832
vt 0.599530 0.983830
vt 0.594061 0.983830
vt 0.599530 0.955817
vt 0.349669 0.983830
vt 0.330649 0.983830
vt 0.330649 0.955817
vt 0.349669 0.955817
vt 0.709442 0.957501
vt 0.709442 0.929488
vt 0.980333 0.699174
vt 0.980333 0.678810
vt 0.986178 0.678810
vt 0.986178 0.699174
vt 0.452852 0.974049
vt 0.455025 0.976222
vt 0.453803 0.976903
vt 0.451909 0.975009
vt 0.446618 0.974049
vt 0.446476 0.975009
vt 0.457199 0.997415
vt 0.455697 0.995372
vt 0.436006 0.976222
vt 0.438179 0.974049
vt 0.439122 0.975009
vt 0.437228 0.976903
vt 0.457199 0.978396
vt 0.455697 0.978797
vt 0.876941 0.986284
vt 0.860366 0.986284
vt 0.858472 0.984390
vt 0.856578 0.982496
vt 0.856578 0.977063
vt 0.856578 0.975141
vt 0.856578 0.969709
vt 0.858472 0.967815
vt 0.860366 0.965921
vt 0.876941 0.965921
vt 0.861327 0.739312
vt 0.864005 0.739312
vt 0.864005 0.745157
vt 0.861327 0.745157
vt 0.463043 0.974048
vt 0.463043 0.990624
vt 0.457199 0.990624
vt 0.457199 0.974048
vt 0.985736 0.562850
vt 0.985736 0.568282
vt 0.979891 0.568282
vt 0.979891 0.562850
vt 0.858648 0.739312
vt 0.858648 0.745157
vt 0.871006 0.481478
vt 0.873685 0.481478
vt 0.873685 0.487323
vt 0.871006 0.487323
vt 0.983805 0.840839
vt 0.983805 0.824264
vt 0.989650 0.824264
vt 0.989650 0.840839
vt 0.868328 0.481478
vt 0.868328 0.487323
vt 0.985736 0.555495
vt 0.985736 0.560928
vt 0.979891 0.560928
vt 0.979891 0.555495
vt 0.444413 0.974049
vt 0.444554 0.975009
vt 0.606934 0.983830
vt 0.601465 0.983830
vt 0.601465 0.955817
vt 0.606934 0.955817
vt 0.958861 0.986006
vt 0.958726 0.988179
vt 0.983042 0.612577
vt 0.990853 0.612577
vt 0.727193 0.959110
vt 0.727193 0.913565
vt 0.977745 0.901827
vt 0.977745 0.942668
vt 0.971512 0.942668
vt 0.971512 0.901827
vt 0.553110 0.984701
vt 0.553110 0.992512
vt 0.829258 0.739009
vt 0.831043 0.739009
vt 0.831253 0.746820
vt 0.829048 0.746820
vt 0.104791 0.989506
vt 0.104791 0.983273
vt 0.109931 0.983273
vt 0.109931 0.989507
vt 0.997829 0.245760
vt 0.997829 0.263201
vt 0.991595 0.263201
vt 0.991595 0.245760
vt 0.238326 0.973537
vt 0.236568 0.973746
vt 0.724988 0.872724
vt 0.727193 0.872724
vt 0.111006 0.932120
vt 0.111006 0.927073
vt 0.114899 0.927073
vt 0.114899 0.932120
vt 0.891016 0.987995
vt 0.890806 0.986238
vt 0.546876 0.982943
vt 0.553110 0.982943
vt 0.981284 0.612577
vt 0.981284 0.610372
vt 0.981284 0.618811
vt 0.544703 0.985116
vt 0.981284 0.604138
vt 0.983458 0.620984
vt 0.088819 0.933991
vt 0.088819 0.888446
vt 0.983458 0.601965
vt 0.339024 0.993399
vt 0.336850 0.991225
vt 0.345257 0.993399
vt 0.977092 0.746636
vt 0.969281 0.746635
vt 0.969281 0.705793
vt 0.977094 0.705794
vt 0.967510 0.705794
vt 0.967523 0.746636
vt 0.103610 0.933992
vt 0.111424 0.933991
vt 0.111424 0.974833
vt 0.103613 0.974834
vt 0.113194 0.933992
vt 0.113182 0.974834
vt 0.832179 0.936412
vt 0.827147 0.936412
vt 0.827147 0.932086
vt 0.832179 0.932086
vt 0.832179 0.959111
vt 0.827147 0.959111
vt 0.827147 0.957013
vt 0.832179 0.957013
vt 0.017421 0.947808
vt 0.011614 0.947808
vt 0.011614 0.888446
vt 0.017421 0.888446
vt 0.023228 0.915471
vt 0.029035 0.915471
vt 0.029035 0.974833
vt 0.023228 0.974833
vt 0.833611 0.957013
vt 0.833611 0.959111
vt 0.838643 0.932086
vt 0.833611 0.932086
vt 0.833611 0.872724
vt 0.838643 0.872724
vt 0.827147 0.872724
vt 0.832179 0.872724
vt 0.838643 0.959111
vt 0.838643 0.957013
vt 0.838643 0.936412
vt 0.833611 0.936412
vt 0.729477 0.744488
vt 0.729477 0.745920
vt 0.728319 0.745920
vt 0.728319 0.744488
vt 0.023228 0.888446
vt 0.029035 0.888446
vt 0.029035 0.890544
vt 0.023228 0.890544
vt 0.023228 0.911144
vt 0.029035 0.911144
vt 0.017421 0.974833
vt 0.011614 0.974833
vt 0.011614 0.972735
vt 0.017421 0.972735
vt 0.017421 0.952134
vt 0.011614 0.952134
vt 0.011614 0.968409
vt 0.017421 0.968409
vt 0.029035 0.894870
vt 0.023228 0.894870
vt 0.722013 0.860801
vt 0.723445 0.860801
vt 0.723445 0.865933
vt 0.722013 0.865933
vt 0.833611 0.952686
vt 0.832179 0.952686
vt 0.838643 0.952686
vt 0.827147 0.952686
vt 0.983947 0.358258
vt 0.984157 0.353934
vt 0.986010 0.353933
vt 0.985881 0.354640
vt 0.113405 0.741730
vt 0.114837 0.741730
vt 0.114837 0.758004
vt 0.113405 0.758004
vt 0.985935 0.378712
vt 0.986010 0.383038
vt 0.981015 0.383125
vt 0.980805 0.378801
vt 0.979013 0.337733
vt 0.978951 0.333407
vt 0.980109 0.333390
vt 0.984144 0.337660
vt 0.724233 0.860801
vt 0.725665 0.860801
vt 0.725665 0.865933
vt 0.724233 0.865933
vt 0.111741 0.758064
vt 0.113173 0.758064
vt 0.113173 0.763061
vt 0.111741 0.763061
vt 0.986010 0.358274
vt 0.985949 0.362601
vt 0.980818 0.362527
vt 0.984853 0.358258
vt 0.978951 0.358171
vt 0.979026 0.353845
vt 0.113615 0.741042
vt 0.114627 0.741042
vt 0.113615 0.758692
vt 0.114627 0.758692
vt 0.114837 0.762789
vt 0.113405 0.762789
vt 0.985866 0.336952
vt 0.985997 0.337658
vt 0.978965 0.362526
vt 0.979095 0.361819
vt 0.830480 0.488245
vt 0.829048 0.488245
vt 0.829258 0.481478
vt 0.830270 0.481478
vt 0.979081 0.379507
vt 0.978951 0.378800
vt 0.463346 0.908241
vt 0.464778 0.908241
vt 0.464778 0.924515
vt 0.463346 0.924515
vt 0.986372 0.823198
vt 0.982479 0.823198
vt 0.982479 0.804278
vt 0.986372 0.804278
vt 0.238326 0.986323
vt 0.240549 0.983634
vt 0.259469 0.983634
vt 0.261692 0.986323
vt 0.696655 0.974048
vt 0.696865 0.975806
vt 0.691818 0.975806
vt 0.690422 0.974048
vt 0.985645 0.488320
vt 0.981752 0.488320
vt 0.981752 0.472920
vt 0.985645 0.472920
vt 0.979791 0.056026
vt 0.979791 0.028013
vt 0.981964 0.028013
vt 0.981964 0.056026
vt 0.688248 0.976222
vt 0.690058 0.977566
vt 0.688298 0.979326
vt 0.686075 0.978395
vt 0.977859 0.488320
vt 0.973966 0.488320
vt 0.973966 0.472919
vt 0.981638 0.934000
vt 0.977745 0.934000
vt 0.977745 0.928952
vt 0.981638 0.928952
vt 0.888235 0.742514
vt 0.892128 0.742514
vt 0.892128 0.745003
vt 0.888235 0.745003
vt 0.879043 0.483967
vt 0.882936 0.483967
vt 0.882936 0.486456
vt 0.879043 0.486456
vt 0.248906 0.962956
vt 0.249116 0.964714
vt 0.244069 0.964714
vt 0.242673 0.962956
vt 0.000000 0.974833
vt 0.001501 0.976876
vt 0.001501 0.993451
vt 0.000000 0.993852
vt 0.259469 0.968234
vt 0.261692 0.967303
vt 0.707268 0.976222
vt 0.705458 0.977566
vt 0.703698 0.975806
vt 0.709441 0.997415
vt 0.707218 0.994726
vt 0.707218 0.979326
vt 0.709441 0.978395
vt 0.686075 0.997415
vt 0.688298 0.994726
vt 0.240499 0.965130
vt 0.242309 0.966474
vt 0.240549 0.968234
vt 0.238326 0.967303
vt 0.259519 0.965130
vt 0.257709 0.966474
vt 0.255949 0.964714
vt 0.257345 0.962956
vt 0.987104 0.019020
vt 0.981964 0.019020
vt 0.981964 0.000000
vt 0.987104 0.000000
vt 0.979891 0.488399
vt 0.985031 0.488399
vt 0.985031 0.511765
vt 0.979891 0.511765
vt 0.948145 0.947371
vt 0.971512 0.947371
vt 0.971512 0.964813
vt 0.948145 0.964813
vt 0.503194 0.958635
vt 0.522214 0.958635
vt 0.522214 0.976077
vt 0.503194 0.976077
vt 0.484175 0.958635
vt 0.484175 0.976077
vt 0.981964 0.019020
vt 0.987104 0.019020
vt 0.987104 0.038039
vt 0.981964 0.038039
vt 0.847333 0.484552
vt 0.842192 0.484552
vt 0.842192 0.481478
vt 0.847333 0.481478
vt 0.970584 0.574786
vt 0.973658 0.574786
vt 0.973658 0.592227
vt 0.970584 0.592227
vt 0.991595 0.263201
vt 0.997829 0.280643
vt 0.991595 0.280643
vt 0.990171 0.525433
vt 0.985031 0.525433
vt 0.985031 0.519199
vt 0.990171 0.519199
vt 0.971779 0.788260
vt 0.968705 0.788260
vt 0.968705 0.747419
vt 0.971779 0.747419
vt 0.848150 0.742083
vt 0.843010 0.742083
vt 0.843010 0.739009
vt 0.848150 0.739009
vt 0.971779 0.851247
vt 0.968705 0.851247
vt 0.968705 0.833805
vt 0.971779 0.833805
vt 0.336850 0.985588
vt 0.336850 0.993399
vt 0.330617 0.993399
vt 0.330617 0.985588
vt 0.972718 0.267682
vt 0.978951 0.267682
vt 0.978951 0.308523
vt 0.972718 0.308523
vt 0.097574 0.888446
vt 0.103610 0.888446
vt 0.103610 0.933991
vt 0.097574 0.933991
vt 0.970584 0.488399
vt 0.973658 0.488399
vt 0.973658 0.529240
vt 0.970584 0.529240
vt 0.328443 0.993399
vt 0.328443 0.987362
vt 0.484175 0.872248
vt 0.503194 0.872248
vt 0.503194 0.913090
vt 0.484175 0.913090
vt 0.522214 0.872248
vt 0.522214 0.913090
vt 0.948145 0.860985
vt 0.971512 0.860985
vt 0.971512 0.901826
vt 0.948145 0.901826
vt 0.974853 0.833805
vt 0.974853 0.788260
vt 0.974853 0.851247
vt 0.848150 0.745157
vt 0.843010 0.745157
vt 0.974853 0.747419
vt 0.888235 0.740025
vt 0.892128 0.740025
vt 0.967510 0.529240
vt 0.967510 0.574786
vt 0.967510 0.488399
vt 0.967510 0.592227
vt 0.847333 0.487625
vt 0.842192 0.487625
vt 0.879043 0.481478
vt 0.882936 0.481478
vt 0.792659 0.959111
vt 0.790485 0.959111
vt 0.790485 0.913565
vt 0.792659 0.913565
vt 0.784252 0.913565
vt 0.784252 0.959111
vt 0.773639 0.913565
vt 0.775813 0.913565
vt 0.775813 0.959111
vt 0.773639 0.959111
vt 0.989095 0.661197
vt 0.981284 0.661197
vt 0.981284 0.659023
vt 0.987321 0.659023
vt 0.109647 0.933991
vt 0.109647 0.888446
vt 0.987321 0.678043
vt 0.981284 0.678043
vt 0.981284 0.675869
vt 0.989095 0.675869
vt 0.989095 0.667430
vt 0.981284 0.667430
vt 0.328443 0.987362
vt 0.328443 0.993399
vt 0.326270 0.993399
vt 0.326270 0.985588
vt 0.306252 0.965129
vt 0.308425 0.962956
vt 0.308425 0.981976
vt 0.306252 0.981075
vt 0.304715 0.982612
vt 0.306252 0.984149
vt 0.304078 0.986322
vt 0.303178 0.984149
vt 0.288769 0.982612
vt 0.287232 0.984149
vt 0.285059 0.981976
vt 0.287232 0.981075
vt 0.287232 0.965129
vt 0.285059 0.962956
vt 0.295774 0.984149
vt 0.295639 0.986322
vt 0.289406 0.986322
vt 0.290306 0.984149
vt 0.982880 0.207535
vt 0.988348 0.207535
vt 0.990283 0.207535
vt 0.995752 0.207535
vt 0.997289 0.209071
vt 0.998826 0.210608
vt 0.998826 0.226554
vt 0.979806 0.226554
vt 0.979806 0.210608
vt 0.981343 0.209071
vt 0.400580 0.983830
vt 0.400580 0.955817
vt 0.416526 0.955817
vt 0.416526 0.983830
vt 0.059772 0.968151
vt 0.059772 0.940138
vt 0.061945 0.940138
vt 0.061945 0.968151
vt 0.732526 0.987123
vt 0.732526 0.959110
vt 0.748472 0.959110
vt 0.748472 0.987123
vt 0.064119 0.940138
vt 0.064119 0.968151
vt 0.755876 0.987123
vt 0.755876 0.959111
vt 0.761345 0.959110
vt 0.761345 0.987123
vt 0.048055 0.950769
vt 0.048055 0.978782
vt 0.029035 0.978782
vt 0.029035 0.950769
vt 0.977617 0.056026
vt 0.977617 0.028013
vt 0.986941 0.881348
vt 0.981096 0.881348
vt 0.981096 0.860985
vt 0.986941 0.860985
vt 0.019020 0.998199
vt 0.018077 0.997239
vt 0.019971 0.995345
vt 0.021193 0.996026
vt 0.012786 0.998199
vt 0.012644 0.997239
vt 0.023366 0.974833
vt 0.021865 0.976876
vt 0.002173 0.996026
vt 0.003396 0.995345
vt 0.005290 0.997239
vt 0.004347 0.998199
vt 0.023366 0.993852
vt 0.021865 0.993451
vt 0.903732 0.990765
vt 0.903732 0.970402
vt 0.920308 0.970402
vt 0.922202 0.972296
vt 0.924096 0.974190
vt 0.924096 0.979623
vt 0.924096 0.981545
vt 0.924096 0.986977
vt 0.922202 0.988871
vt 0.920308 0.990765
vt 0.855969 0.739312
vt 0.855969 0.745157
vt 0.853290 0.745157
vt 0.853290 0.739312
vt 0.989650 0.857415
vt 0.983805 0.857415
vt 0.983805 0.840839
vt 0.989650 0.840839
vt 0.538096 0.983431
vt 0.543941 0.983431
vt 0.543941 0.988864
vt 0.538096 0.988864
vt 0.865649 0.481478
vt 0.865649 0.487323
vt 0.862970 0.487323
vt 0.862970 0.481478
vt 0.984721 0.705793
vt 0.990566 0.705793
vt 0.990566 0.722368
vt 0.984721 0.722368
vt 0.538096 0.976077
vt 0.543941 0.976077
vt 0.543941 0.981509
vt 0.538096 0.981509
vt 0.010722 0.997239
vt 0.010580 0.998199
vt 0.748472 0.987123
vt 0.748472 0.959110
vt 0.753941 0.959111
vt 0.753941 0.987123
vt 0.297845 0.986322
vt 0.297709 0.984149
vt 0.981284 0.669636
vt 0.989095 0.669636
vt 0.782046 0.913565
vt 0.782046 0.959111
vt 0.972718 0.390206
vt 0.978951 0.390206
vt 0.978951 0.431047
vt 0.972718 0.431047
vt 0.320036 0.993399
vt 0.320036 0.985588
vt 0.831463 0.746820
vt 0.831253 0.739009
vt 0.833459 0.739009
vt 0.833249 0.746820
vt 0.990171 0.533872
vt 0.985031 0.533872
vt 0.985031 0.527638
vt 0.990171 0.527638
vt 0.989389 0.263201
vt 0.989389 0.280643
vt 0.983156 0.280643
vt 0.250902 0.964714
vt 0.251112 0.962956
vt 0.782046 0.872724
vt 0.784252 0.872724
vt 0.981638 0.940833
vt 0.977745 0.940833
vt 0.977745 0.935786
vt 0.981638 0.935786
vt 0.698651 0.975806
vt 0.698861 0.974048
vt 0.326270 0.983830
vt 0.320036 0.983830
vt 0.990853 0.669636
vt 0.990853 0.667430
vt 0.990853 0.675869
vt 0.328443 0.986004
vt 0.990853 0.661197
vt 0.988679 0.678043
vt 0.111006 0.933991
vt 0.111006 0.888446
vt 0.988679 0.659023
vt 0.330617 0.983830
vt 0.328443 0.986004
vt 0.081427 0.974834
vt 0.081424 0.933992
vt 0.089238 0.933991
vt 0.089238 0.974833
vt 0.091008 0.933992
vt 0.090996 0.974834
vt 0.979806 0.136637
vt 0.979803 0.177478
vt 0.971992 0.177478
vt 0.971992 0.136636
vt 0.970222 0.136637
vt 0.970234 0.177478
vt 0.820683 0.895422
vt 0.820683 0.899749
vt 0.815651 0.899749
vt 0.815651 0.895422
vt 0.820683 0.872724
vt 0.820683 0.874821
vt 0.815651 0.874821
vt 0.815651 0.872724
vt 0.850257 0.899749
vt 0.850257 0.959111
vt 0.844450 0.959111
vt 0.844450 0.899749
vt 0.844450 0.899749
vt 0.844450 0.959111
vt 0.838643 0.899749
vt 0.822115 0.874821
vt 0.822115 0.872724
vt 0.827147 0.899749
vt 0.827147 0.959111
vt 0.822115 0.959111
vt 0.822115 0.899749
vt 0.820683 0.959111
vt 0.827147 0.872724
vt 0.827147 0.874821
vt 0.827147 0.895422
vt 0.822115 0.895422
vt 0.726822 0.745152
vt 0.727980 0.745152
vt 0.727980 0.746584
vt 0.726822 0.746584
vt 0.844450 0.872724
vt 0.844450 0.874821
vt 0.838643 0.874821
vt 0.838643 0.872724
vt 0.844450 0.895422
vt 0.838643 0.895422
vt 0.850257 0.872724
vt 0.850257 0.874821
vt 0.844450 0.874821
vt 0.844450 0.872724
vt 0.850257 0.895422
vt 0.844450 0.895422
vt 0.850257 0.879148
vt 0.844450 0.879148
vt 0.844450 0.879148
vt 0.838643 0.879148
vt 0.724233 0.871064
vt 0.724233 0.865933
vt 0.725665 0.865933
vt 0.725665 0.871064
vt 0.820683 0.879148
vt 0.822115 0.879148
vt 0.827147 0.879148
vt 0.815651 0.879148
vt 0.671497 0.986185
vt 0.669563 0.982567
vt 0.669434 0.981860
vt 0.671287 0.981862
vt 0.464778 0.870908
vt 0.464778 0.887182
vt 0.463346 0.887182
vt 0.463346 0.870908
vt 0.979026 0.428447
vt 0.984157 0.428536
vt 0.983947 0.432860
vt 0.978951 0.432773
vt 0.676431 0.965661
vt 0.671300 0.965587
vt 0.675335 0.961318
vt 0.676493 0.961334
vt 0.879017 0.740025
vt 0.879017 0.745157
vt 0.877584 0.745157
vt 0.877584 0.740025
vt 0.892128 0.745022
vt 0.892128 0.740025
vt 0.893560 0.740025
vt 0.893560 0.745022
vt 0.978951 0.408009
vt 0.980109 0.407993
vt 0.984144 0.412262
vt 0.979013 0.412335
vt 0.676493 0.986098
vt 0.676418 0.981772
vt 0.463556 0.870220
vt 0.464568 0.870220
vt 0.464568 0.887870
vt 0.463556 0.887870
vt 0.463346 0.891967
vt 0.464778 0.891967
vt 0.669447 0.965586
vt 0.669578 0.964879
vt 0.985866 0.411554
vt 0.985997 0.412261
vt 0.107365 0.755913
vt 0.107155 0.762679
vt 0.106143 0.762679
vt 0.105933 0.755913
vt 0.986010 0.428535
vt 0.985881 0.429242
vt 0.464778 0.891967
vt 0.463346 0.891967
vt 0.987049 0.226840
vt 0.987049 0.245760
vt 0.983156 0.245760
vt 0.168227 0.986322
vt 0.170450 0.983634
vt 0.189370 0.983634
vt 0.191593 0.986322
vt 0.937565 0.988179
vt 0.937355 0.986421
vt 0.942402 0.986421
vt 0.943799 0.988179
vt 0.984946 0.176202
vt 0.988839 0.176202
vt 0.988839 0.191602
vt 0.984946 0.191602
vt 0.076943 0.968151
vt 0.076943 0.940138
vt 0.079116 0.940138
vt 0.079116 0.968151
vt 0.945972 0.986006
vt 0.944162 0.984662
vt 0.945922 0.982902
vt 0.948145 0.983832
vt 0.988924 0.519199
vt 0.985031 0.519199
vt 0.985031 0.503799
vt 0.988924 0.503799
vt 0.985736 0.541965
vt 0.989629 0.541965
vt 0.989629 0.547012
vt 0.985736 0.547012
vt 0.884342 0.742514
vt 0.884342 0.745003
vt 0.886829 0.483967
vt 0.890722 0.483967
vt 0.890722 0.486456
vt 0.886829 0.486456
vt 0.178807 0.962956
vt 0.179017 0.964714
vt 0.173969 0.964714
vt 0.172573 0.962956
vt 0.081424 0.974834
vt 0.082926 0.976877
vt 0.082926 0.993452
vt 0.081424 0.993853
vt 0.189370 0.968234
vt 0.191593 0.967303
vt 0.926953 0.986006
vt 0.928762 0.984662
vt 0.930522 0.986421
vt 0.929126 0.988179
vt 0.924779 0.964813
vt 0.927002 0.967502
vt 0.927002 0.982902
vt 0.924779 0.983832
vt 0.948145 0.964813
vt 0.945922 0.967502
vt 0.170400 0.965129
vt 0.172210 0.966474
vt 0.170450 0.968234
vt 0.168227 0.967303
vt 0.189419 0.965129
vt 0.187610 0.966474
vt 0.185850 0.964714
vt 0.187246 0.962956
vt 0.074769 0.968151
vt 0.079909 0.968151
vt 0.079909 0.987170
vt 0.074769 0.987170
vt 0.985031 0.535132
vt 0.979891 0.535132
vt 0.979891 0.511765
vt 0.985031 0.511765
vt 0.433832 0.956607
vt 0.457199 0.956607
vt 0.457199 0.974049
vt 0.433832 0.974049
vt 0.609337 0.958635
vt 0.628356 0.958635
vt 0.628356 0.976076
vt 0.609337 0.976076
vt 0.465155 0.958635
vt 0.484175 0.958635
vt 0.484175 0.976077
vt 0.465155 0.976077
vt 0.987619 0.766438
vt 0.982479 0.766438
vt 0.982479 0.747419
vt 0.987619 0.747419
vt 0.857613 0.484552
vt 0.852473 0.484552
vt 0.852473 0.481478
vt 0.857613 0.481478
vt 0.970584 0.688352
vt 0.973658 0.688352
vt 0.973658 0.705793
vt 0.970584 0.705793
vt 0.990403 0.038039
vt 0.996637 0.038039
vt 0.996637 0.055481
vt 0.990403 0.055480
vt 0.710433 0.982487
vt 0.715573 0.982487
vt 0.715573 0.988721
vt 0.710433 0.988721
vt 0.969644 0.267682
vt 0.966570 0.267682
vt 0.966570 0.226840
vt 0.969644 0.226840
vt 0.842192 0.484552
vt 0.837052 0.484552
vt 0.837052 0.481478
vt 0.842192 0.481478
vt 0.969644 0.330669
vt 0.966570 0.330669
vt 0.966570 0.313227
vt 0.969644 0.313227
vt 0.983156 0.306343
vt 0.983156 0.298532
vt 0.989389 0.298532
vt 0.989389 0.306343
vt 0.972718 0.308523
vt 0.978951 0.308523
vt 0.978951 0.349364
vt 0.972718 0.349364
vt 0.967929 0.434497
vt 0.973966 0.434497
vt 0.973966 0.480042
vt 0.967929 0.480042
vt 0.970584 0.601965
vt 0.973658 0.601965
vt 0.973658 0.642806
vt 0.970584 0.642806
vt 0.991563 0.298532
vt 0.991563 0.304569
vt 0.465155 0.872248
vt 0.484175 0.872248
vt 0.484175 0.913090
vt 0.465155 0.913090
vt 0.609337 0.872248
vt 0.628356 0.872248
vt 0.628356 0.913090
vt 0.609337 0.913090
vt 0.433832 0.870220
vt 0.457199 0.870220
vt 0.457199 0.911062
vt 0.433832 0.911062
vt 0.972718 0.313227
vt 0.972718 0.330669
vt 0.842192 0.487626
vt 0.837052 0.487626
vt 0.884342 0.740025
vt 0.967510 0.642806
vt 0.967510 0.688352
vt 0.967510 0.601965
vt 0.967510 0.705793
vt 0.857613 0.487625
vt 0.852473 0.487625
vt 0.886829 0.481478
vt 0.890722 0.481478
vt 0.754620 0.959110
vt 0.752446 0.959110
vt 0.752446 0.913565
vt 0.754620 0.913565
vt 0.746213 0.913565
vt 0.746213 0.959110
vt 0.735600 0.913565
vt 0.737774 0.913565
vt 0.737773 0.959110
vt 0.735600 0.959110
vt 0.983042 0.637830
vt 0.990853 0.637830
vt 0.990853 0.640004
vt 0.984816 0.640004
vt 0.976259 0.045545
vt 0.970222 0.045545
vt 0.970222 -0.000000
vt 0.976259 -0.000000
vt 0.984816 0.620984
vt 0.990853 0.620984
vt 0.990853 0.623158
vt 0.983042 0.623158
vt 0.983042 0.631597
vt 0.990853 0.631597
vt 0.311629 0.989867
vt 0.311629 0.983830
vt 0.313803 0.983830
vt 0.313803 0.991641
vt 0.636677 0.994622
vt 0.634504 0.996795
vt 0.634504 0.977776
vt 0.636677 0.978676
vt 0.638214 0.977139
vt 0.636677 0.975602
vt 0.638850 0.973429
vt 0.639751 0.975602
vt 0.654160 0.977139
vt 0.655697 0.975602
vt 0.657870 0.977776
vt 0.655697 0.978676
vt 0.655697 0.994622
vt 0.657870 0.996795
vt 0.647154 0.975602
vt 0.647290 0.973429
vt 0.653523 0.973429
vt 0.652623 0.975602
vt 0.055749 0.996926
vt 0.055749 0.991458
vt 0.055749 0.989523
vt 0.055749 0.984054
vt 0.057286 0.982517
vt 0.058823 0.980980
vt 0.074769 0.980980
vt 0.074769 1.000000
vt 0.058823 1.000000
vt 0.057286 0.998463
vt 0.384635 0.955817
vt 0.384634 0.983830
vt 0.368689 0.983830
vt 0.368689 0.955817
vt 0.114574 0.978079
vt 0.114574 0.950066
vt 0.116748 0.950066
vt 0.116748 0.978079
vt 0.417202 0.983830
vt 0.417202 0.955817
vt 0.433148 0.955817
vt 0.433148 0.983830
vt 0.118921 0.950066
vt 0.118921 0.978079
vt 0.981061 0.598095
vt 0.981061 0.570082
vt 0.986530 0.570082
vt 0.986530 0.598095
vt 0.311629 0.983830
vt 0.330649 0.955817
vt 0.330649 0.983830
vt 0.074769 0.968151
vt 0.074769 0.940138
vt 0.981096 0.881348
vt 0.986941 0.901712
vt 0.981096 0.901712
vt 0.100444 0.998200
vt 0.099501 0.997240
vt 0.101395 0.995346
vt 0.102617 0.996027
vt 0.094210 0.998200
vt 0.094068 0.997240
vt 0.103289 0.976877
vt 0.083598 0.996027
vt 0.084820 0.995346
vt 0.086714 0.997240
vt 0.085771 0.998200
vt 0.104791 0.993853
vt 0.103289 0.993452
vt 0.609337 0.976076
vt 0.629700 0.976076
vt 0.629700 0.992652
vt 0.627806 0.994546
vt 0.625912 0.996440
vt 0.620479 0.996440
vt 0.618557 0.996440
vt 0.613125 0.996440
vt 0.611231 0.994546
vt 0.609337 0.992652
vt 0.860292 0.481478
vt 0.860292 0.487323
vt 0.857613 0.487323
vt 0.857613 0.481478
vt 0.660701 0.973429
vt 0.666546 0.973429
vt 0.666546 0.990004
vt 0.660701 0.990004
vt 0.064119 0.973583
vt 0.058274 0.973583
vt 0.058274 0.968151
vt 0.064119 0.968151
vt 0.862970 0.481478
vt 0.862970 0.487323
vt 0.872041 0.739312
vt 0.872041 0.745157
vt 0.869363 0.745157
vt 0.869363 0.739312
vt 0.990256 0.153211
vt 0.984411 0.153211
vt 0.984411 0.136636
vt 0.990256 0.136636
vt 0.874720 0.739312
vt 0.874720 0.745157
vt 0.064119 0.980938
vt 0.058274 0.980938
vt 0.058274 0.975505
vt 0.064119 0.975505
vt 0.092146 0.997240
vt 0.092005 0.998200
vt 0.973658 0.598095
vt 0.973658 0.570082
vt 0.979126 0.570082
vt 0.979126 0.598095
vt 0.645084 0.973429
vt 0.645219 0.975602
vt 0.990853 0.629391
vt 0.983042 0.629391
vt 0.744007 0.913565
vt 0.744007 0.959110
vt 0.973658 0.529240
vt 0.979891 0.529240
vt 0.979891 0.570082
vt 0.973658 0.570082
vt 0.320036 0.991641
vt 0.835454 0.739009
vt 0.835664 0.746820
vt 0.833459 0.746820
vt 0.833669 0.739009
vt 0.710433 0.974048
vt 0.715573 0.974048
vt 0.715573 0.980281
vt 0.710433 0.980281
vt 0.981964 0.038039
vt 0.988198 0.038039
vt 0.988198 0.055480
vt 0.981964 0.055481
vt 0.180803 0.964714
vt 0.181013 0.962956
vt 0.744007 0.872724
vt 0.746213 0.872724
vt 0.985736 0.535132
vt 0.989629 0.535132
vt 0.989629 0.540179
vt 0.985736 0.540179
vt 0.935569 0.986421
vt 0.935360 0.988179
vt 0.313803 0.993399
vt 0.320036 0.993399
vt 0.981284 0.629391
vt 0.981284 0.631597
vt 0.981284 0.623158
vt 0.311629 0.991225
vt 0.981284 0.637830
vt 0.983458 0.620984
vt 0.977617 0.045545
vt 0.977617 -0.000000
vt 0.983458 0.640004
vt 0.989389 0.308101
vt 0.991563 0.305928
vt 0.966570 0.434497
vt 0.966570 0.480042
vt 0.983156 0.308101
vt 0.970225 0.218321
vt 0.970222 0.177480
vt 0.978036 0.177478
vt 0.978036 0.218320
vt 0.979806 0.177480
vt 0.979794 0.218321
vt 0.100592 0.933992
vt 0.100590 0.974834
vt 0.092779 0.974833
vt 0.092779 0.933991
vt 0.091008 0.933992
vt 0.091021 0.974834
vt 0.809187 0.895422
vt 0.809187 0.899749
vt 0.804155 0.899749
vt 0.804155 0.895422
vt 0.809187 0.872724
vt 0.809187 0.874821
vt 0.804155 0.874821
vt 0.804155 0.872724
vt 0.023228 0.915471
vt 0.023228 0.974833
vt 0.017421 0.974833
vt 0.017421 0.915471
vt 0.850771 0.932085
vt 0.850771 0.872724
vt 0.856578 0.872724
vt 0.856578 0.932085
vt 0.810619 0.874821
vt 0.810619 0.872724
vt 0.815651 0.899749
vt 0.815651 0.959111
vt 0.810619 0.959111
vt 0.810619 0.899749
vt 0.809187 0.959111
vt 0.815651 0.872724
vt 0.815651 0.874821
vt 0.815651 0.895422
vt 0.810619 0.895422
vt 0.729477 0.747352
vt 0.728319 0.747352
vt 0.728319 0.745920
vt 0.729477 0.745920
vt 0.850771 0.959110
vt 0.850771 0.957013
vt 0.856578 0.957013
vt 0.856578 0.959110
vt 0.850771 0.936412
vt 0.856578 0.936412
vt 0.023228 0.888446
vt 0.023228 0.890544
vt 0.017421 0.890544
vt 0.017421 0.888446
vt 0.023228 0.911144
vt 0.017421 0.911144
vt 0.023228 0.894870
vt 0.017421 0.894870
vt 0.850771 0.952686
vt 0.856578 0.952686
vt 0.724233 0.865933
vt 0.724233 0.871064
vt 0.722800 0.871064
vt 0.722800 0.865933
vt 0.809187 0.879148
vt 0.810619 0.879148
vt 0.815651 0.879148
vt 0.804155 0.879148
vt 0.981201 0.967536
vt 0.979268 0.963918
vt 0.979138 0.963211
vt 0.980991 0.963212
vt 0.114837 0.698237
vt 0.114837 0.714512
vt 0.113405 0.714512
vt 0.113405 0.698237
vt 0.979026 0.328977
vt 0.984157 0.329067
vt 0.983947 0.333390
vt 0.978951 0.333304
vt 0.986135 0.947011
vt 0.981005 0.946938
vt 0.985040 0.942669
vt 0.986197 0.942685
vt 0.879016 0.745157
vt 0.879016 0.740025
vt 0.880449 0.740025
vt 0.880449 0.745157
vt 0.894992 0.745022
vt 0.893560 0.745022
vt 0.893560 0.740025
vt 0.978951 0.308539
vt 0.980109 0.308523
vt 0.984144 0.312792
vt 0.979013 0.312866
vt 0.986197 0.967449
vt 0.986122 0.963123
vt 0.113615 0.697550
vt 0.114627 0.697550
vt 0.114627 0.715199
vt 0.113615 0.715199
vt 0.113405 0.719296
vt 0.114837 0.719296
vt 0.979151 0.946937
vt 0.979282 0.946230
vt 0.985866 0.312084
vt 0.985997 0.312791
vt 0.104501 0.762679
vt 0.104710 0.755913
vt 0.105723 0.755913
vt 0.105933 0.762679
vt 0.986010 0.329065
vt 0.985881 0.329772
vt 0.464778 0.924515
vt 0.464778 0.940789
vt 0.463346 0.940789
vt 0.463346 0.924515
vt 0.986372 0.766438
vt 0.986372 0.785358
vt 0.982479 0.785358
vt 0.982479 0.766438
vt 0.191593 0.962956
vt 0.214959 0.962956
vt 0.212736 0.965645
vt 0.193816 0.965645
vt 0.477941 0.976076
vt 0.484175 0.976076
vt 0.482779 0.977834
vt 0.477731 0.977834
vt 0.984946 0.207002
vt 0.984946 0.191602
vt 0.988839 0.191602
vt 0.988839 0.207002
vt 0.977026 0.852277
vt 0.974853 0.852277
vt 0.974853 0.824264
vt 0.977026 0.824264
vt 0.486348 0.978250
vt 0.488522 0.980423
vt 0.486298 0.981354
vt 0.484538 0.979594
vt 0.988839 0.160802
vt 0.988839 0.176202
vt 0.984946 0.176202
vt 0.984946 0.160802
vt 0.989629 0.563235
vt 0.989629 0.568282
vt 0.985736 0.568282
vt 0.985736 0.563235
vt 0.890722 0.483967
vt 0.890722 0.481478
vt 0.894615 0.481478
vt 0.894615 0.483967
vt 0.107760 0.760553
vt 0.107760 0.758064
vt 0.111653 0.758064
vt 0.111653 0.760553
vt 0.202173 0.986322
vt 0.195940 0.986322
vt 0.197336 0.984565
vt 0.202383 0.984565
vt 0.488522 0.999443
vt 0.488522 0.980423
vt 0.490023 0.980825
vt 0.490023 0.997400
vt 0.214959 0.981976
vt 0.212736 0.981045
vt 0.467329 0.978250
vt 0.469502 0.976076
vt 0.470898 0.977834
vt 0.469138 0.979594
vt 0.465155 0.999443
vt 0.465155 0.980423
vt 0.467378 0.981354
vt 0.467378 0.996754
vt 0.488522 0.999443
vt 0.486298 0.996754
vt 0.193766 0.984149
vt 0.191593 0.981976
vt 0.193816 0.981045
vt 0.195576 0.982805
vt 0.212786 0.984149
vt 0.210612 0.986322
vt 0.209216 0.984565
vt 0.210976 0.982805
vt 0.981950 0.920847
vt 0.981950 0.901827
vt 0.987090 0.901827
vt 0.987090 0.920847
vt 0.979806 0.184168
vt 0.979806 0.160802
vt 0.984946 0.184168
vt 0.901597 0.947188
vt 0.901597 0.964629
vt 0.878230 0.964629
vt 0.878230 0.947188
vt 0.920616 0.947188
vt 0.920616 0.964629
vt 0.901597 0.964629
vt 0.541233 0.958635
vt 0.541233 0.976077
vt 0.522214 0.976077
vt 0.522214 0.958635
vt 0.987090 0.920847
vt 0.987090 0.939866
vt 0.981950 0.939866
vt 0.981950 0.920847
vt 0.852473 0.484552
vt 0.852473 0.487626
vt 0.847333 0.487626
vt 0.847333 0.484552
vt 0.460272 0.956607
vt 0.460272 0.974048
vt 0.457199 0.956607
vt 0.989390 0.281091
vt 0.989390 0.298532
vt 0.983156 0.298532
vt 0.028507 0.983272
vt 0.028507 0.989505
vt 0.023366 0.989505
vt 0.023366 0.983272
vt 0.631430 0.913090
vt 0.631430 0.872248
vt 0.634504 0.872248
vt 0.634504 0.913090
vt 0.853290 0.742083
vt 0.853290 0.745157
vt 0.848150 0.745157
vt 0.848150 0.742083
vt 0.631430 0.976076
vt 0.631430 0.958635
vt 0.634504 0.958635
vt 0.634504 0.976076
vt 0.345257 0.985588
vt 0.351491 0.985588
vt 0.351491 0.993399
vt 0.345257 0.993399
vt 0.978951 0.349364
vt 0.978951 0.390206
vt 0.972718 0.390206
vt 0.972718 0.349364
vt 0.976259 0.045545
vt 0.976259 0.091091
vt 0.970222 0.091091
vt 0.970222 0.045545
vt 0.460272 0.870220
vt 0.460272 0.911062
vt 0.457199 0.911062
vt 0.457199 0.870220
vt 0.353664 0.987362
vt 0.353664 0.993399
vt 0.541233 0.872248
vt 0.541233 0.913090
vt 0.522214 0.913090
vt 0.522214 0.872248
vt 0.920616 0.860801
vt 0.920616 0.901642
vt 0.901597 0.901642
vt 0.901597 0.860801
vt 0.901597 0.860801
vt 0.901597 0.901642
vt 0.878230 0.901642
vt 0.878230 0.860801
vt 0.628356 0.958635
vt 0.628356 0.913090
vt 0.628356 0.976076
vt 0.853290 0.739009
vt 0.848150 0.739009
vt 0.628356 0.872248
vt 0.890722 0.486456
vt 0.894615 0.486456
vt 0.463346 0.911062
vt 0.463346 0.956607
vt 0.463346 0.870220
vt 0.463346 0.974048
vt 0.852473 0.481478
vt 0.847333 0.481478
vt 0.107760 0.763042
vt 0.111653 0.763042
vt 0.754620 0.959111
vt 0.756793 0.913565
vt 0.756793 0.959111
vt 0.763027 0.913565
vt 0.763027 0.959111
vt 0.773639 0.913565
vt 0.773639 0.959111
vt 0.771466 0.959111
vt 0.771466 0.913565
vt 0.989095 0.656850
vt 0.987321 0.659023
vt 0.981284 0.659023
vt 0.981284 0.656850
vt 0.971581 0.136636
vt 0.971581 0.091091
vt 0.977617 0.091091
vt 0.977617 0.136636
vt 0.987321 0.640004
vt 0.989095 0.642177
vt 0.981284 0.642177
vt 0.981284 0.640004
vt 0.989095 0.650616
vt 0.981284 0.650616
vt 0.553762 0.986475
vt 0.555936 0.984701
vt 0.555936 0.992511
vt 0.553762 0.992511
vt 0.263866 0.965129
vt 0.263866 0.981075
vt 0.261692 0.981976
vt 0.261692 0.962956
vt 0.265402 0.982612
vt 0.266939 0.984149
vt 0.266039 0.986323
vt 0.263866 0.984149
vt 0.281348 0.982612
vt 0.282885 0.981075
vt 0.285059 0.981976
vt 0.282885 0.984149
vt 0.282885 0.965129
vt 0.285059 0.962956
vt 0.274343 0.984149
vt 0.279812 0.984149
vt 0.280712 0.986323
vt 0.274478 0.986323
vt 0.995084 0.967536
vt 0.996621 0.969073
vt 0.998158 0.970610
vt 0.998158 0.986556
vt 0.979138 0.986556
vt 0.979138 0.970610
vt 0.980675 0.969073
vt 0.982212 0.967536
vt 0.987681 0.967536
vt 0.989615 0.967536
vt 0.384634 0.955817
vt 0.981964 0.028013
vt 0.979791 0.028013
vt 0.979791 0.000000
vt 0.981964 0.000000
vt 0.716581 0.987123
vt 0.977617 0.028013
vt 0.977617 0.000000
vt 0.766813 0.987123
vt 0.766813 0.959111
vt 0.979200 0.852277
vt 0.979200 0.824264
vt 0.979891 0.555495
vt 0.979891 0.535132
vt 0.507541 0.976076
vt 0.509715 0.978250
vt 0.508492 0.978931
vt 0.506598 0.977037
vt 0.501308 0.976076
vt 0.501166 0.977037
vt 0.511888 0.999443
vt 0.510387 0.997400
vt 0.490695 0.978250
vt 0.492869 0.976076
vt 0.493811 0.977037
vt 0.491917 0.978931
vt 0.511888 0.980423
vt 0.510387 0.980825
vt 0.511888 0.996440
vt 0.511888 0.979865
vt 0.513782 0.977971
vt 0.515676 0.976076
vt 0.521109 0.976076
vt 0.523031 0.976076
vt 0.528463 0.976076
vt 0.530357 0.977971
vt 0.532252 0.979865
vt 0.532252 0.996440
vt 0.866684 0.739312
vt 0.866684 0.745157
vt 0.984292 0.127382
vt 0.984292 0.110807
vt 0.990137 0.110807
vt 0.990137 0.127382
vt 0.532252 0.981509
vt 0.532252 0.976076
vt 0.538096 0.976076
vt 0.538096 0.981509
vt 0.864005 0.739312
vt 0.864005 0.745157
vt 0.876364 0.481478
vt 0.879043 0.481478
vt 0.879043 0.487323
vt 0.876364 0.487323
vt 0.990566 0.722368
vt 0.990566 0.738944
vt 0.984721 0.738944
vt 0.984721 0.722368
vt 0.532252 0.988863
vt 0.532252 0.983431
vt 0.538096 0.983431
vt 0.538096 0.988863
vt 0.499102 0.976076
vt 0.499244 0.977037
vt 0.774217 0.987123
vt 0.768748 0.987123
vt 0.768748 0.959111
vt 0.272408 0.984149
vt 0.272273 0.986323
vt 0.989095 0.648411
vt 0.981284 0.648411
vt 0.765232 0.959111
vt 0.765232 0.913565
vt 0.979891 0.488399
vt 0.973658 0.488399
vt 0.562169 0.984701
vt 0.562169 0.992511
vt 0.837660 0.746820
vt 0.835874 0.746820
vt 0.835664 0.739009
vt 0.837870 0.739009
vt 0.028507 0.974833
vt 0.028507 0.981066
vt 0.023366 0.981066
vt 0.023366 0.974833
vt 0.997829 0.281091
vt 0.997829 0.298532
vt 0.991595 0.298532
vt 0.991595 0.281091
vt 0.204379 0.986322
vt 0.204169 0.984565
vt 0.763027 0.872724
vt 0.765232 0.872724
vt 0.989629 0.556402
vt 0.989629 0.561449
vt 0.985736 0.561449
vt 0.985736 0.556402
vt 0.475736 0.976076
vt 0.475945 0.977834
vt 0.555936 0.982943
vt 0.562169 0.982943
vt 0.990853 0.648411
vt 0.990853 0.650616
vt 0.990853 0.642177
vt 0.553762 0.985116
vt 0.990853 0.656850
vt 0.988679 0.640004
vt 0.970222 0.136636
vt 0.970222 0.091091
vt 0.988679 0.659023
vt 0.351491 0.983830
vt 0.353664 0.986004
vt 0.977617 0.045545
vt 0.977617 0.091091
vt 0.345257 0.983830
vt 0.074766 0.980980
vt 0.066955 0.980980
vt 0.066955 0.940138
vt 0.074769 0.940139
vt 0.065185 0.940139
vt 0.065197 0.980980
vt 0.971512 0.860986
vt 0.979325 0.860985
vt 0.979325 0.901827
vt 0.971515 0.901827
vt 0.981096 0.860986
vt 0.981083 0.901827
vt 0.799123 0.895422
vt 0.804155 0.895422
vt 0.799123 0.899749
vt 0.799123 0.872724
vt 0.799123 0.874821
vt 0.000000 0.915471
vt 0.005807 0.915471
vt 0.005807 0.974833
vt 0.000000 0.974833
vt 0.005807 0.915471
vt 0.011614 0.915471
vt 0.011614 0.974833
vt 0.005807 0.974833
vt 0.797691 0.874821
vt 0.797690 0.872724
vt 0.792659 0.899749
vt 0.797690 0.899749
vt 0.797691 0.959111
vt 0.792659 0.959111
vt 0.799123 0.959111
vt 0.792659 0.872724
vt 0.792659 0.874821
vt 0.792659 0.895422
vt 0.797691 0.895422
vt 0.725665 0.746585
vt 0.726822 0.745152
vt 0.726822 0.746585
vt 0.005807 0.888446
vt 0.011614 0.890544
vt 0.005807 0.890544
vt 0.005807 0.911144
vt 0.011614 0.911144
vt 0.000000 0.888446
vt 0.005807 0.888446
vt 0.005807 0.890544
vt 0.000000 0.890544
vt 0.000000 0.911144
vt 0.005807 0.911144
vt 0.005807 0.894870
vt 0.000000 0.894870
vt 0.011614 0.894870
vt 0.005807 0.894870
vt 0.876152 0.745157
vt 0.874720 0.745157
vt 0.874720 0.740025
vt 0.876152 0.740025
vt 0.797691 0.879148
vt 0.799123 0.879148
vt 0.792659 0.879148
vt 0.681489 0.986185
vt 0.681699 0.981862
vt 0.683552 0.981860
vt 0.683422 0.982567
vt 0.113405 0.719984
vt 0.114837 0.719984
vt 0.114837 0.736258
vt 0.113405 0.736258
vt 0.985935 0.403580
vt 0.986010 0.407906
vt 0.981015 0.407993
vt 0.980805 0.403669
vt 0.676555 0.965661
vt 0.676493 0.961335
vt 0.677650 0.961318
vt 0.681685 0.965588
vt 0.877584 0.745157
vt 0.876152 0.745157
vt 0.876152 0.740025
vt 0.877584 0.740025
vt 0.896047 0.486475
vt 0.894615 0.486475
vt 0.894615 0.481478
vt 0.896047 0.481478
vt 0.986010 0.383142
vt 0.985949 0.387468
vt 0.980818 0.387395
vt 0.984853 0.383125
vt 0.676493 0.986099
vt 0.676568 0.981773
vt 0.113615 0.719296
vt 0.114627 0.719296
vt 0.113615 0.736945
vt 0.114627 0.736945
vt 0.114837 0.741042
vt 0.113405 0.741042
vt 0.683408 0.964879
vt 0.683539 0.965586
vt 0.978965 0.387393
vt 0.979095 0.386686
vt 0.830480 0.481478
vt 0.831912 0.481478
vt 0.831702 0.488245
vt 0.830690 0.488245
vt 0.979081 0.404374
vt 0.978951 0.403667
vt 0.102178 0.933991
vt 0.103610 0.933991
vt 0.103610 0.950266
vt 0.102178 0.950266
vt 0.503194 0.481478
vt 0.541563 0.483506
vt 0.541563 0.872248
vt 0.503194 0.870220
vt 0.981284 0.640388
vt 0.981284 0.678810
vt 0.973658 0.640388
vt 0.982479 0.747419
vt 0.982479 0.785841
vt 0.974853 0.785841
vt 0.434319 0.481478
vt 0.441946 0.481478
vt 0.441946 0.870220
vt 0.434319 0.870220
vt 0.441946 0.481478
vt 0.449572 0.481478
vt 0.449572 0.870220
vt 0.441946 0.870220
vt 0.647706 0.872248
vt 0.647706 0.483506
vt 0.686075 0.481478
vt 0.686075 0.870220
vt 0.104501 0.761723
vt 0.096874 0.761723
vt 0.096874 0.723301
vt 0.979138 0.981091
vt 0.971512 0.981091
vt 0.971512 0.942669
vt 0.979138 0.942669
vt 0.708954 0.481478
vt 0.708954 0.870220
vt 0.701328 0.870220
vt 0.701328 0.481478
vt 0.693701 0.870220
vt 0.693701 0.481478
vt 0.701328 0.481478
vt 0.701328 0.870220
vt 0.721123 0.481478
vt 0.721123 0.747419
vt 0.716580 0.747419
vt 0.716580 0.481478
vt 0.709637 0.870220
vt 0.709637 0.929488
vt 0.059772 0.947714
vt 0.055230 0.947714
vt 0.055230 0.888446
vt 0.059772 0.888446
vt 0.109931 0.974834
vt 0.114473 0.974834
vt 0.114473 0.987260
vt 0.109931 0.987260
vt 0.012426 0.497200
vt 0.048437 0.544274
vt 0.048437 0.716068
vt 0.012426 0.763141
vt 0.000000 0.763141
vt 0.000000 0.497200
vt 0.730207 0.481478
vt 0.730207 0.653272
vt 0.725665 0.653272
vt 0.725665 0.481478
vt 0.979200 0.848430
vt 0.983742 0.848430
vt 0.983742 0.860856
vt 0.979200 0.860856
vt 0.861991 0.747419
vt 0.861991 0.862092
vt 0.856578 0.862092
vt 0.856578 0.747419
vt 0.851165 0.872724
vt 0.845752 0.872724
vt 0.845752 0.747419
vt 0.851165 0.747419
vt 0.674847 0.961318
vt 0.669434 0.961318
vt 0.669434 0.872248
vt 0.674847 0.872248
vt 0.045274 0.950769
vt 0.039861 0.950769
vt 0.039861 0.888446
vt 0.045274 0.888446
vt -0.000000 0.826123
vt 0.062982 0.763141
vt 0.114674 0.763141
vt 0.114674 0.888446
vt -0.000000 0.888446
vt 0.065185 0.888446
vt 0.065185 0.940138
vt 0.059772 0.888446
vt 0.867404 0.862092
vt 0.867404 0.747419
vt 0.872817 0.747419
vt 0.872817 0.862092
vt 0.845751 0.872724
vt 0.840338 0.872724
vt 0.840338 0.747419
vt 0.845751 0.747419
vt 0.113173 0.758064
vt 0.107760 0.758064
vt 0.107760 0.668994
vt 0.113173 0.668994
vt 0.050688 0.950769
vt 0.045274 0.950769
vt 0.045274 0.888446
vt 0.050688 0.888446
vt 0.829048 0.676686
vt 0.892030 0.613704
vt 0.943721 0.613704
vt 0.943721 0.739009
vt 0.829048 0.739009
vt 0.070598 0.940138
vt 0.070598 0.888446
vt 0.076011 0.888446
vt 0.076011 0.940138
vt 0.464825 0.872248
vt 0.464825 0.483506
vt 0.503194 0.481478
vt 0.503194 0.870220
vt 0.974853 0.785841
vt 0.982479 0.785841
vt 0.982479 0.824264
vt 0.973658 0.601965
vt 0.981284 0.601965
vt 0.981284 0.640388
vt 0.973658 0.640388
vt 0.686075 0.481478
vt 0.693701 0.481478
vt 0.693701 0.870220
vt 0.457199 0.481478
vt 0.464825 0.481478
vt 0.464825 0.870220
vt 0.609337 0.481478
vt 0.647706 0.483506
vt 0.647706 0.872248
vt 0.609337 0.870220
vt 0.973966 0.472920
vt 0.973966 0.434497
vt 0.981592 0.434497
vt 0.981592 0.472920
vt 0.977094 0.744216
vt 0.977094 0.705793
vt 0.984721 0.705793
vt 0.984721 0.744216
vt 0.449572 0.481478
vt 0.457199 0.870220
vt 0.708954 0.481478
vt 0.716580 0.481478
vt 0.716580 0.870220
vt 0.708954 0.870220
vt 0.721123 0.481478
vt 0.725665 0.481478
vt 0.725665 0.747419
vt 0.721123 0.747419
vt 0.730207 0.712540
vt 0.725665 0.653272
vt 0.050688 0.947714
vt 0.050688 0.888446
vt 0.055230 0.888446
vt 0.055230 0.947714
vt 0.990187 0.472920
vt 0.990187 0.485346
vt 0.985645 0.485346
vt 0.084448 0.497200
vt 0.096874 0.497200
vt 0.096874 0.763141
vt 0.084448 0.763141
vt 0.048437 0.716068
vt 0.107760 0.497200
vt 0.112302 0.497200
vt 0.112302 0.668994
vt 0.107760 0.668994
vt 0.634242 0.976076
vt 0.634242 0.988503
vt 0.629700 0.988503
vt 0.629700 0.976076
vt 0.861991 0.747419
vt 0.867404 0.747419
vt 0.867404 0.862092
vt 0.861991 0.862092
vt 0.856578 0.747419
vt 0.856578 0.872724
vt 0.685673 0.872248
vt 0.685673 0.961318
vt 0.680260 0.961318
vt 0.680260 0.872248
vt 0.029035 0.950769
vt 0.029035 0.888446
vt 0.034448 0.888446
vt 0.034448 0.950769
vt 0.943721 0.551381
vt 0.829048 0.613704
vt 0.829048 0.488399
vt 0.880739 0.488399
vt 0.065185 0.888446
vt 0.070598 0.888446
vt 0.070598 0.940138
vt 0.065185 0.940138
vt 0.878230 0.862092
vt 0.872817 0.862092
vt 0.872817 0.747419
vt 0.878230 0.747419
vt 0.716581 0.872724
vt 0.716581 0.747419
vt 0.721994 0.747419
vt 0.721994 0.872724
vt 0.674847 0.961318
vt 0.674847 0.872248
vt 0.039861 0.888446
vt 0.039861 0.950769
vt 0.034448 0.950769
vt 0.034448 0.888446
vt 0.840338 0.810400
vt 0.840338 0.872724
vt 0.725665 0.872724
vt 0.725665 0.747419
vt 0.777356 0.747419
vt 0.081424 0.940138
vt 0.076011 0.940138
vt 0.076011 0.888446
vt 0.081424 0.888446
s 0
usemtl Checker
f 18/1/1 15/2/1 2/3/1 11/4/1
f 17/5/2 13/6/2 5/7/2 9/8/2
f 11/4/1 2/3/1 21/9/1 22/10/1
f 12/11/2 1/12/2 13/6/2 17/5/2
f 10/13/1 6/14/1 15/2/1 18/1/1
f 125/15/3 126/16/3 101/17/3 102/18/3
f 1/12/2 12/11/2 19/19/2 20/20/2
f 40/21/4 24/22/4 26/23/4 41/24/4
f 29/25/5 25/26/5 32/27/5 33/28/5
f 43/29/3 28/30/3 24/31/3 40/32/3
f 25/26/2 29/25/2 27/33/2 23/34/2
f 30/35/1 26/36/1 24/37/1 28/38/1
f 26/36/6 30/35/6 34/39/6 31/40/6
f 41/24/7 26/23/7 31/41/7 45/42/7
f 47/43/8 35/44/8 38/45/8 49/46/8
f 33/28/2 32/27/2 36/47/2 37/48/2
f 31/40/1 34/39/1 38/49/1 35/50/1
f 45/42/4 31/41/4 35/51/4 47/52/4
f 32/53/4 46/54/4 48/55/4 36/56/4
f 46/57/9 42/58/9 54/59/9 56/60/9
f 36/61/8 48/62/8 50/63/8 37/64/8
f 48/62/8 47/43/8 49/46/8 50/63/8
f 25/65/7 42/66/7 46/54/7 32/53/7
f 47/43/10 48/62/10 58/67/10 57/68/10
f 27/69/3 44/70/3 39/71/3 23/72/3
f 44/70/3 43/29/3 40/32/3 39/71/3
f 23/73/4 39/74/4 42/66/4 25/65/4
f 45/75/1 47/76/1 57/77/1 55/78/1
f 56/79/4 55/80/4 57/81/4 58/82/4
f 54/83/7 53/84/7 55/80/7 56/79/7
f 51/85/4 52/86/4 53/84/4 54/83/4
f 40/87/1 41/88/1 53/89/1 52/90/1
f 48/91/2 46/57/2 56/60/2 58/92/2
f 41/88/11 45/75/11 55/78/11 53/89/11
f 39/71/12 40/32/12 52/93/12 51/94/12
f 42/58/2 39/95/2 51/96/2 54/59/2
f 76/97/4 77/98/4 62/99/4 60/22/4
f 65/100/6 69/101/6 68/102/6 61/103/6
f 79/104/3 76/105/3 60/106/3 64/107/3
f 61/103/1 59/108/1 63/109/1 65/100/1
f 66/110/2 64/111/2 60/112/2 62/113/2
f 62/113/5 67/114/5 70/115/5 66/110/5
f 77/98/7 81/116/7 67/117/7 62/99/7
f 83/118/8 85/119/8 74/120/8 71/121/8
f 69/101/1 73/122/1 72/123/1 68/102/1
f 67/114/2 71/124/2 74/125/2 70/115/2
f 81/116/4 83/126/4 71/127/4 67/117/4
f 68/128/4 72/129/4 84/130/4 82/131/4
f 82/132/11 92/133/11 90/134/11 78/135/11
f 72/136/8 73/137/8 86/138/8 84/139/8
f 84/139/8 86/138/8 85/119/8 83/118/8
f 61/140/7 68/128/7 82/131/7 78/141/7
f 83/118/10 93/142/10 94/143/10 84/139/10
f 63/144/3 59/145/3 75/146/3 80/147/3
f 80/147/3 75/146/3 76/105/3 79/104/3
f 59/148/4 61/140/4 78/141/4 75/149/4
f 81/150/2 91/151/2 93/152/2 83/153/2
f 92/154/4 94/155/4 93/156/4 91/157/4
f 90/158/7 92/154/7 91/157/7 89/159/7
f 87/160/4 90/158/4 89/159/4 88/161/4
f 76/162/2 88/163/2 89/164/2 77/165/2
f 84/166/1 94/167/1 92/133/1 82/132/1
f 77/165/9 89/164/9 91/151/9 81/150/9
f 75/146/12 87/168/12 88/169/12 76/105/12
f 78/135/1 90/134/1 87/170/1 75/171/1
f 103/172/8 104/173/8 99/174/8 100/175/8
f 105/176/8 106/177/8 95/178/8 96/179/8
f 142/180/3 126/16/3 125/15/3 141/181/3
f 140/182/3 124/183/3 123/184/3 139/185/3
f 108/186/8 135/187/8 136/188/8 107/189/8
f 110/190/8 137/191/8 138/192/8 109/193/8
f 109/193/8 121/194/8 122/195/8 110/190/8
f 107/189/8 119/196/8 120/197/8 108/186/8
f 135/198/4 142/199/4 141/200/4 136/201/4
f 137/202/4 140/203/4 139/204/4 138/205/4
f 121/194/8 113/206/8 114/207/8 122/195/8
f 119/196/8 111/208/8 112/209/8 120/197/8
f 134/210/3 129/211/3 130/212/3 133/213/3
f 132/214/3 127/215/3 128/216/3 131/217/3
f 354/218/3 128/216/3 127/215/3 355/219/3
f 356/220/3 130/212/3 129/211/3 357/221/3
f 103/222/3 134/210/3 133/213/3 104/223/3
f 105/224/3 132/214/3 131/217/3 106/225/3
f 123/184/3 124/183/3 97/226/3 98/227/3
f 113/228/13 118/229/13 117/230/13 114/231/13
f 111/232/13 116/233/13 115/234/13 112/235/13
f 16/236/3 4/237/3 104/223/3 133/213/3
f 212/238/3 215/239/3 106/225/3 131/217/3
f 132/214/3 105/224/3 3/240/3 14/241/3
f 2/242/8 107/189/8 136/188/8 21/243/8
f 219/244/8 108/186/8 120/197/8 220/245/8
f 107/189/8 2/242/8 15/246/8 119/196/8
f 218/247/8 109/193/8 138/192/8 222/248/8
f 1/249/8 110/190/8 122/195/8 13/250/8
f 110/190/8 1/249/8 20/251/8 137/191/8
f 119/196/8 15/246/8 6/252/8 111/208/8
f 225/253/13 112/235/13 115/234/13 226/254/13
f 111/232/13 6/255/13 10/256/13 116/233/13
f 220/245/8 120/197/8 112/209/8 225/257/8
f 5/258/13 114/231/13 117/230/13 9/259/13
f 13/250/8 122/195/8 114/207/8 5/260/8
f 356/220/3 351/261/3 8/262/3 130/212/3
f 375/263/3 357/221/3 129/211/3 228/264/3
f 350/265/3 355/219/3 127/215/3 7/266/3
f 217/267/3 231/268/3 139/185/3 123/184/3
f 124/183/3 140/182/3 19/269/3 12/270/3
f 11/271/3 22/272/3 141/181/3 125/15/3
f 212/238/3 131/217/3 128/216/3 229/273/3
f 132/214/3 14/241/3 7/266/3 127/215/3
f 16/236/3 133/213/3 130/212/3 8/262/3
f 22/274/4 21/275/4 136/201/4 141/200/4
f 231/276/4 222/277/4 138/205/4 139/204/4
f 140/203/4 137/202/4 20/278/4 19/279/4
f 163/280/4 182/281/4 183/282/4 162/283/4
f 234/284/4 180/285/4 181/286/4 235/287/4
f 173/288/4 164/289/4 165/290/4 172/291/4
f 182/292/1 176/293/1 177/294/1 183/295/1
f 176/296/4 156/297/4 157/298/4 177/299/4
f 179/300/4 158/301/4 159/302/4 178/303/4
f 180/304/1 179/305/1 178/306/1 181/307/1
f 172/308/2 159/309/2 158/310/2 173/311/2
f 174/312/2 157/313/2 156/314/2 175/315/2
f 162/316/2 160/317/2 161/318/2 163/319/2
f 169/320/1 166/321/1 167/322/1 168/323/1
f 366/324/1 169/320/1 168/323/1 367/325/1
f 160/317/2 171/326/2 170/327/2 161/318/2
f 166/321/1 165/328/1 164/329/1 167/322/1
f 209/330/2 194/331/2 195/332/2 208/333/2
f 211/334/2 192/335/2 193/336/2 210/337/2
f 199/338/2 196/339/2 197/340/2 198/341/2
f 205/342/1 202/343/1 203/344/1 204/345/1
f 370/346/1 205/342/1 204/345/1 371/347/1
f 196/339/2 207/348/2 206/349/2 197/340/2
f 202/343/1 200/350/1 201/351/1 203/344/1
f 198/352/4 190/353/4 191/354/4 199/355/4
f 238/356/4 188/357/4 189/358/4 239/359/4
f 208/360/4 201/361/4 200/362/4 209/363/4
f 190/364/1 184/365/1 185/366/1 191/367/1
f 184/368/4 193/369/4 192/370/4 185/371/4
f 187/372/4 195/373/4 194/374/4 186/375/4
f 188/376/1 187/377/1 186/378/1 189/379/1
f 97/380/4 177/299/4 157/298/4 98/381/4
f 297/382/4 151/383/4 143/384/4 296/385/4
f 174/312/2 123/386/2 98/387/2 157/313/2
f 101/388/4 178/303/4 159/302/4 102/389/4
f 289/390/4 327/391/4 328/392/4 293/393/4
f 300/394/4 152/395/4 144/396/4 299/397/4
f 172/308/2 125/398/2 102/399/2 159/309/2
f 162/316/2 12/11/2 17/5/2 160/317/2
f 301/400/2 161/318/2 170/327/2 302/401/2
f 160/317/2 17/5/2 9/8/2 171/326/2
f 303/402/2 163/319/2 161/318/2 301/400/2
f 124/403/4 12/404/4 162/283/4 183/282/4
f 304/405/4 303/406/4 146/407/4 155/408/4
f 11/409/4 125/410/4 172/291/4 165/290/4
f 704/411/13 732/412/13 762/413/13 706/414/13
f 306/415/4 298/416/4 154/417/4 147/418/4
f 166/321/1 18/1/1 11/4/1 165/328/1
f 169/320/1 10/13/1 18/1/1 166/321/1
f 298/419/2 173/311/2 158/310/2 299/420/2
f 305/421/1 167/322/1 164/329/1 306/422/1
f 366/324/1 353/423/1 10/13/1 169/320/1
f 307/424/1 168/323/1 167/322/1 305/421/1
f 217/425/4 123/426/4 174/427/4 236/428/4
f 124/429/1 183/295/1 177/294/1 97/430/1
f 304/431/1 155/432/1 151/433/1 297/434/1
f 308/435/1 153/436/1 152/437/1 300/438/1
f 126/439/1 181/307/1 178/306/1 101/440/1
f 190/364/1 105/441/1 96/442/1 184/365/1
f 313/443/4 185/371/4 192/370/4 314/444/4
f 184/368/4 96/445/4 95/446/4 193/369/4
f 315/447/1 191/367/1 185/366/1 313/448/1
f 187/372/4 100/449/4 99/450/4 195/373/4
f 188/376/1 103/451/1 100/452/1 187/377/1
f 237/453/4 210/454/4 106/455/4 215/456/4
f 190/353/4 198/352/4 3/457/4 105/458/4
f 315/459/4 319/460/4 199/355/4 191/354/4
f 106/461/2 210/337/2 193/336/2 95/462/2
f 104/463/2 208/333/2 195/332/2 99/464/2
f 320/465/2 154/466/2 144/467/2 318/468/2
f 321/469/2 145/470/2 150/471/2 322/472/2
f 3/473/2 198/341/2 197/340/2 14/474/2
f 319/475/2 146/476/2 145/470/2 321/469/2
f 14/474/2 197/340/2 206/349/2 7/477/2
f 16/478/1 203/344/1 201/351/1 4/479/1
f 324/480/1 148/481/1 147/482/1 323/483/1
f 201/361/4 208/360/4 104/484/4 4/485/4
f 8/486/1 204/345/1 203/344/1 16/478/1
f 325/487/1 149/488/1 148/481/1 324/480/1
f 383/489/1 363/490/1 149/488/1 325/487/1
f 351/491/1 371/347/1 204/345/1 8/486/1
f 188/357/4 238/356/4 214/492/4 103/493/4
f 273/494/4 237/453/4 215/456/4 252/495/4
f 308/496/4 309/497/4 232/498/4 153/499/4
f 126/500/4 216/501/4 235/287/4 181/286/4
f 254/502/4 217/425/4 236/428/4 272/503/4
f 210/454/4 237/453/4 240/504/4 211/505/4
f 234/506/2 235/507/2 243/508/2 242/509/2
f 175/510/4 233/511/4 236/428/4 174/427/4
f 272/512/3 236/513/3 244/514/3 278/515/3
f 236/516/1 233/506/1 241/517/1 244/518/1
f 142/199/4 135/198/4 223/519/4 230/520/4
f 268/521/4 259/522/4 222/277/4 231/276/4
f 134/210/3 213/523/3 228/264/3 129/211/3
f 249/524/3 212/238/3 229/273/3 266/525/3
f 126/16/3 142/180/3 230/526/3 216/527/3
f 254/528/3 268/529/3 231/268/3 217/267/3
f 354/218/3 374/530/3 229/273/3 128/216/3
f 377/531/3 375/263/3 228/264/3 265/532/3
f 121/194/8 221/533/8 224/534/8 113/206/8
f 257/535/8 220/245/8 225/257/8 262/536/8
f 113/228/13 224/537/13 227/538/13 118/229/13
f 262/539/13 225/253/13 226/254/13 263/540/13
f 108/186/8 219/244/8 223/541/8 135/187/8
f 255/542/8 218/247/8 222/248/8 259/543/8
f 109/193/8 218/247/8 221/533/8 121/194/8
f 256/544/8 219/244/8 220/245/8 257/535/8
f 134/210/3 103/222/3 214/545/3 213/523/3
f 249/524/3 252/546/3 215/239/3 212/238/3
f 280/547/4 246/548/4 247/549/4 281/550/4
f 276/551/4 242/552/4 243/553/4 277/554/4
f 240/555/1 237/556/1 245/557/1 248/558/1
f 238/559/2 239/560/2 247/561/2 246/562/2
f 274/563/8 238/564/8 246/565/8 280/566/8
f 237/567/8 273/568/8 279/515/8 245/514/8
f 273/568/8 274/563/8 280/566/8 279/515/8
f 241/569/4 275/570/4 278/571/4 244/549/4
f 275/570/4 276/551/4 277/554/4 278/571/4
f 245/513/4 279/512/4 282/572/4 248/573/4
f 279/512/4 280/547/4 281/550/4 282/572/4
f 213/523/3 214/545/3 251/574/3 250/575/3
f 250/575/3 251/574/3 252/546/3 249/524/3
f 218/247/8 255/542/8 258/576/8 221/533/8
f 255/542/8 256/544/8 257/535/8 258/576/8
f 219/244/8 256/544/8 260/577/8 223/541/8
f 256/544/8 255/542/8 259/543/8 260/577/8
f 224/537/13 261/578/13 264/579/13 227/538/13
f 261/578/13 262/539/13 263/540/13 264/579/13
f 221/533/8 258/576/8 261/580/8 224/534/8
f 258/576/8 257/535/8 262/536/8 261/580/8
f 374/530/3 376/581/3 266/525/3 229/273/3
f 376/581/3 377/531/3 265/532/3 266/525/3
f 216/527/3 230/526/3 267/582/3 253/583/3
f 253/583/3 267/582/3 268/529/3 254/528/3
f 213/523/3 250/575/3 265/532/3 228/264/3
f 250/575/3 249/524/3 266/525/3 265/532/3
f 230/520/4 223/519/4 260/584/4 267/585/4
f 267/585/4 260/584/4 259/522/4 268/521/4
f 235/586/3 271/547/3 277/587/3 243/565/3
f 271/547/3 272/512/3 278/515/3 277/587/3
f 216/501/4 253/588/4 271/589/4 235/287/4
f 253/588/4 254/502/4 272/503/4 271/589/4
f 238/356/4 274/590/4 251/591/4 214/492/4
f 274/590/4 273/494/4 252/495/4 251/591/4
f 283/592/14 284/593/14 285/594/14
f 286/595/15 287/596/15 288/597/15
f 289/598/16 290/599/16 291/600/16
f 292/601/17 293/602/17 294/603/17
f 283/592/18 287/596/18 286/595/18 284/593/18
f 289/598/19 293/602/19 292/601/19 290/599/19
f 233/604/8 285/605/8 284/606/8 275/607/8 241/565/8
f 310/608/4 311/609/4 269/610/4 270/611/4
f 284/606/8 286/612/8 276/613/8 275/607/8
f 309/497/4 312/614/4 295/615/4 232/498/4
f 286/612/8 288/616/8 234/617/8 242/618/8 276/613/8
f 290/619/3 292/620/3 282/621/3 281/622/3
f 239/623/3 291/624/3 290/619/3 281/622/3 247/625/3
f 292/620/3 294/626/3 240/627/3 248/628/3 282/621/3
f 295/615/4 312/614/4 310/608/4 270/611/4
f 329/629/4 295/615/4 270/611/4 327/391/4
f 381/630/1 367/325/1 168/323/1 307/424/1
f 312/614/4 288/631/4 287/632/4 310/608/4
f 234/284/4 288/631/4 312/614/4 309/497/4
f 287/632/4 283/633/4 311/609/4 310/608/4
f 182/292/1 304/431/1 297/434/1 176/293/1
f 180/285/4 234/284/4 309/497/4 308/496/4
f 363/490/1 381/630/1 307/424/1 149/488/1
f 149/488/1 307/424/1 305/421/1 148/481/1
f 148/481/1 305/421/1 306/422/1 147/482/1
f 182/281/4 163/280/4 303/406/4 304/405/4
f 146/476/2 303/402/2 301/400/2 145/470/2
f 145/470/2 301/400/2 302/401/2 150/471/2
f 180/304/1 308/435/1 300/438/1 179/305/1
f 154/466/2 298/419/2 299/420/2 144/467/2
f 176/296/4 297/382/4 296/385/4 156/297/4
f 270/611/4 269/610/4 328/392/4 327/391/4
f 232/498/4 295/615/4 329/629/4 326/634/4
f 153/499/4 232/498/4 326/634/4 316/635/4
f 291/636/4 329/629/4 327/391/4 289/390/4
f 147/418/4 154/417/4 320/637/4 323/638/4
f 199/338/2 319/475/2 321/469/2 196/339/2
f 196/339/2 321/469/2 322/472/2 207/348/2
f 370/346/1 383/489/1 325/487/1 205/342/1
f 155/408/4 146/407/4 319/460/4 315/459/4
f 152/395/4 317/639/4 318/640/4 144/396/4
f 153/436/1 316/641/1 317/642/1 152/437/1
f 155/432/1 315/447/1 313/448/1 151/433/1
f 151/383/4 313/443/4 314/444/4 143/384/4
f 331/643/4 296/385/4 143/384/4 330/644/4
f 335/645/4 332/646/4 331/643/4 330/644/4
f 330/644/4 143/384/4 314/444/4 333/647/4
f 334/648/4 335/645/4 330/644/4 333/647/4
f 341/649/19 338/650/19 339/651/19 340/652/19
f 336/653/19 339/651/19 338/650/19 337/654/19
f 347/655/18 344/656/18 345/657/18 346/658/18
f 342/659/18 345/657/18 344/656/18 343/660/18
f 340/661/20 348/662/20 349/663/20 341/664/20
f 348/662/20 347/665/20 346/666/20 349/663/20
f 164/289/4 173/288/4 298/416/4 306/415/4
f 339/667/3 336/668/3 296/669/3 331/670/3
f 336/671/2 337/672/2 175/315/2 156/314/2 296/673/2
f 179/300/4 300/394/4 299/397/4 158/301/4
f 340/674/3 339/667/3 331/670/3 332/675/3
f 233/511/4 175/510/4 337/676/4 338/677/4
f 348/678/2 340/679/2 332/680/2 335/681/2
f 269/610/4 311/609/4 341/682/4 349/683/4
f 211/334/2 342/684/2 343/685/2 314/686/2 192/335/2
f 343/687/8 344/688/8 333/689/8 314/690/8
f 205/342/1 325/487/1 324/480/1 202/343/1
f 344/688/8 347/691/8 334/692/8 333/689/8
f 347/693/2 348/678/2 335/681/2 334/694/2
f 202/343/1 324/480/1 323/483/1 200/350/1
f 328/392/4 269/610/4 349/683/4 346/695/4
f 341/682/4 285/696/4 233/511/4 338/677/4
f 207/348/2 322/472/2 382/697/2 368/698/2
f 150/471/2 302/401/2 380/699/2 362/700/2
f 264/701/8 263/702/8 379/703/8 378/704/8
f 227/705/8 264/701/8 378/704/8 372/706/8
f 263/702/8 226/707/8 373/708/8 379/703/8
f 118/709/8 227/705/8 372/706/8 358/710/8
f 7/477/2 206/349/2 369/711/2 350/712/2
f 322/472/2 150/471/2 362/700/2 382/697/2
f 302/401/2 170/327/2 365/713/2 380/699/2
f 171/326/2 9/8/2 352/714/2 364/715/2
f 207/348/2 368/698/2 369/711/2 206/349/2
f 171/326/2 364/715/2 365/713/2 170/327/2
f 9/716/8 117/717/8 359/718/8 352/719/8
f 226/707/8 115/720/8 361/721/8 373/708/8
f 116/722/8 10/723/8 353/724/8 360/725/8
f 116/722/8 360/725/8 361/721/8 115/720/8
f 118/709/8 358/710/8 359/718/8 117/717/8
f 209/330/2 320/465/2 318/468/2 194/331/2
f 398/726/21 400/727/21 405/728/21 404/729/21
f 397/730/8 400/731/8 387/732/8 390/733/8
f 393/734/22 403/735/22 405/736/22 396/737/22
f 388/738/3 386/739/3 385/740/3 392/741/3
f 392/742/23 385/743/23 403/744/23 393/745/23
f 397/746/20 392/747/20 393/748/20 396/749/20
f 385/743/24 394/750/24 402/751/24 403/744/24
f 394/752/25 398/753/25 404/754/25 402/755/25
f 400/727/26 397/756/26 396/757/26 405/728/26
f 397/758/2 390/759/2 388/760/2 392/761/2
f 386/739/3 389/762/3 394/763/3 385/740/3
f 391/764/1 398/765/1 394/766/1 389/767/1
f 400/731/8 398/768/8 391/769/8 387/732/8
f 395/770/27 384/771/27 403/772/27 402/755/27
f 399/773/27 395/770/27 402/755/27 404/754/27
f 401/774/27 399/773/27 404/754/27 405/775/27
f 384/771/27 401/774/27 405/775/27 403/772/27
f 395/776/28 399/777/28 408/778/28 406/779/28
f 401/780/29 384/781/29 407/782/29 409/783/29
f 409/784/27 407/785/27 411/786/27 413/787/27
f 406/788/30 408/789/30 412/790/30 410/791/30
f 408/789/27 409/784/27 413/787/27 412/790/27
f 407/785/27 406/788/27 410/791/27 411/786/27
f 399/792/3 401/793/3 409/794/3 408/795/3
f 384/779/8 395/796/8 406/797/8 407/798/8
f 415/799/31 416/800/31 417/801/31 414/802/31
f 419/803/32 415/804/32 414/805/32 418/806/32
f 421/807/33 419/808/33 418/809/33 420/810/33
f 416/811/34 421/812/34 420/813/34 417/814/34
f 416/815/27 415/816/27 419/817/27 421/818/27
f 418/819/35 414/820/35 410/821/35 412/822/35
f 414/823/3 417/824/3 411/825/3 410/826/3
f 417/827/36 420/828/36 413/829/36 411/830/36
f 420/831/8 418/832/8 412/833/8 413/834/8
f 189/379/1 186/378/1 317/642/1 316/641/1
f 317/639/4 186/375/4 194/374/4 318/640/4
f 320/637/4 209/363/4 200/362/4 323/638/4
f 239/359/4 189/358/4 316/635/4 326/634/4
f 291/636/4 239/359/4 326/634/4 329/629/4
f 342/835/4 211/505/4 240/504/4 345/836/4
f 346/695/4 294/837/4 293/393/4 328/392/4
f 294/837/4 346/695/4 345/836/4 240/504/4
f 439/838/1 432/839/1 423/840/1 436/841/1
f 438/842/2 430/843/2 426/844/2 434/845/2
f 432/839/1 443/846/1 442/847/1 423/840/1
f 433/848/2 438/842/2 434/845/2 422/849/2
f 431/850/1 439/838/1 436/841/1 427/851/1
f 546/852/3 523/853/3 522/854/3 547/855/3
f 422/849/2 441/856/2 440/857/2 433/848/2
f 461/858/13 462/859/13 447/860/13 445/861/13
f 450/862/5 454/863/5 453/864/5 446/865/5
f 464/866/3 461/867/3 445/868/3 449/869/3
f 446/865/2 444/870/2 448/871/2 450/862/2
f 451/872/1 449/873/1 445/874/1 447/875/1
f 447/875/6 452/876/6 455/877/6 451/872/6
f 462/859/37 466/878/37 452/879/37 447/860/37
f 468/880/8 470/881/8 459/882/8 456/883/8
f 454/863/2 458/884/2 457/885/2 453/864/2
f 452/876/1 456/886/1 459/887/1 455/877/1
f 466/878/13 468/888/13 456/889/13 452/879/13
f 453/890/13 457/891/13 469/892/13 467/893/13
f 467/894/38 477/895/38 475/896/38 463/897/38
f 457/898/8 458/899/8 471/900/8 469/901/8
f 469/901/8 471/900/8 470/881/8 468/880/8
f 446/902/37 453/890/37 467/893/37 463/903/37
f 468/880/39 478/904/39 479/905/39 469/901/39
f 448/906/3 444/907/3 460/908/3 465/909/3
f 465/909/3 460/908/3 461/867/3 464/866/3
f 444/910/13 446/902/13 463/903/13 460/911/13
f 466/912/1 476/913/1 478/914/1 468/915/1
f 477/916/13 479/917/13 478/918/13 476/919/13
f 475/920/37 477/916/37 476/919/37 474/921/37
f 472/922/13 475/920/13 474/921/13 473/923/13
f 461/924/1 473/925/1 474/926/1 462/927/1
f 469/928/2 479/929/2 477/895/2 467/894/2
f 462/927/40 474/926/40 476/913/40 466/912/40
f 460/908/41 472/930/41 473/931/41 461/867/41
f 463/897/2 475/896/2 472/932/2 460/933/2
f 497/934/13 481/935/13 483/936/13 498/937/13
f 486/938/6 482/939/6 489/940/6 490/941/6
f 500/942/3 485/943/3 481/944/3 497/945/3
f 482/939/1 486/938/1 484/946/1 480/947/1
f 487/948/2 483/949/2 481/950/2 485/951/2
f 483/949/5 487/948/5 491/952/5 488/953/5
f 498/937/37 483/936/37 488/954/37 502/955/37
f 504/956/8 492/957/8 495/958/8 506/959/8
f 490/941/1 489/940/1 493/960/1 494/961/1
f 488/953/2 491/952/2 495/962/2 492/963/2
f 502/955/13 488/954/13 492/964/13 504/965/13
f 489/966/13 503/967/13 505/968/13 493/969/13
f 503/970/40 499/971/40 511/972/40 513/973/40
f 493/974/8 505/975/8 507/976/8 494/977/8
f 505/975/8 504/956/8 506/959/8 507/976/8
f 482/978/37 499/979/37 503/967/37 489/966/37
f 504/956/39 505/975/39 515/980/39 514/981/39
f 484/982/3 501/983/3 496/984/3 480/985/3
f 501/983/3 500/942/3 497/945/3 496/984/3
f 480/986/13 496/987/13 499/979/13 482/978/13
f 502/988/2 504/989/2 514/990/2 512/991/2
f 513/992/13 512/993/13 514/994/13 515/995/13
f 511/996/37 510/997/37 512/993/37 513/992/37
f 508/998/13 509/999/13 510/997/13 511/996/13
f 497/1000/2 498/1001/2 510/1002/2 509/1003/2
f 505/1004/1 503/970/1 513/973/1 515/1005/1
f 498/1001/38 502/988/38 512/991/38 510/1002/38
f 496/984/41 497/945/41 509/1006/41 508/1007/41
f 499/971/1 496/1008/1 508/1009/1 511/972/1
f 524/1010/8 521/1011/8 520/1012/8 525/1013/8
f 526/1014/8 517/1015/8 516/1016/8 527/1017/8
f 563/1018/3 562/1019/3 546/852/3 547/855/3
f 561/1020/3 560/185/3 544/1021/3 545/1022/3
f 529/1023/8 528/1024/8 557/1025/8 556/1026/8
f 531/1027/8 530/1028/8 559/1029/8 558/1030/8
f 530/1028/8 531/1027/8 543/1031/8 542/1032/8
f 528/1024/8 529/1023/8 541/1033/8 540/1034/8
f 556/1035/13 557/1036/13 562/1037/13 563/1038/13
f 558/1039/13 559/1040/13 560/204/13 561/203/13
f 542/1032/8 543/1031/8 535/1041/8 534/1042/8
f 540/1034/8 541/1033/8 533/209/8 532/208/8
f 555/1043/3 554/1044/3 551/1045/3 550/1046/3
f 553/1047/3 552/1048/3 549/1049/3 548/1050/3
f 354/218/3 355/219/3 548/1050/3 549/1049/3
f 356/220/3 357/221/3 550/1046/3 551/1045/3
f 524/1051/3 525/1052/3 554/1044/3 555/1043/3
f 526/1053/3 527/1054/3 552/1048/3 553/1047/3
f 544/1021/3 519/1055/3 518/1056/3 545/1022/3
f 534/1057/4 535/1058/4 538/202/4 539/205/4
f 532/1059/4 533/1060/4 536/198/4 537/201/4
f 437/1061/3 554/1044/3 525/1052/3 425/1062/3
f 633/1063/3 552/1048/3 527/1054/3 636/1064/3
f 553/1047/3 435/1065/3 424/1066/3 526/1053/3
f 423/1067/8 442/1068/8 557/1025/8 528/1024/8
f 640/1069/8 641/1070/8 541/1033/8 529/1023/8
f 528/1024/8 540/1034/8 436/1071/8 423/1067/8
f 639/1072/8 643/1073/8 559/1029/8 530/1028/8
f 422/1074/8 434/1075/8 543/1031/8 531/1027/8
f 531/1027/8 558/1030/8 441/1076/8 422/1074/8
f 540/1034/8 532/208/8 427/252/8 436/1071/8
f 646/1077/4 647/519/4 536/198/4 533/1060/4
f 532/1059/4 537/201/4 431/275/4 427/1078/4
f 641/1070/8 646/1079/8 533/209/8 541/1033/8
f 426/1080/4 430/278/4 538/202/4 535/1058/4
f 434/1075/8 426/260/8 535/1041/8 543/1031/8
f 356/220/3 551/1045/3 429/1081/3 351/261/3
f 375/263/3 649/1082/3 550/1046/3 357/221/3
f 350/265/3 428/1083/3 548/1050/3 355/219/3
f 638/1084/3 544/1021/3 560/185/3 652/1085/3
f 545/1022/3 433/1086/3 440/1087/3 561/1020/3
f 432/1088/3 546/852/3 562/1019/3 443/1089/3
f 633/1063/3 650/1090/3 549/1049/3 552/1048/3
f 553/1047/3 548/1050/3 428/1083/3 435/1065/3
f 437/1061/3 429/1081/3 551/1045/3 554/1044/3
f 443/274/13 562/1037/13 557/1036/13 442/1091/13
f 652/276/13 560/204/13 559/1040/13 643/1092/13
f 561/203/13 440/279/13 441/1093/13 558/1039/13
f 584/1094/13 583/1095/13 604/1096/13 603/1097/13
f 655/1098/13 656/1099/13 602/1100/13 601/1101/13
f 594/1102/13 593/1103/13 586/1104/13 585/1105/13
f 603/1106/1 604/1107/1 598/1108/1 597/1109/1
f 597/1110/13 598/1111/13 578/1112/13 577/1113/13
f 600/1114/13 599/1115/13 580/1116/13 579/1117/13
f 601/1118/1 602/1119/1 599/1120/1 600/1121/1
f 593/1122/2 594/1123/2 579/1124/2 580/1125/2
f 595/1126/2 596/1127/2 577/1128/2 578/1129/2
f 583/1130/2 584/1131/2 582/1132/2 581/1133/2
f 590/1134/1 589/1135/1 588/1136/1 587/1137/1
f 366/324/1 367/325/1 589/1135/1 590/1134/1
f 581/1133/2 582/1132/2 591/1138/2 592/1139/2
f 587/1137/1 588/1136/1 585/1140/1 586/1141/1
f 630/1142/2 629/1143/2 616/1144/2 615/1145/2
f 632/1146/2 631/1147/2 614/1148/2 613/1149/2
f 620/1150/2 619/1151/2 618/1152/2 617/1153/2
f 626/1154/1 625/1155/1 624/1156/1 623/1157/1
f 370/346/1 371/347/1 625/1155/1 626/1154/1
f 617/1153/2 618/1152/2 627/1158/2 628/1159/2
f 623/1157/1 624/1156/1 622/1160/1 621/1161/1
f 619/1162/13 620/1163/13 612/1164/13 611/1165/13
f 659/1166/13 660/1167/13 610/1168/13 609/1169/13
f 629/1170/13 630/1171/13 621/1172/13 622/1173/13
f 611/1174/1 612/1175/1 606/1176/1 605/1177/1
f 605/1178/13 606/1179/13 613/1180/13 614/1181/13
f 608/1182/13 607/1183/13 615/1184/13 616/1185/13
f 609/1186/1 610/1187/1 607/1188/1 608/1189/1
f 518/1190/13 519/1191/13 578/1112/13 598/1111/13
f 718/1192/13 717/1193/13 564/1194/13 572/1195/13
f 595/1126/2 578/1129/2 519/1196/2 544/1197/2
f 522/1198/13 523/1199/13 580/1116/13 599/1115/13
f 714/1200/13 749/1201/13 748/1202/13 710/1203/13
f 721/1204/13 720/1205/13 565/1206/13 573/1207/13
f 593/1122/2 580/1125/2 523/1208/2 546/1209/2
f 583/1130/2 581/1133/2 438/842/2 433/848/2
f 722/1210/2 723/1211/2 591/1138/2 582/1132/2
f 581/1133/2 592/1139/2 430/843/2 438/842/2
f 724/1212/2 722/1210/2 582/1132/2 584/1131/2
f 545/1213/13 604/1096/13 583/1095/13 433/1214/13
f 725/1215/13 576/1216/13 567/1217/13 724/1218/13
f 432/1219/13 586/1104/13 593/1103/13 546/1220/13
f 727/1221/13 568/1222/13 575/1223/13 719/1224/13
f 587/1137/1 586/1141/1 432/839/1 439/838/1
f 590/1134/1 587/1137/1 439/838/1 431/850/1
f 719/1225/2 720/1226/2 579/1124/2 594/1123/2
f 726/1227/1 727/1228/1 585/1140/1 588/1136/1
f 366/324/1 590/1134/1 431/850/1 353/423/1
f 728/1229/1 726/1227/1 588/1136/1 589/1135/1
f 638/1230/13 657/1231/13 595/1232/13 544/1233/13
f 545/1234/1 518/1235/1 598/1108/1 604/1107/1
f 725/1236/1 718/1237/1 572/1238/1 576/1239/1
f 729/1240/1 721/1241/1 573/1242/1 574/1243/1
f 547/1244/1 522/1245/1 599/1120/1 602/1119/1
f 611/1174/1 605/1177/1 517/1246/1 526/1247/1
f 734/1248/13 735/1249/13 613/1180/13 606/1179/13
f 605/1178/13 614/1181/13 516/1250/13 517/1251/13
f 736/1252/1 734/1253/1 606/1176/1 612/1175/1
f 608/1182/13 616/1185/13 520/1254/13 521/1255/13
f 609/1186/1 608/1189/1 521/1256/1 524/1257/1
f 658/1258/13 636/1259/13 527/1260/13 631/1261/13
f 611/1165/13 526/1262/13 424/1263/13 619/1162/13
f 736/1264/13 612/1164/13 620/1163/13 740/1265/13
f 527/1266/2 516/1267/2 614/1148/2 631/1147/2
f 525/1268/2 520/1269/2 616/1144/2 629/1143/2
f 741/1270/2 739/1271/2 565/1272/2 575/1273/2
f 742/1274/2 743/1275/2 571/1276/2 566/1277/2
f 424/1278/2 435/1279/2 618/1152/2 619/1151/2
f 740/1280/2 742/1274/2 566/1277/2 567/1281/2
f 435/1279/2 428/1282/2 627/1158/2 618/1152/2
f 437/1283/1 425/1284/1 622/1160/1 624/1156/1
f 745/1285/1 744/1286/1 568/1287/1 569/1288/1
f 622/1173/13 425/1289/13 525/1290/13 629/1170/13
f 429/1291/1 437/1283/1 624/1156/1 625/1155/1
f 746/1292/1 745/1285/1 569/1288/1 570/1293/1
f 383/489/1 746/1292/1 570/1293/1 363/490/1
f 351/491/1 429/1291/1 625/1155/1 371/347/1
f 609/1169/13 524/1294/13 635/1295/13 659/1166/13
f 694/1296/13 673/1297/13 636/1259/13 658/1258/13
f 729/1298/13 574/1299/13 653/1300/13 730/1301/13
f 547/1302/13 602/1100/13 656/1099/13 637/1303/13
f 675/1304/13 693/1305/13 657/1231/13 638/1230/13
f 631/1261/13 632/1306/13 661/1307/13 658/1258/13
f 655/1308/2 663/1309/2 664/1310/2 656/1311/2
f 596/1312/13 595/1232/13 657/1231/13 654/1313/13
f 693/1314/3 699/570/3 665/548/3 657/1315/3
f 657/1316/1 665/1317/1 662/1318/1 654/1319/1
f 563/1038/13 651/1320/13 644/1321/13 556/1035/13
f 689/521/13 652/276/13 643/1092/13 680/1322/13
f 555/1043/3 550/1046/3 649/1082/3 634/1323/3
f 670/1324/3 687/1325/3 650/1090/3 633/1063/3
f 547/855/3 637/1326/3 651/1327/3 563/1018/3
f 675/1328/3 638/1084/3 652/1085/3 689/1329/3
f 354/218/3 549/1049/3 650/1090/3 374/530/3
f 377/531/3 686/1330/3 649/1082/3 375/263/3
f 542/1032/8 534/1042/8 645/1331/8 642/1332/8
f 678/1333/8 683/1334/8 646/1079/8 641/1070/8
f 534/1057/4 539/205/4 648/277/4 645/1335/4
f 683/1336/4 684/584/4 647/519/4 646/1077/4
f 529/1023/8 556/1026/8 644/1337/8 640/1069/8
f 676/1338/8 680/1339/8 643/1073/8 639/1072/8
f 530/1028/8 542/1032/8 642/1332/8 639/1072/8
f 677/1340/8 678/1333/8 641/1070/8 640/1069/8
f 555/1043/3 634/1323/3 635/1341/3 524/1051/3
f 670/1324/3 633/1063/3 636/1064/3 673/1342/3
f 701/1343/13 702/550/13 668/1344/13 667/1345/13
f 697/1346/13 698/1347/13 664/1348/13 663/1349/13
f 661/1350/1 669/1351/1 666/1352/1 658/1353/1
f 659/1354/2 667/1355/2 668/1356/2 660/1357/2
f 695/1358/8 701/1359/8 667/1360/8 659/604/8
f 658/1361/8 666/1362/8 700/1363/8 694/1364/8
f 694/1364/8 700/1363/8 701/1359/8 695/1358/8
f 662/1365/13 665/549/13 699/1366/13 696/1367/13
f 696/1367/13 699/1366/13 698/1347/13 697/1346/13
f 666/1368/13 669/573/13 703/572/13 700/1369/13
f 700/1369/13 703/572/13 702/550/13 701/1343/13
f 634/1323/3 671/1370/3 672/1371/3 635/1341/3
f 671/1370/3 670/1324/3 673/1342/3 672/1371/3
f 639/1072/8 642/1332/8 679/1372/8 676/1338/8
f 676/1338/8 679/1372/8 678/1333/8 677/1340/8
f 640/1069/8 644/1337/8 681/1373/8 677/1340/8
f 677/1340/8 681/1373/8 680/1339/8 676/1338/8
f 645/1335/4 648/277/4 685/522/4 682/1374/4
f 682/1374/4 685/522/4 684/584/4 683/1336/4
f 642/1332/8 645/1331/8 682/1375/8 679/1372/8
f 679/1372/8 682/1375/8 683/1334/8 678/1333/8
f 374/530/3 650/1090/3 687/1325/3 376/581/3
f 376/581/3 687/1325/3 686/1330/3 377/531/3
f 637/1326/3 674/1376/3 688/1377/3 651/1327/3
f 674/1376/3 675/1328/3 689/1329/3 688/1377/3
f 634/1323/3 649/1082/3 686/1330/3 671/1370/3
f 671/1370/3 686/1330/3 687/1325/3 670/1324/3
f 651/1320/13 688/585/13 681/1378/13 644/1321/13
f 688/585/13 689/521/13 680/1322/13 681/1378/13
f 656/1379/3 664/1380/3 698/1381/3 692/1382/3
f 692/1382/3 698/1381/3 699/570/3 693/1314/3
f 637/1303/13 656/1099/13 692/1383/13 674/1384/13
f 674/1384/13 692/1383/13 693/1305/13 675/1304/13
f 659/1166/13 635/1295/13 672/1385/13 695/1386/13
f 695/1386/13 672/1385/13 673/1297/13 694/1296/13
f 704/1387/42 706/1388/42 705/1389/42
f 707/1390/43 709/1391/43 708/1392/43
f 710/1393/44 712/1394/44 711/1395/44
f 713/1396/45 715/1397/45 714/1398/45
f 704/1387/46 705/1389/46 707/1390/46 708/1392/46
f 710/1393/47 711/1395/47 713/1396/47 714/1398/47
f 654/1360/8 662/1399/8 696/1400/8 705/1401/8 706/1402/8
f 731/1403/13 691/1404/13 690/1405/13 732/412/13
f 705/1401/8 696/1400/8 697/1406/8 707/1407/8
f 730/1301/13 653/1300/13 716/1408/13 733/1409/13
f 707/1407/8 697/1406/8 663/1410/8 655/1411/8 709/1412/8
f 711/1413/3 702/1414/3 703/1415/3 713/1416/3
f 660/1417/3 668/1418/3 702/1414/3 711/1413/3 712/1419/3
f 713/1416/3 703/1415/3 669/564/3 661/1420/3 715/1421/3
f 716/1408/13 691/1404/13 731/1403/13 733/1409/13
f 750/1422/13 748/1202/13 691/1404/13 716/1408/13
f 381/630/1 728/1229/1 589/1135/1 367/325/1
f 733/1409/13 731/1403/13 708/1423/13 709/1424/13
f 655/1098/13 730/1301/13 733/1409/13 709/1424/13
f 708/1423/13 731/1403/13 732/412/13 704/411/13
f 603/1106/1 597/1109/1 718/1237/1 725/1236/1
f 601/1101/13 729/1298/13 730/1301/13 655/1098/13
f 363/490/1 570/1293/1 728/1229/1 381/630/1
f 570/1293/1 569/1288/1 726/1227/1 728/1229/1
f 569/1288/1 568/1287/1 727/1228/1 726/1227/1
f 603/1097/13 725/1215/13 724/1218/13 584/1094/13
f 567/1281/2 566/1277/2 722/1210/2 724/1212/2
f 566/1277/2 571/1276/2 723/1211/2 722/1210/2
f 601/1118/1 600/1121/1 721/1241/1 729/1240/1
f 575/1273/2 565/1272/2 720/1226/2 719/1225/2
f 597/1110/13 577/1113/13 717/1193/13 718/1192/13
f 691/1404/13 748/1202/13 749/1201/13 690/1405/13
f 653/1300/13 747/1425/13 750/1422/13 716/1408/13
f 574/1299/13 737/1426/13 747/1425/13 653/1300/13
f 710/1203/13 748/1202/13 750/1422/13 712/1427/13
f 568/1222/13 744/1428/13 741/1429/13 575/1223/13
f 620/1150/2 617/1153/2 742/1274/2 740/1280/2
f 617/1153/2 628/1159/2 743/1275/2 742/1274/2
f 626/1154/1 746/1292/1 383/489/1 370/346/1
f 576/1216/13 736/1264/13 740/1265/13 567/1217/13
f 573/1207/13 565/1206/13 739/1430/13 738/1431/13
f 574/1243/1 573/1242/1 738/1432/1 737/1433/1
f 576/1239/1 572/1238/1 734/1253/1 736/1252/1
f 572/1195/13 564/1194/13 735/1249/13 734/1248/13
f 752/1434/13 751/1435/13 564/1194/13 717/1193/13
f 756/1436/13 751/1435/13 752/1434/13 753/1437/13
f 751/1435/13 754/1438/13 735/1249/13 564/1194/13
f 755/1439/13 754/1438/13 751/1435/13 756/1436/13
f 762/1440/47 761/1441/47 760/1442/47 759/1443/47
f 757/1444/47 758/1445/47 759/1443/47 760/1442/47
f 768/1446/46 767/1447/46 766/1448/46 765/1449/46
f 763/1450/46 764/1451/46 765/1449/46 766/1448/46
f 761/1452/48 762/1453/48 770/1454/48 769/1455/48
f 769/1455/48 770/1454/48 767/1456/48 768/1457/48
f 585/1105/13 727/1221/13 719/1224/13 594/1102/13
f 760/1458/3 752/1459/3 717/1460/3 757/1461/3
f 757/1462/2 717/1463/2 577/1128/2 596/1127/2 758/1464/2
f 600/1114/13 579/1117/13 720/1205/13 721/1204/13
f 761/680/3 753/679/3 752/1459/3 760/1458/3
f 654/1313/13 759/1465/13 758/1466/13 596/1312/13
f 769/1467/2 756/1468/2 753/1469/2 761/1470/2
f 690/1405/13 770/1471/13 762/413/13 732/412/13
f 632/1146/2 613/1149/2 735/1472/2 764/1473/2 763/1474/2
f 764/1475/8 735/1476/8 754/1477/8 765/1478/8
f 623/1157/1 745/1285/1 746/1292/1 626/1154/1
f 765/1478/8 754/1477/8 755/1479/8 768/1480/8
f 768/1481/2 755/1482/2 756/1468/2 769/1467/2
f 621/1161/1 744/1286/1 745/1285/1 623/1157/1
f 749/1201/13 767/1483/13 770/1471/13 690/1405/13
f 762/413/13 759/1465/13 654/1313/13 706/414/13
f 628/1159/2 368/698/2 382/697/2 743/1275/2
f 571/1276/2 362/700/2 380/699/2 723/1211/2
f 685/1484/8 378/704/8 379/703/8 684/1485/8
f 648/1486/8 372/706/8 378/704/8 685/1484/8
f 684/1485/8 379/703/8 373/708/8 647/1487/8
f 539/1488/8 358/710/8 372/706/8 648/1486/8
f 428/1282/2 350/712/2 369/711/2 627/1158/2
f 743/1275/2 382/697/2 362/700/2 571/1276/2
f 723/1211/2 380/699/2 365/713/2 591/1138/2
f 592/1139/2 364/715/2 352/714/2 430/843/2
f 628/1159/2 627/1158/2 369/711/2 368/698/2
f 592/1139/2 591/1138/2 365/713/2 364/715/2
f 430/1489/8 352/719/8 359/718/8 538/1490/8
f 647/1487/8 373/708/8 361/721/8 536/1051/8
f 537/1491/8 360/725/8 353/724/8 431/1492/8
f 537/1491/8 536/1051/8 361/721/8 360/725/8
f 539/1488/8 538/1490/8 359/718/8 358/710/8
f 615/1145/2 739/1271/2 741/1270/2 630/1142/2
f 785/1493/49 791/1494/49 792/1495/49 787/1496/49
f 784/1497/8 777/1498/8 774/1499/8 787/1500/8
f 780/1501/50 783/1502/50 792/1503/50 790/1504/50
f 775/1505/3 779/1506/3 772/1507/3 773/1508/3
f 779/1509/51 780/1510/51 790/1511/51 772/1512/51
f 784/1513/48 783/1514/48 780/1515/48 779/777/48
f 772/1512/52 790/1511/52 789/1516/52 781/1517/52
f 781/1518/53 789/1519/53 791/1520/53 785/272/53
f 787/1496/54 792/1495/54 783/1521/54 784/1522/54
f 784/1523/2 779/1524/2 775/1525/2 777/1526/2
f 773/1508/3 772/1507/3 781/1527/3 776/1528/3
f 778/766/1 776/1523/1 781/1526/1 785/767/1
f 787/1500/8 774/1499/8 778/1529/8 785/1530/8
f 782/1531/55 789/1519/55 790/1532/55 771/1533/55
f 786/1534/55 791/1520/55 789/1519/55 782/1531/55
f 788/1535/55 792/1536/55 791/1520/55 786/1534/55
f 771/1533/55 790/1532/55 792/1536/55 788/1535/55
f 782/1537/56 793/1538/56 795/1539/56 786/1540/56
f 788/1541/57 796/1542/57 794/1543/57 771/1544/57
f 796/1545/55 800/1546/55 798/1547/55 794/1548/55
f 793/1549/58 797/1550/58 799/1551/58 795/1552/58
f 795/1552/55 799/1551/55 800/1546/55 796/1545/55
f 794/1548/55 798/1547/55 797/1550/55 793/1549/55
f 786/1553/3 795/796/3 796/779/3 788/1554/3
f 771/1555/8 794/1556/8 793/1557/8 782/1558/8
f 802/1559/59 801/1560/59 804/1561/59 803/1562/59
f 806/1563/60 805/806/60 801/805/60 802/1564/60
f 808/1565/61 807/1566/61 805/1567/61 806/1568/61
f 803/1569/62 804/1570/62 807/1571/62 808/1572/62
f 803/1573/55 808/1574/55 806/1575/55 802/1576/55
f 805/1577/63 799/1578/63 797/1579/63 801/1580/63
f 801/1581/3 797/834/3 798/1578/3 804/1582/3
f 804/1583/64 798/1584/64 800/1540/64 807/1585/64
f 807/1586/8 800/1587/8 799/1588/8 805/1589/8
f 283/633/4 285/696/4 341/682/4 311/609/4
f 738/1432/1 607/1188/1 610/1187/1 737/1433/1
f 739/1430/13 615/1184/13 607/1183/13 738/1431/13
f 744/1428/13 621/1172/13 630/1171/13 741/1429/13
f 610/1168/13 660/1167/13 747/1425/13 737/1426/13
f 660/1167/13 712/1427/13 750/1422/13 747/1425/13
f 766/1590/13 661/1307/13 632/1306/13 763/1591/13
f 714/1200/13 715/1592/13 767/1483/13 749/1201/13
f 661/1307/13 766/1590/13 767/1483/13 715/1592/13
f 821/1593/13 818/1594/13 817/1595/13 822/1596/13
f 830/1597/2 827/1598/2 822/1599/2 817/1600/2
f 924/1601/1 834/1602/1 813/1603/1 914/1604/1
f 822/1605/3 840/1606/3 839/1607/3 821/1608/3
f 857/1609/18 825/1610/18 889/1611/18 891/1612/18
f 869/1613/1 831/1614/1 839/1615/1 868/1616/1
f 841/1617/8 817/1618/8 818/1619/8 842/1620/8
f 918/1621/4 844/1622/4 843/1623/4 913/1624/4
f 858/1625/18 843/1626/18 844/1627/18 860/1628/18
f 868/1629/19 839/1630/19 840/1631/19 867/1632/19
f 922/1633/2 836/1634/2 844/1635/2 918/1636/2
f 816/1637/1 823/1638/1 902/1639/1 897/1640/1
f 827/1598/2 832/1641/2 840/1642/2 822/1599/2
f 861/1643/1 835/1644/1 843/1645/1 858/1646/1
f 829/1647/1 838/1648/1 842/1649/1 818/1650/1
f 828/1651/1 829/1647/1 818/1650/1 821/1652/1
f 862/1653/2 837/1654/2 841/1655/2 860/1656/2
f 837/1654/2 830/1597/2 817/1600/2 841/1655/2
f 870/1657/2 833/1658/2 815/1659/2 867/1660/2
f 831/1614/1 828/1651/1 821/1652/1 839/1615/1
f 828/1661/3 831/1662/3 886/1663/3 887/1664/3
f 829/1665/13 828/1666/13 887/1667/13 882/1668/13
f 846/1669/13 816/1670/13 814/1671/13 847/1672/13
f 847/1673/3 814/1674/3 820/1675/3 849/1676/3
f 852/1677/8 823/1678/8 816/1679/8 846/1680/8
f 838/1664/8 829/1681/8 882/1682/8 881/1661/8
f 869/1683/19 834/1684/19 888/1685/19 885/1686/19
f 872/1687/19 866/1688/19 819/1689/19 853/1690/19
f 928/1691/4 920/1692/4 824/1693/4 855/1694/4
f 923/1695/4 835/1696/4 884/1697/4 916/1698/4
f 864/1699/18 862/1700/18 836/1701/18 856/1702/18
f 861/1703/18 838/1704/18 881/1705/18 883/1706/18
f 859/1707/18 863/1708/18 855/1709/18 824/1710/18
f 954/1711/1 943/1712/1 874/1713/1 929/1714/1
f 922/1715/4 926/1716/4 856/1717/4 836/1718/4
f 944/1719/8 945/1720/8 880/1721/8 879/1722/8
f 870/1723/19 871/1724/19 854/1725/19 833/1726/19
f 943/1712/1 944/1727/1 879/1728/1 874/1713/1
f 837/1729/8 851/1730/8 845/1731/8 830/1732/8
f 851/1730/8 852/1677/8 846/1680/8 845/1731/8
f 827/1733/3 848/1734/3 850/1735/3 832/1736/3
f 848/1734/3 847/1673/3 849/1676/3 850/1735/3
f 830/1737/13 845/1738/13 848/1739/13 827/1740/13
f 845/1738/13 846/1669/13 847/1672/13 848/1739/13
f 852/1741/18 851/1742/18 864/1699/18 863/1708/18
f 823/1743/18 852/1741/18 863/1708/18 859/1707/18
f 835/1744/18 861/1703/18 883/1706/18 884/1745/18
f 851/1742/18 837/1746/18 862/1700/18 864/1699/18
f 836/1634/2 862/1653/2 860/1656/2 844/1635/2
f 838/1648/1 861/1643/1 858/1646/1 842/1649/1
f 842/1747/18 858/1625/18 860/1628/18 841/1748/18
f 850/1749/19 849/1750/19 872/1687/19 871/1724/19
f 832/1751/19 850/1749/19 871/1724/19 870/1723/19
f 849/1750/19 820/1752/19 866/1688/19 872/1687/19
f 831/1753/19 869/1683/19 885/1686/19 886/1754/19
f 832/1641/2 870/1657/2 867/1660/2 840/1642/2
f 813/1755/19 868/1629/19 867/1632/19 815/1756/19
f 834/1602/1 869/1613/1 868/1616/1 813/1603/1
f 877/1757/4 878/1758/4 876/1759/4 875/1760/4
f 930/1761/4 932/1762/4 875/1760/4 876/1759/4
f 879/1763/4 880/1764/4 873/1765/4 874/1766/4
f 948/1767/2 947/1768/2 877/1769/2 875/1770/2
f 947/1771/3 949/1772/3 878/1773/3 877/1774/3
f 945/1775/2 950/1776/2 873/1777/2 880/1778/2
f 952/1779/2 948/1767/2 875/1770/2 932/1780/2
f 949/1781/1 946/1782/1 876/1783/1 878/1784/1
f 811/1785/2 825/1786/2 881/1787/2 882/1788/2
f 857/1789/2 826/1790/2 884/1791/2 883/1792/2
f 865/1793/2 809/1794/2 886/1795/2 885/1796/2
f 812/1797/2 811/1785/2 882/1788/2 887/1798/2
f 809/1794/2 812/1797/2 887/1798/2 886/1795/2
f 933/1799/2 810/1800/2 888/1801/2 915/1802/2
f 825/1786/2 857/1789/2 883/1792/2 881/1787/2
f 810/1800/2 865/1793/2 885/1796/2 888/1801/2
f 892/1803/2 891/1804/2 889/1805/2 890/1806/2 895/1807/2 894/1808/2 893/1809/2 896/1810/2 935/1811/2 936/1812/2
f 812/1813/3 809/1814/3 894/1815/3 895/1816/3
f 809/1817/19 865/1818/19 893/1819/19 894/1820/19
f 825/1821/8 811/1813/8 890/1816/8 889/1822/8
f 865/1818/19 810/1823/19 896/1824/19 893/1819/19
f 934/1825/4 826/1826/4 892/1822/4 936/1827/4
f 811/1828/13 812/1829/13 895/1830/13 890/1831/13
f 826/1832/18 857/1609/18 891/1612/18 892/1833/18
f 898/1834/13 897/1835/13 905/1836/13 906/1837/13
f 819/1838/1 866/1839/1 899/1840/1 900/1841/1
f 919/1842/1 819/1838/1 900/1841/1 937/1843/1
f 814/1844/1 816/1637/1 897/1640/1 898/1845/1
f 859/1846/1 824/1847/1 903/1848/1 901/1849/1
f 820/1850/1 814/1844/1 898/1845/1 904/1851/1
f 866/1839/1 820/1850/1 904/1851/1 899/1840/1
f 823/1638/1 859/1846/1 901/1849/1 902/1639/1
f 905/1852/1 910/1853/1 909/1854/1 911/1855/1 940/1856/1 939/1857/1 908/1858/1 907/1859/1 912/1860/1 906/1861/1
f 899/1862/19 904/1863/19 912/1864/19 907/1865/19
f 897/1866/8 902/1867/8 910/1868/8 905/1869/8
f 937/1870/4 900/1871/4 908/1872/4 939/1873/4
f 900/1874/19 899/1862/19 907/1865/19 908/1875/19
f 901/1876/18 903/1877/18 911/1878/18 909/1879/18
f 904/1880/3 898/1881/3 906/1882/3 912/1883/3
f 902/1884/18 901/1876/18 909/1879/18 910/1885/18
f 903/1886/4 938/1887/4 940/1888/4 911/1889/4
f 938/1887/4 937/1870/4 939/1873/4 940/1888/4
f 824/1847/1 920/1890/1 938/1891/1 903/1848/1
f 920/1890/1 919/1842/1 937/1843/1 938/1891/1
f 810/1892/4 933/1893/4 935/1894/4 896/1895/4
f 933/1893/4 934/1825/4 936/1827/4 935/1894/4
f 826/1790/2 934/1896/2 916/1897/2 884/1791/2
f 934/1896/2 933/1799/2 915/1802/2 916/1897/2
f 950/1776/2 951/1898/2 931/1899/2 873/1777/2
f 951/1898/2 952/1779/2 932/1780/2 931/1899/2
f 874/1766/4 873/1765/4 931/1900/4 929/1901/4
f 929/1901/4 931/1900/4 932/1762/4 930/1761/4
f 833/1902/4 854/1903/4 925/1904/4 921/1905/4
f 946/1782/1 953/1906/1 930/1907/1 876/1783/1
f 918/1908/1 917/1909/1 941/1910/1 942/1911/1
f 834/1912/4 924/1913/4 915/1914/4 888/1915/4
f 924/1913/4 923/1695/4 916/1698/4 915/1914/4
f 853/1916/4 819/1917/4 919/1918/4 927/1919/4
f 927/1919/4 919/1918/4 920/1692/4 928/1691/4
f 833/1658/2 921/1920/2 917/1921/2 815/1659/2
f 929/1901/4 930/1761/4 942/1922/4 941/1923/4
f 815/1924/4 917/1925/4 914/1926/4 813/1927/4
f 917/1925/4 918/1621/4 913/1624/4 914/1926/4
f 835/1644/1 923/1928/1 913/1929/1 843/1645/1
f 923/1928/1 924/1601/1 914/1604/1 913/1929/1
f 856/1930/1 926/1931/1 953/1906/1 946/1782/1
f 927/1932/2 928/1933/2 952/1779/2 951/1898/2
f 853/1934/2 927/1932/2 951/1898/2 950/1776/2
f 864/1935/1 856/1930/1 946/1782/1 949/1781/1
f 928/1933/2 855/1936/2 948/1767/2 952/1779/2
f 872/1937/2 853/1934/2 950/1776/2 945/1775/2
f 863/1938/3 864/1939/3 949/1772/3 947/1771/3
f 855/1936/2 863/1940/2 947/1768/2 948/1767/2
f 854/1941/1 871/1942/1 944/1727/1 943/1712/1
f 871/1939/8 872/1938/8 945/1720/8 944/1719/8
f 925/1943/1 854/1941/1 943/1712/1 954/1711/1
f 930/1944/65 953/1945/65 918/1946/65 942/1947/65
f 922/1948/66 918/1946/66 953/1945/66 926/1949/66
f 941/1950/67 917/1951/67 954/1952/67 929/1953/67
f 921/1954/68 925/1955/68 954/1952/68 917/1951/68
f 990/1956/69 980/1957/69 970/1958/69 978/1959/69
f 965/1960/69 955/1961/69 969/1962/69 977/1963/69
f 973/1964/70 971/1965/70 961/1966/70 962/1967/70
f 970/1968/71 960/1969/71 963/1970/71 964/1971/71
f 976/1972/4 966/1973/4 965/1960/4 977/1963/4
f 971/1974/72 975/1975/72 967/1976/72 961/1977/72
f 978/1959/69 970/1958/69 964/1978/69 968/1979/69
f 956/1980/72 966/1973/72 976/1972/72 972/1981/72
f 983/1982/72 987/1983/72 975/1975/72 971/1974/72
f 967/1976/4 975/1975/4 978/1959/4 968/1979/4
f 976/1984/2 977/1985/2 996/1986/2 992/1987/2
f 955/1988/71 959/1989/71 957/1990/71 969/1991/71
f 980/1992/71 981/1993/71 960/1969/71 970/1968/71
f 958/1994/70 956/1995/70 972/1996/70 974/1997/70
f 985/1998/70 983/1999/70 971/1965/70 973/1964/70
f 974/1997/70 972/1996/70 984/2000/70 986/2001/70
f 986/2001/70 984/2000/70 983/1999/70 985/1998/70
f 969/1991/71 957/1990/71 982/2002/71 979/2003/71
f 979/2003/71 982/2002/71 981/1993/71 980/1992/71
f 989/2004/1 988/2005/1 991/2006/1 998/2007/1
f 987/1983/4 988/2008/4 989/2009/4 990/1956/4
f 972/1981/72 976/1972/72 988/2008/72 984/2010/72
f 984/2010/72 988/2008/72 987/1983/72 983/1982/72
f 977/1963/69 969/1962/69 979/2011/69 989/2009/69
f 989/2009/69 979/2011/69 980/1957/69 990/1956/69
f 995/2012/73 997/2013/73 1005/2014/73 1003/2015/73
f 999/2016/4 1006/2017/4 1001/2018/4 1005/2019/4
f 990/2020/3 978/2021/3 994/2022/3 993/2023/3
f 988/2024/8 976/2025/8 992/2026/8 991/2027/8
f 987/2028/2 990/2029/2 993/2030/2 997/2031/2
f 978/2032/1 975/2033/1 995/2034/1 994/2035/1
f 977/2036/3 989/2037/3 998/2038/3 996/2039/3
f 975/2040/8 987/2041/8 997/2013/8 995/2012/8
f 999/2016/74 1000/2042/74 1004/2043/74 1006/2017/74
f 1003/2044/75 1005/2019/75 1001/2018/75 1002/2045/75
f 994/2046/76 995/2047/76 1003/2044/76 1002/2045/76
f 991/2027/77 992/2026/77 1000/2048/77 999/2049/77
f 991/2027/8 999/2049/8 1005/2014/8 997/2013/8
f 996/2039/78 998/2038/78 1006/2050/78 1004/2051/78
f 992/2052/79 996/2053/79 1004/2054/79 1000/2055/79
f 993/2023/80 994/2022/80 1002/2056/80 1001/2057/80
f 1006/2050/3 998/2038/3 993/2023/3 1001/2057/3
f 998/2058/13 991/2059/13 997/2060/13 993/2061/13
f 1019/2062/4 1020/2063/4 1015/2064/4 1016/2065/4
f 1028/2066/2 1015/2067/2 1020/2068/2 1025/2069/2
f 1122/2070/1 1112/2071/1 1011/2072/1 1032/2073/1
f 1020/2074/3 1019/2075/3 1037/2076/3 1038/2077/3
f 1055/2078/46 1089/2079/46 1087/2080/46 1023/2081/46
f 1067/2082/1 1066/2083/1 1037/2084/1 1029/2085/1
f 1039/2086/8 1040/2087/8 1016/2088/8 1015/1606/8
f 1116/2089/13 1111/2090/13 1041/2091/13 1042/2092/13
f 1056/2093/46 1058/2094/46 1042/2095/46 1041/2096/46
f 1066/2097/47 1065/2098/47 1038/2099/47 1037/2100/47
f 1120/2101/2 1116/2102/2 1042/2103/2 1034/2104/2
f 1014/2105/1 1095/2106/1 1100/2107/1 1021/2108/1
f 1025/2069/2 1020/2068/2 1038/2109/2 1030/2110/2
f 1059/2111/1 1056/2112/1 1041/2113/1 1033/1674/1
f 1027/2114/1 1016/2115/1 1040/2116/1 1036/2117/1
f 1026/2118/1 1019/2119/1 1016/2115/1 1027/2114/1
f 1060/2120/2 1058/2121/2 1039/2122/2 1035/2123/2
f 1035/2123/2 1039/2122/2 1015/2067/2 1028/2066/2
f 1068/2124/2 1065/2125/2 1013/2126/2 1031/2127/2
f 1029/2085/1 1037/2084/1 1019/2119/1 1026/2118/1
f 1026/2128/3 1085/2129/3 1084/2130/3 1029/2131/3
f 1027/2132/4 1080/2133/4 1085/2134/4 1026/2135/4
f 1044/2136/4 1045/2137/4 1012/2138/4 1014/2139/4
f 1045/2140/3 1047/2141/3 1018/2142/3 1012/2143/3
f 1050/2144/8 1044/2140/8 1014/2143/8 1021/2145/8
f 1036/2146/8 1079/2147/8 1080/2148/8 1027/2149/8
f 1067/2150/47 1083/2151/47 1086/2152/47 1032/2153/47
f 1070/2154/47 1051/2155/47 1017/2156/47 1064/2157/47
f 1126/2158/13 1053/1917/13 1022/2159/13 1118/2160/13
f 1121/2161/13 1114/2162/13 1082/2163/13 1033/2164/13
f 1062/2165/46 1054/2166/46 1034/2167/46 1060/2168/46
f 1059/2169/46 1081/2170/46 1079/2171/46 1036/2172/46
f 1057/2173/46 1022/2174/46 1053/2175/46 1061/2176/46
f 1152/2177/1 1127/2178/1 1072/2179/1 1141/2180/1
f 1120/2181/13 1034/2182/13 1054/2183/13 1124/2184/13
f 1142/2185/8 1077/2186/8 1078/2187/8 1143/2188/8
f 1068/2189/47 1031/2190/47 1052/2191/47 1069/2192/47
f 1141/2180/1 1072/2179/1 1077/2193/1 1142/2194/1
f 1035/2195/8 1028/2196/8 1043/2197/8 1049/2198/8
f 1049/2198/8 1043/2197/8 1044/2140/8 1050/2144/8
f 1025/2196/3 1030/2199/3 1048/2200/3 1046/2197/3
f 1046/2197/3 1048/2200/3 1047/2141/3 1045/2140/3
f 1028/2201/4 1025/2202/4 1046/2203/4 1043/2204/4
f 1043/2204/4 1046/2203/4 1045/2137/4 1044/2136/4
f 1050/2205/46 1061/2176/46 1062/2165/46 1049/2206/46
f 1021/2207/46 1057/2173/46 1061/2176/46 1050/2205/46
f 1033/2208/46 1082/2209/46 1081/2170/46 1059/2169/46
f 1049/2206/46 1062/2165/46 1060/2168/46 1035/2210/46
f 1034/2104/2 1042/2103/2 1058/2121/2 1060/2120/2
f 1036/2117/1 1040/2116/1 1056/2112/1 1059/2111/1
f 1040/2211/46 1039/2212/46 1058/2094/46 1056/2093/46
f 1048/2213/47 1069/2192/47 1070/2154/47 1047/2214/47
f 1030/2215/47 1068/2189/47 1069/2192/47 1048/2213/47
f 1047/2214/47 1070/2154/47 1064/2157/47 1018/2216/47
f 1029/2217/47 1084/2218/47 1083/2151/47 1067/2150/47
f 1030/2110/2 1038/2109/2 1065/2125/2 1068/2124/2
f 1011/2219/47 1013/2220/47 1065/2098/47 1066/2097/47
f 1032/2073/1 1011/2072/1 1066/2083/1 1067/2082/1
f 1075/2221/13 1073/2222/13 1074/2223/13 1076/2224/13
f 1128/2225/13 1074/2223/13 1073/2222/13 1130/2226/13
f 1077/2227/13 1072/2228/13 1071/2229/13 1078/2230/13
f 1146/2231/2 1073/2232/2 1075/2233/2 1145/2234/2
f 1145/2235/3 1075/2187/3 1076/2186/3 1147/2236/3
f 1143/2237/2 1078/2238/2 1071/2239/2 1148/2240/2
f 1150/2241/2 1130/2242/2 1073/2232/2 1146/2231/2
f 1147/2243/1 1076/2244/1 1074/2245/1 1144/2246/1
f 1009/2247/2 1080/2248/2 1079/2249/2 1023/2250/2
f 1055/2251/2 1081/2252/2 1082/2253/2 1024/2254/2
f 1063/2255/2 1083/2256/2 1084/2257/2 1007/2258/2
f 1010/2259/2 1085/2260/2 1080/2248/2 1009/2247/2
f 1007/2258/2 1084/2257/2 1085/2260/2 1010/2259/2
f 1131/2261/2 1113/2262/2 1086/2263/2 1008/2264/2
f 1023/2250/2 1079/2249/2 1081/2252/2 1055/2251/2
f 1008/2264/2 1086/2263/2 1083/2256/2 1063/2255/2
f 1090/2265/2 1134/2266/2 1133/2267/2 1094/2268/2 1091/2269/2 1092/2270/2 1093/2271/2 1088/2272/2 1087/2273/2 1089/2274/2
f 1010/2275/3 1093/2276/3 1092/2277/3 1007/2278/3
f 1007/2279/47 1092/2280/47 1091/2281/47 1063/2282/47
f 1023/2283/8 1087/2284/8 1088/2285/8 1009/2286/8
f 1063/2282/47 1091/2281/47 1094/2287/47 1008/2288/47
f 1132/2289/13 1134/2290/13 1090/2291/13 1024/2292/13
f 1009/2293/4 1088/2294/4 1093/2295/4 1010/2296/4
f 1024/2297/46 1090/2298/46 1089/2079/46 1055/2078/46
f 1096/2299/4 1104/2300/4 1103/2301/4 1095/2302/4
f 1017/2303/1 1098/2304/1 1097/2305/1 1064/2306/1
f 1117/2307/1 1135/2308/1 1098/2304/1 1017/2303/1
f 1012/2309/1 1096/2310/1 1095/2106/1 1014/2105/1
f 1057/2311/1 1099/2312/1 1101/2313/1 1022/2314/1
f 1018/2315/1 1102/2316/1 1096/2310/1 1012/2309/1
f 1064/2306/1 1097/2305/1 1102/2316/1 1018/2315/1
f 1021/2108/1 1100/2107/1 1099/2312/1 1057/2311/1
f 1103/2317/1 1104/2318/1 1110/2319/1 1105/2320/1 1106/2321/1 1137/2322/1 1138/2323/1 1109/2324/1 1107/2325/1 1108/2326/1
f 1097/2327/47 1105/2328/47 1110/2329/47 1102/2330/47
f 1095/2331/8 1103/2332/8 1108/2333/8 1100/2334/8
f 1135/2335/13 1137/2336/13 1106/2337/13 1098/2338/13
f 1098/1874/47 1106/1875/47 1105/2328/47 1097/2327/47
f 1099/2339/46 1107/2340/46 1109/2341/46 1101/2342/46
f 1102/2343/3 1110/2344/3 1104/2345/3 1096/2346/3
f 1100/1884/46 1108/1885/46 1107/2340/46 1099/2339/46
f 1101/2347/13 1109/2348/13 1138/2349/13 1136/2350/13
f 1136/2350/13 1138/2349/13 1137/2336/13 1135/2335/13
f 1022/2314/1 1101/2313/1 1136/2351/1 1118/2352/1
f 1118/2352/1 1136/2351/1 1135/2308/1 1117/2307/1
f 1008/2353/13 1094/2354/13 1133/2355/13 1131/2356/13
f 1131/2356/13 1133/2355/13 1134/2290/13 1132/2289/13
f 1024/2254/2 1082/2253/2 1114/2357/2 1132/2358/2
f 1132/2358/2 1114/2357/2 1113/2262/2 1131/2261/2
f 1148/2240/2 1071/2239/2 1129/2359/2 1149/2360/2
f 1149/2360/2 1129/2359/2 1130/2242/2 1150/2241/2
f 1072/2228/13 1127/2361/13 1129/2362/13 1071/2229/13
f 1127/2361/13 1128/2225/13 1130/2226/13 1129/2362/13
f 1031/2363/13 1119/2364/13 1123/2365/13 1052/2366/13
f 1144/2246/1 1074/2245/1 1128/2367/1 1151/2368/1
f 1116/2369/1 1140/2370/1 1139/2371/1 1115/2372/1
f 1032/2373/13 1086/2374/13 1113/2375/13 1122/2376/13
f 1122/2376/13 1113/2375/13 1114/2162/13 1121/2161/13
f 1051/1693/13 1125/2377/13 1117/2378/13 1017/2379/13
f 1125/2377/13 1126/2158/13 1118/2160/13 1117/2378/13
f 1031/2127/2 1013/2126/2 1115/2380/2 1119/2381/2
f 1127/2361/13 1139/2382/13 1140/2383/13 1128/2225/13
f 1013/2384/13 1011/2385/13 1112/2386/13 1115/2387/13
f 1115/2387/13 1112/2386/13 1111/2090/13 1116/2089/13
f 1033/1674/1 1041/2113/1 1111/2388/1 1121/2389/1
f 1121/2389/1 1111/2388/1 1112/2071/1 1122/2070/1
f 1054/2390/1 1144/2246/1 1151/2368/1 1124/2391/1
f 1125/2392/2 1149/2360/2 1150/2241/2 1126/2393/2
f 1051/2394/2 1148/2240/2 1149/2360/2 1125/2392/2
f 1062/2395/1 1147/2243/1 1144/2246/1 1054/2390/1
f 1126/2393/2 1150/2241/2 1146/2231/2 1053/2396/2
f 1070/2397/2 1143/2237/2 1148/2240/2 1051/2394/2
f 1061/2398/3 1145/2235/3 1147/2236/3 1062/2399/3
f 1053/2396/2 1146/2231/2 1145/2234/2 1061/2400/2
f 1052/2401/1 1141/2180/1 1142/2194/1 1069/2402/1
f 1069/1773/8 1142/2185/8 1143/2188/8 1070/1774/8
f 1123/1728/1 1152/2177/1 1141/2180/1 1052/2401/1
f 1128/2403/81 1140/2404/81 1116/2405/81 1151/2406/81
f 1120/2407/82 1124/2408/82 1151/2406/82 1116/2405/82
f 1139/2409/83 1127/2410/83 1152/2411/83 1115/2412/83
f 1119/2413/84 1115/2412/84 1152/2411/84 1123/2414/84
f 1188/2415/85 1176/2416/85 1168/2417/85 1178/2418/85
f 1163/2419/85 1175/2420/85 1167/2421/85 1153/2422/85
f 1171/2423/86 1160/2424/86 1159/2425/86 1169/2426/86
f 1168/2427/87 1162/2428/87 1161/1980/87 1158/2429/87
f 1174/2430/13 1175/2420/13 1163/2419/13 1164/2431/13
f 1169/2432/88 1159/2433/88 1165/2434/88 1173/2435/88
f 1176/2416/85 1166/2436/85 1162/562/85 1168/2417/85
f 1154/2437/88 1170/2438/88 1174/2430/88 1164/2431/88
f 1181/2439/88 1169/2432/88 1173/2435/88 1185/2440/88
f 1165/2434/13 1166/2436/13 1176/2416/13 1173/2435/13
f 1174/2441/2 1190/2442/2 1194/2443/2 1175/2444/2
f 1153/2445/87 1167/2446/87 1155/2447/87 1157/2448/87
f 1178/2449/87 1168/2427/87 1158/2429/87 1179/2450/87
f 1156/2451/86 1172/2452/86 1170/2453/86 1154/2454/86
f 1183/2455/86 1171/2423/86 1169/2426/86 1181/2456/86
f 1172/2452/86 1184/2457/86 1182/2458/86 1170/2453/86
f 1184/2457/86 1183/2455/86 1181/2456/86 1182/2458/86
f 1167/2446/87 1177/2459/87 1180/2460/87 1155/2447/87
f 1177/2459/87 1178/2449/87 1179/2450/87 1180/2460/87
f 1187/2461/1 1196/2462/1 1189/2463/1 1186/2464/1
f 1185/2440/13 1188/2415/13 1187/2465/13 1186/2466/13
f 1170/2438/88 1182/2467/88 1186/2466/88 1174/2430/88
f 1182/2467/88 1181/2439/88 1185/2440/88 1186/2466/88
f 1175/2420/85 1187/2465/85 1177/2468/85 1167/2421/85
f 1187/2465/85 1188/2415/85 1178/2418/85 1177/2468/85
f 1193/2469/89 1201/2470/89 1203/2471/89 1195/2472/89
f 1197/2473/13 1203/2474/13 1199/2475/13 1204/2476/13
f 1188/2477/3 1191/2478/3 1192/2479/3 1176/2480/3
f 1186/2481/8 1189/2482/8 1190/2483/8 1174/2484/8
f 1185/2485/2 1195/2486/2 1191/2487/2 1188/2488/2
f 1176/2489/1 1192/2490/1 1193/2491/1 1173/2492/1
f 1175/2493/3 1194/2494/3 1196/2495/3 1187/2496/3
f 1173/2497/8 1193/2469/8 1195/2472/8 1185/2498/8
f 1197/2473/90 1204/2476/90 1202/2499/90 1198/2500/90
f 1201/2501/91 1200/2502/91 1199/2475/91 1203/2474/91
f 1192/2503/92 1200/2502/92 1201/2501/92 1193/2504/92
f 1189/2482/93 1197/2505/93 1198/2506/93 1190/2483/93
f 1189/2482/8 1195/2472/8 1203/2471/8 1197/2505/8
f 1194/2494/94 1202/2507/94 1204/2508/94 1196/2495/94
f 1190/2509/95 1198/2510/95 1202/2511/95 1194/2512/95
f 1191/2478/96 1199/2513/96 1200/2514/96 1192/2479/96
f 1204/2508/3 1199/2513/3 1191/2478/3 1196/2495/3
f 1196/2515/4 1191/2059/4 1195/2058/4 1189/2516/4
f 1217/765/13 1218/2517/13 1213/2518/13 1214/2519/13
f 1226/2520/2 1213/2521/2 1218/2522/2 1223/2523/2
f 1320/2524/1 1310/2525/1 1209/2526/1 1230/2527/1
f 1218/2528/8 1217/2529/8 1235/2530/8 1236/2531/8
f 1253/2532/19 1287/2533/19 1285/2534/19 1221/2535/19
f 1265/2536/1 1264/2537/1 1235/2538/1 1227/2539/1
f 1237/2540/3 1238/2541/3 1214/2542/3 1213/2543/3
f 1314/2544/4 1309/2545/4 1239/2546/4 1240/2547/4
f 1254/2548/19 1256/2093/19 1240/2096/19 1239/2549/19
f 1264/2550/18 1263/2551/18 1236/2552/18 1235/2553/18
f 1318/2554/2 1314/2555/2 1240/2556/2 1232/2557/2
f 1212/2558/1 1293/2559/1 1298/2560/1 1219/2561/1
f 1223/2523/2 1218/2522/2 1236/2562/2 1228/2563/2
f 1257/2564/1 1254/2565/1 1239/2566/1 1231/2567/1
f 1225/2568/1 1214/2569/1 1238/2570/1 1234/2571/1
f 1224/2572/1 1217/2573/1 1214/2569/1 1225/2568/1
f 1258/2574/2 1256/2575/2 1237/2576/2 1233/2577/2
f 1233/2577/2 1237/2576/2 1213/2521/2 1226/2520/2
f 1266/2578/2 1263/2579/2 1211/2580/2 1229/2581/2
f 1227/2539/1 1235/2538/1 1217/2573/1 1224/2572/1
f 1224/2582/8 1283/2583/8 1282/2584/8 1227/2585/8
f 1225/2586/13 1278/2587/13 1283/2588/13 1224/2589/13
f 1242/2590/13 1243/2591/13 1210/2592/13 1212/2593/13
f 1243/2594/8 1245/2595/8 1216/2596/8 1210/2597/8
f 1248/2598/3 1242/2599/3 1212/2600/3 1219/2601/3
f 1234/2602/3 1277/2603/3 1278/2604/3 1225/2605/3
f 1265/2606/18 1281/2607/18 1284/2608/18 1230/2609/18
f 1268/2610/18 1249/2611/18 1215/2612/18 1262/2613/18
f 1324/2614/4 1251/2615/4 1220/2616/4 1316/2617/4
f 1319/2618/4 1312/2619/4 1280/2620/4 1231/2621/4
f 1260/2622/19 1252/2623/19 1232/2624/19 1258/2625/19
f 1257/2626/19 1279/2627/19 1277/2628/19 1234/2629/19
f 1255/2630/19 1220/2631/19 1251/2632/19 1259/2633/19
f 1350/2634/1 1325/2635/1 1270/2636/1 1339/2637/1
f 1318/2638/4 1232/2639/4 1252/2640/4 1322/2641/4
f 1340/2642/3 1275/2643/3 1276/2644/3 1341/2645/3
f 1266/2646/18 1229/2647/18 1250/2648/18 1267/2649/18
f 1339/2637/1 1270/2636/1 1275/2650/1 1340/2651/1
f 1233/2652/3 1226/2653/3 1241/2654/3 1247/2655/3
f 1247/2655/3 1241/2654/3 1242/2599/3 1248/2598/3
f 1223/2656/8 1228/2657/8 1246/2658/8 1244/2659/8
f 1244/2659/8 1246/2658/8 1245/2595/8 1243/2594/8
f 1226/2660/13 1223/2661/13 1244/2662/13 1241/2663/13
f 1241/2663/13 1244/2662/13 1243/2591/13 1242/2590/13
f 1248/2664/19 1259/2633/19 1260/2622/19 1247/2181/19
f 1219/2665/19 1255/2630/19 1259/2633/19 1248/2664/19
f 1231/2666/19 1280/2667/19 1279/2627/19 1257/2626/19
f 1247/2181/19 1260/2622/19 1258/2625/19 1233/1718/19
f 1232/2557/2 1240/2556/2 1256/2575/2 1258/2574/2
f 1234/2571/1 1238/2570/1 1254/2565/1 1257/2564/1
f 1238/2668/19 1237/2211/19 1256/2093/19 1254/2548/19
f 1246/2669/18 1267/2649/18 1268/2610/18 1245/2670/18
f 1228/2671/18 1266/2646/18 1267/2649/18 1246/2669/18
f 1245/2670/18 1268/2610/18 1262/2613/18 1216/2672/18
f 1227/2673/18 1282/2674/18 1281/2607/18 1265/2606/18
f 1228/2563/2 1236/2562/2 1263/2579/2 1266/2578/2
f 1209/2675/18 1211/2676/18 1263/2551/18 1264/2550/18
f 1230/2527/1 1209/2526/1 1264/2537/1 1265/2536/1
f 1273/2677/4 1271/2678/4 1272/2679/4 1274/2680/4
f 1326/2681/4 1272/2679/4 1271/2678/4 1328/2682/4
f 1275/2683/4 1270/2684/4 1269/2685/4 1276/2686/4
f 1344/2687/2 1271/2688/2 1273/2689/2 1343/2690/2
f 1343/2691/8 1273/2692/8 1274/2693/8 1345/2694/8
f 1341/2695/2 1276/2696/2 1269/2697/2 1346/2698/2
f 1348/2699/2 1328/2700/2 1271/2688/2 1344/2687/2
f 1345/2701/1 1274/2702/1 1272/2703/1 1342/2704/1
f 1207/2705/2 1278/2706/2 1277/2707/2 1221/2708/2
f 1253/2709/2 1279/2710/2 1280/2711/2 1222/2712/2
f 1261/2713/2 1281/2714/2 1282/2715/2 1205/2716/2
f 1208/2717/2 1283/2718/2 1278/2706/2 1207/2705/2
f 1205/2716/2 1282/2715/2 1283/2718/2 1208/2717/2
f 1329/2719/2 1311/2720/2 1284/2721/2 1206/2722/2
f 1221/2708/2 1277/2707/2 1279/2710/2 1253/2709/2
f 1206/2722/2 1284/2721/2 1281/2714/2 1261/2713/2
f 1288/2723/2 1332/2724/2 1331/2725/2 1292/2726/2 1289/2727/2 1290/2728/2 1291/2729/2 1286/2730/2 1285/2731/2 1287/2732/2
f 1208/2733/8 1291/2734/8 1290/2735/8 1205/2736/8
f 1205/2737/18 1290/2738/18 1289/2739/18 1261/2740/18
f 1221/2741/3 1285/2742/3 1286/2743/3 1207/2744/3
f 1261/2740/18 1289/2739/18 1292/2745/18 1206/2746/18
f 1330/2747/4 1332/2748/4 1288/2749/4 1222/2750/4
f 1207/2751/13 1286/237/13 1291/2752/13 1208/2753/13
f 1222/2754/19 1288/2755/19 1287/2533/19 1253/2532/19
f 1294/2756/13 1302/2299/13 1301/2757/13 1293/2758/13
f 1215/2759/1 1296/2760/1 1295/2761/1 1262/2762/1
f 1315/2763/1 1333/2764/1 1296/2760/1 1215/2759/1
f 1210/1696/1 1294/2765/1 1293/2559/1 1212/2558/1
f 1255/2766/1 1297/2767/1 1299/2768/1 1220/2769/1
f 1216/2770/1 1300/2771/1 1294/2765/1 1210/1696/1
f 1262/2762/1 1295/2761/1 1300/2771/1 1216/2770/1
f 1219/2561/1 1298/2560/1 1297/2767/1 1255/2766/1
f 1301/2772/1 1302/2773/1 1308/2774/1 1303/2775/1 1304/2776/1 1335/2777/1 1336/2778/1 1307/2779/1 1305/2780/1 1306/2781/1
f 1295/2782/18 1303/2783/18 1308/2784/18 1300/2785/18
f 1293/2786/3 1301/2787/3 1306/2788/3 1298/2789/3
f 1333/2790/4 1335/2791/4 1304/2792/4 1296/2793/4
f 1296/2794/18 1304/2795/18 1303/2783/18 1295/2782/18
f 1297/2796/19 1305/2797/19 1307/2798/19 1299/2799/19
f 1300/2800/8 1308/2801/8 1302/2802/8 1294/2803/8
f 1298/2804/19 1306/2805/19 1305/2797/19 1297/2796/19
f 1299/2806/4 1307/2807/4 1336/2808/4 1334/2809/4
f 1334/2809/4 1336/2808/4 1335/2791/4 1333/2790/4
f 1220/2769/1 1299/2768/1 1334/2810/1 1316/2811/1
f 1316/2811/1 1334/2810/1 1333/2764/1 1315/2763/1
f 1206/2812/4 1292/2813/4 1331/2814/4 1329/2815/4
f 1329/2815/4 1331/2814/4 1332/2748/4 1330/2747/4
f 1222/2712/2 1280/2711/2 1312/2816/2 1330/2817/2
f 1330/2817/2 1312/2816/2 1311/2720/2 1329/2719/2
f 1346/2698/2 1269/2697/2 1327/2818/2 1347/2819/2
f 1347/2819/2 1327/2818/2 1328/2700/2 1348/2699/2
f 1270/2684/4 1325/2820/4 1327/2821/4 1269/2685/4
f 1325/2820/4 1326/2681/4 1328/2682/4 1327/2821/4
f 1229/2822/4 1317/2823/4 1321/2824/4 1250/2825/4
f 1342/2704/1 1272/2703/1 1326/2391/1 1349/2826/1
f 1314/2827/1 1338/2828/1 1337/2829/1 1313/2830/1
f 1230/2831/4 1284/2832/4 1311/2833/4 1320/2834/4
f 1320/2834/4 1311/2833/4 1312/2619/4 1319/2618/4
f 1249/2835/4 1323/2836/4 1315/2837/4 1215/2838/4
f 1323/2836/4 1324/2614/4 1316/2617/4 1315/2837/4
f 1229/2581/2 1211/2580/2 1313/2839/2 1317/2840/2
f 1325/2820/4 1337/2841/4 1338/2842/4 1326/2681/4
f 1211/2843/4 1209/2844/4 1310/2845/4 1313/2846/4
f 1313/2846/4 1310/2845/4 1309/2545/4 1314/2544/4
f 1231/2567/1 1239/2566/1 1309/2847/1 1319/2848/1
f 1319/2848/1 1309/2847/1 1310/2525/1 1320/2524/1
f 1252/2849/1 1342/2704/1 1349/2826/1 1322/2850/1
f 1323/2851/2 1347/2819/2 1348/2699/2 1324/2852/2
f 1249/2853/2 1346/2698/2 1347/2819/2 1323/2851/2
f 1260/2854/1 1345/2701/1 1342/2704/1 1252/2849/1
f 1324/2852/2 1348/2699/2 1344/2687/2 1251/2855/2
f 1268/2856/2 1341/2695/2 1346/2698/2 1249/2853/2
f 1259/2857/8 1343/2691/8 1345/2694/8 1260/2858/8
f 1251/2855/2 1344/2687/2 1343/2690/2 1259/2859/2
f 1250/2860/1 1339/2637/1 1340/2651/1 1267/2861/1
f 1267/2862/3 1340/2642/3 1341/2645/3 1268/2863/3
f 1321/2864/1 1350/2634/1 1339/2637/1 1250/2860/1
f 1326/2865/67 1338/2866/67 1314/2867/67 1349/2868/67
f 1318/2869/68 1322/2870/68 1349/2868/68 1314/2867/68
f 1337/2871/65 1325/2872/65 1350/2873/65 1313/2874/65
f 1317/2875/66 1313/2874/66 1350/2873/66 1321/2876/66
f 1386/2877/72 1374/2878/72 1366/2879/72 1376/2880/72
f 1361/2881/72 1373/2882/72 1365/2883/72 1351/2884/72
f 1369/2885/71 1358/2886/71 1357/2887/71 1367/2888/71
f 1366/2889/70 1360/2890/70 1359/2891/70 1356/2892/70
f 1372/2893/4 1373/2882/4 1361/2881/4 1362/2894/4
f 1367/2895/69 1357/2896/69 1363/2897/69 1371/2898/69
f 1374/2878/72 1364/2899/72 1360/1356/72 1366/2879/72
f 1352/2900/69 1368/2901/69 1372/2893/69 1362/2894/69
f 1379/2902/69 1367/2895/69 1371/2898/69 1383/2903/69
f 1363/2897/4 1364/2899/4 1374/2878/4 1371/2898/4
f 1372/2904/2 1388/2905/2 1392/2906/2 1373/2907/2
f 1351/2908/70 1365/2909/70 1353/2910/70 1355/2911/70
f 1376/2912/70 1366/2889/70 1356/2892/70 1377/2913/70
f 1354/2914/71 1370/2915/71 1368/2916/71 1352/2917/71
f 1381/2918/71 1369/2885/71 1367/2888/71 1379/2919/71
f 1370/2915/71 1382/2920/71 1380/2921/71 1368/2916/71
f 1382/2920/71 1381/2918/71 1379/2919/71 1380/2921/71
f 1365/2909/70 1375/2922/70 1378/2923/70 1353/2910/70
f 1375/2922/70 1376/2912/70 1377/2913/70 1378/2923/70
f 1385/2924/1 1394/2925/1 1387/2926/1 1384/2927/1
f 1383/2903/4 1386/2877/4 1385/2928/4 1384/2929/4
f 1368/2901/69 1380/2930/69 1384/2929/69 1372/2893/69
f 1380/2930/69 1379/2902/69 1383/2903/69 1384/2929/69
f 1373/2882/72 1385/2928/72 1375/2931/72 1365/2883/72
f 1385/2928/72 1386/2877/72 1376/2880/72 1375/2931/72
f 1391/2932/80 1399/2933/80 1401/2934/80 1393/2935/80
f 1395/2936/4 1401/2937/4 1397/2938/4 1402/2939/4
f 1386/2940/8 1389/2941/8 1390/2942/8 1374/2943/8
f 1384/2944/3 1387/2945/3 1388/2946/3 1372/2947/3
f 1383/2948/2 1393/2949/2 1389/2950/2 1386/2951/2
f 1374/1017/1 1390/2952/1 1391/2953/1 1371/2954/1
f 1373/2955/8 1392/2956/8 1394/2957/8 1385/2958/8
f 1371/2959/3 1391/2932/3 1393/2935/3 1383/2960/3
f 1395/2936/74 1402/2939/74 1400/2961/74 1396/2962/74
f 1399/2963/75 1398/2964/75 1397/2938/75 1401/2937/75
f 1390/2965/76 1398/2964/76 1399/2963/76 1391/2966/76
f 1387/2945/78 1395/2967/78 1396/2968/78 1388/2946/78
f 1387/2945/3 1393/2935/3 1401/2934/3 1395/2967/3
f 1392/2956/77 1400/2969/77 1402/2970/77 1394/2957/77
f 1388/2971/79 1396/2972/79 1400/2973/79 1392/2974/79
f 1389/2941/73 1397/2975/73 1398/2976/73 1390/2942/73
f 1402/2970/8 1397/2975/8 1389/2941/8 1394/2957/8
f 1394/2977/13 1389/2978/13 1393/2979/13 1387/2980/13
f 1415/2981/4 1412/2982/4 1411/2983/4 1416/2984/4
f 1424/2985/2 1421/2986/2 1416/2987/2 1411/2988/2
f 1518/2989/1 1428/2990/1 1407/2991/1 1508/2992/1
f 1416/2993/8 1434/2994/8 1433/2995/8 1415/2996/8
f 1451/2997/47 1419/2998/47 1483/2999/47 1485/3000/47
f 1463/3001/1 1425/3002/1 1433/3003/1 1462/3004/1
f 1435/3005/3 1411/3006/3 1412/3007/3 1436/3008/3
f 1512/3009/13 1438/3010/13 1437/3011/13 1507/3012/13
f 1452/3013/47 1437/3014/47 1438/3015/47 1454/3016/47
f 1462/3017/46 1433/3018/46 1434/3019/46 1461/3020/46
f 1516/3021/2 1430/3022/2 1438/3023/2 1512/3024/2
f 1410/3025/1 1417/3026/1 1496/3027/1 1491/3028/1
f 1421/2986/2 1426/3029/2 1434/3030/2 1416/2987/2
f 1455/3031/1 1429/3032/1 1437/3033/1 1452/3034/1
f 1423/3035/1 1432/3036/1 1436/3037/1 1412/3038/1
f 1422/3039/1 1423/3035/1 1412/3038/1 1415/3040/1
f 1456/3041/2 1431/3042/2 1435/3043/2 1454/3044/2
f 1431/3042/2 1424/2985/2 1411/2988/2 1435/3043/2
f 1464/3045/2 1427/3046/2 1409/3047/2 1461/3048/2
f 1425/3002/1 1422/3039/1 1415/3040/1 1433/3003/1
f 1422/3049/8 1425/3050/8 1480/3051/8 1481/3052/8
f 1423/3053/4 1422/3054/4 1481/3008/4 1476/3055/4
f 1440/3056/4 1410/3057/4 1408/3058/4 1441/3059/4
f 1441/3060/8 1408/3061/8 1414/3062/8 1443/3056/8
f 1446/3063/3 1417/3064/3 1410/3065/3 1440/3066/3
f 1432/3067/3 1423/3068/3 1476/3069/3 1475/3070/3
f 1463/3071/46 1428/3072/46 1482/3073/46 1479/3074/46
f 1466/3075/46 1460/3076/46 1413/1869/46 1447/3077/46
f 1522/3078/13 1514/3079/13 1418/3080/13 1449/1523/13
f 1517/3081/13 1429/3082/13 1478/3083/13 1510/3084/13
f 1458/3085/47 1456/3086/47 1430/3087/47 1450/3088/47
f 1455/3089/47 1432/3090/47 1475/3091/47 1477/3092/47
f 1453/3093/47 1457/3094/47 1449/3095/47 1418/3096/47
f 1548/3097/1 1537/3098/1 1468/3099/1 1523/3100/1
f 1516/3101/13 1520/3102/13 1450/3103/13 1430/3104/13
f 1538/3105/3 1539/3106/3 1474/3107/3 1473/3108/3
f 1464/3109/46 1465/3110/46 1448/3111/46 1427/3112/46
f 1537/3098/1 1538/3113/1 1473/3114/1 1468/3099/1
f 1431/3115/3 1445/3116/3 1439/3117/3 1424/3118/3
f 1445/3116/3 1446/3063/3 1440/3066/3 1439/3117/3
f 1421/3119/8 1442/3120/8 1444/3121/8 1426/3122/8
f 1442/3120/8 1441/3060/8 1443/3056/8 1444/3121/8
f 1424/3123/4 1439/3124/4 1442/3125/4 1421/3126/4
f 1439/3124/4 1440/3056/4 1441/3059/4 1442/3125/4
f 1446/3127/47 1445/3128/47 1458/3085/47 1457/3094/47
f 1417/3129/47 1446/3127/47 1457/3094/47 1453/3093/47
f 1429/3130/47 1455/3089/47 1477/3092/47 1478/3131/47
f 1445/3128/47 1431/3132/47 1456/3086/47 1458/3085/47
f 1430/3022/2 1456/3041/2 1454/3044/2 1438/3023/2
f 1432/3036/1 1455/3031/1 1452/3034/1 1436/3037/1
f 1436/3133/47 1452/3013/47 1454/3016/47 1435/3134/47
f 1444/3135/46 1443/3136/46 1466/3075/46 1465/3110/46
f 1426/3137/46 1444/3135/46 1465/3110/46 1464/3109/46
f 1443/3136/46 1414/3138/46 1460/3076/46 1466/3075/46
f 1425/3139/46 1463/3071/46 1479/3074/46 1480/3140/46
f 1426/3029/2 1464/3045/2 1461/3048/2 1434/3030/2
f 1407/3141/46 1462/3017/46 1461/3020/46 1409/3142/46
f 1428/2990/1 1463/3001/1 1462/3004/1 1407/2991/1
f 1471/3143/13 1472/2680/13 1470/3144/13 1469/3145/13
f 1524/3146/13 1526/3147/13 1469/3145/13 1470/3144/13
f 1473/3148/13 1474/3149/13 1467/3150/13 1468/3151/13
f 1542/3152/2 1541/3153/2 1471/3154/2 1469/3155/2
f 1541/3156/8 1543/3157/8 1472/3158/8 1471/3159/8
f 1539/3160/2 1544/3161/2 1467/3162/2 1474/3163/2
f 1546/3164/2 1542/3152/2 1469/3155/2 1526/3165/2
f 1543/3166/1 1540/3167/1 1470/3168/1 1472/3169/1
f 1405/3170/2 1419/3171/2 1475/3172/2 1476/3173/2
f 1451/3174/2 1420/3175/2 1478/3176/2 1477/3177/2
f 1459/3178/2 1403/3179/2 1480/3180/2 1479/3181/2
f 1406/3182/2 1405/3170/2 1476/3173/2 1481/3183/2
f 1403/3179/2 1406/3182/2 1481/3183/2 1480/3180/2
f 1527/3184/2 1404/3185/2 1482/3186/2 1509/3187/2
f 1419/3171/2 1451/3174/2 1477/3177/2 1475/3172/2
f 1404/3185/2 1459/3178/2 1479/3181/2 1482/3186/2
f 1486/3188/2 1485/3189/2 1483/3190/2 1484/3191/2 1489/3192/2 1488/3193/2 1487/3194/2 1490/3195/2 1529/3196/2 1530/3197/2
f 1406/2275/8 1403/2734/8 1488/3198/8 1489/2276/8
f 1403/3199/46 1459/3200/46 1487/3201/46 1488/3202/46
f 1419/2283/3 1405/3203/3 1484/1757/3 1483/2284/3
f 1459/3200/46 1404/3204/46 1490/3205/46 1487/3201/46
f 1528/3206/13 1420/2292/13 1486/2291/13 1530/3207/13
f 1405/2735/4 1406/1828/4 1489/1831/4 1484/2736/4
f 1420/3208/47 1451/2997/47 1485/3000/47 1486/3209/47
f 1492/2843/4 1491/1886/4 1499/3210/4 1500/3211/4
f 1413/3212/1 1460/3213/1 1493/3214/1 1494/3215/1
f 1513/3216/1 1413/3212/1 1494/3215/1 1531/3217/1
f 1408/3218/1 1410/3025/1 1491/3028/1 1492/3219/1
f 1453/3220/1 1418/3221/1 1497/3222/1 1495/3223/1
f 1414/3224/1 1408/3218/1 1492/3219/1 1498/3225/1
f 1460/3213/1 1414/3224/1 1498/3225/1 1493/3214/1
f 1417/3026/1 1453/3220/1 1495/3223/1 1496/3027/1
f 1499/3226/1 1504/3227/1 1503/3228/1 1505/3229/1 1534/3230/1 1533/3231/1 1502/3232/1 1501/3233/1 1506/3234/1 1500/3235/1
f 1493/3236/46 1498/2799/46 1506/2798/46 1501/3237/46
f 1491/3238/3 1496/3239/3 1504/3240/3 1499/3241/3
f 1531/3242/13 1494/3243/13 1502/3244/13 1533/3245/13
f 1494/3246/46 1493/3236/46 1501/3237/46 1502/3247/46
f 1495/3248/47 1497/3249/47 1505/3250/47 1503/3251/47
f 1498/3252/8 1492/3253/8 1500/3254/8 1506/3255/8
f 1496/1877/47 1495/3248/47 1503/3251/47 1504/1878/47
f 1497/3256/13 1532/3257/13 1534/3258/13 1505/3259/13
f 1532/3257/13 1531/3242/13 1533/3245/13 1534/3258/13
f 1418/3221/1 1514/3260/1 1532/3261/1 1497/3222/1
f 1514/3260/1 1513/3216/1 1531/3217/1 1532/3261/1
f 1404/3262/13 1527/3263/13 1529/3264/13 1490/1310/13
f 1527/3263/13 1528/3206/13 1530/3207/13 1529/3264/13
f 1420/3175/2 1528/3265/2 1510/3266/2 1478/3176/2
f 1528/3265/2 1527/3184/2 1509/3187/2 1510/3266/2
f 1544/3161/2 1545/3267/2 1525/3268/2 1467/3162/2
f 1545/3267/2 1546/3164/2 1526/3165/2 1525/3268/2
f 1468/3151/13 1467/3150/13 1525/3269/13 1523/3270/13
f 1523/3270/13 1525/3269/13 1526/3147/13 1524/3146/13
f 1427/3271/13 1448/2823/13 1519/2191/13 1515/3272/13
f 1540/3167/1 1547/3273/1 1524/3274/1 1470/3168/1
f 1512/3275/1 1511/3276/1 1535/3277/1 1536/3278/1
f 1428/3279/13 1518/3280/13 1509/3281/13 1482/3282/13
f 1518/3280/13 1517/3081/13 1510/3084/13 1509/3281/13
f 1447/3283/13 1413/3284/13 1513/3285/13 1521/3286/13
f 1521/3286/13 1513/3285/13 1514/3079/13 1522/3078/13
f 1427/3046/2 1515/3287/2 1511/3288/2 1409/3047/2
f 1523/3270/13 1524/3146/13 1536/3289/13 1535/3290/13
f 1409/3291/13 1511/3292/13 1508/3293/13 1407/3294/13
f 1511/3292/13 1512/3009/13 1507/3012/13 1508/3293/13
f 1429/3032/1 1517/3295/1 1507/3296/1 1437/3033/1
f 1517/3295/1 1518/2989/1 1508/2992/1 1507/3296/1
f 1450/3297/1 1520/3298/1 1547/3273/1 1540/3167/1
f 1521/3299/2 1522/3300/2 1546/3164/2 1545/3267/2
f 1447/3301/2 1521/3299/2 1545/3267/2 1544/3161/2
f 1458/3302/1 1450/3297/1 1540/3167/1 1543/3166/1
f 1522/3300/2 1449/3303/2 1542/3152/2 1546/3164/2
f 1466/3304/2 1447/3301/2 1544/3161/2 1539/3160/2
f 1457/3305/8 1458/3306/8 1543/3157/8 1541/3156/8
f 1449/3303/2 1457/3307/2 1541/3153/2 1542/3152/2
f 1448/3308/1 1465/3309/1 1538/3113/1 1537/3098/1
f 1465/3310/3 1466/3311/3 1539/3106/3 1538/3105/3
f 1519/3312/1 1448/3308/1 1537/3098/1 1548/3097/1
f 1524/3313/83 1547/3314/83 1512/3315/83 1536/3316/83
f 1516/3317/84 1512/3315/84 1547/3314/84 1520/3318/84
f 1535/3319/81 1511/3320/81 1548/3321/81 1523/3322/81
f 1515/3323/82 1519/3324/82 1548/3321/82 1511/3320/82
f 1584/3325/88 1574/3326/88 1564/2879/88 1572/3327/88
f 1559/3328/88 1549/2884/88 1563/2883/88 1571/3329/88
f 1567/3330/87 1565/3331/87 1555/3332/87 1556/3333/87
f 1564/3334/86 1554/3335/86 1557/3336/86 1558/3337/86
f 1570/3338/13 1560/3339/13 1559/3328/13 1571/3329/13
f 1565/3340/85 1569/3341/85 1561/3342/85 1555/3343/85
f 1572/3327/88 1564/2879/88 1558/1356/88 1562/3344/88
f 1550/3345/85 1560/3339/85 1570/3338/85 1566/3346/85
f 1577/3347/85 1581/3348/85 1569/3341/85 1565/3340/85
f 1561/3342/13 1569/3341/13 1572/3327/13 1562/3344/13
f 1570/3349/2 1571/674/2 1590/3350/2 1586/3351/2
f 1549/3352/86 1553/1966/86 1551/3353/86 1563/3354/86
f 1574/3355/86 1575/3356/86 1554/3335/86 1564/3334/86
f 1552/3357/87 1550/3358/87 1566/3359/87 1568/3360/87
f 1579/3361/87 1577/3362/87 1565/3331/87 1567/3330/87
f 1568/3360/87 1566/3359/87 1578/3363/87 1580/3364/87
f 1580/3364/87 1578/3363/87 1577/3362/87 1579/3361/87
f 1563/3354/86 1551/3353/86 1576/3365/86 1573/3366/86
f 1573/3366/86 1576/3365/86 1575/3356/86 1574/3355/86
f 1583/3367/1 1582/3368/1 1585/3369/1 1592/3370/1
f 1581/3348/13 1582/3371/13 1583/3372/13 1584/3325/13
f 1566/3346/85 1570/3338/85 1582/3371/85 1578/3373/85
f 1578/3373/85 1582/3371/85 1581/3348/85 1577/3347/85
f 1571/3329/88 1563/2883/88 1573/2931/88 1583/3372/88
f 1583/3372/88 1573/2931/88 1574/3326/88 1584/3325/88
f 1589/3374/96 1591/3375/96 1599/3376/96 1597/3377/96
f 1593/3378/13 1600/3379/13 1595/3380/13 1599/3381/13
f 1584/3382/8 1572/3383/8 1588/3384/8 1587/3385/8
f 1582/3386/3 1570/3387/3 1586/3388/3 1585/3389/3
f 1581/3390/2 1584/3391/2 1587/3392/2 1591/3393/2
f 1572/3394/1 1569/3395/1 1589/3396/1 1588/3397/1
f 1571/3398/8 1583/3399/8 1592/3400/8 1590/3401/8
f 1569/3402/3 1581/3403/3 1591/3375/3 1589/3374/3
f 1593/3378/90 1594/3404/90 1598/3405/90 1600/3379/90
f 1597/3406/91 1599/3381/91 1595/3380/91 1596/3407/91
f 1588/3408/92 1589/3409/92 1597/3406/92 1596/3407/92
f 1585/3389/94 1586/3388/94 1594/3410/94 1593/3411/94
f 1585/3389/3 1593/3411/3 1599/3376/3 1591/3375/3
f 1590/3401/93 1592/3400/93 1600/3412/93 1598/3413/93
f 1586/3414/95 1590/3415/95 1598/3416/95 1594/3417/95
f 1587/3385/89 1588/3384/89 1596/3418/89 1595/3419/89
f 1600/3412/8 1592/3400/8 1587/3385/8 1595/3419/8
f 1592/3420/4 1585/3421/4 1591/3422/4 1587/3423/4
f 1601/3424/4 1602/3425/4 1604/3426/4 1603/3427/4
f 1603/3428/97 1604/3429/97 1608/906/97 1607/3430/97
f 1605/3431/98 1606/3432/98 1602/3433/98 1601/2210/98
f 1603/3434/99 1607/3435/99 1605/3436/99 1601/3437/99
f 1608/3438/100 1604/3439/100 1602/3440/100 1606/3441/100
f 1609/3442/4 1611/3443/4 1612/3444/4 1610/3445/4
f 1611/3446/101 1615/3447/101 1616/3448/101 1612/1475/101
f 1613/3449/102 1609/3450/102 1610/3451/102 1614/3452/102
f 1611/3453/103 1609/3454/103 1613/3455/103 1615/3456/103
f 1616/3457/104 1614/3458/104 1610/3459/104 1612/3460/104
f 1617/3461/8 1618/3462/8 1620/3463/8 1619/3464/8
f 1621/1733/105 1626/3465/105 1625/3466/105 1622/1611/105
f 1627/3467/106 1624/3468/106 1623/3469/106 1628/3470/106
f 1617/3471/2 1619/3472/2 1626/3473/2 1621/3474/2
f 1621/3475/4 1622/3476/4 1623/3477/4 1624/3478/4 1618/3479/4 1617/3480/4
f 1625/3481/3 1628/3482/3 1623/3483/3 1622/3484/3
f 1620/3485/1 1618/3486/1 1624/3487/1 1627/3488/1
f 1630/3489/1 1631/3490/1 1634/3491/1 1633/3492/1
f 1634/3493/3 1631/3494/3 1629/3495/3 1632/3496/3
f 1635/3497/107 1638/3498/107 1637/3499/107 1636/3500/107
f 1630/3501/8 1633/3502/8 1638/3503/8 1635/3504/8
f 1635/3505/4 1636/3506/4 1629/3507/4 1631/3508/4 1630/3509/4
f 1637/3510/2 1632/3511/2 1629/2280/2 1636/3512/2
f 1640/3513/3 1641/3514/3 1644/3515/3 1643/3516/3
f 1644/3517/2 1641/3518/2 1639/3519/2 1642/3520/2
f 1645/3521/108 1648/3522/108 1647/3523/108 1646/3524/108
f 1640/3525/1 1643/3526/1 1648/3527/1 1645/3528/1
f 1645/3529/4 1646/3530/4 1639/3531/4 1641/3532/4 1640/3533/4
f 1647/3534/8 1642/3535/8 1639/3536/8 1646/3537/8
f 1649/3538/13 1651/3539/13 1652/3540/13 1650/3541/13
f 1651/3542/97 1655/3543/97 1656/3544/97 1652/2999/97
f 1653/3545/98 1649/3546/98 1650/3547/98 1654/3548/98
f 1651/1736/99 1649/3549/99 1653/3550/99 1655/3551/99
f 1656/2661/100 1654/3552/100 1650/3553/100 1652/3554/100
f 1657/3555/13 1658/3556/13 1660/3557/13 1659/3558/13
f 1659/3559/101 1660/3560/101 1664/3561/101 1663/3562/101
f 1661/3563/102 1662/3564/102 1658/3565/102 1657/3566/102
f 1659/3567/103 1663/3552/103 1661/3568/103 1657/3440/103
f 1664/3569/104 1660/3570/104 1658/3571/104 1662/3572/104
f 1665/3573/8 1667/3574/8 1668/3575/8 1666/3576/8
f 1669/3482/105 1670/3577/105 1673/668/105 1674/3578/105
f 1675/3579/106 1676/3580/106 1671/3581/106 1672/3582/106
f 1665/3583/2 1669/3584/2 1674/3585/2 1667/2077/2
f 1669/3586/13 1665/3587/13 1666/3588/13 1672/3589/13 1671/3590/13 1670/3476/13
f 1673/3591/3 1670/3592/3 1671/3593/3 1676/3594/3
f 1668/3595/1 1675/3596/1 1672/3597/1 1666/3598/1
f 1678/3599/1 1681/3600/1 1682/3601/1 1679/3602/1
f 1682/3493/3 1680/3496/3 1677/3603/3 1679/3604/3
f 1683/3605/107 1684/3606/107 1685/3607/107 1686/3608/107
f 1678/3609/8 1683/3610/8 1686/3611/8 1681/3612/8
f 1683/3613/13 1678/3531/13 1679/3614/13 1677/3615/13 1684/3616/13
f 1685/3617/2 1684/3618/2 1677/3619/2 1680/3620/2
f 1688/3621/3 1691/3622/3 1692/3623/3 1689/3624/3
f 1692/3625/2 1690/3626/2 1687/3627/2 1689/3628/2
f 1693/3629/108 1694/3630/108 1695/3608/108 1696/3607/108
f 1688/3631/1 1693/3632/1 1696/3633/1 1691/3634/1
f 1693/3635/13 1688/3636/13 1689/3637/13 1687/3638/13 1694/3639/13
f 1695/3640/8 1694/3641/8 1687/3642/8 1690/3643/8
