# Blender 5.1.2
# www.blender.org
mtllib EnemyDoorFrame.mtl
o Frame
v 0.600000 -0.000000 -0.138785
v 0.600000 0.000000 0.138785
v -0.600000 -0.000000 -0.138785
v -0.600000 0.000000 0.138785
v 0.600000 0.768200 -0.138785
v 0.600000 0.768200 0.138785
v -0.600000 0.768200 0.138785
v -0.600000 0.768200 -0.138785
v 0.294518 2.000000 -0.138785
v 0.600000 1.694518 -0.138785
v 0.600000 1.694518 0.138785
v 0.294518 2.000000 0.138785
v -0.600000 1.694518 -0.138785
v -0.294518 2.000000 -0.138785
v -0.294518 2.000000 0.138785
v -0.600000 1.694518 0.138785
v 0.798983 0.000005 0.138785
v 0.798983 0.000005 -0.138785
v 0.794798 0.768195 0.138785
v -0.794805 0.768186 0.138785
v -0.798911 0.000005 0.138785
v -0.798911 0.000005 -0.138785
v -0.794805 0.768186 -0.138785
v 0.794798 0.768195 -0.138785
v 0.791571 1.771307 -0.138785
v 0.370971 2.190106 -0.138785
v 0.370971 2.190106 0.138785
v 0.791571 1.771307 0.138785
v -0.791638 1.771304 0.138785
v -0.370965 2.190109 0.138785
v -0.370965 2.190109 -0.138785
v -0.791638 1.771304 -0.138785
v -0.320000 2.063370 0.138785
v -0.345482 2.126739 0.138785
v 0.320002 2.063369 0.138785
v 0.345486 2.126737 0.138785
v 0.727714 1.745711 0.138785
v 0.663857 1.720114 0.138785
v 0.664933 0.768199 0.138785
v 0.729866 0.768197 0.138785
v -0.729870 0.768191 -0.138785
v -0.664935 0.768195 -0.138785
v -0.666304 0.000002 -0.138785
v -0.732607 0.000003 -0.138785
v -0.727759 1.745709 0.138785
v -0.663879 1.720113 0.138785
v 0.664933 0.768199 -0.138785
v 0.729866 0.768197 -0.138785
v 0.732655 0.000004 -0.138785
v 0.666328 0.000002 -0.138785
v -0.320000 2.063370 -0.138785
v -0.345482 2.126739 -0.138785
v 0.732655 0.000004 0.138785
v 0.666328 0.000002 0.138785
v -0.663879 1.720113 -0.138785
v -0.727759 1.745709 -0.138785
v 0.320002 2.063369 -0.138785
v 0.345486 2.126737 -0.138785
v 0.727714 1.745711 -0.138785
v 0.663857 1.720114 -0.138785
v -0.729870 0.768191 0.138785
v -0.664935 0.768195 0.138785
v -0.732607 0.000003 0.138785
v -0.666304 0.000002 0.138785
v 0.600000 -0.000019 0.042719
v 0.600000 -0.000019 -0.042719
v -0.600000 -0.000019 -0.042719
v -0.600000 -0.000019 0.042719
v 0.798983 -0.000014 0.042719
v 0.798983 -0.000014 -0.042719
v -0.798911 -0.000014 -0.042719
v -0.798911 -0.000014 0.042719
v -0.794805 0.768186 0.033333
v -0.794805 0.768186 -0.033333
v 0.794798 0.768195 -0.033333
v 0.794798 0.768195 0.033333
v 0.370971 2.190106 -0.033333
v 0.370971 2.190106 0.033333
v 0.791571 1.771307 0.033333
v 0.791571 1.771307 -0.033333
v -0.370965 2.190109 0.033333
v -0.370965 2.190109 -0.033333
v -0.791638 1.771304 -0.033333
v -0.791638 1.771304 0.033333
v 0.600000 0.768232 0.037588
v 0.600000 0.768232 -0.037588
v 0.600000 1.694522 -0.034025
v 0.600000 1.694522 0.034025
v 0.294518 1.999992 -0.032458
v 0.294518 1.999992 0.032458
v -0.294518 1.999992 0.032458
v -0.294518 1.999992 -0.032458
v -0.600000 1.694522 0.034025
v -0.600000 1.694522 -0.034025
v -0.600000 0.768232 -0.037588
v -0.600000 0.768232 0.037588
v 0.732655 -0.000016 0.042719
v 0.732655 -0.000016 -0.042719
v 0.666328 -0.000018 0.042719
v 0.666328 -0.000018 -0.042719
v -0.732607 -0.000016 -0.042719
v -0.732607 -0.000016 0.042719
v -0.666304 -0.000018 -0.042719
v -0.666304 -0.000018 0.042719
v -0.320000 2.063370 0.166813
v -0.345482 2.126739 0.166813
v 0.320002 2.063369 0.166813
v 0.345486 2.126737 0.166813
v 0.727714 1.745711 0.166813
v 0.663857 1.720114 0.166813
v 0.664933 0.768199 0.166813
v 0.729866 0.768197 0.166813
v -0.729870 0.768191 -0.166813
v -0.664935 0.768195 -0.166813
v -0.666304 0.000002 -0.166813
v -0.732607 0.000003 -0.166813
v -0.727759 1.745709 0.166813
v -0.663879 1.720113 0.166813
v 0.664933 0.768199 -0.166813
v 0.729866 0.768197 -0.166813
v 0.732655 0.000004 -0.166813
v 0.666328 0.000002 -0.166813
v -0.320000 2.063370 -0.166813
v -0.345482 2.126739 -0.166813
v 0.732655 0.000004 0.166813
v 0.666328 0.000002 0.166813
v -0.663879 1.720113 -0.166813
v -0.727759 1.745709 -0.166813
v 0.320002 2.063369 -0.166813
v 0.345486 2.126737 -0.166813
v 0.727714 1.745711 -0.166813
v 0.663857 1.720114 -0.166813
v -0.729870 0.768191 0.166813
v -0.664935 0.768195 0.166813
v -0.732607 0.000003 0.166813
v -0.666304 0.000002 0.166813
v 0.860042 0.000333 0.042717
v 0.860042 0.000333 -0.042717
v -0.860292 0.000328 -0.042717
v -0.860292 0.000328 0.042717
v -0.860230 0.768482 0.037587
v -0.860230 0.768482 -0.037587
v 0.860166 0.768497 -0.037587
v 0.860166 0.768497 0.037587
v 0.396473 2.253880 -0.031166
v 0.396473 2.253880 0.031166
v 0.860415 1.797072 0.033499
v 0.860415 1.797072 -0.033499
v -0.396464 2.253880 0.031166
v -0.396464 2.253880 -0.031166
v -0.860103 1.797069 -0.033499
v -0.860103 1.797069 0.033499
v 0.600000 0.066703 0.138785
v 0.600000 0.066703 -0.138785
v 0.798773 0.066708 0.138785
v 0.798773 0.066708 -0.138785
v 0.666258 0.066705 -0.138785
v 0.732516 0.066707 -0.138785
v 0.666258 0.066705 0.138785
v 0.732516 0.066707 0.138785
v 0.600000 0.066686 0.042462
v 0.600000 0.066686 -0.042462
v 0.798773 0.066690 -0.042250
v 0.798773 0.066690 0.042250
v 0.666258 0.066705 -0.166813
v 0.732516 0.066707 -0.166813
v 0.666258 0.066705 0.166813
v 0.732516 0.066707 0.166813
v 0.860048 0.067035 -0.042461
v 0.860048 0.067035 0.042461
v -0.600000 0.066703 0.138785
v -0.600000 0.066703 -0.138785
v -0.798705 0.066707 0.138785
v -0.798705 0.066707 -0.138785
v -0.666235 0.066705 -0.138785
v -0.732470 0.066706 -0.138785
v -0.666235 0.066705 0.138785
v -0.732470 0.066706 0.138785
v -0.600000 0.066686 0.042462
v -0.600000 0.066686 -0.042462
v -0.798705 0.066689 0.042250
v -0.798705 0.066689 -0.042250
v -0.666235 0.066705 -0.166813
v -0.732470 0.066706 -0.166813
v -0.666235 0.066705 0.166813
v -0.732470 0.066706 0.166813
v -0.860289 0.067029 0.042461
v -0.860289 0.067029 -0.042461
v 0.370971 2.190106 0.053106
v -0.791638 1.771304 0.053106
v 0.600000 1.694521 0.053668
v 0.294518 1.999993 0.052394
v -0.600000 0.768226 0.056563
v -0.732607 -0.000012 0.060731
v -0.666304 -0.000014 0.060731
v 0.600000 0.066690 0.060523
v -0.798705 0.066692 0.060350
v -0.600000 0.066690 0.060523
v 0.798773 0.066693 0.060350
v 0.666328 -0.000014 0.060731
v 0.732655 -0.000012 0.060731
v -0.600000 1.694521 0.053668
v -0.294518 1.999993 0.052394
v 0.600000 0.768226 0.056563
v -0.370965 2.190109 0.053106
v 0.791571 1.771307 0.053106
v -0.794805 0.768186 0.053106
v 0.798983 -0.000010 0.060731
v 0.600000 -0.000016 0.060731
v -0.600000 -0.000016 0.060731
v -0.798911 -0.000011 0.060731
v 0.794798 0.768195 0.053106
v -0.600000 -0.000005 0.114769
v -0.798911 0.000000 0.114769
v 0.794798 0.768195 0.112422
v 0.370971 2.190106 0.112422
v -0.791638 1.771304 0.112422
v 0.600000 1.694519 0.112595
v 0.294518 1.999998 0.112204
v -0.600000 0.768208 0.113486
v -0.732607 -0.000001 0.114769
v -0.666304 -0.000003 0.114769
v 0.600000 0.066699 0.114705
v -0.798705 0.066703 0.114652
v -0.600000 0.066699 0.114705
v 0.600000 -0.000005 0.114769
v 0.798983 0.000000 0.114769
v -0.794805 0.768186 0.112422
v 0.791571 1.771307 0.112422
v -0.370965 2.190109 0.112422
v 0.600000 0.768208 0.113486
v -0.294518 1.999998 0.112204
v -0.600000 1.694519 0.112595
v 0.732655 -0.000001 0.114769
v 0.666328 -0.000003 0.114769
v 0.798773 0.066704 0.114652
v 0.600000 -0.000005 -0.114769
v 0.798983 -0.000000 -0.114769
v -0.794805 0.768186 -0.112422
v 0.791571 1.771307 -0.112422
v -0.370965 2.190109 -0.112422
v 0.600000 0.768208 -0.113486
v -0.294518 1.999998 -0.112204
v -0.600000 1.694519 -0.112595
v 0.732655 -0.000001 -0.114769
v 0.666328 -0.000003 -0.114769
v 0.798773 0.066704 -0.114652
v -0.600000 -0.000005 -0.114769
v -0.798911 -0.000000 -0.114769
v 0.794798 0.768195 -0.112422
v 0.370971 2.190106 -0.112422
v -0.791638 1.771304 -0.112422
v 0.600000 1.694519 -0.112595
v 0.294518 1.999998 -0.112204
v -0.600000 0.768208 -0.113486
v -0.732607 -0.000001 -0.114769
v -0.666304 -0.000003 -0.114769
v 0.600000 0.066699 -0.114705
v -0.600000 0.066699 -0.114705
v -0.798705 0.066703 -0.114652
v -0.600000 -0.000016 -0.060731
v -0.798911 -0.000011 -0.060731
v 0.794798 0.768195 -0.053106
v 0.370971 2.190106 -0.053106
v -0.791638 1.771304 -0.053106
v 0.600000 1.694521 -0.053668
v 0.294518 1.999993 -0.052394
v -0.600000 0.768226 -0.056563
v -0.732607 -0.000012 -0.060731
v -0.666304 -0.000014 -0.060731
v 0.600000 0.066690 -0.060523
v -0.600000 0.066690 -0.060523
v -0.798705 0.066692 -0.060350
v 0.600000 -0.000016 -0.060731
v 0.798983 -0.000010 -0.060731
v -0.794805 0.768186 -0.053106
v 0.791571 1.771307 -0.053106
v -0.370965 2.190109 -0.053106
v 0.600000 0.768226 -0.056563
v -0.294518 1.999993 -0.052394
v -0.600000 1.694521 -0.053668
v 0.732655 -0.000012 -0.060731
v 0.666328 -0.000014 -0.060731
v 0.798773 0.066693 -0.060350
v -1.099569 0.000915 0.060731
v -1.099569 0.000926 0.114769
v -1.099364 0.067618 0.060350
v 1.099432 0.067636 0.060350
v 1.099641 0.000933 0.060731
v -1.099364 0.067628 0.114651
v 1.099432 0.067647 0.114651
v 1.099641 0.000944 0.114769
v 1.099432 0.067647 -0.114651
v 1.099641 0.000944 -0.114769
v -1.099364 0.067628 -0.114651
v -1.099569 0.000926 -0.114769
v 1.099641 0.000933 -0.060731
v 1.099432 0.067636 -0.060350
v -1.099569 0.000915 -0.060731
v -1.099364 0.067618 -0.060350
v -1.036566 0.067489 0.114651
v -1.036768 0.000787 0.114769
v -1.036566 0.067479 0.060350
v -1.036768 0.000776 0.060731
v -1.036768 0.000787 -0.114769
v -1.036566 0.067489 -0.114651
v -1.036566 0.067479 -0.060350
v -1.036768 0.000776 -0.060731
v 1.036840 0.000802 0.114769
v 1.036634 0.067505 0.114651
v 1.036634 0.067495 0.060350
v 1.036840 0.000791 0.060731
v 1.036840 0.000802 -0.114769
v 1.036840 0.000791 -0.060731
v 1.036634 0.067505 -0.114651
v 1.036635 0.067495 -0.060350
v -0.665585 0.703271 -0.138785
v -0.731170 0.703269 -0.138785
v -0.600000 0.703280 0.040025
v -0.600000 0.703280 -0.040025
v -0.665585 0.703271 -0.166813
v -0.731170 0.703269 -0.166813
v -0.600000 0.703272 0.138785
v -0.600000 0.703272 -0.138785
v -0.796755 0.703267 0.138785
v -0.796755 0.703267 -0.138785
v -0.665585 0.703271 0.138785
v -0.731170 0.703269 0.138785
v -0.796755 0.703258 0.037791
v -0.796755 0.703258 -0.037791
v -0.665585 0.703271 0.166813
v -0.731170 0.703269 0.166813
v -0.860260 0.703576 0.040024
v -0.860260 0.703576 -0.040024
v -0.600000 0.703278 0.058543
v -0.796755 0.703260 0.056728
v -0.600000 0.703274 0.114095
v -0.796755 0.703265 0.113537
v -0.796755 0.703265 -0.113537
v -0.600000 0.703274 -0.114095
v -0.796755 0.703260 -0.056728
v -0.600000 0.703278 -0.058543
v 0.600000 0.703272 -0.138785
v 0.796786 0.703272 -0.138785
v 0.665595 0.703272 0.138785
v 0.731191 0.703272 0.138785
v 0.665595 0.703272 0.166813
v 0.731191 0.703272 0.166813
v 0.600000 0.703272 0.138785
v 0.796786 0.703272 0.138785
v 0.665595 0.703272 -0.138785
v 0.731191 0.703272 -0.138785
v 0.600000 0.703280 0.040025
v 0.600000 0.703280 -0.040025
v 0.796786 0.703263 -0.037791
v 0.796786 0.703263 0.037791
v 0.665595 0.703272 -0.166813
v 0.731191 0.703272 -0.166813
v 0.860107 0.703586 -0.040024
v 0.860107 0.703586 0.040024
v 0.600000 0.703278 0.058543
v 0.796786 0.703265 0.056728
v 0.600000 0.703274 0.114095
v 0.796786 0.703270 0.113537
v 0.796786 0.703270 -0.113537
v 0.600000 0.703274 -0.114095
v 0.600000 0.703278 -0.058543
v 0.796786 0.703265 -0.056728
v -0.600000 1.637586 -0.138785
v -0.600000 1.637586 0.138785
v -0.793221 1.637714 -0.138785
v -0.793221 1.637714 0.138785
v -0.664407 1.637629 -0.138785
v -0.728814 1.637671 -0.138785
v -0.664407 1.637629 0.138785
v -0.728814 1.637671 0.138785
v -0.600000 1.637586 -0.035807
v -0.600000 1.637586 0.035807
v -0.793221 1.637714 0.033333
v -0.793221 1.637714 -0.033333
v -0.664407 1.637629 -0.166813
v -0.728814 1.637671 -0.166813
v -0.664407 1.637629 0.166813
v -0.728814 1.637671 0.166813
v -0.860167 1.637758 0.035543
v -0.860167 1.637758 -0.035543
v -0.793221 1.637714 0.053106
v -0.600000 1.637586 0.055115
v -0.793221 1.637714 0.112422
v -0.600000 1.637586 0.113041
v -0.600000 1.637586 -0.113041
v -0.793221 1.637714 -0.112422
v -0.793221 1.637714 -0.053106
v -0.600000 1.637586 -0.055115
v 0.600000 1.637586 -0.138785
v 0.600000 1.637586 0.138785
v 0.793185 1.637715 -0.138785
v 0.793185 1.637715 0.138785
v 0.664395 1.637629 -0.138785
v 0.728790 1.637671 -0.138785
v 0.664395 1.637629 0.138785
v 0.728790 1.637671 0.138785
v 0.600000 1.637586 -0.035807
v 0.600000 1.637586 0.035807
v 0.793185 1.637715 -0.033333
v 0.793185 1.637715 0.033333
v 0.664395 1.637629 -0.166813
v 0.728790 1.637671 -0.166813
v 0.664395 1.637629 0.166813
v 0.728790 1.637671 0.166813
v 0.860291 1.637758 -0.035543
v 0.860291 1.637758 0.035543
v 0.600000 1.637586 0.055115
v 0.793185 1.637715 0.053106
v 0.600000 1.637586 0.113041
v 0.793185 1.637715 0.112422
v 0.600000 1.637586 -0.113041
v 0.793185 1.637715 -0.112422
v 0.793185 1.637715 -0.053106
v 0.600000 1.637586 -0.055115
v -0.600000 0.300027 0.138785
v -0.600000 0.300027 -0.138785
v -0.797730 0.300027 0.138785
v -0.797730 0.300027 -0.138785
v -0.665910 0.300027 0.138785
v -0.731820 0.300027 0.138785
v -0.797730 0.300013 0.040021
v -0.797730 0.300013 -0.040021
v -0.665910 0.300027 0.166813
v -0.731820 0.300027 0.166813
v -0.860274 0.300342 0.041242
v -0.860274 0.300342 -0.041242
v -0.797730 0.300016 0.058539
v -0.797730 0.300024 0.114094
v -0.797730 0.300024 -0.114094
v -0.797730 0.300016 -0.058539
v -0.665910 0.300027 -0.138785
v -0.731820 0.300027 -0.138785
v -0.600000 0.300023 0.041244
v -0.600000 0.300023 -0.041244
v -0.665910 0.300027 -0.166813
v -0.731820 0.300027 -0.166813
v -0.600000 0.300024 0.059533
v -0.600000 0.300026 0.114400
v -0.600000 0.300026 -0.114400
v -0.600000 0.300024 -0.059533
v 0.600000 0.300027 0.138785
v 0.797780 0.300030 0.138785
v 0.665927 0.300028 -0.138785
v 0.731853 0.300029 -0.138785
v 0.600000 0.300023 0.041244
v 0.600000 0.300023 -0.041244
v 0.797780 0.300016 -0.040021
v 0.797780 0.300016 0.040021
v 0.665927 0.300028 -0.166813
v 0.731853 0.300029 -0.166813
v 0.860078 0.300350 -0.041242
v 0.860078 0.300350 0.041242
v 0.600000 0.300024 0.059533
v 0.797780 0.300019 0.058539
v 0.600000 0.300026 0.114400
v 0.797780 0.300026 0.114094
v 0.797780 0.300026 -0.114094
v 0.600000 0.300026 -0.114400
v 0.600000 0.300024 -0.059533
v 0.797780 0.300019 -0.058539
v 0.600000 0.300027 -0.138785
v 0.797780 0.300030 -0.138785
v 0.665927 0.300028 0.138785
v 0.731853 0.300029 0.138785
v 0.665927 0.300028 0.166813
v 0.731853 0.300029 0.166813
v 0.600000 0.370025 -0.138785
v 0.797481 0.370026 -0.138785
v 0.665827 0.370025 0.138785
v 0.731654 0.370026 0.138785
v 0.665827 0.370025 0.166813
v 0.731654 0.370026 0.166813
v 0.600000 0.370025 0.138785
v 0.797481 0.370026 0.138785
v 0.665827 0.370025 -0.138785
v 0.731654 0.370026 -0.138785
v 0.600000 0.370024 0.040878
v 0.600000 0.370024 -0.040878
v 0.797481 0.370014 -0.039352
v 0.797481 0.370014 0.039352
v 0.665827 0.370025 -0.166813
v 0.731654 0.370026 -0.166813
v 0.860087 0.370345 -0.040877
v 0.860087 0.370345 0.040877
v 0.600000 0.370024 0.059236
v 0.797481 0.370016 0.057996
v 0.600000 0.370025 0.114309
v 0.797481 0.370023 0.113927
v 0.797481 0.370023 -0.113927
v 0.600000 0.370025 -0.114309
v 0.600000 0.370024 -0.059236
v 0.797481 0.370016 -0.057996
v -0.665813 0.370024 -0.138785
v -0.731625 0.370024 -0.138785
v -0.600000 0.370024 0.040878
v -0.600000 0.370024 -0.040878
v -0.665813 0.370024 -0.166813
v -0.731625 0.370024 -0.166813
v -0.600000 0.370024 0.059236
v -0.600000 0.370025 0.114309
v -0.600000 0.370025 -0.114309
v -0.600000 0.370024 -0.059236
v -0.600000 0.370025 0.138785
v -0.600000 0.370025 -0.138785
v -0.797438 0.370023 0.138785
v -0.797438 0.370023 -0.138785
v -0.665813 0.370024 0.138785
v -0.731625 0.370024 0.138785
v -0.797438 0.370010 0.039352
v -0.797438 0.370010 -0.039352
v -0.665813 0.370024 0.166813
v -0.731625 0.370024 0.166813
v -0.860270 0.370336 0.040877
v -0.860270 0.370336 -0.040877
v -0.797438 0.370013 0.057996
v -0.797438 0.370020 0.113927
v -0.797438 0.370020 -0.113927
v -0.797438 0.370013 -0.057996
v -0.728286 1.691690 0.166813
v -0.664143 1.678871 0.166813
v -0.792430 1.704509 -0.033333
v -0.792430 1.704509 0.033333
v -0.600000 1.666054 0.034916
v -0.600000 1.666054 -0.034916
v -0.728286 1.691690 0.138785
v -0.664143 1.678871 0.138785
v -0.728286 1.691690 -0.166813
v -0.664143 1.678871 -0.166813
v -0.728286 1.691690 -0.138785
v -0.664143 1.678871 -0.138785
v -0.792430 1.704509 0.138785
v -0.792430 1.704509 -0.138785
v -0.600000 1.666052 0.138785
v -0.600000 1.666052 -0.138785
v -0.925756 0.241495 0.058996
v -0.899236 0.201188 0.059309
v -0.899236 0.201197 0.114331
v -0.925756 0.241503 0.114235
v -0.945212 0.156424 0.059657
v -0.945212 0.156434 0.114438
v -0.983877 0.183293 0.114374
v -0.983877 0.183284 0.059449
v -0.945212 0.156434 -0.114438
v -0.945212 0.156424 -0.059657
v -0.983877 0.183284 -0.059449
v -0.983877 0.183293 -0.114374
v -0.925756 0.241503 -0.114235
v -0.899236 0.201197 -0.114331
v -0.899236 0.201188 -0.059309
v -0.925756 0.241495 -0.058996
v 0.945272 0.156445 0.114438
v 0.945272 0.156435 0.059657
v 0.983936 0.183297 0.059449
v 0.983936 0.183306 0.114374
v 0.925810 0.241513 0.114235
v 0.899293 0.201205 0.114331
v 0.899293 0.201196 0.059309
v 0.925810 0.241505 0.058996
v 0.925810 0.241505 -0.058996
v 0.899293 0.201196 -0.059309
v 0.899293 0.201205 -0.114331
v 0.925810 0.241513 -0.114235
v 0.945273 0.156435 -0.059657
v 0.945272 0.156445 -0.114438
v 0.983936 0.183306 -0.114374
v 0.983936 0.183297 -0.059449
v -0.860135 1.717413 0.034521
v -0.860135 1.717413 -0.034521
v -0.792430 1.704509 0.053106
v -0.600000 1.666053 0.054391
v -0.792430 1.704509 0.112422
v -0.600000 1.666052 0.112818
v -0.600000 1.666052 -0.112818
v -0.792430 1.704509 -0.112422
v -0.792430 1.704509 -0.053106
v -0.600000 1.666053 -0.054391
v 0.664126 1.678872 0.138785
v 0.728252 1.691691 0.138785
v 0.600000 1.666054 -0.034916
v 0.600000 1.666054 0.034916
v 0.664126 1.678872 0.166813
v 0.728252 1.691691 0.166813
v 0.600000 1.666053 0.054391
v 0.600000 1.666052 0.112818
v 0.600000 1.666052 -0.112818
v 0.600000 1.666053 -0.054391
v 0.600000 1.666052 -0.138785
v 0.600000 1.666052 0.138785
v 0.792378 1.704511 -0.138785
v 0.792378 1.704511 0.138785
v 0.664126 1.678872 -0.138785
v 0.728252 1.691691 -0.138785
v 0.792378 1.704511 -0.033333
v 0.792378 1.704511 0.033333
v 0.664126 1.678872 -0.166813
v 0.728252 1.691691 -0.166813
v 0.860353 1.717415 -0.034521
v 0.860353 1.717415 0.034521
v 0.792378 1.704511 0.053106
v 0.792378 1.704511 0.112422
v 0.792378 1.704511 -0.112422
v 0.792378 1.704511 -0.053106
v -0.664671 1.243510 0.138785
v -0.729342 1.243530 0.138785
v -0.600000 1.243507 -0.036697
v -0.600000 1.243507 0.036697
v -0.794013 1.243549 0.033333
v -0.794013 1.243549 -0.033333
v -0.664671 1.243510 0.166813
v -0.729342 1.243530 0.166813
v -0.860198 1.243719 0.036565
v -0.860198 1.243719 -0.036565
v -0.794013 1.243549 0.053106
v -0.600000 1.243504 0.055839
v -0.794013 1.243549 0.112422
v -0.600000 1.243495 0.113263
v -0.600000 1.243495 -0.113263
v -0.794013 1.243549 -0.112422
v -0.794013 1.243549 -0.053106
v -0.600000 1.243504 -0.055839
v -0.600000 1.243491 -0.138785
v -0.600000 1.243491 0.138785
v -0.794013 1.243549 -0.138785
v -0.794013 1.243549 0.138785
v -0.664671 1.243510 -0.138785
v -0.729342 1.243530 -0.138785
v -0.664671 1.243510 -0.166813
v -0.729342 1.243530 -0.166813
v 0.600000 1.243491 -0.138785
v 0.600000 1.243491 0.138785
v 0.793992 1.243553 -0.138785
v 0.793992 1.243553 0.138785
v 0.664664 1.243512 -0.138785
v 0.729328 1.243533 -0.138785
v 0.793992 1.243553 -0.033333
v 0.793992 1.243553 0.033333
v 0.664664 1.243512 -0.166813
v 0.729328 1.243533 -0.166813
v 0.860229 1.243726 -0.036565
v 0.860229 1.243726 0.036565
v 0.793992 1.243553 0.053106
v 0.793992 1.243553 0.112422
v 0.793992 1.243553 -0.112422
v 0.793992 1.243553 -0.053106
v 0.664664 1.243512 0.138785
v 0.729328 1.243533 0.138785
v 0.600000 1.243507 -0.036697
v 0.600000 1.243507 0.036697
v 0.664664 1.243512 0.166813
v 0.729328 1.243533 0.166813
v 0.600000 1.243504 0.055839
v 0.600000 1.243495 0.113263
v 0.600000 1.243495 -0.113263
v 0.600000 1.243504 -0.055839
v -0.664684 1.177310 0.138785
v -0.729369 1.177328 0.138785
v -0.600000 1.177308 -0.036742
v -0.600000 1.177308 0.036742
v -0.794053 1.177346 0.033333
v -0.794053 1.177346 -0.033333
v -0.664684 1.177310 0.166813
v -0.729369 1.177328 0.166813
v -0.860200 1.177522 0.036616
v -0.860200 1.177522 -0.036616
v -0.794053 1.177346 0.053106
v -0.600000 1.177305 0.055875
v -0.794053 1.177346 0.112422
v -0.600000 1.177296 0.113275
v -0.600000 1.177296 -0.113275
v -0.794053 1.177346 -0.112422
v -0.794053 1.177346 -0.053106
v -0.600000 1.177305 -0.055875
v -0.600000 1.177292 -0.138785
v -0.600000 1.177292 0.138785
v -0.794053 1.177346 -0.138785
v -0.794053 1.177346 0.138785
v -0.664684 1.177310 -0.138785
v -0.729369 1.177328 -0.138785
v -0.664684 1.177310 -0.166813
v -0.729369 1.177328 -0.166813
v 0.600000 1.181158 -0.138785
v 0.600000 1.181158 0.138785
v 0.794032 1.181217 -0.138785
v 0.794032 1.181217 0.138785
v 0.664677 1.181178 -0.138785
v 0.729355 1.181197 -0.138785
v 0.794032 1.181217 -0.033333
v 0.794032 1.181217 0.033333
v 0.664677 1.181178 -0.166813
v 0.729355 1.181197 -0.166813
v 0.860225 1.181396 -0.036616
v 0.860225 1.181396 0.036616
v 0.794032 1.181217 0.053106
v 0.794032 1.181217 0.112422
v 0.794032 1.181217 -0.112422
v 0.794032 1.181217 -0.053106
v 0.664677 1.181178 0.138785
v 0.729355 1.181197 0.138785
v 0.600000 1.181175 -0.036742
v 0.600000 1.181175 0.036742
v 0.664677 1.181178 0.166813
v 0.729355 1.181197 0.166813
v 0.600000 1.181172 0.055875
v 0.600000 1.181162 0.113275
v 0.600000 1.181162 -0.113275
v 0.600000 1.181172 -0.055875
v -0.983888 0.525702 0.059449
v -0.925768 0.583913 0.058996
v -0.925768 0.583922 0.114235
v -0.983888 0.525711 0.114374
v -0.925768 0.583913 -0.058996
v -0.983888 0.525702 -0.059450
v -0.983888 0.525711 -0.114374
v -0.925768 0.583922 -0.114235
v 0.925799 0.583923 0.058996
v 0.983925 0.525715 0.059449
v 0.983925 0.525724 0.114374
v 0.925799 0.583932 0.114235
v 0.983925 0.525715 -0.059450
v 0.925799 0.583923 -0.058996
v 0.925799 0.583932 -0.114235
v 0.983925 0.525724 -0.114374
v -0.983891 0.598083 0.059449
v -0.925770 0.656294 0.058996
v -0.925770 0.656303 0.114235
v -0.983891 0.598092 0.114374
v -0.925770 0.656294 -0.058996
v -0.983891 0.598083 -0.059450
v -0.983891 0.598092 -0.114375
v -0.925770 0.656303 -0.114235
v 0.925797 0.656304 0.058996
v 0.983922 0.598096 0.059449
v 0.983922 0.598105 0.114374
v 0.925797 0.656313 0.114235
v 0.983922 0.598096 -0.059450
v 0.925797 0.656304 -0.058996
v 0.925797 0.656313 -0.114235
v 0.983922 0.598105 -0.114375
v -0.977116 1.517383 0.053106
v -0.977150 1.450588 0.053106
v -0.977116 1.517383 0.112422
v -0.977150 1.450588 0.112422
v -0.977116 1.517383 -0.112422
v -0.977150 1.450588 -0.112422
v -0.977116 1.517383 -0.053106
v -0.977150 1.450588 -0.053106
v 0.977053 1.517426 0.053106
v 0.977111 1.450629 0.053106
v 0.977053 1.517426 0.112422
v 0.977111 1.450629 0.112422
v 0.977053 1.517426 -0.112422
v 0.977111 1.450629 -0.112422
v 0.977053 1.517426 -0.053106
v 0.977111 1.450629 -0.053106
v -0.977185 1.419043 0.053106
v -0.977185 1.419043 0.112422
v -0.977185 1.419043 -0.112422
v -0.977185 1.419043 -0.053106
v 0.977170 1.419057 -0.053106
v 0.977170 1.419057 -0.112422
v 0.977170 1.419057 0.112422
v 0.977170 1.419057 0.053106
v -0.977187 1.352840 0.053106
v -0.977187 1.352840 0.112422
v -0.977187 1.352840 -0.112422
v -0.977187 1.352840 -0.053106
v 0.977173 1.356721 0.053106
v 0.977173 1.356721 0.112422
v 0.977173 1.356721 -0.112422
v 0.977173 1.356721 -0.053106
v 0.924935 1.570223 -0.053106
v 0.925205 1.503427 -0.053106
v 0.924935 1.570223 -0.112422
v 0.925205 1.503427 -0.112422
v 0.925205 1.503427 0.053106
v 0.924935 1.570223 0.053106
v 0.924935 1.570223 0.112422
v 0.925205 1.503427 0.112422
v 0.925475 1.369528 -0.112422
v 0.925488 1.307191 -0.053106
v 0.925488 1.307191 -0.112422
v 0.925475 1.369528 -0.053106
v -0.925504 1.303313 -0.112422
v -0.925491 1.369516 -0.053106
v -0.925491 1.369516 -0.112422
v -0.925504 1.303313 -0.053106
v -0.925243 1.503397 -0.112422
v -0.924995 1.570192 -0.053106
v -0.924995 1.570192 -0.112422
v -0.925243 1.503397 -0.053106
v 0.925475 1.369528 0.053106
v 0.925488 1.307191 0.112422
v 0.925488 1.307191 0.053106
v 0.925475 1.369528 0.112422
v -0.925243 1.503397 0.053106
v -0.924995 1.570192 0.112422
v -0.924995 1.570192 0.053106
v -0.925243 1.503397 0.112422
v -0.925491 1.369516 0.053106
v -0.925504 1.303313 0.112422
v -0.925491 1.369516 0.112422
v -0.925504 1.303313 0.053106
v -0.561138 -0.000016 0.060731
v -0.561138 -0.000005 0.114769
v -0.561138 0.703278 0.058543
v -0.561138 0.768226 0.056563
v -0.561139 1.679409 0.053668
v -0.279556 1.962648 0.052396
v 0.561138 0.066690 0.060523
v 0.561138 -0.000016 0.060731
v 0.561138 0.300024 0.059533
v -0.561138 1.177305 0.055875
v 0.279556 1.962648 0.052396
v 0.561138 1.679409 0.053668
v 0.561138 1.666053 0.054391
v -0.561138 0.066690 0.060523
v -0.561138 0.703274 0.114095
v -0.561138 0.768208 0.113486
v -0.561139 1.679585 0.112596
v -0.279538 1.962648 0.112206
v 0.561138 0.066699 0.114705
v 0.561138 -0.000005 0.114769
v 0.561138 0.300026 0.114400
v -0.561138 0.066699 0.114705
v -0.561138 1.177296 0.113275
v 0.279538 1.962648 0.112206
v 0.561138 1.679585 0.112596
v 0.561138 1.666052 0.112818
v 0.561138 0.768208 0.113486
v 0.561138 0.768226 0.056563
v -0.561138 1.177296 -0.113275
v -0.561138 0.768208 -0.113486
v 0.279538 1.962648 -0.112206
v 0.561138 1.679585 -0.112596
v 0.561138 1.666052 -0.112818
v -0.561138 -0.000005 -0.114769
v -0.561138 0.066699 -0.114705
v 0.561138 0.300026 -0.114400
v 0.561138 0.066699 -0.114705
v -0.561138 0.703274 -0.114095
v -0.561139 1.679585 -0.112596
v -0.279538 1.962648 -0.112206
v 0.561138 -0.000005 -0.114769
v 0.561138 -0.000016 -0.060731
v 0.561138 0.768226 -0.056563
v 0.561138 0.768208 -0.113486
v -0.279556 1.962648 -0.052396
v -0.561139 1.679409 -0.053668
v -0.561138 -0.000016 -0.060731
v 0.561138 1.679409 -0.053668
v 0.279556 1.962648 -0.052396
v -0.561138 0.768226 -0.056563
v 0.561138 0.066690 -0.060523
v -0.561138 0.066690 -0.060523
v 0.561138 0.300024 -0.059533
v -0.561138 0.703278 -0.058543
v 0.561138 1.666053 -0.054391
v -0.561138 1.177305 -0.055875
v -0.561138 0.370024 0.059236
v -0.561138 0.370025 0.114309
v -0.561138 0.370025 -0.114309
v -0.561138 0.370024 -0.059236
v 0.561138 0.703278 0.058543
v 0.561138 0.703274 0.114095
v 0.561138 0.703274 -0.114095
v 0.561138 0.703278 -0.058543
v -0.561138 1.666053 0.054391
v -0.561138 1.637586 0.055115
v -0.561138 1.666052 0.112818
v -0.561138 1.637586 0.113041
v -0.561138 1.666052 -0.112818
v -0.561138 1.637586 -0.113041
v -0.561138 1.666053 -0.054391
v -0.561138 1.637586 -0.055115
v 0.561138 1.243504 0.055839
v 0.561138 1.637586 0.055115
v 0.561138 1.243495 0.113263
v 0.561138 1.637586 0.113041
v 0.561138 1.243495 -0.113263
v 0.561138 1.637586 -0.113041
v 0.561138 1.243504 -0.055839
v 0.561138 1.637586 -0.055115
v -0.561138 0.300024 0.059533
v -0.561138 0.300026 0.114400
v -0.561138 0.300026 -0.114400
v -0.561138 0.300024 -0.059533
v 0.561138 0.370024 0.059236
v 0.561138 0.370025 0.114309
v 0.561138 0.370025 -0.114309
v 0.561138 0.370024 -0.059236
v -0.561138 1.243504 0.055839
v -0.561138 1.243495 0.113263
v -0.561138 1.243495 -0.113263
v -0.561138 1.243504 -0.055839
v 0.561138 1.181172 0.055875
v 0.561138 1.181162 0.113275
v 0.561138 1.181162 -0.113275
v 0.561138 1.181172 -0.055875
v 0.240142 2.000000 -0.138785
v 0.240142 2.000000 0.138785
v 0.240138 2.190106 -0.138785
v 0.240138 2.190106 0.138785
v 0.240140 2.063369 0.138785
v 0.240139 2.126738 0.138785
v 0.304719 2.063369 -0.138785
v 0.304717 2.126738 -0.138785
v 0.240142 1.999992 -0.032458
v 0.240142 1.999992 0.032458
v 0.240138 2.190106 0.033333
v 0.240138 2.190106 -0.033333
v 0.240140 2.063369 0.166813
v 0.240139 2.126738 0.166813
v 0.240137 2.253873 0.031153
v 0.240137 2.253873 -0.031153
v 0.240138 2.190106 0.053106
v 0.240142 1.999993 0.052394
v 0.240138 2.190106 0.112422
v 0.240142 1.999998 0.112204
v 0.240142 1.999998 -0.112204
v 0.240138 2.190106 -0.112422
v 0.240138 2.190106 -0.053106
v 0.240142 1.999993 -0.052394
v 0.240142 1.962647 0.052397
v 0.240142 1.962647 0.112206
v 0.240142 1.962647 -0.112206
v 0.240142 1.962647 -0.052397
v -0.240138 2.000000 0.138785
v -0.240138 2.000000 -0.138785
v -0.240139 2.190108 0.138785
v -0.240139 2.190108 -0.138785
v -0.304716 2.063369 -0.138785
v -0.304717 2.126739 -0.138785
v -0.240138 2.063369 0.138785
v -0.240139 2.126739 0.138785
v -0.240138 1.999992 0.032458
v -0.240138 1.999992 -0.032458
v -0.240139 2.190108 0.033333
v -0.240139 2.190108 -0.033333
v -0.240138 2.063369 0.166813
v -0.240139 2.126739 0.166813
v -0.240139 2.253873 0.031153
v -0.240139 2.253873 -0.031153
v -0.240138 1.999993 0.052394
v -0.240139 2.190108 0.053106
v -0.240138 1.999998 0.112204
v -0.240139 2.190108 0.112422
v -0.240138 1.999998 -0.112204
v -0.240139 2.190108 -0.112422
v -0.240138 1.999993 -0.052394
v -0.240139 2.190108 -0.053106
v -0.240138 1.962647 0.052397
v -0.240138 1.962647 0.112206
v -0.240138 1.962647 -0.112206
v -0.240138 1.962647 -0.052397
v -0.281085 2.070055 -0.166785
v -0.281085 2.120156 -0.166785
v 0.230484 2.023632 -0.166785
v 0.230480 2.166475 -0.166785
v 0.281087 2.070055 -0.166785
v 0.281086 2.120156 -0.166785
v -0.230480 2.023632 -0.166785
v -0.230481 2.166476 -0.166785
v 0.240142 2.000000 -0.166785
v 0.240138 2.190106 -0.166785
v 0.304717 2.126738 -0.166785
v 0.304719 2.063369 -0.166785
v -0.240138 2.000000 -0.166785
v -0.240139 2.190108 -0.166785
v -0.304716 2.063369 -0.166785
v -0.304717 2.126739 -0.166785
v -0.281085 2.070055 -0.138785
v -0.281085 2.120156 -0.138785
v 0.281087 2.070055 -0.138785
v 0.281086 2.120156 -0.138785
v 0.230484 2.023632 -0.138785
v 0.230480 2.166475 -0.138785
v -0.230480 2.023632 -0.138785
v -0.230481 2.166476 -0.138785
v -0.497259 1.897259 0.138785
v -0.497259 1.897259 -0.138785
v -0.631301 2.030706 0.138785
v -0.631301 2.030706 -0.138785
v -0.541940 1.941741 -0.138785
v -0.586621 1.986224 -0.138785
v -0.541940 1.941741 0.138785
v -0.586621 1.986224 0.138785
v -0.497259 1.897257 0.033241
v -0.497259 1.897257 -0.033241
v -0.631301 2.030706 0.033333
v -0.631301 2.030706 -0.033333
v -0.541940 1.941741 -0.166813
v -0.586621 1.986224 -0.166813
v -0.541940 1.941741 0.166813
v -0.586621 1.986224 0.166813
v -0.678284 2.075474 0.032332
v -0.678284 2.075474 -0.032332
v -0.497259 1.897257 0.053031
v -0.631301 2.030706 0.053106
v -0.497259 1.897259 0.112399
v -0.631301 2.030706 0.112422
v -0.497259 1.897259 -0.112399
v -0.631301 2.030706 -0.112422
v -0.497259 1.897257 -0.053031
v -0.631301 2.030706 -0.053106
v -0.470347 1.871028 0.053032
v -0.470338 1.871116 0.112401
v -0.470338 1.871116 -0.112401
v -0.470347 1.871028 -0.053032
v 0.497259 1.897259 -0.138785
v 0.497259 1.897259 0.138785
v 0.631271 2.030707 -0.138785
v 0.631271 2.030707 0.138785
v 0.541930 1.941741 -0.138785
v 0.586600 1.986224 -0.138785
v 0.541930 1.941741 0.138785
v 0.586600 1.986224 0.138785
v 0.497259 1.897257 -0.033241
v 0.497259 1.897257 0.033241
v 0.631271 2.030707 -0.033333
v 0.631271 2.030707 0.033333
v 0.541930 1.941741 -0.166813
v 0.586600 1.986224 -0.166813
v 0.541930 1.941741 0.166813
v 0.586600 1.986224 0.166813
v 0.678444 2.075476 -0.032332
v 0.678444 2.075476 0.032332
v 0.497259 1.897257 0.053031
v 0.631271 2.030707 0.053106
v 0.497259 1.897259 0.112399
v 0.631271 2.030707 0.112422
v 0.497259 1.897259 -0.112399
v 0.631271 2.030707 -0.112422
v 0.631271 2.030707 -0.053106
v 0.497259 1.897257 -0.053031
v 0.470347 1.871028 0.053032
v 0.470338 1.871116 0.112401
v 0.470338 1.871116 -0.112401
v 0.470347 1.871028 -0.053032
v 0.130957 2.108085 -0.143042
v 0.130957 2.082116 -0.143042
v 0.108116 2.048448 -0.143042
v 0.108126 2.141642 -0.143042
v -0.108114 2.048448 -0.143042
v -0.108125 2.141644 -0.143042
v -0.130955 2.082117 -0.143042
v -0.130955 2.108087 -0.143042
v 0.066876 2.036564 -0.143042
v 0.022293 2.029445 -0.143042
v -0.022291 2.029445 -0.143042
v -0.066874 2.036564 -0.143042
v 0.066882 2.153525 -0.143042
v 0.022294 2.160643 -0.143042
v -0.022294 2.160644 -0.143042
v -0.066882 2.153527 -0.143042
v 0.115358 2.084885 -0.178511
v 0.125122 2.084885 -0.154708
v 0.115358 2.105304 -0.178511
v 0.125121 2.105304 -0.154708
v 0.104532 2.052282 -0.157366
v 0.104492 2.137646 -0.157988
v -0.094142 2.058774 -0.178511
v -0.104530 2.052282 -0.157366
v -0.094152 2.131330 -0.178511
v -0.104491 2.137648 -0.157988
v -0.125120 2.084886 -0.154708
v -0.125120 2.105305 -0.154708
v -0.115357 2.084886 -0.178511
v -0.067723 2.084886 -0.202570
v -0.022574 2.084886 -0.212702
v 0.022575 2.084886 -0.212702
v 0.067725 2.084885 -0.202570
v -0.115357 2.105305 -0.178511
v -0.067723 2.105305 -0.202570
v -0.022574 2.105305 -0.212702
v 0.022575 2.105305 -0.212702
v 0.067725 2.105304 -0.202570
v 0.094144 2.058774 -0.178511
v 0.059818 2.049070 -0.194862
v 0.019940 2.043474 -0.202570
v -0.019938 2.043474 -0.202570
v -0.059815 2.049070 -0.194862
v 0.094153 2.131328 -0.178511
v 0.059823 2.141033 -0.194862
v 0.019941 2.146631 -0.202570
v -0.019940 2.146631 -0.202570
v -0.059822 2.141034 -0.194862
v -0.063555 2.040302 -0.167411
v 0.021107 2.034131 -0.173054
v -0.021104 2.034131 -0.173054
v 0.063557 2.040302 -0.167411
v -0.063121 2.149012 -0.170643
v -0.020922 2.154843 -0.177751
v 0.063122 2.149011 -0.170643
v 0.020922 2.154843 -0.177751
v 0.130099 2.105715 -0.144757
v 0.129033 2.109274 -0.144724
v 0.130099 2.084484 -0.144757
v 0.129035 2.080924 -0.144724
v 0.105794 2.048398 -0.144865
v 0.108744 2.050523 -0.144848
v 0.108768 2.139567 -0.144851
v 0.105818 2.141691 -0.144866
v -0.108742 2.050523 -0.144848
v -0.105792 2.048398 -0.144865
v -0.105818 2.141693 -0.144866
v -0.108768 2.139569 -0.144851
v -0.130097 2.084485 -0.144757
v -0.129034 2.080925 -0.144724
v -0.130097 2.105716 -0.144757
v -0.129032 2.109276 -0.144724
v 0.064714 2.036550 -0.144932
v 0.068469 2.037386 -0.144928
v 0.024112 2.030043 -0.144935
v 0.020298 2.029741 -0.144937
v -0.020296 2.029741 -0.144937
v -0.024110 2.030044 -0.144935
v -0.068467 2.037386 -0.144928
v -0.064711 2.036550 -0.144932
v 0.068475 2.152684 -0.144924
v 0.064720 2.153521 -0.144928
v 0.024114 2.160025 -0.144932
v 0.020300 2.160327 -0.144933
v -0.020299 2.160328 -0.144933
v -0.024113 2.160025 -0.144932
v -0.064720 2.153522 -0.144928
v -0.068475 2.152686 -0.144924
v 0.114862 2.083352 -0.176683
v 0.111824 2.083084 -0.179557
v 0.113646 2.086803 -0.179375
v 0.116086 2.086803 -0.176736
v 0.123307 2.083207 -0.156685
v 0.124394 2.086803 -0.156482
v 0.125980 2.086439 -0.152992
v 0.124938 2.082855 -0.153151
v 0.116086 2.103386 -0.176736
v 0.113646 2.103386 -0.179375
v 0.111818 2.107105 -0.179558
v 0.114860 2.106836 -0.176683
v 0.123292 2.106984 -0.156728
v 0.124931 2.107333 -0.153180
v 0.125979 2.103752 -0.152992
v 0.124394 2.103386 -0.156482
v 0.103091 2.051201 -0.155903
v 0.101474 2.052265 -0.159829
v 0.104739 2.054413 -0.158897
v 0.106005 2.053418 -0.155433
v 0.105958 2.136517 -0.156021
v 0.104688 2.135519 -0.159481
v 0.101300 2.137620 -0.160676
v 0.103025 2.138711 -0.156603
v -0.096171 2.059755 -0.176848
v -0.093441 2.060291 -0.179706
v -0.092985 2.057454 -0.177356
v -0.101472 2.052265 -0.159829
v -0.103089 2.051201 -0.155903
v -0.106003 2.053418 -0.155433
v -0.104737 2.054413 -0.158897
v -0.096200 2.130349 -0.176855
v -0.093009 2.132658 -0.177359
v -0.093454 2.129814 -0.179707
v -0.101299 2.137622 -0.160676
v -0.104687 2.135521 -0.159481
v -0.105957 2.136519 -0.156021
v -0.103024 2.138713 -0.156603
v -0.125978 2.086439 -0.152992
v -0.124392 2.086804 -0.156482
v -0.123305 2.083208 -0.156685
v -0.124936 2.082855 -0.153151
v -0.125978 2.103753 -0.152992
v -0.124930 2.107335 -0.153180
v -0.123290 2.106985 -0.156728
v -0.124392 2.103387 -0.156482
v -0.113645 2.086804 -0.179375
v -0.111822 2.083085 -0.179557
v -0.114861 2.083353 -0.176683
v -0.116085 2.086804 -0.176736
v -0.069037 2.083044 -0.201305
v -0.069435 2.086804 -0.201705
v -0.065852 2.086804 -0.202990
v -0.065417 2.083029 -0.202596
v -0.024327 2.083026 -0.211827
v -0.024445 2.086804 -0.212282
v -0.020656 2.086804 -0.212702
v -0.020534 2.083023 -0.212246
v 0.020535 2.083023 -0.212246
v 0.020657 2.086804 -0.212702
v 0.024447 2.086804 -0.212282
v 0.024329 2.083026 -0.211827
v 0.065419 2.083028 -0.202596
v 0.065853 2.086803 -0.202990
v 0.069437 2.086803 -0.201705
v 0.069038 2.083044 -0.201305
v -0.111817 2.107105 -0.179558
v -0.113645 2.103387 -0.179375
v -0.116085 2.103387 -0.176736
v -0.114859 2.106837 -0.176683
v -0.069435 2.103387 -0.201705
v -0.069036 2.107146 -0.201304
v -0.065417 2.107162 -0.202595
v -0.065852 2.103387 -0.202990
v -0.024446 2.103387 -0.212282
v -0.024327 2.107165 -0.211826
v -0.020534 2.107168 -0.212245
v -0.020656 2.103387 -0.212702
v 0.020657 2.103387 -0.212702
v 0.020535 2.107168 -0.212245
v 0.024328 2.107164 -0.211826
v 0.024447 2.103387 -0.212282
v 0.065853 2.103386 -0.202990
v 0.065418 2.107161 -0.202595
v 0.069037 2.107146 -0.201304
v 0.069437 2.103386 -0.201705
v 0.093444 2.060291 -0.179706
v 0.096173 2.059755 -0.176848
v 0.092987 2.057454 -0.177356
v 0.061951 2.048954 -0.191967
v 0.058140 2.048199 -0.193358
v 0.058288 2.050716 -0.195652
v 0.062028 2.051519 -0.194432
v 0.021908 2.043152 -0.200348
v 0.018093 2.042895 -0.200741
v 0.018137 2.045337 -0.203026
v 0.021946 2.045619 -0.202666
v -0.018091 2.042895 -0.200742
v -0.021906 2.043152 -0.200348
v -0.021944 2.045619 -0.202665
v -0.018135 2.045337 -0.203026
v -0.058138 2.048199 -0.193358
v -0.061949 2.048954 -0.191967
v -0.062026 2.051519 -0.194432
v -0.058286 2.050716 -0.195652
v 0.093454 2.129812 -0.179707
v 0.093010 2.132657 -0.177359
v 0.096201 2.130347 -0.176855
v 0.061952 2.141166 -0.191978
v 0.062034 2.138584 -0.194433
v 0.058293 2.139388 -0.195653
v 0.058146 2.141920 -0.193364
v 0.021908 2.146976 -0.200357
v 0.021947 2.144486 -0.202666
v 0.018138 2.144768 -0.203027
v 0.018094 2.147233 -0.200749
v -0.018093 2.147233 -0.200749
v -0.018138 2.144768 -0.203027
v -0.021947 2.144486 -0.202666
v -0.021907 2.146976 -0.200357
v -0.058145 2.141921 -0.193364
v -0.058293 2.139389 -0.195653
v -0.062033 2.138586 -0.194433
v -0.061951 2.141168 -0.191978
v -0.065707 2.040549 -0.164975
v -0.065152 2.041442 -0.168830
v -0.061379 2.040613 -0.169519
v -0.061881 2.039723 -0.165735
v 0.019262 2.033835 -0.171159
v 0.019115 2.034710 -0.174883
v 0.022929 2.034989 -0.174642
v 0.023084 2.034109 -0.170887
v -0.019113 2.034710 -0.174883
v -0.019260 2.033835 -0.171159
v -0.023082 2.034109 -0.170888
v -0.022927 2.034989 -0.174642
v 0.065709 2.040549 -0.164975
v 0.061883 2.039723 -0.165735
v 0.061381 2.040613 -0.169519
v 0.065154 2.041442 -0.168830
v -0.060938 2.148666 -0.172829
v -0.064726 2.147875 -0.171971
v -0.065296 2.148819 -0.168052
v -0.061441 2.149600 -0.169023
v -0.019077 2.155159 -0.175859
v -0.018930 2.154241 -0.179572
v -0.022744 2.153972 -0.179272
v -0.022902 2.154901 -0.175509
v 0.065297 2.148818 -0.168051
v 0.064727 2.147874 -0.171971
v 0.060939 2.148665 -0.172828
v 0.061441 2.149599 -0.169023
v 0.019078 2.155159 -0.175859
v 0.022903 2.154900 -0.175509
v 0.022745 2.153972 -0.179272
v 0.018931 2.154240 -0.179572
v 0.135234 2.108619 -0.142166
v 0.133410 2.106308 -0.146874
v 0.132258 2.110756 -0.146862
v 0.132259 2.079445 -0.146863
v 0.133410 2.083891 -0.146874
v 0.135233 2.081586 -0.142166
v 0.111391 2.047730 -0.146851
v 0.112162 2.046138 -0.142166
v 0.107787 2.044202 -0.146777
v 0.107811 2.145888 -0.146777
v 0.112174 2.143958 -0.142166
v 0.111422 2.142369 -0.146850
v -0.107785 2.044201 -0.146777
v -0.112159 2.046139 -0.142166
v -0.111389 2.047730 -0.146851
v -0.111421 2.142371 -0.146850
v -0.112174 2.143960 -0.142166
v -0.107811 2.145890 -0.146777
v -0.135232 2.081587 -0.142166
v -0.133409 2.083892 -0.146874
v -0.132257 2.079446 -0.146863
v -0.132257 2.110757 -0.146862
v -0.133409 2.106309 -0.146874
v -0.135232 2.108620 -0.142166
v 0.069663 2.032671 -0.146742
v 0.069405 2.032178 -0.142166
v 0.065651 2.031694 -0.146718
v 0.020488 2.024776 -0.146708
v 0.024692 2.025125 -0.146715
v 0.023167 2.024696 -0.142166
v -0.024689 2.025125 -0.146715
v -0.020486 2.024776 -0.146708
v -0.023165 2.024697 -0.142166
v -0.065649 2.031694 -0.146718
v -0.069403 2.032178 -0.142166
v -0.069661 2.032671 -0.146742
v 0.065656 2.158370 -0.146721
v 0.069409 2.157903 -0.142166
v 0.069666 2.157392 -0.146743
v 0.023168 2.165385 -0.142166
v 0.024693 2.164937 -0.146718
v 0.020489 2.165287 -0.146710
v -0.023167 2.165386 -0.142166
v -0.020489 2.165287 -0.146710
v -0.024692 2.164937 -0.146718
v -0.069666 2.157394 -0.146743
v -0.069408 2.157905 -0.142166
v -0.065655 2.158371 -0.146721
v 0.120055 2.085855 -0.179617
v 0.118603 2.081678 -0.179539
v 0.114702 2.081480 -0.183312
v 0.116921 2.086016 -0.183065
v 0.129145 2.081308 -0.155356
v 0.127552 2.081517 -0.158704
v 0.128877 2.085961 -0.158518
v 0.130390 2.085628 -0.155194
v 0.118599 2.108512 -0.179541
v 0.120055 2.104336 -0.179617
v 0.116921 2.104176 -0.183064
v 0.114693 2.108710 -0.183315
v 0.128877 2.104225 -0.158520
v 0.127538 2.108670 -0.158748
v 0.129142 2.108870 -0.155385
v 0.130390 2.104559 -0.155194
v 0.109286 2.050205 -0.157400
v 0.105720 2.047383 -0.157766
v 0.103910 2.048403 -0.161855
v 0.108001 2.051320 -0.161075
v 0.105682 2.142502 -0.158480
v 0.109250 2.139720 -0.157985
v 0.107957 2.138597 -0.161671
v 0.103740 2.141466 -0.162727
v -0.095574 2.054313 -0.180252
v -0.099064 2.056842 -0.179694
v -0.096091 2.057461 -0.182856
v -0.107999 2.051320 -0.161075
v -0.103908 2.048403 -0.161855
v -0.105718 2.047383 -0.157766
v -0.109284 2.050205 -0.157400
v -0.096100 2.132636 -0.182868
v -0.099092 2.133248 -0.179718
v -0.095599 2.135781 -0.180273
v -0.105681 2.142504 -0.158480
v -0.103739 2.141468 -0.162727
v -0.107956 2.138599 -0.161672
v -0.109249 2.139722 -0.157985
v -0.129144 2.081309 -0.155356
v -0.130388 2.085629 -0.155194
v -0.128876 2.085962 -0.158518
v -0.127551 2.081518 -0.158704
v -0.128876 2.104226 -0.158520
v -0.130389 2.104560 -0.155194
v -0.129141 2.108871 -0.155385
v -0.127536 2.108671 -0.158748
v -0.120054 2.085855 -0.179617
v -0.116920 2.086016 -0.183065
v -0.114700 2.081481 -0.183312
v -0.118602 2.081678 -0.179539
v -0.066899 2.082131 -0.207281
v -0.070903 2.082117 -0.205845
v -0.071311 2.086312 -0.206310
v -0.067347 2.086369 -0.207737
v -0.020895 2.082210 -0.217162
v -0.025053 2.082211 -0.216702
v -0.025176 2.086391 -0.217206
v -0.021026 2.086400 -0.217667
v 0.025055 2.082211 -0.216702
v 0.020896 2.082210 -0.217162
v 0.021027 2.086400 -0.217667
v 0.025177 2.086391 -0.217206
v 0.070904 2.082117 -0.205845
v 0.066901 2.082131 -0.207281
v 0.067349 2.086369 -0.207737
v 0.071312 2.086312 -0.206310
v -0.118598 2.108512 -0.179541
v -0.114691 2.108711 -0.183315
v -0.116920 2.104177 -0.183064
v -0.120054 2.104337 -0.179617
v -0.067347 2.103823 -0.207737
v -0.071311 2.103880 -0.206309
v -0.070902 2.108075 -0.205844
v -0.066899 2.108062 -0.207280
v -0.021026 2.103792 -0.217667
v -0.025176 2.103800 -0.217206
v -0.025053 2.107981 -0.216701
v -0.020895 2.107982 -0.217161
v 0.025177 2.103800 -0.217206
v 0.021027 2.103791 -0.217667
v 0.020896 2.107982 -0.217161
v 0.025054 2.107980 -0.216700
v 0.071312 2.103879 -0.206309
v 0.067349 2.103822 -0.207737
v 0.066900 2.108061 -0.207280
v 0.070903 2.108075 -0.205844
v 0.095576 2.054313 -0.180252
v 0.096094 2.057461 -0.182856
v 0.099066 2.056842 -0.179694
v 0.064001 2.048995 -0.198265
v 0.063824 2.045197 -0.194674
v 0.059636 2.044517 -0.196385
v 0.059866 2.047930 -0.199487
v 0.022724 2.042928 -0.206802
v 0.022661 2.039192 -0.203299
v 0.018452 2.038957 -0.203794
v 0.018524 2.042548 -0.207153
v -0.018522 2.042548 -0.207153
v -0.018450 2.038957 -0.203794
v -0.022659 2.039192 -0.203299
v -0.022722 2.042928 -0.206802
v -0.059864 2.047930 -0.199487
v -0.059634 2.044517 -0.196385
v -0.063822 2.045197 -0.194674
v -0.063999 2.048995 -0.198265
v 0.099093 2.133246 -0.179718
v 0.096100 2.132635 -0.182868
v 0.095599 2.135780 -0.180273
v 0.059646 2.145583 -0.196412
v 0.063831 2.144904 -0.194709
v 0.064007 2.141099 -0.198272
v 0.059872 2.142160 -0.199498
v 0.018456 2.151146 -0.203834
v 0.022664 2.150911 -0.203340
v 0.022726 2.147161 -0.206813
v 0.018526 2.147539 -0.207165
v -0.022663 2.150911 -0.203340
v -0.018455 2.151146 -0.203834
v -0.018525 2.147539 -0.207165
v -0.022725 2.147161 -0.206813
v -0.063830 2.144905 -0.194709
v -0.059645 2.145584 -0.196412
v -0.059871 2.142161 -0.199498
v -0.064006 2.141100 -0.198272
v -0.062983 2.034986 -0.166873
v -0.067082 2.035912 -0.166225
v -0.066573 2.036884 -0.170301
v -0.062540 2.035955 -0.170898
v 0.023653 2.029257 -0.171931
v 0.019541 2.028956 -0.172194
v 0.019409 2.029890 -0.176162
v 0.023501 2.030196 -0.175930
v -0.023499 2.030196 -0.175930
v -0.019407 2.029890 -0.176162
v -0.019538 2.028956 -0.172194
v -0.023650 2.029256 -0.171931
v 0.066575 2.036884 -0.170301
v 0.067084 2.035912 -0.166225
v 0.062985 2.034986 -0.166873
v 0.062543 2.035955 -0.170898
v -0.062554 2.154322 -0.170212
v -0.062114 2.153307 -0.174256
v -0.066159 2.152418 -0.173476
v -0.066684 2.153441 -0.169341
v -0.023480 2.159740 -0.176606
v -0.019358 2.160026 -0.176952
v -0.019230 2.159044 -0.180911
v -0.023325 2.158748 -0.180616
v 0.062555 2.154321 -0.170211
v 0.066684 2.153440 -0.169341
v 0.066160 2.152417 -0.173476
v 0.062115 2.153306 -0.174256
v 0.019231 2.159044 -0.180911
v 0.019359 2.160025 -0.176951
v 0.023480 2.159740 -0.176605
v 0.023325 2.158748 -0.180616
v 0.200000 2.123945 -0.138024
v 0.200000 2.103504 -0.151342
v 0.182366 2.118216 -0.138024
v 0.194382 2.101678 -0.151342
v 0.171468 2.103215 -0.138024
v 0.190909 2.096899 -0.151342
v 0.171468 2.084675 -0.138024
v 0.190909 2.090991 -0.151342
v 0.182366 2.069674 -0.138024
v 0.194382 2.086212 -0.151342
v 0.200000 2.063945 -0.138024
v 0.200000 2.084387 -0.151342
v 0.217634 2.069674 -0.138024
v 0.205618 2.086212 -0.151342
v 0.228532 2.084675 -0.138024
v 0.209091 2.090991 -0.151342
v 0.228532 2.103215 -0.138024
v 0.209091 2.096899 -0.151342
v 0.217634 2.118216 -0.138024
v 0.205618 2.101678 -0.151342
v 0.200000 2.120439 -0.141859
v 0.184427 2.115379 -0.141859
v 0.174803 2.102132 -0.141859
v 0.174803 2.085758 -0.141859
v 0.184427 2.072511 -0.141859
v 0.200000 2.067451 -0.141859
v 0.215573 2.072511 -0.141859
v 0.225197 2.085758 -0.141859
v 0.225197 2.102132 -0.141859
v 0.215573 2.115379 -0.141859
v 0.200000 2.126675 -0.140520
v 0.180762 2.120424 -0.140520
v 0.182822 2.117588 -0.144355
v 0.168872 2.104059 -0.140520
v 0.172206 2.102976 -0.144355
v 0.168872 2.083831 -0.140520
v 0.172206 2.084914 -0.144355
v 0.180762 2.067466 -0.140520
v 0.182822 2.070302 -0.144355
v 0.200000 2.061215 -0.140520
v 0.200000 2.064721 -0.144355
v 0.219238 2.067466 -0.140520
v 0.217177 2.070302 -0.144355
v 0.231128 2.083831 -0.140520
v 0.227794 2.084914 -0.144355
v 0.231128 2.104059 -0.140520
v 0.227794 2.102976 -0.144355
v 0.219238 2.120424 -0.140520
v 0.217177 2.117588 -0.144355
v 0.200000 2.123169 -0.144355
v -0.200000 2.123945 -0.138024
v -0.200000 2.103504 -0.151342
v -0.217634 2.118216 -0.138024
v -0.205618 2.101678 -0.151342
v -0.228532 2.103215 -0.138024
v -0.209091 2.096899 -0.151342
v -0.228532 2.084675 -0.138024
v -0.209091 2.090991 -0.151342
v -0.217634 2.069674 -0.138024
v -0.205618 2.086212 -0.151342
v -0.200000 2.063945 -0.138024
v -0.200000 2.084387 -0.151342
v -0.182366 2.069674 -0.138024
v -0.194382 2.086212 -0.151342
v -0.171468 2.084675 -0.138024
v -0.190909 2.090991 -0.151342
v -0.171468 2.103215 -0.138024
v -0.190909 2.096899 -0.151342
v -0.182366 2.118216 -0.138024
v -0.194382 2.101678 -0.151342
v -0.200000 2.120439 -0.141859
v -0.215573 2.115379 -0.141859
v -0.225197 2.102132 -0.141859
v -0.225197 2.085758 -0.141859
v -0.215573 2.072511 -0.141859
v -0.200000 2.067451 -0.141859
v -0.184427 2.072511 -0.141859
v -0.174803 2.085758 -0.141859
v -0.174803 2.102132 -0.141859
v -0.184427 2.115379 -0.141859
v -0.200000 2.126675 -0.140520
v -0.219238 2.120424 -0.140520
v -0.217177 2.117588 -0.144355
v -0.231128 2.104059 -0.140520
v -0.227794 2.102976 -0.144355
v -0.231128 2.083831 -0.140520
v -0.227794 2.084914 -0.144355
v -0.219238 2.067466 -0.140520
v -0.217177 2.070302 -0.144355
v -0.200000 2.061215 -0.140520
v -0.200000 2.064721 -0.144355
v -0.180762 2.067466 -0.140520
v -0.182823 2.070302 -0.144355
v -0.168872 2.083831 -0.140520
v -0.172206 2.084914 -0.144355
v -0.168872 2.104059 -0.140520
v -0.172206 2.102976 -0.144355
v -0.180762 2.120424 -0.140520
v -0.182823 2.117588 -0.144355
v -0.200000 2.123169 -0.144355
vn -0.0000 -0.0000 1.0000
vn -0.0000 -0.0000 -1.0000
vn -0.0000 -1.0000 -0.0000
vn -0.0000 0.0342 0.9994
vn -0.0000 -1.0000 -0.0002
vn -0.0000 -1.0000 0.0002
vn -1.0000 0.0018 -0.0000
vn -0.0000 1.0000 -0.0000
vn -0.0000 -1.0000 0.0001
vn 1.0000 0.0019 -0.0000
vn -0.8506 0.5258 -0.0000
vn 0.8507 0.5257 -0.0000
vn 1.0000 0.0031 -0.0000
vn -1.0000 0.0031 -0.0000
vn -1.0000 -0.0000 -0.0000
vn -0.4520 -0.8920 -0.0000
vn 0.4520 -0.8920 -0.0000
vn 1.0000 -0.0000 -0.0000
vn 0.5035 0.8640 -0.0000
vn -0.7004 -0.7138 -0.0000
vn -0.8762 -0.4820 -0.0000
vn -1.0000 0.0012 -0.0000
vn 1.0000 -0.0064 -0.0000
vn -0.0010 0.0002 -1.0000
vn 0.8625 0.5060 -0.0000
vn -0.4806 -0.8769 -0.0000
vn -0.0056 -1.0000 -0.0000
vn 0.0057 -1.0000 -0.0000
vn 0.0572 0.0011 -0.9984
vn 0.0119 0.0069 0.9999
vn -0.5035 0.8640 -0.0000
vn -0.0000 0.0341 -0.9994
vn 0.8761 -0.4821 -0.0000
vn -0.0000 0.0342 -0.9994
vn -0.9998 0.0200 -0.0000
vn 1.0000 -0.0001 -0.0000
vn 0.8371 0.5471 -0.0000
vn -0.8373 0.5468 -0.0000
vn -1.0000 0.0001 -0.0000
vn 0.0504 0.0522 0.9974
vn -1.0000 -0.0011 -0.0000
vn 0.0017 0.0054 -1.0000
vn 0.9998 0.0204 -0.0000
vn -0.0505 0.0522 -0.9974
vn -1.0000 -0.0065 -0.0000
vn -0.0017 0.0054 1.0000
vn 1.0000 0.0012 -0.0000
vn 0.0113 0.0216 -0.9997
vn 0.9999 -0.0100 -0.0000
vn 1.0000 -0.0006 -0.0000
vn 0.0042 0.0049 1.0000
vn -1.0000 0.0021 -0.0000
vn -1.0000 0.0098 -0.0000
vn -0.0113 0.0216 0.9997
vn -1.0000 -0.0006 -0.0000
vn -0.9999 -0.0102 -0.0000
vn -0.0043 0.0049 -1.0000
vn 1.0000 0.0100 -0.0000
vn 1.0000 0.0021 -0.0000
vn -0.0119 0.0069 -0.9999
vn 0.4806 -0.8769 -0.0000
vn -0.0001 -1.0000 -0.0000
vn -0.0572 0.0011 0.9984
vn -0.8625 0.5061 -0.0000
vn -0.0000 0.0341 0.9994
vn 1.0000 -0.0010 -0.0000
vn 1.0000 0.0028 -0.0000
vn -0.0116 0.0074 0.9999
vn -0.0017 0.0054 -1.0000
vn -1.0000 -0.0014 -0.0000
vn 1.0000 0.0043 -0.0000
vn 1.0000 -0.0014 -0.0000
vn -1.0000 0.0028 -0.0000
vn 0.0116 0.0074 -0.9999
vn 0.0017 0.0054 1.0000
vn -1.0000 0.0042 -0.0000
vn 0.0007 0.0005 -1.0000
vn -0.0000 0.0013 1.0000
vn -0.0000 0.0010 1.0000
vn -0.0000 0.0005 -1.0000
vn -0.0000 0.0018 -1.0000
vn -0.0000 -1.0000 -0.0001
vn -0.0000 -0.0006 1.0000
vn -0.0000 0.0094 -1.0000
vn -0.0000 0.0001 1.0000
vn -0.0000 0.0005 1.0000
vn -0.0000 -0.0042 1.0000
vn -0.0000 0.0018 1.0000
vn -0.0000 0.0002 -1.0000
vn -0.0000 -0.0042 -1.0000
vn 0.0004 0.0008 1.0000
vn -0.0000 -0.0017 -1.0000
vn -0.0000 -0.0031 1.0000
vn -0.0000 0.0002 1.0000
vn 0.0023 -1.0000 -0.0002
vn -0.0000 0.0001 -1.0000
vn -0.0000 0.0094 1.0000
vn -0.0000 -0.0006 -1.0000
vn -0.0000 0.0013 -1.0000
vn -0.0000 0.0010 -1.0000
vn 1.0000 -0.0030 -0.0000
vn 0.6976 -0.7165 -0.0001
vn -0.6975 -0.7165 -0.0001
vn -0.6975 -0.7165 0.0001
vn -1.0000 -0.0031 -0.0000
vn -0.0022 -1.0000 -0.0002
vn 0.6976 -0.7165 0.0001
vn -0.0022 -1.0000 0.0002
vn -0.0022 -1.0000 -0.0000
vn -0.0022 1.0000 -0.0000
vn 0.0023 -1.0000 0.0002
vn -0.0000 -0.0057 -1.0000
vn -0.0033 -1.0000 0.0002
vn 0.0033 1.0000 -0.0002
vn -0.0033 -1.0000 -0.0002
vn 0.0033 1.0000 0.0002
vn -0.0000 -0.0057 1.0000
vn 0.0034 -1.0000 0.0002
vn -0.0034 1.0000 -0.0002
vn -0.0034 1.0000 0.0002
vn 0.0034 -1.0000 -0.0002
vn -0.9995 0.0300 -0.0000
vn -0.6496 0.7603 -0.0001
vn -1.0000 0.0005 -0.0000
vn 0.0504 0.0522 -0.9974
vn 1.0000 -0.0007 -0.0000
vn 0.0298 0.0036 0.9996
vn -1.0000 0.0014 -0.0000
vn 0.6495 0.7604 -0.0001
vn 0.9995 0.0306 -0.0000
vn -0.0000 -0.0005 1.0000
vn -0.6496 0.7603 0.0001
vn 1.0000 -0.0009 -0.0000
vn -0.0505 0.0522 0.9974
vn -1.0000 -0.0007 -0.0000
vn -0.0298 0.0036 -0.9995
vn 1.0000 0.0014 -0.0000
vn -0.0000 -0.0018 1.0000
vn -0.9999 0.0118 -0.0000
vn -1.0000 0.0013 -0.0000
vn -1.0000 0.0004 -0.0000
vn 0.0408 0.0013 0.9992
vn 0.0259 0.0068 -0.9996
vn 0.9999 0.0121 -0.0000
vn -0.0067 -0.0346 -0.9994
vn -0.0258 0.0068 0.9996
vn -0.0408 0.0013 -0.9992
vn 1.0000 -0.0008 -0.0000
vn 0.0116 0.0074 0.9999
vn -0.0020 0.0106 -0.9999
vn -0.0000 0.0006 -1.0000
vn -0.0000 0.0024 -1.0000
vn -0.0000 -0.0078 -1.0000
vn 0.0219 0.0073 -0.9997
vn -0.0116 0.0074 -0.9999
vn -0.0004 0.0008 -1.0000
vn -0.0000 -0.0078 1.0000
vn -0.0000 0.0006 1.0000
vn -0.0000 0.0024 1.0000
vn -0.0220 0.0073 0.9997
vn -0.0298 0.0036 0.9995
vn -0.0000 -0.0005 -1.0000
vn -0.0220 0.0073 -0.9997
vn 0.0298 0.0036 -0.9996
vn -1.0000 0.0020 -0.0000
vn 0.0219 0.0073 0.9997
vn -0.0000 -0.0018 -1.0000
vn -0.7077 0.7066 -0.0001
vn -0.7077 0.7066 0.0001
vn 0.0022 1.0000 -0.0000
vn 0.0023 -1.0000 -0.0000
vn 0.7076 0.7066 -0.0001
vn 0.7076 0.7066 0.0001
vn -0.9999 0.0119 -0.0000
vn -0.0000 -0.0254 0.9997
vn 0.0119 0.0069 -0.9999
vn -0.0024 -0.0000 1.0000
vn 0.0024 -0.0000 1.0000
vn 0.0024 -0.0000 -1.0000
vn 0.0020 0.0106 0.9999
vn 0.0259 0.0068 0.9996
vn -0.0119 0.0069 0.9999
vn -0.0000 -0.0031 -1.0000
vn -0.0000 0.0078 -1.0000
vn -0.0258 0.0068 -0.9996
vn 1.0000 -0.0002 -0.0000
vn 0.0492 0.0004 0.9988
vn 0.0020 0.0106 -0.9999
vn -0.0000 0.0078 1.0000
vn 0.0408 0.0013 -0.9992
vn -1.0000 -0.0002 -0.0000
vn 1.0000 0.0004 -0.0000
vn -0.0491 0.0004 -0.9988
vn -0.0000 -0.0254 -0.9997
vn 0.0067 -0.0346 -0.9994
vn 1.0000 0.0020 -0.0000
vn -0.0408 0.0013 0.9992
vn 0.0572 0.0011 0.9984
vn 0.0015 -0.0025 -1.0000
vn -1.0000 0.0006 -0.0000
vn -0.0000 -0.0001 -1.0000
vn 0.0492 0.0004 -0.9988
vn -0.0067 -0.0346 0.9994
vn -0.0572 0.0011 -0.9984
vn 1.0000 0.0006 -0.0000
vn -0.0491 0.0004 0.9988
vn 0.6791 -0.7341 -0.0001
vn -0.0024 -0.0000 -1.0000
vn -0.6791 -0.7341 -0.0001
vn -0.0078 -0.0000 1.0000
vn 0.0078 -0.0000 1.0000
vn 0.0078 -0.0000 -1.0000
vn -0.0078 -0.0000 -1.0000
vn 0.6791 -0.7341 0.0001
vn -0.6791 -0.7341 0.0001
vn 0.0025 0.0081 1.0000
vn -0.0080 -0.0263 -0.9996
vn -0.0080 -0.0263 0.9996
vn 0.0025 0.0081 -1.0000
vn 0.0080 -0.0263 -0.9996
vn -0.0025 0.0081 1.0000
vn -0.0025 0.0081 -1.0000
vn 0.0080 -0.0263 0.9996
vn 0.7117 0.7025 -0.0000
vn 1.0000 0.0009 -0.0000
vn -1.0000 -0.0020 -0.0000
vn 1.0000 -0.0019 -0.0000
vn -0.7117 0.7025 -0.0000
vn 0.6919 -0.7220 -0.0000
vn -0.6919 -0.7220 -0.0000
vn 0.6495 0.7604 0.0001
vn -0.7131 -0.7011 -0.0000
vn -0.7117 0.7024 -0.0000
vn -0.6918 0.7221 -0.0000
vn 0.6918 0.7221 -0.0000
vn 0.7132 -0.7010 -0.0000
vn -1.0000 0.0011 -0.0000
vn 0.4327 -0.9015 0.0006
vn -0.4327 -0.9015 0.0006
vn 0.4327 -0.9015 -0.0006
vn -0.4327 -0.9015 -0.0006
vn 1.0000 0.0001 -0.0000
vn -0.0000 -0.0305 0.9995
vn -0.0000 -0.0017 1.0000
vn -0.0000 -0.0021 -1.0000
vn -0.0000 -0.0305 -0.9995
vn -0.0015 -0.0025 1.0000
vn -0.0000 -0.0001 1.0000
vn -0.0000 -0.0021 1.0000
vn -0.0024 -0.0016 -1.0000
vn -0.0007 0.0005 1.0000
vn 0.0067 -0.0346 0.9994
vn -0.0020 0.0106 0.9999
vn 0.0024 -0.0016 1.0000
vn 0.0010 0.0002 -1.0000
vn -0.7004 0.7138 -0.0000
vn 0.7004 0.7138 -0.0000
vn 0.6760 0.7369 -0.0000
vn -0.6752 -0.7377 -0.0000
vn 0.7004 -0.7138 -0.0000
vn 0.6752 -0.7376 -0.0000
vn -0.6760 0.7369 -0.0000
vn -0.0015 -0.0025 -1.0000
vn -0.0024 -0.0016 1.0000
vn 0.9036 -0.4283 -0.0009
vn 0.9036 -0.4283 0.0009
vn -0.5222 0.8528 -0.0000
vn 0.8920 -0.4520 -0.0000
vn 0.0007 0.0005 1.0000
vn 0.0004 0.0008 -1.0000
vn -0.0113 0.0216 -0.9997
vn -0.0043 0.0049 1.0000
vn -0.5349 0.8449 -0.0000
vn 0.0015 -0.0025 1.0000
vn -0.0004 0.0008 1.0000
vn -0.9036 -0.4283 -0.0009
vn -0.9036 -0.4283 0.0009
vn 0.0024 -0.0016 -1.0000
vn -0.0007 0.0005 -1.0000
vn 0.5222 0.8528 -0.0000
vn -0.8920 -0.4520 -0.0000
vn 0.0113 0.0216 0.9997
vn 0.0042 0.0049 -1.0000
vn 0.5347 0.8451 -0.0000
vn 0.7512 -0.5162 -0.4113
vn 0.9252 -0.0000 -0.3795
vn -0.7508 0.5148 -0.4139
vn 0.4494 0.3161 -0.8355
vn 0.2145 0.2481 -0.9447
vn -0.0000 0.2381 -0.9712
vn -0.2145 0.2480 -0.9447
vn -0.4508 -0.0000 -0.8926
vn -0.2190 -0.0000 -0.9757
vn 0.2190 -0.0000 -0.9757
vn -0.4494 -0.3154 -0.8358
vn -0.2145 -0.2475 -0.9448
vn -0.0000 -0.2377 -0.9713
vn 0.2145 -0.2475 -0.9448
vn 0.7508 0.5149 -0.4139
vn 0.4508 -0.0000 -0.8926
vn 0.4494 -0.3154 -0.8358
vn -0.7512 -0.5162 -0.4113
vn -0.9252 -0.0000 -0.3795
vn -0.4494 0.3161 -0.8356
vn -0.0000 -0.9880 -0.1543
vn -0.1593 -0.9735 -0.1640
vn -0.8944 -0.0000 -0.4473
vn 0.2966 0.9252 -0.2366
vn -0.2973 -0.9256 -0.2342
vn -0.7723 -0.4899 -0.4044
vn 0.1593 0.9718 -0.1740
vn -0.2966 0.9252 -0.2366
vn -0.7740 0.4905 -0.4003
vn -0.0000 0.9863 -0.1648
vn 0.8944 -0.0000 -0.4474
vn -0.1592 0.9718 -0.1740
vn 0.7723 -0.4899 -0.4044
vn 0.2973 -0.9256 -0.2342
vn 0.7740 0.4905 -0.4004
vn 0.1593 -0.9735 -0.1640
vn 0.3756 -0.8474 -0.3753
vn -0.1838 -0.9321 -0.3121
vn 0.1838 -0.9321 -0.3121
vn -0.0000 -0.9534 -0.3018
vn -0.3756 -0.8474 -0.3753
vn 0.1874 0.9278 -0.3227
vn -0.1874 0.9278 -0.3227
vn -0.3814 0.8405 -0.3848
vn 0.3814 0.8405 -0.3848
vn -0.0000 0.9494 -0.3141
vn -0.3708 0.6398 -0.6732
vn 0.8660 0.2255 -0.4462
vn -0.1224 0.6750 -0.7276
vn 0.1224 0.6750 -0.7276
vn 0.3708 0.6398 -0.6732
vn 0.5252 0.5898 -0.6134
vn -0.3710 -0.6429 -0.6701
vn -0.1225 -0.6796 -0.7233
vn 0.1225 -0.6796 -0.7233
vn 0.3710 -0.6429 -0.6701
vn 0.5264 -0.5917 -0.6106
vn 0.3341 0.1359 -0.9327
vn 0.1094 0.1226 -0.9864
vn -0.1092 0.1225 -0.9864
vn -0.3341 0.1359 -0.9327
vn -0.6885 0.2779 -0.6699
vn 0.3340 -0.1358 -0.9327
vn 0.1092 -0.1222 -0.9865
vn -0.1092 -0.1222 -0.9865
vn -0.3340 -0.1358 -0.9328
vn -0.6888 -0.2773 -0.6698
vn -0.8730 0.2377 -0.4259
vn -0.8728 -0.2389 -0.4256
vn -0.5854 0.6896 -0.4263
vn -0.5252 0.5899 -0.6134
vn -0.5831 -0.6935 -0.4231
vn -0.5264 -0.5916 -0.6107
vn 0.5855 0.6895 -0.4264
vn 0.5831 -0.6935 -0.4231
vn 0.8731 0.2376 -0.4258
vn 0.6886 0.2778 -0.6698
vn 0.8727 -0.2390 -0.4257
vn 0.6889 -0.2773 -0.6697
vn -0.2351 0.9673 -0.0948
vn -0.0826 0.9941 -0.0704
vn 0.0826 0.9941 -0.0702
vn 0.2354 0.9673 -0.0947
vn -0.2351 -0.9677 -0.0910
vn -0.0825 -0.9944 -0.0660
vn 0.0825 -0.9944 -0.0662
vn 0.2351 -0.9677 -0.0909
vn -0.8661 0.2255 -0.4461
vn -0.8662 -0.2255 -0.4458
vn -0.6542 0.6780 -0.3352
vn -0.6551 -0.6761 -0.3373
vn 0.6541 0.6781 -0.3351
vn 0.6549 -0.6761 -0.3376
vn 0.8663 -0.2254 -0.4458
vn -0.2519 -0.9340 -0.2534
vn 0.0856 -0.9692 -0.2309
vn -0.0855 -0.9692 -0.2310
vn 0.2519 -0.9340 -0.2533
vn -0.2545 0.9309 -0.2620
vn -0.0874 0.9662 -0.2425
vn 0.2545 0.9309 -0.2620
vn 0.0872 0.9663 -0.2423
vn 0.9325 -0.0000 -0.3612
vn 0.8011 -0.5241 -0.2891
vn 0.8009 0.5252 -0.2876
vn -0.9325 -0.0000 -0.3611
vn -0.8011 -0.5241 -0.2890
vn -0.8009 0.5251 -0.2876
vn 0.1590 -0.9867 -0.0329
vn -0.0000 -0.9998 -0.0174
vn -0.1590 -0.9867 -0.0329
vn 0.1589 0.9866 -0.0368
vn -0.0000 0.9998 -0.0217
vn -0.1589 0.9866 -0.0370
vn 0.3382 -0.8876 -0.3127
vn 0.8838 -0.2800 -0.3749
vn 0.8837 0.2799 -0.3750
vn 0.9102 -0.0000 -0.4142
vn 0.7807 -0.4725 -0.4090
vn 0.7816 0.4704 -0.4095
vn -0.5676 -0.6739 -0.4729
vn -0.5686 0.6687 -0.4791
vn -0.9102 -0.0000 -0.4141
vn -0.7807 -0.4725 -0.4090
vn -0.7816 0.4704 -0.4096
vn -0.4488 -0.1571 -0.8797
vn -0.2175 -0.1251 -0.9680
vn -0.0000 -0.1197 -0.9928
vn 0.2175 -0.1251 -0.9680
vn -0.4488 0.1572 -0.8797
vn -0.2175 0.1253 -0.9680
vn -0.0000 0.1199 -0.9928
vn 0.2175 0.1255 -0.9680
vn 0.4665 -0.6143 -0.6364
vn 0.2291 -0.6656 -0.7103
vn -0.0000 -0.6831 -0.7303
vn -0.2291 -0.6656 -0.7103
vn 0.4669 0.6115 -0.6388
vn 0.2294 0.6618 -0.7137
vn -0.0000 0.6784 -0.7347
vn -0.2293 0.6618 -0.7137
vn 0.3307 0.2751 -0.9028
vn 0.1050 0.2494 -0.9627
vn -0.1048 0.2494 -0.9627
vn -0.3307 0.2751 -0.9027
vn -0.3388 -0.0000 -0.9409
vn -0.1104 -0.0000 -0.9939
vn 0.1104 -0.0000 -0.9939
vn 0.3389 -0.0000 -0.9408
vn -0.3304 -0.2746 -0.9030
vn -0.1048 -0.2491 -0.9628
vn 0.1048 -0.2490 -0.9628
vn 0.3304 -0.2746 -0.9030
vn 0.4488 -0.1570 -0.8797
vn 0.4488 0.1571 -0.8797
vn 0.5676 -0.6739 -0.4729
vn 0.5686 0.6687 -0.4790
vn 0.6074 0.4791 -0.6337
vn 0.7399 -0.0000 -0.6727
vn 0.6087 -0.4792 -0.6323
vn -0.4665 -0.6143 -0.6364
vn -0.4669 0.6115 -0.6389
vn -0.8838 -0.2800 -0.3749
vn -0.8837 0.2800 -0.3750
vn -0.6086 -0.4791 -0.6325
vn -0.7399 -0.0000 -0.6727
vn -0.6074 0.4790 -0.6338
vn -0.6377 -0.7057 -0.3089
vn -0.3382 -0.8876 -0.3127
vn -0.0890 -0.9454 -0.3134
vn 0.0819 -0.9830 -0.1644
vn -0.6380 0.7063 -0.3068
vn -0.2709 -0.9021 -0.3360
vn -0.8951 0.2375 -0.3774
vn -0.8949 -0.2381 -0.3775
vn 0.2377 0.9512 -0.1965
vn 0.0819 0.9814 -0.1739
vn -0.2752 0.8972 -0.3455
vn -0.0820 0.9813 -0.1739
vn 0.8949 -0.2381 -0.3775
vn 0.8951 0.2375 -0.3774
vn 0.6376 -0.7058 -0.3088
vn 0.2709 -0.9020 -0.3360
vn 0.6380 0.7063 -0.3068
vn -0.2381 -0.9528 -0.1885
vn 0.0890 -0.9454 -0.3134
vn -0.0818 -0.9830 -0.1643
vn 0.2381 -0.9528 -0.1885
vn -0.1710 -0.9556 -0.2399
vn -0.3424 0.8841 -0.3179
vn 0.3006 -0.9536 0.0151
vn 0.1710 -0.9557 -0.2398
vn -0.0000 -0.9734 -0.2291
vn -0.2376 0.9513 -0.1965
vn -0.0912 0.9406 -0.3271
vn 0.2752 0.8972 -0.3455
vn 0.0912 0.9406 -0.3271
vn 0.1738 0.9525 -0.2502
vn -0.1738 0.9525 -0.2502
vn 0.3000 0.9538 0.0132
vn -0.0000 0.9706 -0.2407
vn -0.3000 0.9538 0.0132
vn -0.3006 -0.9536 0.0153
vn 0.3424 0.8841 -0.3180
vn -0.1219 -0.9666 0.2253
vn -0.1220 0.9666 0.2255
vn 0.0617 -0.9914 -0.1151
vn -0.7494 -0.6444 0.1518
vn 0.6562 0.7490 -0.0915
vn 0.6516 -0.7525 -0.0956
vn -0.7450 0.6486 0.1558
vn -0.5501 -0.4314 -0.7151
vn 0.4520 0.3635 0.8146
vn 0.5874 -0.0000 0.8093
vn -0.7479 -0.0000 -0.6638
vn 0.4513 -0.3615 0.8159
vn -0.5499 0.4298 -0.7162
vn 0.1431 -0.6781 0.7209
vn -0.0569 0.8101 -0.5835
vn -0.0537 0.3349 -0.9407
vn -0.0558 -0.8115 -0.5817
vn 0.1405 0.6821 0.7177
vn -0.0000 0.3360 -0.9419
vn -0.1667 0.9834 -0.0716
vn 0.3176 -0.9395 0.1283
vn 0.0537 0.3349 -0.9407
vn 0.3172 0.9397 0.1281
vn -0.0539 -0.3364 -0.9402
vn -0.1665 -0.9834 -0.0716
vn 0.5499 0.4298 -0.7162
vn -0.0000 -0.3373 -0.9414
vn -0.4512 -0.3615 0.8159
vn 0.7479 -0.0000 -0.6638
vn 0.0539 -0.3364 -0.9402
vn -0.5874 -0.0000 0.8093
vn -0.4521 0.3635 0.8146
vn 0.0881 0.4162 -0.9050
vn 0.5501 -0.4313 -0.7151
vn -0.0996 -0.3850 0.9175
vn -0.7160 0.6980 0.0132
vn 0.1666 0.9834 -0.0715
vn 0.8560 -0.5150 0.0454
vn -0.3175 -0.9395 0.1282
vn -0.0881 0.4162 -0.9050
vn -0.3173 0.9396 0.1282
vn 0.0996 -0.3850 0.9175
vn 0.1665 -0.9834 -0.0716
vn -0.9895 0.1440 0.0119
vn 0.4467 -0.0000 0.8947
vn 0.9967 -0.0798 0.0111
vn -0.4137 -0.0001 -0.9104
vn 0.9922 0.1226 -0.0204
vn 0.3285 -0.2751 0.9035
vn -0.9980 -0.0559 0.0293
vn -0.3259 0.2807 -0.9028
vn -0.7165 -0.6974 0.0181
vn 0.3193 0.2885 0.9027
vn 0.8553 0.5166 0.0394
vn -0.3178 -0.2951 -0.9011
vn -0.9306 0.3660 0.0053
vn 0.7494 -0.6444 0.1518
vn 0.9501 -0.3114 0.0165
vn -0.6562 0.7490 -0.0915
vn 0.3951 0.9178 -0.0389
vn -0.6516 -0.7525 -0.0956
vn -0.2383 -0.9645 0.1135
vn 0.7450 0.6487 0.1558
vn 0.3954 -0.9178 -0.0373
vn -0.4467 -0.0000 0.8947
vn -0.2381 0.9647 0.1124
vn 0.4136 -0.0001 -0.9105
vn -0.9677 0.2354 0.0903
vn 0.3259 0.2807 -0.9028
vn 0.9538 -0.2899 -0.0789
vn -0.3285 -0.2751 0.9035
vn -0.9980 0.0561 0.0288
vn 0.3179 -0.2951 -0.9010
vn 0.9922 -0.1232 -0.0188
vn -0.3193 0.2885 0.9027
vn 0.9499 0.3122 0.0113
vn -0.0615 0.9915 -0.1148
vn -0.9304 -0.3664 0.0112
vn 0.1219 -0.9666 0.2253
vn -0.9922 -0.1233 -0.0187
vn -0.0189 0.9964 -0.0830
vn 0.9980 0.0562 0.0288
vn 0.0386 -0.9851 0.1676
vn -0.3955 -0.9177 -0.0372
vn -0.0000 0.9967 -0.0811
vn 0.2383 0.9647 0.1124
vn -0.0000 -0.9866 0.1632
vn -0.3953 0.9177 -0.0389
vn 0.0189 0.9964 -0.0829
vn 0.2383 -0.9645 0.1135
vn -0.0386 -0.9851 0.1675
vn 0.7160 0.6980 0.0132
vn 0.1220 0.9665 0.2256
vn -0.8559 -0.5151 0.0454
vn -0.0617 -0.9914 -0.1150
vn -0.9501 -0.3115 0.0164
vn 0.0387 0.9850 0.1679
vn 0.9306 0.3660 0.0053
vn -0.0189 -0.9964 -0.0831
vn 0.7164 -0.6974 0.0182
vn -0.0000 0.9866 0.1633
vn -0.8554 0.5166 0.0393
vn -0.0000 -0.9967 -0.0812
vn -0.9538 0.2889 -0.0820
vn -0.0387 0.9850 0.1679
vn 0.9678 -0.2341 0.0929
vn 0.0189 -0.9964 -0.0831
vn 0.9895 0.1440 0.0119
vn -0.1431 -0.6781 0.7209
vn -0.9967 -0.0798 0.0111
vn 0.0569 0.8101 -0.5835
vn -0.9923 0.1224 -0.0205
vn -0.0591 -0.6258 0.7778
vn 0.9980 -0.0558 0.0294
vn -0.0027 0.8238 -0.5668
vn -0.9678 -0.2340 0.0929
vn -0.0000 -0.6127 0.7903
vn 0.9538 0.2889 -0.0820
vn -0.0000 0.8285 -0.5599
vn -0.0833 0.2848 -0.9550
vn 0.0591 -0.6258 0.7778
vn 0.0922 -0.2361 0.9674
vn 0.0027 0.8239 -0.5668
vn -0.1380 -0.4399 -0.8874
vn 0.0559 -0.8114 -0.5819
vn 0.1491 0.4102 0.8997
vn -0.1405 0.6820 0.7177
vn -0.0035 -0.8258 -0.5639
vn -0.1047 0.3516 -0.9303
vn -0.0576 0.6311 0.7736
vn 0.0833 0.2848 -0.9550
vn -0.0000 -0.8309 -0.5564
vn -0.0921 -0.2362 0.9673
vn -0.0000 0.6191 0.7853
vn -0.0000 0.2565 -0.9665
vn 0.0035 -0.8258 -0.5639
vn -0.0000 -0.2075 0.9782
vn 0.0576 0.6311 0.7736
vn 0.9677 0.2352 0.0903
vn -0.9190 -0.1122 -0.3781
vn -0.9538 -0.2899 -0.0789
vn 0.8904 0.0921 0.4458
vn -0.9894 -0.1444 0.0150
vn -0.9946 -0.0373 -0.0970
vn 0.9967 0.0804 0.0093
vn 0.9851 0.0180 0.1713
vn -0.9499 0.3122 0.0113
vn -0.9851 0.0180 0.1712
vn 0.9304 -0.3664 0.0112
vn 0.9946 -0.0373 -0.0969
vn -0.9967 0.0804 0.0093
vn -0.8904 0.0921 0.4458
vn 0.9894 -0.1443 0.0150
vn 0.9190 -0.1122 -0.3780
vn 0.1156 -0.3003 -0.9468
vn 0.9538 -0.0000 -0.3004
vn -0.1246 0.2513 0.9599
vn -0.9261 -0.0000 0.3773
vn -0.1156 -0.3002 -0.9468
vn 0.9972 -0.0000 -0.0743
vn 0.1245 0.2515 0.9598
vn -0.9892 -0.0000 0.1467
vn -0.1047 -0.3522 -0.9301
vn 0.9892 -0.0000 0.1467
vn -0.9972 -0.0000 -0.0743
vn -0.0000 -0.2685 -0.9633
vn 0.9262 -0.0000 0.3771
vn -0.0000 0.2190 0.9757
vn -0.9538 -0.0000 -0.3006
vn 0.1047 -0.3522 -0.9301
vn 0.9189 0.1119 -0.3784
vn -0.8903 -0.0919 0.4461
vn 0.9946 0.0372 -0.0971
vn 0.1047 0.3515 -0.9303
vn -0.9850 -0.0180 0.1714
vn 0.1380 -0.4399 -0.8874
vn 0.9850 -0.0179 0.1714
vn -0.1490 0.4103 0.8997
vn -0.9946 0.0372 -0.0971
vn 0.8903 -0.0919 0.4461
vn -0.9189 0.1119 -0.3784
vn 0.0614 0.9915 -0.1146
vn -0.1568 0.4825 -0.8617
vn -0.4105 0.2982 -0.8617
vn -0.5074 -0.0000 -0.8617
vn -0.4105 -0.2982 -0.8617
vn -0.1568 -0.4825 -0.8617
vn 0.1568 -0.4825 -0.8617
vn 0.4105 -0.2982 -0.8617
vn 0.5074 -0.0000 -0.8617
vn 0.4104 0.2982 -0.8617
vn 0.1568 0.4825 -0.8617
vn 0.2141 -0.6591 -0.7210
vn 0.5607 -0.4074 0.7209
vn -0.5607 -0.4074 -0.7209
vn -0.5607 0.4074 0.7209
vn 0.5606 -0.4073 -0.7210
vn -0.2142 -0.6591 -0.7209
vn 0.5607 0.4074 0.7209
vn -0.5607 -0.4074 0.7209
vn 0.6929 -0.0000 -0.7210
vn 0.5606 0.4073 -0.7210
vn 0.2332 0.7177 -0.6561
vn 0.6105 0.4436 -0.6561
vn 0.7547 -0.0000 -0.6561
vn 0.6105 -0.4436 -0.6561
vn 0.2332 -0.7177 -0.6561
vn -0.2332 -0.7177 -0.6561
vn -0.6106 -0.4436 -0.6561
vn -0.7547 -0.0000 -0.6561
vn -0.6106 0.4436 -0.6561
vn -0.2332 0.7177 -0.6561
vn -0.6929 -0.0000 -0.7210
vn -0.2142 -0.6592 0.7209
vn 0.2142 0.6592 0.7209
vn -0.5607 0.4073 -0.7209
vn -0.2141 0.6591 -0.7209
vn -0.6931 -0.0000 0.7209
vn 0.6931 -0.0000 0.7209
vn -0.2142 0.6592 0.7209
vn 0.2141 0.6591 -0.7209
vn 0.2142 -0.6592 0.7209
vn 0.4105 0.2982 -0.8617
vn 0.5607 0.4073 -0.7209
vn -0.2142 0.6591 -0.7209
vn -0.5607 0.4074 -0.7209
vn -0.6105 -0.4436 -0.6561
vn -0.6105 0.4436 -0.6561
vn -0.2141 -0.6591 -0.7209
vn 0.5607 -0.4074 -0.7209
vn 0.2142 -0.6591 -0.7209
vt 0.050601 0.456781
vt 0.040370 0.466966
vt 0.003657 0.407569
vt 0.018283 0.401709
vt 0.351676 0.389340
vt 0.366359 0.392275
vt 0.366174 0.407570
vt 0.351553 0.401709
vt 0.017205 0.017256
vt 0.002039 0.017257
vt 0.001992 0.001983
vt 0.017174 0.001983
vt 0.704327 0.441893
vt 0.719137 0.441934
vt 0.719017 0.536507
vt 0.704149 0.536460
vt 0.352349 0.163015
vt 0.367369 0.163015
vt 0.366913 0.177881
vt 0.352045 0.177881
vt 0.319241 0.456781
vt 0.329469 0.466967
vt 0.269867 0.503465
vt 0.264031 0.488955
vt 0.017915 0.271563
vt 0.003104 0.271567
vt 0.002932 0.177879
vt 0.017800 0.177880
vt 0.607772 0.225083
vt 0.593030 0.210527
vt 0.622988 0.210621
vt 0.617107 0.225112
vt 0.672216 0.257459
vt 0.682476 0.247305
vt 0.718996 0.306816
vt 0.704356 0.312632
vt 0.680637 0.130242
vt 0.674219 0.130242
vt 0.674219 0.020270
vt 0.680637 0.020270
vt 0.129937 0.488956
vt 0.129937 0.503466
vt 0.099981 0.503466
vt 0.105816 0.488956
vt 0.771327 0.078374
vt 0.759110 0.070682
vt 0.809260 0.021991
vt 0.818136 0.034868
vt 0.803495 0.372244
vt 0.788844 0.375540
vt 0.786017 0.360939
vt 0.800523 0.357675
vt 0.094337 0.086234
vt 0.108946 0.086234
vt 0.108946 0.196206
vt 0.094337 0.196206
vt 0.704254 0.697086
vt 0.719425 0.697133
vt 0.719426 0.712407
vt 0.704238 0.712359
vt 0.754478 0.151289
vt 0.739504 0.151648
vt 0.736325 0.136687
vt 0.751881 0.139195
vt 0.384071 0.035559
vt 0.378325 0.035689
vt 0.377808 0.019449
vt 0.383691 0.019261
vt 0.280115 0.098516
vt 0.285002 0.096586
vt 0.290766 0.110446
vt 0.285748 0.112533
vt 0.227338 0.296370
vt 0.233375 0.296370
vt 0.233375 0.390058
vt 0.227338 0.390058
vt 0.125473 0.058329
vt 0.119437 0.058329
vt 0.119436 0.028373
vt 0.125473 0.028373
vt 0.713083 0.014437
vt 0.719169 0.014437
vt 0.719169 0.124410
vt 0.713082 0.124410
vt 0.465935 0.173201
vt 0.465935 0.179237
vt 0.371363 0.179237
vt 0.371363 0.173201
vt 0.849648 0.417621
vt 0.843612 0.417621
vt 0.843612 0.347794
vt 0.849648 0.347794
vt 0.119775 0.535971
vt 0.119775 0.529934
vt 0.189597 0.529934
vt 0.189597 0.535971
vt 0.978336 0.438116
vt 0.983862 0.438116
vt 0.983861 0.453389
vt 0.978362 0.453390
vt 0.417182 0.453954
vt 0.422708 0.453954
vt 0.422706 0.469227
vt 0.417207 0.469228
vt 0.105438 0.545210
vt 0.099925 0.545209
vt 0.099928 0.529936
vt 0.105427 0.529936
vt 0.794032 0.829588
vt 0.799978 0.829588
vt 0.799978 0.836106
vt 0.793981 0.836106
vt 0.239812 0.258035
vt 0.245854 0.258035
vt 0.245856 0.310079
vt 0.239769 0.310079
vt 0.631612 0.687792
vt 0.631612 0.577820
vt 0.638029 0.577820
vt 0.638029 0.687792
vt 0.125473 0.168301
vt 0.139055 0.058329
vt 0.139055 0.168301
vt 0.040819 0.302917
vt 0.046861 0.302917
vt 0.046862 0.354960
vt 0.040776 0.354960
vt 0.934631 0.704478
vt 0.928789 0.704476
vt 0.928809 0.610803
vt 0.934602 0.610806
vt 0.115458 0.756914
vt 0.109804 0.756914
vt 0.109804 0.742047
vt 0.115597 0.742046
vt 0.271613 0.072932
vt 0.275987 0.071561
vt 0.279773 0.083643
vt 0.275148 0.085219
vt 0.383846 0.065833
vt 0.378563 0.065746
vt 0.378803 0.051161
vt 0.384293 0.051176
vt 0.900106 0.132635
vt 0.885131 0.132345
vt 0.883520 0.123040
vt 0.898953 0.126220
vt 0.441370 0.060047
vt 0.447940 0.043813
vt 0.454803 0.046590
vt 0.448233 0.062824
vt 0.895810 0.033220
vt 0.880878 0.030537
vt 0.883564 0.015501
vt 0.898512 0.018188
vt 0.395787 0.345159
vt 0.395787 0.409060
vt 0.389369 0.409060
vt 0.389369 0.345159
vt 0.988522 0.043821
vt 0.988522 0.023104
vt 0.994934 0.023104
vt 0.994934 0.043821
vt 0.389076 0.471713
vt 0.389075 0.413793
vt 0.395493 0.413793
vt 0.395493 0.471713
vt 0.939106 0.349613
vt 0.924325 0.352269
vt 0.921842 0.337612
vt 0.936476 0.334980
vt 0.136425 0.712878
vt 0.136425 0.806561
vt 0.130007 0.806561
vt 0.130007 0.712878
vt 0.913894 0.076368
vt 0.902023 0.068153
vt 0.947114 0.031752
vt 0.955423 0.045001
vt 0.924820 0.763888
vt 0.924820 0.773332
vt 0.918402 0.773332
vt 0.918402 0.763888
vt 0.119217 0.459934
vt 0.119217 0.474444
vt 0.100930 0.474444
vt 0.106765 0.459934
vt 0.119437 0.168301
vt 0.611197 0.246018
vt 0.607697 0.246004
vt 0.607752 0.231494
vt 0.617087 0.231530
vt 0.844814 0.449926
vt 0.832945 0.458141
vt 0.814444 0.403255
vt 0.829872 0.400073
vt 0.733774 0.649224
vt 0.733774 0.585373
vt 0.740192 0.585373
vt 0.740192 0.649224
vt 0.898597 0.483495
vt 0.881477 0.495160
vt 0.878033 0.494541
vt 0.886343 0.481292
vt 0.777482 0.746276
vt 0.777482 0.688328
vt 0.783900 0.688328
vt 0.783900 0.746276
vt 0.036817 0.271553
vt 0.022006 0.271557
vt 0.021948 0.177879
vt 0.036817 0.177880
vt 0.239909 0.488956
vt 0.239909 0.503465
vt 0.288063 0.436409
vt 0.298292 0.446594
vt 0.247476 0.474444
vt 0.241640 0.459934
vt 0.403307 0.066750
vt 0.414431 0.066969
vt 0.411698 0.066671
vt 0.406403 0.066093
vt 0.311589 0.163014
vt 0.326609 0.163014
vt 0.326457 0.177880
vt 0.311589 0.177881
vt 0.680637 0.148529
vt 0.674219 0.148529
vt 0.850667 0.284380
vt 0.836090 0.281764
vt 0.852761 0.188683
vt 0.867395 0.191313
vt 0.285242 0.081434
vt 0.290472 0.094377
vt 0.036817 0.017254
vt 0.021651 0.017254
vt 0.021635 0.001981
vt 0.036817 0.001981
vt 0.631612 0.553699
vt 0.638029 0.553699
vt 0.311589 0.383468
vt 0.326272 0.386403
vt 0.326210 0.395847
vt 0.311589 0.389986
vt 0.255982 0.076550
vt 0.244916 0.076480
vt 0.247887 0.077184
vt 0.253245 0.076765
vt 0.060342 0.436409
vt 0.050111 0.446594
vt 0.022190 0.395846
vt 0.036817 0.389986
vt 0.388681 0.570837
vt 0.388787 0.477149
vt 0.403800 0.477207
vt 0.403845 0.570868
vt 0.435816 0.057995
vt 0.423051 0.054435
vt 0.426983 0.037751
vt 0.441570 0.041581
vt 0.419055 0.053597
vt 0.401172 0.051980
vt 0.401398 0.035727
vt 0.422360 0.037081
vt 0.243003 0.091890
vt 0.260456 0.089097
vt 0.264936 0.103737
vt 0.245192 0.109081
vt 0.238482 0.092321
vt 0.240527 0.110083
vt 0.418389 0.069660
vt 0.170569 0.228955
vt 0.152239 0.228955
vt 0.152797 0.214082
vt 0.170011 0.214082
vt 0.237810 0.075448
vt 0.152991 0.120413
vt 0.169817 0.120413
vt 0.174809 0.228955
vt 0.174355 0.214083
vt 0.193560 0.549693
vt 0.193560 0.534471
vt 0.245603 0.534650
vt 0.245603 0.549514
vt 0.193560 0.554225
vt 0.245603 0.554079
vt 0.649970 0.763488
vt 0.539997 0.763489
vt 0.539998 0.748978
vt 0.649970 0.748978
vt 0.148610 0.120414
vt 0.148452 0.214083
vt 0.771004 0.525659
vt 0.766439 0.525659
vt 0.766439 0.415686
vt 0.771004 0.415686
vt 0.301310 0.180729
vt 0.286087 0.180729
vt 0.286267 0.128687
vt 0.301131 0.128687
vt 0.305842 0.180729
vt 0.305696 0.128686
vt 0.183862 0.383468
vt 0.199852 0.383468
vt 0.199648 0.389987
vt 0.184066 0.389987
vt 0.400820 0.188659
vt 0.510792 0.188659
vt 0.510792 0.202241
vt 0.400820 0.202241
vt 0.201580 0.017251
vt 0.182134 0.017251
vt 0.182075 0.001977
vt 0.201639 0.001977
vt 0.205715 0.017251
vt 0.205763 0.001977
vt 0.113025 0.168301
vt 0.113025 0.058329
vt 0.179403 0.383468
vt 0.179568 0.389987
vt 0.982155 0.017483
vt 0.966860 0.017655
vt 0.960968 0.001975
vt 0.979209 0.001976
vt 0.552211 0.281233
vt 0.548067 0.281233
vt 0.548173 0.265959
vt 0.552297 0.265959
vt 0.209733 0.065881
vt 0.209733 0.001976
vt 0.216151 0.001976
vt 0.216151 0.065881
vt 0.105061 0.297072
vt 0.100916 0.297071
vt 0.101022 0.281798
vt 0.105147 0.281798
vt 0.422453 0.623853
vt 0.422453 0.653809
vt 0.407842 0.659648
vt 0.407844 0.623853
vt 0.090827 0.358347
vt 0.095355 0.358347
vt 0.095355 0.428170
vt 0.090827 0.428170
vt 0.198304 0.721137
vt 0.140383 0.721137
vt 0.140383 0.714719
vt 0.198304 0.714719
vt 0.551671 0.502093
vt 0.547144 0.502093
vt 0.547144 0.432265
vt 0.551671 0.432265
vt 0.422453 0.513881
vt 0.407844 0.513881
vt 0.510792 0.208277
vt 0.400820 0.208277
vt 0.260296 0.205241
vt 0.260296 0.220110
vt 0.253879 0.220110
vt 0.253879 0.205241
vt 0.510792 0.184131
vt 0.540748 0.184131
vt 0.540748 0.188659
vt 0.785868 0.525659
vt 0.785868 0.415686
vt 0.951369 0.151986
vt 0.946841 0.151986
vt 0.946841 0.057414
vt 0.951369 0.057414
vt 0.270458 0.119132
vt 0.250214 0.126971
vt 0.704590 0.137991
vt 0.709118 0.137991
vt 0.709118 0.231679
vt 0.704590 0.231679
vt 0.401608 0.018562
vt 0.424260 0.018498
vt 0.385516 0.333199
vt 0.370840 0.330208
vt 0.371008 0.317840
vt 0.385613 0.323756
vt 0.631908 0.254815
vt 0.616948 0.252294
vt 0.619455 0.237228
vt 0.634431 0.239752
vt 0.384335 0.556586
vt 0.369317 0.556529
vt 0.369672 0.541665
vt 0.384540 0.541721
vt 0.413727 0.273115
vt 0.403535 0.262891
vt 0.458873 0.230927
vt 0.464652 0.245459
vt 0.515876 0.763489
vt 0.521711 0.748978
vt 0.926282 0.219019
vt 0.926282 0.109047
vt 0.940548 0.109047
vt 0.940548 0.219019
vt 0.588623 0.682915
vt 0.576844 0.691259
vt 0.554135 0.631583
vt 0.569527 0.628233
vt 0.442787 0.546091
vt 0.427975 0.546096
vt 0.427861 0.452413
vt 0.442729 0.452414
vt 0.719073 0.721128
vt 0.729301 0.731314
vt 0.674092 0.763488
vt 0.668257 0.748978
vt 0.747389 0.437548
vt 0.762409 0.437548
vt 0.762106 0.452414
vt 0.747238 0.452415
vt 0.589852 0.506515
vt 0.575248 0.504058
vt 0.590850 0.410786
vt 0.605511 0.413258
vt 0.442432 0.291789
vt 0.427265 0.291789
vt 0.427234 0.276516
vt 0.442416 0.276516
vt 0.747053 0.660938
vt 0.761736 0.663873
vt 0.761613 0.676242
vt 0.746991 0.670381
vt 0.470892 0.721128
vt 0.460661 0.731314
vt 0.428344 0.676242
vt 0.442971 0.670381
vt 0.469039 0.281229
vt 0.449594 0.281229
vt 0.449535 0.265956
vt 0.469097 0.265956
vt 0.471329 0.662092
vt 0.490774 0.662092
vt 0.490833 0.677365
vt 0.471271 0.677365
vt 0.912364 0.587624
vt 0.897557 0.587624
vt 0.897290 0.511467
vt 0.912631 0.511467
vt 0.938697 0.516735
vt 0.953503 0.516735
vt 0.953771 0.592874
vt 0.938430 0.592874
vt 0.472668 0.406929
vt 0.489436 0.406929
vt 0.489658 0.501473
vt 0.472445 0.501473
vt 0.400820 0.184131
vt 0.926279 0.073252
vt 0.940551 0.073252
vt 0.467700 0.535506
vt 0.450932 0.535506
vt 0.450710 0.441846
vt 0.467923 0.441846
vt 0.628979 0.090468
vt 0.614077 0.090913
vt 0.614077 0.075900
vt 0.628949 0.075918
vt 0.332478 0.855734
vt 0.332478 0.871007
vt 0.326060 0.871007
vt 0.326060 0.855734
vt 0.698752 0.599180
vt 0.698752 0.614454
vt 0.684697 0.614419
vt 0.684651 0.599145
vt 0.602257 0.202603
vt 0.617127 0.202603
vt 0.617127 0.209020
vt 0.602257 0.209020
vt 0.603494 0.110214
vt 0.603946 0.125117
vt 0.588947 0.125117
vt 0.588986 0.110244
vt 0.081282 0.887962
vt 0.081282 0.897405
vt 0.074864 0.897405
vt 0.074864 0.887962
vt 0.231031 0.508820
vt 0.246305 0.508821
vt 0.246269 0.522802
vt 0.230996 0.522851
vt 0.996762 0.593206
vt 0.996762 0.687774
vt 0.990344 0.687774
vt 0.990345 0.593206
vt 0.372262 0.051362
vt 0.371785 0.035890
vt 0.766973 0.616303
vt 0.765943 0.546421
vt 0.781413 0.543546
vt 0.781413 0.619949
vt 0.924820 0.540497
vt 0.924820 0.555364
vt 0.918402 0.555364
vt 0.918402 0.540497
vt 0.736090 0.456337
vt 0.736090 0.362659
vt 0.742508 0.362659
vt 0.742508 0.456337
vt 0.606660 0.522452
vt 0.608431 0.592252
vt 0.592008 0.595938
vt 0.592008 0.519780
vt 0.265394 0.572177
vt 0.280668 0.572177
vt 0.280668 0.578595
vt 0.265394 0.578595
vt 0.723396 0.476314
vt 0.723396 0.463944
vt 0.729813 0.463944
vt 0.729813 0.476314
vt 0.213544 0.610348
vt 0.143654 0.611399
vt 0.140776 0.595931
vt 0.217150 0.595931
vt 0.332478 0.600545
vt 0.332478 0.695107
vt 0.326060 0.695107
vt 0.326060 0.600545
vt 0.081282 0.664571
vt 0.081282 0.679438
vt 0.074864 0.679438
vt 0.074864 0.664571
vt 0.293390 0.564269
vt 0.291652 0.494463
vt 0.308004 0.490830
vt 0.308004 0.566969
vt 0.119634 0.595105
vt 0.119634 0.582735
vt 0.126052 0.582735
vt 0.126052 0.595105
vt 0.286138 0.617049
vt 0.301412 0.617049
vt 0.301412 0.623467
vt 0.286138 0.623467
vt 0.738713 0.017280
vt 0.738890 0.032575
vt 0.723123 0.038467
vt 0.723145 0.020226
vt 0.371402 0.141895
vt 0.429351 0.141895
vt 0.429351 0.148312
vt 0.371402 0.148312
vt 0.423706 0.001983
vt 0.427205 0.001983
vt 0.427205 0.008400
vt 0.423706 0.008394
vt 0.036642 0.581667
vt 0.036643 0.676239
vt 0.021643 0.676198
vt 0.021467 0.581654
vt 0.581365 0.646592
vt 0.581365 0.582738
vt 0.587782 0.582738
vt 0.587782 0.646592
vt 0.488700 0.008385
vt 0.485201 0.008391
vt 0.485201 0.001974
vt 0.488700 0.001974
vt 0.094337 0.056276
vt 0.108948 0.050437
vt 0.217548 0.093207
vt 0.217548 0.112399
vt 0.209438 0.112399
vt 0.209438 0.093207
vt 0.736090 0.202033
vt 0.736090 0.186760
vt 0.742508 0.186760
vt 0.742508 0.202033
vt 0.232713 0.617049
vt 0.232713 0.623467
vt 0.081282 0.503538
vt 0.081282 0.518812
vt 0.074864 0.518812
vt 0.074864 0.503538
vt 0.177602 0.508757
vt 0.177572 0.523024
vt 0.630716 0.151124
vt 0.615442 0.151125
vt 0.615406 0.137094
vt 0.630680 0.137143
vt 0.301412 0.634030
vt 0.286138 0.634030
vt 0.286138 0.627612
vt 0.301412 0.627612
vt 0.332478 0.802308
vt 0.326060 0.802308
vt 0.471608 0.608668
vt 0.490495 0.608668
vt 0.747557 0.276516
vt 0.762745 0.276516
vt 0.762713 0.291789
vt 0.747541 0.291789
vt 0.623103 0.307511
vt 0.608218 0.305002
vt 0.245236 0.130312
vt 0.201301 0.070679
vt 0.182413 0.070679
vt 0.430465 0.017641
vt 0.311589 0.001981
vt 0.326777 0.001981
vt 0.326761 0.017254
vt 0.311589 0.017254
vt 0.886359 0.085803
vt 0.871502 0.083133
vt 0.105497 0.598636
vt 0.099913 0.598635
vt 0.978213 0.384691
vt 0.983867 0.384690
vt 0.704269 0.643660
vt 0.719365 0.643707
vt 0.352684 0.001983
vt 0.367872 0.001983
vt 0.367824 0.017257
vt 0.352652 0.017256
vt 0.736090 0.255459
vt 0.742508 0.255459
vt 0.211969 0.572177
vt 0.211969 0.578595
vt 0.924820 0.379465
vt 0.924820 0.394739
vt 0.918402 0.394739
vt 0.918402 0.379465
vt 0.698813 0.545751
vt 0.684489 0.545722
vt 0.971837 0.625018
vt 0.971837 0.609744
vt 0.985939 0.609710
vt 0.985892 0.624983
vt 0.468760 0.334652
vt 0.449873 0.334652
vt 0.442506 0.345214
vt 0.427414 0.345214
vt 0.383556 0.717616
vt 0.368375 0.717558
vt 0.368464 0.702285
vt 0.383630 0.702343
vt 0.958299 0.675129
vt 0.958299 0.659855
vt 0.964717 0.659855
vt 0.964717 0.675129
vt 0.117372 0.350498
vt 0.104651 0.350498
vt 0.117495 0.297073
vt 0.171185 0.389994
vt 0.151622 0.389994
vt 0.151681 0.374720
vt 0.171127 0.374720
vt 0.100411 0.350497
vt 0.036817 0.070680
vt 0.021725 0.070680
vt 0.967594 0.508106
vt 0.952651 0.510791
vt 0.949965 0.495756
vt 0.964892 0.493073
vt 0.115303 0.917948
vt 0.109804 0.917947
vt 0.109804 0.902674
vt 0.115318 0.902675
vt 0.417059 0.400529
vt 0.422712 0.400529
vt 0.838508 0.529423
vt 0.823696 0.532754
vt 0.820391 0.517843
vt 0.835187 0.514515
vt 0.017354 0.070681
vt 0.002262 0.070681
vt 0.430730 0.072104
vt 0.746760 0.025498
vt 0.793183 0.001974
vt 0.796613 0.010526
vt 0.752924 0.031485
vt 0.322089 0.551117
vt 0.322089 0.567145
vt 0.313190 0.567145
vt 0.313191 0.551117
vt 0.322091 0.482417
vt 0.322091 0.497690
vt 0.313192 0.497690
vt 0.313193 0.482416
vt 0.998010 0.189468
vt 0.998012 0.284025
vt 0.989113 0.284025
vt 0.989111 0.189469
vt 0.789774 0.184204
vt 0.789812 0.199478
vt 0.775432 0.199525
vt 0.775395 0.184252
vt 0.565253 0.502093
vt 0.565253 0.432265
vt 0.059692 0.077791
vt 0.065778 0.077791
vt 0.065778 0.187764
vt 0.059692 0.187764
vt 0.540748 0.202241
vt 0.119775 0.549553
vt 0.189597 0.549553
vt 0.447813 0.022496
vt 0.965492 0.384691
vt 0.965902 0.438118
vt 0.842778 0.584296
vt 0.842778 0.570023
vt 0.851677 0.570023
vt 0.851677 0.584296
vt 0.259980 0.074372
vt 0.264122 0.088304
vt 0.268788 0.102543
vt 0.961252 0.384691
vt 0.961758 0.438118
vt 0.174198 0.120414
vt 0.281556 0.180729
vt 0.281702 0.128686
vt 0.204311 0.383468
vt 0.204146 0.389987
vt 0.965988 0.453391
vt 0.961864 0.453392
vt 0.119775 0.554080
vt 0.189597 0.554080
vt 0.465935 0.155091
vt 0.465935 0.159619
vt 0.371363 0.159619
vt 0.371363 0.155091
vt 0.274314 0.117211
vt 0.435825 0.074112
vt 0.928812 0.595936
vt 0.934466 0.595938
vt 0.860614 0.339117
vt 0.854572 0.339117
vt 0.854527 0.287073
vt 0.860614 0.287073
vt 0.799978 0.463374
vt 0.794464 0.463373
vt 0.794479 0.448100
vt 0.799978 0.448101
vt 0.123021 0.297073
vt 0.117520 0.281799
vt 0.123019 0.281800
vt 0.571290 0.502093
vt 0.571290 0.432265
vt 0.790433 0.415686
vt 0.790433 0.525659
vt 0.540748 0.208277
vt 0.684972 0.137991
vt 0.691008 0.137991
vt 0.691008 0.231679
vt 0.684972 0.231679
vt 0.454653 0.024927
vt 0.799978 0.516800
vt 0.794395 0.516800
vt 0.123025 0.350499
vt 0.928846 0.434903
vt 0.934345 0.434903
vt 0.934356 0.450177
vt 0.928842 0.450177
vt 0.205489 0.070679
vt 0.723229 0.298894
vt 0.723229 0.284025
vt 0.732128 0.284025
vt 0.732128 0.298894
vt 0.129709 0.940372
vt 0.117258 0.940372
vt 0.120688 0.931819
vt 0.129709 0.931819
vt 0.322087 0.658320
vt 0.322084 0.752877
vt 0.313186 0.752877
vt 0.313188 0.658320
vt 0.155660 0.582740
vt 0.209089 0.582740
vt 0.209089 0.591639
vt 0.155660 0.591639
vt 0.474410 0.016364
vt 0.459137 0.016403
vt 0.459089 0.002023
vt 0.474362 0.001985
vt 0.998009 0.175196
vt 0.989111 0.175196
vt 0.224779 0.112007
vt 0.226663 0.133145
vt 0.397094 0.035575
vt 0.397012 0.018899
vt 0.224121 0.093177
vt 0.218068 0.075907
vt 0.224332 0.076095
vt 0.109804 0.648375
vt 0.115645 0.648374
vt 0.719177 0.193933
vt 0.713135 0.193933
vt 0.713091 0.141890
vt 0.719177 0.141890
vt 0.099848 0.911423
vt 0.105794 0.911424
vt 0.105844 0.917942
vt 0.099847 0.917941
vt 0.570171 0.281235
vt 0.564645 0.281234
vt 0.564671 0.265961
vt 0.570170 0.265961
vt 0.071209 0.358347
vt 0.077245 0.358347
vt 0.077245 0.428170
vt 0.071209 0.428170
vt 0.970987 0.151986
vt 0.964950 0.151986
vt 0.964950 0.057414
vt 0.970987 0.057414
vt 0.218966 0.133658
vt 0.570176 0.334661
vt 0.564522 0.334660
vt 0.404338 0.400529
vt 0.404748 0.453956
vt 0.195956 0.558983
vt 0.211984 0.558983
vt 0.211984 0.567881
vt 0.195956 0.567881
vt 0.551801 0.334660
vt 0.547561 0.334659
vt 0.396339 0.067173
vt 0.396929 0.051641
vt 0.070835 0.916847
vt 0.047309 0.870424
vt 0.056208 0.867005
vt 0.076999 0.910861
vt 0.974949 0.170454
vt 0.974949 0.075899
vt 0.983848 0.075899
vt 0.983848 0.170454
vt 0.803932 0.521458
vt 0.803932 0.506184
vt 0.812830 0.506184
vt 0.812830 0.521458
vt 0.322084 0.767150
vt 0.313185 0.767150
vt 0.233945 0.020552
vt 0.220417 0.020250
vt 0.220817 0.002349
vt 0.234952 0.004879
vt 0.863230 0.417621
vt 0.863230 0.347794
vt 0.143583 0.058329
vt 0.143583 0.168301
vt 0.139055 0.028373
vt 0.213757 0.296370
vt 0.213756 0.390058
vt 0.175310 0.389993
vt 0.175262 0.374719
vt 0.400098 0.400530
vt 0.400603 0.453956
vt 0.147498 0.389993
vt 0.147545 0.374719
vt 0.178225 0.070679
vt 0.177999 0.017251
vt 0.147999 0.228955
vt 0.193560 0.529939
vt 0.245603 0.530085
vt 0.177951 0.001977
vt 0.404834 0.469229
vt 0.400710 0.469229
vt 0.867758 0.417621
vt 0.867758 0.347794
vt 0.915608 0.001974
vt 0.915608 0.010526
vt 0.805635 0.010526
vt 0.805635 0.001974
vt 0.143583 0.028373
vt 0.209229 0.296370
vt 0.209229 0.390058
vt 0.047304 0.658320
vt 0.047304 0.643451
vt 0.056202 0.643451
vt 0.056203 0.658320
vt 0.663954 0.178359
vt 0.663992 0.163086
vt 0.678371 0.163133
vt 0.678334 0.178406
vt 0.974949 0.184726
vt 0.983848 0.184726
vt 0.803932 0.590915
vt 0.803932 0.574886
vt 0.812830 0.574886
vt 0.812830 0.590915
vt 0.998015 0.391229
vt 0.998016 0.444655
vt 0.989117 0.444655
vt 0.989116 0.391229
vt 0.723225 0.459929
vt 0.723226 0.444655
vt 0.732124 0.444655
vt 0.732124 0.459929
vt 0.139412 0.202633
vt 0.139409 0.215067
vt 0.124136 0.214980
vt 0.124138 0.202606
vt 0.819164 0.077793
vt 0.819162 0.065360
vt 0.834435 0.065332
vt 0.834438 0.077706
vt 0.139409 0.242704
vt 0.139412 0.255138
vt 0.124138 0.255165
vt 0.124136 0.242792
vt 0.819162 0.117864
vt 0.819164 0.105431
vt 0.834438 0.105518
vt 0.834435 0.117891
vt 0.434017 0.135646
vt 0.449291 0.135685
vt 0.449243 0.150064
vt 0.433969 0.150026
vt 0.576351 0.046868
vt 0.591625 0.046955
vt 0.591625 0.074592
vt 0.576351 0.074680
vt 0.267840 0.650892
vt 0.267820 0.638349
vt 0.297016 0.638459
vt 0.297035 0.650892
vt 0.187519 0.650710
vt 0.187539 0.638167
vt 0.216734 0.638167
vt 0.216715 0.650600
vt 0.641984 0.682688
vt 0.654527 0.682669
vt 0.654417 0.711864
vt 0.641984 0.711883
vt 0.875887 0.015183
vt 0.875974 0.030457
vt 0.848162 0.030457
vt 0.848249 0.015183
vt 0.374037 0.119464
vt 0.387334 0.120780
vt 0.386421 0.136425
vt 0.371982 0.137001
vt 0.868672 0.656271
vt 0.881216 0.656291
vt 0.881216 0.685486
vt 0.868782 0.685466
vt 0.414715 0.122901
vt 0.426656 0.123702
vt 0.426099 0.137622
vt 0.414121 0.137143
vt 0.588936 0.236917
vt 0.588936 0.251296
vt 0.561298 0.251296
vt 0.561298 0.236917
vt 0.273191 0.021839
vt 0.261365 0.021330
vt 0.262341 0.007234
vt 0.274178 0.008083
vt 0.608666 0.624983
vt 0.623939 0.624980
vt 0.623939 0.679444
vt 0.608666 0.679448
vt 0.942889 0.292351
vt 0.955323 0.292351
vt 0.955323 0.346816
vt 0.942890 0.346817
vt 0.609490 0.178240
vt 0.609527 0.162967
vt 0.909672 0.107574
vt 0.922106 0.107574
vt 0.922105 0.162039
vt 0.909672 0.162039
vt 0.765851 0.624980
vt 0.781125 0.624983
vt 0.781125 0.679448
vt 0.765851 0.679444
vt 0.844239 0.184085
vt 0.844276 0.199358
vt 0.698763 0.674167
vt 0.683489 0.674163
vt 0.683489 0.619699
vt 0.698763 0.619703
vt 0.687682 0.358346
vt 0.700116 0.358346
vt 0.700115 0.412811
vt 0.687682 0.412811
vt 0.474532 0.070829
vt 0.459258 0.070867
vt 0.832069 0.674165
vt 0.816795 0.674169
vt 0.816795 0.619705
vt 0.832069 0.619700
vt 0.494765 0.669077
vt 0.494765 0.656644
vt 0.549230 0.656644
vt 0.549230 0.669077
vt 0.434139 0.081183
vt 0.449412 0.081220
vt 0.152044 0.305262
vt 0.147840 0.305262
vt 0.209387 0.118246
vt 0.213907 0.118498
vt 0.213907 0.133395
vt 0.209578 0.133154
vt 0.723227 0.391229
vt 0.723227 0.375200
vt 0.732126 0.375201
vt 0.732125 0.391229
vt 0.716156 0.273751
vt 0.703508 0.273883
vt 0.703508 0.234440
vt 0.717089 0.234297
vt 0.540648 0.108370
vt 0.540648 0.102333
vt 0.555520 0.102589
vt 0.555520 0.108370
vt 0.928828 0.519630
vt 0.934432 0.519631
vt 0.047302 0.567145
vt 0.047302 0.551117
vt 0.056200 0.551117
vt 0.056201 0.567145
vt 0.002485 0.163014
vt 0.017503 0.163014
vt 0.083909 0.189409
vt 0.089945 0.189410
vt 0.089944 0.204281
vt 0.084163 0.204281
vt 0.021799 0.163013
vt 0.036817 0.163013
vt 0.717614 0.214971
vt 0.713093 0.215223
vt 0.713284 0.200316
vt 0.717614 0.200075
vt 0.913897 0.324396
vt 0.913859 0.339555
vt 0.883665 0.368306
vt 0.883709 0.353147
vt 0.427563 0.437547
vt 0.442580 0.437548
vt 0.450152 0.426984
vt 0.468481 0.426984
vt 0.496888 0.074957
vt 0.497333 0.060055
vt 0.511883 0.060084
vt 0.511901 0.074957
vt 0.576160 0.232781
vt 0.561292 0.232781
vt 0.561292 0.226364
vt 0.576160 0.226364
vt 0.736090 0.347792
vt 0.742508 0.347792
vt 0.924820 0.464192
vt 0.918402 0.464192
vt 0.971758 0.540287
vt 0.971839 0.463980
vt 0.986389 0.463955
vt 0.986149 0.540259
vt 0.383992 0.632891
vt 0.368923 0.632834
vt 0.958300 0.590402
vt 0.958300 0.514097
vt 0.964717 0.514097
vt 0.964717 0.590402
vt 0.174967 0.305262
vt 0.170764 0.305262
vt 0.952605 0.424715
vt 0.937773 0.427381
vt 0.115409 0.833220
vt 0.109804 0.833220
vt 0.820137 0.446712
vt 0.805434 0.450019
vt 0.855636 0.582681
vt 0.855636 0.566652
vt 0.864534 0.566652
vt 0.864534 0.582681
vt 0.183250 0.177888
vt 0.178905 0.177887
vt 0.178452 0.163015
vt 0.182692 0.163016
vt 0.875402 0.170949
vt 0.888050 0.171080
vt 0.888983 0.210541
vt 0.875402 0.210398
vt 0.609209 0.267782
vt 0.604688 0.268034
vt 0.604879 0.253126
vt 0.609209 0.252885
vt 0.587214 0.134756
vt 0.587214 0.128719
vt 0.602087 0.128974
vt 0.602086 0.134756
vt 0.204809 0.177887
vt 0.200464 0.177888
vt 0.201022 0.163016
vt 0.205262 0.163015
vt 0.799978 0.624001
vt 0.794185 0.624003
vt 0.794325 0.609134
vt 0.799978 0.609134
vt 0.371656 0.068092
vt 0.376177 0.068344
vt 0.376177 0.083242
vt 0.371848 0.083001
vt 0.094142 0.620180
vt 0.094142 0.635337
vt 0.085243 0.635337
vt 0.085243 0.620180
vt 0.237337 0.345178
vt 0.249985 0.345309
vt 0.250919 0.384764
vt 0.237337 0.384621
vt 0.719426 0.551374
vt 0.704406 0.551327
vt 0.916037 0.184127
vt 0.922074 0.184127
vt 0.922073 0.199000
vt 0.916291 0.199000
vt 0.105684 0.705839
vt 0.099891 0.705836
vt 0.099894 0.690969
vt 0.105548 0.690970
vt 0.855242 0.174024
vt 0.870025 0.176681
vt 0.593021 0.396076
vt 0.607832 0.398572
vt 0.490216 0.516337
vt 0.471887 0.516337
vt 0.332478 0.709975
vt 0.326060 0.709975
vt 0.830288 0.178008
vt 0.815385 0.177557
vt 0.815415 0.163048
vt 0.830288 0.163009
vt 0.459544 0.219583
vt 0.444674 0.219583
vt 0.444674 0.213165
vt 0.459544 0.213165
vt 0.081282 0.588265
vt 0.074864 0.588265
vt 0.545984 0.151208
vt 0.469677 0.151126
vt 0.469651 0.136618
vt 0.545955 0.136868
vt 0.216685 0.634030
vt 0.140379 0.634030
vt 0.140379 0.627612
vt 0.216685 0.627612
vt 0.747443 0.361242
vt 0.762515 0.361242
vt 0.311589 0.086708
vt 0.326662 0.086708
vt 0.352455 0.086709
vt 0.367528 0.086709
vt 0.094142 0.529944
vt 0.085243 0.529944
vt 0.209229 0.175660
vt 0.213757 0.175660
vt 0.213757 0.190956
vt 0.209229 0.190956
vt 0.109804 0.536460
vt 0.115750 0.536460
vt 0.115699 0.542978
vt 0.109804 0.542978
vt 0.723232 0.190354
vt 0.723232 0.175195
vt 0.732131 0.175196
vt 0.732130 0.190354
vt 0.684972 0.017282
vt 0.691008 0.017282
vt 0.691008 0.032577
vt 0.684972 0.032577
vt 0.169399 0.008502
vt 0.173858 0.008502
vt 0.174024 0.015020
vt 0.169603 0.015020
vt 0.723396 0.578932
vt 0.723396 0.488683
vt 0.729813 0.488683
vt 0.729813 0.578933
vt 0.736090 0.571183
vt 0.736090 0.561739
vt 0.742508 0.561739
vt 0.742508 0.571183
vt 0.467221 0.659129
vt 0.451412 0.659129
vt 0.451178 0.640890
vt 0.467455 0.640890
vt 0.442910 0.660937
vt 0.428223 0.663872
vt 0.428102 0.651503
vt 0.442850 0.651494
vt 0.385016 0.432886
vt 0.370208 0.432825
vt 0.370672 0.342577
vt 0.385420 0.342642
vt 0.704590 0.017282
vt 0.709118 0.017282
vt 0.709118 0.032577
vt 0.704590 0.032577
vt 0.358373 0.559596
vt 0.358391 0.649851
vt 0.343054 0.649834
vt 0.343200 0.559608
vt 0.148949 0.008502
vt 0.153409 0.008502
vt 0.153205 0.015020
vt 0.148784 0.015020
vt 0.468888 0.095323
vt 0.468718 0.110618
vt 0.453380 0.110619
vt 0.453381 0.092378
vt 0.036817 0.383467
vt 0.022129 0.386403
vt 0.022069 0.376959
vt 0.036817 0.376949
vt 0.924820 0.664200
vt 0.924820 0.754444
vt 0.918402 0.754444
vt 0.918402 0.664200
vt 0.136425 0.595100
vt 0.136425 0.607470
vt 0.130007 0.607470
vt 0.130007 0.595100
vt 0.917223 0.227866
vt 0.902647 0.230481
vt 0.886742 0.141650
vt 0.901259 0.139051
vt 0.934712 0.816392
vt 0.928766 0.816390
vt 0.928767 0.809872
vt 0.934662 0.809873
vt 0.227339 0.175660
vt 0.233375 0.175660
vt 0.233375 0.190956
vt 0.227339 0.190956
vt 0.776759 0.251460
vt 0.762311 0.254705
vt 0.742683 0.166610
vt 0.757074 0.163384
vt 0.018163 0.389340
vt 0.003475 0.392275
vt 0.003294 0.376981
vt 0.018042 0.376971
vt 0.047307 0.767150
vt 0.047306 0.751992
vt 0.056205 0.751992
vt 0.056205 0.767150
vt 0.970987 0.271810
vt 0.964950 0.271810
vt 0.964950 0.256514
vt 0.970987 0.256514
vt 0.099868 0.814666
vt 0.105712 0.814668
vt 0.105744 0.904906
vt 0.099850 0.904905
vt 0.634672 0.151958
vt 0.634671 0.145437
vt 0.643571 0.148895
vt 0.643571 0.151958
vt 0.585758 0.155091
vt 0.585758 0.159619
vt 0.570463 0.159619
vt 0.570463 0.155091
vt 0.200260 0.286715
vt 0.204643 0.286714
vt 0.204477 0.376950
vt 0.200056 0.376950
vt 0.056066 0.017573
vt 0.040771 0.017398
vt 0.040771 0.002024
vt 0.059012 0.002004
vt 0.002000 0.541001
vt 0.001983 0.450747
vt 0.017357 0.450765
vt 0.017185 0.540989
vt 0.119634 0.697723
vt 0.119634 0.607475
vt 0.126052 0.607475
vt 0.126052 0.697723
vt 0.332478 0.486584
vt 0.332478 0.496028
vt 0.326060 0.496028
vt 0.326060 0.486584
vt 0.996762 0.476314
vt 0.996762 0.488684
vt 0.990345 0.488684
vt 0.990345 0.476314
vt 0.081282 0.788274
vt 0.081282 0.878518
vt 0.074864 0.878518
vt 0.074864 0.788274
vt 0.473147 0.284193
vt 0.488956 0.284193
vt 0.489190 0.302433
vt 0.472913 0.302433
vt 0.747176 0.561250
vt 0.761983 0.561255
vt 0.761859 0.651503
vt 0.747115 0.651494
vt 0.571036 0.618911
vt 0.556069 0.619365
vt 0.558004 0.607147
vt 0.572545 0.609588
vt 0.951368 0.271810
vt 0.946841 0.271810
vt 0.946841 0.256514
vt 0.951368 0.256514
vt 0.179071 0.286714
vt 0.183454 0.286715
vt 0.183658 0.376950
vt 0.179237 0.376950
vt 0.311589 0.286711
vt 0.326395 0.286716
vt 0.326334 0.376960
vt 0.311589 0.376950
vt 0.831025 0.393658
vt 0.816054 0.393949
vt 0.817664 0.384644
vt 0.832178 0.387242
vt 0.794134 0.732832
vt 0.799978 0.732831
vt 0.799978 0.823070
vt 0.794083 0.823070
vt 0.585758 0.173201
vt 0.585758 0.179237
vt 0.570463 0.179237
vt 0.570463 0.173201
vt 0.704440 0.325001
vt 0.719133 0.322112
vt 0.719270 0.337407
vt 0.704525 0.337371
vt 0.351922 0.286722
vt 0.366729 0.286727
vt 0.366544 0.376981
vt 0.351799 0.376971
vt 0.808886 0.465671
vt 0.823610 0.462359
vt 0.109804 0.849248
vt 0.115388 0.849248
vt 0.940587 0.443160
vt 0.955440 0.440490
vt 0.151960 0.321291
vt 0.170848 0.321291
vt 0.175035 0.321291
vt 0.958300 0.606430
vt 0.964717 0.606430
vt 0.368817 0.648861
vt 0.383909 0.648919
vt 0.971776 0.556316
vt 0.986100 0.556286
vt 0.924820 0.448164
vt 0.918402 0.448164
vt 0.998007 0.071921
vt 0.998007 0.078440
vt 0.989108 0.078440
vt 0.989108 0.075341
vt 0.934415 0.503603
vt 0.928831 0.503602
vt 0.723234 0.084958
vt 0.732133 0.084958
vt 0.147772 0.321291
vt 0.399946 0.384502
vt 0.404215 0.384502
vt 0.801693 0.157622
vt 0.810580 0.163723
vt 0.123027 0.366526
vt 0.117335 0.366526
vt 0.017398 0.086709
vt 0.002329 0.086709
vt 0.417022 0.384501
vt 0.422714 0.384501
vt 0.036817 0.086708
vt 0.021747 0.086707
vt 0.104528 0.366526
vt 0.100259 0.366525
vt 0.271949 0.237532
vt 0.281917 0.241637
vt 0.265862 0.266021
vt 0.251812 0.269079
vt 0.442528 0.361242
vt 0.427459 0.361242
vt 0.468676 0.350679
vt 0.449956 0.350679
vt 0.698832 0.529723
vt 0.684440 0.529695
vt 0.195941 0.572177
vt 0.195941 0.578595
vt 0.736090 0.271487
vt 0.742508 0.271487
vt 0.367596 0.070682
vt 0.352500 0.070682
vt 0.326685 0.070680
vt 0.311589 0.070680
vt 0.762561 0.345215
vt 0.747465 0.345215
vt 0.232713 0.634030
vt 0.232713 0.627612
vt 0.562013 0.151188
vt 0.561982 0.136920
vt 0.081282 0.572237
vt 0.074864 0.572237
vt 0.974481 0.025498
vt 0.968317 0.031485
vt 0.182497 0.086708
vt 0.178293 0.086708
vt 0.061188 0.345760
vt 0.071156 0.349865
vt 0.055100 0.374250
vt 0.041050 0.377308
vt 0.551678 0.350687
vt 0.547409 0.350687
vt 0.570177 0.350688
vt 0.564485 0.350688
vt 0.205421 0.086708
vt 0.201217 0.086708
vt 0.799978 0.532828
vt 0.794374 0.532828
vt 0.961100 0.368663
vt 0.965369 0.368663
vt 0.047309 0.857387
vt 0.056208 0.857387
vt 0.500993 0.028282
vt 0.494892 0.037170
vt 0.704274 0.627633
vt 0.719346 0.627680
vt 0.978176 0.368663
vt 0.983868 0.368663
vt 0.105514 0.614664
vt 0.099910 0.614663
vt 0.883524 0.101578
vt 0.868689 0.098912
vt 0.620462 0.323319
vt 0.605599 0.320814
vt 0.471692 0.592641
vt 0.490412 0.592641
vt 0.332478 0.786281
vt 0.326060 0.786281
vt 0.161573 0.508737
vt 0.161544 0.523077
vt 0.216685 0.617049
vt 0.216685 0.623467
vt 0.140379 0.617049
vt 0.140379 0.623467
vt 0.085266 0.508818
vt 0.085240 0.523327
vt 0.978094 0.292357
vt 0.983875 0.292357
vt 0.965086 0.292357
vt 0.069056 0.597215
vt 0.069056 0.612373
vt 0.060158 0.612373
vt 0.060158 0.597215
vt 0.960750 0.292357
vt 0.570184 0.426994
vt 0.564403 0.426994
vt 0.551395 0.426994
vt 0.547059 0.426994
vt 0.928059 0.001974
vt 0.924628 0.010526
vt 0.119636 0.572177
vt 0.119636 0.578595
vt 0.698750 0.453416
vt 0.684200 0.453391
vt 0.117252 0.442832
vt 0.104244 0.442832
vt 0.099908 0.442832
vt 0.416939 0.308196
vt 0.422721 0.308196
vt 0.123034 0.442832
vt 0.403931 0.308196
vt 0.399595 0.308196
vt 0.069056 0.702609
vt 0.060158 0.702609
vt 0.643186 0.142605
vt 0.652073 0.136504
vt 0.902446 0.015206
vt 0.915023 0.015186
vt 0.914880 0.052613
vt 0.902446 0.052632
vt 0.667194 0.275157
vt 0.657226 0.279263
vt 0.637089 0.247715
vt 0.651139 0.250773
vt 0.294943 0.075901
vt 0.307520 0.075921
vt 0.307520 0.113347
vt 0.295086 0.113328
vt 0.862955 0.449347
vt 0.848575 0.449347
vt 0.848575 0.421709
vt 0.862955 0.421709
vt 0.275787 0.339303
vt 0.285755 0.335198
vt 0.305892 0.366746
vt 0.291842 0.363688
vt 0.623963 0.440685
vt 0.611386 0.440665
vt 0.611386 0.403238
vt 0.623820 0.403257
vt 0.469773 0.114880
vt 0.475874 0.123767
vt 0.849308 0.179323
vt 0.836732 0.179343
vt 0.836875 0.141915
vt 0.849308 0.141896
vt 0.213757 0.160365
vt 0.227339 0.160365
vt 0.109804 0.529942
vt 0.115801 0.529942
vt 0.268110 0.140000
vt 0.268110 0.133479
vt 0.277008 0.133479
vt 0.277008 0.140000
vt 0.684972 0.001986
vt 0.691008 0.001986
vt 0.169195 0.001983
vt 0.173692 0.001984
vt 0.736090 0.580627
vt 0.742508 0.580627
vt 0.466987 0.677368
vt 0.451646 0.677368
vt 0.704590 0.001986
vt 0.709118 0.001986
vt 0.149115 0.001984
vt 0.153613 0.001983
vt 0.469060 0.080029
vt 0.453380 0.074137
vt 0.136425 0.582731
vt 0.130007 0.582731
vt 0.934762 0.822910
vt 0.928765 0.822908
vt 0.233375 0.160365
vt 0.868495 0.609139
vt 0.881216 0.609159
vt 0.881216 0.641598
vt 0.868617 0.641578
vt 0.304459 0.186602
vt 0.307836 0.202270
vt 0.289997 0.229365
vt 0.282084 0.221655
vt 0.609597 0.109541
vt 0.609618 0.093513
vt 0.638838 0.123102
vt 0.632715 0.132298
vt 0.019525 0.688349
vt 0.032332 0.688328
vt 0.032173 0.729913
vt 0.019525 0.729933
vt 0.514396 0.041517
vt 0.579398 0.027845
vt 0.592801 0.041080
vt 0.675274 0.287430
vt 0.667361 0.295140
vt 0.814928 0.144220
vt 0.821051 0.153416
vt 0.253147 0.650893
vt 0.253127 0.638294
vt 0.604709 0.679617
vt 0.592061 0.679615
vt 0.592061 0.601209
vt 0.604709 0.601211
vt 0.220708 0.650893
vt 0.220688 0.638172
vt 0.844148 0.114632
vt 0.844169 0.130659
vt 0.693113 0.314524
vt 0.689735 0.330192
vt 0.185945 0.706415
vt 0.185966 0.693608
vt 0.227550 0.693608
vt 0.227530 0.706257
vt 0.267707 0.327031
vt 0.275620 0.319321
vt 0.505200 0.047640
vt 0.641983 0.667995
vt 0.654582 0.667975
vt 0.639272 0.044697
vt 0.652507 0.058099
vt 0.641983 0.635556
vt 0.654704 0.635535
vt 0.543986 0.070736
vt 0.527958 0.070757
vt 0.249868 0.299936
vt 0.253245 0.284267
vt 0.891184 0.688341
vt 0.891163 0.701148
vt 0.849578 0.701148
vt 0.849598 0.688500
vt 0.140386 0.650887
vt 0.140407 0.638167
vt 0.172846 0.638167
vt 0.172826 0.650765
vt 0.093698 0.294829
vt 0.097075 0.310498
vt 0.079236 0.337592
vt 0.071323 0.329883
vt 0.502838 0.081292
vt 0.518866 0.081313
vt 0.489276 0.110532
vt 0.480081 0.104409
vt 0.140404 0.706418
vt 0.140384 0.693612
vt 0.181969 0.693770
vt 0.181989 0.706418
vt 0.801259 0.079217
vt 0.814494 0.065815
vt 0.209229 0.160365
vt 0.047309 0.863906
vt 0.056208 0.863905
vt 0.997449 0.017312
vt 0.997450 0.001975
vt 0.601054 0.173201
vt 0.601054 0.179237
vt 0.951368 0.287106
vt 0.946841 0.287106
vt 0.473381 0.265954
vt 0.488722 0.265954
vt 0.996762 0.463944
vt 0.990345 0.463944
vt 0.332478 0.477141
vt 0.326060 0.477141
vt 0.071361 0.017750
vt 0.077253 0.001983
vt 0.601054 0.155091
vt 0.601054 0.159619
vt 0.970987 0.287106
vt 0.964950 0.287106
vt 0.855636 0.651384
vt 0.855636 0.636110
vt 0.864534 0.636110
vt 0.864534 0.651384
vt 0.998007 0.084958
vt 0.989109 0.084958
vt 0.738538 0.001985
vt 0.723164 0.001985
vt 0.780079 0.266250
vt 0.765628 0.269496
vt 0.919904 0.242785
vt 0.905326 0.245401
vt 0.924820 0.649042
vt 0.918402 0.649042
vt 0.358391 0.544437
vt 0.343226 0.544450
vt 0.384955 0.448044
vt 0.370144 0.447983
vt 0.723396 0.594091
vt 0.729813 0.594091
vt 0.704590 0.122832
vt 0.691008 0.122832
vt 0.723235 0.078440
vt 0.723235 0.071921
vt 0.732133 0.075341
vt 0.732133 0.078440
vt 0.213757 0.281211
vt 0.209229 0.281211
vt 0.227338 0.281211
vt 0.115648 0.633216
vt 0.109804 0.633217
vt 0.322082 0.857387
vt 0.322081 0.863906
vt 0.313183 0.863905
vt 0.313183 0.857387
vt 0.684972 0.122832
vt 0.174190 0.105256
vt 0.169806 0.105255
vt 0.736090 0.471495
vt 0.742508 0.471495
vt 0.450944 0.550664
vt 0.467689 0.550664
vt 0.427982 0.561254
vt 0.442790 0.561250
vt 0.709118 0.122832
vt 0.153001 0.105255
vt 0.148618 0.105256
vt 0.388562 0.676251
vt 0.388682 0.585996
vt 0.403855 0.586025
vt 0.403899 0.676251
vt 0.022009 0.286715
vt 0.036817 0.286711
vt 0.136425 0.697719
vt 0.130007 0.697719
vt 0.928786 0.719634
vt 0.934630 0.719636
vt 0.233375 0.281211
vt 0.003113 0.286726
vt 0.017921 0.286722
vt 0.351929 0.272449
vt 0.366738 0.272453
vt 0.794137 0.718559
vt 0.799978 0.718558
vt 0.311589 0.272438
vt 0.326398 0.272443
vt 0.183444 0.272443
vt 0.200270 0.272443
vt 0.179063 0.272442
vt 0.747179 0.546977
vt 0.761989 0.546982
vt 0.081282 0.774001
vt 0.074864 0.774001
vt 0.119634 0.711997
vt 0.126052 0.711997
vt 0.001983 0.555274
vt 0.017158 0.555261
vt 0.204651 0.272442
vt 0.536632 0.046861
vt 0.543153 0.046861
vt 0.543153 0.055760
vt 0.536632 0.055760
vt 0.099871 0.800394
vt 0.105713 0.800396
vt 0.530111 0.046860
vt 0.533569 0.055760
vt 0.951369 0.166260
vt 0.964950 0.166260
vt 0.970987 0.166260
vt 0.480209 0.173201
vt 0.480209 0.159619
vt 0.480209 0.155091
vt 0.036643 0.477139
vt 0.036625 0.567393
vt 0.021440 0.567382
vt 0.021269 0.477157
vt 0.332478 0.586272
vt 0.326060 0.586272
vt 0.996762 0.578933
vt 0.990345 0.578933
vt 0.489424 0.392657
vt 0.472679 0.392657
vt 0.572882 0.518134
vt 0.587483 0.520590
vt 0.946841 0.166260
vt 0.833568 0.295813
vt 0.848142 0.298427
vt 0.480209 0.179237
vt 0.719172 0.427661
vt 0.704366 0.427619
vt 0.723396 0.687774
vt 0.729813 0.687774
vt 0.358390 0.450749
vt 0.343378 0.450789
vt 0.871793 0.379610
vt 0.871840 0.364451
vt 0.094138 0.026280
vt 0.140560 0.002754
vt 0.144020 0.011653
vt 0.100144 0.032442
vt 0.203954 0.422919
vt 0.218228 0.422876
vt 0.206924 0.434747
vt 0.192651 0.434791
vt 0.070614 0.085154
vt 0.070614 0.072703
vt 0.079165 0.076129
vt 0.079165 0.085154
vt 0.767984 0.126959
vt 0.767983 0.133479
vt 0.759084 0.133479
vt 0.759084 0.130417
vt 0.069056 0.503546
vt 0.060158 0.503546
vt 0.001981 0.649847
vt 0.016980 0.649806
vt 0.119634 0.806564
vt 0.126052 0.806564
vt 0.267566 0.357738
vt 0.267522 0.342579
vt 0.279391 0.353883
vt 0.279438 0.369042
vt 0.650075 0.466654
vt 0.650033 0.480928
vt 0.638161 0.492231
vt 0.638205 0.477958
vt 0.271767 0.693985
vt 0.271816 0.706633
vt 0.231574 0.706633
vt 0.231523 0.693625
vt 0.554278 0.124204
vt 0.567681 0.110970
vt 0.584254 0.111062
vt 0.570851 0.124296
vt 0.801168 0.062644
vt 0.814403 0.049242
vt 0.283453 0.368924
vt 0.296102 0.368973
vt 0.296461 0.409217
vt 0.283453 0.409166
vt 0.902162 0.671694
vt 0.889513 0.671696
vt 0.889513 0.593290
vt 0.902162 0.593288
vt 0.650514 0.371714
vt 0.640380 0.355837
vt 0.044341 0.269185
vt 0.054476 0.253308
vt 0.292466 0.242746
vt 0.302601 0.258623
vt 0.139565 0.379423
vt 0.126989 0.379421
vt 0.126989 0.301015
vt 0.139565 0.301017
vt 0.588199 0.001979
vt 0.588201 0.014555
vt 0.509796 0.014555
vt 0.509794 0.001979
vt 0.237334 0.157731
vt 0.249911 0.157729
vt 0.249911 0.236134
vt 0.237334 0.236136
vt 0.938579 0.598577
vt 0.951227 0.598576
vt 0.951227 0.676981
vt 0.938579 0.676983
vt 0.255103 0.160957
vt 0.265237 0.145080
vt 0.126994 0.452756
vt 0.126996 0.440180
vt 0.205402 0.440180
vt 0.205400 0.452756
vt 0.221654 0.608589
vt 0.221656 0.595941
vt 0.300062 0.595941
vt 0.300060 0.608589
vt 0.400891 0.014632
vt 0.400909 0.001983
vt 0.419744 0.001980
vt 0.419727 0.014557
vt 0.648993 0.001982
vt 0.649013 0.014631
vt 0.630177 0.014559
vt 0.630157 0.001982
vt 0.592163 0.001990
vt 0.604811 0.002011
vt 0.604811 0.020846
vt 0.592234 0.020826
vt 0.919005 0.033110
vt 0.918985 0.020461
vt 0.937820 0.020533
vt 0.937840 0.033110
vt 0.251542 0.144771
vt 0.261676 0.128894
vt 0.221976 0.440180
vt 0.221974 0.452756
vt 0.296028 0.226560
vt 0.306162 0.242437
vt 0.978881 0.696247
vt 0.978832 0.708895
vt 0.938588 0.709255
vt 0.938639 0.696247
vt 0.249911 0.252708
vt 0.237334 0.252710
vt 0.639364 0.028124
vt 0.652598 0.041526
vt 0.595971 0.027753
vt 0.609374 0.040987
vt 0.126989 0.284442
vt 0.139565 0.284444
vt 0.645686 0.311497
vt 0.633038 0.311546
vt 0.633038 0.271305
vt 0.646046 0.271254
vt 0.646953 0.387901
vt 0.636819 0.372024
vt 0.040781 0.252999
vt 0.050915 0.237122
vt 0.493222 0.014555
vt 0.493220 0.001979
vt 0.609881 0.017208
vt 0.609516 0.002339
vt 0.307386 0.353938
vt 0.295219 0.342685
vt 0.296763 0.303250
vt 0.307386 0.313692
vt 0.635914 0.355881
vt 0.623746 0.367134
vt 0.623746 0.326888
vt 0.634370 0.316446
vt 0.844250 0.023457
vt 0.843885 0.038327
vt 0.054560 0.380523
vt 0.066727 0.369269
vt 0.066727 0.409515
vt 0.056109 0.419964
vt 0.635162 0.070840
vt 0.620291 0.070468
vt 0.595172 0.081582
vt 0.610042 0.081209
vt 0.895146 0.678127
vt 0.907313 0.689380
vt 0.905765 0.728821
vt 0.895146 0.718372
vt 0.667519 0.401599
vt 0.667529 0.416894
vt 0.655631 0.404765
vt 0.655671 0.389471
vt 0.649998 0.511588
vt 0.650012 0.526883
vt 0.638116 0.514756
vt 0.638151 0.499461
vt 0.672244 0.657802
vt 0.658662 0.657802
vt 0.658662 0.640815
vt 0.672244 0.640815
vt 0.646048 0.464408
vt 0.646058 0.449113
vt 0.657906 0.436985
vt 0.657946 0.452279
vt 0.689778 0.725998
vt 0.676197 0.725999
vt 0.676197 0.710704
vt 0.689778 0.710704
vt 0.401251 0.726008
vt 0.387669 0.726008
vt 0.387669 0.710713
vt 0.401251 0.710713
vt 0.773521 0.725119
vt 0.759939 0.725119
vt 0.759939 0.709824
vt 0.773521 0.709824
vt 0.840726 0.701519
vt 0.840726 0.715102
vt 0.825431 0.715102
vt 0.825431 0.701520
vt 0.158000 0.422940
vt 0.173294 0.422954
vt 0.185421 0.434801
vt 0.170126 0.434836
vt 0.267594 0.403688
vt 0.267604 0.388394
vt 0.279452 0.376265
vt 0.279491 0.391559
vt 0.523105 0.075896
vt 0.536687 0.075896
vt 0.536687 0.106556
vt 0.523105 0.106556
vt 0.883627 0.398962
vt 0.883637 0.414256
vt 0.871740 0.402128
vt 0.871779 0.386833
vt 0.760581 0.160749
vt 0.760581 0.147167
vt 0.791241 0.147167
vt 0.791241 0.160749
vt 0.275791 0.707194
vt 0.275791 0.693612
vt 0.306447 0.693612
vt 0.306447 0.707194
vt 0.982264 0.647245
vt 0.968682 0.647245
vt 0.968682 0.630255
vt 0.982264 0.630255
vt 0.068970 0.268605
vt 0.082552 0.268605
vt 0.082552 0.299261
vt 0.068970 0.299261
vt 0.560376 0.523167
vt 0.546795 0.523167
vt 0.546795 0.506178
vt 0.560376 0.506178
vt 0.902552 0.455009
vt 0.902539 0.439714
vt 0.914434 0.451841
vt 0.914399 0.467136
vt 0.574140 0.383081
vt 0.587722 0.383081
vt 0.587722 0.400068
vt 0.574140 0.400068
vt 0.611446 0.460834
vt 0.611433 0.476129
vt 0.599586 0.488256
vt 0.599551 0.472961
vt 0.689778 0.703481
vt 0.676197 0.703481
vt 0.676197 0.688322
vt 0.689778 0.688322
vt 0.401251 0.703490
vt 0.387669 0.703490
vt 0.387669 0.688331
vt 0.401251 0.688331
vt 0.773521 0.702594
vt 0.759939 0.702594
vt 0.759939 0.688321
vt 0.773521 0.688321
vt 0.818201 0.701520
vt 0.818201 0.715102
vt 0.803928 0.715102
vt 0.803928 0.701520
vt 0.655685 0.382248
vt 0.667557 0.370943
vt 0.015561 0.670407
vt 0.001979 0.670407
vt 0.001979 0.654015
vt 0.015561 0.654015
vt 0.218803 0.656645
vt 0.218803 0.670227
vt 0.202412 0.670227
vt 0.202412 0.656645
vt 0.646021 0.418458
vt 0.645977 0.403299
vt 0.657846 0.414603
vt 0.657892 0.429762
vt 0.914390 0.474365
vt 0.902517 0.485669
vt 0.350019 0.670407
vt 0.336437 0.670407
vt 0.336437 0.654015
vt 0.350019 0.654015
vt 0.667600 0.355784
vt 0.655731 0.367089
vt 0.902475 0.499942
vt 0.914345 0.488638
vt 0.156771 0.656645
vt 0.156771 0.670227
vt 0.140381 0.670227
vt 0.140381 0.656645
vt 0.611468 0.506789
vt 0.611510 0.521063
vt 0.599640 0.509759
vt 0.599595 0.495486
vt 0.127155 0.392685
vt 0.142450 0.392821
vt 0.672244 0.701008
vt 0.658662 0.701008
vt 0.680130 0.542432
vt 0.680267 0.557727
vt 0.398311 0.078689
vt 0.410959 0.078557
vt 0.410959 0.118006
vt 0.397378 0.118149
vt 0.574140 0.339875
vt 0.587722 0.339875
vt 0.872420 0.424165
vt 0.872284 0.408869
vt 0.780126 0.398828
vt 0.766544 0.398828
vt 0.766544 0.355708
vt 0.780126 0.355708
vt 0.560376 0.566379
vt 0.546795 0.566379
vt 0.015561 0.712097
vt 0.001979 0.712097
vt 0.803933 0.696636
vt 0.803933 0.683054
vt 0.845628 0.683054
vt 0.845628 0.696636
vt 0.680267 0.437904
vt 0.680231 0.452178
vt 0.679943 0.202602
vt 0.679943 0.216184
vt 0.638250 0.216184
vt 0.638250 0.202602
vt 0.198460 0.656645
vt 0.198460 0.670227
vt 0.558928 0.688325
vt 0.558928 0.701907
vt 0.517235 0.701907
vt 0.517235 0.688325
vt 0.237372 0.328987
vt 0.237334 0.313828
vt 0.207148 0.395311
vt 0.207148 0.408893
vt 0.164023 0.408893
vt 0.164023 0.395311
vt 0.982264 0.690457
vt 0.968682 0.690457
vt 0.913763 0.429810
vt 0.913897 0.445105
vt 0.237334 0.434537
vt 0.237468 0.419242
vt 0.641702 0.429990
vt 0.641565 0.445285
vt 0.350019 0.712097
vt 0.336437 0.712097
vt 0.872284 0.528692
vt 0.872320 0.514419
vt 0.641666 0.535539
vt 0.641702 0.549813
vt 0.263854 0.551947
vt 0.250272 0.551947
vt 0.250272 0.508823
vt 0.263854 0.508823
vt 0.615789 0.495257
vt 0.615923 0.479962
vt 0.697654 0.432447
vt 0.697788 0.447742
vt 0.264449 0.670236
vt 0.264449 0.656654
vt 0.306144 0.656654
vt 0.306144 0.670236
vt 0.697788 0.327034
vt 0.697751 0.342193
vt 0.615826 0.389707
vt 0.615789 0.374548
vt 0.260491 0.656645
vt 0.260491 0.670227
vt 0.254883 0.068860
vt 0.241301 0.068860
vt 0.241301 0.025740
vt 0.254883 0.025740
vt 0.232704 0.392721
vt 0.246978 0.392685
vt 0.507504 0.489525
vt 0.494784 0.489478
vt 0.494385 0.474604
vt 0.507419 0.474656
vt 0.911956 0.409454
vt 0.898362 0.409452
vt 0.898261 0.360989
vt 0.911956 0.360998
vt 0.553738 0.197815
vt 0.553738 0.184120
vt 0.663711 0.184120
vt 0.663711 0.197815
vt 0.530463 0.635282
vt 0.542870 0.635239
vt 0.542877 0.650513
vt 0.530504 0.650555
vt 0.530339 0.581855
vt 0.542902 0.581810
vt 0.494572 0.380935
vt 0.507715 0.380985
vt 0.140385 0.688718
vt 0.140383 0.675124
vt 0.188839 0.675124
vt 0.188847 0.688819
vt 0.542943 0.269019
vt 0.529565 0.269068
vt 0.529604 0.265969
vt 0.543098 0.265961
vt 0.507067 0.650559
vt 0.494694 0.650516
vt 0.494702 0.635242
vt 0.507108 0.635285
vt 0.525364 0.650513
vt 0.512990 0.650556
vt 0.512949 0.635282
vt 0.525355 0.635239
vt 0.525273 0.489474
vt 0.512553 0.489522
vt 0.512638 0.474653
vt 0.525672 0.474601
vt 0.666446 0.471865
vt 0.680041 0.471863
vt 0.680041 0.520319
vt 0.666346 0.520328
vt 0.239682 0.931819
vt 0.239682 0.940372
vt 0.331062 0.371262
vt 0.343468 0.371306
vt 0.343427 0.386579
vt 0.331053 0.386537
vt 0.331031 0.317834
vt 0.343595 0.317880
vt 0.344381 0.005092
vt 0.331003 0.005043
vt 0.330848 0.001984
vt 0.344341 0.001993
vt 0.241279 0.675124
vt 0.241277 0.688718
vt 0.192814 0.688819
vt 0.192824 0.675124
vt 0.512342 0.380982
vt 0.525485 0.380932
vt 0.525395 0.565782
vt 0.512784 0.565828
vt 0.507273 0.565831
vt 0.494662 0.565785
vt 0.330745 0.210625
vt 0.343779 0.210677
vt 0.343864 0.225546
vt 0.331144 0.225498
vt 0.530159 0.474653
vt 0.543193 0.474601
vt 0.542793 0.489474
vt 0.530073 0.489521
vt 0.512035 0.269069
vt 0.525413 0.269019
vt 0.525271 0.275538
vt 0.512008 0.275587
vt 0.494643 0.269022
vt 0.508021 0.269072
vt 0.508048 0.275590
vt 0.494785 0.275541
vt 0.344128 0.101848
vt 0.330979 0.101797
vt 0.331145 0.011562
vt 0.344408 0.011610
vt 0.542963 0.365774
vt 0.529814 0.365824
vt 0.529537 0.275586
vt 0.542801 0.275538
vt 0.494672 0.581813
vt 0.507235 0.581859
vt 0.512822 0.581856
vt 0.525386 0.581810
vt 0.331022 0.301805
vt 0.343632 0.301851
vt 0.530302 0.565827
vt 0.542912 0.565782
vt 0.494489 0.265964
vt 0.507982 0.265973
vt 0.512074 0.265970
vt 0.525568 0.265961
vt 0.525437 0.365774
vt 0.512289 0.365824
vt 0.507768 0.365827
vt 0.494619 0.365777
vt 0.543007 0.380046
vt 0.529863 0.380096
vt 0.344078 0.116120
vt 0.330935 0.116070
vt 0.595587 0.077571
vt 0.595587 0.062693
vt 0.604486 0.062693
vt 0.604486 0.077571
vt 0.842778 0.678851
vt 0.851677 0.678851
vt 0.855636 0.490345
vt 0.864534 0.490345
vt 0.070614 0.195127
vt 0.079165 0.195127
vt 0.209297 0.154125
vt 0.209297 0.139247
vt 0.218196 0.139247
vt 0.218196 0.154125
vt 0.064299 0.026284
vt 0.110721 0.002759
vt 0.114181 0.011657
vt 0.070305 0.032446
vt 0.998016 0.459929
vt 0.989118 0.459929
vt 0.040775 0.085159
vt 0.040775 0.072707
vt 0.049326 0.076133
vt 0.049326 0.085159
vt 0.974949 0.274962
vt 0.983848 0.274962
vt 0.998014 0.375200
vt 0.989116 0.375201
vt 0.634672 0.158478
vt 0.643571 0.158478
vt 0.322087 0.643451
vt 0.313188 0.643451
vt 0.140386 0.582740
vt 0.140386 0.591639
vt 0.225117 0.582740
vt 0.225117 0.591639
vt 0.119648 0.558983
vt 0.119648 0.567881
vt 0.998012 0.298894
vt 0.989114 0.298894
vt 0.780980 0.075897
vt 0.795858 0.075897
vt 0.795858 0.084795
vt 0.780980 0.084795
vt 0.803931 0.667222
vt 0.812830 0.667222
vt 0.047300 0.497690
vt 0.056199 0.497690
vt 0.047300 0.482417
vt 0.056199 0.482416
vt 0.247808 0.146527
vt 0.227528 0.147730
vt 0.767983 0.140000
vt 0.759084 0.140000
vt 0.842778 0.479788
vt 0.851677 0.479788
vt 0.857029 0.112854
vt 0.857029 0.127733
vt 0.848130 0.127733
vt 0.848130 0.112854
vt 0.301425 0.582740
vt 0.301425 0.591639
vt 0.094138 0.254002
vt 0.070614 0.207578
vt 0.079165 0.204152
vt 0.100144 0.247839
vt 0.656560 0.011001
vt 0.670255 0.011001
vt 0.670255 0.120974
vt 0.656560 0.120974
vt 0.265413 0.558983
vt 0.280687 0.558983
vt 0.280687 0.567882
vt 0.265413 0.567882
vt 0.049326 0.195132
vt 0.040775 0.195132
vt 0.298556 0.916847
vt 0.252133 0.940372
vt 0.248703 0.931819
vt 0.292392 0.910861
vt 0.268109 0.126959
vt 0.277008 0.130416
vt 0.322081 0.870424
vt 0.313183 0.867005
vt 0.435147 0.002632
vt 0.452911 0.009721
vt 0.289112 0.120756
vt 0.277678 0.125434
vt 0.064299 0.254006
vt 0.040775 0.207583
vt 0.049326 0.204157
vt 0.070305 0.247844
vt 0.083124 0.184089
vt 0.083124 0.078539
vt 0.089535 0.078539
vt 0.089535 0.184089
vt 0.094142 0.729007
vt 0.085243 0.729007
vt 0.383430 0.009681
vt 0.396751 0.009319
vt 0.544717 0.197815
vt 0.544713 0.184120
vt 0.656560 0.001977
vt 0.670255 0.001981
vt 0.143583 0.198259
vt 0.139055 0.198259
vt 0.125473 0.198259
vt 0.059692 0.065340
vt 0.065778 0.065340
vt 0.370862 0.208277
vt 0.370862 0.202241
vt 0.771004 0.538110
vt 0.766439 0.538110
vt 0.370862 0.188659
vt 0.940551 0.254817
vt 0.926279 0.254817
vt 0.422453 0.483923
vt 0.407842 0.478084
vt 0.370862 0.184131
vt 0.790433 0.538110
vt 0.785868 0.538110
vt 0.631612 0.711914
vt 0.638029 0.711914
vt 0.468207 0.230962
vt 0.468152 0.245472
vt 0.229189 0.474444
vt 0.229189 0.459934
vt 0.719169 0.136861
vt 0.713082 0.136861
vt 0.119437 0.198259
vt 0.838406 0.102287
vt 0.859123 0.102287
vt 0.859123 0.108698
vt 0.838406 0.108698
vt 0.672737 0.184120
vt 0.672733 0.197815
vt 0.670255 0.129996
vt 0.656560 0.130000
vt 0.785868 0.403234
vt 0.790433 0.403234
vt 0.713083 0.001985
vt 0.719169 0.001985
vt 0.094337 0.226162
vt 0.108948 0.232001
vt 0.680637 0.001983
vt 0.674219 0.001983
vt 0.766439 0.403234
vt 0.771004 0.403234
vt 0.587055 0.225018
vt 0.587035 0.231429
vt 0.950558 0.031133
vt 0.967679 0.042798
vt 0.065778 0.200216
vt 0.059692 0.200216
vt 0.838486 0.015418
vt 0.827243 0.032819
vt 0.119313 0.218308
vt 0.119313 0.229780
vt 0.112901 0.229780
vt 0.112901 0.218308
vt 0.477700 0.128694
vt 0.583249 0.128694
vt 0.583249 0.135106
vt 0.477700 0.135106
vt 0.587616 0.209014
vt 0.571892 0.209014
vt 0.571892 0.202603
vt 0.587616 0.202603
vt 0.053280 0.187764
vt 0.053280 0.077791
vt 0.119313 0.202600
vt 0.112901 0.202600
vt 0.560420 0.209014
vt 0.560420 0.202603
vt 0.744477 0.080778
vt 0.744477 0.060062
vt 0.750888 0.060062
vt 0.750888 0.080778
vt 0.485115 0.254636
vt 0.590664 0.255038
vt 0.592855 0.260458
vt 0.482883 0.260039
vt 0.444671 0.223729
vt 0.454005 0.223729
vt 0.454005 0.230140
vt 0.444671 0.230147
vt 0.590788 0.222331
vt 0.485240 0.221928
vt 0.483049 0.216509
vt 0.593020 0.216928
vt 0.887037 0.344524
vt 0.887037 0.215800
vt 0.897667 0.227387
vt 0.897667 0.332937
vt 0.602292 0.244453
vt 0.602335 0.232981
vt 0.473612 0.232490
vt 0.473568 0.243962
vt 0.875565 0.344524
vt 0.875565 0.215800
vt 0.864959 0.227387
vt 0.864959 0.332937
vt 0.544711 0.209014
vt 0.544711 0.202603
vt 0.119313 0.245505
vt 0.112901 0.245505
vt 0.140560 0.277527
vt 0.144020 0.268629
vt 0.513276 0.688403
vt 0.513259 0.701896
vt 0.464724 0.701920
vt 0.464724 0.688326
vt 0.245237 0.688623
vt 0.245241 0.675130
vt 0.293794 0.675132
vt 0.293772 0.688726
vt 0.370808 0.237305
vt 0.370808 0.232778
vt 0.440705 0.232778
vt 0.440705 0.237305
vt 0.776922 0.141132
vt 0.772424 0.141132
vt 0.772570 0.089090
vt 0.777101 0.089090
vt 0.370808 0.219196
vt 0.440705 0.219196
vt 0.557331 0.226356
vt 0.557331 0.232393
vt 0.487434 0.232393
vt 0.487434 0.226356
vt 0.066200 0.766775
vt 0.060203 0.766774
vt 0.060159 0.714731
vt 0.066200 0.714731
vt 0.557331 0.245974
vt 0.487434 0.245975
vt 0.106227 0.479777
vt 0.170133 0.479777
vt 0.170133 0.486195
vt 0.106227 0.486195
vt 0.360395 0.654010
vt 0.360395 0.711932
vt 0.353978 0.711932
vt 0.353978 0.654010
vt 0.680365 0.562258
vt 0.679314 0.632147
vt 0.664897 0.635753
vt 0.664897 0.559379
vt 0.869193 0.602848
vt 0.870942 0.533042
vt 0.885557 0.530344
vt 0.885544 0.606483
vt 0.831340 0.614227
vt 0.817067 0.614227
vt 0.816800 0.537853
vt 0.831607 0.537853
vt 0.557331 0.250502
vt 0.487434 0.250502
vt 0.036306 0.738355
vt 0.036306 0.680405
vt 0.042724 0.680405
vt 0.042724 0.738355
vt 0.174085 0.479783
vt 0.237940 0.479783
vt 0.237940 0.486201
vt 0.174085 0.486201
vt 0.797001 0.141132
vt 0.792504 0.141132
vt 0.792324 0.089090
vt 0.796856 0.089090
vt 0.584470 0.706850
vt 0.584471 0.712846
vt 0.532427 0.712846
vt 0.532427 0.706805
vt 0.370808 0.213159
vt 0.440705 0.213159
vt 0.110721 0.277531
vt 0.114181 0.268633
vt 0.407861 0.664583
vt 0.421354 0.664566
vt 0.421431 0.713118
vt 0.407837 0.713118
vt 0.274393 0.506179
vt 0.287886 0.506196
vt 0.287910 0.554731
vt 0.274316 0.554731
vt 0.580176 0.265956
vt 0.593757 0.265956
vt 0.593757 0.335846
vt 0.580176 0.335846
vt 0.574139 0.265956
vt 0.574139 0.335846
vt 0.990644 0.714722
vt 0.990643 0.720719
vt 0.938600 0.720764
vt 0.938600 0.714722
vt 0.279968 0.001985
vt 0.284495 0.001985
vt 0.284495 0.071876
vt 0.279968 0.071876
vt 0.567890 0.046853
vt 0.572388 0.046853
vt 0.572242 0.098895
vt 0.567710 0.098895
vt 0.298077 0.001985
vt 0.298077 0.071876
vt 0.661133 0.543775
vt 0.660103 0.613658
vt 0.645663 0.617304
vt 0.645663 0.540901
vt 0.802453 0.349378
vt 0.804224 0.279578
vt 0.818876 0.276906
vt 0.818876 0.353064
vt 0.612531 0.543138
vt 0.626803 0.543138
vt 0.627070 0.619541
vt 0.612264 0.619541
vt 0.634104 0.718824
vt 0.625938 0.732162
vt 0.598285 0.265956
vt 0.598285 0.335846
vt 0.547810 0.046853
vt 0.552308 0.046853
vt 0.552488 0.098895
vt 0.547956 0.098895
vt 0.470540 0.706803
vt 0.528460 0.706803
vt 0.528460 0.713221
vt 0.470540 0.713221
vt 0.681007 0.225313
vt 0.680987 0.231731
vt 0.494805 0.675124
vt 0.552752 0.675124
vt 0.552752 0.681542
vt 0.494805 0.681542
vt 0.912543 0.593292
vt 0.912543 0.657143
vt 0.906125 0.657143
vt 0.906125 0.593292
vt 0.202265 0.720727
vt 0.202265 0.714730
vt 0.254309 0.714730
vt 0.254309 0.720772
vt 0.304113 0.001985
vt 0.304114 0.071876
vt 0.806250 0.214726
vt 0.806755 0.208740
vt 0.815460 0.213443
vt 0.812389 0.218530
vt 0.801984 0.214834
vt 0.801417 0.208704
vt 0.796814 0.259725
vt 0.802873 0.263372
vt 0.802490 0.269438
vt 0.793925 0.264673
vt 0.796000 0.218754
vt 0.802237 0.225681
vt 0.794748 0.227114
vt 0.802459 0.234813
vt 0.794182 0.235425
vt 0.802569 0.243594
vt 0.794203 0.243367
vt 0.802667 0.252664
vt 0.795218 0.251550
vt 0.807074 0.263389
vt 0.806803 0.252603
vt 0.806556 0.243547
vt 0.806460 0.234752
vt 0.806411 0.225631
vt 0.814220 0.251183
vt 0.812994 0.259433
vt 0.814821 0.242962
vt 0.814843 0.235042
vt 0.813909 0.226803
vt 0.792866 0.213831
vt 0.807743 0.269253
vt 0.816187 0.264358
vt 0.829774 0.232275
vt 0.829745 0.245361
vt 0.821765 0.243930
vt 0.821534 0.233823
vt 0.825690 0.257736
vt 0.820040 0.254254
vt 0.808804 0.272674
vt 0.801555 0.272874
vt 0.782987 0.220458
vt 0.790149 0.210410
vt 0.789539 0.224421
vt 0.818744 0.267567
vt 0.778848 0.233273
vt 0.788391 0.234665
vt 0.791382 0.268113
vt 0.784050 0.258559
vt 0.790245 0.254427
vt 0.779522 0.246395
vt 0.788598 0.244430
vt 0.800362 0.205239
vt 0.807731 0.205239
vt 0.817949 0.210118
vt 0.825271 0.219841
vt 0.819650 0.223534
vt 0.841528 0.082170
vt 0.842613 0.081998
vt 0.842832 0.082998
vt 0.841630 0.083275
vt 0.041929 0.038994
vt 0.042031 0.040042
vt 0.040770 0.039522
vt 0.840322 0.072226
vt 0.841477 0.072180
vt 0.841554 0.073145
vt 0.840364 0.073247
vt 0.840400 0.062469
vt 0.841594 0.062581
vt 0.841511 0.063547
vt 0.840349 0.063494
vt 0.841738 0.052458
vt 0.842936 0.052743
vt 0.842710 0.053739
vt 0.841628 0.053560
vt 0.844575 0.044291
vt 0.843623 0.044099
vt 0.844287 0.043295
vt 0.865736 0.082244
vt 0.865627 0.083351
vt 0.864423 0.083063
vt 0.864650 0.082064
vt 0.867007 0.072280
vt 0.866958 0.073308
vt 0.865760 0.073197
vt 0.865841 0.072229
vt 0.866951 0.062528
vt 0.866995 0.063548
vt 0.865840 0.063598
vt 0.865760 0.062635
vt 0.865673 0.052528
vt 0.865775 0.053632
vt 0.864693 0.053805
vt 0.864471 0.052809
vt 0.862883 0.044348
vt 0.863180 0.043357
vt 0.863838 0.044164
vt 0.851733 0.052621
vt 0.850769 0.052690
vt 0.850757 0.051720
vt 0.851722 0.051671
vt 0.851727 0.063210
vt 0.850781 0.063231
vt 0.850781 0.062284
vt 0.851727 0.062275
vt 0.851697 0.073514
vt 0.850751 0.073500
vt 0.850756 0.072553
vt 0.851701 0.072579
vt 0.851629 0.084131
vt 0.850663 0.084076
vt 0.850681 0.083103
vt 0.851646 0.083179
vt 0.850414 0.095305
vt 0.851472 0.095793
vt 0.851386 0.096897
vt 0.850345 0.096600
vt 0.856622 0.052710
vt 0.855660 0.052635
vt 0.855678 0.051685
vt 0.856641 0.051741
vt 0.856556 0.063247
vt 0.855611 0.063221
vt 0.855615 0.062286
vt 0.856560 0.062300
vt 0.856531 0.073513
vt 0.855584 0.073522
vt 0.855584 0.072587
vt 0.856530 0.072565
vt 0.856560 0.084090
vt 0.855594 0.084140
vt 0.855581 0.083188
vt 0.856547 0.083118
vt 0.855683 0.095805
vt 0.856740 0.095324
vt 0.856801 0.096610
vt 0.855768 0.096897
vt 0.753603 0.008423
vt 0.752588 0.008269
vt 0.752626 0.007416
vt 0.753676 0.007587
vt 0.757927 0.008420
vt 0.757854 0.007585
vt 0.758904 0.007424
vt 0.758945 0.008273
vt 0.484029 0.087015
vt 0.483973 0.088219
vt 0.483057 0.088443
vt 0.483004 0.087397
vt 0.844122 0.092477
vt 0.843462 0.091666
vt 0.844418 0.091480
vt 0.376014 0.244012
vt 0.375025 0.243661
vt 0.375106 0.242613
vt 0.376019 0.242834
vt 0.863068 0.092538
vt 0.862776 0.091542
vt 0.863733 0.091733
vt 0.483056 0.036755
vt 0.483971 0.036978
vt 0.484027 0.038182
vt 0.483003 0.037800
vt 0.375005 0.293287
vt 0.375994 0.292937
vt 0.375998 0.294115
vt 0.375085 0.294334
vt 0.044959 0.039560
vt 0.044105 0.039598
vt 0.043952 0.038583
vt 0.044788 0.038510
vt 0.851560 0.038936
vt 0.851640 0.040037
vt 0.850581 0.040517
vt 0.850521 0.039225
vt 0.044951 0.033282
vt 0.044790 0.034332
vt 0.043955 0.034259
vt 0.044102 0.033241
vt 0.856959 0.039257
vt 0.856890 0.040539
vt 0.855838 0.040053
vt 0.855930 0.038965
vt 0.478739 0.078646
vt 0.479763 0.077746
vt 0.479802 0.078693
vt 0.479527 0.067280
vt 0.479540 0.068246
vt 0.478485 0.067901
vt 0.479543 0.056938
vt 0.479530 0.057904
vt 0.478489 0.057282
vt 0.478743 0.046546
vt 0.479805 0.046499
vt 0.479766 0.047444
vt 0.370948 0.252427
vt 0.372010 0.252379
vt 0.371972 0.253326
vt 0.371747 0.263792
vt 0.370705 0.263170
vt 0.371759 0.262826
vt 0.371757 0.274133
vt 0.370705 0.273788
vt 0.371746 0.273167
vt 0.370939 0.284524
vt 0.371964 0.283626
vt 0.372001 0.284572
vt 0.753192 0.010446
vt 0.752664 0.011604
vt 0.752144 0.010344
vt 0.758335 0.010447
vt 0.759383 0.010345
vt 0.758862 0.011605
vt 0.479237 0.088853
vt 0.480226 0.087707
vt 0.480404 0.088837
vt 0.371422 0.242217
vt 0.372590 0.242232
vt 0.372413 0.243364
vt 0.479238 0.036346
vt 0.480404 0.036361
vt 0.480226 0.037491
vt 0.371403 0.294727
vt 0.372395 0.293582
vt 0.372571 0.294713
vt 0.041928 0.033851
vt 0.040770 0.033324
vt 0.042030 0.032803
vt 0.376544 0.252942
vt 0.377508 0.253034
vt 0.377611 0.253991
vt 0.376658 0.253910
vt 0.377660 0.272963
vt 0.378596 0.272938
vt 0.378554 0.273884
vt 0.377610 0.273909
vt 0.378600 0.264026
vt 0.377664 0.264000
vt 0.377614 0.263055
vt 0.378558 0.263081
vt 0.376531 0.284014
vt 0.376646 0.283047
vt 0.377598 0.282967
vt 0.377495 0.283923
vt 0.486193 0.076989
vt 0.486049 0.077950
vt 0.485069 0.078044
vt 0.485233 0.077070
vt 0.486561 0.067034
vt 0.487498 0.067009
vt 0.487442 0.067956
vt 0.486492 0.067982
vt 0.485067 0.047146
vt 0.486047 0.047240
vt 0.486191 0.048199
vt 0.485232 0.048119
vt 0.486560 0.058149
vt 0.486492 0.057201
vt 0.487442 0.057227
vt 0.487498 0.058174
vt 0.042870 0.023873
vt 0.043925 0.024322
vt 0.042872 0.048950
vt 0.043925 0.048500
vt 0.767865 0.008450
vt 0.768313 0.009504
vt 0.743686 0.008450
vt 0.743236 0.009504
vt 0.050026 0.034335
vt 0.050143 0.033329
vt 0.050143 0.039519
vt 0.050026 0.038512
vt 0.046464 0.025115
vt 0.047352 0.025384
vt 0.046580 0.047655
vt 0.047471 0.047386
vt 0.380671 0.245455
vt 0.380702 0.244448
vt 0.488510 0.086603
vt 0.488476 0.085596
vt 0.766803 0.005024
vt 0.767072 0.005911
vt 0.744800 0.004903
vt 0.744531 0.005794
vt 0.380649 0.291500
vt 0.380679 0.292506
vt 0.488505 0.038593
vt 0.488470 0.039599
vt 0.757852 0.002349
vt 0.758858 0.002232
vt 0.752668 0.002232
vt 0.753674 0.002349
vt 0.385195 0.263183
vt 0.385300 0.264155
vt 0.383461 0.253387
vt 0.383826 0.254376
vt 0.491620 0.076676
vt 0.491258 0.077664
vt 0.383810 0.282588
vt 0.383444 0.283576
vt 0.385190 0.273790
vt 0.385296 0.272818
vt 0.492983 0.067885
vt 0.493087 0.066912
vt 0.491615 0.048511
vt 0.491253 0.047523
vt 0.493087 0.058268
vt 0.492982 0.057296
vt 0.791174 0.023379
vt 0.800029 0.022962
vt 0.801390 0.024414
vt 0.789337 0.024414
vt 0.295166 0.123251
vt 0.304019 0.123670
vt 0.305858 0.124705
vt 0.293802 0.124705
vt 0.082340 0.007135
vt 0.092174 0.007037
vt 0.093427 0.008387
vt 0.081094 0.008177
vt 0.078854 0.036073
vt 0.074563 0.037066
vt 0.073123 0.035984
vt 0.079914 0.034238
vt 0.443446 0.075777
vt 0.447919 0.075958
vt 0.449033 0.077703
vt 0.442086 0.076944
vt 0.074477 0.242266
vt 0.078833 0.242137
vt 0.080177 0.243320
vt 0.073360 0.244005
vt 0.066771 0.227046
vt 0.070704 0.228089
vt 0.071750 0.229956
vt 0.065314 0.228074
vt 0.302025 0.117469
vt 0.302991 0.115977
vt 0.079120 0.235896
vt 0.080292 0.234757
vt 0.122384 0.006891
vt 0.122109 0.003433
vt 0.123536 0.002302
vt 0.123570 0.008032
vt 0.082629 0.003345
vt 0.081094 0.002237
vt 0.443242 0.069501
vt 0.442083 0.068348
vt 0.793170 0.017158
vt 0.792203 0.015666
vt 0.464573 0.219295
vt 0.471718 0.218509
vt 0.472799 0.219949
vt 0.463365 0.220479
vt 0.630192 0.043552
vt 0.622358 0.042871
vt 0.621181 0.041660
vt 0.631158 0.042060
vt 0.384638 0.242500
vt 0.395489 0.244062
vt 0.394258 0.245171
vt 0.385951 0.244309
vt 0.773124 0.203968
vt 0.773809 0.211795
vt 0.772318 0.212762
vt 0.771913 0.202791
vt 0.947438 0.006955
vt 0.954543 0.007513
vt 0.955777 0.008654
vt 0.946410 0.008413
vt 0.058147 0.213613
vt 0.057173 0.202707
vt 0.058912 0.204116
vt 0.059337 0.212455
vt 0.141772 0.019375
vt 0.137587 0.019275
vt 0.136160 0.018143
vt 0.142974 0.017893
vt 0.396697 0.261195
vt 0.396584 0.256740
vt 0.398143 0.255404
vt 0.397849 0.262354
vt 0.884478 0.155089
vt 0.886040 0.165941
vt 0.884231 0.164628
vt 0.883369 0.156321
vt 0.668326 0.135652
vt 0.663899 0.135583
vt 0.662726 0.134444
vt 0.669658 0.134083
vt 0.262241 0.223750
vt 0.263980 0.234777
vt 0.262128 0.233494
vt 0.261130 0.224989
vt 0.137312 0.022732
vt 0.141410 0.022402
vt 0.142845 0.023873
vt 0.136126 0.023873
vt 0.632187 0.049774
vt 0.634024 0.050808
vt 0.921802 0.091814
vt 0.921802 0.102841
vt 0.920184 0.101501
vt 0.920544 0.093002
vt 0.390419 0.260991
vt 0.389253 0.262351
vt 0.376933 0.003232
vt 0.373143 0.003521
vt 0.372034 0.001986
vt 0.377974 0.001986
vt 0.634759 0.104115
vt 0.623732 0.102376
vt 0.624971 0.101265
vt 0.633476 0.102263
vt 0.664185 0.141825
vt 0.662841 0.143007
vt 0.078422 0.043221
vt 0.079914 0.044611
vt 0.780010 0.213789
vt 0.781046 0.215627
vt 0.931850 0.263961
vt 0.939294 0.264560
vt 0.940687 0.266007
vt 0.930577 0.264908
vt 0.518061 0.020891
vt 0.520588 0.021458
vt 0.520389 0.022584
vt 0.517961 0.021880
vt 0.117924 0.003534
vt 0.116722 0.002052
vt 0.624821 0.204878
vt 0.624801 0.207432
vt 0.623048 0.208269
vt 0.623548 0.203932
vt 0.447697 0.069614
vt 0.449033 0.068054
vt 0.472711 0.214218
vt 0.465563 0.214650
vt 0.464173 0.213158
vt 0.474545 0.213158
vt 0.074692 0.235964
vt 0.073360 0.234395
vt 0.632265 0.204280
vt 0.633658 0.202833
vt 0.118286 0.006560
vt 0.116851 0.008032
vt 0.839558 0.220079
vt 0.833727 0.219993
vt 0.832250 0.218890
vt 0.840742 0.218534
vt 0.743071 0.021421
vt 0.743072 0.017457
vt 0.744200 0.017271
vt 0.744199 0.021606
vt 0.694261 0.238856
vt 0.688366 0.238769
vt 0.686810 0.237098
vt 0.695519 0.237796
vt 0.384638 0.251177
vt 0.386291 0.249607
vt 0.545461 0.021901
vt 0.537436 0.021595
vt 0.537237 0.020468
vt 0.545694 0.020781
vt 0.065953 0.203130
vt 0.064384 0.204743
vt 0.503746 0.021596
vt 0.501084 0.022191
vt 0.500987 0.021201
vt 0.503552 0.020469
vt 0.384642 0.003013
vt 0.392633 0.002683
vt 0.392868 0.003802
vt 0.384448 0.004140
vt 0.464601 0.252028
vt 0.461862 0.252050
vt 0.460942 0.250780
vt 0.465447 0.250300
vt 0.834039 0.227990
vt 0.839318 0.227707
vt 0.840742 0.229171
vt 0.832887 0.229103
vt 0.390239 0.256518
vt 0.388494 0.255404
vt 0.513900 0.022308
vt 0.511736 0.021926
vt 0.511972 0.020807
vt 0.514019 0.021367
vt 0.668541 0.141953
vt 0.669658 0.143693
vt 0.624717 0.008223
vt 0.624992 0.010361
vt 0.624083 0.010414
vt 0.623588 0.008408
vt 0.946395 0.003022
vt 0.944528 0.001977
vt 0.528614 0.021158
vt 0.530773 0.020785
vt 0.530888 0.021726
vt 0.528846 0.022278
vt 0.624716 0.004259
vt 0.623587 0.004073
vt 0.624992 0.002121
vt 0.624083 0.002068
vt 0.254806 0.223870
vt 0.255983 0.225408
vt 0.873188 0.038191
vt 0.868460 0.037635
vt 0.866969 0.036292
vt 0.875173 0.036292
vt 0.913179 0.092195
vt 0.914300 0.093606
vt 0.254322 0.234777
vt 0.255908 0.233170
vt 0.400933 0.243596
vt 0.400740 0.248114
vt 0.399643 0.249279
vt 0.399427 0.242197
vt 0.373231 0.013101
vt 0.371813 0.014972
vt 0.953570 0.003475
vt 0.954973 0.001977
vt 0.623333 0.049356
vt 0.621971 0.050808
vt 0.634759 0.094458
vt 0.633152 0.096042
vt 0.070996 0.059678
vt 0.071044 0.051754
vt 0.072581 0.049762
vt 0.072132 0.061227
vt 0.911735 0.103049
vt 0.913615 0.101297
vt 0.912546 0.169816
vt 0.913553 0.178236
vt 0.912566 0.179664
vt 0.910749 0.168286
vt 0.547620 0.022275
vt 0.547735 0.021334
vt 0.275566 0.151838
vt 0.275626 0.144155
vt 0.277176 0.142154
vt 0.276702 0.153385
vt 0.742795 0.015319
vt 0.743704 0.015266
vt 0.104856 0.035199
vt 0.104327 0.043466
vt 0.103106 0.044952
vt 0.103421 0.033785
vt 0.394797 0.002301
vt 0.394915 0.003242
vt 0.756160 0.054394
vt 0.756208 0.062317
vt 0.755072 0.063866
vt 0.754623 0.052402
vt 0.742795 0.023559
vt 0.743704 0.023611
vt 0.609473 0.124999
vt 0.608466 0.133418
vt 0.606669 0.134949
vt 0.608486 0.123571
vt 0.534908 0.022160
vt 0.534809 0.021171
vt 0.779592 0.204936
vt 0.781046 0.203572
vt 0.931830 0.261407
vt 0.930077 0.260570
vt 0.376834 0.013066
vt 0.378185 0.014318
vt 0.747898 0.248815
vt 0.753177 0.249097
vt 0.754329 0.250210
vt 0.746474 0.250279
vt 0.746049 0.086976
vt 0.737630 0.085963
vt 0.736098 0.084165
vt 0.747479 0.085990
vt 0.073777 0.044211
vt 0.072593 0.045419
vt 0.067412 0.051839
vt 0.067467 0.060015
vt 0.066429 0.061227
vt 0.065972 0.050556
vt 0.381980 0.002418
vt 0.381883 0.003408
vt 0.516990 0.106596
vt 0.516397 0.098356
vt 0.517474 0.097016
vt 0.518683 0.108189
vt 0.869375 0.045276
vt 0.872114 0.045298
vt 0.872961 0.047026
vt 0.868456 0.046547
vt 0.272004 0.144245
vt 0.272064 0.152178
vt 0.271028 0.153385
vt 0.270556 0.142961
vt 0.631712 0.208415
vt 0.633658 0.210365
vt 0.827226 0.206771
vt 0.828239 0.215190
vt 0.827252 0.216620
vt 0.825428 0.205239
vt 0.877809 0.155121
vt 0.878971 0.156688
vt 0.759737 0.062655
vt 0.759792 0.054478
vt 0.761232 0.053195
vt 0.760775 0.063866
vt 0.753488 0.241100
vt 0.747657 0.241187
vt 0.746474 0.239641
vt 0.754965 0.239998
vt 0.688422 0.246121
vt 0.694058 0.246765
vt 0.695519 0.247976
vt 0.687278 0.247440
vt 0.801003 0.016477
vt 0.802181 0.015266
vt 0.877363 0.165941
vt 0.878933 0.164288
vt 0.065953 0.213874
vt 0.064734 0.212317
vt 0.616647 0.133779
vt 0.616652 0.125436
vt 0.617862 0.124457
vt 0.618107 0.134949
vt 0.395457 0.250731
vt 0.393890 0.249569
vt 0.938741 0.260425
vt 0.940687 0.258475
vt 0.112771 0.043134
vt 0.113021 0.034767
vt 0.114276 0.033676
vt 0.114271 0.044197
vt 0.920732 0.177799
vt 0.920727 0.169456
vt 0.922188 0.168286
vt 0.921942 0.178777
vt 0.294198 0.116784
vt 0.293020 0.115573
vt 0.460947 0.259691
vt 0.459457 0.261034
vt 0.066214 0.219942
vt 0.065072 0.218707
vt 0.835400 0.214746
vt 0.835387 0.206411
vt 0.836847 0.205239
vt 0.836609 0.215725
vt 0.646070 0.019202
vt 0.646189 0.027054
vt 0.645024 0.028152
vt 0.644633 0.018052
vt 0.508314 0.098116
vt 0.508581 0.106452
vt 0.507070 0.107573
vt 0.507070 0.097074
vt 0.748794 0.254292
vt 0.748555 0.262018
vt 0.747346 0.263151
vt 0.747346 0.253148
vt 0.737270 0.094125
vt 0.745606 0.094137
vt 0.746584 0.095347
vt 0.736098 0.095584
vt 0.408592 0.248227
vt 0.409742 0.249664
vt 0.623852 0.094940
vt 0.625391 0.096117
vt 0.465675 0.259136
vt 0.467661 0.261034
vt 0.408370 0.243371
vt 0.409925 0.242197
vt 0.753693 0.254373
vt 0.754886 0.252838
vt 0.650707 0.026857
vt 0.652106 0.028362
vt 0.070252 0.220914
vt 0.071750 0.219510
vt 0.753214 0.261538
vt 0.754614 0.263015
vt 0.650927 0.019420
vt 0.652099 0.017864
vt 0.092209 0.003433
vt 0.094080 0.002015
vt 0.291454 0.196730
vt 0.287908 0.194159
vt 0.288284 0.192921
vt 0.292678 0.192912
vt 0.287891 0.191672
vt 0.291443 0.189101
vt 0.286823 0.190927
vt 0.288209 0.186759
vt 0.285529 0.190960
vt 0.284184 0.186771
vt 0.284498 0.191739
vt 0.280932 0.189185
vt 0.284094 0.192954
vt 0.279732 0.193030
vt 0.284499 0.194182
vt 0.280991 0.196771
vt 0.285560 0.194926
vt 0.284194 0.199077
vt 0.286857 0.194923
vt 0.288206 0.199077
vt 0.785463 0.033629
vt 0.785612 0.030048
vt 0.786404 0.029816
vt 0.786271 0.033913
vt 0.774768 0.038707
vt 0.771661 0.034038
vt 0.772746 0.033720
vt 0.775420 0.037829
vt 0.779990 0.037336
vt 0.783275 0.036434
vt 0.783743 0.037120
vt 0.779961 0.038154
vt 0.785532 0.024730
vt 0.788718 0.029102
vt 0.787665 0.029452
vt 0.784926 0.025584
vt 0.783663 0.027215
vt 0.784160 0.026571
vt 0.784997 0.039156
vt 0.779844 0.040379
vt 0.779886 0.039431
vt 0.784431 0.038218
vt 0.775765 0.024334
vt 0.780672 0.023171
vt 0.780634 0.024075
vt 0.776286 0.025243
vt 0.780539 0.026078
vt 0.780565 0.025291
vt 0.777328 0.026928
vt 0.776907 0.026255
vt 0.787529 0.034393
vt 0.776264 0.036758
vt 0.774034 0.033357
vt 0.773086 0.028782
vt 0.774313 0.029268
vt 0.776795 0.036101
vt 0.771930 0.028301
vt 0.788718 0.034832
vt 0.774860 0.033151
vt 0.775090 0.029594
vt 0.774655 0.175613
vt 0.771108 0.173044
vt 0.771501 0.171803
vt 0.775875 0.171794
vt 0.771091 0.170563
vt 0.774640 0.167992
vt 0.770023 0.169816
vt 0.771412 0.165652
vt 0.768728 0.169848
vt 0.767390 0.165658
vt 0.767696 0.170626
vt 0.764135 0.168064
vt 0.767290 0.171839
vt 0.762928 0.171908
vt 0.767693 0.173067
vt 0.764181 0.175653
vt 0.768753 0.173812
vt 0.767385 0.177965
vt 0.770053 0.173791
vt 0.771407 0.177965
vt 0.767455 0.042117
vt 0.766430 0.038902
vt 0.767091 0.038421
vt 0.768263 0.042115
vt 0.759078 0.033665
vt 0.764713 0.033671
vt 0.764311 0.034836
vt 0.759441 0.034718
vt 0.763640 0.036804
vt 0.763905 0.036022
vt 0.764495 0.050481
vt 0.758864 0.050481
vt 0.759261 0.049316
vt 0.764135 0.049428
vt 0.753118 0.042024
vt 0.754582 0.036928
vt 0.755478 0.037538
vt 0.754056 0.042031
vt 0.770463 0.042144
vt 0.769004 0.047237
vt 0.768110 0.046626
vt 0.769526 0.042140
vt 0.760105 0.036775
vt 0.759860 0.035968
vt 0.757247 0.038834
vt 0.756574 0.038333
vt 0.754517 0.047052
vt 0.755414 0.046466
vt 0.769039 0.037128
vt 0.768144 0.037713
vt 0.756465 0.045760
vt 0.759661 0.048128
vt 0.755321 0.042060
vt 0.767017 0.045830
vt 0.763717 0.048176
vt 0.766347 0.045328
vt 0.757122 0.045281
vt 0.759923 0.047343
vt 0.763474 0.047367
vt 0.756131 0.042062
s 0
usemtl frame
f 992/1/1 987/2/1 29/3/1 45/4/1
f 584/5/1 596/6/1 28/7/1 37/8/1
f 178/9/1 173/10/1 21/11/1 63/12/1
f 692/13/2 689/14/2 24/15/2 48/16/2
f 346/17/1 350/18/1 19/19/1 40/20/1
f 1022/21/1 1018/22/1 27/23/1 36/24/1
f 662/25/1 682/26/1 20/27/1 61/28/1
f 912/29/2 907/30/2 26/31/2 58/32/2
f 1020/33/2 1017/34/2 25/35/2 59/36/2
f 909/37/3 917/38/3 945/39/3 939/40/3
f 940/41/1 935/42/1 30/43/1 34/44/1
f 990/45/2 988/46/2 31/47/2 52/48/2
f 318/49/2 326/50/2 23/51/2 41/52/2
f 915/53/4 919/54/4 947/55/4 943/56/4
f 158/57/2 156/58/2 18/59/2 49/60/2
f 535/61/2 538/62/2 32/63/2 56/64/2
f 257/65/5 43/66/5 3/67/5 248/68/5
f 235/69/6 54/70/6 2/71/6 226/72/6
f 676/73/7 681/74/7 23/75/7 239/76/7
f 954/77/8 936/78/8 31/79/8 241/80/8
f 933/81/9 951/82/9 924/83/9 906/84/9
f 700/85/10 690/86/10 19/87/10 215/88/10
f 1008/89/11 988/90/11 32/91/11 252/92/11
f 1036/93/12 1018/94/12 28/95/12 229/96/12
f 236/97/13 155/98/13 17/99/13 227/100/13
f 260/101/14 174/102/14 22/103/14 249/104/14
f 258/105/15 154/106/15 1/107/15 237/108/15
f 590/109/15 594/110/15 11/111/15 218/112/15
f 1035/113/16 1016/114/16 12/115/16 219/116/16
f 910/117/8 940/118/8 946/119/8 918/120/8
f 926/121/8 954/77/8 956/122/8 927/123/8
f 1007/124/17 986/125/17 14/126/17 243/127/17
f 674/128/18 680/129/18 7/130/18 220/131/18
f 340/132/18 324/133/18 8/134/18 255/135/18
f 227/136/6 17/137/6 53/138/6 234/139/6
f 234/139/6 53/138/6 54/70/6 235/69/6
f 249/140/5 22/141/5 44/142/5 256/143/5
f 256/143/5 44/142/5 43/66/5 257/65/5
f 540/144/2 536/145/2 55/146/2 13/147/2
f 63/148/3 64/149/3 136/150/3 135/151/3
f 154/152/2 157/153/2 50/154/2 1/155/2
f 1022/156/19 36/157/19 108/158/19 1030/159/19
f 934/160/20 937/161/20 975/162/20 973/163/20
f 1021/164/21 38/165/21 110/166/21 1029/167/21
f 324/168/2 317/169/2 42/170/2 8/171/2
f 662/172/22 61/173/22 133/174/22 668/175/22
f 986/176/2 989/177/2 51/178/2 14/179/2
f 532/180/23 46/181/23 118/182/23 526/183/23
f 933/184/1 939/185/1 33/186/1 15/187/1
f 907/188/8 936/78/8 954/77/8 926/121/8
f 129/189/24 972/190/24 971/191/24 130/192/24
f 1015/193/2 1019/194/2 60/195/2 10/196/2
f 1020/197/25 59/198/25 131/199/25 1028/200/25
f 905/201/2 911/202/2 57/203/2 9/204/2
f 1019/205/26 57/206/26 129/207/26 1027/208/26
f 680/209/1 661/210/1 62/211/1 7/212/1
f 935/42/1 940/41/1 910/213/1 908/214/1
f 1016/215/1 1021/216/1 35/217/1 12/218/1
f 71/219/27 72/220/27 140/221/27 139/222/27
f 349/223/1 345/224/1 39/225/1 6/226/1
f 909/37/3 35/227/3 107/228/3 917/38/3
f 687/229/2 691/230/2 47/231/2 5/232/2
f 54/70/3 53/138/3 125/233/3 126/234/3
f 171/235/1 177/236/1 64/237/1 4/238/1
f 940/118/8 34/239/8 106/240/8 946/119/8
f 594/241/1 583/242/1 38/243/1 11/244/1
f 69/245/28 70/246/28 138/247/28 137/248/28
f 985/249/1 991/250/1 46/251/1 16/252/1
f 666/253/29 74/254/29 142/255/29 670/256/29
f 221/257/6 194/258/6 195/259/6 222/260/6
f 102/261/3 101/262/3 103/263/3 104/264/3
f 194/258/6 102/261/6 104/264/6 195/259/6
f 72/220/3 71/219/3 101/262/3 102/261/3
f 98/265/3 97/266/3 99/267/3 100/268/3
f 282/269/5 98/265/5 100/268/5 283/270/5
f 70/246/3 69/245/3 97/266/3 98/265/3
f 211/271/6 72/220/6 102/261/6 194/258/6
f 319/272/18 320/273/18 95/274/18 96/275/18
f 275/276/5 70/246/5 98/265/5 282/269/5
f 663/277/18 664/278/18 96/275/18 95/274/18
f 335/279/18 319/272/18 96/275/18 193/280/18
f 993/281/17 994/282/17 92/283/17 91/284/17
f 1003/285/17 993/281/17 91/284/17 203/286/17
f 918/287/1 946/288/1 945/289/1 917/290/1
f 678/291/18 663/277/18 95/274/18 268/292/18
f 914/293/3 922/294/3 949/295/3 941/296/3
f 1023/297/16 1024/298/16 90/299/16 89/300/16
f 1040/301/16 1023/297/16 89/300/16 267/302/16
f 585/303/15 586/304/15 88/305/15 87/306/15
f 921/307/8 950/308/8 952/309/8 923/310/8
f 161/311/15 162/312/15 66/313/15 65/314/15
f 196/315/15 161/311/15 65/314/15 209/316/15
f 936/78/8 907/188/8 970/317/8 974/318/8
f 592/319/15 585/303/15 87/306/15 266/320/15
f 528/321/30 84/322/30 152/323/30 573/324/30
f 284/325/13 163/326/13 70/327/13 275/328/13
f 990/329/31 52/330/31 124/331/31 998/332/31
f 197/333/14 181/334/14 72/335/14 211/336/14
f 944/337/32 82/338/32 150/339/32 948/340/32
f 1039/341/12 1025/342/12 80/343/12 277/344/12
f 989/345/33 55/346/33 127/347/33 997/348/33
f 1004/349/11 995/350/11 84/351/11 190/352/11
f 916/353/34 944/337/34 948/340/34 920/354/34
f 923/310/8 952/309/8 935/355/8 908/356/8
f 318/357/35 41/358/35 113/359/35 322/360/35
f 950/308/8 943/361/8 81/362/8 205/363/8
f 913/364/3 914/293/3 941/296/3 942/365/3
f 702/366/10 693/367/10 75/368/10 263/369/10
f 100/268/3 99/267/3 65/370/3 66/371/3
f 671/372/7 665/373/7 73/374/7 207/375/7
f 104/264/3 103/263/3 67/376/3 68/377/3
f 534/378/2 533/379/2 128/380/2 127/381/2
f 165/382/2 166/383/2 121/384/2 122/385/2
f 321/386/2 322/387/2 113/388/2 114/389/2
f 997/390/2 998/391/2 124/392/2 123/393/2
f 945/289/1 946/288/1 106/394/1 105/395/1
f 920/396/8 948/397/8 947/398/8 919/399/8
f 1027/400/2 1028/401/2 131/402/2 132/403/2
f 912/29/3 971/191/3 130/192/3 58/32/3
f 667/404/1 668/405/1 133/406/1 134/407/1
f 1029/408/1 1030/409/1 108/410/1 107/411/1
f 347/412/1 348/413/1 112/414/1 111/415/1
f 695/416/2 696/417/2 120/418/2 119/419/2
f 185/420/1 186/421/1 135/422/1 136/423/1
f 587/424/1 588/425/1 109/426/1 110/427/1
f 999/428/1 1000/429/1 117/430/1 118/431/1
f 187/432/15 188/433/15 139/434/15 140/435/15
f 169/436/36 170/437/36 137/438/36 138/439/36
f 1031/440/37 1032/441/37 147/442/37 148/443/37
f 1001/444/38 1002/445/38 151/446/38 152/447/38
f 697/448/36 698/449/36 144/450/36 143/451/36
f 915/452/8 943/361/8 950/308/8 921/307/8
f 947/398/8 948/397/8 150/453/8 149/454/8
f 669/455/39 670/456/39 142/457/39 141/458/39
f 329/459/40 73/460/40 141/461/40 333/462/40
f 159/463/41 54/464/41 126/465/41 167/466/41
f 182/467/42 71/468/42 139/469/42 188/470/42
f 346/471/43 40/472/43 112/473/43 348/474/43
f 355/475/44 75/476/44 143/477/44 359/478/44
f 597/479/45 60/480/45 132/481/45 601/482/45
f 164/483/46 69/484/46 137/485/46 170/486/46
f 692/487/47 48/488/47 120/489/47 696/490/47
f 43/66/3 44/142/3 116/491/3 115/492/3
f 1025/493/48 77/494/48 145/495/48 1031/496/48
f 327/497/49 62/498/49 134/499/49 331/500/49
f 683/501/50 42/502/50 114/503/50 685/504/50
f 1026/505/51 79/506/51 147/507/51 1032/508/51
f 178/509/52 63/510/52 135/511/52 186/512/52
f 535/513/53 56/514/53 128/515/53 533/516/53
f 995/517/54 81/518/54 149/519/54 1001/520/54
f 703/521/55 39/522/55 111/523/55 707/524/55
f 351/525/56 47/526/56 119/527/56 357/528/56
f 996/529/57 83/530/57 151/531/57 1002/532/57
f 584/533/58 37/534/58 109/535/58 588/536/58
f 158/537/59 49/538/59 121/539/59 166/540/59
f 599/541/60 80/542/60 148/543/60 603/544/60
f 991/545/61 33/546/61 105/547/61 999/548/61
f 937/549/62 51/550/62 123/551/62 975/552/62
f 694/553/63 76/554/63 144/555/63 698/556/63
f 992/557/64 45/558/64 117/559/64 1000/560/64
f 972/561/3 129/562/3 57/563/3 911/564/3
f 915/53/65 78/565/65 146/566/65 919/54/65
f 49/567/3 50/568/3 122/569/3 121/570/3
f 175/571/66 43/572/66 115/573/66 183/574/66
f 450/575/67 158/537/67 166/540/67 456/576/67
f 50/577/41 157/578/41 165/579/41 122/580/41
f 454/581/68 164/483/68 170/486/68 458/582/68
f 70/583/69 163/584/69 169/585/69 138/586/69
f 53/587/59 160/588/59 168/589/59 125/590/59
f 469/591/70 159/463/70 167/466/70 471/592/70
f 457/593/36 458/594/36 170/437/36 169/436/36
f 126/595/1 125/596/1 168/597/1 167/598/1
f 455/599/2 456/600/2 166/383/2 165/382/2
f 283/270/5 100/268/5 66/371/5 274/601/5
f 451/602/15 452/603/15 162/312/15 161/311/15
f 195/259/6 104/264/6 68/377/6 210/604/6
f 2/605/1 54/606/1 159/607/1 153/608/1
f 467/609/2 449/610/2 157/153/2 154/152/2
f 464/611/15 467/612/15 154/106/15 258/105/15
f 462/613/71 448/614/71 155/98/71 236/97/71
f 450/615/2 468/616/2 156/58/2 158/57/2
f 53/617/1 17/618/1 155/619/1 160/620/1
f 437/621/72 175/571/72 183/574/72 441/622/72
f 426/623/73 178/509/73 186/512/73 430/624/73
f 64/625/66 177/626/66 185/627/66 136/628/66
f 428/629/74 182/467/74 188/470/74 432/630/74
f 72/631/75 181/632/75 187/633/75 140/634/75
f 431/635/39 432/636/39 188/433/39 187/432/39
f 429/637/1 430/638/1 186/421/1 185/420/1
f 115/639/2 116/640/2 184/641/2 183/642/2
f 44/643/52 176/644/52 184/645/52 116/646/52
f 434/647/76 433/648/76 197/333/76 224/649/76
f 68/650/18 67/651/18 180/652/18 179/653/18
f 433/648/76 427/654/76 181/334/76 197/333/76
f 421/655/1 425/656/1 177/236/1 171/235/1
f 3/657/2 43/658/2 175/659/2 172/660/2
f 248/661/18 3/662/18 172/663/18 259/664/18
f 435/665/76 424/666/76 174/102/76 260/101/76
f 44/667/2 22/668/2 174/669/2 176/670/2
f 426/671/1 423/672/1 173/10/1 178/9/1
f 214/673/6 211/271/6 194/258/6 221/257/6
f 1007/674/77 243/675/77 848/676/77 1013/677/77
f 461/678/78 493/679/78 894/680/78 829/681/78
f 226/682/79 223/683/79 827/684/79 828/685/79
f 711/686/80 242/687/80 852/688/80 903/689/80
f 306/690/81 305/691/81 296/692/81 295/693/81
f 1006/694/11 1004/349/11 190/352/11 217/695/11
f 905/696/82 925/697/82 953/698/82 934/699/82
f 952/309/8 950/308/8 205/363/8 230/700/8
f 1034/701/12 1036/93/12 229/96/12 206/702/12
f 222/260/6 195/259/6 210/604/6 213/703/6
f 460/704/71 462/613/71 236/97/71 199/705/71
f 712/706/83 660/707/83 887/708/83 904/709/83
f 208/710/6 227/136/6 234/139/6 201/711/6
f 97/266/6 201/711/6 200/712/6 99/267/6
f 454/713/71 460/704/71 199/705/71 164/714/71
f 69/245/6 208/710/6 201/711/6 97/266/6
f 664/278/18 672/715/18 193/280/18 96/275/18
f 1024/298/16 1033/716/16 192/717/16 90/299/16
f 586/304/15 589/718/15 191/719/15 88/305/15
f 164/714/13 199/705/13 208/720/13 69/721/13
f 1026/722/12 1034/701/12 206/702/12 79/723/12
f 694/724/10 699/725/10 212/726/10 76/727/10
f 99/267/6 200/712/6 209/728/6 65/370/6
f 63/148/6 221/257/6 222/260/6 64/149/6
f 21/729/6 214/673/6 221/257/6 63/148/6
f 323/730/18 337/731/18 220/131/18 7/130/18
f 985/732/17 1005/733/17 232/734/17 15/735/17
f 153/736/15 223/737/15 226/738/15 2/739/15
f 173/740/14 224/649/14 214/741/14 21/742/14
f 987/743/11 1006/694/11 217/695/11 29/744/11
f 942/365/3 955/745/3 928/746/3 913/364/3
f 935/355/8 952/309/8 230/700/8 30/747/8
f 682/748/7 673/749/7 228/750/7 20/751/7
f 64/149/6 222/260/6 213/703/6 4/752/6
f 447/753/15 461/754/15 223/737/15 153/736/15
f 423/755/76 434/647/76 224/649/76 173/740/76
f 4/756/18 213/757/18 225/758/18 171/759/18
f 459/760/15 451/602/15 161/311/15 196/315/15
f 340/761/84 255/762/84 838/763/84 846/764/84
f 951/765/85 232/766/85 826/767/85 958/768/85
f 231/769/86 710/770/86 902/771/86 835/772/86
f 271/773/87 465/774/87 861/775/87 859/776/87
f 310/777/88 309/778/88 292/779/88 291/780/88
f 699/725/10 700/85/10 215/88/10 212/726/10
f 200/712/6 235/69/6 226/72/6 209/728/6
f 201/711/6 234/139/6 235/69/6 200/712/6
f 659/781/89 711/686/89 903/689/89 885/782/89
f 246/783/5 283/270/5 274/601/5 237/784/5
f 270/785/5 257/65/5 248/68/5 261/786/5
f 49/567/5 245/787/5 246/783/5 50/568/5
f 18/788/5 238/789/5 245/787/5 49/567/5
f 679/790/18 675/791/18 255/135/18 8/134/18
f 1015/792/16 1037/793/16 254/794/16 9/795/16
f 593/796/15 591/797/15 253/798/15 10/799/15
f 156/800/13 247/801/13 238/802/13 18/803/13
f 1017/804/12 1038/805/12 240/806/12 25/807/12
f 689/808/10 701/809/10 250/810/10 24/811/10
f 50/568/5 246/783/5 237/784/5 1/812/5
f 468/813/71 463/814/71 247/801/71 156/800/71
f 436/815/76 435/665/76 260/101/76 273/816/76
f 491/817/90 459/818/90 817/819/90 893/820/90
f 466/821/71 453/822/71 163/326/71 284/325/71
f 463/814/71 466/821/71 284/325/71 247/801/71
f 262/823/5 249/140/5 256/143/5 269/824/5
f 1005/825/91 233/826/91 825/827/91 1012/828/91
f 709/829/92 204/830/92 836/831/92 901/832/92
f 272/833/93 261/834/93 855/835/93 860/836/93
f 710/770/94 658/837/94 883/838/94 902/771/94
f 314/839/95 313/840/95 294/841/95 297/842/95
f 1010/843/11 1008/89/11 252/92/11 265/844/11
f 927/123/8 956/122/8 944/845/8 916/846/8
f 956/122/8 954/77/8 241/80/8 278/847/8
f 677/848/7 676/73/7 239/76/7 276/849/7
f 210/850/18 68/650/18 179/653/18 198/851/18
f 101/262/5 269/824/5 270/785/5 103/263/5
f 428/852/76 436/815/76 273/816/76 182/853/76
f 67/651/18 261/854/18 272/855/18 180/652/18
f 452/603/15 465/856/15 271/857/15 162/312/15
f 71/219/5 262/823/5 269/824/5 101/262/5
f 320/273/18 342/858/18 268/292/18 95/274/18
f 994/282/17 1009/859/17 280/860/17 92/283/17
f 162/312/15 271/857/15 274/861/15 66/313/15
f 182/853/14 273/816/14 262/862/14 71/863/14
f 996/864/11 1010/843/11 265/844/11 83/865/11
f 925/866/96 931/867/96 959/868/96 953/869/96
f 944/845/8 956/122/8 278/847/8 82/870/8
f 666/871/7 677/848/7 276/849/7 74/872/7
f 220/873/97 337/874/97 823/875/97 824/876/97
f 103/263/5 270/785/5 261/786/5 67/376/5
f 701/809/10 702/366/10 263/369/10 250/810/10
f 1038/805/12 1039/341/12 277/344/12 240/806/12
f 302/877/88 301/878/88 290/879/88 286/880/88
f 657/881/98 709/829/98 901/832/98 881/882/98
f 508/883/87 446/884/87 892/885/87 868/886/87
f 464/887/99 258/888/99 845/889/99 844/890/99
f 248/891/100 259/892/100 843/893/100 842/894/100
f 238/789/5 275/276/5 282/269/5 245/787/5
f 245/787/5 282/269/5 283/270/5 246/783/5
f 269/824/5 256/143/5 257/65/5 270/785/5
f 673/749/7 671/372/7 207/375/7 228/750/7
f 290/895/14 287/896/14 285/897/14 286/898/14
f 288/899/13 291/900/13 292/901/13 289/902/13
f 300/903/14 295/904/14 296/905/14 299/906/14
f 293/907/13 298/908/13 297/909/13 294/910/13
f 313/911/81 315/912/81 293/913/81 294/914/81
f 308/915/101 307/916/101 303/917/101 304/918/101
f 549/919/102 550/920/102 307/921/102 306/922/102
f 569/923/103 570/924/103 315/925/103 316/926/103
f 557/927/104 558/928/104 311/929/104 310/930/104
f 316/931/105 314/932/105 312/933/105 311/934/105
f 305/935/106 308/936/106 299/937/106 296/938/106
f 545/939/107 546/940/107 301/941/107 303/942/107
f 304/943/108 302/944/108 286/945/108 285/946/108
f 299/937/109 308/936/109 304/943/109 285/946/109
f 298/947/110 316/948/110 311/949/110 288/950/110
f 309/951/111 312/952/111 289/953/111 292/954/111
f 197/955/112 211/956/112 304/957/112 303/958/112
f 211/271/113 214/673/113 302/944/113 304/943/113
f 224/959/114 197/960/114 303/961/114 301/962/114
f 214/963/88 224/964/88 301/878/88 302/877/88
f 249/140/115 262/823/115 308/936/115 305/935/115
f 273/965/116 260/966/116 306/967/116 307/968/116
f 262/969/117 273/970/117 307/971/117 308/972/117
f 260/973/81 249/974/81 305/691/81 306/690/81
f 227/136/118 208/710/118 312/952/118 309/951/118
f 208/975/112 199/976/112 311/977/112 312/978/112
f 199/979/119 236/980/119 310/981/119 311/982/119
f 236/983/88 227/984/88 309/778/88 310/777/88
f 284/985/117 275/986/117 314/987/117 316/988/117
f 247/989/120 284/990/120 316/991/120 315/992/120
f 238/993/81 247/994/81 315/912/81 313/911/81
f 275/276/121 238/789/121 313/840/121 314/839/121
f 502/995/18 508/996/18 342/858/18 320/273/18
f 74/997/122 276/998/122 341/999/122 330/1000/122
f 445/1001/99 507/1002/99 867/1003/99 891/1004/99
f 730/1005/123 731/1006/123 228/1007/123 207/1008/123
f 20/1009/122 228/1010/122 338/1011/122 325/1012/122
f 509/1013/18 506/1014/18 337/731/18 323/730/18
f 506/1015/78 444/1016/78 890/1017/78 866/1018/78
f 61/28/1 20/27/1 325/1019/1 328/1020/1
f 239/1021/122 23/1022/122 326/1023/122 339/1024/122
f 7/212/1 62/211/1 327/1025/1 323/1026/1
f 207/1027/122 73/1028/122 329/1029/122 336/1030/122
f 677/1031/1 625/1032/1 790/1033/1 792/1034/1
f 134/407/1 133/406/1 332/1035/1 331/1036/1
f 141/458/124 142/457/124 334/1037/124 333/1038/124
f 74/1039/125 330/1040/125 334/1041/125 142/1042/125
f 61/1043/35 328/1044/35 332/1045/35 133/1046/35
f 42/502/49 317/1047/49 321/1048/49 114/503/49
f 513/1049/126 327/497/126 331/500/126 517/1050/126
f 515/1051/127 329/1052/127 333/1053/127 519/1054/127
f 503/1055/2 504/1056/2 322/387/2 321/386/2
f 500/1057/128 318/1058/128 322/1059/128 504/1060/128
f 505/1061/18 501/1062/18 319/272/18 335/279/18
f 501/1062/18 502/995/18 320/273/18 319/272/18
f 510/1063/2 499/1064/2 317/169/2 324/168/2
f 507/1065/18 510/1066/18 324/133/18 340/132/18
f 500/1067/2 512/1068/2 326/50/2 318/49/2
f 443/1069/90 505/1070/90 865/1071/90 889/1072/90
f 86/1073/15 279/1074/15 367/1075/15 354/1076/15
f 740/1077/129 737/1078/129 212/1079/129 215/1080/129
f 263/1081/130 75/1082/130 355/1083/130 368/1084/130
f 24/1085/130 250/1086/130 365/1087/130 344/1088/130
f 204/1089/15 85/1090/15 353/1091/15 361/1092/15
f 6/1093/15 231/1094/15 363/1095/15 349/1096/15
f 76/1097/130 212/1098/130 362/1099/130 356/1100/130
f 626/1101/131 678/1102/131 864/1103/131 900/1104/131
f 736/1105/132 733/1106/132 276/1107/132 239/1108/132
f 48/16/2 24/15/2 344/1109/2 352/1110/2
f 215/1111/130 19/1112/130 350/1113/130 364/1114/130
f 242/1115/15 5/1116/15 343/1117/15 366/1118/15
f 5/232/2 47/231/2 351/1119/2 343/1120/2
f 85/1090/15 86/1073/15 354/1076/15 353/1091/15
f 119/419/2 120/418/2 358/1121/2 357/1122/2
f 143/451/133 144/450/133 360/1123/133 359/1124/133
f 39/522/56 345/1125/56 347/1126/56 111/523/56
f 76/1127/134 356/1128/134 360/1129/134 144/1130/134
f 48/1131/43 352/1132/43 358/1133/43 120/1134/43
f 481/1135/135 351/525/135 357/528/135 487/1136/135
f 485/1137/136 355/1138/136 359/1139/136 489/1140/136
f 476/1141/137 346/1142/137 348/1143/137 478/1144/137
f 477/1145/1 478/1146/1 348/413/1 347/412/1
f 479/1147/1 475/1148/1 345/224/1 349/223/1
f 476/1149/1 480/1150/1 350/18/1 346/17/1
f 394/1151/138 626/1101/138 900/1104/138 880/1152/138
f 527/1153/139 581/1154/139 393/1155/139 380/1156/139
f 540/1157/18 579/1158/18 391/1159/18 369/1160/18
f 675/1161/89 623/1162/89 899/1163/89 837/1164/89
f 537/1165/139 577/1166/139 389/1167/139 372/1168/139
f 529/1169/18 576/1170/18 388/1171/18 378/1172/18
f 632/1173/140 374/1174/140 382/1175/140 634/1176/140
f 536/1177/23 373/1178/23 381/1179/23 534/1180/23
f 573/1181/141 574/1182/141 386/1183/141 385/1184/141
f 526/1185/1 525/1186/1 384/1187/1 383/1188/1
f 633/1189/2 634/1190/2 382/1191/2 381/1192/2
f 575/1193/139 528/1194/139 379/1195/139 387/1196/139
f 613/1197/142 379/1198/142 385/1199/142 617/1200/142
f 582/1201/18 530/1202/18 377/1203/18 394/1204/18
f 530/1202/18 529/1169/18 378/1172/18 377/1203/18
f 527/1205/143 380/1206/143 386/1207/143 574/1208/143
f 539/1209/1 532/1210/1 375/1211/1 370/1212/1
f 609/1213/126 375/1214/126 383/1215/126 615/1216/126
f 531/1217/53 376/1218/53 384/1219/53 525/1220/53
f 627/1221/2 631/1222/2 373/1223/2 369/1224/2
f 578/1225/18 539/1226/18 370/1227/18 390/1228/18
f 580/1229/139 538/1230/139 371/1231/139 392/1232/139
f 632/1233/2 629/1234/2 371/1235/2 374/1236/2
f 531/1237/1 537/1238/1 372/1239/1 376/1240/1
f 622/1241/94 674/1242/94 831/1243/94 898/1244/94
f 595/1245/144 607/1246/144 418/1247/144 397/1248/144
f 635/1249/15 659/1250/15 417/1251/15 395/1252/15
f 576/1253/145 202/1254/145 813/1255/145 873/1256/145
f 600/1257/144 605/1258/144 414/1259/144 406/1260/144
f 654/1261/15 657/1262/15 413/1263/15 404/1264/15
f 600/1265/146 406/1266/146 412/1267/146 604/1268/146
f 641/1269/147 405/1270/147 411/1271/147 645/1272/147
f 652/1273/137 402/1274/137 410/1275/137 656/1276/137
f 583/1277/45 401/1278/45 409/1279/45 587/1280/45
f 598/1281/58 400/1282/58 408/1283/58 602/1284/58
f 639/1285/135 399/1286/135 407/1287/135 643/1288/135
f 603/1289/148 604/1290/148 412/1291/148 411/1292/148
f 655/1293/1 656/1294/1 410/1295/1 409/1296/1
f 601/1297/2 602/1298/2 408/1299/2 407/1300/2
f 608/1301/144 599/1302/144 405/1303/144 419/1304/144
f 660/1305/15 653/1306/15 403/1307/15 420/1308/15
f 653/1306/15 654/1261/15 404/1264/15 403/1307/15
f 636/1309/1 651/1310/1 401/1311/1 396/1312/1
f 593/1313/2 597/1314/2 399/1315/2 395/1316/2
f 658/1317/15 636/1318/15 396/1319/15 415/1320/15
f 606/1321/144 596/1322/144 398/1323/144 416/1324/144
f 598/1325/2 595/1326/2 397/1327/2 400/1328/2
f 652/1329/1 638/1330/1 398/1331/1 402/1332/1
f 176/670/2 174/669/2 424/1333/2 438/1334/2
f 259/664/18 172/663/18 422/1335/18 445/1336/18
f 172/660/2 175/659/2 437/1337/2 422/1338/2
f 179/653/18 180/652/18 440/1339/18 439/1340/18
f 198/851/18 179/653/18 439/1340/18 443/1341/18
f 176/644/73 438/1342/73 442/1343/73 184/645/73
f 183/642/2 184/641/2 442/1344/2 441/1345/2
f 181/632/149 427/1346/149 431/1347/149 187/633/149
f 177/626/72 425/1348/72 429/1349/72 185/627/72
f 253/1350/150 591/1351/150 841/1352/150 840/1353/150
f 171/759/18 225/758/18 444/1354/18 421/1355/18
f 623/1162/151 391/1356/151 878/1357/151 899/1163/151
f 180/652/18 272/855/18 446/1358/18 440/1339/18
f 516/1359/76 524/1360/76 436/815/76 428/852/76
f 552/1361/152 549/1362/152 306/690/152 295/693/152
f 511/1363/76 522/1364/76 434/647/76 423/755/76
f 514/1365/1 511/1366/1 423/672/1 426/671/1
f 523/1367/76 512/1368/76 424/666/76 435/665/76
f 509/1369/1 513/1370/1 425/656/1 421/655/1
f 521/1371/76 515/1372/76 427/654/76 433/648/76
f 548/1373/153 545/1374/153 303/1375/153 287/1376/153
f 517/1377/1 518/1378/1 430/638/1 429/637/1
f 519/1379/39 520/1380/39 432/636/39 431/635/39
f 516/1381/154 428/629/154 432/630/154 520/1382/154
f 514/1383/73 426/623/73 430/624/73 518/1384/73
f 499/1385/72 437/621/72 441/622/72 503/1386/72
f 160/620/1 155/619/1 448/1387/1 470/1388/1
f 153/608/1 159/607/1 469/1389/1 447/1390/1
f 167/598/1 168/597/1 472/1391/1 471/1392/1
f 160/588/67 470/1393/67 472/1394/67 168/589/67
f 163/584/155 453/1395/155 457/1396/155 169/585/155
f 157/578/70 449/1397/70 455/1398/70 165/579/70
f 1037/1399/156 253/1350/156 840/1353/156 1043/1400/156
f 484/1401/15 497/1402/15 465/856/15 452/603/15
f 572/1403/157 569/1404/157 316/1405/157 298/1406/157
f 498/1407/71 485/1408/71 453/822/71 466/821/71
f 474/1409/71 495/1410/71 463/814/71 468/813/71
f 491/1411/15 483/1412/15 451/602/15 459/760/15
f 479/1413/15 493/1414/15 461/754/15 447/753/15
f 486/1415/71 492/1416/71 460/704/71 454/713/71
f 390/1417/158 622/1241/158 898/1244/158 876/1418/158
f 560/1419/159 557/1420/159 310/777/159 291/780/159
f 482/1421/2 474/1422/2 468/616/2 450/615/2
f 494/1423/71 480/1424/71 448/614/71 462/613/71
f 496/1425/15 473/1426/15 467/612/15 464/611/15
f 473/1427/2 481/1428/2 449/610/2 467/609/2
f 483/1412/15 484/1401/15 452/603/15 451/602/15
f 487/1429/2 488/1430/2 456/600/2 455/599/2
f 489/1431/36 490/1432/36 458/594/36 457/593/36
f 475/1433/70 469/591/70 471/592/70 477/1434/70
f 486/1435/160 454/581/160 458/582/160 490/1436/160
f 482/1437/67 450/575/67 456/576/67 488/1438/67
f 352/1439/137 482/1437/137 488/1438/137 358/1440/137
f 356/1441/161 486/1435/161 490/1436/161 360/1442/161
f 345/1125/135 475/1433/135 477/1434/135 347/1126/135
f 359/1124/36 360/1123/36 490/1432/36 489/1431/36
f 357/1122/2 358/1121/2 488/1430/2 487/1429/2
f 353/1091/15 354/1076/15 484/1401/15 483/1412/15
f 343/1120/2 351/1119/2 481/1428/2 473/1427/2
f 366/1118/15 343/1117/15 473/1426/15 496/1425/15
f 364/1443/59 350/1444/59 480/1424/59 494/1423/59
f 352/1110/2 344/1109/2 474/1422/2 482/1421/2
f 362/1445/59 364/1443/59 494/1423/59 492/1416/59
f 672/1446/162 620/1447/162 897/1448/162 818/1449/162
f 356/1450/59 362/1445/59 492/1416/59 486/1415/59
f 349/1096/15 363/1095/15 493/1414/15 479/1413/15
f 361/1092/15 353/1091/15 483/1412/15 491/1411/15
f 344/1451/59 365/1452/59 495/1410/59 474/1409/59
f 368/1453/59 355/1454/59 485/1408/59 498/1407/59
f 365/1452/59 368/1453/59 498/1407/59 495/1410/59
f 354/1076/15 367/1075/15 497/1402/15 484/1401/15
f 925/866/96 254/1455/96 839/1456/96 931/867/96
f 470/1388/1 448/1387/1 480/1150/1 476/1149/1
f 447/1390/1 469/1389/1 475/1148/1 479/1147/1
f 471/1392/1 472/1391/1 478/1146/1 477/1145/1
f 470/1393/67 476/1141/67 478/1144/67 472/1394/67
f 453/1395/163 485/1137/163 489/1140/163 457/1396/163
f 449/1397/70 481/1135/70 487/1136/70 455/1398/70
f 317/1047/126 499/1385/126 503/1386/126 321/1048/126
f 328/1457/128 514/1383/128 518/1384/128 332/1458/128
f 330/1459/164 516/1381/164 520/1382/164 334/1460/164
f 333/1038/15 334/1037/15 520/1380/15 519/1379/15
f 331/1036/1 332/1035/1 518/1378/1 517/1377/1
f 338/1461/165 336/1462/165 521/1371/165 522/1364/165
f 336/1462/165 329/1463/165 515/1372/165 521/1371/165
f 323/1026/1 327/1025/1 513/1370/1 509/1369/1
f 339/1464/165 326/1465/165 512/1368/165 523/1367/165
f 328/1020/1 325/1019/1 511/1366/1 514/1365/1
f 325/1466/165 338/1461/165 522/1364/165 511/1363/165
f 341/1467/165 339/1464/165 523/1367/165 524/1360/165
f 330/1468/165 341/1467/165 524/1360/165 516/1359/165
f 438/1334/2 424/1333/2 512/1068/2 500/1067/2
f 445/1336/18 422/1335/18 510/1066/18 507/1065/18
f 422/1338/2 437/1337/2 499/1064/2 510/1063/2
f 439/1340/18 440/1339/18 502/995/18 501/1062/18
f 443/1341/18 439/1340/18 501/1062/18 505/1061/18
f 438/1342/73 500/1057/73 504/1060/73 442/1343/73
f 441/1345/2 442/1344/2 504/1056/2 503/1055/2
f 427/1346/166 515/1051/166 519/1054/166 431/1347/166
f 425/1348/72 513/1049/72 517/1050/72 429/1349/72
f 620/1447/167 388/1469/167 874/1470/167 897/1448/167
f 421/1355/18 444/1354/18 506/1014/18 509/1013/18
f 255/762/80 675/1161/80 837/1164/80 838/763/80
f 440/1339/18 446/1358/18 508/996/18 502/995/18
f 546/1471/159 547/1472/159 290/879/159 301/878/159
f 547/1473/168 548/1474/168 287/1475/168 290/1476/168
f 550/1477/157 551/1478/157 300/1479/157 307/1480/157
f 551/1481/169 552/1482/169 295/1483/169 300/1484/169
f 307/1485/170 300/1486/170 287/1487/170 303/1488/170
f 300/903/14 299/906/14 285/897/14 287/896/14
f 314/839/171 297/842/171 289/953/171 312/952/171
f 297/909/13 298/908/13 288/899/13 289/902/13
f 558/1489/153 559/1490/153 288/1491/153 311/1492/153
f 559/1493/172 560/1494/172 291/1495/172 288/1496/172
f 570/1497/152 571/1498/152 293/913/152 315/912/152
f 571/1499/173 572/1500/173 298/1501/173 293/1502/173
f 265/1503/174 252/1504/174 580/1229/174 581/1154/174
f 13/1505/18 244/1506/18 579/1158/18 540/1157/18
f 420/1507/175 592/1508/175 863/1509/175 888/1510/175
f 29/1511/174 217/1512/174 577/1166/174 537/1165/174
f 93/1513/18 202/1514/18 576/1170/18 529/1169/18
f 55/1515/23 536/1177/23 534/1180/23 127/1516/23
f 152/1517/141 151/1518/141 574/1182/141 573/1181/141
f 118/431/1 117/430/1 525/1186/1 526/1185/1
f 190/1519/174 84/1520/174 528/1194/174 575/1193/174
f 281/1521/18 94/1522/18 530/1202/18 582/1201/18
f 94/1522/18 93/1513/18 529/1169/18 530/1202/18
f 83/1523/176 527/1205/176 574/1208/176 151/1524/176
f 16/252/1 46/251/1 532/1210/1 539/1209/1
f 45/1525/53 531/1217/53 525/1220/53 117/1526/53
f 233/1527/18 16/1528/18 539/1226/18 578/1225/18
f 252/1504/174 32/1529/174 538/1230/174 580/1229/174
f 433/1530/107 434/1531/107 543/1532/107 542/1533/107
f 521/1534/153 433/1535/153 542/1536/153 541/1537/153
f 434/1538/159 522/1539/159 544/1540/159 543/1541/159
f 522/1542/168 521/1543/168 541/1544/168 544/1545/168
f 543/1541/159 544/1540/159 547/1472/159 546/1471/159
f 541/1537/153 542/1536/153 545/1374/153 548/1373/153
f 542/1533/107 543/1532/107 546/940/107 545/939/107
f 561/1546/177 560/1419/177 723/1547/177 724/1548/177
f 555/1549/157 556/1550/157 551/1478/157 550/1477/157
f 553/1551/152 554/1552/152 549/1362/152 552/1361/152
f 554/1553/102 555/1554/102 550/920/102 549/919/102
f 564/1555/15 561/1556/15 724/1557/15 721/1558/15
f 435/1559/102 436/1560/102 555/1554/102 554/1553/102
f 523/1561/152 435/1562/152 554/1552/152 553/1551/152
f 436/1563/157 524/1564/157 556/1550/157 555/1549/157
f 524/1565/169 523/1566/169 553/1567/169 556/1568/169
f 563/1569/153 564/1570/153 559/1490/153 558/1489/153
f 561/1546/159 562/1571/159 557/1420/159 560/1419/159
f 562/1572/104 563/1573/104 558/928/104 557/927/104
f 547/1472/178 544/1540/178 715/1574/178 716/1575/178
f 462/1576/104 460/1577/104 563/1573/104 562/1572/104
f 494/1578/159 462/1579/159 562/1571/159 561/1546/159
f 460/1580/153 492/1581/153 564/1570/153 563/1569/153
f 492/1582/172 494/1583/172 561/1584/172 564/1585/172
f 466/1586/103 463/1587/103 567/1588/103 566/1589/103
f 498/1590/157 466/1591/157 566/1592/157 565/1593/157
f 463/1594/152 495/1595/152 568/1596/152 567/1597/152
f 495/1598/173 498/1599/173 565/1600/173 568/1601/173
f 567/1597/152 568/1596/152 571/1498/152 570/1497/152
f 565/1593/157 566/1592/157 569/1404/157 572/1403/157
f 566/1589/103 567/1588/103 570/924/103 569/923/103
f 45/4/1 29/3/1 537/1238/1 531/1237/1
f 553/1551/179 552/1361/179 719/1602/179 720/1603/179
f 83/1604/174 265/1503/174 581/1154/174 527/1153/174
f 233/826/180 578/1605/180 875/1606/180 825/827/180
f 217/1512/174 190/1519/174 575/1193/174 577/1166/174
f 374/1174/53 535/513/53 533/516/53 382/1175/53
f 381/1192/2 382/1191/2 533/379/2 534/378/2
f 379/1607/181 528/321/181 573/324/181 385/1608/181
f 375/1214/23 532/180/23 526/183/23 383/1215/23
f 369/1224/2 373/1223/2 536/145/2 540/144/2
f 374/1236/2 371/1235/2 538/62/2 535/61/2
f 59/36/2 25/35/2 595/1326/2 598/1325/2
f 229/1609/144 28/1610/144 596/1322/144 606/1321/144
f 10/196/2 60/195/2 597/1314/2 593/1313/2
f 277/1611/144 80/1612/144 599/1302/144 608/1301/144
f 132/403/2 131/402/2 602/1298/2 601/1297/2
f 148/1613/148 147/1614/148 604/1290/148 603/1289/148
f 59/1615/58 598/1281/58 602/1284/58 131/1616/58
f 38/1617/45 583/1277/45 587/1280/45 110/1618/45
f 79/1619/182 600/1265/182 604/1268/182 147/1620/182
f 79/1621/144 206/1622/144 605/1258/144 600/1257/144
f 206/1622/144 229/1609/144 606/1321/144 605/1258/144
f 25/1623/144 240/1624/144 607/1246/144 595/1245/144
f 240/1624/144 277/1611/144 608/1301/144 607/1246/144
f 210/1625/183 198/1626/183 822/1627/183 809/1628/183
f 395/1252/15 417/1251/15 591/797/15 593/796/15
f 591/1351/184 417/1629/184 886/1630/184 841/1352/184
f 404/1264/15 413/1263/15 589/718/15 586/304/15
f 405/1631/185 599/541/185 603/544/185 411/1632/185
f 402/1274/58 584/533/58 588/536/58 410/1275/58
f 399/1286/45 597/479/45 601/482/45 407/1287/45
f 409/1296/1 410/1295/1 588/425/1 587/424/1
f 420/1308/15 403/1307/15 585/303/15 592/319/15
f 403/1307/15 404/1264/15 586/304/15 585/303/15
f 396/1312/1 401/1311/1 583/242/1 594/241/1
f 415/1320/15 396/1319/15 594/110/15 590/109/15
f 402/1332/1 398/1331/1 596/6/1 584/5/1
f 684/1633/2 681/1634/2 629/1234/2 632/1233/2
f 679/1635/2 683/1636/2 631/1222/2 627/1221/2
f 661/1637/186 609/1213/186 615/1216/186 667/1638/186
f 665/1639/187 613/1197/187 617/1200/187 669/1640/187
f 685/1641/2 686/1642/2 634/1190/2 633/1189/2
f 684/1643/141 632/1173/141 634/1176/141 686/1644/141
f 389/1167/165 387/1196/165 619/1645/165 621/1646/165
f 579/1647/188 244/1648/188 847/1649/188 877/1650/188
f 380/1156/165 393/1155/165 625/1651/165 614/1652/165
f 393/1155/165 392/1232/165 624/1653/165 625/1651/165
f 369/1160/18 391/1159/18 623/1654/18 627/1655/18
f 415/1656/189 590/1657/189 834/1658/189 884/1659/189
f 372/1168/165 389/1167/165 621/1646/165 630/1660/165
f 378/1172/18 388/1171/18 620/1661/18 612/1662/18
f 373/1178/126 631/1663/126 633/1664/126 381/1179/126
f 385/1184/39 386/1183/39 618/1665/39 617/1666/39
f 383/1188/1 384/1187/1 616/1667/1 615/1668/1
f 387/1196/165 379/1195/165 613/1669/165 619/1645/165
f 394/1204/18 377/1203/18 611/1670/18 626/1671/18
f 377/1203/18 378/1172/18 612/1662/18 611/1670/18
f 380/1672/190 614/1673/190 618/1674/190 386/1675/190
f 370/1212/1 375/1211/1 609/1676/1 628/1677/1
f 376/1218/140 610/1678/140 616/1679/140 384/1219/140
f 390/1228/18 370/1227/18 628/1680/18 622/1681/18
f 392/1232/165 371/1231/165 629/1682/165 624/1653/165
f 376/1240/1 372/1239/1 630/1683/1 610/1684/1
f 704/1685/1 690/1686/1 638/1330/1 652/1329/1
f 710/1687/15 688/1688/15 636/1318/15 658/1317/15
f 688/1689/1 703/1690/1 651/1310/1 636/1309/1
f 705/1691/15 706/1692/15 654/1261/15 653/1306/15
f 712/1693/15 705/1691/15 653/1306/15 660/1305/15
f 707/1694/1 708/1695/1 656/1294/1 655/1293/1
f 691/1696/191 639/1285/191 643/1288/191 695/1697/191
f 704/1698/192 652/1273/192 656/1276/192 708/1699/192
f 693/1700/193 641/1269/193 645/1272/193 697/1701/193
f 706/1692/15 709/1702/15 657/1262/15 654/1261/15
f 589/1703/194 413/1704/194 882/1705/194 821/1706/194
f 687/1707/15 711/1708/15 659/1250/15 635/1249/15
f 191/1709/195 589/1703/195 821/1706/195 820/1710/195
f 418/1247/196 419/1304/196 650/1711/196 649/1712/196
f 397/1248/196 418/1247/196 649/1712/196 637/1713/196
f 414/1259/196 416/1324/196 648/1714/196 647/1715/196
f 406/1260/196 414/1259/196 647/1715/196 642/1716/196
f 406/1717/197 642/1718/197 646/1719/197 412/1720/197
f 401/1278/135 651/1721/135 655/1722/135 409/1279/135
f 400/1282/137 640/1723/137 644/1724/137 408/1283/137
f 411/1292/186 412/1291/186 646/1725/186 645/1726/186
f 407/1300/2 408/1299/2 644/1727/2 643/1728/2
f 419/1304/196 405/1303/196 641/1729/196 650/1711/196
f 395/1316/2 399/1315/2 639/1730/2 635/1731/2
f 416/1324/196 398/1323/196 638/1732/196 648/1714/196
f 400/1328/2 397/1327/2 637/1733/2 640/1734/2
f 41/1735/22 684/1643/22 686/1644/22 113/1736/22
f 114/389/2 113/388/2 686/1642/2 685/1641/2
f 73/1737/198 665/1639/198 669/1640/198 141/1738/198
f 62/498/50 661/1637/50 667/1638/50 134/499/50
f 8/171/2 42/170/2 683/1636/2 679/1635/2
f 41/52/2 23/51/2 681/1634/2 684/1633/2
f 792/1034/1 790/1033/1 764/1739/1 772/1740/1
f 1033/1741/199 191/1742/199 820/1743/199 1041/1744/199
f 614/1652/200 625/1651/200 677/848/200 666/871/200
f 788/1745/1 786/1746/1 776/1747/1 765/1748/1
f 627/1655/18 623/1654/18 675/791/18 679/790/18
f 922/1749/201 192/1750/201 819/1751/201 929/1752/201
f 630/1660/200 621/1646/200 673/749/200 682/748/200
f 612/1662/18 620/1661/18 672/715/18 664/278/18
f 631/1663/186 683/501/186 685/504/186 633/1664/186
f 617/1666/15 618/1665/15 670/456/15 669/455/15
f 615/1668/1 616/1667/1 668/405/1 667/404/1
f 619/1645/200 613/1669/200 665/373/200 671/372/200
f 626/1671/18 611/1670/18 663/277/18 678/291/18
f 611/1670/18 612/1662/18 664/278/18 663/277/18
f 614/1673/202 666/253/202 670/256/202 618/1674/202
f 628/1677/1 609/1676/1 661/210/1 680/209/1
f 610/1678/141 662/172/141 668/175/141 616/1679/141
f 622/1681/18 628/1680/18 680/129/18 674/128/18
f 624/1653/200 629/1682/200 681/74/200 676/73/200
f 610/1684/1 630/1683/1 682/26/1 662/25/1
f 281/1753/203 582/1754/203 879/1755/203 854/1756/203
f 5/1116/15 242/1115/15 711/1708/15 687/1707/15
f 193/1757/92 672/1446/92 818/1449/92 812/1758/92
f 85/1090/15 204/1089/15 709/1702/15 706/1692/15
f 75/1759/204 693/1700/204 697/1701/204 143/1760/204
f 40/1761/47 704/1698/47 708/1699/47 112/1762/47
f 47/526/55 691/1696/55 695/1697/55 119/527/55
f 111/415/1 112/414/1 708/1695/1 707/1694/1
f 279/1074/15 86/1073/15 705/1691/15 712/1693/15
f 86/1073/15 85/1090/15 706/1692/15 705/1691/15
f 6/226/1 39/225/1 703/1690/1 688/1689/1
f 231/1094/15 6/1093/15 688/1688/15 710/1687/15
f 40/20/1 19/19/1 690/1686/1 704/1685/1
f 791/1763/2 789/1764/2 771/1765/2 763/1766/2
f 637/1713/205 649/1712/205 701/809/205 689/808/205
f 787/1767/2 785/1768/2 766/1769/2 775/1770/2
f 642/1716/205 647/1715/205 699/725/205 694/724/205
f 642/1718/206 694/553/206 698/556/206 646/1719/206
f 651/1721/191 703/521/191 707/524/191 655/1722/191
f 640/1723/192 692/487/192 696/490/192 644/1724/192
f 645/1726/36 646/1725/36 698/449/36 697/448/36
f 643/1728/2 644/1727/2 696/417/2 695/416/2
f 650/1711/205 641/1729/205 693/367/205 702/366/205
f 635/1731/2 639/1730/2 691/230/2 687/229/2
f 648/1714/205 638/1732/205 690/86/205 700/85/205
f 640/1734/2 637/1733/2 689/14/2 692/13/2
f 717/1771/207 720/1772/207 339/1773/207 341/1774/207
f 728/1775/208 727/1776/208 743/1777/208 744/1778/208
f 720/1603/179 719/1602/179 735/1779/179 736/1780/179
f 727/1781/209 726/1782/209 368/1783/209 365/1784/209
f 568/1785/15 565/1786/15 726/1787/15 727/1788/15
f 551/1478/210 556/1550/210 717/1789/210 718/1790/210
f 565/1593/211 572/1403/211 725/1791/211 726/1792/211
f 559/1490/212 564/1570/212 721/1793/212 722/1794/212
f 548/1795/15 547/1796/15 716/1797/15 713/1798/15
f 552/1799/15 551/1800/15 718/1801/15 719/1802/15
f 571/1498/208 568/1596/208 727/1776/208 728/1775/208
f 560/1803/18 559/1804/18 722/1805/18 723/1806/18
f 544/1807/18 541/1808/18 714/1809/18 715/1810/18
f 541/1537/213 548/1373/213 713/1811/213 714/1812/213
f 572/1813/18 571/1814/18 728/1815/18 725/1816/18
f 556/1817/18 553/1818/18 720/1819/18 717/1820/18
f 737/1821/172 740/1822/172 739/1823/172 738/1824/172
f 743/1825/173 742/1826/173 741/1827/173 744/1828/173
f 733/1829/169 736/1830/169 735/1831/169 734/1832/169
f 731/1833/168 730/1834/168 729/1835/168 732/1836/168
f 714/1812/213 713/1811/213 729/1837/213 730/1838/213
f 725/1816/18 728/1815/18 744/1839/18 741/1840/18
f 722/1794/212 721/1793/212 737/1841/212 738/1842/212
f 715/1843/214 714/1844/214 336/1845/214 338/1846/214
f 723/1806/18 722/1805/18 738/1847/18 739/1848/18
f 716/1575/178 715/1574/178 731/1849/178 732/1850/178
f 724/1548/177 723/1547/177 739/1851/177 740/1852/177
f 713/1798/15 716/1797/15 732/1853/15 729/1854/15
f 721/1855/215 724/1856/215 364/1857/215 362/1858/215
f 718/1790/210 717/1789/210 733/1859/210 734/1860/210
f 726/1792/211 725/1791/211 741/1861/211 742/1862/211
f 719/1802/15 718/1801/15 734/1863/15 735/1864/15
f 731/1849/216 715/1574/216 338/1865/216 228/1866/216
f 714/1867/217 730/1868/217 207/1869/217 336/1870/217
f 733/1871/218 717/1872/218 341/1873/218 276/1874/218
f 720/1603/219 736/1780/219 239/1875/219 339/1876/219
f 737/1877/220 721/1878/220 362/1879/220 212/1880/220
f 724/1548/221 740/1852/221 215/1881/221 364/1882/221
f 743/1777/222 727/1776/222 365/1883/222 250/1884/222
f 726/1885/223 742/1886/223 263/1887/223 368/1888/223
f 804/1889/1 802/1890/1 747/1891/1 748/1892/1
f 780/1893/2 779/1894/2 757/1895/2 758/1896/2
f 779/1897/224 777/1898/224 759/1899/224 757/1900/224
f 803/1901/2 801/1902/2 746/1903/2 745/1904/2
f 747/1905/124 745/1906/124 746/1907/124 748/1908/124
f 751/1909/124 749/1910/124 750/1911/124 752/1912/124
f 757/1913/225 759/1914/225 760/1915/225 758/1916/225
f 753/1917/225 755/1918/225 756/1919/225 754/1920/225
f 777/1921/1 778/1922/1 760/1923/1 759/1924/1
f 795/1925/2 793/1926/2 750/1927/2 749/1928/2
f 785/1929/226 788/1930/226 778/1931/226 780/1932/226
f 796/1933/1 794/1934/1 751/1935/1 752/1936/1
f 797/1937/226 800/1938/226 784/1939/226 781/1940/226
f 807/1941/227 805/1942/227 801/1943/227 804/1944/227
f 794/1945/228 795/1946/228 749/1947/228 751/1948/228
f 790/1949/227 791/1950/227 793/1951/227 796/1952/227
f 802/1953/228 803/1954/228 745/1955/228 747/1956/228
f 781/1957/2 782/1958/2 753/1959/2 754/1960/2
f 782/1961/224 783/1962/224 755/1963/224 753/1964/224
f 783/1965/1 784/1966/1 756/1967/1 755/1968/1
f 762/1969/15 761/1970/15 769/1971/15 770/1972/15
f 764/1973/15 763/1974/15 771/1975/15 772/1976/15
f 766/1977/18 765/1978/18 776/1979/18 775/1980/18
f 768/1981/18 767/1982/18 774/1983/18 773/1984/18
f 766/1769/2 785/1768/2 780/1893/2 758/1896/2
f 762/1985/1 807/1986/1 804/1889/1 748/1892/1
f 786/1987/229 787/1988/229 775/1989/229 776/1990/229
f 808/1991/230 806/1992/230 770/1993/230 769/1994/230
f 805/1995/2 808/1996/2 769/1997/2 761/1998/2
f 768/1999/2 797/2000/2 781/1957/2 754/1960/2
f 798/2001/229 799/2002/229 773/2003/229 774/2004/229
f 806/2005/1 807/1986/1 762/1985/1 770/2006/1
f 799/2007/2 797/2000/2 768/1999/2 773/2008/2
f 764/1739/1 790/1033/1 796/1933/1 752/1936/1
f 789/2009/230 792/2010/230 772/2011/230 771/2012/230
f 800/2013/1 798/2014/1 774/2015/1 767/2016/1
f 608/2017/1 419/2018/1 778/1922/1 777/1921/1
f 607/2019/224 608/2020/224 777/1898/224 779/1897/224
f 418/2021/2 607/2022/2 779/1894/2 780/1893/2
f 742/2023/231 743/2024/231 250/2025/231 263/2026/231
f 605/2027/224 606/2028/224 783/1962/224 782/1961/224
f 414/2029/2 605/2030/2 782/1958/2 781/1957/2
f 416/2031/232 414/2032/232 781/2033/232 784/2034/232
f 577/2035/233 575/2036/233 803/1954/233 802/1953/233
f 702/2037/229 701/2038/229 787/1988/229 786/1987/229
f 649/2039/234 650/2040/234 788/2041/234 785/2042/234
f 701/2043/2 649/2044/2 785/1768/2 787/1767/2
f 621/2045/235 619/2046/235 805/2047/235 807/2048/235
f 676/2049/230 677/2050/230 792/2010/230 789/2009/230
f 625/2051/235 624/2052/235 791/2053/235 790/2054/235
f 624/2055/2 676/2056/2 789/1764/2 791/1763/2
f 392/2057/236 393/2058/236 796/2059/236 793/2060/236
f 581/2061/233 580/2062/233 795/1946/233 794/1945/233
f 393/2063/1 581/2064/1 794/1934/1 796/1933/1
f 580/2065/2 392/2066/2 793/1926/2 795/1925/2
f 606/2067/1 416/2068/1 784/1966/1 783/1965/1
f 700/2069/229 699/2070/229 799/2002/229 798/2001/229
f 699/2071/2 647/2072/2 797/2000/2 799/2007/2
f 648/2073/1 700/2074/1 798/2014/1 800/2013/1
f 387/2075/236 389/2076/236 804/2077/236 801/2078/236
f 575/2079/2 387/2080/2 801/1902/2 803/1901/2
f 389/2081/1 577/2082/1 802/1890/1 804/1889/1
f 647/2083/234 648/2084/234 800/2085/234 797/2086/234
f 673/2087/1 621/2088/1 807/1986/1 806/2005/1
f 619/2089/2 671/2090/2 808/1996/2 805/1995/2
f 671/2091/230 673/2092/230 806/1992/230 808/1991/230
f 419/2093/232 418/2094/232 780/2095/232 778/2096/232
f 788/1745/1 765/1748/1 760/1923/1 778/1922/1
f 765/1978/10 766/1977/10 758/1916/10 760/1915/10
f 791/1763/2 763/1766/2 750/1927/2 793/1926/2
f 763/1974/237 764/1973/237 752/1912/237 750/1911/237
f 805/1995/2 761/1998/2 746/1903/2 801/1902/2
f 761/1970/237 762/1969/237 748/1908/237 746/1907/237
f 800/2013/1 767/2016/1 756/1967/1 784/1966/1
f 767/1982/10 768/1981/10 754/1920/10 756/1919/10
f 650/2097/1 702/2098/1 786/1746/1 788/1745/1
f 823/2099/18 811/2100/18 812/2101/18 824/2102/18
f 1012/2103/238 1011/2104/238 814/2105/238 826/2106/238
f 931/2107/3 932/2108/3 960/2109/3 959/2110/3
f 827/2111/15 815/2112/15 816/2113/15 828/2114/15
f 829/2115/15 817/2116/15 815/2112/15 827/2111/15
f 818/2117/18 831/2118/18 824/2102/18 812/2101/18
f 1041/2119/239 1042/2120/239 832/2121/239 819/2122/239
f 821/2123/15 834/2124/15 833/2125/15 820/2126/15
f 810/2127/18 809/2128/18 822/2129/18 830/2130/18
f 855/2131/18 842/2132/18 843/2133/18 860/2134/18
f 862/2135/18 846/2136/18 838/2137/18 858/2138/18
f 1014/2139/240 1013/2140/240 848/2141/240 853/2142/240
f 951/765/85 958/768/85 930/2143/85 924/2144/85
f 859/2145/15 845/2146/15 849/2147/15 850/2148/15
f 861/2149/15 844/2150/15 845/2146/15 859/2145/15
f 841/2151/15 863/2152/15 856/2153/15 840/2154/15
f 1043/2155/241 1044/2156/241 857/2157/241 839/2158/241
f 837/2159/18 864/2160/18 858/2138/18 838/2137/18
f 868/2161/18 867/2162/18 846/2136/18 862/2135/18
f 866/2163/18 865/2164/18 811/2100/18 823/2099/18
f 851/2165/15 852/2166/15 871/2167/15 872/2168/15
f 835/2169/15 836/2170/15 869/2171/15 870/2172/15
f 877/2173/18 879/2174/18 880/2175/18 878/2176/18
f 873/2177/18 875/2178/18 876/2179/18 874/2180/18
f 885/2181/15 887/2182/15 888/2183/15 886/2184/15
f 881/2185/15 883/2186/15 884/2187/15 882/2188/15
f 830/2130/18 822/2129/18 889/2189/18 890/2190/18
f 860/2134/18 843/2133/18 891/2191/18 892/2192/18
f 896/2193/15 895/2194/15 844/2150/15 861/2149/15
f 894/2195/15 893/2196/15 817/2116/15 829/2115/15
f 870/2172/15 869/2171/15 893/2196/15 894/2195/15
f 872/2168/15 871/2167/15 895/2194/15 896/2193/15
f 890/2190/18 889/2189/18 865/2164/18 866/2163/18
f 892/2192/18 891/2191/18 867/2162/18 868/2161/18
f 813/2197/242 825/2198/242 875/2178/242 873/2177/242
f 847/2199/242 854/2200/242 879/2174/242 877/2173/242
f 886/2184/15 888/2183/15 863/2152/15 841/2151/15
f 882/2188/15 884/2187/15 834/2124/15 821/2123/15
f 878/2176/18 880/2175/18 900/2201/18 899/2202/18
f 874/2180/18 876/2179/18 898/2203/18 897/2204/18
f 901/2205/15 902/2206/15 883/2186/15 881/2185/15
f 903/2207/15 904/2208/15 887/2182/15 885/2181/15
f 899/2202/18 900/2201/18 864/2160/18 837/2159/18
f 897/2204/18 898/2203/18 831/2118/18 818/2117/18
f 852/2166/15 851/2165/15 904/2208/15 903/2207/15
f 836/2170/15 835/2169/15 902/2206/15 901/2205/15
f 268/2209/243 342/2210/243 862/2211/243 858/2212/243
f 279/2213/244 712/706/244 904/709/244 851/2214/244
f 505/1070/245 335/2215/245 811/2216/245 865/1071/245
f 949/2217/201 922/1749/201 929/1752/201 957/2218/201
f 204/2219/246 361/2220/246 869/2221/246 836/2222/246
f 1009/2223/247 281/2224/247 854/2225/247 1014/2226/247
f 258/888/100 237/2227/100 849/2228/100 845/889/100
f 955/2229/248 280/2230/248 853/2231/248 960/2232/248
f 413/2233/167 657/881/167 881/882/167 882/2234/167
f 337/874/158 506/1015/158 866/1018/158 823/875/158
f 496/2235/99 464/887/99 844/890/99 895/2236/99
f 388/2237/194 576/1253/194 873/1256/194 874/2238/194
f 363/2239/97 231/769/97 835/772/97 870/2240/97
f 274/2241/93 271/773/93 859/776/93 850/2242/93
f 465/774/87 497/2243/87 896/2244/87 861/775/87
f 361/2245/245 491/817/245 893/820/245 869/2246/245
f 658/837/158 415/1656/158 884/1659/158 883/838/158
f 578/1605/189 390/1417/189 876/1418/189 875/1606/189
f 507/1002/151 340/761/151 846/764/151 867/1003/151
f 391/1356/184 579/1647/184 877/1650/184 878/1357/184
f 242/687/84 366/2247/84 871/2248/84 852/688/84
f 493/679/158 363/2239/158 870/2240/158 894/680/158
f 417/1629/151 659/781/151 885/782/151 886/1630/151
f 223/683/78 461/678/78 829/681/78 827/684/78
f 198/1626/90 443/1069/90 889/1072/90 822/1627/90
f 367/2249/243 279/2250/243 851/2251/243 872/2252/243
f 342/2253/249 508/883/249 868/886/249 862/2254/249
f 444/1016/78 225/2255/78 830/2256/78 890/1017/78
f 225/2255/79 213/2257/79 810/2258/79 830/2256/79
f 237/784/5 274/601/5 850/2259/5 849/2260/5
f 582/1754/175 394/2261/175 880/2262/175 879/1755/175
f 259/892/99 445/1001/99 891/1004/99 843/893/99
f 366/2247/151 496/2235/151 895/2236/151 871/2248/151
f 660/707/138 420/2263/138 888/2264/138 887/708/138
f 446/884/87 272/833/87 860/836/87 892/885/87
f 335/2265/246 193/2266/246 812/2267/246 811/2268/246
f 497/2243/249 367/2269/249 872/2270/249 896/2244/249
f 1003/2271/250 203/2272/250 814/2273/250 1011/2274/250
f 929/2275/3 930/2276/3 958/2277/3 957/2278/3
f 674/1242/86 220/873/86 824/876/86 831/1243/86
f 196/2279/183 209/2280/183 816/2281/183 815/2282/183
f 955/2229/248 960/2232/248 932/2283/248 928/2284/248
f 1035/2285/251 219/2286/251 832/2287/251 1042/2288/251
f 592/1508/252 266/2289/252 856/2290/252 863/1509/252
f 590/1657/253 218/2291/253 833/2292/253 834/1658/253
f 213/703/6 210/604/6 809/2293/6 810/2294/6
f 209/728/6 226/72/6 828/2295/6 816/2296/6
f 1040/2297/254 267/2298/254 857/2299/254 1044/2300/254
f 963/2301/8 967/2302/8 983/2303/8 981/2304/8
f 678/1102/244 268/2305/244 858/2306/244 864/1103/244
f 261/786/5 248/68/5 842/2307/5 855/2308/5
f 459/818/90 196/2279/90 815/2282/90 817/819/90
f 267/2298/248 928/2284/248 932/2283/248 857/2299/248
f 219/2286/85 924/2144/85 930/2143/85 832/2287/85
f 839/2309/3 857/2310/3 932/2108/3 931/2107/3
f 819/2311/3 832/2312/3 930/2276/3 929/2275/3
f 77/2313/8 264/2314/8 927/123/8 916/846/8
f 264/2314/8 251/2315/8 926/121/8 927/123/8
f 9/2316/82 254/2317/82 925/697/82 905/696/82
f 27/2318/8 216/2319/8 923/310/8 908/356/8
f 90/2320/3 192/2321/3 922/294/3 914/293/3
f 216/2319/8 189/2322/8 921/307/8 923/310/8
f 146/2323/8 145/2324/8 920/396/8 919/399/8
f 107/411/1 108/410/1 918/287/1 917/290/1
f 77/2325/32 916/353/32 920/354/32 145/2326/32
f 189/2322/8 78/2327/8 915/452/8 921/307/8
f 267/2328/3 89/2329/3 913/364/3 928/746/3
f 89/2329/3 90/2320/3 914/293/3 913/364/3
f 36/2330/8 910/117/8 918/120/8 108/2331/8
f 124/392/255 976/2332/255 975/2333/255 123/393/255
f 12/218/1 35/217/1 909/2334/1 906/2335/1
f 219/2336/9 12/2337/9 906/84/9 924/83/9
f 251/2315/8 26/2338/8 907/188/8 926/121/8
f 36/24/1 27/23/1 908/214/1 910/213/1
f 938/2339/256 936/2340/256 974/2341/256 976/2342/256
f 203/2272/201 949/2217/201 957/2218/201 814/2273/201
f 243/675/96 953/869/96 959/868/96 848/676/96
f 853/2343/3 848/2344/3 959/2110/3 960/2109/3
f 826/2345/3 814/2346/3 957/2278/3 958/2277/3
f 92/2347/3 280/2348/3 955/745/3 942/365/3
f 15/2349/9 232/2350/9 951/82/9 933/81/9
f 81/2351/65 943/56/65 947/55/65 149/2352/65
f 33/2353/3 939/40/3 945/39/3 105/2354/3
f 203/2355/3 91/2356/3 941/296/3 949/295/3
f 91/2356/3 92/2347/3 942/365/3 941/296/3
f 907/2357/257 912/29/257 971/191/257 970/2358/257
f 14/179/2 51/178/2 937/2359/2 934/2360/2
f 243/2361/82 14/2362/82 934/699/82 953/698/82
f 52/48/2 31/47/2 936/2363/2 938/2364/2
f 966/2365/15 965/2366/15 979/2367/15 980/2368/15
f 968/2369/3 964/2370/3 982/2371/3 984/2372/3
f 967/2373/258 961/2374/258 977/2375/258 983/2376/258
f 905/696/3 934/699/3 973/2377/3 969/2378/3
f 964/2379/259 966/2365/259 980/2368/259 982/2380/259
f 961/2374/18 962/2381/18 978/2382/18 977/2375/18
f 911/2383/260 905/2384/260 969/2385/260 972/2386/260
f 967/2387/2 963/2388/2 969/2389/2 973/2390/2
f 52/2391/8 938/2392/8 976/2393/8 124/2394/8
f 964/2395/2 968/2396/2 974/2397/2 970/2398/2
f 977/2399/2 979/2400/2 981/2401/2 983/2402/2
f 965/2403/2 966/2404/2 971/191/2 972/190/2
f 963/2388/2 965/2403/2 972/190/2 969/2389/2
f 966/2404/2 964/2395/2 970/2398/2 971/191/2
f 962/2405/2 961/2406/2 975/2333/2 976/2332/2
f 961/2406/2 967/2387/2 973/2390/2 975/2333/2
f 968/2396/2 962/2405/2 976/2332/2 974/2397/2
f 977/2399/2 978/2407/2 980/2408/2 979/2400/2
f 982/2409/2 980/2408/2 978/2407/2 984/2410/2
f 962/2381/261 968/2411/261 984/2412/261 978/2382/261
f 965/2366/262 963/2413/262 981/2414/262 979/2367/262
f 909/2334/1 939/185/1 933/184/1 906/2335/1
f 202/2415/263 1003/2271/263 1011/2274/263 813/2416/263
f 280/2230/264 1009/2223/264 1014/2226/264 853/2231/264
f 854/2417/265 847/2418/265 1013/2419/265 1014/2420/265
f 825/2421/266 813/2422/266 1011/2423/266 1012/2424/266
f 82/2425/267 278/2426/267 1010/2427/267 996/2428/267
f 94/2429/268 281/2430/268 1009/2431/268 994/2432/268
f 278/2426/267 241/2433/267 1008/2434/267 1010/2427/267
f 232/766/269 1005/825/269 1012/828/269 826/767/269
f 30/2435/267 230/2436/267 1006/2437/267 987/2438/267
f 16/2439/268 233/2440/268 1005/2441/268 985/2442/268
f 230/2436/267 205/2443/267 1004/2444/267 1006/2437/267
f 244/1648/270 1007/674/270 1013/677/270 847/1649/270
f 34/2445/31 992/2446/31 1000/2447/31 106/2448/31
f 46/2449/33 991/2450/33 999/2451/33 118/2452/33
f 82/2453/271 996/2454/271 1002/2455/271 150/2456/271
f 84/2457/272 995/2458/272 1001/2459/272 152/2460/272
f 149/2461/273 150/2462/273 1002/2463/273 1001/2464/273
f 105/395/1 106/394/1 1000/429/1 999/428/1
f 127/381/2 128/380/2 998/391/2 997/390/2
f 205/2443/267 81/2465/267 995/2466/267 1004/2444/267
f 51/2467/61 989/2468/61 997/2469/61 123/2470/61
f 56/2471/64 990/2472/64 998/2473/64 128/2474/64
f 202/2475/268 93/2476/268 993/2477/268 1003/2478/268
f 93/2476/268 94/2429/268 994/2432/268 993/2477/268
f 15/187/1 33/186/1 991/250/1 985/249/1
f 13/147/2 55/146/2 989/177/2 986/176/2
f 244/2479/268 13/2480/268 986/2481/268 1007/2482/268
f 241/2433/267 31/2483/267 988/2484/267 1008/2434/267
f 56/64/2 32/63/2 988/46/2 990/45/2
f 34/44/1 30/43/1 987/2/1 992/1/1
f 266/2485/274 1040/2297/274 1044/2300/274 856/2486/274
f 218/2291/275 1035/2285/275 1042/2288/275 833/2292/275
f 840/2487/276 856/2488/276 1044/2489/276 1043/2490/276
f 820/2491/277 833/2492/277 1042/2493/277 1041/2494/277
f 192/1750/278 1033/1741/278 1041/1744/278 819/1751/278
f 254/1455/279 1037/1399/279 1043/1400/279 839/1456/279
f 251/2495/280 264/2496/280 1039/2497/280 1038/2498/280
f 26/2499/280 251/2495/280 1038/2498/280 1017/2500/280
f 10/2501/281 253/2502/281 1037/2503/281 1015/2504/281
f 78/2505/280 189/2506/280 1034/2507/280 1026/2508/280
f 88/2509/281 191/2510/281 1033/2511/281 1024/2512/281
f 189/2506/280 216/2513/280 1036/2514/280 1034/2507/280
f 78/2515/282 1026/2516/282 1032/2517/282 146/2518/282
f 80/2519/283 1025/2520/283 1031/2521/283 148/2522/283
f 145/2523/284 146/2524/284 1032/2525/284 1031/2526/284
f 110/427/1 109/426/1 1030/409/1 1029/408/1
f 129/2527/2 130/2528/2 1028/401/2 1027/400/2
f 264/2496/280 77/2529/280 1025/2530/280 1039/2497/280
f 266/2531/281 87/2532/281 1023/2533/281 1040/2534/281
f 87/2532/281 88/2509/281 1024/2512/281 1023/2533/281
f 11/244/1 38/243/1 1021/216/1 1016/215/1
f 60/2535/21 1019/2536/21 1027/2537/21 132/2538/21
f 58/32/19 1020/2539/19 1028/2540/19 130/192/19
f 9/204/2 57/203/2 1019/194/2 1015/193/2
f 35/2541/26 1021/2542/26 1029/2543/26 107/2544/26
f 37/2545/25 1022/2546/25 1030/2547/25 109/2548/25
f 218/2549/281 11/2550/281 1016/2551/281 1035/2552/281
f 216/2513/280 27/2553/280 1018/2554/280 1036/2514/280
f 58/32/2 26/31/2 1017/34/2 1020/33/2
f 37/8/1 28/7/1 1018/22/1 1022/21/1
f 1061/2555/285 1062/2556/285 1065/2557/285 1083/2558/285
f 1061/2555/286 1063/2559/286 1064/2560/286 1062/2556/286
f 1069/2561/287 1078/2562/287 1072/2563/287 1070/2564/287
f 1088/2565/288 1063/2559/288 1082/2566/288 1089/2567/288
f 1089/2567/289 1082/2566/289 1081/2568/289 1090/2569/289
f 1090/2569/290 1081/2568/290 1080/2570/290 1091/2571/290
f 1091/2571/291 1080/2570/291 1079/2572/291 1092/2573/291
f 1073/2574/292 1078/2562/292 1079/2572/292 1074/2575/292
f 1074/2575/293 1079/2572/293 1080/2570/293 1075/2576/293
f 1075/2576/2 1080/2570/2 1081/2568/2 1076/2577/2
f 1076/2577/294 1081/2568/294 1082/2566/294 1077/2578/294
f 1073/2574/295 1074/2575/295 1087/2579/295 1067/2580/295
f 1074/2575/296 1075/2576/296 1086/2581/296 1087/2579/296
f 1075/2576/297 1076/2577/297 1085/2582/297 1086/2581/297
f 1076/2577/298 1077/2578/298 1084/2583/298 1085/2582/298
f 1066/2584/299 1064/2560/299 1063/2559/299 1088/2565/299
f 1077/2578/300 1082/2566/300 1063/2559/300 1061/2555/300
f 1077/2578/301 1061/2555/301 1083/2558/301 1084/2583/301
f 1071/2585/302 1073/2574/302 1067/2580/302 1068/2586/302
f 1071/2585/303 1072/2563/303 1078/2562/303 1073/2574/303
f 1092/2573/304 1079/2572/304 1078/2562/304 1069/2561/304
f 1054/2587/305 1055/2588/305 1095/2589/305 1094/2590/305
f 1055/2588/306 1056/2591/306 1093/2592/306 1095/2589/306
f 1051/2593/307 1052/2594/307 1072/2563/307 1071/2585/307
f 1057/2595/308 1048/2596/308 1066/2584/308 1099/2597/308
f 1056/2591/309 1049/2598/309 1068/2586/309 1093/2592/309
f 1049/2598/310 1051/2593/310 1071/2585/310 1068/2586/310
f 1058/2599/311 1057/2595/311 1099/2597/311 1100/2600/311
f 1050/2601/312 1060/2602/312 1097/2603/312 1070/2564/312
f 1052/2594/313 1050/2601/313 1070/2564/313 1072/2563/313
f 1059/2604/314 1058/2599/314 1100/2600/314 1098/2605/314
f 1045/2606/315 1046/2607/315 1062/2556/315 1064/2560/315
f 1060/2602/316 1059/2604/316 1098/2605/316 1097/2603/316
f 1046/2607/317 1047/2608/317 1065/2557/317 1062/2556/317
f 1047/2608/318 1053/2609/318 1096/2610/318 1065/2557/318
f 1048/2596/319 1045/2606/319 1064/2560/319 1066/2584/319
f 1053/2609/320 1054/2587/320 1094/2590/320 1096/2610/320
f 1065/2557/321 1096/2610/321 1084/2583/321 1083/2558/321
f 1095/2589/322 1093/2592/322 1087/2579/322 1086/2581/322
f 1096/2610/323 1094/2590/323 1085/2582/323 1084/2583/323
f 1094/2590/324 1095/2589/324 1086/2581/324 1085/2582/324
f 1093/2592/325 1068/2586/325 1067/2580/325 1087/2579/325
f 1100/2600/326 1099/2597/326 1089/2567/326 1090/2569/326
f 1097/2603/327 1098/2605/327 1091/2571/327 1092/2573/327
f 1070/2564/328 1097/2603/328 1092/2573/328 1069/2561/328
f 1099/2597/329 1066/2584/329 1088/2565/329 1089/2567/329
f 1098/2605/330 1100/2600/330 1090/2569/330 1091/2571/330
f 1458/2611/331 1459/2612/331 1460/2613/331 1457/2614/331
f 1290/2615/332 1291/2616/332 1289/2617/332
f 1454/2618/333 1455/2619/333 1456/2620/333 1453/2621/333
f 1450/2622/334 1451/2623/334 1452/2624/334 1449/2625/334
f 1446/2626/335 1447/2627/335 1448/2628/335 1445/2629/335
f 1443/2630/336 1444/2631/336 1442/2632/336
f 1439/2633/337 1440/2634/337 1441/2635/337 1438/2636/337
f 1435/2637/338 1436/2638/338 1437/2639/338 1434/2640/338
f 1431/2641/339 1432/2642/339 1433/2643/339 1430/2644/339
f 1427/2645/340 1428/2646/340 1429/2647/340 1426/2648/340
f 1424/2649/341 1425/2650/341 1423/2651/341
f 1420/2652/342 1421/2653/342 1422/2654/342 1419/2655/342
f 1416/2656/343 1417/2657/343 1418/2658/343 1415/2659/343
f 1412/2660/344 1413/2661/344 1414/2662/344 1411/2663/344
f 1408/2664/345 1409/2665/345 1410/2666/345 1407/2667/345
f 1404/2668/346 1405/2669/346 1406/2670/346 1403/2671/346
f 1400/2672/347 1401/2673/347 1402/2674/347 1399/2675/347
f 1396/2676/348 1397/2677/348 1398/2678/348 1395/2679/348
f 1392/2680/349 1393/2681/349 1394/2682/349 1391/2683/349
f 1388/2684/350 1389/2685/350 1390/2686/350 1387/2687/350
f 1384/2688/351 1385/2689/351 1386/2690/351 1383/2691/351
f 1380/2692/352 1381/2693/352 1382/2694/352 1379/2695/352
f 1376/2696/353 1377/2697/353 1378/2698/353 1375/2699/353
f 1372/2700/354 1373/2701/354 1374/2702/354 1371/2703/354
f 1369/2704/355 1370/2705/355 1368/2706/355
f 1365/2707/356 1366/2708/356 1367/2709/356 1364/2710/356
f 1362/2711/357 1363/2712/357 1361/2713/357
f 1358/2714/358 1359/2715/358 1360/2716/358 1357/2717/358
f 1354/2718/359 1355/2719/359 1356/2720/359 1353/2721/359
f 1350/2722/360 1351/2723/360 1352/2724/360 1349/2725/360
f 1346/2726/361 1347/2727/361 1348/2728/361 1345/2729/361
f 1342/2730/362 1343/2731/362 1344/2732/362 1341/2733/362
f 1338/2734/363 1339/2735/363 1340/2736/363 1337/2737/363
f 1335/2738/364 1336/2739/364 1334/2740/364
f 1332/2741/365 1333/2742/365 1331/2743/365
f 1329/2744/366 1330/2745/366 1328/2746/366
f 1326/2747/367 1327/2748/367 1325/2749/367
f 1323/2750/368 1324/2751/368 1322/2752/368
f 1320/2753/369 1321/2754/369 1319/2755/369
f 1317/2756/370 1318/2757/370 1316/2758/370
f 1314/2759/371 1315/2760/371 1313/2761/371
f 1311/2762/372 1312/2763/372 1310/2764/372
f 1308/2765/373 1309/2766/373 1307/2767/373
f 1305/2768/374 1306/2769/374 1304/2770/374
f 1302/2771/375 1303/2772/375 1301/2773/375
f 1299/2774/376 1300/2775/376 1298/2776/376
f 1296/2777/377 1297/2778/377 1295/2779/377
f 1293/2780/378 1294/2781/378 1292/2782/378
f 1462/2783/379 1463/2784/379 1464/2785/379 1461/2786/379
f 1466/2787/380 1467/2788/380 1468/2789/380 1465/2790/380
f 1470/2791/381 1471/2792/381 1472/2793/381 1469/2794/381
f 1474/2795/382 1475/2796/382 1476/2797/382 1473/2798/382
f 1478/2799/383 1479/2800/383 1480/2801/383 1477/2802/383
f 1482/2803/384 1483/2804/384 1484/2805/384 1481/2806/384
f 1486/2807/385 1487/2808/385 1488/2809/385 1485/2810/385
f 1490/2811/386 1491/2812/386 1492/2813/386 1489/2814/386
f 1289/2617/387 1294/2781/387 1293/2780/387 1290/2615/387
f 1294/2781/388 1296/2815/388 1295/2816/388 1292/2782/388
f 1299/2817/389 1289/2617/389 1291/2616/389 1300/2818/389
f 1307/2767/390 1312/2763/390 1311/2762/390 1308/2765/390
f 1309/2766/391 1303/2819/391 1302/2820/391 1307/2767/391
f 1304/2821/392 1310/2764/392 1312/2763/392 1305/2822/392
f 1314/2759/393 1318/2757/393 1317/2756/393 1315/2760/393
f 1318/2757/394 1321/2754/394 1320/2753/394 1316/2758/394
f 1321/2754/395 1323/2750/395 1322/2752/395 1319/2755/395
f 1325/2749/396 1329/2744/396 1328/2746/396 1326/2747/396
f 1330/2745/397 1332/2741/397 1331/2743/397 1328/2746/397
f 1333/2742/398 1336/2739/398 1335/2738/398 1331/2743/398
f 1473/2798/399 1355/2719/399 1354/2718/399 1474/2795/399
f 1337/2823/400 1343/2731/400 1342/2730/400 1338/2824/400
f 1345/2825/401 1350/2722/401 1349/2725/401 1346/2826/401
f 1352/2724/402 1344/2732/402 1343/2731/402 1349/2725/402
f 1341/2733/403 1353/2827/403 1356/2828/403 1342/2730/403
f 1358/2829/404 1351/2723/404 1350/2722/404 1359/2830/404
f 1361/2831/405 1365/2707/405 1364/2710/405 1362/2832/405
f 1369/2833/406 1373/2701/406 1372/2700/406 1370/2834/406
f 1376/2696/407 1380/2692/407 1379/2695/407 1377/2697/407
f 1378/2698/408 1364/2835/408 1367/2836/408 1375/2699/408
f 1373/2837/409 1382/2694/409 1381/2693/409 1374/2838/409
f 1384/2688/410 1389/2685/410 1388/2684/410 1385/2689/410
f 1390/2686/411 1393/2681/411 1392/2680/411 1387/2687/411
f 1394/2682/412 1397/2677/412 1396/2676/412 1391/2683/412
f 1398/2678/413 1401/2673/413 1400/2672/413 1395/2679/413
f 1404/2668/414 1409/2665/414 1408/2664/414 1405/2669/414
f 1410/2666/415 1413/2661/415 1412/2660/415 1407/2667/415
f 1414/2662/416 1417/2657/416 1416/2656/416 1411/2663/416
f 1418/2658/417 1421/2653/417 1420/2652/417 1415/2659/417
f 1423/2651/418 1427/2645/418 1426/2648/418 1424/2649/418
f 1428/2646/419 1431/2641/419 1430/2644/419 1429/2647/419
f 1432/2642/420 1435/2637/420 1434/2640/420 1433/2643/420
f 1436/2638/421 1439/2633/421 1438/2636/421 1437/2639/421
f 1443/2630/422 1447/2627/422 1446/2626/422 1444/2631/422
f 1448/2628/423 1451/2623/423 1450/2622/423 1445/2629/423
f 1452/2624/424 1455/2619/424 1454/2618/424 1449/2625/424
f 1456/2620/425 1459/2612/425 1458/2611/425 1453/2621/425
f 1421/2653/426 1448/2628/426 1447/2627/426 1422/2654/426
f 1417/2657/427 1452/2624/427 1451/2623/427 1418/2658/427
f 1413/2661/428 1456/2620/428 1455/2619/428 1414/2662/428
f 1409/2665/429 1460/2613/429 1459/2612/429 1410/2666/429
f 1407/2667/430 1390/2686/430 1389/2685/430 1408/2664/430
f 1411/2663/431 1394/2682/431 1393/2681/431 1412/2660/431
f 1415/2659/432 1398/2678/432 1397/2677/432 1416/2656/432
f 1419/2655/433 1402/2674/433 1401/2673/433 1420/2652/433
f 1387/2687/434 1438/2636/434 1441/2635/434 1388/2684/434
f 1391/2683/435 1434/2640/435 1437/2639/435 1392/2680/435
f 1395/2679/436 1430/2644/436 1433/2643/436 1396/2676/436
f 1399/2675/437 1426/2648/437 1429/2647/437 1400/2672/437
f 1402/2674/438 1340/2736/438 1339/2735/438 1399/2675/438
f 1422/2654/439 1348/2728/439 1347/2727/439 1419/2655/439
f 1355/2719/440 1423/2839/440 1425/2840/440 1356/2720/440
f 1359/2715/441 1442/2841/441 1444/2842/441 1360/2716/441
f 1348/2728/442 1443/2630/442 1442/2632/442 1345/2729/442
f 1346/2726/443 1337/2737/443 1340/2736/443 1347/2727/443
f 1338/2734/444 1425/2650/444 1424/2649/444 1339/2735/444
f 1440/2634/445 1361/2713/445 1363/2712/445 1441/2635/445
f 1460/2613/446 1368/2706/446 1370/2705/446 1457/2614/446
f 1377/2697/447 1383/2843/447 1386/2844/447 1378/2698/447
f 1382/2694/448 1403/2845/448 1406/2846/448 1379/2695/448
f 1385/2689/449 1363/2712/449 1362/2711/449 1386/2690/449
f 1405/2669/450 1384/2688/450 1383/2691/450 1406/2670/450
f 1403/2671/451 1369/2704/451 1368/2706/451 1404/2668/451
f 1303/2772/452 1367/2709/452 1366/2708/452 1301/2773/452
f 1365/2707/453 1463/2784/453 1462/2783/453 1366/2708/453
f 1469/2794/454 1436/2847/454 1435/2848/454 1470/2791/454
f 1465/2790/455 1317/2756/455 1316/2758/455 1466/2787/455
f 1374/2702/456 1304/2770/456 1306/2769/456 1371/2703/456
f 1463/2784/457 1440/2849/457 1439/2850/457 1464/2785/457
f 1310/2764/458 1381/2693/458 1380/2692/458 1311/2762/458
f 1375/2699/459 1309/2766/459 1308/2765/459 1376/2696/459
f 1485/2810/460 1325/2749/460 1327/2748/460 1486/2807/460
f 1490/2811/461 1330/2745/461 1329/2744/461 1491/2812/461
f 1478/2799/462 1458/2851/462 1457/2852/462 1479/2800/462
f 1481/2806/463 1333/2742/463 1332/2741/463 1482/2803/463
f 1292/2782/464 1341/2733/464 1344/2732/464 1293/2780/464
f 1351/2723/465 1291/2616/465 1290/2615/465 1352/2724/465
f 1353/2721/466 1295/2779/466 1297/2778/466 1354/2718/466
f 1476/2797/467 1428/2853/467 1427/2854/467 1473/2798/467
f 1300/2775/468 1358/2714/468 1357/2717/468 1298/2776/468
f 1324/2751/469 1462/2783/469 1461/2786/469 1322/2752/469
f 1431/2855/470 1468/2789/470 1467/2788/470 1432/2856/470
f 1319/2755/471 1472/2793/471 1471/2792/471 1320/2753/471
f 1315/2760/472 1475/2796/472 1474/2795/472 1313/2761/472
f 1464/2785/473 1469/2794/473 1472/2793/473 1461/2786/473
f 1479/2800/474 1372/2700/474 1371/2703/474 1480/2801/474
f 1296/2777/475 1314/2759/475 1313/2761/475 1297/2778/475
f 1468/2789/476 1476/2797/476 1475/2796/476 1465/2790/476
f 1470/2791/477 1467/2788/477 1466/2787/477 1471/2792/477
f 1336/2739/478 1477/2802/478 1480/2801/478 1334/2740/478
f 1453/2857/479 1484/2805/479 1483/2804/479 1454/2858/479
f 1445/2859/480 1488/2809/480 1487/2808/480 1446/2860/480
f 1449/2861/481 1489/2814/481 1492/2813/481 1450/2862/481
f 1488/2809/482 1492/2813/482 1491/2812/482 1485/2810/482
f 1484/2805/483 1478/2799/483 1477/2802/483 1481/2806/483
f 1298/2776/484 1327/2748/484 1326/2747/484 1299/2774/484
f 1489/2814/485 1483/2804/485 1482/2803/485 1490/2811/485
f 1334/2740/486 1306/2769/486 1305/2768/486 1335/2738/486
f 1323/2750/487 1302/2771/487 1301/2773/487 1324/2751/487
f 1360/2716/488 1487/2808/488 1486/2807/488 1357/2717/488
f 1134/2863/489 1198/2864/489 1399/2865/489 1339/2866/489
f 1217/2867/490 1143/2868/490 1348/2869/490 1422/2870/490
f 1142/2871/491 1218/2872/491 1419/2873/491 1347/2874/491
f 1150/2875/492 1221/2876/492 1423/2877/492 1355/2878/492
f 1220/2879/493 1151/2880/493 1356/2881/493 1425/2882/493
f 1154/2883/494 1240/2884/494 1442/2885/494 1359/2886/494
f 1239/2887/495 1155/2888/495 1360/2889/495 1444/2890/495
f 1143/2868/496 1238/2891/496 1443/2892/496 1348/2869/496
f 1240/2884/497 1144/2893/497 1345/2894/497 1442/2885/497
f 1141/2895/498 1136/2896/498 1337/2897/498 1346/2898/498
f 1135/2899/499 1142/2871/499 1347/2874/499 1340/2900/499
f 1133/2901/500 1220/2879/500 1425/2882/500 1338/2902/500
f 1219/2903/501 1134/2863/501 1339/2866/501 1424/2904/501
f 1235/2905/502 1159/2906/502 1361/2907/502 1440/2908/502
f 1158/2909/503 1236/2910/503 1441/2911/503 1363/2912/503
f 1119/2913/504 1117/2914/504 1315/2915/504 1317/2916/504
f 1255/2917/505 1166/2918/505 1368/2919/505 1460/2920/505
f 1165/2921/506 1256/2922/506 1457/2923/506 1370/2924/506
f 1121/2925/507 1120/2926/507 1316/2927/507 1320/2928/507
f 1172/2929/508 1182/2930/508 1383/2931/508 1377/2932/508
f 1181/2933/509 1173/2934/509 1378/2935/509 1386/2936/509
f 1124/2937/510 1122/2938/510 1319/2939/510 1322/2940/510
f 1177/2941/511 1202/2942/511 1403/2943/511 1382/2944/511
f 1126/2945/512 1127/2946/512 1329/2947/512 1325/2948/512
f 1201/2949/513 1178/2950/513 1379/2951/513 1406/2952/513
f 1180/2953/514 1158/2909/514 1363/2912/514 1385/2954/514
f 1128/2955/515 1129/2956/515 1332/2957/515 1330/2958/515
f 1157/2959/516 1181/2933/516 1386/2936/516 1362/2960/516
f 1200/2961/517 1179/2962/517 1384/2963/517 1405/2964/517
f 1130/2965/518 1131/2966/518 1336/2967/518 1333/2968/518
f 1182/2930/519 1201/2949/519 1406/2952/519 1383/2931/519
f 1202/2942/520 1164/2969/520 1369/2970/520 1403/2943/520
f 1272/2971/521 1150/2875/521 1355/2878/521 1473/2972/521
f 1166/2918/522 1199/2973/522 1404/2974/522 1368/2919/522
f 1149/2975/523 1269/2976/523 1474/2977/523 1354/2978/523
f 1109/2979/524 1162/2980/524 1367/2981/524 1303/2982/524
f 1136/2896/525 1138/2983/525 1343/2984/525 1337/2897/525
f 1161/2985/526 1110/2986/526 1301/2987/526 1366/2988/526
f 1137/2989/527 1133/2901/527 1338/2902/527 1342/2990/527
f 1160/2991/528 1258/2992/528 1463/2993/528 1365/2994/528
f 1144/2893/529 1145/2995/529 1350/2996/529 1345/2894/529
f 1257/2997/530 1161/2985/530 1366/2988/530 1462/2998/530
f 1148/2999/531 1141/2895/531 1346/2898/531 1349/3000/531
f 1268/3001/532 1231/3002/532 1436/3003/532 1469/3004/532
f 1147/3005/533 1139/3006/533 1344/3007/533 1352/3008/533
f 1230/3009/534 1265/3010/534 1470/3011/534 1435/3012/534
f 1138/2983/535 1148/2999/535 1349/3000/535 1343/2984/535
f 1264/3013/536 1119/2913/536 1317/2916/536 1465/3014/536
f 1140/3015/537 1152/3016/537 1353/3017/537 1341/3018/537
f 1120/2926/538 1261/3019/538 1466/3020/538 1316/2927/538
f 1151/2880/539 1137/2989/539 1342/2990/539 1356/2881/539
f 1169/3021/540 1112/3022/540 1304/3023/540 1374/3024/540
f 1153/3025/541 1146/3026/541 1351/3027/541 1358/3028/541
f 1111/3029/542 1170/3030/542 1371/3031/542 1306/3032/542
f 1145/2995/543 1154/2883/543 1359/2886/543 1350/2996/543
f 1258/2992/544 1235/2905/544 1440/2908/544 1463/2993/544
f 1159/2906/545 1160/2991/545 1365/2994/545 1361/2907/545
f 1234/3033/546 1259/3034/546 1464/3035/546 1439/3036/546
f 1163/3037/547 1157/2959/547 1362/2960/547 1364/3038/547
f 1116/3039/548 1176/3040/548 1381/3041/548 1310/3042/548
f 1164/2969/549 1168/3043/549 1373/3044/549 1369/2970/549
f 1175/3045/550 1115/3046/550 1311/3047/550 1380/3048/550
f 1167/3049/551 1165/2921/551 1370/2924/551 1372/3050/551
f 1174/3051/552 1114/3052/552 1309/3053/552 1375/3054/552
f 1171/3055/553 1175/3045/553 1380/3048/553 1376/3056/553
f 1113/3057/554 1171/3055/554 1376/3056/554 1308/3058/554
f 1178/2950/555 1172/2929/555 1377/2932/555 1379/2951/555
f 1284/3059/556 1126/2945/556 1325/2948/556 1485/3060/556
f 1173/2934/557 1163/3037/557 1364/3038/557 1378/2935/557
f 1125/3061/558 1281/3062/558 1486/3063/558 1327/3064/558
f 1162/2980/559 1174/3051/559 1375/3054/559 1367/2981/559
f 1285/3065/560 1128/2955/560 1330/2958/560 1490/3066/560
f 1168/3043/561 1177/2941/561 1382/2944/561 1373/3044/561
f 1127/2946/562 1286/3067/562 1491/3068/562 1329/2947/562
f 1176/3040/563 1169/3021/563 1374/3024/563 1381/3041/563
f 1273/3069/564 1253/3070/564 1458/3071/564 1478/3072/564
f 1179/2962/565 1184/3073/565 1389/3074/565 1384/2963/565
f 1256/2922/566 1274/3075/566 1479/3076/566 1457/2923/566
f 1183/3077/567 1180/2953/567 1385/2954/567 1388/3078/567
f 1280/3079/568 1130/2965/568 1333/2968/568 1481/3080/568
f 1185/3081/569 1188/3082/569 1393/3083/569 1390/3084/569
f 1129/2956/570 1277/3085/570 1482/3086/570 1332/2957/570
f 1187/3087/571 1186/3088/571 1387/3089/571 1392/3090/571
f 1104/3091/572 1140/3015/572 1341/3018/572 1292/3092/572
f 1189/3093/573 1192/3094/573 1397/3095/573 1394/3096/573
f 1139/3006/574 1103/3097/574 1293/3098/574 1344/3007/574
f 1191/3099/575 1190/3100/575 1391/3101/575 1396/3102/575
f 1146/3026/576 1102/3103/576 1291/3104/576 1351/3027/576
f 1193/3105/577 1196/3106/577 1401/3107/577 1398/3108/577
f 1101/3109/578 1147/3005/578 1352/3008/578 1290/3110/578
f 1195/3111/579 1194/3112/579 1395/3113/579 1400/3114/579
f 1152/3016/580 1106/3115/580 1295/3116/580 1353/3017/580
f 1199/2973/581 1204/3117/581 1409/3118/581 1404/2974/581
f 1105/3119/582 1149/2975/582 1354/2978/582 1297/3120/582
f 1203/3121/583 1200/2961/583 1405/2964/583 1408/3122/583
f 1271/3123/584 1223/3124/584 1428/3125/584 1476/3126/584
f 1205/3127/585 1208/3128/585 1413/3129/585 1410/3130/585
f 1222/3131/586 1272/2971/586 1473/2972/586 1427/3132/586
f 1207/3133/587 1206/3134/587 1407/3135/587 1412/3136/587
f 1107/3137/588 1153/3025/588 1358/3028/588 1300/3138/588
f 1209/3139/589 1212/3140/589 1417/3141/589 1414/3142/589
f 1156/3143/590 1108/3144/590 1298/3145/590 1357/3146/590
f 1211/3147/591 1210/3148/591 1411/3149/591 1416/3150/591
f 1123/3151/592 1257/2997/592 1462/2998/592 1324/3152/592
f 1213/3153/593 1216/3154/593 1421/3155/593 1418/3156/593
f 1260/3157/594 1124/2937/594 1322/2940/594 1461/3158/594
f 1215/3159/595 1214/3160/595 1415/3161/595 1420/3162/595
f 1226/3163/596 1263/3164/596 1468/3165/596 1431/3166/596
f 1221/2876/597 1222/3131/597 1427/3132/597 1423/2877/597
f 1262/3167/598 1227/3168/598 1432/3169/598 1467/3170/598
f 1225/3171/599 1219/2903/599 1424/2904/599 1426/3172/599
f 1122/2938/600 1267/3173/600 1472/3174/600 1319/2939/600
f 1223/3124/601 1226/3163/601 1431/3166/601 1428/3125/601
f 1266/3175/602 1121/2925/602 1320/2928/602 1471/3176/602
f 1229/3177/603 1224/3178/603 1429/3179/603 1430/3180/603
f 1117/2914/604 1270/3181/604 1475/3182/604 1315/2915/604
f 1227/3168/605 1230/3009/605 1435/3012/605 1432/3169/605
f 1269/2976/606 1118/3183/606 1313/3184/606 1474/2977/606
f 1233/3185/607 1228/3186/607 1433/3187/607 1434/3188/607
f 1259/3034/608 1268/3001/608 1469/3004/608 1464/3035/608
f 1231/3002/609 1234/3033/609 1439/3036/609 1436/3003/609
f 1267/3173/610 1260/3157/610 1461/3158/610 1472/3174/610
f 1237/3189/611 1232/3190/611 1437/3191/611 1438/3192/611
f 1274/3075/612 1167/3049/612 1372/3050/612 1479/3076/612
f 1238/2891/613 1242/3193/613 1447/3194/613 1443/2892/613
f 1170/3030/614 1275/3195/614 1480/3196/614 1371/3031/614
f 1241/3197/615 1239/2887/615 1444/2890/615 1446/3198/615
f 1243/3199/616 1246/3200/616 1451/3201/616 1448/3202/616
f 1118/3183/617 1105/3119/617 1297/3120/617 1313/3184/617
f 1245/3203/618 1244/3204/618 1445/3205/618 1450/3206/618
f 1263/3164/619 1271/3123/619 1476/3126/619 1468/3165/619
f 1247/3207/620 1250/3208/620 1455/3209/620 1452/3210/620
f 1270/3181/621 1264/3013/621 1465/3014/621 1475/3182/621
f 1249/3211/622 1248/3212/622 1449/3213/622 1454/3214/622
f 1265/3010/623 1262/3167/623 1467/3170/623 1470/3011/623
f 1251/3215/624 1254/3216/624 1459/3217/624 1456/3218/624
f 1261/3019/625 1266/3175/625 1471/3176/625 1466/3020/625
f 1253/3070/626 1252/3219/626 1453/3220/626 1458/3071/626
f 1131/2966/627 1276/3221/627 1477/3222/627 1336/2967/627
f 1216/3154/628 1243/3199/628 1448/3202/628 1421/3155/628
f 1275/3195/629 1132/3223/629 1334/3224/629 1480/3196/629
f 1242/3193/630 1217/2867/630 1422/2870/630 1447/3194/630
f 1252/3219/631 1279/3225/631 1484/3226/631 1453/3220/631
f 1212/3140/632 1247/3207/632 1452/3210/632 1417/3141/632
f 1278/3227/633 1249/3211/633 1454/3214/633 1483/3228/633
f 1246/3200/634 1213/3153/634 1418/3156/634 1451/3201/634
f 1244/3204/635 1283/3229/635 1488/3230/635 1445/3205/635
f 1208/3128/636 1251/3215/636 1456/3218/636 1413/3129/636
f 1282/3231/637 1241/3197/637 1446/3198/637 1487/3232/637
f 1250/3208/638 1209/3139/638 1414/3142/638 1455/3209/638
f 1248/3212/639 1288/3233/639 1489/3234/639 1449/3213/639
f 1204/3117/640 1255/2917/640 1460/2920/640 1409/3118/640
f 1287/3235/641 1245/3203/641 1450/3206/641 1492/3236/641
f 1254/3216/642 1205/3127/642 1410/3130/642 1459/3217/642
f 1283/3229/643 1287/3235/643 1492/3236/643 1488/3230/643
f 1206/3134/644 1185/3081/644 1390/3084/644 1407/3135/644
f 1286/3067/645 1284/3059/645 1485/3060/645 1491/3068/645
f 1184/3073/646 1203/3121/646 1408/3122/646 1389/3074/646
f 1279/3225/647 1273/3069/647 1478/3072/647 1484/3226/647
f 1210/3148/648 1189/3093/648 1394/3096/648 1411/3149/648
f 1276/3221/649 1280/3079/649 1481/3080/649 1477/3222/649
f 1188/3082/650 1207/3133/650 1412/3136/650 1393/3083/650
f 1108/3144/651 1125/3061/651 1327/3064/651 1298/3145/651
f 1214/3160/652 1193/3105/652 1398/3108/652 1415/3161/652
f 1192/3094/653 1211/3147/653 1416/3150/653 1397/3095/653
f 1288/3233/654 1278/3227/654 1483/3228/654 1489/3234/654
f 1218/2872/655 1197/3237/655 1402/3238/655 1419/2873/655
f 1277/3085/656 1285/3065/656 1490/3066/656 1482/3086/656
f 1196/3106/657 1215/3159/657 1420/3162/657 1401/3107/657
f 1132/3223/658 1111/3029/658 1306/3032/658 1334/3224/658
f 1186/3088/659 1237/3189/659 1438/3192/659 1387/3089/659
f 1236/2910/660 1183/3077/660 1388/3078/660 1441/2911/660
f 1190/3100/661 1233/3185/661 1434/3188/661 1391/3101/661
f 1110/2986/662 1123/3151/662 1324/3152/662 1301/2987/662
f 1232/3190/663 1187/3087/663 1392/3090/663 1437/3191/663
f 1155/2888/664 1282/3231/664 1487/3232/664 1360/2889/664
f 1194/3112/665 1229/3177/665 1430/3180/665 1395/3113/665
f 1281/3062/666 1156/3143/666 1357/3146/666 1486/3063/666
f 1228/3186/667 1191/3099/667 1396/3102/667 1433/3187/667
f 1198/2864/668 1225/3171/668 1426/3172/668 1399/2865/668
f 1224/3178/669 1195/3111/669 1400/3114/669 1429/3179/669
f 1197/3237/670 1135/2899/670 1340/2900/670 1402/3238/670
f 1513/3239/671 1494/3240/671 1496/3241/671 1514/3242/671
f 1514/3242/672 1496/3241/672 1498/3243/672 1515/3244/672
f 1515/3244/673 1498/3243/673 1500/3245/673 1516/3246/673
f 1516/3246/674 1500/3245/674 1502/3247/674 1517/3248/674
f 1517/3248/675 1502/3247/675 1504/3249/675 1518/3250/675
f 1518/3250/676 1504/3249/676 1506/3251/676 1519/3252/676
f 1519/3252/677 1506/3251/677 1508/3253/677 1520/3254/677
f 1520/3254/678 1508/3253/678 1510/3255/678 1521/3256/678
f 1496/3241/2 1494/3240/2 1512/3257/2 1510/3255/2 1508/3253/2 1506/3251/2 1504/3249/2 1502/3247/2 1500/3245/2 1498/3243/2
f 1521/3256/679 1510/3255/679 1512/3257/679 1522/3258/679
f 1522/3258/680 1512/3257/680 1494/3240/680 1513/3239/680
f 1513/3259/681 1514/3260/681 1525/3261/681 1542/3262/681
f 1507/3263/682 1505/3264/682 1534/3265/682 1536/3266/682
f 1521/3267/683 1522/3268/683 1541/3269/683 1539/3270/683
f 1497/3271/684 1495/3272/684 1524/3273/684 1526/3274/684
f 1514/3260/685 1515/3275/685 1527/3276/685 1525/3261/685
f 1522/3268/686 1513/3259/686 1542/3262/686 1541/3269/686
f 1511/3277/687 1509/3278/687 1538/3279/687 1540/3280/687
f 1501/3281/688 1499/3282/688 1528/3283/688 1530/3284/688
f 1515/3275/689 1516/3285/689 1529/3286/689 1527/3276/689
f 1516/3285/690 1517/3287/690 1531/3288/690 1529/3286/690
f 1540/3280/691 1541/3269/691 1542/3262/691 1523/3289/691
f 1538/3279/692 1539/3270/692 1541/3269/692 1540/3280/692
f 1536/3266/693 1537/3290/693 1539/3270/693 1538/3279/693
f 1534/3265/694 1535/3291/694 1537/3290/694 1536/3266/694
f 1532/3292/695 1533/3293/695 1535/3291/695 1534/3265/695
f 1530/3284/696 1531/3288/696 1533/3293/696 1532/3292/696
f 1528/3283/697 1529/3286/697 1531/3288/697 1530/3284/697
f 1526/3274/698 1527/3276/698 1529/3286/698 1528/3283/698
f 1524/3273/699 1525/3261/699 1527/3276/699 1526/3274/699
f 1523/3289/700 1542/3262/700 1525/3261/700 1524/3273/700
f 1520/3294/701 1521/3267/701 1539/3270/701 1537/3290/701
f 1503/3295/702 1501/3281/702 1530/3284/702 1532/3292/702
f 1493/3296/703 1511/3277/703 1540/3280/703 1523/3289/703
f 1519/3297/704 1520/3294/704 1537/3290/704 1535/3291/704
f 1518/3298/705 1519/3297/705 1535/3291/705 1533/3293/705
f 1499/3282/706 1497/3271/706 1526/3274/706 1528/3283/706
f 1509/3278/707 1507/3263/707 1536/3266/707 1538/3279/707
f 1495/3272/708 1493/3296/708 1523/3289/708 1524/3273/708
f 1517/3287/709 1518/3298/709 1533/3293/709 1531/3288/709
f 1505/3264/710 1503/3295/710 1532/3292/710 1534/3265/710
f 1563/3299/671 1544/3300/671 1546/3301/671 1564/3302/671
f 1564/3302/672 1546/3301/672 1548/3303/672 1565/3304/672
f 1565/3304/673 1548/3303/673 1550/3305/673 1566/3306/673
f 1566/3306/674 1550/3305/674 1552/3307/674 1567/3308/674
f 1567/3308/675 1552/3307/675 1554/3309/675 1568/3310/675
f 1568/3310/676 1554/3309/676 1556/3311/676 1569/3312/676
f 1569/3312/677 1556/3311/677 1558/3313/677 1570/3314/677
f 1570/3314/678 1558/3313/678 1560/3315/678 1571/3316/678
f 1546/3301/2 1544/3300/2 1562/3317/2 1560/3315/2 1558/3313/2 1556/3311/2 1554/3309/2 1552/3307/2 1550/3305/2 1548/3303/2
f 1571/3316/711 1560/3315/711 1562/3317/711 1572/3318/711
f 1572/3318/680 1562/3317/680 1544/3300/680 1563/3299/680
f 1566/3319/712 1567/3320/712 1581/3321/712 1579/3322/712
f 1555/3323/710 1553/3324/710 1582/3325/710 1584/3326/710
f 1567/3320/709 1568/3327/709 1583/3328/709 1581/3321/709
f 1545/3329/708 1543/3330/708 1573/3331/708 1574/3332/708
f 1559/3333/707 1557/3334/707 1586/3335/707 1588/3336/707
f 1549/3337/706 1547/3338/706 1576/3339/706 1578/3340/706
f 1568/3327/713 1569/3341/713 1585/3342/713 1583/3328/713
f 1569/3341/714 1570/3343/714 1587/3344/714 1585/3342/714
f 1543/3330/703 1561/3345/703 1590/3346/703 1573/3331/703
f 1553/3324/702 1551/3347/702 1580/3348/702 1582/3325/702
f 1590/3346/691 1591/3349/691 1592/3350/691 1573/3331/691
f 1588/3336/692 1589/3351/692 1591/3349/692 1590/3346/692
f 1586/3335/693 1587/3344/693 1589/3351/693 1588/3336/693
f 1584/3326/694 1585/3342/694 1587/3344/694 1586/3335/694
f 1582/3325/695 1583/3328/695 1585/3342/695 1584/3326/695
f 1580/3348/696 1581/3321/696 1583/3328/696 1582/3325/696
f 1578/3340/715 1579/3322/715 1581/3321/715 1580/3348/715
f 1576/3339/698 1577/3352/698 1579/3322/698 1578/3340/698
f 1574/3332/716 1575/3353/716 1577/3352/716 1576/3339/716
f 1573/3331/700 1592/3350/700 1575/3353/700 1574/3332/700
f 1565/3354/689 1566/3319/689 1579/3322/689 1577/3352/689
f 1551/3347/688 1549/3337/688 1578/3340/688 1580/3348/688
f 1561/3345/687 1559/3333/687 1588/3336/687 1590/3346/687
f 1572/3355/717 1563/3356/717 1592/3350/717 1591/3349/717
f 1564/3357/718 1565/3354/718 1577/3352/718 1575/3353/718
f 1571/3358/683 1572/3355/683 1591/3349/683 1589/3351/683
f 1547/3338/684 1545/3329/684 1574/3332/684 1576/3339/684
f 1557/3334/682 1555/3323/682 1584/3326/682 1586/3335/682
f 1563/3356/719 1564/3357/719 1575/3353/719 1592/3350/719
f 1570/3343/701 1571/3358/701 1589/3351/701 1587/3344/701
