# Blender 5.2.1 LTS
# www.blender.org
mtllib SandbagPallet.mtl
o WoodenPallet
v 0.630000 0.123133 -0.630000
v 0.630000 0.158536 -0.630000
v 0.630000 0.123133 0.630000
v 0.630000 0.158536 0.630000
v -0.630000 0.123133 -0.630000
v -0.630000 0.158536 -0.630000
v -0.630000 0.123133 0.630000
v -0.630000 0.158536 0.630000
v -0.450000 0.123133 0.630000
v -0.090000 0.123133 0.630000
v 0.090000 0.123133 0.630000
v 0.450000 0.123133 0.630000
v 0.448996 0.158536 0.630000
v 0.089507 0.158536 0.630000
v -0.089507 0.158536 0.630000
v -0.448996 0.158536 0.630000
v 0.450000 0.123133 -0.630000
v 0.090000 0.123133 -0.630000
v -0.090000 0.123133 -0.630000
v -0.450000 0.123133 -0.630000
v -0.448996 0.158536 -0.630000
v -0.089507 0.158536 -0.630000
v 0.089507 0.158536 -0.630000
v 0.448996 0.158536 -0.630000
v 0.630000 0.000237 0.630000
v 0.630000 0.000237 -0.630000
v 0.450000 0.000237 0.630000
v -0.630000 0.000237 -0.630000
v -0.630000 0.000237 0.630000
v -0.450000 0.000237 -0.630000
v -0.450000 0.000237 0.630000
v -0.090000 0.000237 0.630000
v 0.090000 0.000237 0.630000
v 0.450000 0.000237 -0.630000
v 0.090000 0.000237 -0.630000
v -0.090000 0.000237 -0.630000
v 0.630000 0.123133 0.484312
v 0.630000 0.123133 0.067334
v 0.630000 0.123133 -0.067334
v 0.630000 0.123133 -0.484312
v 0.630000 0.158536 -0.484312
v 0.630000 0.158536 -0.067334
v 0.630000 0.158536 0.067334
v 0.630000 0.158536 0.484312
v -0.630000 0.123133 -0.484312
v -0.630000 0.123133 -0.067334
v -0.630000 0.123133 0.067334
v -0.630000 0.123133 0.484312
v -0.630000 0.158536 0.484312
v -0.630000 0.158536 0.067334
v -0.630000 0.158536 -0.067334
v -0.630000 0.158536 -0.484312
v -0.448996 0.158536 0.484312
v -0.448996 0.158536 0.067334
v -0.448996 0.158536 -0.067334
v -0.448996 0.158536 -0.484312
v -0.089507 0.158536 0.484312
v -0.089507 0.158536 0.067334
v -0.089507 0.158536 -0.067334
v -0.089507 0.158536 -0.484312
v 0.089507 0.158536 0.484312
v 0.089507 0.158536 0.067334
v 0.089507 0.158536 -0.067334
v 0.089507 0.158536 -0.484312
v 0.448996 0.158536 0.484312
v 0.448996 0.158536 0.067334
v 0.448996 0.158536 -0.067334
v 0.448996 0.158536 -0.484312
v 0.450000 0.123133 0.484312
v 0.450000 0.123133 0.067334
v 0.450000 0.123133 -0.067334
v 0.450000 0.123133 -0.484312
v 0.090000 0.123133 0.484312
v 0.090000 0.123133 0.067334
v 0.090000 0.123133 -0.067334
v 0.090000 0.123133 -0.484312
v -0.090000 0.123133 0.484312
v -0.090000 0.123133 0.067334
v -0.090000 0.123133 -0.067334
v -0.090000 0.123133 -0.484312
v -0.450000 0.123133 0.484312
v -0.450000 0.123133 0.067334
v -0.450000 0.123133 -0.067334
v -0.450000 0.123133 -0.484312
v 0.630000 0.000237 0.484312
v 0.630000 0.000237 0.067334
v 0.630000 0.000237 -0.067334
v 0.630000 0.000237 -0.484312
v -0.630000 0.000237 -0.484312
v -0.630000 0.000237 -0.067334
v -0.630000 0.000237 0.067334
v -0.630000 0.000237 0.484312
v 0.450000 0.000237 0.484312
v 0.450000 0.000237 0.067334
v 0.450000 0.000237 -0.067334
v 0.450000 0.000237 -0.484312
v 0.090000 0.000237 0.484312
v 0.090000 0.000237 0.067334
v 0.090000 0.000237 -0.067334
v 0.090000 0.000237 -0.484312
v -0.090000 0.000237 0.484312
v -0.090000 0.000237 0.067334
v -0.090000 0.000237 -0.067334
v -0.090000 0.000237 -0.484312
v -0.450000 0.000237 0.484312
v -0.450000 0.000237 0.067334
v -0.450000 0.000237 -0.067334
v -0.450000 0.000237 -0.484312
v -0.630000 0.020117 0.630000
v -0.450000 0.020117 0.630000
v -0.450000 0.020117 -0.630000
v -0.630000 0.020117 -0.630000
v -0.450000 0.020117 -0.484312
v -0.450000 0.020117 -0.067334
v -0.450000 0.020117 0.067334
v -0.450000 0.020117 0.484312
v -0.630000 0.020117 0.484312
v -0.630000 0.020117 0.067334
v -0.630000 0.020117 -0.067334
v -0.630000 0.020117 -0.484312
v 0.090000 0.020117 0.630000
v 0.090000 0.020117 -0.630000
v -0.090000 0.020117 -0.630000
v -0.090000 0.020117 0.630000
v -0.090000 0.020117 0.484312
v -0.090000 0.020117 0.067334
v -0.090000 0.020117 -0.067334
v -0.090000 0.020117 -0.484312
v 0.090000 0.020117 -0.484312
v 0.090000 0.020117 -0.067334
v 0.090000 0.020117 0.067334
v 0.090000 0.020117 0.484312
v 0.630000 0.020117 -0.630000
v 0.450000 0.020117 -0.630000
v 0.630000 0.020117 0.630000
v 0.450000 0.020117 0.630000
v 0.450000 0.020117 0.484312
v 0.450000 0.020117 0.067334
v 0.450000 0.020117 -0.067334
v 0.450000 0.020117 -0.484312
v 0.630000 0.020117 -0.484312
v 0.630000 0.020117 -0.067334
v 0.630000 0.020117 0.067334
v 0.630000 0.020117 0.484312
v 0.210000 0.123133 0.630000
v 0.330000 0.123133 0.630000
v 0.322499 0.158536 0.630000
v 0.213120 0.158536 0.630000
v 0.330000 0.123133 -0.630000
v 0.210000 0.123133 -0.630000
v 0.213120 0.158536 -0.630000
v 0.322499 0.158536 -0.630000
v 0.210000 0.123133 0.484312
v 0.330000 0.123133 0.484312
v 0.210000 0.123133 0.067334
v 0.330000 0.123133 0.067334
v 0.210000 0.123133 -0.067334
v 0.330000 0.123133 -0.067334
v 0.210000 0.123133 -0.484312
v 0.330000 0.123133 -0.484312
v 0.322499 0.158536 0.484312
v 0.213120 0.158536 0.484312
v 0.322499 0.158536 0.067334
v 0.213120 0.158536 0.067334
v 0.322499 0.158536 -0.067334
v 0.213120 0.158536 -0.067334
v 0.322499 0.158536 -0.484312
v 0.213120 0.158536 -0.484312
v -0.330000 0.123133 0.630000
v -0.210000 0.123133 0.630000
v -0.213120 0.158536 0.630000
v -0.322499 0.158536 0.630000
v -0.210000 0.123133 -0.630000
v -0.330000 0.123133 -0.630000
v -0.322499 0.158536 -0.630000
v -0.213120 0.158536 -0.630000
v -0.213120 0.158536 0.484312
v -0.322499 0.158536 0.484312
v -0.213120 0.158536 0.067334
v -0.322499 0.158536 0.067334
v -0.213120 0.158536 -0.067334
v -0.322499 0.158536 -0.067334
v -0.213120 0.158536 -0.484312
v -0.322499 0.158536 -0.484312
v -0.330000 0.123133 0.484312
v -0.210000 0.123133 0.484312
v -0.330000 0.123133 0.067334
v -0.210000 0.123133 0.067334
v -0.330000 0.123133 -0.067334
v -0.210000 0.123133 -0.067334
v -0.330000 0.123133 -0.484312
v -0.210000 0.123133 -0.484312
v 0.630000 0.195922 0.484312
v 0.630000 0.195922 0.630000
v -0.448996 0.195922 0.630000
v -0.630000 0.195922 0.630000
v -0.630000 0.195922 -0.484312
v -0.630000 0.195922 -0.630000
v 0.448996 0.195922 -0.630000
v 0.630000 0.195922 -0.630000
v 0.448996 0.195922 0.630000
v -0.448996 0.195922 -0.630000
v -0.448996 0.195922 -0.484312
v -0.089507 0.195922 -0.484312
v -0.089507 0.195922 -0.630000
v 0.089507 0.195922 -0.484312
v 0.089507 0.195922 -0.630000
v 0.448996 0.195922 -0.484312
v 0.630000 0.195922 -0.484312
v 0.630000 0.195922 -0.067334
v 0.630000 0.195922 0.067334
v -0.630000 0.195922 0.484312
v -0.630000 0.195922 0.067334
v -0.630000 0.195922 -0.067334
v -0.448996 0.195922 0.484312
v -0.448996 0.195922 0.067334
v -0.448996 0.195922 -0.067334
v -0.089507 0.195922 0.630000
v -0.089507 0.195922 0.484312
v -0.089507 0.195922 0.067334
v -0.089507 0.195922 -0.067334
v 0.089507 0.195922 0.630000
v 0.089507 0.195922 0.484312
v 0.089507 0.195922 0.067334
v 0.089507 0.195922 -0.067334
v 0.448996 0.195922 0.484312
v 0.448996 0.195922 0.067334
v 0.448996 0.195922 -0.067334
v 0.322499 0.195922 0.630000
v 0.213120 0.195922 0.630000
v 0.213120 0.195922 -0.630000
v 0.322499 0.195922 -0.630000
v 0.322499 0.195922 0.484312
v 0.213120 0.195922 0.484312
v 0.322499 0.195922 0.067334
v 0.213120 0.195922 0.067334
v 0.322499 0.195922 -0.067334
v 0.213120 0.195922 -0.067334
v 0.322499 0.195922 -0.484312
v 0.213120 0.195922 -0.484312
v -0.213120 0.195922 0.630000
v -0.322499 0.195922 0.630000
v -0.322499 0.195922 -0.630000
v -0.213120 0.195922 -0.630000
v -0.213120 0.195922 0.484312
v -0.322499 0.195922 0.484312
v -0.213120 0.195922 0.067334
v -0.322499 0.195922 0.067334
v -0.213120 0.195922 -0.067334
v -0.322499 0.195922 -0.067334
v -0.213120 0.195922 -0.484312
v -0.322499 0.195922 -0.484312
vn 1.0000 -0.0000 -0.0000
vn -0.0000 -0.0000 1.0000
vn -1.0000 -0.0000 -0.0000
vn -0.0000 -0.0000 -1.0000
vn -0.9976 0.0694 -0.0000
vn 0.9976 0.0694 -0.0000
vn -0.0000 1.0000 -0.0000
vn -0.0000 -1.0000 -0.0000
vn -0.9783 0.2073 -0.0000
vn 0.9961 0.0878 -0.0000
vn 0.9996 0.0293 -0.0000
vn 0.9783 0.2073 -0.0000
vn -0.9961 0.0878 -0.0000
vn -0.9996 0.0293 -0.0000
vn -1.0000 -0.0094 -0.0000
vn 1.0000 0.0046 -0.0000
vn 0.9999 0.0139 -0.0000
vn -0.9999 0.0139 -0.0000
vn -1.0000 0.0046 -0.0000
vn 0.9996 -0.0283 -0.0000
vn 1.0000 -0.0094 -0.0000
vn -0.9996 -0.0283 -0.0000
vt 0.312633 0.037500
vt 0.305647 0.037500
vt 0.305647 0.008753
vt 0.312633 0.008753
vt 0.210282 0.221864
vt 0.217268 0.221666
vt 0.217268 0.257383
vt 0.210282 0.257383
vt 0.378639 0.228635
vt 0.385625 0.228635
vt 0.385625 0.257383
vt 0.378639 0.257383
vt 0.256514 0.044271
vt 0.249528 0.044469
vt 0.249528 0.008753
vt 0.256514 0.008753
vt 0.276842 0.044271
vt 0.276842 0.008753
vt 0.280765 0.008753
vt 0.280765 0.044271
vt 0.473230 0.303636
vt 0.473230 0.385917
vt 0.465853 0.385917
vt 0.465853 0.303636
vt 0.505017 0.494771
vt 0.505017 0.412490
vt 0.512394 0.412490
vt 0.512394 0.494771
vt 0.962265 0.872168
vt 0.987226 0.872168
vt 0.987226 0.900916
vt 0.962265 0.900916
vt 0.718635 0.256509
vt 0.718635 0.232830
vt 0.725621 0.232733
vt 0.725621 0.257125
vt 0.056111 0.228635
vt 0.079790 0.228635
vt 0.079790 0.257383
vt 0.056111 0.257383
vt 0.349843 0.494771
vt 0.349843 0.523519
vt 0.345920 0.523519
vt 0.345920 0.494771
vt 0.121071 0.037500
vt 0.097392 0.037500
vt 0.097392 0.008753
vt 0.121071 0.008753
vt 0.189955 0.221864
vt 0.189955 0.257383
vt 0.186032 0.257383
vt 0.186032 0.221864
vt 0.256514 0.174506
vt 0.249528 0.175122
vt 0.249528 0.150730
vt 0.256514 0.150827
vt 0.256514 0.257383
vt 0.249528 0.257383
vt 0.249528 0.221666
vt 0.256514 0.221864
vt 0.256514 0.067950
vt 0.249528 0.069430
vt 0.305647 0.119781
vt 0.305647 0.146355
vt 0.298270 0.146355
vt 0.298270 0.119781
vt 0.210283 0.091629
vt 0.217268 0.091014
vt 0.217268 0.115406
vt 0.210283 0.115308
vt 0.210283 0.008753
vt 0.217268 0.008753
vt 0.217268 0.044469
vt 0.210283 0.044271
vt 0.210282 0.198185
vt 0.217268 0.196705
vt 0.249528 0.115406
vt 0.256514 0.115308
vt 0.962354 0.321141
vt 0.986746 0.321141
vt 0.986746 0.349889
vt 0.962354 0.349889
vt 0.114800 0.494771
vt 0.150319 0.494771
vt 0.150319 0.523519
vt 0.114800 0.523519
vt 0.061776 0.494771
vt 0.097295 0.494771
vt 0.097295 0.523519
vt 0.061776 0.523519
vt 0.217268 0.150730
vt 0.210283 0.150827
vt 0.276842 0.257383
vt 0.276842 0.221864
vt 0.280765 0.221864
vt 0.280765 0.257383
vt 0.266332 0.494771
vt 0.266332 0.523519
vt 0.262409 0.523519
vt 0.262409 0.494771
vt 0.332961 0.037500
vt 0.332961 0.008753
vt 0.336884 0.008753
vt 0.336884 0.037500
vt 0.358312 0.228635
vt 0.358312 0.257383
vt 0.354389 0.257383
vt 0.354389 0.228635
vt 0.044271 0.303636
vt 0.008753 0.303636
vt 0.008753 0.274888
vt 0.044271 0.274888
vt 0.189955 0.008753
vt 0.189955 0.044271
vt 0.186032 0.044271
vt 0.186032 0.008753
vt 0.240981 0.303636
vt 0.240981 0.274888
vt 0.244904 0.274888
vt 0.244904 0.303636
vt 0.308087 0.494771
vt 0.308087 0.523519
vt 0.304164 0.523519
vt 0.304164 0.494771
vt 0.189955 0.115308
vt 0.189955 0.150827
vt 0.186032 0.150827
vt 0.186032 0.115308
vt 0.308087 0.274888
vt 0.308087 0.303636
vt 0.304164 0.303636
vt 0.304164 0.274888
vt 0.308087 0.412490
vt 0.304164 0.412490
vt 0.308087 0.385917
vt 0.304164 0.385917
vt 0.240981 0.412490
vt 0.244904 0.412490
vt 0.244904 0.494771
vt 0.240981 0.494771
vt 0.240981 0.523519
vt 0.244904 0.523519
vt 0.244904 0.385917
vt 0.240981 0.385917
vt 0.358312 0.119781
vt 0.354389 0.119781
vt 0.354389 0.037500
vt 0.358312 0.037500
vt 0.358312 0.008753
vt 0.354389 0.008753
vt 0.354389 0.146355
vt 0.358312 0.146355
vt 0.332961 0.146355
vt 0.336884 0.146355
vt 0.336884 0.228635
vt 0.332961 0.228635
vt 0.332961 0.257383
vt 0.336884 0.257383
vt 0.336884 0.119781
vt 0.332961 0.119781
vt 0.266332 0.303636
vt 0.266332 0.385917
vt 0.262409 0.385917
vt 0.262409 0.303636
vt 0.266332 0.274888
vt 0.262409 0.274888
vt 0.266332 0.412490
vt 0.262409 0.412490
vt 0.276842 0.150827
vt 0.276842 0.115308
vt 0.280765 0.115308
vt 0.280765 0.150827
vt 0.008753 0.494771
vt 0.008753 0.412490
vt 0.044271 0.412490
vt 0.044271 0.494771
vt 0.044271 0.523519
vt 0.008753 0.523519
vt 0.008753 0.385917
vt 0.044271 0.385917
vt 0.097295 0.303636
vt 0.097295 0.385917
vt 0.061776 0.385917
vt 0.061776 0.303636
vt 0.061776 0.274888
vt 0.097295 0.274888
vt 0.097295 0.412490
vt 0.061776 0.412490
vt 0.150319 0.385917
vt 0.114800 0.385917
vt 0.114800 0.303636
vt 0.150319 0.303636
vt 0.114800 0.274888
vt 0.150319 0.274888
vt 0.114800 0.412490
vt 0.150319 0.412490
vt 0.480371 0.412490
vt 0.480371 0.494771
vt 0.473230 0.494771
vt 0.473230 0.412490
vt 0.962354 0.274888
vt 0.986746 0.274888
vt 0.986746 0.303636
vt 0.962354 0.303636
vt 0.480371 0.303636
vt 0.480371 0.385917
vt 0.962354 0.501804
vt 0.986746 0.501804
vt 0.986746 0.528378
vt 0.962354 0.528378
vt 0.516951 0.228635
vt 0.516951 0.146355
vt 0.523964 0.146355
vt 0.523964 0.228635
vt 0.121071 0.257383
vt 0.097392 0.257383
vt 0.097392 0.228635
vt 0.121071 0.228635
vt 0.516951 0.119781
vt 0.516951 0.037500
vt 0.523964 0.037500
vt 0.523964 0.119781
vt 0.121071 0.146355
vt 0.097392 0.146355
vt 0.097392 0.119781
vt 0.121071 0.119781
vt 0.349843 0.385917
vt 0.345920 0.385917
vt 0.345920 0.303636
vt 0.349843 0.303636
vt 0.349843 0.274888
vt 0.345920 0.274888
vt 0.345920 0.412490
vt 0.349843 0.412490
vt 0.497876 0.494771
vt 0.497876 0.412490
vt 0.056111 0.008753
vt 0.079790 0.008753
vt 0.079790 0.037500
vt 0.056111 0.037500
vt 0.497876 0.385917
vt 0.497876 0.303636
vt 0.505017 0.303636
vt 0.505017 0.385917
vt 0.056111 0.119781
vt 0.079790 0.119781
vt 0.079790 0.146355
vt 0.056111 0.146355
vt 0.531342 0.037500
vt 0.531342 0.119781
vt 0.224646 0.008753
vt 0.224646 0.044469
vt 0.217268 0.069430
vt 0.224646 0.069430
vt 0.224646 0.091014
vt 0.529900 0.385917
vt 0.529900 0.303636
vt 0.536913 0.303636
vt 0.536913 0.385917
vt 0.962265 0.769101
vt 0.987226 0.769101
vt 0.987226 0.797849
vt 0.962265 0.797849
vt 0.529900 0.494771
vt 0.529900 0.412490
vt 0.536913 0.412490
vt 0.536913 0.494771
vt 0.987315 0.440221
vt 0.962354 0.440221
vt 0.962354 0.413647
vt 0.987315 0.413647
vt 0.505017 0.523519
vt 0.512394 0.523519
vt 0.305647 0.228635
vt 0.298270 0.228635
vt 0.249528 0.196705
vt 0.242151 0.196705
vt 0.242151 0.175122
vt 0.568784 0.494771
vt 0.568784 0.412490
vt 0.576161 0.412490
vt 0.576161 0.494771
vt 0.531342 0.146355
vt 0.536913 0.274888
vt 0.544290 0.274888
vt 0.544290 0.303636
vt 0.305647 0.257383
vt 0.298270 0.257383
vt 0.568784 0.385917
vt 0.576161 0.385917
vt 0.385625 0.037500
vt 0.385625 0.119781
vt 0.378639 0.119781
vt 0.378639 0.037500
vt 0.378639 0.008753
vt 0.385625 0.008753
vt 0.385625 0.146355
vt 0.378639 0.146355
vt 0.312633 0.146355
vt 0.312633 0.228635
vt 0.312633 0.257383
vt 0.312633 0.119781
vt 0.714078 0.295216
vt 0.714078 0.377496
vt 0.678559 0.377496
vt 0.678559 0.295216
vt 0.612587 0.111361
vt 0.612587 0.029080
vt 0.648106 0.029080
vt 0.648106 0.111361
vt 0.220653 0.412490
vt 0.220653 0.385917
vt 0.612587 0.131688
vt 0.648106 0.131688
vt 0.220653 0.523519
vt 0.220653 0.494771
vt 0.714078 0.274888
vt 0.678559 0.274888
vt 0.220653 0.303636
vt 0.220653 0.274888
vt 0.370171 0.385917
vt 0.370171 0.412490
vt 0.625535 0.459777
vt 0.625535 0.377496
vt 0.661054 0.377496
vt 0.661054 0.459777
vt 0.370171 0.274888
vt 0.370171 0.303636
vt 0.625535 0.600218
vt 0.625535 0.517937
vt 0.661054 0.517937
vt 0.661054 0.600218
vt 0.286659 0.385917
vt 0.286659 0.412490
vt 0.625535 0.620546
vt 0.661054 0.620546
vt 0.286659 0.274888
vt 0.286659 0.303636
vt 0.625535 0.480105
vt 0.661054 0.480105
vt 0.465853 0.412490
vt 0.286659 0.494771
vt 0.286659 0.523519
vt 0.370171 0.494771
vt 0.370171 0.523519
vt 0.665611 0.193641
vt 0.665611 0.111361
vt 0.701130 0.111361
vt 0.701130 0.193641
vt 0.665611 0.213969
vt 0.701130 0.213969
vt 0.714078 0.600218
vt 0.714078 0.682498
vt 0.678559 0.682499
vt 0.678559 0.600218
vt 0.328415 0.385917
vt 0.328415 0.412490
vt 0.714078 0.579890
vt 0.678559 0.579890
vt 0.328415 0.274888
vt 0.328415 0.303636
vt 0.328415 0.494771
vt 0.328415 0.523519
vt 0.625535 0.357169
vt 0.661054 0.357169
vt 0.625535 0.274888
vt 0.661054 0.274888
vt 0.612587 0.008753
vt 0.648106 0.008753
vt 0.612587 0.213969
vt 0.648106 0.213969
vt 0.714078 0.397824
vt 0.678559 0.397824
vt 0.714078 0.480105
vt 0.678559 0.480105
vt 0.625535 0.497610
vt 0.661054 0.497610
vt 0.625535 0.702826
vt 0.661054 0.702826
vt 0.714078 0.702826
vt 0.678559 0.702826
vt 0.714078 0.497610
vt 0.678559 0.497610
vt 0.665611 0.091033
vt 0.701130 0.091033
vt 0.665611 0.008753
vt 0.701130 0.008753
vt 0.986657 0.991247
vt 0.962265 0.991247
vt 0.962265 0.964674
vt 0.986657 0.964674
vt 0.544290 0.412490
vt 0.544290 0.494771
vt 0.149990 0.566183
vt 0.149990 0.542504
vt 0.156976 0.541024
vt 0.156976 0.565985
vt 0.568784 0.303636
vt 0.576161 0.303636
vt 0.962265 0.918421
vt 0.986657 0.918421
vt 0.986657 0.947169
vt 0.962265 0.947169
vt 0.512394 0.303636
vt 0.512394 0.385917
vt 0.612587 0.256633
vt 0.612587 0.232954
vt 0.619573 0.231474
vt 0.619573 0.256435
vt 0.568784 0.274888
vt 0.576161 0.274888
vt 0.008753 0.119781
vt 0.032432 0.119781
vt 0.032432 0.146355
vt 0.008753 0.146355
vt 0.750112 0.232830
vt 0.750112 0.256509
vt 0.743126 0.257125
vt 0.743126 0.232733
vt 0.032432 0.228635
vt 0.008753 0.008753
vt 0.032432 0.008753
vt 0.032432 0.037500
vt 0.008753 0.037500
vt 0.055495 0.112795
vt 0.079887 0.112795
vt 0.210283 0.067950
vt 0.249528 0.091014
vt 0.256514 0.091629
vt 0.008753 0.228635
vt 0.032432 0.257383
vt 0.008753 0.257383
vt 0.962354 0.367394
vt 0.986746 0.367394
vt 0.986746 0.396142
vt 0.962354 0.396142
vt 0.242151 0.044469
vt 0.242151 0.008753
vt 0.168430 0.146355
vt 0.144750 0.146355
vt 0.144750 0.119781
vt 0.168430 0.119781
vt 0.200427 0.615684
vt 0.200427 0.639363
vt 0.193441 0.640843
vt 0.193441 0.615882
vt 0.144750 0.037500
vt 0.168430 0.257383
vt 0.144750 0.257383
vt 0.144750 0.228635
vt 0.168430 0.228635
vt 0.122551 0.153340
vt 0.097590 0.153340
vt 0.987315 0.484299
vt 0.962354 0.484299
vt 0.962354 0.457726
vt 0.987315 0.457726
vt 0.686060 0.255769
vt 0.686060 0.232090
vt 0.693046 0.231474
vt 0.693046 0.255866
vt 0.587705 0.119781
vt 0.587705 0.037500
vt 0.595082 0.037500
vt 0.595082 0.119781
vt 0.962265 0.815354
vt 0.987226 0.815354
vt 0.987226 0.844102
vt 0.962265 0.844102
vt 0.217268 0.175122
vt 0.224646 0.175122
vt 0.224646 0.196705
vt 0.193441 0.767204
vt 0.193441 0.743525
vt 0.200427 0.742909
vt 0.200427 0.767301
vt 0.544290 0.385917
vt 0.962265 0.722848
vt 0.987226 0.722848
vt 0.987226 0.751596
vt 0.962265 0.751596
vt 0.587705 0.146355
vt 0.595082 0.146355
vt 0.210282 0.174506
vt 0.256514 0.198185
vt 0.168430 0.037500
vt 0.144750 0.008753
vt 0.168430 0.008753
vt 0.580718 0.228635
vt 0.580718 0.146355
vt 0.587705 0.228635
vt 0.193441 0.724789
vt 0.193441 0.701110
vt 0.200427 0.701012
vt 0.200427 0.725404
vt 0.580718 0.119781
vt 0.580718 0.037500
vt 0.774603 0.233348
vt 0.774603 0.257027
vt 0.767617 0.257125
vt 0.767617 0.232733
vt 0.608030 0.303636
vt 0.608030 0.385917
vt 0.601044 0.385917
vt 0.601044 0.303636
vt 0.661569 0.255153
vt 0.661569 0.231474
vt 0.668555 0.231672
vt 0.668555 0.256633
vt 0.548847 0.119781
vt 0.548847 0.037500
vt 0.555836 0.037500
vt 0.555836 0.119781
vt 0.193441 0.682027
vt 0.193441 0.658348
vt 0.200427 0.658546
vt 0.200427 0.683507
vt 0.548847 0.228635
vt 0.548847 0.146355
vt 0.555836 0.146355
vt 0.555836 0.228635
vt 0.168527 0.153341
vt 0.144135 0.153340
vt 0.608030 0.412490
vt 0.608030 0.494771
vt 0.601043 0.494771
vt 0.601043 0.412490
vt 0.644064 0.232954
vt 0.644064 0.256633
vt 0.637078 0.256435
vt 0.637078 0.231474
vt 0.561795 0.494771
vt 0.561795 0.412490
vt 0.008951 0.112795
vt 0.033912 0.112795
vt 0.561795 0.385917
vt 0.561795 0.303636
vt 0.410508 0.228635
vt 0.446224 0.228635
vt 0.446224 0.257383
vt 0.410508 0.257383
vt 0.499446 0.037500
vt 0.463729 0.037500
vt 0.463729 0.008753
vt 0.499446 0.008753
vt 0.203148 0.303636
vt 0.167824 0.303636
vt 0.167824 0.274888
vt 0.203148 0.274888
vt 0.167824 0.494771
vt 0.167824 0.412490
vt 0.203148 0.412490
vt 0.203148 0.494771
vt 0.203148 0.523519
vt 0.167824 0.523519
vt 0.167824 0.385917
vt 0.203148 0.385917
vt 0.463729 0.228635
vt 0.463729 0.146355
vt 0.499446 0.146355
vt 0.499446 0.228635
vt 0.499446 0.257383
vt 0.463729 0.257383
vt 0.463729 0.119781
vt 0.499446 0.119781
vt 0.446224 0.119781
vt 0.410508 0.119781
vt 0.410508 0.037500
vt 0.446224 0.037500
vt 0.410508 0.008753
vt 0.446224 0.008753
vt 0.410508 0.146355
vt 0.446224 0.146355
vt 0.409259 0.412490
vt 0.387676 0.412490
vt 0.387676 0.385917
vt 0.409259 0.385917
vt 0.387676 0.303636
vt 0.409259 0.303636
vt 0.409259 0.523519
vt 0.387676 0.523519
vt 0.387676 0.494771
vt 0.409259 0.494771
vt 0.387676 0.274888
vt 0.409259 0.274888
vt 0.448348 0.412490
vt 0.426764 0.412490
vt 0.426764 0.385917
vt 0.448348 0.385917
vt 0.426764 0.303636
vt 0.448348 0.303636
vt 0.448348 0.523519
vt 0.426764 0.523519
vt 0.426764 0.494771
vt 0.448348 0.494771
vt 0.426764 0.274888
vt 0.448348 0.274888
vt 0.298270 0.037500
vt 0.473230 0.523519
vt 0.465853 0.523519
vt 0.465853 0.494771
vt 0.523964 0.257383
vt 0.531342 0.228635
vt 0.531342 0.257383
vt 0.242151 0.091014
vt 0.242151 0.069430
vt 0.242151 0.257383
vt 0.242151 0.221666
vt 0.473230 0.274888
vt 0.465853 0.274888
vt 0.393002 0.008753
vt 0.393002 0.037500
vt 0.523964 0.008753
vt 0.531342 0.008753
vt 0.393003 0.119781
vt 0.393003 0.146355
vt 0.555836 0.008753
vt 0.563213 0.008753
vt 0.563213 0.037500
vt 0.393003 0.228635
vt 0.601044 0.274888
vt 0.593666 0.303636
vt 0.593666 0.274888
vt 0.555836 0.257383
vt 0.563213 0.228635
vt 0.563213 0.257383
vt 0.587705 0.008753
vt 0.595082 0.008753
vt 0.563213 0.146355
vt 0.568784 0.523519
vt 0.576161 0.523519
vt 0.563213 0.119781
vt 0.298270 0.008753
vt 0.601043 0.523519
vt 0.593666 0.523519
vt 0.593666 0.494771
vt 0.224646 0.115406
vt 0.224646 0.150730
vt 0.593666 0.412490
vt 0.224646 0.221666
vt 0.224646 0.257383
vt 0.593666 0.385917
vt 0.536913 0.523519
vt 0.544290 0.523519
vt 0.242151 0.150730
vt 0.242151 0.115406
vt 0.505017 0.274888
vt 0.512395 0.274888
vt 0.587705 0.257383
vt 0.595082 0.228635
vt 0.595082 0.257383
vt 0.393003 0.257383
s 1
f 37/1/1 44/2/1 4/3/1 3/4/1
f 9/5/2 16/6/2 8/7/2 7/8/2
f 45/9/3 52/10/3 6/11/3 5/12/3
f 17/13/4 24/14/4 2/15/4 1/16/4
f 134/17/4 133/18/4 26/19/4 34/20/4
f 184/21/5 182/22/5 250/23/3 252/24/3
f 161/25/6 163/26/6 235/27/1 233/28/1
f 167/29/7 68/30/7 24/31/7 152/32/7
f 157/33/4 75/34/4 63/35/4 166/36/4
f 159/37/8 76/38/8 18/39/8 150/40/8
f 132/41/1 121/42/1 33/43/1 97/44/1
f 191/45/8 84/46/8 20/47/8 174/48/8
f 110/49/2 109/50/2 29/51/2 31/52/2
f 173/53/4 176/54/4 22/55/4 19/56/4
f 5/57/4 6/58/4 21/59/4 20/60/4
f 149/61/4 152/62/4 24/14/4 17/13/4
f 43/63/1 42/64/1 210/65/1 211/66/1
f 145/67/2 148/68/2 14/69/2 11/70/2
f 3/71/2 4/72/2 13/73/2 12/74/2
f 169/75/2 172/76/2 16/6/2 9/5/2
f 19/56/4 22/55/4 23/77/4 18/78/4
f 183/79/7 60/80/7 22/81/7 176/82/7
f 108/83/8 89/84/8 28/85/8 30/86/8
f 88/87/8 96/88/8 34/89/8 26/90/8
f 11/70/2 14/69/2 15/91/2 10/92/2
f 112/93/4 111/94/4 30/95/4 28/96/4
f 128/97/3 123/98/3 36/99/3 104/100/3
f 144/101/1 135/102/1 25/103/1 85/104/1
f 120/105/3 112/106/3 28/107/3 89/108/3
f 100/109/8 104/110/8 36/111/8 35/112/8
f 135/113/2 136/114/2 27/115/2 25/116/2
f 116/117/1 110/118/1 31/119/1 105/120/1
f 140/121/3 134/122/3 34/123/3 96/124/3
f 121/125/2 124/126/2 32/127/2 33/128/2
f 136/129/3 137/130/3 93/131/3 27/132/3
f 139/133/3 140/121/3 96/124/3 95/134/3
f 138/135/3 139/133/3 95/134/3 94/136/3
f 114/137/1 107/138/1 108/139/1 113/140/1
f 111/141/1 113/140/1 108/139/1 30/142/1
f 116/117/1 105/120/1 106/143/1 115/144/1
f 114/137/1 115/144/1 106/143/1 107/138/1
f 118/145/3 91/146/3 92/147/3 117/148/3
f 109/149/3 117/148/3 92/147/3 29/150/3
f 120/105/3 89/108/3 90/151/3 119/152/3
f 118/145/3 119/152/3 90/151/3 91/146/3
f 142/153/1 87/154/1 88/155/1 141/156/1
f 133/157/1 141/156/1 88/155/1 26/158/1
f 144/101/1 85/104/1 86/159/1 143/160/1
f 142/153/1 143/160/1 86/159/1 87/154/1
f 125/161/3 126/162/3 102/163/3 101/164/3
f 124/165/3 125/161/3 101/164/3 32/166/3
f 127/167/3 128/97/3 104/100/3 103/168/3
f 126/162/3 127/167/3 103/168/3 102/163/3
f 123/169/4 122/170/4 35/171/4 36/172/4
f 101/173/8 102/174/8 98/175/8 97/176/8
f 33/177/8 32/178/8 101/173/8 97/176/8
f 103/179/8 104/110/8 100/109/8 99/180/8
f 93/181/8 94/182/8 86/183/8 85/184/8
f 25/185/8 27/186/8 93/181/8 85/184/8
f 95/187/8 96/88/8 88/87/8 87/188/8
f 86/183/8 94/182/8 95/187/8 87/188/8
f 91/189/8 106/190/8 105/191/8 92/192/8
f 31/193/8 29/194/8 92/192/8 105/191/8
f 89/84/8 108/83/8 107/195/8 90/196/8
f 106/190/8 91/189/8 90/196/8 107/195/8
f 187/197/9 185/198/9 178/199/5 180/200/5
f 171/201/7 15/202/7 57/203/7 177/204/7
f 191/205/9 189/206/9 182/22/5 184/21/5
f 179/207/7 58/208/7 59/209/7 181/210/7
f 186/211/10 188/212/10 179/213/11 177/214/11
f 169/215/8 9/216/8 81/217/8 185/218/8
f 190/219/10 192/220/10 183/221/11 181/222/11
f 187/223/8 82/224/8 83/225/8 189/226/8
f 130/227/1 99/228/1 100/229/1 129/230/1
f 122/231/1 129/230/1 100/229/1 35/232/1
f 132/41/1 97/44/1 98/233/1 131/234/1
f 130/227/1 131/234/1 98/233/1 99/228/1
f 154/235/12 156/236/12 163/26/6 161/25/6
f 145/237/8 11/238/8 73/239/8 153/240/8
f 158/241/12 160/242/12 167/243/6 165/244/6
f 155/245/8 74/246/8 75/247/8 157/248/8
f 98/175/8 102/174/8 103/179/8 99/180/8
f 181/222/11 183/221/11 251/249/1 249/250/1
f 13/73/2 4/72/2 194/251/2 201/252/2
f 148/68/2 147/253/2 229/254/2 230/255/2
f 155/256/13 153/257/13 162/258/14 164/259/14
f 147/260/7 13/261/7 65/262/7 161/263/7
f 159/264/13 157/265/13 166/266/14 168/267/14
f 163/268/7 66/269/7 67/270/7 165/271/7
f 147/272/1 161/25/6 233/28/1 229/273/1
f 42/64/1 41/274/1 209/275/1 210/65/1
f 176/54/4 175/276/4 243/277/4 244/278/4
f 68/279/15 67/280/15 228/281/3 208/282/3
f 179/213/11 181/222/11 249/250/1 247/283/1
f 162/258/14 148/284/3 230/285/3 234/286/3
f 41/274/1 2/287/1 200/288/1 209/275/1
f 67/280/15 66/289/15 227/290/3 228/281/3
f 49/291/3 50/292/3 47/293/3 48/294/3
f 7/295/3 8/296/3 49/291/3 48/294/3
f 51/297/3 52/10/3 45/9/3 46/298/3
f 47/293/3 50/292/3 51/297/3 46/298/3
f 41/274/1 42/64/1 39/299/1 40/300/1
f 1/301/1 2/287/1 41/274/1 40/300/1
f 43/63/1 44/2/1 37/1/1 38/302/1
f 39/299/1 42/64/1 43/63/1 38/302/1
f 137/130/3 138/135/3 94/136/3 93/131/3
f 47/293/3 46/298/3 119/152/3 118/145/3
f 114/303/7 113/304/7 120/305/7 119/306/7
f 7/295/3 48/294/3 117/148/3 109/149/3
f 116/307/7 115/308/7 118/309/7 117/310/7
f 83/311/1 82/312/1 115/144/1 114/137/1
f 81/313/4 116/307/4 117/310/4 48/314/4
f 20/315/1 84/316/1 113/140/1 111/141/1
f 83/317/4 114/303/4 119/306/4 46/318/4
f 81/319/1 9/320/1 110/118/1 116/117/1
f 45/9/3 5/12/3 112/106/3 120/105/3
f 5/57/4 20/60/4 111/94/4 112/93/4
f 9/5/2 7/8/2 109/50/2 110/49/2
f 75/321/1 74/322/1 131/234/1 130/227/1
f 126/323/7 125/324/7 132/325/7 131/326/7
f 18/327/1 76/328/1 129/230/1 122/231/1
f 128/329/7 127/330/7 130/331/7 129/332/7
f 78/333/3 79/334/3 127/167/3 126/162/3
f 80/335/2 128/329/2 129/332/2 76/336/2
f 10/337/3 77/338/3 125/161/3 124/165/3
f 78/339/2 126/323/2 131/326/2 74/340/2
f 182/22/5 180/200/5 248/341/3 250/23/3
f 19/56/4 18/78/4 122/170/4 123/169/4
f 80/342/3 19/343/3 123/98/3 128/97/3
f 73/344/1 11/345/1 121/42/1 132/41/1
f 138/346/7 137/347/7 144/348/7 143/349/7
f 39/299/1 38/302/1 143/160/1 142/153/1
f 70/350/2 138/346/2 143/349/2 38/351/2
f 1/301/1 40/300/1 141/156/1 133/157/1
f 140/352/7 139/353/7 142/354/7 141/355/7
f 70/356/3 71/357/3 139/133/3 138/135/3
f 72/358/2 140/352/2 141/355/2 40/359/2
f 12/360/3 69/361/3 137/130/3 136/129/3
f 72/362/3 17/363/3 134/122/3 140/121/3
f 3/71/2 12/74/2 136/114/2 135/113/2
f 37/1/1 3/4/1 135/102/1 144/101/1
f 17/13/4 1/16/4 133/18/4 134/17/4
f 125/324/4 77/364/4 73/365/4 132/325/4
f 77/364/8 78/366/8 74/367/8 73/365/8
f 115/308/2 82/368/2 47/369/2 118/309/2
f 82/370/8 81/313/8 48/314/8 47/371/8
f 113/304/2 84/372/2 45/373/2 120/305/2
f 84/372/8 83/374/8 46/375/8 45/373/8
f 127/330/4 79/376/4 75/377/4 130/331/4
f 79/378/8 80/335/8 76/336/8 75/379/8
f 139/353/4 71/380/4 39/381/4 142/354/4
f 71/382/8 72/358/8 40/359/8 39/383/8
f 137/347/4 69/384/4 37/385/4 144/348/4
f 69/384/8 70/386/8 38/387/8 37/385/8
f 62/388/7 164/389/7 166/390/7 63/391/7
f 168/267/14 166/266/14 238/392/3 240/393/3
f 71/394/4 158/395/4 165/396/4 67/397/4
f 66/289/15 65/398/15 226/399/3 227/290/3
f 14/400/7 148/401/7 162/402/7 61/403/7
f 165/244/6 167/243/6 239/404/1 237/405/1
f 69/406/4 154/407/4 161/408/4 65/409/4
f 65/398/15 13/410/3 201/411/3 226/399/3
f 70/412/8 156/413/8 158/414/8 71/415/8
f 156/413/8 155/245/8 157/248/8 158/414/8
f 76/416/2 159/417/2 168/418/2 64/419/2
f 157/248/8 159/37/8 160/420/8 158/414/8
f 12/421/8 146/422/8 154/423/8 69/424/8
f 146/422/8 145/237/8 153/240/8 154/423/8
f 74/246/2 155/245/2 164/425/2 62/426/2
f 153/240/8 155/245/8 156/413/8 154/423/8
f 12/74/2 13/73/2 147/253/2 146/427/2
f 146/427/2 147/253/2 148/68/2 145/67/2
f 18/78/4 23/77/4 151/428/4 150/429/4
f 150/429/4 151/428/4 152/62/4 149/61/4
f 72/430/8 160/420/8 149/431/8 17/432/8
f 160/420/8 159/37/8 150/40/8 149/431/8
f 64/433/7 168/434/7 151/435/7 23/436/7
f 2/15/4 24/14/4 199/437/4 200/438/4
f 78/439/8 188/440/8 190/441/8 79/442/8
f 188/440/8 187/223/8 189/226/8 190/441/8
f 84/443/2 191/444/2 184/445/2 56/446/2
f 189/226/8 191/45/8 192/447/8 190/441/8
f 10/448/8 170/449/8 186/450/8 77/451/8
f 170/449/8 169/215/8 185/218/8 186/450/8
f 82/224/2 187/223/2 180/452/2 54/453/2
f 185/218/8 187/223/8 188/440/8 186/450/8
f 54/454/7 180/455/7 182/456/7 55/457/7
f 163/26/6 165/244/6 237/405/1 235/27/1
f 79/458/4 190/459/4 181/460/4 59/461/4
f 63/462/16 64/463/16 206/464/1 225/465/1
f 16/466/7 172/467/7 178/468/7 53/469/7
f 172/76/2 171/470/2 241/471/2 242/472/2
f 77/473/4 186/474/4 177/475/4 57/476/4
f 166/266/14 164/259/14 236/477/3 238/392/3
f 56/478/7 184/479/7 175/480/7 21/481/7
f 62/482/16 63/462/16 225/465/1 224/483/1
f 10/92/2 15/91/2 171/470/2 170/484/2
f 170/484/2 171/470/2 172/76/2 169/75/2
f 20/60/4 21/59/4 175/276/4 174/485/4
f 174/485/4 175/276/4 176/54/4 173/53/4
f 80/486/8 192/447/8 173/487/8 19/488/8
f 192/447/8 191/45/8 174/48/8 173/487/8
f 73/489/17 74/490/17 62/482/16 61/491/16
f 153/492/4 73/493/4 61/494/4 162/495/4
f 75/496/17 76/497/17 64/463/16 63/462/16
f 192/498/2 80/499/2 60/500/2 183/501/2
f 80/502/18 79/503/18 59/504/19 60/505/19
f 189/506/4 83/507/4 55/508/4 182/509/4
f 83/510/20 84/511/20 56/512/21 55/513/21
f 185/514/4 81/515/4 53/516/4 178/517/4
f 81/518/20 82/519/20 54/520/21 53/521/21
f 188/440/2 78/439/2 58/522/2 179/523/2
f 78/524/18 77/525/18 57/526/19 58/527/19
f 11/70/2 10/92/2 124/126/2 121/125/2
f 160/528/2 72/529/2 68/530/2 167/531/2
f 72/532/22 71/533/22 67/280/15 68/279/15
f 156/413/2 70/412/2 66/534/2 163/535/2
f 70/536/22 69/537/22 65/398/15 66/289/15
f 208/538/7 209/539/7 200/540/7 199/541/7
f 197/542/7 203/543/7 202/544/7 198/545/7
f 204/546/7 206/547/7 207/548/7 205/549/7
f 223/550/7 224/551/7 220/552/7 219/553/7
f 218/554/7 222/555/7 223/550/7 219/553/7
f 225/556/7 206/547/7 204/546/7 221/557/7
f 215/558/7 216/559/7 213/560/7 212/561/7
f 196/562/7 195/563/7 215/558/7 212/561/7
f 217/564/7 203/543/7 197/542/7 214/565/7
f 213/560/7 216/559/7 217/564/7 214/565/7
f 211/566/7 227/567/7 226/568/7 193/569/7
f 201/570/7 194/571/7 193/569/7 226/568/7
f 209/539/7 208/538/7 228/572/7 210/573/7
f 227/567/7 211/566/7 210/573/7 228/572/7
f 220/552/7 224/551/7 225/556/7 221/557/7
f 236/574/7 235/575/7 237/576/7 238/577/7
f 237/576/7 239/578/7 240/579/7 238/577/7
f 230/580/7 229/581/7 233/582/7 234/583/7
f 233/582/7 235/575/7 236/574/7 234/583/7
f 240/579/7 239/578/7 232/584/7 231/585/7
f 248/586/7 247/587/7 249/588/7 250/589/7
f 249/588/7 251/590/7 252/591/7 250/589/7
f 242/592/7 241/593/7 245/594/7 246/595/7
f 245/594/7 247/587/7 248/586/7 246/595/7
f 252/591/7 251/590/7 244/596/7 243/597/7
f 44/2/1 43/63/1 211/66/1 193/598/1
f 164/259/14 162/258/14 234/286/3 236/477/3
f 178/199/5 172/599/3 242/600/3 246/601/3
f 171/602/1 177/214/11 245/603/1 241/604/1
f 152/62/4 151/428/4 231/605/4 232/606/4
f 177/214/11 179/213/11 247/283/1 245/603/1
f 180/200/5 178/199/5 246/601/3 248/341/3
f 21/59/4 6/58/4 198/607/4 202/608/4
f 175/609/3 184/21/5 252/24/3 243/610/3
f 49/291/3 8/296/3 196/611/3 212/612/3
f 183/221/11 176/613/1 244/614/1 251/249/1
f 50/292/3 49/291/3 212/612/3 213/615/3
f 51/297/3 50/292/3 213/615/3 214/616/3
f 56/512/21 21/617/1 202/618/1 203/619/1
f 52/10/3 51/297/3 214/616/3 197/620/3
f 22/621/3 60/505/19 204/622/3 205/623/3
f 16/624/1 53/521/21 215/625/1 195/626/1
f 64/463/16 23/627/1 207/628/1 206/464/1
f 53/521/21 54/520/21 216/629/1 215/625/1
f 24/630/3 68/279/15 208/282/3 199/631/3
f 54/520/21 55/513/21 217/632/1 216/629/1
f 4/3/1 44/2/1 193/598/1 194/633/1
f 55/513/21 56/512/21 203/619/1 217/632/1
f 57/526/19 15/634/3 218/635/3 219/636/3
f 15/91/2 14/69/2 222/637/2 218/638/2
f 58/527/19 57/526/19 219/636/3 220/639/3
f 8/7/2 16/6/2 195/640/2 196/641/2
f 59/504/19 58/527/19 220/639/3 221/642/3
f 151/643/3 168/267/14 240/393/3 231/644/3
f 23/77/4 22/55/4 205/645/4 207/646/4
f 60/505/19 59/504/19 221/642/3 204/622/3
f 167/243/6 152/647/1 232/648/1 239/404/1
f 14/649/1 61/491/16 223/650/1 222/651/1
f 6/11/3 52/10/3 197/620/3 198/652/3
f 61/491/16 62/482/16 224/483/1 223/650/1
o Sandbags
v -0.557138 0.442342 0.274010
v -0.469249 0.402450 0.261947
v -0.588419 0.482147 0.268007
v -0.565769 0.441486 0.335194
v -0.561148 0.441486 0.426076
v -0.466993 0.392020 0.330171
v -0.622696 0.486536 0.338088
v -0.618075 0.486536 0.428971
v -0.633684 0.495972 0.338647
v -0.615698 0.493477 0.269394
v -0.629062 0.495972 0.429530
v -0.620829 0.502635 0.337993
v -0.586552 0.498245 0.267912
v -0.616207 0.502635 0.428876
v -0.555104 0.533420 0.334651
v -0.546981 0.529898 0.273493
v -0.550483 0.533420 0.425534
v -0.447634 0.558898 0.329186
v -0.309445 0.548878 0.322160
v -0.441979 0.567815 0.420016
v -0.452310 0.548468 0.261086
v -0.314814 0.532476 0.254094
v -0.457095 0.517178 0.238550
v -0.319599 0.501186 0.231558
v -0.462559 0.475459 0.226520
v -0.325063 0.459467 0.219529
v -0.466775 0.433739 0.239042
v -0.329278 0.417748 0.232051
v -0.331753 0.386458 0.254956
v -0.191782 0.401756 0.225059
v -0.060015 0.420689 0.241138
v -0.194256 0.370466 0.247964
v -0.187566 0.443475 0.212537
v -0.030868 0.425457 0.239656
v -0.182102 0.485195 0.224567
v -0.058147 0.436788 0.241043
v -0.177317 0.516484 0.247103
v -0.088658 0.476592 0.250188
v -0.172641 0.526914 0.315203
v -0.073866 0.477448 0.310180
v -0.166985 0.535832 0.406033
v -0.305516 0.542906 0.413077
v -0.069244 0.477448 0.401063
v -0.163398 0.526914 0.496968
v -0.300202 0.548878 0.503925
v -0.064623 0.477448 0.491946
v -0.161142 0.516484 0.565192
v -0.298639 0.532476 0.572183
v -0.073254 0.476592 0.553129
v -0.163617 0.485195 0.588097
v -0.301113 0.501186 0.595089
v -0.041972 0.436788 0.559132
v -0.167832 0.443475 0.600619
v -0.305329 0.459467 0.607611
v -0.014693 0.425457 0.557745
v -0.173296 0.401756 0.588589
v -0.310793 0.417748 0.595581
v -0.043840 0.420689 0.559227
v -0.178081 0.370466 0.566053
v -0.083411 0.389036 0.553646
v -0.315578 0.386458 0.573045
v -0.182757 0.360036 0.497953
v -0.321296 0.367048 0.504997
v -0.075288 0.385514 0.492488
v -0.188420 0.351056 0.407123
v -0.324875 0.376028 0.414062
v -0.079909 0.385514 0.401605
v -0.192000 0.360036 0.316188
v -0.330538 0.367048 0.323232
v -0.084531 0.385514 0.310723
v -0.098816 0.389036 0.250704
v -0.018806 0.416300 0.307381
v -0.014184 0.416300 0.398263
v -0.005951 0.422962 0.306727
v -0.001329 0.422962 0.397610
v -0.016938 0.432398 0.307286
v -0.012317 0.432398 0.398168
v -0.007695 0.432398 0.489051
v 0.003292 0.422962 0.488492
v -0.009563 0.416300 0.489146
v -0.463414 0.383040 0.421106
v -0.457751 0.392020 0.511936
v -0.556526 0.441486 0.516959
v -0.453075 0.402450 0.580036
v -0.541733 0.442342 0.576952
v -0.448290 0.433739 0.602573
v -0.572245 0.482147 0.586096
v -0.442826 0.475459 0.614602
v -0.599524 0.493477 0.587483
v -0.438610 0.517178 0.602080
v -0.570377 0.498245 0.586001
v -0.436136 0.548468 0.579175
v -0.531576 0.529898 0.576435
v -0.438392 0.558898 0.510952
v -0.545861 0.533420 0.516416
v -0.611586 0.502635 0.519759
v -0.624441 0.495972 0.520412
v -0.613454 0.486536 0.519853
vn -0.3568 -0.4723 -0.8060
vn -0.3203 -0.3497 -0.8804
vn -0.2176 -0.4251 -0.8786
vn -0.2263 -0.5356 -0.8136
vn -0.2982 -0.9417 -0.1558
vn -0.3026 -0.9496 -0.0819
vn -0.5658 -0.8210 -0.0759
vn -0.5562 -0.8175 -0.1494
vn -0.5983 -0.7987 -0.0644
vn -0.6055 -0.7756 -0.1784
vn -0.5517 -0.8336 0.0281
vn -0.6349 -0.7720 0.0323
vn -0.3012 -0.9534 0.0153
vn -0.5766 -0.8158 -0.0446
vn -0.4779 -0.8678 -0.1364
vn -0.6502 -0.7591 0.0331
vn -0.3746 0.9256 -0.0549
vn -0.3997 0.9136 -0.0745
vn -0.4121 0.8915 -0.1882
vn -0.2667 0.9525 -0.1471
vn -0.4591 0.8881 0.0233
vn -0.4412 0.8971 0.0224
vn -0.3629 0.9279 -0.0861
vn -0.3544 0.9213 -0.1597
vn -0.3461 0.9380 0.0176
vn -0.0717 0.9931 -0.0923
vn -0.0688 0.9852 -0.1569
vn -0.0694 0.9976 0.0035
vn 0.1092 0.9878 -0.1111
vn 0.1032 0.9744 -0.1996
vn 0.1152 0.9933 -0.0059
vn -0.1157 0.4533 -0.8838
vn -0.0988 0.5637 -0.8201
vn 0.0263 0.5816 -0.8131
vn 0.0050 0.4366 -0.8996
vn -0.2329 0.4034 -0.8849
vn -0.2403 0.5320 -0.8119
vn -0.1223 0.3287 -0.9365
vn -0.0164 0.2790 -0.9602
vn -0.2307 0.3754 -0.8977
vn -0.1956 -0.3028 -0.9328
vn -0.0811 -0.2790 -0.9569
vn -0.0963 -0.4366 -0.8945
vn -0.3117 -0.3231 -0.8936
vn -0.1086 -0.5816 -0.8062
vn 0.0255 -0.4533 -0.8910
vn 0.0151 -0.5637 -0.8259
vn 0.0267 -0.3287 -0.9441
vn 0.1419 -0.4034 -0.9039
vn 0.1567 -0.5320 -0.8321
vn 0.1384 -0.3754 -0.9165
vn 0.0999 0.3028 -0.9478
vn 0.1274 0.4251 -0.8962
vn 0.2293 0.3497 -0.9084
vn 0.2195 0.3231 -0.9206
vn 0.1426 0.5356 -0.8323
vn 0.2733 0.4723 -0.8380
vn 0.5551 0.8211 -0.1328
vn 0.5381 0.8175 -0.2051
vn 0.2764 0.9451 -0.1745
vn 0.2875 0.9514 -0.1106
vn 0.2960 0.9551 -0.0151
vn 0.5516 0.8336 -0.0280
vn 0.2973 0.9514 0.0808
vn 0.1199 0.9878 0.0995
vn 0.5657 0.8211 0.0758
vn 0.2927 0.9451 0.1455
vn 0.1229 0.9744 0.1881
vn 0.5562 0.8175 0.1494
vn 0.2176 0.4251 0.8786
vn 0.2263 0.5356 0.8136
vn 0.1086 0.5816 0.8062
vn 0.0963 0.4366 0.8945
vn 0.3203 0.3497 0.8804
vn 0.3568 0.4723 0.8060
vn 0.1956 0.3028 0.9328
vn 0.0811 0.2790 0.9569
vn 0.3117 0.3231 0.8936
vn 0.1157 -0.4533 0.8838
vn 0.1223 -0.3287 0.9365
vn 0.0164 -0.2790 0.9602
vn -0.0050 -0.4366 0.8996
vn 0.2329 -0.4034 0.8849
vn 0.2307 -0.3754 0.8977
vn 0.0988 -0.5637 0.8201
vn -0.0263 -0.5816 0.8131
vn 0.2403 -0.5320 0.8119
vn 0.3629 -0.9278 0.0862
vn 0.3544 -0.9213 0.1597
vn 0.0749 -0.9831 0.1671
vn 0.0773 -0.9926 0.0934
vn -0.1016 -0.9701 0.2204
vn -0.1091 -0.9875 0.1134
vn 0.0749 -0.9972 -0.0038
vn -0.1152 -0.9933 0.0059
vn 0.3462 -0.9380 -0.0176
vn 0.0675 -0.9926 -0.1007
vn -0.1200 -0.9875 -0.1017
vn 0.3523 -0.9278 -0.1226
vn 0.0576 -0.9831 -0.1739
vn -0.1235 -0.9701 -0.2089
vn 0.3364 -0.9213 -0.1948
vn 0.3909 -0.8915 -0.2291
vn 0.3901 -0.9136 -0.1147
vn 0.4412 -0.8971 -0.0224
vn 0.3671 -0.9256 -0.0926
vn 0.4591 -0.8881 -0.0233
vn 0.2504 -0.9525 -0.1734
vn 0.5691 0.8158 -0.1029
vn 0.5887 0.7987 -0.1248
vn 0.6349 0.7720 -0.0323
vn 0.6502 0.7591 -0.0331
vn 0.4616 0.8678 -0.1841
vn 0.5843 0.7756 -0.2389
vn 0.5983 0.7987 0.0644
vn 0.5766 0.8158 0.0446
vn 0.6055 0.7756 0.1784
vn 0.4779 0.8678 0.1364
vn 0.3997 -0.9136 0.0745
vn 0.3746 -0.9256 0.0549
vn 0.2667 -0.9525 0.1471
vn 0.4121 -0.8915 0.1882
vn -0.2928 -0.9496 0.1122
vn -0.5552 -0.8210 0.1329
vn -0.2809 -0.9417 0.1852
vn -0.5381 -0.8175 0.2051
vn -0.1274 -0.4251 0.8962
vn -0.1426 -0.5356 0.8323
vn -0.2293 -0.3497 0.9084
vn -0.2733 -0.4723 0.8380
vn -0.0999 -0.3028 0.9478
vn -0.2195 -0.3231 0.9206
vn -0.0267 0.3287 0.9441
vn -0.0255 0.4533 0.8910
vn -0.1419 0.4034 0.9039
vn -0.1384 0.3754 0.9165
vn -0.0151 0.5637 0.8259
vn -0.1567 0.5320 0.8321
vn -0.0525 0.9852 0.1631
vn -0.0620 0.9931 0.0991
vn -0.3523 0.9279 0.1225
vn -0.3364 0.9213 0.1948
vn -0.3901 0.9136 0.1147
vn -0.3909 0.8915 0.2291
vn -0.3671 0.9256 0.0926
vn -0.2504 0.9525 0.1734
vn -0.5887 -0.7987 0.1248
vn -0.5691 -0.8158 0.1029
vn -0.5843 -0.7756 0.2389
vn -0.4616 -0.8678 0.1841
vt 0.806152 0.863651
vt 0.815200 0.866381
vt 0.792170 0.872220
vt 0.790687 0.865592
vt 0.789776 0.854311
vt 0.807588 0.853940
vt 0.818577 0.853409
vt 0.807316 0.839649
vt 0.818478 0.839638
vt 0.789322 0.839598
vt 0.820794 0.853136
vt 0.820807 0.865434
vt 0.820751 0.839638
vt 0.822987 0.853404
vt 0.826397 0.866352
vt 0.823025 0.839637
vt 0.833946 0.853923
vt 0.835398 0.863621
vt 0.834179 0.839636
vt 0.851692 0.854283
vt 0.850804 0.865586
vt 0.852098 0.839618
vt 0.874871 0.855295
vt 0.874476 0.867821
vt 0.875127 0.839565
vt 0.849287 0.872122
vt 0.874172 0.875045
vt 0.847052 0.879747
vt 0.873757 0.883439
vt 0.794404 0.880034
vt 0.767700 0.883439
vt 0.767315 0.875111
vt 0.766990 0.867942
vt 0.742112 0.874486
vt 0.742887 0.867624
vt 0.740893 0.882448
vt 0.716930 0.872179
vt 0.726140 0.867685
vt 0.710871 0.872294
vt 0.901000 0.882596
vt 0.899739 0.874377
vt 0.925319 0.871818
vt 0.931476 0.871858
vt 0.898953 0.867361
vt 0.915925 0.867338
vt 0.919134 0.856504
vt 0.899090 0.855312
vt 0.898963 0.839454
vt 0.919667 0.839307
vt 0.898932 0.823642
vt 0.874871 0.823853
vt 0.918855 0.822180
vt 0.898678 0.811642
vt 0.874491 0.811379
vt 0.915473 0.811504
vt 0.899431 0.804763
vt 0.874160 0.804194
vt 0.924636 0.806963
vt 0.900626 0.796789
vt 0.873765 0.795854
vt 0.930678 0.806821
vt 0.741913 0.805102
vt 0.740615 0.796955
vt 0.767757 0.795827
vt 0.767379 0.804211
vt 0.716622 0.807678
vt 0.710559 0.807652
vt 0.742756 0.812005
vt 0.767090 0.811521
vt 0.725896 0.812097
vt 0.722676 0.822830
vt 0.742651 0.824034
vt 0.766730 0.824093
vt 0.742777 0.839894
vt 0.766475 0.839738
vt 0.722122 0.839919
vt 0.742676 0.855668
vt 0.766605 0.855382
vt 0.722859 0.857003
vt 0.708844 0.858257
vt 0.708089 0.839966
vt 0.705895 0.858460
vt 0.705163 0.839973
vt 0.936291 0.857757
vt 0.933312 0.857601
vt 0.933773 0.839149
vt 0.936718 0.839104
vt 0.932769 0.820816
vt 0.935716 0.820587
vt 0.708754 0.821699
vt 0.705813 0.821528
vt 0.789910 0.824955
vt 0.807619 0.825337
vt 0.790789 0.813684
vt 0.806171 0.815662
vt 0.792307 0.807147
vt 0.815142 0.812952
vt 0.794548 0.799520
vt 0.820711 0.813879
vt 0.847042 0.799273
vt 0.849277 0.807081
vt 0.826298 0.812929
vt 0.850757 0.813707
vt 0.835312 0.815648
vt 0.851653 0.824967
vt 0.833866 0.825334
vt 0.822933 0.825884
vt 0.820715 0.826155
vt 0.818522 0.825886
s 1
f 253/653/23 255/654/24 279/655/25 254/656/26
f 254/656/27 258/657/28 256/658/29 253/653/30
f 256/658/29 259/659/31 255/654/32 253/653/30
f 257/660/33 260/661/34 259/659/31 256/658/29
f 258/657/28 333/662/35 257/660/33 256/658/29
f 259/659/31 261/663/36 262/664/37 255/654/32
f 260/661/34 263/665/38 261/663/36 259/659/31
f 261/663/39 264/666/40 265/667/41 262/664/42
f 263/665/43 266/668/44 264/666/40 261/663/39
f 264/666/40 267/669/45 268/670/46 265/667/41
f 266/668/44 269/671/47 267/669/45 264/666/40
f 270/672/48 273/673/49 268/670/46 267/669/45
f 272/674/50 270/672/48 267/669/45 269/671/47
f 271/675/51 274/676/52 273/673/49 270/672/48
f 294/677/53 271/675/51 270/672/48 272/674/50
f 275/678/54 273/673/55 274/676/56 276/679/57
f 265/667/58 268/670/59 273/673/55 275/678/54
f 277/680/60 275/678/54 276/679/57 278/681/61
f 262/664/62 265/667/58 275/678/54 277/680/60
f 279/655/25 277/682/63 278/683/64 280/684/65
f 255/654/24 262/664/66 277/682/63 279/655/25
f 254/656/26 279/655/25 280/684/65 281/685/67
f 281/685/67 280/684/65 282/686/68 284/687/69
f 280/684/65 278/683/64 285/688/70 282/686/68
f 284/687/69 282/686/68 283/689/71 323/690/72
f 282/686/68 285/688/70 286/691/73 283/689/71
f 285/692/74 287/693/75 288/694/76 286/695/77
f 278/681/61 276/679/57 287/693/75 285/692/74
f 287/693/75 289/696/78 290/697/79 288/694/76
f 276/679/57 274/676/56 289/696/78 287/693/75
f 292/698/80 290/697/81 289/696/82 291/699/83
f 291/699/83 289/696/82 274/676/52 271/675/51
f 293/700/84 291/699/83 271/675/51 294/677/53
f 295/701/85 292/698/80 291/699/83 293/700/84
f 296/702/86 293/700/84 294/677/53 297/703/87
f 298/704/88 295/701/85 293/700/84 296/702/86
f 299/705/89 296/702/86 297/703/87 300/706/90
f 301/707/91 298/704/88 296/702/86 299/705/89
f 302/708/92 299/705/93 300/706/94 303/709/95
f 304/710/96 301/707/97 299/705/93 302/708/92
f 305/711/98 302/708/92 303/709/95 306/712/99
f 307/713/100 304/710/96 302/708/92 305/711/98
f 308/714/101 305/715/102 306/716/103 309/717/104
f 310/718/105 307/719/106 305/715/102 308/714/101
f 311/720/107 308/714/101 309/717/104 313/721/108
f 312/722/109 310/718/105 308/714/101 311/720/107
f 316/723/110 312/722/111 311/720/112 314/724/113
f 314/724/113 311/720/112 313/721/114 315/725/115
f 317/726/116 314/724/113 315/725/115 318/727/117
f 319/728/118 316/723/110 314/724/113 317/726/116
f 320/729/119 317/726/116 318/727/117 321/730/120
f 322/731/121 319/728/118 317/726/116 320/729/119
f 284/687/122 320/729/119 321/730/120 281/685/123
f 323/690/124 322/731/121 320/729/119 284/687/122
f 323/690/124 283/689/125 324/732/126 322/731/121
f 322/731/121 324/732/126 325/733/127 319/728/118
f 324/732/126 326/734/128 327/735/129 325/733/127
f 283/689/125 286/691/130 326/734/128 324/732/126
f 326/736/131 328/737/132 329/738/133 327/739/134
f 286/695/135 288/694/136 328/737/132 326/736/131
f 328/737/132 292/698/80 295/701/85 329/738/133
f 288/694/136 290/697/81 292/698/80 328/737/132
f 327/739/134 329/738/133 330/740/137 331/741/138
f 329/738/133 295/701/85 298/704/88 330/740/137
f 331/741/138 330/740/137 304/710/139 307/713/140
f 330/740/137 298/704/88 301/707/91 304/710/139
f 332/742/141 331/743/142 307/719/143 310/718/144
f 325/733/127 327/735/129 331/743/142 332/742/141
f 316/723/110 332/742/141 310/718/144 312/722/111
f 319/728/118 325/733/127 332/742/141 316/723/110
f 281/685/123 321/730/120 258/657/28 254/656/27
f 321/730/120 318/727/117 333/662/35 258/657/28
f 318/727/117 315/725/115 334/744/145 333/662/35
f 333/662/35 334/744/145 335/745/146 257/660/33
f 334/744/145 336/746/147 337/747/148 335/745/146
f 315/725/115 313/721/114 336/746/147 334/744/145
f 313/721/108 309/717/104 338/748/149 336/746/150
f 336/746/150 338/748/149 339/749/151 337/747/152
f 338/748/149 340/750/153 341/751/154 339/749/151
f 309/717/104 306/716/103 340/750/153 338/748/149
f 340/752/155 342/753/156 343/754/157 341/751/158
f 306/712/99 303/709/95 342/753/156 340/752/155
f 342/753/156 344/755/159 345/756/160 343/754/157
f 303/709/95 300/706/94 344/755/159 342/753/156
f 344/755/161 346/757/162 347/758/163 345/756/164
f 300/706/90 297/703/87 346/757/162 344/755/161
f 346/757/162 272/674/50 269/671/47 347/758/163
f 297/703/87 294/677/53 272/674/50 346/757/162
f 348/759/165 347/758/163 269/671/47 266/668/44
f 343/754/166 345/756/164 347/758/163 348/759/165
f 349/760/167 348/759/165 266/668/44 263/665/43
f 341/751/168 343/754/166 348/759/165 349/760/167
f 350/761/169 349/760/170 263/665/38 260/661/34
f 339/749/171 341/751/172 349/760/170 350/761/169
f 335/745/146 350/761/169 260/661/34 257/660/33
f 337/747/148 339/749/171 350/761/169 335/745/146
o Sandbags.001
v 0.127089 0.243082 0.065587
v 0.145784 0.213654 0.156394
v 0.130348 0.279051 0.029608
v 0.065471 0.240878 0.061454
v -0.024862 0.240878 0.072451
v 0.078034 0.203154 0.164642
v 0.058000 0.279051 0.000089
v -0.032333 0.279051 0.011086
v 0.056548 0.287154 -0.011840
v 0.126911 0.287154 0.001377
v -0.033785 0.287154 -0.000843
v 0.058000 0.295257 0.000089
v 0.130348 0.295257 0.029608
v -0.032333 0.295257 0.011086
v 0.065471 0.333430 0.061454
v 0.127089 0.331227 0.065587
v -0.024862 0.333430 0.072451
v 0.078034 0.371154 0.164642
v 0.094784 0.377166 0.302226
v -0.012299 0.380131 0.175639
v 0.145784 0.360654 0.156394
v 0.162534 0.360654 0.293978
v 0.168367 0.329154 0.153644
v 0.185117 0.329154 0.291229
v 0.180568 0.287154 0.152159
v 0.197318 0.287154 0.289743
v 0.168367 0.245154 0.153644
v 0.185117 0.245154 0.291229
v 0.162534 0.213654 0.293978
v 0.201867 0.245154 0.428813
v 0.194719 0.279051 0.558348
v 0.179284 0.213654 0.431562
v 0.214068 0.287154 0.427327
v 0.198156 0.287154 0.586579
v 0.201867 0.329154 0.428813
v 0.194719 0.295257 0.558348
v 0.179284 0.360654 0.431562
v 0.182923 0.331227 0.524201
v 0.111534 0.371154 0.439810
v 0.124096 0.333430 0.542998
v 0.021201 0.380131 0.450808
v 0.004451 0.371154 0.313223
v 0.033763 0.333430 0.553996
v -0.069132 0.371154 0.461805
v -0.085882 0.377166 0.324221
v -0.056570 0.333430 0.564993
v -0.136882 0.360654 0.470053
v -0.153632 0.360654 0.332469
v -0.118188 0.331227 0.560860
v -0.159465 0.329154 0.472803
v -0.176215 0.329154 0.335218
v -0.121446 0.295257 0.596839
v -0.171667 0.287154 0.474288
v -0.188417 0.287154 0.336704
v -0.118010 0.287154 0.625070
v -0.159465 0.245154 0.472803
v -0.176215 0.245154 0.335218
v -0.121446 0.279051 0.596839
v -0.136882 0.213654 0.470053
v -0.118188 0.243082 0.560860
v -0.153632 0.213654 0.332469
v -0.069132 0.203154 0.461805
v -0.085882 0.194114 0.324221
v -0.056570 0.240878 0.564993
v 0.021201 0.194114 0.450808
v 0.004451 0.203154 0.313223
v 0.033763 0.240878 0.553996
v 0.111534 0.203154 0.439810
v 0.094784 0.194114 0.302226
v 0.124096 0.240878 0.542998
v 0.182923 0.243082 0.524201
v 0.131567 0.279051 0.604364
v 0.041234 0.279051 0.615361
v 0.133019 0.287154 0.616292
v 0.042686 0.287154 0.627290
v 0.131567 0.295257 0.604364
v 0.041234 0.295257 0.615361
v -0.049099 0.295257 0.626359
v -0.047647 0.287154 0.638287
v -0.049099 0.279051 0.626359
v -0.012299 0.194114 0.175639
v -0.102632 0.203154 0.186637
v -0.115195 0.240878 0.083449
v -0.170382 0.213654 0.194885
v -0.174021 0.243082 0.102246
v -0.192965 0.245154 0.197634
v -0.185817 0.279051 0.068099
v -0.205167 0.287154 0.199120
v -0.189254 0.287154 0.039868
v -0.192965 0.329154 0.197634
v -0.185817 0.295257 0.068099
v -0.170382 0.360654 0.194885
v -0.174021 0.331227 0.102246
v -0.102632 0.371154 0.186637
v -0.115195 0.333430 0.083449
v -0.122666 0.295257 0.022083
v -0.124118 0.287154 0.010155
v -0.122666 0.279051 0.022083
vn 0.7857 -0.5056 -0.3564
vn 0.8608 -0.3791 -0.3395
vn 0.8672 -0.4421 -0.2290
vn 0.8033 -0.5533 -0.2204
vn 0.1478 -0.9689 -0.1986
vn 0.0739 -0.9776 -0.1969
vn 0.0478 -0.8803 -0.4720
vn 0.1218 -0.8753 -0.4680
vn 0.0338 -0.8619 -0.5060
vn 0.1467 -0.8391 -0.5238
vn -0.0547 -0.8917 -0.4492
vn -0.0655 -0.8401 -0.5384
vn -0.0229 -0.9819 -0.1882
vn 0.0158 -0.8765 -0.4811
vn 0.1149 -0.9163 -0.3837
vn -0.0676 -0.8291 -0.5550
vn 0.0158 0.8765 -0.4811
vn 0.0338 0.8619 -0.5060
vn 0.1467 0.8391 -0.5238
vn 0.1149 0.9163 -0.3838
vn -0.0676 0.8291 -0.5550
vn -0.0655 0.8401 -0.5384
vn 0.0477 0.8804 -0.4719
vn 0.1218 0.8753 -0.4680
vn -0.0547 0.8918 -0.4491
vn 0.0732 0.9788 -0.1913
vn 0.1380 0.9716 -0.1921
vn -0.0223 0.9829 -0.1828
vn 0.1046 0.9944 -0.0127
vn 0.1927 0.9810 -0.0235
vn -0.0000 1.0000 -0.0000
vn 0.8672 0.4421 -0.2290
vn 0.8033 0.5533 -0.2204
vn 0.8047 0.5855 -0.0980
vn 0.8916 0.4395 -0.1086
vn 0.8608 0.3791 -0.3395
vn 0.7857 0.5056 -0.3564
vn 0.9211 0.3179 -0.2250
vn 0.9527 0.2809 -0.1160
vn 0.8742 0.3516 -0.3350
vn 0.9211 -0.3179 -0.2250
vn 0.9527 -0.2809 -0.1160
vn 0.8916 -0.4395 -0.1086
vn 0.8742 -0.3516 -0.3350
vn 0.8047 -0.5855 -0.0980
vn 0.8968 -0.4421 0.0142
vn 0.8327 -0.5533 0.0212
vn 0.9481 -0.3179 -0.0026
vn 0.9171 -0.3791 0.1230
vn 0.8483 -0.5056 0.1575
vn 0.9290 -0.3516 0.1155
vn 0.9481 0.3179 -0.0026
vn 0.8968 0.4421 0.0142
vn 0.9171 0.3791 0.1230
vn 0.9290 0.3516 0.1155
vn 0.8327 0.5533 0.0212
vn 0.8483 0.5056 0.1575
vn 0.1596 0.8804 0.4467
vn 0.2305 0.8753 0.4251
vn 0.1800 0.9716 0.1534
vn 0.1170 0.9788 0.1681
vn 0.0223 0.9829 0.1828
vn 0.0547 0.8918 0.4491
vn -0.0732 0.9788 0.1913
vn -0.1046 0.9944 0.0127
vn -0.0477 0.8804 0.4719
vn -0.1380 0.9716 0.1921
vn -0.1927 0.9810 0.0235
vn -0.1218 0.8753 0.4680
vn -0.8672 0.4421 0.2290
vn -0.8033 0.5533 0.2204
vn -0.8047 0.5855 0.0980
vn -0.8916 0.4395 0.1086
vn -0.8608 0.3791 0.3395
vn -0.7857 0.5056 0.3564
vn -0.9211 0.3179 0.2250
vn -0.9527 0.2809 0.1160
vn -0.8742 0.3516 0.3350
vn -0.8672 -0.4421 0.2290
vn -0.9211 -0.3179 0.2250
vn -0.9527 -0.2809 0.1160
vn -0.8916 -0.4395 0.1086
vn -0.8608 -0.3791 0.3395
vn -0.8742 -0.3516 0.3350
vn -0.8033 -0.5533 0.2204
vn -0.8047 -0.5855 0.0980
vn -0.7857 -0.5056 0.3564
vn -0.0478 -0.8803 0.4720
vn -0.1218 -0.8753 0.4680
vn -0.1478 -0.9689 0.1986
vn -0.0739 -0.9776 0.1969
vn -0.2134 -0.9766 0.0260
vn -0.1069 -0.9942 0.0130
vn 0.0229 -0.9819 0.1882
vn -0.0000 -1.0000 -0.0000
vn 0.0547 -0.8917 0.4492
vn 0.1190 -0.9776 0.1734
vn 0.1069 -0.9942 -0.0130
vn 0.1597 -0.8803 0.4467
vn 0.1911 -0.9689 0.1574
vn 0.2134 -0.9766 -0.0260
vn 0.2305 -0.8753 0.4251
vn 0.2681 -0.8391 0.4733
vn 0.1542 -0.8619 0.4831
vn 0.0655 -0.8401 0.5384
vn 0.1308 -0.8765 0.4632
vn 0.0676 -0.8291 0.5550
vn 0.2036 -0.9163 0.3450
vn 0.1308 0.8765 0.4632
vn 0.1542 0.8619 0.4831
vn 0.0655 0.8401 0.5384
vn 0.0676 0.8291 0.5550
vn 0.2036 0.9163 0.3450
vn 0.2681 0.8391 0.4733
vn -0.0338 0.8619 0.5060
vn -0.0158 0.8765 0.4811
vn -0.1467 0.8391 0.5238
vn -0.1149 0.9163 0.3838
vn -0.0338 -0.8619 0.5059
vn -0.0158 -0.8765 0.4811
vn -0.1149 -0.9163 0.3837
vn -0.1467 -0.8391 0.5238
vn -0.1190 -0.9776 -0.1734
vn -0.1597 -0.8803 -0.4467
vn -0.1911 -0.9689 -0.1574
vn -0.2305 -0.8753 -0.4251
vn -0.8968 -0.4421 -0.0142
vn -0.8327 -0.5533 -0.0212
vn -0.9171 -0.3791 -0.1230
vn -0.8483 -0.5056 -0.1575
vn -0.9481 -0.3179 0.0026
vn -0.9290 -0.3516 -0.1155
vn -0.9481 0.3179 0.0026
vn -0.8968 0.4421 -0.0142
vn -0.9171 0.3791 -0.1230
vn -0.9290 0.3516 -0.1155
vn -0.8327 0.5533 -0.0212
vn -0.8483 0.5056 -0.1575
vn -0.1800 0.9716 -0.1534
vn -0.1170 0.9788 -0.1681
vn -0.1596 0.8804 -0.4467
vn -0.2305 0.8753 -0.4251
vn -0.1542 0.8619 -0.4831
vn -0.2681 0.8391 -0.4733
vn -0.1308 0.8765 -0.4632
vn -0.2036 0.9163 -0.3450
vn -0.1542 -0.8619 -0.4831
vn -0.1308 -0.8765 -0.4632
vn -0.2681 -0.8391 -0.4733
vn -0.2036 -0.9163 -0.3450
vt 0.234600 0.761442
vt 0.230112 0.770794
vt 0.227563 0.745221
vt 0.234591 0.744430
vt 0.246690 0.744563
vt 0.245429 0.764714
vt 0.244266 0.778772
vt 0.262671 0.765285
vt 0.262718 0.779449
vt 0.262659 0.744450
vt 0.244091 0.781744
vt 0.230068 0.776925
vt 0.262725 0.782405
vt 0.243871 0.550288
vt 0.244069 0.553268
vt 0.229991 0.561409
vt 0.229886 0.555288
vt 0.262552 0.549599
vt 0.262548 0.552556
vt 0.245305 0.567426
vt 0.234513 0.570719
vt 0.262543 0.566719
vt 0.246619 0.587446
vt 0.234541 0.587632
vt 0.262518 0.587505
vt 0.246710 0.611631
vt 0.234161 0.611963
vt 0.262496 0.611439
vt 0.227616 0.586835
vt 0.226930 0.612269
vt 0.219581 0.585591
vt 0.218534 0.612635
vt 0.219338 0.746491
vt 0.218424 0.719174
vt 0.226846 0.719583
vt 0.234088 0.719884
vt 0.229787 0.694603
vt 0.236341 0.696129
vt 0.222140 0.692353
vt 0.235611 0.671677
vt 0.238334 0.680689
vt 0.236541 0.666079
vt 0.221890 0.639538
vt 0.229756 0.637308
vt 0.235594 0.660450
vt 0.236426 0.635836
vt 0.238346 0.651370
vt 0.248090 0.652827
vt 0.247749 0.634964
vt 0.262466 0.634564
vt 0.262426 0.652558
vt 0.277189 0.635018
vt 0.278282 0.611760
vt 0.276802 0.652839
vt 0.288523 0.635937
vt 0.290836 0.612206
vt 0.286523 0.651384
vt 0.295071 0.637473
vt 0.298073 0.612536
vt 0.289245 0.660394
vt 0.302705 0.639730
vt 0.306480 0.612980
vt 0.288316 0.665988
vt 0.295163 0.694736
vt 0.303011 0.692481
vt 0.306480 0.719326
vt 0.298101 0.719725
vt 0.289273 0.671612
vt 0.288503 0.696233
vt 0.290888 0.720061
vt 0.286540 0.680697
vt 0.276789 0.679257
vt 0.277166 0.697157
vt 0.278248 0.720453
vt 0.262380 0.697615
vt 0.262503 0.720575
vt 0.262439 0.679538
vt 0.247663 0.697020
vt 0.246754 0.720289
vt 0.248055 0.679237
vt 0.248612 0.668295
vt 0.262432 0.668326
vt 0.248882 0.666092
vt 0.262432 0.666043
vt 0.248610 0.663865
vt 0.262432 0.663760
vt 0.276251 0.663784
vt 0.275982 0.665987
vt 0.276256 0.668213
vt 0.278548 0.744555
vt 0.279904 0.764534
vt 0.290594 0.744333
vt 0.290673 0.761214
vt 0.297508 0.745106
vt 0.295217 0.770498
vt 0.305532 0.746321
vt 0.295341 0.776610
vt 0.305735 0.585703
vt 0.297512 0.586924
vt 0.295106 0.561362
vt 0.295183 0.555234
vt 0.290487 0.587673
vt 0.290572 0.570683
vt 0.278418 0.587467
vt 0.279769 0.567360
vt 0.280998 0.553314
vt 0.281187 0.550343
vt 0.281181 0.778674
vt 0.281389 0.781651
s 1
f 351/762/173 353/763/174 377/764/175 352/765/176
f 352/765/177 356/766/178 354/767/179 351/762/180
f 354/767/179 357/768/181 353/763/182 351/762/180
f 355/769/183 358/770/184 357/768/181 354/767/179
f 356/766/178 431/771/185 355/769/183 354/767/179
f 357/768/181 359/772/186 360/773/187 353/763/182
f 358/770/184 361/774/188 359/772/186 357/768/181
f 359/775/189 362/776/190 363/777/191 360/778/192
f 361/779/193 364/780/194 362/776/190 359/775/189
f 362/776/190 365/781/195 366/782/196 363/777/191
f 364/780/194 367/783/197 365/781/195 362/776/190
f 368/784/198 371/785/199 366/782/196 365/781/195
f 370/786/200 368/784/198 365/781/195 367/783/197
f 369/787/201 372/788/202 371/785/199 368/784/198
f 392/789/203 369/787/201 368/784/198 370/786/200
f 373/790/204 371/785/205 372/788/206 374/791/207
f 363/777/208 366/782/209 371/785/205 373/790/204
f 375/792/210 373/790/204 374/791/207 376/793/211
f 360/778/212 363/777/208 373/790/204 375/792/210
f 377/764/175 375/794/213 376/795/214 378/796/215
f 353/763/174 360/773/216 375/794/213 377/764/175
f 352/765/176 377/764/175 378/796/215 379/797/217
f 379/797/217 378/796/215 380/798/218 382/799/219
f 378/796/215 376/795/214 383/800/220 380/798/218
f 382/799/219 380/798/218 381/801/221 421/802/222
f 380/798/218 383/800/220 384/803/223 381/801/221
f 383/804/224 385/805/225 386/806/226 384/803/227
f 376/793/211 374/791/207 385/805/225 383/804/224
f 385/805/225 387/807/228 388/808/229 386/806/226
f 374/791/207 372/788/206 387/807/228 385/805/225
f 390/809/230 388/808/231 387/807/232 389/810/233
f 389/810/233 387/807/232 372/788/202 369/787/201
f 391/811/234 389/810/233 369/787/201 392/789/203
f 393/812/235 390/809/230 389/810/233 391/811/234
f 394/813/236 391/811/234 392/789/203 395/814/237
f 396/815/238 393/812/235 391/811/234 394/813/236
f 397/816/239 394/813/236 395/814/237 398/817/240
f 399/818/241 396/815/238 394/813/236 397/816/239
f 400/819/242 397/816/243 398/817/244 401/820/245
f 402/821/246 399/818/247 397/816/243 400/819/242
f 403/822/248 400/819/242 401/820/245 404/823/249
f 405/824/250 402/821/246 400/819/242 403/822/248
f 406/825/251 403/826/252 404/827/253 407/828/254
f 408/829/255 405/824/256 403/826/252 406/825/251
f 409/830/257 406/825/251 407/828/254 411/831/258
f 410/832/259 408/829/255 406/825/251 409/830/257
f 414/833/260 410/832/261 409/830/262 412/834/263
f 412/834/263 409/830/262 411/831/264 413/835/265
f 415/836/266 412/834/263 413/835/265 416/837/267
f 417/838/268 414/833/260 412/834/263 415/836/266
f 418/839/269 415/836/266 416/837/267 419/840/270
f 420/841/271 417/838/268 415/836/266 418/839/269
f 382/799/272 418/839/269 419/840/270 379/797/273
f 421/802/274 420/841/271 418/839/269 382/799/272
f 421/802/274 381/801/275 422/842/276 420/841/271
f 420/841/271 422/842/276 423/843/277 417/838/268
f 422/842/276 424/844/278 425/845/279 423/843/277
f 381/801/275 384/803/280 424/844/278 422/842/276
f 424/844/281 426/846/282 427/847/283 425/845/284
f 384/803/285 386/806/286 426/846/282 424/844/281
f 426/846/282 390/809/230 393/812/235 427/847/283
f 386/806/286 388/808/231 390/809/230 426/846/282
f 425/845/284 427/847/283 428/848/287 429/849/288
f 427/847/283 393/812/235 396/815/238 428/848/287
f 429/849/288 428/848/287 402/821/289 405/824/290
f 428/848/287 396/815/238 399/818/241 402/821/289
f 430/850/291 429/849/292 405/824/293 408/829/294
f 423/843/277 425/845/279 429/849/292 430/850/291
f 414/833/260 430/850/291 408/829/294 410/832/261
f 417/838/268 423/843/277 430/850/291 414/833/260
f 379/797/273 419/840/270 356/766/178 352/765/177
f 419/840/270 416/837/267 431/771/185 356/766/178
f 416/837/267 413/835/265 432/851/295 431/771/185
f 431/771/185 432/851/295 433/852/296 355/769/183
f 432/851/295 434/853/297 435/854/298 433/852/296
f 413/835/265 411/831/264 434/853/297 432/851/295
f 411/831/258 407/828/254 436/855/299 434/853/300
f 434/853/300 436/855/299 437/856/301 435/854/302
f 436/855/299 438/857/303 439/858/304 437/856/301
f 407/828/254 404/827/253 438/857/303 436/855/299
f 438/859/305 440/860/306 441/861/307 439/862/308
f 404/823/249 401/820/245 440/860/306 438/859/305
f 440/860/306 442/863/309 443/864/310 441/861/307
f 401/820/245 398/817/244 442/863/309 440/860/306
f 442/863/311 444/865/312 445/866/313 443/864/314
f 398/817/240 395/814/237 444/865/312 442/863/311
f 444/865/312 370/786/200 367/783/197 445/866/313
f 395/814/237 392/789/203 370/786/200 444/865/312
f 446/867/315 445/866/313 367/783/197 364/780/194
f 441/861/316 443/864/314 445/866/313 446/867/315
f 447/868/317 446/867/315 364/780/194 361/779/193
f 439/862/318 441/861/316 446/867/315 447/868/317
f 448/869/319 447/870/320 361/774/188 358/770/184
f 437/856/321 439/858/322 447/870/320 448/869/319
f 433/852/296 448/869/319 358/770/184 355/769/183
f 435/854/298 437/856/321 448/869/319 433/852/296
o Sandbags.002
v -0.258387 0.645791 -0.567456
v -0.249666 0.594704 -0.485144
v -0.249797 0.688761 -0.593509
v -0.319410 0.649463 -0.576478
v -0.410205 0.654017 -0.572415
v -0.318384 0.587940 -0.484594
v -0.319087 0.701308 -0.627376
v -0.409883 0.705862 -0.623313
v -0.318984 0.712048 -0.637108
v -0.250209 0.703443 -0.619175
v -0.409779 0.716602 -0.633045
v -0.318127 0.717020 -0.623521
v -0.248837 0.704472 -0.589653
v -0.408922 0.721574 -0.619457
v -0.313924 0.739190 -0.554459
v -0.253162 0.731245 -0.546486
v -0.404719 0.743744 -0.550396
v -0.308426 0.750812 -0.444626
v -0.303721 0.723374 -0.308717
v -0.398689 0.764070 -0.438427
v -0.240952 0.737217 -0.450171
v -0.236603 0.703950 -0.315693
v -0.220121 0.705540 -0.458681
v -0.215772 0.672273 -0.324203
v -0.210346 0.664207 -0.469222
v -0.205997 0.630940 -0.334744
v -0.225100 0.624104 -0.478665
v -0.220751 0.590837 -0.344187
v -0.245316 0.561437 -0.350666
v -0.216401 0.557570 -0.209709
v -0.233083 0.560915 -0.076705
v -0.240967 0.528170 -0.216187
v -0.201648 0.597673 -0.200266
v -0.231710 0.561945 -0.047184
v -0.211422 0.639006 -0.189725
v -0.232122 0.576627 -0.072849
v -0.232254 0.670683 -0.181215
v -0.238665 0.620356 -0.098225
v -0.299728 0.684278 -0.175669
v -0.298702 0.622756 -0.083786
v -0.389991 0.697536 -0.169470
v -0.394872 0.722099 -0.306084
v -0.389497 0.627310 -0.079723
v -0.481318 0.693387 -0.167543
v -0.485311 0.732482 -0.300591
v -0.480292 0.631864 -0.075660
v -0.550037 0.686623 -0.166994
v -0.554386 0.719890 -0.301472
v -0.541315 0.635536 -0.084682
v -0.574603 0.657223 -0.173472
v -0.578952 0.690490 -0.307950
v -0.549905 0.592566 -0.058629
v -0.589356 0.617120 -0.182916
v -0.593705 0.650387 -0.317394
v -0.549493 0.577884 -0.032963
v -0.579582 0.575787 -0.193457
v -0.583931 0.609054 -0.327935
v -0.550866 0.576854 -0.062484
v -0.558750 0.544110 -0.201967
v -0.546540 0.550081 -0.105652
v -0.563099 0.577377 -0.336445
v -0.491276 0.530515 -0.207512
v -0.496161 0.555017 -0.344141
v -0.485778 0.542137 -0.097679
v -0.401017 0.517196 -0.213726
v -0.404830 0.559227 -0.346053
v -0.394983 0.537583 -0.101742
v -0.309686 0.521406 -0.215638
v -0.314571 0.545909 -0.352267
v -0.304188 0.533028 -0.105805
v -0.243890 0.534901 -0.119196
v -0.299986 0.555198 -0.036743
v -0.390781 0.559753 -0.032680
v -0.299128 0.560170 -0.023156
v -0.389923 0.564724 -0.019093
v -0.299025 0.570910 -0.032888
v -0.389820 0.575464 -0.028824
v -0.480615 0.580019 -0.024761
v -0.480718 0.569278 -0.015030
v -0.481576 0.564307 -0.028617
v -0.409715 0.583730 -0.482682
v -0.499975 0.597048 -0.476468
v -0.501001 0.658571 -0.568352
v -0.567449 0.610644 -0.470923
v -0.561038 0.660971 -0.553913
v -0.588280 0.642321 -0.462413
v -0.567580 0.704700 -0.579288
v -0.598055 0.683654 -0.451872
v -0.567992 0.719382 -0.604954
v -0.583301 0.723757 -0.442429
v -0.566620 0.720412 -0.575433
v -0.558735 0.753157 -0.435950
v -0.555813 0.746426 -0.532942
v -0.490017 0.759920 -0.436499
v -0.495515 0.748298 -0.546333
v -0.499717 0.726128 -0.615394
v -0.500574 0.721157 -0.628982
v -0.500678 0.710416 -0.619250
vn 0.1073 -0.9048 -0.4121
vn 0.0331 -0.9079 -0.4179
vn 0.0376 -0.7476 -0.6631
vn 0.1111 -0.7495 -0.6526
vn 0.7831 -0.4692 -0.4082
vn 0.8638 -0.3564 -0.3562
vn 0.8565 -0.4437 -0.2637
vn 0.7855 -0.5485 -0.2865
vn 0.0278 -0.7208 -0.6926
vn 0.1429 -0.7035 -0.6962
vn -0.0641 -0.9064 -0.4175
vn -0.0671 -0.7559 -0.6513
vn -0.0668 -0.6843 -0.7261
vn 0.0068 -0.7393 -0.6733
vn 0.0943 -0.8082 -0.5813
vn -0.0667 -0.6696 -0.7397
vn 0.1107 0.9602 -0.2563
vn 0.1300 0.9504 -0.2825
vn 0.2424 0.9236 -0.2969
vn 0.2029 0.9684 -0.1453
vn 0.0316 0.9380 -0.3452
vn 0.0328 0.9447 -0.3263
vn 0.1419 0.9593 -0.2441
vn 0.2148 0.9477 -0.2362
vn 0.0387 0.9732 -0.2268
vn 0.1479 0.9876 0.0529
vn 0.2120 0.9757 0.0552
vn 0.0525 0.9971 0.0551
vn 0.0593 0.9695 0.2379
vn 0.1641 0.9588 0.2319
vn 0.2518 0.9413 0.2247
vn 0.9089 0.4136 -0.0533
vn 0.8511 0.5244 -0.0232
vn 0.8436 0.5270 0.1031
vn 0.9222 0.3812 0.0645
vn 0.9087 0.3786 -0.1758
vn 0.8430 0.5111 -0.1676
vn 0.9547 0.2880 -0.0751
vn 0.9742 0.2243 0.0240
vn 0.9199 0.3499 -0.1770
vn 0.9170 -0.3284 -0.2263
vn 0.9409 -0.3203 -0.1097
vn 0.8701 -0.4711 -0.1447
vn 0.8782 -0.3319 -0.3443
vn 0.7741 -0.6082 -0.1755
vn 0.8642 -0.5025 -0.0260
vn 0.7932 -0.6069 -0.0504
vn 0.9240 -0.3822 -0.0090
vn 0.8925 -0.4408 0.0959
vn 0.8784 -0.4683 0.0958
vn 0.7994 -0.5934 0.0941
vn 0.9617 0.2342 0.1423
vn 0.9166 0.3548 0.1844
vn 0.9233 0.2668 0.2762
vn 0.9342 0.2410 0.2632
vn 0.8588 0.4660 0.2129
vn 0.8593 0.3868 0.3347
vn 0.1709 0.7372 0.6537
vn 0.2431 0.7317 0.6368
vn 0.2229 0.8922 0.3928
vn 0.1593 0.9007 0.4043
vn 0.0640 0.9087 0.4125
vn 0.0671 0.7560 0.6512
vn -0.0319 0.9103 0.4128
vn -0.0462 0.9694 0.2413
vn -0.0375 0.7477 0.6630
vn -0.0968 0.9082 0.4071
vn -0.1355 0.9607 0.2421
vn -0.1111 0.7495 0.6526
vn -0.8565 0.4437 0.2637
vn -0.7855 0.5485 0.2865
vn -0.7741 0.6082 0.1755
vn -0.8701 0.4711 0.1447
vn -0.8638 0.3564 0.3562
vn -0.7831 0.4692 0.4082
vn -0.9170 0.3284 0.2263
vn -0.9409 0.3203 0.1097
vn -0.8782 0.3319 0.3443
vn -0.9089 -0.4136 0.0533
vn -0.9547 -0.2880 0.0751
vn -0.9742 -0.2243 -0.0240
vn -0.9223 -0.3812 -0.0645
vn -0.9087 -0.3786 0.1758
vn -0.9199 -0.3499 0.1770
vn -0.8511 -0.5244 0.0232
vn -0.8436 -0.5270 -0.1031
vn -0.8430 -0.5111 0.1676
vn -0.1419 -0.9593 0.2442
vn -0.2148 -0.9477 0.2362
vn -0.2221 -0.9738 -0.0489
vn -0.1490 -0.9877 -0.0473
vn -0.2723 -0.9361 -0.2228
vn -0.1664 -0.9585 -0.2317
vn -0.0522 -0.9974 -0.0496
vn -0.0593 -0.9695 -0.2379
vn -0.0387 -0.9731 0.2270
vn 0.0448 -0.9974 -0.0559
vn 0.0485 -0.9692 -0.2413
vn 0.0666 -0.9697 0.2349
vn 0.1185 -0.9909 -0.0641
vn 0.1566 -0.9576 -0.2419
vn 0.1393 -0.9654 0.2203
vn 0.1745 -0.9445 0.2783
vn 0.0591 -0.9599 0.2741
vn -0.0328 -0.9447 0.3263
vn 0.0366 -0.9676 0.2497
vn -0.0316 -0.9380 0.3452
vn 0.1173 -0.9844 0.1310
vn 0.1406 0.7319 0.6667
vn 0.1612 0.7113 0.6842
vn 0.0668 0.6843 0.7261
vn 0.0667 0.6696 0.7397
vn 0.2259 0.7922 0.5670
vn 0.2739 0.6825 0.6776
vn -0.0278 0.7208 0.6926
vn -0.0068 0.7393 0.6733
vn -0.1429 0.7035 0.6962
vn -0.0943 0.8082 0.5813
vn -0.1300 -0.9504 0.2825
vn -0.1107 -0.9602 0.2563
vn -0.2029 -0.9684 0.1453
vn -0.2424 -0.9236 0.2969
vn -0.1607 -0.8982 -0.4092
vn -0.1710 -0.7371 -0.6537
vn -0.2334 -0.8877 -0.3969
vn -0.2431 -0.7317 -0.6368
vn -0.9166 -0.3548 -0.1844
vn -0.8588 -0.4660 -0.2129
vn -0.9233 -0.2668 -0.2762
vn -0.8593 -0.3868 -0.3347
vn -0.9617 -0.2342 -0.1423
vn -0.9342 -0.2410 -0.2632
vn -0.9240 0.3822 0.0090
vn -0.8642 0.5025 0.0260
vn -0.8784 0.4683 -0.0958
vn -0.8925 0.4408 -0.0959
vn -0.7932 0.6069 0.0504
vn -0.7994 0.5934 -0.0941
vn -0.1077 0.9918 0.0695
vn -0.0433 0.9972 0.0615
vn -0.0665 0.9698 -0.2348
vn -0.1393 0.9654 -0.2203
vn -0.0591 0.9599 -0.2741
vn -0.1745 0.9445 -0.2783
vn -0.0366 0.9676 -0.2497
vn -0.1173 0.9844 -0.1310
vn -0.1612 -0.7113 -0.6842
vn -0.1406 -0.7319 -0.6667
vn -0.2739 -0.6825 -0.6776
vn -0.2259 -0.7922 -0.5670
vt 0.599551 0.812139
vt 0.600473 0.823451
vt 0.582613 0.823828
vt 0.584049 0.814098
vt 0.574984 0.811371
vt 0.598057 0.805494
vt 0.571593 0.824360
vt 0.600930 0.838205
vt 0.582893 0.838146
vt 0.571705 0.838153
vt 0.569371 0.824633
vt 0.569373 0.812326
vt 0.569428 0.838153
vt 0.567173 0.824365
vt 0.563791 0.811399
vt 0.567150 0.838153
vt 0.556252 0.823815
vt 0.554800 0.814115
vt 0.555972 0.838159
vt 0.538471 0.823429
vt 0.539388 0.812119
vt 0.538018 0.838119
vt 0.514944 0.838088
vt 0.515264 0.822338
vt 0.515709 0.809811
vt 0.540920 0.805586
vt 0.516039 0.802590
vt 0.543173 0.797969
vt 0.516482 0.794201
vt 0.595807 0.797663
vt 0.622593 0.794201
vt 0.622992 0.802562
vt 0.623326 0.809759
vt 0.648316 0.803154
vt 0.647545 0.810053
vt 0.649528 0.795147
vt 0.679751 0.805315
vt 0.673653 0.805440
vt 0.664390 0.809973
vt 0.489265 0.794945
vt 0.490484 0.803149
vt 0.464977 0.805549
vt 0.458864 0.805471
vt 0.491230 0.810158
vt 0.474278 0.810073
vt 0.470962 0.820852
vt 0.491025 0.822201
vt 0.491063 0.838066
vt 0.470322 0.838040
vt 0.491003 0.853930
vt 0.515135 0.853840
vt 0.471027 0.855240
vt 0.491188 0.865981
vt 0.515466 0.866362
vt 0.474313 0.866009
vt 0.490393 0.872892
vt 0.515770 0.873576
vt 0.465023 0.870520
vt 0.489151 0.880908
vt 0.516136 0.881954
vt 0.458916 0.870625
vt 0.648432 0.872945
vt 0.649699 0.881152
vt 0.622442 0.882064
vt 0.622850 0.873661
vt 0.673949 0.870402
vt 0.680066 0.870445
vt 0.647642 0.865932
vt 0.623151 0.866435
vt 0.664617 0.865923
vt 0.667882 0.855118
vt 0.647775 0.853860
vt 0.623555 0.853797
vt 0.647662 0.837926
vt 0.623839 0.838082
vt 0.668452 0.837914
vt 0.647767 0.822072
vt 0.623717 0.822371
vt 0.667702 0.820719
vt 0.681811 0.819444
vt 0.682585 0.837867
vt 0.684781 0.819237
vt 0.685534 0.837860
vt 0.453983 0.819437
vt 0.456947 0.819626
vt 0.456190 0.838035
vt 0.453240 0.838031
vt 0.456900 0.856473
vt 0.453927 0.856670
vt 0.681909 0.856278
vt 0.684874 0.856453
vt 0.600336 0.852890
vt 0.582593 0.852498
vt 0.599447 0.864187
vt 0.584041 0.862198
vt 0.597925 0.870726
vt 0.575049 0.864915
vt 0.595680 0.878356
vt 0.569463 0.863987
vt 0.542980 0.878605
vt 0.540755 0.870757
vt 0.563847 0.864932
vt 0.539286 0.864102
vt 0.554787 0.862186
vt 0.538417 0.852803
vt 0.556241 0.852464
vt 0.567254 0.851944
vt 0.569476 0.851673
vt 0.571674 0.851943
s 1
f 450/871/323 454/872/324 452/873/325 449/874/326
f 449/874/327 451/875/328 475/876/329 450/871/330
f 452/873/325 455/877/331 451/875/332 449/874/326
f 454/872/324 529/878/333 453/879/334 452/873/325
f 453/879/334 456/880/335 455/877/331 452/873/325
f 455/877/331 457/881/336 458/882/337 451/875/332
f 456/880/335 459/883/338 457/881/336 455/877/331
f 457/881/339 460/884/340 461/885/341 458/882/342
f 459/883/343 462/886/344 460/884/340 457/881/339
f 460/884/340 463/887/345 464/888/346 461/885/341
f 462/886/344 465/889/347 463/887/345 460/884/340
f 466/890/348 469/891/349 464/888/346 463/887/345
f 468/892/350 466/890/348 463/887/345 465/889/347
f 490/893/351 467/894/352 466/890/348 468/892/350
f 467/894/352 470/895/353 469/891/349 466/890/348
f 471/896/354 469/891/355 470/895/356 472/897/357
f 461/885/358 464/888/359 469/891/355 471/896/354
f 473/898/360 471/896/354 472/897/357 474/899/361
f 458/882/362 461/885/358 471/896/354 473/898/360
f 475/876/329 473/900/363 474/901/364 476/902/365
f 451/875/328 458/882/366 473/900/363 475/876/329
f 450/871/330 475/876/329 476/902/365 477/903/367
f 477/903/367 476/902/365 478/904/368 480/905/369
f 476/902/365 474/901/364 481/906/370 478/904/368
f 478/904/368 481/906/370 482/907/371 479/908/372
f 480/905/369 478/904/368 479/908/372 519/909/373
f 481/910/374 483/911/375 484/912/376 482/913/377
f 474/899/361 472/897/357 483/911/375 481/910/374
f 483/911/375 485/914/378 486/915/379 484/912/376
f 472/897/357 470/895/356 485/914/378 483/911/375
f 488/916/380 486/915/381 485/914/382 487/917/383
f 487/917/383 485/914/382 470/895/353 467/894/352
f 489/918/384 487/917/383 467/894/352 490/893/351
f 491/919/385 488/916/380 487/917/383 489/918/384
f 492/920/386 489/918/384 490/893/351 493/921/387
f 494/922/388 491/919/385 489/918/384 492/920/386
f 495/923/389 492/920/386 493/921/387 496/924/390
f 497/925/391 494/922/388 492/920/386 495/923/389
f 498/926/392 495/923/393 496/924/394 499/927/395
f 500/928/396 497/925/397 495/923/393 498/926/392
f 501/929/398 498/926/392 499/927/395 502/930/399
f 503/931/400 500/928/396 498/926/392 501/929/398
f 504/932/401 501/933/402 502/934/403 505/935/404
f 506/936/405 503/937/406 501/933/402 504/932/401
f 507/938/407 504/932/401 505/935/404 509/939/408
f 508/940/409 506/936/405 504/932/401 507/938/407
f 512/941/410 508/940/411 507/938/412 510/942/413
f 510/942/413 507/938/412 509/939/414 511/943/415
f 513/944/416 510/942/413 511/943/415 514/945/417
f 515/946/418 512/941/410 510/942/413 513/944/416
f 516/947/419 513/944/416 514/945/417 517/948/420
f 518/949/421 515/946/418 513/944/416 516/947/419
f 480/905/422 516/947/419 517/948/420 477/903/423
f 519/909/424 518/949/421 516/947/419 480/905/422
f 519/909/424 479/908/425 520/950/426 518/949/421
f 518/949/421 520/950/426 521/951/427 515/946/418
f 520/950/426 522/952/428 523/953/429 521/951/427
f 479/908/425 482/907/430 522/952/428 520/950/426
f 522/954/431 524/955/432 525/956/433 523/957/434
f 482/913/435 484/912/436 524/955/432 522/954/431
f 524/955/432 488/916/380 491/919/385 525/956/433
f 484/912/436 486/915/381 488/916/380 524/955/432
f 523/957/434 525/956/433 526/958/437 527/959/438
f 525/956/433 491/919/385 494/922/388 526/958/437
f 526/958/437 494/922/388 497/925/391 500/928/439
f 527/959/438 526/958/437 500/928/439 503/931/440
f 528/960/441 527/961/442 503/937/443 506/936/444
f 521/951/427 523/953/429 527/961/442 528/960/441
f 512/941/410 528/960/441 506/936/444 508/940/411
f 515/946/418 521/951/427 528/960/441 512/941/410
f 477/903/423 517/948/420 454/872/324 450/871/323
f 517/948/420 514/945/417 529/878/333 454/872/324
f 514/945/417 511/943/415 530/962/445 529/878/333
f 529/878/333 530/962/445 531/963/446 453/879/334
f 530/962/445 532/964/447 533/965/448 531/963/446
f 511/943/415 509/939/414 532/964/447 530/962/445
f 509/939/408 505/935/404 534/966/449 532/964/450
f 532/964/450 534/966/449 535/967/451 533/965/452
f 534/966/449 536/968/453 537/969/454 535/967/451
f 505/935/404 502/934/403 536/968/453 534/966/449
f 536/970/455 538/971/456 539/972/457 537/969/458
f 502/930/399 499/927/395 538/971/456 536/970/455
f 538/971/456 540/973/459 541/974/460 539/972/457
f 499/927/395 496/924/394 540/973/459 538/971/456
f 540/973/461 542/975/462 543/976/463 541/974/464
f 496/924/390 493/921/387 542/975/462 540/973/461
f 542/975/462 468/892/350 465/889/347 543/976/463
f 493/921/387 490/893/351 468/892/350 542/975/462
f 544/977/465 543/976/463 465/889/347 462/886/344
f 539/972/466 541/974/464 543/976/463 544/977/465
f 545/978/467 544/977/465 462/886/344 459/883/343
f 537/969/468 539/972/466 544/977/465 545/978/467
f 546/979/469 545/978/470 459/883/338 456/880/335
f 535/967/471 537/969/472 545/978/470 546/979/469
f 531/963/446 546/979/469 456/880/335 453/879/334
f 533/965/448 535/967/471 546/979/469 531/963/446
o Sandbags.003
v 0.178746 0.550342 -0.539068
v 0.178562 0.526392 -0.444793
v 0.188387 0.584579 -0.575589
v 0.119558 0.545075 -0.556033
v 0.029022 0.541429 -0.564456
v 0.111024 0.513183 -0.450493
v 0.124087 0.579743 -0.619722
v 0.033551 0.576097 -0.628145
v 0.124944 0.587163 -0.632143
v 0.190799 0.591092 -0.604333
v 0.034408 0.583517 -0.640565
v 0.123525 0.595911 -0.620675
v 0.187824 0.600748 -0.576541
v 0.032989 0.592266 -0.629097
v 0.116347 0.637411 -0.561473
v 0.175687 0.638281 -0.544248
v 0.025811 0.633766 -0.569895
v 0.105194 0.680791 -0.460366
v 0.091861 0.694447 -0.322955
v 0.014347 0.686102 -0.469316
v 0.173460 0.673049 -0.453432
v 0.160336 0.680708 -0.315668
v 0.197188 0.642534 -0.449475
v 0.184063 0.650193 -0.311711
v 0.210874 0.601125 -0.445870
v 0.197750 0.608783 -0.308105
v 0.200103 0.558730 -0.444539
v 0.186978 0.566389 -0.306774
v 0.165437 0.534051 -0.307029
v 0.173854 0.574048 -0.169010
v 0.137949 0.614011 -0.046155
v 0.152313 0.541710 -0.169264
v 0.184625 0.616442 -0.170341
v 0.134975 0.623667 -0.018364
v 0.170939 0.657852 -0.173946
v 0.137387 0.630180 -0.047108
v 0.147212 0.688367 -0.177903
v 0.131938 0.663810 -0.085033
v 0.078945 0.696108 -0.184837
v 0.070411 0.664217 -0.079297
v -0.011902 0.701419 -0.193787
v 0.001534 0.684804 -0.331024
v -0.020125 0.660571 -0.087719
v -0.102127 0.688818 -0.201682
v -0.089211 0.687157 -0.339800
v -0.110661 0.656926 -0.096142
v -0.169665 0.675608 -0.207382
v -0.156540 0.667949 -0.345147
v -0.169848 0.651659 -0.113108
v -0.191205 0.643270 -0.207636
v -0.178081 0.635611 -0.345401
v -0.179490 0.617421 -0.076586
v -0.201977 0.600876 -0.206306
v -0.188852 0.593217 -0.344070
v -0.181901 0.610909 -0.047842
v -0.188290 0.559466 -0.202700
v -0.175166 0.551807 -0.340464
v -0.178927 0.601253 -0.075634
v -0.164563 0.528951 -0.198743
v -0.166789 0.563719 -0.107928
v -0.151439 0.521292 -0.336507
v -0.096297 0.521209 -0.191809
v -0.082859 0.504532 -0.329042
v -0.107449 0.564589 -0.090703
v -0.005447 0.515836 -0.182855
v 0.007364 0.517196 -0.321151
v -0.016913 0.568235 -0.082280
v 0.084775 0.528500 -0.174964
v 0.098213 0.511822 -0.312197
v 0.073623 0.571880 -0.073858
v 0.134997 0.575870 -0.079853
v 0.066444 0.613380 -0.014655
v -0.024092 0.609734 -0.023078
v 0.065025 0.622128 -0.003187
v -0.025511 0.618483 -0.011610
v 0.065882 0.629548 -0.015608
v -0.024654 0.625903 -0.024030
v -0.115190 0.622258 -0.032453
v -0.116047 0.614837 -0.020032
v -0.114628 0.606089 -0.031500
v 0.020802 0.500518 -0.458384
v -0.070048 0.505892 -0.467338
v -0.061514 0.537784 -0.572878
v -0.138314 0.513633 -0.474272
v -0.123041 0.538190 -0.567143
v -0.162041 0.544149 -0.478229
v -0.128489 0.571820 -0.605068
v -0.175728 0.585558 -0.481835
v -0.126077 0.578333 -0.633812
v -0.164957 0.627953 -0.483165
v -0.129052 0.587989 -0.606020
v -0.143416 0.660291 -0.482911
v -0.126100 0.626130 -0.572323
v -0.075878 0.673500 -0.477211
v -0.064725 0.630120 -0.578318
v -0.057547 0.588620 -0.637520
v -0.056128 0.579872 -0.648988
v -0.056985 0.572452 -0.636567
vn 0.2205 -0.9697 -0.1055
vn 0.1483 -0.9818 -0.1190
vn 0.1783 -0.8996 -0.3985
vn 0.2496 -0.8910 -0.3793
vn 0.8609 -0.4857 -0.1514
vn 0.9262 -0.3552 -0.1264
vn 0.9109 -0.4123 -0.0136
vn 0.8505 -0.5258 -0.0122
vn 0.1713 -0.8836 -0.4357
vn 0.2845 -0.8566 -0.4305
vn 0.0520 -0.9901 -0.1307
vn 0.0738 -0.9147 -0.3974
vn 0.0805 -0.8682 -0.4897
vn 0.1489 -0.8978 -0.4144
vn 0.2262 -0.9280 -0.2961
vn 0.0817 -0.8581 -0.5070
vn 0.0881 0.8512 -0.5175
vn 0.1115 0.8362 -0.5370
vn 0.2263 0.8178 -0.5291
vn 0.1626 0.9003 -0.4038
vn 0.0242 0.7963 -0.6044
vn 0.0222 0.8082 -0.5885
vn 0.1172 0.8569 -0.5020
vn 0.1888 0.8555 -0.4822
vn 0.0119 0.8647 -0.5021
vn 0.0785 0.9703 -0.2286
vn 0.1421 0.9662 -0.2152
vn -0.0167 0.9704 -0.2408
vn -0.0347 0.9977 -0.0588
vn 0.0704 0.9963 -0.0487
vn 0.1591 0.9865 -0.0397
vn 0.8803 0.4699 -0.0655
vn 0.8121 0.5783 -0.0772
vn 0.7862 0.6166 0.0406
vn 0.8784 0.4745 0.0573
vn 0.8999 0.4012 -0.1709
vn 0.8258 0.5230 -0.2108
vn 0.9363 0.3487 -0.0429
vn 0.9451 0.3187 0.0723
vn 0.9129 0.3746 -0.1621
vn 0.9583 -0.2856 -0.0055
vn 0.9646 -0.2418 0.1053
vn 0.9089 -0.4025 0.1090
vn 0.9373 -0.3269 -0.1208
vn 0.8269 -0.5517 0.1094
vn 0.8877 -0.3988 0.2300
vn 0.8275 -0.5123 0.2298
vn 0.9371 -0.2732 0.2172
vn 0.8943 -0.3019 0.3302
vn 0.8821 -0.3295 0.3367
vn 0.8119 -0.4571 0.3632
vn 0.9151 0.3611 0.1798
vn 0.8571 0.4835 0.1780
vn 0.8558 0.4270 0.2921
vn 0.8699 0.3997 0.2889
vn 0.7891 0.5918 0.1647
vn 0.7768 0.5516 0.3038
vn 0.0295 0.9080 0.4178
vn 0.1036 0.9052 0.4121
vn 0.1092 0.9854 0.1307
vn 0.0442 0.9904 0.1313
vn -0.0515 0.9908 0.1253
vn -0.0738 0.9147 0.3973
vn -0.1464 0.9827 0.1136
vn -0.1394 0.9879 -0.0682
vn -0.1783 0.8997 0.3985
vn -0.2096 0.9726 0.1010
vn -0.2272 0.9709 -0.0756
vn -0.2496 0.8910 0.3793
vn -0.9109 0.4123 0.0136
vn -0.8505 0.5258 0.0122
vn -0.8269 0.5517 -0.1094
vn -0.9089 0.4025 -0.1090
vn -0.9262 0.3552 0.1264
vn -0.8609 0.4857 0.1514
vn -0.9583 0.2856 0.0055
vn -0.9646 0.2418 -0.1053
vn -0.9373 0.3269 0.1208
vn -0.8803 -0.4699 0.0655
vn -0.9363 -0.3487 0.0429
vn -0.9451 -0.3187 -0.0723
vn -0.8784 -0.4745 -0.0573
vn -0.8999 -0.4012 0.1709
vn -0.9129 -0.3746 0.1621
vn -0.8121 -0.5783 0.0772
vn -0.7862 -0.6166 -0.0406
vn -0.8258 -0.5230 0.2108
vn -0.1172 -0.8569 0.5020
vn -0.1888 -0.8555 0.4822
vn -0.1532 -0.9635 0.2194
vn -0.0804 -0.9689 0.2339
vn -0.1799 -0.9830 0.0375
vn -0.0726 -0.9962 0.0485
vn 0.0161 -0.9691 0.2461
vn 0.0347 -0.9977 0.0588
vn -0.0119 -0.8646 0.5022
vn 0.1129 -0.9612 0.2519
vn 0.1416 -0.9876 0.0684
vn 0.0907 -0.8485 0.5214
vn 0.1865 -0.9499 0.2510
vn 0.2477 -0.9657 0.0773
vn 0.1644 -0.8413 0.5150
vn 0.1894 -0.8011 0.5678
vn 0.0770 -0.8286 0.5546
vn -0.0222 -0.8082 0.5885
vn 0.0588 -0.8452 0.5311
vn -0.0242 -0.7963 0.6045
vn 0.1567 -0.8874 0.4335
vn -0.0020 0.9037 0.4281
vn 0.0172 0.8912 0.4533
vn -0.0805 0.8682 0.4897
vn -0.0817 0.8581 0.5070
vn 0.0931 0.9408 0.3258
vn 0.1312 0.8733 0.4692
vn -0.1713 0.8836 0.4357
vn -0.1489 0.8978 0.4144
vn -0.2845 0.8566 0.4305
vn -0.2262 0.9280 0.2961
vn -0.1115 -0.8362 0.5370
vn -0.0881 -0.8512 0.5175
vn -0.1626 -0.9003 0.4038
vn -0.2263 -0.8178 0.5291
vn -0.0451 -0.9896 -0.1370
vn -0.0296 -0.9080 -0.4179
vn -0.1192 -0.9834 -0.1371
vn -0.1036 -0.9052 -0.4121
vn -0.8571 -0.4835 -0.1780
vn -0.7891 -0.5918 -0.1647
vn -0.8558 -0.4270 -0.2921
vn -0.7768 -0.5516 -0.3038
vn -0.9151 -0.3610 -0.1798
vn -0.8699 -0.3997 -0.2889
vn -0.9371 0.2732 -0.2172
vn -0.8877 0.3988 -0.2300
vn -0.8821 0.3295 -0.3367
vn -0.8943 0.3019 -0.3302
vn -0.8275 0.5123 -0.2298
vn -0.8119 0.4571 -0.3632
vn -0.1766 0.9533 -0.2449
vn -0.1121 0.9627 -0.2464
vn -0.0906 0.8485 -0.5213
vn -0.1644 0.8413 -0.5150
vn -0.0770 0.8286 -0.5546
vn -0.1894 0.8011 -0.5678
vn -0.0588 0.8452 -0.5311
vn -0.1567 0.8874 -0.4335
vn -0.0172 -0.8912 -0.4533
vn 0.0020 -0.9037 -0.4281
vn -0.1312 -0.8733 -0.4692
vn -0.0931 -0.9408 -0.3258
vt 0.352266 0.818103
vt 0.353188 0.829415
vt 0.335328 0.829792
vt 0.336764 0.820062
vt 0.327699 0.817335
vt 0.350772 0.811458
vt 0.324308 0.830324
vt 0.353645 0.844169
vt 0.335608 0.844111
vt 0.324421 0.844117
vt 0.322087 0.830597
vt 0.322088 0.818290
vt 0.322143 0.844117
vt 0.319889 0.830329
vt 0.316506 0.817363
vt 0.319865 0.844117
vt 0.308968 0.829779
vt 0.307516 0.820080
vt 0.308687 0.844123
vt 0.291187 0.829393
vt 0.292103 0.818084
vt 0.290733 0.844083
vt 0.267659 0.844052
vt 0.267979 0.828302
vt 0.268424 0.815775
vt 0.293636 0.811550
vt 0.268755 0.808554
vt 0.295888 0.803933
vt 0.269197 0.800165
vt 0.348522 0.803627
vt 0.375308 0.800165
vt 0.375707 0.808526
vt 0.376041 0.815724
vt 0.401031 0.809118
vt 0.400261 0.816017
vt 0.402244 0.801111
vt 0.432467 0.811279
vt 0.426368 0.811404
vt 0.417105 0.815937
vt 0.241981 0.800909
vt 0.243199 0.809113
vt 0.217693 0.811513
vt 0.211579 0.811436
vt 0.243946 0.816122
vt 0.226993 0.816037
vt 0.223677 0.826816
vt 0.243740 0.828165
vt 0.243778 0.844030
vt 0.223037 0.844004
vt 0.243719 0.859894
vt 0.267850 0.859804
vt 0.223743 0.861205
vt 0.243904 0.871945
vt 0.268181 0.872326
vt 0.227028 0.871973
vt 0.243108 0.878856
vt 0.268486 0.879540
vt 0.217738 0.876485
vt 0.241866 0.886873
vt 0.268851 0.887918
vt 0.211631 0.876589
vt 0.401147 0.878909
vt 0.402415 0.887116
vt 0.375157 0.888028
vt 0.375565 0.879625
vt 0.426664 0.876366
vt 0.432781 0.876409
vt 0.400358 0.871896
vt 0.375866 0.872399
vt 0.417333 0.871887
vt 0.420597 0.861082
vt 0.400490 0.859824
vt 0.376270 0.859761
vt 0.400378 0.843890
vt 0.376555 0.844046
vt 0.421167 0.843878
vt 0.400482 0.828036
vt 0.376433 0.828336
vt 0.420417 0.826683
vt 0.434527 0.825409
vt 0.435300 0.843831
vt 0.437496 0.825202
vt 0.438249 0.843824
vt 0.206698 0.825401
vt 0.209662 0.825590
vt 0.208905 0.843999
vt 0.205955 0.843995
vt 0.209615 0.862437
vt 0.206642 0.862635
vt 0.434624 0.862243
vt 0.437589 0.862417
vt 0.353051 0.858854
vt 0.335308 0.858462
vt 0.352163 0.870151
vt 0.336756 0.868162
vt 0.350640 0.876690
vt 0.327764 0.870879
vt 0.348395 0.884320
vt 0.322179 0.869951
vt 0.295696 0.884570
vt 0.293470 0.876721
vt 0.316562 0.870896
vt 0.292001 0.870066
vt 0.307502 0.868150
vt 0.291132 0.858768
vt 0.308956 0.858428
vt 0.319969 0.857908
vt 0.322191 0.857637
vt 0.324390 0.857907
s 1
f 548/980/473 552/981/474 550/982/475 547/983/476
f 547/983/477 549/984/478 573/985/479 548/980/480
f 550/982/475 553/986/481 549/984/482 547/983/476
f 552/981/474 627/987/483 551/988/484 550/982/475
f 551/988/484 554/989/485 553/986/481 550/982/475
f 553/986/481 555/990/486 556/991/487 549/984/482
f 554/989/485 557/992/488 555/990/486 553/986/481
f 555/990/489 558/993/490 559/994/491 556/991/492
f 557/992/493 560/995/494 558/993/490 555/990/489
f 558/993/490 561/996/495 562/997/496 559/994/491
f 560/995/494 563/998/497 561/996/495 558/993/490
f 564/999/498 567/1000/499 562/997/496 561/996/495
f 566/1001/500 564/999/498 561/996/495 563/998/497
f 588/1002/501 565/1003/502 564/999/498 566/1001/500
f 565/1003/502 568/1004/503 567/1000/499 564/999/498
f 569/1005/504 567/1000/505 568/1004/506 570/1006/507
f 559/994/508 562/997/509 567/1000/505 569/1005/504
f 571/1007/510 569/1005/504 570/1006/507 572/1008/511
f 556/991/512 559/994/508 569/1005/504 571/1007/510
f 573/985/479 571/1009/513 572/1010/514 574/1011/515
f 549/984/478 556/991/516 571/1009/513 573/985/479
f 548/980/480 573/985/479 574/1011/515 575/1012/517
f 575/1012/517 574/1011/515 576/1013/518 578/1014/519
f 574/1011/515 572/1010/514 579/1015/520 576/1013/518
f 576/1013/518 579/1015/520 580/1016/521 577/1017/522
f 578/1014/519 576/1013/518 577/1017/522 617/1018/523
f 579/1019/524 581/1020/525 582/1021/526 580/1022/527
f 572/1008/511 570/1006/507 581/1020/525 579/1019/524
f 581/1020/525 583/1023/528 584/1024/529 582/1021/526
f 570/1006/507 568/1004/506 583/1023/528 581/1020/525
f 586/1025/530 584/1024/531 583/1023/532 585/1026/533
f 585/1026/533 583/1023/532 568/1004/503 565/1003/502
f 587/1027/534 585/1026/533 565/1003/502 588/1002/501
f 589/1028/535 586/1025/530 585/1026/533 587/1027/534
f 590/1029/536 587/1027/534 588/1002/501 591/1030/537
f 592/1031/538 589/1028/535 587/1027/534 590/1029/536
f 593/1032/539 590/1029/536 591/1030/537 594/1033/540
f 595/1034/541 592/1031/538 590/1029/536 593/1032/539
f 596/1035/542 593/1032/543 594/1033/544 597/1036/545
f 598/1037/546 595/1034/547 593/1032/543 596/1035/542
f 599/1038/548 596/1035/542 597/1036/545 600/1039/549
f 601/1040/550 598/1037/546 596/1035/542 599/1038/548
f 602/1041/551 599/1042/552 600/1043/553 603/1044/554
f 604/1045/555 601/1046/556 599/1042/552 602/1041/551
f 605/1047/557 602/1041/551 603/1044/554 607/1048/558
f 606/1049/559 604/1045/555 602/1041/551 605/1047/557
f 610/1050/560 606/1049/561 605/1047/562 608/1051/563
f 608/1051/563 605/1047/562 607/1048/564 609/1052/565
f 611/1053/566 608/1051/563 609/1052/565 612/1054/567
f 613/1055/568 610/1050/560 608/1051/563 611/1053/566
f 614/1056/569 611/1053/566 612/1054/567 615/1057/570
f 616/1058/571 613/1055/568 611/1053/566 614/1056/569
f 578/1014/572 614/1056/569 615/1057/570 575/1012/573
f 617/1018/574 616/1058/571 614/1056/569 578/1014/572
f 617/1018/574 577/1017/575 618/1059/576 616/1058/571
f 616/1058/571 618/1059/576 619/1060/577 613/1055/568
f 618/1059/576 620/1061/578 621/1062/579 619/1060/577
f 577/1017/575 580/1016/580 620/1061/578 618/1059/576
f 620/1063/581 622/1064/582 623/1065/583 621/1066/584
f 580/1022/585 582/1021/586 622/1064/582 620/1063/581
f 622/1064/582 586/1025/530 589/1028/535 623/1065/583
f 582/1021/586 584/1024/531 586/1025/530 622/1064/582
f 621/1066/584 623/1065/583 624/1067/587 625/1068/588
f 623/1065/583 589/1028/535 592/1031/538 624/1067/587
f 624/1067/587 592/1031/538 595/1034/541 598/1037/589
f 625/1068/588 624/1067/587 598/1037/589 601/1040/590
f 626/1069/591 625/1070/592 601/1046/593 604/1045/594
f 619/1060/577 621/1062/579 625/1070/592 626/1069/591
f 610/1050/560 626/1069/591 604/1045/594 606/1049/561
f 613/1055/568 619/1060/577 626/1069/591 610/1050/560
f 575/1012/573 615/1057/570 552/981/474 548/980/473
f 615/1057/570 612/1054/567 627/987/483 552/981/474
f 612/1054/567 609/1052/565 628/1071/595 627/987/483
f 627/987/483 628/1071/595 629/1072/596 551/988/484
f 628/1071/595 630/1073/597 631/1074/598 629/1072/596
f 609/1052/565 607/1048/564 630/1073/597 628/1071/595
f 607/1048/558 603/1044/554 632/1075/599 630/1073/600
f 630/1073/600 632/1075/599 633/1076/601 631/1074/602
f 632/1075/599 634/1077/603 635/1078/604 633/1076/601
f 603/1044/554 600/1043/553 634/1077/603 632/1075/599
f 634/1079/605 636/1080/606 637/1081/607 635/1078/608
f 600/1039/549 597/1036/545 636/1080/606 634/1079/605
f 636/1080/606 638/1082/609 639/1083/610 637/1081/607
f 597/1036/545 594/1033/544 638/1082/609 636/1080/606
f 638/1082/611 640/1084/612 641/1085/613 639/1083/614
f 594/1033/540 591/1030/537 640/1084/612 638/1082/611
f 640/1084/612 566/1001/500 563/998/497 641/1085/613
f 591/1030/537 588/1002/501 566/1001/500 640/1084/612
f 642/1086/615 641/1085/613 563/998/497 560/995/494
f 637/1081/616 639/1083/614 641/1085/613 642/1086/615
f 643/1087/617 642/1086/615 560/995/494 557/992/493
f 635/1078/618 637/1081/616 642/1086/615 643/1087/617
f 644/1088/619 643/1087/620 557/992/488 554/989/485
f 633/1076/621 635/1078/622 643/1087/620 644/1088/619
f 629/1072/596 644/1088/619 554/989/485 551/988/484
f 631/1074/598 633/1076/621 644/1088/619 629/1072/596
o Sandbags.004
v 0.559495 0.654218 -0.517318
v 0.569314 0.606162 -0.433322
v 0.565095 0.697200 -0.544155
v 0.498879 0.651721 -0.529072
v 0.407977 0.647509 -0.529072
v 0.501612 0.592755 -0.435561
v 0.496543 0.702147 -0.581325
v 0.405640 0.697936 -0.581325
v 0.496058 0.712616 -0.591337
v 0.564448 0.711168 -0.570211
v 0.405155 0.708404 -0.591337
v 0.495810 0.717964 -0.577868
v 0.564362 0.713016 -0.540698
v 0.404907 0.713752 -0.577868
v 0.494694 0.742046 -0.509330
v 0.555509 0.740243 -0.498516
v 0.403792 0.737834 -0.509330
v 0.494015 0.756713 -0.399726
v 0.495111 0.733047 -0.263033
v 0.402706 0.761262 -0.397811
v 0.562666 0.749624 -0.401965
v 0.564035 0.720091 -0.266555
v 0.586816 0.719935 -0.408685
v 0.588185 0.690403 -0.273274
v 0.600994 0.679515 -0.417644
v 0.602362 0.649982 -0.282233
v 0.590615 0.637957 -0.426602
v 0.591983 0.608424 -0.291192
v 0.570682 0.576629 -0.297912
v 0.593352 0.578891 -0.155782
v 0.570354 0.583704 -0.023769
v 0.572050 0.547096 -0.162501
v 0.603731 0.620449 -0.146823
v 0.570269 0.585552 0.005744
v 0.589553 0.660870 -0.137864
v 0.569621 0.599521 -0.020312
v 0.565403 0.690559 -0.131145
v 0.560071 0.641800 -0.047149
v 0.496751 0.697647 -0.128905
v 0.499484 0.638681 -0.035395
v 0.405443 0.702196 -0.126990
v 0.404480 0.722968 -0.264316
v 0.408581 0.634469 -0.035395
v 0.314946 0.689223 -0.128905
v 0.313306 0.724623 -0.263033
v 0.317679 0.630257 -0.035395
v 0.247244 0.675817 -0.131145
v 0.245876 0.705349 -0.266555
v 0.257063 0.627760 -0.047149
v 0.225943 0.644022 -0.137864
v 0.224575 0.673555 -0.273274
v 0.251463 0.584779 -0.020312
v 0.215564 0.602463 -0.146823
v 0.214196 0.631996 -0.282233
v 0.252110 0.570810 0.005744
v 0.229742 0.562043 -0.155782
v 0.228373 0.591576 -0.291192
v 0.252196 0.568962 -0.023769
v 0.253892 0.532354 -0.162501
v 0.261049 0.541736 -0.065951
v 0.252523 0.561887 -0.297912
v 0.322543 0.525266 -0.164741
v 0.321584 0.545976 -0.302080
v 0.321864 0.539932 -0.055137
v 0.413855 0.520655 -0.166669
v 0.412077 0.559010 -0.300151
v 0.412766 0.544144 -0.055137
v 0.504348 0.533690 -0.164741
v 0.503389 0.554400 -0.302080
v 0.503669 0.548356 -0.055137
v 0.564057 0.555776 -0.065951
v 0.502553 0.572438 0.013401
v 0.411651 0.568226 0.013401
v 0.502305 0.577786 0.026870
v 0.411403 0.573574 0.026870
v 0.501820 0.588255 0.016858
v 0.410918 0.584043 0.016858
v 0.320015 0.579831 0.016858
v 0.320500 0.569362 0.026870
v 0.320748 0.564014 0.013401
v 0.411118 0.579721 -0.437490
v 0.319807 0.584331 -0.435561
v 0.317074 0.643297 -0.529072
v 0.251155 0.591420 -0.433322
v 0.256487 0.640178 -0.517318
v 0.227005 0.621109 -0.426602
v 0.246937 0.682458 -0.544155
v 0.212827 0.661529 -0.417644
v 0.246289 0.696426 -0.570211
v 0.223206 0.703087 -0.408685
v 0.246204 0.698274 -0.540698
v 0.244508 0.734882 -0.401965
v 0.252501 0.726203 -0.498516
v 0.312210 0.748289 -0.399726
v 0.312889 0.733622 -0.509330
v 0.314005 0.709540 -0.577868
v 0.314253 0.704192 -0.591337
v 0.314738 0.693723 -0.581325
vn 0.2126 -0.8994 -0.3819
vn 0.1394 -0.9099 -0.3908
vn 0.1396 -0.7557 -0.6399
vn 0.2124 -0.7502 -0.6262
vn 0.8425 -0.4001 -0.3607
vn 0.9094 -0.2789 -0.3084
vn 0.9064 -0.3643 -0.2140
vn 0.8470 -0.4760 -0.2369
vn 0.1287 -0.7306 -0.6705
vn 0.2417 -0.7023 -0.6696
vn 0.0425 -0.9178 -0.3947
vn 0.0359 -0.7738 -0.6324
vn 0.0326 -0.7044 -0.7091
vn 0.1087 -0.7507 -0.6517
vn 0.1981 -0.8086 -0.5540
vn 0.0320 -0.6900 -0.7231
vn 0.0294 0.9602 -0.2777
vn 0.0507 0.9517 -0.3028
vn 0.1658 0.9356 -0.3116
vn 0.1152 0.9798 -0.1632
vn -0.0430 0.9283 -0.3694
vn -0.0433 0.9355 -0.3507
vn 0.0599 0.9626 -0.2642
vn 0.1333 0.9583 -0.2528
vn -0.0448 0.9667 -0.2518
vn 0.0497 0.9983 0.0319
vn 0.1144 0.9927 0.0373
vn -0.0463 0.9985 0.0297
vn -0.0452 0.9759 0.2133
vn 0.0603 0.9754 0.2121
vn 0.1496 0.9664 0.2093
vn 0.8664 0.4987 -0.0254
vn 0.7969 0.6041 -0.0009
vn 0.7833 0.6089 0.1249
vn 0.8774 0.4705 0.0938
vn 0.8752 0.4611 -0.1467
vn 0.7968 0.5866 -0.1451
vn 0.9250 0.3777 -0.0416
vn 0.9460 0.3185 0.0599
vn 0.8891 0.4335 -0.1467
vn 0.9537 -0.2428 -0.1772
vn 0.9714 -0.2297 -0.0599
vn 0.9171 -0.3874 -0.0938
vn 0.9209 -0.2528 -0.2967
vn 0.8363 -0.5339 -0.1249
vn 0.9088 -0.4165 0.0254
vn 0.8494 -0.5278 0.0009
vn 0.9560 -0.2905 0.0416
vn 0.9254 -0.3494 0.1467
vn 0.9140 -0.3782 0.1467
vn 0.8476 -0.5104 0.1451
vn 0.9272 0.3299 0.1772
vn 0.8688 0.4465 0.2140
vn 0.8798 0.3618 0.3084
vn 0.8936 0.3368 0.2967
vn 0.7993 0.5522 0.2369
vn 0.8019 0.4763 0.3607
vn 0.0691 0.7654 0.6398
vn 0.1422 0.7666 0.6262
vn 0.1178 0.9186 0.3772
vn 0.0532 0.9211 0.3857
vn -0.0426 0.9200 0.3896
vn -0.0359 0.7739 0.6323
vn -0.1382 0.9122 0.3857
vn -0.1503 0.9656 0.2121
vn -0.1396 0.7557 0.6398
vn -0.2022 0.9038 0.3772
vn -0.2383 0.9484 0.2093
vn -0.2124 0.7502 0.6262
vn -0.9064 0.3643 0.2140
vn -0.8470 0.4760 0.2369
vn -0.8363 0.5339 0.1249
vn -0.9171 0.3874 0.0938
vn -0.9094 0.2789 0.3084
vn -0.8425 0.4001 0.3607
vn -0.9538 0.2428 0.1772
vn -0.9714 0.2297 0.0599
vn -0.9209 0.2528 0.2967
vn -0.8664 -0.4987 0.0254
vn -0.9250 -0.3777 0.0416
vn -0.9460 -0.3185 -0.0599
vn -0.8774 -0.4705 -0.0938
vn -0.8752 -0.4611 0.1467
vn -0.8891 -0.4335 0.1467
vn -0.7969 -0.6041 0.0009
vn -0.7833 -0.6089 -0.1249
vn -0.7968 -0.5866 0.1451
vn -0.0600 -0.9626 0.2643
vn -0.1333 -0.9583 0.2528
vn -0.1250 -0.9917 -0.0315
vn -0.0510 -0.9984 -0.0263
vn -0.1705 -0.9631 -0.2083
vn -0.0626 -0.9752 -0.2121
vn 0.0463 -0.9986 -0.0242
vn 0.0452 -0.9759 -0.2133
vn 0.0448 -0.9667 0.2519
vn 0.1431 -0.9894 -0.0263
vn 0.1525 -0.9653 -0.2121
vn 0.1488 -0.9529 0.2643
vn 0.2161 -0.9759 -0.0315
vn 0.2589 -0.9432 -0.2083
vn 0.2213 -0.9419 0.2528
vn 0.2516 -0.9163 0.3116
vn 0.1385 -0.9429 0.3028
vn 0.0433 -0.9355 0.3507
vn 0.1181 -0.9534 0.2777
vn 0.0430 -0.9283 0.3694
vn 0.2053 -0.9650 0.1632
vn 0.0388 0.7575 0.6517
vn 0.0606 0.7394 0.6705
vn -0.0326 0.7044 0.7091
vn -0.0320 0.6900 0.7231
vn 0.1225 0.8234 0.5540
vn 0.1757 0.7216 0.6696
vn -0.1287 0.7306 0.6705
vn -0.1087 0.7507 0.6517
vn -0.2417 0.7023 0.6696
vn -0.1981 0.8086 0.5540
vn -0.0507 -0.9517 0.3028
vn -0.0294 -0.9602 0.2777
vn -0.1152 -0.9798 0.1632
vn -0.1658 -0.9356 0.3116
vn -0.0547 -0.9189 -0.3908
vn -0.0692 -0.7654 -0.6399
vn -0.1285 -0.9152 -0.3819
vn -0.1422 -0.7666 -0.6262
vn -0.8688 -0.4465 -0.2140
vn -0.7993 -0.5522 -0.2369
vn -0.8798 -0.3618 -0.3084
vn -0.8019 -0.4763 -0.3607
vn -0.9272 -0.3299 -0.1772
vn -0.8936 -0.3368 -0.2967
vn -0.9560 0.2905 -0.0416
vn -0.9088 0.4165 -0.0254
vn -0.9140 0.3782 -0.1467
vn -0.9254 0.3494 -0.1467
vn -0.8494 0.5278 -0.0009
vn -0.8476 0.5104 -0.1451
vn -0.2057 0.9779 0.0373
vn -0.1418 0.9894 0.0319
vn -0.1487 0.9529 -0.2642
vn -0.2213 0.9419 -0.2528
vn -0.1385 0.9429 -0.3028
vn -0.2516 0.9163 -0.3116
vn -0.1181 0.9534 -0.2777
vn -0.2053 0.9650 -0.1632
vn -0.0606 -0.7394 -0.6705
vn -0.0388 -0.7575 -0.6517
vn -0.1757 -0.7216 -0.6696
vn -0.1225 -0.8234 -0.5540
vt 0.756196 0.625703
vt 0.767507 0.624781
vt 0.767884 0.642641
vt 0.758155 0.641205
vt 0.755428 0.650269
vt 0.749551 0.627196
vt 0.768416 0.653661
vt 0.782261 0.624324
vt 0.782203 0.642361
vt 0.782209 0.653548
vt 0.768690 0.655882
vt 0.756382 0.655881
vt 0.782209 0.655826
vt 0.768421 0.658080
vt 0.755455 0.661463
vt 0.782209 0.658104
vt 0.767871 0.669001
vt 0.758172 0.670453
vt 0.782215 0.669282
vt 0.767485 0.686782
vt 0.756176 0.685866
vt 0.782176 0.687236
vt 0.782145 0.710310
vt 0.766394 0.709989
vt 0.753867 0.709545
vt 0.749642 0.684333
vt 0.746646 0.709214
vt 0.742025 0.682081
vt 0.738258 0.708772
vt 0.741720 0.629446
vt 0.738258 0.602661
vt 0.746619 0.602262
vt 0.753816 0.601928
vt 0.747210 0.576938
vt 0.754109 0.577708
vt 0.739204 0.575725
vt 0.749372 0.545502
vt 0.749496 0.551601
vt 0.754030 0.560864
vt 0.739001 0.735988
vt 0.747205 0.734770
vt 0.749605 0.760276
vt 0.749528 0.766390
vt 0.754215 0.734023
vt 0.754130 0.750976
vt 0.764908 0.754292
vt 0.766258 0.734229
vt 0.782122 0.734191
vt 0.782097 0.754932
vt 0.797987 0.734250
vt 0.797896 0.710119
vt 0.799297 0.754226
vt 0.810038 0.734065
vt 0.810418 0.709788
vt 0.810066 0.750941
vt 0.816948 0.734860
vt 0.817632 0.709483
vt 0.814577 0.760231
vt 0.824965 0.736103
vt 0.826010 0.709118
vt 0.814681 0.766338
vt 0.817001 0.576822
vt 0.825209 0.575554
vt 0.826121 0.602812
vt 0.817718 0.602404
vt 0.814458 0.551305
vt 0.814502 0.545188
vt 0.809989 0.577611
vt 0.810491 0.602103
vt 0.809980 0.560636
vt 0.799175 0.557372
vt 0.797916 0.577479
vt 0.797853 0.601699
vt 0.781983 0.577591
vt 0.782138 0.601414
vt 0.781970 0.556802
vt 0.766129 0.577487
vt 0.766428 0.601536
vt 0.764775 0.557552
vt 0.763501 0.543442
vt 0.781924 0.542669
vt 0.763294 0.540473
vt 0.781916 0.539720
vt 0.763493 0.771271
vt 0.763682 0.768306
vt 0.782092 0.769064
vt 0.782087 0.772014
vt 0.800530 0.768353
vt 0.800727 0.771327
vt 0.800335 0.543345
vt 0.800510 0.540380
vt 0.796946 0.624918
vt 0.796555 0.642661
vt 0.808243 0.625806
vt 0.806255 0.641213
vt 0.814783 0.627329
vt 0.808972 0.650205
vt 0.822413 0.629574
vt 0.808044 0.655790
vt 0.822662 0.682273
vt 0.814814 0.684499
vt 0.808988 0.661407
vt 0.808158 0.685968
vt 0.806242 0.670467
vt 0.796860 0.686837
vt 0.796520 0.669013
vt 0.796001 0.657999
vt 0.795729 0.655778
vt 0.795999 0.653579
s 1
f 646/1089/623 650/1090/624 648/1091/625 645/1092/626
f 645/1092/627 647/1093/628 671/1094/629 646/1089/630
f 648/1091/625 651/1095/631 647/1093/632 645/1092/626
f 650/1090/624 725/1096/633 649/1097/634 648/1091/625
f 649/1097/634 652/1098/635 651/1095/631 648/1091/625
f 651/1095/631 653/1099/636 654/1100/637 647/1093/632
f 652/1098/635 655/1101/638 653/1099/636 651/1095/631
f 653/1099/639 656/1102/640 657/1103/641 654/1100/642
f 655/1101/643 658/1104/644 656/1102/640 653/1099/639
f 656/1102/640 659/1105/645 660/1106/646 657/1103/641
f 658/1104/644 661/1107/647 659/1105/645 656/1102/640
f 662/1108/648 665/1109/649 660/1106/646 659/1105/645
f 664/1110/650 662/1108/648 659/1105/645 661/1107/647
f 686/1111/651 663/1112/652 662/1108/648 664/1110/650
f 663/1112/652 666/1113/653 665/1109/649 662/1108/648
f 667/1114/654 665/1109/655 666/1113/656 668/1115/657
f 657/1103/658 660/1106/659 665/1109/655 667/1114/654
f 669/1116/660 667/1114/654 668/1115/657 670/1117/661
f 654/1100/662 657/1103/658 667/1114/654 669/1116/660
f 671/1094/629 669/1118/663 670/1119/664 672/1120/665
f 647/1093/628 654/1100/666 669/1118/663 671/1094/629
f 646/1089/630 671/1094/629 672/1120/665 673/1121/667
f 673/1121/667 672/1120/665 674/1122/668 676/1123/669
f 672/1120/665 670/1119/664 677/1124/670 674/1122/668
f 674/1122/668 677/1124/670 678/1125/671 675/1126/672
f 676/1123/669 674/1122/668 675/1126/672 715/1127/673
f 677/1128/674 679/1129/675 680/1130/676 678/1131/677
f 670/1117/661 668/1115/657 679/1129/675 677/1128/674
f 679/1129/675 681/1132/678 682/1133/679 680/1130/676
f 668/1115/657 666/1113/656 681/1132/678 679/1129/675
f 684/1134/680 682/1133/681 681/1132/682 683/1135/683
f 683/1135/683 681/1132/682 666/1113/653 663/1112/652
f 685/1136/684 683/1135/683 663/1112/652 686/1111/651
f 687/1137/685 684/1134/680 683/1135/683 685/1136/684
f 688/1138/686 685/1136/684 686/1111/651 689/1139/687
f 690/1140/688 687/1137/685 685/1136/684 688/1138/686
f 691/1141/689 688/1138/686 689/1139/687 692/1142/690
f 693/1143/691 690/1140/688 688/1138/686 691/1141/689
f 694/1144/692 691/1141/693 692/1142/694 695/1145/695
f 696/1146/696 693/1143/697 691/1141/693 694/1144/692
f 697/1147/698 694/1144/692 695/1145/695 698/1148/699
f 699/1149/700 696/1146/696 694/1144/692 697/1147/698
f 700/1150/701 697/1151/702 698/1152/703 701/1153/704
f 702/1154/705 699/1155/706 697/1151/702 700/1150/701
f 703/1156/707 700/1150/701 701/1153/704 705/1157/708
f 704/1158/709 702/1154/705 700/1150/701 703/1156/707
f 708/1159/710 704/1158/711 703/1156/712 706/1160/713
f 706/1160/713 703/1156/712 705/1157/714 707/1161/715
f 709/1162/716 706/1160/713 707/1161/715 710/1163/717
f 711/1164/718 708/1159/710 706/1160/713 709/1162/716
f 712/1165/719 709/1162/716 710/1163/717 713/1166/720
f 714/1167/721 711/1164/718 709/1162/716 712/1165/719
f 676/1123/722 712/1165/719 713/1166/720 673/1121/723
f 715/1127/724 714/1167/721 712/1165/719 676/1123/722
f 715/1127/724 675/1126/725 716/1168/726 714/1167/721
f 714/1167/721 716/1168/726 717/1169/727 711/1164/718
f 716/1168/726 718/1170/728 719/1171/729 717/1169/727
f 675/1126/725 678/1125/730 718/1170/728 716/1168/726
f 718/1172/731 720/1173/732 721/1174/733 719/1175/734
f 678/1131/735 680/1130/736 720/1173/732 718/1172/731
f 720/1173/732 684/1134/680 687/1137/685 721/1174/733
f 680/1130/736 682/1133/681 684/1134/680 720/1173/732
f 719/1175/734 721/1174/733 722/1176/737 723/1177/738
f 721/1174/733 687/1137/685 690/1140/688 722/1176/737
f 722/1176/737 690/1140/688 693/1143/691 696/1146/739
f 723/1177/738 722/1176/737 696/1146/739 699/1149/740
f 724/1178/741 723/1179/742 699/1155/743 702/1154/744
f 717/1169/727 719/1171/729 723/1179/742 724/1178/741
f 708/1159/710 724/1178/741 702/1154/744 704/1158/711
f 711/1164/718 717/1169/727 724/1178/741 708/1159/710
f 673/1121/723 713/1166/720 650/1090/624 646/1089/623
f 713/1166/720 710/1163/717 725/1096/633 650/1090/624
f 710/1163/717 707/1161/715 726/1180/745 725/1096/633
f 725/1096/633 726/1180/745 727/1181/746 649/1097/634
f 726/1180/745 728/1182/747 729/1183/748 727/1181/746
f 707/1161/715 705/1157/714 728/1182/747 726/1180/745
f 705/1157/708 701/1153/704 730/1184/749 728/1182/750
f 728/1182/750 730/1184/749 731/1185/751 729/1183/752
f 730/1184/749 732/1186/753 733/1187/754 731/1185/751
f 701/1153/704 698/1152/703 732/1186/753 730/1184/749
f 732/1188/755 734/1189/756 735/1190/757 733/1187/758
f 698/1148/699 695/1145/695 734/1189/756 732/1188/755
f 734/1189/756 736/1191/759 737/1192/760 735/1190/757
f 695/1145/695 692/1142/694 736/1191/759 734/1189/756
f 736/1191/761 738/1193/762 739/1194/763 737/1192/764
f 692/1142/690 689/1139/687 738/1193/762 736/1191/761
f 738/1193/762 664/1110/650 661/1107/647 739/1194/763
f 689/1139/687 686/1111/651 664/1110/650 738/1193/762
f 740/1195/765 739/1194/763 661/1107/647 658/1104/644
f 735/1190/766 737/1192/764 739/1194/763 740/1195/765
f 741/1196/767 740/1195/765 658/1104/644 655/1101/643
f 733/1187/768 735/1190/766 740/1195/765 741/1196/767
f 742/1197/769 741/1196/770 655/1101/638 652/1098/635
f 731/1185/771 733/1187/772 741/1196/770 742/1197/769
f 727/1181/746 742/1197/769 652/1098/635 649/1097/634
f 729/1183/748 731/1185/771 742/1197/769 727/1181/746
o Sandbags.005
v 0.580640 0.596061 0.087868
v 0.590570 0.578246 0.182975
v 0.584850 0.628338 0.048633
v 0.520545 0.586617 0.076998
v 0.429985 0.577694 0.077526
v 0.523680 0.561174 0.184569
v 0.517137 0.617308 0.011232
v 0.426577 0.608385 0.011761
v 0.516408 0.623949 -0.001630
v 0.584210 0.633106 0.019455
v 0.425848 0.615026 -0.001101
v 0.515548 0.633330 0.009385
v 0.583261 0.644360 0.046785
v 0.424988 0.624408 0.009913
v 0.511468 0.678117 0.066447
v 0.571995 0.683204 0.077821
v 0.420908 0.669194 0.066976
v 0.507204 0.727263 0.165418
v 0.505861 0.749009 0.302427
v 0.415764 0.727216 0.164923
v 0.576154 0.723575 0.166218
v 0.575401 0.739376 0.303912
v 0.601883 0.694664 0.169677
v 0.601130 0.710465 0.307371
v 0.618234 0.654346 0.174393
v 0.617481 0.670148 0.312087
v 0.610121 0.611619 0.179252
v 0.609368 0.627421 0.316946
v 0.589818 0.594048 0.320669
v 0.608615 0.643222 0.454641
v 0.581957 0.689065 0.577796
v 0.589065 0.609850 0.458363
v 0.616729 0.685950 0.449781
v 0.581008 0.700318 0.605126
v 0.600377 0.726267 0.445065
v 0.580368 0.705087 0.575949
v 0.574648 0.755178 0.441607
v 0.569486 0.735877 0.536801
v 0.505698 0.758867 0.440806
v 0.508833 0.733424 0.548377
v 0.414258 0.758820 0.440312
v 0.415891 0.734142 0.303641
v 0.418273 0.724501 0.548906
v 0.324578 0.741022 0.441864
v 0.324742 0.731163 0.303484
v 0.327713 0.715578 0.549435
v 0.257688 0.723949 0.443458
v 0.258441 0.708147 0.305763
v 0.267619 0.706134 0.538564
v 0.238137 0.690577 0.447181
v 0.238890 0.674775 0.309486
v 0.263408 0.673858 0.577800
v 0.230024 0.647849 0.452040
v 0.230777 0.632047 0.314345
v 0.264048 0.669089 0.606977
v 0.246376 0.607532 0.456756
v 0.247128 0.591730 0.319062
v 0.264997 0.657835 0.579647
v 0.272105 0.578621 0.460214
v 0.276264 0.618992 0.548612
v 0.272858 0.562819 0.322520
v 0.341055 0.574932 0.461015
v 0.342694 0.550193 0.324351
v 0.336790 0.624078 0.559985
v 0.432501 0.574917 0.461516
v 0.432367 0.568053 0.322792
v 0.427350 0.633001 0.559456
v 0.522175 0.592777 0.459957
v 0.523814 0.568038 0.323293
v 0.517910 0.641924 0.558927
v 0.578130 0.648734 0.546849
v 0.513831 0.686710 0.615990
v 0.423271 0.677788 0.616519
v 0.512971 0.696092 0.627005
v 0.422411 0.687169 0.627534
v 0.512241 0.702733 0.614143
v 0.421681 0.693810 0.614672
v 0.331121 0.684887 0.615201
v 0.331851 0.678246 0.628062
v 0.332711 0.668865 0.617048
v 0.434007 0.543314 0.186128
v 0.342560 0.543328 0.185626
v 0.339425 0.568772 0.078055
v 0.273611 0.547017 0.184826
v 0.278773 0.566319 0.089631
v 0.247881 0.575928 0.181367
v 0.267891 0.597108 0.050484
v 0.231530 0.616245 0.176651
v 0.267250 0.601877 0.021306
v 0.239643 0.658973 0.171792
v 0.266301 0.613130 0.048636
v 0.259194 0.692345 0.168069
v 0.270128 0.653461 0.079583
v 0.326084 0.709418 0.166476
v 0.330348 0.660272 0.067505
v 0.334428 0.615485 0.010442
v 0.335288 0.606104 -0.000572
v 0.336017 0.599463 0.012290
vn 0.2659 -0.9616 -0.0687
vn 0.1936 -0.9783 -0.0744
vn 0.1929 -0.9128 -0.3600
vn 0.2649 -0.8992 -0.3482
vn 0.8701 -0.4486 -0.2043
vn 0.9297 -0.3135 -0.1934
vn 0.9283 -0.3640 -0.0765
vn 0.8750 -0.4801 -0.0626
vn 0.1815 -0.8996 -0.3972
vn 0.2929 -0.8664 -0.4045
vn 0.0973 -0.9923 -0.0764
vn 0.0899 -0.9332 -0.3480
vn 0.0853 -0.8924 -0.4430
vn 0.1620 -0.9136 -0.3731
vn 0.2515 -0.9320 -0.2611
vn 0.0843 -0.8834 -0.4609
vn -0.0099 0.8196 -0.5729
vn 0.0124 0.8046 -0.5937
vn 0.1283 0.7928 -0.5958
vn 0.0718 0.8797 -0.4700
vn -0.0783 0.7559 -0.6500
vn -0.0795 0.7688 -0.6346
vn 0.0201 0.8278 -0.5606
vn 0.0932 0.8314 -0.5477
vn -0.0850 0.8301 -0.5511
vn 0.0003 0.9564 -0.2920
vn 0.0651 0.9565 -0.2845
vn -0.0954 0.9507 -0.2950
vn -0.0981 0.9886 -0.1140
vn 0.0074 0.9935 -0.1140
vn 0.0970 0.9889 -0.1130
vn 0.8415 0.5103 -0.1773
vn 0.7664 0.6140 -0.1888
vn 0.7493 0.6583 -0.0715
vn 0.8508 0.5226 -0.0553
vn 0.8553 0.4360 -0.2798
vn 0.7709 0.5510 -0.3196
vn 0.9064 0.3938 -0.1530
vn 0.9276 0.3718 -0.0376
vn 0.8706 0.4108 -0.2708
vn 0.9687 -0.2347 -0.0805
vn 0.9826 -0.1836 0.0264
vn 0.9370 -0.3465 0.0449
vn 0.9396 -0.2844 -0.1906
vn 0.8642 -0.4993 0.0620
vn 0.9269 -0.3360 0.1669
vn 0.8736 -0.4524 0.1792
vn 0.9675 -0.2092 0.1420
vn 0.9371 -0.2327 0.2602
vn 0.9271 -0.2604 0.2694
vn 0.8672 -0.3896 0.3100
vn 0.9052 0.4194 0.0696
vn 0.8402 0.5382 0.0661
vn 0.8528 0.4892 0.1830
vn 0.8681 0.4625 0.1800
vn 0.7651 0.6417 0.0530
vn 0.7681 0.6100 0.1947
vn 0.0151 0.9333 0.3587
vn 0.0883 0.9340 0.3461
vn 0.0632 0.9961 0.0612
vn -0.0016 0.9977 0.0677
vn -0.0974 0.9927 0.0709
vn -0.0899 0.9332 0.3478
vn -0.1923 0.9789 0.0689
vn -0.2024 0.9728 -0.1127
vn -0.1928 0.9129 0.3599
vn -0.2557 0.9647 0.0630
vn -0.2894 0.9508 -0.1107
vn -0.2649 0.8992 0.3482
vn -0.9283 0.3640 0.0765
vn -0.8750 0.4801 0.0626
vn -0.8642 0.4993 -0.0620
vn -0.9370 0.3465 -0.0449
vn -0.9297 0.3135 0.1934
vn -0.8701 0.4486 0.2043
vn -0.9687 0.2347 0.0805
vn -0.9826 0.1836 -0.0264
vn -0.9396 0.2844 0.1906
vn -0.8415 -0.5103 0.1773
vn -0.9064 -0.3938 0.1530
vn -0.9276 -0.3718 0.0376
vn -0.8508 -0.5226 0.0553
vn -0.8553 -0.4360 0.2798
vn -0.8706 -0.4108 0.2708
vn -0.7664 -0.6140 0.1888
vn -0.7493 -0.6583 0.0715
vn -0.7709 -0.5510 0.3196
vn -0.0202 -0.8278 0.5607
vn -0.0932 -0.8314 0.5477
vn -0.0759 -0.9541 0.2896
vn -0.0018 -0.9548 0.2973
vn -0.1181 -0.9866 0.1126
vn -0.0097 -0.9934 0.1140
vn 0.0953 -0.9491 0.3003
vn 0.0981 -0.9886 0.1140
vn 0.0850 -0.8300 0.5513
vn 0.1916 -0.9357 0.2962
vn 0.2047 -0.9723 0.1127
vn 0.1878 -0.8073 0.5595
vn 0.2639 -0.9207 0.2876
vn 0.3097 -0.9444 0.1101
vn 0.2600 -0.7966 0.5457
vn 0.2875 -0.7519 0.5933
vn 0.1761 -0.7860 0.5926
vn 0.0795 -0.7688 0.6346
vn 0.1569 -0.8051 0.5720
vn 0.0783 -0.7559 0.6500
vn 0.2475 -0.8483 0.4682
vn -0.0151 0.9280 0.3722
vn 0.0070 0.9182 0.3961
vn -0.0853 0.8924 0.4430
vn -0.0843 0.8834 0.4609
vn 0.0678 0.9634 0.2593
vn 0.1229 0.9073 0.4020
vn -0.1815 0.8996 0.3972
vn -0.1620 0.9136 0.3731
vn -0.2929 0.8664 0.4045
vn -0.2515 0.9320 0.2611
vn -0.0124 -0.8046 0.5937
vn 0.0099 -0.8196 0.5729
vn -0.0718 -0.8797 0.4700
vn -0.1283 -0.7928 0.5958
vn 0.0002 -0.9973 -0.0733
vn -0.0152 -0.9333 -0.3588
vn -0.0739 -0.9950 -0.0667
vn -0.0883 -0.9340 -0.3461
vn -0.8402 -0.5382 -0.0661
vn -0.7651 -0.6417 -0.0530
vn -0.8528 -0.4892 -0.1830
vn -0.7681 -0.6100 -0.1948
vn -0.9052 -0.4194 -0.0696
vn -0.8681 -0.4625 -0.1800
vn -0.9675 0.2092 -0.1420
vn -0.9269 0.3360 -0.1669
vn -0.9271 0.2604 -0.2694
vn -0.9371 0.2327 -0.2602
vn -0.8736 0.4524 -0.1792
vn -0.8672 0.3896 -0.3100
vn -0.2538 0.9250 -0.2827
vn -0.1904 0.9376 -0.2909
vn -0.1878 0.8074 -0.5594
vn -0.2600 0.7966 -0.5457
vn -0.1761 0.7860 -0.5926
vn -0.2875 0.7519 -0.5933
vn -0.1569 0.8051 -0.5720
vn -0.2475 0.8483 -0.4682
vn -0.0070 -0.9182 -0.3961
vn 0.0151 -0.9280 -0.3722
vn -0.1229 -0.9073 -0.4020
vn -0.0678 -0.9634 -0.2593
vt 0.798091 0.209639
vt 0.810190 0.209772
vt 0.808929 0.229923
vt 0.798100 0.226652
vt 0.793612 0.236003
vt 0.791063 0.210430
vt 0.807766 0.243981
vt 0.826159 0.209659
vt 0.826171 0.230494
vt 0.826218 0.244659
vt 0.807591 0.246953
vt 0.793568 0.242134
vt 0.826225 0.247614
vt 0.807371 0.015498
vt 0.807569 0.018477
vt 0.793491 0.026618
vt 0.793386 0.020498
vt 0.826052 0.014808
vt 0.826048 0.017765
vt 0.808805 0.032636
vt 0.798013 0.035928
vt 0.826043 0.031928
vt 0.810119 0.052656
vt 0.798041 0.052841
vt 0.826018 0.052715
vt 0.825996 0.076648
vt 0.810210 0.076840
vt 0.797661 0.077172
vt 0.791116 0.052045
vt 0.790430 0.077478
vt 0.783081 0.050800
vt 0.782034 0.077844
vt 0.782838 0.211701
vt 0.781924 0.184383
vt 0.790346 0.184792
vt 0.797588 0.185093
vt 0.793287 0.159812
vt 0.799841 0.161338
vt 0.785641 0.157563
vt 0.800041 0.131288
vt 0.799111 0.136886
vt 0.801834 0.145898
vt 0.785390 0.104747
vt 0.793256 0.102517
vt 0.799094 0.125659
vt 0.799926 0.101045
vt 0.801846 0.116579
vt 0.811590 0.118036
vt 0.811249 0.100173
vt 0.825966 0.099774
vt 0.825926 0.117767
vt 0.840689 0.100228
vt 0.841782 0.076969
vt 0.840302 0.118048
vt 0.852023 0.101146
vt 0.854336 0.077415
vt 0.850023 0.116593
vt 0.858571 0.102682
vt 0.861573 0.077745
vt 0.852745 0.125603
vt 0.866205 0.104939
vt 0.869980 0.078189
vt 0.851816 0.131198
vt 0.858663 0.159945
vt 0.866511 0.157690
vt 0.869980 0.184535
vt 0.861601 0.184934
vt 0.852773 0.136821
vt 0.852003 0.161442
vt 0.854388 0.185270
vt 0.850040 0.145906
vt 0.840289 0.144467
vt 0.840666 0.162366
vt 0.841748 0.185662
vt 0.825880 0.162824
vt 0.826003 0.185784
vt 0.825939 0.144747
vt 0.811163 0.162229
vt 0.810254 0.185499
vt 0.811555 0.144446
vt 0.812112 0.133504
vt 0.825932 0.133535
vt 0.812382 0.131301
vt 0.825932 0.131252
vt 0.812110 0.129074
vt 0.825932 0.128969
vt 0.839751 0.128993
vt 0.839482 0.131196
vt 0.839756 0.133422
vt 0.842048 0.209764
vt 0.843404 0.229743
vt 0.854094 0.209542
vt 0.854173 0.226424
vt 0.861008 0.210315
vt 0.858717 0.235707
vt 0.869032 0.211530
vt 0.858841 0.241819
vt 0.869235 0.050912
vt 0.861012 0.052133
vt 0.858606 0.026571
vt 0.858684 0.020444
vt 0.853987 0.052882
vt 0.854072 0.035892
vt 0.841918 0.052677
vt 0.843270 0.032569
vt 0.844498 0.018523
vt 0.844687 0.015553
vt 0.844681 0.243884
vt 0.844889 0.246860
s 1
f 744/1198/773 748/1199/774 746/1200/775 743/1201/776
f 743/1201/777 745/1202/778 769/1203/779 744/1198/780
f 746/1200/775 749/1204/781 745/1202/782 743/1201/776
f 748/1199/774 823/1205/783 747/1206/784 746/1200/775
f 747/1206/784 750/1207/785 749/1204/781 746/1200/775
f 749/1204/781 751/1208/786 752/1209/787 745/1202/782
f 750/1207/785 753/1210/788 751/1208/786 749/1204/781
f 751/1211/789 754/1212/790 755/1213/791 752/1214/792
f 753/1215/793 756/1216/794 754/1212/790 751/1211/789
f 754/1212/790 757/1217/795 758/1218/796 755/1213/791
f 756/1216/794 759/1219/797 757/1217/795 754/1212/790
f 760/1220/798 763/1221/799 758/1218/796 757/1217/795
f 762/1222/800 760/1220/798 757/1217/795 759/1219/797
f 784/1223/801 761/1224/802 760/1220/798 762/1222/800
f 761/1224/802 764/1225/803 763/1221/799 760/1220/798
f 765/1226/804 763/1221/805 764/1225/806 766/1227/807
f 755/1213/808 758/1218/809 763/1221/805 765/1226/804
f 767/1228/810 765/1226/804 766/1227/807 768/1229/811
f 752/1214/812 755/1213/808 765/1226/804 767/1228/810
f 769/1203/779 767/1230/813 768/1231/814 770/1232/815
f 745/1202/778 752/1209/816 767/1230/813 769/1203/779
f 744/1198/780 769/1203/779 770/1232/815 771/1233/817
f 771/1233/817 770/1232/815 772/1234/818 774/1235/819
f 770/1232/815 768/1231/814 775/1236/820 772/1234/818
f 772/1234/818 775/1236/820 776/1237/821 773/1238/822
f 774/1235/819 772/1234/818 773/1238/822 813/1239/823
f 775/1240/824 777/1241/825 778/1242/826 776/1237/827
f 768/1229/811 766/1227/807 777/1241/825 775/1240/824
f 777/1241/825 779/1243/828 780/1244/829 778/1242/826
f 766/1227/807 764/1225/806 779/1243/828 777/1241/825
f 782/1245/830 780/1244/831 779/1243/832 781/1246/833
f 781/1246/833 779/1243/832 764/1225/803 761/1224/802
f 783/1247/834 781/1246/833 761/1224/802 784/1223/801
f 785/1248/835 782/1245/830 781/1246/833 783/1247/834
f 786/1249/836 783/1247/834 784/1223/801 787/1250/837
f 788/1251/838 785/1248/835 783/1247/834 786/1249/836
f 789/1252/839 786/1249/836 787/1250/837 790/1253/840
f 791/1254/841 788/1251/838 786/1249/836 789/1252/839
f 792/1255/842 789/1252/843 790/1253/844 793/1256/845
f 794/1257/846 791/1254/847 789/1252/843 792/1255/842
f 795/1258/848 792/1255/842 793/1256/845 796/1259/849
f 797/1260/850 794/1257/846 792/1255/842 795/1258/848
f 798/1261/851 795/1262/852 796/1263/853 799/1264/854
f 800/1265/855 797/1260/856 795/1262/852 798/1261/851
f 801/1266/857 798/1261/851 799/1264/854 803/1267/858
f 802/1268/859 800/1265/855 798/1261/851 801/1266/857
f 806/1269/860 802/1268/861 801/1266/862 804/1270/863
f 804/1270/863 801/1266/862 803/1267/864 805/1271/865
f 807/1272/866 804/1270/863 805/1271/865 808/1273/867
f 809/1274/868 806/1269/860 804/1270/863 807/1272/866
f 810/1275/869 807/1272/866 808/1273/867 811/1276/870
f 812/1277/871 809/1274/868 807/1272/866 810/1275/869
f 774/1235/872 810/1275/869 811/1276/870 771/1233/873
f 813/1239/874 812/1277/871 810/1275/869 774/1235/872
f 813/1239/874 773/1238/875 814/1278/876 812/1277/871
f 812/1277/871 814/1278/876 815/1279/877 809/1274/868
f 814/1278/876 816/1280/878 817/1281/879 815/1279/877
f 773/1238/875 776/1237/880 816/1280/878 814/1278/876
f 816/1280/881 818/1282/882 819/1283/883 817/1281/884
f 776/1237/885 778/1242/886 818/1282/882 816/1280/881
f 818/1282/882 782/1245/830 785/1248/835 819/1283/883
f 778/1242/886 780/1244/831 782/1245/830 818/1282/882
f 817/1281/884 819/1283/883 820/1284/887 821/1285/888
f 819/1283/883 785/1248/835 788/1251/838 820/1284/887
f 820/1284/887 788/1251/838 791/1254/841 794/1257/889
f 821/1285/888 820/1284/887 794/1257/889 797/1260/890
f 822/1286/891 821/1285/892 797/1260/893 800/1265/894
f 815/1279/877 817/1281/879 821/1285/892 822/1286/891
f 806/1269/860 822/1286/891 800/1265/894 802/1268/861
f 809/1274/868 815/1279/877 822/1286/891 806/1269/860
f 771/1233/873 811/1276/870 748/1199/774 744/1198/773
f 811/1276/870 808/1273/867 823/1205/783 748/1199/774
f 808/1273/867 805/1271/865 824/1287/895 823/1205/783
f 823/1205/783 824/1287/895 825/1288/896 747/1206/784
f 824/1287/895 826/1289/897 827/1290/898 825/1288/896
f 805/1271/865 803/1267/864 826/1289/897 824/1287/895
f 803/1267/858 799/1264/854 828/1291/899 826/1289/900
f 826/1289/900 828/1291/899 829/1292/901 827/1290/902
f 828/1291/899 830/1293/903 831/1294/904 829/1292/901
f 799/1264/854 796/1263/853 830/1293/903 828/1291/899
f 830/1295/905 832/1296/906 833/1297/907 831/1298/908
f 796/1259/849 793/1256/845 832/1296/906 830/1295/905
f 832/1296/906 834/1299/909 835/1300/910 833/1297/907
f 793/1256/845 790/1253/844 834/1299/909 832/1296/906
f 834/1299/911 836/1301/912 837/1302/913 835/1300/914
f 790/1253/840 787/1250/837 836/1301/912 834/1299/911
f 836/1301/912 762/1222/800 759/1219/797 837/1302/913
f 787/1250/837 784/1223/801 762/1222/800 836/1301/912
f 838/1303/915 837/1302/913 759/1219/797 756/1216/794
f 833/1297/916 835/1300/914 837/1302/913 838/1303/915
f 839/1304/917 838/1303/915 756/1216/794 753/1215/793
f 831/1298/918 833/1297/916 838/1303/915 839/1304/917
f 840/1305/919 839/1306/920 753/1210/788 750/1207/785
f 829/1292/921 831/1294/922 839/1306/920 840/1305/919
f 825/1288/896 840/1305/919 750/1207/785 747/1206/784
f 827/1290/898 829/1292/921 840/1305/919 825/1288/896
o Sandbags.006
v 0.211551 0.581592 0.109446
v 0.205597 0.546454 0.199951
v 0.222437 0.620255 0.078051
v 0.153964 0.576654 0.087582
v 0.064462 0.571364 0.072014
v 0.139192 0.532029 0.187677
v 0.161667 0.618868 0.028953
v 0.072164 0.613579 0.013386
v 0.163117 0.627755 0.017596
v 0.226631 0.630255 0.050540
v 0.073615 0.622465 0.002028
v 0.160552 0.635010 0.029877
v 0.221322 0.636396 0.078975
v 0.071050 0.629720 0.014310
v 0.147598 0.668836 0.092859
v 0.205489 0.669384 0.114472
v 0.058096 0.663547 0.077291
v 0.127637 0.699357 0.197256
v 0.104067 0.695942 0.333926
v 0.037517 0.703009 0.182200
v 0.195486 0.692866 0.208332
v 0.172330 0.683463 0.344661
v 0.220028 0.662815 0.210428
v 0.196872 0.653412 0.346756
v 0.235006 0.621697 0.210136
v 0.211850 0.612294 0.346464
v 0.225806 0.579151 0.205639
v 0.202649 0.569748 0.341967
v 0.182441 0.537051 0.336279
v 0.179493 0.560344 0.478295
v 0.133448 0.584118 0.601965
v 0.159284 0.527648 0.472607
v 0.188694 0.602891 0.482793
v 0.128139 0.590259 0.630400
v 0.173716 0.644009 0.483084
v 0.132333 0.600260 0.602889
v 0.149173 0.674060 0.480989
v 0.128302 0.638041 0.568899
v 0.081324 0.680551 0.469912
v 0.066552 0.635925 0.570007
v -0.008795 0.684202 0.454856
v 0.014978 0.684664 0.318016
v -0.022950 0.630636 0.554440
v -0.097680 0.669971 0.438777
v -0.074938 0.685362 0.302792
v -0.112453 0.625346 0.538872
v -0.164085 0.655546 0.426503
v -0.140929 0.664949 0.290175
v -0.170040 0.620408 0.517008
v -0.184294 0.622849 0.420815
v -0.161138 0.632253 0.284487
v -0.180925 0.581746 0.548403
v -0.193494 0.580303 0.416318
v -0.170338 0.589706 0.279990
v -0.185119 0.571745 0.575914
v -0.178516 0.539185 0.416026
v -0.155360 0.548589 0.279698
v -0.179811 0.565604 0.547479
v -0.153974 0.509134 0.418122
v -0.163977 0.532616 0.511982
v -0.130818 0.518537 0.281794
v -0.086125 0.502643 0.429199
v -0.062347 0.503042 0.292355
v -0.106087 0.533164 0.533595
v 0.003999 0.498929 0.444250
v 0.026534 0.517336 0.308438
v -0.016584 0.538453 0.549163
v 0.092880 0.513223 0.460333
v 0.116658 0.513622 0.323490
v 0.072918 0.543743 0.564730
v 0.134364 0.550248 0.563873
v 0.059964 0.577569 0.627711
v -0.029538 0.572280 0.612144
v 0.057399 0.584825 0.639993
v -0.032103 0.579535 0.624426
v 0.058850 0.593711 0.628635
v -0.030653 0.588421 0.613068
v -0.120155 0.583132 0.597501
v -0.121605 0.574246 0.608858
v -0.119040 0.566990 0.596577
v 0.050311 0.517735 0.171594
v -0.039813 0.521449 0.156542
v -0.025040 0.566075 0.056447
v -0.107662 0.527940 0.145466
v -0.086790 0.563959 0.057555
v -0.132204 0.557992 0.143370
v -0.090821 0.601740 0.023565
v -0.147182 0.599109 0.143662
v -0.086627 0.611741 -0.003946
v -0.137982 0.641656 0.148159
v -0.091936 0.617882 0.024489
v -0.117773 0.674352 0.153847
v -0.092853 0.651752 0.062581
v -0.051368 0.688778 0.166121
v -0.031406 0.658257 0.061724
v -0.018453 0.624431 -0.001257
v -0.015888 0.617175 -0.013539
v -0.017338 0.608289 -0.002181
vn 0.2645 -0.9429 -0.2024
vn 0.1940 -0.9554 -0.2226
vn 0.2406 -0.8393 -0.4875
vn 0.3099 -0.8310 -0.4620
vn 0.8875 -0.4381 -0.1426
vn 0.9458 -0.3097 -0.0975
vn 0.9248 -0.3804 0.0063
vn 0.8688 -0.4950 -0.0103
vn 0.2357 -0.8191 -0.5229
vn 0.3471 -0.7896 -0.5061
vn 0.0992 -0.9651 -0.2425
vn 0.1369 -0.8575 -0.4960
vn 0.1484 -0.8000 -0.5814
vn 0.2124 -0.8365 -0.5052
vn 0.2822 -0.8784 -0.3858
vn 0.1504 -0.7879 -0.5972
vn 0.0918 0.9096 -0.4052
vn 0.1171 0.8978 -0.4246
vn 0.2317 0.8820 -0.4104
vn 0.1561 0.9468 -0.2813
vn 0.0364 0.8637 -0.5027
vn 0.0328 0.8736 -0.4856
vn 0.1195 0.9143 -0.3870
vn 0.1895 0.9126 -0.3622
vn 0.0143 0.9189 -0.3942
vn 0.0572 0.9927 -0.1059
vn 0.1198 0.9889 -0.0883
vn -0.0368 0.9915 -0.1251
vn -0.0688 0.9960 0.0570
vn 0.0353 0.9966 0.0747
vn 0.1235 0.9883 0.0891
vn 0.8640 0.5003 0.0567
vn 0.7927 0.6073 0.0528
vn 0.7571 0.6303 0.1721
vn 0.8532 0.4900 0.1787
vn 0.8937 0.4454 -0.0543
vn 0.8180 0.5689 -0.0850
vn 0.9228 0.3789 0.0690
vn 0.9246 0.3355 0.1802
vn 0.9070 0.4184 -0.0477
vn 0.9666 -0.2543 0.0328
vn 0.9633 -0.2240 0.1482
vn 0.9137 -0.3856 0.1286
vn 0.9554 -0.2820 -0.0878
vn 0.8376 -0.5360 0.1053
vn 0.8839 -0.3970 0.2473
vn 0.8282 -0.5115 0.2291
vn 0.9291 -0.2695 0.2531
vn 0.8796 -0.3128 0.3585
vn 0.8680 -0.3413 0.3607
vn 0.8010 -0.4732 0.3666
vn 0.8854 0.3637 0.2894
vn 0.8230 0.4837 0.2977
vn 0.8158 0.4138 0.4039
vn 0.8312 0.3876 0.3986
vn 0.7521 0.5908 0.2922
vn 0.7315 0.5338 0.4242
vn -0.0351 0.8515 0.5232
vn 0.0392 0.8516 0.5228
vn 0.0617 0.9653 0.2539
vn -0.0033 0.9682 0.2503
vn -0.0984 0.9665 0.2372
vn -0.1369 0.8575 0.4959
vn -0.1918 0.9570 0.2175
vn -0.1721 0.9843 0.0387
vn -0.2406 0.8394 0.4874
vn -0.2535 0.9466 0.1991
vn -0.2584 0.9658 0.0227
vn -0.3099 0.8309 0.4620
vn -0.9248 0.3804 -0.0063
vn -0.8688 0.4950 0.0103
vn -0.8376 0.5360 -0.1053
vn -0.9137 0.3856 -0.1286
vn -0.9458 0.3097 0.0975
vn -0.8875 0.4381 0.1426
vn -0.9666 0.2543 -0.0328
vn -0.9633 0.2240 -0.1482
vn -0.9554 0.2820 0.0878
vn -0.8640 -0.5003 -0.0567
vn -0.9228 -0.3789 -0.0690
vn -0.9246 -0.3355 -0.1802
vn -0.8532 -0.4900 -0.1787
vn -0.8937 -0.4454 0.0543
vn -0.9070 -0.4184 0.0477
vn -0.7927 -0.6073 -0.0528
vn -0.7571 -0.6303 -0.1721
vn -0.8180 -0.5689 0.0850
vn -0.1195 -0.9143 0.3871
vn -0.1895 -0.9126 0.3622
vn -0.1312 -0.9871 0.0919
vn -0.0595 -0.9920 0.1111
vn -0.1442 -0.9852 -0.0925
vn -0.0375 -0.9965 -0.0751
vn 0.0359 -0.9908 0.1305
vn 0.0688 -0.9960 -0.0570
vn -0.0143 -0.9189 0.3943
vn 0.1316 -0.9807 0.1444
vn 0.1743 -0.9840 -0.0383
vn 0.0860 -0.9021 0.4228
vn 0.2046 -0.9672 0.1503
vn 0.2786 -0.9602 -0.0189
vn 0.1596 -0.8920 0.4229
vn 0.1793 -0.8577 0.4818
vn 0.0692 -0.8867 0.4571
vn -0.0328 -0.8736 0.4856
vn 0.0534 -0.9010 0.4305
vn -0.0364 -0.8637 0.5027
vn 0.1595 -0.9282 0.3362
vn -0.0671 0.8450 0.5305
vn -0.0493 0.8302 0.5553
vn -0.1484 0.8000 0.5814
vn -0.1504 0.7879 0.5972
vn 0.0335 0.8970 0.4407
vn 0.0639 0.8139 0.5775
vn -0.2357 0.8191 0.5229
vn -0.2124 0.8365 0.5052
vn -0.3471 0.7896 0.5061
vn -0.2822 0.8784 0.3858
vn -0.1171 -0.8978 0.4246
vn -0.0918 -0.9096 0.4052
vn -0.1561 -0.9468 0.2813
vn -0.2317 -0.8820 0.4104
vn 0.0028 -0.9667 -0.2558
vn 0.0351 -0.8515 -0.5232
vn -0.0713 -0.9627 -0.2608
vn -0.0392 -0.8516 -0.5228
vn -0.8230 -0.4837 -0.2977
vn -0.7521 -0.5908 -0.2922
vn -0.8158 -0.4138 -0.4039
vn -0.7315 -0.5338 -0.4242
vn -0.8854 -0.3637 -0.2894
vn -0.8312 -0.3876 -0.3986
vn -0.9291 0.2695 -0.2531
vn -0.8839 0.3970 -0.2473
vn -0.8680 0.3413 -0.3607
vn -0.8796 0.3128 -0.3585
vn -0.8282 0.5115 -0.2291
vn -0.8010 0.4732 -0.3666
vn -0.1953 0.9702 -0.1431
vn -0.1313 0.9816 -0.1387
vn -0.0860 0.9022 -0.4228
vn -0.1596 0.8920 -0.4229
vn -0.0692 0.8867 -0.4571
vn -0.1793 0.8577 -0.4818
vn -0.0534 0.9010 -0.4305
vn -0.1595 0.9282 -0.3362
vn 0.0493 -0.8302 -0.5553
vn 0.0671 -0.8450 -0.5305
vn -0.0638 -0.8139 -0.5775
vn -0.0335 -0.8970 -0.4407
vt 0.865706 0.730444
vt 0.877805 0.730577
vt 0.876544 0.750728
vt 0.865715 0.747457
vt 0.861227 0.756809
vt 0.858678 0.731235
vt 0.875381 0.764786
vt 0.893774 0.730465
vt 0.893786 0.751300
vt 0.893833 0.765464
vt 0.875206 0.767758
vt 0.861183 0.762939
vt 0.893840 0.768419
vt 0.874987 0.536303
vt 0.875184 0.539283
vt 0.861106 0.547423
vt 0.861001 0.541303
vt 0.893667 0.535614
vt 0.893663 0.538570
vt 0.876420 0.553441
vt 0.865628 0.556733
vt 0.893658 0.552733
vt 0.877734 0.573461
vt 0.865656 0.573646
vt 0.893633 0.573520
vt 0.893611 0.597453
vt 0.877825 0.597646
vt 0.865276 0.597977
vt 0.858731 0.572850
vt 0.858045 0.598283
vt 0.850696 0.571605
vt 0.849649 0.598649
vt 0.850453 0.732506
vt 0.849539 0.705189
vt 0.857961 0.705597
vt 0.865203 0.705899
vt 0.860902 0.680617
vt 0.867456 0.682143
vt 0.853256 0.678368
vt 0.867656 0.652094
vt 0.866726 0.657691
vt 0.869449 0.666703
vt 0.853006 0.625553
vt 0.860871 0.623322
vt 0.866709 0.646464
vt 0.867541 0.621850
vt 0.869461 0.637385
vt 0.879205 0.638841
vt 0.878864 0.620978
vt 0.893581 0.620579
vt 0.893541 0.638572
vt 0.908304 0.621033
vt 0.909397 0.597774
vt 0.907917 0.638853
vt 0.919638 0.621951
vt 0.921951 0.598220
vt 0.917638 0.637398
vt 0.926186 0.623487
vt 0.929188 0.598551
vt 0.920360 0.646408
vt 0.933820 0.625744
vt 0.937595 0.598994
vt 0.919431 0.652003
vt 0.926278 0.680750
vt 0.934126 0.678495
vt 0.937595 0.705340
vt 0.929216 0.705739
vt 0.920388 0.657626
vt 0.919618 0.682247
vt 0.922003 0.706075
vt 0.917655 0.666711
vt 0.907904 0.665272
vt 0.908281 0.683171
vt 0.909363 0.706467
vt 0.893495 0.683629
vt 0.893618 0.706589
vt 0.893554 0.665552
vt 0.878778 0.683034
vt 0.877869 0.706304
vt 0.879170 0.665251
vt 0.879727 0.654309
vt 0.893547 0.654340
vt 0.879997 0.652106
vt 0.893547 0.652057
vt 0.879725 0.649879
vt 0.893547 0.649774
vt 0.907366 0.649798
vt 0.907097 0.652001
vt 0.907371 0.654227
vt 0.909663 0.730569
vt 0.911019 0.750548
vt 0.921709 0.730348
vt 0.921788 0.747229
vt 0.928623 0.731120
vt 0.926332 0.756512
vt 0.936647 0.732335
vt 0.926456 0.762625
vt 0.936850 0.571717
vt 0.928627 0.572938
vt 0.926221 0.547376
vt 0.926298 0.541249
vt 0.921602 0.573687
vt 0.921687 0.556697
vt 0.909533 0.573482
vt 0.910884 0.553374
vt 0.912113 0.539328
vt 0.912302 0.536358
vt 0.912296 0.764689
vt 0.912504 0.767665
s 1
f 842/1307/923 846/1308/924 844/1309/925 841/1310/926
f 841/1310/927 843/1311/928 867/1312/929 842/1307/930
f 844/1309/925 847/1313/931 843/1311/932 841/1310/926
f 846/1308/924 921/1314/933 845/1315/934 844/1309/925
f 845/1315/934 848/1316/935 847/1313/931 844/1309/925
f 847/1313/931 849/1317/936 850/1318/937 843/1311/932
f 848/1316/935 851/1319/938 849/1317/936 847/1313/931
f 849/1320/939 852/1321/940 853/1322/941 850/1323/942
f 851/1324/943 854/1325/944 852/1321/940 849/1320/939
f 852/1321/940 855/1326/945 856/1327/946 853/1322/941
f 854/1325/944 857/1328/947 855/1326/945 852/1321/940
f 858/1329/948 861/1330/949 856/1327/946 855/1326/945
f 860/1331/950 858/1329/948 855/1326/945 857/1328/947
f 882/1332/951 859/1333/952 858/1329/948 860/1331/950
f 859/1333/952 862/1334/953 861/1330/949 858/1329/948
f 863/1335/954 861/1330/955 862/1334/956 864/1336/957
f 853/1322/958 856/1327/959 861/1330/955 863/1335/954
f 865/1337/960 863/1335/954 864/1336/957 866/1338/961
f 850/1323/962 853/1322/958 863/1335/954 865/1337/960
f 867/1312/929 865/1339/963 866/1340/964 868/1341/965
f 843/1311/928 850/1318/966 865/1339/963 867/1312/929
f 842/1307/930 867/1312/929 868/1341/965 869/1342/967
f 869/1342/967 868/1341/965 870/1343/968 872/1344/969
f 868/1341/965 866/1340/964 873/1345/970 870/1343/968
f 870/1343/968 873/1345/970 874/1346/971 871/1347/972
f 872/1344/969 870/1343/968 871/1347/972 911/1348/973
f 873/1349/974 875/1350/975 876/1351/976 874/1346/977
f 866/1338/961 864/1336/957 875/1350/975 873/1349/974
f 875/1350/975 877/1352/978 878/1353/979 876/1351/976
f 864/1336/957 862/1334/956 877/1352/978 875/1350/975
f 880/1354/980 878/1353/981 877/1352/982 879/1355/983
f 879/1355/983 877/1352/982 862/1334/953 859/1333/952
f 881/1356/984 879/1355/983 859/1333/952 882/1332/951
f 883/1357/985 880/1354/980 879/1355/983 881/1356/984
f 884/1358/986 881/1356/984 882/1332/951 885/1359/987
f 886/1360/988 883/1357/985 881/1356/984 884/1358/986
f 887/1361/989 884/1358/986 885/1359/987 888/1362/990
f 889/1363/991 886/1360/988 884/1358/986 887/1361/989
f 890/1364/992 887/1361/993 888/1362/994 891/1365/995
f 892/1366/996 889/1363/997 887/1361/993 890/1364/992
f 893/1367/998 890/1364/992 891/1365/995 894/1368/999
f 895/1369/1000 892/1366/996 890/1364/992 893/1367/998
f 896/1370/1001 893/1371/1002 894/1372/1003 897/1373/1004
f 898/1374/1005 895/1369/1006 893/1371/1002 896/1370/1001
f 899/1375/1007 896/1370/1001 897/1373/1004 901/1376/1008
f 900/1377/1009 898/1374/1005 896/1370/1001 899/1375/1007
f 904/1378/1010 900/1377/1011 899/1375/1012 902/1379/1013
f 902/1379/1013 899/1375/1012 901/1376/1014 903/1380/1015
f 905/1381/1016 902/1379/1013 903/1380/1015 906/1382/1017
f 907/1383/1018 904/1378/1010 902/1379/1013 905/1381/1016
f 908/1384/1019 905/1381/1016 906/1382/1017 909/1385/1020
f 910/1386/1021 907/1383/1018 905/1381/1016 908/1384/1019
f 872/1344/1022 908/1384/1019 909/1385/1020 869/1342/1023
f 911/1348/1024 910/1386/1021 908/1384/1019 872/1344/1022
f 911/1348/1024 871/1347/1025 912/1387/1026 910/1386/1021
f 910/1386/1021 912/1387/1026 913/1388/1027 907/1383/1018
f 912/1387/1026 914/1389/1028 915/1390/1029 913/1388/1027
f 871/1347/1025 874/1346/1030 914/1389/1028 912/1387/1026
f 914/1389/1031 916/1391/1032 917/1392/1033 915/1390/1034
f 874/1346/1035 876/1351/1036 916/1391/1032 914/1389/1031
f 916/1391/1032 880/1354/980 883/1357/985 917/1392/1033
f 876/1351/1036 878/1353/981 880/1354/980 916/1391/1032
f 915/1390/1034 917/1392/1033 918/1393/1037 919/1394/1038
f 917/1392/1033 883/1357/985 886/1360/988 918/1393/1037
f 918/1393/1037 886/1360/988 889/1363/991 892/1366/1039
f 919/1394/1038 918/1393/1037 892/1366/1039 895/1369/1040
f 920/1395/1041 919/1394/1042 895/1369/1043 898/1374/1044
f 913/1388/1027 915/1390/1029 919/1394/1042 920/1395/1041
f 904/1378/1010 920/1395/1041 898/1374/1044 900/1377/1011
f 907/1383/1018 913/1388/1027 920/1395/1041 904/1378/1010
f 869/1342/1023 909/1385/1020 846/1308/924 842/1307/923
f 909/1385/1020 906/1382/1017 921/1314/933 846/1308/924
f 906/1382/1017 903/1380/1015 922/1396/1045 921/1314/933
f 921/1314/933 922/1396/1045 923/1397/1046 845/1315/934
f 922/1396/1045 924/1398/1047 925/1399/1048 923/1397/1046
f 903/1380/1015 901/1376/1014 924/1398/1047 922/1396/1045
f 901/1376/1008 897/1373/1004 926/1400/1049 924/1398/1050
f 924/1398/1050 926/1400/1049 927/1401/1051 925/1399/1052
f 926/1400/1049 928/1402/1053 929/1403/1054 927/1401/1051
f 897/1373/1004 894/1372/1003 928/1402/1053 926/1400/1049
f 928/1404/1055 930/1405/1056 931/1406/1057 929/1407/1058
f 894/1368/999 891/1365/995 930/1405/1056 928/1404/1055
f 930/1405/1056 932/1408/1059 933/1409/1060 931/1406/1057
f 891/1365/995 888/1362/994 932/1408/1059 930/1405/1056
f 932/1408/1061 934/1410/1062 935/1411/1063 933/1409/1064
f 888/1362/990 885/1359/987 934/1410/1062 932/1408/1061
f 934/1410/1062 860/1331/950 857/1328/947 935/1411/1063
f 885/1359/987 882/1332/951 860/1331/950 934/1410/1062
f 936/1412/1065 935/1411/1063 857/1328/947 854/1325/944
f 931/1406/1066 933/1409/1064 935/1411/1063 936/1412/1065
f 937/1413/1067 936/1412/1065 854/1325/944 851/1324/943
f 929/1407/1068 931/1406/1066 936/1412/1065 937/1413/1067
f 938/1414/1069 937/1415/1070 851/1319/938 848/1316/935
f 927/1401/1071 929/1403/1072 937/1415/1070 938/1414/1069
f 923/1397/1046 938/1414/1069 848/1316/935 845/1315/934
f 925/1399/1048 927/1401/1071 938/1414/1069 923/1397/1046
o Sandbags.007
v -0.291686 0.520489 0.090815
v -0.272344 0.518949 0.186129
v -0.286483 0.543016 0.045379
v -0.353356 0.523288 0.088032
v -0.442813 0.535733 0.099147
v -0.340411 0.518355 0.197744
v -0.359595 0.541102 0.017872
v -0.449052 0.553547 0.028987
v -0.360744 0.545210 0.004020
v -0.290231 0.542269 0.016056
v -0.450201 0.557656 0.015135
v -0.358092 0.556424 0.012811
v -0.284981 0.558339 0.040318
v -0.447549 0.568870 0.023926
v -0.344773 0.610792 0.059130
v -0.283512 0.603827 0.063290
v -0.434230 0.623237 0.070245
v -0.324832 0.677192 0.145282
v -0.302350 0.723853 0.273980
v -0.413456 0.698124 0.153593
v -0.258712 0.657930 0.140225
v -0.236788 0.698908 0.270801
v -0.239269 0.625037 0.147283
v -0.217345 0.666015 0.277859
v -0.231081 0.583647 0.158897
v -0.209156 0.624625 0.289473
v -0.247059 0.545619 0.173514
v -0.225134 0.586597 0.304090
v -0.250419 0.559926 0.316705
v -0.203210 0.627575 0.434666
v -0.202227 0.700495 0.547187
v -0.228495 0.600904 0.447281
v -0.187232 0.665603 0.420049
v -0.196977 0.716565 0.571450
v -0.195420 0.706993 0.408435
v -0.200724 0.715818 0.542127
v -0.214863 0.739886 0.401377
v -0.210431 0.740419 0.498543
v -0.280983 0.759147 0.406434
v -0.268037 0.754214 0.516146
v -0.369607 0.780080 0.414745
v -0.392364 0.730615 0.286973
v -0.357494 0.766659 0.527261
v -0.459897 0.784038 0.428663
v -0.481264 0.748744 0.296210
v -0.446952 0.779105 0.538376
v -0.527963 0.783444 0.440279
v -0.549888 0.742466 0.309702
v -0.508621 0.781903 0.535592
v -0.553249 0.756774 0.452894
v -0.575173 0.715796 0.322318
v -0.513824 0.759376 0.581028
v -0.569227 0.718746 0.467511
v -0.591151 0.677768 0.336935
v -0.510077 0.760123 0.610352
v -0.561038 0.677356 0.479125
v -0.582963 0.636378 0.348549
v -0.515327 0.744054 0.586089
v -0.541595 0.644462 0.486183
v -0.516795 0.698566 0.563118
v -0.563519 0.603485 0.355607
v -0.475476 0.625201 0.481126
v -0.498239 0.575676 0.353373
v -0.455534 0.691601 0.567278
v -0.386857 0.604209 0.472834
v -0.407943 0.571778 0.339435
v -0.366077 0.679155 0.556163
v -0.296561 0.600311 0.458896
v -0.319324 0.550786 0.331143
v -0.276620 0.666710 0.545048
v -0.218604 0.657082 0.526069
v -0.263301 0.721078 0.591367
v -0.352758 0.733523 0.602482
v -0.260649 0.732292 0.600157
v -0.350106 0.744737 0.611272
v -0.261798 0.736400 0.586306
v -0.351256 0.748846 0.597421
v -0.440713 0.761291 0.608536
v -0.439563 0.757182 0.622387
v -0.442216 0.745968 0.613597
v -0.430706 0.522253 0.211682
v -0.519325 0.543246 0.219974
v -0.532270 0.548179 0.110261
v -0.585444 0.562507 0.225031
v -0.589877 0.561974 0.127864
v -0.604887 0.595400 0.217973
v -0.599583 0.586575 0.084281
v -0.613076 0.636790 0.206359
v -0.603331 0.585828 0.054958
v -0.597098 0.674818 0.191742
v -0.598080 0.601897 0.079220
v -0.571812 0.701489 0.179126
v -0.581703 0.645311 0.100339
v -0.503746 0.702082 0.167511
v -0.523687 0.635683 0.081359
v -0.537006 0.581315 0.035041
v -0.539658 0.570101 0.026250
v -0.538509 0.565992 0.040101
vn 0.0496 -0.9924 0.1128
vn -0.0247 -0.9927 0.1177
vn -0.0521 -0.9834 -0.1738
vn 0.0221 -0.9848 -0.1722
vn 0.7213 -0.6671 -0.1865
vn 0.8084 -0.5498 -0.2105
vn 0.8131 -0.5758 -0.0859
vn 0.7395 -0.6718 -0.0425
vn -0.0656 -0.9751 -0.2117
vn 0.0481 -0.9704 -0.2366
vn -0.1210 -0.9844 0.1280
vn -0.1543 -0.9769 -0.1479
vn -0.1637 -0.9547 -0.2486
vn -0.0839 -0.9794 -0.1834
vn 0.0147 -0.9967 -0.0793
vn -0.1653 -0.9492 -0.2678
vn 0.0786 0.6780 -0.7308
vn 0.0942 0.6547 -0.7500
vn 0.2037 0.6163 -0.7607
vn 0.1846 0.7358 -0.6515
vn -0.0116 0.6186 -0.7856
vn -0.0079 0.6340 -0.7733
vn 0.1111 0.6813 -0.7236
vn 0.1845 0.6703 -0.7188
vn 0.0111 0.7094 -0.7047
vn 0.1563 0.8588 -0.4879
vn 0.2201 0.8453 -0.4869
vn 0.0620 0.8748 -0.4804
vn 0.0927 0.9455 -0.3123
vn 0.1958 0.9258 -0.3234
vn 0.2818 0.9009 -0.3300
vn 0.8951 0.2603 -0.3620
vn 0.8421 0.3745 -0.3881
vn 0.8512 0.4427 -0.2819
vn 0.9237 0.2927 -0.2470
vn 0.8787 0.1671 -0.4472
vn 0.8150 0.2889 -0.5023
vn 0.9373 0.1387 -0.3198
vn 0.9695 0.1343 -0.2049
vn 0.8896 0.1411 -0.4345
vn 0.8783 -0.4624 -0.1212
vn 0.9174 -0.3968 -0.0295
vn 0.8422 -0.5384 0.0276
vn 0.8244 -0.5237 -0.2149
vn 0.7426 -0.6644 0.0838
vn 0.8518 -0.5033 0.1450
vn 0.7780 -0.5999 0.1868
vn 0.9138 -0.3962 0.0898
vn 0.8961 -0.3896 0.2126
vn 0.8821 -0.4120 0.2285
vn 0.8032 -0.5140 0.3012
vn 0.9727 0.2049 -0.1087
vn 0.9339 0.3327 -0.1312
vn 0.9524 0.3048 -0.0083
vn 0.9613 0.2753 -0.0070
vn 0.8806 0.4464 -0.1588
vn 0.8969 0.4419 -0.0145
vn 0.2575 0.9548 0.1482
vn 0.3268 0.9363 0.1288
vn 0.2751 0.9482 -0.1591
vn 0.2136 0.9658 -0.1468
vn 0.1203 0.9837 -0.1334
vn 0.1543 0.9769 0.1478
vn 0.0252 0.9920 -0.1234
vn -0.0114 0.9546 -0.2977
vn 0.0522 0.9834 0.1737
vn -0.0398 0.9920 -0.1199
vn -0.0999 0.9540 -0.2826
vn -0.0221 0.9848 0.1722
vn -0.8131 0.5758 0.0859
vn -0.7395 0.6718 0.0425
vn -0.7426 0.6644 -0.0838
vn -0.8422 0.5384 -0.0276
vn -0.8084 0.5498 0.2105
vn -0.7213 0.6671 0.1865
vn -0.8783 0.4624 0.1212
vn -0.9174 0.3968 0.0295
vn -0.8244 0.5237 0.2149
vn -0.8951 -0.2603 0.3620
vn -0.9373 -0.1387 0.3198
vn -0.9695 -0.1343 0.2049
vn -0.9237 -0.2927 0.2470
vn -0.8787 -0.1671 0.4472
vn -0.8896 -0.1411 0.4345
vn -0.8421 -0.3745 0.3881
vn -0.8512 -0.4427 0.2819
vn -0.8150 -0.2889 0.5023
vn -0.1112 -0.6812 0.7236
vn -0.1845 -0.6703 0.7188
vn -0.2293 -0.8397 0.4923
vn -0.1567 -0.8559 0.4929
vn -0.3019 -0.8940 0.3312
vn -0.1980 -0.9252 0.3236
vn -0.0611 -0.8723 0.4852
vn -0.0927 -0.9455 0.3123
vn -0.0111 -0.7093 0.7048
vn 0.0344 -0.8824 0.4692
vn 0.0137 -0.9547 0.2973
vn 0.0943 -0.7098 0.6981
vn 0.1064 -0.8863 0.4506
vn 0.1207 -0.9528 0.2787
vn 0.1645 -0.7188 0.6755
vn 0.2070 -0.6735 0.7096
vn 0.0920 -0.6806 0.7269
vn 0.0079 -0.6340 0.7733
vn 0.0665 -0.6982 0.7128
vn 0.0116 -0.6186 0.7856
vn 0.1308 -0.7797 0.6123
vn 0.2291 0.9592 0.1654
vn 0.2518 0.9492 0.1886
vn 0.1637 0.9547 0.2486
vn 0.1653 0.9492 0.2678
vn 0.3008 0.9529 0.0401
vn 0.3626 0.9133 0.1856
vn 0.0656 0.9751 0.2117
vn 0.0839 0.9794 0.1834
vn -0.0481 0.9704 0.2366
vn -0.0147 0.9967 0.0793
vn -0.0942 -0.6547 0.7500
vn -0.0786 -0.6780 0.7308
vn -0.1846 -0.7358 0.6515
vn -0.2037 -0.6163 0.7607
vn -0.2157 -0.9662 0.1414
vn -0.2576 -0.9548 -0.1483
vn -0.2860 -0.9457 0.1545
vn -0.3268 -0.9363 -0.1288
vn -0.9339 -0.3327 0.1312
vn -0.8806 -0.4464 0.1588
vn -0.9524 -0.3048 0.0083
vn -0.8969 -0.4419 0.0145
vn -0.9727 -0.2049 0.1087
vn -0.9613 -0.2753 0.0070
vn -0.9138 0.3962 -0.0898
vn -0.8518 0.5033 -0.1450
vn -0.8821 0.4120 -0.2285
vn -0.8961 0.3896 -0.2126
vn -0.7780 0.5999 -0.1868
vn -0.8032 0.5140 -0.3012
vn -0.0949 0.8891 -0.4478
vn -0.0321 0.8850 -0.4645
vn -0.0942 0.7098 -0.6981
vn -0.1645 0.7188 -0.6755
vn -0.0920 0.6806 -0.7269
vn -0.2070 0.6735 -0.7096
vn -0.0665 0.6982 -0.7128
vn -0.1308 0.7797 -0.6123
vn -0.2518 -0.9492 -0.1886
vn -0.2291 -0.9592 -0.1654
vn -0.3626 -0.9133 -0.1856
vn -0.3008 -0.9529 -0.0401
vt 0.912712 0.211417
vt 0.924811 0.211550
vt 0.923550 0.231702
vt 0.912721 0.228430
vt 0.908232 0.237782
vt 0.905684 0.212209
vt 0.922386 0.245759
vt 0.940780 0.211438
vt 0.940792 0.232273
vt 0.940838 0.246437
vt 0.922211 0.248731
vt 0.908189 0.243912
vt 0.940846 0.249392
vt 0.921992 0.017276
vt 0.922190 0.020256
vt 0.908112 0.028396
vt 0.908007 0.022276
vt 0.940672 0.016587
vt 0.940668 0.019543
vt 0.923425 0.034414
vt 0.912633 0.037707
vt 0.940664 0.033706
vt 0.924739 0.054434
vt 0.912662 0.054619
vt 0.940638 0.054493
vt 0.940617 0.078427
vt 0.924830 0.078619
vt 0.912281 0.078951
vt 0.905736 0.053823
vt 0.905051 0.079256
vt 0.897701 0.052578
vt 0.896654 0.079622
vt 0.897458 0.213479
vt 0.896544 0.186162
vt 0.904966 0.186570
vt 0.912208 0.186872
vt 0.907908 0.161591
vt 0.914461 0.163116
vt 0.900261 0.159341
vt 0.914661 0.133067
vt 0.913731 0.138664
vt 0.916454 0.147676
vt 0.900011 0.106526
vt 0.907876 0.104295
vt 0.913714 0.127437
vt 0.914546 0.102823
vt 0.916466 0.118358
vt 0.926210 0.119815
vt 0.925869 0.101952
vt 0.940586 0.101552
vt 0.940547 0.119545
vt 0.955309 0.102006
vt 0.956402 0.078747
vt 0.954922 0.119826
vt 0.966643 0.102924
vt 0.968956 0.079193
vt 0.964643 0.118371
vt 0.973191 0.104460
vt 0.976194 0.079524
vt 0.967365 0.127381
vt 0.980825 0.106717
vt 0.984601 0.079967
vt 0.966436 0.132976
vt 0.973283 0.161723
vt 0.981131 0.159469
vt 0.984601 0.186313
vt 0.976222 0.186713
vt 0.967393 0.138600
vt 0.966623 0.163220
vt 0.969008 0.187048
vt 0.964660 0.147684
vt 0.954909 0.146245
vt 0.955287 0.164144
vt 0.956368 0.187440
vt 0.940500 0.164602
vt 0.940624 0.187562
vt 0.940559 0.146525
vt 0.925783 0.164007
vt 0.924874 0.187277
vt 0.926175 0.146225
vt 0.926732 0.135282
vt 0.940553 0.135313
vt 0.927003 0.133079
vt 0.940553 0.133030
vt 0.926731 0.130852
vt 0.940553 0.130747
vt 0.954371 0.130771
vt 0.954102 0.132975
vt 0.954376 0.135200
vt 0.956668 0.211542
vt 0.958024 0.231521
vt 0.968714 0.211321
vt 0.968794 0.228202
vt 0.975628 0.212093
vt 0.973337 0.237486
vt 0.983653 0.213308
vt 0.973462 0.243598
vt 0.983855 0.052690
vt 0.975632 0.053911
vt 0.973227 0.028349
vt 0.973304 0.022222
vt 0.968608 0.054660
vt 0.968692 0.037670
vt 0.956538 0.054455
vt 0.957890 0.034347
vt 0.959118 0.020302
vt 0.959307 0.017331
vt 0.959301 0.245662
vt 0.959509 0.248638
s 1
f 940/1416/1073 944/1417/1074 942/1418/1075 939/1419/1076
f 939/1419/1077 941/1420/1078 965/1421/1079 940/1416/1080
f 942/1418/1075 945/1422/1081 941/1420/1082 939/1419/1076
f 944/1417/1074 1019/1423/1083 943/1424/1084 942/1418/1075
f 943/1424/1084 946/1425/1085 945/1422/1081 942/1418/1075
f 945/1422/1081 947/1426/1086 948/1427/1087 941/1420/1082
f 946/1425/1085 949/1428/1088 947/1426/1086 945/1422/1081
f 947/1429/1089 950/1430/1090 951/1431/1091 948/1432/1092
f 949/1433/1093 952/1434/1094 950/1430/1090 947/1429/1089
f 950/1430/1090 953/1435/1095 954/1436/1096 951/1431/1091
f 952/1434/1094 955/1437/1097 953/1435/1095 950/1430/1090
f 956/1438/1098 959/1439/1099 954/1436/1096 953/1435/1095
f 958/1440/1100 956/1438/1098 953/1435/1095 955/1437/1097
f 980/1441/1101 957/1442/1102 956/1438/1098 958/1440/1100
f 957/1442/1102 960/1443/1103 959/1439/1099 956/1438/1098
f 961/1444/1104 959/1439/1105 960/1443/1106 962/1445/1107
f 951/1431/1108 954/1436/1109 959/1439/1105 961/1444/1104
f 963/1446/1110 961/1444/1104 962/1445/1107 964/1447/1111
f 948/1432/1112 951/1431/1108 961/1444/1104 963/1446/1110
f 965/1421/1079 963/1448/1113 964/1449/1114 966/1450/1115
f 941/1420/1078 948/1427/1116 963/1448/1113 965/1421/1079
f 940/1416/1080 965/1421/1079 966/1450/1115 967/1451/1117
f 967/1451/1117 966/1450/1115 968/1452/1118 970/1453/1119
f 966/1450/1115 964/1449/1114 971/1454/1120 968/1452/1118
f 968/1452/1118 971/1454/1120 972/1455/1121 969/1456/1122
f 970/1453/1119 968/1452/1118 969/1456/1122 1009/1457/1123
f 971/1458/1124 973/1459/1125 974/1460/1126 972/1455/1127
f 964/1447/1111 962/1445/1107 973/1459/1125 971/1458/1124
f 973/1459/1125 975/1461/1128 976/1462/1129 974/1460/1126
f 962/1445/1107 960/1443/1106 975/1461/1128 973/1459/1125
f 978/1463/1130 976/1462/1131 975/1461/1132 977/1464/1133
f 977/1464/1133 975/1461/1132 960/1443/1103 957/1442/1102
f 979/1465/1134 977/1464/1133 957/1442/1102 980/1441/1101
f 981/1466/1135 978/1463/1130 977/1464/1133 979/1465/1134
f 982/1467/1136 979/1465/1134 980/1441/1101 983/1468/1137
f 984/1469/1138 981/1466/1135 979/1465/1134 982/1467/1136
f 985/1470/1139 982/1467/1136 983/1468/1137 986/1471/1140
f 987/1472/1141 984/1469/1138 982/1467/1136 985/1470/1139
f 988/1473/1142 985/1470/1143 986/1471/1144 989/1474/1145
f 990/1475/1146 987/1472/1147 985/1470/1143 988/1473/1142
f 991/1476/1148 988/1473/1142 989/1474/1145 992/1477/1149
f 993/1478/1150 990/1475/1146 988/1473/1142 991/1476/1148
f 994/1479/1151 991/1480/1152 992/1481/1153 995/1482/1154
f 996/1483/1155 993/1478/1156 991/1480/1152 994/1479/1151
f 997/1484/1157 994/1479/1151 995/1482/1154 999/1485/1158
f 998/1486/1159 996/1483/1155 994/1479/1151 997/1484/1157
f 1002/1487/1160 998/1486/1161 997/1484/1162 1000/1488/1163
f 1000/1488/1163 997/1484/1162 999/1485/1164 1001/1489/1165
f 1003/1490/1166 1000/1488/1163 1001/1489/1165 1004/1491/1167
f 1005/1492/1168 1002/1487/1160 1000/1488/1163 1003/1490/1166
f 1006/1493/1169 1003/1490/1166 1004/1491/1167 1007/1494/1170
f 1008/1495/1171 1005/1492/1168 1003/1490/1166 1006/1493/1169
f 970/1453/1172 1006/1493/1169 1007/1494/1170 967/1451/1173
f 1009/1457/1174 1008/1495/1171 1006/1493/1169 970/1453/1172
f 1009/1457/1174 969/1456/1175 1010/1496/1176 1008/1495/1171
f 1008/1495/1171 1010/1496/1176 1011/1497/1177 1005/1492/1168
f 1010/1496/1176 1012/1498/1178 1013/1499/1179 1011/1497/1177
f 969/1456/1175 972/1455/1180 1012/1498/1178 1010/1496/1176
f 1012/1498/1181 1014/1500/1182 1015/1501/1183 1013/1499/1184
f 972/1455/1185 974/1460/1186 1014/1500/1182 1012/1498/1181
f 1014/1500/1182 978/1463/1130 981/1466/1135 1015/1501/1183
f 974/1460/1186 976/1462/1131 978/1463/1130 1014/1500/1182
f 1013/1499/1184 1015/1501/1183 1016/1502/1187 1017/1503/1188
f 1015/1501/1183 981/1466/1135 984/1469/1138 1016/1502/1187
f 1016/1502/1187 984/1469/1138 987/1472/1141 990/1475/1189
f 1017/1503/1188 1016/1502/1187 990/1475/1189 993/1478/1190
f 1018/1504/1191 1017/1503/1192 993/1478/1193 996/1483/1194
f 1011/1497/1177 1013/1499/1179 1017/1503/1192 1018/1504/1191
f 1002/1487/1160 1018/1504/1191 996/1483/1194 998/1486/1161
f 1005/1492/1168 1011/1497/1177 1018/1504/1191 1002/1487/1160
f 967/1451/1173 1007/1494/1170 944/1417/1074 940/1416/1073
f 1007/1494/1170 1004/1491/1167 1019/1423/1083 944/1417/1074
f 1004/1491/1167 1001/1489/1165 1020/1505/1195 1019/1423/1083
f 1019/1423/1083 1020/1505/1195 1021/1506/1196 943/1424/1084
f 1020/1505/1195 1022/1507/1197 1023/1508/1198 1021/1506/1196
f 1001/1489/1165 999/1485/1164 1022/1507/1197 1020/1505/1195
f 999/1485/1158 995/1482/1154 1024/1509/1199 1022/1507/1200
f 1022/1507/1200 1024/1509/1199 1025/1510/1201 1023/1508/1202
f 1024/1509/1199 1026/1511/1203 1027/1512/1204 1025/1510/1201
f 995/1482/1154 992/1481/1153 1026/1511/1203 1024/1509/1199
f 1026/1513/1205 1028/1514/1206 1029/1515/1207 1027/1516/1208
f 992/1477/1149 989/1474/1145 1028/1514/1206 1026/1513/1205
f 1028/1514/1206 1030/1517/1209 1031/1518/1210 1029/1515/1207
f 989/1474/1145 986/1471/1144 1030/1517/1209 1028/1514/1206
f 1030/1517/1211 1032/1519/1212 1033/1520/1213 1031/1518/1214
f 986/1471/1140 983/1468/1137 1032/1519/1212 1030/1517/1211
f 1032/1519/1212 958/1440/1100 955/1437/1097 1033/1520/1213
f 983/1468/1137 980/1441/1101 958/1440/1100 1032/1519/1212
f 1034/1521/1215 1033/1520/1213 955/1437/1097 952/1434/1094
f 1029/1515/1216 1031/1518/1214 1033/1520/1213 1034/1521/1215
f 1035/1522/1217 1034/1521/1215 952/1434/1094 949/1433/1093
f 1027/1516/1218 1029/1515/1216 1034/1521/1215 1035/1522/1217
f 1036/1523/1219 1035/1524/1220 949/1428/1088 946/1425/1085
f 1025/1510/1221 1027/1512/1222 1035/1524/1220 1036/1523/1219
f 1021/1506/1196 1036/1523/1219 946/1425/1085 943/1424/1084
f 1023/1508/1198 1025/1510/1221 1036/1523/1219 1021/1506/1196
o Sandbags.008
v -0.223491 0.243082 0.114534
v -0.233260 0.213654 0.206729
v -0.209458 0.279051 0.081244
v -0.280943 0.240878 0.091881
v -0.370349 0.240878 0.074922
v -0.300314 0.203154 0.194010
v -0.269423 0.279051 0.031145
v -0.358828 0.279051 0.014187
v -0.267183 0.287154 0.019339
v -0.204158 0.287154 0.053302
v -0.356589 0.287154 0.002381
v -0.269423 0.295257 0.031145
v -0.209458 0.295257 0.081244
v -0.358828 0.295257 0.014187
v -0.280943 0.333430 0.091881
v -0.223491 0.331227 0.114534
v -0.370349 0.333430 0.074922
v -0.300314 0.371154 0.194010
v -0.326143 0.377166 0.330182
v -0.389720 0.380131 0.177051
v -0.233260 0.360654 0.206729
v -0.259089 0.360654 0.342901
v -0.210908 0.329154 0.210968
v -0.236737 0.329154 0.347140
v -0.198832 0.287154 0.213259
v -0.224661 0.287154 0.349431
v -0.210908 0.245154 0.210968
v -0.236737 0.245154 0.347140
v -0.259089 0.213654 0.342901
v -0.262566 0.245154 0.483312
v -0.308719 0.279051 0.604558
v -0.284918 0.213654 0.479073
v -0.250490 0.287154 0.485603
v -0.314019 0.287154 0.632499
v -0.262566 0.329154 0.483312
v -0.308719 0.295257 0.604558
v -0.284918 0.360654 0.479073
v -0.309587 0.331227 0.568441
v -0.351972 0.371154 0.466354
v -0.371344 0.333430 0.568483
v -0.441378 0.380131 0.449396
v -0.415549 0.371154 0.313223
v -0.460750 0.333430 0.551525
v -0.530784 0.371154 0.432437
v -0.504955 0.377166 0.296265
v -0.550156 0.333430 0.534566
v -0.597838 0.360654 0.419718
v -0.572010 0.360654 0.283546
v -0.607607 0.331227 0.511913
v -0.620190 0.329154 0.415479
v -0.594361 0.329154 0.279307
v -0.621640 0.295257 0.545203
v -0.632266 0.287154 0.413188
v -0.606437 0.287154 0.277016
v -0.626940 0.287154 0.573144
v -0.620190 0.245154 0.415479
v -0.594361 0.245154 0.279307
v -0.621640 0.279051 0.545203
v -0.597838 0.213654 0.419718
v -0.607607 0.243082 0.511913
v -0.572010 0.213654 0.283546
v -0.530784 0.203154 0.432437
v -0.504955 0.194114 0.296265
v -0.550156 0.240878 0.534566
v -0.441378 0.194114 0.449396
v -0.415549 0.203154 0.313223
v -0.460750 0.240878 0.551525
v -0.351972 0.203154 0.466354
v -0.326143 0.194114 0.330182
v -0.371344 0.240878 0.568483
v -0.309587 0.243082 0.568441
v -0.382864 0.279051 0.629218
v -0.472270 0.279051 0.612260
v -0.385103 0.287154 0.641024
v -0.474509 0.287154 0.624066
v -0.382864 0.295257 0.629218
v -0.472270 0.295257 0.612260
v -0.561676 0.295257 0.595302
v -0.563915 0.287154 0.607108
v -0.561676 0.279051 0.595302
v -0.389720 0.194114 0.177051
v -0.479126 0.203154 0.160093
v -0.459754 0.240878 0.057964
v -0.546181 0.213654 0.147374
v -0.521511 0.243082 0.058006
v -0.568532 0.245154 0.143135
v -0.522379 0.279051 0.021889
v -0.580608 0.287154 0.140844
v -0.517079 0.287154 -0.006052
v -0.568532 0.329154 0.143135
v -0.522379 0.295257 0.021889
v -0.546181 0.360654 0.147374
v -0.521511 0.331227 0.058006
v -0.479126 0.371154 0.160093
v -0.459754 0.333430 0.057964
v -0.448234 0.295257 -0.002771
v -0.445995 0.287154 -0.014578
v -0.448234 0.279051 -0.002771
vn 0.2012 -0.9689 -0.1444
vn 0.1302 -0.9776 -0.1652
vn 0.1889 -0.8803 -0.4352
vn 0.2582 -0.8753 -0.4089
vn 0.8569 -0.5056 -0.1009
vn 0.9233 -0.3791 -0.0620
vn 0.8958 -0.4421 0.0452
vn 0.8323 -0.5533 0.0340
vn 0.1859 -0.8619 -0.4718
vn 0.2988 -0.8391 -0.4545
vn 0.0353 -0.9819 -0.1863
vn 0.0843 -0.8917 -0.4446
vn 0.1011 -0.8401 -0.5329
vn 0.1612 -0.8765 -0.4536
vn 0.2260 -0.9163 -0.3307
vn 0.1042 -0.8291 -0.5493
vn 0.1612 0.8765 -0.4536
vn 0.1859 0.8619 -0.4718
vn 0.2988 0.8391 -0.4545
vn 0.2260 0.9163 -0.3307
vn 0.1042 0.8291 -0.5493
vn 0.1011 0.8401 -0.5329
vn 0.1888 0.8804 -0.4351
vn 0.2582 0.8753 -0.4089
vn 0.0843 0.8918 -0.4445
vn 0.1279 0.9788 -0.1600
vn 0.1898 0.9716 -0.1411
vn 0.0343 0.9829 -0.1809
vn -0.0000 1.0000 -0.0000
vn 0.1036 0.9944 0.0196
vn 0.1907 0.9810 0.0362
vn 0.8958 0.4421 0.0452
vn 0.8323 0.5533 0.0340
vn 0.7965 0.5855 0.1511
vn 0.8825 0.4395 0.1674
vn 0.9233 0.3791 -0.0620
vn 0.8569 0.5056 -0.1009
vn 0.9459 0.3179 0.0654
vn 0.9429 0.2809 0.1789
vn 0.9346 0.3516 -0.0536
vn 0.9459 -0.3179 0.0654
vn 0.9429 -0.2809 0.1789
vn 0.8825 -0.4395 0.1674
vn 0.9346 -0.3516 -0.0536
vn 0.7965 -0.5855 0.1511
vn 0.8501 -0.4421 0.2859
vn 0.7869 -0.5533 0.2731
vn 0.9041 -0.3179 0.2855
vn 0.8501 -0.3516 0.3922
vn 0.8365 -0.3791 0.3958
vn 0.7604 -0.5056 0.4077
vn 0.9041 0.3179 0.2855
vn 0.8501 0.4421 0.2859
vn 0.8365 0.3791 0.3958
vn 0.8501 0.3516 0.3922
vn 0.7869 0.5533 0.2731
vn 0.7604 0.5056 0.4077
vn 0.0164 0.8804 0.4740
vn 0.0905 0.8753 0.4751
vn 0.1250 0.9716 0.2008
vn 0.0604 0.9788 0.1957
vn -0.0343 0.9829 0.1809
vn -0.0843 0.8918 0.4445
vn -0.1279 0.9788 0.1600
vn -0.1036 0.9944 -0.0196
vn -0.1888 0.8804 0.4351
vn -0.1898 0.9716 0.1411
vn -0.1907 0.9810 -0.0362
vn -0.2582 0.8753 0.4089
vn -0.8958 0.4421 -0.0452
vn -0.8323 0.5533 -0.0340
vn -0.7965 0.5855 -0.1511
vn -0.8825 0.4395 -0.1674
vn -0.9233 0.3791 0.0620
vn -0.8569 0.5056 0.1009
vn -0.9459 0.3179 -0.0654
vn -0.9429 0.2809 -0.1789
vn -0.9346 0.3516 0.0536
vn -0.8958 -0.4421 -0.0452
vn -0.9459 -0.3179 -0.0654
vn -0.9429 -0.2809 -0.1789
vn -0.8825 -0.4395 -0.1674
vn -0.9233 -0.3791 0.0620
vn -0.9346 -0.3516 0.0536
vn -0.8323 -0.5533 -0.0340
vn -0.7965 -0.5855 -0.1511
vn -0.8569 -0.5056 0.1009
vn -0.1889 -0.8803 0.4352
vn -0.2582 -0.8753 0.4089
vn -0.2012 -0.9689 0.1444
vn -0.1302 -0.9776 0.1652
vn -0.2112 -0.9766 -0.0401
vn -0.1058 -0.9942 -0.0201
vn -0.0353 -0.9819 0.1863
vn -0.0000 -1.0000 -0.0000
vn -0.0843 -0.8917 0.4446
vn 0.0607 -0.9776 0.2014
vn 0.1058 -0.9942 0.0201
vn 0.0164 -0.8803 0.4741
vn 0.1343 -0.9689 0.2080
vn 0.2112 -0.9766 0.0401
vn 0.0905 -0.8753 0.4751
vn 0.1117 -0.8391 0.5323
vn 0.0002 -0.8619 0.5071
vn -0.1011 -0.8401 0.5329
vn -0.0161 -0.8765 0.4811
vn -0.1042 -0.8291 0.5493
vn 0.0892 -0.9163 0.3905
vn -0.0161 0.8765 0.4811
vn 0.0002 0.8619 0.5071
vn -0.1011 0.8401 0.5329
vn -0.1042 0.8291 0.5493
vn 0.0892 0.9163 0.3905
vn 0.1117 0.8391 0.5323
vn -0.1859 0.8619 0.4718
vn -0.1612 0.8765 0.4536
vn -0.2988 0.8391 0.4545
vn -0.2260 0.9163 0.3307
vn -0.1859 -0.8619 0.4718
vn -0.1612 -0.8765 0.4536
vn -0.2260 -0.9163 0.3307
vn -0.2988 -0.8391 0.4545
vn -0.0607 -0.9776 -0.2014
vn -0.0164 -0.8803 -0.4741
vn -0.1343 -0.9689 -0.2080
vn -0.0905 -0.8753 -0.4751
vn -0.8501 -0.4421 -0.2859
vn -0.7869 -0.5533 -0.2731
vn -0.8365 -0.3791 -0.3958
vn -0.7604 -0.5056 -0.4077
vn -0.9041 -0.3179 -0.2855
vn -0.8501 -0.3516 -0.3922
vn -0.9041 0.3179 -0.2855
vn -0.8501 0.4421 -0.2859
vn -0.8365 0.3791 -0.3958
vn -0.8501 0.3516 -0.3922
vn -0.7869 0.5533 -0.2731
vn -0.7604 0.5056 -0.4077
vn -0.1250 0.9716 -0.2008
vn -0.0604 0.9788 -0.1957
vn -0.0164 0.8804 -0.4740
vn -0.0905 0.8753 -0.4751
vn -0.0002 0.8619 -0.5071
vn -0.1117 0.8391 -0.5323
vn 0.0161 0.8765 -0.4811
vn -0.0892 0.9163 -0.3905
vn -0.0002 -0.8619 -0.5071
vn 0.0161 -0.8765 -0.4811
vn -0.1117 -0.8391 -0.5323
vn -0.0892 -0.9163 -0.3905
vt 0.866208 0.474975
vt 0.878307 0.475107
vt 0.877046 0.495259
vt 0.866217 0.491987
vt 0.861728 0.501339
vt 0.859180 0.475766
vt 0.875883 0.509316
vt 0.894276 0.474995
vt 0.894288 0.495830
vt 0.894334 0.509994
vt 0.875708 0.512288
vt 0.861685 0.507469
vt 0.894342 0.512949
vt 0.875488 0.280833
vt 0.875686 0.283813
vt 0.861608 0.291953
vt 0.861503 0.285833
vt 0.894168 0.280144
vt 0.894164 0.283100
vt 0.876922 0.297971
vt 0.866129 0.301264
vt 0.894160 0.297263
vt 0.878235 0.317991
vt 0.866158 0.318176
vt 0.894134 0.318050
vt 0.894113 0.341984
vt 0.878326 0.342176
vt 0.865777 0.342508
vt 0.859232 0.317380
vt 0.858547 0.342813
vt 0.851197 0.316135
vt 0.850150 0.343179
vt 0.850954 0.477036
vt 0.850040 0.449719
vt 0.858462 0.450127
vt 0.865704 0.450429
vt 0.861404 0.425148
vt 0.867958 0.426674
vt 0.853757 0.422898
vt 0.868157 0.396624
vt 0.867227 0.402221
vt 0.869950 0.411233
vt 0.853507 0.370083
vt 0.861372 0.367852
vt 0.867211 0.390994
vt 0.868043 0.366380
vt 0.869962 0.381915
vt 0.879706 0.383372
vt 0.879366 0.365509
vt 0.894082 0.365109
vt 0.894043 0.383102
vt 0.908805 0.365563
vt 0.909898 0.342304
vt 0.908418 0.383383
vt 0.920139 0.366481
vt 0.922453 0.342750
vt 0.918139 0.381928
vt 0.926688 0.368017
vt 0.929690 0.343081
vt 0.920862 0.390938
vt 0.934321 0.370274
vt 0.938097 0.343524
vt 0.919933 0.396533
vt 0.926779 0.425281
vt 0.934627 0.423026
vt 0.938097 0.449870
vt 0.929718 0.450270
vt 0.920889 0.402157
vt 0.920120 0.426777
vt 0.922504 0.450605
vt 0.918156 0.411241
vt 0.908405 0.409802
vt 0.908783 0.427701
vt 0.909864 0.450997
vt 0.893996 0.428159
vt 0.894120 0.451119
vt 0.894055 0.410082
vt 0.879279 0.427564
vt 0.878370 0.450834
vt 0.879672 0.409782
vt 0.880228 0.398839
vt 0.894049 0.398870
vt 0.880499 0.396636
vt 0.894049 0.396587
vt 0.880227 0.394409
vt 0.894049 0.394305
vt 0.907867 0.394328
vt 0.907598 0.396532
vt 0.907872 0.398758
vt 0.910164 0.475099
vt 0.911521 0.495078
vt 0.922210 0.474878
vt 0.922290 0.491759
vt 0.929125 0.475650
vt 0.926833 0.501043
vt 0.937149 0.476865
vt 0.926958 0.507155
vt 0.937351 0.316247
vt 0.929129 0.317469
vt 0.926723 0.291906
vt 0.926800 0.285779
vt 0.922104 0.318217
vt 0.922188 0.301227
vt 0.910034 0.318012
vt 0.911386 0.297904
vt 0.912614 0.283859
vt 0.912804 0.280888
vt 0.912798 0.509219
vt 0.913005 0.512195
s 1
f 1038/1525/1223 1042/1526/1224 1040/1527/1225 1037/1528/1226
f 1037/1528/1227 1039/1529/1228 1063/1530/1229 1038/1525/1230
f 1040/1527/1225 1043/1531/1231 1039/1529/1232 1037/1528/1226
f 1042/1526/1224 1117/1532/1233 1041/1533/1234 1040/1527/1225
f 1041/1533/1234 1044/1534/1235 1043/1531/1231 1040/1527/1225
f 1043/1531/1231 1045/1535/1236 1046/1536/1237 1039/1529/1232
f 1044/1534/1235 1047/1537/1238 1045/1535/1236 1043/1531/1231
f 1045/1538/1239 1048/1539/1240 1049/1540/1241 1046/1541/1242
f 1047/1542/1243 1050/1543/1244 1048/1539/1240 1045/1538/1239
f 1048/1539/1240 1051/1544/1245 1052/1545/1246 1049/1540/1241
f 1050/1543/1244 1053/1546/1247 1051/1544/1245 1048/1539/1240
f 1054/1547/1248 1057/1548/1249 1052/1545/1246 1051/1544/1245
f 1056/1549/1250 1054/1547/1248 1051/1544/1245 1053/1546/1247
f 1078/1550/1251 1055/1551/1252 1054/1547/1248 1056/1549/1250
f 1055/1551/1252 1058/1552/1253 1057/1548/1249 1054/1547/1248
f 1059/1553/1254 1057/1548/1255 1058/1552/1256 1060/1554/1257
f 1049/1540/1258 1052/1545/1259 1057/1548/1255 1059/1553/1254
f 1061/1555/1260 1059/1553/1254 1060/1554/1257 1062/1556/1261
f 1046/1541/1262 1049/1540/1258 1059/1553/1254 1061/1555/1260
f 1063/1530/1229 1061/1557/1263 1062/1558/1264 1064/1559/1265
f 1039/1529/1228 1046/1536/1266 1061/1557/1263 1063/1530/1229
f 1038/1525/1230 1063/1530/1229 1064/1559/1265 1065/1560/1267
f 1065/1560/1267 1064/1559/1265 1066/1561/1268 1068/1562/1269
f 1064/1559/1265 1062/1558/1264 1069/1563/1270 1066/1561/1268
f 1066/1561/1268 1069/1563/1270 1070/1564/1271 1067/1565/1272
f 1068/1562/1269 1066/1561/1268 1067/1565/1272 1107/1566/1273
f 1069/1567/1274 1071/1568/1275 1072/1569/1276 1070/1564/1277
f 1062/1556/1261 1060/1554/1257 1071/1568/1275 1069/1567/1274
f 1071/1568/1275 1073/1570/1278 1074/1571/1279 1072/1569/1276
f 1060/1554/1257 1058/1552/1256 1073/1570/1278 1071/1568/1275
f 1076/1572/1280 1074/1571/1281 1073/1570/1282 1075/1573/1283
f 1075/1573/1283 1073/1570/1282 1058/1552/1253 1055/1551/1252
f 1077/1574/1284 1075/1573/1283 1055/1551/1252 1078/1550/1251
f 1079/1575/1285 1076/1572/1280 1075/1573/1283 1077/1574/1284
f 1080/1576/1286 1077/1574/1284 1078/1550/1251 1081/1577/1287
f 1082/1578/1288 1079/1575/1285 1077/1574/1284 1080/1576/1286
f 1083/1579/1289 1080/1576/1286 1081/1577/1287 1084/1580/1290
f 1085/1581/1291 1082/1578/1288 1080/1576/1286 1083/1579/1289
f 1086/1582/1292 1083/1579/1293 1084/1580/1294 1087/1583/1295
f 1088/1584/1296 1085/1581/1297 1083/1579/1293 1086/1582/1292
f 1089/1585/1298 1086/1582/1292 1087/1583/1295 1090/1586/1299
f 1091/1587/1300 1088/1584/1296 1086/1582/1292 1089/1585/1298
f 1092/1588/1301 1089/1589/1302 1090/1590/1303 1093/1591/1304
f 1094/1592/1305 1091/1587/1306 1089/1589/1302 1092/1588/1301
f 1095/1593/1307 1092/1588/1301 1093/1591/1304 1097/1594/1308
f 1096/1595/1309 1094/1592/1305 1092/1588/1301 1095/1593/1307
f 1100/1596/1310 1096/1595/1311 1095/1593/1312 1098/1597/1313
f 1098/1597/1313 1095/1593/1312 1097/1594/1314 1099/1598/1315
f 1101/1599/1316 1098/1597/1313 1099/1598/1315 1102/1600/1317
f 1103/1601/1318 1100/1596/1310 1098/1597/1313 1101/1599/1316
f 1104/1602/1319 1101/1599/1316 1102/1600/1317 1105/1603/1320
f 1106/1604/1321 1103/1601/1318 1101/1599/1316 1104/1602/1319
f 1068/1562/1322 1104/1602/1319 1105/1603/1320 1065/1560/1323
f 1107/1566/1324 1106/1604/1321 1104/1602/1319 1068/1562/1322
f 1107/1566/1324 1067/1565/1325 1108/1605/1326 1106/1604/1321
f 1106/1604/1321 1108/1605/1326 1109/1606/1327 1103/1601/1318
f 1108/1605/1326 1110/1607/1328 1111/1608/1329 1109/1606/1327
f 1067/1565/1325 1070/1564/1330 1110/1607/1328 1108/1605/1326
f 1110/1607/1331 1112/1609/1332 1113/1610/1333 1111/1608/1334
f 1070/1564/1335 1072/1569/1336 1112/1609/1332 1110/1607/1331
f 1112/1609/1332 1076/1572/1280 1079/1575/1285 1113/1610/1333
f 1072/1569/1336 1074/1571/1281 1076/1572/1280 1112/1609/1332
f 1111/1608/1334 1113/1610/1333 1114/1611/1337 1115/1612/1338
f 1113/1610/1333 1079/1575/1285 1082/1578/1288 1114/1611/1337
f 1114/1611/1337 1082/1578/1288 1085/1581/1291 1088/1584/1339
f 1115/1612/1338 1114/1611/1337 1088/1584/1339 1091/1587/1340
f 1116/1613/1341 1115/1612/1342 1091/1587/1343 1094/1592/1344
f 1109/1606/1327 1111/1608/1329 1115/1612/1342 1116/1613/1341
f 1100/1596/1310 1116/1613/1341 1094/1592/1344 1096/1595/1311
f 1103/1601/1318 1109/1606/1327 1116/1613/1341 1100/1596/1310
f 1065/1560/1323 1105/1603/1320 1042/1526/1224 1038/1525/1223
f 1105/1603/1320 1102/1600/1317 1117/1532/1233 1042/1526/1224
f 1102/1600/1317 1099/1598/1315 1118/1614/1345 1117/1532/1233
f 1117/1532/1233 1118/1614/1345 1119/1615/1346 1041/1533/1234
f 1118/1614/1345 1120/1616/1347 1121/1617/1348 1119/1615/1346
f 1099/1598/1315 1097/1594/1314 1120/1616/1347 1118/1614/1345
f 1097/1594/1308 1093/1591/1304 1122/1618/1349 1120/1616/1350
f 1120/1616/1350 1122/1618/1349 1123/1619/1351 1121/1617/1352
f 1122/1618/1349 1124/1620/1353 1125/1621/1354 1123/1619/1351
f 1093/1591/1304 1090/1590/1303 1124/1620/1353 1122/1618/1349
f 1124/1622/1355 1126/1623/1356 1127/1624/1357 1125/1625/1358
f 1090/1586/1299 1087/1583/1295 1126/1623/1356 1124/1622/1355
f 1126/1623/1356 1128/1626/1359 1129/1627/1360 1127/1624/1357
f 1087/1583/1295 1084/1580/1294 1128/1626/1359 1126/1623/1356
f 1128/1626/1361 1130/1628/1362 1131/1629/1363 1129/1627/1364
f 1084/1580/1290 1081/1577/1287 1130/1628/1362 1128/1626/1361
f 1130/1628/1362 1056/1549/1250 1053/1546/1247 1131/1629/1363
f 1081/1577/1287 1078/1550/1251 1056/1549/1250 1130/1628/1362
f 1132/1630/1365 1131/1629/1363 1053/1546/1247 1050/1543/1244
f 1127/1624/1366 1129/1627/1364 1131/1629/1363 1132/1630/1365
f 1133/1631/1367 1132/1630/1365 1050/1543/1244 1047/1542/1243
f 1125/1625/1368 1127/1624/1366 1132/1630/1365 1133/1631/1367
f 1134/1632/1369 1133/1633/1370 1047/1537/1238 1044/1534/1235
f 1123/1619/1371 1125/1621/1372 1133/1633/1370 1134/1632/1369
f 1119/1615/1346 1134/1632/1369 1044/1534/1235 1041/1533/1234
f 1121/1617/1348 1123/1619/1371 1134/1632/1369 1119/1615/1346
o Sandbags.009
v 0.538055 0.243082 0.061315
v 0.560021 0.213654 0.151386
v 0.540011 0.279051 0.025241
v 0.476328 0.240878 0.059412
v 0.386452 0.240878 0.073668
v 0.492614 0.203154 0.162079
v 0.466644 0.279051 -0.001643
v 0.376767 0.279051 0.012613
v 0.464761 0.287154 -0.013511
v 0.535556 0.287154 -0.002847
v 0.374885 0.287154 0.000745
v 0.466644 0.295257 -0.001643
v 0.540011 0.295257 0.025241
v 0.376767 0.295257 0.012613
v 0.476328 0.333430 0.059412
v 0.538055 0.331227 0.061315
v 0.386452 0.333430 0.073668
v 0.492614 0.371154 0.162079
v 0.514327 0.377166 0.298967
v 0.402737 0.380131 0.176335
v 0.560021 0.360654 0.151386
v 0.581734 0.360654 0.288275
v 0.582490 0.329154 0.147822
v 0.604204 0.329154 0.284711
v 0.594630 0.287154 0.145896
v 0.616343 0.287154 0.282785
v 0.582490 0.245154 0.147822
v 0.604204 0.245154 0.284711
v 0.581734 0.213654 0.288275
v 0.625917 0.245154 0.421599
v 0.623457 0.279051 0.551309
v 0.603448 0.213654 0.425163
v 0.638057 0.287154 0.419674
v 0.627913 0.287154 0.579397
v 0.625917 0.329154 0.421599
v 0.623457 0.295257 0.551309
v 0.603448 0.360654 0.425163
v 0.610434 0.331227 0.517611
v 0.536041 0.371154 0.435856
v 0.552326 0.333430 0.538522
v 0.446164 0.380131 0.450112
v 0.424451 0.371154 0.313223
v 0.462450 0.333430 0.552778
v 0.356288 0.371154 0.464368
v 0.334575 0.377166 0.327480
v 0.372573 0.333430 0.567035
v 0.288881 0.360654 0.475061
v 0.267167 0.360654 0.338172
v 0.310846 0.331227 0.565132
v 0.266412 0.329154 0.478625
v 0.244698 0.329154 0.341736
v 0.308890 0.295257 0.601206
v 0.254272 0.287154 0.480551
v 0.232558 0.287154 0.343662
v 0.313346 0.287154 0.629294
v 0.266412 0.245154 0.478625
v 0.244698 0.245154 0.341736
v 0.308890 0.279051 0.601206
v 0.288881 0.213654 0.475061
v 0.310846 0.243082 0.565132
v 0.267167 0.213654 0.338172
v 0.356288 0.203154 0.464368
v 0.334575 0.194114 0.327480
v 0.372573 0.240878 0.567035
v 0.446164 0.194114 0.450112
v 0.424451 0.203154 0.313223
v 0.462450 0.240878 0.552778
v 0.536041 0.203154 0.435856
v 0.514327 0.194114 0.298967
v 0.552326 0.240878 0.538522
v 0.610434 0.243082 0.517611
v 0.562011 0.279051 0.599577
v 0.472134 0.279051 0.613833
v 0.563893 0.287154 0.611445
v 0.474017 0.287154 0.625702
v 0.562011 0.295257 0.599577
v 0.472134 0.295257 0.613833
v 0.382258 0.295257 0.628090
v 0.384141 0.287154 0.639958
v 0.382258 0.279051 0.628090
v 0.402737 0.194114 0.176335
v 0.312861 0.203154 0.190591
v 0.296576 0.240878 0.087925
v 0.245454 0.213654 0.201284
v 0.238468 0.243082 0.108836
v 0.222985 0.245154 0.204848
v 0.225444 0.279051 0.075138
v 0.210845 0.287154 0.206773
v 0.220989 0.287154 0.047050
v 0.222985 0.329154 0.204848
v 0.225444 0.295257 0.075138
v 0.245454 0.360654 0.201284
v 0.238468 0.331227 0.108836
v 0.312861 0.371154 0.190591
v 0.296576 0.333430 0.087925
v 0.286891 0.295257 0.026870
v 0.285009 0.287154 0.015002
v 0.286891 0.279051 0.026870
vn 0.1405 -0.9689 -0.2039
vn 0.0667 -0.9776 -0.1995
vn 0.0307 -0.8803 -0.4734
vn 0.1048 -0.8753 -0.4721
vn 0.7723 -0.5056 -0.3846
vn 0.8480 -0.3791 -0.3704
vn 0.8584 -0.4421 -0.2602
vn 0.7948 -0.5533 -0.2493
vn 0.0155 -0.8619 -0.5068
vn 0.1277 -0.8391 -0.5287
vn -0.0297 -0.9819 -0.1872
vn -0.0709 -0.8917 -0.4470
vn -0.0850 -0.8401 -0.5357
vn -0.0016 -0.8765 -0.4813
vn 0.1010 -0.9163 -0.3877
vn -0.0876 -0.8291 -0.5522
vn -0.0016 0.8765 -0.4813
vn 0.0155 0.8619 -0.5068
vn 0.1277 0.8391 -0.5287
vn 0.1010 0.9163 -0.3877
vn -0.0876 0.8291 -0.5522
vn -0.0850 0.8401 -0.5357
vn 0.0307 0.8804 -0.4733
vn 0.1048 0.8753 -0.4721
vn -0.0709 0.8918 -0.4469
vn 0.0663 0.9788 -0.1938
vn 0.1310 0.9716 -0.1969
vn -0.0289 0.9829 -0.1819
vn -0.0000 1.0000 -0.0000
vn 0.1041 0.9944 -0.0165
vn 0.1917 0.9810 -0.0304
vn 0.8584 0.4421 -0.2602
vn 0.7948 0.5533 -0.2493
vn 0.8007 0.5855 -0.1270
vn 0.8871 0.4395 -0.1407
vn 0.8480 0.3791 -0.3704
vn 0.7723 0.5056 -0.3846
vn 0.9123 0.3179 -0.2581
vn 0.9479 0.2809 -0.1504
vn 0.8615 0.3516 -0.3664
vn 0.9123 -0.3179 -0.2581
vn 0.9479 -0.2809 -0.1504
vn 0.8871 -0.4395 -0.1407
vn 0.8615 -0.3516 -0.3664
vn 0.8007 -0.5855 -0.1270
vn 0.8968 -0.4421 -0.0182
vn 0.8329 -0.5533 -0.0089
vn 0.9474 -0.3179 -0.0369
vn 0.9326 -0.3516 0.0818
vn 0.9210 -0.3791 0.0898
vn 0.8534 -0.5056 0.1267
vn 0.9474 0.3179 -0.0369
vn 0.8968 0.4421 -0.0182
vn 0.9210 0.3791 0.0898
vn 0.9326 0.3516 0.0818
vn 0.8329 0.5533 -0.0089
vn 0.8534 0.5056 0.1267
vn 0.1756 0.8804 0.4406
vn 0.2458 0.8753 0.4165
vn 0.1855 0.9716 0.1468
vn 0.1230 0.9788 0.1638
vn 0.0289 0.9829 0.1819
vn 0.0709 0.8918 0.4469
vn -0.0663 0.9788 0.1938
vn -0.1041 0.9944 0.0165
vn -0.0307 0.8804 0.4733
vn -0.1310 0.9716 0.1969
vn -0.1917 0.9810 0.0304
vn -0.1048 0.8753 0.4721
vn -0.8584 0.4421 0.2602
vn -0.7948 0.5533 0.2493
vn -0.8007 0.5855 0.1270
vn -0.8871 0.4395 0.1407
vn -0.8480 0.3791 0.3704
vn -0.7723 0.5056 0.3846
vn -0.9123 0.3179 0.2581
vn -0.9479 0.2809 0.1504
vn -0.8615 0.3516 0.3664
vn -0.8584 -0.4421 0.2602
vn -0.9123 -0.3179 0.2581
vn -0.9479 -0.2809 0.1504
vn -0.8871 -0.4395 0.1407
vn -0.8480 -0.3791 0.3704
vn -0.8615 -0.3516 0.3664
vn -0.7948 -0.5533 0.2493
vn -0.8007 -0.5855 0.1270
vn -0.7723 -0.5056 0.3846
vn -0.0307 -0.8803 0.4734
vn -0.1048 -0.8753 0.4721
vn -0.1405 -0.9689 0.2039
vn -0.0667 -0.9776 0.1995
vn -0.2123 -0.9766 0.0337
vn -0.1063 -0.9942 0.0169
vn 0.0297 -0.9819 0.1872
vn -0.0000 -1.0000 -0.0000
vn 0.0709 -0.8917 0.4470
vn 0.1252 -0.9776 0.1690
vn 0.1063 -0.9942 -0.0169
vn 0.1757 -0.8803 0.4406
vn 0.1967 -0.9689 0.1504
vn 0.2123 -0.9766 -0.0337
vn 0.2458 -0.8753 0.4165
vn 0.2850 -0.8391 0.4633
vn 0.1716 -0.8619 0.4772
vn 0.0850 -0.8401 0.5357
vn 0.1474 -0.8765 0.4582
vn 0.0876 -0.8291 0.5522
vn 0.2160 -0.9163 0.3374
vn 0.1474 0.8765 0.4582
vn 0.1716 0.8619 0.4772
vn 0.0850 0.8401 0.5357
vn 0.0876 0.8291 0.5522
vn 0.2160 0.9163 0.3374
vn 0.2850 0.8391 0.4633
vn -0.0155 0.8619 0.5068
vn 0.0016 0.8765 0.4813
vn -0.1277 0.8391 0.5287
vn -0.1010 0.9163 0.3877
vn -0.0155 -0.8619 0.5068
vn 0.0016 -0.8765 0.4813
vn -0.1010 -0.9163 0.3877
vn -0.1277 -0.8391 0.5287
vn -0.1252 -0.9776 -0.1690
vn -0.1757 -0.8803 -0.4406
vn -0.1967 -0.9689 -0.1504
vn -0.2458 -0.8753 -0.4165
vn -0.8968 -0.4421 0.0182
vn -0.8329 -0.5533 0.0089
vn -0.9210 -0.3791 -0.0898
vn -0.8534 -0.5056 -0.1267
vn -0.9474 -0.3179 0.0369
vn -0.9326 -0.3516 -0.0818
vn -0.9474 0.3179 0.0369
vn -0.8968 0.4421 0.0182
vn -0.9210 0.3791 -0.0898
vn -0.9326 0.3516 -0.0818
vn -0.8329 0.5533 0.0089
vn -0.8534 0.5056 -0.1267
vn -0.1855 0.9716 -0.1468
vn -0.1230 0.9788 -0.1638
vn -0.1756 0.8804 -0.4406
vn -0.2458 0.8753 -0.4165
vn -0.1716 0.8619 -0.4772
vn -0.2850 0.8391 -0.4633
vn -0.1474 0.8765 -0.4582
vn -0.2160 0.9163 -0.3374
vn -0.1716 -0.8619 -0.4772
vn -0.1474 -0.8765 -0.4582
vn -0.2850 -0.8391 -0.4633
vn -0.2160 -0.9163 -0.3374
vt 0.755386 0.481790
vt 0.767485 0.481922
vt 0.766224 0.502074
vt 0.755395 0.498802
vt 0.750907 0.508154
vt 0.748358 0.482581
vt 0.765061 0.516132
vt 0.783454 0.481810
vt 0.783466 0.502645
vt 0.783513 0.516809
vt 0.764886 0.519103
vt 0.750863 0.514284
vt 0.783520 0.519765
vt 0.764666 0.287648
vt 0.764864 0.290628
vt 0.750786 0.298769
vt 0.750681 0.292648
vt 0.783347 0.286959
vt 0.783343 0.289916
vt 0.766100 0.304786
vt 0.755307 0.308079
vt 0.783338 0.304079
vt 0.767414 0.324806
vt 0.755336 0.324992
vt 0.783313 0.324865
vt 0.783291 0.348799
vt 0.767505 0.348991
vt 0.754956 0.349323
vt 0.748410 0.324195
vt 0.747725 0.349628
vt 0.740376 0.322950
vt 0.739329 0.349995
vt 0.740133 0.483851
vt 0.739219 0.456534
vt 0.747641 0.456943
vt 0.754883 0.457244
vt 0.750582 0.431963
vt 0.757136 0.433489
vt 0.742935 0.429713
vt 0.757336 0.403439
vt 0.756406 0.409036
vt 0.759129 0.418048
vt 0.742685 0.376898
vt 0.750551 0.374667
vt 0.756389 0.397810
vt 0.757221 0.373195
vt 0.759141 0.388730
vt 0.768885 0.390187
vt 0.768544 0.372324
vt 0.783261 0.371924
vt 0.783221 0.389917
vt 0.797984 0.372378
vt 0.799077 0.349120
vt 0.797597 0.390198
vt 0.809318 0.373296
vt 0.811631 0.349565
vt 0.807318 0.388743
vt 0.815866 0.374832
vt 0.818868 0.349896
vt 0.810040 0.397754
vt 0.823500 0.377090
vt 0.827275 0.350339
vt 0.809111 0.403348
vt 0.815958 0.432096
vt 0.823806 0.429841
vt 0.827275 0.456685
vt 0.818896 0.457085
vt 0.810068 0.408972
vt 0.809298 0.433593
vt 0.811683 0.457420
vt 0.807335 0.418056
vt 0.797584 0.416617
vt 0.797961 0.434516
vt 0.799043 0.457812
vt 0.783175 0.434975
vt 0.783298 0.457935
vt 0.783233 0.416898
vt 0.768458 0.434379
vt 0.767549 0.457649
vt 0.768850 0.416597
vt 0.769407 0.405655
vt 0.783227 0.405686
vt 0.769677 0.403451
vt 0.783227 0.403403
vt 0.769405 0.401225
vt 0.783227 0.401120
vt 0.797046 0.401144
vt 0.796777 0.403347
vt 0.797050 0.405573
vt 0.799343 0.481915
vt 0.800699 0.501894
vt 0.811389 0.481693
vt 0.811468 0.498574
vt 0.818303 0.482465
vt 0.816012 0.507858
vt 0.826327 0.483680
vt 0.816136 0.513970
vt 0.826530 0.323063
vt 0.818307 0.324284
vt 0.815901 0.298721
vt 0.815978 0.292594
vt 0.811282 0.325033
vt 0.811367 0.308042
vt 0.799213 0.324827
vt 0.800564 0.304719
vt 0.801793 0.290674
vt 0.801982 0.287703
vt 0.801976 0.516034
vt 0.802184 0.519010
s 1
f 1136/1634/1373 1140/1635/1374 1138/1636/1375 1135/1637/1376
f 1135/1637/1377 1137/1638/1378 1161/1639/1379 1136/1634/1380
f 1138/1636/1375 1141/1640/1381 1137/1638/1382 1135/1637/1376
f 1140/1635/1374 1215/1641/1383 1139/1642/1384 1138/1636/1375
f 1139/1642/1384 1142/1643/1385 1141/1640/1381 1138/1636/1375
f 1141/1640/1381 1143/1644/1386 1144/1645/1387 1137/1638/1382
f 1142/1643/1385 1145/1646/1388 1143/1644/1386 1141/1640/1381
f 1143/1647/1389 1146/1648/1390 1147/1649/1391 1144/1650/1392
f 1145/1651/1393 1148/1652/1394 1146/1648/1390 1143/1647/1389
f 1146/1648/1390 1149/1653/1395 1150/1654/1396 1147/1649/1391
f 1148/1652/1394 1151/1655/1397 1149/1653/1395 1146/1648/1390
f 1152/1656/1398 1155/1657/1399 1150/1654/1396 1149/1653/1395
f 1154/1658/1400 1152/1656/1398 1149/1653/1395 1151/1655/1397
f 1176/1659/1401 1153/1660/1402 1152/1656/1398 1154/1658/1400
f 1153/1660/1402 1156/1661/1403 1155/1657/1399 1152/1656/1398
f 1157/1662/1404 1155/1657/1405 1156/1661/1406 1158/1663/1407
f 1147/1649/1408 1150/1654/1409 1155/1657/1405 1157/1662/1404
f 1159/1664/1410 1157/1662/1404 1158/1663/1407 1160/1665/1411
f 1144/1650/1412 1147/1649/1408 1157/1662/1404 1159/1664/1410
f 1161/1639/1379 1159/1666/1413 1160/1667/1414 1162/1668/1415
f 1137/1638/1378 1144/1645/1416 1159/1666/1413 1161/1639/1379
f 1136/1634/1380 1161/1639/1379 1162/1668/1415 1163/1669/1417
f 1163/1669/1417 1162/1668/1415 1164/1670/1418 1166/1671/1419
f 1162/1668/1415 1160/1667/1414 1167/1672/1420 1164/1670/1418
f 1164/1670/1418 1167/1672/1420 1168/1673/1421 1165/1674/1422
f 1166/1671/1419 1164/1670/1418 1165/1674/1422 1205/1675/1423
f 1167/1676/1424 1169/1677/1425 1170/1678/1426 1168/1673/1427
f 1160/1665/1411 1158/1663/1407 1169/1677/1425 1167/1676/1424
f 1169/1677/1425 1171/1679/1428 1172/1680/1429 1170/1678/1426
f 1158/1663/1407 1156/1661/1406 1171/1679/1428 1169/1677/1425
f 1174/1681/1430 1172/1680/1431 1171/1679/1432 1173/1682/1433
f 1173/1682/1433 1171/1679/1432 1156/1661/1403 1153/1660/1402
f 1175/1683/1434 1173/1682/1433 1153/1660/1402 1176/1659/1401
f 1177/1684/1435 1174/1681/1430 1173/1682/1433 1175/1683/1434
f 1178/1685/1436 1175/1683/1434 1176/1659/1401 1179/1686/1437
f 1180/1687/1438 1177/1684/1435 1175/1683/1434 1178/1685/1436
f 1181/1688/1439 1178/1685/1436 1179/1686/1437 1182/1689/1440
f 1183/1690/1441 1180/1687/1438 1178/1685/1436 1181/1688/1439
f 1184/1691/1442 1181/1688/1443 1182/1689/1444 1185/1692/1445
f 1186/1693/1446 1183/1690/1447 1181/1688/1443 1184/1691/1442
f 1187/1694/1448 1184/1691/1442 1185/1692/1445 1188/1695/1449
f 1189/1696/1450 1186/1693/1446 1184/1691/1442 1187/1694/1448
f 1190/1697/1451 1187/1698/1452 1188/1699/1453 1191/1700/1454
f 1192/1701/1455 1189/1696/1456 1187/1698/1452 1190/1697/1451
f 1193/1702/1457 1190/1697/1451 1191/1700/1454 1195/1703/1458
f 1194/1704/1459 1192/1701/1455 1190/1697/1451 1193/1702/1457
f 1198/1705/1460 1194/1704/1461 1193/1702/1462 1196/1706/1463
f 1196/1706/1463 1193/1702/1462 1195/1703/1464 1197/1707/1465
f 1199/1708/1466 1196/1706/1463 1197/1707/1465 1200/1709/1467
f 1201/1710/1468 1198/1705/1460 1196/1706/1463 1199/1708/1466
f 1202/1711/1469 1199/1708/1466 1200/1709/1467 1203/1712/1470
f 1204/1713/1471 1201/1710/1468 1199/1708/1466 1202/1711/1469
f 1166/1671/1472 1202/1711/1469 1203/1712/1470 1163/1669/1473
f 1205/1675/1474 1204/1713/1471 1202/1711/1469 1166/1671/1472
f 1205/1675/1474 1165/1674/1475 1206/1714/1476 1204/1713/1471
f 1204/1713/1471 1206/1714/1476 1207/1715/1477 1201/1710/1468
f 1206/1714/1476 1208/1716/1478 1209/1717/1479 1207/1715/1477
f 1165/1674/1475 1168/1673/1480 1208/1716/1478 1206/1714/1476
f 1208/1716/1481 1210/1718/1482 1211/1719/1483 1209/1717/1484
f 1168/1673/1485 1170/1678/1486 1210/1718/1482 1208/1716/1481
f 1210/1718/1482 1174/1681/1430 1177/1684/1435 1211/1719/1483
f 1170/1678/1486 1172/1680/1431 1174/1681/1430 1210/1718/1482
f 1209/1717/1484 1211/1719/1483 1212/1720/1487 1213/1721/1488
f 1211/1719/1483 1177/1684/1435 1180/1687/1438 1212/1720/1487
f 1212/1720/1487 1180/1687/1438 1183/1690/1441 1186/1693/1489
f 1213/1721/1488 1212/1720/1487 1186/1693/1489 1189/1696/1490
f 1214/1722/1491 1213/1721/1492 1189/1696/1493 1192/1701/1494
f 1207/1715/1477 1209/1717/1479 1213/1721/1492 1214/1722/1491
f 1198/1705/1460 1214/1722/1491 1192/1701/1494 1194/1704/1461
f 1201/1710/1468 1207/1715/1477 1214/1722/1491 1198/1705/1460
f 1163/1669/1473 1203/1712/1470 1140/1635/1374 1136/1634/1373
f 1203/1712/1470 1200/1709/1467 1215/1641/1383 1140/1635/1374
f 1200/1709/1467 1197/1707/1465 1216/1723/1495 1215/1641/1383
f 1215/1641/1383 1216/1723/1495 1217/1724/1496 1139/1642/1384
f 1216/1723/1495 1218/1725/1497 1219/1726/1498 1217/1724/1496
f 1197/1707/1465 1195/1703/1464 1218/1725/1497 1216/1723/1495
f 1195/1703/1458 1191/1700/1454 1220/1727/1499 1218/1725/1500
f 1218/1725/1500 1220/1727/1499 1221/1728/1501 1219/1726/1502
f 1220/1727/1499 1222/1729/1503 1223/1730/1504 1221/1728/1501
f 1191/1700/1454 1188/1699/1453 1222/1729/1503 1220/1727/1499
f 1222/1731/1505 1224/1732/1506 1225/1733/1507 1223/1734/1508
f 1188/1695/1449 1185/1692/1445 1224/1732/1506 1222/1731/1505
f 1224/1732/1506 1226/1735/1509 1227/1736/1510 1225/1733/1507
f 1185/1692/1445 1182/1689/1444 1226/1735/1509 1224/1732/1506
f 1226/1735/1511 1228/1737/1512 1229/1738/1513 1227/1736/1514
f 1182/1689/1440 1179/1686/1437 1228/1737/1512 1226/1735/1511
f 1228/1737/1512 1154/1658/1400 1151/1655/1397 1229/1738/1513
f 1179/1686/1437 1176/1659/1401 1154/1658/1400 1228/1737/1512
f 1230/1739/1515 1229/1738/1513 1151/1655/1397 1148/1652/1394
f 1225/1733/1516 1227/1736/1514 1229/1738/1513 1230/1739/1515
f 1231/1740/1517 1230/1739/1515 1148/1652/1394 1145/1651/1393
f 1223/1734/1518 1225/1733/1516 1230/1739/1515 1231/1740/1517
f 1232/1741/1519 1231/1742/1520 1145/1646/1388 1142/1643/1385
f 1221/1728/1521 1223/1730/1522 1231/1742/1520 1232/1741/1519
f 1217/1724/1496 1232/1741/1519 1142/1643/1385 1139/1642/1384
f 1219/1726/1498 1221/1728/1521 1232/1741/1519 1217/1724/1496
o Sandbags.010
v 0.554724 0.243082 -0.569790
v 0.570588 0.213654 -0.478447
v 0.559099 0.279051 -0.605651
v 0.493264 0.240878 -0.575836
v 0.402633 0.240878 -0.567651
v 0.502614 0.203154 -0.472308
v 0.487703 0.279051 -0.637404
v 0.397072 0.279051 -0.629218
v 0.486622 0.287154 -0.649372
v 0.556541 0.287154 -0.633976
v 0.395991 0.287154 -0.641186
v 0.487703 0.295257 -0.637404
v 0.559099 0.295257 -0.605651
v 0.397072 0.295257 -0.629218
v 0.493264 0.333430 -0.575836
v 0.554724 0.331227 -0.569790
v 0.402633 0.333430 -0.567651
v 0.502614 0.371154 -0.472308
v 0.515082 0.377166 -0.334270
v 0.411983 0.380131 -0.464122
v 0.570588 0.360654 -0.478447
v 0.583055 0.360654 -0.340409
v 0.593246 0.329154 -0.480493
v 0.605713 0.329154 -0.342455
v 0.605487 0.287154 -0.481599
v 0.617955 0.287154 -0.343561
v 0.593246 0.245154 -0.480493
v 0.605713 0.245154 -0.342455
v 0.583055 0.213654 -0.340409
v 0.618180 0.245154 -0.204417
v 0.607012 0.279051 -0.075166
v 0.595523 0.213654 -0.202371
v 0.630422 0.287154 -0.205523
v 0.609570 0.287154 -0.046842
v 0.618180 0.329154 -0.204417
v 0.607012 0.295257 -0.075166
v 0.595523 0.360654 -0.202371
v 0.596282 0.331227 -0.109663
v 0.527549 0.371154 -0.196231
v 0.536900 0.333430 -0.092703
v 0.436918 0.380131 -0.188046
v 0.424451 0.371154 -0.326084
v 0.446269 0.333430 -0.084517
v 0.346287 0.371154 -0.179860
v 0.333820 0.377166 -0.317898
v 0.355638 0.333430 -0.076332
v 0.278314 0.360654 -0.173721
v 0.265846 0.360654 -0.311759
v 0.294178 0.331227 -0.082378
v 0.255656 0.329154 -0.171674
v 0.243189 0.329154 -0.309713
v 0.289803 0.295257 -0.046516
v 0.243414 0.287154 -0.170569
v 0.230947 0.287154 -0.308607
v 0.292361 0.287154 -0.018192
v 0.255656 0.245154 -0.171674
v 0.243189 0.245154 -0.309713
v 0.289803 0.279051 -0.046516
v 0.278314 0.213654 -0.173721
v 0.294178 0.243082 -0.082378
v 0.265846 0.213654 -0.311759
v 0.346287 0.203154 -0.179860
v 0.333820 0.194114 -0.317898
v 0.355638 0.240878 -0.076332
v 0.436918 0.194114 -0.188046
v 0.424451 0.203154 -0.326084
v 0.446269 0.240878 -0.084517
v 0.527549 0.203154 -0.196231
v 0.515082 0.194114 -0.334270
v 0.536900 0.240878 -0.092703
v 0.596282 0.243082 -0.109663
v 0.542461 0.279051 -0.031135
v 0.451830 0.279051 -0.022950
v 0.543542 0.287154 -0.019167
v 0.452910 0.287154 -0.010982
v 0.542461 0.295257 -0.031135
v 0.451830 0.295257 -0.022950
v 0.361198 0.295257 -0.014764
v 0.362279 0.287154 -0.002796
v 0.361198 0.279051 -0.014764
v 0.411983 0.194114 -0.464122
v 0.321352 0.203154 -0.455936
v 0.312002 0.240878 -0.559465
v 0.253379 0.213654 -0.449797
v 0.252620 0.243082 -0.542505
v 0.230721 0.245154 -0.447751
v 0.241890 0.279051 -0.577002
v 0.218479 0.287154 -0.446645
v 0.239332 0.287154 -0.605326
v 0.230721 0.329154 -0.447751
v 0.241890 0.295257 -0.577002
v 0.253379 0.360654 -0.449797
v 0.252620 0.331227 -0.542505
v 0.321352 0.371154 -0.455936
v 0.312002 0.333430 -0.559465
v 0.306441 0.295257 -0.621033
v 0.305360 0.287154 -0.633001
v 0.306441 0.279051 -0.621033
vn 0.1539 -0.9689 -0.1940
vn 0.0800 -0.9776 -0.1945
vn 0.0625 -0.8803 -0.4703
vn 0.1363 -0.8753 -0.4640
vn 0.7964 -0.5056 -0.3318
vn 0.8710 -0.3791 -0.3126
vn 0.8739 -0.4421 -0.2019
vn 0.8097 -0.5533 -0.1953
vn 0.0495 -0.8619 -0.5047
vn 0.1629 -0.8391 -0.5189
vn -0.0171 -0.9819 -0.1888
vn -0.0407 -0.8917 -0.4507
vn -0.0488 -0.8401 -0.5402
vn 0.0308 -0.8765 -0.4804
vn 0.1268 -0.9163 -0.3800
vn -0.0503 -0.8291 -0.5568
vn 0.0308 0.8765 -0.4804
vn 0.0495 0.8619 -0.5047
vn 0.1629 0.8391 -0.5189
vn 0.1268 0.9163 -0.3800
vn -0.0503 0.8291 -0.5568
vn -0.0488 0.8401 -0.5402
vn 0.0624 0.8804 -0.4702
vn 0.1363 0.8753 -0.4640
vn -0.0407 0.8918 -0.4506
vn 0.0791 0.9788 -0.1889
vn 0.1439 0.9716 -0.1877
vn -0.0166 0.9829 -0.1834
vn -0.0000 1.0000 -0.0000
vn 0.1050 0.9944 -0.0095
vn 0.1933 0.9810 -0.0175
vn 0.8739 0.4421 -0.2019
vn 0.8097 0.5533 -0.1953
vn 0.8074 0.5855 -0.0729
vn 0.8946 0.4395 -0.0808
vn 0.8710 0.3791 -0.3126
vn 0.7964 0.5056 -0.3318
vn 0.9276 0.3179 -0.1962
vn 0.9559 0.2809 -0.0863
vn 0.8842 0.3516 -0.3077
vn 0.9276 -0.3179 -0.1962
vn 0.9559 -0.2809 -0.0863
vn 0.8946 -0.4395 -0.0808
vn 0.8842 -0.3516 -0.3077
vn 0.8074 -0.5855 -0.0729
vn 0.8960 -0.4421 0.0421
vn 0.8316 -0.5533 0.0471
vn 0.9477 -0.3179 0.0269
vn 0.9250 -0.3516 0.1443
vn 0.9129 -0.3791 0.1514
vn 0.8430 -0.5056 0.1838
vn 0.9477 0.3179 0.0269
vn 0.8960 0.4421 0.0421
vn 0.9129 0.3791 0.1514
vn 0.9250 0.3516 0.1443
vn 0.8316 0.5533 0.0471
vn 0.8430 0.5056 0.1838
vn 0.1456 0.8804 0.4514
vn 0.2172 0.8753 0.4321
vn 0.1752 0.9716 0.1589
vn 0.1117 0.9788 0.1717
vn 0.0166 0.9829 0.1834
vn 0.0407 0.8918 0.4506
vn -0.0791 0.9788 0.1889
vn -0.1050 0.9944 0.0095
vn -0.0624 0.8804 0.4702
vn -0.1439 0.9716 0.1877
vn -0.1933 0.9810 0.0175
vn -0.1363 0.8753 0.4640
vn -0.8739 0.4421 0.2019
vn -0.8097 0.5533 0.1953
vn -0.8074 0.5855 0.0729
vn -0.8946 0.4395 0.0808
vn -0.8710 0.3791 0.3126
vn -0.7964 0.5056 0.3318
vn -0.9276 0.3179 0.1962
vn -0.9559 0.2809 0.0863
vn -0.8842 0.3516 0.3077
vn -0.8739 -0.4421 0.2019
vn -0.9276 -0.3179 0.1962
vn -0.9559 -0.2809 0.0863
vn -0.8946 -0.4395 0.0808
vn -0.8710 -0.3791 0.3126
vn -0.8842 -0.3516 0.3077
vn -0.8097 -0.5533 0.1953
vn -0.8074 -0.5855 0.0729
vn -0.7964 -0.5056 0.3318
vn -0.0625 -0.8803 0.4703
vn -0.1363 -0.8753 0.4640
vn -0.1539 -0.9689 0.1940
vn -0.0800 -0.9776 0.1945
vn -0.2141 -0.9766 0.0193
vn -0.1072 -0.9942 0.0097
vn 0.0171 -0.9819 0.1888
vn -0.0000 -1.0000 -0.0000
vn 0.0407 -0.8917 0.4507
vn 0.1135 -0.9776 0.1770
vn 0.1072 -0.9942 -0.0097
vn 0.1457 -0.8803 0.4515
vn 0.1862 -0.9689 0.1632
vn 0.2141 -0.9766 -0.0193
vn 0.2172 -0.8753 0.4321
vn 0.2532 -0.8391 0.4814
vn 0.1392 -0.8619 0.4876
vn 0.0488 -0.8401 0.5402
vn 0.1163 -0.8765 0.4671
vn 0.0503 -0.8291 0.5568
vn 0.1928 -0.9163 0.3511
vn 0.1163 0.8765 0.4671
vn 0.1392 0.8619 0.4876
vn 0.0488 0.8401 0.5402
vn 0.0503 0.8291 0.5568
vn 0.1928 0.9163 0.3511
vn 0.2532 0.8391 0.4814
vn -0.0495 0.8619 0.5047
vn -0.0308 0.8765 0.4804
vn -0.1629 0.8391 0.5189
vn -0.1268 0.9163 0.3800
vn -0.0495 -0.8619 0.5047
vn -0.0308 -0.8765 0.4804
vn -0.1268 -0.9163 0.3800
vn -0.1629 -0.8391 0.5189
vn -0.1135 -0.9776 -0.1770
vn -0.1457 -0.8803 -0.4515
vn -0.1862 -0.9689 -0.1632
vn -0.2172 -0.8753 -0.4321
vn -0.8960 -0.4421 -0.0421
vn -0.8316 -0.5533 -0.0471
vn -0.9129 -0.3791 -0.1514
vn -0.8430 -0.5056 -0.1838
vn -0.9477 -0.3179 -0.0269
vn -0.9250 -0.3516 -0.1443
vn -0.9477 0.3179 -0.0269
vn -0.8960 0.4421 -0.0421
vn -0.9129 0.3791 -0.1514
vn -0.9250 0.3516 -0.1443
vn -0.8316 0.5533 -0.0471
vn -0.8430 0.5056 -0.1838
vn -0.1752 0.9716 -0.1589
vn -0.1117 0.9788 -0.1717
vn -0.1456 0.8804 -0.4514
vn -0.2172 0.8753 -0.4321
vn -0.1392 0.8619 -0.4876
vn -0.2532 0.8391 -0.4814
vn -0.1163 0.8765 -0.4671
vn -0.1928 0.9163 -0.3511
vn -0.1392 -0.8619 -0.4876
vn -0.1163 -0.8765 -0.4671
vn -0.2532 -0.8391 -0.4814
vn -0.1928 -0.9163 -0.3511
vt 0.602232 0.911600
vt 0.603154 0.922912
vt 0.585294 0.923289
vt 0.586730 0.913559
vt 0.577665 0.910832
vt 0.600738 0.904955
vt 0.574274 0.923821
vt 0.603611 0.937666
vt 0.585574 0.937608
vt 0.574387 0.937614
vt 0.572053 0.924094
vt 0.572054 0.911787
vt 0.572109 0.937614
vt 0.569854 0.923826
vt 0.566472 0.910860
vt 0.569831 0.937614
vt 0.558933 0.923276
vt 0.557482 0.913577
vt 0.558653 0.937620
vt 0.541153 0.922890
vt 0.542069 0.911580
vt 0.540699 0.937580
vt 0.517625 0.937549
vt 0.517945 0.921799
vt 0.518390 0.909272
vt 0.543602 0.905047
vt 0.518720 0.902051
vt 0.545854 0.897430
vt 0.519163 0.893662
vt 0.598488 0.897124
vt 0.625274 0.893662
vt 0.625673 0.902023
vt 0.626007 0.909221
vt 0.650997 0.902615
vt 0.650227 0.909514
vt 0.652209 0.894608
vt 0.682433 0.904776
vt 0.676334 0.904901
vt 0.667071 0.909434
vt 0.491947 0.894406
vt 0.493165 0.902610
vt 0.467659 0.905010
vt 0.461545 0.904932
vt 0.493912 0.909619
vt 0.476959 0.909534
vt 0.473643 0.920313
vt 0.493706 0.921662
vt 0.493744 0.937527
vt 0.473003 0.937501
vt 0.493685 0.953391
vt 0.517816 0.953301
vt 0.473709 0.954701
vt 0.493869 0.965442
vt 0.518147 0.965823
vt 0.476994 0.965470
vt 0.493074 0.972353
vt 0.518452 0.973037
vt 0.467704 0.969981
vt 0.491832 0.980370
vt 0.518817 0.981415
vt 0.461597 0.970086
vt 0.651113 0.972406
vt 0.652381 0.980613
vt 0.625123 0.981525
vt 0.625531 0.973122
vt 0.676630 0.969863
vt 0.682747 0.969906
vt 0.650324 0.965393
vt 0.625832 0.965896
vt 0.667299 0.965384
vt 0.670563 0.954579
vt 0.650456 0.953321
vt 0.626236 0.953258
vt 0.650344 0.937387
vt 0.626521 0.937543
vt 0.671133 0.937375
vt 0.650448 0.921533
vt 0.626399 0.921833
vt 0.670383 0.920180
vt 0.684492 0.918905
vt 0.685266 0.937328
vt 0.687462 0.918698
vt 0.688215 0.937321
vt 0.456664 0.918898
vt 0.459629 0.919087
vt 0.458871 0.937496
vt 0.455921 0.937492
vt 0.459582 0.955934
vt 0.456608 0.956131
vt 0.684590 0.955739
vt 0.687555 0.955914
vt 0.603017 0.952351
vt 0.585274 0.951959
vt 0.602129 0.963648
vt 0.586722 0.961659
vt 0.600606 0.970187
vt 0.577730 0.964376
vt 0.598361 0.977817
vt 0.572145 0.963449
vt 0.545662 0.978066
vt 0.543436 0.970218
vt 0.566528 0.964393
vt 0.541967 0.963563
vt 0.557468 0.961647
vt 0.541098 0.952265
vt 0.558922 0.951925
vt 0.569935 0.951406
vt 0.572157 0.951134
vt 0.574356 0.951404
s 1
f 1234/1743/1523 1238/1744/1524 1236/1745/1525 1233/1746/1526
f 1233/1746/1527 1235/1747/1528 1259/1748/1529 1234/1743/1530
f 1236/1745/1525 1239/1749/1531 1235/1747/1532 1233/1746/1526
f 1238/1744/1524 1313/1750/1533 1237/1751/1534 1236/1745/1525
f 1237/1751/1534 1240/1752/1535 1239/1749/1531 1236/1745/1525
f 1239/1749/1531 1241/1753/1536 1242/1754/1537 1235/1747/1532
f 1240/1752/1535 1243/1755/1538 1241/1753/1536 1239/1749/1531
f 1241/1753/1539 1244/1756/1540 1245/1757/1541 1242/1754/1542
f 1243/1755/1543 1246/1758/1544 1244/1756/1540 1241/1753/1539
f 1244/1756/1540 1247/1759/1545 1248/1760/1546 1245/1757/1541
f 1246/1758/1544 1249/1761/1547 1247/1759/1545 1244/1756/1540
f 1250/1762/1548 1253/1763/1549 1248/1760/1546 1247/1759/1545
f 1252/1764/1550 1250/1762/1548 1247/1759/1545 1249/1761/1547
f 1274/1765/1551 1251/1766/1552 1250/1762/1548 1252/1764/1550
f 1251/1766/1552 1254/1767/1553 1253/1763/1549 1250/1762/1548
f 1255/1768/1554 1253/1763/1555 1254/1767/1556 1256/1769/1557
f 1245/1757/1558 1248/1760/1559 1253/1763/1555 1255/1768/1554
f 1257/1770/1560 1255/1768/1554 1256/1769/1557 1258/1771/1561
f 1242/1754/1562 1245/1757/1558 1255/1768/1554 1257/1770/1560
f 1259/1748/1529 1257/1772/1563 1258/1773/1564 1260/1774/1565
f 1235/1747/1528 1242/1754/1566 1257/1772/1563 1259/1748/1529
f 1234/1743/1530 1259/1748/1529 1260/1774/1565 1261/1775/1567
f 1261/1775/1567 1260/1774/1565 1262/1776/1568 1264/1777/1569
f 1260/1774/1565 1258/1773/1564 1265/1778/1570 1262/1776/1568
f 1262/1776/1568 1265/1778/1570 1266/1779/1571 1263/1780/1572
f 1264/1777/1569 1262/1776/1568 1263/1780/1572 1303/1781/1573
f 1265/1782/1574 1267/1783/1575 1268/1784/1576 1266/1785/1577
f 1258/1771/1561 1256/1769/1557 1267/1783/1575 1265/1782/1574
f 1267/1783/1575 1269/1786/1578 1270/1787/1579 1268/1784/1576
f 1256/1769/1557 1254/1767/1556 1269/1786/1578 1267/1783/1575
f 1272/1788/1580 1270/1787/1581 1269/1786/1582 1271/1789/1583
f 1271/1789/1583 1269/1786/1582 1254/1767/1553 1251/1766/1552
f 1273/1790/1584 1271/1789/1583 1251/1766/1552 1274/1765/1551
f 1275/1791/1585 1272/1788/1580 1271/1789/1583 1273/1790/1584
f 1276/1792/1586 1273/1790/1584 1274/1765/1551 1277/1793/1587
f 1278/1794/1588 1275/1791/1585 1273/1790/1584 1276/1792/1586
f 1279/1795/1589 1276/1792/1586 1277/1793/1587 1280/1796/1590
f 1281/1797/1591 1278/1794/1588 1276/1792/1586 1279/1795/1589
f 1282/1798/1592 1279/1795/1593 1280/1796/1594 1283/1799/1595
f 1284/1800/1596 1281/1797/1597 1279/1795/1593 1282/1798/1592
f 1285/1801/1598 1282/1798/1592 1283/1799/1595 1286/1802/1599
f 1287/1803/1600 1284/1800/1596 1282/1798/1592 1285/1801/1598
f 1288/1804/1601 1285/1805/1602 1286/1806/1603 1289/1807/1604
f 1290/1808/1605 1287/1809/1606 1285/1805/1602 1288/1804/1601
f 1291/1810/1607 1288/1804/1601 1289/1807/1604 1293/1811/1608
f 1292/1812/1609 1290/1808/1605 1288/1804/1601 1291/1810/1607
f 1296/1813/1610 1292/1812/1611 1291/1810/1612 1294/1814/1613
f 1294/1814/1613 1291/1810/1612 1293/1811/1614 1295/1815/1615
f 1297/1816/1616 1294/1814/1613 1295/1815/1615 1298/1817/1617
f 1299/1818/1618 1296/1813/1610 1294/1814/1613 1297/1816/1616
f 1300/1819/1619 1297/1816/1616 1298/1817/1617 1301/1820/1620
f 1302/1821/1621 1299/1818/1618 1297/1816/1616 1300/1819/1619
f 1264/1777/1622 1300/1819/1619 1301/1820/1620 1261/1775/1623
f 1303/1781/1624 1302/1821/1621 1300/1819/1619 1264/1777/1622
f 1303/1781/1624 1263/1780/1625 1304/1822/1626 1302/1821/1621
f 1302/1821/1621 1304/1822/1626 1305/1823/1627 1299/1818/1618
f 1304/1822/1626 1306/1824/1628 1307/1825/1629 1305/1823/1627
f 1263/1780/1625 1266/1779/1630 1306/1824/1628 1304/1822/1626
f 1306/1826/1631 1308/1827/1632 1309/1828/1633 1307/1829/1634
f 1266/1785/1635 1268/1784/1636 1308/1827/1632 1306/1826/1631
f 1308/1827/1632 1272/1788/1580 1275/1791/1585 1309/1828/1633
f 1268/1784/1636 1270/1787/1581 1272/1788/1580 1308/1827/1632
f 1307/1829/1634 1309/1828/1633 1310/1830/1637 1311/1831/1638
f 1309/1828/1633 1275/1791/1585 1278/1794/1588 1310/1830/1637
f 1310/1830/1637 1278/1794/1588 1281/1797/1591 1284/1800/1639
f 1311/1831/1638 1310/1830/1637 1284/1800/1639 1287/1803/1640
f 1312/1832/1641 1311/1833/1642 1287/1809/1643 1290/1808/1644
f 1305/1823/1627 1307/1825/1629 1311/1833/1642 1312/1832/1641
f 1296/1813/1610 1312/1832/1641 1290/1808/1644 1292/1812/1611
f 1299/1818/1618 1305/1823/1627 1312/1832/1641 1296/1813/1610
f 1261/1775/1623 1301/1820/1620 1238/1744/1524 1234/1743/1523
f 1301/1820/1620 1298/1817/1617 1313/1750/1533 1238/1744/1524
f 1298/1817/1617 1295/1815/1615 1314/1834/1645 1313/1750/1533
f 1313/1750/1533 1314/1834/1645 1315/1835/1646 1237/1751/1534
f 1314/1834/1645 1316/1836/1647 1317/1837/1648 1315/1835/1646
f 1295/1815/1615 1293/1811/1614 1316/1836/1647 1314/1834/1645
f 1293/1811/1608 1289/1807/1604 1318/1838/1649 1316/1836/1650
f 1316/1836/1650 1318/1838/1649 1319/1839/1651 1317/1837/1652
f 1318/1838/1649 1320/1840/1653 1321/1841/1654 1319/1839/1651
f 1289/1807/1604 1286/1806/1603 1320/1840/1653 1318/1838/1649
f 1320/1842/1655 1322/1843/1656 1323/1844/1657 1321/1841/1658
f 1286/1802/1599 1283/1799/1595 1322/1843/1656 1320/1842/1655
f 1322/1843/1656 1324/1845/1659 1325/1846/1660 1323/1844/1657
f 1283/1799/1595 1280/1796/1594 1324/1845/1659 1322/1843/1656
f 1324/1845/1661 1326/1847/1662 1327/1848/1663 1325/1846/1664
f 1280/1796/1590 1277/1793/1587 1326/1847/1662 1324/1845/1661
f 1326/1847/1662 1252/1764/1550 1249/1761/1547 1327/1848/1663
f 1277/1793/1587 1274/1765/1551 1252/1764/1550 1326/1847/1662
f 1328/1849/1665 1327/1848/1663 1249/1761/1547 1246/1758/1544
f 1323/1844/1666 1325/1846/1664 1327/1848/1663 1328/1849/1665
f 1329/1850/1667 1328/1849/1665 1246/1758/1544 1243/1755/1543
f 1321/1841/1668 1323/1844/1666 1328/1849/1665 1329/1850/1667
f 1330/1851/1669 1329/1850/1670 1243/1755/1538 1240/1752/1535
f 1319/1839/1671 1321/1841/1672 1329/1850/1670 1330/1851/1669
f 1315/1835/1646 1330/1851/1669 1240/1752/1535 1237/1751/1534
f 1317/1837/1648 1319/1839/1671 1330/1851/1669 1315/1835/1646
o Sandbags.011
v 0.156118 0.243082 -0.557084
v 0.163701 0.213654 -0.464684
v 0.163701 0.279051 -0.592406
v 0.095451 0.240878 -0.568634
v 0.004451 0.240878 -0.568634
v 0.095451 0.203154 -0.464684
v 0.095451 0.279051 -0.630452
v 0.004451 0.279051 -0.630452
v 0.095451 0.287154 -0.642469
v 0.163701 0.287154 -0.620846
v 0.004451 0.287154 -0.642469
v 0.095451 0.295257 -0.630452
v 0.163701 0.295257 -0.592406
v 0.004451 0.295257 -0.630452
v 0.095451 0.333430 -0.568634
v 0.156118 0.331227 -0.557084
v 0.004451 0.333430 -0.568634
v 0.095451 0.371154 -0.464684
v 0.095451 0.377166 -0.326084
v 0.004451 0.380131 -0.464684
v 0.163701 0.360654 -0.464684
v 0.163701 0.360654 -0.326084
v 0.186451 0.329154 -0.464684
v 0.186451 0.329154 -0.326084
v 0.198742 0.287154 -0.464684
v 0.198742 0.287154 -0.326084
v 0.186451 0.245154 -0.464684
v 0.186451 0.245154 -0.326084
v 0.163701 0.213654 -0.326084
v 0.186451 0.245154 -0.187484
v 0.163701 0.279051 -0.059762
v 0.163701 0.213654 -0.187484
v 0.198742 0.287154 -0.187484
v 0.163701 0.287154 -0.031322
v 0.186451 0.329154 -0.187484
v 0.163701 0.295257 -0.059762
v 0.163701 0.360654 -0.187484
v 0.156118 0.331227 -0.095084
v 0.095451 0.371154 -0.187484
v 0.095451 0.333430 -0.083534
v 0.004451 0.380131 -0.187484
v 0.004451 0.371154 -0.326084
v 0.004451 0.333430 -0.083534
v -0.086549 0.371154 -0.187484
v -0.086549 0.377166 -0.326084
v -0.086549 0.333430 -0.083534
v -0.154799 0.360654 -0.187484
v -0.154799 0.360654 -0.326084
v -0.147216 0.331227 -0.095084
v -0.177549 0.329154 -0.187484
v -0.177549 0.329154 -0.326084
v -0.154799 0.295257 -0.059762
v -0.189841 0.287154 -0.187484
v -0.189841 0.287154 -0.326084
v -0.154799 0.287154 -0.031322
v -0.177549 0.245154 -0.187484
v -0.177549 0.245154 -0.326084
v -0.154799 0.279051 -0.059762
v -0.154799 0.213654 -0.187484
v -0.147216 0.243082 -0.095084
v -0.154799 0.213654 -0.326084
v -0.086549 0.203154 -0.187484
v -0.086549 0.194114 -0.326084
v -0.086549 0.240878 -0.083534
v 0.004451 0.194114 -0.187484
v 0.004451 0.203154 -0.326084
v 0.004451 0.240878 -0.083534
v 0.095451 0.203154 -0.187484
v 0.095451 0.194114 -0.326084
v 0.095451 0.240878 -0.083534
v 0.156118 0.243082 -0.095084
v 0.095451 0.279051 -0.021716
v 0.004451 0.279051 -0.021716
v 0.095451 0.287154 -0.009699
v 0.004451 0.287154 -0.009699
v 0.095451 0.295257 -0.021716
v 0.004451 0.295257 -0.021716
v -0.086549 0.295257 -0.021716
v -0.086549 0.287154 -0.009699
v -0.086549 0.279051 -0.021716
v 0.004451 0.194114 -0.464684
v -0.086549 0.203154 -0.464684
v -0.086549 0.240878 -0.568634
v -0.154799 0.213654 -0.464684
v -0.147216 0.243082 -0.557084
v -0.177549 0.245154 -0.464684
v -0.154799 0.279051 -0.592406
v -0.189841 0.287154 -0.464684
v -0.154799 0.287154 -0.620846
v -0.177549 0.329154 -0.464684
v -0.154799 0.295257 -0.592406
v -0.154799 0.360654 -0.464684
v -0.147216 0.331227 -0.557084
v -0.086549 0.371154 -0.464684
v -0.086549 0.333430 -0.568634
v -0.086549 0.295257 -0.630452
v -0.086549 0.287154 -0.642469
v -0.086549 0.279051 -0.630452
vn 0.1707 -0.9689 -0.1793
vn 0.0972 -0.9776 -0.1865
vn 0.1045 -0.8803 -0.4627
vn 0.1775 -0.8753 -0.4499
vn 0.8231 -0.5056 -0.2589
vn 0.8956 -0.3791 -0.2329
vn 0.8885 -0.4421 -0.1225
vn 0.8240 -0.5533 -0.1217
vn 0.0947 -0.8619 -0.4982
vn 0.2089 -0.8391 -0.5022
vn -0.0000 -0.9819 -0.1896
vn -0.0000 -0.8917 -0.4526
vn -0.0000 -0.8401 -0.5424
vn 0.0738 -0.8765 -0.4756
vn 0.1605 -0.9163 -0.3670
vn -0.0000 -0.8291 -0.5591
vn 0.0738 0.8765 -0.4756
vn 0.0947 0.8619 -0.4982
vn 0.2089 0.8391 -0.5022
vn 0.1605 0.9163 -0.3671
vn -0.0000 0.8291 -0.5591
vn -0.0000 0.8401 -0.5424
vn 0.1044 0.8804 -0.4627
vn 0.1775 0.8753 -0.4499
vn -0.0000 0.8918 -0.4524
vn 0.0958 0.9788 -0.1811
vn 0.1602 0.9716 -0.1740
vn -0.0000 0.9829 -0.1842
vn -0.0000 1.0000 -0.0000
vn 0.1054 0.9944 -0.0000
vn 0.1941 0.9810 -0.0000
vn 0.8885 0.4421 -0.1225
vn 0.8240 0.5533 -0.1217
vn 0.8107 0.5855 -0.0000
vn 0.8982 0.4395 -0.0000
vn 0.8956 0.3791 -0.2329
vn 0.8231 0.5056 -0.2589
vn 0.9415 0.3179 -0.1120
vn 0.9597 0.2809 -0.0000
vn 0.9082 0.3516 -0.2269
vn 0.9415 -0.3179 -0.1120
vn 0.9597 -0.2809 -0.0000
vn 0.8982 -0.4395 -0.0000
vn 0.9082 -0.3516 -0.2269
vn 0.8107 -0.5855 -0.0000
vn 0.8885 -0.4421 0.1225
vn 0.8240 -0.5533 0.1217
vn 0.9415 -0.3179 0.1120
vn 0.9082 -0.3516 0.2269
vn 0.8956 -0.3791 0.2329
vn 0.8231 -0.5056 0.2589
vn 0.9415 0.3179 0.1120
vn 0.8885 0.4421 0.1225
vn 0.8956 0.3791 0.2329
vn 0.9082 0.3516 0.2269
vn 0.8240 0.5533 0.1217
vn 0.8231 0.5056 0.2589
vn 0.1044 0.8804 0.4627
vn 0.1775 0.8753 0.4499
vn 0.1602 0.9716 0.1740
vn 0.0958 0.9788 0.1811
vn -0.0000 0.9829 0.1842
vn -0.0000 0.8918 0.4524
vn -0.0958 0.9788 0.1811
vn -0.1054 0.9944 -0.0000
vn -0.1044 0.8804 0.4627
vn -0.1602 0.9716 0.1740
vn -0.1941 0.9810 -0.0000
vn -0.1775 0.8753 0.4499
vn -0.8885 0.4421 0.1225
vn -0.8240 0.5533 0.1217
vn -0.8107 0.5855 -0.0000
vn -0.8982 0.4395 -0.0000
vn -0.8956 0.3791 0.2329
vn -0.8231 0.5056 0.2589
vn -0.9415 0.3179 0.1120
vn -0.9597 0.2809 -0.0000
vn -0.9082 0.3516 0.2269
vn -0.8885 -0.4421 0.1225
vn -0.9415 -0.3179 0.1120
vn -0.9597 -0.2809 -0.0000
vn -0.8982 -0.4395 -0.0000
vn -0.8956 -0.3791 0.2329
vn -0.9082 -0.3516 0.2269
vn -0.8240 -0.5533 0.1217
vn -0.8107 -0.5855 -0.0000
vn -0.8231 -0.5056 0.2589
vn -0.1045 -0.8803 0.4627
vn -0.1775 -0.8753 0.4499
vn -0.1707 -0.9689 0.1793
vn -0.0972 -0.9776 0.1865
vn -0.2149 -0.9766 -0.0000
vn -0.1077 -0.9942 -0.0000
vn -0.0000 -0.9819 0.1896
vn -0.0000 -1.0000 -0.0000
vn -0.0000 -0.8917 0.4526
vn 0.0972 -0.9776 0.1865
vn 0.1077 -0.9942 -0.0000
vn 0.1045 -0.8803 0.4627
vn 0.1707 -0.9689 0.1793
vn 0.2149 -0.9766 -0.0000
vn 0.1775 -0.8753 0.4499
vn 0.2089 -0.8391 0.5022
vn 0.0947 -0.8619 0.4982
vn -0.0000 -0.8401 0.5424
vn 0.0738 -0.8765 0.4756
vn -0.0000 -0.8291 0.5591
vn 0.1605 -0.9163 0.3670
vn 0.0738 0.8765 0.4756
vn 0.0947 0.8619 0.4982
vn -0.0000 0.8401 0.5424
vn -0.0000 0.8291 0.5591
vn 0.1605 0.9163 0.3671
vn 0.2089 0.8391 0.5022
vn -0.0947 0.8619 0.4982
vn -0.0738 0.8765 0.4756
vn -0.2089 0.8391 0.5022
vn -0.1605 0.9163 0.3671
vn -0.0947 -0.8619 0.4982
vn -0.0738 -0.8765 0.4756
vn -0.1605 -0.9163 0.3670
vn -0.2089 -0.8391 0.5022
vn -0.0972 -0.9776 -0.1865
vn -0.1045 -0.8803 -0.4627
vn -0.1707 -0.9689 -0.1793
vn -0.1775 -0.8753 -0.4499
vn -0.8885 -0.4421 -0.1225
vn -0.8240 -0.5533 -0.1217
vn -0.8956 -0.3791 -0.2329
vn -0.8231 -0.5056 -0.2589
vn -0.9415 -0.3179 -0.1120
vn -0.9082 -0.3516 -0.2269
vn -0.9415 0.3179 -0.1120
vn -0.8885 0.4421 -0.1225
vn -0.8956 0.3791 -0.2329
vn -0.9082 0.3516 -0.2269
vn -0.8240 0.5533 -0.1217
vn -0.8231 0.5056 -0.2589
vn -0.1602 0.9716 -0.1740
vn -0.0958 0.9788 -0.1811
vn -0.1044 0.8804 -0.4627
vn -0.1775 0.8753 -0.4499
vn -0.0947 0.8619 -0.4982
vn -0.2089 0.8391 -0.5022
vn -0.0738 0.8765 -0.4756
vn -0.1605 0.9163 -0.3671
vn -0.0947 -0.8619 -0.4982
vn -0.0738 -0.8765 -0.4756
vn -0.2089 -0.8391 -0.5022
vn -0.1605 -0.9163 -0.3670
vt 0.353729 0.915009
vt 0.354651 0.926320
vt 0.336791 0.926697
vt 0.338226 0.916968
vt 0.329162 0.914241
vt 0.352235 0.908364
vt 0.325771 0.927229
vt 0.355108 0.941074
vt 0.337070 0.941016
vt 0.325883 0.941022
vt 0.323549 0.927503
vt 0.323551 0.915195
vt 0.323605 0.941022
vt 0.321351 0.927234
vt 0.317969 0.914268
vt 0.321327 0.941022
vt 0.310430 0.926684
vt 0.308978 0.916985
vt 0.310150 0.941028
vt 0.292649 0.926298
vt 0.293566 0.914989
vt 0.292196 0.940989
vt 0.269122 0.940958
vt 0.269442 0.925207
vt 0.269887 0.912680
vt 0.295098 0.908455
vt 0.270217 0.905459
vt 0.297351 0.900838
vt 0.270660 0.897071
vt 0.349985 0.900533
vt 0.376771 0.897071
vt 0.377169 0.905431
vt 0.377504 0.912629
vt 0.402494 0.906023
vt 0.401723 0.912922
vt 0.403706 0.898016
vt 0.433929 0.908185
vt 0.427831 0.908309
vt 0.418567 0.912843
vt 0.243443 0.897814
vt 0.244661 0.906018
vt 0.219155 0.908418
vt 0.213042 0.908341
vt 0.245408 0.913028
vt 0.228456 0.912943
vt 0.225140 0.923721
vt 0.245203 0.925071
vt 0.245241 0.940935
vt 0.224500 0.940910
vt 0.245181 0.956800
vt 0.269313 0.956709
vt 0.225205 0.958110
vt 0.245366 0.968851
vt 0.269644 0.969231
vt 0.228491 0.968879
vt 0.244571 0.975761
vt 0.269949 0.976445
vt 0.219201 0.973390
vt 0.243329 0.983778
vt 0.270314 0.984823
vt 0.213094 0.973494
vt 0.402610 0.975814
vt 0.403877 0.984022
vt 0.376620 0.984934
vt 0.377028 0.976530
vt 0.428127 0.973271
vt 0.434243 0.973315
vt 0.401820 0.968801
vt 0.377329 0.969304
vt 0.418795 0.968793
vt 0.422060 0.957987
vt 0.401953 0.956729
vt 0.377733 0.956666
vt 0.401840 0.940795
vt 0.378017 0.940951
vt 0.422630 0.940783
vt 0.401945 0.924942
vt 0.377895 0.925241
vt 0.421880 0.923588
vt 0.435989 0.922314
vt 0.436763 0.940737
vt 0.438959 0.922107
vt 0.439712 0.940729
vt 0.208161 0.922306
vt 0.211125 0.922495
vt 0.210368 0.940905
vt 0.207418 0.940900
vt 0.211078 0.959343
vt 0.208105 0.959540
vt 0.436087 0.959148
vt 0.439052 0.959322
vt 0.354514 0.955759
vt 0.336771 0.955368
vt 0.353625 0.967056
vt 0.338219 0.965068
vt 0.352103 0.973595
vt 0.329227 0.967785
vt 0.349858 0.981225
vt 0.323641 0.966857
vt 0.297158 0.981475
vt 0.294933 0.973627
vt 0.318025 0.967801
vt 0.293464 0.966971
vt 0.308965 0.965056
vt 0.292595 0.955673
vt 0.310419 0.955333
vt 0.321432 0.954814
vt 0.323654 0.954542
vt 0.325852 0.954812
s 1
f 1332/1852/1673 1336/1853/1674 1334/1854/1675 1331/1855/1676
f 1331/1855/1677 1333/1856/1678 1357/1857/1679 1332/1852/1680
f 1334/1854/1675 1337/1858/1681 1333/1856/1682 1331/1855/1676
f 1336/1853/1674 1411/1859/1683 1335/1860/1684 1334/1854/1675
f 1335/1860/1684 1338/1861/1685 1337/1858/1681 1334/1854/1675
f 1337/1858/1681 1339/1862/1686 1340/1863/1687 1333/1856/1682
f 1338/1861/1685 1341/1864/1688 1339/1862/1686 1337/1858/1681
f 1339/1862/1689 1342/1865/1690 1343/1866/1691 1340/1863/1692
f 1341/1864/1693 1344/1867/1694 1342/1865/1690 1339/1862/1689
f 1342/1865/1690 1345/1868/1695 1346/1869/1696 1343/1866/1691
f 1344/1867/1694 1347/1870/1697 1345/1868/1695 1342/1865/1690
f 1348/1871/1698 1351/1872/1699 1346/1869/1696 1345/1868/1695
f 1350/1873/1700 1348/1871/1698 1345/1868/1695 1347/1870/1697
f 1372/1874/1701 1349/1875/1702 1348/1871/1698 1350/1873/1700
f 1349/1875/1702 1352/1876/1703 1351/1872/1699 1348/1871/1698
f 1353/1877/1704 1351/1872/1705 1352/1876/1706 1354/1878/1707
f 1343/1866/1708 1346/1869/1709 1351/1872/1705 1353/1877/1704
f 1355/1879/1710 1353/1877/1704 1354/1878/1707 1356/1880/1711
f 1340/1863/1712 1343/1866/1708 1353/1877/1704 1355/1879/1710
f 1357/1857/1679 1355/1881/1713 1356/1882/1714 1358/1883/1715
f 1333/1856/1678 1340/1863/1716 1355/1881/1713 1357/1857/1679
f 1332/1852/1680 1357/1857/1679 1358/1883/1715 1359/1884/1717
f 1359/1884/1717 1358/1883/1715 1360/1885/1718 1362/1886/1719
f 1358/1883/1715 1356/1882/1714 1363/1887/1720 1360/1885/1718
f 1360/1885/1718 1363/1887/1720 1364/1888/1721 1361/1889/1722
f 1362/1886/1719 1360/1885/1718 1361/1889/1722 1401/1890/1723
f 1363/1891/1724 1365/1892/1725 1366/1893/1726 1364/1894/1727
f 1356/1880/1711 1354/1878/1707 1365/1892/1725 1363/1891/1724
f 1365/1892/1725 1367/1895/1728 1368/1896/1729 1366/1893/1726
f 1354/1878/1707 1352/1876/1706 1367/1895/1728 1365/1892/1725
f 1370/1897/1730 1368/1896/1731 1367/1895/1732 1369/1898/1733
f 1369/1898/1733 1367/1895/1732 1352/1876/1703 1349/1875/1702
f 1371/1899/1734 1369/1898/1733 1349/1875/1702 1372/1874/1701
f 1373/1900/1735 1370/1897/1730 1369/1898/1733 1371/1899/1734
f 1374/1901/1736 1371/1899/1734 1372/1874/1701 1375/1902/1737
f 1376/1903/1738 1373/1900/1735 1371/1899/1734 1374/1901/1736
f 1377/1904/1739 1374/1901/1736 1375/1902/1737 1378/1905/1740
f 1379/1906/1741 1376/1903/1738 1374/1901/1736 1377/1904/1739
f 1380/1907/1742 1377/1904/1743 1378/1905/1744 1381/1908/1745
f 1382/1909/1746 1379/1906/1747 1377/1904/1743 1380/1907/1742
f 1383/1910/1748 1380/1907/1742 1381/1908/1745 1384/1911/1749
f 1385/1912/1750 1382/1909/1746 1380/1907/1742 1383/1910/1748
f 1386/1913/1751 1383/1914/1752 1384/1915/1753 1387/1916/1754
f 1388/1917/1755 1385/1918/1756 1383/1914/1752 1386/1913/1751
f 1389/1919/1757 1386/1913/1751 1387/1916/1754 1391/1920/1758
f 1390/1921/1759 1388/1917/1755 1386/1913/1751 1389/1919/1757
f 1394/1922/1760 1390/1921/1761 1389/1919/1762 1392/1923/1763
f 1392/1923/1763 1389/1919/1762 1391/1920/1764 1393/1924/1765
f 1395/1925/1766 1392/1923/1763 1393/1924/1765 1396/1926/1767
f 1397/1927/1768 1394/1922/1760 1392/1923/1763 1395/1925/1766
f 1398/1928/1769 1395/1925/1766 1396/1926/1767 1399/1929/1770
f 1400/1930/1771 1397/1927/1768 1395/1925/1766 1398/1928/1769
f 1362/1886/1772 1398/1928/1769 1399/1929/1770 1359/1884/1773
f 1401/1890/1774 1400/1930/1771 1398/1928/1769 1362/1886/1772
f 1401/1890/1774 1361/1889/1775 1402/1931/1776 1400/1930/1771
f 1400/1930/1771 1402/1931/1776 1403/1932/1777 1397/1927/1768
f 1402/1931/1776 1404/1933/1778 1405/1934/1779 1403/1932/1777
f 1361/1889/1775 1364/1888/1780 1404/1933/1778 1402/1931/1776
f 1404/1935/1781 1406/1936/1782 1407/1937/1783 1405/1938/1784
f 1364/1894/1785 1366/1893/1786 1406/1936/1782 1404/1935/1781
f 1406/1936/1782 1370/1897/1730 1373/1900/1735 1407/1937/1783
f 1366/1893/1786 1368/1896/1731 1370/1897/1730 1406/1936/1782
f 1405/1938/1784 1407/1937/1783 1408/1939/1787 1409/1940/1788
f 1407/1937/1783 1373/1900/1735 1376/1903/1738 1408/1939/1787
f 1408/1939/1787 1376/1903/1738 1379/1906/1741 1382/1909/1789
f 1409/1940/1788 1408/1939/1787 1382/1909/1789 1385/1912/1790
f 1410/1941/1791 1409/1942/1792 1385/1918/1793 1388/1917/1794
f 1403/1932/1777 1405/1934/1779 1409/1942/1792 1410/1941/1791
f 1394/1922/1760 1410/1941/1791 1388/1917/1794 1390/1921/1761
f 1397/1927/1768 1403/1932/1777 1410/1941/1791 1394/1922/1760
f 1359/1884/1773 1399/1929/1770 1336/1853/1674 1332/1852/1673
f 1399/1929/1770 1396/1926/1767 1411/1859/1683 1336/1853/1674
f 1396/1926/1767 1393/1924/1765 1412/1943/1795 1411/1859/1683
f 1411/1859/1683 1412/1943/1795 1413/1944/1796 1335/1860/1684
f 1412/1943/1795 1414/1945/1797 1415/1946/1798 1413/1944/1796
f 1393/1924/1765 1391/1920/1764 1414/1945/1797 1412/1943/1795
f 1391/1920/1758 1387/1916/1754 1416/1947/1799 1414/1945/1800
f 1414/1945/1800 1416/1947/1799 1417/1948/1801 1415/1946/1802
f 1416/1947/1799 1418/1949/1803 1419/1950/1804 1417/1948/1801
f 1387/1916/1754 1384/1915/1753 1418/1949/1803 1416/1947/1799
f 1418/1951/1805 1420/1952/1806 1421/1953/1807 1419/1950/1808
f 1384/1911/1749 1381/1908/1745 1420/1952/1806 1418/1951/1805
f 1420/1952/1806 1422/1954/1809 1423/1955/1810 1421/1953/1807
f 1381/1908/1745 1378/1905/1744 1422/1954/1809 1420/1952/1806
f 1422/1954/1811 1424/1956/1812 1425/1957/1813 1423/1955/1814
f 1378/1905/1740 1375/1902/1737 1424/1956/1812 1422/1954/1811
f 1424/1956/1812 1350/1873/1700 1347/1870/1697 1425/1957/1813
f 1375/1902/1737 1372/1874/1701 1350/1873/1700 1424/1956/1812
f 1426/1958/1815 1425/1957/1813 1347/1870/1697 1344/1867/1694
f 1421/1953/1816 1423/1955/1814 1425/1957/1813 1426/1958/1815
f 1427/1959/1817 1426/1958/1815 1344/1867/1694 1341/1864/1693
f 1419/1950/1818 1421/1953/1816 1426/1958/1815 1427/1959/1817
f 1428/1960/1819 1427/1959/1820 1341/1864/1688 1338/1861/1685
f 1417/1948/1821 1419/1950/1822 1427/1959/1820 1428/1960/1819
f 1413/1944/1796 1428/1960/1819 1338/1861/1685 1335/1860/1684
f 1415/1946/1798 1417/1948/1821 1428/1960/1819 1413/1944/1796
o Sandbags.012
v -0.232181 0.243082 -0.532820
v -0.237990 0.213654 -0.440291
v -0.219587 0.279051 -0.566681
v -0.290550 0.240878 -0.552991
v -0.380600 0.240878 -0.566103
v -0.305528 0.203154 -0.450126
v -0.281643 0.279051 -0.614164
v -0.371693 0.279051 -0.627276
v -0.279911 0.287154 -0.626055
v -0.215489 0.287154 -0.594823
v -0.369962 0.287154 -0.639167
v -0.281643 0.295257 -0.614164
v -0.219587 0.295257 -0.566681
v -0.371693 0.295257 -0.627276
v -0.290550 0.333430 -0.552991
v -0.232181 0.331227 -0.532820
v -0.380600 0.333430 -0.566103
v -0.305528 0.371154 -0.450126
v -0.325499 0.377166 -0.312972
v -0.395578 0.380131 -0.463238
v -0.237990 0.360654 -0.440291
v -0.257961 0.360654 -0.303138
v -0.215478 0.329154 -0.437013
v -0.235448 0.329154 -0.299860
v -0.203314 0.287154 -0.435242
v -0.223285 0.287154 -0.298089
v -0.215478 0.245154 -0.437013
v -0.235448 0.245154 -0.299860
v -0.257961 0.213654 -0.303138
v -0.255419 0.245154 -0.162706
v -0.296335 0.279051 -0.039595
v -0.277932 0.213654 -0.165984
v -0.243256 0.287154 -0.160935
v -0.300433 0.287154 -0.011452
v -0.255419 0.329154 -0.162706
v -0.296335 0.295257 -0.039595
v -0.277932 0.360654 -0.165984
v -0.298750 0.331227 -0.075641
v -0.345470 0.371154 -0.175818
v -0.360448 0.333430 -0.072953
v -0.435520 0.380131 -0.188930
v -0.415549 0.371154 -0.326084
v -0.450498 0.333430 -0.086065
v -0.525570 0.371154 -0.202042
v -0.505600 0.377166 -0.339196
v -0.540548 0.333430 -0.099177
v -0.593108 0.360654 -0.211876
v -0.573137 0.360654 -0.349030
v -0.598918 0.331227 -0.119348
v -0.615621 0.329154 -0.215154
v -0.595650 0.329154 -0.352308
v -0.611512 0.295257 -0.085487
v -0.627784 0.287154 -0.216926
v -0.607813 0.287154 -0.354079
v -0.615609 0.287154 -0.057344
v -0.615621 0.245154 -0.215154
v -0.595650 0.245154 -0.352308
v -0.611512 0.279051 -0.085487
v -0.593108 0.213654 -0.211876
v -0.598918 0.243082 -0.119348
v -0.573137 0.213654 -0.349030
v -0.525570 0.203154 -0.202042
v -0.505600 0.194114 -0.339196
v -0.540548 0.240878 -0.099177
v -0.435520 0.194114 -0.188930
v -0.415549 0.203154 -0.326084
v -0.450498 0.240878 -0.086065
v -0.345470 0.203154 -0.175818
v -0.325499 0.194114 -0.312972
v -0.360448 0.240878 -0.072953
v -0.298750 0.243082 -0.075641
v -0.369355 0.279051 -0.011780
v -0.459405 0.279051 -0.024892
v -0.371086 0.287154 0.000112
v -0.461137 0.287154 -0.013001
v -0.369355 0.295257 -0.011780
v -0.459405 0.295257 -0.024892
v -0.549456 0.295257 -0.038004
v -0.551187 0.287154 -0.026113
v -0.549456 0.279051 -0.038004
v -0.395578 0.194114 -0.463238
v -0.485629 0.203154 -0.476350
v -0.470651 0.240878 -0.579215
v -0.553167 0.213654 -0.486184
v -0.532349 0.243082 -0.576527
v -0.575679 0.245154 -0.489462
v -0.534763 0.279051 -0.612573
v -0.587843 0.287154 -0.491233
v -0.530665 0.287154 -0.640716
v -0.575679 0.329154 -0.489462
v -0.534763 0.295257 -0.612573
v -0.553167 0.360654 -0.486184
v -0.532349 0.331227 -0.576527
v -0.485629 0.371154 -0.476350
v -0.470651 0.333430 -0.579215
v -0.461743 0.295257 -0.640388
v -0.460012 0.287154 -0.652279
v -0.461743 0.279051 -0.640388
vn 0.1948 -0.9689 -0.1529
vn 0.1230 -0.9776 -0.1706
vn 0.1701 -0.8803 -0.4428
vn 0.2404 -0.8753 -0.4196
vn 0.8518 -0.5056 -0.1376
vn 0.9198 -0.3791 -0.1015
vn 0.8969 -0.4421 0.0068
vn 0.8330 -0.5533 -0.0017
vn 0.1655 -0.8619 -0.4793
vn 0.2791 -0.8391 -0.4668
vn 0.0273 -0.9819 -0.1876
vn 0.0652 -0.8917 -0.4478
vn 0.0781 -0.8401 -0.5367
vn 0.1416 -0.8765 -0.4600
vn 0.2117 -0.9163 -0.3401
vn 0.0806 -0.8291 -0.5533
vn 0.1416 0.8765 -0.4600
vn 0.1655 0.8619 -0.4793
vn 0.2791 0.8391 -0.4668
vn 0.2117 0.9163 -0.3401
vn 0.0806 0.8291 -0.5533
vn 0.0781 0.8401 -0.5367
vn 0.1700 0.8804 -0.4428
vn 0.2404 0.8753 -0.4196
vn 0.0652 0.8918 -0.4477
vn 0.1209 0.9788 -0.1654
vn 0.1836 0.9716 -0.1491
vn 0.0265 0.9829 -0.1823
vn -0.0000 1.0000 -0.0000
vn 0.1043 0.9944 0.0152
vn 0.1921 0.9810 0.0280
vn 0.8969 0.4421 0.0068
vn 0.8330 0.5533 -0.0017
vn 0.8022 0.5855 0.1168
vn 0.8888 0.4395 0.1294
vn 0.9198 0.3791 -0.1015
vn 0.8518 0.5056 -0.1376
vn 0.9478 0.3179 0.0248
vn 0.9497 0.2809 0.1383
vn 0.9315 0.3516 -0.0936
vn 0.9478 -0.3179 0.0248
vn 0.9497 -0.2809 0.1383
vn 0.8888 -0.4395 0.1294
vn 0.9315 -0.3516 -0.0936
vn 0.8022 -0.5855 0.1168
vn 0.8616 -0.4421 0.2493
vn 0.7979 -0.5533 0.2392
vn 0.9155 -0.3179 0.2465
vn 0.8661 -0.3516 0.3554
vn 0.8526 -0.3791 0.3596
vn 0.7772 -0.5056 0.3747
vn 0.9155 0.3179 0.2465
vn 0.8616 0.4421 0.2493
vn 0.8526 0.3791 0.3596
vn 0.8661 0.3516 0.3554
vn 0.7979 0.5533 0.2392
vn 0.7772 0.5056 0.3747
vn 0.0367 0.8804 0.4729
vn 0.1108 0.8753 0.4707
vn 0.1334 0.9716 0.1953
vn 0.0687 0.9788 0.1930
vn -0.0265 0.9829 0.1823
vn -0.0652 0.8918 0.4477
vn -0.1209 0.9788 0.1654
vn -0.1043 0.9944 -0.0152
vn -0.1700 0.8804 0.4428
vn -0.1836 0.9716 0.1491
vn -0.1921 0.9810 -0.0280
vn -0.2404 0.8753 0.4196
vn -0.8969 0.4421 -0.0068
vn -0.8330 0.5533 0.0017
vn -0.8022 0.5855 -0.1168
vn -0.8888 0.4395 -0.1294
vn -0.9198 0.3791 0.1015
vn -0.8518 0.5056 0.1376
vn -0.9478 0.3179 -0.0248
vn -0.9497 0.2809 -0.1383
vn -0.9315 0.3516 0.0936
vn -0.8969 -0.4421 -0.0068
vn -0.9478 -0.3179 -0.0248
vn -0.9497 -0.2809 -0.1383
vn -0.8888 -0.4395 -0.1294
vn -0.9198 -0.3791 0.1015
vn -0.9315 -0.3516 0.0936
vn -0.8330 -0.5533 0.0017
vn -0.8022 -0.5855 -0.1168
vn -0.8518 -0.5056 0.1376
vn -0.1701 -0.8803 0.4428
vn -0.2404 -0.8753 0.4196
vn -0.1948 -0.9689 0.1529
vn -0.1230 -0.9776 0.1706
vn -0.2127 -0.9766 -0.0310
vn -0.1066 -0.9942 -0.0155
vn -0.0273 -0.9819 0.1876
vn -0.0000 -1.0000 -0.0000
vn -0.0652 -0.8917 0.4478
vn 0.0693 -0.9776 0.1986
vn 0.1066 -0.9942 0.0155
vn 0.0367 -0.8803 0.4730
vn 0.1431 -0.9689 0.2021
vn 0.2127 -0.9766 0.0310
vn 0.1108 -0.8753 0.4707
vn 0.1344 -0.8391 0.5270
vn 0.0220 -0.8619 0.5066
vn -0.0781 -0.8401 0.5367
vn 0.0045 -0.8765 0.4813
vn -0.0806 -0.8291 0.5533
vn 0.1059 -0.9163 0.3863
vn 0.0045 0.8765 0.4813
vn 0.0220 0.8619 0.5066
vn -0.0781 0.8401 0.5367
vn -0.0806 0.8291 0.5533
vn 0.1059 0.9163 0.3863
vn 0.1344 0.8391 0.5270
vn -0.1655 0.8619 0.4793
vn -0.1416 0.8765 0.4600
vn -0.2791 0.8391 0.4668
vn -0.2117 0.9163 0.3401
vn -0.1655 -0.8619 0.4793
vn -0.1416 -0.8765 0.4600
vn -0.2117 -0.9163 0.3401
vn -0.2791 -0.8391 0.4668
vn -0.0693 -0.9776 -0.1986
vn -0.0367 -0.8803 -0.4730
vn -0.1431 -0.9689 -0.2021
vn -0.1108 -0.8753 -0.4707
vn -0.8616 -0.4421 -0.2493
vn -0.7979 -0.5533 -0.2392
vn -0.8526 -0.3791 -0.3596
vn -0.7772 -0.5056 -0.3747
vn -0.9155 -0.3179 -0.2465
vn -0.8661 -0.3516 -0.3554
vn -0.9155 0.3179 -0.2465
vn -0.8616 0.4421 -0.2493
vn -0.8526 0.3791 -0.3596
vn -0.8661 0.3516 -0.3554
vn -0.7979 0.5533 -0.2392
vn -0.7772 0.5056 -0.3747
vn -0.1334 0.9716 -0.1953
vn -0.0687 0.9788 -0.1930
vn -0.0367 0.8804 -0.4729
vn -0.1108 0.8753 -0.4707
vn -0.0220 0.8619 -0.5066
vn -0.1344 0.8391 -0.5270
vn -0.0045 0.8765 -0.4813
vn -0.1059 0.9163 -0.3863
vn -0.0220 -0.8619 -0.5066
vn -0.0045 -0.8765 -0.4813
vn -0.1344 -0.8391 -0.5270
vn -0.1059 -0.9163 -0.3863
vt 0.165458 0.896888
vt 0.154146 0.897810
vt 0.153769 0.879950
vt 0.163499 0.881386
vt 0.166226 0.872321
vt 0.172103 0.895394
vt 0.153237 0.868930
vt 0.139392 0.898267
vt 0.139450 0.880229
vt 0.139444 0.869042
vt 0.152964 0.866708
vt 0.165271 0.866710
vt 0.139444 0.866764
vt 0.153232 0.864510
vt 0.166198 0.861128
vt 0.139444 0.864486
vt 0.153782 0.853589
vt 0.163481 0.852137
vt 0.139438 0.853309
vt 0.154168 0.835808
vt 0.165477 0.836725
vt 0.139478 0.835355
vt 0.139509 0.812281
vt 0.155259 0.812601
vt 0.167786 0.813046
vt 0.172011 0.838257
vt 0.175007 0.813376
vt 0.179628 0.840510
vt 0.183396 0.813819
vt 0.179933 0.893144
vt 0.183396 0.919930
vt 0.175035 0.920328
vt 0.167837 0.920663
vt 0.174443 0.945653
vt 0.167544 0.944882
vt 0.182450 0.946865
vt 0.172282 0.977088
vt 0.172157 0.970990
vt 0.167624 0.961726
vt 0.182652 0.786602
vt 0.174448 0.787820
vt 0.172048 0.762314
vt 0.172125 0.756201
vt 0.167439 0.788567
vt 0.167524 0.771615
vt 0.156745 0.768299
vt 0.155396 0.788362
vt 0.139531 0.788399
vt 0.139557 0.767659
vt 0.123667 0.788340
vt 0.123757 0.812472
vt 0.122356 0.768364
vt 0.111616 0.788525
vt 0.111235 0.812803
vt 0.111587 0.771650
vt 0.104705 0.787730
vt 0.104021 0.813107
vt 0.107076 0.762359
vt 0.096688 0.786488
vt 0.095643 0.813473
vt 0.106972 0.756253
vt 0.104652 0.945769
vt 0.096445 0.947037
vt 0.095533 0.919779
vt 0.103936 0.920187
vt 0.107195 0.971286
vt 0.107152 0.977402
vt 0.111665 0.944979
vt 0.111162 0.920487
vt 0.111674 0.961954
vt 0.122479 0.965219
vt 0.123737 0.945112
vt 0.123800 0.920892
vt 0.139671 0.944999
vt 0.139515 0.921176
vt 0.139683 0.965789
vt 0.155525 0.945104
vt 0.155225 0.921054
vt 0.156878 0.965039
vt 0.158152 0.979148
vt 0.139730 0.979922
vt 0.158359 0.982118
vt 0.139737 0.982871
vt 0.158160 0.751320
vt 0.157971 0.754284
vt 0.139562 0.753527
vt 0.139566 0.750577
vt 0.121124 0.754237
vt 0.120926 0.751264
vt 0.121318 0.979246
vt 0.121144 0.982211
vt 0.124707 0.897673
vt 0.125098 0.879930
vt 0.113410 0.896784
vt 0.115399 0.881378
vt 0.106871 0.895262
vt 0.112682 0.872386
vt 0.099241 0.893017
vt 0.113609 0.866800
vt 0.098991 0.840317
vt 0.106840 0.838092
vt 0.112665 0.861184
vt 0.113495 0.836623
vt 0.115411 0.852124
vt 0.124793 0.835754
vt 0.125133 0.853577
vt 0.125652 0.864591
vt 0.125924 0.866813
vt 0.125654 0.869011
s 1
f 1430/1961/1823 1434/1962/1824 1432/1963/1825 1429/1964/1826
f 1429/1964/1827 1431/1965/1828 1455/1966/1829 1430/1961/1830
f 1432/1963/1825 1435/1967/1831 1431/1965/1832 1429/1964/1826
f 1434/1962/1824 1509/1968/1833 1433/1969/1834 1432/1963/1825
f 1433/1969/1834 1436/1970/1835 1435/1967/1831 1432/1963/1825
f 1435/1967/1831 1437/1971/1836 1438/1972/1837 1431/1965/1832
f 1436/1970/1835 1439/1973/1838 1437/1971/1836 1435/1967/1831
f 1437/1971/1839 1440/1974/1840 1441/1975/1841 1438/1972/1842
f 1439/1973/1843 1442/1976/1844 1440/1974/1840 1437/1971/1839
f 1440/1974/1840 1443/1977/1845 1444/1978/1846 1441/1975/1841
f 1442/1976/1844 1445/1979/1847 1443/1977/1845 1440/1974/1840
f 1446/1980/1848 1449/1981/1849 1444/1978/1846 1443/1977/1845
f 1448/1982/1850 1446/1980/1848 1443/1977/1845 1445/1979/1847
f 1470/1983/1851 1447/1984/1852 1446/1980/1848 1448/1982/1850
f 1447/1984/1852 1450/1985/1853 1449/1981/1849 1446/1980/1848
f 1451/1986/1854 1449/1981/1855 1450/1985/1856 1452/1987/1857
f 1441/1975/1858 1444/1978/1859 1449/1981/1855 1451/1986/1854
f 1453/1988/1860 1451/1986/1854 1452/1987/1857 1454/1989/1861
f 1438/1972/1862 1441/1975/1858 1451/1986/1854 1453/1988/1860
f 1455/1966/1829 1453/1990/1863 1454/1991/1864 1456/1992/1865
f 1431/1965/1828 1438/1972/1866 1453/1990/1863 1455/1966/1829
f 1430/1961/1830 1455/1966/1829 1456/1992/1865 1457/1993/1867
f 1457/1993/1867 1456/1992/1865 1458/1994/1868 1460/1995/1869
f 1456/1992/1865 1454/1991/1864 1461/1996/1870 1458/1994/1868
f 1458/1994/1868 1461/1996/1870 1462/1997/1871 1459/1998/1872
f 1460/1995/1869 1458/1994/1868 1459/1998/1872 1499/1999/1873
f 1461/2000/1874 1463/2001/1875 1464/2002/1876 1462/2003/1877
f 1454/1989/1861 1452/1987/1857 1463/2001/1875 1461/2000/1874
f 1463/2001/1875 1465/2004/1878 1466/2005/1879 1464/2002/1876
f 1452/1987/1857 1450/1985/1856 1465/2004/1878 1463/2001/1875
f 1468/2006/1880 1466/2005/1881 1465/2004/1882 1467/2007/1883
f 1467/2007/1883 1465/2004/1882 1450/1985/1853 1447/1984/1852
f 1469/2008/1884 1467/2007/1883 1447/1984/1852 1470/1983/1851
f 1471/2009/1885 1468/2006/1880 1467/2007/1883 1469/2008/1884
f 1472/2010/1886 1469/2008/1884 1470/1983/1851 1473/2011/1887
f 1474/2012/1888 1471/2009/1885 1469/2008/1884 1472/2010/1886
f 1475/2013/1889 1472/2010/1886 1473/2011/1887 1476/2014/1890
f 1477/2015/1891 1474/2012/1888 1472/2010/1886 1475/2013/1889
f 1478/2016/1892 1475/2013/1893 1476/2014/1894 1479/2017/1895
f 1480/2018/1896 1477/2015/1897 1475/2013/1893 1478/2016/1892
f 1481/2019/1898 1478/2016/1892 1479/2017/1895 1482/2020/1899
f 1483/2021/1900 1480/2018/1896 1478/2016/1892 1481/2019/1898
f 1484/2022/1901 1481/2023/1902 1482/2024/1903 1485/2025/1904
f 1486/2026/1905 1483/2027/1906 1481/2023/1902 1484/2022/1901
f 1487/2028/1907 1484/2022/1901 1485/2025/1904 1489/2029/1908
f 1488/2030/1909 1486/2026/1905 1484/2022/1901 1487/2028/1907
f 1492/2031/1910 1488/2030/1911 1487/2028/1912 1490/2032/1913
f 1490/2032/1913 1487/2028/1912 1489/2029/1914 1491/2033/1915
f 1493/2034/1916 1490/2032/1913 1491/2033/1915 1494/2035/1917
f 1495/2036/1918 1492/2031/1910 1490/2032/1913 1493/2034/1916
f 1496/2037/1919 1493/2034/1916 1494/2035/1917 1497/2038/1920
f 1498/2039/1921 1495/2036/1918 1493/2034/1916 1496/2037/1919
f 1460/1995/1922 1496/2037/1919 1497/2038/1920 1457/1993/1923
f 1499/1999/1924 1498/2039/1921 1496/2037/1919 1460/1995/1922
f 1499/1999/1924 1459/1998/1925 1500/2040/1926 1498/2039/1921
f 1498/2039/1921 1500/2040/1926 1501/2041/1927 1495/2036/1918
f 1500/2040/1926 1502/2042/1928 1503/2043/1929 1501/2041/1927
f 1459/1998/1925 1462/1997/1930 1502/2042/1928 1500/2040/1926
f 1502/2044/1931 1504/2045/1932 1505/2046/1933 1503/2047/1934
f 1462/2003/1935 1464/2002/1936 1504/2045/1932 1502/2044/1931
f 1504/2045/1932 1468/2006/1880 1471/2009/1885 1505/2046/1933
f 1464/2002/1936 1466/2005/1881 1468/2006/1880 1504/2045/1932
f 1503/2047/1934 1505/2046/1933 1506/2048/1937 1507/2049/1938
f 1505/2046/1933 1471/2009/1885 1474/2012/1888 1506/2048/1937
f 1506/2048/1937 1474/2012/1888 1477/2015/1891 1480/2018/1939
f 1507/2049/1938 1506/2048/1937 1480/2018/1939 1483/2021/1940
f 1508/2050/1941 1507/2051/1942 1483/2027/1943 1486/2026/1944
f 1501/2041/1927 1503/2043/1929 1507/2051/1942 1508/2050/1941
f 1492/2031/1910 1508/2050/1941 1486/2026/1944 1488/2030/1911
f 1495/2036/1918 1501/2041/1927 1508/2050/1941 1492/2031/1910
f 1457/1993/1923 1497/2038/1920 1434/1962/1824 1430/1961/1823
f 1497/2038/1920 1494/2035/1917 1509/1968/1833 1434/1962/1824
f 1494/2035/1917 1491/2033/1915 1510/2052/1945 1509/1968/1833
f 1509/1968/1833 1510/2052/1945 1511/2053/1946 1433/1969/1834
f 1510/2052/1945 1512/2054/1947 1513/2055/1948 1511/2053/1946
f 1491/2033/1915 1489/2029/1914 1512/2054/1947 1510/2052/1945
f 1489/2029/1908 1485/2025/1904 1514/2056/1949 1512/2054/1950
f 1512/2054/1950 1514/2056/1949 1515/2057/1951 1513/2055/1952
f 1514/2056/1949 1516/2058/1953 1517/2059/1954 1515/2057/1951
f 1485/2025/1904 1482/2024/1903 1516/2058/1953 1514/2056/1949
f 1516/2060/1955 1518/2061/1956 1519/2062/1957 1517/2059/1958
f 1482/2020/1899 1479/2017/1895 1518/2061/1956 1516/2060/1955
f 1518/2061/1956 1520/2063/1959 1521/2064/1960 1519/2062/1957
f 1479/2017/1895 1476/2014/1894 1520/2063/1959 1518/2061/1956
f 1520/2063/1961 1522/2065/1962 1523/2066/1963 1521/2064/1964
f 1476/2014/1890 1473/2011/1887 1522/2065/1962 1520/2063/1961
f 1522/2065/1962 1448/1982/1850 1445/1979/1847 1523/2066/1963
f 1473/2011/1887 1470/1983/1851 1448/1982/1850 1522/2065/1962
f 1524/2067/1965 1523/2066/1963 1445/1979/1847 1442/1976/1844
f 1519/2062/1966 1521/2064/1964 1523/2066/1963 1524/2067/1965
f 1525/2068/1967 1524/2067/1965 1442/1976/1844 1439/1973/1843
f 1517/2059/1968 1519/2062/1966 1524/2067/1965 1525/2068/1967
f 1526/2069/1969 1525/2068/1970 1439/1973/1838 1436/1970/1835
f 1515/2057/1971 1517/2059/1972 1525/2068/1970 1526/2069/1969
f 1511/2053/1946 1526/2069/1969 1436/1970/1835 1433/1969/1834
f 1513/2055/1948 1515/2057/1971 1526/2069/1969 1511/2053/1946
o Sandbags.013
v 0.099725 0.389036 0.261903
v 0.194903 0.370466 0.254320
v 0.060488 0.420689 0.254320
v 0.088506 0.385514 0.322570
v 0.088506 0.385514 0.413570
v 0.196115 0.360036 0.322570
v 0.022696 0.416300 0.322570
v 0.022696 0.416300 0.413570
v 0.009825 0.422962 0.322570
v 0.031304 0.425457 0.254320
v 0.009825 0.422962 0.413570
v 0.020826 0.432398 0.322570
v 0.058618 0.436788 0.254320
v 0.020826 0.432398 0.413570
v 0.077827 0.477449 0.322570
v 0.089555 0.476592 0.261903
v 0.077827 0.477449 0.413570
v 0.176731 0.526914 0.322570
v 0.313711 0.548878 0.322570
v 0.175695 0.535832 0.413570
v 0.177942 0.516484 0.254320
v 0.315617 0.532476 0.254320
v 0.181577 0.485195 0.231570
v 0.319251 0.501187 0.231570
v 0.186423 0.443475 0.219278
v 0.324097 0.459467 0.219278
v 0.191269 0.401756 0.231570
v 0.328943 0.417748 0.231570
v 0.332578 0.386458 0.254320
v 0.466617 0.433739 0.231570
v 0.589576 0.482147 0.254320
v 0.470252 0.402450 0.254320
v 0.461771 0.475459 0.219278
v 0.616890 0.493477 0.254320
v 0.456925 0.517178 0.231570
v 0.587706 0.498245 0.254320
v 0.453291 0.548468 0.254320
v 0.548469 0.529898 0.261903
v 0.452079 0.558898 0.322570
v 0.559688 0.533420 0.322570
v 0.451044 0.567815 0.413570
v 0.314405 0.542906 0.413570
v 0.559688 0.533420 0.413570
v 0.452079 0.558898 0.504570
v 0.313711 0.548878 0.504570
v 0.559688 0.533420 0.504570
v 0.453291 0.548468 0.572820
v 0.315616 0.532476 0.572820
v 0.548469 0.529898 0.565237
v 0.456925 0.517178 0.595570
v 0.319251 0.501186 0.595570
v 0.587706 0.498245 0.572820
v 0.461771 0.475459 0.607862
v 0.324097 0.459467 0.607862
v 0.616890 0.493477 0.572820
v 0.466617 0.433739 0.595570
v 0.328943 0.417748 0.595570
v 0.589576 0.482147 0.572820
v 0.470252 0.402450 0.572820
v 0.558639 0.442342 0.565237
v 0.332577 0.386458 0.572820
v 0.471463 0.392020 0.504570
v 0.334832 0.367048 0.504570
v 0.570367 0.441486 0.504570
v 0.472506 0.383040 0.413570
v 0.333789 0.376028 0.413570
v 0.570367 0.441486 0.413570
v 0.471463 0.392020 0.322570
v 0.334832 0.367048 0.322570
v 0.570367 0.441486 0.322570
v 0.558639 0.442342 0.261903
v 0.627367 0.486536 0.322570
v 0.627367 0.486536 0.413570
v 0.638369 0.495972 0.322570
v 0.638369 0.495972 0.413570
v 0.625498 0.502635 0.322570
v 0.625498 0.502635 0.413570
v 0.625498 0.502635 0.504570
v 0.638369 0.495972 0.504570
v 0.627367 0.486536 0.504570
v 0.197158 0.351057 0.413570
v 0.196115 0.360036 0.504570
v 0.088506 0.385514 0.504570
v 0.194903 0.370466 0.572820
v 0.099725 0.389036 0.565237
v 0.191269 0.401756 0.595570
v 0.060488 0.420689 0.572820
v 0.186423 0.443475 0.607862
v 0.031304 0.425457 0.572820
v 0.181577 0.485195 0.595570
v 0.058618 0.436788 0.572820
v 0.177942 0.516484 0.572820
v 0.089555 0.476592 0.565237
v 0.176731 0.526914 0.504570
v 0.077827 0.477449 0.504570
v 0.020826 0.432398 0.504570
v 0.009825 0.422962 0.504570
v 0.022696 0.416300 0.504570
vn -0.0663 -0.9831 -0.1707
vn -0.0725 -0.9926 -0.0972
vn -0.3581 -0.9278 -0.1045
vn -0.3459 -0.9213 -0.1775
vn -0.1988 -0.5320 -0.8231
vn -0.1876 -0.4034 -0.8956
vn -0.0707 -0.4533 -0.8885
vn -0.0570 -0.5637 -0.8240
vn -0.3954 -0.9136 -0.0947
vn -0.4020 -0.8915 -0.2089
vn -0.0750 -0.9972 -0.0000
vn -0.3467 -0.9380 -0.0000
vn -0.4418 -0.8971 -0.0000
vn -0.3713 -0.9256 -0.0738
vn -0.2589 -0.9525 -0.1605
vn -0.4597 -0.8881 -0.0000
vn -0.5736 0.8158 -0.0738
vn -0.5943 0.7987 -0.0947
vn -0.5957 0.7756 -0.2089
vn -0.4703 0.8678 -0.1605
vn -0.6510 0.7591 -0.0000
vn -0.6357 0.7720 -0.0000
vn -0.5612 0.8211 -0.1044
vn -0.5478 0.8175 -0.1775
vn -0.5523 0.8336 -0.0000
vn -0.2928 0.9514 -0.0958
vn -0.2849 0.9451 -0.1602
vn -0.2964 0.9551 -0.0000
vn -0.1154 0.9933 -0.0000
vn -0.1147 0.9878 -0.1054
vn -0.1132 0.9744 -0.1941
vn -0.1727 0.4251 -0.8885
vn -0.1847 0.5356 -0.8240
vn -0.0676 0.5816 -0.8107
vn -0.0507 0.4366 -0.8982
vn -0.2751 0.3497 -0.8956
vn -0.3155 0.4723 -0.8231
vn -0.1479 0.3028 -0.9415
vn -0.0324 0.2790 -0.9597
vn -0.2659 0.3231 -0.9082
vn -0.0746 -0.3287 -0.9415
vn 0.0324 -0.2790 -0.9597
vn 0.0507 -0.4366 -0.8982
vn -0.1848 -0.3754 -0.9082
vn 0.0676 -0.5816 -0.8107
vn 0.1727 -0.4251 -0.8885
vn 0.1847 -0.5356 -0.8240
vn 0.1479 -0.3028 -0.9415
vn 0.2659 -0.3231 -0.9082
vn 0.2751 -0.3497 -0.8956
vn 0.3155 -0.4723 -0.8231
vn 0.0746 0.3287 -0.9415
vn 0.0707 0.4533 -0.8885
vn 0.1876 0.4034 -0.8956
vn 0.1848 0.3754 -0.9082
vn 0.0570 0.5637 -0.8240
vn 0.1988 0.5320 -0.8231
vn 0.3580 0.9279 -0.1044
vn 0.3459 0.9213 -0.1775
vn 0.0607 0.9852 -0.1602
vn 0.0669 0.9931 -0.0958
vn 0.0695 0.9976 -0.0000
vn 0.3465 0.9380 -0.0000
vn 0.0669 0.9931 0.0958
vn -0.1147 0.9878 0.1054
vn 0.3580 0.9279 0.1044
vn 0.0607 0.9852 0.1602
vn -0.1132 0.9744 0.1941
vn 0.3459 0.9213 0.1775
vn 0.0707 0.4533 0.8885
vn 0.0570 0.5637 0.8240
vn -0.0676 0.5816 0.8107
vn -0.0507 0.4366 0.8982
vn 0.1876 0.4034 0.8956
vn 0.1988 0.5320 0.8231
vn 0.0746 0.3287 0.9415
vn -0.0324 0.2790 0.9597
vn 0.1848 0.3754 0.9082
vn 0.1727 -0.4251 0.8885
vn 0.1479 -0.3028 0.9415
vn 0.0324 -0.2790 0.9597
vn 0.0507 -0.4366 0.8982
vn 0.2751 -0.3497 0.8956
vn 0.2659 -0.3231 0.9082
vn 0.1847 -0.5356 0.8240
vn 0.0676 -0.5816 0.8107
vn 0.3155 -0.4723 0.8230
vn 0.5612 -0.8210 0.1045
vn 0.5478 -0.8175 0.1775
vn 0.2899 -0.9417 0.1707
vn 0.2981 -0.9496 0.0972
vn 0.1127 -0.9701 0.2149
vn 0.1147 -0.9875 0.1077
vn 0.3016 -0.9534 -0.0000
vn 0.1154 -0.9933 -0.0000
vn 0.5524 -0.8336 -0.0000
vn 0.2981 -0.9496 -0.0972
vn 0.1147 -0.9875 -0.1077
vn 0.5612 -0.8210 -0.1045
vn 0.2899 -0.9417 -0.1707
vn 0.1127 -0.9701 -0.2149
vn 0.5478 -0.8175 -0.1775
vn 0.5957 -0.7756 -0.2089
vn 0.5943 -0.7987 -0.0947
vn 0.6357 -0.7720 -0.0000
vn 0.5736 -0.8158 -0.0738
vn 0.6510 -0.7591 -0.0000
vn 0.4703 -0.8678 -0.1605
vn 0.3713 0.9256 -0.0738
vn 0.3954 0.9136 -0.0947
vn 0.4418 0.8971 -0.0000
vn 0.4597 0.8881 -0.0000
vn 0.2589 0.9525 -0.1605
vn 0.4020 0.8915 -0.2089
vn 0.3954 0.9136 0.0947
vn 0.3713 0.9256 0.0738
vn 0.4020 0.8915 0.2089
vn 0.2589 0.9525 0.1605
vn 0.5943 -0.7987 0.0947
vn 0.5736 -0.8158 0.0738
vn 0.4703 -0.8678 0.1605
vn 0.5957 -0.7756 0.2089
vn -0.0725 -0.9926 0.0972
vn -0.3581 -0.9278 0.1045
vn -0.0663 -0.9831 0.1707
vn -0.3459 -0.9213 0.1775
vn -0.0707 -0.4533 0.8885
vn -0.0570 -0.5637 0.8240
vn -0.1876 -0.4034 0.8956
vn -0.1988 -0.5320 0.8231
vn -0.0746 -0.3287 0.9415
vn -0.1848 -0.3754 0.9082
vn -0.1479 0.3028 0.9415
vn -0.1727 0.4251 0.8885
vn -0.2751 0.3497 0.8956
vn -0.2659 0.3231 0.9082
vn -0.1847 0.5356 0.8240
vn -0.3155 0.4723 0.8231
vn -0.2849 0.9451 0.1602
vn -0.2928 0.9514 0.0958
vn -0.5612 0.8211 0.1044
vn -0.5478 0.8175 0.1775
vn -0.5943 0.7987 0.0947
vn -0.5957 0.7756 0.2089
vn -0.5736 0.8158 0.0738
vn -0.4703 0.8678 0.1605
vn -0.3954 -0.9136 0.0947
vn -0.3713 -0.9256 0.0738
vn -0.4020 -0.8915 0.2089
vn -0.2589 -0.9525 0.1605
vt 0.027077 0.732683
vt 0.039117 0.732829
vt 0.037829 0.752889
vt 0.027057 0.749607
vt 0.022569 0.758902
vt 0.020099 0.733463
vt 0.036633 0.766887
vt 0.055015 0.732732
vt 0.055006 0.753499
vt 0.055019 0.767621
vt 0.036449 0.769846
vt 0.022507 0.765001
vt 0.055018 0.770569
vt 0.036145 0.539330
vt 0.036361 0.542284
vt 0.022437 0.550370
vt 0.022323 0.544313
vt 0.054708 0.538413
vt 0.054739 0.541365
vt 0.037663 0.556237
vt 0.026946 0.559576
vt 0.054831 0.555502
vt 0.039037 0.576212
vt 0.027007 0.576412
vt 0.054885 0.576252
vt 0.054894 0.600139
vt 0.039145 0.600330
vt 0.026636 0.600659
vt 0.020114 0.575626
vt 0.019429 0.600961
vt 0.012125 0.574391
vt 0.011063 0.601320
vt 0.011929 0.734709
vt 0.011063 0.707627
vt 0.019432 0.708016
vt 0.026533 0.708326
vt 0.022226 0.683161
vt 0.028848 0.684635
vt 0.014594 0.680938
vt 0.028966 0.654645
vt 0.028044 0.660238
vt 0.030771 0.669227
vt 0.014379 0.628146
vt 0.022226 0.625929
vt 0.028027 0.649025
vt 0.028880 0.624467
vt 0.030782 0.639966
vt 0.040504 0.641427
vt 0.040175 0.623606
vt 0.054858 0.623217
vt 0.054808 0.641169
vt 0.069553 0.623681
vt 0.070655 0.600462
vt 0.069148 0.641465
vt 0.080867 0.624611
vt 0.083200 0.600911
vt 0.078849 0.640026
vt 0.087403 0.626153
vt 0.090433 0.601247
vt 0.081551 0.649020
vt 0.095022 0.628420
vt 0.098837 0.601700
vt 0.080614 0.654599
vt 0.087387 0.683236
vt 0.095192 0.681002
vt 0.098613 0.707652
vt 0.090275 0.708062
vt 0.081558 0.660205
vt 0.080768 0.684723
vt 0.083193 0.708393
vt 0.078823 0.669252
vt 0.069109 0.667808
vt 0.069479 0.685640
vt 0.070573 0.708811
vt 0.054753 0.686097
vt 0.054873 0.708960
vt 0.054806 0.668076
vt 0.040102 0.685509
vt 0.039171 0.708702
vt 0.040467 0.667774
vt 0.041018 0.656859
vt 0.054803 0.656898
vt 0.041288 0.654661
vt 0.054804 0.654621
vt 0.041018 0.652439
vt 0.054806 0.652344
vt 0.068587 0.652382
vt 0.068316 0.654579
vt 0.068587 0.656799
vt 0.070838 0.732846
vt 0.072189 0.752780
vt 0.082825 0.732629
vt 0.082941 0.749476
vt 0.089786 0.733364
vt 0.087475 0.758746
vt 0.097797 0.734563
vt 0.087598 0.764854
vt 0.098120 0.574407
vt 0.089880 0.575633
vt 0.087436 0.549990
vt 0.087505 0.543822
vt 0.082848 0.576388
vt 0.082903 0.559382
vt 0.070776 0.576195
vt 0.072063 0.556116
vt 0.073228 0.541914
vt 0.073399 0.538930
vt 0.073446 0.766896
vt 0.073647 0.769868
s 1
f 1528/2070/1973 1532/2071/1974 1530/2072/1975 1527/2073/1976
f 1527/2073/1977 1529/2074/1978 1553/2075/1979 1528/2070/1980
f 1530/2072/1975 1533/2076/1981 1529/2074/1982 1527/2073/1976
f 1532/2071/1974 1607/2077/1983 1531/2078/1984 1530/2072/1975
f 1531/2078/1984 1534/2079/1985 1533/2076/1981 1530/2072/1975
f 1533/2076/1981 1535/2080/1986 1536/2081/1987 1529/2074/1982
f 1534/2079/1985 1537/2082/1988 1535/2080/1986 1533/2076/1981
f 1535/2083/1989 1538/2084/1990 1539/2085/1991 1536/2086/1992
f 1537/2087/1993 1540/2088/1994 1538/2084/1990 1535/2083/1989
f 1538/2084/1990 1541/2089/1995 1542/2090/1996 1539/2085/1991
f 1540/2088/1994 1543/2091/1997 1541/2089/1995 1538/2084/1990
f 1544/2092/1998 1547/2093/1999 1542/2090/1996 1541/2089/1995
f 1546/2094/2000 1544/2092/1998 1541/2089/1995 1543/2091/1997
f 1568/2095/2001 1545/2096/2002 1544/2092/1998 1546/2094/2000
f 1545/2096/2002 1548/2097/2003 1547/2093/1999 1544/2092/1998
f 1549/2098/2004 1547/2093/2005 1548/2097/2006 1550/2099/2007
f 1539/2085/2008 1542/2090/2009 1547/2093/2005 1549/2098/2004
f 1551/2100/2010 1549/2098/2004 1550/2099/2007 1552/2101/2011
f 1536/2086/2012 1539/2085/2008 1549/2098/2004 1551/2100/2010
f 1553/2075/1979 1551/2102/2013 1552/2103/2014 1554/2104/2015
f 1529/2074/1978 1536/2081/2016 1551/2102/2013 1553/2075/1979
f 1528/2070/1980 1553/2075/1979 1554/2104/2015 1555/2105/2017
f 1555/2105/2017 1554/2104/2015 1556/2106/2018 1558/2107/2019
f 1554/2104/2015 1552/2103/2014 1559/2108/2020 1556/2106/2018
f 1556/2106/2018 1559/2108/2020 1560/2109/2021 1557/2110/2022
f 1558/2107/2019 1556/2106/2018 1557/2110/2022 1597/2111/2023
f 1559/2112/2024 1561/2113/2025 1562/2114/2026 1560/2109/2027
f 1552/2101/2011 1550/2099/2007 1561/2113/2025 1559/2112/2024
f 1561/2113/2025 1563/2115/2028 1564/2116/2029 1562/2114/2026
f 1550/2099/2007 1548/2097/2006 1563/2115/2028 1561/2113/2025
f 1566/2117/2030 1564/2116/2031 1563/2115/2032 1565/2118/2033
f 1565/2118/2033 1563/2115/2032 1548/2097/2003 1545/2096/2002
f 1567/2119/2034 1565/2118/2033 1545/2096/2002 1568/2095/2001
f 1569/2120/2035 1566/2117/2030 1565/2118/2033 1567/2119/2034
f 1570/2121/2036 1567/2119/2034 1568/2095/2001 1571/2122/2037
f 1572/2123/2038 1569/2120/2035 1567/2119/2034 1570/2121/2036
f 1573/2124/2039 1570/2121/2036 1571/2122/2037 1574/2125/2040
f 1575/2126/2041 1572/2123/2038 1570/2121/2036 1573/2124/2039
f 1576/2127/2042 1573/2124/2043 1574/2125/2044 1577/2128/2045
f 1578/2129/2046 1575/2126/2047 1573/2124/2043 1576/2127/2042
f 1579/2130/2048 1576/2127/2042 1577/2128/2045 1580/2131/2049
f 1581/2132/2050 1578/2129/2046 1576/2127/2042 1579/2130/2048
f 1582/2133/2051 1579/2134/2052 1580/2135/2053 1583/2136/2054
f 1584/2137/2055 1581/2132/2056 1579/2134/2052 1582/2133/2051
f 1585/2138/2057 1582/2133/2051 1583/2136/2054 1587/2139/2058
f 1586/2140/2059 1584/2137/2055 1582/2133/2051 1585/2138/2057
f 1590/2141/2060 1586/2140/2061 1585/2138/2062 1588/2142/2063
f 1588/2142/2063 1585/2138/2062 1587/2139/2064 1589/2143/2065
f 1591/2144/2066 1588/2142/2063 1589/2143/2065 1592/2145/2067
f 1593/2146/2068 1590/2141/2060 1588/2142/2063 1591/2144/2066
f 1594/2147/2069 1591/2144/2066 1592/2145/2067 1595/2148/2070
f 1596/2149/2071 1593/2146/2068 1591/2144/2066 1594/2147/2069
f 1558/2107/2072 1594/2147/2069 1595/2148/2070 1555/2105/2073
f 1597/2111/2074 1596/2149/2071 1594/2147/2069 1558/2107/2072
f 1597/2111/2074 1557/2110/2075 1598/2150/2076 1596/2149/2071
f 1596/2149/2071 1598/2150/2076 1599/2151/2077 1593/2146/2068
f 1598/2150/2076 1600/2152/2078 1601/2153/2079 1599/2151/2077
f 1557/2110/2075 1560/2109/2080 1600/2152/2078 1598/2150/2076
f 1600/2152/2081 1602/2154/2082 1603/2155/2083 1601/2153/2084
f 1560/2109/2085 1562/2114/2086 1602/2154/2082 1600/2152/2081
f 1602/2154/2082 1566/2117/2030 1569/2120/2035 1603/2155/2083
f 1562/2114/2086 1564/2116/2031 1566/2117/2030 1602/2154/2082
f 1601/2153/2084 1603/2155/2083 1604/2156/2087 1605/2157/2088
f 1603/2155/2083 1569/2120/2035 1572/2123/2038 1604/2156/2087
f 1604/2156/2087 1572/2123/2038 1575/2126/2041 1578/2129/2089
f 1605/2157/2088 1604/2156/2087 1578/2129/2089 1581/2132/2090
f 1606/2158/2091 1605/2157/2092 1581/2132/2093 1584/2137/2094
f 1599/2151/2077 1601/2153/2079 1605/2157/2092 1606/2158/2091
f 1590/2141/2060 1606/2158/2091 1584/2137/2094 1586/2140/2061
f 1593/2146/2068 1599/2151/2077 1606/2158/2091 1590/2141/2060
f 1555/2105/2073 1595/2148/2070 1532/2071/1974 1528/2070/1973
f 1595/2148/2070 1592/2145/2067 1607/2077/1983 1532/2071/1974
f 1592/2145/2067 1589/2143/2065 1608/2159/2095 1607/2077/1983
f 1607/2077/1983 1608/2159/2095 1609/2160/2096 1531/2078/1984
f 1608/2159/2095 1610/2161/2097 1611/2162/2098 1609/2160/2096
f 1589/2143/2065 1587/2139/2064 1610/2161/2097 1608/2159/2095
f 1587/2139/2058 1583/2136/2054 1612/2163/2099 1610/2161/2100
f 1610/2161/2100 1612/2163/2099 1613/2164/2101 1611/2162/2102
f 1612/2163/2099 1614/2165/2103 1615/2166/2104 1613/2164/2101
f 1583/2136/2054 1580/2135/2053 1614/2165/2103 1612/2163/2099
f 1614/2167/2105 1616/2168/2106 1617/2169/2107 1615/2170/2108
f 1580/2131/2049 1577/2128/2045 1616/2168/2106 1614/2167/2105
f 1616/2168/2106 1618/2171/2109 1619/2172/2110 1617/2169/2107
f 1577/2128/2045 1574/2125/2044 1618/2171/2109 1616/2168/2106
f 1618/2171/2111 1620/2173/2112 1621/2174/2113 1619/2172/2114
f 1574/2125/2040 1571/2122/2037 1620/2173/2112 1618/2171/2111
f 1620/2173/2112 1546/2094/2000 1543/2091/1997 1621/2174/2113
f 1571/2122/2037 1568/2095/2001 1546/2094/2000 1620/2173/2112
f 1622/2175/2115 1621/2174/2113 1543/2091/1997 1540/2088/1994
f 1617/2169/2116 1619/2172/2114 1621/2174/2113 1622/2175/2115
f 1623/2176/2117 1622/2175/2115 1540/2088/1994 1537/2087/1993
f 1615/2170/2118 1617/2169/2116 1622/2175/2115 1623/2176/2117
f 1624/2177/2119 1623/2178/2120 1537/2082/1988 1534/2079/1985
f 1613/2164/2121 1615/2166/2122 1623/2178/2120 1624/2177/2119
f 1609/2160/2096 1624/2177/2119 1534/2079/1985 1531/2078/1984
f 1611/2162/2098 1613/2164/2121 1624/2177/2119 1609/2160/2096
o Sandbags.014
v 0.097015 0.404495 -0.165374
v 0.188841 0.372749 -0.170012
v 0.062868 0.441334 -0.174078
v 0.083489 0.402631 -0.105106
v 0.080592 0.402704 -0.014152
v 0.186405 0.362307 -0.101797
v 0.022681 0.442345 -0.107074
v 0.019784 0.442418 -0.016120
v 0.010878 0.450747 -0.107457
v 0.034655 0.450149 -0.174984
v 0.007981 0.450820 -0.016503
v 0.023088 0.458546 -0.107074
v 0.063275 0.457536 -0.174078
v 0.020192 0.458619 -0.016120
v 0.085815 0.495154 -0.105106
v 0.099231 0.492612 -0.165374
v 0.082919 0.495227 -0.014152
v 0.190628 0.530254 -0.101797
v 0.329265 0.532782 -0.097384
v 0.187957 0.539302 -0.010843
v 0.192536 0.519703 -0.170012
v 0.331022 0.516221 -0.165599
v 0.192468 0.488195 -0.192750
v 0.330954 0.484713 -0.188338
v 0.191804 0.446198 -0.205036
v 0.330290 0.442716 -0.200623
v 0.190357 0.404221 -0.192750
v 0.328843 0.400739 -0.188338
v 0.327327 0.369267 -0.165599
v 0.467329 0.397257 -0.183925
v 0.595074 0.427953 -0.157120
v 0.465813 0.365785 -0.161187
v 0.468776 0.439234 -0.196210
v 0.623694 0.435339 -0.156215
v 0.469440 0.481231 -0.183925
v 0.595481 0.444154 -0.157120
v 0.469508 0.512739 -0.161187
v 0.560851 0.481005 -0.150665
v 0.467600 0.523290 -0.092971
v 0.570516 0.482967 -0.089662
v 0.464929 0.532337 -0.002017
v 0.326217 0.526845 -0.006430
v 0.567620 0.483039 0.001292
v 0.461807 0.523436 0.088937
v 0.323472 0.532928 0.084524
v 0.564723 0.483112 0.092246
v 0.459371 0.512994 0.157152
v 0.320885 0.516476 0.152739
v 0.551197 0.481248 0.152514
v 0.457855 0.481522 0.179890
v 0.319369 0.485004 0.175478
v 0.585344 0.444409 0.161218
v 0.456408 0.439545 0.192176
v 0.317922 0.443027 0.187763
v 0.613557 0.435594 0.162124
v 0.455744 0.397548 0.179890
v 0.317258 0.401031 0.175478
v 0.584937 0.428207 0.161218
v 0.455676 0.366040 0.157152
v 0.548981 0.393131 0.152514
v 0.317190 0.369522 0.152739
v 0.457584 0.355489 0.088937
v 0.318871 0.349934 0.084524
v 0.562397 0.390589 0.092246
v 0.460253 0.346379 -0.002017
v 0.321995 0.358898 -0.006430
v 0.565293 0.390516 0.001292
v 0.463377 0.355343 -0.092971
v 0.324664 0.349788 -0.097384
v 0.568190 0.390444 -0.089662
v 0.558635 0.392888 -0.150665
v 0.630916 0.427051 -0.087693
v 0.628020 0.427124 0.003260
v 0.643127 0.434850 -0.087311
v 0.640231 0.434923 0.003643
v 0.631324 0.443253 -0.087693
v 0.628428 0.443326 0.003260
v 0.625531 0.443398 0.094214
v 0.637334 0.434996 0.094597
v 0.625124 0.427197 0.094214
v 0.183281 0.353343 -0.010843
v 0.180612 0.362453 0.080111
v 0.077696 0.402776 0.076802
v 0.178704 0.373004 0.148327
v 0.087361 0.404738 0.137805
v 0.178772 0.404513 0.171065
v 0.052730 0.441589 0.144260
v 0.179436 0.446509 0.183350
v 0.024518 0.450404 0.143355
v 0.180883 0.488486 0.171065
v 0.053138 0.457791 0.144260
v 0.182399 0.519958 0.148327
v 0.089576 0.492855 0.137805
v 0.184835 0.530400 0.080111
v 0.080022 0.495300 0.076802
v 0.017295 0.458692 0.074833
v 0.005085 0.450893 0.074451
v 0.016888 0.442490 0.074833
vn -0.1981 -0.9642 -0.1763
vn -0.2079 -0.9727 -0.1031
vn -0.4812 -0.8685 -0.1192
vn -0.4658 -0.8639 -0.1917
vn -0.2452 -0.4995 -0.8309
vn -0.2138 -0.3738 -0.9025
vn -0.1052 -0.4396 -0.8920
vn -0.1093 -0.5508 -0.8275
vn -0.5164 -0.8492 -0.1105
vn -0.5162 -0.8264 -0.2248
vn -0.2141 -0.9768 -0.0060
vn -0.4746 -0.8801 -0.0144
vn -0.5630 -0.8263 -0.0173
vn -0.4949 -0.8644 -0.0889
vn -0.3847 -0.9069 -0.1721
vn -0.5795 -0.8148 -0.0178
vn -0.4509 0.8881 -0.0889
vn -0.4731 0.8741 -0.1105
vn -0.4740 0.8513 -0.2248
vn -0.3386 0.9251 -0.1721
vn -0.5378 0.8429 -0.0178
vn -0.5208 0.8535 -0.0173
vn -0.4368 0.8916 -0.1191
vn -0.4218 0.8862 -0.1917
vn -0.4297 0.9029 -0.0144
vn -0.1533 0.9830 -0.1015
vn -0.1443 0.9756 -0.1656
vn -0.1593 0.9872 -0.0059
vn 0.0251 0.9997 -0.0000
vn 0.0284 0.9940 -0.1054
vn 0.0308 0.9805 -0.1940
vn -0.0830 0.4444 -0.8920
vn -0.0815 0.5556 -0.8275
vn 0.0405 0.5847 -0.8103
vn 0.0396 0.4387 -0.8978
vn -0.1947 0.3841 -0.9025
vn -0.2197 0.5112 -0.8309
vn -0.0740 0.3198 -0.9446
vn 0.0376 0.2800 -0.9593
vn -0.1889 0.3565 -0.9150
vn -0.0899 -0.3157 -0.9446
vn 0.0235 -0.2816 -0.9593
vn 0.0175 -0.4401 -0.8978
vn -0.2066 -0.3465 -0.9150
vn 0.0111 -0.5860 -0.8103
vn 0.1396 -0.4458 -0.8842
vn 0.1339 -0.5569 -0.8197
vn 0.1339 -0.3214 -0.9374
vn 0.2468 -0.3579 -0.9006
vn 0.2517 -0.3855 -0.8877
vn 0.2721 -0.5126 -0.8144
vn 0.1499 0.3142 -0.9374
vn 0.1618 0.4382 -0.8842
vn 0.2708 0.3724 -0.8877
vn 0.2644 0.3451 -0.9006
vn 0.1617 0.5494 -0.8197
vn 0.2975 0.4982 -0.8144
vn 0.4878 0.8684 -0.0896
vn 0.4771 0.8636 -0.1631
vn 0.2034 0.9668 -0.1546
vn 0.2086 0.9739 -0.0900
vn 0.2087 0.9780 0.0059
vn 0.4745 0.8801 0.0144
vn 0.2025 0.9740 0.1015
vn 0.0216 0.9942 0.1054
vn 0.4811 0.8685 0.1191
vn 0.1932 0.9671 0.1656
vn 0.0185 0.9808 0.1940
vn 0.4658 0.8639 0.1917
vn 0.1052 0.4396 0.8920
vn 0.1093 0.5508 0.8275
vn -0.0111 0.5860 0.8103
vn -0.0175 0.4401 0.8978
vn 0.2138 0.3738 0.9025
vn 0.2452 0.4995 0.8309
vn 0.0899 0.3157 0.9446
vn -0.0235 0.2816 0.9593
vn 0.2066 0.3465 0.9150
vn 0.0830 -0.4444 0.8920
vn 0.0740 -0.3198 0.9446
vn -0.0376 -0.2800 0.9593
vn -0.0396 -0.4387 0.8978
vn 0.1947 -0.3841 0.9025
vn 0.1889 -0.3565 0.9150
vn 0.0815 -0.5556 0.8275
vn -0.0405 -0.5847 0.8103
vn 0.2197 -0.5112 0.8309
vn 0.4369 -0.8916 0.1192
vn 0.4218 -0.8862 0.1917
vn 0.1494 -0.9729 0.1763
vn 0.1587 -0.9819 0.1031
vn -0.0314 -0.9761 0.2148
vn -0.0284 -0.9938 0.1076
vn 0.1648 -0.9863 0.0060
vn -0.0251 -0.9997 -0.0000
vn 0.4298 -0.9028 0.0144
vn 0.1649 -0.9821 -0.0912
vn -0.0216 -0.9940 -0.1076
vn 0.4436 -0.8917 -0.0897
vn 0.1603 -0.9732 -0.1649
vn -0.0177 -0.9765 -0.2148
vn 0.4331 -0.8865 -0.1631
vn 0.4873 -0.8517 -0.1928
vn 0.4791 -0.8742 -0.0788
vn 0.5208 -0.8535 0.0173
vn 0.4556 -0.8883 -0.0587
vn 0.5378 -0.8429 0.0178
vn 0.3488 -0.9253 -0.1487
vn 0.4996 0.8642 -0.0587
vn 0.5224 0.8490 -0.0788
vn 0.5630 0.8263 0.0173
vn 0.5795 0.8148 0.0178
vn 0.3949 0.9066 -0.1487
vn 0.5295 0.8261 -0.1928
vn 0.5164 0.8492 0.1105
vn 0.4949 0.8644 0.0889
vn 0.5162 0.8264 0.2248
vn 0.3847 0.9069 0.1721
vn 0.4731 -0.8741 0.1105
vn 0.4509 -0.8881 0.0889
vn 0.3386 -0.9251 0.1721
vn 0.4740 -0.8513 0.2248
vn -0.2141 -0.9726 0.0912
vn -0.4878 -0.8683 0.0897
vn -0.2090 -0.9639 0.1649
vn -0.4771 -0.8636 0.1631
vn -0.1618 -0.4382 0.8842
vn -0.1617 -0.5494 0.8197
vn -0.2708 -0.3724 0.8877
vn -0.2975 -0.4982 0.8144
vn -0.1499 -0.3142 0.9374
vn -0.2644 -0.3451 0.9006
vn -0.1339 0.3214 0.9374
vn -0.1396 0.4458 0.8842
vn -0.2517 0.3855 0.8877
vn -0.2468 0.3579 0.9006
vn -0.1339 0.5569 0.8197
vn -0.2721 0.5126 0.8144
vn -0.1545 0.9758 0.1546
vn -0.1594 0.9831 0.0900
vn -0.4435 0.8918 0.0896
vn -0.4331 0.8865 0.1631
vn -0.4791 0.8742 0.0788
vn -0.4873 0.8517 0.1928
vn -0.4556 0.8883 0.0587
vn -0.3488 0.9253 0.1487
vn -0.5224 -0.8490 0.0788
vn -0.4996 -0.8642 0.0587
vn -0.5295 -0.8261 0.1928
vn -0.3949 -0.9066 0.1487
vt 0.599258 0.590499
vt 0.587159 0.590367
vt 0.588420 0.570215
vt 0.599249 0.573487
vt 0.603737 0.564135
vt 0.606286 0.589708
vt 0.589583 0.556157
vt 0.571190 0.590479
vt 0.571178 0.569644
vt 0.571131 0.555480
vt 0.589758 0.553186
vt 0.603781 0.558005
vt 0.571124 0.552524
vt 0.589978 0.784641
vt 0.589780 0.781661
vt 0.603858 0.773520
vt 0.603963 0.779641
vt 0.571297 0.785330
vt 0.571301 0.782373
vt 0.588544 0.767503
vt 0.599337 0.764210
vt 0.571306 0.768211
vt 0.587230 0.747483
vt 0.599308 0.747297
vt 0.571331 0.747424
vt 0.571353 0.723490
vt 0.587139 0.723298
vt 0.599689 0.722966
vt 0.606234 0.748094
vt 0.606919 0.722661
vt 0.614268 0.749339
vt 0.615315 0.722294
vt 0.614511 0.588438
vt 0.615425 0.615755
vt 0.607004 0.615346
vt 0.599761 0.615045
vt 0.604062 0.640326
vt 0.597508 0.638800
vt 0.611709 0.642576
vt 0.597308 0.668850
vt 0.598238 0.663253
vt 0.595515 0.654241
vt 0.611959 0.695391
vt 0.604093 0.697622
vt 0.598255 0.674479
vt 0.597423 0.699094
vt 0.595503 0.683559
vt 0.585759 0.682102
vt 0.586100 0.699965
vt 0.571383 0.700365
vt 0.571423 0.682372
vt 0.556660 0.699911
vt 0.555567 0.723169
vt 0.557048 0.682091
vt 0.545326 0.698993
vt 0.543013 0.722724
vt 0.547327 0.683546
vt 0.538778 0.697457
vt 0.535776 0.722393
vt 0.544604 0.674535
vt 0.531144 0.695199
vt 0.527369 0.721950
vt 0.545533 0.668941
vt 0.538686 0.640193
vt 0.530838 0.642448
vt 0.527369 0.615604
vt 0.535748 0.615204
vt 0.544576 0.663317
vt 0.545346 0.638696
vt 0.542961 0.614869
vt 0.547309 0.654233
vt 0.557060 0.655672
vt 0.556683 0.637773
vt 0.555601 0.614477
vt 0.571469 0.637314
vt 0.571346 0.614354
vt 0.571411 0.655391
vt 0.586186 0.637910
vt 0.587095 0.614640
vt 0.585794 0.655692
vt 0.585237 0.666634
vt 0.571417 0.666603
vt 0.584967 0.668838
vt 0.571417 0.668886
vt 0.585239 0.671064
vt 0.571417 0.671169
vt 0.557598 0.671145
vt 0.557867 0.668942
vt 0.557594 0.666716
vt 0.555301 0.590374
vt 0.553945 0.570395
vt 0.543255 0.590596
vt 0.543176 0.573715
vt 0.536341 0.589824
vt 0.538632 0.564431
vt 0.528317 0.588609
vt 0.538508 0.558319
vt 0.528115 0.749226
vt 0.536337 0.748005
vt 0.538743 0.773568
vt 0.538666 0.779695
vt 0.543362 0.747257
vt 0.543277 0.764247
vt 0.555431 0.747462
vt 0.554080 0.767570
vt 0.552851 0.781615
vt 0.552662 0.784586
vt 0.552668 0.556255
vt 0.552460 0.553279
s 1
f 1626/2179/2123 1630/2180/2124 1628/2181/2125 1625/2182/2126
f 1625/2182/2127 1627/2183/2128 1651/2184/2129 1626/2179/2130
f 1628/2181/2125 1631/2185/2131 1627/2183/2132 1625/2182/2126
f 1630/2180/2124 1705/2186/2133 1629/2187/2134 1628/2181/2125
f 1629/2187/2134 1632/2188/2135 1631/2185/2131 1628/2181/2125
f 1631/2185/2131 1633/2189/2136 1634/2190/2137 1627/2183/2132
f 1632/2188/2135 1635/2191/2138 1633/2189/2136 1631/2185/2131
f 1633/2192/2139 1636/2193/2140 1637/2194/2141 1634/2195/2142
f 1635/2196/2143 1638/2197/2144 1636/2193/2140 1633/2192/2139
f 1636/2193/2140 1639/2198/2145 1640/2199/2146 1637/2194/2141
f 1638/2197/2144 1641/2200/2147 1639/2198/2145 1636/2193/2140
f 1642/2201/2148 1645/2202/2149 1640/2199/2146 1639/2198/2145
f 1644/2203/2150 1642/2201/2148 1639/2198/2145 1641/2200/2147
f 1666/2204/2151 1643/2205/2152 1642/2201/2148 1644/2203/2150
f 1643/2205/2152 1646/2206/2153 1645/2202/2149 1642/2201/2148
f 1647/2207/2154 1645/2202/2155 1646/2206/2156 1648/2208/2157
f 1637/2194/2158 1640/2199/2159 1645/2202/2155 1647/2207/2154
f 1649/2209/2160 1647/2207/2154 1648/2208/2157 1650/2210/2161
f 1634/2195/2162 1637/2194/2158 1647/2207/2154 1649/2209/2160
f 1651/2184/2129 1649/2211/2163 1650/2212/2164 1652/2213/2165
f 1627/2183/2128 1634/2190/2166 1649/2211/2163 1651/2184/2129
f 1626/2179/2130 1651/2184/2129 1652/2213/2165 1653/2214/2167
f 1653/2214/2167 1652/2213/2165 1654/2215/2168 1656/2216/2169
f 1652/2213/2165 1650/2212/2164 1657/2217/2170 1654/2215/2168
f 1654/2215/2168 1657/2217/2170 1658/2218/2171 1655/2219/2172
f 1656/2216/2169 1654/2215/2168 1655/2219/2172 1695/2220/2173
f 1657/2221/2174 1659/2222/2175 1660/2223/2176 1658/2218/2177
f 1650/2210/2161 1648/2208/2157 1659/2222/2175 1657/2221/2174
f 1659/2222/2175 1661/2224/2178 1662/2225/2179 1660/2223/2176
f 1648/2208/2157 1646/2206/2156 1661/2224/2178 1659/2222/2175
f 1664/2226/2180 1662/2225/2181 1661/2224/2182 1663/2227/2183
f 1663/2227/2183 1661/2224/2182 1646/2206/2153 1643/2205/2152
f 1665/2228/2184 1663/2227/2183 1643/2205/2152 1666/2204/2151
f 1667/2229/2185 1664/2226/2180 1663/2227/2183 1665/2228/2184
f 1668/2230/2186 1665/2228/2184 1666/2204/2151 1669/2231/2187
f 1670/2232/2188 1667/2229/2185 1665/2228/2184 1668/2230/2186
f 1671/2233/2189 1668/2230/2186 1669/2231/2187 1672/2234/2190
f 1673/2235/2191 1670/2232/2188 1668/2230/2186 1671/2233/2189
f 1674/2236/2192 1671/2233/2193 1672/2234/2194 1675/2237/2195
f 1676/2238/2196 1673/2235/2197 1671/2233/2193 1674/2236/2192
f 1677/2239/2198 1674/2236/2192 1675/2237/2195 1678/2240/2199
f 1679/2241/2200 1676/2238/2196 1674/2236/2192 1677/2239/2198
f 1680/2242/2201 1677/2243/2202 1678/2244/2203 1681/2245/2204
f 1682/2246/2205 1679/2241/2206 1677/2243/2202 1680/2242/2201
f 1683/2247/2207 1680/2242/2201 1681/2245/2204 1685/2248/2208
f 1684/2249/2209 1682/2246/2205 1680/2242/2201 1683/2247/2207
f 1688/2250/2210 1684/2249/2211 1683/2247/2212 1686/2251/2213
f 1686/2251/2213 1683/2247/2212 1685/2248/2214 1687/2252/2215
f 1689/2253/2216 1686/2251/2213 1687/2252/2215 1690/2254/2217
f 1691/2255/2218 1688/2250/2210 1686/2251/2213 1689/2253/2216
f 1692/2256/2219 1689/2253/2216 1690/2254/2217 1693/2257/2220
f 1694/2258/2221 1691/2255/2218 1689/2253/2216 1692/2256/2219
f 1656/2216/2222 1692/2256/2219 1693/2257/2220 1653/2214/2223
f 1695/2220/2224 1694/2258/2221 1692/2256/2219 1656/2216/2222
f 1695/2220/2224 1655/2219/2225 1696/2259/2226 1694/2258/2221
f 1694/2258/2221 1696/2259/2226 1697/2260/2227 1691/2255/2218
f 1696/2259/2226 1698/2261/2228 1699/2262/2229 1697/2260/2227
f 1655/2219/2225 1658/2218/2230 1698/2261/2228 1696/2259/2226
f 1698/2261/2231 1700/2263/2232 1701/2264/2233 1699/2262/2234
f 1658/2218/2235 1660/2223/2236 1700/2263/2232 1698/2261/2231
f 1700/2263/2232 1664/2226/2180 1667/2229/2185 1701/2264/2233
f 1660/2223/2236 1662/2225/2181 1664/2226/2180 1700/2263/2232
f 1699/2262/2234 1701/2264/2233 1702/2265/2237 1703/2266/2238
f 1701/2264/2233 1667/2229/2185 1670/2232/2188 1702/2265/2237
f 1702/2265/2237 1670/2232/2188 1673/2235/2191 1676/2238/2239
f 1703/2266/2238 1702/2265/2237 1676/2238/2239 1679/2241/2240
f 1704/2267/2241 1703/2266/2242 1679/2241/2243 1682/2246/2244
f 1697/2260/2227 1699/2262/2229 1703/2266/2242 1704/2267/2241
f 1688/2250/2210 1704/2267/2241 1682/2246/2244 1684/2249/2211
f 1691/2255/2218 1697/2260/2227 1704/2267/2241 1688/2250/2210
f 1653/2214/2223 1693/2257/2220 1630/2180/2124 1626/2179/2123
f 1693/2257/2220 1690/2254/2217 1705/2186/2133 1630/2180/2124
f 1690/2254/2217 1687/2252/2215 1706/2268/2245 1705/2186/2133
f 1705/2186/2133 1706/2268/2245 1707/2269/2246 1629/2187/2134
f 1706/2268/2245 1708/2270/2247 1709/2271/2248 1707/2269/2246
f 1687/2252/2215 1685/2248/2214 1708/2270/2247 1706/2268/2245
f 1685/2248/2208 1681/2245/2204 1710/2272/2249 1708/2270/2250
f 1708/2270/2250 1710/2272/2249 1711/2273/2251 1709/2271/2252
f 1710/2272/2249 1712/2274/2253 1713/2275/2254 1711/2273/2251
f 1681/2245/2204 1678/2244/2203 1712/2274/2253 1710/2272/2249
f 1712/2276/2255 1714/2277/2256 1715/2278/2257 1713/2279/2258
f 1678/2240/2199 1675/2237/2195 1714/2277/2256 1712/2276/2255
f 1714/2277/2256 1716/2280/2259 1717/2281/2260 1715/2278/2257
f 1675/2237/2195 1672/2234/2194 1716/2280/2259 1714/2277/2256
f 1716/2280/2261 1718/2282/2262 1719/2283/2263 1717/2281/2264
f 1672/2234/2190 1669/2231/2187 1718/2282/2262 1716/2280/2261
f 1718/2282/2262 1644/2203/2150 1641/2200/2147 1719/2283/2263
f 1669/2231/2187 1666/2204/2151 1644/2203/2150 1718/2282/2262
f 1720/2284/2265 1719/2283/2263 1641/2200/2147 1638/2197/2144
f 1715/2278/2266 1717/2281/2264 1719/2283/2263 1720/2284/2265
f 1721/2285/2267 1720/2284/2265 1638/2197/2144 1635/2196/2143
f 1713/2279/2268 1715/2278/2266 1720/2284/2265 1721/2285/2267
f 1722/2286/2269 1721/2287/2270 1635/2191/2138 1632/2188/2135
f 1711/2273/2271 1713/2275/2272 1721/2287/2270 1722/2286/2269
f 1707/2269/2246 1722/2286/2269 1632/2188/2135 1629/2187/2134
f 1709/2271/2248 1711/2273/2271 1722/2286/2269 1707/2269/2246
o Sandbags.015
v 0.109401 0.389036 -0.591510
v 0.204865 0.370466 -0.593270
v 0.070701 0.420689 -0.601474
v 0.094500 0.385514 -0.531641
v 0.088946 0.385514 -0.440811
v 0.201908 0.360036 -0.525073
v 0.028813 0.416300 -0.535658
v 0.023259 0.416300 -0.444828
v 0.015966 0.422962 -0.536444
v 0.041571 0.425457 -0.603256
v 0.010411 0.422962 -0.445614
v 0.026947 0.432398 -0.535772
v 0.068834 0.436788 -0.601588
v 0.021392 0.432398 -0.444942
v 0.083841 0.477448 -0.532293
v 0.099250 0.476592 -0.592131
v 0.078287 0.477448 -0.441463
v 0.182560 0.526914 -0.526256
v 0.319285 0.548878 -0.517895
v 0.175972 0.535832 -0.435489
v 0.187935 0.516484 -0.594305
v 0.325353 0.532476 -0.585901
v 0.192952 0.485195 -0.616790
v 0.330369 0.501186 -0.608387
v 0.198539 0.443475 -0.628763
v 0.335957 0.459467 -0.620360
v 0.202626 0.401756 -0.616199
v 0.340043 0.417748 -0.607795
v 0.342282 0.386458 -0.584866
v 0.477461 0.433739 -0.599392
v 0.598801 0.482147 -0.569179
v 0.479700 0.402450 -0.576462
v 0.473374 0.475459 -0.611956
v 0.626065 0.493477 -0.567511
v 0.467787 0.517178 -0.599983
v 0.596935 0.498245 -0.569293
v 0.462771 0.548468 -0.577498
v 0.557308 0.529898 -0.564119
v 0.457395 0.558898 -0.509449
v 0.564803 0.533420 -0.502880
v 0.450807 0.567815 -0.418682
v 0.314423 0.542906 -0.427022
v 0.559249 0.533420 -0.412050
v 0.446286 0.558898 -0.327788
v 0.308176 0.548878 -0.336234
v 0.553694 0.533420 -0.321220
v 0.443329 0.548468 -0.259591
v 0.305912 0.532476 -0.267995
v 0.538793 0.529898 -0.261351
v 0.445569 0.517178 -0.236662
v 0.308151 0.501186 -0.245066
v 0.577494 0.498245 -0.251387
v 0.449655 0.475459 -0.224097
v 0.312238 0.459467 -0.232501
v 0.606624 0.493477 -0.249605
v 0.455242 0.433739 -0.236070
v 0.317825 0.417748 -0.244474
v 0.579360 0.482147 -0.251273
v 0.460259 0.402450 -0.258556
v 0.548944 0.442342 -0.260730
v 0.322841 0.386458 -0.266960
v 0.465634 0.392020 -0.326605
v 0.329258 0.367048 -0.334945
v 0.564353 0.441486 -0.320568
v 0.472230 0.383040 -0.417372
v 0.333771 0.376028 -0.425839
v 0.569907 0.441486 -0.411398
v 0.476743 0.392020 -0.508265
v 0.340367 0.367048 -0.516605
v 0.575462 0.441486 -0.502228
v 0.567460 0.442342 -0.563498
v 0.632357 0.486536 -0.498749
v 0.626802 0.486536 -0.407919
v 0.643338 0.495972 -0.498078
v 0.637783 0.495972 -0.407247
v 0.630490 0.502635 -0.498863
v 0.624936 0.502635 -0.408033
v 0.619381 0.502635 -0.317203
v 0.632228 0.495972 -0.316417
v 0.621247 0.486536 -0.317089
v 0.197395 0.351056 -0.434179
v 0.190799 0.360036 -0.343412
v 0.083391 0.385514 -0.349981
v 0.185424 0.370466 -0.275363
v 0.090886 0.389036 -0.288742
v 0.180407 0.401756 -0.252878
v 0.051259 0.420689 -0.283568
v 0.174820 0.443475 -0.240905
v 0.022129 0.425457 -0.285349
v 0.170733 0.485195 -0.253469
v 0.049393 0.436788 -0.283682
v 0.168494 0.516484 -0.276399
v 0.080734 0.476592 -0.289363
v 0.171451 0.526914 -0.344595
v 0.072732 0.477448 -0.350632
v 0.015837 0.432398 -0.354112
v 0.004857 0.422962 -0.354783
v 0.017704 0.416300 -0.353998
vn -0.0558 -0.9831 -0.1745
vn -0.0664 -0.9926 -0.1014
vn -0.3510 -0.9278 -0.1262
vn -0.3344 -0.9213 -0.1983
vn -0.1482 -0.5320 -0.8337
vn -0.1326 -0.4034 -0.9053
vn -0.0163 -0.4533 -0.8912
vn -0.0066 -0.5637 -0.8260
vn -0.3889 -0.9136 -0.1187
vn -0.3885 -0.8915 -0.2331
vn -0.0749 -0.9972 -0.0046
vn -0.3460 -0.9380 -0.0212
vn -0.4410 -0.8971 -0.0270
vn -0.3661 -0.9256 -0.0964
vn -0.2486 -0.9525 -0.1760
vn -0.4588 -0.8881 -0.0281
vn -0.5680 0.8158 -0.1087
vn -0.5874 0.7987 -0.1308
vn -0.5818 0.7756 -0.2449
vn -0.4596 0.8678 -0.1889
vn -0.6498 0.7591 -0.0397
vn -0.6345 0.7720 -0.0388
vn -0.5537 0.8211 -0.1385
vn -0.5360 0.8175 -0.2106
vn -0.5513 0.8336 -0.0337
vn -0.2864 0.9514 -0.1135
vn -0.2746 0.9451 -0.1773
vn -0.2958 0.9551 -0.0181
vn -0.1152 0.9933 -0.0070
vn -0.1081 0.9878 -0.1122
vn -0.1011 0.9744 -0.2007
vn -0.1182 0.4251 -0.8974
vn -0.1341 0.5356 -0.8338
vn -0.0179 0.5816 -0.8133
vn 0.0042 0.4366 -0.8996
vn -0.2200 0.3497 -0.9107
vn -0.2646 0.4723 -0.8408
vn -0.0902 0.3028 -0.9488
vn 0.0262 0.2790 -0.9599
vn -0.2100 0.3231 -0.9228
vn -0.0170 -0.3287 -0.9443
vn 0.0909 -0.2790 -0.9560
vn 0.1054 -0.4366 -0.8934
vn -0.1290 -0.3754 -0.9178
vn 0.1169 -0.5816 -0.8050
vn 0.2266 -0.4251 -0.8763
vn 0.2347 -0.5356 -0.8112
vn 0.2051 -0.3028 -0.9307
vn 0.3209 -0.3231 -0.8903
vn 0.3293 -0.3497 -0.8771
vn 0.3651 -0.4723 -0.8023
vn 0.1319 0.3287 -0.9352
vn 0.1248 0.4533 -0.8826
vn 0.2420 0.4034 -0.8824
vn 0.2399 0.3754 -0.8953
vn 0.1072 0.5637 -0.8190
vn 0.2487 0.5320 -0.8094
vn 0.3637 0.9279 -0.0824
vn 0.3561 0.9213 -0.1560
vn 0.0704 0.9852 -0.1562
vn 0.0726 0.9931 -0.0916
vn 0.0694 0.9976 0.0042
vn 0.3459 0.9380 0.0212
vn 0.0609 0.9931 0.0997
vn -0.1210 0.9878 0.0982
vn 0.3510 0.9279 0.1261
vn 0.0508 0.9852 0.1636
vn -0.1248 0.9744 0.1869
vn 0.3344 0.9213 0.1983
vn 0.0163 0.4533 0.8912
vn 0.0066 0.5637 0.8260
vn -0.1169 0.5816 0.8050
vn -0.1054 0.4366 0.8934
vn 0.1326 0.4034 0.9053
vn 0.1482 0.5320 0.8337
vn 0.0170 0.3287 0.9443
vn -0.0909 0.2790 0.9560
vn 0.1290 0.3754 0.9178
vn 0.1182 -0.4251 0.8974
vn 0.0902 -0.3028 0.9488
vn -0.0262 -0.2790 0.9599
vn -0.0042 -0.4366 0.8996
vn 0.2200 -0.3497 0.9107
vn 0.2100 -0.3231 0.9228
vn 0.1341 -0.5356 0.8338
vn 0.0179 -0.5816 0.8133
vn 0.2646 -0.4723 0.8408
vn 0.5538 -0.8210 0.1386
vn 0.5360 -0.8175 0.2106
vn 0.2790 -0.9417 0.1881
vn 0.2916 -0.9496 0.1152
vn 0.0994 -0.9701 0.2214
vn 0.1079 -0.9875 0.1145
vn 0.3010 -0.9534 0.0184
vn 0.1152 -0.9933 0.0070
vn 0.5514 -0.8336 0.0337
vn 0.3035 -0.9496 -0.0788
vn 0.1211 -0.9875 -0.1005
vn 0.5666 -0.8210 -0.0701
vn 0.2998 -0.9417 -0.1527
vn 0.1256 -0.9701 -0.2077
vn 0.5577 -0.8175 -0.1437
vn 0.6073 -0.7756 -0.1722
vn 0.5989 -0.7987 -0.0583
vn 0.6345 -0.7720 0.0388
vn 0.5770 -0.8158 -0.0387
vn 0.6498 -0.7591 0.0397
vn 0.4792 -0.8678 -0.1314
vn 0.3752 0.9256 -0.0510
vn 0.4004 0.9136 -0.0704
vn 0.4410 0.8971 0.0270
vn 0.4588 0.8881 0.0281
vn 0.2682 0.9525 -0.1443
vn 0.4140 0.8915 -0.1840
vn 0.3889 0.9136 0.1187
vn 0.3661 0.9256 0.0964
vn 0.3885 0.8915 0.2331
vn 0.2486 0.9525 0.1760
vn 0.5874 -0.7987 0.1308
vn 0.5680 -0.8158 0.1087
vn 0.4596 -0.8678 0.1889
vn 0.5818 -0.7756 0.2449
vn -0.0783 -0.9926 0.0926
vn -0.3638 -0.9278 0.0825
vn -0.0766 -0.9831 0.1664
vn -0.3561 -0.9213 0.1560
vn -0.1248 -0.4533 0.8826
vn -0.1072 -0.5637 0.8190
vn -0.2420 -0.4034 0.8824
vn -0.2487 -0.5320 0.8094
vn -0.1319 -0.3287 0.9352
vn -0.2399 -0.3754 0.8953
vn -0.2051 0.3028 0.9307
vn -0.2266 0.4251 0.8763
vn -0.3293 0.3497 0.8771
vn -0.3209 0.3231 0.8903
vn -0.2347 0.5356 0.8112
vn -0.3651 0.4723 0.8023
vn -0.2942 0.9451 0.1425
vn -0.2981 0.9514 0.0778
vn -0.5665 0.8211 0.0700
vn -0.5577 0.8175 0.1437
vn -0.5989 0.7987 0.0583
vn -0.6073 0.7756 0.1722
vn -0.5770 0.8158 0.0387
vn -0.4792 0.8678 0.1314
vn -0.4004 -0.9136 0.0704
vn -0.3751 -0.9256 0.0510
vn -0.4140 -0.8915 0.1840
vn -0.2682 -0.9525 0.1443
vt 0.394613 0.589170
vt 0.382502 0.589020
vt 0.383791 0.568835
vt 0.394635 0.572132
vt 0.399152 0.562771
vt 0.401649 0.588391
vt 0.384983 0.554743
vt 0.366517 0.589129
vt 0.366508 0.568241
vt 0.366476 0.554028
vt 0.385165 0.551764
vt 0.399209 0.556628
vt 0.366474 0.551062
vt 0.385740 0.782590
vt 0.385512 0.779639
vt 0.399390 0.771504
vt 0.399528 0.777554
vt 0.367195 0.783582
vt 0.367153 0.780633
vt 0.384155 0.765704
vt 0.394848 0.762325
vt 0.367003 0.766507
vt 0.382703 0.745752
vt 0.394720 0.745505
vt 0.366869 0.745773
vt 0.366772 0.721902
vt 0.382507 0.721656
vt 0.395000 0.721284
vt 0.401609 0.746264
vt 0.402195 0.720957
vt 0.409594 0.747466
vt 0.410547 0.720568
vt 0.409885 0.587138
vt 0.410732 0.614466
vt 0.402315 0.614038
vt 0.395076 0.613724
vt 0.399326 0.638986
vt 0.392786 0.637451
vt 0.406953 0.641248
vt 0.392536 0.667423
vt 0.393473 0.661848
vt 0.390772 0.652858
vt 0.407142 0.693804
vt 0.399322 0.696037
vt 0.393483 0.673019
vt 0.392684 0.697514
vt 0.390752 0.682044
vt 0.381052 0.680588
vt 0.381407 0.698403
vt 0.366734 0.698839
vt 0.366727 0.680892
vt 0.352047 0.698423
vt 0.351020 0.721637
vt 0.352417 0.680650
vt 0.340728 0.697528
vt 0.338475 0.721233
vt 0.342704 0.682100
vt 0.334183 0.696005
vt 0.331242 0.720925
vt 0.339973 0.673084
vt 0.326547 0.693763
vt 0.322836 0.720505
vt 0.340895 0.667486
vt 0.334083 0.638813
vt 0.326273 0.641055
vt 0.322836 0.614370
vt 0.331078 0.613937
vt 0.339945 0.661872
vt 0.340718 0.637317
vt 0.338290 0.613576
vt 0.342676 0.652810
vt 0.352407 0.654247
vt 0.352031 0.636392
vt 0.350928 0.613155
vt 0.366792 0.635940
vt 0.366671 0.613016
vt 0.366730 0.653979
vt 0.381484 0.636546
vt 0.382415 0.613305
vt 0.381075 0.654295
vt 0.380513 0.665218
vt 0.366735 0.665163
vt 0.380241 0.667415
vt 0.366734 0.667441
vt 0.380511 0.669637
vt 0.366733 0.669719
vt 0.352942 0.669674
vt 0.353211 0.667477
vt 0.352939 0.665257
vt 0.350608 0.589038
vt 0.349224 0.568995
vt 0.338547 0.589292
vt 0.338419 0.572346
vt 0.331626 0.588543
vt 0.333820 0.563010
vt 0.323454 0.587380
vt 0.333688 0.556860
vt 0.323663 0.747787
vt 0.331895 0.746528
vt 0.334443 0.772147
vt 0.334399 0.778312
vt 0.338921 0.745746
vt 0.338934 0.762742
vt 0.350988 0.745891
vt 0.349781 0.765963
vt 0.348674 0.780160
vt 0.348516 0.783143
vt 0.347933 0.554786
vt 0.347726 0.551794
s 1
f 1724/2288/2273 1728/2289/2274 1726/2290/2275 1723/2291/2276
f 1723/2291/2277 1725/2292/2278 1749/2293/2279 1724/2288/2280
f 1726/2290/2275 1729/2294/2281 1725/2292/2282 1723/2291/2276
f 1728/2289/2274 1803/2295/2283 1727/2296/2284 1726/2290/2275
f 1727/2296/2284 1730/2297/2285 1729/2294/2281 1726/2290/2275
f 1729/2294/2281 1731/2298/2286 1732/2299/2287 1725/2292/2282
f 1730/2297/2285 1733/2300/2288 1731/2298/2286 1729/2294/2281
f 1731/2301/2289 1734/2302/2290 1735/2303/2291 1732/2304/2292
f 1733/2305/2293 1736/2306/2294 1734/2302/2290 1731/2301/2289
f 1734/2302/2290 1737/2307/2295 1738/2308/2296 1735/2303/2291
f 1736/2306/2294 1739/2309/2297 1737/2307/2295 1734/2302/2290
f 1740/2310/2298 1743/2311/2299 1738/2308/2296 1737/2307/2295
f 1742/2312/2300 1740/2310/2298 1737/2307/2295 1739/2309/2297
f 1764/2313/2301 1741/2314/2302 1740/2310/2298 1742/2312/2300
f 1741/2314/2302 1744/2315/2303 1743/2311/2299 1740/2310/2298
f 1745/2316/2304 1743/2311/2305 1744/2315/2306 1746/2317/2307
f 1735/2303/2308 1738/2308/2309 1743/2311/2305 1745/2316/2304
f 1747/2318/2310 1745/2316/2304 1746/2317/2307 1748/2319/2311
f 1732/2304/2312 1735/2303/2308 1745/2316/2304 1747/2318/2310
f 1749/2293/2279 1747/2320/2313 1748/2321/2314 1750/2322/2315
f 1725/2292/2278 1732/2299/2316 1747/2320/2313 1749/2293/2279
f 1724/2288/2280 1749/2293/2279 1750/2322/2315 1751/2323/2317
f 1751/2323/2317 1750/2322/2315 1752/2324/2318 1754/2325/2319
f 1750/2322/2315 1748/2321/2314 1755/2326/2320 1752/2324/2318
f 1752/2324/2318 1755/2326/2320 1756/2327/2321 1753/2328/2322
f 1754/2325/2319 1752/2324/2318 1753/2328/2322 1793/2329/2323
f 1755/2330/2324 1757/2331/2325 1758/2332/2326 1756/2327/2327
f 1748/2319/2311 1746/2317/2307 1757/2331/2325 1755/2330/2324
f 1757/2331/2325 1759/2333/2328 1760/2334/2329 1758/2332/2326
f 1746/2317/2307 1744/2315/2306 1759/2333/2328 1757/2331/2325
f 1762/2335/2330 1760/2334/2331 1759/2333/2332 1761/2336/2333
f 1761/2336/2333 1759/2333/2332 1744/2315/2303 1741/2314/2302
f 1763/2337/2334 1761/2336/2333 1741/2314/2302 1764/2313/2301
f 1765/2338/2335 1762/2335/2330 1761/2336/2333 1763/2337/2334
f 1766/2339/2336 1763/2337/2334 1764/2313/2301 1767/2340/2337
f 1768/2341/2338 1765/2338/2335 1763/2337/2334 1766/2339/2336
f 1769/2342/2339 1766/2339/2336 1767/2340/2337 1770/2343/2340
f 1771/2344/2341 1768/2341/2338 1766/2339/2336 1769/2342/2339
f 1772/2345/2342 1769/2342/2343 1770/2343/2344 1773/2346/2345
f 1774/2347/2346 1771/2344/2347 1769/2342/2343 1772/2345/2342
f 1775/2348/2348 1772/2345/2342 1773/2346/2345 1776/2349/2349
f 1777/2350/2350 1774/2347/2346 1772/2345/2342 1775/2348/2348
f 1778/2351/2351 1775/2352/2352 1776/2353/2353 1779/2354/2354
f 1780/2355/2355 1777/2350/2356 1775/2352/2352 1778/2351/2351
f 1781/2356/2357 1778/2351/2351 1779/2354/2354 1783/2357/2358
f 1782/2358/2359 1780/2355/2355 1778/2351/2351 1781/2356/2357
f 1786/2359/2360 1782/2358/2361 1781/2356/2362 1784/2360/2363
f 1784/2360/2363 1781/2356/2362 1783/2357/2364 1785/2361/2365
f 1787/2362/2366 1784/2360/2363 1785/2361/2365 1788/2363/2367
f 1789/2364/2368 1786/2359/2360 1784/2360/2363 1787/2362/2366
f 1790/2365/2369 1787/2362/2366 1788/2363/2367 1791/2366/2370
f 1792/2367/2371 1789/2364/2368 1787/2362/2366 1790/2365/2369
f 1754/2325/2372 1790/2365/2369 1791/2366/2370 1751/2323/2373
f 1793/2329/2374 1792/2367/2371 1790/2365/2369 1754/2325/2372
f 1793/2329/2374 1753/2328/2375 1794/2368/2376 1792/2367/2371
f 1792/2367/2371 1794/2368/2376 1795/2369/2377 1789/2364/2368
f 1794/2368/2376 1796/2370/2378 1797/2371/2379 1795/2369/2377
f 1753/2328/2375 1756/2327/2380 1796/2370/2378 1794/2368/2376
f 1796/2370/2381 1798/2372/2382 1799/2373/2383 1797/2371/2384
f 1756/2327/2385 1758/2332/2386 1798/2372/2382 1796/2370/2381
f 1798/2372/2382 1762/2335/2330 1765/2338/2335 1799/2373/2383
f 1758/2332/2386 1760/2334/2331 1762/2335/2330 1798/2372/2382
f 1797/2371/2384 1799/2373/2383 1800/2374/2387 1801/2375/2388
f 1799/2373/2383 1765/2338/2335 1768/2341/2338 1800/2374/2387
f 1800/2374/2387 1768/2341/2338 1771/2344/2341 1774/2347/2389
f 1801/2375/2388 1800/2374/2387 1774/2347/2389 1777/2350/2390
f 1802/2376/2391 1801/2375/2392 1777/2350/2393 1780/2355/2394
f 1795/2369/2377 1797/2371/2379 1801/2375/2392 1802/2376/2391
f 1786/2359/2360 1802/2376/2391 1780/2355/2394 1782/2358/2361
f 1789/2364/2368 1795/2369/2377 1802/2376/2391 1786/2359/2360
f 1751/2323/2373 1791/2366/2370 1728/2289/2274 1724/2288/2273
f 1791/2366/2370 1788/2363/2367 1803/2295/2283 1728/2289/2274
f 1788/2363/2367 1785/2361/2365 1804/2377/2395 1803/2295/2283
f 1803/2295/2283 1804/2377/2395 1805/2378/2396 1727/2296/2284
f 1804/2377/2395 1806/2379/2397 1807/2380/2398 1805/2378/2396
f 1785/2361/2365 1783/2357/2364 1806/2379/2397 1804/2377/2395
f 1783/2357/2358 1779/2354/2354 1808/2381/2399 1806/2379/2400
f 1806/2379/2400 1808/2381/2399 1809/2382/2401 1807/2380/2402
f 1808/2381/2399 1810/2383/2403 1811/2384/2404 1809/2382/2401
f 1779/2354/2354 1776/2353/2353 1810/2383/2403 1808/2381/2399
f 1810/2385/2405 1812/2386/2406 1813/2387/2407 1811/2388/2408
f 1776/2349/2349 1773/2346/2345 1812/2386/2406 1810/2385/2405
f 1812/2386/2406 1814/2389/2409 1815/2390/2410 1813/2387/2407
f 1773/2346/2345 1770/2343/2344 1814/2389/2409 1812/2386/2406
f 1814/2389/2411 1816/2391/2412 1817/2392/2413 1815/2390/2414
f 1770/2343/2340 1767/2340/2337 1816/2391/2412 1814/2389/2411
f 1816/2391/2412 1742/2312/2300 1739/2309/2297 1817/2392/2413
f 1767/2340/2337 1764/2313/2301 1742/2312/2300 1816/2391/2412
f 1818/2393/2415 1817/2392/2413 1739/2309/2297 1736/2306/2294
f 1813/2387/2416 1815/2390/2414 1817/2392/2413 1818/2393/2415
f 1819/2394/2417 1818/2393/2415 1736/2306/2294 1733/2305/2293
f 1811/2388/2418 1813/2387/2416 1818/2393/2415 1819/2394/2417
f 1820/2395/2419 1819/2396/2420 1733/2300/2288 1730/2297/2285
f 1809/2382/2421 1811/2384/2422 1819/2396/2420 1820/2395/2419
f 1805/2378/2396 1820/2395/2419 1730/2297/2285 1727/2296/2284
f 1807/2380/2398 1809/2382/2421 1820/2395/2419 1805/2378/2396
o Sandbags.016
v -0.549738 0.442342 -0.578097
v -0.461351 0.402450 -0.585680
v -0.580674 0.482147 -0.585680
v -0.561465 0.441486 -0.517430
v -0.561465 0.441486 -0.426430
v -0.462562 0.392020 -0.517430
v -0.618466 0.486536 -0.517430
v -0.618466 0.486536 -0.426430
v -0.629468 0.495972 -0.517430
v -0.607989 0.493477 -0.585680
v -0.629468 0.495972 -0.426430
v -0.616596 0.502635 -0.517430
v -0.578804 0.498245 -0.585680
v -0.616596 0.502635 -0.426430
v -0.550787 0.533420 -0.517430
v -0.539568 0.529898 -0.578097
v -0.550787 0.533420 -0.426430
v -0.443178 0.558898 -0.517430
v -0.304810 0.548878 -0.517430
v -0.442142 0.567815 -0.426430
v -0.444390 0.548468 -0.585680
v -0.306715 0.532476 -0.585680
v -0.448024 0.517178 -0.608430
v -0.310350 0.501187 -0.608430
v -0.452870 0.475459 -0.620722
v -0.315196 0.459467 -0.620722
v -0.457716 0.433739 -0.608430
v -0.320042 0.417748 -0.608430
v -0.323676 0.386458 -0.585680
v -0.182367 0.401756 -0.608430
v -0.051587 0.420689 -0.585680
v -0.186002 0.370466 -0.585680
v -0.177521 0.443475 -0.620722
v -0.022403 0.425457 -0.585680
v -0.172675 0.485195 -0.608430
v -0.049717 0.436788 -0.585680
v -0.169041 0.516484 -0.585680
v -0.080653 0.476592 -0.578097
v -0.167829 0.526914 -0.517430
v -0.068926 0.477448 -0.517430
v -0.166794 0.535831 -0.426430
v -0.305504 0.542906 -0.426430
v -0.068926 0.477448 -0.426430
v -0.167829 0.526914 -0.335430
v -0.304810 0.548878 -0.335430
v -0.068926 0.477448 -0.335430
v -0.169041 0.516484 -0.267180
v -0.306715 0.532476 -0.267180
v -0.080653 0.476592 -0.274763
v -0.172675 0.485195 -0.244430
v -0.310350 0.501187 -0.244430
v -0.049717 0.436788 -0.267180
v -0.177521 0.443475 -0.232138
v -0.315196 0.459467 -0.232138
v -0.022403 0.425457 -0.267180
v -0.182367 0.401756 -0.244430
v -0.320042 0.417748 -0.244430
v -0.051587 0.420689 -0.267180
v -0.186002 0.370466 -0.267180
v -0.090824 0.389036 -0.274763
v -0.323676 0.386458 -0.267180
v -0.187213 0.360036 -0.335430
v -0.325931 0.367048 -0.335430
v -0.079605 0.385514 -0.335430
v -0.188256 0.351056 -0.426430
v -0.324888 0.376028 -0.426430
v -0.079605 0.385514 -0.426430
v -0.187213 0.360036 -0.517430
v -0.325931 0.367048 -0.517430
v -0.079605 0.385514 -0.517430
v -0.090824 0.389036 -0.578097
v -0.013795 0.416300 -0.517430
v -0.013795 0.416300 -0.426430
v -0.000924 0.422962 -0.517430
v -0.000924 0.422962 -0.426430
v -0.011925 0.432398 -0.517430
v -0.011925 0.432398 -0.426430
v -0.011925 0.432398 -0.335430
v -0.000924 0.422962 -0.335430
v -0.013795 0.416300 -0.335430
v -0.463605 0.383040 -0.426430
v -0.462562 0.392020 -0.335430
v -0.561465 0.441486 -0.335430
v -0.461351 0.402450 -0.267180
v -0.549738 0.442342 -0.274763
v -0.457716 0.433739 -0.244430
v -0.580674 0.482147 -0.267180
v -0.452870 0.475459 -0.232138
v -0.607989 0.493477 -0.267180
v -0.448024 0.517178 -0.244430
v -0.578804 0.498245 -0.267180
v -0.444390 0.548468 -0.267180
v -0.539568 0.529898 -0.274763
v -0.443178 0.558898 -0.335430
v -0.550787 0.533420 -0.335430
v -0.616596 0.502635 -0.335430
v -0.629468 0.495972 -0.335430
v -0.618466 0.486536 -0.335430
vn -0.2899 -0.9417 -0.1707
vn -0.2981 -0.9496 -0.0972
vn -0.5612 -0.8210 -0.1045
vn -0.5478 -0.8175 -0.1775
vn -0.3155 -0.4723 -0.8231
vn -0.2751 -0.3497 -0.8956
vn -0.1727 -0.4251 -0.8885
vn -0.1847 -0.5356 -0.8240
vn -0.5943 -0.7987 -0.0947
vn -0.5957 -0.7756 -0.2089
vn -0.3016 -0.9534 -0.0000
vn -0.5524 -0.8336 -0.0000
vn -0.6357 -0.7720 -0.0000
vn -0.5736 -0.8158 -0.0738
vn -0.4703 -0.8678 -0.1605
vn -0.6510 -0.7591 -0.0000
vn -0.3713 0.9256 -0.0738
vn -0.3954 0.9136 -0.0947
vn -0.4020 0.8915 -0.2089
vn -0.2589 0.9525 -0.1605
vn -0.4597 0.8881 -0.0000
vn -0.4418 0.8971 -0.0000
vn -0.3580 0.9279 -0.1044
vn -0.3459 0.9213 -0.1775
vn -0.3465 0.9380 -0.0000
vn -0.0669 0.9931 -0.0958
vn -0.0607 0.9852 -0.1602
vn -0.0695 0.9976 -0.0000
vn 0.1154 0.9933 -0.0000
vn 0.1147 0.9878 -0.1054
vn 0.1132 0.9744 -0.1941
vn -0.0707 0.4533 -0.8885
vn -0.0570 0.5637 -0.8240
vn 0.0676 0.5816 -0.8107
vn 0.0507 0.4366 -0.8982
vn -0.1876 0.4034 -0.8956
vn -0.1988 0.5320 -0.8231
vn -0.0746 0.3287 -0.9415
vn 0.0324 0.2790 -0.9597
vn -0.1848 0.3754 -0.9082
vn -0.1479 -0.3028 -0.9415
vn -0.0324 -0.2790 -0.9597
vn -0.0507 -0.4366 -0.8982
vn -0.2659 -0.3231 -0.9082
vn -0.0676 -0.5816 -0.8107
vn 0.0707 -0.4533 -0.8885
vn 0.0570 -0.5637 -0.8240
vn 0.0746 -0.3287 -0.9415
vn 0.1848 -0.3754 -0.9082
vn 0.1876 -0.4034 -0.8956
vn 0.1988 -0.5320 -0.8231
vn 0.1479 0.3028 -0.9415
vn 0.1727 0.4251 -0.8885
vn 0.2751 0.3497 -0.8956
vn 0.2659 0.3231 -0.9082
vn 0.1847 0.5356 -0.8240
vn 0.3155 0.4723 -0.8231
vn 0.5612 0.8211 -0.1044
vn 0.5478 0.8175 -0.1775
vn 0.2849 0.9451 -0.1602
vn 0.2928 0.9514 -0.0958
vn 0.2964 0.9551 -0.0000
vn 0.5523 0.8336 -0.0000
vn 0.2928 0.9514 0.0958
vn 0.1147 0.9878 0.1054
vn 0.5612 0.8211 0.1044
vn 0.2849 0.9451 0.1602
vn 0.1132 0.9744 0.1941
vn 0.5478 0.8175 0.1775
vn 0.1727 0.4251 0.8885
vn 0.1847 0.5356 0.8240
vn 0.0676 0.5816 0.8107
vn 0.0507 0.4366 0.8982
vn 0.2751 0.3497 0.8956
vn 0.3155 0.4723 0.8231
vn 0.1479 0.3028 0.9415
vn 0.0324 0.2790 0.9597
vn 0.2659 0.3231 0.9082
vn 0.0707 -0.4533 0.8885
vn 0.0746 -0.3287 0.9415
vn -0.0324 -0.2790 0.9597
vn -0.0507 -0.4366 0.8982
vn 0.1876 -0.4034 0.8956
vn 0.1848 -0.3754 0.9082
vn 0.0570 -0.5637 0.8240
vn -0.0676 -0.5816 0.8107
vn 0.1988 -0.5320 0.8231
vn 0.3581 -0.9278 0.1045
vn 0.3459 -0.9213 0.1775
vn 0.0663 -0.9831 0.1707
vn 0.0725 -0.9926 0.0972
vn -0.1127 -0.9701 0.2149
vn -0.1147 -0.9875 0.1077
vn 0.0750 -0.9972 -0.0000
vn -0.1154 -0.9933 -0.0000
vn 0.3467 -0.9380 -0.0000
vn 0.0725 -0.9926 -0.0972
vn -0.1147 -0.9875 -0.1077
vn 0.3581 -0.9278 -0.1045
vn 0.0663 -0.9831 -0.1707
vn -0.1127 -0.9701 -0.2149
vn 0.3459 -0.9213 -0.1775
vn 0.4020 -0.8915 -0.2089
vn 0.3954 -0.9136 -0.0947
vn 0.4418 -0.8971 -0.0000
vn 0.3713 -0.9256 -0.0738
vn 0.4597 -0.8881 -0.0000
vn 0.2589 -0.9525 -0.1605
vn 0.5736 0.8158 -0.0738
vn 0.5943 0.7987 -0.0947
vn 0.6357 0.7720 -0.0000
vn 0.6510 0.7591 -0.0000
vn 0.4703 0.8678 -0.1605
vn 0.5957 0.7756 -0.2089
vn 0.5943 0.7987 0.0947
vn 0.5736 0.8158 0.0738
vn 0.5957 0.7756 0.2089
vn 0.4703 0.8678 0.1605
vn 0.3954 -0.9136 0.0947
vn 0.3713 -0.9256 0.0738
vn 0.2589 -0.9525 0.1605
vn 0.4020 -0.8915 0.2089
vn -0.2981 -0.9496 0.0972
vn -0.5612 -0.8210 0.1045
vn -0.2899 -0.9417 0.1707
vn -0.5478 -0.8175 0.1775
vn -0.1727 -0.4251 0.8885
vn -0.1847 -0.5356 0.8240
vn -0.2751 -0.3497 0.8956
vn -0.3155 -0.4723 0.8231
vn -0.1479 -0.3028 0.9415
vn -0.2659 -0.3231 0.9082
vn -0.0746 0.3287 0.9415
vn -0.0707 0.4533 0.8885
vn -0.1876 0.4034 0.8956
vn -0.1848 0.3754 0.9082
vn -0.0570 0.5637 0.8240
vn -0.1988 0.5320 0.8231
vn -0.0607 0.9852 0.1602
vn -0.0669 0.9931 0.0958
vn -0.3580 0.9279 0.1044
vn -0.3459 0.9213 0.1775
vn -0.3954 0.9136 0.0947
vn -0.4020 0.8915 0.2089
vn -0.3713 0.9256 0.0738
vn -0.2589 0.9525 0.1605
vn -0.5943 -0.7987 0.0947
vn -0.5736 -0.8158 0.0738
vn -0.5957 -0.7756 0.2089
vn -0.4703 -0.8678 0.1605
vt 0.793616 0.964936
vt 0.792739 0.953692
vt 0.810489 0.953375
vt 0.809029 0.963044
vt 0.818032 0.965787
vt 0.795076 0.971545
vt 0.821445 0.952877
vt 0.792331 0.939030
vt 0.810252 0.939138
vt 0.821367 0.939159
vt 0.823656 0.952611
vt 0.823616 0.964857
vt 0.823631 0.939166
vt 0.825842 0.952884
vt 0.829171 0.965801
vt 0.825895 0.939172
vt 0.836721 0.953462
vt 0.838136 0.963126
vt 0.837048 0.939190
vt 0.854436 0.953887
vt 0.853492 0.965164
vt 0.854905 0.939233
vt 0.877916 0.939282
vt 0.877587 0.955013
vt 0.877124 0.967533
vt 0.851942 0.971677
vt 0.876775 0.974750
vt 0.849667 0.979267
vt 0.876304 0.983135
vt 0.797284 0.979335
vt 0.770658 0.982676
vt 0.770292 0.974369
vt 0.769986 0.967217
vt 0.745138 0.973690
vt 0.745928 0.966839
vt 0.743905 0.981638
vt 0.713923 0.971429
vt 0.719981 0.971328
vt 0.729198 0.966858
vt 0.903555 0.982489
vt 0.902351 0.974255
vt 0.927983 0.971877
vt 0.934148 0.971962
vt 0.901613 0.967230
vt 0.918606 0.967324
vt 0.921896 0.956496
vt 0.901829 0.955169
vt 0.901795 0.939289
vt 0.922548 0.939267
vt 0.901852 0.923439
vt 0.877703 0.923567
vt 0.921847 0.922089
vt 0.901660 0.911402
vt 0.877343 0.911089
vt 0.918521 0.911356
vt 0.902453 0.904489
vt 0.877042 0.903779
vt 0.927748 0.906855
vt 0.903698 0.896477
vt 0.876652 0.895406
vt 0.933815 0.906752
vt 0.745267 0.904373
vt 0.744037 0.896219
vt 0.771106 0.895406
vt 0.770673 0.903749
vt 0.719918 0.906810
vt 0.713844 0.906745
vt 0.746027 0.911340
vt 0.770351 0.910923
vt 0.729169 0.911290
vt 0.725889 0.922009
vt 0.745854 0.923329
vt 0.769908 0.923473
vt 0.745910 0.939154
vt 0.769573 0.939080
vt 0.725263 0.939093
vt 0.745751 0.954900
vt 0.769641 0.954686
vt 0.725946 0.956173
vt 0.711928 0.957388
vt 0.711226 0.939089
vt 0.708978 0.957584
vt 0.708298 0.939086
vt 0.939077 0.957874
vt 0.936094 0.957695
vt 0.936690 0.939206
vt 0.939643 0.939183
vt 0.935815 0.920813
vt 0.938773 0.920604
vt 0.711963 0.920807
vt 0.709019 0.920623
vt 0.792967 0.924446
vt 0.810592 0.924882
vt 0.793882 0.913230
vt 0.809177 0.915247
vt 0.795413 0.906742
vt 0.818110 0.912573
vt 0.797664 0.899174
vt 0.823649 0.913507
vt 0.849856 0.898967
vt 0.852098 0.906763
vt 0.829213 0.912560
vt 0.853615 0.913296
vt 0.838204 0.915273
vt 0.854502 0.924577
vt 0.836753 0.924930
vt 0.825842 0.925465
vt 0.823632 0.925730
vt 0.821448 0.925457
s 1
f 1822/2397/2423 1826/2398/2424 1824/2399/2425 1821/2400/2426
f 1821/2400/2427 1823/2401/2428 1847/2402/2429 1822/2397/2430
f 1824/2399/2425 1827/2403/2431 1823/2401/2432 1821/2400/2426
f 1826/2398/2424 1901/2404/2433 1825/2405/2434 1824/2399/2425
f 1825/2405/2434 1828/2406/2435 1827/2403/2431 1824/2399/2425
f 1827/2403/2431 1829/2407/2436 1830/2408/2437 1823/2401/2432
f 1828/2406/2435 1831/2409/2438 1829/2407/2436 1827/2403/2431
f 1829/2407/2439 1832/2410/2440 1833/2411/2441 1830/2408/2442
f 1831/2409/2443 1834/2412/2444 1832/2410/2440 1829/2407/2439
f 1832/2410/2440 1835/2413/2445 1836/2414/2446 1833/2411/2441
f 1834/2412/2444 1837/2415/2447 1835/2413/2445 1832/2410/2440
f 1838/2416/2448 1841/2417/2449 1836/2414/2446 1835/2413/2445
f 1840/2418/2450 1838/2416/2448 1835/2413/2445 1837/2415/2447
f 1862/2419/2451 1839/2420/2452 1838/2416/2448 1840/2418/2450
f 1839/2420/2452 1842/2421/2453 1841/2417/2449 1838/2416/2448
f 1843/2422/2454 1841/2417/2455 1842/2421/2456 1844/2423/2457
f 1833/2411/2458 1836/2414/2459 1841/2417/2455 1843/2422/2454
f 1845/2424/2460 1843/2422/2454 1844/2423/2457 1846/2425/2461
f 1830/2408/2462 1833/2411/2458 1843/2422/2454 1845/2424/2460
f 1847/2402/2429 1845/2426/2463 1846/2427/2464 1848/2428/2465
f 1823/2401/2428 1830/2408/2466 1845/2426/2463 1847/2402/2429
f 1822/2397/2430 1847/2402/2429 1848/2428/2465 1849/2429/2467
f 1849/2429/2467 1848/2428/2465 1850/2430/2468 1852/2431/2469
f 1848/2428/2465 1846/2427/2464 1853/2432/2470 1850/2430/2468
f 1850/2430/2468 1853/2432/2470 1854/2433/2471 1851/2434/2472
f 1852/2431/2469 1850/2430/2468 1851/2434/2472 1891/2435/2473
f 1853/2436/2474 1855/2437/2475 1856/2438/2476 1854/2439/2477
f 1846/2425/2461 1844/2423/2457 1855/2437/2475 1853/2436/2474
f 1855/2437/2475 1857/2440/2478 1858/2441/2479 1856/2438/2476
f 1844/2423/2457 1842/2421/2456 1857/2440/2478 1855/2437/2475
f 1860/2442/2480 1858/2441/2481 1857/2440/2482 1859/2443/2483
f 1859/2443/2483 1857/2440/2482 1842/2421/2453 1839/2420/2452
f 1861/2444/2484 1859/2443/2483 1839/2420/2452 1862/2419/2451
f 1863/2445/2485 1860/2442/2480 1859/2443/2483 1861/2444/2484
f 1864/2446/2486 1861/2444/2484 1862/2419/2451 1865/2447/2487
f 1866/2448/2488 1863/2445/2485 1861/2444/2484 1864/2446/2486
f 1867/2449/2489 1864/2446/2486 1865/2447/2487 1868/2450/2490
f 1869/2451/2491 1866/2448/2488 1864/2446/2486 1867/2449/2489
f 1870/2452/2492 1867/2449/2493 1868/2450/2494 1871/2453/2495
f 1872/2454/2496 1869/2451/2497 1867/2449/2493 1870/2452/2492
f 1873/2455/2498 1870/2452/2492 1871/2453/2495 1874/2456/2499
f 1875/2457/2500 1872/2454/2496 1870/2452/2492 1873/2455/2498
f 1876/2458/2501 1873/2459/2502 1874/2460/2503 1877/2461/2504
f 1878/2462/2505 1875/2463/2506 1873/2459/2502 1876/2458/2501
f 1879/2464/2507 1876/2458/2501 1877/2461/2504 1881/2465/2508
f 1880/2466/2509 1878/2462/2505 1876/2458/2501 1879/2464/2507
f 1884/2467/2510 1880/2466/2511 1879/2464/2512 1882/2468/2513
f 1882/2468/2513 1879/2464/2512 1881/2465/2514 1883/2469/2515
f 1885/2470/2516 1882/2468/2513 1883/2469/2515 1886/2471/2517
f 1887/2472/2518 1884/2467/2510 1882/2468/2513 1885/2470/2516
f 1888/2473/2519 1885/2470/2516 1886/2471/2517 1889/2474/2520
f 1890/2475/2521 1887/2472/2518 1885/2470/2516 1888/2473/2519
f 1852/2431/2522 1888/2473/2519 1889/2474/2520 1849/2429/2523
f 1891/2435/2524 1890/2475/2521 1888/2473/2519 1852/2431/2522
f 1891/2435/2524 1851/2434/2525 1892/2476/2526 1890/2475/2521
f 1890/2475/2521 1892/2476/2526 1893/2477/2527 1887/2472/2518
f 1892/2476/2526 1894/2478/2528 1895/2479/2529 1893/2477/2527
f 1851/2434/2525 1854/2433/2530 1894/2478/2528 1892/2476/2526
f 1894/2480/2531 1896/2481/2532 1897/2482/2533 1895/2483/2534
f 1854/2439/2535 1856/2438/2536 1896/2481/2532 1894/2480/2531
f 1896/2481/2532 1860/2442/2480 1863/2445/2485 1897/2482/2533
f 1856/2438/2536 1858/2441/2481 1860/2442/2480 1896/2481/2532
f 1895/2483/2534 1897/2482/2533 1898/2484/2537 1899/2485/2538
f 1897/2482/2533 1863/2445/2485 1866/2448/2488 1898/2484/2537
f 1898/2484/2537 1866/2448/2488 1869/2451/2491 1872/2454/2539
f 1899/2485/2538 1898/2484/2537 1872/2454/2539 1875/2457/2540
f 1900/2486/2541 1899/2487/2542 1875/2463/2543 1878/2462/2544
f 1893/2477/2527 1895/2479/2529 1899/2487/2542 1900/2486/2541
f 1884/2467/2510 1900/2486/2541 1878/2462/2544 1880/2466/2511
f 1887/2472/2518 1893/2477/2527 1900/2486/2541 1884/2467/2510
f 1849/2429/2523 1889/2474/2520 1826/2398/2424 1822/2397/2423
f 1889/2474/2520 1886/2471/2517 1901/2404/2433 1826/2398/2424
f 1886/2471/2517 1883/2469/2515 1902/2488/2545 1901/2404/2433
f 1901/2404/2433 1902/2488/2545 1903/2489/2546 1825/2405/2434
f 1902/2488/2545 1904/2490/2547 1905/2491/2548 1903/2489/2546
f 1883/2469/2515 1881/2465/2514 1904/2490/2547 1902/2488/2545
f 1881/2465/2508 1877/2461/2504 1906/2492/2549 1904/2490/2550
f 1904/2490/2550 1906/2492/2549 1907/2493/2551 1905/2491/2552
f 1906/2492/2549 1908/2494/2553 1909/2495/2554 1907/2493/2551
f 1877/2461/2504 1874/2460/2503 1908/2494/2553 1906/2492/2549
f 1908/2496/2555 1910/2497/2556 1911/2498/2557 1909/2495/2558
f 1874/2456/2499 1871/2453/2495 1910/2497/2556 1908/2496/2555
f 1910/2497/2556 1912/2499/2559 1913/2500/2560 1911/2498/2557
f 1871/2453/2495 1868/2450/2494 1912/2499/2559 1910/2497/2556
f 1912/2499/2561 1914/2501/2562 1915/2502/2563 1913/2500/2564
f 1868/2450/2490 1865/2447/2487 1914/2501/2562 1912/2499/2561
f 1914/2501/2562 1840/2418/2450 1837/2415/2447 1915/2502/2563
f 1865/2447/2487 1862/2419/2451 1840/2418/2450 1914/2501/2562
f 1916/2503/2565 1915/2502/2563 1837/2415/2447 1834/2412/2444
f 1911/2498/2566 1913/2500/2564 1915/2502/2563 1916/2503/2565
f 1917/2504/2567 1916/2503/2565 1834/2412/2444 1831/2409/2443
f 1909/2495/2568 1911/2498/2566 1916/2503/2565 1917/2504/2567
f 1918/2505/2569 1917/2504/2570 1831/2409/2438 1828/2406/2435
f 1907/2493/2571 1909/2495/2572 1917/2504/2570 1918/2505/2569
f 1903/2489/2546 1918/2505/2569 1828/2406/2435 1825/2405/2434
f 1905/2491/2548 1907/2493/2571 1918/2505/2569 1903/2489/2546
o Sandbags.017
v -0.545982 0.396472 -0.157740
v -0.453440 0.367432 -0.165088
v -0.581477 0.432209 -0.165611
v -0.557523 0.394698 -0.097058
v -0.557527 0.395425 -0.006061
v -0.453392 0.357478 -0.096756
v -0.619525 0.432570 -0.097363
v -0.619529 0.433298 -0.006366
v -0.631581 0.440615 -0.097428
v -0.609956 0.440174 -0.165675
v -0.631585 0.441343 -0.006431
v -0.619604 0.448776 -0.097492
v -0.581556 0.448414 -0.165740
v -0.619607 0.449504 -0.006495
v -0.557971 0.487246 -0.097798
v -0.546408 0.484614 -0.158445
v -0.557974 0.487974 -0.006800
v -0.454204 0.525471 -0.098099
v -0.315635 0.532152 -0.098147
v -0.454251 0.535175 -0.007174
v -0.454151 0.514426 -0.166263
v -0.315552 0.515095 -0.166263
v -0.453998 0.482745 -0.188760
v -0.315399 0.483415 -0.188760
v -0.453794 0.440649 -0.200716
v -0.315196 0.441318 -0.200716
v -0.453592 0.398749 -0.188089
v -0.314993 0.399419 -0.188089
v -0.314842 0.368102 -0.165088
v -0.176395 0.400088 -0.188089
v -0.048839 0.434783 -0.165611
v -0.176244 0.368772 -0.165088
v -0.176598 0.441988 -0.200716
v -0.020439 0.443023 -0.165675
v -0.176801 0.484085 -0.188760
v -0.048917 0.450988 -0.165740
v -0.176954 0.515765 -0.166263
v -0.084413 0.486846 -0.158445
v -0.177007 0.526810 -0.098099
v -0.072876 0.489590 -0.097798
v -0.177054 0.536515 -0.007174
v -0.315609 0.526868 -0.007102
v -0.072880 0.490318 -0.006800
v -0.177014 0.528265 0.083895
v -0.315642 0.533607 0.083847
v -0.072883 0.491045 0.084197
v -0.176966 0.518311 0.152227
v -0.315565 0.517641 0.152227
v -0.084425 0.489271 0.144879
v -0.176815 0.486994 0.175228
v -0.315413 0.486325 0.175228
v -0.048930 0.453535 0.152750
v -0.176613 0.445094 0.187855
v -0.315211 0.444425 0.187855
v -0.020451 0.445569 0.152814
v -0.176409 0.402998 0.175899
v -0.315008 0.402328 0.175899
v -0.048851 0.437329 0.152879
v -0.176256 0.371318 0.153402
v -0.083999 0.401130 0.145584
v -0.314854 0.370648 0.153402
v -0.176203 0.360272 0.085238
v -0.314757 0.350563 0.085310
v -0.072436 0.398497 0.084936
v -0.176155 0.350505 -0.005687
v -0.314797 0.358875 -0.005759
v -0.072433 0.397770 -0.006061
v -0.176196 0.358818 -0.096756
v -0.314750 0.349108 -0.096684
v -0.072429 0.397042 -0.097058
v -0.083987 0.398705 -0.157740
v -0.010796 0.435512 -0.097363
v -0.010800 0.436240 -0.006366
v 0.001181 0.443673 -0.097428
v 0.001178 0.444400 -0.006431
v -0.010874 0.451718 -0.097492
v -0.010878 0.452445 -0.006495
v -0.010881 0.453173 0.084502
v 0.001174 0.445128 0.084567
v -0.010803 0.436967 0.084631
v -0.453352 0.349166 -0.005687
v -0.453399 0.358933 0.085238
v -0.557531 0.396153 0.084936
v -0.453453 0.369978 0.153402
v -0.545994 0.398897 0.145584
v -0.453606 0.401659 0.175899
v -0.581490 0.434755 0.152879
v -0.453809 0.443755 0.187855
v -0.609968 0.442720 0.152814
v -0.454012 0.485655 0.175228
v -0.581568 0.450960 0.152750
v -0.454163 0.516972 0.152227
v -0.546420 0.487038 0.144879
v -0.454211 0.526926 0.083895
v -0.557978 0.488701 0.084197
v -0.619611 0.450231 0.084502
v -0.631588 0.442070 0.084567
v -0.619533 0.434025 0.084631
vn -0.1746 -0.9711 -0.1630
vn -0.1818 -0.9793 -0.0893
vn -0.4585 -0.8833 -0.0975
vn -0.4456 -0.8788 -0.1705
vn -0.2564 -0.5134 -0.8190
vn -0.2311 -0.3874 -0.8925
vn -0.1203 -0.4498 -0.8850
vn -0.1190 -0.5605 -0.8196
vn -0.4940 -0.8650 -0.0878
vn -0.4981 -0.8432 -0.2022
vn -0.1848 -0.9827 0.0078
vn -0.4482 -0.8939 0.0071
vn -0.5383 -0.8427 0.0067
vn -0.4714 -0.8794 -0.0668
vn -0.3626 -0.9193 -0.1531
vn -0.5551 -0.8318 0.0066
vn -0.4799 0.8736 -0.0808
vn -0.5023 0.8587 -0.1016
vn -0.5062 0.8350 -0.2156
vn -0.3715 0.9132 -0.1678
vn -0.5631 0.8264 -0.0066
vn -0.5464 0.8375 -0.0067
vn -0.4669 0.8772 -0.1115
vn -0.4541 0.8717 -0.1845
vn -0.4568 0.8896 -0.0071
vn -0.1858 0.9771 -0.1036
vn -0.1787 0.9695 -0.1680
vn -0.1889 0.9820 -0.0079
vn -0.0048 1.0000 -0.0080
vn -0.0048 0.9935 -0.1134
vn -0.0047 0.9794 -0.2020
vn -0.1246 0.4344 -0.8920
vn -0.1243 0.5461 -0.8284
vn -0.0028 0.5790 -0.8153
vn -0.0021 0.4323 -0.9017
vn -0.2347 0.3708 -0.8986
vn -0.2613 0.4977 -0.8271
vn -0.1135 0.3098 -0.9440
vn -0.0013 0.2732 -0.9620
vn -0.2285 0.3432 -0.9110
vn -0.1104 -0.3259 -0.9389
vn 0.0014 -0.2885 -0.9575
vn 0.0022 -0.4467 -0.8947
vn -0.2251 -0.3599 -0.9054
vn 0.0029 -0.5919 -0.8060
vn 0.1247 -0.4486 -0.8850
vn 0.1244 -0.5593 -0.8196
vn 0.1136 -0.3249 -0.9389
vn 0.2286 -0.3577 -0.9054
vn 0.2348 -0.3851 -0.8925
vn 0.2613 -0.5109 -0.8190
vn 0.1105 0.3109 -0.9440
vn 0.1204 0.4356 -0.8920
vn 0.2311 0.3730 -0.8986
vn 0.2252 0.3454 -0.9110
vn 0.1191 0.5473 -0.8284
vn 0.2564 0.5002 -0.8271
vn 0.4584 0.8817 -0.1115
vn 0.4456 0.8760 -0.1845
vn 0.1693 0.9711 -0.1680
vn 0.1763 0.9789 -0.1036
vn 0.1794 0.9837 -0.0079
vn 0.4481 0.8939 -0.0071
vn 0.1763 0.9804 0.0880
vn -0.0048 0.9952 0.0975
vn 0.4584 0.8834 0.0974
vn 0.1693 0.9737 0.1524
vn -0.0047 0.9825 0.1863
vn 0.4456 0.8788 0.1705
vn 0.1203 0.4498 0.8850
vn 0.1190 0.5605 0.8196
vn -0.0029 0.5919 0.8060
vn -0.0022 0.4467 0.8947
vn 0.2311 0.3874 0.8925
vn 0.2564 0.5134 0.8190
vn 0.1104 0.3259 0.9389
vn -0.0014 0.2885 0.9575
vn 0.2251 0.3599 0.9054
vn 0.1246 -0.4344 0.8920
vn 0.1135 -0.3098 0.9440
vn 0.0013 -0.2732 0.9620
vn 0.0021 -0.4323 0.9017
vn 0.2347 -0.3708 0.8986
vn 0.2285 -0.3432 0.9110
vn 0.1243 -0.5461 0.8284
vn 0.0028 -0.5790 0.8153
vn 0.2613 -0.4977 0.8271
vn 0.4670 -0.8772 0.1115
vn 0.4541 -0.8717 0.1845
vn 0.1840 -0.9666 0.1785
vn 0.1913 -0.9759 0.1050
vn 0.0047 -0.9749 0.2227
vn 0.0048 -0.9933 0.1156
vn 0.1943 -0.9809 0.0078
vn 0.0048 -1.0000 0.0080
vn 0.4569 -0.8895 0.0071
vn 0.1913 -0.9775 -0.0893
vn 0.0048 -0.9950 -0.0997
vn 0.4670 -0.8789 -0.0975
vn 0.1840 -0.9693 -0.1630
vn 0.0047 -0.9783 -0.2071
vn 0.4541 -0.8745 -0.1705
vn 0.5062 -0.8384 -0.2022
vn 0.5023 -0.8602 -0.0878
vn 0.5464 -0.8375 0.0067
vn 0.4799 -0.8748 -0.0668
vn 0.5631 -0.8264 0.0066
vn 0.3715 -0.9157 -0.1531
vn 0.4714 0.8782 -0.0808
vn 0.4940 0.8635 -0.1016
vn 0.5383 0.8427 -0.0067
vn 0.5551 0.8318 -0.0066
vn 0.3626 0.9167 -0.1678
vn 0.4981 0.8399 -0.2156
vn 0.4940 0.8650 0.0878
vn 0.4714 0.8794 0.0668
vn 0.4981 0.8432 0.2022
vn 0.3626 0.9193 0.1531
vn 0.5023 -0.8587 0.1016
vn 0.4799 -0.8736 0.0808
vn 0.3715 -0.9132 0.1678
vn 0.5062 -0.8350 0.2156
vn -0.1818 -0.9777 0.1050
vn -0.4585 -0.8817 0.1115
vn -0.1746 -0.9683 0.1785
vn -0.4456 -0.8760 0.1845
vn -0.1204 -0.4356 0.8920
vn -0.1191 -0.5473 0.8284
vn -0.2311 -0.3730 0.8986
vn -0.2564 -0.5002 0.8271
vn -0.1105 -0.3109 0.9440
vn -0.2252 -0.3454 0.9110
vn -0.1136 0.3249 0.9389
vn -0.1247 0.4486 0.8850
vn -0.2348 0.3851 0.8925
vn -0.2286 0.3577 0.9054
vn -0.1244 0.5593 0.8196
vn -0.2613 0.5109 0.8190
vn -0.1787 0.9720 0.1524
vn -0.1858 0.9786 0.0880
vn -0.4669 0.8789 0.0974
vn -0.4541 0.8745 0.1705
vn -0.5023 0.8602 0.0878
vn -0.5062 0.8384 0.2022
vn -0.4799 0.8748 0.0668
vn -0.3715 0.9157 0.1531
vn -0.4940 -0.8635 0.1016
vn -0.4714 -0.8782 0.0808
vn -0.4981 -0.8399 0.2156
vn -0.3626 -0.9167 0.1678
vt 0.444945 0.640083
vt 0.456261 0.639182
vt 0.456609 0.657036
vt 0.446874 0.655585
vt 0.444123 0.664655
vt 0.438309 0.641565
vt 0.457128 0.668050
vt 0.471025 0.638758
vt 0.470957 0.656775
vt 0.470989 0.667941
vt 0.457401 0.670276
vt 0.445064 0.670280
vt 0.470991 0.670221
vt 0.457126 0.672480
vt 0.444148 0.675887
vt 0.470990 0.672581
vt 0.456611 0.683451
vt 0.446892 0.684909
vt 0.470961 0.683683
vt 0.456255 0.701225
vt 0.444934 0.700343
vt 0.470949 0.701632
vt 0.470991 0.724694
vt 0.455244 0.724437
vt 0.442710 0.724042
vt 0.438386 0.698829
vt 0.435484 0.723742
vt 0.430746 0.696598
vt 0.427088 0.723335
vt 0.430481 0.643794
vt 0.427088 0.617075
vt 0.435450 0.616676
vt 0.442552 0.616355
vt 0.435976 0.591295
vt 0.442960 0.592043
vt 0.427938 0.590081
vt 0.438212 0.559685
vt 0.438329 0.565818
vt 0.442868 0.575131
vt 0.427958 0.750559
vt 0.436159 0.749302
vt 0.438680 0.774796
vt 0.438633 0.780909
vt 0.443165 0.748522
vt 0.443160 0.765474
vt 0.453953 0.768739
vt 0.455209 0.748673
vt 0.471070 0.748564
vt 0.471139 0.769296
vt 0.486924 0.748551
vt 0.486729 0.724438
vt 0.488328 0.768508
vt 0.498965 0.748309
vt 0.499233 0.724054
vt 0.499074 0.765173
vt 0.505873 0.749071
vt 0.506436 0.723718
vt 0.503628 0.774434
vt 0.513888 0.750272
vt 0.514799 0.723313
vt 0.503763 0.780537
vt 0.505952 0.591364
vt 0.514179 0.590138
vt 0.514942 0.617426
vt 0.506540 0.616975
vt 0.503535 0.565775
vt 0.503611 0.559641
vt 0.498924 0.592121
vt 0.499314 0.616641
vt 0.498997 0.575108
vt 0.488180 0.571782
vt 0.486831 0.591935
vt 0.486674 0.616189
vt 0.470870 0.591993
vt 0.470950 0.615860
vt 0.470925 0.571135
vt 0.454990 0.591844
vt 0.455209 0.615963
vt 0.453667 0.571829
vt 0.452426 0.557652
vt 0.470936 0.556948
vt 0.452228 0.554666
vt 0.470942 0.553987
vt 0.452620 0.785721
vt 0.452795 0.782756
vt 0.471203 0.783422
vt 0.471213 0.786372
vt 0.489629 0.782622
vt 0.489841 0.785592
vt 0.489411 0.557717
vt 0.489602 0.554743
vt 0.485690 0.639393
vt 0.485254 0.657115
vt 0.496967 0.640322
vt 0.494926 0.655693
vt 0.503490 0.641869
vt 0.497602 0.664658
vt 0.511092 0.644145
vt 0.496658 0.670211
vt 0.511329 0.696537
vt 0.503513 0.698789
vt 0.497618 0.675795
vt 0.496879 0.700280
vt 0.494914 0.684825
vt 0.485606 0.701189
vt 0.485224 0.683398
vt 0.484685 0.672405
vt 0.484405 0.670216
vt 0.484678 0.668027
s 1
f 1920/2506/2573 1924/2507/2574 1922/2508/2575 1919/2509/2576
f 1919/2509/2577 1921/2510/2578 1945/2511/2579 1920/2506/2580
f 1922/2508/2575 1925/2512/2581 1921/2510/2582 1919/2509/2576
f 1924/2507/2574 1999/2513/2583 1923/2514/2584 1922/2508/2575
f 1923/2514/2584 1926/2515/2585 1925/2512/2581 1922/2508/2575
f 1925/2512/2581 1927/2516/2586 1928/2517/2587 1921/2510/2582
f 1926/2515/2585 1929/2518/2588 1927/2516/2586 1925/2512/2581
f 1927/2516/2589 1930/2519/2590 1931/2520/2591 1928/2517/2592
f 1929/2518/2593 1932/2521/2594 1930/2519/2590 1927/2516/2589
f 1930/2519/2590 1933/2522/2595 1934/2523/2596 1931/2520/2591
f 1932/2521/2594 1935/2524/2597 1933/2522/2595 1930/2519/2590
f 1936/2525/2598 1939/2526/2599 1934/2523/2596 1933/2522/2595
f 1938/2527/2600 1936/2525/2598 1933/2522/2595 1935/2524/2597
f 1960/2528/2601 1937/2529/2602 1936/2525/2598 1938/2527/2600
f 1937/2529/2602 1940/2530/2603 1939/2526/2599 1936/2525/2598
f 1941/2531/2604 1939/2526/2605 1940/2530/2606 1942/2532/2607
f 1931/2520/2608 1934/2523/2609 1939/2526/2605 1941/2531/2604
f 1943/2533/2610 1941/2531/2604 1942/2532/2607 1944/2534/2611
f 1928/2517/2612 1931/2520/2608 1941/2531/2604 1943/2533/2610
f 1945/2511/2579 1943/2535/2613 1944/2536/2614 1946/2537/2615
f 1921/2510/2578 1928/2517/2616 1943/2535/2613 1945/2511/2579
f 1920/2506/2580 1945/2511/2579 1946/2537/2615 1947/2538/2617
f 1947/2538/2617 1946/2537/2615 1948/2539/2618 1950/2540/2619
f 1946/2537/2615 1944/2536/2614 1951/2541/2620 1948/2539/2618
f 1948/2539/2618 1951/2541/2620 1952/2542/2621 1949/2543/2622
f 1950/2540/2619 1948/2539/2618 1949/2543/2622 1989/2544/2623
f 1951/2545/2624 1953/2546/2625 1954/2547/2626 1952/2548/2627
f 1944/2534/2611 1942/2532/2607 1953/2546/2625 1951/2545/2624
f 1953/2546/2625 1955/2549/2628 1956/2550/2629 1954/2547/2626
f 1942/2532/2607 1940/2530/2606 1955/2549/2628 1953/2546/2625
f 1958/2551/2630 1956/2550/2631 1955/2549/2632 1957/2552/2633
f 1957/2552/2633 1955/2549/2632 1940/2530/2603 1937/2529/2602
f 1959/2553/2634 1957/2552/2633 1937/2529/2602 1960/2528/2601
f 1961/2554/2635 1958/2551/2630 1957/2552/2633 1959/2553/2634
f 1962/2555/2636 1959/2553/2634 1960/2528/2601 1963/2556/2637
f 1964/2557/2638 1961/2554/2635 1959/2553/2634 1962/2555/2636
f 1965/2558/2639 1962/2555/2636 1963/2556/2637 1966/2559/2640
f 1967/2560/2641 1964/2557/2638 1962/2555/2636 1965/2558/2639
f 1968/2561/2642 1965/2558/2643 1966/2559/2644 1969/2562/2645
f 1970/2563/2646 1967/2560/2647 1965/2558/2643 1968/2561/2642
f 1971/2564/2648 1968/2561/2642 1969/2562/2645 1972/2565/2649
f 1973/2566/2650 1970/2563/2646 1968/2561/2642 1971/2564/2648
f 1974/2567/2651 1971/2568/2652 1972/2569/2653 1975/2570/2654
f 1976/2571/2655 1973/2572/2656 1971/2568/2652 1974/2567/2651
f 1977/2573/2657 1974/2567/2651 1975/2570/2654 1979/2574/2658
f 1978/2575/2659 1976/2571/2655 1974/2567/2651 1977/2573/2657
f 1982/2576/2660 1978/2575/2661 1977/2573/2662 1980/2577/2663
f 1980/2577/2663 1977/2573/2662 1979/2574/2664 1981/2578/2665
f 1983/2579/2666 1980/2577/2663 1981/2578/2665 1984/2580/2667
f 1985/2581/2668 1982/2576/2660 1980/2577/2663 1983/2579/2666
f 1986/2582/2669 1983/2579/2666 1984/2580/2667 1987/2583/2670
f 1988/2584/2671 1985/2581/2668 1983/2579/2666 1986/2582/2669
f 1950/2540/2672 1986/2582/2669 1987/2583/2670 1947/2538/2673
f 1989/2544/2674 1988/2584/2671 1986/2582/2669 1950/2540/2672
f 1989/2544/2674 1949/2543/2675 1990/2585/2676 1988/2584/2671
f 1988/2584/2671 1990/2585/2676 1991/2586/2677 1985/2581/2668
f 1990/2585/2676 1992/2587/2678 1993/2588/2679 1991/2586/2677
f 1949/2543/2675 1952/2542/2680 1992/2587/2678 1990/2585/2676
f 1992/2589/2681 1994/2590/2682 1995/2591/2683 1993/2592/2684
f 1952/2548/2685 1954/2547/2686 1994/2590/2682 1992/2589/2681
f 1994/2590/2682 1958/2551/2630 1961/2554/2635 1995/2591/2683
f 1954/2547/2686 1956/2550/2631 1958/2551/2630 1994/2590/2682
f 1993/2592/2684 1995/2591/2683 1996/2593/2687 1997/2594/2688
f 1995/2591/2683 1961/2554/2635 1964/2557/2638 1996/2593/2687
f 1996/2593/2687 1964/2557/2638 1967/2560/2641 1970/2563/2689
f 1997/2594/2688 1996/2593/2687 1970/2563/2689 1973/2566/2690
f 1998/2595/2691 1997/2596/2692 1973/2572/2693 1976/2571/2694
f 1991/2586/2677 1993/2588/2679 1997/2596/2692 1998/2595/2691
f 1982/2576/2660 1998/2595/2691 1976/2571/2694 1978/2575/2661
f 1985/2581/2668 1991/2586/2677 1998/2595/2691 1982/2576/2660
f 1947/2538/2673 1987/2583/2670 1924/2507/2574 1920/2506/2573
f 1987/2583/2670 1984/2580/2667 1999/2513/2583 1924/2507/2574
f 1984/2580/2667 1981/2578/2665 2000/2597/2695 1999/2513/2583
f 1999/2513/2583 2000/2597/2695 2001/2598/2696 1923/2514/2584
f 2000/2597/2695 2002/2599/2697 2003/2600/2698 2001/2598/2696
f 1981/2578/2665 1979/2574/2664 2002/2599/2697 2000/2597/2695
f 1979/2574/2658 1975/2570/2654 2004/2601/2699 2002/2599/2700
f 2002/2599/2700 2004/2601/2699 2005/2602/2701 2003/2600/2702
f 2004/2601/2699 2006/2603/2703 2007/2604/2704 2005/2602/2701
f 1975/2570/2654 1972/2569/2653 2006/2603/2703 2004/2601/2699
f 2006/2605/2705 2008/2606/2706 2009/2607/2707 2007/2604/2708
f 1972/2565/2649 1969/2562/2645 2008/2606/2706 2006/2605/2705
f 2008/2606/2706 2010/2608/2709 2011/2609/2710 2009/2607/2707
f 1969/2562/2645 1966/2559/2644 2010/2608/2709 2008/2606/2706
f 2010/2608/2711 2012/2610/2712 2013/2611/2713 2011/2609/2714
f 1966/2559/2640 1963/2556/2637 2012/2610/2712 2010/2608/2711
f 2012/2610/2712 1938/2527/2600 1935/2524/2597 2013/2611/2713
f 1963/2556/2637 1960/2528/2601 1938/2527/2600 2012/2610/2712
f 2014/2612/2715 2013/2611/2713 1935/2524/2597 1932/2521/2594
f 2009/2607/2716 2011/2609/2714 2013/2611/2713 2014/2612/2715
f 2015/2613/2717 2014/2612/2715 1932/2521/2594 1929/2518/2593
f 2007/2604/2718 2009/2607/2716 2014/2612/2715 2015/2613/2717
f 2016/2614/2719 2015/2613/2720 1929/2518/2588 1926/2515/2585
f 2005/2602/2721 2007/2604/2722 2015/2613/2720 2016/2614/2719
f 2001/2598/2696 2016/2614/2719 1926/2515/2585 1923/2514/2584
f 2003/2600/2698 2005/2602/2721 2016/2614/2719 2001/2598/2696
