# Blender 5.2.0 LTS
# www.blender.org
mtllib PanopticonWalls.mtl
o PanopticonWalls
v -37.532246 -29.311584 7.371602
v -37.052536 -29.311584 -7.368871
v -37.532246 -25.109930 7.371602
v -37.052536 -25.109930 -7.368871
v -37.532242 -29.311583 2.488020
v -37.532242 -25.109928 2.488020
v -37.532173 -29.311583 -2.489892
v -37.532173 -25.109928 -2.489892
v -31.129757 -29.311584 -20.801899
v -34.589531 -29.311584 -14.329100
v -20.800194 -29.311584 -31.131464
v -26.473661 -29.311584 -26.475368
v -37.193989 -29.311584 7.338389
v -36.720070 -29.311584 -7.302752
v -7.320400 -29.311584 -36.718929
v -14.327382 -29.311584 -34.591251
v -31.129757 -25.109930 -20.801899
v -20.800194 -25.109930 -31.131464
v -37.193989 -25.109930 7.338389
v -36.720070 -25.109930 -7.302752
v -14.327382 -25.109930 -34.591251
v -34.589531 -25.109930 -14.329100
v -26.473661 -25.109930 -26.475368
v -7.320400 -25.109930 -36.718929
v -37.193989 -29.311583 2.488020
v -37.193989 -25.109928 2.488020
v -37.193920 -29.311583 -2.489892
v -37.193920 -25.109928 -2.489892
v -2.492257 -29.311584 -36.713989
v -2.492257 -25.109930 -36.713989
v -37.532246 -20.908272 7.371602
v -37.052536 -20.908272 -7.368871
v -37.532242 -20.908272 2.488020
v -37.532173 -20.908272 -2.489892
v -31.129757 -20.908272 -20.801899
v -20.800194 -20.908272 -31.131464
v -37.193989 -20.908272 7.338389
v -36.720070 -20.908272 -7.302752
v -14.327382 -20.908272 -34.591251
v -34.589531 -20.908272 -14.329100
v -26.473661 -20.908272 -26.475368
v -7.320400 -20.908272 -36.718929
v -37.193989 -20.908272 2.488020
v -37.193920 -20.908272 -2.489892
v -2.492257 -20.908276 -36.713989
v -2.492257 -16.706617 -36.713989
v -37.532246 -16.706617 7.371602
v -37.052536 -16.706617 -7.368871
v -37.532246 -12.504962 7.371602
v -37.052536 -12.504962 -7.368871
v -37.532242 -16.706615 2.488020
v -37.532242 -12.504961 2.488020
v -37.532173 -16.706615 -2.489892
v -37.532173 -12.504961 -2.489892
v -31.129757 -16.706617 -20.801899
v -34.589531 -16.706617 -14.329100
v -20.800194 -16.706617 -31.131464
v -26.473661 -16.706617 -26.475368
v -37.193989 -16.706617 7.338389
v -36.720070 -16.706617 -7.302752
v -7.320400 -16.706617 -36.718929
v -14.327382 -16.706617 -34.591251
v -31.129757 -12.504962 -20.801899
v -20.800194 -12.504962 -31.131464
v -37.193989 -12.504962 7.338389
v -36.720070 -12.504962 -7.302752
v -14.327382 -12.504962 -34.591251
v -34.589531 -12.504962 -14.329100
v -26.473661 -12.504962 -26.475368
v -7.320400 -12.504962 -36.718929
v -37.193989 -16.706615 2.488020
v -37.193989 -12.504961 2.488020
v -37.193920 -16.706615 -2.489892
v -37.193920 -12.504961 -2.489892
v -2.492257 -12.504962 -36.713989
v -37.532246 -8.303308 7.371602
v -37.052536 -8.303308 -7.368871
v -37.532242 -8.303308 2.488020
v -37.532173 -8.303308 -2.489892
v -31.129757 -8.303308 -20.801899
v -20.800194 -8.303308 -31.131464
v -37.193989 -8.303308 7.338389
v -36.720070 -8.303308 -7.302752
v -14.327382 -8.303308 -34.591251
v -34.589531 -8.303308 -14.329100
v -26.473661 -8.303308 -26.475368
v -7.320400 -8.303308 -36.718929
v -37.193989 -8.303308 2.488020
v -37.193920 -8.303308 -2.489892
v -2.492257 -8.303308 -36.713989
v -37.532246 -4.101653 7.371602
v -37.052536 -4.101653 -7.368871
v -37.532242 -4.101653 2.488020
v -37.532173 -4.101652 -2.489892
v -31.129757 -4.101653 -20.801899
v -20.800194 -4.101653 -31.131464
v -37.193989 -4.101653 7.338389
v -36.720070 -4.101653 -7.302752
v -14.327382 -4.101653 -34.591251
v -34.589531 -4.101653 -14.329100
v -26.473661 -4.101653 -26.475368
v -7.320400 -4.101653 -36.718929
v -37.193989 -4.101653 2.488020
v -37.193920 -4.101652 -2.489892
v -2.492257 -4.101653 -36.713989
v -37.532246 0.100005 7.371602
v -37.052536 0.100005 -7.368871
v -37.532234 0.100006 2.276137
v -37.532162 0.100006 -2.278009
v -31.129757 0.100005 -20.801899
v -20.800194 0.100005 -31.131464
v -37.193989 0.100005 7.338389
v -36.720070 0.100005 -7.302752
v -14.327382 0.100005 -34.591251
v -34.589531 0.100005 -14.329100
v -26.473661 0.100005 -26.475368
v -7.320400 0.100005 -36.718929
v -37.193981 0.100006 2.276137
v -37.193909 0.100006 -2.278009
v -2.492257 0.100005 -36.713989
v -37.532246 4.301660 7.371602
v -37.052536 4.301660 -7.368871
v -37.532234 4.101649 2.276137
v -37.532162 4.101649 -2.278009
v -31.129757 4.301660 -20.801899
v -20.800194 4.301660 -31.131464
v -37.193989 4.301660 7.338389
v -36.720070 4.301660 -7.302752
v -14.327382 4.301660 -34.591251
v -34.589531 4.301660 -14.329100
v -26.473661 4.301660 -26.475368
v -7.320400 4.301660 -36.718929
v -37.193981 4.101649 2.276137
v -37.193909 4.101649 -2.278009
v -2.492257 4.101650 -36.713989
v -37.532246 8.503315 7.371602
v -37.052536 8.503315 -7.368871
v -37.532242 8.503314 2.488020
v -37.532173 8.503314 -2.489892
v -31.129757 8.503315 -20.801899
v -20.800194 8.503315 -31.131464
v -37.193989 8.503315 7.338389
v -36.720070 8.503315 -7.302752
v -14.327382 8.503315 -34.591251
v -34.589531 8.503315 -14.329100
v -26.473661 8.503315 -26.475368
v -7.320400 8.503315 -36.718929
v -37.193989 8.503314 2.488020
v -37.193920 8.503314 -2.489892
v -2.492257 8.503315 -36.713989
v -37.532246 12.704970 7.371602
v -37.052536 12.704970 -7.368871
v -37.532242 12.704970 2.488020
v -37.532173 12.704969 -2.489892
v -31.129757 12.704970 -20.801899
v -20.800194 12.704970 -31.131464
v -37.193989 12.704970 7.338389
v -36.720070 12.704970 -7.302752
v -14.327382 12.704970 -34.591251
v -34.589531 12.704970 -14.329100
v -26.473661 12.704970 -26.475368
v -7.320400 12.704970 -36.718929
v -37.193989 12.704970 2.488020
v -37.193920 12.704969 -2.489892
v -2.492257 12.704970 -36.713989
v -37.532246 16.906626 7.371602
v -37.052536 16.906626 -7.368871
v -37.532242 16.906624 2.488020
v -37.532173 16.906624 -2.489892
v -31.129757 16.906626 -20.801899
v -20.800194 16.906626 -31.131464
v -37.193989 16.906626 7.338389
v -36.720070 16.906626 -7.302752
v -14.327382 16.906626 -34.591251
v -34.589531 16.906626 -14.329100
v -26.473661 16.906626 -26.475368
v -7.320400 16.906626 -36.718929
v -37.193989 16.906624 2.488020
v -37.193920 16.906624 -2.489892
v -2.492257 16.906626 -36.713989
v -37.532246 21.108286 7.371602
v -37.532242 21.108286 2.488020
v -20.800194 21.108286 -31.131464
v -37.193989 21.108286 7.338389
v -36.720070 21.108286 -7.302752
v -14.327382 21.108286 -34.591251
v -7.320400 21.108286 -36.718929
v -37.052536 21.108292 -7.368871
v -37.532246 25.309944 7.371602
v -37.052536 25.309944 -7.368871
v -37.532242 25.309944 2.488020
v -37.532173 21.108292 -2.489892
v -37.532173 25.309944 -2.489892
v -31.129757 21.108292 -20.801899
v -34.589531 21.108292 -14.329100
v -26.473661 21.108292 -26.475368
v -31.129757 25.309944 -20.801899
v -20.800194 25.309944 -31.131464
v -37.193989 25.309944 7.338389
v -36.720070 25.309944 -7.302752
v -14.327382 25.309944 -34.591251
v -34.589531 25.309944 -14.329100
v -26.473661 25.309944 -26.475368
v -7.320400 25.309944 -36.718929
v -37.193989 21.108292 2.488020
v -37.193989 25.309944 2.488020
v -37.193920 21.108292 -2.489892
v -37.193920 25.309944 -2.489892
v -2.492257 21.108292 -36.713989
v -2.492257 25.309944 -36.713989
v -37.532246 29.511597 7.371602
v -37.532242 29.511593 2.488020
v -37.532173 29.511593 -2.489892
v -20.800194 29.511597 -31.131464
v -37.193989 29.511597 7.338389
v -36.720070 29.511597 -7.302752
v -14.327382 29.511597 -34.591251
v -34.589531 29.511597 -14.329100
v -26.473661 29.511597 -26.475368
v -7.320400 29.511597 -36.718929
v -37.193989 29.511593 2.488020
v -37.052536 29.511602 -7.368871
v -37.532246 33.713253 7.371602
v -37.052536 33.713253 -7.368871
v -37.532242 33.713253 2.488020
v -37.532173 33.713253 -2.489892
v -31.129757 29.511602 -20.801899
v -31.129757 33.713253 -20.801899
v -20.800194 33.713253 -31.131464
v -37.193989 33.713253 7.338389
v -36.720070 33.713253 -7.302752
v -14.327382 33.713253 -34.591251
v -34.589531 33.713253 -14.329100
v -26.473661 33.713253 -26.475368
v -7.320400 33.713253 -36.718929
v -37.193989 33.713253 2.488020
v -37.193920 29.511599 -2.489892
v -37.193920 33.713253 -2.489892
v -2.492257 29.511602 -36.713989
v -2.492257 33.713253 -36.713989
v -27.736496 -28.704720 -24.936600
v -27.736496 -25.716797 -24.936600
v -29.866920 -25.716795 -22.340670
v -29.866920 -28.704718 -22.340670
v -35.167160 -28.704720 -12.424130
v -35.167160 -25.716797 -12.424130
v -36.142445 -25.716795 -9.207723
v -36.142445 -28.704718 -9.207723
v -9.225142 -28.704720 -36.140553
v -9.225142 -25.716797 -36.140553
v -12.422641 -25.716795 -35.169628
v -12.422639 -28.704714 -35.169628
v -16.082952 -28.704720 -33.652882
v -16.082952 -25.716797 -33.652882
v -19.044622 -25.716795 -32.069832
v -19.044622 -28.704718 -32.069832
v -22.338963 -28.704718 -29.868628
v -22.338963 -25.716795 -29.868628
v -24.934893 -25.716797 -27.738205
v -24.934893 -28.704720 -27.738205
v -32.068127 -28.704720 -19.046329
v -32.068127 -25.716795 -19.046329
v -33.651161 -25.716795 -16.084669
v -33.651161 -28.704720 -16.084669
v -27.736496 -24.503065 -24.936600
v -27.736496 -21.515139 -24.936600
v -29.866920 -21.515135 -22.340670
v -29.866920 -24.503063 -22.340670
v -35.167160 -24.503065 -12.424130
v -35.167160 -21.515139 -12.424130
v -36.142445 -21.515135 -9.207723
v -36.142445 -24.503065 -9.207723
v -9.225142 -24.503065 -36.140553
v -9.225142 -21.515139 -36.140553
v -12.422641 -21.515135 -35.169628
v -12.422639 -24.503063 -35.169628
v -16.082952 -24.503065 -33.652882
v -16.082952 -21.515139 -33.652882
v -19.044622 -21.515135 -32.069832
v -19.044622 -24.503065 -32.069832
v -22.338963 -24.503065 -29.868628
v -22.338961 -21.515129 -29.868628
v -24.934893 -21.515139 -27.738205
v -24.934893 -24.503065 -27.738205
v -32.068127 -24.503065 -19.046329
v -32.068127 -21.515139 -19.046329
v -33.651161 -21.515135 -16.084669
v -33.651161 -24.503065 -16.084669
v -27.736496 -20.301407 -24.936600
v -27.736496 -17.313482 -24.936600
v -29.866920 -17.313482 -22.340670
v -29.866920 -20.301407 -22.340670
v -35.167160 -20.301407 -12.424130
v -35.167160 -17.313482 -12.424130
v -36.142445 -17.313482 -9.207723
v -36.142445 -20.301407 -9.207723
v -9.225142 -20.301407 -36.140553
v -9.225142 -17.313482 -36.140553
v -12.422641 -17.313482 -35.169628
v -12.422639 -20.301407 -35.169628
v -16.082952 -20.301407 -33.652882
v -16.082952 -17.313482 -33.652882
v -19.044622 -17.313482 -32.069832
v -19.044622 -20.301407 -32.069832
v -22.338963 -20.301407 -29.868628
v -22.338963 -17.313482 -29.868628
v -24.934893 -17.313482 -27.738205
v -24.934893 -20.301407 -27.738205
v -32.068127 -20.301407 -19.046329
v -32.068127 -17.313482 -19.046329
v -33.651161 -17.313482 -16.084669
v -33.651161 -20.301407 -16.084669
v -27.736496 -16.099735 -24.936600
v -27.736496 -13.111848 -24.936600
v -29.866920 -13.111829 -22.340670
v -29.866920 -16.099735 -22.340670
v -35.167160 -16.099751 -12.424130
v -35.167160 -13.111841 -12.424130
v -36.142445 -13.111841 -9.207723
v -36.142445 -16.099751 -9.207723
v -9.225142 -16.099751 -36.140553
v -9.225142 -13.111841 -36.140553
v -12.422641 -13.111841 -35.169628
v -12.422641 -16.099751 -35.169628
v -16.082952 -16.099751 -33.652882
v -16.082952 -13.111841 -33.652882
v -19.044622 -13.111841 -32.069832
v -19.044622 -16.099751 -32.069832
v -22.338963 -16.099751 -29.868628
v -22.338963 -13.111841 -29.868628
v -24.934893 -13.111841 -27.738205
v -24.934893 -16.099751 -27.738205
v -32.068127 -16.099735 -19.046329
v -32.068127 -13.111848 -19.046329
v -33.651161 -13.111829 -16.084669
v -33.651161 -16.099735 -16.084669
v -27.736496 -11.898098 -24.936600
v -27.736496 -8.910172 -24.936600
v -29.866920 -8.910172 -22.340670
v -29.866920 -11.898098 -22.340670
v -35.167160 -11.898098 -12.424130
v -35.167160 -8.910172 -12.424130
v -36.142445 -8.910172 -9.207723
v -36.142445 -11.898098 -9.207723
v -9.225142 -11.898098 -36.140553
v -9.225142 -8.910172 -36.140553
v -12.422641 -8.910172 -35.169628
v -12.422641 -11.898098 -35.169628
v -16.082952 -11.898098 -33.652882
v -16.082952 -8.910172 -33.652882
v -19.044624 -8.910172 -32.069832
v -19.044622 -11.898098 -32.069832
v -22.338963 -11.898098 -29.868628
v -22.338963 -8.910172 -29.868628
v -24.934893 -8.910172 -27.738205
v -24.934893 -11.898098 -27.738205
v -32.068127 -11.898087 -19.046329
v -32.068127 -8.910180 -19.046329
v -33.651161 -8.910160 -16.084669
v -33.651161 -11.898068 -16.084669
v -27.736496 -7.696443 -24.936600
v -27.736496 -4.708518 -24.936600
v -29.866920 -4.708518 -22.340670
v -29.866920 -7.696443 -22.340670
v -35.167160 -7.696443 -12.424130
v -35.167160 -4.708518 -12.424130
v -36.142445 -4.708518 -9.207723
v -36.142445 -7.696443 -9.207723
v -9.225142 -7.696443 -36.140553
v -9.225142 -4.708518 -36.140553
v -12.422641 -4.708518 -35.169628
v -12.422641 -7.696443 -35.169628
v -16.082952 -7.696443 -33.652882
v -16.082952 -4.708518 -33.652882
v -19.044624 -4.708518 -32.069832
v -19.044622 -7.696443 -32.069832
v -22.338963 -7.696443 -29.868628
v -22.338963 -4.708518 -29.868628
v -24.934893 -4.708518 -27.738205
v -24.934893 -7.696443 -27.738205
v -32.068127 -7.696443 -19.046329
v -32.068127 -4.708536 -19.046329
v -33.651161 -4.708518 -16.084669
v -33.651161 -7.696424 -16.084669
v -27.736496 -3.494788 -24.936600
v -27.736496 -0.506860 -24.936600
v -29.866920 -0.506860 -22.340670
v -29.866920 -3.494788 -22.340670
v -35.167160 -3.494788 -12.424130
v -35.167160 -0.506860 -12.424130
v -36.142445 -0.506860 -9.207723
v -36.142445 -3.494788 -9.207723
v -9.225142 -3.494788 -36.140553
v -9.225142 -0.506860 -36.140553
v -12.422641 -0.506860 -35.169628
v -12.422641 -3.494788 -35.169628
v -16.082952 -3.494788 -33.652882
v -16.082952 -0.506860 -33.652882
v -19.044624 -0.506860 -32.069832
v -19.044622 -3.494788 -32.069832
v -22.338963 -3.494788 -29.868628
v -22.338961 -0.506860 -29.868628
v -24.934893 -0.506860 -27.738205
v -24.934893 -3.494788 -27.738205
v -32.068127 -3.494788 -19.046329
v -32.068127 -0.506860 -19.046329
v -33.651161 -0.506860 -16.084669
v -33.651161 -3.494788 -16.084669
v -27.736496 0.706901 -24.936600
v -27.736496 3.694790 -24.936600
v -29.866920 3.694790 -22.340670
v -29.866920 0.706901 -22.340670
v -35.167160 0.706901 -12.424130
v -35.167160 3.694790 -12.424130
v -36.142445 3.694790 -9.207723
v -36.142445 0.706901 -9.207723
v -9.225142 0.706901 -36.140553
v -9.225142 3.694790 -36.140553
v -12.422641 3.694790 -35.169628
v -12.422641 0.706901 -35.169628
v -16.082952 0.706901 -33.652882
v -16.082952 3.694790 -33.652882
v -19.044624 3.694790 -32.069832
v -19.044622 0.706901 -32.069832
v -22.338963 0.706901 -29.868628
v -22.338963 3.694790 -29.868628
v -24.934893 3.694790 -27.738205
v -24.934893 0.706901 -27.738205
v -32.068127 0.706901 -19.046329
v -32.068127 3.694790 -19.046329
v -33.651161 3.694790 -16.084669
v -33.651161 0.706901 -16.084669
v -27.736496 4.908530 -24.936600
v -27.736496 7.896419 -24.936600
v -29.866920 7.896419 -22.340670
v -29.866920 4.908530 -22.340670
v -35.167160 4.908530 -12.424130
v -35.167160 7.896419 -12.424130
v -36.142445 7.896419 -9.207723
v -36.142445 4.908530 -9.207723
v -9.225142 4.908530 -36.140553
v -9.225142 7.896419 -36.140553
v -12.422641 7.896419 -35.169628
v -12.422641 4.908530 -35.169628
v -16.082952 4.908530 -33.652882
v -16.082952 7.896419 -33.652882
v -19.044624 7.896419 -32.069832
v -19.044622 4.908530 -32.069832
v -22.338963 4.908530 -29.868628
v -22.338963 7.896419 -29.868628
v -24.934893 7.896419 -27.738205
v -24.934893 4.908530 -27.738205
v -32.068127 4.908530 -19.046329
v -32.068127 7.896419 -19.046329
v -33.651161 7.896419 -16.084669
v -33.651161 4.908530 -16.084669
v -27.736496 9.110209 -24.936600
v -27.736496 12.098098 -24.936600
v -29.866920 12.098098 -22.340670
v -29.866920 9.110209 -22.340670
v -35.167160 9.110209 -12.424130
v -35.167160 12.098098 -12.424130
v -36.142445 12.098098 -9.207723
v -36.142445 9.110209 -9.207723
v -9.225142 9.110209 -36.140553
v -9.225142 12.098098 -36.140553
v -12.422641 12.098098 -35.169628
v -12.422641 9.110209 -35.169628
v -16.082952 9.110209 -33.652882
v -16.082952 12.098098 -33.652882
v -19.044624 12.098098 -32.069832
v -19.044622 9.110209 -32.069832
v -22.338963 9.110209 -29.868628
v -22.338963 12.098098 -29.868628
v -24.934893 12.098098 -27.738205
v -24.934893 9.110209 -27.738205
v -32.068127 9.110209 -19.046329
v -32.068127 12.098098 -19.046329
v -33.651161 12.098098 -16.084669
v -33.651161 9.110209 -16.084669
v -27.736496 13.311841 -24.936600
v -27.736496 16.299730 -24.936600
v -29.866920 16.299730 -22.340670
v -29.866920 13.311841 -22.340670
v -35.167160 13.311841 -12.424130
v -35.167160 16.299730 -12.424130
v -36.142445 16.299730 -9.207723
v -36.142445 13.311841 -9.207723
v -9.225142 13.311841 -36.140553
v -9.225142 16.299730 -36.140553
v -12.422641 16.299730 -35.169628
v -12.422641 13.311841 -35.169628
v -16.082952 13.311841 -33.652882
v -16.082952 16.299730 -33.652882
v -19.044624 16.299730 -32.069832
v -19.044622 13.311841 -32.069832
v -22.338963 13.311841 -29.868628
v -22.338963 16.299730 -29.868628
v -24.934893 16.299730 -27.738205
v -24.934893 13.311841 -27.738205
v -32.068127 13.311841 -19.046329
v -32.068127 16.299730 -19.046329
v -33.651161 16.299730 -16.084669
v -33.651161 13.311841 -16.084669
v -27.736496 17.513447 -24.936600
v -27.736496 20.501495 -24.936600
v -29.866920 20.501495 -22.340670
v -29.866920 17.513447 -22.340670
v -35.167160 17.513451 -12.424130
v -35.167160 20.501495 -12.424130
v -36.142445 20.501455 -9.207723
v -36.142445 17.513451 -9.207723
v -9.225142 17.513458 -36.140553
v -9.225142 20.501427 -36.140553
v -12.422641 20.501427 -35.169628
v -12.422641 17.513458 -35.169628
v -16.082952 17.513458 -33.652878
v -16.082952 20.501427 -33.652882
v -19.044622 20.501427 -32.069836
v -19.044622 17.513458 -32.069832
v -22.338963 17.513451 -29.868628
v -22.338963 20.501455 -29.868628
v -24.934893 20.501495 -27.738205
v -24.934893 17.513451 -27.738205
v -32.068127 17.513447 -19.046329
v -32.068127 20.501495 -19.046329
v -33.651161 20.501495 -16.084669
v -33.651161 17.513447 -16.084669
v -27.736496 21.715168 -24.936600
v -27.736496 24.703016 -24.936600
v -29.866920 24.703016 -22.340670
v -29.866920 21.715168 -22.340670
v -35.167160 21.715174 -12.424130
v -35.167160 24.703022 -12.424130
v -36.142445 24.703022 -9.207723
v -36.142445 21.715099 -9.207723
v -9.225142 21.715151 -36.140553
v -9.225142 24.703079 -36.140553
v -12.422641 24.703079 -35.169628
v -12.422641 21.715151 -35.169628
v -16.082952 21.715151 -33.652882
v -16.082952 24.703079 -33.652882
v -19.044624 24.703079 -32.069832
v -19.044622 21.715151 -32.069832
v -22.338963 21.715145 -29.868628
v -22.338963 24.703068 -29.868628
v -24.934893 24.703068 -27.738205
v -24.934893 21.715219 -27.738205
v -32.068127 21.715168 -19.046329
v -32.068127 24.703016 -19.046329
v -33.651161 24.703016 -16.084669
v -33.651161 21.715168 -16.084669
v -27.736496 25.916866 -24.936600
v -27.736496 28.904715 -24.936600
v -29.866920 28.904789 -22.340670
v -29.866920 25.916866 -22.340670
v -35.167160 25.916872 -12.424130
v -35.167160 28.904720 -12.424130
v -36.142445 28.904720 -9.207723
v -36.142445 25.916872 -9.207723
v -9.225142 25.916872 -36.140553
v -9.225142 28.904720 -36.140553
v -12.422641 28.904720 -35.169628
v -12.422641 25.916872 -35.169628
v -16.082952 25.916872 -33.652882
v -16.082952 28.904720 -33.652882
v -19.044622 28.904720 -32.069832
v -19.044622 25.916872 -32.069832
v -22.338963 25.916872 -29.868628
v -22.338961 28.904720 -29.868628
v -24.934893 28.904720 -27.738205
v -24.934893 25.916872 -27.738205
v -32.068127 25.916821 -19.046329
v -32.068127 28.904743 -19.046329
v -33.651161 28.904669 -16.084669
v -33.651161 25.916821 -16.084669
v -27.736496 30.118456 -24.936600
v -27.736496 33.106377 -24.936600
v -29.866920 33.106377 -22.340670
v -29.866920 30.118530 -22.340670
v -35.167160 30.118462 -12.424130
v -35.167160 33.106388 -12.424130
v -36.142445 33.106388 -9.207723
v -36.142445 30.118462 -9.207723
v -9.225142 30.118462 -36.140553
v -9.225142 33.106388 -36.140553
v -12.422641 33.106388 -35.169628
v -12.422641 30.118462 -35.169628
v -16.082952 30.118462 -33.652882
v -16.082952 33.106388 -33.652882
v -19.044624 33.106388 -32.069832
v -19.044622 30.118462 -32.069832
v -22.338963 30.118462 -29.868628
v -22.338961 33.106388 -29.868628
v -24.934893 33.106388 -27.738205
v -24.934893 30.118462 -27.738205
v -32.068127 30.118530 -19.046329
v -32.068127 33.106377 -19.046329
v -33.651161 33.106377 -16.084669
v -33.651161 30.118456 -16.084669
v -29.686357 -25.716797 -26.536808
v -29.686357 -28.704720 -26.536808
v -31.816782 -28.704718 -23.940876
v -31.816782 -25.716795 -23.940876
v -37.581051 -25.716797 -13.156075
v -37.581051 -28.704720 -13.156075
v -38.556335 -28.704718 -9.939668
v -38.556335 -25.716795 -9.939668
v -9.958036 -25.716797 -38.554153
v -9.958036 -28.704718 -38.554157
v -13.155532 -28.704712 -37.583233
v -13.155534 -25.716791 -37.583229
v -17.272017 -28.704720 -35.877460
v -17.272017 -25.716797 -35.877460
v -20.233686 -28.704718 -34.294415
v -20.233686 -25.716795 -34.294415
v -23.939173 -28.704718 -31.818489
v -23.939173 -25.716795 -31.818489
v -26.535101 -28.704720 -29.688063
v -26.535101 -25.716797 -29.688063
v -34.292706 -28.704720 -20.235390
v -34.292706 -25.716795 -20.235390
v -35.875740 -28.704720 -17.273731
v -35.875740 -25.716795 -17.273731
v -29.686357 -21.515139 -26.536808
v -29.686357 -24.503065 -26.536808
v -31.816782 -24.503063 -23.940876
v -31.816782 -21.515135 -23.940876
v -37.581051 -21.515139 -13.156075
v -37.581051 -24.503065 -13.156075
v -38.556335 -24.503065 -9.939668
v -38.556335 -21.515135 -9.939668
v -9.958036 -21.515137 -38.554153
v -9.958036 -24.503063 -38.554157
v -13.155532 -24.503059 -37.583233
v -13.155534 -21.515131 -37.583229
v -17.272017 -24.503065 -35.877460
v -17.272017 -21.515139 -35.877460
v -20.233686 -24.503065 -34.294415
v -20.233686 -21.515135 -34.294415
v -23.939173 -24.503065 -31.818489
v -23.939169 -21.515129 -31.818489
v -26.535101 -24.503065 -29.688065
v -26.535101 -21.515137 -29.688065
v -34.292706 -24.503065 -20.235390
v -34.292706 -21.515139 -20.235390
v -35.875740 -24.503065 -17.273731
v -35.875740 -21.515135 -17.273731
v -29.686357 -17.313482 -26.536808
v -29.686357 -20.301407 -26.536808
v -31.816782 -20.301407 -23.940876
v -31.816782 -17.313482 -23.940876
v -37.581051 -17.313482 -13.156075
v -37.581051 -20.301407 -13.156075
v -38.556335 -20.301407 -9.939668
v -38.556335 -17.313482 -9.939668
v -9.958036 -17.313478 -38.554153
v -9.958036 -20.301407 -38.554157
v -13.155532 -20.301407 -37.583233
v -13.155534 -17.313478 -37.583229
v -17.272017 -20.301407 -35.877457
v -17.272017 -17.313482 -35.877457
v -20.233686 -20.301407 -34.294411
v -20.233686 -17.313482 -34.294411
v -23.939173 -20.301407 -31.818489
v -23.939173 -17.313482 -31.818489
v -26.535101 -20.301407 -29.688063
v -26.535101 -17.313482 -29.688063
v -34.292706 -20.301407 -20.235390
v -34.292706 -17.313482 -20.235390
v -35.875740 -20.301407 -17.273731
v -35.875740 -17.313482 -17.273731
v -29.686357 -13.111848 -26.536808
v -29.686357 -16.099735 -26.536808
v -31.816782 -16.099735 -23.940876
v -31.816782 -13.111829 -23.940876
v -37.581051 -13.111841 -13.156075
v -37.581051 -16.099751 -13.156075
v -38.556335 -16.099751 -9.939668
v -38.556335 -13.111841 -9.939668
v -9.958037 -13.111841 -38.554157
v -9.958037 -16.099751 -38.554157
v -13.155537 -16.099751 -37.583229
v -13.155537 -13.111841 -37.583229
v -17.272017 -16.099751 -35.877460
v -17.272017 -13.111841 -35.877460
v -20.233686 -16.099751 -34.294415
v -20.233686 -13.111841 -34.294415
v -23.939173 -16.099751 -31.818489
v -23.939173 -13.111841 -31.818489
v -26.535101 -16.099751 -29.688065
v -26.535101 -13.111841 -29.688065
v -34.292706 -16.099735 -20.235390
v -34.292706 -13.111848 -20.235390
v -35.875740 -16.099735 -17.273731
v -35.875740 -13.111829 -17.273731
v -29.686357 -8.910172 -26.536808
v -29.686357 -11.898098 -26.536808
v -31.816782 -11.898098 -23.940876
v -31.816782 -8.910172 -23.940876
v -37.581051 -8.910172 -13.156075
v -37.581051 -11.898098 -13.156075
v -38.556335 -11.898098 -9.939668
v -38.556335 -8.910172 -9.939668
v -9.958036 -8.910170 -38.554153
v -9.958036 -11.898095 -38.554157
v -13.155534 -11.898095 -37.583233
v -13.155534 -8.910170 -37.583229
v -17.272017 -11.898098 -35.877460
v -17.272017 -8.910172 -35.877460
v -20.233686 -11.898098 -34.294415
v -20.233688 -8.910172 -34.294415
v -23.939173 -11.898098 -31.818489
v -23.939173 -8.910172 -31.818489
v -26.535101 -11.898098 -29.688063
v -26.535101 -8.910172 -29.688063
v -34.292706 -11.898087 -20.235390
v -34.292706 -8.910180 -20.235390
v -35.875740 -11.898068 -17.273731
v -35.875740 -8.910160 -17.273731
v -29.686357 -4.708518 -26.536808
v -29.686357 -7.696443 -26.536808
v -31.816782 -7.696443 -23.940876
v -31.816782 -4.708518 -23.940876
v -37.581051 -4.708518 -13.156075
v -37.581051 -7.696443 -13.156075
v -38.556335 -7.696443 -9.939668
v -38.556335 -4.708518 -9.939668
v -9.958036 -4.708515 -38.554153
v -9.958036 -7.696440 -38.554157
v -13.155534 -7.696440 -37.583233
v -13.155534 -4.708515 -37.583229
v -17.272017 -7.696443 -35.877460
v -17.272017 -4.708518 -35.877460
v -20.233686 -7.696443 -34.294415
v -20.233688 -4.708518 -34.294415
v -23.939173 -7.696443 -31.818489
v -23.939173 -4.708518 -31.818489
v -26.535101 -7.696443 -29.688063
v -26.535101 -4.708518 -29.688063
v -34.292706 -7.696443 -20.235390
v -34.292706 -4.708536 -20.235390
v -35.875740 -7.696424 -17.273731
v -35.875740 -4.708518 -17.273731
v -29.686357 -0.506860 -26.536808
v -29.686357 -3.494788 -26.536808
v -31.816782 -3.494788 -23.940876
v -31.816782 -0.506860 -23.940876
v -37.581051 -0.506860 -13.156075
v -37.581051 -3.494788 -13.156075
v -38.556335 -3.494788 -9.939668
v -38.556335 -0.506860 -9.939668
v -9.958037 -0.506860 -38.554157
v -9.958037 -3.494788 -38.554157
v -13.155537 -3.494788 -37.583229
v -13.155537 -0.506860 -37.583229
v -17.272017 -3.494788 -35.877460
v -17.272017 -0.506860 -35.877460
v -20.233686 -3.494788 -34.294415
v -20.233688 -0.506860 -34.294415
v -23.939173 -3.494788 -31.818489
v -23.939169 -0.506860 -31.818489
v -26.535101 -3.494788 -29.688065
v -26.535101 -0.506860 -29.688065
v -34.292706 -3.494788 -20.235390
v -34.292706 -0.506860 -20.235390
v -35.875740 -3.494788 -17.273731
v -35.875740 -0.506860 -17.273731
v -29.686357 3.694790 -26.536808
v -29.686357 0.706901 -26.536808
v -31.816782 0.706901 -23.940876
v -31.816782 3.694790 -23.940876
v -37.581051 3.694790 -13.156075
v -37.581051 0.706901 -13.156075
v -38.556335 0.706901 -9.939668
v -38.556335 3.694790 -9.939668
v -9.958036 3.694793 -38.554153
v -9.958036 0.706904 -38.554157
v -13.155534 0.706904 -37.583233
v -13.155534 3.694793 -37.583229
v -17.272017 0.706901 -35.877460
v -17.272017 3.694790 -35.877460
v -20.233686 0.706901 -34.294415
v -20.233688 3.694790 -34.294415
v -23.939173 0.706901 -31.818489
v -23.939173 3.694790 -31.818489
v -26.535101 0.706901 -29.688063
v -26.535101 3.694790 -29.688063
v -34.292706 0.706901 -20.235390
v -34.292706 3.694790 -20.235390
v -35.875740 0.706901 -17.273731
v -35.875740 3.694790 -17.273731
v -29.686357 7.896419 -26.536808
v -29.686357 4.908530 -26.536808
v -31.816782 4.908530 -23.940876
v -31.816782 7.896419 -23.940876
v -37.581051 7.896419 -13.156075
v -37.581051 4.908530 -13.156075
v -38.556335 4.908530 -9.939668
v -38.556335 7.896419 -9.939668
v -9.958036 7.896422 -38.554153
v -9.958036 4.908533 -38.554157
v -13.155534 4.908533 -37.583233
v -13.155534 7.896422 -37.583229
v -17.272017 4.908530 -35.877460
v -17.272017 7.896419 -35.877460
v -20.233686 4.908530 -34.294415
v -20.233688 7.896419 -34.294415
v -23.939173 4.908530 -31.818489
v -23.939173 7.896419 -31.818489
v -26.535101 4.908530 -29.688063
v -26.535101 7.896419 -29.688063
v -34.292706 4.908530 -20.235390
v -34.292706 7.896419 -20.235390
v -35.875740 4.908530 -17.273731
v -35.875740 7.896419 -17.273731
v -29.686357 12.098098 -26.536808
v -29.686357 9.110209 -26.536808
v -31.816782 9.110209 -23.940876
v -31.816782 12.098098 -23.940876
v -37.581051 12.098098 -13.156075
v -37.581051 9.110209 -13.156075
v -38.556335 9.110209 -9.939668
v -38.556335 12.098098 -9.939668
v -9.958036 12.098101 -38.554153
v -9.958036 9.110211 -38.554157
v -13.155534 9.110211 -37.583233
v -13.155534 12.098101 -37.583229
v -17.272017 9.110209 -35.877460
v -17.272017 12.098098 -35.877460
v -20.233686 9.110209 -34.294415
v -20.233688 12.098098 -34.294415
v -23.939173 9.110209 -31.818489
v -23.939173 12.098098 -31.818489
v -26.535101 9.110209 -29.688063
v -26.535101 12.098098 -29.688063
v -34.292706 9.110209 -20.235390
v -34.292706 12.098098 -20.235390
v -35.875740 9.110209 -17.273731
v -35.875740 12.098098 -17.273731
v -29.686357 16.299730 -26.536808
v -29.686357 13.311841 -26.536808
v -31.816782 13.311841 -23.940876
v -31.816782 16.299730 -23.940876
v -37.581051 16.299730 -13.156075
v -37.581051 13.311841 -13.156075
v -38.556335 13.311841 -9.939668
v -38.556335 16.299730 -9.939668
v -9.958036 16.299732 -38.554153
v -9.958036 13.311844 -38.554157
v -13.155534 13.311844 -37.583233
v -13.155534 16.299732 -37.583229
v -17.272017 13.311841 -35.877460
v -17.272017 16.299730 -35.877460
v -20.233686 13.311841 -34.294415
v -20.233688 16.299730 -34.294415
v -23.939173 13.311841 -31.818489
v -23.939173 16.299730 -31.818489
v -26.535101 13.311841 -29.688063
v -26.535101 16.299730 -29.688063
v -34.292706 13.311841 -20.235390
v -34.292706 16.299730 -20.235390
v -35.875740 13.311841 -17.273731
v -35.875740 16.299730 -17.273731
v -29.686357 20.501495 -26.536808
v -29.686357 17.513447 -26.536808
v -31.816782 17.513447 -23.940876
v -31.816782 20.501495 -23.940876
v -37.581051 20.501495 -13.156075
v -37.581051 17.513451 -13.156075
v -38.556335 17.513451 -9.939668
v -38.556335 20.501455 -9.939668
v -9.958037 20.501427 -38.554157
v -9.958037 17.513458 -38.554157
v -13.155537 17.513458 -37.583229
v -13.155537 20.501427 -37.583229
v -17.272015 17.513456 -35.877457
v -17.272015 20.501427 -35.877460
v -20.233685 17.513456 -34.294415
v -20.233685 20.501427 -34.294415
v -23.939173 17.513451 -31.818489
v -23.939173 20.501455 -31.818489
v -26.535101 17.513451 -29.688063
v -26.535101 20.501495 -29.688063
v -34.292706 17.513447 -20.235390
v -34.292706 20.501495 -20.235390
v -35.875740 17.513447 -17.273731
v -35.875740 20.501495 -17.273731
v -29.686357 24.703016 -26.536808
v -29.686357 21.715168 -26.536808
v -31.816782 21.715168 -23.940876
v -31.816782 24.703016 -23.940876
v -37.581051 24.703022 -13.156075
v -37.581051 21.715174 -13.156075
v -38.556335 21.715099 -9.939668
v -38.556335 24.703022 -9.939668
v -9.958037 24.703079 -38.554157
v -9.958037 21.715151 -38.554157
v -13.155537 21.715151 -37.583229
v -13.155537 24.703079 -37.583229
v -17.272017 21.715151 -35.877460
v -17.272017 24.703079 -35.877460
v -20.233686 21.715151 -34.294415
v -20.233688 24.703079 -34.294415
v -23.939173 21.715145 -31.818489
v -23.939173 24.703068 -31.818489
v -26.535101 21.715219 -29.688063
v -26.535101 24.703068 -29.688063
v -34.292706 21.715168 -20.235390
v -34.292706 24.703016 -20.235390
v -35.875740 21.715168 -17.273731
v -35.875740 24.703016 -17.273731
v -29.686357 28.904715 -26.536808
v -29.686357 25.916866 -26.536808
v -31.816782 25.916866 -23.940876
v -31.816782 28.904789 -23.940876
v -37.581051 28.904720 -13.156075
v -37.581051 25.916872 -13.156075
v -38.556335 25.916872 -9.939668
v -38.556335 28.904720 -9.939668
v -9.958037 28.904720 -38.554157
v -9.958037 25.916872 -38.554157
v -13.155537 25.916872 -37.583229
v -13.155537 28.904720 -37.583229
v -17.272017 25.916872 -35.877460
v -17.272017 28.904720 -35.877460
v -20.233686 25.916872 -34.294415
v -20.233686 28.904720 -34.294415
v -23.939173 25.916872 -31.818489
v -23.939169 28.904720 -31.818489
v -26.535101 25.916872 -29.688065
v -26.535101 28.904720 -29.688065
v -34.292706 25.916821 -20.235390
v -34.292706 28.904743 -20.235390
v -35.875740 25.916821 -17.273731
v -35.875740 28.904669 -17.273731
v -29.686357 33.106377 -26.536808
v -29.686357 30.118456 -26.536808
v -31.816782 30.118530 -23.940876
v -31.816782 33.106377 -23.940876
v -37.581051 33.106388 -13.156075
v -37.581051 30.118462 -13.156075
v -38.556335 30.118462 -9.939668
v -38.556335 33.106388 -9.939668
v -9.958037 33.106388 -38.554157
v -9.958037 30.118462 -38.554157
v -13.155537 30.118462 -37.583229
v -13.155537 33.106388 -37.583229
v -17.272017 30.118462 -35.877460
v -17.272017 33.106388 -35.877460
v -20.233686 30.118462 -34.294415
v -20.233688 33.106388 -34.294415
v -23.939173 30.118462 -31.818489
v -23.939169 33.106388 -31.818489
v -26.535101 30.118462 -29.688065
v -26.535101 33.106388 -29.688065
v -34.292706 30.118530 -20.235390
v -34.292706 33.106377 -20.235390
v -35.875740 30.118456 -17.273731
v -35.875740 33.106377 -17.273731
v 37.532543 -29.311584 7.371602
v 37.052834 -29.311584 -7.368871
v 37.532543 -25.109930 7.371602
v 37.052834 -25.109930 -7.368871
v 37.532539 -29.311583 2.488020
v 37.532539 -25.109928 2.488020
v 37.532467 -29.311583 -2.489892
v 37.532467 -25.109928 -2.489892
v 31.130053 -29.311584 -20.801899
v 34.589828 -29.311584 -14.329100
v 20.800489 -29.311584 -31.131464
v 26.473957 -29.311584 -26.475368
v 37.194294 -29.311584 7.338389
v 36.720367 -29.311584 -7.302752
v 7.320696 -29.311584 -36.718929
v 14.327679 -29.311584 -34.591251
v 31.130053 -25.109930 -20.801899
v 20.800489 -25.109930 -31.131464
v 37.194294 -25.109930 7.338389
v 36.720367 -25.109930 -7.302752
v 14.327679 -25.109930 -34.591251
v 34.589828 -25.109930 -14.329100
v 26.473957 -25.109930 -26.475368
v 7.320696 -25.109930 -36.718929
v 37.194286 -29.311583 2.488020
v 37.194286 -25.109928 2.488020
v 37.194214 -29.311583 -2.489892
v 37.194214 -25.109928 -2.489892
v 2.492553 -29.311584 -36.713989
v 2.492553 -25.109930 -36.713989
v 37.532543 -20.908272 7.371602
v 37.052834 -20.908272 -7.368871
v 37.532539 -20.908272 2.488020
v 37.532467 -20.908272 -2.489892
v 31.130053 -20.908272 -20.801899
v 20.800489 -20.908272 -31.131464
v 37.194294 -20.908272 7.338389
v 36.720367 -20.908272 -7.302752
v 14.327679 -20.908272 -34.591251
v 34.589828 -20.908272 -14.329100
v 26.473957 -20.908272 -26.475368
v 7.320696 -20.908272 -36.718929
v 37.194286 -20.908272 2.488020
v 37.194214 -20.908272 -2.489892
v 2.492553 -20.908276 -36.713989
v 2.492553 -16.706617 -36.713989
v 37.532543 -16.706617 7.371602
v 37.052834 -16.706617 -7.368871
v 37.532543 -12.504962 7.371602
v 37.052834 -12.504962 -7.368871
v 37.532539 -16.706615 2.488020
v 37.532539 -12.504961 2.488020
v 37.532467 -16.706615 -2.489892
v 37.532467 -12.504961 -2.489892
v 31.130053 -16.706617 -20.801899
v 34.589828 -16.706617 -14.329100
v 20.800489 -16.706617 -31.131464
v 26.473957 -16.706617 -26.475368
v 37.194294 -16.706617 7.338389
v 36.720367 -16.706617 -7.302752
v 7.320696 -16.706617 -36.718929
v 14.327679 -16.706617 -34.591251
v 31.130053 -12.504962 -20.801899
v 20.800489 -12.504962 -31.131464
v 37.194294 -12.504962 7.338389
v 36.720367 -12.504962 -7.302752
v 14.327679 -12.504962 -34.591251
v 34.589828 -12.504962 -14.329100
v 26.473957 -12.504962 -26.475368
v 7.320696 -12.504962 -36.718929
v 37.194286 -16.706615 2.488020
v 37.194286 -12.504961 2.488020
v 37.194214 -16.706615 -2.489892
v 37.194214 -12.504961 -2.489892
v 2.492553 -12.504962 -36.713989
v 37.532543 -8.303308 7.371602
v 37.052834 -8.303308 -7.368871
v 37.532539 -8.303308 2.488020
v 37.532467 -8.303308 -2.489892
v 31.130053 -8.303308 -20.801899
v 20.800489 -8.303308 -31.131464
v 37.194294 -8.303308 7.338389
v 36.720367 -8.303308 -7.302752
v 14.327679 -8.303308 -34.591251
v 34.589828 -8.303308 -14.329100
v 26.473957 -8.303308 -26.475368
v 7.320696 -8.303308 -36.718929
v 37.194286 -8.303308 2.488020
v 37.194214 -8.303308 -2.489892
v 2.492553 -8.303308 -36.713989
v 37.532543 -4.101653 7.371602
v 37.052834 -4.101653 -7.368871
v 37.532539 -4.101653 2.488020
v 37.532467 -4.101652 -2.489892
v 31.130053 -4.101653 -20.801899
v 20.800489 -4.101653 -31.131464
v 37.194294 -4.101653 7.338389
v 36.720367 -4.101653 -7.302752
v 14.327679 -4.101653 -34.591251
v 34.589828 -4.101653 -14.329100
v 26.473957 -4.101653 -26.475368
v 7.320696 -4.101653 -36.718929
v 37.194286 -4.101653 2.488020
v 37.194214 -4.101652 -2.489892
v 2.492553 -4.101653 -36.713989
v 37.532543 0.100005 7.371602
v 37.052834 0.100005 -7.368871
v 37.532532 0.100006 2.276137
v 37.532459 0.100006 -2.278009
v 31.130053 0.100005 -20.801899
v 20.800489 0.100005 -31.131464
v 37.194294 0.100005 7.338389
v 36.720367 0.100005 -7.302752
v 14.327679 0.100005 -34.591251
v 34.589828 0.100005 -14.329100
v 26.473957 0.100005 -26.475368
v 7.320696 0.100005 -36.718929
v 37.194279 0.100006 2.276137
v 37.194206 0.100006 -2.278009
v 2.492553 0.100005 -36.713989
v 37.532543 4.301660 7.371602
v 37.052834 4.301660 -7.368871
v 37.532532 4.101649 2.276137
v 37.532459 4.101649 -2.278009
v 31.130053 4.301660 -20.801899
v 20.800489 4.301660 -31.131464
v 37.194294 4.301660 7.338389
v 36.720367 4.301660 -7.302752
v 14.327679 4.301660 -34.591251
v 34.589828 4.301660 -14.329100
v 26.473957 4.301660 -26.475368
v 7.320696 4.301660 -36.718929
v 37.194279 4.101649 2.276137
v 37.194206 4.101649 -2.278009
v 2.492553 4.101650 -36.713989
v 37.532543 8.503315 7.371602
v 37.052834 8.503315 -7.368871
v 37.532539 8.503314 2.488020
v 37.532467 8.503314 -2.489892
v 31.130053 8.503315 -20.801899
v 20.800489 8.503315 -31.131464
v 37.194294 8.503315 7.338389
v 36.720367 8.503315 -7.302752
v 14.327679 8.503315 -34.591251
v 34.589828 8.503315 -14.329100
v 26.473957 8.503315 -26.475368
v 7.320696 8.503315 -36.718929
v 37.194286 8.503314 2.488020
v 37.194214 8.503314 -2.489892
v 2.492553 8.503315 -36.713989
v 37.532543 12.704970 7.371602
v 37.052834 12.704970 -7.368871
v 37.532539 12.704970 2.488020
v 37.532467 12.704969 -2.489892
v 31.130053 12.704970 -20.801899
v 20.800489 12.704970 -31.131464
v 37.194294 12.704970 7.338389
v 36.720367 12.704970 -7.302752
v 14.327679 12.704970 -34.591251
v 34.589828 12.704970 -14.329100
v 26.473957 12.704970 -26.475368
v 7.320696 12.704970 -36.718929
v 37.194286 12.704970 2.488020
v 37.194214 12.704969 -2.489892
v 2.492553 12.704970 -36.713989
v 37.532543 16.906626 7.371602
v 37.052834 16.906626 -7.368871
v 37.532539 16.906624 2.488020
v 37.532467 16.906624 -2.489892
v 31.130053 16.906626 -20.801899
v 20.800489 16.906626 -31.131464
v 37.194294 16.906626 7.338389
v 36.720367 16.906626 -7.302752
v 14.327679 16.906626 -34.591251
v 34.589828 16.906626 -14.329100
v 26.473957 16.906626 -26.475368
v 7.320696 16.906626 -36.718929
v 37.194286 16.906624 2.488020
v 37.194214 16.906624 -2.489892
v 2.492553 16.906626 -36.713989
v 37.532543 21.108286 7.371602
v 37.532539 21.108286 2.488020
v 20.800489 21.108286 -31.131464
v 37.194294 21.108286 7.338389
v 36.720367 21.108286 -7.302752
v 14.327679 21.108286 -34.591251
v 7.320696 21.108286 -36.718929
v 37.052834 21.108292 -7.368871
v 37.532543 25.309944 7.371602
v 37.052834 25.309944 -7.368871
v 37.532539 25.309944 2.488020
v 37.532467 21.108292 -2.489892
v 37.532467 25.309944 -2.489892
v 31.130053 21.108292 -20.801899
v 34.589828 21.108292 -14.329100
v 26.473957 21.108292 -26.475368
v 31.130053 25.309944 -20.801899
v 20.800489 25.309944 -31.131464
v 37.194294 25.309944 7.338389
v 36.720367 25.309944 -7.302752
v 14.327679 25.309944 -34.591251
v 34.589828 25.309944 -14.329100
v 26.473957 25.309944 -26.475368
v 7.320696 25.309944 -36.718929
v 37.194286 21.108292 2.488020
v 37.194286 25.309944 2.488020
v 37.194214 21.108292 -2.489892
v 37.194214 25.309944 -2.489892
v 2.492553 21.108292 -36.713989
v 2.492553 25.309944 -36.713989
v 37.532543 29.511597 7.371602
v 37.532539 29.511593 2.488020
v 37.532467 29.511593 -2.489892
v 20.800489 29.511597 -31.131464
v 37.194294 29.511597 7.338389
v 36.720367 29.511597 -7.302752
v 14.327679 29.511597 -34.591251
v 34.589828 29.511597 -14.329100
v 26.473957 29.511597 -26.475368
v 7.320696 29.511597 -36.718929
v 37.194286 29.511593 2.488020
v 37.052834 29.511602 -7.368871
v 37.532543 33.713253 7.371602
v 37.052834 33.713253 -7.368871
v 37.532539 33.713253 2.488020
v 37.532467 33.713253 -2.489892
v 31.130053 29.511602 -20.801899
v 31.130053 33.713253 -20.801899
v 20.800489 33.713253 -31.131464
v 37.194294 33.713253 7.338389
v 36.720367 33.713253 -7.302752
v 14.327679 33.713253 -34.591251
v 34.589828 33.713253 -14.329100
v 26.473957 33.713253 -26.475368
v 7.320696 33.713253 -36.718929
v 37.194286 33.713253 2.488020
v 37.194214 29.511599 -2.489892
v 37.194214 33.713253 -2.489892
v 2.492553 29.511602 -36.713989
v 2.492553 33.713253 -36.713989
v 27.736794 -28.704720 -24.936600
v 27.736794 -25.716797 -24.936600
v 29.867216 -25.716795 -22.340670
v 29.867216 -28.704718 -22.340670
v 35.167454 -28.704720 -12.424130
v 35.167454 -25.716797 -12.424130
v 36.142738 -25.716795 -9.207723
v 36.142738 -28.704718 -9.207723
v 9.225439 -28.704720 -36.140553
v 9.225439 -25.716797 -36.140553
v 12.422937 -25.716795 -35.169628
v 12.422935 -28.704714 -35.169628
v 16.083248 -28.704720 -33.652882
v 16.083248 -25.716797 -33.652882
v 19.044920 -25.716795 -32.069832
v 19.044920 -28.704718 -32.069832
v 22.339260 -28.704718 -29.868628
v 22.339260 -25.716795 -29.868628
v 24.935188 -25.716797 -27.738205
v 24.935188 -28.704720 -27.738205
v 32.068420 -28.704720 -19.046329
v 32.068420 -25.716795 -19.046329
v 33.651459 -25.716795 -16.084669
v 33.651459 -28.704720 -16.084669
v 27.736794 -24.503065 -24.936600
v 27.736794 -21.515139 -24.936600
v 29.867216 -21.515135 -22.340670
v 29.867216 -24.503063 -22.340670
v 35.167454 -24.503065 -12.424130
v 35.167454 -21.515139 -12.424130
v 36.142738 -21.515135 -9.207723
v 36.142738 -24.503065 -9.207723
v 9.225439 -24.503065 -36.140553
v 9.225439 -21.515139 -36.140553
v 12.422937 -21.515135 -35.169628
v 12.422935 -24.503063 -35.169628
v 16.083248 -24.503065 -33.652882
v 16.083248 -21.515139 -33.652882
v 19.044920 -21.515135 -32.069832
v 19.044920 -24.503065 -32.069832
v 22.339260 -24.503065 -29.868628
v 22.339258 -21.515129 -29.868628
v 24.935188 -21.515139 -27.738205
v 24.935188 -24.503065 -27.738205
v 32.068420 -24.503065 -19.046329
v 32.068420 -21.515139 -19.046329
v 33.651459 -21.515135 -16.084669
v 33.651459 -24.503065 -16.084669
v 27.736794 -20.301407 -24.936600
v 27.736794 -17.313482 -24.936600
v 29.867216 -17.313482 -22.340670
v 29.867216 -20.301407 -22.340670
v 35.167454 -20.301407 -12.424130
v 35.167454 -17.313482 -12.424130
v 36.142738 -17.313482 -9.207723
v 36.142738 -20.301407 -9.207723
v 9.225439 -20.301407 -36.140553
v 9.225439 -17.313482 -36.140553
v 12.422937 -17.313482 -35.169628
v 12.422935 -20.301407 -35.169628
v 16.083248 -20.301407 -33.652882
v 16.083248 -17.313482 -33.652882
v 19.044920 -17.313482 -32.069832
v 19.044920 -20.301407 -32.069832
v 22.339260 -20.301407 -29.868628
v 22.339260 -17.313482 -29.868628
v 24.935188 -17.313482 -27.738205
v 24.935188 -20.301407 -27.738205
v 32.068420 -20.301407 -19.046329
v 32.068420 -17.313482 -19.046329
v 33.651459 -17.313482 -16.084669
v 33.651459 -20.301407 -16.084669
v 27.736794 -16.099735 -24.936600
v 27.736794 -13.111848 -24.936600
v 29.867216 -13.111829 -22.340670
v 29.867216 -16.099735 -22.340670
v 35.167454 -16.099751 -12.424130
v 35.167454 -13.111841 -12.424130
v 36.142738 -13.111841 -9.207723
v 36.142738 -16.099751 -9.207723
v 9.225439 -16.099751 -36.140553
v 9.225439 -13.111841 -36.140553
v 12.422937 -13.111841 -35.169628
v 12.422937 -16.099751 -35.169628
v 16.083248 -16.099751 -33.652882
v 16.083248 -13.111841 -33.652882
v 19.044920 -13.111841 -32.069832
v 19.044920 -16.099751 -32.069832
v 22.339260 -16.099751 -29.868628
v 22.339260 -13.111841 -29.868628
v 24.935188 -13.111841 -27.738205
v 24.935188 -16.099751 -27.738205
v 32.068420 -16.099735 -19.046329
v 32.068420 -13.111848 -19.046329
v 33.651459 -13.111829 -16.084669
v 33.651459 -16.099735 -16.084669
v 27.736794 -11.898098 -24.936600
v 27.736794 -8.910172 -24.936600
v 29.867216 -8.910172 -22.340670
v 29.867216 -11.898098 -22.340670
v 35.167454 -11.898098 -12.424130
v 35.167454 -8.910172 -12.424130
v 36.142738 -8.910172 -9.207723
v 36.142738 -11.898098 -9.207723
v 9.225439 -11.898098 -36.140553
v 9.225439 -8.910172 -36.140553
v 12.422937 -8.910172 -35.169628
v 12.422937 -11.898098 -35.169628
v 16.083248 -11.898098 -33.652882
v 16.083248 -8.910172 -33.652882
v 19.044920 -8.910172 -32.069832
v 19.044920 -11.898098 -32.069832
v 22.339260 -11.898098 -29.868628
v 22.339260 -8.910172 -29.868628
v 24.935188 -8.910172 -27.738205
v 24.935188 -11.898098 -27.738205
v 32.068420 -11.898087 -19.046329
v 32.068420 -8.910180 -19.046329
v 33.651459 -8.910160 -16.084669
v 33.651459 -11.898068 -16.084669
v 27.736794 -7.696443 -24.936600
v 27.736794 -4.708518 -24.936600
v 29.867216 -4.708518 -22.340670
v 29.867216 -7.696443 -22.340670
v 35.167454 -7.696443 -12.424130
v 35.167454 -4.708518 -12.424130
v 36.142738 -4.708518 -9.207723
v 36.142738 -7.696443 -9.207723
v 9.225439 -7.696443 -36.140553
v 9.225439 -4.708518 -36.140553
v 12.422937 -4.708518 -35.169628
v 12.422937 -7.696443 -35.169628
v 16.083248 -7.696443 -33.652882
v 16.083248 -4.708518 -33.652882
v 19.044920 -4.708518 -32.069832
v 19.044920 -7.696443 -32.069832
v 22.339260 -7.696443 -29.868628
v 22.339260 -4.708518 -29.868628
v 24.935188 -4.708518 -27.738205
v 24.935188 -7.696443 -27.738205
v 32.068420 -7.696443 -19.046329
v 32.068420 -4.708536 -19.046329
v 33.651459 -4.708518 -16.084669
v 33.651459 -7.696424 -16.084669
v 27.736794 -3.494788 -24.936600
v 27.736794 -0.506860 -24.936600
v 29.867216 -0.506860 -22.340670
v 29.867216 -3.494788 -22.340670
v 35.167454 -3.494788 -12.424130
v 35.167454 -0.506860 -12.424130
v 36.142738 -0.506860 -9.207723
v 36.142738 -3.494788 -9.207723
v 9.225439 -3.494788 -36.140553
v 9.225439 -0.506860 -36.140553
v 12.422937 -0.506860 -35.169628
v 12.422937 -3.494788 -35.169628
v 16.083248 -3.494788 -33.652882
v 16.083248 -0.506860 -33.652882
v 19.044920 -0.506860 -32.069832
v 19.044920 -3.494788 -32.069832
v 22.339260 -3.494788 -29.868628
v 22.339258 -0.506860 -29.868628
v 24.935188 -0.506860 -27.738205
v 24.935188 -3.494788 -27.738205
v 32.068420 -3.494788 -19.046329
v 32.068420 -0.506860 -19.046329
v 33.651459 -0.506860 -16.084669
v 33.651459 -3.494788 -16.084669
v 27.736794 0.706901 -24.936600
v 27.736794 3.694790 -24.936600
v 29.867216 3.694790 -22.340670
v 29.867216 0.706901 -22.340670
v 35.167454 0.706901 -12.424130
v 35.167454 3.694790 -12.424130
v 36.142738 3.694790 -9.207723
v 36.142738 0.706901 -9.207723
v 9.225439 0.706901 -36.140553
v 9.225439 3.694790 -36.140553
v 12.422937 3.694790 -35.169628
v 12.422937 0.706901 -35.169628
v 16.083248 0.706901 -33.652882
v 16.083248 3.694790 -33.652882
v 19.044920 3.694790 -32.069832
v 19.044920 0.706901 -32.069832
v 22.339260 0.706901 -29.868628
v 22.339260 3.694790 -29.868628
v 24.935188 3.694790 -27.738205
v 24.935188 0.706901 -27.738205
v 32.068420 0.706901 -19.046329
v 32.068420 3.694790 -19.046329
v 33.651459 3.694790 -16.084669
v 33.651459 0.706901 -16.084669
v 27.736794 4.908530 -24.936600
v 27.736794 7.896419 -24.936600
v 29.867216 7.896419 -22.340670
v 29.867216 4.908530 -22.340670
v 35.167454 4.908530 -12.424130
v 35.167454 7.896419 -12.424130
v 36.142738 7.896419 -9.207723
v 36.142738 4.908530 -9.207723
v 9.225439 4.908530 -36.140553
v 9.225439 7.896419 -36.140553
v 12.422937 7.896419 -35.169628
v 12.422937 4.908530 -35.169628
v 16.083248 4.908530 -33.652882
v 16.083248 7.896419 -33.652882
v 19.044920 7.896419 -32.069832
v 19.044920 4.908530 -32.069832
v 22.339260 4.908530 -29.868628
v 22.339260 7.896419 -29.868628
v 24.935188 7.896419 -27.738205
v 24.935188 4.908530 -27.738205
v 32.068420 4.908530 -19.046329
v 32.068420 7.896419 -19.046329
v 33.651459 7.896419 -16.084669
v 33.651459 4.908530 -16.084669
v 27.736794 9.110209 -24.936600
v 27.736794 12.098098 -24.936600
v 29.867216 12.098098 -22.340670
v 29.867216 9.110209 -22.340670
v 35.167454 9.110209 -12.424130
v 35.167454 12.098098 -12.424130
v 36.142738 12.098098 -9.207723
v 36.142738 9.110209 -9.207723
v 9.225439 9.110209 -36.140553
v 9.225439 12.098098 -36.140553
v 12.422937 12.098098 -35.169628
v 12.422937 9.110209 -35.169628
v 16.083248 9.110209 -33.652882
v 16.083248 12.098098 -33.652882
v 19.044920 12.098098 -32.069832
v 19.044920 9.110209 -32.069832
v 22.339260 9.110209 -29.868628
v 22.339260 12.098098 -29.868628
v 24.935188 12.098098 -27.738205
v 24.935188 9.110209 -27.738205
v 32.068420 9.110209 -19.046329
v 32.068420 12.098098 -19.046329
v 33.651459 12.098098 -16.084669
v 33.651459 9.110209 -16.084669
v 27.736794 13.311841 -24.936600
v 27.736794 16.299730 -24.936600
v 29.867216 16.299730 -22.340670
v 29.867216 13.311841 -22.340670
v 35.167454 13.311841 -12.424130
v 35.167454 16.299730 -12.424130
v 36.142738 16.299730 -9.207723
v 36.142738 13.311841 -9.207723
v 9.225439 13.311841 -36.140553
v 9.225439 16.299730 -36.140553
v 12.422937 16.299730 -35.169628
v 12.422937 13.311841 -35.169628
v 16.083248 13.311841 -33.652882
v 16.083248 16.299730 -33.652882
v 19.044920 16.299730 -32.069832
v 19.044920 13.311841 -32.069832
v 22.339260 13.311841 -29.868628
v 22.339260 16.299730 -29.868628
v 24.935188 16.299730 -27.738205
v 24.935188 13.311841 -27.738205
v 32.068420 13.311841 -19.046329
v 32.068420 16.299730 -19.046329
v 33.651459 16.299730 -16.084669
v 33.651459 13.311841 -16.084669
v 27.736794 17.513447 -24.936600
v 27.736794 20.501495 -24.936600
v 29.867216 20.501495 -22.340670
v 29.867216 17.513447 -22.340670
v 35.167454 17.513451 -12.424130
v 35.167454 20.501495 -12.424130
v 36.142738 20.501455 -9.207723
v 36.142738 17.513451 -9.207723
v 9.225439 17.513458 -36.140553
v 9.225439 20.501427 -36.140553
v 12.422937 20.501427 -35.169628
v 12.422937 17.513458 -35.169628
v 16.083248 17.513458 -33.652878
v 16.083248 20.501427 -33.652882
v 19.044920 20.501427 -32.069836
v 19.044920 17.513458 -32.069832
v 22.339260 17.513451 -29.868628
v 22.339260 20.501455 -29.868628
v 24.935188 20.501495 -27.738205
v 24.935188 17.513451 -27.738205
v 32.068420 17.513447 -19.046329
v 32.068420 20.501495 -19.046329
v 33.651459 20.501495 -16.084669
v 33.651459 17.513447 -16.084669
v 27.736794 21.715168 -24.936600
v 27.736794 24.703016 -24.936600
v 29.867216 24.703016 -22.340670
v 29.867216 21.715168 -22.340670
v 35.167454 21.715174 -12.424130
v 35.167454 24.703022 -12.424130
v 36.142738 24.703022 -9.207723
v 36.142738 21.715099 -9.207723
v 9.225439 21.715151 -36.140553
v 9.225439 24.703079 -36.140553
v 12.422937 24.703079 -35.169628
v 12.422937 21.715151 -35.169628
v 16.083248 21.715151 -33.652882
v 16.083248 24.703079 -33.652882
v 19.044920 24.703079 -32.069832
v 19.044920 21.715151 -32.069832
v 22.339260 21.715145 -29.868628
v 22.339260 24.703068 -29.868628
v 24.935188 24.703068 -27.738205
v 24.935188 21.715219 -27.738205
v 32.068420 21.715168 -19.046329
v 32.068420 24.703016 -19.046329
v 33.651459 24.703016 -16.084669
v 33.651459 21.715168 -16.084669
v 27.736794 25.916866 -24.936600
v 27.736794 28.904715 -24.936600
v 29.867216 28.904789 -22.340670
v 29.867216 25.916866 -22.340670
v 35.167454 25.916872 -12.424130
v 35.167454 28.904720 -12.424130
v 36.142738 28.904720 -9.207723
v 36.142738 25.916872 -9.207723
v 9.225439 25.916872 -36.140553
v 9.225439 28.904720 -36.140553
v 12.422937 28.904720 -35.169628
v 12.422937 25.916872 -35.169628
v 16.083248 25.916872 -33.652882
v 16.083248 28.904720 -33.652882
v 19.044920 28.904720 -32.069832
v 19.044920 25.916872 -32.069832
v 22.339260 25.916872 -29.868628
v 22.339258 28.904720 -29.868628
v 24.935188 28.904720 -27.738205
v 24.935188 25.916872 -27.738205
v 32.068420 25.916821 -19.046329
v 32.068420 28.904743 -19.046329
v 33.651459 28.904669 -16.084669
v 33.651459 25.916821 -16.084669
v 27.736794 30.118456 -24.936600
v 27.736794 33.106377 -24.936600
v 29.867216 33.106377 -22.340670
v 29.867216 30.118530 -22.340670
v 35.167454 30.118462 -12.424130
v 35.167454 33.106388 -12.424130
v 36.142738 33.106388 -9.207723
v 36.142738 30.118462 -9.207723
v 9.225439 30.118462 -36.140553
v 9.225439 33.106388 -36.140553
v 12.422937 33.106388 -35.169628
v 12.422937 30.118462 -35.169628
v 16.083248 30.118462 -33.652882
v 16.083248 33.106388 -33.652882
v 19.044920 33.106388 -32.069832
v 19.044920 30.118462 -32.069832
v 22.339260 30.118462 -29.868628
v 22.339258 33.106388 -29.868628
v 24.935188 33.106388 -27.738205
v 24.935188 30.118462 -27.738205
v 32.068420 30.118530 -19.046329
v 32.068420 33.106377 -19.046329
v 33.651459 33.106377 -16.084669
v 33.651459 30.118456 -16.084669
v 29.686655 -25.716797 -26.536808
v 29.686655 -28.704720 -26.536808
v 31.817078 -28.704718 -23.940876
v 31.817078 -25.716795 -23.940876
v 37.581345 -25.716797 -13.156075
v 37.581345 -28.704720 -13.156075
v 38.556633 -28.704718 -9.939668
v 38.556633 -25.716795 -9.939668
v 9.958333 -25.716797 -38.554153
v 9.958333 -28.704718 -38.554157
v 13.155828 -28.704712 -37.583233
v 13.155830 -25.716791 -37.583229
v 17.272312 -28.704720 -35.877460
v 17.272312 -25.716797 -35.877460
v 20.233984 -28.704718 -34.294415
v 20.233984 -25.716795 -34.294415
v 23.939468 -28.704718 -31.818489
v 23.939468 -25.716795 -31.818489
v 26.535397 -28.704720 -29.688063
v 26.535397 -25.716797 -29.688063
v 34.293003 -28.704720 -20.235390
v 34.293003 -25.716795 -20.235390
v 35.876038 -28.704720 -17.273731
v 35.876038 -25.716795 -17.273731
v 29.686655 -21.515139 -26.536808
v 29.686655 -24.503065 -26.536808
v 31.817078 -24.503063 -23.940876
v 31.817078 -21.515135 -23.940876
v 37.581345 -21.515139 -13.156075
v 37.581345 -24.503065 -13.156075
v 38.556633 -24.503065 -9.939668
v 38.556633 -21.515135 -9.939668
v 9.958333 -21.515137 -38.554153
v 9.958333 -24.503063 -38.554157
v 13.155828 -24.503059 -37.583233
v 13.155830 -21.515131 -37.583229
v 17.272312 -24.503065 -35.877460
v 17.272312 -21.515139 -35.877460
v 20.233984 -24.503065 -34.294415
v 20.233984 -21.515135 -34.294415
v 23.939468 -24.503065 -31.818489
v 23.939466 -21.515129 -31.818489
v 26.535397 -24.503065 -29.688065
v 26.535397 -21.515137 -29.688065
v 34.293003 -24.503065 -20.235390
v 34.293003 -21.515139 -20.235390
v 35.876038 -24.503065 -17.273731
v 35.876038 -21.515135 -17.273731
v 29.686655 -17.313482 -26.536808
v 29.686655 -20.301407 -26.536808
v 31.817078 -20.301407 -23.940876
v 31.817078 -17.313482 -23.940876
v 37.581345 -17.313482 -13.156075
v 37.581345 -20.301407 -13.156075
v 38.556633 -20.301407 -9.939668
v 38.556633 -17.313482 -9.939668
v 9.958333 -17.313478 -38.554153
v 9.958333 -20.301407 -38.554157
v 13.155828 -20.301407 -37.583233
v 13.155830 -17.313478 -37.583229
v 17.272312 -20.301407 -35.877457
v 17.272312 -17.313482 -35.877457
v 20.233984 -20.301407 -34.294411
v 20.233984 -17.313482 -34.294411
v 23.939468 -20.301407 -31.818489
v 23.939468 -17.313482 -31.818489
v 26.535397 -20.301407 -29.688063
v 26.535397 -17.313482 -29.688063
v 34.293003 -20.301407 -20.235390
v 34.293003 -17.313482 -20.235390
v 35.876038 -20.301407 -17.273731
v 35.876038 -17.313482 -17.273731
v 29.686655 -13.111848 -26.536808
v 29.686655 -16.099735 -26.536808
v 31.817078 -16.099735 -23.940876
v 31.817078 -13.111829 -23.940876
v 37.581345 -13.111841 -13.156075
v 37.581345 -16.099751 -13.156075
v 38.556633 -16.099751 -9.939668
v 38.556633 -13.111841 -9.939668
v 9.958334 -13.111841 -38.554157
v 9.958334 -16.099751 -38.554157
v 13.155833 -16.099751 -37.583229
v 13.155833 -13.111841 -37.583229
v 17.272312 -16.099751 -35.877460
v 17.272312 -13.111841 -35.877460
v 20.233984 -16.099751 -34.294415
v 20.233984 -13.111841 -34.294415
v 23.939468 -16.099751 -31.818489
v 23.939468 -13.111841 -31.818489
v 26.535397 -16.099751 -29.688065
v 26.535397 -13.111841 -29.688065
v 34.293003 -16.099735 -20.235390
v 34.293003 -13.111848 -20.235390
v 35.876038 -16.099735 -17.273731
v 35.876038 -13.111829 -17.273731
v 29.686655 -8.910172 -26.536808
v 29.686655 -11.898098 -26.536808
v 31.817078 -11.898098 -23.940876
v 31.817078 -8.910172 -23.940876
v 37.581345 -8.910172 -13.156075
v 37.581345 -11.898098 -13.156075
v 38.556633 -11.898098 -9.939668
v 38.556633 -8.910172 -9.939668
v 9.958333 -8.910170 -38.554153
v 9.958333 -11.898095 -38.554157
v 13.155830 -11.898095 -37.583233
v 13.155830 -8.910170 -37.583229
v 17.272312 -11.898098 -35.877460
v 17.272312 -8.910172 -35.877460
v 20.233984 -11.898098 -34.294415
v 20.233984 -8.910172 -34.294415
v 23.939468 -11.898098 -31.818489
v 23.939468 -8.910172 -31.818489
v 26.535397 -11.898098 -29.688063
v 26.535397 -8.910172 -29.688063
v 34.293003 -11.898087 -20.235390
v 34.293003 -8.910180 -20.235390
v 35.876038 -11.898068 -17.273731
v 35.876038 -8.910160 -17.273731
v 29.686655 -4.708518 -26.536808
v 29.686655 -7.696443 -26.536808
v 31.817078 -7.696443 -23.940876
v 31.817078 -4.708518 -23.940876
v 37.581345 -4.708518 -13.156075
v 37.581345 -7.696443 -13.156075
v 38.556633 -7.696443 -9.939668
v 38.556633 -4.708518 -9.939668
v 9.958333 -4.708515 -38.554153
v 9.958333 -7.696440 -38.554157
v 13.155830 -7.696440 -37.583233
v 13.155830 -4.708515 -37.583229
v 17.272312 -7.696443 -35.877460
v 17.272312 -4.708518 -35.877460
v 20.233984 -7.696443 -34.294415
v 20.233984 -4.708518 -34.294415
v 23.939468 -7.696443 -31.818489
v 23.939468 -4.708518 -31.818489
v 26.535397 -7.696443 -29.688063
v 26.535397 -4.708518 -29.688063
v 34.293003 -7.696443 -20.235390
v 34.293003 -4.708536 -20.235390
v 35.876038 -7.696424 -17.273731
v 35.876038 -4.708518 -17.273731
v 29.686655 -0.506860 -26.536808
v 29.686655 -3.494788 -26.536808
v 31.817078 -3.494788 -23.940876
v 31.817078 -0.506860 -23.940876
v 37.581345 -0.506860 -13.156075
v 37.581345 -3.494788 -13.156075
v 38.556633 -3.494788 -9.939668
v 38.556633 -0.506860 -9.939668
v 9.958334 -0.506860 -38.554157
v 9.958334 -3.494788 -38.554157
v 13.155833 -3.494788 -37.583229
v 13.155833 -0.506860 -37.583229
v 17.272312 -3.494788 -35.877460
v 17.272312 -0.506860 -35.877460
v 20.233984 -3.494788 -34.294415
v 20.233984 -0.506860 -34.294415
v 23.939468 -3.494788 -31.818489
v 23.939466 -0.506860 -31.818489
v 26.535397 -3.494788 -29.688065
v 26.535397 -0.506860 -29.688065
v 34.293003 -3.494788 -20.235390
v 34.293003 -0.506860 -20.235390
v 35.876038 -3.494788 -17.273731
v 35.876038 -0.506860 -17.273731
v 29.686655 3.694790 -26.536808
v 29.686655 0.706901 -26.536808
v 31.817078 0.706901 -23.940876
v 31.817078 3.694790 -23.940876
v 37.581345 3.694790 -13.156075
v 37.581345 0.706901 -13.156075
v 38.556633 0.706901 -9.939668
v 38.556633 3.694790 -9.939668
v 9.958333 3.694793 -38.554153
v 9.958333 0.706904 -38.554157
v 13.155830 0.706904 -37.583233
v 13.155830 3.694793 -37.583229
v 17.272312 0.706901 -35.877460
v 17.272312 3.694790 -35.877460
v 20.233984 0.706901 -34.294415
v 20.233984 3.694790 -34.294415
v 23.939468 0.706901 -31.818489
v 23.939468 3.694790 -31.818489
v 26.535397 0.706901 -29.688063
v 26.535397 3.694790 -29.688063
v 34.293003 0.706901 -20.235390
v 34.293003 3.694790 -20.235390
v 35.876038 0.706901 -17.273731
v 35.876038 3.694790 -17.273731
v 29.686655 7.896419 -26.536808
v 29.686655 4.908530 -26.536808
v 31.817078 4.908530 -23.940876
v 31.817078 7.896419 -23.940876
v 37.581345 7.896419 -13.156075
v 37.581345 4.908530 -13.156075
v 38.556633 4.908530 -9.939668
v 38.556633 7.896419 -9.939668
v 9.958333 7.896422 -38.554153
v 9.958333 4.908533 -38.554157
v 13.155830 4.908533 -37.583233
v 13.155830 7.896422 -37.583229
v 17.272312 4.908530 -35.877460
v 17.272312 7.896419 -35.877460
v 20.233984 4.908530 -34.294415
v 20.233984 7.896419 -34.294415
v 23.939468 4.908530 -31.818489
v 23.939468 7.896419 -31.818489
v 26.535397 4.908530 -29.688063
v 26.535397 7.896419 -29.688063
v 34.293003 4.908530 -20.235390
v 34.293003 7.896419 -20.235390
v 35.876038 4.908530 -17.273731
v 35.876038 7.896419 -17.273731
v 29.686655 12.098098 -26.536808
v 29.686655 9.110209 -26.536808
v 31.817078 9.110209 -23.940876
v 31.817078 12.098098 -23.940876
v 37.581345 12.098098 -13.156075
v 37.581345 9.110209 -13.156075
v 38.556633 9.110209 -9.939668
v 38.556633 12.098098 -9.939668
v 9.958333 12.098101 -38.554153
v 9.958333 9.110211 -38.554157
v 13.155830 9.110211 -37.583233
v 13.155830 12.098101 -37.583229
v 17.272312 9.110209 -35.877460
v 17.272312 12.098098 -35.877460
v 20.233984 9.110209 -34.294415
v 20.233984 12.098098 -34.294415
v 23.939468 9.110209 -31.818489
v 23.939468 12.098098 -31.818489
v 26.535397 9.110209 -29.688063
v 26.535397 12.098098 -29.688063
v 34.293003 9.110209 -20.235390
v 34.293003 12.098098 -20.235390
v 35.876038 9.110209 -17.273731
v 35.876038 12.098098 -17.273731
v 29.686655 16.299730 -26.536808
v 29.686655 13.311841 -26.536808
v 31.817078 13.311841 -23.940876
v 31.817078 16.299730 -23.940876
v 37.581345 16.299730 -13.156075
v 37.581345 13.311841 -13.156075
v 38.556633 13.311841 -9.939668
v 38.556633 16.299730 -9.939668
v 9.958333 16.299732 -38.554153
v 9.958333 13.311844 -38.554157
v 13.155830 13.311844 -37.583233
v 13.155830 16.299732 -37.583229
v 17.272312 13.311841 -35.877460
v 17.272312 16.299730 -35.877460
v 20.233984 13.311841 -34.294415
v 20.233984 16.299730 -34.294415
v 23.939468 13.311841 -31.818489
v 23.939468 16.299730 -31.818489
v 26.535397 13.311841 -29.688063
v 26.535397 16.299730 -29.688063
v 34.293003 13.311841 -20.235390
v 34.293003 16.299730 -20.235390
v 35.876038 13.311841 -17.273731
v 35.876038 16.299730 -17.273731
v 29.686655 20.501495 -26.536808
v 29.686655 17.513447 -26.536808
v 31.817078 17.513447 -23.940876
v 31.817078 20.501495 -23.940876
v 37.581345 20.501495 -13.156075
v 37.581345 17.513451 -13.156075
v 38.556633 17.513451 -9.939668
v 38.556633 20.501455 -9.939668
v 9.958334 20.501427 -38.554157
v 9.958334 17.513458 -38.554157
v 13.155833 17.513458 -37.583229
v 13.155833 20.501427 -37.583229
v 17.272310 17.513456 -35.877457
v 17.272310 20.501427 -35.877460
v 20.233982 17.513456 -34.294415
v 20.233982 20.501427 -34.294415
v 23.939468 17.513451 -31.818489
v 23.939468 20.501455 -31.818489
v 26.535397 17.513451 -29.688063
v 26.535397 20.501495 -29.688063
v 34.293003 17.513447 -20.235390
v 34.293003 20.501495 -20.235390
v 35.876038 17.513447 -17.273731
v 35.876038 20.501495 -17.273731
v 29.686655 24.703016 -26.536808
v 29.686655 21.715168 -26.536808
v 31.817078 21.715168 -23.940876
v 31.817078 24.703016 -23.940876
v 37.581345 24.703022 -13.156075
v 37.581345 21.715174 -13.156075
v 38.556633 21.715099 -9.939668
v 38.556633 24.703022 -9.939668
v 9.958334 24.703079 -38.554157
v 9.958334 21.715151 -38.554157
v 13.155833 21.715151 -37.583229
v 13.155833 24.703079 -37.583229
v 17.272312 21.715151 -35.877460
v 17.272312 24.703079 -35.877460
v 20.233984 21.715151 -34.294415
v 20.233984 24.703079 -34.294415
v 23.939468 21.715145 -31.818489
v 23.939468 24.703068 -31.818489
v 26.535397 21.715219 -29.688063
v 26.535397 24.703068 -29.688063
v 34.293003 21.715168 -20.235390
v 34.293003 24.703016 -20.235390
v 35.876038 21.715168 -17.273731
v 35.876038 24.703016 -17.273731
v 29.686655 28.904715 -26.536808
v 29.686655 25.916866 -26.536808
v 31.817078 25.916866 -23.940876
v 31.817078 28.904789 -23.940876
v 37.581345 28.904720 -13.156075
v 37.581345 25.916872 -13.156075
v 38.556633 25.916872 -9.939668
v 38.556633 28.904720 -9.939668
v 9.958334 28.904720 -38.554157
v 9.958334 25.916872 -38.554157
v 13.155833 25.916872 -37.583229
v 13.155833 28.904720 -37.583229
v 17.272312 25.916872 -35.877460
v 17.272312 28.904720 -35.877460
v 20.233984 25.916872 -34.294415
v 20.233984 28.904720 -34.294415
v 23.939468 25.916872 -31.818489
v 23.939466 28.904720 -31.818489
v 26.535397 25.916872 -29.688065
v 26.535397 28.904720 -29.688065
v 34.293003 25.916821 -20.235390
v 34.293003 28.904743 -20.235390
v 35.876038 25.916821 -17.273731
v 35.876038 28.904669 -17.273731
v 29.686655 33.106377 -26.536808
v 29.686655 30.118456 -26.536808
v 31.817078 30.118530 -23.940876
v 31.817078 33.106377 -23.940876
v 37.581345 33.106388 -13.156075
v 37.581345 30.118462 -13.156075
v 38.556633 30.118462 -9.939668
v 38.556633 33.106388 -9.939668
v 9.958334 33.106388 -38.554157
v 9.958334 30.118462 -38.554157
v 13.155833 30.118462 -37.583229
v 13.155833 33.106388 -37.583229
v 17.272312 30.118462 -35.877460
v 17.272312 33.106388 -35.877460
v 20.233984 30.118462 -34.294415
v 20.233984 33.106388 -34.294415
v 23.939468 30.118462 -31.818489
v 23.939466 33.106388 -31.818489
v 26.535397 30.118462 -29.688065
v 26.535397 33.106388 -29.688065
v 34.293003 30.118530 -20.235390
v 34.293003 33.106377 -20.235390
v 35.876038 30.118456 -17.273731
v 35.876038 33.106377 -17.273731
vn -1.0000 -0.0000 -0.0000
vn -0.9952 -0.0000 -0.0978
vn -0.0000 1.0000 -0.0000
vn -0.2902 -0.0000 0.9570
vn -0.9569 -0.0000 0.2906
vn -0.8819 -0.0000 0.4714
vn -0.0010 -0.0000 1.0000
vn 1.0000 -0.0000 -0.0000
vn -0.7730 -0.0000 0.6344
vn -0.4714 -0.0000 0.8819
vn 0.9952 -0.0000 0.0980
vn -0.0000 -0.0000 1.0000
vn 0.7730 -0.0000 -0.6344
vn 0.4714 -0.0000 -0.8819
vn 0.6344 -0.0000 -0.7730
vn 0.2902 -0.0000 -0.9570
vn 0.9569 -0.0000 -0.2906
vn -0.0000 -1.0000 -0.0000
vn 0.8819 -0.0000 -0.4714
vn -0.6344 -0.0000 0.7730
vn -0.9954 0.0024 -0.0958
vn 0.9954 -0.0024 0.0959
vn -0.9956 -0.0000 -0.0938
vn 0.9956 -0.0000 0.0939
vn -0.9954 -0.0024 -0.0958
vn 0.9954 0.0024 0.0959
vn 0.0977 -0.0000 0.9952
vn -0.0000 -0.0000 -1.0000
vn 0.7730 -0.0000 0.6344
vn 0.9570 -0.0000 0.2902
vn 0.2906 -0.0000 0.9569
vn 0.4714 -0.0000 0.8819
vn 0.6344 -0.0000 0.7730
vn 0.8819 -0.0000 0.4714
vn 0.9952 -0.0000 -0.0978
vn 0.2902 -0.0000 0.9570
vn 0.9569 -0.0000 0.2906
vn 0.0010 -0.0000 1.0000
vn -0.9952 -0.0000 0.0980
vn -0.7730 -0.0000 -0.6344
vn -0.4714 -0.0000 -0.8819
vn -0.6344 -0.0000 -0.7730
vn -0.2902 -0.0000 -0.9570
vn -0.9569 -0.0000 -0.2906
vn -0.8819 -0.0000 -0.4714
vn 0.9954 0.0024 -0.0958
vn -0.9954 -0.0024 0.0959
vn 0.9956 -0.0000 -0.0938
vn -0.9956 -0.0000 0.0939
vn 0.9954 -0.0024 -0.0958
vn -0.9954 0.0024 0.0959
vn -0.0977 -0.0000 0.9952
vn -0.9570 -0.0000 0.2902
vn -0.2906 -0.0000 0.9569
vt 0.010095 0.999661
vt -1.000854 0.999661
vt -1.000854 0.126263
vt 0.010095 0.126263
vt 2.055129 0.999661
vt 1.048937 0.999661
vt 1.048937 0.126263
vt 2.055129 0.126263
vt 0.896072 0.348805
vt 0.896072 0.327008
vt 0.912445 0.327008
vt 0.912445 0.348805
vt 0.960015 0.603038
vt 0.960015 0.583644
vt 0.974943 0.583644
vt 0.974943 0.603038
vt 0.928818 0.407283
vt 0.928818 0.387889
vt 0.945117 0.387889
vt 0.945117 0.407283
vt 0.945117 0.310311
vt 0.945117 0.290917
vt 0.960802 0.290917
vt 0.960802 0.310311
vt -0.023308 0.124356
vt -0.023308 0.999990
vt -1.029504 0.999990
vt -1.029504 0.124356
vt -12.227031 0.124356
vt -12.227031 0.999990
vt -13.259982 0.999990
vt -13.259982 0.124356
vt 0.375430 0.976319
vt 0.375430 0.956924
vt 0.389897 0.956924
vt 0.389897 0.976319
vt 0.975138 0.544855
vt 0.975138 0.525461
vt 0.988466 0.525461
vt 0.988466 0.544855
vt -10.203947 0.124356
vt -10.203947 0.999990
vt -11.233731 0.999990
vt -11.233731 0.124356
vt 1.015534 0.999990
vt 1.015534 0.124356
vt 0.292745 0.959220
vt 0.292745 0.978615
vt 0.278578 0.978615
vt 0.278578 0.959220
vt 0.610734 0.713034
vt 0.610734 0.732428
vt 0.594361 0.732428
vt 0.594361 0.713034
vt 0.995935 0.946034
vt 0.995935 0.965428
vt 0.983641 0.965428
vt 0.983641 0.946034
vt 0.999928 0.719405
vt 0.999928 0.738799
vt 0.988115 0.738799
vt 0.988115 0.719405
vt -13.259990 0.999990
vt -13.259990 0.124356
vt 0.725056 0.927213
vt 0.725056 0.946607
vt 0.708827 0.946607
vt 0.708827 0.927213
vt 0.791698 0.883617
vt 0.791698 0.905415
vt 0.775325 0.905415
vt 0.775325 0.883617
vt 0.960684 0.019395
vt 0.960684 0.038789
vt 0.945187 0.038789
vt 0.945187 0.019395
vt 0.912445 0.348806
vt 0.912445 0.370604
vt 0.896072 0.370604
vt 0.896072 0.348806
vt 0.506203 0.959873
vt 0.506203 0.979268
vt 0.492035 0.979268
vt 0.492035 0.959873
vt 0.863326 0.043633
vt 0.863326 0.065431
vt 0.846953 0.065431
vt 0.846953 0.043633
vt 0.611595 0.818186
vt 0.611595 0.840002
vt 0.595222 0.840002
vt 0.595222 0.818186
vt 0.857190 0.905415
vt 0.857190 0.927105
vt 0.840817 0.927105
vt 0.840817 0.905415
vt 0.861940 0.452707
vt 0.861940 0.430909
vt 0.878313 0.430909
vt 0.878313 0.452707
vt 0.906309 0.883598
vt 0.906309 0.905396
vt 0.889936 0.905396
vt 0.889936 0.883598
vt 0.896072 0.392402
vt 0.896072 0.370604
vt 0.912445 0.370604
vt 0.912445 0.392402
vt 0.808071 0.883617
vt 0.808071 0.905415
vt 0.791698 0.905415
vt 0.791698 0.883617
vt 0.861940 0.474524
vt 0.861940 0.452726
vt 0.878313 0.452726
vt 0.878313 0.474524
vt 0.693460 0.861819
vt 0.693460 0.840002
vt 0.709833 0.840002
vt 0.709833 0.861819
vt 0.000000 0.939825
vt 0.000000 0.918135
vt 0.016373 0.918135
vt 0.016373 0.939825
vt 0.960802 0.329706
vt 0.960802 0.310312
vt 0.975268 0.310312
vt 0.975268 0.329706
vt 0.894686 0.692632
vt 0.894686 0.670834
vt 0.911059 0.670834
vt 0.911059 0.692632
vt 0.975137 0.525460
vt 0.975137 0.506066
vt 0.988466 0.506066
vt 0.988466 0.525460
vt -13.259980 0.999990
vt -13.259980 0.124356
vt 0.861940 0.496340
vt 0.861940 0.474542
vt 0.878313 0.474542
vt 0.878313 0.496340
vt 0.975495 0.271523
vt 0.975495 0.252128
vt 0.988187 0.252128
vt 0.988187 0.271523
vt 0.960209 0.544855
vt 0.960209 0.525461
vt 0.975138 0.525461
vt 0.975138 0.544855
vt 0.928818 0.387889
vt 0.928818 0.368494
vt 0.945117 0.368494
vt 0.945117 0.387889
vt 0.944330 0.641828
vt 0.944330 0.622433
vt 0.960015 0.622433
vt 0.960015 0.641828
vt 0.309181 0.976318
vt 0.309181 0.956924
vt 0.323648 0.956924
vt 0.323648 0.976318
vt 0.960613 0.368495
vt 0.960613 0.387890
vt 0.945117 0.387890
vt 0.945117 0.368495
vt 0.590902 0.963579
vt 0.590902 0.982974
vt 0.576735 0.982974
vt 0.576735 0.963579
vt 0.019234 0.529240
vt 0.019235 0.480408
vt 0.676694 0.480408
vt 0.676694 0.529240
vt 0.610734 0.658488
vt 0.610734 0.677882
vt 0.594361 0.677882
vt 0.594361 0.658488
vt 0.036883 0.978614
vt 0.036883 0.998009
vt 0.024589 0.998009
vt 0.024589 0.978614
vt 0.999928 0.738800
vt 0.999928 0.758194
vt 0.988115 0.758194
vt 0.988115 0.738800
vt 0.912445 0.239815
vt 0.912445 0.261613
vt 0.896072 0.261613
vt 0.896072 0.239815
vt -13.259783 0.999990
vt 0.627680 0.927213
vt 0.627680 0.946607
vt 0.611451 0.946607
vt 0.611451 0.927213
vt 0.894686 0.758136
vt 0.894686 0.779934
vt 0.878313 0.779934
vt 0.878313 0.758136
vt -0.061442 0.124561
vt 1.000695 0.124561
vt 1.000695 1.000386
vt -0.061442 0.958695
vt 0.821695 0.000000
vt 0.821694 1.000000
vt 0.039115 1.000000
vt 0.000001 0.000000
vt 0.960684 0.000000
vt 0.945187 0.000000
vt 0.016373 0.896337
vt 0.016373 0.918135
vt 0.000000 0.918135
vt 0.000000 0.896337
vt 0.863326 0.087229
vt 0.846953 0.087229
vt 0.846953 0.065431
vt 0.627968 0.818186
vt 0.627968 0.840002
vt 0.611595 0.840002
vt -0.028579 0.124302
vt -0.028579 0.957822
vt -1.034257 0.999483
vt -1.034259 0.124302
vt -12.225984 0.142277
vt -12.225984 0.959529
vt -13.259844 1.000378
vt -13.259844 0.142277
vt 0.894686 0.714485
vt 0.894686 0.692687
vt 0.911059 0.692687
vt 0.911059 0.714485
vt 0.927432 0.779952
vt 0.927432 0.801643
vt 0.911059 0.801643
vt 0.911059 0.779952
vt -10.203998 0.124302
vt -10.203998 0.999483
vt -11.255266 0.957822
vt -11.255266 0.124302
vt 0.861940 0.518156
vt 0.861940 0.496358
vt 0.878313 0.496358
vt 0.878313 0.518156
vt 0.911059 0.409093
vt 0.911059 0.430891
vt 0.894686 0.430891
vt 0.894686 0.409093
vt 0.016373 0.918135
vt 0.016373 0.896337
vt 0.032746 0.896337
vt 0.032746 0.918135
vt 0.861940 0.539973
vt 0.861940 0.518175
vt 0.878313 0.518175
vt 0.878313 0.539973
vt 0.709833 0.861819
vt 0.709833 0.840002
vt 0.726206 0.840002
vt 0.726206 0.861819
vt 0.945117 0.155154
vt 0.945117 0.135760
vt 0.960802 0.135760
vt 0.960802 0.155154
vt 0.912445 0.021691
vt 0.912445 0.000000
vt 0.928818 0.000000
vt 0.928818 0.021691
vt 0.404364 0.976319
vt 0.404364 0.956924
vt 0.418831 0.956924
vt 0.418831 0.976319
vt 0.894686 0.736283
vt 0.894686 0.714485
vt 0.911059 0.714485
vt 0.911059 0.736283
vt 0.974943 0.641828
vt 0.974943 0.622433
vt 0.988272 0.622433
vt 0.988272 0.641828
vt 0.388123 0.995713
vt 0.388123 0.976319
vt 0.400816 0.976319
vt 0.400816 0.995713
vt 0.960209 0.564249
vt 0.975138 0.564249
vt 0.928818 0.213338
vt 0.928818 0.193944
vt 0.945117 0.193944
vt 0.945117 0.213338
vt 0.436056 0.960292
vt 0.436056 0.940898
vt 0.451741 0.940898
vt 0.451741 0.960292
vt 0.660139 0.927213
vt 0.660139 0.946607
vt 0.643910 0.946607
vt 0.643910 0.927213
vt 0.592231 0.944185
vt 0.592231 0.963579
vt 0.576735 0.944185
vt 0.566591 0.960173
vt 0.566591 0.979567
vt 0.552423 0.979567
vt 0.552423 0.960173
vt 0.604309 0.603942
vt 0.604309 0.623337
vt 0.594361 0.623337
vt 0.594361 0.603942
vt 0.055695 0.978615
vt 0.055695 0.998009
vt 0.043400 0.998009
vt 0.043400 0.978615
vt 0.927432 0.409093
vt 0.927432 0.430784
vt 0.911059 0.430784
vt 0.911059 0.409093
vt 0.447869 0.979687
vt 0.447869 0.999081
vt 0.436056 0.999081
vt 0.436056 0.979687
vt 0.912445 0.261613
vt 0.912445 0.283411
vt 0.896072 0.283411
vt 0.896072 0.261613
vt 0.627680 0.946607
vt 0.627680 0.927213
vt 0.863326 0.087229
vt 0.863326 0.109027
vt 0.846953 0.109027
vt 0.846953 0.087229
vt 0.049119 0.896337
vt 0.049119 0.918135
vt 0.032746 0.918135
vt 0.032746 0.896337
vt 0.863326 0.109027
vt 0.863326 0.130825
vt 0.846953 0.130825
vt 0.846953 0.109027
vt 0.196476 0.939825
vt 0.196476 0.918135
vt 0.212849 0.918135
vt 0.212849 0.939825
vt 0.644341 0.818186
vt 0.644341 0.840002
vt 0.894686 0.758117
vt 0.894686 0.736319
vt 0.911059 0.736319
vt 0.911059 0.758117
vt 0.928818 0.021798
vt 0.928818 0.043489
vt 0.912445 0.043489
vt 0.912445 0.021798
vt 0.861940 0.561789
vt 0.861940 0.539991
vt 0.878313 0.539991
vt 0.878313 0.561789
vt 0.049119 0.918135
vt 0.049119 0.896337
vt 0.065492 0.896337
vt 0.065492 0.918135
vt 0.861940 0.583605
vt 0.861940 0.561807
vt 0.878313 0.561807
vt 0.878313 0.583605
vt 0.928818 0.290917
vt 0.928818 0.271522
vt 0.945117 0.271522
vt 0.726206 0.861818
vt 0.726206 0.840002
vt 0.742579 0.840002
vt 0.742579 0.861818
vt 0.945117 0.252127
vt 0.945117 0.232733
vt 0.960802 0.232733
vt 0.960802 0.252127
vt 0.912445 0.065305
vt 0.912445 0.043614
vt 0.928818 0.043614
vt 0.928818 0.065305
vt 0.359310 0.976319
vt 0.359310 0.956925
vt 0.373777 0.956925
vt 0.373777 0.976319
vt 0.975138 0.467276
vt 0.975138 0.447882
vt 0.988466 0.447882
vt 0.988466 0.467276
vt 0.375430 0.995713
vt 0.375430 0.976319
vt 0.388123 0.976319
vt 0.388123 0.995713
vt 0.960614 0.368494
vt 0.960614 0.349100
vt 0.975542 0.349100
vt 0.975542 0.368494
vt 0.928818 0.232733
vt 0.945117 0.232733
vt 0.019793 0.999970
vt 0.019793 0.124638
vt 0.090600 0.124638
vt 0.090600 0.999970
vt 0.019793 0.999970
vt 0.019793 0.124638
vt 0.090600 0.124638
vt 0.019794 0.999970
vt 0.019793 0.124638
vt 0.090601 0.124638
vt 0.090601 0.999970
vt 0.090600 0.124638
vt 0.090600 0.999970
vt 0.019793 0.999970
vt 0.019793 0.124638
vt 0.090601 0.124638
vt 0.090601 0.999970
vt 0.019793 0.999970
vt 0.019793 0.124638
vt 0.090600 0.124638
vt 0.090600 0.999970
vt 0.019793 0.124638
vt 0.090600 0.124638
vt 0.090600 0.999970
vt 0.090601 0.124638
vt 0.090601 0.999970
vt 0.019793 0.999970
vt 0.090600 0.124638
vt 0.090600 0.999970
vt 0.090600 0.124638
vt 0.090600 0.999970
vt 0.019793 0.999970
vt 0.090601 0.124637
vt 0.090601 0.999970
vt 0.019793 0.124638
vt 0.090600 0.124638
vt 0.090600 0.999969
vt 0.090601 0.124638
vt 0.090601 0.999970
vt 0.019793 0.999971
vt 0.019793 0.124638
vt 0.090600 0.124638
vt 0.090600 0.999970
vt 0.676694 0.535982
vt 0.019234 0.535982
vt 0.019234 0.480408
vt 0.019234 0.529240
vt 0.019235 0.480408
vt 0.676694 0.535981
vt 0.019234 0.535981
vt 0.019234 0.480407
vt 0.676694 0.480407
vt -5.614711 0.124356
vt -5.614711 0.999990
vt -6.029509 0.873515
vt -6.029508 0.250829
vt -7.144263 0.999990
vt -6.729363 0.873515
vt -7.144263 0.124356
vt -6.729365 0.250829
vt -8.673810 0.124356
vt -8.673810 0.999990
vt -9.088655 0.873515
vt -9.088655 0.250829
vt -9.789099 0.873515
vt -9.789099 0.250829
vt -1.444352 0.873515
vt -1.444352 0.250829
vt -2.555607 0.999990
vt -2.140759 0.873515
vt -2.555607 0.124356
vt -2.140759 0.250829
vt -2.970456 0.873515
vt -2.970456 0.250829
vt -4.085157 0.999990
vt -3.670259 0.873515
vt -4.085157 0.124356
vt -3.670259 0.250829
vt -4.499957 0.873515
vt -4.499957 0.250829
vt -5.199814 0.873515
vt -5.199814 0.250829
vt -7.559061 0.873515
vt -7.559061 0.250829
vt -8.258962 0.873515
vt -8.258962 0.250829
vt -6.029610 0.873515
vt -6.029610 0.250829
vt -6.729465 0.873515
vt -6.729465 0.250829
vt -3.670361 0.873515
vt -3.670361 0.250829
vt -4.500059 0.873515
vt -4.500059 0.250829
vt -5.199914 0.873515
vt -5.199914 0.250829
vt -7.559161 0.873515
vt -7.559161 0.250829
vt -6.029608 0.873515
vt -6.029608 0.250829
vt -4.500057 0.873515
vt -4.500057 0.250829
vt -5.199913 0.873515
vt -5.199913 0.250829
vt -6.029507 0.873515
vt -6.029507 0.250829
vt -6.729360 0.873515
vt -6.729362 0.250829
vt -3.670258 0.873515
vt -3.670258 0.250829
vt -4.499953 0.873515
vt -4.499953 0.250829
vt -5.199810 0.873515
vt -5.199810 0.250829
vt -7.559058 0.873515
vt -7.559058 0.250829
vt -6.029512 0.873515
vt -6.029512 0.250829
vt -3.670263 0.873515
vt -3.670261 0.250829
vt -4.499959 0.873515
vt -6.029514 0.873515
vt -6.029514 0.250829
vt -6.729370 0.873515
vt -6.729368 0.250829
vt -3.670267 0.873515
vt -3.670267 0.250829
vt -4.499960 0.873515
vt -4.499962 0.250829
vt -5.199817 0.873515
vt -5.199817 0.250829
vt -7.559065 0.873515
vt -7.559065 0.250829
vt -6.029508 0.873515
vt -6.029509 0.250829
vt -5.617114 0.124302
vt -5.617114 0.999484
vt -6.031746 0.873074
vt -6.031746 0.250714
vt -7.145880 0.999483
vt -6.731243 0.873074
vt -7.145880 0.124302
vt -6.731243 0.250714
vt -8.674643 0.124302
vt -8.674643 0.999483
vt -9.089275 0.873074
vt -9.089275 0.250714
vt -9.789361 0.873074
vt -9.789361 0.250714
vt -1.448891 0.873074
vt -1.448891 0.250714
vt -2.559579 0.999483
vt -2.144942 0.873074
vt -2.559579 0.124302
vt -2.144940 0.250714
vt -2.974212 0.873074
vt -2.974212 0.250714
vt -4.088344 0.999483
vt -3.673709 0.873074
vt -4.088344 0.124302
vt -3.673709 0.250714
vt -4.502980 0.873074
vt -4.502980 0.250714
vt -5.202476 0.873074
vt -5.202476 0.250714
vt -7.560513 0.873074
vt -7.560513 0.250714
vt -8.260008 0.873074
vt -8.260008 0.250714
vt -6.029611 0.873515
vt -6.029611 0.250829
vt -6.729466 0.873515
vt -6.729466 0.250829
vt -3.670364 0.873515
vt -3.670364 0.250829
vt -4.500060 0.873515
vt -4.500060 0.250829
vt -7.559163 0.873515
vt -7.559163 0.250829
vt -6.729463 0.873515
vt -3.670359 0.873515
vt -6.729468 0.873515
vt -6.729468 0.250829
vt -3.670364 0.873515
vt -3.670364 0.250829
vt -5.199916 0.873515
vt -5.199916 0.250829
vt -7.559164 0.250829
vt -6.029504 0.873515
vt -6.029504 0.250829
vt -6.729360 0.250829
vt -3.670255 0.873515
vt -3.670255 0.250829
vt -4.499952 0.873515
vt -4.499952 0.250829
vt -5.199807 0.873515
vt -5.199807 0.250829
vt -6.729363 0.250829
vt -4.499955 0.250829
vt -7.559059 0.250829
vt 0.533028 0.960057
vt 0.533028 0.940663
vt 0.548907 0.940663
vt 0.548907 0.960057
vt 0.494241 0.736528
vt 0.513635 0.736528
vt 0.513635 0.756109
vt 0.494241 0.756109
vt 0.455451 0.573793
vt 0.436056 0.573793
vt 0.436056 0.552401
vt 0.455451 0.552401
vt 0.552423 0.656511
vt 0.571818 0.656511
vt 0.571818 0.676896
vt 0.552423 0.676896
vt 0.533028 0.814664
vt 0.533028 0.795269
vt 0.551516 0.795269
vt 0.551516 0.814664
vt 0.577048 0.814247
vt 0.577048 0.794852
vt 0.594361 0.794852
vt 0.594361 0.814247
vt 0.477868 0.959873
vt 0.477868 0.940479
vt 0.493747 0.940479
vt 0.493747 0.959873
vt 0.455451 0.736528
vt 0.474846 0.736528
vt 0.474846 0.756109
vt 0.455451 0.756109
vt 0.552423 0.530355
vt 0.533029 0.530355
vt 0.533029 0.508963
vt 0.552423 0.508963
vt 0.436056 0.636438
vt 0.455451 0.636438
vt 0.455451 0.656823
vt 0.436056 0.656823
vt 0.494241 0.814479
vt 0.494241 0.795084
vt 0.512728 0.795085
vt 0.512728 0.814479
vt 0.577048 0.786974
vt 0.577048 0.767579
vt 0.594361 0.767579
vt 0.594361 0.786974
vt 0.552423 0.960173
vt 0.552423 0.940778
vt 0.568302 0.940778
vt 0.568302 0.960173
vt 0.474846 0.775690
vt 0.455451 0.775690
vt 0.455451 0.756109
vt 0.474846 0.756109
vt 0.552423 0.530682
vt 0.571818 0.530682
vt 0.571818 0.552074
vt 0.552423 0.552074
vt 0.455451 0.677208
vt 0.436056 0.677208
vt 0.436056 0.656823
vt 0.455451 0.656823
vt 0.552423 0.814779
vt 0.552423 0.795385
vt 0.570910 0.795385
vt 0.570910 0.814779
vt 0.577048 0.759701
vt 0.577048 0.740306
vt 0.594361 0.740306
vt 0.594361 0.759701
vt 0.944330 0.486671
vt 0.944330 0.467277
vt 0.960209 0.467277
vt 0.960209 0.486671
vt 0.513635 0.775690
vt 0.494241 0.775690
vt 0.494241 0.756109
vt 0.513635 0.756109
vt 0.455451 0.552401
vt 0.474845 0.552401
vt 0.474845 0.573793
vt 0.455451 0.573793
vt 0.474846 0.677208
vt 0.455451 0.677208
vt 0.455451 0.656823
vt 0.474846 0.656823
vt 0.455451 0.834061
vt 0.455451 0.814666
vt 0.473939 0.814666
vt 0.473939 0.834061
vt 0.577048 0.732428
vt 0.577048 0.713034
vt 0.944330 0.428488
vt 0.944330 0.409093
vt 0.960209 0.409093
vt 0.960209 0.428488
vt 0.571818 0.756409
vt 0.552423 0.756409
vt 0.552423 0.736828
vt 0.571818 0.736828
vt 0.552423 0.552074
vt 0.571818 0.552074
vt 0.571818 0.573467
vt 0.552423 0.573467
vt 0.513635 0.656823
vt 0.494241 0.656823
vt 0.494241 0.636438
vt 0.513635 0.636438
vt 0.436056 0.814899
vt 0.436056 0.795504
vt 0.454543 0.795504
vt 0.454543 0.814899
vt 0.577048 0.705155
vt 0.577048 0.685761
vt 0.594361 0.685761
vt 0.594361 0.705155
vt 0.455452 0.960060
vt 0.455452 0.940665
vt 0.471330 0.940665
vt 0.471330 0.960060
vt 0.436056 0.736947
vt 0.455451 0.736947
vt 0.455451 0.756529
vt 0.436056 0.756529
vt 0.552423 0.573467
vt 0.533028 0.573467
vt 0.533028 0.552074
vt 0.552423 0.552074
vt 0.533028 0.636623
vt 0.552423 0.636623
vt 0.552423 0.657008
vt 0.533028 0.657008
vt 0.513635 0.832365
vt 0.513635 0.812970
vt 0.532123 0.812970
vt 0.532123 0.832365
vt 0.577048 0.677882
vt 0.577048 0.658488
vt 0.493747 0.959873
vt 0.493747 0.940479
vt 0.509625 0.940479
vt 0.509625 0.959873
vt 0.533028 0.736712
vt 0.552423 0.736712
vt 0.552423 0.756294
vt 0.533028 0.756294
vt 0.571819 0.508637
vt 0.552425 0.508637
vt 0.552425 0.487244
vt 0.571819 0.487244
vt 0.455452 0.636438
vt 0.474846 0.636438
vt 0.474846 0.656823
vt 0.455452 0.656823
vt 0.473939 0.814666
vt 0.473939 0.795272
vt 0.492426 0.795272
vt 0.492426 0.814666
vt 0.577048 0.650610
vt 0.577048 0.631215
vt 0.594361 0.631215
vt 0.594361 0.650610
vt 0.944330 0.525460
vt 0.944330 0.506066
vt 0.960209 0.506066
vt 0.960209 0.525460
vt 0.552423 0.756409
vt 0.571817 0.756409
vt 0.571817 0.775990
vt 0.552423 0.775990
vt 0.513634 0.552401
vt 0.533028 0.552401
vt 0.533028 0.573793
vt 0.513634 0.573793
vt 0.494240 0.656823
vt 0.513635 0.656823
vt 0.513635 0.677208
vt 0.494240 0.677208
vt 0.533028 0.834058
vt 0.551516 0.834058
vt 0.577048 0.623337
vt 0.577048 0.603942
vt 0.944330 0.564249
vt 0.944330 0.544855
vt 0.960209 0.544855
vt 0.960209 0.564249
vt 0.455450 0.776110
vt 0.436056 0.776110
vt 0.455450 0.756529
vt 0.494239 0.573793
vt 0.494239 0.552401
vt 0.552423 0.657008
vt 0.552423 0.677393
vt 0.533028 0.677393
vt 0.552423 0.834174
vt 0.552423 0.814779
vt 0.570910 0.814779
vt 0.570910 0.834174
vt 0.577048 0.596064
vt 0.577048 0.576670
vt 0.594361 0.576670
vt 0.594361 0.596064
vt 0.944330 0.506066
vt 0.944330 0.486671
vt 0.960209 0.486671
vt 0.960209 0.506066
vt 0.552423 0.775875
vt 0.533028 0.775875
vt 0.533028 0.756294
vt 0.552423 0.756294
vt 0.474845 0.552401
vt 0.494239 0.552401
vt 0.494239 0.573793
vt 0.474845 0.573793
vt 0.494240 0.677208
vt 0.474846 0.677208
vt 0.474846 0.656823
vt 0.494240 0.656823
vt 0.473939 0.834061
vt 0.492426 0.814666
vt 0.492426 0.834061
vt 0.577048 0.568791
vt 0.577048 0.549397
vt 0.594361 0.549397
vt 0.594361 0.568791
vt 0.944330 0.544855
vt 0.944330 0.525461
vt 0.960209 0.525461
vt 0.960209 0.544855
vt 0.474846 0.795272
vt 0.455451 0.795272
vt 0.455451 0.775690
vt 0.474846 0.775690
vt 0.533028 0.573467
vt 0.552423 0.573467
vt 0.552423 0.594860
vt 0.533028 0.594860
vt 0.571817 0.697281
vt 0.552423 0.697281
vt 0.552423 0.676896
vt 0.571817 0.676896
vt 0.436056 0.834293
vt 0.436056 0.814899
vt 0.454543 0.814899
vt 0.454543 0.834293
vt 0.577048 0.541518
vt 0.577048 0.522124
vt 0.594361 0.522124
vt 0.594361 0.541518
vt 0.943801 0.816379
vt 0.943801 0.796983
vt 0.959680 0.796983
vt 0.959680 0.816379
vt 0.436056 0.717366
vt 0.455451 0.717366
vt 0.455451 0.736947
vt 0.436056 0.736947
vt 0.533030 0.487244
vt 0.533030 0.508637
vt 0.571818 0.636126
vt 0.552423 0.636126
vt 0.552423 0.615741
vt 0.571818 0.615741
vt 0.513635 0.812970
vt 0.513635 0.793575
vt 0.532123 0.793575
vt 0.532123 0.812970
vt 0.577048 0.514246
vt 0.577048 0.494850
vt 0.594361 0.494850
vt 0.594361 0.514246
vt 0.944330 0.583643
vt 0.960209 0.583643
vt 0.494240 0.775690
vt 0.474846 0.775690
vt 0.474846 0.756109
vt 0.494241 0.756109
vt 0.533029 0.552074
vt 0.533029 0.530682
vt 0.552423 0.636126
vt 0.571818 0.636126
vt 0.494241 0.833874
vt 0.494241 0.814479
vt 0.512728 0.814479
vt 0.512728 0.833873
vt 0.577048 0.486972
vt 0.577048 0.467578
vt 0.594361 0.467578
vt 0.594361 0.486972
vt 0.944330 0.447882
vt 0.944330 0.428488
vt 0.960209 0.428488
vt 0.960209 0.447882
vt 0.494240 0.795272
vt 0.474846 0.795272
vt 0.474846 0.775690
vt 0.494240 0.775690
vt 0.571817 0.594860
vt 0.552423 0.594860
vt 0.552423 0.573467
vt 0.571817 0.573467
vt 0.455450 0.697593
vt 0.436056 0.697593
vt 0.436056 0.677208
vt 0.455450 0.677208
vt 0.576735 0.837580
vt 0.576735 0.818186
vt 0.595222 0.818186
vt 0.595222 0.837580
vt 0.577048 0.459699
vt 0.577048 0.440305
vt 0.594361 0.440305
vt 0.594361 0.459699
vt 0.944330 0.467277
vt 0.944330 0.447882
vt 0.960209 0.447882
vt 0.960209 0.467276
vt 0.494241 0.756109
vt 0.474846 0.756109
vt 0.474846 0.736527
vt 0.494241 0.736527
vt 0.571818 0.530356
vt 0.552424 0.530356
vt 0.552424 0.508963
vt 0.571818 0.508963
vt 0.494241 0.656823
vt 0.474846 0.656823
vt 0.474846 0.636438
vt 0.494241 0.636438
vt 0.455452 0.814666
vt 0.455452 0.795272
vt 0.473939 0.795272
vt 0.473939 0.814666
vt 0.577048 0.432426
vt 0.577048 0.413032
vt 0.594361 0.413032
vt 0.594361 0.432427
vt 0.294714 0.995713
vt 0.294714 0.976318
vt 0.307407 0.976318
vt 0.307407 0.995713
vt 0.861940 0.605422
vt 0.861940 0.583624
vt 0.878313 0.583624
vt 0.878313 0.605422
vt 0.974787 0.738800
vt 0.974787 0.719405
vt 0.988115 0.719405
vt 0.988115 0.738800
vt 0.894686 0.779916
vt 0.894686 0.758117
vt 0.911059 0.758117
vt 0.911059 0.779916
vt 0.016373 0.939825
vt 0.016373 0.918135
vt 0.032746 0.918135
vt 0.032746 0.939825
vt 0.742579 0.861818
vt 0.742579 0.840002
vt 0.758952 0.840002
vt 0.758952 0.861818
vt 0.081865 0.896337
vt 0.081865 0.918135
vt 0.065492 0.918135
vt 0.065492 0.896337
vt 0.861940 0.627238
vt 0.861940 0.605440
vt 0.878313 0.605440
vt 0.878313 0.627238
vt 0.863326 0.130825
vt 0.863326 0.152623
vt 0.846953 0.152623
vt 0.846953 0.130825
vt 0.081865 0.918135
vt 0.081865 0.896337
vt 0.098238 0.896337
vt 0.098238 0.918135
vt 0.911059 0.452689
vt 0.894686 0.452689
vt 0.894686 0.430891
vt 0.927432 0.430891
vt 0.927432 0.452582
vt 0.911059 0.452582
vt 0.911059 0.430891
vt 0.660714 0.818186
vt 0.660714 0.840002
vt 0.644341 0.840002
vt 0.644341 0.818186
vt 0.610734 0.413032
vt 0.610734 0.432427
vt 0.863326 0.174421
vt 0.846953 0.174421
vt 0.846953 0.152623
vt 0.984367 0.876370
vt 0.984367 0.895764
vt 0.970200 0.895764
vt 0.970200 0.876370
vt 0.114611 0.896337
vt 0.114611 0.918135
vt 0.098238 0.918135
vt 0.098238 0.896337
vt 0.954478 0.946034
vt 0.954478 0.965428
vt 0.938981 0.965428
vt 0.938981 0.946034
vt 0.922538 0.927194
vt 0.922538 0.946588
vt 0.906309 0.946588
vt 0.906309 0.927194
vt 0.513305 0.979268
vt 0.513305 0.998662
vt 0.501493 0.998662
vt 0.501493 0.979268
vt 0.996662 0.818186
vt 0.996662 0.837580
vt 0.984367 0.837580
vt 0.984367 0.818186
vt 0.610734 0.767579
vt 0.610734 0.786974
vt 0.975138 0.564249
vt 0.975138 0.544855
vt 0.988466 0.544855
vt 0.988466 0.564249
vt 0.014467 0.978614
vt 0.014467 0.959220
vt 0.028934 0.959220
vt 0.028934 0.978614
vt 0.945117 0.329706
vt 0.945117 0.310311
vt 0.960802 0.310311
vt 0.960802 0.329706
vt 0.928818 0.174549
vt 0.945117 0.174549
vt 0.960209 0.428488
vt 0.960209 0.409093
vt 0.975138 0.409093
vt 0.975138 0.428488
vt 0.114611 0.918135
vt 0.114611 0.896337
vt 0.130984 0.896337
vt 0.130984 0.918135
vt 0.975542 0.368495
vt 0.975542 0.349100
vt 0.988235 0.349100
vt 0.988235 0.368495
vt 0.861940 0.649054
vt 0.861940 0.627256
vt 0.878313 0.627256
vt 0.878313 0.649054
vt 0.894686 0.801750
vt 0.894686 0.779952
vt 0.911059 0.779952
vt 0.911059 0.801750
vt 0.912445 0.087121
vt 0.912445 0.065431
vt 0.928818 0.065431
vt 0.928818 0.087121
vt 0.758952 0.861819
vt 0.758952 0.840002
vt 0.775325 0.840002
vt 0.775325 0.861819
vt 0.147357 0.896337
vt 0.147357 0.918135
vt 0.130984 0.918135
vt 0.130984 0.896337
vt 0.861940 0.670870
vt 0.861940 0.649072
vt 0.878313 0.649072
vt 0.878313 0.670870
vt 0.863326 0.174421
vt 0.863326 0.196219
vt 0.846953 0.196219
vt 0.846953 0.174421
vt 0.911059 0.452707
vt 0.911059 0.474505
vt 0.894686 0.474505
vt 0.894686 0.452707
vt 0.928818 0.087121
vt 0.928818 0.108812
vt 0.912445 0.108812
vt 0.912445 0.087121
vt 0.677087 0.818186
vt 0.677087 0.840002
vt 0.660714 0.840002
vt 0.660714 0.818186
vt 0.610734 0.467578
vt 0.610734 0.486972
vt 0.863326 0.196219
vt 0.863326 0.218017
vt 0.846953 0.218017
vt 0.846953 0.196219
vt 0.984367 0.818186
vt 0.984367 0.837580
vt 0.970200 0.837580
vt 0.970200 0.818186
vt 0.856314 0.946500
vt 0.856314 0.965894
vt 0.840817 0.965894
vt 0.840817 0.946500
vt 0.611451 0.927213
vt 0.611451 0.946607
vt 0.595222 0.946607
vt 0.595222 0.927213
vt 0.544841 0.979452
vt 0.544841 0.998847
vt 0.533028 0.998847
vt 0.533028 0.979452
vt 0.996662 0.837581
vt 0.996662 0.856975
vt 0.984367 0.856975
vt 0.984367 0.837581
vt 0.418926 0.995713
vt 0.418926 0.976319
vt 0.431619 0.976319
vt 0.431619 0.995713
vt 0.975138 0.486671
vt 0.975138 0.467277
vt 0.988466 0.467277
vt 0.988466 0.486671
vt 0.513636 0.977759
vt 0.513636 0.958365
vt 0.528102 0.958365
vt 0.528102 0.977759
vt 0.944330 0.622433
vt 0.944330 0.603039
vt 0.960015 0.603039
vt 0.960015 0.622433
vt 0.928818 0.174549
vt 0.928818 0.155155
vt 0.945117 0.155155
vt 0.945117 0.174549
vt 0.861940 0.692687
vt 0.861940 0.670889
vt 0.878313 0.670889
vt 0.878313 0.692687
vt 0.960209 0.447882
vt 0.960209 0.428488
vt 0.975138 0.428488
vt 0.975138 0.447882
vt 0.147357 0.918135
vt 0.147357 0.896337
vt 0.163730 0.896337
vt 0.163730 0.918135
vt 0.320100 0.995713
vt 0.320100 0.976318
vt 0.332793 0.976318
vt 0.332793 0.995713
vt 0.861940 0.714503
vt 0.861940 0.692705
vt 0.878313 0.692705
vt 0.878313 0.714503
vt 0.896072 0.021798
vt 0.896072 -0.000000
vt 0.912445 -0.000000
vt 0.912445 0.021798
vt 0.032746 0.939825
vt 0.032746 0.918135
vt 0.049119 0.918135
vt 0.049119 0.939825
vt 0.863326 0.239815
vt 0.846953 0.239815
vt 0.846953 0.218017
vt 0.791698 0.840002
vt 0.791698 0.861819
vt 0.180103 0.896337
vt 0.180103 0.918135
vt 0.163730 0.918135
vt 0.163730 0.896337
vt 0.861940 0.736319
vt 0.861940 0.714521
vt 0.878313 0.714521
vt 0.878313 0.736319
vt 0.863326 0.239815
vt 0.863326 0.261613
vt 0.846953 0.261613
vt 0.846953 0.239815
vt 0.911059 0.474524
vt 0.911059 0.496322
vt 0.894686 0.496322
vt 0.894686 0.474524
vt 0.927432 0.452707
vt 0.927432 0.474398
vt 0.911059 0.474398
vt 0.911059 0.452707
vt 0.996662 0.876370
vt 0.996662 0.895764
vt 0.984367 0.895764
vt 0.984367 0.876370
vt 0.693460 0.818186
vt 0.610734 0.522124
vt 0.610734 0.541518
vt 0.863326 0.261613
vt 0.863326 0.283411
vt 0.846953 0.283411
vt 0.846953 0.261613
vt 0.984294 0.926639
vt 0.984294 0.946034
vt 0.970126 0.946034
vt 0.970126 0.926639
vt 0.960613 0.387890
vt 0.960613 0.407284
vt 0.945117 0.407284
vt 0.945117 0.387890
vt 0.873419 0.927194
vt 0.873419 0.946589
vt 0.857190 0.946589
vt 0.857190 0.927194
vt 0.564236 0.979567
vt 0.564236 0.998962
vt 0.552423 0.998962
vt 0.552423 0.979567
vt 0.525930 0.977759
vt 0.525930 0.997153
vt 0.513636 0.997153
vt 0.960614 0.387889
vt 0.960614 0.368495
vt 0.975542 0.368495
vt 0.975542 0.387889
vt 0.975494 0.252128
vt 0.975494 0.232733
vt 0.988187 0.232733
vt 0.975138 0.506066
vt 0.975138 0.486671
vt 0.988466 0.486671
vt 0.988466 0.506066
vt 0.294714 0.976318
vt 0.294714 0.956924
vt 0.945117 0.174549
vt 0.945117 0.155155
vt 0.960802 0.155155
vt 0.960802 0.174549
vt 0.791698 0.861819
vt 0.791698 0.840002
vt 0.808071 0.840002
vt 0.808071 0.861819
vt 0.928818 0.252128
vt 0.928818 0.232733
vt 0.945117 0.232733
vt 0.945117 0.252128
vt 0.861940 0.758136
vt 0.861940 0.736338
vt 0.878313 0.736338
vt 0.878313 0.758136
vt 0.960209 0.486671
vt 0.960209 0.467277
vt 0.975138 0.467277
vt 0.975138 0.486671
vt 0.180103 0.918135
vt 0.180103 0.896337
vt 0.196476 0.896337
vt 0.196476 0.918135
vt 0.861940 0.779952
vt 0.861940 0.758154
vt 0.878313 0.758154
vt 0.878313 0.779952
vt 0.896072 0.043614
vt 0.896072 0.021816
vt 0.912445 0.021816
vt 0.912445 0.043614
vt 0.709833 0.818186
vt 0.709833 0.840002
vt 0.693460 0.840002
vt 0.693460 0.818186
vt 0.212849 0.939826
vt 0.212849 0.918135
vt 0.229222 0.918135
vt 0.229222 0.939826
vt 0.863326 0.283411
vt 0.863326 0.305209
vt 0.846953 0.305209
vt 0.846953 0.283411
vt 0.808071 0.861819
vt 0.808071 0.840002
vt 0.824444 0.840002
vt 0.824444 0.861819
vt 0.212849 0.896337
vt 0.212849 0.918135
vt 0.196476 0.918135
vt 0.196476 0.896337
vt 0.824444 0.883617
vt 0.824444 0.905415
vt 0.808071 0.905415
vt 0.808071 0.883617
vt 0.911059 0.496340
vt 0.911059 0.518138
vt 0.894686 0.518138
vt 0.894686 0.496340
vt 1.000000 0.232733
vt 1.000000 0.252127
vt 0.988187 0.252127
vt 0.988187 0.232733
vt 0.927432 0.474524
vt 0.927432 0.496214
vt 0.911059 0.496214
vt 0.911059 0.474524
vt 0.996380 0.895764
vt 0.996380 0.915160
vt 0.984086 0.915160
vt 0.984086 0.895764
vt 0.726206 0.818186
vt 0.726206 0.840002
vt 0.604309 0.576670
vt 0.604309 0.596064
vt 0.492035 0.959873
vt 0.492035 0.979268
vt 0.477868 0.979268
vt 0.477868 0.959873
vt 0.960684 0.058184
vt 0.945187 0.058184
vt 0.676368 0.927213
vt 0.676368 0.946607
vt 0.660139 0.946607
vt 0.660139 0.927213
vt 0.999914 0.796983
vt 0.999914 0.816378
vt 0.988101 0.816378
vt 0.988101 0.796983
vt 0.922682 0.946033
vt 0.922682 0.926639
vt 0.938981 0.926639
vt 0.938981 0.946033
vt 0.959791 0.777590
vt 0.959791 0.758194
vt 0.974719 0.758194
vt 0.974719 0.777590
vt 0.345486 0.995713
vt 0.345486 0.976318
vt 0.358179 0.976318
vt 0.358179 0.995713
vt 0.974787 0.719405
vt 0.974787 0.700011
vt 0.988115 0.700011
vt 0.988115 0.719405
vt 0.338114 0.976318
vt 0.338114 0.956924
vt 0.352581 0.956924
vt 0.352581 0.976318
vt 0.912445 0.130503
vt 0.912445 0.108812
vt 0.928818 0.108812
vt 0.928818 0.130503
vt 0.945117 0.193944
vt 0.960802 0.193944
vt 0.960802 0.213338
vt 0.824444 0.861819
vt 0.824444 0.840002
vt 0.840817 0.840002
vt 0.840817 0.861819
vt 0.928818 0.310311
vt 0.928818 0.290917
vt 0.945117 0.290917
vt 0.945117 0.310311
vt 0.861940 0.801768
vt 0.861940 0.779970
vt 0.878313 0.779970
vt 0.878313 0.801768
vt 0.212849 0.918135
vt 0.212849 0.896337
vt 0.229222 0.896337
vt 0.229222 0.918135
vt 0.863326 0.021798
vt 0.863326 -0.000000
vt 0.879699 -0.000000
vt 0.879699 0.021798
vt 0.928818 0.130503
vt 0.928818 0.152193
vt 0.912445 0.152193
vt 0.912445 0.130503
vt 0.894686 0.605422
vt 0.894686 0.583624
vt 0.911059 0.583624
vt 0.911059 0.605422
vt 0.742579 0.818186
vt 0.726206 0.818186
vt 0.229222 0.939826
vt 0.229222 0.918135
vt 0.245595 0.918135
vt 0.245595 0.939826
vt 0.863326 0.305210
vt 0.863326 0.327008
vt 0.846953 0.327008
vt 0.846953 0.305210
vt 0.245595 0.896337
vt 0.245595 0.918135
vt 0.229222 0.918135
vt 0.229222 0.896337
vt 0.863326 0.327008
vt 0.863326 0.348806
vt 0.846953 0.348806
vt 0.846953 0.327008
vt 0.757514 0.927213
vt 0.757514 0.946607
vt 0.741285 0.946607
vt 0.741285 0.927213
vt 0.911059 0.605422
vt 0.911059 0.627220
vt 0.894686 0.627220
vt 0.894686 0.605422
vt 0.489680 0.979268
vt 0.489680 0.998663
vt 0.477868 0.998663
vt 0.477868 0.979268
vt 0.927432 0.496340
vt 0.927432 0.518031
vt 0.911059 0.518031
vt 0.911059 0.496340
vt 0.024589 0.978615
vt 0.024589 0.998009
vt 0.012294 0.998009
vt 0.012294 0.978615
vt 0.610734 0.631215
vt 0.610734 0.650610
vt 0.469619 0.960060
vt 0.469619 0.979454
vt 0.455452 0.979454
vt 0.960684 0.096973
vt 0.960684 0.116367
vt 0.945187 0.116367
vt 0.945187 0.096973
vt 0.889792 0.927194
vt 0.889792 0.946589
vt 0.873563 0.946589
vt 0.873563 0.927194
vt 0.945117 0.349100
vt 0.945117 0.329706
vt 0.960802 0.329706
vt 0.960802 0.349100
vt 0.928818 0.135760
vt 0.960209 0.525460
vt 0.960209 0.506066
vt 0.975138 0.506066
vt 0.975138 0.525460
vt 0.359310 0.995713
vt 0.359310 0.976319
vt 0.372003 0.976319
vt 0.372003 0.995713
vt 0.975138 0.428487
vt 0.975138 0.409093
vt 0.988466 0.409093
vt 0.988466 0.428487
vt 0.896072 0.065412
vt 0.896072 0.043614
vt 0.912445 0.043614
vt 0.912445 0.065412
vt 0.323648 0.976318
vt 0.323648 0.956924
vt 0.338114 0.956924
vt 0.338114 0.976318
vt 0.912445 0.173884
vt 0.912445 0.152193
vt 0.928818 0.152193
vt 0.928818 0.173884
vt 0.945117 0.232733
vt 0.960802 0.232733
vt 0.857190 0.840002
vt 0.857190 0.861819
vt 0.863326 0.043614
vt 0.863326 0.021816
vt 0.879699 0.021816
vt 0.879699 0.043614
vt 0.245595 0.896337
vt 0.261968 0.896337
vt 0.261968 0.918135
vt 0.912445 0.283411
vt 0.912445 0.305209
vt 0.896072 0.305209
vt 0.896072 0.283411
vt 0.863326 0.065431
vt 0.863326 0.043633
vt 0.879699 0.043633
vt 0.879699 0.065431
vt 0.928818 0.173884
vt 0.928818 0.195575
vt 0.912445 0.195575
vt 0.912445 0.173884
vt 0.896072 0.087229
vt 0.896072 0.065431
vt 0.912445 0.065431
vt 0.912445 0.087229
vt 0.758952 0.818186
vt 0.758952 0.840002
vt 0.742579 0.818186
vt 0.863326 0.348806
vt 0.863326 0.370604
vt 0.846953 0.370604
vt 0.846953 0.348806
vt 0.278341 0.896337
vt 0.278341 0.918135
vt 0.261968 0.918135
vt 0.261968 0.896337
vt 0.626215 0.946607
vt 0.626215 0.966001
vt 0.610718 0.966001
vt 0.610718 0.946607
vt 0.863326 0.370604
vt 0.863326 0.392402
vt 0.846953 0.392402
vt 0.846953 0.370604
vt 0.857046 0.927105
vt 0.857046 0.946500
vt 0.840817 0.946500
vt 0.840817 0.927105
vt 0.912445 0.305210
vt 0.912445 0.327008
vt 0.896072 0.327008
vt 0.896072 0.305210
vt 0.999928 0.700011
vt 0.999928 0.719405
vt 0.988115 0.719405
vt 0.988115 0.700011
vt 0.070105 0.978615
vt 0.070105 0.998009
vt 0.057811 0.998009
vt 0.057811 0.978615
vt 0.610734 0.685761
vt 0.610734 0.705155
vt 0.547196 0.960057
vt 0.547196 0.979452
vt 0.533028 0.960057
vt 0.960684 0.077578
vt 0.945187 0.096973
vt 0.945187 0.077578
vt 0.028934 0.978614
vt 0.028934 0.959220
vt 0.043400 0.959220
vt 0.043400 0.978614
vt 0.944330 0.603039
vt 0.944330 0.583644
vt 0.928818 0.349100
vt 0.928818 0.329706
vt 0.945117 0.329706
vt 0.945117 0.349100
vt 0.960209 0.583644
vt 0.960209 0.564249
vt 0.975138 0.564249
vt 0.975138 0.583644
vt 0.307407 0.995713
vt 0.307407 0.976318
vt 0.320100 0.976318
vt 0.320100 0.995713
vt 0.863326 0.087229
vt 0.863326 0.065431
vt 0.879699 0.065431
vt 0.879699 0.087229
vt 0.974943 0.603038
vt 0.974943 0.583644
vt 0.988272 0.583644
vt 0.988272 0.603038
vt 0.896072 0.218017
vt 0.896072 0.196219
vt 0.912445 0.196219
vt 0.912445 0.218017
vt 0.404364 0.956924
vt 0.404364 0.976319
vt 0.049119 0.939825
vt 0.049119 0.918135
vt 0.065492 0.918135
vt 0.065492 0.939825
vt 0.845567 0.430909
vt 0.845567 0.409093
vt 0.861939 0.409093
vt 0.861939 0.430909
vt 0.863326 0.109027
vt 0.863326 0.087229
vt 0.879699 0.087229
vt 0.879699 0.109027
vt 0.840817 0.883617
vt 0.840817 0.905415
vt 0.824444 0.905415
vt 0.824444 0.883616
vt 0.278341 0.918135
vt 0.278341 0.896337
vt 0.294714 0.896337
vt 0.294714 0.918135
vt 0.912445 0.218017
vt 0.912445 0.239815
vt 0.896072 0.239815
vt 0.896072 0.218017
vt 0.863326 0.130825
vt 0.863326 0.109027
vt 0.879699 0.109027
vt 0.879699 0.130825
vt 0.927432 0.518138
vt 0.927432 0.539829
vt 0.911059 0.539829
vt 0.911059 0.518138
vt 0.775325 0.818186
vt 0.775325 0.840002
vt 0.758952 0.840002
vt 0.758952 0.818186
vt 0.873563 0.818186
vt 0.873563 0.839984
vt 0.857190 0.839984
vt 0.857190 0.818186
vt 0.984367 0.876369
vt 0.970200 0.876369
vt 0.970200 0.856975
vt 0.311087 0.896337
vt 0.311087 0.918135
vt 0.294714 0.918135
vt 0.294714 0.896337
vt 0.960613 0.349100
vt 0.960613 0.368495
vt 0.945117 0.368495
vt 0.945117 0.349100
vt 0.873563 0.840002
vt 0.873563 0.861800
vt 0.857190 0.861800
vt 0.857190 0.840002
vt 0.741285 0.927213
vt 0.741285 0.946607
vt 0.725056 0.946607
vt 0.999954 0.564249
vt 0.999954 0.583643
vt 0.988141 0.583643
vt 0.988141 0.564249
vt 0.996662 0.856975
vt 0.996662 0.876370
vt 0.984368 0.876370
vt 0.984368 0.856975
vt 0.604309 0.740306
vt 0.608060 0.756534
vt 0.450224 0.960292
vt 0.450224 0.979687
vt 0.436056 0.960292
vt 0.974787 0.758194
vt 0.988115 0.758194
vt 0.960802 0.310312
vt 0.960802 0.290917
vt 0.975268 0.290917
vt 0.975268 0.310312
vt 0.945117 0.271522
vt 0.960802 0.252128
vt 0.960802 0.271522
vt 0.928818 0.368494
vt 0.928818 0.349100
vt 0.945117 0.368494
vt 0.311087 0.918135
vt 0.311087 0.896337
vt 0.327460 0.896337
vt 0.327460 0.918135
vt 0.400816 0.995713
vt 0.400816 0.976319
vt 0.413509 0.976319
vt 0.413509 0.995713
vt 0.863326 0.152623
vt 0.863326 0.130825
vt 0.879699 0.152623
vt 0.974943 0.622433
vt 0.988272 0.622433
vt 0.896072 0.109027
vt 0.896072 0.087229
vt 0.912445 0.087229
vt 0.912445 0.109027
vt 0.065492 0.939825
vt 0.065492 0.918135
vt 0.081865 0.918135
vt 0.081865 0.939825
vt 0.845567 0.452726
vt 0.845567 0.430909
vt 0.861940 0.430909
vt 0.343833 0.896337
vt 0.343833 0.918135
vt 0.327460 0.918135
vt 0.327460 0.896337
vt 0.863326 0.174421
vt 0.863326 0.152623
vt 0.879699 0.152623
vt 0.879699 0.174421
vt 0.530009 0.854181
vt 0.530009 0.875979
vt 0.513636 0.875979
vt 0.513636 0.854181
vt 0.343833 0.918135
vt 0.360206 0.896337
vt 0.360206 0.918135
vt 0.911059 0.518175
vt 0.911059 0.539973
vt 0.894686 0.539973
vt 0.894686 0.518175
vt 0.927432 0.539991
vt 0.927432 0.561682
vt 0.911059 0.561682
vt 0.911059 0.539991
vt 0.791698 0.818186
vt 0.791698 0.840002
vt 0.604309 0.440305
vt 0.608060 0.456533
vt 0.510614 0.855690
vt 0.510614 0.877488
vt 0.494241 0.877488
vt 0.494241 0.855690
vt 0.278578 0.978616
vt 0.264410 0.978616
vt 0.264410 0.959220
vt 0.376579 0.896337
vt 0.376579 0.918135
vt 0.360206 0.918135
vt 0.360206 0.896337
vt 0.938179 0.946033
vt 0.938179 0.965428
vt 0.922682 0.965428
vt 0.906165 0.927194
vt 0.906165 0.946589
vt 0.889936 0.946589
vt 0.889936 0.927194
vt 0.576048 0.979567
vt 0.576048 0.998962
vt 0.012294 0.978615
vt 0.012294 0.998009
vt 0.000000 0.998009
vt 0.000000 0.978615
vt 0.610734 0.794852
vt 0.610734 0.814247
vt 0.332793 0.995713
vt 0.332793 0.976318
vt 0.345486 0.976318
vt 0.345486 0.995713
vt 0.974787 0.700011
vt 0.974787 0.680615
vt 0.988115 0.680615
vt 0.988115 0.700011
vt 0.418926 0.976319
vt 0.418926 0.956925
vt 0.433393 0.956925
vt 0.433393 0.976319
vt 0.945117 0.290917
vt 0.960802 0.271522
vt 0.960802 0.290917
vt 0.928818 0.271522
vt 0.928818 0.252128
vt 0.945117 0.252128
vt 0.863326 0.196219
vt 0.879699 0.174421
vt 0.879699 0.196219
vt 0.960209 0.506066
vt 0.975138 0.506066
vt 0.376579 0.918135
vt 0.376579 0.896337
vt 0.392952 0.896337
vt 0.392952 0.918135
vt 0.975542 0.387889
vt 0.975542 0.368495
vt 0.988235 0.368495
vt 0.988235 0.387889
vt 0.863326 0.218017
vt 0.863326 0.196219
vt 0.879699 0.218017
vt 0.896072 0.130825
vt 0.896072 0.109027
vt 0.912445 0.109027
vt 0.912445 0.130825
vt 0.081865 0.939825
vt 0.081865 0.918135
vt 0.098238 0.918135
vt 0.098238 0.939825
vt 0.471825 0.855877
vt 0.471825 0.877675
vt 0.455452 0.877675
vt 0.455452 0.855877
vt 0.845567 0.474542
vt 0.861940 0.474542
vt 0.409325 0.896337
vt 0.409325 0.918135
vt 0.392952 0.918135
vt 0.392952 0.896337
vt 0.863326 0.239815
vt 0.863326 0.218017
vt 0.879699 0.218017
vt 0.879699 0.239815
vt 0.549402 0.855874
vt 0.549402 0.877672
vt 0.533029 0.877672
vt 0.533028 0.855874
vt 0.911059 0.539991
vt 0.911059 0.561789
vt 0.894686 0.561789
vt 0.894686 0.539991
vt 0.927432 0.561789
vt 0.927432 0.583480
vt 0.911059 0.583480
vt 0.911059 0.561789
vt 0.094694 0.978615
vt 0.094694 0.998009
vt 0.082399 0.998009
vt 0.082399 0.978615
vt 0.808071 0.818186
vt 0.791698 0.818186
vt 0.610734 0.494850
vt 0.610734 0.514246
vt 0.568796 0.855990
vt 0.568796 0.877788
vt 0.552423 0.877788
vt 0.552423 0.855990
vt 0.983641 0.946034
vt 0.983641 0.965428
vt 0.969474 0.965428
vt 0.969474 0.946034
vt 0.610718 0.946607
vt 0.610718 0.966002
vt 0.595222 0.966002
vt 0.595222 0.946607
vt 0.692597 0.927213
vt 0.692597 0.946607
vt 0.676368 0.927213
vt 0.999928 0.680615
vt 0.999928 0.700010
vt 0.988115 0.700010
vt 0.988115 0.680615
vt 0.996588 0.926639
vt 0.996588 0.946034
vt 0.984294 0.946034
vt 0.984294 0.926639
vt 0.974943 0.603039
vt 0.974943 0.622433
vt 0.983360 0.984822
vt 0.983360 0.965428
vt 0.996053 0.965428
vt 0.996053 0.984822
vt 0.975138 0.447882
vt 0.975138 0.428488
vt 0.988466 0.428488
vt 0.988466 0.447882
vt 0.000000 0.959220
vt 0.014467 0.978615
vt 0.945117 0.193944
vt 0.960802 0.193944
vt 0.845567 0.496358
vt 0.845567 0.474542
vt 0.861939 0.474542
vt 0.861939 0.496358
vt 0.928818 0.310311
vt 0.945117 0.310311
vt 0.879699 0.239815
vt 0.879699 0.261613
vt 0.960015 0.641828
vt 0.974943 0.641828
vt 0.409325 0.918135
vt 0.409325 0.896337
vt 0.425698 0.896337
vt 0.425698 0.918135
vt 0.863326 0.283411
vt 0.879699 0.283411
vt 0.896072 0.152623
vt 0.896072 0.130825
vt 0.912445 0.130825
vt 0.912445 0.152623
vt 0.824444 0.818186
vt 0.824444 0.840002
vt 0.808071 0.840002
vt 0.808071 0.818186
vt 0.912445 0.217265
vt 0.912445 0.195575
vt 0.928818 0.195575
vt 0.928818 0.217265
vt 0.452429 0.856109
vt 0.452429 0.877908
vt 0.436056 0.877908
vt 0.436056 0.856109
vt 0.845567 0.518175
vt 0.845567 0.496358
vt 0.861940 0.518175
vt 0.530008 0.897777
vt 0.530008 0.919575
vt 0.513636 0.919575
vt 0.513636 0.897777
vt 0.878313 0.409093
vt 0.878313 0.430891
vt 0.861940 0.430891
vt 0.861940 0.409093
vt 0.911059 0.561789
vt 0.911059 0.583587
vt 0.894686 0.583587
vt 0.467264 0.979455
vt 0.467264 0.998849
vt 0.455451 0.998849
vt 0.455451 0.979455
vt 0.928818 0.217265
vt 0.928818 0.238956
vt 0.912445 0.238956
vt 0.912445 0.217265
vt 0.082399 0.978615
vt 0.082399 0.998009
vt 0.070105 0.998009
vt 0.070105 0.978615
vt 0.840817 0.818186
vt 0.840817 0.840002
vt 0.824444 0.840002
vt 0.824444 0.818186
vt 0.610734 0.549397
vt 0.610734 0.568791
vt 0.984367 0.837581
vt 0.984367 0.856975
vt 0.970200 0.856975
vt 0.970200 0.837581
vt 0.708827 0.927213
vt 0.708827 0.946607
vt 0.692597 0.946607
vt 0.692597 0.927213
vt 0.501493 0.979268
vt 0.501493 0.998662
vt 0.489680 0.998662
vt 0.489680 0.979268
vt 0.494241 0.921084
vt 0.477868 0.921084
vt 0.477868 0.899286
vt 0.494241 0.899286
vt 0.789813 0.946607
vt 0.773663 0.946607
vt 0.773663 0.927213
vt 0.789813 0.927213
vt 0.975495 0.232733
vt 0.960802 0.232733
vt 0.960802 0.213338
vt 0.975494 0.213338
vt 0.988498 0.174549
vt 0.975495 0.174549
vt 0.975495 0.155155
vt 0.988498 0.155155
vt 2.021726 0.124356
vt 2.021726 0.999990
vt 13.241431 0.124356
vt 14.252109 0.124356
vt 14.252109 0.999988
vt 13.241431 0.999990
vt 0.201802 0.998009
vt 0.189875 0.998009
vt 0.189875 0.978615
vt 0.201802 0.978615
vt 0.804287 0.966001
vt 0.788975 0.966001
vt 0.788975 0.946607
vt 0.804287 0.946607
vt 11.196171 0.124356
vt 12.204029 0.124356
vt 12.204029 0.999990
vt 11.196171 0.999990
vt 0.819283 0.946607
vt 0.834278 0.946607
vt 0.834278 0.966002
vt 0.819283 0.966002
vt 0.927432 0.796983
vt 0.943801 0.796983
vt 0.943801 0.816378
vt 0.927432 0.816378
vt 0.177948 0.939826
vt 0.193938 0.939826
vt 0.193938 0.959220
vt 0.177948 0.959220
vt 0.097479 0.939826
vt 0.113599 0.939826
vt 0.113599 0.959220
vt 0.097479 0.959220
vt 0.221179 0.959220
vt 0.235589 0.959220
vt 0.235589 0.978615
vt 0.221179 0.978615
vt 0.840817 0.883617
vt 0.857190 0.883617
vt 0.857190 0.905415
vt 0.840817 0.905415
vt 0.710496 0.966002
vt 0.723922 0.966002
vt 0.723922 0.985396
vt 0.710496 0.985396
vt 0.494241 0.899286
vt 0.510614 0.899286
vt 0.510614 0.921084
vt 0.494241 0.921084
vt 0.954478 0.946034
vt 0.969474 0.946034
vt 0.969474 0.965429
vt 0.954478 0.965429
vt 0.879699 0.305209
vt 0.861940 0.539991
vt 0.845567 0.539991
vt 0.911059 0.583624
vt 0.927432 0.583624
vt 0.927432 0.605314
vt 0.911059 0.605314
vt 0.879699 0.327008
vt 0.863326 0.327008
vt 0.863326 0.305209
vt 0.896072 0.327008
vt 0.879699 0.327008
vt 0.471824 0.921271
vt 0.455451 0.921271
vt 0.455451 0.899473
vt 0.471824 0.899473
vt 0.889936 0.818186
vt 0.906309 0.818186
vt 0.906309 0.839984
vt 0.889936 0.839984
vt 0.878313 0.801750
vt 0.878313 0.779952
vt 0.894686 0.779952
vt 0.530009 0.854181
vt 0.513636 0.854181
vt 0.513636 0.832365
vt 0.530009 0.832365
vt 0.114611 0.939825
vt 0.098238 0.939825
vt 0.098238 0.918135
vt 0.114611 0.918135
vt 0.118548 0.998009
vt 0.106621 0.998009
vt 0.106621 0.978615
vt 0.118548 0.978615
vt 0.896072 0.348806
vt 0.879699 0.348806
vt 0.879699 0.327008
vt 0.896072 0.327008
vt 0.772826 0.966002
vt 0.757514 0.966002
vt 0.757514 0.946608
vt 0.772826 0.946608
vt 0.879699 0.348806
vt 0.863326 0.348806
vt 0.863326 0.327008
vt 0.879699 0.327008
vt 0.936568 0.984822
vt 0.922682 0.984822
vt 0.936568 0.965428
vt 0.327012 0.956924
vt 0.310863 0.956924
vt 0.310863 0.937529
vt 0.327012 0.937529
vt 0.975495 0.271522
vt 0.960802 0.271522
vt 0.960802 0.252128
vt 0.975495 0.252128
vt 0.988141 0.583644
vt 0.975138 0.583644
vt 0.975138 0.564249
vt 0.142402 0.998009
vt 0.130475 0.998009
vt 0.130475 0.978615
vt 0.142402 0.978615
vt 0.884962 0.965984
vt 0.898388 0.965984
vt 0.898388 0.985378
vt 0.884962 0.985378
vt 0.955204 0.895764
vt 0.970200 0.895764
vt 0.970200 0.915159
vt 0.955204 0.915159
vt 0.928818 0.000000
vt 0.945187 0.000000
vt 0.945187 0.019394
vt 0.928818 0.019394
vt 0.943801 0.700010
vt 0.959791 0.700010
vt 0.959791 0.719404
vt 0.943801 0.719404
vt 0.113599 0.939826
vt 0.129719 0.939826
vt 0.129719 0.959220
vt 0.879699 0.348806
vt 0.896072 0.348806
vt 0.896072 0.370604
vt 0.879699 0.370604
vt 0.129862 0.959220
vt 0.144272 0.959220
vt 0.144272 0.978615
vt 0.129862 0.978615
vt 0.863326 0.348806
vt 0.879699 0.348806
vt 0.879699 0.370604
vt 0.863326 0.370604
vt 1.007691 0.123788
vt 1.007691 0.914823
vt 0.000432 0.954360
vt 0.000432 0.123788
vt 0.750639 0.627276
vt 0.750639 0.601240
vt 0.782325 0.602479
vt 0.782325 0.627276
vt 0.898388 0.965984
vt 0.911813 0.965984
vt 0.911813 0.985378
vt 0.898388 0.985378
vt 0.533028 0.899471
vt 0.549402 0.899471
vt 0.549402 0.921268
vt 0.533028 0.921268
vt 0.863326 0.370604
vt 0.879699 0.370604
vt 0.879699 0.392402
vt 0.863326 0.392402
vt 0.845567 0.539991
vt 0.861940 0.561807
vt 0.845567 0.561807
vt 1.020760 1.000003
vt 2.026439 1.000003
vt 2.026439 0.124819
vt 1.020760 0.166481
vt 13.241637 0.124416
vt 14.252162 0.124416
vt 14.252162 0.963147
vt 13.241637 0.923221
vt 0.896072 0.392402
vt 0.879699 0.392402
vt 0.879699 0.370604
vt 0.896072 0.370604
vt 0.912445 0.239815
vt 0.928818 0.239815
vt 0.928818 0.261506
vt 0.912445 0.261506
vt 11.196177 0.999996
vt 12.247446 0.999996
vt 12.247446 0.166476
vt 11.196177 0.124812
vt 0.593108 0.881194
vt 0.576735 0.881194
vt 0.576735 0.859396
vt 0.593108 0.859396
vt 0.513636 0.875979
vt 0.530008 0.875979
vt 0.530008 0.897777
vt 0.513636 0.897777
vt 0.568796 0.921384
vt 0.552423 0.921384
vt 0.552423 0.899586
vt 0.568796 0.899586
vt 0.896072 0.021798
vt 0.879699 0.021798
vt 0.879699 0.000000
vt 0.896072 0.000000
vt 14.248549 0.164246
vt 0.494241 0.855690
vt 0.494241 0.833874
vt 0.510614 0.833874
vt 0.988380 0.038789
vt 0.975377 0.038789
vt 0.975377 0.019395
vt 0.988380 0.019395
vt 0.928818 0.283197
vt 0.912445 0.283197
vt 0.912445 0.261506
vt 0.928818 0.261506
vt 0.225656 0.998009
vt 0.213729 0.998009
vt 0.213729 0.978615
vt 0.225656 0.978615
vt 0.494241 0.899286
vt 0.494241 0.877488
vt 0.510614 0.877488
vt 0.702773 0.966002
vt 0.687462 0.966002
vt 0.687462 0.946607
vt 0.702773 0.946607
vt 0.655413 0.985396
vt 0.641526 0.985396
vt 0.641526 0.966002
vt 0.655413 0.966002
vt 0.955204 0.915158
vt 0.939055 0.915158
vt 0.939055 0.895764
vt 0.955204 0.895764
vt 0.975377 0.019395
vt 0.960684 0.019395
vt 0.975377 0.000000
vt 0.988310 0.407284
vt 0.975306 0.407284
vt 0.975306 0.387890
vt 0.988310 0.387890
vt 0.072221 0.959220
vt 0.086631 0.959220
vt 0.086631 0.978615
vt 0.072221 0.978615
vt 0.804287 0.966003
vt 0.817712 0.966003
vt 0.817712 0.985397
vt 0.804287 0.985397
vt 0.955204 0.818186
vt 0.970200 0.837580
vt 0.955204 0.837580
vt 0.928818 0.038789
vt 0.945187 0.038789
vt 0.945187 0.058183
vt 0.928818 0.058183
vt 0.943801 0.719405
vt 0.959791 0.719405
vt 0.959791 0.738800
vt 0.943801 0.738800
vt 0.927432 0.605422
vt 0.927432 0.627112
vt 0.911059 0.627112
vt 0.048866 0.939825
vt 0.048866 0.959220
vt 0.032746 0.959220
vt 0.477868 0.877488
vt 0.494241 0.877488
vt 0.494241 0.899286
vt 0.477868 0.899286
vt 0.145838 0.959220
vt 0.160249 0.959220
vt 0.160249 0.978614
vt 0.145838 0.978614
vt 0.595222 0.861818
vt 0.611595 0.861818
vt 0.611595 0.883617
vt 0.595222 0.883617
vt 0.436056 0.899706
vt 0.452429 0.899706
vt 0.452429 0.921504
vt 0.436056 0.921504
vt 0.627968 0.861818
vt 0.644341 0.861818
vt 0.644341 0.883617
vt 0.627968 0.883617
vt 0.261968 0.939825
vt 0.245595 0.939825
vt 0.245595 0.918135
vt 0.261968 0.918135
vt 0.845567 0.583624
vt 0.471825 0.899473
vt 0.455452 0.899473
vt 0.455452 0.877675
vt 0.471825 0.877675
vt 0.912445 0.283411
vt 0.928818 0.283411
vt 0.928818 0.305102
vt 0.912445 0.305102
vt 0.660714 0.883617
vt 0.644341 0.883617
vt 0.644341 0.861818
vt 0.660714 0.861818
vt 0.922682 0.839984
vt 0.906309 0.839984
vt 0.906309 0.818186
vt 0.922682 0.818186
vt 0.896072 0.043614
vt 0.879699 0.043614
vt 0.879699 0.021816
vt 0.896072 0.021816
vt 0.975494 0.155154
vt 0.960802 0.155154
vt 0.960802 0.135760
vt 0.975494 0.135760
vt 0.471824 0.855877
vt 0.455451 0.855877
vt 0.471824 0.834061
vt 0.988380 0.116367
vt 0.975377 0.116367
vt 0.975377 0.096973
vt 0.988380 0.096973
vt 0.928818 0.326793
vt 0.912445 0.326793
vt 0.912445 0.305102
vt 0.928818 0.305102
vt 0.173885 0.998010
vt 0.161958 0.998010
vt 0.161958 0.978615
vt 0.173885 0.978615
vt 0.921621 0.965983
vt 0.906309 0.965983
vt 0.906309 0.946588
vt 0.921621 0.946588
vt 0.669299 0.985396
vt 0.655413 0.985396
vt 0.655413 0.966002
vt 0.669299 0.966002
vt 0.359310 0.956923
vt 0.343161 0.956923
vt 0.343161 0.937529
vt 0.359310 0.937529
vt 0.975377 0.077578
vt 0.960684 0.077578
vt 0.960684 0.058184
vt 0.975377 0.058184
vt 0.090600 0.999970
vt 0.090600 0.124638
vt 0.090600 0.999970
vt 0.090600 0.124638
vt 0.019793 0.124638
vt 0.090600 0.124638
vt 0.090600 0.999970
vt 0.019793 0.999970
vt 0.019793 0.124638
vt 0.090600 0.124638
vt 0.090600 0.999970
vt 0.090600 0.124638
vt 0.019793 0.124638
vt 0.090600 0.124638
vt 0.090600 0.999970
vt 0.090600 0.124638
vt 0.090600 0.999970
vt 0.090600 0.124638
vt 0.676694 0.535982
vt 0.019234 0.535982
vt 0.019234 0.480408
vt 0.019234 0.480407
vt 0.676693 0.480407
vt 0.676694 0.529239
vt 0.019235 0.529239
vt 6.606933 0.124356
vt 7.021782 0.250829
vt 7.021782 0.873515
vt 6.606933 0.999990
vt 7.721636 0.873515
vt 8.136486 0.999990
vt 7.721636 0.250831
vt 8.136486 0.124356
vt 9.666031 0.124356
vt 10.080878 0.250829
vt 10.080878 0.873515
vt 9.666031 0.999990
vt 10.781324 0.873515
vt 10.781324 0.250829
vt 2.436575 0.250829
vt 2.436575 0.873515
vt 3.132982 0.873515
vt 3.547831 0.999990
vt 3.132982 0.250829
vt 3.547831 0.124356
vt 3.962727 0.250829
vt 3.962727 0.873515
vt 4.662533 0.873515
vt 5.077381 0.999990
vt 4.662533 0.250829
vt 5.077381 0.124356
vt 5.492230 0.250829
vt 5.492230 0.873515
vt 6.192084 0.873515
vt 6.192084 0.250829
vt 8.551333 0.250829
vt 8.551333 0.873515
vt 9.251184 0.873515
vt 9.251184 0.250829
vt 3.962627 0.250829
vt 3.962627 0.873515
vt 3.962730 0.250829
vt 3.962730 0.873515
vt 3.962725 0.873515
vt 3.962723 0.250829
vt 3.962722 0.873515
vt 3.962729 0.250829
vt 3.962729 0.873515
vt 6.609292 1.000000
vt 7.023925 0.873586
vt 7.023925 0.251226
vt 6.609289 0.124816
vt 7.723425 0.251226
vt 8.138058 0.124814
vt 7.723425 0.873586
vt 8.138058 1.000000
vt 9.666821 1.000000
vt 10.081457 0.873586
vt 10.081457 0.251223
vt 9.666821 0.124814
vt 10.781543 0.251223
vt 10.781543 0.873586
vt 2.441072 0.873589
vt 2.441072 0.251228
vt 3.137121 0.251228
vt 3.551758 0.124817
vt 3.137121 0.873589
vt 3.551758 1.000000
vt 3.966393 0.873589
vt 3.966393 0.251228
vt 4.665890 0.251228
vt 5.080523 0.124817
vt 4.665888 0.873589
vt 5.080523 1.000000
vt 5.495159 0.873589
vt 5.495159 0.251226
vt 6.194655 0.251226
vt 6.194655 0.873589
vt 8.552692 0.873586
vt 8.552692 0.251224
vt 9.252188 0.251224
vt 9.252188 0.873586
vt 3.962625 0.250829
vt 3.962625 0.873515
vt 3.962629 0.250829
vt 3.962629 0.873515
vt 3.962622 0.250829
vt 3.962622 0.873515
vt 3.962734 0.250829
vt 3.962734 0.873515
vt 0.532896 0.696603
vt 0.513636 0.696603
vt 0.513636 0.677208
vt 0.532896 0.677208
vt 0.494240 0.530682
vt 0.494240 0.508963
vt 0.513634 0.508963
vt 0.513634 0.530682
vt 0.552423 0.717055
vt 0.552423 0.697281
vt 0.571818 0.697281
vt 0.571818 0.717055
vt 0.383437 0.937529
vt 0.365692 0.937529
vt 0.365692 0.918135
vt 0.383437 0.918135
vt 0.944330 0.467277
vt 0.927432 0.467277
vt 0.927432 0.447882
vt 0.944330 0.447882
vt 0.455451 0.594675
vt 0.455451 0.615556
vt 0.436056 0.615556
vt 0.436056 0.594675
vt 0.532896 0.612583
vt 0.513635 0.612583
vt 0.513635 0.593189
vt 0.532896 0.593189
vt 0.455451 0.508963
vt 0.455451 0.487244
vt 0.474846 0.487244
vt 0.474846 0.508963
vt 0.455451 0.716754
vt 0.455451 0.696981
vt 0.474846 0.696981
vt 0.474846 0.716754
vt 0.312459 0.937530
vt 0.294714 0.937530
vt 0.294714 0.918135
vt 0.312459 0.918135
vt 0.593633 0.944185
vt 0.576734 0.944185
vt 0.576734 0.924790
vt 0.593633 0.924790
vt 0.455451 0.594675
vt 0.455451 0.573793
vt 0.474846 0.573793
vt 0.474846 0.594675
vt 0.532896 0.651372
vt 0.513635 0.651372
vt 0.513635 0.631978
vt 0.532896 0.631978
vt 0.436056 0.530682
vt 0.436056 0.508963
vt 0.455451 0.508963
vt 0.455451 0.530682
vt 0.513636 0.696981
vt 0.513636 0.716754
vt 0.494241 0.716754
vt 0.494241 0.696981
vt 0.531380 0.938970
vt 0.513635 0.938970
vt 0.513635 0.919575
vt 0.531380 0.919575
vt 0.944330 0.428488
vt 0.927432 0.428488
vt 0.927432 0.409093
vt 0.944330 0.409093
vt 0.513635 0.573793
vt 0.513635 0.594675
vt 0.494241 0.594675
vt 0.494241 0.573793
vt 0.532896 0.774181
vt 0.513635 0.774181
vt 0.513635 0.754786
vt 0.532896 0.754786
vt 0.513634 0.530682
vt 0.533029 0.508963
vt 0.533029 0.530682
vt 0.455451 0.697593
vt 0.455451 0.717366
vt 0.436056 0.717366
vt 0.436056 0.697593
vt 0.495612 0.940479
vt 0.477868 0.940479
vt 0.477868 0.921084
vt 0.495612 0.921084
vt 0.944330 0.564249
vt 0.927432 0.564249
vt 0.927432 0.544855
vt 0.944330 0.544855
vt 0.552423 0.615741
vt 0.552423 0.594860
vt 0.571817 0.594860
vt 0.571817 0.615741
vt 0.532896 0.670767
vt 0.513635 0.670767
vt 0.474845 0.508963
vt 0.474845 0.530682
vt 0.455451 0.530682
vt 0.455451 0.508963
vt 0.494241 0.696981
vt 0.474846 0.716754
vt 0.474846 0.696981
vt 0.401182 0.937529
vt 0.383437 0.937529
vt 0.383437 0.918135
vt 0.401182 0.918135
vt 0.927432 0.447882
vt 0.455451 0.615556
vt 0.455451 0.594675
vt 0.474846 0.594675
vt 0.474846 0.615556
vt 0.532896 0.715997
vt 0.513635 0.715997
vt 0.513635 0.696603
vt 0.494240 0.508963
vt 0.494240 0.530682
vt 0.552423 0.697166
vt 0.552423 0.716939
vt 0.533028 0.716939
vt 0.533028 0.697166
vt 0.418926 0.937529
vt 0.401181 0.937529
vt 0.401181 0.918135
vt 0.418926 0.918135
vt 0.944330 0.486671
vt 0.927432 0.486671
vt 0.927432 0.467277
vt 0.944330 0.467277
vt 0.533028 0.615741
vt 0.533028 0.594860
vt 0.552423 0.594860
vt 0.552423 0.615741
vt 0.513635 0.612583
vt 0.494241 0.487244
vt 0.494241 0.508963
vt 0.474846 0.508963
vt 0.474846 0.487244
vt 0.474846 0.696981
vt 0.474846 0.677208
vt 0.494241 0.677208
vt 0.494241 0.696981
vt 0.330203 0.937530
vt 0.312459 0.937530
vt 0.312459 0.918135
vt 0.330203 0.918135
vt 0.944330 0.506066
vt 0.927432 0.506066
vt 0.927432 0.486671
vt 0.944330 0.486671
vt 0.474846 0.594675
vt 0.474846 0.573793
vt 0.494241 0.573793
vt 0.494241 0.594675
vt 0.532896 0.793575
vt 0.513635 0.793575
vt 0.494239 0.530682
vt 0.494239 0.552401
vt 0.474845 0.552401
vt 0.474845 0.530682
vt 0.513635 0.716754
vt 0.513635 0.736527
vt 0.494241 0.736527
vt 0.494241 0.716754
vt 0.570168 0.940778
vt 0.552423 0.940778
vt 0.552423 0.921384
vt 0.570168 0.921384
vt 0.944330 0.583644
vt 0.927432 0.583644
vt 0.927432 0.564250
vt 0.944330 0.564250
vt 0.474846 0.615556
vt 0.474846 0.636438
vt 0.455451 0.636438
vt 0.455451 0.615556
vt 0.513501 0.795085
vt 0.494241 0.795085
vt 0.494241 0.775690
vt 0.513501 0.775690
vt 0.513633 0.530682
vt 0.513633 0.552401
vt 0.474846 0.736527
vt 0.474846 0.716754
vt 0.494240 0.716754
vt 0.494240 0.736527
vt 0.473196 0.940665
vt 0.455451 0.940665
vt 0.455451 0.921271
vt 0.473196 0.921271
vt 0.944330 0.603038
vt 0.927432 0.603038
vt 0.927432 0.583644
vt 0.944330 0.583644
vt 0.513635 0.615556
vt 0.513635 0.636438
vt 0.494241 0.636438
vt 0.494241 0.615556
vt 0.552289 0.795269
vt 0.533028 0.795269
vt 0.533028 0.775875
vt 0.552289 0.775875
vt 0.436056 0.552401
vt 0.436056 0.530682
vt 0.455451 0.530682
vt 0.455450 0.552401
vt 0.474846 0.716754
vt 0.474846 0.736527
vt 0.455451 0.736527
vt 0.455451 0.716754
vt 0.513357 0.940479
vt 0.495612 0.940479
vt 0.495612 0.921084
vt 0.513357 0.921084
vt 0.944330 0.622432
vt 0.927432 0.622432
vt 0.927432 0.603038
vt 0.944330 0.603038
vt 0.494240 0.615556
vt 0.494240 0.636438
vt 0.474846 0.636438
vt 0.474846 0.615556
vt 0.571683 0.795385
vt 0.552423 0.775990
vt 0.571683 0.775990
vt 0.455450 0.552401
vt 0.455450 0.530682
vt 0.474845 0.530682
vt 0.474845 0.552401
vt 0.552423 0.716939
vt 0.552423 0.736712
vt 0.550773 0.940663
vt 0.533028 0.921269
vt 0.550773 0.921269
vt 0.944330 0.641827
vt 0.927432 0.641827
vt 0.455450 0.615556
vt 0.455450 0.636438
vt 0.436056 0.636438
vt 0.532896 0.593189
vt 0.513635 0.593189
vt 0.532896 0.573793
vt 0.436056 0.508963
vt 0.436056 0.487244
vt 0.455451 0.487244
vt 0.455451 0.508963
vt 0.474846 0.677208
vt 0.455451 0.696981
vt 0.494241 0.877488
vt 0.476496 0.877488
vt 0.476496 0.858093
vt 0.494241 0.858093
vt 0.435825 0.937530
vt 0.418926 0.937530
vt 0.418926 0.918135
vt 0.435825 0.918135
vt 0.455451 0.573793
vt 0.455451 0.594675
vt 0.436056 0.594675
vt 0.436056 0.573793
vt 0.455316 0.795504
vt 0.436056 0.795504
vt 0.436056 0.776110
vt 0.455316 0.776110
vt 0.533029 0.487244
vt 0.533030 0.508963
vt 0.513635 0.508963
vt 0.513635 0.487244
vt 0.513636 0.677208
vt 0.494241 0.677208
vt 0.365692 0.937529
vt 0.347948 0.937529
vt 0.347948 0.918135
vt 0.365692 0.918135
vt 0.944330 0.544855
vt 0.927432 0.544854
vt 0.927432 0.525460
vt 0.944330 0.525460
vt 0.552423 0.615741
vt 0.552423 0.636623
vt 0.533029 0.636623
vt 0.533029 0.615741
vt 0.532896 0.735392
vt 0.513635 0.735392
vt 0.532896 0.715998
vt 0.533029 0.552401
vt 0.513634 0.552401
vt 0.513635 0.530682
vt 0.571817 0.717054
vt 0.571817 0.736828
vt 0.552423 0.717054
vt 0.453801 0.940898
vt 0.436056 0.940898
vt 0.453801 0.921504
vt 0.944330 0.661221
vt 0.927432 0.661221
vt 0.474846 0.615556
vt 0.494240 0.594675
vt 0.494241 0.615556
vt 0.532896 0.754786
vt 0.513635 0.754786
vt 0.513635 0.487244
vt 0.513635 0.508963
vt 0.494241 0.508963
vt 0.494241 0.487244
vt 0.552423 0.677393
vt 0.533028 0.677393
vt 0.347948 0.937529
vt 0.330203 0.937529
vt 0.330203 0.918135
vt 0.347948 0.918135
vt 0.944330 0.525460
vt 0.927432 0.525460
vt 0.944330 0.506066
vt 0.513635 0.594675
vt 0.513635 0.615556
vt 0.494241 0.615556
vt 0.494241 0.594675
vt 0.968364 0.984823
vt 0.954478 0.984823
vt 0.954478 0.965428
vt 0.968364 0.965428
vt 0.873563 0.883598
vt 0.857190 0.883598
vt 0.857190 0.861800
vt 0.873563 0.861800
vt 0.672150 0.966002
vt 0.656838 0.966002
vt 0.656838 0.946607
vt 0.672150 0.946607
vt 0.549402 0.899471
vt 0.533028 0.877673
vt 0.549402 0.877673
vt 0.130984 0.939825
vt 0.114611 0.939825
vt 0.114611 0.918135
vt 0.130984 0.918135
vt 0.488197 0.855877
vt 0.471824 0.855877
vt 0.471824 0.834061
vt 0.488197 0.834061
vt 0.906309 0.840002
vt 0.922682 0.840002
vt 0.922682 0.861800
vt 0.906309 0.861800
vt 0.896072 0.065431
vt 0.879699 0.065431
vt 0.879699 0.043633
vt 0.896072 0.043633
vt 0.660714 0.861818
vt 0.677087 0.861818
vt 0.677087 0.883617
vt 0.660714 0.883617
vt 0.922682 0.883598
vt 0.906309 0.883598
vt 0.906309 0.861800
vt 0.922682 0.861800
vt 0.552423 0.877788
vt 0.568796 0.877788
vt 0.568796 0.899586
vt 0.552423 0.899586
vt 0.911059 0.627220
vt 0.927432 0.627220
vt 0.927432 0.648910
vt 0.911059 0.648910
vt 0.845567 0.583624
vt 0.861940 0.605440
vt 0.845567 0.605440
vt 0.927432 0.758195
vt 0.943801 0.758195
vt 0.943801 0.777589
vt 0.927432 0.777589
vt 0.677087 0.861818
vt 0.693460 0.861818
vt 0.693460 0.883617
vt 0.677087 0.883617
vt 0.959791 0.719404
vt 0.974787 0.719404
vt 0.974787 0.738798
vt 0.959791 0.738798
vt 0.906309 0.883598
vt 0.922682 0.905396
vt 0.906309 0.905396
vt 0.974676 0.796984
vt 0.988101 0.796984
vt 0.988101 0.816378
vt 0.974676 0.816378
vt 0.192359 0.959220
vt 0.206769 0.959220
vt 0.206769 0.978614
vt 0.192359 0.978614
vt 0.391550 0.937530
vt 0.407670 0.937530
vt 0.407670 0.956924
vt 0.391550 0.956924
vt 0.209928 0.939825
vt 0.225918 0.939825
vt 0.225918 0.959220
vt 0.209928 0.959220
vt 0.927432 0.680616
vt 0.943801 0.680616
vt 0.943801 0.700011
vt 0.927432 0.700011
vt 0.788975 0.966001
vt 0.773664 0.966001
vt 0.773664 0.946607
vt 0.788975 0.946607
vt 0.237583 0.998009
vt 0.225656 0.998009
vt 0.225656 0.978615
vt 0.237583 0.978615
vt 0.988498 0.193944
vt 0.975495 0.193944
vt 0.975495 0.174549
vt 0.988498 0.174549
vt 0.975377 0.058184
vt 0.960684 0.058184
vt 0.975377 0.038789
vt 0.955131 0.946034
vt 0.938981 0.946034
vt 0.955131 0.926639
vt 0.593108 0.924790
vt 0.576735 0.924790
vt 0.576735 0.902992
vt 0.593108 0.902992
vt 0.983360 0.984823
vt 0.969474 0.984823
vt 0.983360 0.965428
vt 0.709833 0.883617
vt 0.693460 0.883617
vt 0.693460 0.861819
vt 0.709833 0.861819
vt 0.452429 0.899706
vt 0.436056 0.899706
vt 0.436056 0.877908
vt 0.452429 0.877908
vt 0.928818 0.348698
vt 0.912445 0.348698
vt 0.912445 0.327008
vt 0.928818 0.327008
vt 0.549401 0.855874
vt 0.533028 0.834058
vt 0.549401 0.834058
vt 0.595222 0.905415
vt 0.611595 0.905415
vt 0.611595 0.927213
vt 0.896072 0.087229
vt 0.879699 0.087229
vt 0.879699 0.065431
vt 0.896072 0.065431
vt 0.709833 0.861818
vt 0.726206 0.861818
vt 0.726206 0.883617
vt 0.709833 0.883617
vt 0.576735 0.881194
vt 0.593108 0.881194
vt 0.593108 0.902992
vt 0.576735 0.902992
vt 0.912445 0.348806
vt 0.928818 0.348806
vt 0.928818 0.370496
vt 0.912445 0.370496
vt 0.861940 0.605440
vt 0.845567 0.627256
vt 0.928818 0.096972
vt 0.945187 0.096972
vt 0.945187 0.116366
vt 0.928818 0.116366
vt 0.726206 0.861818
vt 0.742579 0.861818
vt 0.742579 0.883617
vt 0.726206 0.883617
vt 0.959791 0.661221
vt 0.974787 0.661221
vt 0.974787 0.680615
vt 0.959791 0.680615
vt 0.974719 0.758194
vt 0.988145 0.758194
vt 0.988145 0.777589
vt 0.974719 0.777589
vt 0.115452 0.959220
vt 0.129862 0.959220
vt 0.129862 0.978615
vt 0.115452 0.978615
vt 0.529755 0.938970
vt 0.529755 0.958364
vt 0.513635 0.958364
vt 0.225918 0.939826
vt 0.241908 0.939826
vt 0.241908 0.959220
vt 0.225918 0.959220
vt 0.697071 0.985396
vt 0.683185 0.985396
vt 0.683185 0.966002
vt 0.697071 0.966002
vt 0.733397 0.966002
vt 0.718085 0.966002
vt 0.718085 0.946607
vt 0.733397 0.946607
vt 0.261927 0.998008
vt 0.250000 0.998008
vt 0.250000 0.978614
vt 0.261927 0.978614
vt 0.988272 0.329706
vt 0.975268 0.329706
vt 0.988272 0.310312
vt 0.975377 0.038789
vt 0.960684 0.038789
vt 0.975377 0.019395
vt 0.896072 0.109027
vt 0.879699 0.109027
vt 0.879699 0.087229
vt 0.896072 0.087229
vt 0.955204 0.837580
vt 0.939055 0.837580
vt 0.939055 0.818186
vt 0.955204 0.818186
vt 0.627968 0.927213
vt 0.611595 0.927213
vt 0.611595 0.905415
vt 0.627968 0.905415
vt 0.609108 0.985396
vt 0.595222 0.985396
vt 0.595222 0.966001
vt 0.609108 0.966001
vt 0.758952 0.883617
vt 0.742579 0.883617
vt 0.742579 0.861819
vt 0.758952 0.861819
vt 0.611595 0.905415
vt 0.595222 0.905415
vt 0.595222 0.883617
vt 0.611595 0.883617
vt 0.147357 0.939825
vt 0.130984 0.918135
vt 0.147357 0.918135
vt 0.758952 0.861818
vt 0.775325 0.861818
vt 0.775325 0.883617
vt 0.758952 0.883617
vt 0.568796 0.855990
vt 0.552423 0.834174
vt 0.568796 0.834174
vt 0.627968 0.905415
vt 0.644341 0.905415
vt 0.644341 0.927213
vt 0.627968 0.927213
vt 0.879699 0.130825
vt 0.896072 0.109027
vt 0.775325 0.861818
vt 0.791698 0.861818
vt 0.775325 0.883617
vt 0.611595 0.883617
vt 0.627968 0.883617
vt 0.611595 0.905415
vt 0.911059 0.649036
vt 0.927432 0.649036
vt 0.927432 0.670727
vt 0.911059 0.670727
vt 0.257898 0.939826
vt 0.273888 0.939826
vt 0.273888 0.959220
vt 0.257898 0.959220
vt 0.845567 0.627256
vt 0.861940 0.627256
vt 0.845567 0.649072
vt 0.928818 0.058183
vt 0.945187 0.058183
vt 0.945187 0.077577
vt 0.928818 0.077577
vt 0.791698 0.861818
vt 0.808071 0.861818
vt 0.808071 0.883617
vt 0.791698 0.883617
vt 0.959791 0.680615
vt 0.974787 0.680615
vt 0.974787 0.700010
vt 0.959791 0.700010
vt 0.723922 0.966002
vt 0.737347 0.966002
vt 0.737347 0.985396
vt 0.723922 0.985396
vt 0.086631 0.959220
vt 0.101041 0.959220
vt 0.101041 0.978615
vt 0.086631 0.978615
vt 0.000000 0.939826
vt 0.016120 0.939826
vt 0.016120 0.959220
vt 0.000000 0.959220
vt 0.289878 0.939826
vt 0.289878 0.959220
vt 0.343161 0.956923
vt 0.327012 0.956923
vt 0.327012 0.937529
vt 0.343161 0.937529
vt 0.984086 0.915160
vt 0.970200 0.915160
vt 0.970200 0.895764
vt 0.984086 0.895764
vt 0.718085 0.966001
vt 0.702773 0.966001
vt 0.702773 0.946607
vt 0.718085 0.946607
vt 0.130475 0.998009
vt 0.118548 0.998009
vt 0.118548 0.978615
vt 0.130475 0.978615
vt 0.988380 0.058184
vt 0.975377 0.058184
vt 0.452429 0.856109
vt 0.436056 0.856109
vt 0.436056 0.834293
vt 0.452429 0.834293
vt 0.975377 0.096973
vt 0.960684 0.096973
vt 0.960684 0.077578
vt 0.975377 0.077578
vt 0.896072 0.152623
vt 0.879699 0.152623
vt 0.879699 0.130825
vt 0.955204 0.856975
vt 0.939055 0.856975
vt 0.939055 0.837581
vt 0.955204 0.837581
vt 0.660714 0.927213
vt 0.644341 0.927213
vt 0.644341 0.905415
vt 0.660714 0.905415
vt 0.824444 0.883617
vt 0.824444 0.861818
vt 0.627968 0.883617
vt 0.611595 0.883617
vt 0.611595 0.861819
vt 0.627968 0.861819
vt 0.845567 0.649072
vt 0.861940 0.649072
vt 0.861940 0.670889
vt 0.845567 0.670889
vt 0.278341 0.939825
vt 0.261968 0.939825
vt 0.261968 0.918135
vt 0.278341 0.918135
vt 0.824444 0.861818
vt 0.840817 0.861818
vt 0.840817 0.883617
vt 0.824444 0.883617
vt 0.857190 0.840002
vt 0.840817 0.840002
vt 0.840817 0.818186
vt 0.857190 0.818186
vt 0.677087 0.905415
vt 0.677087 0.927213
vt 0.660714 0.927213
vt 0.889936 0.840002
vt 0.906309 0.840002
vt 0.906309 0.861800
vt 0.889936 0.861800
vt 0.644341 0.883617
vt 0.644341 0.905415
vt 0.145838 0.939826
vt 0.161958 0.939826
vt 0.161958 0.959220
vt 0.145838 0.959220
vt 0.927432 0.670834
vt 0.927432 0.692525
vt 0.911059 0.692525
vt 0.177948 0.939826
vt 0.177948 0.959221
vt 0.161958 0.959221
vt 0.861940 0.692705
vt 0.845567 0.692705
vt 0.928818 0.077577
vt 0.945187 0.077577
vt 0.955130 0.926639
vt 0.970126 0.946034
vt 0.955130 0.946034
vt 0.737347 0.966002
vt 0.750772 0.966002
vt 0.750772 0.985396
vt 0.737347 0.985396
vt 0.057811 0.959220
vt 0.072221 0.959220
vt 0.072221 0.978615
vt 0.057811 0.978615
vt 0.049119 0.939826
vt 0.065239 0.939826
vt 0.065239 0.959220
vt 0.049119 0.959220
vt 0.975494 0.290916
vt 0.960802 0.290916
vt 0.960802 0.271522
vt 0.975494 0.271522
vt 0.773664 0.946608
vt 0.757514 0.946608
vt 0.757514 0.927213
vt 0.773664 0.927213
vt 0.640101 0.985397
vt 0.626215 0.985397
vt 0.626215 0.966002
vt 0.640101 0.966002
vt 0.656838 0.966002
vt 0.641527 0.966002
vt 0.641527 0.946607
vt 0.656838 0.946607
vt 0.189875 0.998009
vt 0.177948 0.998009
vt 0.177948 0.978615
vt 0.189875 0.978615
vt 0.928818 0.392294
vt 0.912445 0.392294
vt 0.912445 0.370604
vt 0.928818 0.370604
vt 0.988380 0.096973
vt 0.975377 0.096973
vt 0.975377 0.077578
vt 0.988380 0.077578
vt 0.593108 0.859396
vt 0.593108 0.837580
vt 0.960802 0.174549
vt 0.960802 0.155155
vt 0.975495 0.155155
vt 0.896072 0.174421
vt 0.879699 0.174421
vt 0.879699 0.152623
vt 0.896072 0.152623
vt 0.873563 0.927194
vt 0.857190 0.927194
vt 0.857190 0.905396
vt 0.873563 0.905396
vt 0.857190 0.883617
vt 0.840817 0.883617
vt 0.840817 0.861819
vt 0.857190 0.861819
vt 0.922682 0.818186
vt 0.939055 0.818186
vt 0.939055 0.839877
vt 0.922682 0.839877
vt 0.911059 0.649036
vt 0.894686 0.649036
vt 0.894686 0.627238
vt 0.911059 0.627238
vt 0.845567 0.692705
vt 0.861940 0.714521
vt 0.845567 0.714521
vt 0.294714 0.939825
vt 0.278341 0.939825
vt 0.278341 0.918135
vt 0.294714 0.918135
vt 0.873563 0.818186
vt 0.889936 0.818186
vt 0.889936 0.839984
vt 0.873563 0.839984
vt 0.677087 0.905415
vt 0.693460 0.905415
vt 0.693460 0.927213
vt 0.677087 0.927213
vt 0.889936 0.840002
vt 0.889936 0.861800
vt 0.250000 0.959220
vt 0.264410 0.959220
vt 0.264410 0.978614
vt 0.894686 0.649036
vt 0.911059 0.670834
vt 0.894686 0.670834
vt 0.359310 0.937530
vt 0.375430 0.937530
vt 0.375430 0.956925
vt 0.911059 0.692632
vt 0.927432 0.692632
vt 0.927432 0.714323
vt 0.911059 0.714323
vt 0.943801 0.680615
vt 0.959791 0.680615
vt 0.927432 0.700011
vt 0.943801 0.700011
vt 0.943801 0.719405
vt 0.927432 0.719405
vt 0.970200 0.856975
vt 0.955204 0.856975
vt 0.757514 0.966002
vt 0.770940 0.966002
vt 0.770940 0.985397
vt 0.757514 0.985397
vt 0.161958 0.959221
vt 0.176369 0.959221
vt 0.176369 0.978615
vt 0.161958 0.978615
vt 0.988498 0.232732
vt 0.975495 0.232732
vt 0.975495 0.213338
vt 0.988498 0.213338
vt 0.975306 0.407284
vt 0.960614 0.407284
vt 0.960614 0.387890
vt 0.975306 0.387890
vt 0.939055 0.876370
vt 0.955204 0.876370
vt 0.683185 0.985396
vt 0.683185 0.966002
vt 0.905248 0.965983
vt 0.889936 0.965983
vt 0.889936 0.946589
vt 0.905248 0.946589
vt 0.644341 0.883617
vt 0.660714 0.883617
vt 0.157765 0.998009
vt 0.145838 0.998009
vt 0.145838 0.978614
vt 0.157765 0.978614
vt 0.939055 0.861567
vt 0.922682 0.861567
vt 0.922682 0.839877
vt 0.939055 0.839877
vt 0.975377 0.058184
vt 0.988380 0.058184
vt 0.611595 0.861818
vt 0.595222 0.861818
vt 0.595222 0.840002
vt 0.611595 0.840002
vt 0.896072 0.196219
vt 0.879699 0.196219
vt 0.896072 0.174421
vt 0.889936 0.927194
vt 0.873563 0.905396
vt 0.857190 0.883598
vt 0.873563 0.883598
vt 0.873563 0.905396
vt 0.857190 0.905396
vt 0.889936 0.883598
vt 0.873563 0.883598
vt 0.873563 0.861800
vt 0.889936 0.861800
vt 0.922682 0.861567
vt 0.939055 0.861567
vt 0.939055 0.883258
vt 0.922682 0.883258
vt 0.677087 0.905415
vt 0.660714 0.905415
vt 0.660714 0.883617
vt 0.677087 0.883617
vt 0.845567 0.714521
vt 0.861940 0.714521
vt 0.861940 0.736338
vt 0.845567 0.736338
vt 0.894686 0.409093
vt 0.894686 0.430891
vt 0.693460 0.905415
vt 0.709833 0.905415
vt 0.709833 0.927213
vt 0.693460 0.927213
vt 0.974787 0.661221
vt 0.988212 0.661221
vt 0.988212 0.680615
vt 0.974787 0.680615
vt 0.878313 0.430909
vt 0.894686 0.430909
vt 0.894686 0.452707
vt 0.878313 0.452707
vt 0.057811 0.978615
vt 0.043400 0.978615
vt 0.889936 0.883598
vt 0.889936 0.905396
vt 0.081359 0.939826
vt 0.081359 0.959220
vt 0.943801 0.738800
vt 0.959791 0.738800
vt 0.959791 0.758194
vt 0.943801 0.758194
vt 0.943801 0.796984
vt 0.927432 0.796984
vt 0.955204 0.856975
vt 0.970200 0.856975
vt 0.970200 0.876370
vt 0.955204 0.876370
vt 0.787089 0.966001
vt 0.800514 0.966001
vt 0.800514 0.985396
vt 0.787089 0.985396
vt 0.290505 0.998009
vt 0.278578 0.998009
vt 0.278578 0.978615
vt 0.290505 0.978615
vt 0.988272 0.310312
vt 0.975268 0.310312
vt 0.975268 0.290917
vt 0.988272 0.290917
vt 0.975494 0.213338
vt 0.960802 0.213338
vt 0.960802 0.193944
vt 0.975494 0.193944
vt 0.294714 0.956924
vt 0.310863 0.937530
vt 0.854703 0.985289
vt 0.840817 0.985289
vt 0.840817 0.965894
vt 0.854703 0.965894
vt 0.894686 0.474524
vt 0.878313 0.474524
vt 0.878313 0.452726
vt 0.894686 0.452726
vt 0.872502 0.965984
vt 0.857190 0.965984
vt 0.857190 0.946589
vt 0.872502 0.946589
vt 0.912445 0.174421
vt 0.896072 0.174421
vt 0.912445 0.152623
vt 0.213729 0.998009
vt 0.201802 0.998009
vt 0.201802 0.978615
vt 0.213729 0.978615
vt 0.163730 0.939825
vt 0.147357 0.939825
vt 0.147357 0.918135
vt 0.163730 0.918135
vt 0.627968 0.861818
vt 0.611595 0.840002
vt 0.627968 0.840002
vt 0.896072 0.218017
vt 0.879699 0.218017
vt 0.879699 0.196219
vt 0.896072 0.196219
vt 0.906309 0.883598
vt 0.889936 0.883598
vt 0.906309 0.927194
vt 0.906309 0.905396
vt 0.896072 0.174421
vt 0.912445 0.174421
vt 0.912445 0.196219
vt 0.896072 0.196219
vt 0.894686 0.496340
vt 0.878313 0.496340
vt 0.878313 0.474542
vt 0.894686 0.474542
vt 0.911059 0.714485
vt 0.927432 0.714485
vt 0.927432 0.736175
vt 0.911059 0.736175
vt 0.861940 0.736338
vt 0.861940 0.758154
vt 0.845567 0.758154
vt 0.878313 0.496358
vt 0.894686 0.496358
vt 0.894686 0.518156
vt 0.878313 0.518156
vt 0.959791 0.738800
vt 0.974787 0.738800
vt 0.974787 0.758194
vt 0.959791 0.758194
vt 0.906309 0.905396
vt 0.922682 0.905396
vt 0.922682 0.927194
vt 0.697071 0.966002
vt 0.710496 0.985397
vt 0.697071 0.985397
vt 0.894686 0.518175
vt 0.894686 0.539973
vt 0.235589 0.959220
vt 0.250000 0.978614
vt 0.235589 0.978614
vt 0.145838 0.939826
vt 0.145838 0.959220
vt 0.257898 0.959220
vt 0.943801 0.738800
vt 0.927432 0.738800
vt 0.955204 0.895764
vt 0.888875 0.965983
vt 0.873563 0.965983
vt 0.873563 0.946589
vt 0.888875 0.946589
vt 0.106621 0.998010
vt 0.094694 0.998010
vt 0.094694 0.978615
vt 0.106621 0.978615
vt 0.988498 0.155154
vt 0.975495 0.155154
vt 0.975495 0.135760
vt 0.988498 0.135760
vt 0.975495 0.252127
vt 0.960802 0.252127
vt 0.960802 0.232733
vt 0.975495 0.232733
vt 0.838260 0.946607
vt 0.822111 0.946607
vt 0.822111 0.927213
vt 0.838260 0.927213
vt 0.726206 0.927213
vt 0.709833 0.927213
vt 0.709833 0.905415
vt 0.726206 0.905415
vt 0.871076 0.985378
vt 0.857190 0.985378
vt 0.857190 0.965984
vt 0.871076 0.965984
vt 0.894686 0.561789
vt 0.878313 0.561789
vt 0.878313 0.539991
vt 0.894686 0.539991
vt 0.687462 0.966002
vt 0.672150 0.966002
vt 0.672150 0.946607
vt 0.687462 0.946607
vt 0.693460 0.905415
vt 0.677087 0.905415
vt 0.677087 0.883617
vt 0.693460 0.883617
vt 0.180103 0.939825
vt 0.163730 0.918135
vt 0.180103 0.918135
vt 0.644341 0.861818
vt 0.644341 0.840002
vt 0.726206 0.905415
vt 0.742579 0.905415
vt 0.742579 0.927213
vt 0.726206 0.927213
vt 0.896072 0.239815
vt 0.879699 0.239815
vt 0.879699 0.218017
vt 0.896072 0.218017
vt 0.894686 0.583587
vt 0.878313 0.583587
vt 0.758952 0.927213
vt 0.742579 0.905415
vt 0.758952 0.905415
vt 0.709833 0.883617
vt 0.709833 0.905415
vt 0.911059 0.736319
vt 0.927432 0.736319
vt 0.927432 0.758010
vt 0.911059 0.758010
vt 0.845567 0.758154
vt 0.861940 0.779970
vt 0.845567 0.779970
vt 0.945187 0.135760
vt 0.878313 0.583624
vt 0.894686 0.583624
vt 0.894686 0.605422
vt 0.878313 0.605422
vt 0.804287 0.946607
vt 0.819283 0.946607
vt 0.819283 0.966002
vt 0.804287 0.966002
vt 0.758952 0.905415
vt 0.775325 0.905415
vt 0.775325 0.927213
vt 0.758952 0.927213
vt 0.819283 0.966002
vt 0.832708 0.966002
vt 0.832708 0.985396
vt 0.819283 0.985396
vt 0.206769 0.959220
vt 0.221179 0.978615
vt 0.206769 0.978615
vt 0.016373 0.939826
vt 0.032493 0.939826
vt 0.032493 0.959220
vt 0.016373 0.959220
vt 0.943801 0.661221
vt 0.959791 0.661221
vt 0.959791 0.680615
vt 0.943801 0.680615
vt 0.927432 0.738800
vt 0.943801 0.738800
vt 0.622994 0.985396
vt 0.622994 0.966001
vt 0.641527 0.966003
vt 0.626215 0.966003
vt 0.626215 0.946607
vt 0.641527 0.946607
vt 0.249510 0.998009
vt 0.237583 0.998009
vt 0.237583 0.978615
vt 0.249510 0.978615
vt 0.975495 0.193944
vt 0.988498 0.193944
vt 0.975377 0.116367
vt 0.960684 0.116367
vt 0.960684 0.096973
vt 0.975377 0.096973
vt 0.896072 0.261613
vt 0.879699 0.261613
vt 0.879699 0.239815
vt 0.939055 0.856975
vt 0.955204 0.856975
vt 0.791698 0.927213
vt 0.775325 0.927213
vt 0.775325 0.905415
vt 0.791698 0.905415
vt 0.952868 0.984823
vt 0.938981 0.984823
vt 0.938981 0.965428
vt 0.952868 0.965428
vt 0.894686 0.627238
vt 0.878313 0.627238
vt 0.878313 0.605440
vt 0.894686 0.605440
vt 0.726206 0.905415
vt 0.709833 0.905415
vt 0.709833 0.883617
vt 0.726206 0.883617
vt 0.196476 0.939826
vt 0.180103 0.939826
vt 0.180103 0.918135
vt 0.196476 0.918135
vt 0.878313 0.627256
vt 0.894686 0.627256
vt 0.894686 0.649054
vt 0.878313 0.649054
vt 0.644341 0.840002
vt 0.660714 0.840002
vt 0.808071 0.905415
vt 0.808071 0.927213
vt 0.791698 0.927213
vt 0.896072 0.283411
vt 0.879699 0.283411
vt 0.896072 0.261613
vt 0.894686 0.649072
vt 0.894686 0.670871
vt 0.878313 0.670871
vt 0.726206 0.883617
vt 0.742579 0.883617
vt 0.742579 0.905415
vt 0.726206 0.905415
vt 0.911059 0.758117
vt 0.927432 0.758117
vt 0.927432 0.779808
vt 0.911059 0.779808
vt 0.943801 0.758195
vt 0.959791 0.758195
vt 0.959791 0.777589
vt 0.943801 0.777589
vt 0.861940 0.801786
vt 0.845567 0.801786
vt 0.943801 0.661221
vt 0.943801 0.680616
vt 0.927432 0.680616
vt 0.878313 0.670889
vt 0.894686 0.670889
vt 0.959680 0.796983
vt 0.974676 0.796983
vt 0.959680 0.816378
vt 0.974719 0.777589
vt 0.988145 0.777589
vt 0.988145 0.796983
vt 0.974719 0.796983
vt 0.101041 0.959220
vt 0.115452 0.959220
vt 0.115452 0.978615
vt 0.101041 0.978615
vt 0.065239 0.939826
vt 0.081359 0.939826
vt 0.081359 0.959220
vt 0.209928 0.939826
vt 0.209928 0.959220
vt 0.805962 0.946607
vt 0.789813 0.946607
vt 0.789813 0.927213
vt 0.805962 0.927213
vt 0.884962 0.985378
vt 0.871076 0.985378
vt 0.871076 0.965984
vt 0.884962 0.965984
vt 0.748709 0.966002
vt 0.748709 0.946607
vt 0.276337 0.998010
vt 0.264410 0.998010
vt 0.264410 0.978615
vt 0.276337 0.978615
vt 0.988380 0.019395
vt 0.975377 0.019395
vt 0.975377 -0.000000
vt 0.988380 -0.000000
vt 0.677087 0.861818
vt 0.660714 0.861818
vt 0.660714 0.840002
vt 0.677087 0.840002
vt 0.975494 0.193944
vt 0.960802 0.193944
vt 0.960802 0.174549
vt 0.975494 0.174549
vt 0.896072 0.305209
vt 0.879699 0.305209
vt 0.879699 0.283411
vt 0.896072 0.283411
vt 0.822111 0.946607
vt 0.805962 0.946607
vt 0.805962 0.927213
vt 0.822111 0.927213
vt 0.824444 0.927213
vt 0.808071 0.927213
vt 0.808071 0.905415
vt 0.824444 0.905415
vt 0.894686 0.714485
vt 0.878313 0.714485
vt 0.878313 0.692687
vt 0.894686 0.692687
vt 0.758952 0.905415
vt 0.742579 0.883617
vt 0.758952 0.883617
vt 0.846953 -0.000000
vt 0.863326 -0.000000
vt 0.863326 0.021816
vt 0.846953 0.021816
vt 0.939055 0.904949
vt 0.922682 0.904949
vt 0.922682 0.883258
vt 0.939055 0.883258
vt 0.878313 0.714521
vt 0.894686 0.714521
vt 0.894686 0.736319
vt 0.878313 0.736319
vt 0.693460 0.861818
vt 0.677087 0.861818
vt 0.693460 0.840002
vt 0.824444 0.905415
vt 0.840817 0.905415
vt 0.840817 0.927213
vt 0.824444 0.927213
vt 0.878313 0.736319
vt 0.894686 0.758117
vt 0.878313 0.758117
vt 0.758952 0.883617
vt 0.775325 0.883617
vt 0.775325 0.905415
vt 0.758952 0.905415
vt 0.418926 0.937530
vt 0.435046 0.937530
vt 0.435046 0.956925
vt 0.418926 0.956925
vt 0.922682 0.904949
vt 0.939055 0.904949
vt 0.939055 0.926639
vt 0.922682 0.926639
vt 0.943801 0.777589
vt 0.959791 0.777589
vt 0.959791 0.796983
vt 0.943801 0.796983
vt 0.846953 0.021816
vt 0.863326 0.021816
vt 0.863326 0.043633
vt 0.846953 0.043633
vt 0.959791 0.700010
vt 0.974787 0.700010
vt 0.974787 0.719404
vt 0.959791 0.719404
vt 0.773663 0.966001
vt 0.787089 0.966001
vt 0.787089 0.985396
vt 0.773663 0.985396
vt 0.177948 0.959220
vt 0.192359 0.959220
vt 0.192359 0.978615
vt 0.177948 0.978615
vt 0.375430 0.937530
vt 0.391550 0.937530
vt 0.391550 0.956924
vt 0.375430 0.956924
vt 0.019234 0.480408
vt 0.676694 0.480408
vt 0.676694 0.529240
vt 0.019235 0.529240
s 0
usemtl M_WallPrison
f 5/1/1 1/2/1 3/3/1 6/4/1
f 2/5/2 7/6/2 8/7/2 4/8/2
f 600/9/3 597/10/3 957/11/3 959/12/3
f 389/13/4 390/14/4 749/15/4 750/16/4
f 441/17/5 442/18/5 801/19/5 802/20/5
f 493/21/6 494/22/6 854/23/6 853/24/6
f 29/25/7 30/26/7 24/27/7 15/28/7
f 25/29/8 26/30/8 19/31/8 13/32/8
f 545/33/9 546/34/9 906/35/9 905/36/9
f 597/37/10 598/38/10 958/39/10 957/40/10
f 14/41/11 20/42/11 28/43/11 27/44/11
f 990/45/12 30/26/12 29/25/12 989/46/12
f 1080/45/12 120/26/12 105/25/12 1065/46/12
f 6/1/1 3/2/1 31/3/1 33/4/1
f 4/5/2 8/6/2 34/7/2 32/8/2
f 283/47/13 284/48/13 643/49/13 644/50/13
f 335/51/14 336/52/14 695/53/14 696/54/14
f 387/55/15 388/56/15 747/57/15 748/58/15
f 439/59/16 440/60/16 799/61/16 800/62/16
f 30/25/7 45/26/7 42/27/7 24/28/7
f 26/29/8 43/30/8 37/63/8 19/64/8
f 491/65/17 492/66/17 851/67/17 852/68/17
f 282/69/18 283/70/18 644/71/18 642/72/18
f 20/41/11 38/42/11 44/43/11 28/44/11
f 1035/45/12 75/26/12 46/25/12 1006/46/12
f 33/1/1 31/2/1 47/3/1 51/4/1
f 32/5/2 34/6/2 53/7/2 48/8/2
f 543/73/19 544/74/19 903/75/19 904/76/19
f 334/77/18 335/78/18 696/79/18 694/80/18
f 595/81/13 596/82/13 955/83/13 956/84/13
f 386/85/18 387/86/18 748/87/18 745/88/18
f 45/25/7 46/26/7 61/27/7 42/28/7
f 43/29/8 71/30/8 59/63/8 37/64/8
f 438/89/18 439/90/18 800/91/18 797/92/18
f 490/93/18 491/94/18 852/95/18 849/96/18
f 38/41/11 60/42/11 73/43/11 44/44/11
f 1050/45/12 90/26/12 75/25/12 1035/46/12
f 51/1/1 47/2/1 49/3/1 52/4/1
f 48/5/2 53/6/2 54/7/2 50/8/2
f 284/97/3 281/98/3 641/99/3 643/100/3
f 542/101/18 543/102/18 904/103/18 902/104/18
f 336/105/3 333/106/3 693/107/3 695/108/3
f 594/109/18 595/110/18 956/111/18 954/112/18
f 46/25/7 75/26/7 70/27/7 61/28/7
f 71/29/8 72/30/8 65/31/8 59/32/8
f 388/113/3 385/114/3 746/115/3 747/116/3
f 440/117/3 437/118/3 798/119/3 799/120/3
f 60/41/11 66/42/11 74/43/11 73/44/11
f 52/1/1 49/2/1 76/3/1 78/4/1
f 50/5/2 54/6/2 79/7/2 77/8/2
f 492/121/3 489/122/3 850/123/3 851/124/3
f 281/125/9 282/126/9 642/127/9 641/128/9
f 544/129/3 541/130/3 901/131/3 903/132/3
f 333/133/10 334/134/10 694/135/10 693/136/10
f 75/25/7 90/26/7 87/27/7 70/28/7
f 72/29/8 88/30/8 82/137/8 65/138/8
f 596/139/3 593/140/3 953/141/3 955/142/3
f 385/143/20 386/144/20 745/145/20 746/146/20
f 66/41/11 83/42/11 89/43/11 74/44/11
f 78/1/1 76/2/1 91/3/1 93/4/1
f 77/5/2 79/6/2 94/7/2 92/8/2
f 437/147/4 438/148/4 797/149/4 798/150/4
f 489/151/5 490/152/5 849/153/5 850/154/5
f 541/155/6 542/156/6 902/157/6 901/158/6
f 593/159/9 594/160/9 954/161/9 953/162/9
f 90/25/7 105/26/7 102/27/7 87/28/7
f 88/29/8 103/30/8 97/63/8 82/64/8
f 279/163/19 280/164/19 639/165/19 640/166/19
f 331/167/13 332/168/13 691/169/13 692/170/13
f 83/41/11 98/42/11 104/43/11 89/44/11
f 1094/171/18 1084/172/18 1083/173/18 1093/174/18
f 93/1/1 91/2/1 106/3/1 108/4/1
f 92/5/21 94/6/21 109/7/21 107/8/21
f 383/175/14 384/176/14 743/177/14 744/178/14
f 435/179/15 436/180/15 795/181/15 796/182/15
f 487/183/16 488/184/16 847/185/16 848/186/16
f 278/187/18 279/188/18 640/189/18 638/190/18
f 105/25/7 120/26/7 117/27/7 102/28/7
f 103/29/8 118/30/8 112/191/8 97/64/8
f 539/192/17 540/193/17 899/194/17 900/195/17
f 330/196/18 331/197/18 692/198/18 690/199/18
f 98/41/22 113/42/22 119/43/22 104/44/22
f 1005/45/12 45/26/12 30/25/12 990/46/12
f 108/200/1 106/201/1 121/202/1 123/203/1
f 107/204/23 109/205/23 124/206/23 122/207/23
f 591/208/19 592/73/19 951/76/19 952/209/19
f 382/210/18 383/211/18 744/212/18 742/213/18
f 434/86/18 435/214/18 796/215/18 793/216/18
f 486/217/18 487/218/18 848/219/18 845/89/18
f 120/220/7 135/221/7 132/222/7 117/223/7
f 118/224/8 133/225/8 127/226/8 112/227/8
f 280/228/3 277/229/3 637/230/3 639/231/3
f 538/232/18 539/233/18 900/234/18 897/235/18
f 113/236/24 128/237/24 134/238/24 119/239/24
f 6/4/1 8/7/1 7/6/1 5/1/1
f 123/1/1 121/2/1 136/3/1 138/4/1
f 122/5/25 124/6/25 139/7/25 137/8/25
f 332/240/3 329/241/3 689/242/3 691/243/3
f 590/244/18 591/245/18 952/246/18 950/247/18
f 384/248/3 381/249/3 741/250/3 743/251/3
f 436/252/3 433/253/3 794/254/3 795/255/3
f 135/25/7 150/26/7 147/27/7 132/28/7
f 133/29/8 148/30/8 142/63/8 127/64/8
f 488/256/3 485/257/3 846/258/3 847/259/3
f 277/260/6 278/261/6 638/262/6 637/263/6
f 128/41/26 143/42/26 149/43/26 134/44/26
f 1170/45/12 210/26/12 209/25/12 1169/46/12
f 138/1/1 136/2/1 151/3/1 153/4/1
f 137/5/2 139/6/2 154/7/2 152/8/2
f 540/264/3 537/265/3 898/266/3 899/267/3
f 329/268/9 330/269/9 690/270/9 689/271/9
f 592/272/3 589/273/3 949/274/3 951/275/3
f 381/276/10 382/277/10 742/278/10 741/279/10
f 150/25/7 165/26/7 162/27/7 147/28/7
f 148/29/8 163/30/8 157/63/8 142/64/8
f 433/280/20 434/281/20 793/282/20 794/283/20
f 485/284/4 486/147/4 845/150/4 846/285/4
f 143/41/11 158/42/11 164/43/11 149/44/11
f 119/43/8 118/30/8 103/29/8 104/44/8
f 153/1/1 151/2/1 166/3/1 168/4/1
f 152/5/2 154/6/2 169/7/2 167/8/2
f 537/286/5 538/287/5 897/288/5 898/289/5
f 589/290/6 590/291/6 950/292/6 949/293/6
f 275/294/17 276/295/17 635/296/17 636/297/17
f 327/298/19 328/299/19 687/170/19 688/300/19
f 165/25/7 180/26/7 177/27/7 162/28/7
f 163/29/8 178/30/8 172/63/8 157/64/8
f 379/301/13 380/302/13 739/303/13 740/304/13
f 431/305/14 432/306/14 791/307/14 792/308/14
f 158/41/11 173/42/11 179/43/11 164/44/11
f 104/43/8 103/30/8 88/29/8 89/44/8
f 168/1/1 166/2/1 181/3/1 182/4/1
f 167/5/2 169/6/2 192/7/2 188/8/2
f 483/309/15 484/310/15 843/311/15 844/312/15
f 274/313/18 275/314/18 636/315/18 633/316/18
f 535/317/16 536/318/16 895/319/16 896/320/16
f 326/321/18 327/322/18 688/323/18 686/324/18
f 180/25/7 209/26/7 187/27/7 177/28/7
f 178/29/8 205/30/8 184/63/8 172/64/8
f 587/297/17 588/296/17 947/325/17 948/326/17
f 378/327/18 379/328/18 740/329/18 738/330/18
f 173/41/11 185/42/11 207/43/11 179/44/11
f 89/43/8 88/30/8 72/29/8 74/44/8
f 182/1/1 181/2/1 189/3/1 191/4/1
f 188/5/2 192/6/2 193/7/2 190/8/2
f 430/331/18 431/332/18 792/333/18 790/334/18
f 482/335/18 483/336/18 844/337/18 841/338/18
f 276/339/3 273/340/3 634/341/3 635/342/3
f 534/343/18 535/344/18 896/218/18 893/217/18
f 209/25/7 210/26/7 204/27/7 187/28/7
f 205/29/8 206/30/8 199/63/8 184/64/8
f 328/345/3 325/346/3 685/347/3 687/348/3
f 586/349/18 587/350/18 948/351/18 945/352/18
f 185/41/11 200/42/11 208/43/11 207/44/11
f 71/29/8 73/44/8 74/43/8 72/30/8
f 1169/45/12 209/26/12 180/25/12 1140/46/12
f 191/1/1 189/2/1 211/3/1 212/4/1
f 190/5/2 193/6/2 213/7/2 222/8/2
f 380/353/3 377/354/3 737/355/3 739/356/3
f 432/357/3 429/358/3 789/359/3 791/360/3
f 484/361/3 481/362/3 842/363/3 843/364/3
f 273/365/5 274/366/5 633/367/5 634/22/5
f 210/25/7 239/26/7 220/27/7 204/28/7
f 206/29/8 221/30/8 215/31/8 199/32/8
f 536/368/3 533/369/3 894/370/3 895/371/3
f 325/372/6 326/373/6 686/374/6 685/375/6
f 200/41/11 216/42/11 237/43/11 208/44/11
f 73/43/8 71/30/8 43/29/8 44/44/8
f 1125/45/12 165/26/12 150/25/12 1110/46/12
f 212/1/1 211/2/1 223/3/1 225/4/1
f 222/5/2 213/6/2 226/7/2 224/8/2
f 588/376/3 585/377/3 946/378/3 947/379/3
f 377/380/9 378/381/9 738/382/9 737/383/9
f 429/384/10 430/385/10 790/386/10 789/387/10
f 481/388/20 482/389/20 841/390/20 842/391/20
f 239/25/7 240/26/7 235/27/7 220/28/7
f 221/29/8 236/30/8 230/31/8 215/64/8
f 533/392/4 534/393/4 893/394/4 894/395/4
f 585/396/5 586/286/5 945/289/5 946/397/5
f 216/41/11 231/42/11 238/43/11 237/44/11
f 44/43/8 43/30/8 26/29/8 28/44/8
f 1065/45/12 105/26/12 90/25/12 1050/46/12
f 3/398/27 1/399/27 13/400/27 19/401/27
f 31/402/27 3/403/27 19/404/27 37/401/27
f 47/405/27 31/406/27 37/407/27 59/408/27
f 49/402/27 47/399/27 59/409/27 65/410/27
f 76/411/27 49/412/27 65/409/27 82/410/27
f 91/411/27 76/412/27 82/413/27 97/414/27
f 106/415/27 91/416/27 97/417/27 112/418/27
f 121/415/27 106/419/27 112/420/27 127/421/27
f 136/411/27 121/412/27 127/422/27 142/423/27
f 151/424/27 136/403/27 142/425/27 157/426/27
f 166/411/27 151/399/27 157/427/27 172/428/27
f 181/429/27 166/412/27 172/430/27 184/431/27
f 189/402/27 181/432/27 184/433/27 199/434/27
f 211/411/27 189/412/27 199/435/27 215/436/27
f 223/437/27 211/438/27 215/439/27 230/440/27
f 109/173/12 119/441/12 134/442/12 124/443/12
f 8/6/1 6/1/1 33/4/1 34/7/1
f 134/44/8 149/43/8 148/30/8 133/29/8
f 148/29/8 149/44/8 164/43/8 163/30/8
f 163/29/8 164/44/8 179/43/8 178/30/8
f 178/29/8 179/44/8 207/43/8 205/30/8
f 205/29/8 207/44/8 208/43/8 206/30/8
f 206/29/8 208/44/8 237/43/8 221/30/8
f 237/44/8 238/43/8 236/30/8 221/29/8
f 212/1/1 225/4/1 226/7/1 213/6/1
f 191/1/1 212/4/1 213/7/1 193/6/1
f 192/6/1 182/1/1 191/4/1 193/7/1
f 168/1/1 182/4/1 192/7/1 169/6/1
f 153/1/1 168/4/1 169/7/1 154/6/1
f 138/1/1 153/4/1 154/7/1 139/6/1
f 25/29/8 27/44/8 28/43/8 26/30/8
f 119/444/3 109/445/3 108/173/3 118/174/3
f 93/1/1 108/4/1 109/7/1 94/6/1
f 78/1/1 93/4/1 94/7/1 79/6/1
f 52/1/1 78/4/1 79/7/1 54/6/1
f 51/1/1 52/4/1 54/7/1 53/6/1
f 33/1/1 51/4/1 53/7/1 34/6/1
f 1140/45/12 180/26/12 165/25/12 1125/46/12
f 1199/45/12 239/26/12 210/25/12 1170/46/12
f 1200/45/12 240/26/12 239/25/12 1199/46/12
f 1006/45/12 46/26/12 45/25/12 1005/46/12
f 123/1/1 138/4/1 139/7/1 124/6/1
f 108/446/28 123/447/28 133/448/28 118/449/28
f 12/450/29 23/451/29 242/452/29 241/453/29
f 23/451/29 17/454/29 243/455/29 242/452/29
f 17/454/29 9/456/29 244/457/29 243/455/29
f 9/456/29 12/450/29 241/453/29 244/457/29
f 10/458/30 22/459/30 246/460/30 245/461/30
f 22/459/30 20/42/30 247/462/30 246/460/30
f 20/42/30 14/41/30 248/463/30 247/462/30
f 14/41/30 10/458/30 245/461/30 248/463/30
f 15/28/31 24/27/31 250/464/31 249/465/31
f 24/27/31 21/466/31 251/467/31 250/464/31
f 21/466/31 16/468/31 252/469/31 251/467/31
f 16/468/31 15/28/31 249/465/31 252/469/31
f 16/468/32 21/466/32 254/470/32 253/471/32
f 21/466/32 18/472/32 255/473/32 254/470/32
f 18/472/32 11/474/32 256/475/32 255/473/32
f 11/474/32 16/468/32 253/471/32 256/475/32
f 11/474/33 18/472/33 258/476/33 257/477/33
f 18/472/33 23/451/33 259/478/33 258/476/33
f 23/451/33 12/450/33 260/479/33 259/478/33
f 12/450/33 11/474/33 257/477/33 260/479/33
f 9/456/34 17/454/34 262/480/34 261/481/34
f 17/454/34 22/459/34 263/482/34 262/480/34
f 22/459/34 10/458/34 264/483/34 263/482/34
f 10/458/34 9/456/34 261/481/34 264/483/34
f 23/450/29 41/451/29 266/484/29 265/485/29
f 41/451/29 35/454/29 267/486/29 266/484/29
f 35/454/29 17/456/29 268/487/29 267/486/29
f 17/456/29 23/450/29 265/485/29 268/487/29
f 22/458/30 40/459/30 270/460/30 269/461/30
f 40/459/30 38/42/30 271/462/30 270/460/30
f 38/42/30 20/41/30 272/463/30 271/462/30
f 20/41/30 22/458/30 269/461/30 272/463/30
f 24/28/31 42/27/31 274/464/31 273/465/31
f 42/27/31 39/466/31 275/467/31 274/464/31
f 39/466/31 21/468/31 276/469/31 275/467/31
f 21/468/31 24/28/31 273/465/31 276/469/31
f 21/468/32 39/466/32 278/470/32 277/471/32
f 39/466/32 36/472/32 279/488/32 278/470/32
f 36/472/32 18/474/32 280/489/32 279/488/32
f 18/474/32 21/468/32 277/471/32 280/489/32
f 18/474/33 36/472/33 282/490/33 281/491/33
f 36/472/33 41/451/33 283/492/33 282/490/33
f 41/451/33 23/450/33 284/493/33 283/492/33
f 23/450/33 18/474/33 281/491/33 284/493/33
f 17/456/34 35/454/34 286/494/34 285/495/34
f 35/454/34 40/459/34 287/482/34 286/494/34
f 40/459/34 22/458/34 288/483/34 287/482/34
f 22/458/34 17/456/34 285/495/34 288/483/34
f 41/450/29 58/451/29 290/496/29 289/497/29
f 58/451/29 55/454/29 291/486/29 290/496/29
f 55/454/29 35/456/29 292/487/29 291/486/29
f 35/456/29 41/450/29 289/497/29 292/487/29
f 40/458/30 56/459/30 294/460/30 293/461/30
f 56/459/30 60/42/30 295/462/30 294/460/30
f 60/42/30 38/41/30 296/463/30 295/462/30
f 38/41/30 40/458/30 293/461/30 296/463/30
f 42/28/31 61/27/31 298/464/31 297/465/31
f 61/27/31 62/466/31 299/467/31 298/464/31
f 62/466/31 39/468/31 300/469/31 299/467/31
f 39/468/31 42/28/31 297/465/31 300/469/31
f 39/468/32 62/466/32 302/470/32 301/471/32
f 62/466/32 57/472/32 303/488/32 302/470/32
f 57/472/32 36/474/32 304/489/32 303/488/32
f 36/474/32 39/468/32 301/471/32 304/489/32
f 36/474/33 57/472/33 306/498/33 305/499/33
f 57/472/33 58/451/33 307/500/33 306/498/33
f 58/451/33 41/450/33 308/501/33 307/500/33
f 41/450/33 36/474/33 305/499/33 308/501/33
f 35/456/34 55/454/34 310/494/34 309/495/34
f 55/454/34 56/459/34 311/482/34 310/494/34
f 56/459/34 40/458/34 312/483/34 311/482/34
f 40/458/34 35/456/34 309/495/34 312/483/34
f 58/450/29 69/451/29 314/502/29 313/503/29
f 69/451/29 63/454/29 315/504/29 314/502/29
f 63/454/29 55/456/29 316/505/29 315/504/29
f 55/456/29 58/450/29 313/503/29 316/505/29
f 56/458/30 68/459/30 318/460/30 317/461/30
f 68/459/30 66/42/30 319/462/30 318/460/30
f 66/42/30 60/41/30 320/463/30 319/462/30
f 60/41/30 56/458/30 317/461/30 320/463/30
f 61/28/31 70/27/31 322/464/31 321/465/31
f 70/27/31 67/466/31 323/467/31 322/464/31
f 67/466/31 62/468/31 324/469/31 323/467/31
f 62/468/31 61/28/31 321/465/31 324/469/31
f 62/468/32 67/466/32 326/470/32 325/471/32
f 67/466/32 64/472/32 327/506/32 326/470/32
f 64/472/32 57/474/32 328/507/32 327/506/32
f 57/474/32 62/468/32 325/471/32 328/507/32
f 57/474/33 64/472/33 330/508/33 329/509/33
f 64/472/33 69/451/33 331/510/33 330/508/33
f 69/451/33 58/450/33 332/511/33 331/510/33
f 58/450/33 57/474/33 329/509/33 332/511/33
f 55/456/34 63/454/34 334/512/34 333/513/34
f 63/454/34 68/459/34 335/482/34 334/512/34
f 68/459/34 56/458/34 336/483/34 335/482/34
f 56/458/34 55/456/34 333/513/34 336/483/34
f 69/450/29 86/451/29 338/514/29 337/515/29
f 86/451/29 80/454/29 339/455/29 338/514/29
f 80/454/29 63/456/29 340/457/29 339/455/29
f 63/456/29 69/450/29 337/515/29 340/457/29
f 68/458/30 85/459/30 342/460/30 341/461/30
f 85/459/30 83/42/30 343/462/30 342/460/30
f 83/42/30 66/41/30 344/463/30 343/462/30
f 66/41/30 68/458/30 341/461/30 344/463/30
f 70/28/31 87/27/31 346/464/31 345/465/31
f 87/27/31 84/466/31 347/467/31 346/464/31
f 84/466/31 67/468/31 348/469/31 347/467/31
f 67/468/31 70/28/31 345/465/31 348/469/31
f 67/468/32 84/466/32 350/470/32 349/471/32
f 84/466/32 81/472/32 351/516/32 350/470/32
f 81/472/32 64/474/32 352/517/32 351/516/32
f 64/474/32 67/468/32 349/471/32 352/517/32
f 64/474/33 81/472/33 354/518/33 353/477/33
f 81/472/33 86/451/33 355/478/33 354/518/33
f 86/451/33 69/450/33 356/479/33 355/478/33
f 69/450/33 64/474/33 353/477/33 356/479/33
f 63/456/34 80/454/34 358/480/34 357/481/34
f 80/454/34 85/459/34 359/482/34 358/480/34
f 85/459/34 68/458/34 360/483/34 359/482/34
f 68/458/34 63/456/34 357/481/34 360/483/34
f 86/450/29 101/451/29 362/519/29 361/520/29
f 101/451/29 95/454/29 363/521/29 362/519/29
f 95/454/29 80/456/29 364/522/29 363/521/29
f 80/456/29 86/450/29 361/520/29 364/522/29
f 85/458/30 100/459/30 366/460/30 365/461/30
f 100/459/30 98/42/30 367/462/30 366/460/30
f 98/42/30 83/41/30 368/463/30 367/462/30
f 83/41/30 85/458/30 365/461/30 368/463/30
f 87/28/31 102/27/31 370/464/31 369/465/31
f 102/27/31 99/466/31 371/467/31 370/464/31
f 99/466/31 84/468/31 372/469/31 371/467/31
f 84/468/31 87/28/31 369/465/31 372/469/31
f 84/468/32 99/466/32 374/470/32 373/471/32
f 99/466/32 96/472/32 375/523/32 374/470/32
f 96/472/32 81/474/32 376/524/32 375/523/32
f 81/474/32 84/468/32 373/471/32 376/524/32
f 81/474/33 96/472/33 378/525/33 377/526/33
f 96/472/33 101/451/33 379/527/33 378/525/33
f 101/451/33 86/450/33 380/528/33 379/527/33
f 86/450/33 81/474/33 377/526/33 380/528/33
f 80/456/34 95/454/34 382/529/34 381/530/34
f 95/454/34 100/459/34 383/482/34 382/529/34
f 100/459/34 85/458/34 384/483/34 383/482/34
f 85/458/34 80/456/34 381/530/34 384/483/34
f 101/450/29 116/451/29 386/531/29 385/532/29
f 116/451/29 110/454/29 387/455/29 386/531/29
f 110/454/29 95/456/29 388/457/29 387/455/29
f 95/456/29 101/450/29 385/532/29 388/457/29
f 100/458/30 115/459/30 390/460/30 389/461/30
f 115/459/30 113/42/30 391/462/30 390/460/30
f 113/42/30 98/41/30 392/463/30 391/462/30
f 98/41/30 100/458/30 389/461/30 392/463/30
f 102/28/31 117/27/31 394/464/31 393/465/31
f 117/27/31 114/466/31 395/467/31 394/464/31
f 114/466/31 99/468/31 396/469/31 395/467/31
f 99/468/31 102/28/31 393/465/31 396/469/31
f 99/468/32 114/466/32 398/470/32 397/471/32
f 114/466/32 111/472/32 399/473/32 398/470/32
f 111/472/32 96/474/32 400/475/32 399/473/32
f 96/474/32 99/468/32 397/471/32 400/475/32
f 96/474/33 111/472/33 402/476/33 401/477/33
f 111/472/33 116/451/33 403/478/33 402/476/33
f 116/451/33 101/450/33 404/479/33 403/478/33
f 101/450/33 96/474/33 401/477/33 404/479/33
f 95/456/34 110/454/34 406/480/34 405/481/34
f 110/454/34 115/459/34 407/482/34 406/480/34
f 115/459/34 100/458/34 408/483/34 407/482/34
f 100/458/34 95/456/34 405/481/34 408/483/34
f 116/533/29 131/534/29 410/535/29 409/536/29
f 131/534/29 125/537/29 411/538/29 410/535/29
f 125/537/29 110/539/29 412/540/29 411/538/29
f 110/539/29 116/533/29 409/536/29 412/540/29
f 115/541/30 130/542/30 414/543/30 413/544/30
f 130/542/30 128/237/30 415/545/30 414/543/30
f 128/237/30 113/236/30 416/546/30 415/545/30
f 113/236/30 115/541/30 413/544/30 416/546/30
f 117/223/31 132/222/31 418/547/31 417/548/31
f 132/222/31 129/549/31 419/550/31 418/547/31
f 129/549/31 114/551/31 420/552/31 419/550/31
f 114/551/31 117/223/31 417/548/31 420/552/31
f 114/551/32 129/549/32 422/553/32 421/554/32
f 129/549/32 126/555/32 423/556/32 422/553/32
f 126/555/32 111/557/32 424/558/32 423/556/32
f 111/557/32 114/551/32 421/554/32 424/558/32
f 111/557/33 126/555/33 426/559/33 425/560/33
f 126/555/33 131/534/33 427/561/33 426/559/33
f 131/534/33 116/533/33 428/562/33 427/561/33
f 116/533/33 111/557/33 425/560/33 428/562/33
f 110/539/34 125/537/34 430/563/34 429/564/34
f 125/537/34 130/542/34 431/565/34 430/563/34
f 130/542/34 115/541/34 432/566/34 431/565/34
f 115/541/34 110/539/34 429/564/34 432/566/34
f 131/450/29 146/451/29 434/484/29 433/485/29
f 146/451/29 140/454/29 435/486/29 434/484/29
f 140/454/29 125/456/29 436/487/29 435/486/29
f 125/456/29 131/450/29 433/485/29 436/487/29
f 130/458/30 145/459/30 438/460/30 437/461/30
f 145/459/30 143/42/30 439/462/30 438/460/30
f 143/42/30 128/41/30 440/463/30 439/462/30
f 128/41/30 130/458/30 437/461/30 440/463/30
f 132/28/31 147/27/31 442/464/31 441/465/31
f 147/27/31 144/466/31 443/467/31 442/464/31
f 144/466/31 129/468/31 444/469/31 443/467/31
f 129/468/31 132/28/31 441/465/31 444/469/31
f 129/468/32 144/466/32 446/470/32 445/471/32
f 144/466/32 141/472/32 447/488/32 446/470/32
f 141/472/32 126/474/32 448/489/32 447/488/32
f 126/474/32 129/468/32 445/471/32 448/489/32
f 126/474/33 141/472/33 450/498/33 449/499/33
f 141/472/33 146/451/33 451/500/33 450/498/33
f 146/451/33 131/450/33 452/501/33 451/500/33
f 131/450/33 126/474/33 449/499/33 452/501/33
f 125/456/34 140/454/34 454/494/34 453/495/34
f 140/454/34 145/459/34 455/482/34 454/494/34
f 145/459/34 130/458/34 456/483/34 455/482/34
f 130/458/34 125/456/34 453/495/34 456/483/34
f 146/450/29 161/451/29 458/496/29 457/497/29
f 161/451/29 155/454/29 459/486/29 458/496/29
f 155/454/29 140/456/29 460/487/29 459/486/29
f 140/456/29 146/450/29 457/497/29 460/487/29
f 145/458/30 160/459/30 462/460/30 461/461/30
f 160/459/30 158/42/30 463/462/30 462/460/30
f 158/42/30 143/41/30 464/463/30 463/462/30
f 143/41/30 145/458/30 461/461/30 464/463/30
f 147/28/31 162/27/31 466/464/31 465/465/31
f 162/27/31 159/466/31 467/467/31 466/464/31
f 159/466/31 144/468/31 468/469/31 467/467/31
f 144/468/31 147/28/31 465/465/31 468/469/31
f 144/468/32 159/466/32 470/470/32 469/471/32
f 159/466/32 156/472/32 471/488/32 470/470/32
f 156/472/32 141/474/32 472/489/32 471/488/32
f 141/474/32 144/468/32 469/471/32 472/489/32
f 141/474/33 156/472/33 474/498/33 473/499/33
f 156/472/33 161/451/33 475/500/33 474/498/33
f 161/451/33 146/450/33 476/501/33 475/500/33
f 146/450/33 141/474/33 473/499/33 476/501/33
f 140/456/34 155/454/34 478/494/34 477/495/34
f 155/454/34 160/459/34 479/482/34 478/494/34
f 160/459/34 145/458/34 480/483/34 479/482/34
f 145/458/34 140/456/34 477/495/34 480/483/34
f 161/450/29 176/451/29 482/567/29 481/568/29
f 176/451/29 170/454/29 483/569/29 482/567/29
f 170/454/29 155/456/29 484/570/29 483/569/29
f 155/456/29 161/450/29 481/568/29 484/570/29
f 160/458/30 175/459/30 486/460/30 485/461/30
f 175/459/30 173/42/30 487/462/30 486/460/30
f 173/42/30 158/41/30 488/463/30 487/462/30
f 158/41/30 160/458/30 485/461/30 488/463/30
f 162/28/31 177/27/31 490/464/31 489/465/31
f 177/27/31 174/466/31 491/467/31 490/464/31
f 174/466/31 159/468/31 492/469/31 491/467/31
f 159/468/31 162/28/31 489/465/31 492/469/31
f 159/468/32 174/466/32 494/470/32 493/471/32
f 174/466/32 171/472/32 495/571/32 494/470/32
f 171/472/32 156/474/32 496/572/32 495/571/32
f 156/474/32 159/468/32 493/471/32 496/572/32
f 156/474/33 171/472/33 498/573/33 497/574/33
f 171/472/33 176/451/33 499/492/33 498/573/33
f 176/451/33 161/450/33 500/493/33 499/492/33
f 161/450/33 156/474/33 497/574/33 500/493/33
f 155/456/34 170/454/34 502/575/34 501/576/34
f 170/454/34 175/459/34 503/482/34 502/575/34
f 175/459/34 160/458/34 504/483/34 503/482/34
f 160/458/34 155/456/34 501/576/34 504/483/34
f 176/450/29 196/451/29 506/496/29 505/497/29
f 196/451/29 194/454/29 507/577/29 506/496/29
f 194/454/29 170/456/29 508/487/29 507/577/29
f 170/456/29 176/450/29 505/497/29 508/487/29
f 175/458/30 195/459/30 510/460/30 509/461/30
f 195/459/30 185/42/30 511/462/30 510/460/30
f 185/42/30 173/41/30 512/463/30 511/462/30
f 173/41/30 175/458/30 509/461/30 512/463/30
f 177/28/31 187/27/31 514/464/31 513/465/31
f 187/27/31 186/466/31 515/467/31 514/464/31
f 186/466/31 174/468/31 516/469/31 515/467/31
f 174/468/31 177/28/31 513/465/31 516/469/31
f 174/468/32 186/466/32 518/470/32 517/471/32
f 186/466/32 183/472/32 519/578/32 518/470/32
f 183/472/32 171/474/32 520/489/32 519/578/32
f 171/474/32 174/468/32 517/471/32 520/489/32
f 171/474/33 183/472/33 522/498/33 521/499/33
f 183/472/33 196/451/33 523/500/33 522/498/33
f 196/451/33 176/450/33 524/501/33 523/500/33
f 176/450/33 171/474/33 521/499/33 524/501/33
f 170/456/34 194/454/34 526/494/34 525/495/34
f 194/454/34 195/459/34 527/482/34 526/494/34
f 195/459/34 175/458/34 528/483/34 527/482/34
f 175/458/34 170/456/34 525/495/34 528/483/34
f 196/450/29 203/451/29 530/567/29 529/568/29
f 203/451/29 197/454/29 531/579/29 530/567/29
f 197/454/29 194/456/29 532/580/29 531/579/29
f 194/456/29 196/450/29 529/568/29 532/580/29
f 195/458/30 202/459/30 534/460/30 533/461/30
f 202/459/30 200/42/30 535/462/30 534/460/30
f 200/42/30 185/41/30 536/463/30 535/462/30
f 185/41/30 195/458/30 533/461/30 536/463/30
f 187/28/31 204/27/31 538/464/31 537/465/31
f 204/27/31 201/466/31 539/467/31 538/464/31
f 201/466/31 186/468/31 540/469/31 539/467/31
f 186/468/31 187/28/31 537/465/31 540/469/31
f 186/468/32 201/466/32 542/470/32 541/471/32
f 201/466/32 198/472/32 543/581/32 542/470/32
f 198/472/32 183/474/32 544/582/32 543/581/32
f 183/474/32 186/468/32 541/471/32 544/582/32
f 183/474/33 198/472/33 546/573/33 545/574/33
f 198/472/33 203/451/33 547/583/33 546/573/33
f 203/451/33 196/450/33 548/584/33 547/583/33
f 196/450/33 183/474/33 545/574/33 548/584/33
f 194/456/34 197/454/34 550/575/34 549/585/34
f 197/454/34 202/459/34 551/482/34 550/575/34
f 202/459/34 195/458/34 552/483/34 551/482/34
f 195/458/34 194/456/34 549/585/34 552/483/34
f 203/450/29 219/451/29 554/586/29 553/587/29
f 219/451/29 227/454/29 555/504/29 554/586/29
f 227/454/29 197/456/29 556/588/29 555/504/29
f 197/456/29 203/450/29 553/587/29 556/588/29
f 202/458/30 218/459/30 558/460/30 557/461/30
f 218/459/30 216/42/30 559/462/30 558/460/30
f 216/42/30 200/41/30 560/463/30 559/462/30
f 200/41/30 202/458/30 557/461/30 560/463/30
f 204/28/31 220/27/31 562/464/31 561/465/31
f 220/27/31 217/466/31 563/467/31 562/464/31
f 217/466/31 201/468/31 564/469/31 563/467/31
f 201/468/31 204/28/31 561/465/31 564/469/31
f 201/468/32 217/466/32 566/470/32 565/471/32
f 217/466/32 214/472/32 567/589/32 566/470/32
f 214/472/32 198/474/32 568/590/32 567/589/32
f 198/474/32 201/468/32 565/471/32 568/590/32
f 198/474/33 214/472/33 570/591/33 569/592/33
f 214/472/33 219/451/33 571/593/33 570/591/33
f 219/451/33 203/450/33 572/594/33 571/593/33
f 203/450/33 198/474/33 569/592/33 572/594/33
f 197/456/34 227/454/34 574/512/34 573/513/34
f 227/454/34 218/459/34 575/482/34 574/512/34
f 218/459/34 202/458/34 576/483/34 575/482/34
f 202/458/34 197/456/34 573/513/34 576/483/34
f 219/450/29 234/451/29 578/531/29 577/453/29
f 234/451/29 228/454/29 579/455/29 578/531/29
f 228/454/29 227/456/29 580/595/29 579/455/29
f 227/456/29 219/450/29 577/453/29 580/595/29
f 218/458/30 233/459/30 582/460/30 581/461/30
f 233/459/30 231/42/30 583/462/30 582/460/30
f 231/42/30 216/41/30 584/463/30 583/462/30
f 216/41/30 218/458/30 581/461/30 584/463/30
f 220/28/31 235/27/31 586/464/31 585/465/31
f 235/27/31 232/466/31 587/467/31 586/464/31
f 232/466/31 217/468/31 588/469/31 587/467/31
f 217/468/31 220/28/31 585/465/31 588/469/31
f 217/468/32 232/466/32 590/470/32 589/471/32
f 232/466/32 229/472/32 591/473/32 590/470/32
f 229/472/32 214/474/32 592/475/32 591/473/32
f 214/474/32 217/468/32 589/471/32 592/475/32
f 214/474/33 229/472/33 594/508/33 593/596/33
f 229/472/33 234/451/33 595/510/33 594/508/33
f 234/451/33 219/450/33 596/511/33 595/510/33
f 219/450/33 214/474/33 593/596/33 596/511/33
f 227/456/34 228/454/34 598/480/34 597/597/34
f 228/454/34 233/459/34 599/482/34 598/480/34
f 233/459/34 218/458/34 600/483/34 599/482/34
f 218/458/34 227/456/34 597/597/34 600/483/34
f 602/598/29 601/599/29 604/600/29 603/601/29
f 606/602/30 605/603/30 608/604/30 607/605/30
f 610/606/31 609/607/31 612/608/31 611/609/31
f 613/610/32 614/611/32 616/612/32 615/613/32
f 617/614/33 618/615/33 620/616/33 619/617/33
f 621/618/34 622/619/34 624/620/34 623/621/34
f 626/622/29 625/623/29 628/624/29 627/625/29
f 630/626/30 629/627/30 632/628/30 631/629/30
f 634/630/31 633/631/31 636/632/31 635/633/31
f 637/634/32 638/635/32 640/636/32 639/637/32
f 641/638/33 642/639/33 644/640/33 643/641/33
f 645/642/34 646/643/34 648/644/34 647/645/34
f 650/646/29 649/647/29 652/648/29 651/649/29
f 654/650/30 653/651/30 656/652/30 655/653/30
f 658/654/31 657/655/31 660/656/31 659/657/31
f 661/658/32 662/659/32 664/660/32 663/661/32
f 665/662/33 666/663/33 668/664/33 667/665/33
f 669/666/34 670/667/34 672/668/34 671/669/34
f 674/670/29 673/671/29 676/672/29 675/673/29
f 678/674/30 677/675/30 680/676/30 679/677/30
f 682/678/31 681/679/31 684/680/31 683/681/31
f 685/682/32 686/683/32 688/684/32 687/685/32
f 689/686/33 690/687/33 692/688/33 691/689/33
f 693/690/34 694/691/34 696/54/34 695/53/34
f 698/692/29 697/693/29 700/694/29 699/695/29
f 702/696/30 701/697/30 704/698/30 703/699/30
f 706/700/31 705/701/31 708/702/31 707/703/31
f 709/704/32 710/705/32 712/706/32 711/707/32
f 713/708/33 714/709/33 716/710/33 715/711/33
f 717/712/34 718/713/34 720/714/34 719/715/34
f 722/716/29 721/717/29 724/718/29 723/719/29
f 726/720/30 725/721/30 728/722/30 727/723/30
f 730/724/31 729/725/31 732/726/31 731/727/31
f 733/728/32 734/729/32 736/730/32 735/731/32
f 737/732/33 738/733/33 740/734/33 739/735/33
f 741/736/34 742/737/34 744/178/34 743/177/34
f 746/738/29 745/739/29 748/740/29 747/741/29
f 750/742/30 749/743/30 752/744/30 751/745/30
f 754/746/31 753/747/31 756/748/31 755/749/31
f 757/750/32 758/751/32 760/752/32 759/753/32
f 761/754/33 762/755/33 764/756/33 763/757/33
f 765/758/34 766/759/34 768/760/34 767/761/34
f 770/762/29 769/763/29 772/764/29 771/765/29
f 774/766/30 773/767/30 776/768/30 775/769/30
f 778/770/31 777/771/31 780/772/31 779/773/31
f 781/774/32 782/775/32 784/776/32 783/777/32
f 785/778/33 786/614/33 788/617/33 787/779/33
f 789/780/34 790/781/34 792/308/34 791/307/34
f 794/782/29 793/783/29 796/784/29 795/785/29
f 798/786/30 797/787/30 800/723/30 799/788/30
f 802/773/31 801/789/31 804/790/31 803/770/31
f 805/731/32 806/791/32 808/792/32 807/793/32
f 809/794/33 810/795/33 812/796/33 811/797/33
f 813/798/34 814/799/34 816/800/34 815/801/34
f 818/802/29 817/803/29 820/804/29 819/805/29
f 822/806/30 821/807/30 824/808/30 823/809/30
f 826/810/31 825/811/31 828/812/31 827/813/31
f 829/814/32 830/815/32 832/816/32 831/817/32
f 833/818/33 834/688/33 836/819/33 835/820/33
f 837/821/34 838/822/34 840/823/34 839/824/34
f 842/825/29 841/826/29 844/827/29 843/828/29
f 846/829/30 845/830/30 848/831/30 847/832/30
f 850/833/31 849/834/31 852/835/31 851/836/31
f 853/837/32 854/838/32 856/839/32 855/840/32
f 857/841/33 858/842/33 860/843/33 859/844/33
f 861/845/34 862/846/34 864/847/34 863/848/34
f 866/849/29 865/850/29 868/851/29 867/852/29
f 870/853/30 869/854/30 872/855/30 871/856/30
f 874/857/31 873/748/31 876/747/31 875/858/31
f 877/859/32 878/860/32 880/861/32 879/862/32
f 881/863/33 882/864/33 884/865/33 883/866/33
f 885/867/34 886/868/34 888/869/34 887/870/34
f 890/871/29 889/782/29 892/785/29 891/872/29
f 894/873/30 893/874/30 896/875/30 895/876/30
f 898/700/31 897/877/31 900/878/31 899/654/31
f 901/611/32 902/610/32 904/879/32 903/880/32
f 905/881/33 906/882/33 908/883/33 907/884/33
f 909/885/34 910/886/34 912/887/34 911/888/34
f 914/889/29 913/890/29 916/891/29 915/892/29
f 918/893/30 917/894/30 920/895/30 919/896/30
f 922/897/31 921/898/31 924/899/31 923/900/31
f 925/901/32 926/902/32 928/903/32 927/904/32
f 929/905/33 930/906/33 932/907/33 931/908/33
f 933/909/34 934/910/34 936/911/34 935/912/34
f 938/913/29 937/914/29 940/915/29 939/916/29
f 942/917/30 941/918/30 944/919/30 943/920/30
f 946/921/31 945/922/31 948/923/31 947/924/31
f 949/925/32 950/926/32 952/927/32 951/928/32
f 953/929/33 954/930/33 956/931/33 955/932/33
f 957/933/34 958/934/34 960/935/34 959/936/34
f 337/937/20 338/938/20 697/939/20 698/940/20
f 548/941/3 545/942/3 905/943/3 907/944/3
f 285/945/10 286/946/10 646/947/10 645/948/10
f 496/949/3 493/950/3 853/951/3 855/952/3
f 444/953/3 441/954/3 802/955/3 803/956/3
f 392/957/3 389/958/3 750/959/3 751/960/3
f 598/961/18 599/962/18 960/963/18 958/964/18
f 340/965/3 337/966/3 698/967/3 699/968/3
f 546/969/18 547/970/18 908/971/18 906/972/18
f 288/973/3 285/974/3 645/975/3 647/976/3
f 494/245/18 495/977/18 856/978/18 854/979/18
f 442/980/18 443/981/18 804/982/18 801/983/18
f 390/984/18 391/985/18 752/986/18 749/987/18
f 599/988/14 600/989/14 959/936/14 960/935/14
f 338/970/18 339/990/18 700/991/18 697/992/18
f 547/993/13 548/994/13 907/995/13 908/996/13
f 286/997/18 287/998/18 648/999/18 646/1000/18
f 495/1001/19 496/1002/19 855/1003/19 856/1004/19
f 443/1005/17 444/1006/17 803/1007/17 804/1008/17
f 391/1009/16 392/1010/16 751/1011/16 752/1012/16
f 339/1013/15 340/1014/15 699/1015/15 700/1016/15
f 287/1017/14 288/1018/14 647/645/14 648/644/14
f 549/1019/10 550/1020/10 910/1021/10 909/1022/10
f 497/1023/9 498/1024/9 858/1025/9 857/1026/9
f 445/1027/6 446/1028/6 806/1029/6 805/1030/6
f 393/287/5 394/1031/5 753/1032/5 754/288/5
f 341/1033/4 342/1034/4 701/1035/4 702/1036/4
f 552/1037/3 549/1038/3 909/1039/3 911/1040/3
f 289/1041/20 290/1042/20 649/1043/20 650/1044/20
f 500/1045/3 497/1046/3 857/1047/3 859/1048/3
f 448/1049/3 445/1050/3 805/1051/3 807/1052/3
f 396/1053/3 393/1054/3 754/1055/3 755/1056/3
f 344/1057/3 341/1058/3 702/1059/3 703/1060/3
f 550/1061/18 551/1062/18 912/1063/18 910/1064/18
f 292/1065/3 289/1066/3 650/1067/3 651/1068/3
f 498/1069/18 499/1070/18 860/1071/18 858/1072/18
f 446/1073/18 447/1074/18 808/1075/18 806/1076/18
f 394/1077/18 395/1078/18 756/1079/18 753/1080/18
f 342/1081/18 343/1082/18 704/1083/18 701/1084/18
f 551/1085/14 552/1086/14 911/888/14 912/887/14
f 290/1087/18 291/1088/18 652/1089/18 649/1090/18
f 499/1091/13 500/1092/13 859/1093/13 860/1094/13
f 447/1095/19 448/1096/19 807/1097/19 808/1098/19
f 395/1099/17 396/1100/17 755/1101/17 756/1102/17
f 343/1103/16 344/1104/16 703/1105/16 704/1106/16
f 291/1107/15 292/1108/15 651/1109/15 652/1110/15
f 553/1111/20 554/1112/20 913/1113/20 914/1114/20
f 501/1115/10 502/1116/10 862/1117/10 861/1118/10
f 449/1119/9 450/1120/9 810/1121/9 809/1122/9
f 397/1123/6 398/1124/6 758/1125/6 757/1126/6
f 345/1127/5 346/1128/5 705/1129/5 706/1130/5
f 556/1131/3 553/1132/3 914/1133/3 915/1134/3
f 293/1135/4 294/1136/4 653/1137/4 654/1138/4
f 504/1139/3 501/1140/3 861/1141/3 863/1142/3
f 241/1143/20 242/1144/20 601/1145/20 602/1146/20
f 452/1147/3 449/1148/3 809/1149/3 811/1150/3
f 400/1151/3 397/1152/3 757/1153/3 759/1154/3
f 348/1155/3 345/1156/3 706/1157/3 707/1158/3
f 554/1088/18 555/1159/18 916/1160/18 913/1161/18
f 296/1060/3 293/1059/3 654/1162/3 655/1163/3
f 502/1164/18 503/1165/18 864/1166/18 862/1167/18
f 244/1168/3 241/1169/3 602/1170/3 603/1171/3
f 450/1172/18 451/1173/18 812/1174/18 810/1175/18
f 398/1176/18 399/1177/18 760/1178/18 758/1179/18
f 346/1180/18 347/1181/18 708/1182/18 705/1183/18
f 555/1184/15 556/1185/15 915/1186/15 916/1187/15
f 294/1188/18 295/118/18 656/1082/18 653/1081/18
f 503/1189/14 504/1190/14 863/848/14 864/847/14
f 242/1191/18 243/1192/18 604/1193/18 601/1194/18
f 451/1195/13 452/1196/13 811/1197/13 812/1198/13
f 399/1199/19 400/1200/19 759/1201/19 760/1202/19
f 347/1203/17 348/1204/17 707/1205/17 708/1206/17
f 295/1207/16 296/1208/16 655/1209/16 656/1210/16
f 243/1211/15 244/1212/15 603/1213/15 604/1119/15
f 557/1214/4 558/1215/4 917/1216/4 918/1217/4
f 505/1218/20 506/1219/20 865/1220/20 866/145/20
f 453/1221/10 454/1222/10 814/1223/10 813/1224/10
f 401/1225/9 402/1226/9 762/160/9 761/159/9
f 349/1227/6 350/1228/6 710/1229/6 709/1230/6
f 560/1231/3 557/1232/3 918/1233/3 919/1234/3
f 297/1235/5 298/1236/5 657/1237/5 658/1238/5
f 508/1239/3 505/1240/3 866/1241/3 867/1242/3
f 245/1243/4 246/1244/4 605/1245/4 606/1246/4
f 456/1247/3 453/1248/3 813/1249/3 815/1250/3
f 404/1251/3 401/1252/3 761/1253/3 763/1254/3
f 352/1255/3 349/1256/3 709/1257/3 711/1258/3
f 558/1259/18 559/1260/18 920/1261/18 917/1262/18
f 300/1263/3 297/1264/3 658/1265/3 659/1266/3
f 506/1267/18 507/1268/18 868/1269/18 865/1270/18
f 248/1271/3 245/1272/3 606/1273/3 607/1274/3
f 454/1275/18 455/1276/18 816/1277/18 814/1278/18
f 402/1279/18 403/1280/18 764/1281/18 762/1282/18
f 350/1283/18 351/1284/18 712/1285/18 710/1286/18
f 559/1287/16 560/1288/16 919/1289/16 920/1290/16
f 298/1291/18 299/1292/18 660/1293/18 657/1294/18
f 507/1295/15 508/1296/15 867/1297/15 868/1298/15
f 246/1299/18 247/1300/18 608/1260/18 605/1259/18
f 455/1301/14 456/1302/14 815/801/14 816/800/14
f 403/1303/13 404/1304/13 763/1305/13 764/1306/13
f 351/74/19 352/1307/19 711/1308/19 712/75/19
f 299/1309/17 300/1310/17 659/1311/17 660/1312/17
f 247/1313/16 248/1314/16 607/1315/16 608/1316/16
f 561/1317/5 562/1318/5 921/1319/5 922/1320/5
f 509/1321/4 510/1322/4 869/1323/4 870/1324/4
f 457/1325/20 458/1326/20 817/1327/20 818/1328/20
f 405/1329/10 406/1330/10 766/1331/10 765/1332/10
f 353/1333/9 354/1334/9 714/1335/9 713/1336/9
f 564/1337/3 561/1338/3 922/1339/3 923/1340/3
f 301/289/6 302/1341/6 662/1342/6 661/1343/6
f 512/1344/3 509/1345/3 870/1346/3 871/1347/3
f 249/1348/5 250/1349/5 609/1350/5 610/1351/5
f 460/1352/3 457/1353/3 818/1354/3 819/1355/3
f 408/1356/3 405/1357/3 765/1358/3 767/1359/3
f 356/1360/3 353/1361/3 713/1362/3 715/1363/3
f 562/1364/18 563/1365/18 924/1366/18 921/1367/18
f 304/1368/3 301/1369/3 661/1370/3 663/1371/3
f 510/1372/18 511/958/18 872/369/18 869/1373/18
f 252/1374/3 249/1375/3 610/1376/3 611/1377/3
f 458/1378/18 459/1379/18 820/1380/18 817/1381/18
f 406/1382/18 407/1383/18 768/1384/18 766/1385/18
f 354/1386/18 355/1387/18 716/1388/18 714/1389/18
f 563/1390/17 564/1391/17 923/1392/17 924/1393/17
f 302/1394/18 303/1395/18 664/1396/18 662/1397/18
f 511/1398/16 512/1399/16 871/1400/16 872/1401/16
f 250/1402/18 251/1403/18 612/1404/18 609/1405/18
f 459/1406/15 460/1407/15 819/1408/15 820/1409/15
f 407/1410/14 408/1411/14 767/761/14 768/760/14
f 355/1412/13 356/1413/13 715/1414/13 716/716/13
f 303/1415/19 304/1416/19 663/1417/19 664/1418/19
f 251/1419/17 252/1420/17 611/1421/17 612/1422/17
f 565/1423/6 566/1424/6 926/1425/6 925/1426/6
f 513/1128/5 514/1427/5 873/261/5 874/1228/5
f 461/1428/4 462/1429/4 821/1430/4 822/1431/4
f 409/1432/20 410/1433/20 769/1434/20 770/1435/20
f 357/1436/10 358/1437/10 718/1438/10 717/1439/10
f 568/1440/3 565/1441/3 925/1442/3 927/1443/3
f 305/1444/9 306/1445/9 666/1446/9 665/1447/9
f 516/1448/3 513/1449/3 874/1450/3 875/1451/3
f 253/1452/6 254/289/6 614/1343/6 613/1453/6
f 464/1347/3 461/1346/3 822/1454/3 823/1455/3
f 412/1456/3 409/1457/3 770/1458/3 771/1459/3
f 360/1383/3 357/1460/3 717/1461/3 719/1462/3
f 566/1463/18 567/1464/18 928/1465/18 926/1466/18
f 308/1467/3 305/1468/3 665/1469/3 667/1470/3
f 514/1471/18 515/1472/18 876/1473/18 873/1474/18
f 256/1475/3 253/1476/3 613/1477/3 615/1478/3
f 462/1479/18 463/1480/18 824/370/18 821/1481/18
f 410/1482/18 411/1483/18 772/1484/18 769/1485/18
f 358/1486/18 359/1487/18 720/1488/18 718/1489/18
f 567/1490/19 568/1491/19 927/1492/19 928/1493/19
f 306/1494/18 307/1495/18 668/1496/18 666/1497/18
f 515/1498/17 516/1499/17 875/1500/17 876/1501/17
f 254/1502/18 255/1503/18 616/1504/18 614/1505/18
f 463/1506/16 464/1507/16 823/1508/16 824/1509/16
f 411/1510/15 412/1511/15 771/1512/15 772/1513/15
f 359/1514/14 360/1515/14 719/715/14 720/714/14
f 307/1516/13 308/1517/13 667/1106/13 668/1518/13
f 255/1519/19 256/1415/19 615/1520/19 616/1521/19
f 569/1522/9 570/1523/9 930/1524/9 929/1525/9
f 517/1526/6 518/1527/6 878/14/6 877/1125/6
f 465/1528/5 466/1529/5 825/1530/5 826/1531/5
f 413/1532/4 414/1533/4 773/1534/4 774/1535/4
f 361/1536/20 362/1537/20 721/1538/20 722/1539/20
f 572/1540/3 569/1541/3 929/1542/3 931/1543/3
f 309/1544/10 310/1545/10 670/1546/10 669/1547/10
f 520/1548/3 517/1549/3 877/1550/3 879/1551/3
f 257/36/9 258/35/9 618/1552/9 617/1553/9
f 468/1554/3 465/1555/3 826/1556/3 827/1557/3
f 416/1558/3 413/1559/3 774/1560/3 775/1561/3
f 364/1562/3 361/1563/3 722/1564/3 723/1565/3
f 570/1566/18 571/1567/18 932/1568/18 930/1569/18
f 312/1570/3 309/1571/3 669/1572/3 671/1573/3
f 518/1574/18 519/1575/18 880/1576/18 878/1577/18
f 260/1578/3 257/1579/3 617/1580/3 619/1581/3
f 466/1582/18 467/1583/18 828/1584/18 825/1585/18
f 414/1586/18 415/1587/18 776/1588/18 773/1589/18
f 362/1590/18 363/1591/18 724/1592/18 721/1593/18
f 571/1109/13 572/1594/13 931/1595/13 932/1596/13
f 310/1597/18 311/1598/18 672/1599/18 670/1600/18
f 519/1601/19 520/1602/19 879/1603/19 880/1604/19
f 258/1605/18 259/1606/18 620/1607/18 618/1608/18
f 467/1609/17 468/1610/17 827/1611/17 828/65/17
f 415/1612/16 416/1613/16 775/1614/16 776/1615/16
f 363/1616/15 364/1617/15 723/1618/15 724/1619/15
f 311/1620/14 312/1621/14 671/669/14 672/668/14
f 259/1622/13 260/1623/13 619/320/13 620/1624/13
f 573/1625/10 574/945/10 934/948/10 933/1626/10
f 521/1627/9 522/1628/9 882/1629/9 881/1630/9
f 469/1631/6 470/1238/6 830/1632/6 829/1633/6
f 417/1634/5 418/1635/5 777/1531/5 778/1636/5
f 365/1244/4 366/1135/4 725/1138/4 726/1245/4
f 576/1637/3 573/1638/3 933/1639/3 935/1640/3
f 313/1641/20 314/1642/20 673/1643/20 674/1644/20
f 524/1645/3 521/1646/3 881/1581/3 883/1647/3
f 261/1648/10 262/1544/10 622/1547/10 621/1649/10
f 472/1650/3 469/1651/3 829/1652/3 831/1653/3
f 420/1654/3 417/1655/3 778/1656/3 779/1657/3
f 368/1658/3 365/1659/3 726/1660/3 727/114/3
f 574/1661/18 575/1662/18 936/1663/18 934/1664/18
f 316/1665/3 313/1666/3 674/1667/3 675/1668/3
f 522/1669/18 523/1670/18 884/1671/18 882/1672/18
f 264/1673/3 261/1661/3 621/1674/3 623/1675/3
f 470/1676/18 471/1677/18 832/1678/18 830/1679/18
f 418/1680/18 419/1681/18 780/1682/18 777/1683/18
f 366/1684/18 367/1685/18 728/1587/18 725/1586/18
f 575/1686/14 576/1687/14 935/912/14 936/911/14
f 314/1688/18 315/1689/18 676/1690/18 673/1691/18
f 523/50/13 524/1692/13 883/1693/13 884/1694/13
f 262/1695/18 263/1696/18 624/1697/18 622/1698/18
f 471/1699/19 472/1700/19 831/1701/19 832/1317/19
f 419/1702/17 420/1703/17 779/1704/17 780/1705/17
f 367/1706/16 368/1707/16 727/1208/16 728/1207/16
f 315/1708/15 316/1709/15 675/1710/15 676/1711/15
f 263/1712/14 264/1713/14 623/621/14 624/620/14
f 577/1714/20 578/1715/20 937/1716/20 938/1717/20
f 525/1718/10 526/1719/10 886/1720/10 885/1721/10
f 473/1722/9 474/1723/9 834/1724/9 833/1725/9
f 421/1726/6 422/367/6 782/1727/6 781/1728/6
f 369/1729/5 370/1730/5 729/1731/5 730/367/5
f 580/1732/3 577/1665/3 938/1733/3 939/1734/3
f 317/1735/4 318/1243/4 677/1246/4 678/1736/4
f 528/1737/3 525/1738/3 885/1739/3 887/1740/3
f 265/1741/20 266/1742/20 625/1743/20 626/1744/20
f 476/1745/3 473/1746/3 833/1734/3 835/1747/3
f 424/1748/3 421/1749/3 781/1750/3 783/1751/3
f 372/1752/3 369/1753/3 730/1754/3 731/1755/3
f 578/1756/18 579/1757/18 940/1758/18 937/1759/18
f 320/1760/3 317/1658/3 678/114/3 679/1761/3
f 526/1762/18 527/1763/18 888/1764/18 886/1765/18
f 268/1766/3 265/1767/3 626/1768/3 627/1769/3
f 474/1770/18 475/1771/18 836/1772/18 834/1773/18
f 422/1774/18 423/1775/18 784/1776/18 782/1777/18
f 370/1778/18 371/1779/18 732/1780/18 729/1781/18
f 579/1782/15 580/1783/15 939/1784/15 940/1785/15
f 318/1786/18 319/1233/18 680/1162/18 677/1787/18
f 527/1788/14 528/1789/14 887/870/14 888/869/14
f 266/1790/18 267/1791/18 628/1792/18 625/1793/18
f 475/1794/13 476/1795/13 835/1796/13 836/1797/13
f 423/1798/19 424/1799/19 783/1800/19 784/1801/19
f 371/1802/17 372/1803/17 731/1310/17 732/1804/17
f 319/1805/16 320/1806/16 679/1807/16 680/1808/16
f 267/1809/15 268/1810/15 627/1811/15 628/1812/15
f 581/1126/4 582/1125/4 941/1813/4 942/1814/4
f 529/1815/20 530/1816/20 889/1817/20 890/1818/20
f 477/1819/10 478/1820/10 838/1821/10 837/1822/10
f 425/1711/9 426/1823/9 786/1024/9 785/1824/9
f 373/1825/6 374/1227/6 734/1230/6 733/1826/6
f 584/1827/3 581/1828/3 942/1829/3 943/1830/3
f 321/1529/5 322/1831/5 681/1832/5 682/1530/5
f 532/1173/3 529/1172/3 890/1833/3 891/1834/3
f 269/1835/4 270/1126/4 629/1814/4 630/1836/4
f 480/1837/3 477/1838/3 837/1839/3 839/1840/3
f 428/1841/3 425/1173/3 785/1834/3 787/1842/3
f 376/1843/3 373/1844/3 733/1845/3 735/1846/3
f 582/1847/18 583/1848/18 944/1849/18 941/1850/18
f 324/1851/3 321/1852/3 682/1853/3 683/1854/3
f 530/1855/18 531/1856/18 892/1857/18 889/1858/18
f 272/1859/3 269/1860/3 630/241/3 631/1861/3
f 478/1862/18 479/1863/18 840/1864/18 838/1865/18
f 426/1866/18 427/1867/18 788/1868/18 786/1869/18
f 374/1870/18 375/1871/18 736/1872/18 734/1776/18
f 583/1873/16 584/1874/16 943/1875/16 944/1876/16
f 322/1877/18 323/1878/18 684/1879/18 681/1880/18
f 531/1881/15 532/1882/15 891/1883/15 892/1884/15
f 270/1885/18 271/1886/18 632/1887/18 629/1888/18
f 479/1889/14 480/1890/14 839/824/14 840/823/14
f 427/1891/13 428/1892/13 787/1893/13 788/1894/13
f 375/1307/19 376/1519/19 735/1521/19 736/1308/19
f 323/1895/17 324/1896/17 683/1897/17 684/1898/17
f 271/1899/16 272/1900/16 631/1901/16 632/1902/16
f 965/4/8 966/1/8 963/2/8 961/3/8
f 962/8/35 964/5/35 968/6/35 967/7/35
f 1560/1903/3 1919/1904/3 1917/1905/3 1557/1906/3
f 1349/1907/36 1710/1908/36 1709/1909/36 1350/1910/36
f 1401/1911/37 1762/1912/37 1761/1913/37 1402/1914/37
f 1453/1915/34 1813/1916/34 1814/1917/34 1454/1918/34
f 989/46/38 975/1919/38 984/1920/38 990/45/38
f 985/1921/1 973/1922/1 979/1923/1 986/1924/1
f 1505/1925/29 1865/1926/29 1866/1927/29 1506/1928/29
f 1557/1929/32 1917/1930/32 1918/1931/32 1558/1932/32
f 974/1933/39 987/1934/39 988/1935/39 980/1936/39
f 966/4/8 993/1/8 991/2/8 963/3/8
f 964/8/35 992/5/35 994/6/35 968/7/35
f 1243/1937/40 1604/1938/40 1603/1939/40 1244/1940/40
f 1295/1941/41 1656/1942/41 1655/1943/41 1296/1944/41
f 1347/1945/42 1708/1946/42 1707/1947/42 1348/1948/42
f 1399/1949/43 1760/1950/43 1759/1951/43 1400/1952/43
f 990/46/38 984/1919/38 1002/1920/38 1005/45/38
f 986/1921/1 979/1922/1 997/1923/1 1003/1924/1
f 1451/1953/44 1812/1954/44 1811/1955/44 1452/1956/44
f 1242/1957/18 1602/1958/18 1604/1959/18 1243/1960/18
f 980/1933/39 988/1934/39 1004/1935/39 998/1936/39
f 993/4/8 1011/1/8 1007/2/8 991/3/8
f 992/8/35 1008/5/35 1013/6/35 994/7/35
f 1503/1961/45 1864/1962/45 1863/1963/45 1504/1964/45
f 1294/1965/18 1654/1966/18 1656/1967/18 1295/1968/18
f 1555/1969/40 1916/1970/40 1915/1971/40 1556/1972/40
f 1346/1267/18 1705/1842/18 1708/1973/18 1347/1268/18
f 1005/46/38 1002/1919/38 1021/1920/38 1006/45/38
f 1003/1921/1 997/1922/1 1019/1923/1 1031/1924/1
f 1398/1859/18 1757/1861/18 1760/1974/18 1399/1975/18
f 1450/1976/18 1809/1977/18 1812/1978/18 1451/1979/18
f 998/1933/39 1004/1934/39 1033/1935/39 1020/1936/39
f 1011/4/8 1012/1/8 1009/2/8 1007/3/8
f 1008/8/35 1010/5/35 1014/6/35 1013/7/35
f 1244/1980/3 1603/1981/3 1601/1982/3 1241/1973/3
f 1502/1973/18 1862/1465/18 1864/1983/18 1503/1984/18
f 1296/1985/3 1655/1986/3 1653/1987/3 1293/1988/3
f 1554/1989/18 1914/1990/18 1916/1991/18 1555/1992/18
f 1006/46/38 1021/1919/38 1030/1920/38 1035/45/38
f 1031/1921/1 1019/1922/1 1025/1923/1 1032/1924/1
f 1348/1049/3 1707/1993/3 1706/1994/3 1345/1995/3
f 1400/1996/3 1759/1997/3 1758/1998/3 1397/1999/3
f 1020/1933/39 1033/1934/39 1034/1935/39 1026/1936/39
f 1012/4/8 1038/1/8 1036/2/8 1009/3/8
f 1010/8/35 1037/5/35 1039/6/35 1014/7/35
f 1452/2000/3 1811/2001/3 1810/2002/3 1449/2003/3
f 1241/2004/29 1601/2005/29 1602/2006/29 1242/2007/29
f 1504/2008/3 1863/2009/3 1861/2010/3 1501/2011/3
f 1293/2012/32 1653/2013/32 1654/2014/32 1294/2015/32
f 1035/46/38 1030/1919/38 1047/1920/38 1050/45/38
f 1032/1921/1 1025/1922/1 1042/1923/1 1048/1924/1
f 1556/2016/3 1915/2017/3 1913/2018/3 1553/2019/3
f 1345/2020/33 1706/2021/33 1705/1701/33 1346/2022/33
f 1026/1933/39 1034/1934/39 1049/1935/39 1043/1936/39
f 1038/4/8 1053/1/8 1051/2/8 1036/3/8
f 1037/8/35 1052/5/35 1054/6/35 1039/7/35
f 1397/2023/36 1758/2024/36 1757/2025/36 1398/2026/36
f 1449/2027/37 1810/2028/37 1809/2029/37 1450/2030/37
f 1501/2031/34 1861/2032/34 1862/2033/34 1502/1615/34
f 1553/2034/29 1913/2035/29 1914/2036/29 1554/2037/29
f 1050/46/38 1047/1919/38 1062/1920/38 1065/45/38
f 1048/1921/1 1042/1922/1 1057/1923/1 1063/1924/1
f 1239/2038/45 1600/2039/45 1599/2040/45 1240/2041/45
f 1291/2042/40 1652/2043/40 1651/2044/40 1292/2045/40
f 1043/1933/39 1049/1934/39 1064/1935/39 1058/1936/39
f 1053/4/8 1068/1/8 1066/2/8 1051/3/8
f 1052/8/46 1067/5/46 1069/6/46 1054/7/46
f 1343/2046/41 1704/2047/41 1703/2048/41 1344/2049/41
f 1395/2050/42 1756/2051/42 1755/2052/42 1396/2053/42
f 1447/2054/43 1808/2055/43 1807/2056/43 1448/1951/43
f 1238/2057/18 1598/2058/18 1600/2059/18 1239/2060/18
f 1065/46/38 1062/1919/38 1077/1920/38 1080/45/38
f 1063/1921/1 1057/1922/1 1072/1923/1 1078/1924/1
f 1499/2061/44 1860/2062/44 1859/2063/44 1500/2064/44
f 1290/2065/18 1650/2066/18 1652/2067/18 1291/2068/18
f 1058/1933/47 1064/1934/47 1079/1935/47 1073/1936/47
f 1068/2069/8 1083/2070/8 1081/2071/8 1066/2072/8
f 1067/2073/48 1082/2074/48 1084/2075/48 1069/2076/48
f 1551/2077/45 1912/2078/45 1911/2079/45 1552/2080/45
f 1342/2081/18 1702/2082/18 1704/2083/18 1343/2084/18
f 1394/2085/18 1753/2086/18 1756/2087/18 1395/2088/18
f 1446/2089/18 1805/354/18 1808/2090/18 1447/2091/18
f 1080/2092/38 1077/2093/38 1092/2094/38 1095/2095/38
f 1078/2096/1 1072/2097/1 1087/2098/1 1093/2099/1
f 1240/2100/3 1599/2101/3 1597/2102/3 1237/2103/3
f 1498/2104/18 1857/2105/18 1860/2106/18 1499/2107/18
f 1073/2108/49 1079/2109/49 1094/2110/49 1088/2111/49
f 966/1/8 965/4/8 967/7/8 968/6/8
f 1083/4/8 1098/1/8 1096/2/8 1081/3/8
f 1082/8/50 1097/5/50 1099/6/50 1084/7/50
f 1292/2112/3 1651/2113/3 1649/2114/3 1289/2115/3
f 1550/2116/18 1910/2117/18 1912/2118/18 1551/2119/18
f 1344/2120/3 1703/2121/3 1701/2122/3 1341/2123/3
f 1396/2124/3 1755/2125/3 1754/2126/3 1393/2127/3
f 1095/46/38 1092/1919/38 1107/1920/38 1110/45/38
f 1093/1921/1 1087/2128/1 1102/1923/1 1108/1924/1
f 1448/1688/3 1807/2129/3 1806/2130/3 1445/2131/3
f 1237/2132/34 1597/2133/34 1598/2134/34 1238/2135/34
f 1088/1933/51 1094/1934/51 1109/1935/51 1103/1936/51
f 1098/4/8 1113/1/8 1111/2/8 1096/3/8
f 1097/8/35 1112/5/35 1114/6/35 1099/7/35
f 1500/2136/3 1859/2137/3 1858/2138/3 1497/2139/3
f 1289/2140/29 1649/2141/29 1650/2142/29 1290/2143/29
f 1552/1966/3 1911/2144/3 1909/2145/3 1549/2146/3
f 1341/2147/32 1701/2148/32 1702/2149/32 1342/2150/32
f 1110/46/38 1107/1919/38 1122/1920/38 1125/45/38
f 1108/1921/1 1102/1922/1 1117/1923/1 1123/1924/1
f 1393/2151/33 1754/2152/33 1753/2153/33 1394/2154/33
f 1445/2155/36 1806/2156/36 1805/2157/36 1446/2158/36
f 1103/1933/39 1109/1934/39 1124/1935/39 1118/1936/39
f 1079/1935/1 1064/1934/1 1063/1921/1 1078/1924/1
f 1113/4/8 1128/1/8 1126/2/8 1111/3/8
f 1112/8/35 1127/5/35 1129/6/35 1114/7/35
f 1497/2159/37 1858/2160/37 1857/208/37 1498/2161/37
f 1549/2162/34 1909/2163/34 1910/2164/34 1550/2165/34
f 1235/2166/44 1596/2167/44 1595/2168/44 1236/2169/44
f 1287/2170/45 1648/2171/45 1647/2172/45 1288/2173/45
f 1125/46/38 1122/1919/38 1137/1920/38 1140/45/38
f 1123/1921/1 1117/1922/1 1132/1923/1 1138/1924/1
f 1339/2174/40 1700/1094/40 1699/2175/40 1340/2176/40
f 1391/2177/41 1752/2178/41 1751/2179/41 1392/2180/41
f 1118/1933/39 1124/1934/39 1139/1935/39 1133/1936/39
f 1064/1935/1 1049/1934/1 1048/1921/1 1063/1924/1
f 1128/4/8 1142/1/8 1141/2/8 1126/3/8
f 1127/8/35 1148/5/35 1152/6/35 1129/7/35
f 1443/2181/42 1804/2182/42 1803/2183/42 1444/2184/42
f 1234/1394/18 1593/2185/18 1596/2186/18 1235/2187/18
f 1495/956/43 1856/2188/43 1855/2189/43 1496/2190/43
f 1286/2191/18 1646/2192/18 1648/2193/18 1287/2194/18
f 1140/46/38 1137/1919/38 1147/1920/38 1169/45/38
f 1138/1921/1 1132/1922/1 1144/1923/1 1165/1924/1
f 1547/2195/44 1908/2196/44 1907/2197/44 1548/2198/44
f 1338/2199/18 1698/2200/18 1700/2201/18 1339/2202/18
f 1133/1933/39 1139/1934/39 1167/1935/39 1145/1936/39
f 1049/1935/1 1034/1934/1 1032/1921/1 1048/1924/1
f 1142/4/8 1151/1/8 1149/2/8 1141/3/8
f 1148/8/35 1150/5/35 1153/6/35 1152/7/35
f 1390/2203/18 1750/2204/18 1752/2205/18 1391/2206/18
f 1442/2207/18 1801/2208/18 1804/2209/18 1443/2210/18
f 1236/2211/3 1595/2212/3 1594/2213/3 1233/2214/3
f 1494/2091/18 1853/2090/18 1856/942/18 1495/2215/18
f 1169/46/38 1147/1919/38 1164/1920/38 1170/45/38
f 1165/1921/1 1144/1922/1 1159/1923/1 1166/1924/1
f 1288/2216/3 1647/2217/3 1645/2218/3 1285/2219/3
f 1546/2220/18 1905/2221/18 1908/2222/18 1547/2223/18
f 1145/1933/39 1167/1934/39 1168/1935/39 1160/1936/39
f 1031/1921/1 1032/1924/1 1034/1935/1 1033/1934/1
f 1151/4/8 1172/1/8 1171/2/8 1149/3/8
f 1150/8/35 1182/5/35 1173/6/35 1153/7/35
f 1340/2224/3 1699/2225/3 1697/2226/3 1337/2227/3
f 1392/2228/3 1751/2229/3 1749/2230/3 1389/2231/3
f 1444/2232/3 1803/2233/3 1802/2234/3 1441/2235/3
f 1233/2236/37 1594/2237/37 1593/2238/37 1234/2239/37
f 1170/46/38 1164/1919/38 1180/1920/38 1199/45/38
f 1166/1921/1 1159/1922/1 1175/1923/1 1181/1924/1
f 1496/2240/3 1855/2241/3 1854/686/3 1493/2242/3
f 1285/2243/34 1645/2244/34 1646/2245/34 1286/2246/34
f 1160/1933/39 1168/1934/39 1197/1935/39 1176/1936/39
f 1033/1935/1 1004/1934/1 1003/1921/1 1031/1924/1
f 1172/4/8 1185/1/8 1183/2/8 1171/3/8
f 1182/8/35 1184/5/35 1186/6/35 1173/7/35
f 1548/2247/3 1907/2248/3 1906/2249/3 1545/2250/3
f 1337/2251/29 1697/2252/29 1698/2253/29 1338/2254/29
f 1389/2255/32 1749/2256/32 1750/2257/32 1390/2258/32
f 1441/2259/33 1802/2260/33 1801/2261/33 1442/2262/33
f 1199/46/38 1180/1919/38 1195/1920/38 1200/45/38
f 1181/1921/1 1175/1922/1 1190/1923/1 1196/1924/1
f 1493/2263/36 1854/2264/36 1853/2265/36 1494/2266/36
f 1545/2267/37 1906/2268/37 1905/2269/37 1546/2270/37
f 1176/1933/39 1197/1934/39 1198/1935/39 1191/1936/39
f 1004/1935/1 988/1934/1 986/1921/1 1003/1924/1
f 963/2271/52 979/415/52 973/412/52 961/2272/52
f 991/2273/52 997/411/52 979/412/52 963/2274/52
f 1007/2271/52 1019/415/52 997/2275/52 991/2276/52
f 1009/2271/52 1025/415/52 1019/412/52 1007/2272/52
f 1036/2271/52 1042/415/52 1025/412/52 1009/2272/52
f 1051/2277/52 1057/2278/52 1042/2279/52 1036/2280/52
f 1066/2281/52 1072/2278/52 1057/416/52 1051/2274/52
f 1081/2271/52 1087/415/52 1072/416/52 1066/2282/52
f 1096/2271/52 1102/415/52 1087/2283/52 1081/2284/52
f 1111/2271/52 1117/415/52 1102/412/52 1096/2272/52
f 1126/2271/52 1132/415/52 1117/412/52 1111/2272/52
f 1141/2285/52 1144/411/52 1132/412/52 1126/2286/52
f 1149/2273/52 1159/411/52 1144/412/52 1141/2274/52
f 1171/2287/52 1175/411/52 1159/412/52 1149/2288/52
f 1183/2273/52 1190/411/52 1175/412/52 1171/2274/52
f 1069/2289/12 1084/2290/12 1094/2291/12 1079/173/12
f 968/7/8 994/6/8 993/1/8 966/4/8
f 1094/1934/1 1093/1921/1 1108/1924/1 1109/1935/1
f 1108/1921/1 1123/1924/1 1124/1935/1 1109/1934/1
f 1123/1921/1 1138/1924/1 1139/1935/1 1124/1934/1
f 1138/1921/1 1165/1924/1 1167/1935/1 1139/1934/1
f 1165/1921/1 1166/1924/1 1168/1935/1 1167/1934/1
f 1166/1921/1 1181/1924/1 1197/1935/1 1168/1934/1
f 1197/1934/1 1181/1921/1 1196/1924/1 1198/1935/1
f 1172/4/8 1173/7/8 1186/6/8 1185/1/8
f 1151/4/8 1153/7/8 1173/6/8 1172/1/8
f 1152/7/8 1153/6/8 1151/1/8 1142/4/8
f 1128/4/8 1129/7/8 1152/6/8 1142/1/8
f 1113/4/8 1114/7/8 1129/6/8 1128/1/8
f 1098/4/8 1099/7/8 1114/6/8 1113/1/8
f 985/1921/1 986/1924/1 988/1935/1 987/1934/1
f 1079/2292/3 1078/2293/3 1068/2294/3 1069/2295/3
f 1053/4/8 1054/7/8 1069/6/8 1068/1/8
f 1038/4/8 1039/7/8 1054/6/8 1053/1/8
f 1012/4/8 1014/7/8 1039/6/8 1038/1/8
f 1011/4/8 1013/7/8 1014/6/8 1012/1/8
f 993/4/8 994/7/8 1013/6/8 1011/1/8
f 1083/4/8 1084/7/8 1099/6/8 1098/1/8
f 1068/173/28 1078/441/28 1093/442/28 1083/443/28
f 135/25/12 1095/46/12 1110/45/12 150/26/12
f 972/2296/9 1201/2297/9 1202/2298/9 983/2299/9
f 983/2299/9 1202/2298/9 1203/2300/9 977/2301/9
f 977/2301/9 1203/2300/9 1204/2302/9 969/2303/9
f 969/2303/9 1204/2302/9 1201/2297/9 972/2296/9
f 970/2304/53 1205/2305/53 1206/2306/53 982/2307/53
f 982/2307/53 1206/2306/53 1207/2308/53 980/1936/53
f 980/1936/53 1207/2308/53 1208/2309/53 974/1933/53
f 974/1933/53 1208/2309/53 1205/2305/53 970/2304/53
f 975/1919/54 1209/2310/54 1210/2311/54 984/1920/54
f 984/1920/54 1210/2311/54 1211/2312/54 981/2313/54
f 981/2313/54 1211/2312/54 1212/2314/54 976/2315/54
f 976/2315/54 1212/2314/54 1209/2310/54 975/1919/54
f 976/2315/10 1213/2316/10 1214/2317/10 981/2313/10
f 981/2313/10 1214/2317/10 1215/2318/10 978/2319/10
f 978/2319/10 1215/2318/10 1216/2320/10 971/2321/10
f 971/2321/10 1216/2320/10 1213/2316/10 976/2315/10
f 971/2321/20 1217/2322/20 1218/2323/20 978/2319/20
f 978/2319/20 1218/2323/20 1219/2324/20 983/2299/20
f 983/2299/20 1219/2324/20 1220/2325/20 972/2296/20
f 972/2296/20 1220/2325/20 1217/2322/20 971/2321/20
f 969/2303/6 1221/2326/6 1222/2327/6 977/2301/6
f 977/2301/6 1222/2327/6 1223/2328/6 982/2307/6
f 982/2307/6 1223/2328/6 1224/2329/6 970/2304/6
f 970/2304/6 1224/2329/6 1221/2326/6 969/2303/6
f 983/2296/9 1225/2297/9 1226/2298/9 1001/2299/9
f 1001/2299/9 1226/2298/9 1227/2300/9 995/2301/9
f 995/2301/9 1227/2300/9 1228/2302/9 977/2303/9
f 977/2303/9 1228/2302/9 1225/2297/9 983/2296/9
f 982/2304/53 1229/2305/53 1230/2306/53 1000/2307/53
f 1000/2307/53 1230/2306/53 1231/2308/53 998/1936/53
f 998/1936/53 1231/2308/53 1232/2309/53 980/1933/53
f 980/1933/53 1232/2309/53 1229/2305/53 982/2304/53
f 984/1919/54 1233/2310/54 1234/2311/54 1002/1920/54
f 1002/1920/54 1234/2311/54 1235/2312/54 999/2313/54
f 999/2313/54 1235/2312/54 1236/2314/54 981/2315/54
f 981/2315/54 1236/2314/54 1233/2310/54 984/1919/54
f 981/2315/10 1237/2330/10 1238/2331/10 999/2313/10
f 999/2313/10 1238/2331/10 1239/2318/10 996/2319/10
f 996/2319/10 1239/2318/10 1240/2320/10 978/2321/10
f 978/2321/10 1240/2320/10 1237/2330/10 981/2315/10
f 978/2321/20 1241/2322/20 1242/2323/20 996/2319/20
f 996/2319/20 1242/2323/20 1243/2324/20 1001/2299/20
f 1001/2299/20 1243/2324/20 1244/2325/20 983/2296/20
f 983/2296/20 1244/2325/20 1241/2322/20 978/2321/20
f 977/2303/6 1245/2326/6 1246/2327/6 995/2301/6
f 995/2301/6 1246/2327/6 1247/2328/6 1000/2307/6
f 1000/2307/6 1247/2328/6 1248/2329/6 982/2304/6
f 982/2304/6 1248/2329/6 1245/2326/6 977/2303/6
f 1001/2296/9 1249/2297/9 1250/2298/9 1018/2299/9
f 1018/2299/9 1250/2298/9 1251/2300/9 1015/2301/9
f 1015/2301/9 1251/2300/9 1252/2302/9 995/2303/9
f 995/2303/9 1252/2302/9 1249/2297/9 1001/2296/9
f 1000/2304/53 1253/2305/53 1254/2306/53 1016/2307/53
f 1016/2307/53 1254/2306/53 1255/2308/53 1020/1936/53
f 1020/1936/53 1255/2308/53 1256/2309/53 998/1933/53
f 998/1933/53 1256/2309/53 1253/2305/53 1000/2304/53
f 1002/1919/54 1257/2310/54 1258/2311/54 1021/1920/54
f 1021/1920/54 1258/2311/54 1259/2312/54 1022/2313/54
f 1022/2313/54 1259/2312/54 1260/2314/54 999/2315/54
f 999/2315/54 1260/2314/54 1257/2310/54 1002/1919/54
f 999/2315/10 1261/2330/10 1262/2331/10 1022/2313/10
f 1022/2313/10 1262/2331/10 1263/2318/10 1017/2319/10
f 1017/2319/10 1263/2318/10 1264/2320/10 996/2321/10
f 996/2321/10 1264/2320/10 1261/2330/10 999/2315/10
f 996/2321/20 1265/2322/20 1266/2323/20 1017/2319/20
f 1017/2319/20 1266/2323/20 1267/2324/20 1018/2299/20
f 1018/2299/20 1267/2324/20 1268/2325/20 1001/2296/20
f 1001/2296/20 1268/2325/20 1265/2322/20 996/2321/20
f 995/2303/6 1269/2326/6 1270/2327/6 1015/2301/6
f 1015/2301/6 1270/2327/6 1271/2328/6 1016/2307/6
f 1016/2307/6 1271/2328/6 1272/2329/6 1000/2304/6
f 1000/2304/6 1272/2329/6 1269/2326/6 995/2303/6
f 1018/2296/9 1273/2297/9 1274/2298/9 1029/2299/9
f 1029/2299/9 1274/2298/9 1275/2300/9 1023/2301/9
f 1023/2301/9 1275/2300/9 1276/2302/9 1015/2303/9
f 1015/2303/9 1276/2302/9 1273/2297/9 1018/2296/9
f 1016/2304/53 1277/2305/53 1278/2306/53 1028/2307/53
f 1028/2307/53 1278/2306/53 1279/2308/53 1026/1936/53
f 1026/1936/53 1279/2308/53 1280/2309/53 1020/1933/53
f 1020/1933/53 1280/2309/53 1277/2305/53 1016/2304/53
f 1021/1919/54 1281/2310/54 1282/2311/54 1030/1920/54
f 1030/1920/54 1282/2311/54 1283/2312/54 1027/2313/54
f 1027/2313/54 1283/2312/54 1284/2314/54 1022/2315/54
f 1022/2315/54 1284/2314/54 1281/2310/54 1021/1919/54
f 1022/2315/10 1285/2332/10 1286/2333/10 1027/2313/10
f 1027/2313/10 1286/2333/10 1287/2318/10 1024/2319/10
f 1024/2319/10 1287/2318/10 1288/2320/10 1017/2321/10
f 1017/2321/10 1288/2320/10 1285/2332/10 1022/2315/10
f 1017/2321/20 1289/2322/20 1290/2323/20 1024/2319/20
f 1024/2319/20 1290/2323/20 1291/2324/20 1029/2299/20
f 1029/2299/20 1291/2324/20 1292/2325/20 1018/2296/20
f 1018/2296/20 1292/2325/20 1289/2322/20 1017/2321/20
f 1015/2303/6 1293/2326/6 1294/2327/6 1023/2301/6
f 1023/2301/6 1294/2327/6 1295/2328/6 1028/2307/6
f 1028/2307/6 1295/2328/6 1296/2329/6 1016/2304/6
f 1016/2304/6 1296/2329/6 1293/2326/6 1015/2303/6
f 1029/2296/9 1297/2297/9 1298/2298/9 1046/2299/9
f 1046/2299/9 1298/2298/9 1299/2300/9 1040/2301/9
f 1040/2301/9 1299/2300/9 1300/2302/9 1023/2303/9
f 1023/2303/9 1300/2302/9 1297/2297/9 1029/2296/9
f 1028/2304/53 1301/2305/53 1302/2306/53 1045/2307/53
f 1045/2307/53 1302/2306/53 1303/2308/53 1043/1936/53
f 1043/1936/53 1303/2308/53 1304/2309/53 1026/1933/53
f 1026/1933/53 1304/2309/53 1301/2305/53 1028/2304/53
f 1030/1919/54 1305/2310/54 1306/2311/54 1047/1920/54
f 1047/1920/54 1306/2311/54 1307/2312/54 1044/2313/54
f 1044/2313/54 1307/2312/54 1308/2314/54 1027/2315/54
f 1027/2315/54 1308/2314/54 1305/2310/54 1030/1919/54
f 1027/2315/10 1309/2316/10 1310/2334/10 1044/2313/10
f 1044/2313/10 1310/2334/10 1311/2318/10 1041/2319/10
f 1041/2319/10 1311/2318/10 1312/2320/10 1024/2321/10
f 1024/2321/10 1312/2320/10 1309/2316/10 1027/2315/10
f 1024/2321/20 1313/2322/20 1314/2323/20 1041/2319/20
f 1041/2319/20 1314/2323/20 1315/2324/20 1046/2299/20
f 1046/2299/20 1315/2324/20 1316/2325/20 1029/2296/20
f 1029/2296/20 1316/2325/20 1313/2322/20 1024/2321/20
f 1023/2303/6 1317/2326/6 1318/2327/6 1040/2301/6
f 1040/2301/6 1318/2327/6 1319/2328/6 1045/2307/6
f 1045/2307/6 1319/2328/6 1320/2329/6 1028/2304/6
f 1028/2304/6 1320/2329/6 1317/2326/6 1023/2303/6
f 1046/2296/9 1321/2297/9 1322/2298/9 1061/2299/9
f 1061/2299/9 1322/2298/9 1323/2300/9 1055/2301/9
f 1055/2301/9 1323/2300/9 1324/2302/9 1040/2303/9
f 1040/2303/9 1324/2302/9 1321/2297/9 1046/2296/9
f 1045/2304/53 1325/2305/53 1326/2306/53 1060/2307/53
f 1060/2307/53 1326/2306/53 1327/2308/53 1058/1936/53
f 1058/1936/53 1327/2308/53 1328/2309/53 1043/1933/53
f 1043/1933/53 1328/2309/53 1325/2305/53 1045/2304/53
f 1047/1919/54 1329/2310/54 1330/2311/54 1062/1920/54
f 1062/1920/54 1330/2311/54 1331/2312/54 1059/2313/54
f 1059/2313/54 1331/2312/54 1332/2314/54 1044/2315/54
f 1044/2315/54 1332/2314/54 1329/2310/54 1047/1919/54
f 1044/2315/10 1333/2335/10 1334/2336/10 1059/2313/10
f 1059/2313/10 1334/2336/10 1335/2318/10 1056/2319/10
f 1056/2319/10 1335/2318/10 1336/2320/10 1041/2321/10
f 1041/2321/10 1336/2320/10 1333/2335/10 1044/2315/10
f 1041/2321/20 1337/2322/20 1338/2323/20 1056/2319/20
f 1056/2319/20 1338/2323/20 1339/2324/20 1061/2299/20
f 1061/2299/20 1339/2324/20 1340/2325/20 1046/2296/20
f 1046/2296/20 1340/2325/20 1337/2322/20 1041/2321/20
f 1040/2303/6 1341/2326/6 1342/2327/6 1055/2301/6
f 1055/2301/6 1342/2327/6 1343/2328/6 1060/2307/6
f 1060/2307/6 1343/2328/6 1344/2329/6 1045/2304/6
f 1045/2304/6 1344/2329/6 1341/2326/6 1040/2303/6
f 1061/2296/9 1345/2297/9 1346/2298/9 1076/2299/9
f 1076/2299/9 1346/2298/9 1347/2300/9 1070/2301/9
f 1070/2301/9 1347/2300/9 1348/2302/9 1055/2303/9
f 1055/2303/9 1348/2302/9 1345/2297/9 1061/2296/9
f 1060/2304/53 1349/2305/53 1350/2306/53 1075/2307/53
f 1075/2307/53 1350/2306/53 1351/2308/53 1073/1936/53
f 1073/1936/53 1351/2308/53 1352/2309/53 1058/1933/53
f 1058/1933/53 1352/2309/53 1349/2305/53 1060/2304/53
f 1062/1919/54 1353/2310/54 1354/2311/54 1077/1920/54
f 1077/1920/54 1354/2311/54 1355/2312/54 1074/2313/54
f 1074/2313/54 1355/2312/54 1356/2314/54 1059/2315/54
f 1059/2315/54 1356/2314/54 1353/2310/54 1062/1919/54
f 1059/2315/10 1357/2337/10 1358/2338/10 1074/2313/10
f 1074/2313/10 1358/2338/10 1359/2318/10 1071/2319/10
f 1071/2319/10 1359/2318/10 1360/2320/10 1056/2321/10
f 1056/2321/10 1360/2320/10 1357/2337/10 1059/2315/10
f 1056/2321/20 1361/2322/20 1362/2323/20 1071/2319/20
f 1071/2319/20 1362/2323/20 1363/2324/20 1076/2299/20
f 1076/2299/20 1363/2324/20 1364/2325/20 1061/2296/20
f 1061/2296/20 1364/2325/20 1361/2322/20 1056/2321/20
f 1055/2303/6 1365/2326/6 1366/2327/6 1070/2301/6
f 1070/2301/6 1366/2327/6 1367/2328/6 1075/2307/6
f 1075/2307/6 1367/2328/6 1368/2329/6 1060/2304/6
f 1060/2304/6 1368/2329/6 1365/2326/6 1055/2303/6
f 1076/2339/9 1369/2340/9 1370/2341/9 1091/2342/9
f 1091/2342/9 1370/2341/9 1371/2343/9 1085/2344/9
f 1085/2344/9 1371/2343/9 1372/2345/9 1070/2346/9
f 1070/2346/9 1372/2345/9 1369/2340/9 1076/2339/9
f 1075/2347/53 1373/2348/53 1374/2349/53 1090/2350/53
f 1090/2350/53 1374/2349/53 1375/2351/53 1088/2111/53
f 1088/2111/53 1375/2351/53 1376/2352/53 1073/2108/53
f 1073/2108/53 1376/2352/53 1373/2348/53 1075/2347/53
f 1077/2093/54 1377/2353/54 1378/2354/54 1092/2094/54
f 1092/2094/54 1378/2354/54 1379/2355/54 1089/2356/54
f 1089/2356/54 1379/2355/54 1380/2357/54 1074/2358/54
f 1074/2358/54 1380/2357/54 1377/2353/54 1077/2093/54
f 1074/2358/10 1381/2359/10 1382/2360/10 1089/2356/10
f 1089/2356/10 1382/2360/10 1383/2361/10 1086/2362/10
f 1086/2362/10 1383/2361/10 1384/2363/10 1071/2364/10
f 1071/2364/10 1384/2363/10 1381/2359/10 1074/2358/10
f 1071/2364/20 1385/2365/20 1386/2366/20 1086/2362/20
f 1086/2362/20 1386/2366/20 1387/2367/20 1091/2342/20
f 1091/2342/20 1387/2367/20 1388/2368/20 1076/2339/20
f 1076/2339/20 1388/2368/20 1385/2365/20 1071/2364/20
f 1070/2346/6 1389/2369/6 1390/2370/6 1085/2344/6
f 1085/2344/6 1390/2370/6 1391/2371/6 1090/2350/6
f 1090/2350/6 1391/2371/6 1392/2372/6 1075/2347/6
f 1075/2347/6 1392/2372/6 1389/2369/6 1070/2346/6
f 1091/2296/9 1393/2297/9 1394/2298/9 1106/2299/9
f 1106/2299/9 1394/2298/9 1395/2300/9 1100/2301/9
f 1100/2301/9 1395/2300/9 1396/2302/9 1085/2303/9
f 1085/2303/9 1396/2302/9 1393/2297/9 1091/2296/9
f 1090/2304/53 1397/2305/53 1398/2306/53 1105/2307/53
f 1105/2307/53 1398/2306/53 1399/2308/53 1103/1936/53
f 1103/1936/53 1399/2308/53 1400/2309/53 1088/1933/53
f 1088/1933/53 1400/2309/53 1397/2305/53 1090/2304/53
f 1092/1919/54 1401/2310/54 1402/2311/54 1107/1920/54
f 1107/1920/54 1402/2311/54 1403/2312/54 1104/2313/54
f 1104/2313/54 1403/2312/54 1404/2314/54 1089/2315/54
f 1089/2315/54 1404/2314/54 1401/2310/54 1092/1919/54
f 1089/2315/10 1405/2373/10 1406/2374/10 1104/2313/10
f 1104/2313/10 1406/2374/10 1407/2318/10 1101/2319/10
f 1101/2319/10 1407/2318/10 1408/2320/10 1086/2321/10
f 1086/2321/10 1408/2320/10 1405/2373/10 1089/2315/10
f 1086/2321/20 1409/2322/20 1410/2323/20 1101/2319/20
f 1101/2319/20 1410/2323/20 1411/2324/20 1106/2299/20
f 1106/2299/20 1411/2324/20 1412/2325/20 1091/2296/20
f 1091/2296/20 1412/2325/20 1409/2322/20 1086/2321/20
f 1085/2303/6 1413/2326/6 1414/2327/6 1100/2301/6
f 1100/2301/6 1414/2327/6 1415/2328/6 1105/2307/6
f 1105/2307/6 1415/2328/6 1416/2329/6 1090/2304/6
f 1090/2304/6 1416/2329/6 1413/2326/6 1085/2303/6
f 1106/2296/9 1417/2297/9 1418/2298/9 1121/2299/9
f 1121/2299/9 1418/2298/9 1419/2300/9 1115/2301/9
f 1115/2301/9 1419/2300/9 1420/2302/9 1100/2303/9
f 1100/2303/9 1420/2302/9 1417/2297/9 1106/2296/9
f 1105/2304/53 1421/2305/53 1422/2306/53 1120/2307/53
f 1120/2307/53 1422/2306/53 1423/2308/53 1118/1936/53
f 1118/1936/53 1423/2308/53 1424/2309/53 1103/1933/53
f 1103/1933/53 1424/2309/53 1421/2305/53 1105/2304/53
f 1107/1919/54 1425/2310/54 1426/2311/54 1122/1920/54
f 1122/1920/54 1426/2311/54 1427/2312/54 1119/2313/54
f 1119/2313/54 1427/2312/54 1428/2314/54 1104/2315/54
f 1104/2315/54 1428/2314/54 1425/2310/54 1107/1919/54
f 1104/2315/10 1429/2375/10 1430/2376/10 1119/2313/10
f 1119/2313/10 1430/2376/10 1431/2318/10 1116/2319/10
f 1116/2319/10 1431/2318/10 1432/2320/10 1101/2321/10
f 1101/2321/10 1432/2320/10 1429/2375/10 1104/2315/10
f 1101/2321/20 1433/2322/20 1434/2323/20 1116/2319/20
f 1116/2319/20 1434/2323/20 1435/2324/20 1121/2299/20
f 1121/2299/20 1435/2324/20 1436/2325/20 1106/2296/20
f 1106/2296/20 1436/2325/20 1433/2322/20 1101/2321/20
f 1100/2303/6 1437/2326/6 1438/2327/6 1115/2301/6
f 1115/2301/6 1438/2327/6 1439/2328/6 1120/2307/6
f 1120/2307/6 1439/2328/6 1440/2329/6 1105/2304/6
f 1105/2304/6 1440/2329/6 1437/2326/6 1100/2303/6
f 1121/2296/9 1441/2297/9 1442/2298/9 1136/2299/9
f 1136/2299/9 1442/2298/9 1443/2300/9 1130/2301/9
f 1130/2301/9 1443/2300/9 1444/2302/9 1115/2303/9
f 1115/2303/9 1444/2302/9 1441/2297/9 1121/2296/9
f 1120/2304/53 1445/2305/53 1446/2306/53 1135/2307/53
f 1135/2307/53 1446/2306/53 1447/2308/53 1133/1936/53
f 1133/1936/53 1447/2308/53 1448/2309/53 1118/1933/53
f 1118/1933/53 1448/2309/53 1445/2305/53 1120/2304/53
f 1122/1919/54 1449/2310/54 1450/2311/54 1137/1920/54
f 1137/1920/54 1450/2311/54 1451/2312/54 1134/2313/54
f 1134/2313/54 1451/2312/54 1452/2314/54 1119/2315/54
f 1119/2315/54 1452/2314/54 1449/2310/54 1122/1919/54
f 1119/2315/10 1453/2373/10 1454/2374/10 1134/2313/10
f 1134/2313/10 1454/2374/10 1455/2318/10 1131/2319/10
f 1131/2319/10 1455/2318/10 1456/2320/10 1116/2321/10
f 1116/2321/10 1456/2320/10 1453/2373/10 1119/2315/10
f 1116/2321/20 1457/2322/20 1458/2323/20 1131/2319/20
f 1131/2319/20 1458/2323/20 1459/2324/20 1136/2299/20
f 1136/2299/20 1459/2324/20 1460/2325/20 1121/2296/20
f 1121/2296/20 1460/2325/20 1457/2322/20 1116/2321/20
f 1115/2303/6 1461/2326/6 1462/2327/6 1130/2301/6
f 1130/2301/6 1462/2327/6 1463/2328/6 1135/2307/6
f 1135/2307/6 1463/2328/6 1464/2329/6 1120/2304/6
f 1120/2304/6 1464/2329/6 1461/2326/6 1115/2303/6
f 1136/2296/9 1465/2297/9 1466/2298/9 1156/2299/9
f 1156/2299/9 1466/2298/9 1467/2300/9 1154/2301/9
f 1154/2301/9 1467/2300/9 1468/2302/9 1130/2303/9
f 1130/2303/9 1468/2302/9 1465/2297/9 1136/2296/9
f 1135/2304/53 1469/2305/53 1470/2306/53 1155/2307/53
f 1155/2307/53 1470/2306/53 1471/2308/53 1145/1936/53
f 1145/1936/53 1471/2308/53 1472/2309/53 1133/1933/53
f 1133/1933/53 1472/2309/53 1469/2305/53 1135/2304/53
f 1137/1919/54 1473/2310/54 1474/2311/54 1147/1920/54
f 1147/1920/54 1474/2311/54 1475/2312/54 1146/2313/54
f 1146/2313/54 1475/2312/54 1476/2314/54 1134/2315/54
f 1134/2315/54 1476/2314/54 1473/2310/54 1137/1919/54
f 1134/2315/10 1477/2377/10 1478/2378/10 1146/2313/10
f 1146/2313/10 1478/2378/10 1479/2318/10 1143/2319/10
f 1143/2319/10 1479/2318/10 1480/2320/10 1131/2321/10
f 1131/2321/10 1480/2320/10 1477/2377/10 1134/2315/10
f 1131/2321/20 1481/2322/20 1482/2323/20 1143/2319/20
f 1143/2319/20 1482/2323/20 1483/2324/20 1156/2299/20
f 1156/2299/20 1483/2324/20 1484/2325/20 1136/2296/20
f 1136/2296/20 1484/2325/20 1481/2322/20 1131/2321/20
f 1130/2303/6 1485/2326/6 1486/2327/6 1154/2301/6
f 1154/2301/6 1486/2327/6 1487/2328/6 1155/2307/6
f 1155/2307/6 1487/2328/6 1488/2329/6 1135/2304/6
f 1135/2304/6 1488/2329/6 1485/2326/6 1130/2303/6
f 1156/2296/9 1489/2297/9 1490/2298/9 1163/2299/9
f 1163/2299/9 1490/2298/9 1491/2300/9 1157/2301/9
f 1157/2301/9 1491/2300/9 1492/2302/9 1154/2303/9
f 1154/2303/9 1492/2302/9 1489/2297/9 1156/2296/9
f 1155/2304/53 1493/2305/53 1494/2306/53 1162/2307/53
f 1162/2307/53 1494/2306/53 1495/2308/53 1160/1936/53
f 1160/1936/53 1495/2308/53 1496/2309/53 1145/1933/53
f 1145/1933/53 1496/2309/53 1493/2305/53 1155/2304/53
f 1147/1919/54 1497/2310/54 1498/2311/54 1164/1920/54
f 1164/1920/54 1498/2311/54 1499/2312/54 1161/2313/54
f 1161/2313/54 1499/2312/54 1500/2314/54 1146/2315/54
f 1146/2315/54 1500/2314/54 1497/2310/54 1147/1919/54
f 1146/2315/10 1501/2377/10 1502/2378/10 1161/2313/10
f 1161/2313/10 1502/2378/10 1503/2318/10 1158/2319/10
f 1158/2319/10 1503/2318/10 1504/2320/10 1143/2321/10
f 1143/2321/10 1504/2320/10 1501/2377/10 1146/2315/10
f 1143/2321/20 1505/2322/20 1506/2323/20 1158/2319/20
f 1158/2319/20 1506/2323/20 1507/2324/20 1163/2299/20
f 1163/2299/20 1507/2324/20 1508/2325/20 1156/2296/20
f 1156/2296/20 1508/2325/20 1505/2322/20 1143/2321/20
f 1154/2303/6 1509/2326/6 1510/2327/6 1157/2301/6
f 1157/2301/6 1510/2327/6 1511/2328/6 1162/2307/6
f 1162/2307/6 1511/2328/6 1512/2329/6 1155/2304/6
f 1155/2304/6 1512/2329/6 1509/2326/6 1154/2303/6
f 1163/2296/9 1513/2297/9 1514/2298/9 1179/2299/9
f 1179/2299/9 1514/2298/9 1515/2300/9 1187/2301/9
f 1187/2301/9 1515/2300/9 1516/2302/9 1157/2303/9
f 1157/2303/9 1516/2302/9 1513/2297/9 1163/2296/9
f 1162/2304/53 1517/2305/53 1518/2306/53 1178/2307/53
f 1178/2307/53 1518/2306/53 1519/2308/53 1176/1936/53
f 1176/1936/53 1519/2308/53 1520/2309/53 1160/1933/53
f 1160/1933/53 1520/2309/53 1517/2305/53 1162/2304/53
f 1164/1919/54 1521/2310/54 1522/2311/54 1180/1920/54
f 1180/1920/54 1522/2311/54 1523/2312/54 1177/2313/54
f 1177/2313/54 1523/2312/54 1524/2314/54 1161/2315/54
f 1161/2315/54 1524/2314/54 1521/2310/54 1164/1919/54
f 1161/2315/10 1525/2379/10 1526/2380/10 1177/2313/10
f 1177/2313/10 1526/2380/10 1527/2318/10 1174/2319/10
f 1174/2319/10 1527/2318/10 1528/2320/10 1158/2321/10
f 1158/2321/10 1528/2320/10 1525/2379/10 1161/2315/10
f 1158/2321/20 1529/2322/20 1530/2323/20 1174/2319/20
f 1174/2319/20 1530/2323/20 1531/2324/20 1179/2299/20
f 1179/2299/20 1531/2324/20 1532/2325/20 1163/2296/20
f 1163/2296/20 1532/2325/20 1529/2322/20 1158/2321/20
f 1157/2303/6 1533/2326/6 1534/2327/6 1187/2301/6
f 1187/2301/6 1534/2327/6 1535/2328/6 1178/2307/6
f 1178/2307/6 1535/2328/6 1536/2329/6 1162/2304/6
f 1162/2304/6 1536/2329/6 1533/2326/6 1157/2303/6
f 1179/2296/9 1537/2297/9 1538/2298/9 1194/2299/9
f 1194/2299/9 1538/2298/9 1539/2300/9 1188/2301/9
f 1188/2301/9 1539/2300/9 1540/2302/9 1187/2303/9
f 1187/2303/9 1540/2302/9 1537/2297/9 1179/2296/9
f 1178/2304/53 1541/2305/53 1542/2306/53 1193/2307/53
f 1193/2307/53 1542/2306/53 1543/2308/53 1191/1936/53
f 1191/1936/53 1543/2308/53 1544/2309/53 1176/1933/53
f 1176/1933/53 1544/2309/53 1541/2305/53 1178/2304/53
f 1180/1919/54 1545/2310/54 1546/2311/54 1195/1920/54
f 1195/1920/54 1546/2311/54 1547/2312/54 1192/2313/54
f 1192/2313/54 1547/2312/54 1548/2314/54 1177/2315/54
f 1177/2315/54 1548/2314/54 1545/2310/54 1180/1919/54
f 1177/2315/10 1549/2337/10 1550/2338/10 1192/2313/10
f 1192/2313/10 1550/2338/10 1551/2318/10 1189/2319/10
f 1189/2319/10 1551/2318/10 1552/2320/10 1174/2321/10
f 1174/2321/10 1552/2320/10 1549/2337/10 1177/2315/10
f 1174/2321/20 1553/2322/20 1554/2323/20 1189/2319/20
f 1189/2319/20 1554/2323/20 1555/2324/20 1194/2299/20
f 1194/2299/20 1555/2324/20 1556/2325/20 1179/2296/20
f 1179/2296/20 1556/2325/20 1553/2322/20 1174/2321/20
f 1187/2303/6 1557/2326/6 1558/2327/6 1188/2301/6
f 1188/2301/6 1558/2327/6 1559/2328/6 1193/2307/6
f 1193/2307/6 1559/2328/6 1560/2329/6 1178/2304/6
f 1178/2304/6 1560/2329/6 1557/2326/6 1187/2303/6
f 1562/2381/9 1563/2382/9 1564/2383/9 1561/2384/9
f 1566/2385/53 1567/2386/53 1568/2387/53 1565/2388/53
f 1570/2389/54 1571/2390/54 1572/2391/54 1569/2392/54
f 1573/2393/10 1575/2394/10 1576/2395/10 1574/2396/10
f 1577/2397/20 1579/2398/20 1580/2399/20 1578/2400/20
f 1581/2401/6 1583/2402/6 1584/2403/6 1582/2404/6
f 1586/2405/9 1587/2406/9 1588/2407/9 1585/2408/9
f 1590/2409/53 1591/2410/53 1592/2411/53 1589/2412/53
f 1594/2413/54 1595/2414/54 1596/2415/54 1593/2416/54
f 1597/2417/10 1599/2418/10 1600/2419/10 1598/2420/10
f 1601/2421/20 1603/2422/20 1604/2423/20 1602/2424/20
f 1605/2425/6 1607/2426/6 1608/2427/6 1606/2428/6
f 1610/2429/9 1611/2430/9 1612/2431/9 1609/2432/9
f 1614/2433/53 1615/2434/53 1616/2435/53 1613/2436/53
f 1618/2437/54 1619/2438/54 1620/2439/54 1617/2440/54
f 1621/2441/10 1623/2442/10 1624/2443/10 1622/2444/10
f 1625/2445/20 1627/2446/20 1628/2447/20 1626/2448/20
f 1629/2449/6 1631/2450/6 1632/2451/6 1630/2452/6
f 1634/2453/9 1635/2454/9 1636/2455/9 1633/2456/9
f 1638/2457/53 1639/2387/53 1640/2458/53 1637/2459/53
f 1642/2460/54 1643/2461/54 1644/2462/54 1641/2463/54
f 1645/2464/10 1647/2465/10 1648/2466/10 1646/2467/10
f 1649/2468/20 1651/2469/20 1652/2470/20 1650/2471/20
f 1653/2472/6 1655/2473/6 1656/2474/6 1654/2475/6
f 1658/2476/9 1659/2477/9 1660/2430/9 1657/2429/9
f 1662/2478/53 1663/2479/53 1664/2480/53 1661/2481/53
f 1666/2482/54 1667/2439/54 1668/2483/54 1665/2484/54
f 1669/2485/10 1671/2486/10 1672/2487/10 1670/2488/10
f 1673/2400/20 1675/2489/20 1676/2446/20 1674/2445/20
f 1677/2490/6 1679/2491/6 1680/2492/6 1678/2493/6
f 1682/2494/9 1683/2495/9 1684/2496/9 1681/2381/9
f 1686/2497/53 1687/2498/53 1688/2479/53 1685/2478/53
f 1690/2499/54 1691/2500/54 1692/2501/54 1689/2502/54
f 1693/2503/10 1695/2504/10 1696/2505/10 1694/2506/10
f 1697/2507/20 1699/2508/20 1700/2509/20 1698/2510/20
f 1701/2511/6 1703/2512/6 1704/2513/6 1702/2514/6
f 1706/2432/9 1707/2431/9 1708/2515/9 1705/2405/9
f 1710/2516/53 1711/2517/53 1712/2518/53 1709/2519/53
f 1714/2520/54 1715/2521/54 1716/2522/54 1713/2523/54
f 1717/2524/10 1719/2525/10 1720/2526/10 1718/2527/10
f 1721/2528/20 1723/2529/20 1724/2530/20 1722/2531/20
f 1725/2532/6 1727/2533/6 1728/2534/6 1726/2535/6
f 1730/2536/9 1731/2537/9 1732/2454/9 1729/2453/9
f 1734/2538/53 1735/2539/53 1736/2540/53 1733/2541/53
f 1738/2542/54 1739/2543/54 1740/2544/54 1737/2545/54
f 1741/2546/10 1743/2547/10 1744/2548/10 1742/2549/10
f 1745/2550/20 1747/2551/20 1748/2552/20 1746/2553/20
f 1749/2554/6 1751/2555/6 1752/2556/6 1750/2557/6
f 1754/2558/9 1755/2559/9 1756/2560/9 1753/2561/9
f 1758/2562/53 1759/2563/53 1760/2539/53 1757/2538/53
f 1762/2564/54 1763/2565/54 1764/2566/54 1761/2567/54
f 1765/2568/10 1767/2569/10 1768/2570/10 1766/2571/10
f 1769/2572/20 1771/2573/20 1772/2574/20 1770/2575/20
f 1773/2576/6 1775/2577/6 1776/2578/6 1774/2579/6
f 1778/2580/9 1779/2581/9 1780/2582/9 1777/2583/9
f 1782/2584/53 1783/2585/53 1784/2586/53 1781/2587/53
f 1786/2588/54 1787/2589/54 1788/2590/54 1785/2591/54
f 1789/2592/10 1791/2593/10 1792/2594/10 1790/2595/10
f 1793/2596/20 1795/2597/20 1796/2598/20 1794/2599/20
f 1797/2600/6 1799/2601/6 1800/2602/6 1798/2603/6
f 1802/2604/9 1803/663/9 1804/2605/9 1801/2606/9
f 1806/2607/53 1807/2608/53 1808/2609/53 1805/2610/53
f 1810/2611/54 1811/2612/54 1812/742/54 1809/2501/54
f 1813/2613/10 1815/599/10 1816/2614/10 1814/2615/10
f 1817/2616/20 1819/2617/20 1820/2597/20 1818/2596/20
f 1821/2618/6 1823/2619/6 1824/2620/6 1822/2403/6
f 1826/2621/9 1827/2622/9 1828/2449/9 1825/2623/9
f 1830/2624/53 1831/2625/53 1832/2626/53 1829/2627/53
f 1834/2628/54 1835/2484/54 1836/2629/54 1833/683/54
f 1837/2630/10 1839/2631/10 1840/2632/10 1838/2633/10
f 1841/2634/20 1843/2635/20 1844/2636/20 1842/2637/20
f 1845/2638/6 1847/2639/6 1848/2640/6 1846/2641/6
f 1850/2642/9 1851/2643/9 1852/2644/9 1849/2645/9
f 1854/2646/53 1855/2647/53 1856/2648/53 1853/2649/53
f 1858/2650/54 1859/2437/54 1860/2440/54 1857/2651/54
f 1861/2652/10 1863/2653/10 1864/2654/10 1862/2655/10
f 1865/2656/20 1867/2657/20 1868/2658/20 1866/2659/20
f 1869/2660/6 1871/2661/6 1872/2662/6 1870/2663/6
f 1874/2664/9 1875/2665/9 1876/2495/9 1873/2666/9
f 1878/878/53 1879/2667/53 1880/2668/53 1877/2669/53
f 1882/2670/54 1883/2671/54 1884/698/54 1881/2672/54
f 1885/2673/10 1887/2674/10 1888/2206/10 1886/2675/10
f 1889/2676/20 1891/2677/20 1892/2617/20 1890/2616/20
f 1893/2678/6 1895/2532/6 1896/2679/6 1894/2680/6
f 1898/2681/9 1899/2682/9 1900/2665/9 1897/2664/9
f 1902/2683/53 1903/2684/53 1904/2685/53 1901/2686/53
f 1906/2687/54 1907/2499/54 1908/2502/54 1905/2688/54
f 1909/2689/10 1911/2690/10 1912/2691/10 1910/2692/10
f 1913/2693/20 1915/2694/20 1916/2529/20 1914/2695/20
f 1917/2696/6 1919/2697/6 1920/2698/6 1918/2699/6
f 1297/2700/33 1658/2701/33 1657/2702/33 1298/2703/33
f 1508/2704/3 1867/2705/3 1865/2706/3 1505/2707/3
f 1245/2708/32 1605/2709/32 1606/2710/32 1246/2711/32
f 1456/2712/3 1815/2081/3 1813/2713/3 1453/2714/3
f 1404/2715/3 1763/2716/3 1762/2717/3 1401/2718/3
f 1352/2719/3 1711/2720/3 1710/2721/3 1349/2722/3
f 1558/2723/18 1918/2724/18 1920/2725/18 1559/2726/18
f 1300/2727/3 1659/2728/3 1658/2729/3 1297/2730/3
f 1506/2731/18 1866/2732/18 1868/2733/18 1507/2734/18
f 1248/2735/3 1607/2736/3 1605/2737/3 1245/2738/3
f 1454/2739/18 1814/2740/18 1816/2741/18 1455/2742/18
f 1402/2743/18 1761/2744/18 1764/2745/18 1403/2746/18
f 1350/2747/18 1709/942/18 1712/2748/18 1351/2749/18
f 1559/2750/41 1920/2751/41 1919/2752/41 1560/2753/41
f 1298/2754/18 1657/2755/18 1660/2756/18 1299/2757/18
f 1507/2758/40 1868/2759/40 1867/2760/40 1508/2761/40
f 1246/2762/18 1606/2735/18 1608/2763/18 1247/2764/18
f 1455/2765/45 1816/2766/45 1815/2767/45 1456/2768/45
f 1403/2769/44 1764/2770/44 1763/2771/44 1404/2772/44
f 1351/2773/43 1712/2774/43 1711/2775/43 1352/2776/43
f 1299/2777/42 1660/2778/42 1659/2779/42 1300/2780/42
f 1247/2781/41 1608/2782/41 1607/2783/41 1248/2784/41
f 1509/2785/32 1869/2786/32 1870/2787/32 1510/2788/32
f 1457/2789/29 1817/2790/29 1818/2791/29 1458/2792/29
f 1405/2793/34 1765/2794/34 1766/2795/34 1406/2796/34
f 1353/2797/37 1714/2798/37 1713/74/37 1354/2799/37
f 1301/2800/36 1662/2801/36 1661/1319/36 1302/2802/36
f 1512/2803/3 1871/2804/3 1869/2805/3 1509/2806/3
f 1249/2807/33 1610/2808/33 1609/1796/33 1250/2809/33
f 1460/2810/3 1819/2811/3 1817/2812/3 1457/2813/3
f 1408/2814/3 1767/2815/3 1765/2816/3 1405/2817/3
f 1356/2818/3 1715/2819/3 1714/2820/3 1353/2821/3
f 1304/2822/3 1663/1773/3 1662/2823/3 1301/2824/3
f 1510/2825/18 1870/2826/18 1872/2827/18 1511/1102/18
f 1252/2828/3 1611/2829/3 1610/2830/3 1249/2831/3
f 1458/2832/18 1818/2833/18 1820/2834/18 1459/2835/18
f 1406/2836/18 1766/2837/18 1768/2838/18 1407/2839/18
f 1354/2840/18 1713/2841/18 1716/2842/18 1355/2843/18
f 1302/2749/18 1661/2844/18 1664/1046/18 1303/2845/18
f 1511/2846/41 1872/2847/41 1871/2848/41 1512/2849/41
f 1250/2850/18 1609/2851/18 1612/2852/18 1251/2853/18
f 1459/2854/40 1820/2855/40 1819/2856/40 1460/2857/40
f 1407/2858/45 1768/2859/45 1767/2860/45 1408/2861/45
f 1355/2862/44 1716/2863/44 1715/2864/44 1356/2865/44
f 1303/2442/43 1664/2866/43 1663/2867/43 1304/2868/43
f 1251/2869/42 1612/2870/42 1611/2871/42 1252/2872/42
f 1513/2873/33 1874/2874/33 1873/2875/33 1514/2876/33
f 1461/2877/32 1821/2878/32 1822/2879/32 1462/2880/32
f 1409/2881/29 1769/2882/29 1770/2883/29 1410/2884/29
f 1357/2885/34 1717/2886/34 1718/1630/34 1358/2887/34
f 1305/2888/37 1666/2889/37 1665/73/37 1306/2890/37
f 1516/2891/3 1875/2892/3 1874/2893/3 1513/2894/3
f 1253/2895/36 1614/2896/36 1613/2897/36 1254/2898/36
f 1464/2899/3 1823/2900/3 1821/2901/3 1461/2902/3
f 1201/2903/33 1562/2904/33 1561/2905/33 1202/2906/33
f 1412/2907/3 1771/2908/3 1769/2909/3 1409/2910/3
f 1360/2911/3 1719/2912/3 1717/2913/3 1357/2914/3
f 1308/2915/3 1667/2715/3 1666/2916/3 1305/2917/3
f 1514/2918/18 1873/2919/18 1876/2920/18 1515/2921/18
f 1256/2922/3 1615/1793/3 1614/2923/3 1253/2924/3
f 1462/2925/18 1822/2926/18 1824/2927/18 1463/2928/18
f 1204/1748/3 1563/2929/3 1562/2892/3 1201/2930/3
f 1410/2931/18 1770/2932/18 1772/112/18 1411/2933/18
f 1358/2934/18 1718/2935/18 1720/2925/18 1359/2936/18
f 1306/2937/18 1665/2938/18 1668/2939/18 1307/2940/18
f 1515/2941/42 1876/2942/42 1875/2943/42 1516/2944/42
f 1254/2945/18 1613/2946/18 1616/1066/18 1255/2947/18
f 1463/2948/41 1824/2949/41 1823/2950/41 1464/2951/41
f 1202/2952/18 1561/2953/18 1564/2954/18 1203/2955/18
f 1411/2956/40 1772/2957/40 1771/2958/40 1412/2959/40
f 1359/2960/45 1720/2961/45 1719/2962/45 1360/2963/45
f 1307/2964/44 1668/2965/44 1667/2966/44 1308/2967/44
f 1255/2968/43 1616/2969/43 1615/2970/43 1256/2971/43
f 1203/2942/42 1564/2972/42 1563/2973/42 1204/2943/42
f 1517/2974/36 1878/2975/36 1877/2976/36 1518/2977/36
f 1465/2978/33 1826/2979/33 1825/2980/33 1466/2981/33
f 1413/2982/32 1773/2983/32 1774/2984/32 1414/2985/32
f 1361/2986/29 1721/2987/29 1722/2988/29 1362/2989/29
f 1309/2990/34 1669/2991/34 1670/2133/34 1310/2132/34
f 1520/2992/3 1879/2993/3 1878/2994/3 1517/2995/3
f 1257/2996/37 1618/2997/37 1617/2998/37 1258/2999/37
f 1468/3000/3 1827/3001/3 1826/3002/3 1465/1748/3
f 1205/3003/36 1566/3004/36 1565/3005/36 1206/3006/36
f 1416/3007/3 1775/3008/3 1773/3009/3 1413/3010/3
f 1364/3011/3 1723/2954/3 1721/2953/3 1361/3012/3
f 1312/3013/3 1671/3014/3 1669/3015/3 1309/3016/3
f 1518/3017/18 1877/3018/18 1880/3019/18 1519/3020/18
f 1260/3021/3 1619/3022/3 1618/3023/3 1257/3024/3
f 1466/3025/18 1825/3026/18 1828/3027/18 1467/3028/18
f 1208/3029/3 1567/3030/3 1566/3031/3 1205/3032/3
f 1414/3010/18 1774/3033/18 1776/3034/18 1415/3035/18
f 1362/3036/18 1722/3037/18 1724/3038/18 1363/3039/18
f 1310/2935/18 1670/3040/18 1672/3041/18 1311/2925/18
f 1519/3042/43 1880/3043/43 1879/3044/43 1520/3045/43
f 1258/131/18 1617/3046/18 1620/3047/18 1259/3048/18
f 1467/3043/42 1828/3049/42 1827/3050/42 1468/3051/42
f 1206/3020/18 1565/3019/18 1568/3052/18 1207/3053/18
f 1415/3054/41 1776/3055/41 1775/2847/41 1416/2846/41
f 1363/3056/40 1724/1198/40 1723/3057/40 1364/3058/40
f 1311/3059/45 1672/3060/45 1671/3061/45 1312/3062/45
f 1259/3063/44 1620/3064/44 1619/3065/44 1260/3066/44
f 1207/3067/43 1568/3068/43 1567/3069/43 1208/3070/43
f 1521/3071/37 1882/3072/37 1881/3073/37 1522/3074/37
f 1469/3075/36 1830/3076/36 1829/3077/36 1470/3078/36
f 1417/3079/33 1778/3080/33 1777/3081/33 1418/3082/33
f 1365/3083/32 1725/3084/32 1726/3085/32 1366/3086/32
f 1313/3087/29 1673/3088/29 1674/3089/29 1314/3090/29
f 1524/3091/3 1883/3092/3 1882/3093/3 1521/3094/3
f 1261/3095/34 1621/3096/34 1622/3097/34 1262/3098/34
f 1472/3099/3 1831/2114/3 1830/905/3 1469/3100/3
f 1209/2795/37 1570/3101/37 1569/3102/37 1210/3103/37
f 1420/3104/3 1779/3105/3 1778/3106/3 1417/3107/3
f 1368/3108/3 1727/3109/3 1725/3110/3 1365/3111/3
f 1316/3112/3 1675/3113/3 1673/3114/3 1313/3115/3
f 1522/3116/18 1881/3117/18 1884/3118/18 1523/3119/18
f 1264/3120/3 1623/3121/3 1621/3122/3 1261/3123/3
f 1470/3124/18 1829/3052/18 1832/3125/18 1471/3126/18
f 1212/3127/3 1571/3128/3 1570/3129/3 1209/3130/3
f 1418/3131/18 1777/3132/18 1780/3133/18 1419/3134/18
f 1366/3135/18 1726/3136/18 1728/3137/18 1367/3138/18
f 1314/1605/18 1674/3139/18 1676/3140/18 1315/1606/18
f 1523/3141/44 1884/3142/44 1883/3143/44 1524/2883/44
f 1262/3144/18 1622/3120/18 1624/3145/18 1263/3146/18
f 1471/3147/43 1832/3148/43 1831/3149/43 1472/381/43
f 1210/3150/18 1569/3151/18 1572/3152/18 1211/3153/18
f 1419/3154/42 1780/3155/42 1779/2051/42 1420/2050/42
f 1367/3156/41 1728/3157/41 1727/3158/41 1368/3159/41
f 1315/2176/40 1676/2175/40 1675/3160/40 1316/3161/40
f 1263/3162/45 1624/3163/45 1623/3164/45 1264/3165/45
f 1211/3166/44 1572/3167/44 1571/3168/44 1212/3169/44
f 1525/3170/34 1885/3171/34 1886/3172/34 1526/3173/34
f 1473/3174/37 1834/3175/37 1833/3176/37 1474/3177/37
f 1421/2158/36 1782/2157/36 1781/3178/36 1422/3179/36
f 1369/3180/33 1730/2259/33 1729/2262/33 1370/3181/33
f 1317/3182/32 1677/3183/32 1678/3184/32 1318/3185/32
f 1528/3010/3 1887/3009/3 1885/3186/3 1525/3187/3
f 1265/3188/29 1625/3189/29 1626/3190/29 1266/3191/29
f 1476/3192/3 1835/3193/3 1834/3194/3 1473/3195/3
f 1213/3098/34 1573/3097/34 1574/3196/34 1214/3197/34
f 1424/3198/3 1783/3199/3 1782/3200/3 1421/3201/3
f 1372/3202/3 1731/3203/3 1730/3105/3 1369/3204/3
f 1320/3205/3 1679/3108/3 1677/3206/3 1317/103/3
f 1526/3207/18 1886/3208/18 1888/3209/18 1527/3210/18
f 1268/3211/3 1627/3212/3 1625/3213/3 1265/3214/3
f 1474/3215/18 1833/3216/18 1836/3217/18 1475/3218/18
f 1216/3219/3 1575/3220/3 1573/3221/3 1213/3222/3
f 1422/3223/18 1781/3224/18 1784/3225/18 1423/3226/18
f 1370/1866/18 1729/3227/18 1732/3228/18 1371/1867/18
f 1318/3229/18 1678/3230/18 1680/3231/18 1319/3232/18
f 1527/3233/45 1888/3234/45 1887/3235/45 1528/3236/45
f 1266/3237/18 1626/3238/18 1628/3239/18 1267/3240/18
f 1475/1524/44 1836/3063/44 1835/3241/44 1476/3242/44
f 1214/3208/18 1574/3243/18 1576/3244/18 1215/3209/18
f 1423/3245/43 1784/1949/43 1783/1952/43 1424/3246/43
f 1371/3247/42 1732/3248/42 1731/3249/42 1372/3250/42
f 1319/2753/41 1680/2752/41 1679/3251/41 1320/3252/41
f 1267/3253/40 1628/3254/40 1627/3255/40 1268/3256/40
f 1215/3257/45 1576/3258/45 1575/3259/45 1216/3260/45
f 1529/3261/29 1889/3262/29 1890/3263/29 1530/3264/29
f 1477/3265/34 1837/3266/34 1838/3267/34 1478/3268/34
f 1425/3269/37 1786/3270/37 1785/3271/37 1426/3272/37
f 1373/2024/36 1734/3273/36 1733/2418/36 1374/3274/36
f 1321/3275/33 1682/3276/33 1681/3277/33 1322/3278/33
f 1532/3279/3 1891/3280/3 1889/3281/3 1529/3282/3
f 1269/3283/32 1629/3284/32 1630/3285/32 1270/3286/32
f 1480/3287/3 1839/3288/3 1837/3107/3 1477/3289/3
f 1217/3290/29 1577/3291/29 1578/3292/29 1218/3293/29
f 1428/3294/3 1787/3295/3 1786/3296/3 1425/3297/3
f 1376/3298/3 1735/2200/3 1734/3299/3 1373/3300/3
f 1324/3301/3 1683/3302/3 1682/3303/3 1321/3304/3
f 1530/3039/18 1890/3038/18 1892/3305/18 1531/3306/18
f 1272/3307/3 1631/1705/3 1629/3244/3 1269/3308/3
f 1478/3309/18 1838/3310/18 1840/3311/18 1479/3312/18
f 1220/3313/3 1579/3314/3 1577/3315/3 1217/3316/3
f 1426/3317/18 1785/3318/18 1788/3319/18 1427/3320/18
f 1374/3226/18 1733/3321/18 1736/3322/18 1375/3323/18
f 1322/3324/18 1681/3325/18 1684/3326/18 1323/3327/18
f 1531/3328/40 1892/3329/40 1891/3330/40 1532/3331/40
f 1270/3332/18 1630/3333/18 1632/3334/18 1271/1008/18
f 1479/3335/45 1840/1961/45 1839/3336/45 1480/3337/45
f 1218/254/18 1578/3338/18 1580/3339/18 1219/255/18
f 1427/3340/44 1788/3141/44 1787/3341/44 1428/3342/44
f 1375/2055/43 1736/3343/43 1735/3344/43 1376/2056/43
f 1323/2870/42 1684/2941/42 1683/3345/42 1324/2871/42
f 1271/3159/41 1632/3158/41 1631/3346/41 1272/3347/41
f 1219/3256/40 1580/3255/40 1579/2980/40 1220/3348/40
f 1533/3349/32 1893/3350/32 1894/3351/32 1534/3352/32
f 1481/3353/29 1841/3354/29 1842/3355/29 1482/3356/29
f 1429/3357/34 1789/3358/34 1790/3359/34 1430/3360/34
f 1377/3361/37 1738/3362/37 1737/3363/37 1378/3364/37
f 1325/3365/36 1686/3366/36 1685/3367/36 1326/3368/36
f 1536/3369/3 1895/3370/3 1893/3371/3 1533/3372/3
f 1273/3373/33 1634/3374/33 1633/3375/33 1274/3376/33
f 1484/3377/3 1843/3378/3 1841/3379/3 1481/3380/3
f 1221/3381/32 1581/3382/32 1582/3383/32 1222/3384/32
f 1432/3385/3 1791/3386/3 1789/3387/3 1429/3388/3
f 1380/3389/3 1739/3294/3 1738/3390/3 1377/3391/3
f 1328/3392/3 1687/3298/3 1686/3300/3 1325/3393/3
f 1534/3394/18 1894/3395/18 1896/3396/18 1535/3397/18
f 1276/3398/3 1635/3399/3 1634/3400/3 1273/3401/3
f 1482/356/18 1842/1776/18 1844/3402/18 1483/3403/18
f 1224/3404/3 1583/3396/3 1581/3405/3 1221/3406/3
f 1430/3388/18 1790/3407/18 1792/3408/18 1431/3385/18
f 1378/3409/18 1737/3410/18 1740/3411/18 1379/3412/18
f 1326/3413/18 1685/1252/18 1688/3414/18 1327/3415/18
f 1535/2849/41 1896/2848/41 1895/3416/41 1536/1427/41
f 1274/3417/18 1633/3418/18 1636/3419/18 1275/3420/18
f 1483/3421/40 1844/3422/40 1843/3423/40 1484/3424/40
f 1222/3425/18 1582/3426/18 1584/3427/18 1223/3428/18
f 1431/3429/45 1792/3430/45 1791/3431/45 1432/3432/45
f 1379/3433/44 1740/1953/44 1739/3434/44 1380/3435/44
f 1327/3436/43 1688/3437/43 1687/3438/43 1328/3439/43
f 1275/3440/42 1636/3441/42 1635/3442/42 1276/3443/42
f 1223/3444/41 1584/3445/41 1583/2751/41 1224/2750/41
f 1537/3446/33 1898/2903/33 1897/2906/33 1538/3447/33
f 1485/3448/32 1845/3449/32 1846/3450/32 1486/3451/32
f 1433/3452/29 1793/3453/29 1794/3454/29 1434/3455/29
f 1381/3173/34 1741/3172/34 1742/3456/34 1382/3457/34
f 1329/3458/37 1690/3459/37 1689/3460/37 1330/3461/37
f 1540/3462/3 1899/3463/3 1898/3464/3 1537/3398/3
f 1277/3179/36 1638/3178/36 1637/3465/36 1278/3466/36
f 1488/3467/3 1847/3468/3 1845/3469/3 1485/3470/3
f 1225/3471/33 1586/3472/33 1585/3473/33 1226/3474/33
f 1436/3475/3 1795/3476/3 1793/3477/3 1433/3478/3
f 1384/3479/3 1743/3480/3 1741/3481/3 1381/3482/3
f 1332/3483/3 1691/3484/3 1690/3485/3 1329/3486/3
f 1538/3487/18 1897/3488/18 1900/3489/18 1539/3490/18
f 1280/2227/3 1639/2226/3 1638/3491/3 1277/3492/3
f 1486/3470/18 1846/3493/18 1848/3494/18 1487/3495/18
f 1228/3496/3 1587/3497/3 1586/3463/3 1225/3498/3
f 1434/1067/18 1794/3499/18 1796/3500/18 1435/3501/18
f 1382/3502/18 1742/3503/18 1744/3504/18 1383/3505/18
f 1330/3506/18 1689/3507/18 1692/3508/18 1331/3509/18
f 1539/3510/42 1900/3511/42 1899/3512/42 1540/3513/42
f 1278/3415/18 1637/3414/18 1640/3514/18 1279/3515/18
f 1487/2677/41 1848/3516/41 1847/3517/41 1488/3518/41
f 1226/3519/18 1585/3520/18 1588/229/18 1227/1134/18
f 1435/3521/40 1796/3522/40 1795/2768/40 1436/3523/40
f 1383/3524/45 1744/3525/45 1743/3526/45 1384/3527/45
f 1331/3528/44 1692/3529/44 1691/3530/44 1332/3531/44
f 1279/3532/43 1640/3533/43 1639/3534/43 1280/3069/43
f 1227/1946/42 1588/3535/42 1587/3536/42 1228/1947/42
f 1541/3537/36 1902/3538/36 1901/3539/36 1542/3540/36
f 1489/3541/33 1850/3542/33 1849/3543/33 1490/3544/33
f 1437/3545/32 1797/2877/32 1798/2880/32 1438/3546/32
f 1385/3547/29 1745/3548/29 1746/3549/29 1386/3550/29
f 1333/3551/34 1693/3552/34 1694/3553/34 1334/3554/34
f 1544/3555/3 1903/3556/3 1902/3557/3 1541/3558/3
f 1281/3559/37 1642/3560/37 1641/3561/37 1282/3562/37
f 1492/3563/3 1851/3564/3 1850/3565/3 1489/3566/3
f 1229/3567/36 1590/3568/36 1589/3569/36 1230/3570/36
f 1440/3571/3 1799/3572/3 1797/3573/3 1437/3574/3
f 1388/3575/3 1747/3576/3 1745/3577/3 1385/3578/3
f 1336/3579/3 1695/3504/3 1693/3580/3 1333/3581/3
f 1542/3582/18 1901/3583/18 1904/3584/18 1543/3585/18
f 1284/3586/3 1643/3587/3 1642/3588/3 1281/3589/3
f 1490/3590/18 1849/3591/18 1852/3592/18 1491/3593/18
f 1232/3594/3 1591/3595/3 1590/3558/3 1229/3596/3
f 1438/3597/18 1798/3598/18 1800/3599/18 1439/3600/18
f 1386/3601/18 1746/346/18 1748/3602/18 1387/3603/18
f 1334/3604/18 1694/3605/18 1696/3606/18 1335/3607/18
f 1543/3608/43 1904/3609/43 1903/3610/43 1544/3611/43
f 1282/3612/18 1641/3613/18 1644/3614/18 1283/3615/18
f 1491/3616/42 1852/3617/42 1851/3618/42 1492/3619/42
f 1230/3620/18 1589/3621/18 1592/3622/18 1231/3623/18
f 1439/2049/41 1800/2048/41 1799/2178/41 1440/2177/41
f 1387/3624/40 1748/3625/40 1747/3626/40 1388/3627/40
f 1335/3628/45 1696/3629/45 1695/3630/45 1336/3631/45
f 1283/3632/44 1644/3633/44 1643/3634/44 1284/3635/44
f 1231/3636/43 1592/3637/43 1591/3638/43 1232/3639/43
f 134/3640/18 133/3641/18 123/3642/18 124/3643/18
