# Blender 5.2.1 LTS
# www.blender.org
mtllib PanopticonWallsAlternate.mtl
o PanopticonWallsAlternate
v -37.532246 -29.311584 7.371602
v -37.052536 -29.311584 -7.368871
v -37.532246 -25.109930 7.371602
v -37.052536 -25.109930 -7.368871
v -37.532242 -29.311583 2.488020
v -37.532242 -25.109928 2.488020
v -37.532173 -29.311583 -2.489892
v -37.532173 -25.109928 -2.489892
v -31.129757 -29.311584 -20.801899
v -34.589531 -29.311584 -14.329100
v -20.800194 -29.311584 -31.131464
v -26.473661 -29.311584 -26.475368
v -37.193989 -29.311584 7.338389
v -36.720070 -29.311584 -7.302752
v -7.320400 -29.311584 -36.718929
v -14.327382 -29.311584 -34.591251
v -31.129757 -25.109930 -20.801899
v -20.800194 -25.109930 -31.131464
v -37.193989 -25.109930 7.338389
v -36.720070 -25.109930 -7.302752
v -14.327382 -25.109930 -34.591251
v -34.589531 -25.109930 -14.329100
v -26.473661 -25.109930 -26.475368
v -7.320400 -25.109930 -36.718929
v -37.193989 -29.311583 2.488020
v -37.193989 -25.109928 2.488020
v -37.193920 -29.311583 -2.489892
v -37.193920 -25.109928 -2.489892
v -2.492257 -29.311584 -36.713989
v -2.492257 -25.109930 -36.713989
v -37.532246 -20.908272 7.371602
v -37.052536 -20.908272 -7.368871
v -37.532242 -20.908272 2.488020
v -37.532173 -20.908272 -2.489892
v -31.129757 -20.908272 -20.801899
v -20.800194 -20.908272 -31.131464
v -37.193989 -20.908272 7.338389
v -36.720070 -20.908272 -7.302752
v -14.327382 -20.908272 -34.591251
v -34.589531 -20.908272 -14.329100
v -26.473661 -20.908272 -26.475368
v -7.320400 -20.908272 -36.718929
v -37.193989 -20.908272 2.488020
v -37.193920 -20.908272 -2.489892
v -2.492257 -20.908276 -36.713989
v -2.492257 -16.706617 -36.713989
v -37.532246 -16.706617 7.371602
v -37.052536 -16.706617 -7.368871
v -37.532246 -12.504962 7.371602
v -37.052536 -12.504962 -7.368871
v -37.532242 -16.706615 2.488020
v -37.532242 -12.504961 2.488020
v -37.532173 -16.706615 -2.489892
v -37.532173 -12.504961 -2.489892
v -31.129757 -16.706617 -20.801899
v -34.589531 -16.706617 -14.329100
v -20.800194 -16.706617 -31.131464
v -26.473661 -16.706617 -26.475368
v -37.193989 -16.706617 7.338389
v -36.720070 -16.706617 -7.302752
v -7.320400 -16.706617 -36.718929
v -14.327382 -16.706617 -34.591251
v -31.129757 -12.504962 -20.801899
v -20.800194 -12.504962 -31.131464
v -37.193989 -12.504962 7.338389
v -36.720070 -12.504962 -7.302752
v -14.327382 -12.504962 -34.591251
v -34.589531 -12.504962 -14.329100
v -26.473661 -12.504962 -26.475368
v -7.320400 -12.504962 -36.718929
v -37.193989 -16.706615 2.488020
v -37.193989 -12.504961 2.488020
v -37.193920 -16.706615 -2.489892
v -37.193920 -12.504961 -2.489892
v -2.492257 -12.504962 -36.713989
v -37.532246 -8.303308 7.371602
v -37.052536 -8.303308 -7.368871
v -37.532242 -8.303308 2.488020
v -37.532173 -8.303308 -2.489892
v -31.129757 -8.303308 -20.801899
v -20.800194 -8.303308 -31.131464
v -37.193989 -8.303308 7.338389
v -36.720070 -8.303308 -7.302752
v -14.327382 -8.303308 -34.591251
v -34.589531 -8.303308 -14.329100
v -26.473661 -8.303308 -26.475368
v -7.320400 -8.303308 -36.718929
v -37.193989 -8.303308 2.488020
v -37.193920 -8.303308 -2.489892
v -2.492257 -8.303308 -36.713989
v -37.532246 -4.101653 7.371602
v -37.052536 -4.101653 -7.368871
v -37.532242 -4.101653 2.488020
v -37.532173 -4.101652 -2.489892
v -31.129757 -4.101653 -20.801899
v -20.800194 -4.101653 -31.131464
v -37.193989 -4.101653 7.338389
v -36.720070 -4.101653 -7.302752
v -14.327382 -4.101653 -34.591251
v -34.589531 -4.101653 -14.329100
v -26.473661 -4.101653 -26.475368
v -7.320400 -4.101653 -36.718929
v -37.193989 -4.101653 2.488020
v -37.193920 -4.101652 -2.489892
v -2.492257 -4.101653 -36.713989
v -37.532242 -1.077232 5.829787
v -37.052536 0.100005 -7.368871
v -37.532234 0.100006 2.276137
v -37.532162 0.100006 -2.278009
v -31.129757 0.100005 -20.801899
v -20.800194 0.100005 -31.131464
v -37.193989 -1.077232 5.806624
v -36.720070 0.100005 -7.302752
v -14.327382 0.100005 -34.591251
v -34.589531 0.100005 -14.329100
v -26.473661 0.100005 -26.475368
v -7.320400 0.100005 -36.718929
v -37.193981 0.100006 2.276137
v -37.193909 0.100006 -2.278009
v -2.492257 0.100005 -36.713989
v -37.052536 4.301660 -7.368871
v -37.532219 4.101649 1.096652
v -37.532162 4.101649 -2.278009
v -31.129757 4.301660 -20.801899
v -20.800194 4.301660 -31.131464
v -36.720070 4.301660 -7.302752
v -14.327382 4.301660 -34.591251
v -34.589531 4.301660 -14.329100
v -26.473661 4.301660 -26.475368
v -7.320400 4.301660 -36.718929
v -37.193966 4.101649 1.096652
v -37.193909 4.101649 -2.278009
v -2.492257 4.101650 -36.713989
v -37.532246 9.295750 5.384193
v -37.052536 8.503315 -7.368871
v -37.532242 8.503314 2.488020
v -37.532173 8.503314 -2.489892
v -31.129757 8.503315 -20.801899
v -20.800194 8.503315 -31.131464
v -37.193989 9.295750 5.364496
v -36.720070 8.503315 -7.302752
v -14.327382 8.503315 -34.591251
v -34.589531 8.503315 -14.329100
v -26.473661 8.503315 -26.475368
v -7.320400 8.503315 -36.718929
v -37.193989 8.503314 2.488020
v -37.193920 8.503314 -2.489892
v -2.492257 8.503315 -36.713989
v -37.532246 12.704970 7.371602
v -37.052536 12.704970 -7.368871
v -37.532242 12.704970 2.488020
v -37.532173 12.704969 -2.489892
v -31.129757 12.704970 -20.801899
v -20.800194 12.704970 -31.131464
v -37.193989 12.704970 7.338389
v -36.720070 12.704970 -7.302752
v -14.327382 12.704970 -34.591251
v -34.589531 12.704970 -14.329100
v -26.473661 12.704970 -26.475368
v -7.320400 12.704970 -36.718929
v -37.193989 12.704970 2.488020
v -37.193920 12.704969 -2.489892
v -2.492257 12.704970 -36.713989
v -37.532246 16.906626 7.371602
v -37.052536 16.906626 -7.368871
v -37.532242 16.906624 2.488020
v -37.532173 16.906624 -2.489892
v -31.129757 16.906626 -20.801899
v -20.800194 16.906626 -31.131464
v -37.193989 16.906626 7.338389
v -36.720070 16.906626 -7.302752
v -14.327382 16.906626 -34.591251
v -34.589531 16.906626 -14.329100
v -26.473661 16.906626 -26.475368
v -7.320400 16.906626 -36.718929
v -37.193989 16.906624 2.488020
v -37.193920 16.906624 -2.489892
v -2.492257 16.906626 -36.713989
v -37.532246 21.108286 7.371602
v -37.532242 21.108286 2.488020
v -20.800194 21.108286 -31.131464
v -37.193989 21.108286 7.338389
v -36.720070 21.108286 -7.302752
v -14.327382 21.108286 -34.591251
v -7.320400 21.108286 -36.718929
v -37.052536 21.108292 -7.368871
v -37.532246 25.309944 7.371602
v -37.052536 25.309944 -7.368871
v -37.532242 25.309944 2.488020
v -37.532173 21.108292 -2.489892
v -37.532173 25.309944 -2.489892
v -31.129757 21.108292 -20.801899
v -34.589531 21.108292 -14.329100
v -26.473661 21.108292 -26.475368
v -31.129757 25.309944 -20.801899
v -20.800194 25.309944 -31.131464
v -37.193989 25.309944 7.338389
v -36.720070 25.309944 -7.302752
v -14.327382 25.309944 -34.591251
v -34.589531 25.309944 -14.329100
v -26.473661 25.309944 -26.475368
v -7.320400 25.309944 -36.718929
v -37.193989 21.108292 2.488020
v -37.193989 25.309944 2.488020
v -37.193920 21.108292 -2.489892
v -37.193920 25.309944 -2.489892
v -2.492257 21.108292 -36.713989
v -2.492257 25.309944 -36.713989
v -37.532246 29.511597 7.371602
v -37.532242 29.511593 2.488020
v -37.532173 29.511593 -2.489892
v -20.800194 29.511597 -31.131464
v -37.193989 29.511597 7.338389
v -36.720070 29.511597 -7.302752
v -14.327382 29.511597 -34.591251
v -34.589531 29.511597 -14.329100
v -26.473661 29.511597 -26.475368
v -7.320400 29.511597 -36.718929
v -37.193989 29.511593 2.488020
v -37.052536 29.511602 -7.368871
v -37.532246 33.713253 7.371602
v -37.052536 33.713253 -7.368871
v -37.532242 33.713253 2.488020
v -37.532173 33.713253 -2.489892
v -31.129757 29.511602 -20.801899
v -31.129757 33.713253 -20.801899
v -20.800194 33.713253 -31.131464
v -37.193989 33.713253 7.338389
v -36.720070 33.713253 -7.302752
v -14.327382 33.713253 -34.591251
v -34.589531 33.713253 -14.329100
v -26.473661 33.713253 -26.475368
v -7.320400 33.713253 -36.718929
v -37.193989 33.713253 2.488020
v -37.193920 29.511599 -2.489892
v -37.193920 33.713253 -2.489892
v -2.492257 29.511602 -36.713989
v -2.492257 33.713253 -36.713989
v -27.736496 -28.704720 -24.936600
v -27.736496 -25.716797 -24.936600
v -29.866920 -25.716795 -22.340670
v -29.866920 -28.704718 -22.340670
v -35.167160 -28.704720 -12.424130
v -35.167160 -25.716797 -12.424130
v -36.142445 -25.716795 -9.207723
v -36.142445 -28.704718 -9.207723
v -9.225142 -28.704720 -36.140553
v -9.225142 -25.716797 -36.140553
v -12.422641 -25.716795 -35.169628
v -12.422639 -28.704714 -35.169628
v -16.082952 -28.704720 -33.652882
v -16.082952 -25.716797 -33.652882
v -19.044622 -25.716795 -32.069832
v -19.044622 -28.704718 -32.069832
v -22.338963 -28.704718 -29.868628
v -22.338963 -25.716795 -29.868628
v -24.934893 -25.716797 -27.738205
v -24.934893 -28.704720 -27.738205
v -32.068127 -28.704720 -19.046329
v -32.068127 -25.716795 -19.046329
v -33.651161 -25.716795 -16.084669
v -33.651161 -28.704720 -16.084669
v -27.736496 -24.503065 -24.936600
v -27.736496 -21.515139 -24.936600
v -29.866920 -21.515135 -22.340670
v -29.866920 -24.503063 -22.340670
v -35.167160 -24.503065 -12.424130
v -35.167160 -21.515139 -12.424130
v -36.142445 -21.515135 -9.207723
v -36.142445 -24.503065 -9.207723
v -9.225142 -24.503065 -36.140553
v -9.225142 -21.515139 -36.140553
v -12.422641 -21.515135 -35.169628
v -12.422639 -24.503063 -35.169628
v -16.082952 -24.503065 -33.652882
v -16.082952 -21.515139 -33.652882
v -19.044622 -21.515135 -32.069832
v -19.044622 -24.503065 -32.069832
v -22.338963 -24.503065 -29.868628
v -22.338961 -21.515129 -29.868628
v -24.934893 -21.515139 -27.738205
v -24.934893 -24.503065 -27.738205
v -32.068127 -24.503065 -19.046329
v -32.068127 -21.515139 -19.046329
v -33.651161 -21.515135 -16.084669
v -33.651161 -24.503065 -16.084669
v -27.736496 -20.301407 -24.936600
v -27.736496 -17.313482 -24.936600
v -29.866920 -17.313482 -22.340670
v -29.866920 -20.301407 -22.340670
v -35.167160 -20.301407 -12.424130
v -35.167160 -17.313482 -12.424130
v -36.142445 -17.313482 -9.207723
v -36.142445 -20.301407 -9.207723
v -9.225142 -20.301407 -36.140553
v -9.225142 -17.313482 -36.140553
v -12.422641 -17.313482 -35.169628
v -12.422639 -20.301407 -35.169628
v -16.082952 -20.301407 -33.652882
v -16.082952 -17.313482 -33.652882
v -19.044622 -17.313482 -32.069832
v -19.044622 -20.301407 -32.069832
v -22.338963 -20.301407 -29.868628
v -22.338963 -17.313482 -29.868628
v -24.934893 -17.313482 -27.738205
v -24.934893 -20.301407 -27.738205
v -32.068127 -20.301407 -19.046329
v -32.068127 -17.313482 -19.046329
v -33.651161 -17.313482 -16.084669
v -33.651161 -20.301407 -16.084669
v -27.736496 -16.099735 -24.936600
v -27.736496 -13.111848 -24.936600
v -29.866920 -13.111829 -22.340670
v -29.866920 -16.099735 -22.340670
v -35.167160 -16.099751 -12.424130
v -35.167160 -13.111841 -12.424130
v -36.142445 -13.111841 -9.207723
v -36.142445 -16.099751 -9.207723
v -9.225142 -16.099751 -36.140553
v -9.225142 -13.111841 -36.140553
v -12.422641 -13.111841 -35.169628
v -12.422641 -16.099751 -35.169628
v -16.082952 -16.099751 -33.652882
v -16.082952 -13.111841 -33.652882
v -19.044622 -13.111841 -32.069832
v -19.044622 -16.099751 -32.069832
v -22.338963 -16.099751 -29.868628
v -22.338963 -13.111841 -29.868628
v -24.934893 -13.111841 -27.738205
v -24.934893 -16.099751 -27.738205
v -32.068127 -16.099735 -19.046329
v -32.068127 -13.111848 -19.046329
v -33.651161 -13.111829 -16.084669
v -33.651161 -16.099735 -16.084669
v -27.736496 -11.898098 -24.936600
v -27.736496 -8.910172 -24.936600
v -29.866920 -8.910172 -22.340670
v -29.866920 -11.898098 -22.340670
v -35.167160 -11.898098 -12.424130
v -35.167160 -8.910172 -12.424130
v -36.142445 -8.910172 -9.207723
v -36.142445 -11.898098 -9.207723
v -9.225142 -11.898098 -36.140553
v -9.225142 -8.910172 -36.140553
v -12.422641 -8.910172 -35.169628
v -12.422641 -11.898098 -35.169628
v -16.082952 -11.898098 -33.652882
v -16.082952 -8.910172 -33.652882
v -19.044624 -8.910172 -32.069832
v -19.044622 -11.898098 -32.069832
v -22.338963 -11.898098 -29.868628
v -22.338963 -8.910172 -29.868628
v -24.934893 -8.910172 -27.738205
v -24.934893 -11.898098 -27.738205
v -32.068127 -11.898087 -19.046329
v -32.068127 -8.910180 -19.046329
v -33.651161 -8.910160 -16.084669
v -33.651161 -11.898068 -16.084669
v -27.736496 -7.696443 -24.936600
v -27.736496 -4.708518 -24.936600
v -29.866920 -4.708518 -22.340670
v -29.866920 -7.696443 -22.340670
v -35.167160 -7.696443 -12.424130
v -35.167160 -4.708518 -12.424130
v -36.142445 -4.708518 -9.207723
v -36.142445 -7.696443 -9.207723
v -9.225142 -7.696443 -36.140553
v -9.225142 -4.708518 -36.140553
v -12.422641 -4.708518 -35.169628
v -12.422641 -7.696443 -35.169628
v -16.082952 -7.696443 -33.652882
v -16.082952 -4.708518 -33.652882
v -19.044624 -4.708518 -32.069832
v -19.044622 -7.696443 -32.069832
v -22.338963 -7.696443 -29.868628
v -22.338963 -4.708518 -29.868628
v -24.934893 -4.708518 -27.738205
v -24.934893 -7.696443 -27.738205
v -32.068127 -7.696443 -19.046329
v -32.068127 -4.708536 -19.046329
v -33.651161 -4.708518 -16.084669
v -33.651161 -7.696424 -16.084669
v -27.736496 -3.494788 -24.936600
v -27.736496 -0.506860 -24.936600
v -29.866920 -0.506860 -22.340670
v -29.866920 -3.494788 -22.340670
v -35.167160 -3.494788 -12.424130
v -35.167160 -0.506860 -12.424130
v -36.142445 -0.506860 -9.207723
v -36.142445 -3.494788 -9.207723
v -9.225142 -3.494788 -36.140553
v -9.225142 -0.506860 -36.140553
v -12.422641 -0.506860 -35.169628
v -12.422641 -3.494788 -35.169628
v -16.082952 -3.494788 -33.652882
v -16.082952 -0.506860 -33.652882
v -19.044624 -0.506860 -32.069832
v -19.044622 -3.494788 -32.069832
v -22.338963 -3.494788 -29.868628
v -22.338961 -0.506860 -29.868628
v -24.934893 -0.506860 -27.738205
v -24.934893 -3.494788 -27.738205
v -32.068127 -3.494788 -19.046329
v -32.068127 -0.506860 -19.046329
v -33.651161 -0.506860 -16.084669
v -33.651161 -3.494788 -16.084669
v -27.736496 0.706901 -24.936600
v -27.736496 3.694790 -24.936600
v -29.866920 3.694790 -22.340670
v -29.866920 0.706901 -22.340670
v -35.167160 0.706901 -12.424130
v -35.167160 3.694790 -12.424130
v -36.142445 3.694790 -9.207723
v -36.142445 0.706901 -9.207723
v -9.225142 0.706901 -36.140553
v -9.225142 3.694790 -36.140553
v -12.422641 3.694790 -35.169628
v -12.422641 0.706901 -35.169628
v -16.082952 0.706901 -33.652882
v -16.082952 3.694790 -33.652882
v -19.044624 3.694790 -32.069832
v -19.044622 0.706901 -32.069832
v -22.338963 0.706901 -29.868628
v -22.338963 3.694790 -29.868628
v -24.934893 3.694790 -27.738205
v -24.934893 0.706901 -27.738205
v -32.068127 0.706901 -19.046329
v -32.068127 3.694790 -19.046329
v -33.651161 3.694790 -16.084669
v -33.651161 0.706901 -16.084669
v -27.736496 4.908530 -24.936600
v -27.736496 7.896419 -24.936600
v -29.866920 7.896419 -22.340670
v -29.866920 4.908530 -22.340670
v -35.167160 4.908530 -12.424130
v -35.167160 7.896419 -12.424130
v -36.142445 7.896419 -9.207723
v -36.142445 4.908530 -9.207723
v -9.225142 4.908530 -36.140553
v -9.225142 7.896419 -36.140553
v -12.422641 7.896419 -35.169628
v -12.422641 4.908530 -35.169628
v -16.082952 4.908530 -33.652882
v -16.082952 7.896419 -33.652882
v -19.044624 7.896419 -32.069832
v -19.044622 4.908530 -32.069832
v -22.338963 4.908530 -29.868628
v -22.338963 7.896419 -29.868628
v -24.934893 7.896419 -27.738205
v -24.934893 4.908530 -27.738205
v -32.068127 4.908530 -19.046329
v -32.068127 7.896419 -19.046329
v -33.651161 7.896419 -16.084669
v -33.651161 4.908530 -16.084669
v -27.736496 9.110209 -24.936600
v -27.736496 12.098098 -24.936600
v -29.866920 12.098098 -22.340670
v -29.866920 9.110209 -22.340670
v -35.167160 9.110209 -12.424130
v -35.167160 12.098098 -12.424130
v -36.142445 12.098098 -9.207723
v -36.142445 9.110209 -9.207723
v -9.225142 9.110209 -36.140553
v -9.225142 12.098098 -36.140553
v -12.422641 12.098098 -35.169628
v -12.422641 9.110209 -35.169628
v -16.082952 9.110209 -33.652882
v -16.082952 12.098098 -33.652882
v -19.044624 12.098098 -32.069832
v -19.044622 9.110209 -32.069832
v -22.338963 9.110209 -29.868628
v -22.338963 12.098098 -29.868628
v -24.934893 12.098098 -27.738205
v -24.934893 9.110209 -27.738205
v -32.068127 9.110209 -19.046329
v -32.068127 12.098098 -19.046329
v -33.651161 12.098098 -16.084669
v -33.651161 9.110209 -16.084669
v -27.736496 13.311841 -24.936600
v -27.736496 16.299730 -24.936600
v -29.866920 16.299730 -22.340670
v -29.866920 13.311841 -22.340670
v -35.167160 13.311841 -12.424130
v -35.167160 16.299730 -12.424130
v -36.142445 16.299730 -9.207723
v -36.142445 13.311841 -9.207723
v -9.225142 13.311841 -36.140553
v -9.225142 16.299730 -36.140553
v -12.422641 16.299730 -35.169628
v -12.422641 13.311841 -35.169628
v -16.082952 13.311841 -33.652882
v -16.082952 16.299730 -33.652882
v -19.044624 16.299730 -32.069832
v -19.044622 13.311841 -32.069832
v -22.338963 13.311841 -29.868628
v -22.338963 16.299730 -29.868628
v -24.934893 16.299730 -27.738205
v -24.934893 13.311841 -27.738205
v -32.068127 13.311841 -19.046329
v -32.068127 16.299730 -19.046329
v -33.651161 16.299730 -16.084669
v -33.651161 13.311841 -16.084669
v -27.736496 17.513447 -24.936600
v -27.736496 20.501495 -24.936600
v -29.866920 20.501495 -22.340670
v -29.866920 17.513447 -22.340670
v -35.167160 17.513451 -12.424130
v -35.167160 20.501495 -12.424130
v -36.142445 20.501455 -9.207723
v -36.142445 17.513451 -9.207723
v -9.225142 17.513458 -36.140553
v -9.225142 20.501427 -36.140553
v -12.422641 20.501427 -35.169628
v -12.422641 17.513458 -35.169628
v -16.082952 17.513458 -33.652878
v -16.082952 20.501427 -33.652882
v -19.044622 20.501427 -32.069836
v -19.044622 17.513458 -32.069832
v -22.338963 17.513451 -29.868628
v -22.338963 20.501455 -29.868628
v -24.934893 20.501495 -27.738205
v -24.934893 17.513451 -27.738205
v -32.068127 17.513447 -19.046329
v -32.068127 20.501495 -19.046329
v -33.651161 20.501495 -16.084669
v -33.651161 17.513447 -16.084669
v -27.736496 21.715168 -24.936600
v -27.736496 24.703016 -24.936600
v -29.866920 24.703016 -22.340670
v -29.866920 21.715168 -22.340670
v -35.167160 21.715174 -12.424130
v -35.167160 24.703022 -12.424130
v -36.142445 24.703022 -9.207723
v -36.142445 21.715099 -9.207723
v -9.225142 21.715151 -36.140553
v -9.225142 24.703079 -36.140553
v -12.422641 24.703079 -35.169628
v -12.422641 21.715151 -35.169628
v -16.082952 21.715151 -33.652882
v -16.082952 24.703079 -33.652882
v -19.044624 24.703079 -32.069832
v -19.044622 21.715151 -32.069832
v -22.338963 21.715145 -29.868628
v -22.338963 24.703068 -29.868628
v -24.934893 24.703068 -27.738205
v -24.934893 21.715219 -27.738205
v -32.068127 21.715168 -19.046329
v -32.068127 24.703016 -19.046329
v -33.651161 24.703016 -16.084669
v -33.651161 21.715168 -16.084669
v -27.736496 25.916866 -24.936600
v -27.736496 28.904715 -24.936600
v -29.866920 28.904789 -22.340670
v -29.866920 25.916866 -22.340670
v -35.167160 25.916872 -12.424130
v -35.167160 28.904720 -12.424130
v -36.142445 28.904720 -9.207723
v -36.142445 25.916872 -9.207723
v -9.225142 25.916872 -36.140553
v -9.225142 28.904720 -36.140553
v -12.422641 28.904720 -35.169628
v -12.422641 25.916872 -35.169628
v -16.082952 25.916872 -33.652882
v -16.082952 28.904720 -33.652882
v -19.044622 28.904720 -32.069832
v -19.044622 25.916872 -32.069832
v -22.338963 25.916872 -29.868628
v -22.338961 28.904720 -29.868628
v -24.934893 28.904720 -27.738205
v -24.934893 25.916872 -27.738205
v -32.068127 25.916821 -19.046329
v -32.068127 28.904743 -19.046329
v -33.651161 28.904669 -16.084669
v -33.651161 25.916821 -16.084669
v -27.736496 30.118456 -24.936600
v -27.736496 33.106377 -24.936600
v -29.866920 33.106377 -22.340670
v -29.866920 30.118530 -22.340670
v -35.167160 30.118462 -12.424130
v -35.167160 33.106388 -12.424130
v -36.142445 33.106388 -9.207723
v -36.142445 30.118462 -9.207723
v -9.225142 30.118462 -36.140553
v -9.225142 33.106388 -36.140553
v -12.422641 33.106388 -35.169628
v -12.422641 30.118462 -35.169628
v -16.082952 30.118462 -33.652882
v -16.082952 33.106388 -33.652882
v -19.044624 33.106388 -32.069832
v -19.044622 30.118462 -32.069832
v -22.338963 30.118462 -29.868628
v -22.338961 33.106388 -29.868628
v -24.934893 33.106388 -27.738205
v -24.934893 30.118462 -27.738205
v -32.068127 30.118530 -19.046329
v -32.068127 33.106377 -19.046329
v -33.651161 33.106377 -16.084669
v -33.651161 30.118456 -16.084669
v -29.686357 -25.716797 -26.536808
v -29.686357 -28.704720 -26.536808
v -31.816782 -28.704718 -23.940876
v -31.816782 -25.716795 -23.940876
v -37.581051 -25.716797 -13.156075
v -37.581051 -28.704720 -13.156075
v -38.556335 -28.704718 -9.939668
v -38.556335 -25.716795 -9.939668
v -9.958036 -25.716797 -38.554153
v -9.958036 -28.704718 -38.554157
v -13.155532 -28.704712 -37.583233
v -13.155534 -25.716791 -37.583229
v -17.272017 -28.704720 -35.877460
v -17.272017 -25.716797 -35.877460
v -20.233686 -28.704718 -34.294415
v -20.233686 -25.716795 -34.294415
v -23.939173 -28.704718 -31.818489
v -23.939173 -25.716795 -31.818489
v -26.535101 -28.704720 -29.688063
v -26.535101 -25.716797 -29.688063
v -34.292706 -28.704720 -20.235390
v -34.292706 -25.716795 -20.235390
v -35.875740 -28.704720 -17.273731
v -35.875740 -25.716795 -17.273731
v -29.686357 -21.515139 -26.536808
v -29.686357 -24.503065 -26.536808
v -31.816782 -24.503063 -23.940876
v -31.816782 -21.515135 -23.940876
v -37.581051 -21.515139 -13.156075
v -37.581051 -24.503065 -13.156075
v -38.556335 -24.503065 -9.939668
v -38.556335 -21.515135 -9.939668
v -9.958036 -21.515137 -38.554153
v -9.958036 -24.503063 -38.554157
v -13.155532 -24.503059 -37.583233
v -13.155534 -21.515131 -37.583229
v -17.272017 -24.503065 -35.877460
v -17.272017 -21.515139 -35.877460
v -20.233686 -24.503065 -34.294415
v -20.233686 -21.515135 -34.294415
v -23.939173 -24.503065 -31.818489
v -23.939169 -21.515129 -31.818489
v -26.535101 -24.503065 -29.688065
v -26.535101 -21.515137 -29.688065
v -34.292706 -24.503065 -20.235390
v -34.292706 -21.515139 -20.235390
v -35.875740 -24.503065 -17.273731
v -35.875740 -21.515135 -17.273731
v -29.686357 -17.313482 -26.536808
v -29.686357 -20.301407 -26.536808
v -31.816782 -20.301407 -23.940876
v -31.816782 -17.313482 -23.940876
v -37.581051 -17.313482 -13.156075
v -37.581051 -20.301407 -13.156075
v -38.556335 -20.301407 -9.939668
v -38.556335 -17.313482 -9.939668
v -9.958036 -17.313478 -38.554153
v -9.958036 -20.301407 -38.554157
v -13.155532 -20.301407 -37.583233
v -13.155534 -17.313478 -37.583229
v -17.272017 -20.301407 -35.877457
v -17.272017 -17.313482 -35.877457
v -20.233686 -20.301407 -34.294411
v -20.233686 -17.313482 -34.294411
v -23.939173 -20.301407 -31.818489
v -23.939173 -17.313482 -31.818489
v -26.535101 -20.301407 -29.688063
v -26.535101 -17.313482 -29.688063
v -34.292706 -20.301407 -20.235390
v -34.292706 -17.313482 -20.235390
v -35.875740 -20.301407 -17.273731
v -35.875740 -17.313482 -17.273731
v -29.686357 -13.111848 -26.536808
v -29.686357 -16.099735 -26.536808
v -31.816782 -16.099735 -23.940876
v -31.816782 -13.111829 -23.940876
v -37.581051 -13.111841 -13.156075
v -37.581051 -16.099751 -13.156075
v -38.556335 -16.099751 -9.939668
v -38.556335 -13.111841 -9.939668
v -9.958037 -13.111841 -38.554157
v -9.958037 -16.099751 -38.554157
v -13.155537 -16.099751 -37.583229
v -13.155537 -13.111841 -37.583229
v -17.272017 -16.099751 -35.877460
v -17.272017 -13.111841 -35.877460
v -20.233686 -16.099751 -34.294415
v -20.233686 -13.111841 -34.294415
v -23.939173 -16.099751 -31.818489
v -23.939173 -13.111841 -31.818489
v -26.535101 -16.099751 -29.688065
v -26.535101 -13.111841 -29.688065
v -34.292706 -16.099735 -20.235390
v -34.292706 -13.111848 -20.235390
v -35.875740 -16.099735 -17.273731
v -35.875740 -13.111829 -17.273731
v -29.686357 -8.910172 -26.536808
v -29.686357 -11.898098 -26.536808
v -31.816782 -11.898098 -23.940876
v -31.816782 -8.910172 -23.940876
v -37.581051 -8.910172 -13.156075
v -37.581051 -11.898098 -13.156075
v -38.556335 -11.898098 -9.939668
v -38.556335 -8.910172 -9.939668
v -9.958036 -8.910170 -38.554153
v -9.958036 -11.898095 -38.554157
v -13.155534 -11.898095 -37.583233
v -13.155534 -8.910170 -37.583229
v -17.272017 -11.898098 -35.877460
v -17.272017 -8.910172 -35.877460
v -20.233686 -11.898098 -34.294415
v -20.233688 -8.910172 -34.294415
v -23.939173 -11.898098 -31.818489
v -23.939173 -8.910172 -31.818489
v -26.535101 -11.898098 -29.688063
v -26.535101 -8.910172 -29.688063
v -34.292706 -11.898087 -20.235390
v -34.292706 -8.910180 -20.235390
v -35.875740 -11.898068 -17.273731
v -35.875740 -8.910160 -17.273731
v -29.686357 -4.708518 -26.536808
v -29.686357 -7.696443 -26.536808
v -31.816782 -7.696443 -23.940876
v -31.816782 -4.708518 -23.940876
v -37.581051 -4.708518 -13.156075
v -37.581051 -7.696443 -13.156075
v -38.556335 -7.696443 -9.939668
v -38.556335 -4.708518 -9.939668
v -9.958036 -4.708515 -38.554153
v -9.958036 -7.696440 -38.554157
v -13.155534 -7.696440 -37.583233
v -13.155534 -4.708515 -37.583229
v -17.272017 -7.696443 -35.877460
v -17.272017 -4.708518 -35.877460
v -20.233686 -7.696443 -34.294415
v -20.233688 -4.708518 -34.294415
v -23.939173 -7.696443 -31.818489
v -23.939173 -4.708518 -31.818489
v -26.535101 -7.696443 -29.688063
v -26.535101 -4.708518 -29.688063
v -34.292706 -7.696443 -20.235390
v -34.292706 -4.708536 -20.235390
v -35.875740 -7.696424 -17.273731
v -35.875740 -4.708518 -17.273731
v -29.686357 -0.506860 -26.536808
v -29.686357 -3.494788 -26.536808
v -31.816782 -3.494788 -23.940876
v -31.816782 -0.506860 -23.940876
v -37.581051 -0.506860 -13.156075
v -37.581051 -3.494788 -13.156075
v -38.556335 -3.494788 -9.939668
v -38.556335 -0.506860 -9.939668
v -9.958037 -0.506860 -38.554157
v -9.958037 -3.494788 -38.554157
v -13.155537 -3.494788 -37.583229
v -13.155537 -0.506860 -37.583229
v -17.272017 -3.494788 -35.877460
v -17.272017 -0.506860 -35.877460
v -20.233686 -3.494788 -34.294415
v -20.233688 -0.506860 -34.294415
v -23.939173 -3.494788 -31.818489
v -23.939169 -0.506860 -31.818489
v -26.535101 -3.494788 -29.688065
v -26.535101 -0.506860 -29.688065
v -34.292706 -3.494788 -20.235390
v -34.292706 -0.506860 -20.235390
v -35.875740 -3.494788 -17.273731
v -35.875740 -0.506860 -17.273731
v -29.686357 3.694790 -26.536808
v -29.686357 0.706901 -26.536808
v -31.816782 0.706901 -23.940876
v -31.816782 3.694790 -23.940876
v -37.581051 3.694790 -13.156075
v -37.581051 0.706901 -13.156075
v -38.556335 0.706901 -9.939668
v -38.556335 3.694790 -9.939668
v -9.958036 3.694793 -38.554153
v -9.958036 0.706904 -38.554157
v -13.155534 0.706904 -37.583233
v -13.155534 3.694793 -37.583229
v -17.272017 0.706901 -35.877460
v -17.272017 3.694790 -35.877460
v -20.233686 0.706901 -34.294415
v -20.233688 3.694790 -34.294415
v -23.939173 0.706901 -31.818489
v -23.939173 3.694790 -31.818489
v -26.535101 0.706901 -29.688063
v -26.535101 3.694790 -29.688063
v -34.292706 0.706901 -20.235390
v -34.292706 3.694790 -20.235390
v -35.875740 0.706901 -17.273731
v -35.875740 3.694790 -17.273731
v -29.686357 28.904715 -26.536808
v -29.686357 25.916866 -26.536808
v -31.816782 25.916866 -23.940876
v -31.816782 28.904789 -23.940876
v -37.581051 28.904720 -13.156075
v -37.581051 25.916872 -13.156075
v -38.556335 25.916872 -9.939668
v -38.556335 28.904720 -9.939668
v -9.958037 28.904720 -38.554157
v -9.958037 25.916872 -38.554157
v -13.155537 25.916872 -37.583229
v -13.155537 28.904720 -37.583229
v -17.272017 25.916872 -35.877460
v -17.272017 28.904720 -35.877460
v -20.233686 25.916872 -34.294415
v -20.233686 28.904720 -34.294415
v -23.939173 25.916872 -31.818489
v -23.939169 28.904720 -31.818489
v -26.535101 25.916872 -29.688065
v -26.535101 28.904720 -29.688065
v -34.292706 25.916821 -20.235390
v -34.292706 28.904743 -20.235390
v -35.875740 25.916821 -17.273731
v -35.875740 28.904669 -17.273731
v -29.686357 33.106377 -26.536808
v -29.686357 30.118456 -26.536808
v -31.816782 30.118530 -23.940876
v -31.816782 33.106377 -23.940876
v -37.581051 33.106388 -13.156075
v -37.581051 30.118462 -13.156075
v -38.556335 30.118462 -9.939668
v -38.556335 33.106388 -9.939668
v -9.958037 33.106388 -38.554157
v -9.958037 30.118462 -38.554157
v -13.155537 30.118462 -37.583229
v -13.155537 33.106388 -37.583229
v -17.272017 30.118462 -35.877460
v -17.272017 33.106388 -35.877460
v -20.233686 30.118462 -34.294415
v -20.233688 33.106388 -34.294415
v -23.939173 30.118462 -31.818489
v -23.939169 33.106388 -31.818489
v -26.535101 30.118462 -29.688065
v -26.535101 33.106388 -29.688065
v -34.292706 30.118530 -20.235390
v -34.292706 33.106377 -20.235390
v -35.875740 30.118456 -17.273731
v -35.875740 33.106377 -17.273731
v 37.532543 -29.311584 7.371602
v 37.052834 -29.311584 -7.368871
v 37.532543 -25.109930 7.371602
v 37.052834 -25.109930 -7.368871
v 37.532539 -29.311583 2.488020
v 37.532539 -25.109928 2.488020
v 37.532467 -29.311583 -2.489892
v 37.532467 -25.109928 -2.489892
v 31.130053 -29.311584 -20.801899
v 34.589828 -29.311584 -14.329100
v 20.800489 -29.311584 -31.131464
v 26.473957 -29.311584 -26.475368
v 37.194294 -29.311584 7.338389
v 36.720367 -29.311584 -7.302752
v 7.320696 -29.311584 -36.718929
v 14.327679 -29.311584 -34.591251
v 31.130053 -25.109930 -20.801899
v 20.800489 -25.109930 -31.131464
v 37.194294 -25.109930 7.338389
v 36.720367 -25.109930 -7.302752
v 14.327679 -25.109930 -34.591251
v 34.589828 -25.109930 -14.329100
v 26.473957 -25.109930 -26.475368
v 7.320696 -25.109930 -36.718929
v 37.194286 -29.311583 2.488020
v 37.194286 -25.109928 2.488020
v 37.194214 -29.311583 -2.489892
v 37.194214 -25.109928 -2.489892
v 2.492553 -29.311584 -36.713989
v 2.492553 -25.109930 -36.713989
v 37.532543 -20.908272 7.371602
v 37.052834 -20.908272 -7.368871
v 37.532539 -20.908272 2.488020
v 37.532467 -20.908272 -2.489892
v 31.130053 -20.908272 -20.801899
v 20.800489 -20.908272 -31.131464
v 37.194294 -20.908272 7.338389
v 36.720367 -20.908272 -7.302752
v 14.327679 -20.908272 -34.591251
v 34.589828 -20.908272 -14.329100
v 26.473957 -20.908272 -26.475368
v 7.320696 -20.908272 -36.718929
v 37.194286 -20.908272 2.488020
v 37.194214 -20.908272 -2.489892
v 2.492553 -20.908276 -36.713989
v 2.492553 -16.706617 -36.713989
v 37.532543 -16.706617 7.371602
v 37.052834 -16.706617 -7.368871
v 37.532543 -12.504962 7.371602
v 37.052834 -12.504962 -7.368871
v 37.532539 -16.706615 2.488020
v 37.532539 -12.504961 2.488020
v 37.532467 -16.706615 -2.489892
v 37.532467 -12.504961 -2.489892
v 31.130053 -16.706617 -20.801899
v 34.589828 -16.706617 -14.329100
v 20.800489 -16.706617 -31.131464
v 26.473957 -16.706617 -26.475368
v 37.194294 -16.706617 7.338389
v 36.720367 -16.706617 -7.302752
v 7.320696 -16.706617 -36.718929
v 14.327679 -16.706617 -34.591251
v 31.130053 -12.504962 -20.801899
v 20.800489 -12.504962 -31.131464
v 37.194294 -12.504962 7.338389
v 36.720367 -12.504962 -7.302752
v 14.327679 -12.504962 -34.591251
v 34.589828 -12.504962 -14.329100
v 26.473957 -12.504962 -26.475368
v 7.320696 -12.504962 -36.718929
v 37.194286 -16.706615 2.488020
v 37.194286 -12.504961 2.488020
v 37.194214 -16.706615 -2.489892
v 37.194214 -12.504961 -2.489892
v 2.492553 -12.504962 -36.713989
v 37.532543 -8.303308 7.371602
v 37.052834 -8.303308 -7.368871
v 37.532539 -8.303308 2.488020
v 37.532467 -8.303308 -2.489892
v 31.130053 -8.303308 -20.801899
v 20.800489 -8.303308 -31.131464
v 37.194294 -8.303308 7.338389
v 36.720367 -8.303308 -7.302752
v 14.327679 -8.303308 -34.591251
v 34.589828 -8.303308 -14.329100
v 26.473957 -8.303308 -26.475368
v 7.320696 -8.303308 -36.718929
v 37.194286 -8.303308 2.488020
v 37.194214 -8.303308 -2.489892
v 2.492553 -8.303308 -36.713989
v 37.532543 -4.101653 7.371602
v 37.052834 -4.101653 -7.368871
v 37.532539 -4.101653 2.488020
v 37.532467 -4.101652 -2.489892
v 31.130053 -4.101653 -20.801899
v 20.800489 -4.101653 -31.131464
v 37.194294 -4.101653 7.338389
v 36.720367 -4.101653 -7.302752
v 14.327679 -4.101653 -34.591251
v 34.589828 -4.101653 -14.329100
v 26.473957 -4.101653 -26.475368
v 7.320696 -4.101653 -36.718929
v 37.194286 -4.101653 2.488020
v 37.194214 -4.101652 -2.489892
v 2.492553 -4.101653 -36.713989
v 37.532536 -1.178530 4.744174
v 37.052834 0.100005 -7.368871
v 37.532532 0.100006 2.276137
v 37.532459 0.100006 -2.278009
v 31.130053 0.100005 -20.801899
v 20.800489 0.100005 -31.131464
v 37.194283 -1.178530 4.728088
v 36.720367 0.100005 -7.302752
v 14.327679 0.100005 -34.591251
v 34.589828 0.100005 -14.329100
v 26.473957 0.100005 -26.475368
v 7.320696 0.100005 -36.718929
v 37.194279 0.100006 2.276137
v 37.194206 0.100006 -2.278009
v 2.492553 0.100005 -36.713989
v 37.052834 4.301660 -7.368871
v 37.532520 4.101649 1.575499
v 37.532459 4.101649 -2.278009
v 31.130053 4.301660 -20.801899
v 20.800489 4.301660 -31.131464
v 36.720367 4.301660 -7.302752
v 14.327679 4.301660 -34.591251
v 34.589828 4.301660 -14.329100
v 26.473957 4.301660 -26.475368
v 7.320696 4.301660 -36.718929
v 37.194267 4.101649 1.575499
v 37.194206 4.101649 -2.278009
v 2.492553 4.101650 -36.713989
v 37.532539 9.548723 4.043774
v 37.052834 8.503315 -7.368871
v 37.532539 8.503314 2.488020
v 37.532467 8.503314 -2.489892
v 31.130053 8.503315 -20.801899
v 20.800489 8.503315 -31.131464
v 37.194290 9.548723 4.033193
v 36.720367 8.503315 -7.302752
v 14.327679 8.503315 -34.591251
v 34.589828 8.503315 -14.329100
v 26.473957 8.503315 -26.475368
v 7.320696 8.503315 -36.718929
v 37.194286 8.503314 2.488020
v 37.194214 8.503314 -2.489892
v 2.492553 8.503315 -36.713989
v 37.532543 12.704970 7.371602
v 37.052834 12.704970 -7.368871
v 37.532539 12.704970 2.488020
v 37.532467 12.704969 -2.489892
v 31.130053 12.704970 -20.801899
v 20.800489 12.704970 -31.131464
v 37.194294 12.704970 7.338389
v 36.720367 12.704970 -7.302752
v 14.327679 12.704970 -34.591251
v 34.589828 12.704970 -14.329100
v 26.473957 12.704970 -26.475368
v 7.320696 12.704970 -36.718929
v 37.194286 12.704970 2.488020
v 37.194214 12.704969 -2.489892
v 2.492553 12.704970 -36.713989
v 37.532543 16.906626 7.371602
v 37.052834 16.906626 -7.368871
v 37.532539 16.906624 2.488020
v 37.532467 16.906624 -2.489892
v 31.130053 16.906626 -20.801899
v 20.800489 16.906626 -31.131464
v 37.194294 16.906626 7.338389
v 36.720367 16.906626 -7.302752
v 14.327679 16.906626 -34.591251
v 34.589828 16.906626 -14.329100
v 26.473957 16.906626 -26.475368
v 7.320696 16.906626 -36.718929
v 37.194286 16.906624 2.488020
v 37.194214 16.906624 -2.489892
v 2.492553 16.906626 -36.713989
v 37.532543 21.108286 7.371602
v 37.532539 21.108286 2.488020
v 20.800489 21.108286 -31.131464
v 37.194294 21.108286 7.338389
v 36.720367 21.108286 -7.302752
v 14.327679 21.108286 -34.591251
v 7.320696 21.108286 -36.718929
v 37.052834 21.108292 -7.368871
v 37.532543 25.309944 7.371602
v 37.052834 25.309944 -7.368871
v 37.532539 25.309944 2.488020
v 37.532467 21.108292 -2.489892
v 37.532467 25.309944 -2.489892
v 31.130053 21.108292 -20.801899
v 34.589828 21.108292 -14.329100
v 26.473957 21.108292 -26.475368
v 31.130053 25.309944 -20.801899
v 20.800489 25.309944 -31.131464
v 37.194294 25.309944 7.338389
v 36.720367 25.309944 -7.302752
v 14.327679 25.309944 -34.591251
v 34.589828 25.309944 -14.329100
v 26.473957 25.309944 -26.475368
v 7.320696 25.309944 -36.718929
v 37.194286 21.108292 2.488020
v 37.194286 25.309944 2.488020
v 37.194214 21.108292 -2.489892
v 37.194214 25.309944 -2.489892
v 2.492553 21.108292 -36.713989
v 2.492553 25.309944 -36.713989
v 37.532543 29.511597 7.371602
v 37.532539 29.511593 2.488020
v 37.532467 29.511593 -2.489892
v 20.800489 29.511597 -31.131464
v 37.194294 29.511597 7.338389
v 36.720367 29.511597 -7.302752
v 14.327679 29.511597 -34.591251
v 34.589828 29.511597 -14.329100
v 26.473957 29.511597 -26.475368
v 7.320696 29.511597 -36.718929
v 37.194286 29.511593 2.488020
v 37.052834 29.511602 -7.368871
v 37.532543 33.713253 7.371602
v 37.052834 33.713253 -7.368871
v 37.532539 33.713253 2.488020
v 37.532467 33.713253 -2.489892
v 31.130053 29.511602 -20.801899
v 31.130053 33.713253 -20.801899
v 20.800489 33.713253 -31.131464
v 37.194294 33.713253 7.338389
v 36.720367 33.713253 -7.302752
v 14.327679 33.713253 -34.591251
v 34.589828 33.713253 -14.329100
v 26.473957 33.713253 -26.475368
v 7.320696 33.713253 -36.718929
v 37.194286 33.713253 2.488020
v 37.194214 29.511599 -2.489892
v 37.194214 33.713253 -2.489892
v 2.492553 29.511602 -36.713989
v 2.492553 33.713253 -36.713989
v 27.736794 -28.704720 -24.936600
v 27.736794 -25.716797 -24.936600
v 29.867216 -25.716795 -22.340670
v 29.867216 -28.704718 -22.340670
v 35.167454 -28.704720 -12.424130
v 35.167454 -25.716797 -12.424130
v 36.142738 -25.716795 -9.207723
v 36.142738 -28.704718 -9.207723
v 9.225439 -28.704720 -36.140553
v 9.225439 -25.716797 -36.140553
v 12.422937 -25.716795 -35.169628
v 12.422935 -28.704714 -35.169628
v 16.083248 -28.704720 -33.652882
v 16.083248 -25.716797 -33.652882
v 19.044920 -25.716795 -32.069832
v 19.044920 -28.704718 -32.069832
v 22.339260 -28.704718 -29.868628
v 22.339260 -25.716795 -29.868628
v 24.935188 -25.716797 -27.738205
v 24.935188 -28.704720 -27.738205
v 32.068420 -28.704720 -19.046329
v 32.068420 -25.716795 -19.046329
v 33.651459 -25.716795 -16.084669
v 33.651459 -28.704720 -16.084669
v 27.736794 -24.503065 -24.936600
v 27.736794 -21.515139 -24.936600
v 29.867216 -21.515135 -22.340670
v 29.867216 -24.503063 -22.340670
v 35.167454 -24.503065 -12.424130
v 35.167454 -21.515139 -12.424130
v 36.142738 -21.515135 -9.207723
v 36.142738 -24.503065 -9.207723
v 9.225439 -24.503065 -36.140553
v 9.225439 -21.515139 -36.140553
v 12.422937 -21.515135 -35.169628
v 12.422935 -24.503063 -35.169628
v 16.083248 -24.503065 -33.652882
v 16.083248 -21.515139 -33.652882
v 19.044920 -21.515135 -32.069832
v 19.044920 -24.503065 -32.069832
v 22.339260 -24.503065 -29.868628
v 22.339258 -21.515129 -29.868628
v 24.935188 -21.515139 -27.738205
v 24.935188 -24.503065 -27.738205
v 32.068420 -24.503065 -19.046329
v 32.068420 -21.515139 -19.046329
v 33.651459 -21.515135 -16.084669
v 33.651459 -24.503065 -16.084669
v 27.736794 -20.301407 -24.936600
v 27.736794 -17.313482 -24.936600
v 29.867216 -17.313482 -22.340670
v 29.867216 -20.301407 -22.340670
v 35.167454 -20.301407 -12.424130
v 35.167454 -17.313482 -12.424130
v 36.142738 -17.313482 -9.207723
v 36.142738 -20.301407 -9.207723
v 9.225439 -20.301407 -36.140553
v 9.225439 -17.313482 -36.140553
v 12.422937 -17.313482 -35.169628
v 12.422935 -20.301407 -35.169628
v 16.083248 -20.301407 -33.652882
v 16.083248 -17.313482 -33.652882
v 19.044920 -17.313482 -32.069832
v 19.044920 -20.301407 -32.069832
v 22.339260 -20.301407 -29.868628
v 22.339260 -17.313482 -29.868628
v 24.935188 -17.313482 -27.738205
v 24.935188 -20.301407 -27.738205
v 32.068420 -20.301407 -19.046329
v 32.068420 -17.313482 -19.046329
v 33.651459 -17.313482 -16.084669
v 33.651459 -20.301407 -16.084669
v 27.736794 -16.099735 -24.936600
v 27.736794 -13.111848 -24.936600
v 29.867216 -13.111829 -22.340670
v 29.867216 -16.099735 -22.340670
v 35.167454 -16.099751 -12.424130
v 35.167454 -13.111841 -12.424130
v 36.142738 -13.111841 -9.207723
v 36.142738 -16.099751 -9.207723
v 9.225439 -16.099751 -36.140553
v 9.225439 -13.111841 -36.140553
v 12.422937 -13.111841 -35.169628
v 12.422937 -16.099751 -35.169628
v 16.083248 -16.099751 -33.652882
v 16.083248 -13.111841 -33.652882
v 19.044920 -13.111841 -32.069832
v 19.044920 -16.099751 -32.069832
v 22.339260 -16.099751 -29.868628
v 22.339260 -13.111841 -29.868628
v 24.935188 -13.111841 -27.738205
v 24.935188 -16.099751 -27.738205
v 32.068420 -16.099735 -19.046329
v 32.068420 -13.111848 -19.046329
v 33.651459 -13.111829 -16.084669
v 33.651459 -16.099735 -16.084669
v 27.736794 -11.898098 -24.936600
v 27.736794 -8.910172 -24.936600
v 29.867216 -8.910172 -22.340670
v 29.867216 -11.898098 -22.340670
v 35.167454 -11.898098 -12.424130
v 35.167454 -8.910172 -12.424130
v 36.142738 -8.910172 -9.207723
v 36.142738 -11.898098 -9.207723
v 9.225439 -11.898098 -36.140553
v 9.225439 -8.910172 -36.140553
v 12.422937 -8.910172 -35.169628
v 12.422937 -11.898098 -35.169628
v 16.083248 -11.898098 -33.652882
v 16.083248 -8.910172 -33.652882
v 19.044920 -8.910172 -32.069832
v 19.044920 -11.898098 -32.069832
v 22.339260 -11.898098 -29.868628
v 22.339260 -8.910172 -29.868628
v 24.935188 -8.910172 -27.738205
v 24.935188 -11.898098 -27.738205
v 32.068420 -11.898087 -19.046329
v 32.068420 -8.910180 -19.046329
v 33.651459 -8.910160 -16.084669
v 33.651459 -11.898068 -16.084669
v 27.736794 -7.696443 -24.936600
v 27.736794 -4.708518 -24.936600
v 29.867216 -4.708518 -22.340670
v 29.867216 -7.696443 -22.340670
v 35.167454 -7.696443 -12.424130
v 35.167454 -4.708518 -12.424130
v 36.142738 -4.708518 -9.207723
v 36.142738 -7.696443 -9.207723
v 9.225439 -7.696443 -36.140553
v 9.225439 -4.708518 -36.140553
v 12.422937 -4.708518 -35.169628
v 12.422937 -7.696443 -35.169628
v 16.083248 -7.696443 -33.652882
v 16.083248 -4.708518 -33.652882
v 19.044920 -4.708518 -32.069832
v 19.044920 -7.696443 -32.069832
v 22.339260 -7.696443 -29.868628
v 22.339260 -4.708518 -29.868628
v 24.935188 -4.708518 -27.738205
v 24.935188 -7.696443 -27.738205
v 32.068420 -7.696443 -19.046329
v 32.068420 -4.708536 -19.046329
v 33.651459 -4.708518 -16.084669
v 33.651459 -7.696424 -16.084669
v 27.736794 -3.494788 -24.936600
v 27.736794 -0.506860 -24.936600
v 29.867216 -0.506860 -22.340670
v 29.867216 -3.494788 -22.340670
v 35.167454 -3.494788 -12.424130
v 35.167454 -0.506860 -12.424130
v 36.142738 -0.506860 -9.207723
v 36.142738 -3.494788 -9.207723
v 9.225439 -3.494788 -36.140553
v 9.225439 -0.506860 -36.140553
v 12.422937 -0.506860 -35.169628
v 12.422937 -3.494788 -35.169628
v 16.083248 -3.494788 -33.652882
v 16.083248 -0.506860 -33.652882
v 19.044920 -0.506860 -32.069832
v 19.044920 -3.494788 -32.069832
v 22.339260 -3.494788 -29.868628
v 22.339258 -0.506860 -29.868628
v 24.935188 -0.506860 -27.738205
v 24.935188 -3.494788 -27.738205
v 32.068420 -3.494788 -19.046329
v 32.068420 -0.506860 -19.046329
v 33.651459 -0.506860 -16.084669
v 33.651459 -3.494788 -16.084669
v 27.736794 0.706901 -24.936600
v 27.736794 3.694790 -24.936600
v 29.867216 3.694790 -22.340670
v 29.867216 0.706901 -22.340670
v 35.167454 0.706901 -12.424130
v 35.167454 3.694790 -12.424130
v 36.142738 3.694790 -9.207723
v 36.142738 0.706901 -9.207723
v 9.225439 0.706901 -36.140553
v 9.225439 3.694790 -36.140553
v 12.422937 3.694790 -35.169628
v 12.422937 0.706901 -35.169628
v 16.083248 0.706901 -33.652882
v 16.083248 3.694790 -33.652882
v 19.044920 3.694790 -32.069832
v 19.044920 0.706901 -32.069832
v 22.339260 0.706901 -29.868628
v 22.339260 3.694790 -29.868628
v 24.935188 3.694790 -27.738205
v 24.935188 0.706901 -27.738205
v 32.068420 0.706901 -19.046329
v 32.068420 3.694790 -19.046329
v 33.651459 3.694790 -16.084669
v 33.651459 0.706901 -16.084669
v 27.736794 4.908530 -24.936600
v 27.736794 7.896419 -24.936600
v 29.867216 7.896419 -22.340670
v 29.867216 4.908530 -22.340670
v 35.167454 4.908530 -12.424130
v 35.167454 7.896419 -12.424130
v 36.142738 7.896419 -9.207723
v 36.142738 4.908530 -9.207723
v 9.225439 4.908530 -36.140553
v 9.225439 7.896419 -36.140553
v 12.422937 7.896419 -35.169628
v 12.422937 4.908530 -35.169628
v 16.083248 4.908530 -33.652882
v 16.083248 7.896419 -33.652882
v 19.044920 7.896419 -32.069832
v 19.044920 4.908530 -32.069832
v 22.339260 4.908530 -29.868628
v 22.339260 7.896419 -29.868628
v 24.935188 7.896419 -27.738205
v 24.935188 4.908530 -27.738205
v 32.068420 4.908530 -19.046329
v 32.068420 7.896419 -19.046329
v 33.651459 7.896419 -16.084669
v 33.651459 4.908530 -16.084669
v 27.736794 9.110209 -24.936600
v 27.736794 12.098098 -24.936600
v 29.867216 12.098098 -22.340670
v 29.867216 9.110209 -22.340670
v 35.167454 9.110209 -12.424130
v 35.167454 12.098098 -12.424130
v 36.142738 12.098098 -9.207723
v 36.142738 9.110209 -9.207723
v 9.225439 9.110209 -36.140553
v 9.225439 12.098098 -36.140553
v 12.422937 12.098098 -35.169628
v 12.422937 9.110209 -35.169628
v 16.083248 9.110209 -33.652882
v 16.083248 12.098098 -33.652882
v 19.044920 12.098098 -32.069832
v 19.044920 9.110209 -32.069832
v 22.339260 9.110209 -29.868628
v 22.339260 12.098098 -29.868628
v 24.935188 12.098098 -27.738205
v 24.935188 9.110209 -27.738205
v 32.068420 9.110209 -19.046329
v 32.068420 12.098098 -19.046329
v 33.651459 12.098098 -16.084669
v 33.651459 9.110209 -16.084669
v 27.736794 13.311841 -24.936600
v 27.736794 16.299730 -24.936600
v 29.867216 16.299730 -22.340670
v 29.867216 13.311841 -22.340670
v 35.167454 13.311841 -12.424130
v 35.167454 16.299730 -12.424130
v 36.142738 16.299730 -9.207723
v 36.142738 13.311841 -9.207723
v 9.225439 13.311841 -36.140553
v 9.225439 16.299730 -36.140553
v 12.422937 16.299730 -35.169628
v 12.422937 13.311841 -35.169628
v 16.083248 13.311841 -33.652882
v 16.083248 16.299730 -33.652882
v 19.044920 16.299730 -32.069832
v 19.044920 13.311841 -32.069832
v 22.339260 13.311841 -29.868628
v 22.339260 16.299730 -29.868628
v 24.935188 16.299730 -27.738205
v 24.935188 13.311841 -27.738205
v 32.068420 13.311841 -19.046329
v 32.068420 16.299730 -19.046329
v 33.651459 16.299730 -16.084669
v 33.651459 13.311841 -16.084669
v 27.736794 17.513447 -24.936600
v 27.736794 20.501495 -24.936600
v 29.867216 20.501495 -22.340670
v 29.867216 17.513447 -22.340670
v 35.167454 17.513451 -12.424130
v 35.167454 20.501495 -12.424130
v 36.142738 20.501455 -9.207723
v 36.142738 17.513451 -9.207723
v 9.225439 17.513458 -36.140553
v 9.225439 20.501427 -36.140553
v 12.422937 20.501427 -35.169628
v 12.422937 17.513458 -35.169628
v 16.083248 17.513458 -33.652878
v 16.083248 20.501427 -33.652882
v 19.044920 20.501427 -32.069836
v 19.044920 17.513458 -32.069832
v 22.339260 17.513451 -29.868628
v 22.339260 20.501455 -29.868628
v 24.935188 20.501495 -27.738205
v 24.935188 17.513451 -27.738205
v 32.068420 17.513447 -19.046329
v 32.068420 20.501495 -19.046329
v 33.651459 20.501495 -16.084669
v 33.651459 17.513447 -16.084669
v 27.736794 21.715168 -24.936600
v 27.736794 24.703016 -24.936600
v 29.867216 24.703016 -22.340670
v 29.867216 21.715168 -22.340670
v 35.167454 21.715174 -12.424130
v 35.167454 24.703022 -12.424130
v 36.142738 24.703022 -9.207723
v 36.142738 21.715099 -9.207723
v 9.225439 21.715151 -36.140553
v 9.225439 24.703079 -36.140553
v 12.422937 24.703079 -35.169628
v 12.422937 21.715151 -35.169628
v 16.083248 21.715151 -33.652882
v 16.083248 24.703079 -33.652882
v 19.044920 24.703079 -32.069832
v 19.044920 21.715151 -32.069832
v 22.339260 21.715145 -29.868628
v 22.339260 24.703068 -29.868628
v 24.935188 24.703068 -27.738205
v 24.935188 21.715219 -27.738205
v 32.068420 21.715168 -19.046329
v 32.068420 24.703016 -19.046329
v 33.651459 24.703016 -16.084669
v 33.651459 21.715168 -16.084669
v 27.736794 25.916866 -24.936600
v 27.736794 28.904715 -24.936600
v 29.867216 28.904789 -22.340670
v 29.867216 25.916866 -22.340670
v 35.167454 25.916872 -12.424130
v 35.167454 28.904720 -12.424130
v 36.142738 28.904720 -9.207723
v 36.142738 25.916872 -9.207723
v 9.225439 25.916872 -36.140553
v 9.225439 28.904720 -36.140553
v 12.422937 28.904720 -35.169628
v 12.422937 25.916872 -35.169628
v 16.083248 25.916872 -33.652882
v 16.083248 28.904720 -33.652882
v 19.044920 28.904720 -32.069832
v 19.044920 25.916872 -32.069832
v 22.339260 25.916872 -29.868628
v 22.339258 28.904720 -29.868628
v 24.935188 28.904720 -27.738205
v 24.935188 25.916872 -27.738205
v 32.068420 25.916821 -19.046329
v 32.068420 28.904743 -19.046329
v 33.651459 28.904669 -16.084669
v 33.651459 25.916821 -16.084669
v 27.736794 30.118456 -24.936600
v 27.736794 33.106377 -24.936600
v 29.867216 33.106377 -22.340670
v 29.867216 30.118530 -22.340670
v 35.167454 30.118462 -12.424130
v 35.167454 33.106388 -12.424130
v 36.142738 33.106388 -9.207723
v 36.142738 30.118462 -9.207723
v 9.225439 30.118462 -36.140553
v 9.225439 33.106388 -36.140553
v 12.422937 33.106388 -35.169628
v 12.422937 30.118462 -35.169628
v 16.083248 30.118462 -33.652882
v 16.083248 33.106388 -33.652882
v 19.044920 33.106388 -32.069832
v 19.044920 30.118462 -32.069832
v 22.339260 30.118462 -29.868628
v 22.339258 33.106388 -29.868628
v 24.935188 33.106388 -27.738205
v 24.935188 30.118462 -27.738205
v 32.068420 30.118530 -19.046329
v 32.068420 33.106377 -19.046329
v 33.651459 33.106377 -16.084669
v 33.651459 30.118456 -16.084669
v 29.686655 -25.716797 -26.536808
v 29.686655 -28.704720 -26.536808
v 31.817078 -28.704718 -23.940876
v 31.817078 -25.716795 -23.940876
v 37.581345 -25.716797 -13.156075
v 37.581345 -28.704720 -13.156075
v 38.556633 -28.704718 -9.939668
v 38.556633 -25.716795 -9.939668
v 9.958333 -25.716797 -38.554153
v 9.958333 -28.704718 -38.554157
v 13.155828 -28.704712 -37.583233
v 13.155830 -25.716791 -37.583229
v 17.272312 -28.704720 -35.877460
v 17.272312 -25.716797 -35.877460
v 20.233984 -28.704718 -34.294415
v 20.233984 -25.716795 -34.294415
v 23.939468 -28.704718 -31.818489
v 23.939468 -25.716795 -31.818489
v 26.535397 -28.704720 -29.688063
v 26.535397 -25.716797 -29.688063
v 34.293003 -28.704720 -20.235390
v 34.293003 -25.716795 -20.235390
v 35.876038 -28.704720 -17.273731
v 35.876038 -25.716795 -17.273731
v 29.686655 -21.515139 -26.536808
v 29.686655 -24.503065 -26.536808
v 31.817078 -24.503063 -23.940876
v 31.817078 -21.515135 -23.940876
v 37.581345 -21.515139 -13.156075
v 37.581345 -24.503065 -13.156075
v 38.556633 -24.503065 -9.939668
v 38.556633 -21.515135 -9.939668
v 9.958333 -21.515137 -38.554153
v 9.958333 -24.503063 -38.554157
v 13.155828 -24.503059 -37.583233
v 13.155830 -21.515131 -37.583229
v 17.272312 -24.503065 -35.877460
v 17.272312 -21.515139 -35.877460
v 20.233984 -24.503065 -34.294415
v 20.233984 -21.515135 -34.294415
v 23.939468 -24.503065 -31.818489
v 23.939466 -21.515129 -31.818489
v 26.535397 -24.503065 -29.688065
v 26.535397 -21.515137 -29.688065
v 34.293003 -24.503065 -20.235390
v 34.293003 -21.515139 -20.235390
v 35.876038 -24.503065 -17.273731
v 35.876038 -21.515135 -17.273731
v 29.686655 -17.313482 -26.536808
v 29.686655 -20.301407 -26.536808
v 31.817078 -20.301407 -23.940876
v 31.817078 -17.313482 -23.940876
v 37.581345 -17.313482 -13.156075
v 37.581345 -20.301407 -13.156075
v 38.556633 -20.301407 -9.939668
v 38.556633 -17.313482 -9.939668
v 9.958333 -17.313478 -38.554153
v 9.958333 -20.301407 -38.554157
v 13.155828 -20.301407 -37.583233
v 13.155830 -17.313478 -37.583229
v 17.272312 -20.301407 -35.877457
v 17.272312 -17.313482 -35.877457
v 20.233984 -20.301407 -34.294411
v 20.233984 -17.313482 -34.294411
v 23.939468 -20.301407 -31.818489
v 23.939468 -17.313482 -31.818489
v 26.535397 -20.301407 -29.688063
v 26.535397 -17.313482 -29.688063
v 34.293003 -20.301407 -20.235390
v 34.293003 -17.313482 -20.235390
v 35.876038 -20.301407 -17.273731
v 35.876038 -17.313482 -17.273731
v 29.686655 -13.111848 -26.536808
v 29.686655 -16.099735 -26.536808
v 31.817078 -16.099735 -23.940876
v 31.817078 -13.111829 -23.940876
v 37.581345 -13.111841 -13.156075
v 37.581345 -16.099751 -13.156075
v 38.556633 -16.099751 -9.939668
v 38.556633 -13.111841 -9.939668
v 9.958334 -13.111841 -38.554157
v 9.958334 -16.099751 -38.554157
v 13.155833 -16.099751 -37.583229
v 13.155833 -13.111841 -37.583229
v 17.272312 -16.099751 -35.877460
v 17.272312 -13.111841 -35.877460
v 20.233984 -16.099751 -34.294415
v 20.233984 -13.111841 -34.294415
v 23.939468 -16.099751 -31.818489
v 23.939468 -13.111841 -31.818489
v 26.535397 -16.099751 -29.688065
v 26.535397 -13.111841 -29.688065
v 34.293003 -16.099735 -20.235390
v 34.293003 -13.111848 -20.235390
v 35.876038 -16.099735 -17.273731
v 35.876038 -13.111829 -17.273731
v 29.686655 -8.910172 -26.536808
v 29.686655 -11.898098 -26.536808
v 31.817078 -11.898098 -23.940876
v 31.817078 -8.910172 -23.940876
v 37.581345 -8.910172 -13.156075
v 37.581345 -11.898098 -13.156075
v 38.556633 -11.898098 -9.939668
v 38.556633 -8.910172 -9.939668
v 9.958333 -8.910170 -38.554153
v 9.958333 -11.898095 -38.554157
v 13.155830 -11.898095 -37.583233
v 13.155830 -8.910170 -37.583229
v 17.272312 -11.898098 -35.877460
v 17.272312 -8.910172 -35.877460
v 20.233984 -11.898098 -34.294415
v 20.233984 -8.910172 -34.294415
v 23.939468 -11.898098 -31.818489
v 23.939468 -8.910172 -31.818489
v 26.535397 -11.898098 -29.688063
v 26.535397 -8.910172 -29.688063
v 34.293003 -11.898087 -20.235390
v 34.293003 -8.910180 -20.235390
v 35.876038 -11.898068 -17.273731
v 35.876038 -8.910160 -17.273731
v 29.686655 -4.708518 -26.536808
v 29.686655 -7.696443 -26.536808
v 31.817078 -7.696443 -23.940876
v 31.817078 -4.708518 -23.940876
v 37.581345 -4.708518 -13.156075
v 37.581345 -7.696443 -13.156075
v 38.556633 -7.696443 -9.939668
v 38.556633 -4.708518 -9.939668
v 9.958333 -4.708515 -38.554153
v 9.958333 -7.696440 -38.554157
v 13.155830 -7.696440 -37.583233
v 13.155830 -4.708515 -37.583229
v 17.272312 -7.696443 -35.877460
v 17.272312 -4.708518 -35.877460
v 20.233984 -7.696443 -34.294415
v 20.233984 -4.708518 -34.294415
v 23.939468 -7.696443 -31.818489
v 23.939468 -4.708518 -31.818489
v 26.535397 -7.696443 -29.688063
v 26.535397 -4.708518 -29.688063
v 34.293003 -7.696443 -20.235390
v 34.293003 -4.708536 -20.235390
v 35.876038 -7.696424 -17.273731
v 35.876038 -4.708518 -17.273731
v 29.686655 -0.506860 -26.536808
v 29.686655 -3.494788 -26.536808
v 31.817078 -3.494788 -23.940876
v 31.817078 -0.506860 -23.940876
v 37.581345 -0.506860 -13.156075
v 37.581345 -3.494788 -13.156075
v 38.556633 -3.494788 -9.939668
v 38.556633 -0.506860 -9.939668
v 9.958334 -0.506860 -38.554157
v 9.958334 -3.494788 -38.554157
v 13.155833 -3.494788 -37.583229
v 13.155833 -0.506860 -37.583229
v 17.272312 -3.494788 -35.877460
v 17.272312 -0.506860 -35.877460
v 20.233984 -3.494788 -34.294415
v 20.233984 -0.506860 -34.294415
v 23.939468 -3.494788 -31.818489
v 23.939466 -0.506860 -31.818489
v 26.535397 -3.494788 -29.688065
v 26.535397 -0.506860 -29.688065
v 34.293003 -3.494788 -20.235390
v 34.293003 -0.506860 -20.235390
v 35.876038 -3.494788 -17.273731
v 35.876038 -0.506860 -17.273731
v 29.686655 3.694790 -26.536808
v 29.686655 0.706901 -26.536808
v 31.817078 0.706901 -23.940876
v 31.817078 3.694790 -23.940876
v 37.581345 3.694790 -13.156075
v 37.581345 0.706901 -13.156075
v 38.556633 0.706901 -9.939668
v 38.556633 3.694790 -9.939668
v 9.958333 3.694793 -38.554153
v 9.958333 0.706904 -38.554157
v 13.155830 0.706904 -37.583233
v 13.155830 3.694793 -37.583229
v 17.272312 0.706901 -35.877460
v 17.272312 3.694790 -35.877460
v 20.233984 0.706901 -34.294415
v 20.233984 3.694790 -34.294415
v 23.939468 0.706901 -31.818489
v 23.939468 3.694790 -31.818489
v 26.535397 0.706901 -29.688063
v 26.535397 3.694790 -29.688063
v 34.293003 0.706901 -20.235390
v 34.293003 3.694790 -20.235390
v 35.876038 0.706901 -17.273731
v 35.876038 3.694790 -17.273731
v 29.686655 28.904715 -26.536808
v 29.686655 25.916866 -26.536808
v 31.817078 25.916866 -23.940876
v 31.817078 28.904789 -23.940876
v 37.581345 28.904720 -13.156075
v 37.581345 25.916872 -13.156075
v 38.556633 25.916872 -9.939668
v 38.556633 28.904720 -9.939668
v 9.958334 28.904720 -38.554157
v 9.958334 25.916872 -38.554157
v 13.155833 25.916872 -37.583229
v 13.155833 28.904720 -37.583229
v 17.272312 25.916872 -35.877460
v 17.272312 28.904720 -35.877460
v 20.233984 25.916872 -34.294415
v 20.233984 28.904720 -34.294415
v 23.939468 25.916872 -31.818489
v 23.939466 28.904720 -31.818489
v 26.535397 25.916872 -29.688065
v 26.535397 28.904720 -29.688065
v 34.293003 25.916821 -20.235390
v 34.293003 28.904743 -20.235390
v 35.876038 25.916821 -17.273731
v 35.876038 28.904669 -17.273731
v 29.686655 33.106377 -26.536808
v 29.686655 30.118456 -26.536808
v 31.817078 30.118530 -23.940876
v 31.817078 33.106377 -23.940876
v 37.581345 33.106388 -13.156075
v 37.581345 30.118462 -13.156075
v 38.556633 30.118462 -9.939668
v 38.556633 33.106388 -9.939668
v 9.958334 33.106388 -38.554157
v 9.958334 30.118462 -38.554157
v 13.155833 30.118462 -37.583229
v 13.155833 33.106388 -37.583229
v 17.272312 30.118462 -35.877460
v 17.272312 33.106388 -35.877460
v 20.233984 30.118462 -34.294415
v 20.233984 33.106388 -34.294415
v 23.939468 30.118462 -31.818489
v 23.939466 33.106388 -31.818489
v 26.535397 30.118462 -29.688065
v 26.535397 33.106388 -29.688065
v 34.293003 30.118530 -20.235390
v 34.293003 33.106377 -20.235390
v 35.876038 30.118456 -17.273731
v 35.876038 33.106377 -17.273731
vn -1.0000 -0.0000 -0.0000
vn -0.9952 -0.0000 -0.0978
vn -0.0000 1.0000 -0.0000
vn -0.2902 -0.0000 0.9570
vn -0.0010 -0.0000 1.0000
vn 1.0000 -0.0000 -0.0000
vn -0.4714 -0.0000 0.8819
vn 0.9952 -0.0000 0.0980
vn -0.0000 -0.0000 1.0000
vn 0.7730 -0.0000 -0.6344
vn 0.4714 -0.0000 -0.8819
vn 0.6344 -0.0000 -0.7730
vn -0.0000 -1.0000 -0.0000
vn -0.7730 -0.0000 0.6344
vn -0.6344 -0.0000 0.7730
vn 0.8819 -0.0000 -0.4714
vn -0.9954 0.0024 -0.0958
vn 0.9954 -0.0024 0.0959
vn -0.9956 -0.0000 -0.0938
vn 0.9956 -0.0000 0.0939
vn -0.9954 -0.0024 -0.0958
vn -0.8819 -0.0000 0.4714
vn 0.9954 0.0024 0.0959
vn 0.9569 -0.0000 -0.2906
vn -0.9569 -0.0000 0.2906
vn 0.0977 -0.0000 0.9952
vn 0.0741 0.4518 0.8891
vn 0.0675 -0.5012 0.8627
vn 0.0077 -0.9643 0.2647
vn 0.7730 -0.0000 0.6344
vn 0.9570 -0.0000 0.2902
vn 0.2906 -0.0000 0.9569
vn 0.4714 -0.0000 0.8819
vn 0.6344 -0.0000 0.7730
vn 0.8819 -0.0000 0.4714
vn 0.2902 -0.0000 -0.9570
vn 0.9952 -0.0000 -0.0978
vn 0.2902 -0.0000 0.9570
vn 0.0010 -0.0000 1.0000
vn -0.9952 -0.0000 0.0980
vn -0.7730 -0.0000 -0.6344
vn -0.4714 -0.0000 -0.8819
vn -0.6344 -0.0000 -0.7730
vn -0.8819 -0.0000 -0.4714
vn 0.9954 0.0024 -0.0958
vn -0.9954 -0.0024 0.0959
vn 0.9956 -0.0000 -0.0938
vn -0.9956 -0.0000 0.0939
vn 0.9954 -0.0024 -0.0958
vn -0.9954 0.0024 0.0959
vn -0.9569 -0.0000 -0.2906
vn 0.9569 -0.0000 0.2906
vn -0.0977 -0.0000 0.9952
vn -0.0542 0.6663 0.7437
vn -0.0000 -0.2030 0.9792
vn -0.0087 -0.8291 0.5590
vn -0.0446 -0.7237 0.6887
vn -0.0110 0.8873 0.4611
vn -0.9570 -0.0000 0.2902
vn -0.2906 -0.0000 0.9569
vn -0.2902 -0.0000 -0.9570
vn -0.0000 -0.3014 0.9535
vn 0.0108 0.9489 0.3154
vt 0.010095 0.999661
vt -1.000854 0.999661
vt -1.000854 0.126263
vt 0.010095 0.126263
vt 2.055129 0.999661
vt 1.048937 0.999661
vt 1.048937 0.126263
vt 2.055129 0.126263
vt 0.415948 0.037879
vt 0.416088 0.078157
vt 0.385834 0.078262
vt 0.385695 0.037984
vt 0.317510 0.076274
vt 0.317386 0.040446
vt 0.347633 0.040341
vt 0.347757 0.076169
vt -0.023308 0.124356
vt -0.023308 0.999990
vt -1.029504 0.999990
vt -1.029504 0.124356
vt -12.227031 0.124356
vt -12.227031 0.999990
vt -13.259982 0.999990
vt -13.259982 0.124356
vt 0.385939 0.108516
vt 0.350103 0.108640
vt 0.349997 0.078386
vt -10.203947 0.124356
vt -10.203947 0.999990
vt -11.233731 0.999990
vt -11.233731 0.124356
vt 1.015534 0.999990
vt 1.015534 0.124356
vt 0.418176 0.040092
vt 0.418301 0.075929
vt 0.388047 0.076034
vt 0.387923 0.040197
vt 0.317515 0.076278
vt 0.317391 0.040441
vt 0.347645 0.040336
vt 0.347769 0.076173
vt 0.385939 0.108516
vt 0.350102 0.108640
vt 0.349997 0.078386
vt 0.385834 0.078262
vt -13.259990 0.999990
vt -13.259990 0.124356
vt 0.347540 0.010083
vt 0.387818 0.009943
vt 0.347645 0.040336
vt 0.388152 0.106287
vt 0.347874 0.106427
vt 0.388047 0.076034
vt 0.385939 0.108516
vt 0.350102 0.108640
vt 0.349997 0.078386
vt 0.385834 0.078262
vt 0.415948 0.037879
vt 0.416088 0.078157
vt 0.385694 0.037984
vt 0.388152 0.106288
vt 0.347874 0.106427
vt 0.347769 0.076173
vt 0.347540 0.010083
vt 0.387818 0.009943
vt 0.387923 0.040197
vt 0.415948 0.037879
vt 0.416088 0.078157
vt 0.385694 0.037984
vt 0.319743 0.078491
vt 0.319604 0.038213
vt 0.349857 0.038108
vt 0.317515 0.076278
vt 0.317391 0.040441
vt 0.418177 0.040092
vt 0.418301 0.075929
vt -13.259980 0.999990
vt -13.259980 0.124356
vt 0.319743 0.078491
vt 0.319604 0.038213
vt 0.349857 0.038108
vt 0.349753 0.007854
vt 0.385590 0.007730
vt 0.349753 0.007854
vt 0.385590 0.007730
vt 0.317515 0.076278
vt 0.317391 0.040441
vt 0.347645 0.040336
vt 0.347769 0.076173
vt 0.385939 0.108516
vt 0.350102 0.108640
vt 0.349997 0.078386
vt 0.385834 0.078262
vt 0.019234 0.529240
vt 0.019235 0.480408
vt 0.575547 0.480408
vt 0.575546 0.529240
vt -0.694955 0.370975
vt 0.418176 0.040092
vt 0.418301 0.075929
vt 0.388047 0.076034
vt 0.387923 0.040197
vt 0.388152 0.106288
vt 0.347874 0.106427
vt 0.388047 0.076034
vt -12.947345 0.754651
vt 0.416088 0.078157
vt 0.385694 0.037984
vt 0.821695 0.000000
vt 0.821694 1.000000
vt 0.039115 1.000000
vt 0.000001 0.000000
vt 0.317515 0.076278
vt 0.347645 0.040336
vt 0.347769 0.076173
vt 0.347540 0.010083
vt 0.387818 0.009943
vt 0.347645 0.040337
vt -0.028579 0.124302
vt -0.028579 0.957822
vt -1.034257 0.999483
vt -1.034259 0.124302
vt 0.387818 0.009943
vt 0.387923 0.040197
vt -10.203998 0.124302
vt -10.203998 0.999483
vt -11.255266 0.957822
vt -11.255266 0.124302
vt 0.319743 0.078491
vt 0.319604 0.038213
vt 0.349857 0.038108
vt 0.388151 0.106288
vt 0.347873 0.106427
vt 0.388047 0.076034
vt 0.388152 0.106288
vt 0.347874 0.106427
vt 0.347769 0.076173
vt 0.418176 0.040092
vt 0.418301 0.075929
vt -0.589441 0.834937
vt 0.349753 0.007854
vt 0.385590 0.007730
vt 0.347540 0.010083
vt 0.387818 0.009943
vt 0.387922 0.040197
vt 0.317515 0.076278
vt 0.317391 0.040441
vt -12.839619 0.289501
vt 0.418176 0.040092
vt 0.418300 0.075929
vt 0.418150 0.040066
vt 0.418275 0.075955
vt 0.387977 0.076060
vt 0.387853 0.040171
vt 0.349753 0.007854
vt 0.385590 0.007730
vt 0.385694 0.037984
vt 0.349857 0.038108
vt 0.418176 0.040092
vt 0.388047 0.076034
vt 0.387923 0.040197
vt 0.418177 0.040092
vt 0.418301 0.075929
vt 0.388047 0.076034
vt 0.387923 0.040197
vt 0.347610 0.010012
vt 0.387748 0.009873
vt 0.347715 0.040310
vt 0.319743 0.078491
vt 0.319604 0.038213
vt 0.385965 0.108490
vt 0.350076 0.108614
vt 0.349971 0.078316
vt 0.385860 0.078192
vt 0.347540 0.010083
vt 0.387818 0.009943
vt 0.347540 0.010083
vt 0.387818 0.009943
vt 0.347645 0.040337
vt 0.388082 0.106358
vt 0.347944 0.106497
vt 0.347839 0.076199
vt 0.415948 0.037879
vt 0.416088 0.078157
vt 0.385834 0.078262
vt 0.416018 0.037949
vt 0.416157 0.078087
vt 0.385721 0.038054
vt 0.388152 0.106288
vt 0.347874 0.106427
vt 0.388152 0.106288
vt 0.347769 0.076173
vt 0.317541 0.076304
vt 0.317417 0.040415
vt 0.385939 0.108516
vt 0.350102 0.108640
vt 0.319673 0.078421
vt 0.319534 0.038283
vt 0.349832 0.038178
vt 0.317515 0.076278
vt 0.317391 0.040441
vt 0.317515 0.076278
vt 0.317391 0.040441
vt 0.349727 0.007881
vt 0.385616 0.007756
vt 0.019793 0.999970
vt 0.019793 0.124638
vt 0.090600 0.124638
vt 0.090600 0.999970
vt 0.019793 0.999970
vt 0.019793 0.124638
vt 0.090600 0.124638
vt 0.019794 0.999970
vt 0.019793 0.124638
vt 0.090601 0.124638
vt 0.090601 0.999970
vt 0.090600 0.124638
vt 0.090600 0.999970
vt 0.019793 0.999970
vt 0.019793 0.124638
vt 0.090601 0.124638
vt 0.090601 0.999970
vt 0.218562 0.597504
vt 0.019793 0.124638
vt 0.090600 0.124638
vt -3.636538 0.754722
vt 0.019793 0.999970
vt 0.015846 0.645823
vt -2.469346 0.289667
vt 0.090600 0.999970
vt 0.090600 0.124638
vt 0.090600 0.999970
vt 0.019793 0.999970
vt 0.090601 0.124637
vt 0.090601 0.999970
vt 0.019793 0.124638
vt 0.090600 0.124638
vt 0.090600 0.999969
vt 0.090601 0.124638
vt 0.090601 0.999970
vt 0.019793 0.999971
vt 0.019793 0.124638
vt 0.090600 0.124638
vt 0.090600 0.999970
vt 0.676694 0.480408
vt 0.676694 0.535982
vt 0.019234 0.535982
vt 0.019234 0.480408
vt -11.969775 0.124356
vt 0.019234 0.529240
vt 0.019235 0.480408
vt 0.676694 0.529240
vt 0.279146 0.999661
vt -5.614711 0.124356
vt -5.614711 0.999990
vt -6.029509 0.873515
vt -6.029508 0.250829
vt -7.144263 0.999990
vt -6.729363 0.873515
vt -7.144263 0.124356
vt -6.729365 0.250829
vt -8.673810 0.124356
vt -8.673810 0.999990
vt -9.088655 0.873515
vt -9.088655 0.250829
vt -9.789099 0.873515
vt -9.789099 0.250829
vt -1.444352 0.873515
vt -1.444352 0.250829
vt -2.555607 0.999990
vt -2.140759 0.873515
vt -2.555607 0.124356
vt -2.140759 0.250829
vt -2.970456 0.873515
vt -2.970456 0.250829
vt -4.085157 0.999990
vt -3.670259 0.873515
vt -4.085157 0.124356
vt -3.670259 0.250829
vt -4.499957 0.873515
vt -4.499957 0.250829
vt -5.199814 0.873515
vt -5.199814 0.250829
vt -7.559061 0.873515
vt -7.559061 0.250829
vt -8.258962 0.873515
vt -8.258962 0.250829
vt -6.029610 0.873515
vt -6.029610 0.250829
vt -6.729465 0.873515
vt -6.729465 0.250829
vt -3.670361 0.873515
vt -3.670361 0.250829
vt -4.500059 0.873515
vt -4.500059 0.250829
vt -5.199914 0.873515
vt -5.199914 0.250829
vt -7.559161 0.873515
vt -7.559161 0.250829
vt -6.029608 0.873515
vt -6.029608 0.250829
vt -4.500057 0.873515
vt -4.500057 0.250829
vt -5.199913 0.873515
vt -5.199913 0.250829
vt -6.029507 0.873515
vt -6.029507 0.250829
vt -6.729360 0.873515
vt -6.729362 0.250829
vt -3.670258 0.873515
vt -3.670258 0.250829
vt -4.499953 0.873515
vt -4.499953 0.250829
vt -5.199810 0.873515
vt -5.199810 0.250829
vt -7.559058 0.873515
vt -7.559058 0.250829
vt -6.029512 0.873515
vt -6.029512 0.250829
vt -3.670263 0.873515
vt -3.670261 0.250829
vt -4.499959 0.873515
vt -6.029514 0.873515
vt -6.029514 0.250829
vt -6.729370 0.873515
vt -6.729368 0.250829
vt -3.670267 0.873515
vt -3.670267 0.250829
vt -4.499960 0.873515
vt -4.499962 0.250829
vt -5.199817 0.873515
vt -5.199817 0.250829
vt -7.559065 0.873515
vt -7.559065 0.250829
vt -6.029508 0.873515
vt -6.029509 0.250829
vt -5.617114 0.124302
vt -5.617114 0.999484
vt -6.031746 0.873074
vt -6.031746 0.250714
vt -7.145880 0.999483
vt -6.731243 0.873074
vt -7.145880 0.124302
vt -6.731243 0.250714
vt -8.674643 0.124302
vt -8.674643 0.999483
vt -9.089275 0.873074
vt -9.089275 0.250714
vt -9.789361 0.873074
vt -9.789361 0.250714
vt -1.448891 0.873074
vt -1.448891 0.250714
vt -2.559579 0.999483
vt -2.144942 0.873074
vt -2.559579 0.124302
vt -2.144940 0.250714
vt -2.974212 0.873074
vt -2.974212 0.250714
vt -4.088344 0.999483
vt -3.673709 0.873074
vt -4.088344 0.124302
vt -3.673709 0.250714
vt -4.502980 0.873074
vt -4.502980 0.250714
vt -5.202476 0.873074
vt -5.202476 0.250714
vt -7.560513 0.873074
vt -7.560513 0.250714
vt -8.260008 0.873074
vt -8.260008 0.250714
vt -6.029611 0.873515
vt -6.029611 0.250829
vt -6.729466 0.873515
vt -6.729466 0.250829
vt -3.670364 0.873515
vt -3.670364 0.250829
vt -4.500060 0.873515
vt -4.500060 0.250829
vt -7.559163 0.873515
vt -7.559163 0.250829
vt -6.729463 0.873515
vt -3.670359 0.873515
vt -6.729468 0.873515
vt -6.729468 0.250829
vt -3.670364 0.873515
vt -3.670364 0.250829
vt -5.199916 0.873515
vt -5.199916 0.250829
vt -7.559164 0.250829
vt -6.029504 0.873515
vt -6.029504 0.250829
vt -6.729360 0.250829
vt -3.670255 0.873515
vt -3.670255 0.250829
vt -4.499952 0.873515
vt -4.499952 0.250829
vt -5.199807 0.873515
vt -5.199807 0.250829
vt -6.729363 0.250829
vt -4.499955 0.250829
vt -7.559059 0.250829
vt 0.347769 0.076173
vt 0.347645 0.040336
vt 0.387923 0.040197
vt 0.388047 0.076034
vt 0.385830 0.078274
vt 0.350001 0.078398
vt 0.349862 0.038096
vt 0.385690 0.037972
vt 0.387853 0.040171
vt 0.387977 0.076060
vt 0.347839 0.076199
vt 0.347715 0.040310
vt 0.347769 0.076173
vt 0.347645 0.040336
vt 0.387923 0.040197
vt 0.347645 0.040336
vt 0.387923 0.040197
vt 0.349857 0.038108
vt 0.385694 0.037984
vt 0.385834 0.078262
vt 0.349997 0.078386
vt 0.347769 0.076173
vt 0.347645 0.040336
vt 0.387923 0.040197
vt 0.388047 0.076034
vt 0.387935 0.040201
vt 0.388059 0.076029
vt 0.347757 0.076169
vt 0.347633 0.040341
vt 0.349857 0.038108
vt 0.385694 0.037984
vt 0.385834 0.078262
vt 0.349997 0.078386
vt 0.385834 0.078262
vt 0.349997 0.078386
vt 0.349857 0.038108
vt 0.385694 0.037984
vt 0.347633 0.040341
vt 0.387935 0.040201
vt 0.388059 0.076029
vt 0.385860 0.078192
vt 0.349971 0.078316
vt 0.349832 0.038178
vt 0.385721 0.038054
vt 0.347645 0.040336
vt 0.387923 0.040197
vt 0.388047 0.076034
vt 0.347769 0.076173
vt 0.347645 0.040336
vt 0.387923 0.040197
vt 0.347769 0.076173
vt 0.387923 0.040197
vt 0.388047 0.076034
vt 0.349862 0.038096
vt 0.385690 0.037972
vt 0.385830 0.078274
vt 0.350002 0.078398
vt 0.385860 0.078192
vt 0.349971 0.078316
vt 0.349832 0.038178
vt 0.385721 0.038054
vt 0.347769 0.076173
vt 0.347645 0.040336
vt 0.387923 0.040197
vt 0.349862 0.038096
vt 0.385690 0.037972
vt 0.385830 0.078274
vt 0.350001 0.078398
vt 0.347839 0.076199
vt 0.347715 0.040310
vt 0.387852 0.040171
vt 0.387977 0.076060
vt 0.347769 0.076173
vt 0.347645 0.040336
vt 0.387923 0.040197
vt 0.388047 0.076034
vt 0.347769 0.076173
vt 0.347645 0.040337
vt 0.388047 0.076034
vt 0.387935 0.040201
vt 0.388059 0.076029
vt 0.349832 0.038178
vt 0.385721 0.038054
vt 0.385860 0.078192
vt 0.349971 0.078316
vt 0.385834 0.078262
vt 0.349997 0.078386
vt 0.349857 0.038108
vt 0.385694 0.037984
vt 0.347769 0.076173
vt 0.347645 0.040336
vt 0.387923 0.040197
vt 0.388047 0.076034
vt 0.347769 0.076173
vt 0.347644 0.040337
vt 0.387923 0.040197
vt 0.388047 0.076034
vt 0.385829 0.078274
vt 0.350002 0.078398
vt 0.349862 0.038096
vt 0.385690 0.037972
vt 0.349832 0.038178
vt 0.385721 0.038054
vt 0.385860 0.078192
vt 0.349971 0.078316
vt 0.387923 0.040197
vt 0.388047 0.076034
vt 0.347769 0.076173
vt 0.347645 0.040337
vt 0.347769 0.076173
vt 0.347644 0.040337
vt 0.387923 0.040197
vt 0.388047 0.076034
vt 0.347769 0.076173
vt 0.347644 0.040337
vt 0.387922 0.040197
vt 0.388047 0.076034
vt 0.353127 0.052823
vt 0.353037 0.026688
vt 0.382436 0.026586
vt 0.382526 0.052721
vt 0.387853 0.040171
vt 0.387977 0.076060
vt 0.347839 0.076199
vt 0.347714 0.040310
vt 0.387923 0.040197
vt 0.388047 0.076033
vt 0.347769 0.076173
vt 0.347644 0.040337
vt 0.385834 0.078262
vt 0.349997 0.078386
vt 0.349858 0.038108
vt 0.385694 0.037984
vt 0.385834 0.078262
vt 0.349997 0.078386
vt 0.349858 0.038108
vt 0.385694 0.037984
vt 0.347768 0.076174
vt 0.347645 0.040337
vt 0.387923 0.040197
vt 0.388047 0.076034
vt 0.347757 0.076169
vt 0.347633 0.040341
vt 0.387934 0.040201
vt 0.388059 0.076029
vt 0.349858 0.038108
vt 0.317515 0.076278
vt 0.317391 0.040441
vt 0.349753 0.007854
vt 0.385590 0.007730
vt 0.388164 0.106276
vt 0.347862 0.106415
vt 0.319744 0.078492
vt 0.319604 0.038214
vt 0.388152 0.106288
vt 0.347874 0.106427
vt 0.319743 0.078491
vt 0.319604 0.038213
vt 0.347528 0.010095
vt 0.387830 0.009955
vt 0.349752 0.007855
vt 0.385589 0.007730
vt 0.347540 0.010083
vt 0.387818 0.009943
vt 0.415948 0.037879
vt 0.416088 0.078157
vt 0.418181 0.040096
vt 0.418305 0.075925
vt 0.418176 0.040092
vt 0.418301 0.075929
vt 0.385939 0.108516
vt 0.350102 0.108640
vt 0.349727 0.007881
vt 0.385616 0.007756
vt 0.349757 0.007850
vt 0.385585 0.007726
vt 0.385939 0.108516
vt 0.350102 0.108640
vt 0.319673 0.078421
vt 0.319534 0.038283
vt 0.319755 0.078503
vt 0.319615 0.038201
vt 0.416088 0.078157
vt 0.416158 0.078087
vt 0.415936 0.037867
vt 0.416076 0.078169
vt 0.319604 0.038213
vt 0.385965 0.108490
vt 0.350076 0.108614
vt 0.385934 0.108520
vt 0.350106 0.108644
vt 0.349753 0.007854
vt 0.385590 0.007730
vt 0.317515 0.076278
vt 0.317391 0.040442
vt 0.418176 0.040092
vt 0.418301 0.075929
vt 0.317541 0.076304
vt 0.317417 0.040415
vt 0.388151 0.106288
vt 0.347873 0.106427
vt 0.317510 0.076274
vt 0.317386 0.040446
vt 0.317515 0.076278
vt 0.317391 0.040441
vt 0.387818 0.009943
vt 0.388082 0.106358
vt 0.347944 0.106497
vt 0.347539 0.010083
vt 0.387817 0.009943
vt 0.388164 0.106276
vt 0.347862 0.106415
vt 0.347873 0.106427
vt 0.388152 0.106288
vt 0.347610 0.010012
vt 0.418176 0.040092
vt 0.418301 0.075929
vt 0.347528 0.010095
vt 0.387830 0.009955
vt 0.347540 0.010083
vt 0.387818 0.009943
vt 0.317515 0.076278
vt 0.317391 0.040441
vt 0.418150 0.040066
vt 0.418275 0.075955
vt 0.418305 0.075925
vt 0.418177 0.040092
vt 0.331064 0.052899
vt 0.330973 0.026764
vt 0.385939 0.108516
vt 0.317515 0.076278
vt 0.317391 0.040441
vt 0.382603 0.074785
vt 0.353204 0.074887
vt 0.385965 0.108490
vt 0.350076 0.108614
vt 0.385934 0.108520
vt 0.350106 0.108644
vt 0.415948 0.037879
vt 0.388152 0.106288
vt 0.347874 0.106427
vt 0.352960 0.004624
vt 0.382359 0.004522
vt 0.416018 0.037949
vt 0.416158 0.078087
vt 0.415936 0.037867
vt 0.416076 0.078169
vt 0.319604 0.038213
vt 0.347540 0.010083
vt 0.404500 0.026510
vt 0.404590 0.052645
vt 0.319534 0.038283
vt 0.319755 0.078503
vt 0.319615 0.038201
vt 0.349753 0.007854
vt 0.418176 0.040092
vt 0.349727 0.007881
vt 0.385616 0.007756
vt 0.385585 0.007726
vt 0.418151 0.040067
vt 0.418275 0.075955
vt 0.317515 0.076278
vt 0.317391 0.040441
vt 0.347609 0.010012
vt 0.387748 0.009873
vt 0.317515 0.076278
vt 0.317391 0.040441
vt 0.418150 0.040066
vt 0.418275 0.075955
vt 0.388152 0.106288
vt 0.347874 0.106427
vt 0.347874 0.106427
vt 0.388082 0.106358
vt 0.347944 0.106497
vt 0.388152 0.106288
vt 0.347873 0.106427
vt 0.347610 0.010012
vt 0.387748 0.009873
vt 0.347540 0.010083
vt 0.387818 0.009943
vt 0.387818 0.009943
vt 0.317541 0.076304
vt 0.317416 0.040415
vt 0.347540 0.010083
vt 0.387818 0.009943
vt 0.388082 0.106358
vt 0.347944 0.106497
vt 0.418176 0.040092
vt 0.418301 0.075929
vt 0.418176 0.040092
vt 0.418176 0.040092
vt 0.418301 0.075929
vt 0.317541 0.076304
vt 0.317417 0.040415
vt 0.418177 0.040092
vt 0.418301 0.075929
vt 0.317515 0.076278
vt 0.317391 0.040441
vt 0.317515 0.076278
vt 0.317391 0.040441
vt 0.347540 0.010083
vt 0.387818 0.009943
vt 0.388152 0.106288
vt 0.347873 0.106427
vt 0.388152 0.106288
vt 0.347874 0.106427
vt 0.388152 0.106287
vt 0.347873 0.106427
vt 0.347874 0.106427
vt 0.347540 0.010083
vt 0.387818 0.009943
vt 0.347540 0.010083
vt 0.387818 0.009943
vt 0.317515 0.076278
vt 0.317390 0.040442
vt 0.387818 0.009943
vt 0.418177 0.040092
vt 0.418301 0.075929
vt 0.418301 0.075929
vt 0.418177 0.040092
vt 0.385938 0.108516
vt 0.350102 0.108640
vt 0.385934 0.108521
vt 0.350106 0.108645
vt 0.415948 0.037879
vt 0.416088 0.078157
vt 0.385590 0.007730
vt 0.317515 0.076278
vt 0.416076 0.078169
vt 0.319743 0.078491
vt 0.319604 0.038213
vt 0.319743 0.078491
vt 0.319604 0.038213
vt 0.319755 0.078503
vt 0.319616 0.038201
vt 0.349753 0.007854
vt 0.385589 0.007730
vt 0.415948 0.037879
vt 0.416088 0.078157
vt 0.387818 0.009943
vt 0.349757 0.007850
vt 0.385585 0.007726
vt 0.385939 0.108516
vt 0.350102 0.108640
vt 0.418176 0.040092
vt 0.418301 0.075929
vt 0.385939 0.108516
vt 0.350102 0.108640
vt 0.349727 0.007880
vt 0.385616 0.007756
vt 0.415948 0.037879
vt 0.416088 0.078157
vt 0.317515 0.076278
vt 0.319673 0.078421
vt 0.319534 0.038283
vt 0.319743 0.078491
vt 0.319604 0.038213
vt 0.388151 0.106288
vt 0.347873 0.106427
vt 0.416018 0.037949
vt 0.416157 0.078087
vt 0.349752 0.007855
vt 0.385589 0.007730
vt 0.347540 0.010083
vt 0.387818 0.009943
vt 0.385964 0.108490
vt 0.350076 0.108614
vt 0.418177 0.040092
vt 0.317515 0.076278
vt 0.317391 0.040441
vt 0.418177 0.040092
vt 0.418301 0.075929
vt 0.347874 0.106427
vt 0.349757 0.007850
vt 0.385585 0.007726
vt 0.317515 0.076278
vt 0.317391 0.040441
vt 0.347540 0.010083
vt 0.387818 0.009943
vt 0.347540 0.010083
vt 0.387818 0.009944
vt 0.319616 0.038201
vt 0.388152 0.106288
vt 0.347873 0.106427
vt 0.347873 0.106427
vt 0.418177 0.040093
vt 0.415936 0.037867
vt 0.416076 0.078169
vt 0.387818 0.009943
vt 0.317515 0.076278
vt 0.317391 0.040441
vt 0.385934 0.108520
vt 0.350106 0.108645
vt 0.317510 0.076274
vt 0.317386 0.040446
vt 0.317515 0.076278
vt 0.317391 0.040441
vt 0.388163 0.106276
vt 0.347862 0.106415
vt 0.385965 0.108490
vt 0.418181 0.040096
vt 0.418305 0.075925
vt 0.347873 0.106427
vt 0.347528 0.010095
vt 0.387830 0.009955
vt 0.416019 0.037949
vt 0.416158 0.078087
vt 0.347528 0.010095
vt 0.387830 0.009955
vt 0.347540 0.010083
vt 0.387818 0.009943
vt 0.418181 0.040096
vt 0.418305 0.075925
vt 0.319673 0.078421
vt 0.319534 0.038283
vt 0.388163 0.106276
vt 0.347862 0.106415
vt 0.418177 0.040092
vt 0.418301 0.075929
vt 0.349727 0.007880
vt 0.385616 0.007756
vt 0.317510 0.076274
vt 0.317386 0.040446
vt 0.387818 0.009943
vt 0.387923 0.040197
vt 0.347645 0.040337
vt 0.347540 0.010083
vt 0.317386 0.040446
vt 0.347633 0.040341
vt 0.317511 0.076274
vt 2.021726 0.124356
vt 2.021726 0.999990
vt 13.241431 0.124356
vt 14.252109 0.124356
vt 14.252109 0.999988
vt 13.241431 0.999990
vt 0.317391 0.040441
vt 0.347768 0.076173
vt 0.317515 0.076277
vt 11.196171 0.124356
vt 12.204029 0.124356
vt 12.204029 0.999990
vt 11.196171 0.999990
vt 0.385590 0.007730
vt 0.385694 0.037984
vt 0.349857 0.038108
vt 0.349753 0.007854
vt 0.350102 0.108640
vt 0.349997 0.078386
vt 0.385834 0.078262
vt 0.385939 0.108516
vt 0.418301 0.075929
vt 0.418176 0.040092
vt 0.416088 0.078157
vt 0.385834 0.078262
vt 0.319604 0.038213
vt 0.349858 0.038108
vt 0.319743 0.078491
vt 0.418301 0.075929
vt 0.418176 0.040092
vt 0.347873 0.106427
vt 0.319604 0.038213
vt 0.319743 0.078491
vt 0.416088 0.078157
vt 0.385694 0.037984
vt 0.415948 0.037879
vt 0.347645 0.040336
vt 0.347540 0.010083
vt 0.350102 0.108640
vt 0.385589 0.007730
vt 0.349753 0.007854
vt 0.387818 0.009943
vt 0.347645 0.040336
vt 0.317391 0.040441
vt 0.317391 0.040441
vt 0.385590 0.007730
vt 0.385694 0.037984
vt 0.349857 0.038108
vt 0.349753 0.007854
vt 0.385589 0.007730
vt 0.385694 0.037984
vt 0.349857 0.038108
vt 0.349753 0.007854
vt -0.479568 0.733892
vt 0.350102 0.108640
vt 0.349997 0.078386
vt 0.385834 0.078262
vt 0.385939 0.108516
vt 0.385834 0.078262
vt 0.415948 0.037879
vt 13.730962 0.733540
vt 0.385834 0.078262
vt 0.415948 0.037879
vt 0.750639 0.627276
vt 0.750639 0.601240
vt 0.782325 0.602479
vt 0.782325 0.627276
vt 0.418301 0.075929
vt 0.418176 0.040092
vt 0.319604 0.038213
vt 0.349857 0.038108
vt 0.319743 0.078491
vt 1.020760 1.000003
vt 2.026439 1.000003
vt 2.026439 0.124819
vt 1.020760 0.166481
vt 0.319604 0.038213
vt 0.349997 0.078386
vt 11.196177 0.999996
vt 12.247446 0.999996
vt 12.247446 0.166476
vt 11.196177 0.124812
vt 0.349997 0.078386
vt 0.319743 0.078491
vt 0.347874 0.106427
vt 0.388152 0.106288
vt 0.416088 0.078157
vt 0.385694 0.037984
vt 0.415948 0.037879
vt 0.350102 0.108640
vt 0.385939 0.108516
vt -0.311961 0.343572
vt 0.350102 0.108640
vt 0.347645 0.040336
vt 0.347540 0.010083
vt 0.385589 0.007730
vt 0.349753 0.007854
vt 13.563401 0.342221
vt 0.317391 0.040441
vt 0.350076 0.108614
vt 0.349971 0.078316
vt 0.385860 0.078192
vt 0.385965 0.108490
vt 0.350102 0.108640
vt 0.349997 0.078386
vt 0.385939 0.108516
vt 0.350102 0.108640
vt 0.349997 0.078386
vt 0.385834 0.078262
vt 0.418301 0.075929
vt 0.388047 0.076034
vt 0.387923 0.040197
vt 0.418177 0.040092
vt 0.319534 0.038283
vt 0.349832 0.038178
vt 0.319604 0.038213
vt 0.349857 0.038108
vt 0.319743 0.078491
vt 0.385616 0.007756
vt 0.385721 0.038054
vt 0.349831 0.038178
vt 0.349727 0.007881
vt 0.319604 0.038213
vt 0.349857 0.038108
vt 0.319743 0.078491
vt 0.347769 0.076173
vt 0.385721 0.038054
vt 0.416019 0.037949
vt 0.416088 0.078157
vt 0.385694 0.037984
vt 0.415948 0.037879
vt 0.416158 0.078087
vt 0.385860 0.078192
vt 0.416018 0.037949
vt 0.416088 0.078157
vt 0.385694 0.037984
vt 0.415948 0.037879
vt 0.387818 0.009943
vt 0.347645 0.040337
vt 0.347540 0.010083
vt 0.385616 0.007756
vt 0.349727 0.007881
vt 0.385589 0.007730
vt 0.349753 0.007854
vt 0.319534 0.038283
vt 0.349971 0.078316
vt 0.319673 0.078421
vt 0.385590 0.007730
vt 0.317515 0.076278
vt 0.090600 0.999970
vt 0.019793 0.999970
vt 0.090600 0.124638
vt 0.090600 0.999970
vt 0.090600 0.124638
vt 0.019793 0.124638
vt 0.090600 0.124638
vt 0.090600 0.999970
vt 0.019793 0.999970
vt 0.019793 0.124638
vt 0.090600 0.124638
vt 0.392814 0.490885
vt 6.837405 0.870825
vt 0.169917 0.126263
vt 0.035742 0.343535
vt 4.605081 -0.157470
vt 0.090600 0.999970
vt 0.090600 0.124638
vt 0.090600 0.999970
vt 0.090600 0.124638
vt 0.676694 0.535982
vt 0.019234 0.535982
vt 0.019234 0.480408
vt 13.081831 0.124356
vt 0.019234 0.480407
vt 0.676693 0.480407
vt 0.676694 0.529239
vt 0.019235 0.529239
vt 6.606933 0.124356
vt 7.021782 0.250829
vt 7.021782 0.873515
vt 6.606933 0.999990
vt 7.721636 0.873515
vt 8.136486 0.999990
vt 7.721636 0.250831
vt 8.136486 0.124356
vt 9.666031 0.124356
vt 10.080878 0.250829
vt 10.080878 0.873515
vt 9.666031 0.999990
vt 10.781324 0.873515
vt 10.781324 0.250829
vt 2.436575 0.250829
vt 2.436575 0.873515
vt 3.132982 0.873515
vt 3.547831 0.999990
vt 3.132982 0.250829
vt 3.547831 0.124356
vt 3.962727 0.250829
vt 3.962727 0.873515
vt 4.662533 0.873515
vt 5.077381 0.999990
vt 4.662533 0.250829
vt 5.077381 0.124356
vt 5.492230 0.250829
vt 5.492230 0.873515
vt 6.192084 0.873515
vt 6.192084 0.250829
vt 8.551333 0.250829
vt 8.551333 0.873515
vt 9.251184 0.873515
vt 9.251184 0.250829
vt 3.962627 0.250829
vt 3.962627 0.873515
vt 3.962730 0.250829
vt 3.962730 0.873515
vt 3.962725 0.873515
vt 3.962723 0.250829
vt 3.962722 0.873515
vt 3.962729 0.250829
vt 3.962729 0.873515
vt 6.609292 1.000000
vt 7.023925 0.873586
vt 7.023925 0.251226
vt 6.609289 0.124816
vt 7.723425 0.251226
vt 8.138058 0.124814
vt 7.723425 0.873586
vt 8.138058 1.000000
vt 9.666821 1.000000
vt 10.081457 0.873586
vt 10.081457 0.251223
vt 9.666821 0.124814
vt 10.781543 0.251223
vt 10.781543 0.873586
vt 2.441072 0.873589
vt 2.441072 0.251228
vt 3.137121 0.251228
vt 3.551758 0.124817
vt 3.137121 0.873589
vt 3.551758 1.000000
vt 3.966393 0.873589
vt 3.966393 0.251228
vt 4.665890 0.251228
vt 5.080523 0.124817
vt 4.665888 0.873589
vt 5.080523 1.000000
vt 5.495159 0.873589
vt 5.495159 0.251226
vt 6.194655 0.251226
vt 6.194655 0.873589
vt 8.552692 0.873586
vt 8.552692 0.251224
vt 9.252188 0.251224
vt 9.252188 0.873586
vt 3.962625 0.250829
vt 3.962625 0.873515
vt 3.962629 0.250829
vt 3.962629 0.873515
vt 3.962622 0.250829
vt 3.962622 0.873515
vt 3.962734 0.250829
vt 3.962734 0.873515
vt 0.385694 0.037984
vt 0.385834 0.078262
vt 0.349997 0.078386
vt 0.349857 0.038108
vt 0.385690 0.037972
vt 0.385829 0.078274
vt 0.350001 0.078398
vt 0.349862 0.038096
vt 0.349832 0.038178
vt 0.385721 0.038054
vt 0.385860 0.078192
vt 0.349997 0.078386
vt 0.349857 0.038108
vt 0.385694 0.037984
vt 0.347645 0.040336
vt 0.387923 0.040197
vt 0.388047 0.076034
vt 0.347769 0.076173
vt 0.347645 0.040336
vt 0.387922 0.040197
vt 0.388047 0.076034
vt 0.387923 0.040197
vt 0.347633 0.040341
vt 0.387935 0.040201
vt 0.347757 0.076169
vt 0.347645 0.040336
vt 0.387923 0.040197
vt 0.347769 0.076173
vt 0.385834 0.078262
vt 0.349857 0.038108
vt 0.387935 0.040201
vt 0.388059 0.076029
vt 0.347757 0.076169
vt 0.347715 0.040310
vt 0.387852 0.040171
vt 0.387977 0.076060
vt 0.347839 0.076199
vt 0.349997 0.078386
vt 0.385694 0.037984
vt 0.349997 0.078386
vt 0.385694 0.037984
vt 0.385834 0.078262
vt 0.347645 0.040336
vt 0.388047 0.076034
vt 0.347769 0.076173
vt 0.385694 0.037984
vt 0.349997 0.078386
vt 0.349858 0.038108
vt 0.347633 0.040341
vt 0.387935 0.040201
vt 0.388059 0.076029
vt 0.347757 0.076169
vt 0.347714 0.040310
vt 0.387852 0.040171
vt 0.387977 0.076060
vt 0.347839 0.076199
vt 0.387923 0.040197
vt 0.347769 0.076173
vt 0.385690 0.037972
vt 0.385830 0.078274
vt 0.350001 0.078398
vt 0.387852 0.040171
vt 0.387977 0.076060
vt 0.347839 0.076199
vt 0.347645 0.040336
vt 0.387923 0.040197
vt 0.388047 0.076034
vt 0.347769 0.076173
vt 0.349997 0.078386
vt 0.349857 0.038108
vt 0.385694 0.037984
vt 0.385834 0.078262
vt 0.349858 0.038108
vt 0.347633 0.040341
vt 0.347757 0.076169
vt 0.349971 0.078316
vt 0.349832 0.038178
vt 0.385860 0.078192
vt 0.387935 0.040201
vt 0.388059 0.076029
vt 0.347839 0.076199
vt 0.347715 0.040310
vt 0.385694 0.037984
vt 0.349997 0.078386
vt 0.349857 0.038108
vt 0.349857 0.038108
vt 0.347645 0.040336
vt 0.387923 0.040197
vt 0.347645 0.040337
vt 0.387923 0.040197
vt 0.388047 0.076034
vt 0.347769 0.076173
vt 0.388059 0.076029
vt 0.347757 0.076169
vt 0.347633 0.040341
vt 0.387935 0.040201
vt 0.349971 0.078316
vt 0.349832 0.038178
vt 0.385721 0.038054
vt 0.385860 0.078192
vt 0.385694 0.037984
vt 0.385834 0.078262
vt 0.349997 0.078386
vt 0.349858 0.038108
vt 0.349997 0.078386
vt 0.349858 0.038108
vt 0.385694 0.037984
vt 0.385834 0.078262
vt 0.385694 0.037984
vt 0.385834 0.078262
vt 0.349997 0.078386
vt 0.349858 0.038108
vt 0.385690 0.037972
vt 0.385829 0.078274
vt 0.350002 0.078398
vt 0.349862 0.038096
vt 0.387977 0.076060
vt 0.347839 0.076199
vt 0.347714 0.040310
vt 0.387853 0.040171
vt 0.385694 0.037984
vt 0.385834 0.078262
vt 0.349997 0.078386
vt 0.349858 0.038108
vt 0.349997 0.078386
vt 0.349858 0.038108
vt 0.385694 0.037984
vt 0.385834 0.078262
vt 0.387923 0.040197
vt 0.388047 0.076033
vt 0.347769 0.076173
vt 0.385694 0.037984
vt 0.349998 0.078387
vt 0.349858 0.038108
vt 0.385690 0.037972
vt 0.385830 0.078274
vt 0.350001 0.078398
vt 0.349862 0.038096
vt 0.388047 0.076034
vt 0.317391 0.040441
vt 0.317515 0.076278
vt 0.317391 0.040441
vt 0.387830 0.009955
vt 0.347528 0.010095
vt 0.347873 0.106427
vt 0.388151 0.106288
vt 0.387818 0.009943
vt 0.387818 0.009943
vt 0.347540 0.010083
vt 0.347862 0.106415
vt 0.388164 0.106276
vt 0.418300 0.075929
vt 0.418177 0.040092
vt 0.347874 0.106427
vt 0.347874 0.106427
vt 0.388151 0.106288
vt 0.418305 0.075925
vt 0.418181 0.040096
vt 0.418301 0.075929
vt 0.418176 0.040092
vt 0.418275 0.075955
vt 0.418150 0.040066
vt 0.385585 0.007726
vt 0.349757 0.007850
vt 0.385590 0.007730
vt 0.349753 0.007854
vt 0.347944 0.106497
vt 0.388082 0.106358
vt 0.416076 0.078169
vt 0.415936 0.037867
vt 0.416088 0.078157
vt 0.415948 0.037879
vt 0.387748 0.009873
vt 0.347610 0.010012
vt 0.319615 0.038201
vt 0.319755 0.078503
vt 0.317541 0.076304
vt 0.350106 0.108644
vt 0.385934 0.108520
vt 0.350102 0.108640
vt 0.385939 0.108516
vt 0.385590 0.007730
vt 0.349753 0.007854
vt 0.385590 0.007730
vt 0.349753 0.007854
vt 0.317417 0.040415
vt 0.317541 0.076304
vt 0.416088 0.078157
vt 0.317510 0.076274
vt 0.385590 0.007730
vt 0.416088 0.078157
vt 0.319604 0.038212
vt 0.319743 0.078490
vt 0.416088 0.078157
vt 0.415948 0.037879
vt 0.319743 0.078491
vt 0.347944 0.106497
vt 0.388082 0.106358
vt 0.385939 0.108516
vt 0.319604 0.038213
vt 0.319743 0.078491
vt 0.385939 0.108516
vt 0.418275 0.075955
vt 0.418305 0.075925
vt 0.385939 0.108516
vt 0.385585 0.007725
vt 0.349757 0.007850
vt 0.350102 0.108640
vt 0.385939 0.108516
vt 0.317391 0.040441
vt 0.416076 0.078169
vt 0.415936 0.037867
vt 0.317417 0.040415
vt 0.385585 0.007726
vt 0.349757 0.007850
vt 0.387818 0.009943
vt 0.347540 0.010083
vt 0.319616 0.038201
vt 0.319755 0.078503
vt 0.387748 0.009873
vt 0.347610 0.010012
vt 0.416076 0.078169
vt 0.415936 0.037867
vt 0.347874 0.106427
vt 0.388152 0.106288
vt 0.350107 0.108645
vt 0.385934 0.108521
vt 0.347944 0.106497
vt 0.388082 0.106358
vt 0.319615 0.038201
vt 0.319755 0.078503
vt 0.385590 0.007730
vt 0.349753 0.007854
vt 0.418275 0.075955
vt 0.418150 0.040066
vt 0.350106 0.108644
vt 0.418275 0.075955
vt 0.418151 0.040066
vt 0.418301 0.075929
vt 0.350102 0.108640
vt 0.385939 0.108516
vt 0.347944 0.106497
vt 0.388082 0.106358
vt 0.350102 0.108640
vt 0.385939 0.108516
vt 0.347874 0.106427
vt 0.388152 0.106288
vt 0.319604 0.038213
vt 0.319743 0.078491
vt 0.387748 0.009873
vt 0.347609 0.010012
vt 0.319604 0.038213
vt 0.319743 0.078491
vt 0.319534 0.038283
vt 0.319673 0.078421
vt 0.387818 0.009943
vt 0.347540 0.010083
vt 0.416088 0.078157
vt 0.317416 0.040415
vt 0.317541 0.076304
vt 0.416088 0.078157
vt 0.416158 0.078087
vt 0.416018 0.037949
vt 0.385590 0.007730
vt 0.349753 0.007854
vt 0.385590 0.007730
vt 0.349753 0.007854
vt 0.349727 0.007880
vt 0.385589 0.007730
vt 0.349753 0.007854
vt 0.317391 0.040441
vt 0.317515 0.076278
vt 0.416088 0.078157
vt 0.415948 0.037879
vt 0.385939 0.108516
vt 0.387818 0.009943
vt 0.416088 0.078157
vt 0.415948 0.037879
vt 0.319604 0.038213
vt 0.319743 0.078491
vt 0.319604 0.038213
vt 0.319743 0.078491
vt 0.319604 0.038213
vt 0.347873 0.106427
vt 0.388152 0.106288
vt 0.319604 0.038213
vt 0.319743 0.078491
vt 0.350102 0.108640
vt 0.385938 0.108516
vt 0.415948 0.037879
vt 0.418301 0.075929
vt 0.418177 0.040092
vt 0.350102 0.108640
vt 0.385590 0.007730
vt 0.349753 0.007854
vt 0.385590 0.007730
vt 0.385938 0.108516
vt 0.418305 0.075924
vt 0.418181 0.040097
vt 0.319604 0.038213
vt 0.319743 0.078491
vt 0.317391 0.040441
vt 0.317515 0.076278
vt 0.347861 0.106415
vt 0.388164 0.106276
vt 0.416088 0.078158
vt 0.415948 0.037879
vt 0.347540 0.010083
vt 0.387818 0.009943
vt 0.387830 0.009955
vt 0.347528 0.010095
vt 0.385589 0.007730
vt 0.349753 0.007854
vt 0.317386 0.040446
vt 0.317510 0.076274
vt 0.418301 0.075929
vt 0.418176 0.040092
vt 0.317515 0.076278
vt 0.350076 0.108614
vt 0.385965 0.108490
vt 0.317386 0.040446
vt 0.317510 0.076274
vt 0.387818 0.009943
vt 0.347540 0.010083
vt 0.349753 0.007854
vt 0.317515 0.076278
vt 0.319534 0.038283
vt 0.319673 0.078421
vt 0.387830 0.009955
vt 0.347528 0.010095
vt 0.347874 0.106427
vt 0.388152 0.106287
vt 0.415948 0.037879
vt 0.347540 0.010083
vt 0.416158 0.078087
vt 0.416019 0.037949
vt 0.347862 0.106415
vt 0.418301 0.075928
vt 0.418176 0.040092
vt 0.319604 0.038213
vt 0.319743 0.078491
vt 0.388152 0.106288
vt 0.385616 0.007756
vt 0.349727 0.007880
vt 0.418181 0.040096
vt 0.385939 0.108516
vt 0.418176 0.040092
vt 0.385589 0.007730
vt 0.349752 0.007855
vt 0.385589 0.007730
vt 0.349753 0.007854
vt 0.385965 0.108490
vt 0.416087 0.078157
vt 0.415948 0.037879
vt 0.317386 0.040446
vt 0.317510 0.076274
vt 0.317515 0.076278
vt 0.415948 0.037879
vt 0.319534 0.038283
vt 0.319673 0.078421
vt 0.319604 0.038214
vt 0.319744 0.078492
vt 0.387830 0.009955
vt 0.347528 0.010095
vt 0.387818 0.009943
vt 0.347540 0.010083
vt 0.319604 0.038213
vt 0.416158 0.078087
vt 0.416019 0.037949
vt 0.350103 0.108640
vt 0.385939 0.108516
vt 0.347861 0.106415
vt 0.388163 0.106276
vt 0.388152 0.106288
vt 0.350102 0.108640
vt 0.385939 0.108516
vt 0.349727 0.007881
vt 0.418305 0.075925
vt 0.385585 0.007726
vt 0.349757 0.007850
vt 0.416076 0.078169
vt 0.415936 0.037867
vt 0.317417 0.040415
vt 0.317541 0.076304
vt 0.317386 0.040446
vt 0.317510 0.076274
vt 0.319743 0.078491
vt 0.319755 0.078503
vt 0.387747 0.009873
vt 0.347610 0.010012
vt 0.387830 0.009955
vt 0.347528 0.010095
vt 0.415948 0.037879
vt 0.350106 0.108644
vt 0.385934 0.108520
vt 0.347944 0.106497
vt 0.388082 0.106358
vt 0.347862 0.106415
vt 0.388163 0.106276
vt 0.349753 0.007854
vt 0.418275 0.075955
vt 0.418150 0.040066
vt 0.418181 0.040096
vt 0.019234 0.480408
vt 0.506417 0.480408
vt 0.506418 0.529240
vt 0.019235 0.529240
s 0
usemtl M_WallPrison
f 5/1/1 1/2/1 3/3/1 6/4/1
f 2/5/2 7/6/2 8/7/2 4/8/2
f 598/9/3 595/10/3 835/11/3 837/12/3
f 387/13/4 388/14/4 747/15/4 748/16/4
f 29/17/5 30/18/5 24/19/5 15/20/5
f 25/21/6 26/22/6 19/23/6 13/24/6
f 595/25/7 596/26/7 836/27/7 835/11/7
f 14/28/8 20/29/8 28/30/8 27/31/8
f 868/32/9 30/18/9 29/17/9 867/33/9
f 958/32/9 120/18/9 105/17/9 943/33/9
f 6/1/1 3/2/1 31/3/1 33/4/1
f 4/5/2 8/6/2 34/7/2 32/8/2
f 281/34/10 282/35/10 641/36/10 642/37/10
f 333/38/11 334/39/11 693/40/11 694/41/11
f 385/42/12 386/43/12 745/44/12 746/45/12
f 30/17/5 45/18/5 42/19/5 24/20/5
f 26/21/6 43/22/6 37/46/6 19/47/6
f 280/48/13 281/49/13 642/37/13 640/50/13
f 20/28/8 38/29/8 44/30/8 28/31/8
f 913/32/9 75/18/9 46/17/9 884/33/9
f 33/1/1 31/2/1 47/3/1 51/4/1
f 32/5/2 34/6/2 53/7/2 48/8/2
f 332/51/13 333/52/13 694/41/13 692/53/13
f 593/54/10 594/55/10 833/56/10 834/57/10
f 384/58/13 385/59/13 746/45/13 743/60/13
f 45/17/5 46/18/5 61/19/5 42/20/5
f 43/21/6 71/22/6 59/46/6 37/47/6
f 38/28/8 60/29/8 73/30/8 44/31/8
f 928/32/9 90/18/9 75/17/9 913/33/9
f 51/1/1 47/2/1 49/3/1 52/4/1
f 48/5/2 53/6/2 54/7/2 50/8/2
f 282/61/3 279/62/3 639/63/3 641/36/3
f 334/64/3 331/65/3 691/66/3 693/40/3
f 592/67/13 593/68/13 834/57/13 832/69/13
f 46/17/5 75/18/5 70/19/5 61/20/5
f 71/21/6 72/22/6 65/23/6 59/24/6
f 386/70/3 383/71/3 744/72/3 745/44/3
f 60/28/8 66/29/8 74/30/8 73/31/8
f 52/1/1 49/2/1 76/3/1 78/4/1
f 50/5/2 54/6/2 79/7/2 77/8/2
f 279/73/14 280/74/14 640/50/14 639/63/14
f 331/75/7 332/76/7 692/53/7 691/66/7
f 75/17/5 90/18/5 87/19/5 70/20/5
f 72/21/6 88/22/6 82/77/6 65/78/6
f 594/79/3 591/80/3 831/81/3 833/56/3
f 383/82/15 384/83/15 743/60/15 744/72/15
f 66/28/8 83/29/8 89/30/8 74/31/8
f 78/1/1 76/2/1 91/3/1 93/4/1
f 77/5/2 79/6/2 94/7/2 92/8/2
f 591/84/14 592/85/14 832/69/14 831/81/14
f 90/17/5 105/18/5 102/19/5 87/20/5
f 88/21/6 103/22/6 97/46/6 82/47/6
f 277/86/16 278/87/16 637/88/16 638/89/16
f 329/90/10 330/91/10 689/92/10 690/93/10
f 83/28/8 98/29/8 104/30/8 89/31/8
f 970/94/13 961/95/13 960/96/13 969/97/13
f 93/1/1 91/2/1 106/98/1 108/4/1
f 92/5/17 94/6/17 109/7/17 107/8/17
f 381/99/11 382/100/11 741/101/11 742/102/11
f 276/103/13 277/104/13 638/89/13 636/105/13
f 105/17/5 120/18/5 117/19/5 102/20/5
f 103/21/6 118/22/6 112/106/6 97/47/6
f 328/58/13 329/107/13 690/93/13 688/108/13
f 98/28/18 113/29/18 119/30/18 104/31/18
f 883/32/9 45/18/9 30/17/9 868/33/9
f 107/109/19 109/110/19 123/111/19 121/112/19
f 589/113/16 590/87/16 829/114/16 830/115/16
f 380/116/13 381/117/13 742/102/13 740/118/13
f 120/119/5 133/120/5 130/121/5 117/122/5
f 278/64/3 275/123/3 635/124/3 637/88/3
f 113/125/20 126/126/20 132/127/20 119/128/20
f 6/4/1 8/7/1 7/6/1 5/1/1
f 121/5/21 123/6/21 137/7/21 135/8/21
f 330/129/3 327/130/3 687/131/3 689/92/3
f 588/132/13 589/133/13 830/115/13 828/134/13
f 382/135/3 379/136/3 739/137/3 741/101/3
f 133/17/5 148/18/5 145/19/5 130/20/5
f 275/138/22 276/139/22 636/105/22 635/124/22
f 126/28/23 141/29/23 147/30/23 132/31/23
f 1046/32/9 208/18/9 207/17/9 1045/33/9
f 136/1/1 134/140/1 149/3/1 151/4/1
f 135/5/2 137/6/2 152/7/2 150/8/2
f 327/141/14 328/142/14 688/108/14 687/131/14
f 590/143/3 587/144/3 827/145/3 829/114/3
f 379/146/7 380/147/7 740/118/7 739/137/7
f 148/17/5 163/18/5 160/19/5 145/20/5
f 146/21/6 161/22/6 155/46/6 140/148/6
f 141/28/8 156/29/8 162/30/8 147/31/8
f 119/30/6 118/22/6 103/21/6 104/31/6
f 151/1/1 149/2/1 164/3/1 166/4/1
f 150/5/2 152/6/2 167/7/2 165/8/2
f 587/149/22 588/150/22 828/134/22 827/145/22
f 273/151/24 274/152/24 633/153/24 634/154/24
f 325/155/16 326/156/16 685/157/16 686/158/16
f 163/17/5 178/18/5 175/19/5 160/20/5
f 161/21/6 176/22/6 170/46/6 155/47/6
f 377/159/10 378/139/10 737/160/10 738/161/10
f 429/162/11 430/163/11 789/164/11 790/165/11
f 156/28/8 171/29/8 177/30/8 162/31/8
f 104/30/6 103/22/6 88/21/6 89/31/6
f 166/1/1 164/2/1 179/3/1 180/4/1
f 165/5/2 167/6/2 190/7/2 186/8/2
f 272/166/13 273/167/13 634/154/13 631/168/13
f 324/169/13 325/170/13 686/158/13 684/92/13
f 178/17/5 207/18/5 185/19/5 175/20/5
f 176/21/6 203/22/6 182/46/6 170/47/6
f 585/171/24 586/172/24 825/173/24 826/174/24
f 376/175/13 377/176/13 738/161/13 736/114/13
f 171/28/8 183/29/8 205/30/8 177/31/8
f 89/30/6 88/22/6 72/21/6 74/31/6
f 180/1/1 179/2/1 187/3/1 189/4/1
f 186/5/2 190/6/2 191/7/2 188/8/2
f 428/177/13 429/178/13 790/165/13 788/179/13
f 274/180/3 271/181/3 632/182/3 633/153/3
f 207/17/5 208/18/5 202/19/5 185/20/5
f 203/21/6 204/22/6 197/46/6 182/47/6
f 326/183/3 323/184/3 683/185/3 685/157/3
f 584/186/13 585/187/13 826/174/13 823/188/13
f 183/28/8 198/29/8 206/30/8 205/31/8
f 71/21/6 73/31/6 74/30/6 72/22/6
f 1045/32/9 207/18/9 178/17/9 1016/33/9
f 189/1/1 187/2/1 209/3/1 210/4/1
f 188/5/2 191/6/2 211/7/2 220/8/2
f 378/189/3 375/190/3 735/89/3 737/160/3
f 430/191/3 427/104/3 787/192/3 789/164/3
f 271/193/25 272/194/25 631/168/25 632/182/25
f 208/17/5 237/18/5 218/19/5 202/20/5
f 204/21/6 219/22/6 213/23/6 197/24/6
f 323/195/22 324/196/22 684/92/22 683/185/22
f 198/28/8 214/29/8 235/30/8 206/31/8
f 73/30/6 71/22/6 43/21/6 44/31/6
f 1001/32/9 163/18/9 148/17/9 986/33/9
f 210/1/1 209/2/1 221/3/1 223/4/1
f 220/5/2 211/6/2 224/7/2 222/8/2
f 586/197/3 583/198/3 824/199/3 825/173/3
f 375/200/14 376/201/14 736/114/14 735/89/14
f 427/202/7 428/203/7 788/179/7 787/192/7
f 237/17/5 238/18/5 233/19/5 218/20/5
f 219/21/6 234/22/6 228/23/6 213/47/6
f 583/204/25 584/205/25 823/188/25 824/199/25
f 214/28/8 229/29/8 236/30/8 235/31/8
f 44/30/6 43/22/6 26/21/6 28/31/6
f 943/32/9 105/18/9 90/17/9 928/33/9
f 3/206/26 1/207/26 13/208/26 19/209/26
f 31/210/26 3/211/26 19/212/26 37/209/26
f 47/213/26 31/214/26 37/215/26 59/216/26
f 49/210/26 47/207/26 59/217/26 65/218/26
f 76/219/26 49/220/26 65/217/26 82/218/26
f 91/219/26 76/220/26 82/221/26 97/222/26
f 106/223/27 91/224/27 97/225/27 112/226/27
f 149/227/28 134/228/28 140/229/28 155/230/28
f 164/219/26 149/207/26 155/231/26 170/232/26
f 179/233/26 164/220/26 170/234/26 182/235/26
f 187/210/26 179/236/26 182/237/26 197/238/26
f 209/219/26 187/220/26 197/239/26 213/240/26
f 221/241/26 209/242/26 213/243/26 228/244/26
f 109/245/9 119/246/9 132/247/9 123/248/9
f 8/6/1 6/1/1 33/4/1 34/7/1
f 132/31/6 147/30/6 146/22/6 131/249/6
f 146/21/6 147/31/6 162/30/6 161/22/6
f 161/21/6 162/31/6 177/30/6 176/22/6
f 176/21/6 177/31/6 205/30/6 203/22/6
f 203/21/6 205/31/6 206/30/6 204/22/6
f 204/21/6 206/31/6 235/30/6 219/22/6
f 235/31/6 236/30/6 234/22/6 219/21/6
f 210/1/1 223/4/1 224/7/1 211/6/1
f 189/1/1 210/4/1 211/7/1 191/6/1
f 190/6/1 180/1/1 189/4/1 191/7/1
f 166/1/1 180/4/1 190/7/1 167/6/1
f 151/1/1 166/4/1 167/7/1 152/6/1
f 136/1/1 151/4/1 152/7/1 137/6/1
f 25/21/6 27/31/6 28/30/6 26/22/6
f 119/250/3 109/251/3 108/245/3 118/252/3
f 93/1/1 108/4/1 109/7/1 94/6/1
f 78/1/1 93/4/1 94/7/1 79/6/1
f 52/1/1 78/4/1 79/7/1 54/6/1
f 51/1/1 52/4/1 54/7/1 53/6/1
f 33/1/1 51/4/1 53/7/1 34/6/1
f 1016/32/9 178/18/9 163/17/9 1001/33/9
f 1075/32/9 237/18/9 208/17/9 1046/33/9
f 1076/32/9 238/18/9 237/17/9 1075/33/9
f 884/32/9 46/18/9 45/17/9 883/33/9
f 122/253/1 136/4/1 137/7/1 123/6/1
f 134/228/29 136/1/29 146/21/29 140/229/29
f 12/254/30 23/255/30 240/256/30 239/257/30
f 23/255/30 17/258/30 241/259/30 240/256/30
f 17/258/30 9/260/30 242/261/30 241/259/30
f 9/260/30 12/254/30 239/257/30 242/261/30
f 10/262/31 22/263/31 244/264/31 243/265/31
f 22/263/31 20/29/31 245/266/31 244/264/31
f 20/29/31 14/28/31 246/267/31 245/266/31
f 14/28/31 10/262/31 243/265/31 246/267/31
f 15/20/32 24/19/32 248/268/32 247/269/32
f 24/19/32 21/270/32 249/271/32 248/268/32
f 21/270/32 16/272/32 250/273/32 249/271/32
f 16/272/32 15/20/32 247/269/32 250/273/32
f 16/272/33 21/270/33 252/274/33 251/275/33
f 21/270/33 18/276/33 253/277/33 252/274/33
f 18/276/33 11/278/33 254/279/33 253/277/33
f 11/278/33 16/272/33 251/275/33 254/279/33
f 11/278/34 18/276/34 256/280/34 255/281/34
f 18/276/34 23/255/34 257/282/34 256/280/34
f 23/255/34 12/254/34 258/283/34 257/282/34
f 12/254/34 11/278/34 255/281/34 258/283/34
f 9/260/35 17/258/35 260/284/35 259/285/35
f 17/258/35 22/263/35 261/286/35 260/284/35
f 22/263/35 10/262/35 262/287/35 261/286/35
f 10/262/35 9/260/35 259/285/35 262/287/35
f 23/254/30 41/255/30 264/288/30 263/289/30
f 41/255/30 35/258/30 265/290/30 264/288/30
f 35/258/30 17/260/30 266/291/30 265/290/30
f 17/260/30 23/254/30 263/289/30 266/291/30
f 22/262/31 40/263/31 268/264/31 267/265/31
f 40/263/31 38/29/31 269/266/31 268/264/31
f 38/29/31 20/28/31 270/267/31 269/266/31
f 20/28/31 22/262/31 267/265/31 270/267/31
f 24/20/32 42/19/32 272/268/32 271/269/32
f 42/19/32 39/270/32 273/271/32 272/268/32
f 39/270/32 21/272/32 274/273/32 273/271/32
f 21/272/32 24/20/32 271/269/32 274/273/32
f 21/272/33 39/270/33 276/274/33 275/275/33
f 39/270/33 36/276/33 277/292/33 276/274/33
f 36/276/33 18/278/33 278/293/33 277/292/33
f 18/278/33 21/272/33 275/275/33 278/293/33
f 18/278/34 36/276/34 280/294/34 279/295/34
f 36/276/34 41/255/34 281/296/34 280/294/34
f 41/255/34 23/254/34 282/297/34 281/296/34
f 23/254/34 18/278/34 279/295/34 282/297/34
f 17/260/35 35/258/35 284/298/35 283/299/35
f 35/258/35 40/263/35 285/286/35 284/298/35
f 40/263/35 22/262/35 286/287/35 285/286/35
f 22/262/35 17/260/35 283/299/35 286/287/35
f 41/254/30 58/255/30 288/300/30 287/301/30
f 58/255/30 55/258/30 289/290/30 288/300/30
f 55/258/30 35/260/30 290/291/30 289/290/30
f 35/260/30 41/254/30 287/301/30 290/291/30
f 40/262/31 56/263/31 292/264/31 291/265/31
f 56/263/31 60/29/31 293/266/31 292/264/31
f 60/29/31 38/28/31 294/267/31 293/266/31
f 38/28/31 40/262/31 291/265/31 294/267/31
f 42/20/32 61/19/32 296/268/32 295/269/32
f 61/19/32 62/270/32 297/271/32 296/268/32
f 62/270/32 39/272/32 298/273/32 297/271/32
f 39/272/32 42/20/32 295/269/32 298/273/32
f 39/272/33 62/270/33 300/274/33 299/275/33
f 62/270/33 57/276/33 301/292/33 300/274/33
f 57/276/33 36/278/33 302/293/33 301/292/33
f 36/278/33 39/272/33 299/275/33 302/293/33
f 36/278/34 57/276/34 304/302/34 303/303/34
f 57/276/34 58/255/34 305/304/34 304/302/34
f 58/255/34 41/254/34 306/305/34 305/304/34
f 41/254/34 36/278/34 303/303/34 306/305/34
f 35/260/35 55/258/35 308/298/35 307/299/35
f 55/258/35 56/263/35 309/286/35 308/298/35
f 56/263/35 40/262/35 310/287/35 309/286/35
f 40/262/35 35/260/35 307/299/35 310/287/35
f 58/254/30 69/255/30 312/306/30 311/307/30
f 69/255/30 63/258/30 313/308/30 312/306/30
f 63/258/30 55/260/30 314/309/30 313/308/30
f 55/260/30 58/254/30 311/307/30 314/309/30
f 56/262/31 68/263/31 316/264/31 315/265/31
f 68/263/31 66/29/31 317/266/31 316/264/31
f 66/29/31 60/28/31 318/267/31 317/266/31
f 60/28/31 56/262/31 315/265/31 318/267/31
f 61/20/32 70/19/32 320/268/32 319/269/32
f 70/19/32 67/270/32 321/271/32 320/268/32
f 67/270/32 62/272/32 322/273/32 321/271/32
f 62/272/32 61/20/32 319/269/32 322/273/32
f 62/272/33 67/270/33 324/274/33 323/275/33
f 67/270/33 64/276/33 325/310/33 324/274/33
f 64/276/33 57/278/33 326/311/33 325/310/33
f 57/278/33 62/272/33 323/275/33 326/311/33
f 57/278/34 64/276/34 328/312/34 327/313/34
f 64/276/34 69/255/34 329/314/34 328/312/34
f 69/255/34 58/254/34 330/315/34 329/314/34
f 58/254/34 57/278/34 327/313/34 330/315/34
f 55/260/35 63/258/35 332/316/35 331/317/35
f 63/258/35 68/263/35 333/286/35 332/316/35
f 68/263/35 56/262/35 334/287/35 333/286/35
f 56/262/35 55/260/35 331/317/35 334/287/35
f 69/254/30 86/255/30 336/318/30 335/319/30
f 86/255/30 80/258/30 337/259/30 336/318/30
f 80/258/30 63/260/30 338/261/30 337/259/30
f 63/260/30 69/254/30 335/319/30 338/261/30
f 68/262/31 85/263/31 340/264/31 339/265/31
f 85/263/31 83/29/31 341/266/31 340/264/31
f 83/29/31 66/28/31 342/267/31 341/266/31
f 66/28/31 68/262/31 339/265/31 342/267/31
f 70/20/32 87/19/32 344/268/32 343/269/32
f 87/19/32 84/270/32 345/271/32 344/268/32
f 84/270/32 67/272/32 346/273/32 345/271/32
f 67/272/32 70/20/32 343/269/32 346/273/32
f 67/272/33 84/270/33 348/274/33 347/275/33
f 84/270/33 81/276/33 349/320/33 348/274/33
f 81/276/33 64/278/33 350/321/33 349/320/33
f 64/278/33 67/272/33 347/275/33 350/321/33
f 64/278/34 81/276/34 352/322/34 351/281/34
f 81/276/34 86/255/34 353/282/34 352/322/34
f 86/255/34 69/254/34 354/283/34 353/282/34
f 69/254/34 64/278/34 351/281/34 354/283/34
f 63/260/35 80/258/35 356/284/35 355/285/35
f 80/258/35 85/263/35 357/286/35 356/284/35
f 85/263/35 68/262/35 358/287/35 357/286/35
f 68/262/35 63/260/35 355/285/35 358/287/35
f 86/254/30 101/255/30 360/323/30 359/324/30
f 101/255/30 95/258/30 361/325/30 360/323/30
f 95/258/30 80/260/30 362/326/30 361/325/30
f 80/260/30 86/254/30 359/324/30 362/326/30
f 85/262/31 100/263/31 364/264/31 363/265/31
f 100/263/31 98/29/31 365/266/31 364/264/31
f 98/29/31 83/28/31 366/267/31 365/266/31
f 83/28/31 85/262/31 363/265/31 366/267/31
f 87/20/32 102/19/32 368/268/32 367/269/32
f 102/19/32 99/270/32 369/271/32 368/268/32
f 99/270/32 84/272/32 370/273/32 369/271/32
f 84/272/32 87/20/32 367/269/32 370/273/32
f 84/272/33 99/270/33 372/274/33 371/275/33
f 99/270/33 96/276/33 373/327/33 372/274/33
f 96/276/33 81/278/33 374/328/33 373/327/33
f 81/278/33 84/272/33 371/275/33 374/328/33
f 81/278/34 96/276/34 376/329/34 375/330/34
f 96/276/34 101/255/34 377/331/34 376/329/34
f 101/255/34 86/254/34 378/332/34 377/331/34
f 86/254/34 81/278/34 375/330/34 378/332/34
f 80/260/35 95/258/35 380/333/35 379/334/35
f 95/258/35 100/263/35 381/286/35 380/333/35
f 100/263/35 85/262/35 382/287/35 381/286/35
f 85/262/35 80/260/35 379/334/35 382/287/35
f 101/254/30 116/255/30 384/335/30 383/336/30
f 116/255/30 110/258/30 385/259/30 384/335/30
f 110/258/30 95/260/30 386/261/30 385/259/30
f 95/260/30 101/254/30 383/336/30 386/261/30
f 100/262/31 115/263/31 388/264/31 387/265/31
f 115/263/31 113/29/31 389/266/31 388/264/31
f 113/29/31 98/28/31 390/267/31 389/266/31
f 98/28/31 100/262/31 387/265/31 390/267/31
f 102/20/32 117/19/32 392/268/32 391/269/32
f 117/19/32 114/270/32 393/271/32 392/268/32
f 114/270/32 99/272/32 394/273/32 393/271/32
f 99/272/32 102/20/32 391/269/32 394/273/32
f 99/272/33 114/270/33 396/274/33 395/275/33
f 114/270/33 111/276/33 397/277/33 396/274/33
f 111/276/33 96/278/33 398/279/33 397/277/33
f 96/278/33 99/272/33 395/275/33 398/279/33
f 96/278/34 111/276/34 400/280/34 399/281/34
f 111/276/34 116/255/34 401/282/34 400/280/34
f 116/255/34 101/254/34 402/283/34 401/282/34
f 101/254/34 96/278/34 399/281/34 402/283/34
f 95/260/35 110/258/35 404/284/35 403/285/35
f 110/258/35 115/263/35 405/286/35 404/284/35
f 115/263/35 100/262/35 406/287/35 405/286/35
f 100/262/35 95/260/35 403/285/35 406/287/35
f 116/337/30 129/338/30 408/339/30 407/340/30
f 129/338/30 124/341/30 409/342/30 408/339/30
f 124/341/30 110/343/30 410/344/30 409/342/30
f 110/343/30 116/337/30 407/340/30 410/344/30
f 115/345/31 128/346/31 412/347/31 411/348/31
f 128/346/31 126/126/31 413/349/31 412/347/31
f 126/126/31 113/125/31 414/350/31 413/349/31
f 113/125/31 115/345/31 411/348/31 414/350/31
f 117/122/32 130/121/32 416/351/32 415/352/32
f 130/121/32 127/353/32 417/354/32 416/351/32
f 127/353/32 114/355/32 418/356/32 417/354/32
f 114/355/32 117/122/32 415/352/32 418/356/32
f 114/355/33 127/353/33 420/357/33 419/358/33
f 127/353/33 125/359/33 421/360/33 420/357/33
f 125/359/33 111/361/33 422/362/33 421/360/33
f 111/361/33 114/355/33 419/358/33 422/362/33
f 111/361/34 125/359/34 424/363/34 423/364/34
f 125/359/34 129/338/34 425/365/34 424/363/34
f 129/338/34 116/337/34 426/366/34 425/365/34
f 116/337/34 111/361/34 423/364/34 426/366/34
f 110/343/35 124/341/35 428/367/35 427/368/35
f 124/341/35 128/346/35 429/369/35 428/367/35
f 128/346/35 115/345/35 430/370/35 429/369/35
f 115/345/35 110/343/35 427/368/35 430/370/35
f 129/254/30 144/255/30 432/288/30 431/289/30
f 144/255/30 138/258/30 433/290/30 432/288/30
f 138/258/30 124/260/30 434/291/30 433/290/30
f 124/260/30 129/254/30 431/289/30 434/291/30
f 128/262/31 143/263/31 436/264/31 435/265/31
f 143/263/31 141/29/31 437/266/31 436/264/31
f 141/29/31 126/28/31 438/267/31 437/266/31
f 126/28/31 128/262/31 435/265/31 438/267/31
f 130/20/32 145/19/32 440/268/32 439/269/32
f 145/19/32 142/270/32 441/271/32 440/268/32
f 142/270/32 127/272/32 442/273/32 441/271/32
f 127/272/32 130/20/32 439/269/32 442/273/32
f 127/272/33 142/270/33 444/274/33 443/275/33
f 142/270/33 139/276/33 445/292/33 444/274/33
f 139/276/33 125/278/33 446/293/33 445/292/33
f 125/278/33 127/272/33 443/275/33 446/293/33
f 125/278/34 139/276/34 448/302/34 447/303/34
f 139/276/34 144/255/34 449/304/34 448/302/34
f 144/255/34 129/254/34 450/305/34 449/304/34
f 129/254/34 125/278/34 447/303/34 450/305/34
f 124/260/35 138/258/35 452/298/35 451/299/35
f 138/258/35 143/263/35 453/286/35 452/298/35
f 143/263/35 128/262/35 454/287/35 453/286/35
f 128/262/35 124/260/35 451/299/35 454/287/35
f 144/254/30 159/255/30 456/300/30 455/301/30
f 159/255/30 153/258/30 457/290/30 456/300/30
f 153/258/30 138/260/30 458/291/30 457/290/30
f 138/260/30 144/254/30 455/301/30 458/291/30
f 143/262/31 158/263/31 460/264/31 459/265/31
f 158/263/31 156/29/31 461/266/31 460/264/31
f 156/29/31 141/28/31 462/267/31 461/266/31
f 141/28/31 143/262/31 459/265/31 462/267/31
f 145/20/32 160/19/32 464/268/32 463/269/32
f 160/19/32 157/270/32 465/271/32 464/268/32
f 157/270/32 142/272/32 466/273/32 465/271/32
f 142/272/32 145/20/32 463/269/32 466/273/32
f 142/272/33 157/270/33 468/274/33 467/275/33
f 157/270/33 154/276/33 469/292/33 468/274/33
f 154/276/33 139/278/33 470/293/33 469/292/33
f 139/278/33 142/272/33 467/275/33 470/293/33
f 139/278/34 154/276/34 472/302/34 471/303/34
f 154/276/34 159/255/34 473/304/34 472/302/34
f 159/255/34 144/254/34 474/305/34 473/304/34
f 144/254/34 139/278/34 471/303/34 474/305/34
f 138/260/35 153/258/35 476/298/35 475/299/35
f 153/258/35 158/263/35 477/286/35 476/298/35
f 158/263/35 143/262/35 478/287/35 477/286/35
f 143/262/35 138/260/35 475/299/35 478/287/35
f 159/254/30 174/255/30 480/371/30 479/372/30
f 174/255/30 168/258/30 481/373/30 480/371/30
f 168/258/30 153/260/30 482/374/30 481/373/30
f 153/260/30 159/254/30 479/372/30 482/374/30
f 158/262/31 173/263/31 484/264/31 483/265/31
f 173/263/31 171/29/31 485/266/31 484/264/31
f 171/29/31 156/28/31 486/267/31 485/266/31
f 156/28/31 158/262/31 483/265/31 486/267/31
f 160/20/32 175/19/32 488/268/32 487/269/32
f 175/19/32 172/270/32 489/271/32 488/268/32
f 172/270/32 157/272/32 490/273/32 489/271/32
f 157/272/32 160/20/32 487/269/32 490/273/32
f 157/272/33 172/270/33 492/274/33 491/275/33
f 172/270/33 169/276/33 493/375/33 492/274/33
f 169/276/33 154/278/33 494/376/33 493/375/33
f 154/278/33 157/272/33 491/275/33 494/376/33
f 154/278/34 169/276/34 496/377/34 495/378/34
f 169/276/34 174/255/34 497/296/34 496/377/34
f 174/255/34 159/254/34 498/297/34 497/296/34
f 159/254/34 154/278/34 495/378/34 498/297/34
f 153/260/35 168/258/35 500/379/35 499/380/35
f 168/258/35 173/263/35 501/286/35 500/379/35
f 173/263/35 158/262/35 502/287/35 501/286/35
f 158/262/35 153/260/35 499/380/35 502/287/35
f 174/254/30 194/255/30 504/300/30 503/301/30
f 194/255/30 192/258/30 505/381/30 504/300/30
f 192/258/30 168/260/30 506/291/30 505/381/30
f 168/260/30 174/254/30 503/301/30 506/291/30
f 173/262/31 193/263/31 508/264/31 507/265/31
f 193/263/31 183/29/31 509/266/31 508/264/31
f 183/29/31 171/28/31 510/267/31 509/266/31
f 171/28/31 173/262/31 507/265/31 510/267/31
f 175/20/32 185/19/32 512/268/32 511/269/32
f 185/19/32 184/270/32 513/271/32 512/268/32
f 184/270/32 172/272/32 514/273/32 513/271/32
f 172/272/32 175/20/32 511/269/32 514/273/32
f 172/272/33 184/270/33 516/274/33 515/275/33
f 184/270/33 181/276/33 517/382/33 516/274/33
f 181/276/33 169/278/33 518/293/33 517/382/33
f 169/278/33 172/272/33 515/275/33 518/293/33
f 169/278/34 181/276/34 520/302/34 519/303/34
f 181/276/34 194/255/34 521/304/34 520/302/34
f 194/255/34 174/254/34 522/305/34 521/304/34
f 174/254/34 169/278/34 519/303/34 522/305/34
f 168/260/35 192/258/35 524/298/35 523/299/35
f 192/258/35 193/263/35 525/286/35 524/298/35
f 193/263/35 173/262/35 526/287/35 525/286/35
f 173/262/35 168/260/35 523/299/35 526/287/35
f 194/254/30 201/255/30 528/371/30 527/372/30
f 201/255/30 195/258/30 529/383/30 528/371/30
f 195/258/30 192/260/30 530/384/30 529/383/30
f 192/260/30 194/254/30 527/372/30 530/384/30
f 193/262/31 200/263/31 532/264/31 531/265/31
f 200/263/31 198/29/31 533/266/31 532/264/31
f 198/29/31 183/28/31 534/267/31 533/266/31
f 183/28/31 193/262/31 531/265/31 534/267/31
f 185/20/32 202/19/32 536/268/32 535/269/32
f 202/19/32 199/270/32 537/271/32 536/268/32
f 199/270/32 184/272/32 538/273/32 537/271/32
f 184/272/32 185/20/32 535/269/32 538/273/32
f 184/272/33 199/270/33 540/274/33 539/275/33
f 199/270/33 196/276/33 541/385/33 540/274/33
f 196/276/33 181/278/33 542/386/33 541/385/33
f 181/278/33 184/272/33 539/275/33 542/386/33
f 181/278/34 196/276/34 544/377/34 543/378/34
f 196/276/34 201/255/34 545/387/34 544/377/34
f 201/255/34 194/254/34 546/388/34 545/387/34
f 194/254/34 181/278/34 543/378/34 546/388/34
f 192/260/35 195/258/35 548/379/35 547/389/35
f 195/258/35 200/263/35 549/286/35 548/379/35
f 200/263/35 193/262/35 550/287/35 549/286/35
f 193/262/35 192/260/35 547/389/35 550/287/35
f 201/254/30 217/255/30 552/390/30 551/391/30
f 217/255/30 225/258/30 553/308/30 552/390/30
f 225/258/30 195/260/30 554/392/30 553/308/30
f 195/260/30 201/254/30 551/391/30 554/392/30
f 200/262/31 216/263/31 556/264/31 555/265/31
f 216/263/31 214/29/31 557/266/31 556/264/31
f 214/29/31 198/28/31 558/267/31 557/266/31
f 198/28/31 200/262/31 555/265/31 558/267/31
f 202/20/32 218/19/32 560/268/32 559/269/32
f 218/19/32 215/270/32 561/271/32 560/268/32
f 215/270/32 199/272/32 562/273/32 561/271/32
f 199/272/32 202/20/32 559/269/32 562/273/32
f 199/272/33 215/270/33 564/274/33 563/275/33
f 215/270/33 212/276/33 565/393/33 564/274/33
f 212/276/33 196/278/33 566/394/33 565/393/33
f 196/278/33 199/272/33 563/275/33 566/394/33
f 196/278/34 212/276/34 568/395/34 567/396/34
f 212/276/34 217/255/34 569/397/34 568/395/34
f 217/255/34 201/254/34 570/398/34 569/397/34
f 201/254/34 196/278/34 567/396/34 570/398/34
f 195/260/35 225/258/35 572/316/35 571/317/35
f 225/258/35 216/263/35 573/286/35 572/316/35
f 216/263/35 200/262/35 574/287/35 573/286/35
f 200/262/35 195/260/35 571/317/35 574/287/35
f 217/254/30 232/255/30 576/335/30 575/257/30
f 232/255/30 226/258/30 577/259/30 576/335/30
f 226/258/30 225/260/30 578/399/30 577/259/30
f 225/260/30 217/254/30 575/257/30 578/399/30
f 216/262/31 231/263/31 580/264/31 579/265/31
f 231/263/31 229/29/31 581/266/31 580/264/31
f 229/29/31 214/28/31 582/267/31 581/266/31
f 214/28/31 216/262/31 579/265/31 582/267/31
f 218/20/32 233/19/32 584/268/32 583/269/32
f 233/19/32 230/270/32 585/271/32 584/268/32
f 230/270/32 215/272/32 586/273/32 585/271/32
f 215/272/32 218/20/32 583/269/32 586/273/32
f 215/272/33 230/270/33 588/274/33 587/275/33
f 230/270/33 227/276/33 589/277/33 588/274/33
f 227/276/33 212/278/33 590/279/33 589/277/33
f 212/278/33 215/272/33 587/275/33 590/279/33
f 212/278/34 227/276/34 592/312/34 591/400/34
f 227/276/34 232/255/34 593/314/34 592/312/34
f 232/255/34 217/254/34 594/315/34 593/314/34
f 217/254/34 212/278/34 591/400/34 594/315/34
f 225/260/35 226/258/35 596/284/35 595/401/35
f 226/258/35 231/263/35 597/286/35 596/284/35
f 231/263/35 216/262/35 598/287/35 597/286/35
f 216/262/35 225/260/35 595/401/35 598/287/35
f 600/402/30 599/403/30 602/404/30 601/405/30
f 604/406/31 603/407/31 606/408/31 605/409/31
f 608/410/32 607/411/32 610/412/32 609/413/32
f 611/414/33 612/415/33 614/416/33 613/160/33
f 615/89/34 616/417/34 618/418/34 617/36/34
f 619/419/35 620/420/35 622/421/35 621/422/35
f 624/423/30 623/424/30 626/425/30 625/426/30
f 628/427/31 627/428/31 630/429/31 629/430/31
f 632/182/32 631/168/32 634/154/32 633/153/32
f 635/124/33 636/105/33 638/89/33 637/88/33
f 639/63/34 640/50/34 642/37/34 641/36/34
f 643/431/35 644/432/35 646/433/35 645/434/35
f 648/435/30 647/436/30 650/437/30 649/438/30
f 652/429/31 651/439/31 654/440/31 653/441/31
f 656/442/32 655/443/32 658/444/32 657/445/32
f 659/192/33 660/446/33 662/447/33 661/448/33
f 663/449/34 664/450/34 666/451/34 665/36/34
f 667/419/35 668/420/35 670/421/35 669/422/35
f 672/452/30 671/179/30 674/453/30 673/454/30
f 676/455/31 675/456/31 678/457/31 677/458/31
f 680/459/32 679/460/32 682/461/32 681/462/32
f 683/185/33 684/92/33 686/158/33 685/157/33
f 687/131/34 688/108/34 690/93/34 689/92/34
f 691/66/35 692/53/35 694/41/35 693/40/35
f 696/463/30 695/464/30 698/465/30 697/36/30
f 700/466/31 699/467/31 702/468/31 701/469/31
f 704/470/32 703/471/32 706/472/32 705/473/32
f 707/474/33 708/475/33 710/476/33 709/477/33
f 711/449/34 712/450/34 714/451/34 713/36/34
f 715/478/35 716/479/35 718/476/35 717/480/35
f 720/463/30 719/464/30 722/465/30 721/36/30
f 724/429/31 723/439/31 726/440/31 725/441/31
f 728/470/32 727/471/32 730/472/32 729/473/32
f 731/474/33 732/475/33 734/476/33 733/477/33
f 735/89/34 736/114/34 738/161/34 737/160/34
f 739/137/35 740/118/35 742/102/35 741/101/35
f 744/72/30 743/60/30 746/45/30 745/44/30
f 748/16/31 747/15/31 750/481/31 749/482/31
f 752/483/32 751/484/32 754/485/32 753/486/32
f 755/476/33 756/160/33 758/449/33 757/450/33
f 759/487/34 760/488/34 762/489/34 761/490/34
f 763/491/35 764/492/35 766/493/35 765/494/35
f 768/495/30 767/496/30 770/497/30 769/498/30
f 772/499/31 771/500/31 774/501/31 773/502/31
f 776/503/32 775/504/32 778/505/32 777/506/32
f 779/507/33 780/508/33 782/509/33 781/510/33
f 783/511/34 784/512/34 786/513/34 785/514/34
f 787/192/35 788/179/35 790/165/35 789/164/35
f 792/515/30 791/516/30 794/517/30 793/518/30
f 796/519/31 795/520/31 798/521/31 797/522/31
f 800/523/32 799/524/32 802/525/32 801/526/32
f 803/527/33 804/528/33 806/529/33 805/530/33
f 807/531/34 808/532/34 810/533/34 809/534/34
f 811/535/35 812/536/35 814/537/35 813/538/35
f 816/539/30 815/540/30 818/541/30 817/542/30
f 820/543/31 819/544/31 822/545/31 821/546/31
f 824/199/32 823/188/32 826/174/32 825/173/32
f 827/145/33 828/134/33 830/115/33 829/114/33
f 831/81/34 832/69/34 834/57/34 833/56/34
f 835/11/35 836/27/35 838/547/35 837/12/35
f 335/548/15 336/549/15 695/464/15 696/463/15
f 283/550/7 284/551/7 644/432/7 643/431/7
f 390/552/3 387/553/3 748/16/3 749/482/3
f 596/554/13 597/555/13 838/547/13 836/27/13
f 338/556/3 335/557/3 696/463/3 697/36/3
f 286/558/3 283/559/3 643/431/3 645/434/3
f 388/560/13 389/561/13 750/481/13 747/15/13
f 597/562/11 598/563/11 837/12/11 838/547/11
f 336/564/13 337/565/13 698/465/13 695/464/13
f 284/566/13 285/567/13 646/433/13 644/432/13
f 389/568/36 390/569/36 749/482/36 750/481/36
f 337/570/12 338/571/12 697/36/12 698/465/12
f 285/572/11 286/573/11 645/434/11 646/433/11
f 391/574/25 392/575/25 751/484/25 752/483/25
f 339/576/4 340/577/4 699/467/4 700/466/4
f 287/578/15 288/579/15 647/436/15 648/435/15
f 394/580/3 391/581/3 752/483/3 753/486/3
f 342/582/3 339/583/3 700/466/3 701/469/3
f 290/58/3 287/584/3 648/435/3 649/438/3
f 392/186/13 393/585/13 754/485/13 751/484/13
f 340/586/13 341/587/13 702/468/13 699/467/13
f 288/79/13 289/588/13 650/437/13 647/436/13
f 393/589/24 394/590/24 753/486/24 754/485/24
f 341/591/36 342/592/36 701/469/36 702/468/36
f 289/593/12 290/594/12 649/438/12 650/437/12
f 551/595/15 552/596/15 791/516/15 792/515/15
f 395/597/22 396/598/22 756/160/22 755/476/22
f 343/599/25 344/600/25 703/471/25 704/470/25
f 554/601/3 551/602/3 792/515/3 793/518/3
f 291/603/4 292/604/4 651/439/4 652/429/4
f 239/605/15 240/606/15 599/403/15 600/402/15
f 398/143/3 395/607/3 755/476/3 757/450/3
f 346/608/3 343/609/3 704/470/3 705/473/3
f 552/610/13 553/611/13 794/517/13 791/516/13
f 294/612/3 291/613/3 652/429/3 653/441/3
f 242/191/3 239/614/3 600/402/3 601/405/3
f 396/615/13 397/190/13 758/449/13 756/160/13
f 344/616/13 345/167/13 706/472/13 703/471/13
f 553/617/12 554/618/12 793/518/12 794/517/12
f 292/619/13 293/620/13 654/440/13 651/439/13
f 240/621/13 241/622/13 602/404/13 599/403/13
f 397/623/16 398/624/16 757/450/16 758/449/16
f 345/625/24 346/626/24 705/473/24 706/472/24
f 293/568/36 294/627/36 653/441/36 654/440/36
f 241/628/12 242/35/12 601/405/12 602/404/12
f 555/629/4 556/630/4 795/520/4 796/519/4
f 399/631/14 400/43/14 760/488/14 759/487/14
f 347/632/22 348/633/22 708/475/22 707/474/22
f 558/634/3 555/635/3 796/519/3 797/522/3
f 295/636/25 296/637/25 655/443/25 656/442/25
f 243/638/4 244/639/4 603/407/4 604/406/4
f 402/640/3 399/59/3 759/487/3 761/490/3
f 350/641/3 347/642/3 707/474/3 709/477/3
f 556/643/13 557/644/13 798/521/13 795/520/13
f 298/645/3 295/646/3 656/442/3 657/445/3
f 246/647/3 243/648/3 604/406/3 605/409/3
f 400/70/13 401/649/13 762/489/13 760/488/13
f 348/650/13 349/123/13 710/476/13 708/475/13
f 557/651/36 558/652/36 797/522/36 798/521/36
f 296/580/13 297/653/13 658/444/13 655/443/13
f 244/654/13 245/655/13 606/408/13 603/407/13
f 401/656/10 402/594/10 761/490/10 762/489/10
f 349/657/16 350/139/16 709/477/16 710/476/16
f 297/658/24 298/659/24 657/445/24 658/444/24
f 245/576/36 246/660/36 605/409/36 606/408/36
f 559/661/25 560/662/25 799/524/25 800/523/25
f 403/663/7 404/201/7 764/492/7 763/491/7
f 351/623/14 352/664/14 712/450/14 711/449/14
f 562/665/3 559/666/3 800/523/3 801/526/3
f 299/667/22 300/668/22 660/446/22 659/192/22
f 247/669/25 248/670/25 607/411/25 608/410/25
f 406/671/3 403/672/3 763/491/3 765/494/3
f 354/615/3 351/673/3 711/449/3 713/36/3
f 560/674/13 561/675/13 802/525/13 799/524/13
f 302/676/3 299/677/3 659/192/3 661/448/3
f 250/678/3 247/679/3 608/410/3 609/413/3
f 404/680/13 405/681/13 766/493/13 764/492/13
f 352/175/13 353/682/13 714/451/13 712/450/13
f 561/683/24 562/684/24 801/526/24 802/525/24
f 300/685/13 301/686/13 662/447/13 660/446/13
f 248/687/13 249/688/13 610/412/13 607/411/13
f 405/689/11 406/690/11 765/494/11 766/493/11
f 353/691/10 354/598/10 713/36/10 714/451/10
f 301/692/16 302/693/16 661/448/16 662/447/16
f 249/694/24 250/695/24 609/413/24 610/412/24
f 563/696/22 564/697/22 804/528/22 803/527/22
f 407/698/15 408/699/15 767/496/15 768/495/15
f 355/700/7 356/701/7 716/479/7 715/478/7
f 566/702/3 563/703/3 803/527/3 805/530/3
f 303/623/14 304/664/14 664/450/14 663/449/14
f 251/605/22 252/606/22 612/415/22 611/414/22
f 410/704/3 407/705/3 768/495/3 769/498/3
f 358/706/3 355/707/3 715/478/3 717/480/3
f 564/708/13 565/709/13 806/529/13 804/528/13
f 306/615/3 303/673/3 663/449/3 665/36/3
f 254/615/3 251/710/3 611/414/3 613/160/3
f 408/711/13 409/712/13 770/497/13 767/496/13
f 356/713/13 357/714/13 718/476/13 716/479/13
f 565/715/16 566/716/16 805/530/16 806/529/16
f 304/175/13 305/682/13 666/451/13 664/450/13
f 252/685/13 253/717/13 614/416/13 612/415/13
f 409/718/12 410/719/12 769/498/12 770/497/12
f 357/138/11 358/720/11 717/480/11 718/476/11
f 305/691/10 306/598/10 665/36/10 666/451/10
f 253/721/16 254/598/16 613/160/16 614/416/16
f 567/722/14 568/723/14 808/532/14 807/531/14
f 411/724/4 412/725/4 771/500/4 772/499/4
f 359/548/15 360/549/15 719/464/15 720/463/15
f 570/726/3 567/727/3 807/531/3 809/534/3
f 307/84/7 308/728/7 668/420/7 667/419/7
f 536/268/32 537/271/32 538/273/32 535/269/32
f 255/729/14 256/39/14 616/417/14 615/89/14
f 512/268/32 513/271/32 514/273/32 511/269/32
f 414/586/3 411/730/3 772/499/3 773/502/3
f 362/556/3 359/557/3 720/463/3 721/36/3
f 568/731/13 569/732/13 810/533/13 808/532/13
f 310/733/3 307/734/3 667/419/3 669/422/3
f 488/268/32 489/271/32 490/273/32 487/269/32
f 258/641/3 255/104/3 615/89/3 617/36/3
f 464/268/32 465/271/32 466/273/32 463/269/32
f 412/735/13 413/736/13 774/501/13 771/500/13
f 360/564/13 361/565/13 722/465/13 719/464/13
f 569/737/10 570/738/10 809/534/10 810/533/10
f 308/739/13 309/740/13 670/421/13 668/420/13
f 440/268/32 441/271/32 442/273/32 439/269/32
f 256/685/13 257/741/13 618/418/13 616/417/13
f 444/274/33 445/292/33 446/293/33 443/275/33
f 413/742/36 414/743/36 773/502/36 774/501/36
f 361/570/12 362/571/12 721/36/12 722/465/12
f 309/744/11 310/745/11 669/422/11 670/421/11
f 257/746/10 258/747/10 617/36/10 618/418/10
f 571/748/7 572/749/7 812/536/7 811/535/7
f 468/274/33 469/292/33 470/293/33 467/275/33
f 492/274/33 493/375/33 494/376/33 491/275/33
f 415/750/25 416/751/25 775/504/25 776/503/25
f 363/603/4 364/604/4 723/439/4 724/429/4
f 574/752/3 571/753/3 811/535/3 813/538/3
f 311/754/15 312/701/15 671/179/15 672/452/15
f 516/274/33 517/382/33 518/293/33 515/275/33
f 259/84/7 260/728/7 620/420/7 619/419/7
f 540/274/33 541/385/33 542/386/33 539/275/33
f 418/755/3 415/756/3 776/503/3 777/506/3
f 366/612/3 363/613/3 724/429/3 725/441/3
f 572/757/13 573/758/13 814/537/13 812/536/13
f 314/759/3 311/760/3 672/452/3 673/454/3
f 543/378/34 544/377/34 545/387/34 546/388/34
f 262/733/3 259/734/3 619/419/3 621/422/3
f 519/303/34 520/302/34 521/304/34 522/305/34
f 416/761/13 417/762/13 778/505/13 775/504/13
f 364/619/13 365/620/13 726/440/13 723/439/13
f 573/763/11 574/764/11 813/538/11 814/537/11
f 312/765/13 313/766/13 674/453/13 671/179/13
f 495/378/34 496/377/34 497/296/34 498/297/34
f 260/739/13 261/740/13 622/421/13 620/420/13
f 471/303/34 472/302/34 473/304/34 474/305/34
f 417/767/24 418/768/24 777/506/24 778/505/24
f 365/568/36 366/627/36 725/441/36 726/440/36
f 313/769/12 314/100/12 673/454/12 674/453/12
f 261/744/11 262/745/11 621/422/11 622/421/11
f 575/770/15 576/771/15 815/540/15 816/539/15
f 447/303/34 448/302/34 449/304/34 450/305/34
f 432/288/30 433/290/30 434/291/30 431/289/30
f 419/772/22 420/773/22 780/508/22 779/507/22
f 367/599/25 368/600/25 727/471/25 728/470/25
f 578/51/3 575/774/3 816/539/3 817/542/3
f 315/775/4 316/776/4 675/456/4 676/455/4
f 456/300/30 457/290/30 458/291/30 455/301/30
f 263/777/15 264/778/15 623/424/15 624/423/15
f 480/371/30 481/373/30 482/374/30 479/372/30
f 422/779/3 419/780/3 779/507/3 781/510/3
f 370/608/3 367/609/3 728/470/3 729/473/3
f 576/781/13 577/782/13 818/541/13 815/540/13
f 318/735/3 315/783/3 676/455/3 677/458/3
f 499/380/35 500/379/35 501/286/35 502/287/35
f 266/784/3 263/785/3 624/423/3 625/426/3
f 475/299/35 476/298/35 477/286/35 478/287/35
f 420/61/13 421/786/13 782/509/13 780/508/13
f 368/616/13 369/167/13 730/472/13 727/471/13
f 577/787/12 578/150/12 817/542/12 818/541/12
f 316/788/13 317/789/13 678/457/13 675/456/13
f 451/299/35 452/298/35 453/286/35 454/287/35
f 264/779/13 265/790/13 626/425/13 623/424/13
f 436/264/31 437/266/31 438/267/31 435/265/31
f 421/791/16 422/792/16 781/510/16 782/509/16
f 369/625/24 370/626/24 729/473/24 730/472/24
f 317/793/36 318/794/36 677/458/36 678/457/36
f 265/657/12 266/690/12 625/426/12 626/425/12
f 579/795/4 580/796/4 819/544/4 820/543/4
f 460/264/31 461/266/31 462/267/31 459/265/31
f 484/264/31 485/266/31 486/267/31 483/265/31
f 423/797/14 424/798/14 784/512/14 783/511/14
f 371/632/22 372/633/22 732/475/22 731/474/22
f 582/799/3 579/800/3 820/543/3 821/546/3
f 319/801/25 320/768/25 679/460/25 680/459/25
f 508/264/31 509/266/31 510/267/31 507/265/31
f 267/802/4 268/803/4 627/428/4 628/427/4
f 523/299/35 524/298/35 525/286/35 526/287/35
f 426/61/3 423/804/3 783/511/3 785/514/3
f 374/641/3 371/642/3 731/474/3 733/477/3
f 580/805/13 581/806/13 822/545/13 819/544/13
f 322/807/3 319/808/3 680/459/3 681/462/3
f 504/300/30 505/381/30 506/291/30 503/301/30
f 270/809/3 267/810/3 628/427/3 629/430/3
f 528/371/30 529/383/30 530/384/30 527/372/30
f 424/811/13 425/812/13 786/513/13 784/512/13
f 372/650/13 373/123/13 734/476/13 732/475/13
f 581/813/36 582/814/36 821/546/36 822/545/36
f 320/815/13 321/816/13 682/461/13 679/460/13
f 547/389/35 548/379/35 549/286/35 550/287/35
f 268/817/13 269/818/13 630/429/13 627/428/13
f 532/264/31 533/266/31 534/267/31 531/265/31
f 425/819/10 426/820/10 785/514/10 786/513/10
f 373/657/16 374/139/16 733/477/16 734/476/16
f 321/821/24 322/822/24 681/462/24 682/461/24
f 269/823/36 270/824/36 629/430/36 630/429/36
f 843/4/6 844/1/6 841/2/6 839/3/6
f 840/8/37 842/5/37 846/6/37 845/7/37
f 1436/825/3 1675/826/3 1673/827/3 1433/828/3
f 1225/829/38 1586/830/38 1585/16/38 1226/831/38
f 867/33/39 853/832/39 862/833/39 868/32/39
f 863/834/1 851/835/1 857/836/1 864/837/1
f 1433/838/33 1673/827/33 1674/839/33 1434/840/33
f 852/841/40 865/842/40 866/843/40 858/844/40
f 844/4/6 871/1/6 869/2/6 841/3/6
f 842/8/37 870/5/37 872/6/37 846/7/37
f 1119/845/41 1480/846/41 1479/847/41 1120/848/41
f 1171/849/42 1532/850/42 1531/851/42 1172/852/42
f 1223/853/43 1584/160/43 1583/37/43 1224/854/43
f 868/33/39 862/832/39 880/833/39 883/32/39
f 864/834/1 857/835/1 875/836/1 881/837/1
f 1118/855/13 1478/856/13 1480/846/13 1119/640/13
f 858/841/40 866/842/40 882/843/40 876/844/40
f 871/4/6 889/1/6 885/2/6 869/3/6
f 870/8/37 886/5/37 891/6/37 872/7/37
f 1170/857/13 1530/858/13 1532/850/13 1171/859/13
f 1431/860/41 1672/105/41 1671/476/41 1432/861/41
f 1222/862/13 1581/478/13 1584/160/13 1223/784/13
f 883/33/39 880/832/39 899/833/39 884/32/39
f 881/834/1 875/835/1 897/836/1 909/837/1
f 876/841/40 882/842/40 911/843/40 898/844/40
f 889/4/6 890/1/6 887/2/6 885/3/6
f 886/8/37 888/5/37 892/6/37 891/7/37
f 1120/863/3 1479/847/3 1477/434/3 1117/864/3
f 1172/865/3 1531/851/3 1529/866/3 1169/867/3
f 1430/804/13 1670/478/13 1672/105/13 1431/103/13
f 884/33/39 899/832/39 908/833/39 913/32/39
f 909/834/1 897/835/1 903/836/1 910/837/1
f 1224/622/3 1583/37/3 1582/868/3 1221/869/3
f 898/841/40 911/842/40 912/843/40 904/844/40
f 890/4/6 916/1/6 914/2/6 887/3/6
f 888/8/37 915/5/37 917/6/37 892/7/37
f 1117/870/30 1477/434/30 1478/856/30 1118/744/30
f 1169/871/33 1529/866/33 1530/858/33 1170/872/33
f 913/33/39 908/832/39 925/833/39 928/32/39
f 910/834/1 903/835/1 920/836/1 926/837/1
f 1432/873/3 1671/476/3 1669/874/3 1429/621/3
f 1221/875/34 1582/868/34 1581/478/34 1222/729/34
f 904/841/40 912/842/40 927/843/40 921/844/40
f 916/4/6 931/1/6 929/2/6 914/3/6
f 915/8/37 930/5/37 932/6/37 917/7/37
f 1429/876/30 1669/874/30 1670/478/30 1430/113/30
f 928/33/39 925/832/39 940/833/39 943/32/39
f 926/834/1 920/835/1 935/836/1 941/837/1
f 1115/877/44 1476/878/44 1475/879/44 1116/880/44
f 1167/881/41 1528/882/41 1527/883/41 1168/884/41
f 921/841/40 927/842/40 942/843/40 936/844/40
f 931/4/6 946/1/6 944/885/6 929/3/6
f 930/8/45 945/5/45 947/6/45 932/7/45
f 1219/886/42 1580/887/42 1579/888/42 1220/889/42
f 1114/184/13 1474/890/13 1476/878/13 1115/891/13
f 943/33/39 940/832/39 955/833/39 958/32/39
f 941/834/1 935/835/1 950/892/1 956/837/1
f 1166/59/13 1526/893/13 1528/882/13 1167/894/13
f 936/841/46 942/842/46 957/843/46 951/844/46
f 945/895/47 959/896/47 961/897/47 947/898/47
f 1427/899/44 1668/105/44 1667/102/44 1428/900/44
f 1218/901/13 1578/902/13 1580/887/13 1219/903/13
f 958/904/39 955/905/39 968/906/39 971/907/39
f 1116/908/3 1475/879/3 1473/909/3 1113/70/3
f 951/910/48 957/911/48 970/912/48 964/913/48
f 844/1/6 843/4/6 845/7/6 846/6/6
f 959/8/49 973/5/49 975/6/49 961/7/49
f 1168/170/3 1527/883/3 1525/914/3 1165/915/3
f 1426/916/13 1666/474/13 1668/105/13 1427/917/13
f 1220/918/3 1579/888/3 1577/919/3 1217/920/3
f 971/33/39 968/832/39 983/833/39 986/32/39
f 1113/921/35 1473/909/35 1474/890/35 1114/922/35
f 964/841/50 970/842/50 985/843/50 979/844/50
f 974/4/6 989/1/6 987/2/6 972/923/6
f 973/8/37 988/5/37 990/6/37 975/7/37
f 1165/924/30 1525/914/30 1526/893/30 1166/578/30
f 1428/717/3 1667/102/3 1665/925/3 1425/926/3
f 1217/927/33 1577/919/33 1578/902/33 1218/928/33
f 986/33/39 983/832/39 998/833/39 1001/32/39
f 984/834/1 978/929/1 993/836/1 999/837/1
f 979/841/40 985/842/40 1000/843/40 994/844/40
f 957/843/1 942/842/1 941/834/1 956/837/1
f 989/4/6 1004/1/6 1002/2/6 987/3/6
f 988/8/37 1003/5/37 1005/6/37 990/7/37
f 1425/930/35 1665/925/35 1666/474/35 1426/86/35
f 1111/931/51 1472/932/51 1471/933/51 1112/934/51
f 1163/935/44 1524/936/44 1523/185/44 1164/937/44
f 1001/33/39 998/832/39 1013/833/39 1016/32/39
f 999/834/1 993/835/1 1008/836/1 1014/837/1
f 1215/938/41 1576/939/41 1575/940/41 1216/744/41
f 1267/941/42 1628/942/42 1627/943/42 1268/944/42
f 994/841/40 1000/842/40 1015/843/40 1009/844/40
f 942/843/1 927/842/1 926/834/1 941/837/1
f 1004/4/6 1018/1/6 1017/2/6 1002/3/6
f 1003/8/37 1024/5/37 1028/6/37 1005/7/37
f 1110/945/13 1469/946/13 1472/932/13 1111/580/13
f 1162/947/13 1522/948/13 1524/936/13 1163/949/13
f 1016/33/39 1013/832/39 1023/833/39 1045/32/39
f 1014/834/1 1008/835/1 1020/836/1 1041/837/1
f 1423/950/51 1664/951/51 1663/952/51 1424/953/51
f 1214/954/13 1574/955/13 1576/939/13 1215/956/13
f 1009/841/40 1015/842/40 1043/843/40 1021/844/40
f 927/843/1 912/842/1 910/834/1 926/837/1
f 1018/4/6 1027/1/6 1025/2/6 1017/3/6
f 1024/8/37 1026/5/37 1029/6/37 1028/7/37
f 1266/786/13 1626/957/13 1628/942/13 1267/135/13
f 1112/585/3 1471/933/3 1470/958/3 1109/959/3
f 1045/33/39 1023/832/39 1040/833/39 1046/32/39
f 1041/834/1 1020/835/1 1035/836/1 1042/837/1
f 1164/960/3 1523/185/3 1521/961/3 1161/962/3
f 1422/963/13 1661/964/13 1664/951/13 1423/965/13
f 1021/841/40 1043/842/40 1044/843/40 1036/844/40
f 909/834/1 910/837/1 912/843/1 911/842/1
f 1027/4/6 1048/1/6 1047/2/6 1025/3/6
f 1026/8/37 1058/5/37 1049/6/37 1029/7/37
f 1216/966/3 1575/940/3 1573/967/3 1213/968/3
f 1268/969/3 1627/943/3 1625/970/3 1265/971/3
f 1109/972/52 1470/958/52 1469/946/52 1110/973/52
f 1046/33/39 1040/832/39 1056/833/39 1075/32/39
f 1042/834/1 1035/835/1 1051/836/1 1057/837/1
f 1161/974/35 1521/961/35 1522/948/35 1162/975/35
f 1036/841/40 1044/842/40 1073/843/40 1052/844/40
f 911/843/1 882/842/1 881/834/1 909/837/1
f 1048/4/6 1061/1/6 1059/2/6 1047/3/6
f 1058/8/37 1060/5/37 1062/6/37 1049/7/37
f 1424/976/3 1663/952/3 1662/977/3 1421/978/3
f 1213/979/30 1573/967/30 1574/955/30 1214/848/30
f 1265/699/33 1625/970/33 1626/957/33 1266/980/33
f 1075/33/39 1056/832/39 1071/833/39 1076/32/39
f 1057/834/1 1051/835/1 1066/836/1 1072/837/1
f 1421/590/52 1662/977/52 1661/964/52 1422/636/52
f 1052/841/40 1073/842/40 1074/843/40 1067/844/40
f 882/843/1 866/842/1 864/834/1 881/837/1
f 841/981/53 857/982/53 851/220/53 839/983/53
f 869/984/53 875/219/53 857/220/53 841/985/53
f 885/981/53 897/982/53 875/986/53 869/987/53
f 887/981/53 903/982/53 897/220/53 885/983/53
f 914/981/53 920/982/53 903/220/53 887/983/53
f 929/988/53 935/989/53 920/990/53 914/991/53
f 944/992/54 950/993/54 935/224/54 929/985/54
f 974/1/55 984/837/55 969/97/55 960/994/55
f 972/995/56 978/996/56 984/834/56 974/4/56
f 987/981/57 993/982/57 978/996/57 972/995/57
f 1002/981/53 1008/982/53 993/220/53 987/983/53
f 1017/997/53 1020/219/53 1008/220/53 1002/998/53
f 1025/984/53 1035/219/53 1020/220/53 1017/985/53
f 1047/999/53 1051/219/53 1035/220/53 1025/1000/53
f 1059/984/53 1066/219/53 1051/220/53 1047/985/53
f 947/1001/9 961/1002/9 970/1003/9 957/245/9
f 846/7/6 872/6/6 871/1/6 844/4/6
f 970/842/1 969/1004/1 984/837/1 985/843/1
f 984/834/1 999/837/1 1000/843/1 985/842/1
f 999/834/1 1014/837/1 1015/843/1 1000/842/1
f 1014/834/1 1041/837/1 1043/843/1 1015/842/1
f 1041/834/1 1042/837/1 1044/843/1 1043/842/1
f 1042/834/1 1057/837/1 1073/843/1 1044/842/1
f 1073/842/1 1057/834/1 1072/837/1 1074/843/1
f 1048/4/6 1049/7/6 1062/6/6 1061/1/6
f 1027/4/6 1029/7/6 1049/6/6 1048/1/6
f 1028/7/6 1029/6/6 1027/1/6 1018/4/6
f 1004/4/6 1005/7/6 1028/6/6 1018/1/6
f 989/4/6 990/7/6 1005/6/6 1004/1/6
f 974/4/6 975/7/6 990/6/6 989/1/6
f 863/834/1 864/837/1 866/843/1 865/842/1
f 957/1005/3 956/1006/3 946/1007/3 947/1008/3
f 931/4/6 932/7/6 947/6/6 946/1/6
f 916/4/6 917/7/6 932/6/6 931/1/6
f 890/4/6 892/7/6 917/6/6 916/1/6
f 889/4/6 891/7/6 892/6/6 890/1/6
f 871/4/6 872/7/6 891/6/6 889/1/6
f 960/994/6 961/7/6 975/6/6 974/1/6
f 944/992/58 946/1007/58 956/837/58 950/993/58
f 133/17/9 971/33/9 986/32/9 148/18/9
f 850/1009/14 1077/1010/14 1078/1011/14 861/1012/14
f 861/1012/14 1078/1011/14 1079/1013/14 855/1014/14
f 855/1014/14 1079/1013/14 1080/1015/14 847/1016/14
f 847/1016/14 1080/1015/14 1077/1010/14 850/1009/14
f 848/1017/59 1081/1018/59 1082/1019/59 860/1020/59
f 860/1020/59 1082/1019/59 1083/1021/59 858/844/59
f 858/844/59 1083/1021/59 1084/1022/59 852/841/59
f 852/841/59 1084/1022/59 1081/1018/59 848/1017/59
f 853/832/60 1085/1023/60 1086/1024/60 862/833/60
f 862/833/60 1086/1024/60 1087/1025/60 859/1026/60
f 859/1026/60 1087/1025/60 1088/1027/60 854/1028/60
f 854/1028/60 1088/1027/60 1085/1023/60 853/832/60
f 854/1028/7 1089/1029/7 1090/1030/7 859/1026/7
f 859/1026/7 1090/1030/7 1091/1031/7 856/1032/7
f 856/1032/7 1091/1031/7 1092/1033/7 849/1034/7
f 849/1034/7 1092/1033/7 1089/1029/7 854/1028/7
f 849/1034/15 1093/1035/15 1094/1036/15 856/1032/15
f 856/1032/15 1094/1036/15 1095/1037/15 861/1012/15
f 861/1012/15 1095/1037/15 1096/1038/15 850/1009/15
f 850/1009/15 1096/1038/15 1093/1035/15 849/1034/15
f 847/1016/22 1097/1039/22 1098/1040/22 855/1014/22
f 855/1014/22 1098/1040/22 1099/1041/22 860/1020/22
f 860/1020/22 1099/1041/22 1100/1042/22 848/1017/22
f 848/1017/22 1100/1042/22 1097/1039/22 847/1016/22
f 861/1009/14 1101/1010/14 1102/1011/14 879/1012/14
f 879/1012/14 1102/1011/14 1103/1013/14 873/1014/14
f 873/1014/14 1103/1013/14 1104/1015/14 855/1016/14
f 855/1016/14 1104/1015/14 1101/1010/14 861/1009/14
f 860/1017/59 1105/1018/59 1106/1019/59 878/1020/59
f 878/1020/59 1106/1019/59 1107/1021/59 876/844/59
f 876/844/59 1107/1021/59 1108/1022/59 858/841/59
f 858/841/59 1108/1022/59 1105/1018/59 860/1017/59
f 862/832/60 1109/1023/60 1110/1024/60 880/833/60
f 880/833/60 1110/1024/60 1111/1025/60 877/1026/60
f 877/1026/60 1111/1025/60 1112/1027/60 859/1028/60
f 859/1028/60 1112/1027/60 1109/1023/60 862/832/60
f 859/1028/7 1113/1043/7 1114/1044/7 877/1026/7
f 877/1026/7 1114/1044/7 1115/1031/7 874/1032/7
f 874/1032/7 1115/1031/7 1116/1033/7 856/1034/7
f 856/1034/7 1116/1033/7 1113/1043/7 859/1028/7
f 856/1034/15 1117/1035/15 1118/1036/15 874/1032/15
f 874/1032/15 1118/1036/15 1119/1037/15 879/1012/15
f 879/1012/15 1119/1037/15 1120/1038/15 861/1009/15
f 861/1009/15 1120/1038/15 1117/1035/15 856/1034/15
f 855/1016/22 1121/1039/22 1122/1040/22 873/1014/22
f 873/1014/22 1122/1040/22 1123/1041/22 878/1020/22
f 878/1020/22 1123/1041/22 1124/1042/22 860/1017/22
f 860/1017/22 1124/1042/22 1121/1039/22 855/1016/22
f 879/1009/14 1125/1010/14 1126/1011/14 896/1012/14
f 896/1012/14 1126/1011/14 1127/1013/14 893/1014/14
f 893/1014/14 1127/1013/14 1128/1015/14 873/1016/14
f 873/1016/14 1128/1015/14 1125/1010/14 879/1009/14
f 878/1017/59 1129/1018/59 1130/1019/59 894/1020/59
f 894/1020/59 1130/1019/59 1131/1021/59 898/844/59
f 898/844/59 1131/1021/59 1132/1022/59 876/841/59
f 876/841/59 1132/1022/59 1129/1018/59 878/1017/59
f 880/832/60 1133/1023/60 1134/1024/60 899/833/60
f 899/833/60 1134/1024/60 1135/1025/60 900/1026/60
f 900/1026/60 1135/1025/60 1136/1027/60 877/1028/60
f 877/1028/60 1136/1027/60 1133/1023/60 880/832/60
f 877/1028/7 1137/1043/7 1138/1044/7 900/1026/7
f 900/1026/7 1138/1044/7 1139/1031/7 895/1032/7
f 895/1032/7 1139/1031/7 1140/1033/7 874/1034/7
f 874/1034/7 1140/1033/7 1137/1043/7 877/1028/7
f 874/1034/15 1141/1035/15 1142/1036/15 895/1032/15
f 895/1032/15 1142/1036/15 1143/1037/15 896/1012/15
f 896/1012/15 1143/1037/15 1144/1038/15 879/1009/15
f 879/1009/15 1144/1038/15 1141/1035/15 874/1034/15
f 873/1016/22 1145/1039/22 1146/1040/22 893/1014/22
f 893/1014/22 1146/1040/22 1147/1041/22 894/1020/22
f 894/1020/22 1147/1041/22 1148/1042/22 878/1017/22
f 878/1017/22 1148/1042/22 1145/1039/22 873/1016/22
f 896/1009/14 1149/1010/14 1150/1011/14 907/1012/14
f 907/1012/14 1150/1011/14 1151/1013/14 901/1014/14
f 901/1014/14 1151/1013/14 1152/1015/14 893/1016/14
f 893/1016/14 1152/1015/14 1149/1010/14 896/1009/14
f 894/1017/59 1153/1018/59 1154/1019/59 906/1020/59
f 906/1020/59 1154/1019/59 1155/1021/59 904/844/59
f 904/844/59 1155/1021/59 1156/1022/59 898/841/59
f 898/841/59 1156/1022/59 1153/1018/59 894/1017/59
f 899/832/60 1157/1023/60 1158/1024/60 908/833/60
f 908/833/60 1158/1024/60 1159/1025/60 905/1026/60
f 905/1026/60 1159/1025/60 1160/1027/60 900/1028/60
f 900/1028/60 1160/1027/60 1157/1023/60 899/832/60
f 900/1028/7 1161/1045/7 1162/1046/7 905/1026/7
f 905/1026/7 1162/1046/7 1163/1031/7 902/1032/7
f 902/1032/7 1163/1031/7 1164/1033/7 895/1034/7
f 895/1034/7 1164/1033/7 1161/1045/7 900/1028/7
f 895/1034/15 1165/1035/15 1166/1036/15 902/1032/15
f 902/1032/15 1166/1036/15 1167/1037/15 907/1012/15
f 907/1012/15 1167/1037/15 1168/1038/15 896/1009/15
f 896/1009/15 1168/1038/15 1165/1035/15 895/1034/15
f 893/1016/22 1169/1039/22 1170/1040/22 901/1014/22
f 901/1014/22 1170/1040/22 1171/1041/22 906/1020/22
f 906/1020/22 1171/1041/22 1172/1042/22 894/1017/22
f 894/1017/22 1172/1042/22 1169/1039/22 893/1016/22
f 907/1009/14 1173/1010/14 1174/1011/14 924/1012/14
f 924/1012/14 1174/1011/14 1175/1013/14 918/1014/14
f 918/1014/14 1175/1013/14 1176/1015/14 901/1016/14
f 901/1016/14 1176/1015/14 1173/1010/14 907/1009/14
f 906/1017/59 1177/1018/59 1178/1019/59 923/1020/59
f 923/1020/59 1178/1019/59 1179/1021/59 921/844/59
f 921/844/59 1179/1021/59 1180/1022/59 904/841/59
f 904/841/59 1180/1022/59 1177/1018/59 906/1017/59
f 908/832/60 1181/1023/60 1182/1024/60 925/833/60
f 925/833/60 1182/1024/60 1183/1025/60 922/1026/60
f 922/1026/60 1183/1025/60 1184/1027/60 905/1028/60
f 905/1028/60 1184/1027/60 1181/1023/60 908/832/60
f 905/1028/7 1185/1029/7 1186/1047/7 922/1026/7
f 922/1026/7 1186/1047/7 1187/1031/7 919/1032/7
f 919/1032/7 1187/1031/7 1188/1033/7 902/1034/7
f 902/1034/7 1188/1033/7 1185/1029/7 905/1028/7
f 902/1034/15 1189/1035/15 1190/1036/15 919/1032/15
f 919/1032/15 1190/1036/15 1191/1037/15 924/1012/15
f 924/1012/15 1191/1037/15 1192/1038/15 907/1009/15
f 907/1009/15 1192/1038/15 1189/1035/15 902/1034/15
f 901/1016/22 1193/1039/22 1194/1040/22 918/1014/22
f 918/1014/22 1194/1040/22 1195/1041/22 923/1020/22
f 923/1020/22 1195/1041/22 1196/1042/22 906/1017/22
f 906/1017/22 1196/1042/22 1193/1039/22 901/1016/22
f 924/1009/14 1197/1010/14 1198/1011/14 939/1012/14
f 939/1012/14 1198/1011/14 1199/1013/14 933/1014/14
f 933/1014/14 1199/1013/14 1200/1015/14 918/1016/14
f 918/1016/14 1200/1015/14 1197/1010/14 924/1009/14
f 923/1017/59 1201/1018/59 1202/1019/59 938/1020/59
f 938/1020/59 1202/1019/59 1203/1021/59 936/844/59
f 936/844/59 1203/1021/59 1204/1022/59 921/841/59
f 921/841/59 1204/1022/59 1201/1018/59 923/1017/59
f 925/832/60 1205/1023/60 1206/1024/60 940/833/60
f 940/833/60 1206/1024/60 1207/1025/60 937/1026/60
f 937/1026/60 1207/1025/60 1208/1027/60 922/1028/60
f 922/1028/60 1208/1027/60 1205/1023/60 925/832/60
f 922/1028/7 1209/1048/7 1210/1049/7 937/1026/7
f 937/1026/7 1210/1049/7 1211/1031/7 934/1032/7
f 934/1032/7 1211/1031/7 1212/1033/7 919/1034/7
f 919/1034/7 1212/1033/7 1209/1048/7 922/1028/7
f 919/1034/15 1213/1035/15 1214/1036/15 934/1032/15
f 934/1032/15 1214/1036/15 1215/1037/15 939/1012/15
f 939/1012/15 1215/1037/15 1216/1038/15 924/1009/15
f 924/1009/15 1216/1038/15 1213/1035/15 919/1034/15
f 918/1016/22 1217/1039/22 1218/1040/22 933/1014/22
f 933/1014/22 1218/1040/22 1219/1041/22 938/1020/22
f 938/1020/22 1219/1041/22 1220/1042/22 923/1017/22
f 923/1017/22 1220/1042/22 1217/1039/22 918/1016/22
f 939/1009/14 1221/1010/14 1222/1011/14 954/1012/14
f 954/1012/14 1222/1011/14 1223/1013/14 948/1014/14
f 948/1014/14 1223/1013/14 1224/1015/14 933/1016/14
f 933/1016/14 1224/1015/14 1221/1010/14 939/1009/14
f 938/1017/59 1225/1018/59 1226/1019/59 953/1020/59
f 953/1020/59 1226/1019/59 1227/1021/59 951/844/59
f 951/844/59 1227/1021/59 1228/1022/59 936/841/59
f 936/841/59 1228/1022/59 1225/1018/59 938/1017/59
f 940/832/60 1229/1023/60 1230/1024/60 955/833/60
f 955/833/60 1230/1024/60 1231/1025/60 952/1026/60
f 952/1026/60 1231/1025/60 1232/1027/60 937/1028/60
f 937/1028/60 1232/1027/60 1229/1023/60 940/832/60
f 937/1028/7 1233/1050/7 1234/1051/7 952/1026/7
f 952/1026/7 1234/1051/7 1235/1031/7 949/1032/7
f 949/1032/7 1235/1031/7 1236/1033/7 934/1034/7
f 934/1034/7 1236/1033/7 1233/1050/7 937/1028/7
f 934/1034/15 1237/1035/15 1238/1036/15 949/1032/15
f 949/1032/15 1238/1036/15 1239/1037/15 954/1012/15
f 954/1012/15 1239/1037/15 1240/1038/15 939/1009/15
f 939/1009/15 1240/1038/15 1237/1035/15 934/1034/15
f 933/1016/22 1241/1039/22 1242/1040/22 948/1014/22
f 948/1014/22 1242/1040/22 1243/1041/22 953/1020/22
f 953/1020/22 1243/1041/22 1244/1042/22 938/1017/22
f 938/1017/22 1244/1042/22 1241/1039/22 933/1016/22
f 954/1052/14 1245/1053/14 1246/1054/14 967/1055/14
f 967/1055/14 1246/1054/14 1247/1056/14 962/1057/14
f 962/1057/14 1247/1056/14 1248/1058/14 948/1059/14
f 948/1059/14 1248/1058/14 1245/1053/14 954/1052/14
f 953/1060/59 1249/1061/59 1250/1062/59 966/1063/59
f 966/1063/59 1250/1062/59 1251/1064/59 964/913/59
f 964/913/59 1251/1064/59 1252/1065/59 951/910/59
f 951/910/59 1252/1065/59 1249/1061/59 953/1060/59
f 955/905/60 1253/1066/60 1254/1067/60 968/906/60
f 968/906/60 1254/1067/60 1255/1068/60 965/1069/60
f 965/1069/60 1255/1068/60 1256/1070/60 952/1071/60
f 952/1071/60 1256/1070/60 1253/1066/60 955/905/60
f 952/1071/7 1257/1072/7 1258/1073/7 965/1069/7
f 965/1069/7 1258/1073/7 1259/1074/7 963/1075/7
f 963/1075/7 1259/1074/7 1260/1076/7 949/1077/7
f 949/1077/7 1260/1076/7 1257/1072/7 952/1071/7
f 949/1077/15 1261/1078/15 1262/1079/15 963/1075/15
f 963/1075/15 1262/1079/15 1263/1080/15 967/1055/15
f 967/1055/15 1263/1080/15 1264/1081/15 954/1052/15
f 954/1052/15 1264/1081/15 1261/1078/15 949/1077/15
f 948/1059/22 1265/1082/22 1266/1083/22 962/1057/22
f 962/1057/22 1266/1083/22 1267/1084/22 966/1063/22
f 966/1063/22 1267/1084/22 1268/1085/22 953/1060/22
f 953/1060/22 1268/1085/22 1265/1082/22 948/1059/22
f 967/1009/14 1269/1010/14 1270/1011/14 982/1012/14
f 982/1012/14 1270/1011/14 1271/1013/14 976/1014/14
f 976/1014/14 1271/1013/14 1272/1015/14 962/1016/14
f 962/1016/14 1272/1015/14 1269/1010/14 967/1009/14
f 966/1017/59 1273/1018/59 1274/1019/59 981/1020/59
f 981/1020/59 1274/1019/59 1275/1021/59 979/844/59
f 979/844/59 1275/1021/59 1276/1022/59 964/841/59
f 964/841/59 1276/1022/59 1273/1018/59 966/1017/59
f 968/832/60 1277/1023/60 1278/1024/60 983/833/60
f 983/833/60 1278/1024/60 1279/1025/60 980/1026/60
f 980/1026/60 1279/1025/60 1280/1027/60 965/1028/60
f 965/1028/60 1280/1027/60 1277/1023/60 968/832/60
f 965/1028/7 1281/1086/7 1282/1087/7 980/1026/7
f 980/1026/7 1282/1087/7 1283/1031/7 977/1032/7
f 977/1032/7 1283/1031/7 1284/1033/7 963/1034/7
f 963/1034/7 1284/1033/7 1281/1086/7 965/1028/7
f 963/1034/15 1285/1035/15 1286/1036/15 977/1032/15
f 977/1032/15 1286/1036/15 1287/1037/15 982/1012/15
f 982/1012/15 1287/1037/15 1288/1038/15 967/1009/15
f 967/1009/15 1288/1038/15 1285/1035/15 963/1034/15
f 962/1016/22 1289/1039/22 1290/1040/22 976/1014/22
f 976/1014/22 1290/1040/22 1291/1041/22 981/1020/22
f 981/1020/22 1291/1041/22 1292/1042/22 966/1017/22
f 966/1017/22 1292/1042/22 1289/1039/22 962/1016/22
f 982/1009/14 1293/1010/14 1294/1011/14 997/1012/14
f 997/1012/14 1294/1011/14 1295/1013/14 991/1014/14
f 991/1014/14 1295/1013/14 1296/1015/14 976/1016/14
f 976/1016/14 1296/1015/14 1293/1010/14 982/1009/14
f 981/1017/59 1297/1018/59 1298/1019/59 996/1020/59
f 996/1020/59 1298/1019/59 1299/1021/59 994/844/59
f 994/844/59 1299/1021/59 1300/1022/59 979/841/59
f 979/841/59 1300/1022/59 1297/1018/59 981/1017/59
f 983/832/60 1301/1023/60 1302/1024/60 998/833/60
f 998/833/60 1302/1024/60 1303/1025/60 995/1026/60
f 995/1026/60 1303/1025/60 1304/1027/60 980/1028/60
f 980/1028/60 1304/1027/60 1301/1023/60 983/832/60
f 980/1028/7 1305/1088/7 1306/1089/7 995/1026/7
f 995/1026/7 1306/1089/7 1307/1031/7 992/1032/7
f 992/1032/7 1307/1031/7 1308/1033/7 977/1034/7
f 977/1034/7 1308/1033/7 1305/1088/7 980/1028/7
f 977/1034/15 1309/1035/15 1310/1036/15 992/1032/15
f 992/1032/15 1310/1036/15 1311/1037/15 997/1012/15
f 997/1012/15 1311/1037/15 1312/1038/15 982/1009/15
f 982/1009/15 1312/1038/15 1309/1035/15 977/1034/15
f 976/1016/22 1313/1039/22 1314/1040/22 991/1014/22
f 991/1014/22 1314/1040/22 1315/1041/22 996/1020/22
f 996/1020/22 1315/1041/22 1316/1042/22 981/1017/22
f 981/1017/22 1316/1042/22 1313/1039/22 976/1016/22
f 997/1009/14 1317/1010/14 1318/1011/14 1012/1012/14
f 1012/1012/14 1318/1011/14 1319/1013/14 1006/1014/14
f 1006/1014/14 1319/1013/14 1320/1015/14 991/1016/14
f 991/1016/14 1320/1015/14 1317/1010/14 997/1009/14
f 996/1017/59 1321/1018/59 1322/1019/59 1011/1020/59
f 1011/1020/59 1322/1019/59 1323/1021/59 1009/844/59
f 1009/844/59 1323/1021/59 1324/1022/59 994/841/59
f 994/841/59 1324/1022/59 1321/1018/59 996/1017/59
f 998/832/60 1325/1023/60 1326/1024/60 1013/833/60
f 1013/833/60 1326/1024/60 1327/1025/60 1010/1026/60
f 1010/1026/60 1327/1025/60 1328/1027/60 995/1028/60
f 995/1028/60 1328/1027/60 1325/1023/60 998/832/60
f 995/1028/7 1329/1086/7 1330/1087/7 1010/1026/7
f 1010/1026/7 1330/1087/7 1331/1031/7 1007/1032/7
f 1007/1032/7 1331/1031/7 1332/1033/7 992/1034/7
f 992/1034/7 1332/1033/7 1329/1086/7 995/1028/7
f 992/1034/15 1333/1035/15 1334/1036/15 1007/1032/15
f 1007/1032/15 1334/1036/15 1335/1037/15 1012/1012/15
f 1012/1012/15 1335/1037/15 1336/1038/15 997/1009/15
f 997/1009/15 1336/1038/15 1333/1035/15 992/1034/15
f 991/1016/22 1337/1039/22 1338/1040/22 1006/1014/22
f 1006/1014/22 1338/1040/22 1339/1041/22 1011/1020/22
f 1011/1020/22 1339/1041/22 1340/1042/22 996/1017/22
f 996/1017/22 1340/1042/22 1337/1039/22 991/1016/22
f 1012/1009/14 1341/1010/14 1342/1011/14 1032/1012/14
f 1032/1012/14 1342/1011/14 1343/1013/14 1030/1014/14
f 1030/1014/14 1343/1013/14 1344/1015/14 1006/1016/14
f 1006/1016/14 1344/1015/14 1341/1010/14 1012/1009/14
f 1011/1017/59 1345/1018/59 1346/1019/59 1031/1020/59
f 1031/1020/59 1346/1019/59 1347/1021/59 1021/844/59
f 1021/844/59 1347/1021/59 1348/1022/59 1009/841/59
f 1009/841/59 1348/1022/59 1345/1018/59 1011/1017/59
f 1013/832/60 1349/1023/60 1350/1024/60 1023/833/60
f 1023/833/60 1350/1024/60 1351/1025/60 1022/1026/60
f 1022/1026/60 1351/1025/60 1352/1027/60 1010/1028/60
f 1010/1028/60 1352/1027/60 1349/1023/60 1013/832/60
f 1010/1028/7 1353/1090/7 1354/1091/7 1022/1026/7
f 1022/1026/7 1354/1091/7 1355/1031/7 1019/1032/7
f 1019/1032/7 1355/1031/7 1356/1033/7 1007/1034/7
f 1007/1034/7 1356/1033/7 1353/1090/7 1010/1028/7
f 1007/1034/15 1357/1035/15 1358/1036/15 1019/1032/15
f 1019/1032/15 1358/1036/15 1359/1037/15 1032/1012/15
f 1032/1012/15 1359/1037/15 1360/1038/15 1012/1009/15
f 1012/1009/15 1360/1038/15 1357/1035/15 1007/1034/15
f 1006/1016/22 1361/1039/22 1362/1040/22 1030/1014/22
f 1030/1014/22 1362/1040/22 1363/1041/22 1031/1020/22
f 1031/1020/22 1363/1041/22 1364/1042/22 1011/1017/22
f 1011/1017/22 1364/1042/22 1361/1039/22 1006/1016/22
f 1032/1009/14 1365/1010/14 1366/1011/14 1039/1012/14
f 1039/1012/14 1366/1011/14 1367/1013/14 1033/1014/14
f 1033/1014/14 1367/1013/14 1368/1015/14 1030/1016/14
f 1030/1016/14 1368/1015/14 1365/1010/14 1032/1009/14
f 1031/1017/59 1369/1018/59 1370/1019/59 1038/1020/59
f 1038/1020/59 1370/1019/59 1371/1021/59 1036/844/59
f 1036/844/59 1371/1021/59 1372/1022/59 1021/841/59
f 1021/841/59 1372/1022/59 1369/1018/59 1031/1017/59
f 1023/832/60 1373/1023/60 1374/1024/60 1040/833/60
f 1040/833/60 1374/1024/60 1375/1025/60 1037/1026/60
f 1037/1026/60 1375/1025/60 1376/1027/60 1022/1028/60
f 1022/1028/60 1376/1027/60 1373/1023/60 1023/832/60
f 1022/1028/7 1377/1090/7 1378/1091/7 1037/1026/7
f 1037/1026/7 1378/1091/7 1379/1031/7 1034/1032/7
f 1034/1032/7 1379/1031/7 1380/1033/7 1019/1034/7
f 1019/1034/7 1380/1033/7 1377/1090/7 1022/1028/7
f 1019/1034/15 1381/1035/15 1382/1036/15 1034/1032/15
f 1034/1032/15 1382/1036/15 1383/1037/15 1039/1012/15
f 1039/1012/15 1383/1037/15 1384/1038/15 1032/1009/15
f 1032/1009/15 1384/1038/15 1381/1035/15 1019/1034/15
f 1030/1016/22 1385/1039/22 1386/1040/22 1033/1014/22
f 1033/1014/22 1386/1040/22 1387/1041/22 1038/1020/22
f 1038/1020/22 1387/1041/22 1388/1042/22 1031/1017/22
f 1031/1017/22 1388/1042/22 1385/1039/22 1030/1016/22
f 1039/1009/14 1389/1010/14 1390/1011/14 1055/1012/14
f 1055/1012/14 1390/1011/14 1391/1013/14 1063/1014/14
f 1063/1014/14 1391/1013/14 1392/1015/14 1033/1016/14
f 1033/1016/14 1392/1015/14 1389/1010/14 1039/1009/14
f 1038/1017/59 1393/1018/59 1394/1019/59 1054/1020/59
f 1054/1020/59 1394/1019/59 1395/1021/59 1052/844/59
f 1052/844/59 1395/1021/59 1396/1022/59 1036/841/59
f 1036/841/59 1396/1022/59 1393/1018/59 1038/1017/59
f 1040/832/60 1397/1023/60 1398/1024/60 1056/833/60
f 1056/833/60 1398/1024/60 1399/1025/60 1053/1026/60
f 1053/1026/60 1399/1025/60 1400/1027/60 1037/1028/60
f 1037/1028/60 1400/1027/60 1397/1023/60 1040/832/60
f 1037/1028/7 1401/1092/7 1402/1093/7 1053/1026/7
f 1053/1026/7 1402/1093/7 1403/1031/7 1050/1032/7
f 1050/1032/7 1403/1031/7 1404/1033/7 1034/1034/7
f 1034/1034/7 1404/1033/7 1401/1092/7 1037/1028/7
f 1034/1034/15 1405/1035/15 1406/1036/15 1050/1032/15
f 1050/1032/15 1406/1036/15 1407/1037/15 1055/1012/15
f 1055/1012/15 1407/1037/15 1408/1038/15 1039/1009/15
f 1039/1009/15 1408/1038/15 1405/1035/15 1034/1034/15
f 1033/1016/22 1409/1039/22 1410/1040/22 1063/1014/22
f 1063/1014/22 1410/1040/22 1411/1041/22 1054/1020/22
f 1054/1020/22 1411/1041/22 1412/1042/22 1038/1017/22
f 1038/1017/22 1412/1042/22 1409/1039/22 1033/1016/22
f 1055/1009/14 1413/1010/14 1414/1011/14 1070/1012/14
f 1070/1012/14 1414/1011/14 1415/1013/14 1064/1014/14
f 1064/1014/14 1415/1013/14 1416/1015/14 1063/1016/14
f 1063/1016/14 1416/1015/14 1413/1010/14 1055/1009/14
f 1054/1017/59 1417/1018/59 1418/1019/59 1069/1020/59
f 1069/1020/59 1418/1019/59 1419/1021/59 1067/844/59
f 1067/844/59 1419/1021/59 1420/1022/59 1052/841/59
f 1052/841/59 1420/1022/59 1417/1018/59 1054/1017/59
f 1056/832/60 1421/1023/60 1422/1024/60 1071/833/60
f 1071/833/60 1422/1024/60 1423/1025/60 1068/1026/60
f 1068/1026/60 1423/1025/60 1424/1027/60 1053/1028/60
f 1053/1028/60 1424/1027/60 1421/1023/60 1056/832/60
f 1053/1028/7 1425/1050/7 1426/1051/7 1068/1026/7
f 1068/1026/7 1426/1051/7 1427/1031/7 1065/1032/7
f 1065/1032/7 1427/1031/7 1428/1033/7 1050/1034/7
f 1050/1034/7 1428/1033/7 1425/1050/7 1053/1028/7
f 1050/1034/15 1429/1035/15 1430/1036/15 1065/1032/15
f 1065/1032/15 1430/1036/15 1431/1037/15 1070/1012/15
f 1070/1012/15 1431/1037/15 1432/1038/15 1055/1009/15
f 1055/1009/15 1432/1038/15 1429/1035/15 1050/1034/15
f 1063/1016/22 1433/1039/22 1434/1040/22 1064/1014/22
f 1064/1014/22 1434/1040/22 1435/1041/22 1069/1020/22
f 1069/1020/22 1435/1041/22 1436/1042/22 1054/1017/22
f 1054/1017/22 1436/1042/22 1433/1039/22 1063/1016/22
f 1438/1094/14 1439/1095/14 1440/1096/14 1437/1097/14
f 1442/1098/59 1443/1099/59 1444/1100/59 1441/1101/59
f 1446/932/60 1447/1102/60 1448/1103/60 1445/1104/60
f 1449/1105/7 1451/1106/7 1452/1107/7 1450/185/7
f 1453/1108/15 1455/1109/15 1456/1110/15 1454/1111/15
f 1457/1112/22 1459/1113/22 1460/1114/22 1458/449/22
f 1462/50/14 1463/1115/14 1464/160/14 1461/41/14
f 1466/1116/59 1467/1117/59 1468/428/59 1465/1118/59
f 1470/958/60 1471/933/60 1472/932/60 1469/946/60
f 1473/909/7 1475/879/7 1476/878/7 1474/890/7
f 1477/434/15 1479/847/15 1480/846/15 1478/856/15
f 1481/1119/22 1483/1120/22 1484/494/22 1482/1121/22
f 1486/967/14 1487/1122/14 1488/936/14 1485/1123/14
f 1490/15/59 1491/1124/59 1492/1125/59 1489/1126/59
f 1494/1127/60 1495/1128/60 1496/1129/60 1493/1130/60
f 1497/1131/7 1499/902/7 1500/1132/7 1498/45/7
f 1501/1133/15 1503/489/15 1504/1134/15 1502/1135/15
f 1505/1136/22 1507/1115/22 1508/1137/22 1506/1138/22
f 1510/1139/14 1511/185/14 1512/1140/14 1509/1141/14
f 1514/1142/59 1515/1143/59 1516/1144/59 1513/1145/59
f 1518/1146/60 1519/1147/60 1520/1148/60 1517/1149/60
f 1521/961/7 1523/185/7 1524/936/7 1522/948/7
f 1525/914/15 1527/883/15 1528/882/15 1526/893/15
f 1529/866/22 1531/851/22 1532/850/22 1530/858/22
f 1534/40/14 1535/1150/14 1536/405/14 1533/1151/14
f 1538/1152/59 1539/1153/59 1540/1154/59 1537/1101/59
f 1542/413/60 1543/1155/60 1544/1156/60 1541/1157/60
f 1545/1158/7 1547/1159/7 1548/1160/7 1546/1161/7
f 1549/1162/15 1551/1163/15 1552/846/15 1550/1122/15
f 1553/1164/22 1555/1165/22 1556/488/22 1554/1166/22
f 1558/40/14 1559/1150/14 1560/405/14 1557/1151/14
f 1562/1167/59 1563/427/59 1564/1125/59 1561/1168/59
f 1566/1169/60 1567/1170/60 1568/958/60 1565/1171/60
f 1569/1158/7 1571/1159/7 1572/1160/7 1570/1161/7
f 1573/967/15 1575/940/15 1576/939/15 1574/955/15
f 1577/919/22 1579/888/22 1580/887/22 1578/902/22
f 1582/868/14 1583/37/14 1584/160/14 1581/478/14
f 1586/830/59 1587/1172/59 1588/1173/59 1585/16/59
f 1590/153/60 1591/1174/60 1592/1175/60 1589/472/60
f 1593/1176/7 1595/856/7 1596/1177/7 1594/1178/7
f 1597/909/15 1599/1179/15 1600/60/15 1598/45/15
f 1601/494/22 1603/491/22 1604/1180/22 1602/1181/22
f 1606/1182/14 1607/1183/14 1608/1184/14 1605/1185/14
f 1610/1186/59 1611/1187/59 1612/1188/59 1609/1189/59
f 1614/1190/60 1615/1191/60 1616/1192/60 1613/1193/60
f 1617/1194/7 1619/1195/7 1620/1196/7 1618/1197/7
f 1621/1198/15 1623/1199/15 1624/1200/15 1622/1201/15
f 1625/970/22 1627/943/22 1628/942/22 1626/957/22
f 1630/1202/14 1631/1203/14 1632/1204/14 1629/1205/14
f 1634/1206/59 1635/1207/59 1636/1208/59 1633/1209/59
f 1638/1210/60 1639/1211/60 1640/1212/60 1637/1213/60
f 1641/1214/7 1643/1215/7 1644/1216/7 1642/1217/7
f 1645/1218/15 1647/1219/15 1648/1220/15 1646/1221/15
f 1649/1136/22 1651/1222/22 1652/1223/22 1650/1224/22
f 1654/1225/14 1655/888/14 1656/1226/14 1653/1227/14
f 1658/1228/59 1659/1229/59 1660/1230/59 1657/1231/59
f 1662/977/60 1663/952/60 1664/951/60 1661/964/60
f 1665/925/7 1667/102/7 1668/105/7 1666/474/7
f 1669/874/15 1671/476/15 1672/105/15 1670/478/15
f 1673/827/22 1675/826/22 1676/1232/22 1674/839/22
f 1173/1233/34 1534/40/34 1533/1151/34 1174/1234/34
f 1121/1235/33 1481/1119/33 1482/1121/33 1122/623/33
f 1228/1236/3 1587/1172/3 1586/830/3 1225/1237/3
f 1434/1238/13 1674/839/13 1676/1232/13 1435/1239/13
f 1176/1240/3 1535/1150/3 1534/40/3 1173/175/3
f 1124/1241/3 1483/1120/3 1481/1119/3 1121/1242/3
f 1226/1243/13 1585/16/13 1588/1173/13 1227/1244/13
f 1435/1245/42 1676/1232/42 1675/826/42 1436/1246/42
f 1174/1247/13 1533/1151/13 1536/405/13 1175/191/13
f 1122/1248/13 1482/1121/13 1484/494/13 1123/1249/13
f 1227/1250/61 1588/1173/61 1587/1172/61 1228/1251/61
f 1175/139/43 1536/405/43 1535/1150/43 1176/138/43
f 1123/1252/42 1484/494/42 1483/1120/42 1124/1253/42
f 1229/1254/52 1590/153/52 1589/472/52 1230/1255/52
f 1177/1256/38 1538/1152/38 1537/1101/38 1178/1257/38
f 1125/1258/34 1486/967/34 1485/1123/34 1126/1259/34
f 1232/1260/3 1591/1174/3 1590/153/3 1229/1261/3
f 1180/1262/3 1539/1153/3 1538/1152/3 1177/1263/3
f 1128/1264/3 1487/1122/3 1486/967/3 1125/1265/3
f 1230/1266/13 1589/472/13 1592/1175/13 1231/1267/13
f 1178/1268/13 1537/1101/13 1540/1154/13 1179/1269/13
f 1126/649/13 1485/1123/13 1488/936/13 1127/915/13
f 1231/600/51 1592/1175/51 1591/1174/51 1232/1270/51
f 1179/1271/61 1540/1154/61 1539/1153/61 1180/1272/61
f 1127/1273/43 1488/936/43 1487/1122/43 1128/1274/43
f 1389/1275/34 1630/1202/34 1629/1205/34 1390/1276/34
f 1233/1277/35 1593/1176/35 1594/1178/35 1234/1278/35
f 1181/1279/52 1542/413/52 1541/1157/52 1182/1280/52
f 1392/1281/3 1631/1203/3 1630/1202/3 1389/67/3
f 1129/604/38 1490/15/38 1489/1126/38 1130/1282/38
f 1077/1283/34 1438/1094/34 1437/1097/34 1078/155/34
f 1236/1284/3 1595/856/3 1593/1176/3 1233/891/3
f 1184/1266/3 1543/1155/3 1542/413/3 1181/616/3
f 1390/1285/13 1629/1205/13 1632/1204/13 1391/1286/13
f 1132/561/3 1491/1124/3 1490/15/3 1129/560/3
f 1080/1287/3 1439/1095/3 1438/1094/3 1077/1288/3
f 1234/71/13 1594/1178/13 1596/1177/13 1235/1289/13
f 1182/1290/13 1541/1157/13 1544/1156/13 1183/1291/13
f 1391/573/43 1632/1204/43 1631/1203/43 1392/1292/43
f 1130/553/13 1489/1126/13 1492/1125/13 1131/552/13
f 1078/1293/13 1437/1097/13 1440/1096/13 1079/1294/13
f 1235/1273/44 1596/1177/44 1595/856/44 1236/1295/44
f 1183/1296/51 1544/1156/51 1543/1155/51 1184/625/51
f 1131/1297/61 1492/1125/61 1491/1124/61 1132/1251/61
f 1079/938/43 1440/1096/43 1439/1095/43 1080/1298/43
f 1393/1299/38 1634/1206/38 1633/1209/38 1394/1300/38
f 1237/1301/30 1597/909/30 1598/45/30 1238/1302/30
f 1185/1303/35 1545/1158/35 1546/1161/35 1186/663/35
f 1396/1304/3 1635/1207/3 1634/1206/3 1393/1305/3
f 1133/1306/52 1494/1127/52 1493/1130/52 1134/694/52
f 1081/1307/38 1442/1098/38 1441/1101/38 1082/1308/38
f 1240/649/3 1599/1179/3 1597/909/3 1237/949/3
f 1188/1309/3 1547/1159/3 1545/1158/3 1185/1310/3
f 1394/1311/13 1633/1209/13 1636/1208/13 1395/1312/13
f 1136/1313/3 1495/1128/3 1494/1127/3 1133/1314/3
f 1084/1315/3 1443/1099/3 1442/1098/3 1081/1316/3
f 1238/1284/13 1598/45/13 1600/60/13 1239/183/13
f 1186/1317/13 1546/1161/13 1548/1160/13 1187/1318/13
f 1395/1319/61 1636/1208/61 1635/1207/61 1396/1320/61
f 1134/1321/13 1493/1130/13 1496/1129/13 1135/1322/13
f 1082/1323/13 1441/1101/13 1444/1100/13 1083/1324/13
f 1239/1325/41 1600/60/41 1599/1179/41 1240/1326/41
f 1187/598/44 1548/1160/44 1547/1159/44 1188/138/44
f 1135/1327/51 1496/1129/51 1495/1128/51 1136/1328/51
f 1083/1329/61 1444/1100/61 1443/1099/61 1084/591/61
f 1397/1330/52 1638/1210/52 1637/1213/52 1398/1331/52
f 1241/1332/33 1601/494/33 1602/1181/33 1242/854/33
f 1189/1333/30 1549/1162/30 1550/1122/30 1190/1334/30
f 1400/1335/3 1639/1211/3 1638/1210/3 1397/1336/3
f 1137/1337/35 1497/1131/35 1498/45/35 1138/1338/35
f 1085/590/52 1446/932/52 1445/1104/52 1086/636/52
f 1244/1339/3 1603/491/3 1601/494/3 1241/1340/3
f 1192/1341/3 1551/1163/3 1549/1162/3 1189/1342/3
f 1398/1343/13 1637/1213/13 1640/1212/13 1399/1344/13
f 1140/1345/3 1499/902/3 1497/1131/3 1137/1346/3
f 1088/1347/3 1447/1102/3 1446/932/3 1085/1348/3
f 1242/1349/13 1602/1181/13 1604/1180/13 1243/1350/13
f 1190/1351/13 1550/1122/13 1552/846/13 1191/640/13
f 1399/1352/51 1640/1212/51 1639/1211/51 1400/1353/51
f 1138/1354/13 1498/45/13 1500/1132/13 1139/867/13
f 1086/1355/13 1445/1104/13 1448/1103/13 1087/1356/13
f 1243/1233/42 1604/1180/42 1603/491/42 1244/548/42
f 1191/1357/41 1552/846/41 1551/1163/41 1192/1358/41
f 1139/1359/44 1500/1132/44 1499/902/44 1140/1360/44
f 1087/822/51 1448/1103/51 1447/1102/51 1088/1361/51
f 1401/1362/35 1641/1214/35 1642/1217/35 1402/1363/35
f 1245/1364/34 1606/1182/34 1605/1185/34 1246/1365/34
f 1193/142/33 1553/1164/33 1554/1166/33 1194/848/33
f 1404/1366/3 1643/1215/3 1641/1214/3 1401/1367/3
f 1141/1273/30 1501/1133/30 1502/1135/30 1142/744/30
f 1089/849/35 1449/1105/35 1450/185/35 1090/1368/35
f 1248/1369/3 1607/1183/3 1606/1182/3 1245/116/3
f 1196/1370/3 1555/1165/3 1553/1164/3 1193/1371/3
f 1402/1372/13 1642/1217/13 1644/1216/13 1403/1373/13
f 1144/1374/3 1503/489/3 1501/1133/3 1141/1375/3
f 1092/1376/3 1451/1106/3 1449/1105/3 1089/949/3
f 1246/1377/13 1605/1185/13 1608/1184/13 1247/1378/13
f 1194/1379/13 1554/1166/13 1556/488/13 1195/1380/13
f 1403/1381/44 1644/1216/44 1643/1215/44 1404/1382/44
f 1142/68/13 1502/1135/13 1504/1134/13 1143/894/13
f 1090/960/13 1450/185/13 1452/1107/13 1091/1383/13
f 1247/1384/43 1608/1184/43 1607/1183/43 1248/1385/43
f 1195/1386/42 1556/488/42 1555/1165/42 1196/631/42
f 1143/1387/41 1504/1134/41 1503/489/41 1144/1388/41
f 1091/1389/44 1452/1107/44 1451/1106/44 1092/82/44
f 1405/723/30 1645/1218/30 1646/1221/30 1406/1390/30
f 1249/1391/38 1610/1186/38 1609/1189/38 1250/1392/38
f 1197/1233/34 1558/40/34 1557/1151/34 1198/1234/34
f 1408/1393/3 1647/1219/3 1645/1218/3 1405/1394/3
f 1145/74/33 1505/1136/33 1506/1138/33 1146/623/33
f 1370/1019/59 1369/1018/59 1372/1022/59 1371/1021/59
f 1093/1395/30 1453/1108/30 1454/1111/30 1094/1396/30
f 1346/1019/59 1345/1018/59 1348/1022/59 1347/1021/59
f 1252/1397/3 1611/1187/3 1610/1186/3 1249/1398/3
f 1200/1240/3 1559/1150/3 1558/40/3 1197/175/3
f 1406/1399/13 1646/1221/13 1648/1220/13 1407/1400/13
f 1148/1241/3 1507/1115/3 1505/1136/3 1145/1401/3
f 1322/1019/59 1321/1018/59 1324/1022/59 1323/1021/59
f 1096/1402/3 1455/1109/3 1453/1108/3 1093/926/3
f 1298/1019/59 1297/1018/59 1300/1022/59 1299/1021/59
f 1250/1403/13 1609/1189/13 1612/1188/13 1251/1404/13
f 1198/1247/13 1557/1151/13 1560/405/13 1199/191/13
f 1407/1405/41 1648/1220/41 1647/1219/41 1408/1406/41
f 1146/190/13 1506/1138/13 1508/1137/13 1147/1249/13
f 1274/1019/59 1273/1018/59 1276/1022/59 1275/1021/59
f 1094/1248/13 1454/1111/13 1456/1110/13 1095/189/13
f 1289/1039/22 1292/1042/22 1291/1041/22 1290/1040/22
f 1251/1407/61 1612/1188/61 1611/1187/61 1252/1408/61
f 1199/139/43 1560/405/43 1559/1150/43 1200/138/43
f 1147/1409/42 1508/1137/42 1507/1115/42 1148/854/42
f 1095/139/41 1456/1110/41 1455/1109/41 1096/1410/41
f 1409/606/33 1649/1136/33 1650/1224/33 1410/1411/33
f 1313/1039/22 1316/1042/22 1315/1041/22 1314/1040/22
f 1337/1039/22 1340/1042/22 1339/1041/22 1338/1040/22
f 1253/1412/52 1614/1190/52 1613/1193/52 1254/1413/52
f 1201/1414/38 1562/1167/38 1561/1168/38 1202/1415/38
f 1412/1416/3 1651/1222/3 1649/1136/3 1409/1417/3
f 1149/1283/34 1510/1139/34 1509/1141/34 1150/1418/34
f 1361/1039/22 1364/1042/22 1363/1041/22 1362/1040/22
f 1097/1235/33 1457/1112/33 1458/449/33 1098/1419/33
f 1385/1039/22 1388/1042/22 1387/1041/22 1386/1040/22
f 1256/1420/3 1615/1191/3 1614/1190/3 1253/1421/3
f 1204/1422/3 1563/427/3 1562/1167/3 1201/1423/3
f 1410/1424/13 1650/1224/13 1652/1223/13 1411/1425/13
f 1152/584/3 1511/185/3 1510/1139/3 1149/1426/3
f 1366/1011/14 1365/1010/14 1368/1015/14 1367/1013/14
f 1100/714/3 1459/1113/3 1457/1112/3 1097/1427/3
f 1342/1011/14 1341/1010/14 1344/1015/14 1343/1013/14
f 1254/1428/13 1613/1193/13 1616/1192/13 1255/1429/13
f 1202/1430/13 1561/1168/13 1564/1125/13 1203/612/13
f 1411/1431/42 1652/1223/42 1651/1222/42 1412/1432/42
f 1150/1433/13 1509/1141/13 1512/1140/13 1151/1434/13
f 1318/1011/14 1317/1010/14 1320/1015/14 1319/1013/14
f 1098/1317/13 1458/449/13 1460/1114/13 1099/1435/13
f 1294/1011/14 1293/1010/14 1296/1015/14 1295/1013/14
f 1255/1436/51 1616/1192/51 1615/1191/51 1256/1437/51
f 1203/1297/61 1564/1125/61 1563/427/61 1204/1438/61
f 1151/1386/43 1512/1140/43 1511/185/43 1152/1439/43
f 1099/693/42 1460/1114/42 1459/1113/42 1100/1440/42
f 1413/1441/34 1654/1225/34 1653/1227/34 1414/1442/34
f 1270/1011/14 1269/1010/14 1272/1015/14 1271/1013/14
f 1285/1035/15 1288/1038/15 1287/1037/15 1286/1036/15
f 1257/1443/35 1617/1194/35 1618/1197/35 1258/1444/35
f 1205/931/52 1566/1169/52 1565/1171/52 1206/1445/52
f 1416/1446/3 1655/888/3 1654/1225/3 1413/1447/3
f 1153/1448/38 1514/1142/38 1513/1145/38 1154/1449/38
f 1309/1035/15 1312/1038/15 1311/1037/15 1310/1036/15
f 1101/876/34 1462/50/34 1461/41/34 1102/1450/34
f 1333/1035/15 1336/1038/15 1335/1037/15 1334/1036/15
f 1260/960/3 1619/1195/3 1617/1194/3 1257/1451/3
f 1208/1452/3 1567/1170/3 1566/1169/3 1205/1453/3
f 1414/1454/13 1653/1227/13 1656/1226/13 1415/1455/13
f 1156/1456/3 1515/1143/3 1514/1142/3 1153/1457/3
f 1357/1035/15 1360/1038/15 1359/1037/15 1358/1036/15
f 1104/1458/3 1463/1115/3 1462/50/3 1101/1459/3
f 1381/1035/15 1384/1038/15 1383/1037/15 1382/1036/15
f 1258/1460/13 1618/1197/13 1620/1196/13 1259/1342/13
f 1206/1461/13 1565/1171/13 1568/958/13 1207/1462/13
f 1415/1463/43 1656/1226/43 1655/888/43 1416/1464/43
f 1154/1465/13 1513/1145/13 1516/1144/13 1155/1466/13
f 1378/1091/7 1377/1090/7 1380/1033/7 1379/1031/7
f 1102/916/13 1461/41/13 1464/160/13 1103/1467/13
f 1354/1091/7 1353/1090/7 1356/1033/7 1355/1031/7
f 1259/1468/44 1620/1196/44 1619/1195/44 1260/1469/44
f 1207/575/51 1568/958/51 1567/1170/51 1208/1470/51
f 1155/1471/61 1516/1144/61 1515/1143/61 1156/1392/61
f 1103/139/43 1464/160/43 1463/1115/43 1104/689/43
f 1417/1472/38 1658/1228/38 1657/1231/38 1418/1473/38
f 1330/1087/7 1329/1086/7 1332/1033/7 1331/1031/7
f 1306/1089/7 1305/1088/7 1308/1033/7 1307/1031/7
f 1261/1468/30 1621/1198/30 1622/1201/30 1262/1469/30
f 1209/1303/35 1569/1158/35 1570/1161/35 1210/663/35
f 1420/1474/3 1659/1229/3 1658/1228/3 1417/1475/3
f 1157/1476/52 1518/1146/52 1517/1149/52 1158/1477/52
f 1282/1087/7 1281/1086/7 1284/1033/7 1283/1031/7
f 1105/1478/38 1466/1116/38 1465/1118/38 1106/1479/38
f 1278/1024/60 1277/1023/60 1280/1027/60 1279/1025/60
f 1264/863/3 1623/1199/3 1621/1198/3 1261/1480/3
f 1212/1309/3 1571/1159/3 1569/1158/3 1209/1310/3
f 1418/783/13 1657/1231/13 1660/1230/13 1419/1481/13
f 1160/1482/3 1519/1147/3 1518/1146/3 1157/1483/3
f 1302/1024/60 1301/1023/60 1304/1027/60 1303/1025/60
f 1108/1484/3 1467/1117/3 1466/1116/3 1105/1485/3
f 1326/1024/60 1325/1023/60 1328/1027/60 1327/1025/60
f 1262/1370/13 1622/1201/13 1624/1200/13 1263/1486/13
f 1210/1317/13 1570/1161/13 1572/1160/13 1211/1318/13
f 1419/1487/61 1660/1230/61 1659/1229/61 1420/1488/61
f 1158/1489/13 1517/1149/13 1520/1148/13 1159/1490/13
f 1350/1024/60 1349/1023/60 1352/1027/60 1351/1025/60
f 1106/1491/13 1465/1118/13 1468/428/13 1107/1492/13
f 1374/1024/60 1373/1023/60 1376/1027/60 1375/1025/60
f 1263/1443/41 1624/1200/41 1623/1199/41 1264/1493/41
f 1211/598/44 1572/1160/44 1571/1159/44 1212/138/44
f 1159/1494/51 1520/1148/51 1519/1147/51 1160/1495/51
f 1107/803/61 1468/428/61 1467/1117/61 1108/1496/61
f 132/1497/13 131/1498/13 122/1499/13 123/1500/13
f 136/4/62 122/253/62 131/1498/62 146/22/62
f 106/223/63 112/226/63 118/22/63 108/245/63
