# Blender 5.2.0 LTS
# www.blender.org
mtllib BrainJarBeamX.mtl
o BrainJarBeamX
v -11.171593 19.943478 5.448580
v -11.171593 20.411839 5.448580
v 11.171593 19.943478 5.448579
v 11.171593 20.411839 5.448579
v -11.171593 19.943478 6.551421
v -11.171593 20.411839 6.551421
v 11.171593 19.943478 6.551420
v 11.171593 20.411839 6.551420
v 11.171593 19.943478 6.250782
v 11.171593 19.943478 5.749217
v 11.171593 20.411839 5.749217
v 11.171593 20.411839 6.250782
v -11.171593 19.943478 5.749218
v -11.171593 19.943478 6.250783
v -11.171593 20.411839 6.250783
v -11.171593 20.411839 5.749218
v -11.171593 19.943478 8.448580
v -11.171593 20.411839 8.448580
v 11.171593 19.943478 8.448579
v 11.171593 20.411839 8.448579
v -11.171593 19.943478 9.551421
v -11.171593 20.411839 9.551421
v 11.171593 19.943478 9.551420
v 11.171593 20.411839 9.551420
v 11.171593 19.943478 9.250782
v 11.171593 19.943478 8.749217
v 11.171593 20.411839 8.749217
v 11.171593 20.411839 9.250782
v -11.171593 19.943478 8.749218
v -11.171593 19.943478 9.250783
v -11.171593 20.411839 9.250783
v -11.171593 20.411839 8.749218
v 12.109995 20.335587 8.914412
v 12.109995 20.664412 8.914412
v 11.890003 20.335587 8.914412
v 11.890003 20.664412 8.914412
v 12.109995 20.335587 8.585587
v 12.109995 20.664412 8.585587
v 11.890003 20.335587 8.585587
v 11.890003 20.664412 8.585587
v 11.890003 20.267485 8.749999
v 11.890003 20.732513 8.749999
v 12.109995 20.267485 8.749999
v 12.109995 20.732513 8.749999
v 12.109995 20.500000 8.982513
v 11.890003 20.500000 8.982513
v 11.890003 20.500000 8.517485
v 12.109995 20.500000 8.517485
v 12.109995 20.500000 8.749999
v 11.890003 20.285185 8.838978
v 12.109995 20.714815 8.838978
v 11.890003 20.714815 8.838978
v 12.109995 20.285185 8.838978
v 11.890003 20.500000 8.870709
v 12.109995 20.500000 8.870709
v 11.890003 20.714815 8.661020
v 12.109995 20.285185 8.661020
v 11.890003 20.285185 8.661020
v 12.109995 20.714815 8.661020
v 12.109995 20.500000 8.629289
v 11.890003 20.500000 8.629289
v 12.109995 20.588978 8.964814
v 11.890003 20.588978 8.964814
v 11.890003 20.588978 8.535184
v 12.109995 20.588978 8.535184
v 12.109995 20.620710 8.749999
v 11.890003 20.620710 8.749999
v 11.890003 20.585354 8.835354
v 12.109995 20.585354 8.835354
v 12.109995 20.585354 8.664644
v 11.890003 20.585354 8.664644
v 11.890003 20.411020 8.964814
v 11.890003 20.411020 8.535184
v 12.109995 20.411020 8.535184
v 12.109995 20.379290 8.749999
v 11.890003 20.379290 8.749999
v 12.109995 20.411020 8.964814
v 12.109995 20.414644 8.835354
v 11.890003 20.414644 8.835354
v 11.890003 20.414644 8.664644
v 12.109995 20.414644 8.664644
v 11.813005 20.620710 8.749999
v 11.813005 20.500000 8.749999
v 11.813005 20.500000 8.870709
v 11.813005 20.585354 8.835354
v 11.813005 20.500000 8.629289
v 11.813005 20.585354 8.664644
v 11.813005 20.379290 8.749999
v 11.813005 20.414644 8.835354
v 11.813005 20.414644 8.664644
v -12.109997 20.335588 9.085588
v -12.109997 20.664412 9.085588
v -11.890003 20.335588 9.085588
v -11.890003 20.664412 9.085588
v -12.109997 20.335588 9.414413
v -12.109997 20.664412 9.414413
v -11.890003 20.335588 9.414413
v -11.890003 20.664412 9.414413
v -11.890003 20.267487 9.250001
v -11.890003 20.732513 9.250001
v -12.109997 20.267487 9.250001
v -12.109997 20.732513 9.250001
v -12.109997 20.500000 9.017487
v -11.890003 20.500000 9.017487
v -11.890003 20.500000 9.482515
v -12.109997 20.500000 9.482515
v -12.109997 20.500000 9.250001
v -11.890003 20.285185 9.161022
v -12.109997 20.714815 9.161022
v -11.890003 20.714815 9.161022
v -12.109997 20.285185 9.161022
v -11.890003 20.500000 9.129291
v -12.109997 20.500000 9.129291
v -11.890003 20.714815 9.338980
v -12.109997 20.285185 9.338980
v -11.890003 20.285185 9.338980
v -12.109997 20.714815 9.338980
v -12.109997 20.500000 9.370711
v -11.890003 20.500000 9.370711
v -12.109997 20.588980 9.035186
v -11.890003 20.588980 9.035186
v -11.890003 20.588980 9.464816
v -12.109997 20.588980 9.464816
v -12.109997 20.620710 9.250001
v -11.890003 20.620710 9.250001
v -11.890003 20.585356 9.164646
v -12.109997 20.585356 9.164646
v -12.109997 20.585356 9.335356
v -11.890003 20.585356 9.335356
v -11.890003 20.411020 9.035186
v -11.890003 20.411020 9.464816
v -12.109997 20.411020 9.464816
v -12.109997 20.379290 9.250001
v -11.890003 20.379290 9.250001
v -12.109997 20.411020 9.035186
v -12.109997 20.414644 9.164646
v -11.890003 20.414644 9.164646
v -11.890003 20.414644 9.335356
v -12.109997 20.414644 9.335356
v -11.813005 20.620710 9.250001
v -11.813005 20.500000 9.250001
v -11.813005 20.500000 9.129291
v -11.813005 20.585356 9.164646
v -11.813005 20.500000 9.370711
v -11.813005 20.585356 9.335356
v -11.813005 20.379290 9.250001
v -11.813005 20.414644 9.164646
v -11.813005 20.414644 9.335356
v 12.109995 20.335587 5.914412
v 12.109995 20.664412 5.914412
v 11.890003 20.335587 5.914412
v 11.890003 20.664412 5.914412
v 12.109995 20.335587 5.585587
v 12.109995 20.664412 5.585587
v 11.890003 20.335587 5.585587
v 11.890003 20.664412 5.585587
v 11.890003 20.267485 5.749999
v 11.890003 20.732513 5.749999
v 12.109995 20.267485 5.749999
v 12.109995 20.732513 5.749999
v 12.109995 20.500000 5.982513
v 11.890003 20.500000 5.982513
v 11.890003 20.500000 5.517485
v 12.109995 20.500000 5.517485
v 12.109995 20.500000 5.749999
v 11.890003 20.285185 5.838978
v 12.109995 20.714815 5.838978
v 11.890003 20.714815 5.838978
v 12.109995 20.285185 5.838978
v 11.890003 20.500000 5.870709
v 12.109995 20.500000 5.870709
v 11.890003 20.714815 5.661020
v 12.109995 20.285185 5.661020
v 11.890003 20.285185 5.661020
v 12.109995 20.714815 5.661020
v 12.109995 20.500000 5.629289
v 11.890003 20.500000 5.629289
v 12.109995 20.588978 5.964814
v 11.890003 20.588978 5.964814
v 11.890003 20.588978 5.535184
v 12.109995 20.588978 5.535184
v 12.109995 20.620710 5.749999
v 11.890003 20.620710 5.749999
v 11.890003 20.585354 5.835354
v 12.109995 20.585354 5.835354
v 12.109995 20.585354 5.664644
v 11.890003 20.585354 5.664644
v 11.890003 20.411020 5.964814
v 11.890003 20.411020 5.535184
v 12.109995 20.411020 5.535184
v 12.109995 20.379290 5.749999
v 11.890003 20.379290 5.749999
v 12.109995 20.411020 5.964814
v 12.109995 20.414644 5.835354
v 11.890003 20.414644 5.835354
v 11.890003 20.414644 5.664644
v 12.109995 20.414644 5.664644
v 11.813005 20.620710 5.749999
v 11.813005 20.500000 5.749999
v 11.813005 20.500000 5.870709
v 11.813005 20.585354 5.835354
v 11.813005 20.500000 5.629289
v 11.813005 20.585354 5.664644
v 11.813005 20.379290 5.749999
v 11.813005 20.414644 5.835354
v 11.813005 20.414644 5.664644
v -12.109997 20.335588 6.085588
v -12.109997 20.664412 6.085588
v -11.890003 20.335588 6.085588
v -11.890003 20.664412 6.085588
v -12.109997 20.335588 6.414413
v -12.109997 20.664412 6.414413
v -11.890003 20.335588 6.414413
v -11.890003 20.664412 6.414413
v -11.890003 20.267487 6.250001
v -11.890003 20.732513 6.250001
v -12.109997 20.267487 6.250001
v -12.109997 20.732513 6.250001
v -12.109997 20.500000 6.017487
v -11.890003 20.500000 6.017487
v -11.890003 20.500000 6.482515
v -12.109997 20.500000 6.482515
v -12.109997 20.500000 6.250001
v -11.890003 20.285185 6.161022
v -12.109997 20.714815 6.161022
v -11.890003 20.714815 6.161022
v -12.109997 20.285185 6.161022
v -11.890003 20.500000 6.129291
v -12.109997 20.500000 6.129291
v -11.890003 20.714815 6.338980
v -12.109997 20.285185 6.338980
v -11.890003 20.285185 6.338980
v -12.109997 20.714815 6.338980
v -12.109997 20.500000 6.370711
v -11.890003 20.500000 6.370711
v -12.109997 20.588980 6.035186
v -11.890003 20.588980 6.035186
v -11.890003 20.588980 6.464816
v -12.109997 20.588980 6.464816
v -12.109997 20.620710 6.250001
v -11.890003 20.620710 6.250001
v -11.890003 20.585356 6.164646
v -12.109997 20.585356 6.164646
v -12.109997 20.585356 6.335356
v -11.890003 20.585356 6.335356
v -11.890003 20.411020 6.035186
v -11.890003 20.411020 6.464816
v -12.109997 20.411020 6.464816
v -12.109997 20.379290 6.250001
v -11.890003 20.379290 6.250001
v -12.109997 20.411020 6.035186
v -12.109997 20.414644 6.164646
v -11.890003 20.414644 6.164646
v -11.890003 20.414644 6.335356
v -12.109997 20.414644 6.335356
v -11.813005 20.620710 6.250001
v -11.813005 20.500000 6.250001
v -11.813005 20.500000 6.129291
v -11.813005 20.585356 6.164646
v -11.813005 20.500000 6.370711
v -11.813005 20.585356 6.335356
v -11.813005 20.379290 6.250001
v -11.813005 20.414644 6.164646
v -11.813005 20.414644 6.335356
v 12.109995 18.835588 8.914412
v 12.109995 19.164412 8.914412
v 11.890003 18.835588 8.914412
v 11.890003 19.164412 8.914412
v 12.109995 18.835588 8.585587
v 12.109995 19.164412 8.585587
v 11.890003 18.835588 8.585587
v 11.890003 19.164412 8.585587
v 11.890003 18.767487 8.749999
v 11.890003 19.232513 8.749999
v 12.109995 18.767487 8.749999
v 12.109995 19.232513 8.749999
v 12.109995 19.000000 8.982513
v 11.890003 19.000000 8.982513
v 11.890003 19.000000 8.517485
v 12.109995 19.000000 8.517485
v 12.109995 19.000000 8.749999
v 11.890003 18.785185 8.838978
v 12.109995 19.214815 8.838978
v 11.890003 19.214815 8.838978
v 12.109995 18.785185 8.838978
v 11.890003 19.000000 8.870709
v 12.109995 19.000000 8.870709
v 11.890003 19.214815 8.661020
v 12.109995 18.785185 8.661020
v 11.890003 18.785185 8.661020
v 12.109995 19.214815 8.661020
v 12.109995 19.000000 8.629289
v 11.890003 19.000000 8.629289
v 12.109995 19.088980 8.964814
v 11.890003 19.088980 8.964814
v 11.890003 19.088980 8.535184
v 12.109995 19.088980 8.535184
v 12.109995 19.120710 8.749999
v 11.890003 19.120710 8.749999
v 11.890003 19.085356 8.835354
v 12.109995 19.085356 8.835354
v 12.109995 19.085356 8.664644
v 11.890003 19.085356 8.664644
v 11.890003 18.911020 8.964814
v 11.890003 18.911020 8.535184
v 12.109995 18.911020 8.535184
v 12.109995 18.879290 8.749999
v 11.890003 18.879290 8.749999
v 12.109995 18.911020 8.964814
v 12.109995 18.914644 8.835354
v 11.890003 18.914644 8.835354
v 11.890003 18.914644 8.664644
v 12.109995 18.914644 8.664644
v 11.813005 19.120710 8.749999
v 11.813005 19.000000 8.749999
v 11.813005 19.000000 8.870709
v 11.813005 19.085356 8.835354
v 11.813005 19.000000 8.629289
v 11.813005 19.085356 8.664644
v 11.813005 18.879290 8.749999
v 11.813005 18.914644 8.835354
v 11.813005 18.914644 8.664644
v -12.109997 18.835588 9.085588
v -12.109997 19.164412 9.085588
v -11.890003 18.835588 9.085588
v -11.890003 19.164412 9.085588
v -12.109997 18.835588 9.414413
v -12.109997 19.164412 9.414413
v -11.890003 18.835588 9.414413
v -11.890003 19.164412 9.414413
v -11.890003 18.767487 9.250001
v -11.890003 19.232513 9.250001
v -12.109997 18.767487 9.250001
v -12.109997 19.232513 9.250001
v -12.109997 19.000000 9.017487
v -11.890003 19.000000 9.017487
v -11.890003 19.000000 9.482515
v -12.109997 19.000000 9.482515
v -12.109997 19.000000 9.250001
v -11.890003 18.785185 9.161022
v -12.109997 19.214815 9.161022
v -11.890003 19.214815 9.161022
v -12.109997 18.785185 9.161022
v -11.890003 19.000000 9.129291
v -12.109997 19.000000 9.129291
v -11.890003 19.214815 9.338980
v -12.109997 18.785185 9.338980
v -11.890003 18.785185 9.338980
v -12.109997 19.214815 9.338980
v -12.109997 19.000000 9.370711
v -11.890003 19.000000 9.370711
v -12.109997 19.088980 9.035186
v -11.890003 19.088980 9.035186
v -11.890003 19.088980 9.464816
v -12.109997 19.088980 9.464816
v -12.109997 19.120710 9.250001
v -11.890003 19.120710 9.250001
v -11.890003 19.085356 9.164646
v -12.109997 19.085356 9.164646
v -12.109997 19.085356 9.335356
v -11.890003 19.085356 9.335356
v -11.890003 18.911020 9.035186
v -11.890003 18.911020 9.464816
v -12.109997 18.911020 9.464816
v -12.109997 18.879290 9.250001
v -11.890003 18.879290 9.250001
v -12.109997 18.911020 9.035186
v -12.109997 18.914644 9.164646
v -11.890003 18.914644 9.164646
v -11.890003 18.914644 9.335356
v -12.109997 18.914644 9.335356
v -11.813005 19.120710 9.250001
v -11.813005 19.000000 9.250001
v -11.813005 19.000000 9.129291
v -11.813005 19.085356 9.164646
v -11.813005 19.000000 9.370711
v -11.813005 19.085356 9.335356
v -11.813005 18.879290 9.250001
v -11.813005 18.914644 9.164646
v -11.813005 18.914644 9.335356
v 12.109995 18.835588 5.914412
v 12.109995 19.164412 5.914412
v 11.890003 18.835588 5.914412
v 11.890003 19.164412 5.914412
v 12.109995 18.835588 5.585587
v 12.109995 19.164412 5.585587
v 11.890003 18.835588 5.585587
v 11.890003 19.164412 5.585587
v 11.890003 18.767487 5.749999
v 11.890003 19.232513 5.749999
v 12.109995 18.767487 5.749999
v 12.109995 19.232513 5.749999
v 12.109995 19.000000 5.982513
v 11.890003 19.000000 5.982513
v 11.890003 19.000000 5.517485
v 12.109995 19.000000 5.517485
v 12.109995 19.000000 5.749999
v 11.890003 18.785185 5.838978
v 12.109995 19.214815 5.838978
v 11.890003 19.214815 5.838978
v 12.109995 18.785185 5.838978
v 11.890003 19.000000 5.870709
v 12.109995 19.000000 5.870709
v 11.890003 19.214815 5.661020
v 12.109995 18.785185 5.661020
v 11.890003 18.785185 5.661020
v 12.109995 19.214815 5.661020
v 12.109995 19.000000 5.629289
v 11.890003 19.000000 5.629289
v 12.109995 19.088980 5.964814
v 11.890003 19.088980 5.964814
v 11.890003 19.088980 5.535184
v 12.109995 19.088980 5.535184
v 12.109995 19.120710 5.749999
v 11.890003 19.120710 5.749999
v 11.890003 19.085356 5.835354
v 12.109995 19.085356 5.835354
v 12.109995 19.085356 5.664644
v 11.890003 19.085356 5.664644
v 11.890003 18.911020 5.964814
v 11.890003 18.911020 5.535184
v 12.109995 18.911020 5.535184
v 12.109995 18.879290 5.749999
v 11.890003 18.879290 5.749999
v 12.109995 18.911020 5.964814
v 12.109995 18.914644 5.835354
v 11.890003 18.914644 5.835354
v 11.890003 18.914644 5.664644
v 12.109995 18.914644 5.664644
v 11.813005 19.120710 5.749999
v 11.813005 19.000000 5.749999
v 11.813005 19.000000 5.870709
v 11.813005 19.085356 5.835354
v 11.813005 19.000000 5.629289
v 11.813005 19.085356 5.664644
v 11.813005 18.879290 5.749999
v 11.813005 18.914644 5.835354
v 11.813005 18.914644 5.664644
v -12.109997 18.835588 6.085588
v -12.109997 19.164412 6.085588
v -11.890003 18.835588 6.085588
v -11.890003 19.164412 6.085588
v -12.109997 18.835588 6.414413
v -12.109997 19.164412 6.414413
v -11.890003 18.835588 6.414413
v -11.890003 19.164412 6.414413
v -11.890003 18.767487 6.250001
v -11.890003 19.232513 6.250001
v -12.109997 18.767487 6.250001
v -12.109997 19.232513 6.250001
v -12.109997 19.000000 6.017487
v -11.890003 19.000000 6.017487
v -11.890003 19.000000 6.482515
v -12.109997 19.000000 6.482515
v -12.109997 19.000000 6.250001
v -11.890003 18.785185 6.161022
v -12.109997 19.214815 6.161022
v -11.890003 19.214815 6.161022
v -12.109997 18.785185 6.161022
v -11.890003 19.000000 6.129291
v -12.109997 19.000000 6.129291
v -11.890003 19.214815 6.338980
v -12.109997 18.785185 6.338980
v -11.890003 18.785185 6.338980
v -12.109997 19.214815 6.338980
v -12.109997 19.000000 6.370711
v -11.890003 19.000000 6.370711
v -12.109997 19.088980 6.035186
v -11.890003 19.088980 6.035186
v -11.890003 19.088980 6.464816
v -12.109997 19.088980 6.464816
v -12.109997 19.120710 6.250001
v -11.890003 19.120710 6.250001
v -11.890003 19.085356 6.164646
v -12.109997 19.085356 6.164646
v -12.109997 19.085356 6.335356
v -11.890003 19.085356 6.335356
v -11.890003 18.911020 6.035186
v -11.890003 18.911020 6.464816
v -12.109997 18.911020 6.464816
v -12.109997 18.879290 6.250001
v -11.890003 18.879290 6.250001
v -12.109997 18.911020 6.035186
v -12.109997 18.914644 6.164646
v -11.890003 18.914644 6.164646
v -11.890003 18.914644 6.335356
v -12.109997 18.914644 6.335356
v -11.813005 19.120710 6.250001
v -11.813005 19.000000 6.250001
v -11.813005 19.000000 6.129291
v -11.813005 19.085356 6.164646
v -11.813005 19.000000 6.370711
v -11.813005 19.085356 6.335356
v -11.813005 18.879290 6.250001
v -11.813005 18.914644 6.164646
v -11.813005 18.914644 6.335356
v 12.109995 18.835588 9.414412
v 12.109995 19.164412 9.414412
v 11.890003 18.835588 9.414412
v 11.890003 19.164412 9.414412
v 12.109995 18.835588 9.085587
v 12.109995 19.164412 9.085587
v 11.890003 18.835588 9.085587
v 11.890003 19.164412 9.085587
v 11.890003 18.767487 9.249999
v 11.890003 19.232513 9.249999
v 12.109995 18.767487 9.249999
v 12.109995 19.232513 9.249999
v 12.109995 19.000000 9.482513
v 11.890003 19.000000 9.482513
v 11.890003 19.000000 9.017485
v 12.109995 19.000000 9.017485
v 12.109995 19.000000 9.249999
v 11.890003 18.785185 9.338978
v 12.109995 19.214815 9.338978
v 11.890003 19.214815 9.338978
v 12.109995 18.785185 9.338978
v 11.890003 19.000000 9.370709
v 12.109995 19.000000 9.370709
v 11.890003 19.214815 9.161020
v 12.109995 18.785185 9.161020
v 11.890003 18.785185 9.161020
v 12.109995 19.214815 9.161020
v 12.109995 19.000000 9.129289
v 11.890003 19.000000 9.129289
v 12.109995 19.088980 9.464814
v 11.890003 19.088980 9.464814
v 11.890003 19.088980 9.035184
v 12.109995 19.088980 9.035184
v 12.109995 19.120710 9.249999
v 11.890003 19.120710 9.249999
v 11.890003 19.085356 9.335354
v 12.109995 19.085356 9.335354
v 12.109995 19.085356 9.164644
v 11.890003 19.085356 9.164644
v 11.890003 18.911020 9.464814
v 11.890003 18.911020 9.035184
v 12.109995 18.911020 9.035184
v 12.109995 18.879290 9.249999
v 11.890003 18.879290 9.249999
v 12.109995 18.911020 9.464814
v 12.109995 18.914644 9.335354
v 11.890003 18.914644 9.335354
v 11.890003 18.914644 9.164644
v 12.109995 18.914644 9.164644
v 11.813005 19.120710 9.249999
v 11.813005 19.000000 9.249999
v 11.813005 19.000000 9.370709
v 11.813005 19.085356 9.335354
v 11.813005 19.000000 9.129289
v 11.813005 19.085356 9.164644
v 11.813005 18.879290 9.249999
v 11.813005 18.914644 9.335354
v 11.813005 18.914644 9.164644
v -12.109997 18.835588 8.585588
v -12.109997 19.164412 8.585588
v -11.890003 18.835588 8.585588
v -11.890003 19.164412 8.585588
v -12.109997 18.835588 8.914413
v -12.109997 19.164412 8.914413
v -11.890003 18.835588 8.914413
v -11.890003 19.164412 8.914413
v -11.890003 18.767487 8.750001
v -11.890003 19.232513 8.750001
v -12.109997 18.767487 8.750001
v -12.109997 19.232513 8.750001
v -12.109997 19.000000 8.517487
v -11.890003 19.000000 8.517487
v -11.890003 19.000000 8.982515
v -12.109997 19.000000 8.982515
v -12.109997 19.000000 8.750001
v -11.890003 18.785185 8.661022
v -12.109997 19.214815 8.661022
v -11.890003 19.214815 8.661022
v -12.109997 18.785185 8.661022
v -11.890003 19.000000 8.629291
v -12.109997 19.000000 8.629291
v -11.890003 19.214815 8.838980
v -12.109997 18.785185 8.838980
v -11.890003 18.785185 8.838980
v -12.109997 19.214815 8.838980
v -12.109997 19.000000 8.870711
v -11.890003 19.000000 8.870711
v -12.109997 19.088980 8.535186
v -11.890003 19.088980 8.535186
v -11.890003 19.088980 8.964816
v -12.109997 19.088980 8.964816
v -12.109997 19.120710 8.750001
v -11.890003 19.120710 8.750001
v -11.890003 19.085356 8.664646
v -12.109997 19.085356 8.664646
v -12.109997 19.085356 8.835356
v -11.890003 19.085356 8.835356
v -11.890003 18.911020 8.535186
v -11.890003 18.911020 8.964816
v -12.109997 18.911020 8.964816
v -12.109997 18.879290 8.750001
v -11.890003 18.879290 8.750001
v -12.109997 18.911020 8.535186
v -12.109997 18.914644 8.664646
v -11.890003 18.914644 8.664646
v -11.890003 18.914644 8.835356
v -12.109997 18.914644 8.835356
v -11.813005 19.120710 8.750001
v -11.813005 19.000000 8.750001
v -11.813005 19.000000 8.629291
v -11.813005 19.085356 8.664646
v -11.813005 19.000000 8.870711
v -11.813005 19.085356 8.835356
v -11.813005 18.879290 8.750001
v -11.813005 18.914644 8.664646
v -11.813005 18.914644 8.835356
v 12.109995 18.835588 6.414412
v 12.109995 19.164412 6.414412
v 11.890003 18.835588 6.414412
v 11.890003 19.164412 6.414412
v 12.109995 18.835588 6.085587
v 12.109995 19.164412 6.085587
v 11.890003 18.835588 6.085587
v 11.890003 19.164412 6.085587
v 11.890003 18.767487 6.249999
v 11.890003 19.232513 6.249999
v 12.109995 18.767487 6.249999
v 12.109995 19.232513 6.249999
v 12.109995 19.000000 6.482513
v 11.890003 19.000000 6.482513
v 11.890003 19.000000 6.017485
v 12.109995 19.000000 6.017485
v 12.109995 19.000000 6.249999
v 11.890003 18.785185 6.338978
v 12.109995 19.214815 6.338978
v 11.890003 19.214815 6.338978
v 12.109995 18.785185 6.338978
v 11.890003 19.000000 6.370709
v 12.109995 19.000000 6.370709
v 11.890003 19.214815 6.161020
v 12.109995 18.785185 6.161020
v 11.890003 18.785185 6.161020
v 12.109995 19.214815 6.161020
v 12.109995 19.000000 6.129289
v 11.890003 19.000000 6.129289
v 12.109995 19.088980 6.464814
v 11.890003 19.088980 6.464814
v 11.890003 19.088980 6.035184
v 12.109995 19.088980 6.035184
v 12.109995 19.120710 6.249999
v 11.890003 19.120710 6.249999
v 11.890003 19.085356 6.335354
v 12.109995 19.085356 6.335354
v 12.109995 19.085356 6.164644
v 11.890003 19.085356 6.164644
v 11.890003 18.911020 6.464814
v 11.890003 18.911020 6.035184
v 12.109995 18.911020 6.035184
v 12.109995 18.879290 6.249999
v 11.890003 18.879290 6.249999
v 12.109995 18.911020 6.464814
v 12.109995 18.914644 6.335354
v 11.890003 18.914644 6.335354
v 11.890003 18.914644 6.164644
v 12.109995 18.914644 6.164644
v 11.813005 19.120710 6.249999
v 11.813005 19.000000 6.249999
v 11.813005 19.000000 6.370709
v 11.813005 19.085356 6.335354
v 11.813005 19.000000 6.129289
v 11.813005 19.085356 6.164644
v 11.813005 18.879290 6.249999
v 11.813005 18.914644 6.335354
v 11.813005 18.914644 6.164644
v -12.109997 18.835588 5.585588
v -12.109997 19.164412 5.585588
v -11.890003 18.835588 5.585588
v -11.890003 19.164412 5.585588
v -12.109997 18.835588 5.914413
v -12.109997 19.164412 5.914413
v -11.890003 18.835588 5.914413
v -11.890003 19.164412 5.914413
v -11.890003 18.767487 5.750001
v -11.890003 19.232513 5.750001
v -12.109997 18.767487 5.750001
v -12.109997 19.232513 5.750001
v -12.109997 19.000000 5.517487
v -11.890003 19.000000 5.517487
v -11.890003 19.000000 5.982515
v -12.109997 19.000000 5.982515
v -12.109997 19.000000 5.750001
v -11.890003 18.785185 5.661022
v -12.109997 19.214815 5.661022
v -11.890003 19.214815 5.661022
v -12.109997 18.785185 5.661022
v -11.890003 19.000000 5.629291
v -12.109997 19.000000 5.629291
v -11.890003 19.214815 5.838980
v -12.109997 18.785185 5.838980
v -11.890003 18.785185 5.838980
v -12.109997 19.214815 5.838980
v -12.109997 19.000000 5.870711
v -11.890003 19.000000 5.870711
v -12.109997 19.088980 5.535186
v -11.890003 19.088980 5.535186
v -11.890003 19.088980 5.964816
v -12.109997 19.088980 5.964816
v -12.109997 19.120710 5.750001
v -11.890003 19.120710 5.750001
v -11.890003 19.085356 5.664646
v -12.109997 19.085356 5.664646
v -12.109997 19.085356 5.835356
v -11.890003 19.085356 5.835356
v -11.890003 18.911020 5.535186
v -11.890003 18.911020 5.964816
v -12.109997 18.911020 5.964816
v -12.109997 18.879290 5.750001
v -11.890003 18.879290 5.750001
v -12.109997 18.911020 5.535186
v -12.109997 18.914644 5.664646
v -11.890003 18.914644 5.664646
v -11.890003 18.914644 5.835356
v -12.109997 18.914644 5.835356
v -11.813005 19.120710 5.750001
v -11.813005 19.000000 5.750001
v -11.813005 19.000000 5.629291
v -11.813005 19.085356 5.664646
v -11.813005 19.000000 5.870711
v -11.813005 19.085356 5.835356
v -11.813005 18.879290 5.750001
v -11.813005 18.914644 5.664646
v -11.813005 18.914644 5.835356
v 12.109995 20.335587 9.414412
v 12.109995 20.664412 9.414412
v 11.890003 20.335587 9.414412
v 11.890003 20.664412 9.414412
v 12.109995 20.335587 9.085587
v 12.109995 20.664412 9.085587
v 11.890003 20.335587 9.085587
v 11.890003 20.664412 9.085587
v 11.890003 20.267485 9.249999
v 11.890003 20.732513 9.249999
v 12.109995 20.267485 9.249999
v 12.109995 20.732513 9.249999
v 12.109995 20.500000 9.482513
v 11.890003 20.500000 9.482513
v 11.890003 20.500000 9.017485
v 12.109995 20.500000 9.017485
v 12.109995 20.500000 9.249999
v 11.890003 20.285185 9.338978
v 12.109995 20.714815 9.338978
v 11.890003 20.714815 9.338978
v 12.109995 20.285185 9.338978
v 11.890003 20.500000 9.370709
v 12.109995 20.500000 9.370709
v 11.890003 20.714815 9.161020
v 12.109995 20.285185 9.161020
v 11.890003 20.285185 9.161020
v 12.109995 20.714815 9.161020
v 12.109995 20.500000 9.129289
v 11.890003 20.500000 9.129289
v 12.109995 20.588978 9.464814
v 11.890003 20.588978 9.464814
v 11.890003 20.588978 9.035184
v 12.109995 20.588978 9.035184
v 12.109995 20.620710 9.249999
v 11.890003 20.620710 9.249999
v 11.890003 20.585354 9.335354
v 12.109995 20.585354 9.335354
v 12.109995 20.585354 9.164644
v 11.890003 20.585354 9.164644
v 11.890003 20.411020 9.464814
v 11.890003 20.411020 9.035184
v 12.109995 20.411020 9.035184
v 12.109995 20.379290 9.249999
v 11.890003 20.379290 9.249999
v 12.109995 20.411020 9.464814
v 12.109995 20.414644 9.335354
v 11.890003 20.414644 9.335354
v 11.890003 20.414644 9.164644
v 12.109995 20.414644 9.164644
v 11.813005 20.620710 9.249999
v 11.813005 20.500000 9.249999
v 11.813005 20.500000 9.370709
v 11.813005 20.585354 9.335354
v 11.813005 20.500000 9.129289
v 11.813005 20.585354 9.164644
v 11.813005 20.379290 9.249999
v 11.813005 20.414644 9.335354
v 11.813005 20.414644 9.164644
v -12.109997 20.335588 8.585588
v -12.109997 20.664412 8.585588
v -11.890003 20.335588 8.585588
v -11.890003 20.664412 8.585588
v -12.109997 20.335588 8.914413
v -12.109997 20.664412 8.914413
v -11.890003 20.335588 8.914413
v -11.890003 20.664412 8.914413
v -11.890003 20.267487 8.750001
v -11.890003 20.732513 8.750001
v -12.109997 20.267487 8.750001
v -12.109997 20.732513 8.750001
v -12.109997 20.500000 8.517487
v -11.890003 20.500000 8.517487
v -11.890003 20.500000 8.982515
v -12.109997 20.500000 8.982515
v -12.109997 20.500000 8.750001
v -11.890003 20.285185 8.661022
v -12.109997 20.714815 8.661022
v -11.890003 20.714815 8.661022
v -12.109997 20.285185 8.661022
v -11.890003 20.500000 8.629291
v -12.109997 20.500000 8.629291
v -11.890003 20.714815 8.838980
v -12.109997 20.285185 8.838980
v -11.890003 20.285185 8.838980
v -12.109997 20.714815 8.838980
v -12.109997 20.500000 8.870711
v -11.890003 20.500000 8.870711
v -12.109997 20.588980 8.535186
v -11.890003 20.588980 8.535186
v -11.890003 20.588980 8.964816
v -12.109997 20.588980 8.964816
v -12.109997 20.620710 8.750001
v -11.890003 20.620710 8.750001
v -11.890003 20.585356 8.664646
v -12.109997 20.585356 8.664646
v -12.109997 20.585356 8.835356
v -11.890003 20.585356 8.835356
v -11.890003 20.411020 8.535186
v -11.890003 20.411020 8.964816
v -12.109997 20.411020 8.964816
v -12.109997 20.379290 8.750001
v -11.890003 20.379290 8.750001
v -12.109997 20.411020 8.535186
v -12.109997 20.414644 8.664646
v -11.890003 20.414644 8.664646
v -11.890003 20.414644 8.835356
v -12.109997 20.414644 8.835356
v -11.813005 20.620710 8.750001
v -11.813005 20.500000 8.750001
v -11.813005 20.500000 8.629291
v -11.813005 20.585356 8.664646
v -11.813005 20.500000 8.870711
v -11.813005 20.585356 8.835356
v -11.813005 20.379290 8.750001
v -11.813005 20.414644 8.664646
v -11.813005 20.414644 8.835356
v 12.109995 20.335587 6.414412
v 12.109995 20.664412 6.414412
v 11.890003 20.335587 6.414412
v 11.890003 20.664412 6.414412
v 12.109995 20.335587 6.085587
v 12.109995 20.664412 6.085587
v 11.890003 20.335587 6.085587
v 11.890003 20.664412 6.085587
v 11.890003 20.267485 6.249999
v 11.890003 20.732513 6.249999
v 12.109995 20.267485 6.249999
v 12.109995 20.732513 6.249999
v 12.109995 20.500000 6.482513
v 11.890003 20.500000 6.482513
v 11.890003 20.500000 6.017485
v 12.109995 20.500000 6.017485
v 12.109995 20.500000 6.249999
v 11.890003 20.285185 6.338978
v 12.109995 20.714815 6.338978
v 11.890003 20.714815 6.338978
v 12.109995 20.285185 6.338978
v 11.890003 20.500000 6.370709
v 12.109995 20.500000 6.370709
v 11.890003 20.714815 6.161020
v 12.109995 20.285185 6.161020
v 11.890003 20.285185 6.161020
v 12.109995 20.714815 6.161020
v 12.109995 20.500000 6.129289
v 11.890003 20.500000 6.129289
v 12.109995 20.588978 6.464814
v 11.890003 20.588978 6.464814
v 11.890003 20.588978 6.035184
v 12.109995 20.588978 6.035184
v 12.109995 20.620710 6.249999
v 11.890003 20.620710 6.249999
v 11.890003 20.585354 6.335354
v 12.109995 20.585354 6.335354
v 12.109995 20.585354 6.164644
v 11.890003 20.585354 6.164644
v 11.890003 20.411020 6.464814
v 11.890003 20.411020 6.035184
v 12.109995 20.411020 6.035184
v 12.109995 20.379290 6.249999
v 11.890003 20.379290 6.249999
v 12.109995 20.411020 6.464814
v 12.109995 20.414644 6.335354
v 11.890003 20.414644 6.335354
v 11.890003 20.414644 6.164644
v 12.109995 20.414644 6.164644
v 11.813005 20.620710 6.249999
v 11.813005 20.500000 6.249999
v 11.813005 20.500000 6.370709
v 11.813005 20.585354 6.335354
v 11.813005 20.500000 6.129289
v 11.813005 20.585354 6.164644
v 11.813005 20.379290 6.249999
v 11.813005 20.414644 6.335354
v 11.813005 20.414644 6.164644
v -12.109997 20.335588 5.585588
v -12.109997 20.664412 5.585588
v -11.890003 20.335588 5.585588
v -11.890003 20.664412 5.585588
v -12.109997 20.335588 5.914413
v -12.109997 20.664412 5.914413
v -11.890003 20.335588 5.914413
v -11.890003 20.664412 5.914413
v -11.890003 20.267487 5.750001
v -11.890003 20.732513 5.750001
v -12.109997 20.267487 5.750001
v -12.109997 20.732513 5.750001
v -12.109997 20.500000 5.517487
v -11.890003 20.500000 5.517487
v -11.890003 20.500000 5.982515
v -12.109997 20.500000 5.982515
v -12.109997 20.500000 5.750001
v -11.890003 20.285185 5.661022
v -12.109997 20.714815 5.661022
v -11.890003 20.714815 5.661022
v -12.109997 20.285185 5.661022
v -11.890003 20.500000 5.629291
v -12.109997 20.500000 5.629291
v -11.890003 20.714815 5.838980
v -12.109997 20.285185 5.838980
v -11.890003 20.285185 5.838980
v -12.109997 20.714815 5.838980
v -12.109997 20.500000 5.870711
v -11.890003 20.500000 5.870711
v -12.109997 20.588980 5.535186
v -11.890003 20.588980 5.535186
v -11.890003 20.588980 5.964816
v -12.109997 20.588980 5.964816
v -12.109997 20.620710 5.750001
v -11.890003 20.620710 5.750001
v -11.890003 20.585356 5.664646
v -12.109997 20.585356 5.664646
v -12.109997 20.585356 5.835356
v -11.890003 20.585356 5.835356
v -11.890003 20.411020 5.535186
v -11.890003 20.411020 5.964816
v -12.109997 20.411020 5.964816
v -12.109997 20.379290 5.750001
v -11.890003 20.379290 5.750001
v -12.109997 20.411020 5.535186
v -12.109997 20.414644 5.664646
v -11.890003 20.414644 5.664646
v -11.890003 20.414644 5.835356
v -12.109997 20.414644 5.835356
v -11.813005 20.620710 5.750001
v -11.813005 20.500000 5.750001
v -11.813005 20.500000 5.629291
v -11.813005 20.585356 5.664646
v -11.813005 20.500000 5.870711
v -11.813005 20.585356 5.835356
v -11.813005 20.379290 5.750001
v -11.813005 20.414644 5.664646
v -11.813005 20.414644 5.835356
v -11.813829 18.858631 9.550001
v -11.689754 20.641371 9.425926
v -11.575013 18.858631 9.550001
v -11.478021 20.641371 9.425926
v -11.813829 18.956905 9.850000
v -11.813829 20.543097 9.850000
v -11.575013 18.956905 9.850000
v -11.311092 20.501818 9.778577
v -11.813829 19.141960 9.550001
v -11.813829 20.358042 9.550001
v -11.353946 20.358042 9.550001
v -11.575013 19.141960 9.550001
v -11.311092 20.358042 9.778577
v -11.575013 19.141960 9.850000
v -11.813829 20.358042 9.850000
v -11.813829 19.141960 9.850000
v -12.111470 20.358042 9.550001
v -12.111470 20.434544 9.550001
v -12.111470 19.141960 9.850000
v -12.111470 19.065458 9.850000
v -12.111470 19.065458 9.550001
v -12.111470 20.434544 9.850000
v -12.111470 19.141960 9.550001
v -12.111470 20.358042 9.850000
v -11.888827 18.956905 9.850000
v -11.888827 18.956905 9.550001
v -11.888827 19.141960 9.550001
v -11.888827 19.141960 9.850000
v -11.888827 20.358042 9.850000
v -11.888827 20.358042 9.550001
v -11.888827 20.543097 9.550001
v -11.888827 20.543097 9.850000
v -12.111470 19.200708 9.850001
v -12.111470 19.200708 9.550001
v -12.111470 20.299294 9.850000
v -12.111470 20.299294 9.550001
v -11.888827 20.299294 9.850000
v -11.888827 19.200708 9.550001
v -11.888827 19.200708 9.850001
v -11.888827 20.299294 9.550001
v -11.813829 18.956905 8.150001
v -11.813829 20.543097 8.150001
v -11.575013 18.956905 8.150001
v -11.311092 20.501818 8.221425
v -11.813829 18.858631 8.450001
v -11.689754 20.641371 8.574076
v -11.575013 18.858631 8.450001
v -11.478021 20.641371 8.574076
v -11.813829 19.141960 8.150001
v -11.813829 20.358042 8.150001
v -11.311092 20.358042 8.221425
v -11.575013 19.141960 8.150001
v -11.353946 20.358042 8.450001
v -11.575013 19.141960 8.450001
v -11.813829 20.358042 8.450001
v -11.813829 19.141960 8.450001
v -12.111470 20.358042 8.150001
v -12.111470 20.434544 8.150001
v -12.111470 19.141960 8.450001
v -12.111470 19.065458 8.450001
v -12.111470 19.065458 8.150001
v -12.111470 20.434544 8.450001
v -12.111470 19.141960 8.150001
v -12.111470 20.358042 8.450001
v -11.888827 18.956905 8.450001
v -11.888827 18.956905 8.150001
v -11.888827 19.141960 8.150001
v -11.888827 19.141960 8.450001
v -11.888827 20.358042 8.450001
v -11.888827 20.358042 8.150001
v -11.888827 20.543097 8.150001
v -11.888827 20.543097 8.450001
v -12.111470 19.200708 8.450001
v -12.111470 19.200708 8.150001
v -12.111470 20.299294 8.450001
v -12.111470 20.299294 8.150001
v -11.888827 20.299294 8.450001
v -11.888827 19.200708 8.150001
v -11.888827 19.200708 8.450001
v -11.888827 20.299294 8.150001
v -11.813829 19.750000 9.550001
v -11.311092 19.810297 9.621426
v -11.311092 19.810297 9.778577
v -11.813829 19.750000 9.850000
v -11.813829 19.750000 8.150001
v -11.311092 19.810297 8.221425
v -11.311092 19.810297 8.378576
v -11.813829 19.750000 8.450001
v -11.813829 20.358042 9.000001
v -11.353946 20.418337 9.000001
v -11.478021 20.641371 9.000001
v -11.689754 20.641371 9.000001
v -11.575013 18.858631 9.000001
v -11.575013 19.141960 9.000001
v -11.813829 19.141960 9.000001
v -11.813829 18.858631 9.000001
v -11.813829 20.641371 9.550001
v -11.311092 20.581074 9.536629
v -11.311092 20.581074 8.463372
v -11.813829 20.641371 8.450001
v -11.311092 20.581074 9.000001
v -11.813829 20.641371 9.000001
v -11.689754 20.716864 9.000001
v -11.478021 20.716864 9.000001
v -11.689754 20.716864 9.425926
v -11.478021 20.716864 9.425926
v -11.478021 20.716864 8.574076
v -11.689754 20.716864 8.574076
v -11.353946 20.641371 9.550001
v -11.353946 20.543097 9.850000
v -11.353946 20.358042 9.850000
v -11.353946 20.543097 8.150001
v -11.353946 20.641371 8.450001
v -11.353946 20.358042 8.150001
v -11.353946 20.358042 9.000001
v -11.353946 20.418337 9.621426
v -11.353946 20.641371 9.000001
v -11.353946 19.750000 9.550001
v -11.353946 19.750000 9.850000
v -11.353946 19.750000 8.150001
v -11.353946 20.418337 8.378576
v -11.353946 19.750000 8.450001
v -9.777581 20.516068 9.536629
v -9.777581 20.418337 9.621426
v -9.777581 20.358042 9.778577
v -9.777581 20.516068 8.463372
v -9.777581 20.418337 8.378576
v -9.777581 20.358042 8.221425
v -9.777581 20.516068 9.000001
v -9.777581 20.418337 9.000001
v -9.777581 20.436811 9.778577
v -9.777581 20.436811 8.221425
v -9.777581 19.864548 9.621426
v -9.777581 19.864548 9.778577
v -9.777581 19.864548 8.221425
v -9.777581 19.864548 8.378576
v -10.601899 20.418337 8.378576
v -10.691019 20.418337 8.378576
v -10.601899 20.418337 9.621426
v -10.691019 20.418337 9.621426
v -10.691019 20.418337 9.000001
v -10.601899 20.418337 9.000001
v -10.735582 19.810297 8.378576
v -10.557341 19.810297 8.378576
v -10.557341 19.810297 8.221425
v -10.735582 19.810297 8.221425
v -10.557341 20.581074 9.536629
v -10.735582 20.581074 9.536629
v -10.557341 20.581074 9.000001
v -10.735582 20.581074 9.000001
v -10.735582 20.581074 8.463372
v -10.557341 20.581074 8.463372
v -10.735582 19.810297 9.621426
v -10.557341 19.810297 9.621426
v -10.557341 19.810297 9.778577
v -10.735582 19.810297 9.778577
v -10.735582 20.358042 9.778577
v -10.557341 20.358042 9.778577
v -10.557341 20.501818 9.778577
v -10.735582 20.501818 9.778577
v -10.557341 20.358042 8.221425
v -10.735582 20.358042 8.221425
v -10.735582 20.501818 8.221425
v -10.557341 20.501818 8.221425
v -10.691019 20.469666 8.277057
v -10.601899 20.469666 8.277057
v -10.601899 20.358042 8.288845
v -10.691019 20.358042 8.288845
v -10.691019 19.850542 8.330904
v -10.601899 19.850542 8.330904
v -10.601899 20.458582 8.330904
v -10.691019 20.458582 8.330904
v -10.691019 20.525131 8.475780
v -10.601899 20.525131 8.475780
v -10.601899 19.850542 8.269098
v -10.691019 19.850542 8.269098
v -10.691019 20.358042 9.711157
v -10.601899 20.358042 9.711157
v -10.601899 20.469666 9.722945
v -10.691019 20.469666 9.722945
v -10.691019 19.850542 9.669098
v -10.601899 19.850542 9.669098
v -10.601899 19.850542 9.730904
v -10.691019 19.850542 9.730904
v -10.601899 20.525131 9.524222
v -10.691019 20.525131 9.524222
v -10.691019 20.475252 9.000001
v -10.601899 20.475252 9.000001
v -10.601899 20.458582 9.669098
v -10.691019 20.458582 9.669098
v -10.601899 20.524158 9.000001
v -10.691019 20.524158 9.000001
v -11.813829 19.890118 9.550001
v -11.353946 19.890118 9.550001
v -11.353946 19.890118 9.850000
v -11.813829 19.890118 9.850000
v -11.353946 19.890131 9.621426
v -11.311092 19.890125 9.778577
v -9.777581 19.944382 9.621426
v -9.777581 19.944376 9.778577
v -10.557342 19.890125 9.778577
v -10.735579 19.890125 9.778577
v -10.601899 19.890131 9.621426
v -10.691019 19.890131 9.621426
v -10.601899 19.890129 9.721030
v -10.691019 19.890129 9.721030
v -10.601899 19.890139 9.669098
v -10.691019 19.890139 9.669098
v -11.813829 19.890118 8.150001
v -11.353946 19.890118 8.150001
v -11.353946 19.890118 8.450001
v -11.813829 19.890118 8.450001
v -11.311092 19.890125 8.221425
v -11.353946 19.890131 8.378576
v -9.777581 19.944376 8.221425
v -9.777581 19.944382 8.378576
v -10.601899 19.890131 8.378576
v -10.691019 19.890131 8.378576
v -10.557342 19.890125 8.221425
v -10.735579 19.890125 8.221425
v -10.601899 19.890139 8.330904
v -10.691019 19.890139 8.330904
v -10.601899 19.890129 8.278972
v -10.691019 19.890129 8.278972
v -10.557341 19.810297 8.994514
v -9.777581 19.864548 8.994514
v -9.777581 19.944382 8.994514
v -10.601899 19.890131 8.994514
v -10.601899 19.890139 8.994093
v -10.691019 19.890139 8.994093
v -10.691019 19.890131 8.994514
v -11.353946 19.890131 8.994514
v -10.601899 19.850542 8.994093
v -10.691019 19.850542 8.994093
v -10.735582 19.810297 8.994514
v -11.311092 19.810297 8.994514
v -9.927883 19.827160 8.380960
v -9.927883 19.827160 9.619040
v -9.927883 19.827160 8.224413
v -9.927883 20.377565 8.224413
v -9.927883 20.559072 9.534569
v -9.927883 20.471636 9.775588
v -9.927883 20.559072 9.000000
v -9.927883 20.559072 8.465431
v -9.927883 20.471636 8.224413
v -9.927883 19.827160 9.775588
v -9.927883 20.377565 9.775588
v -9.927883 19.915226 9.775588
v -9.927883 19.915226 8.224413
v -9.927883 19.827160 8.994534
v -9.858787 19.861835 8.378576
v -9.858787 19.861835 8.221425
v -9.858787 20.358042 8.221425
v -9.858787 20.440062 9.778577
v -9.858787 19.941664 9.778577
v -9.858787 19.941664 8.221425
v -9.858787 19.861835 8.994514
v -9.858787 19.861835 9.621426
v -9.858787 20.519318 9.536629
v -9.858787 20.519318 9.000001
v -9.858787 20.519318 8.463372
v -9.858787 20.440062 8.221425
v -9.858787 19.861835 9.778577
v -9.858787 20.358042 9.778577
v -11.813829 18.858631 6.550001
v -11.689754 20.641371 6.425927
v -11.575013 18.858631 6.550001
v -11.478021 20.641371 6.425927
v -11.813829 18.956905 6.850001
v -11.813829 20.543097 6.850001
v -11.575013 18.956905 6.850001
v -11.311092 20.501818 6.778577
v -11.813829 19.141960 6.550001
v -11.813829 20.358042 6.550001
v -11.353946 20.358042 6.550001
v -11.575013 19.141960 6.550001
v -11.311092 20.358042 6.778577
v -11.575013 19.141960 6.850001
v -11.813829 20.358042 6.850001
v -11.813829 19.141960 6.850001
v -12.111470 20.358042 6.550001
v -12.111470 20.434544 6.550001
v -12.111470 19.141960 6.850001
v -12.111470 19.065458 6.850001
v -12.111470 19.065458 6.550001
v -12.111470 20.434544 6.850001
v -12.111470 19.141960 6.550001
v -12.111470 20.358042 6.850001
v -11.888827 18.956905 6.850001
v -11.888827 18.956905 6.550001
v -11.888827 19.141960 6.550001
v -11.888827 19.141960 6.850001
v -11.888827 20.358042 6.850001
v -11.888827 20.358042 6.550001
v -11.888827 20.543097 6.550001
v -11.888827 20.543097 6.850001
v -12.111470 19.200708 6.850001
v -12.111470 19.200708 6.550001
v -12.111470 20.299294 6.850001
v -12.111470 20.299294 6.550001
v -11.888827 20.299294 6.850001
v -11.888827 19.200708 6.550001
v -11.888827 19.200708 6.850001
v -11.888827 20.299294 6.550001
v -11.813829 18.956905 5.150001
v -11.813829 20.543097 5.150001
v -11.575013 18.956905 5.150001
v -11.311092 20.501818 5.221425
v -11.813829 18.858631 5.450001
v -11.689754 20.641371 5.574075
v -11.575013 18.858631 5.450001
v -11.478021 20.641371 5.574075
v -11.813829 19.141960 5.150001
v -11.813829 20.358042 5.150001
v -11.311092 20.358042 5.221425
v -11.575013 19.141960 5.150001
v -11.353946 20.358042 5.450001
v -11.575013 19.141960 5.450001
v -11.813829 20.358042 5.450001
v -11.813829 19.141960 5.450001
v -12.111470 20.358042 5.150001
v -12.111470 20.434544 5.150001
v -12.111470 19.141960 5.450001
v -12.111470 19.065458 5.450001
v -12.111470 19.065458 5.150001
v -12.111470 20.434544 5.450001
v -12.111470 19.141960 5.150001
v -12.111470 20.358042 5.450001
v -11.888827 18.956905 5.450001
v -11.888827 18.956905 5.150001
v -11.888827 19.141960 5.150001
v -11.888827 19.141960 5.450001
v -11.888827 20.358042 5.450001
v -11.888827 20.358042 5.150001
v -11.888827 20.543097 5.150001
v -11.888827 20.543097 5.450001
v -12.111470 19.200708 5.450001
v -12.111470 19.200708 5.150001
v -12.111470 20.299294 5.450001
v -12.111470 20.299294 5.150001
v -11.888827 20.299294 5.450001
v -11.888827 19.200708 5.150001
v -11.888827 19.200708 5.450001
v -11.888827 20.299294 5.150001
v -11.813829 19.750000 6.550001
v -11.311092 19.810297 6.621425
v -11.311092 19.810297 6.778577
v -11.813829 19.750000 6.850001
v -11.813829 19.750000 5.150001
v -11.311092 19.810297 5.221425
v -11.311092 19.810297 5.378576
v -11.813829 19.750000 5.450001
v -11.813829 20.358042 6.000001
v -11.353946 20.418337 6.000001
v -11.478021 20.641371 6.000001
v -11.689754 20.641371 6.000001
v -11.575013 18.858631 6.000001
v -11.575013 19.141960 6.000001
v -11.813829 19.141960 6.000001
v -11.813829 18.858631 6.000001
v -11.813829 20.641371 6.550001
v -11.311092 20.581074 6.536629
v -11.311092 20.581074 5.463372
v -11.813829 20.641371 5.450001
v -11.311092 20.581074 6.000001
v -11.813829 20.641371 6.000001
v -11.689754 20.716864 6.000001
v -11.478021 20.716864 6.000001
v -11.689754 20.716864 6.425927
v -11.478021 20.716864 6.425927
v -11.478021 20.716864 5.574075
v -11.689754 20.716864 5.574075
v -11.353946 20.641371 6.550001
v -11.353946 20.543097 6.850001
v -11.353946 20.358042 6.850001
v -11.353946 20.543097 5.150001
v -11.353946 20.641371 5.450001
v -11.353946 20.358042 5.150001
v -11.353946 20.358042 6.000001
v -11.353946 20.418337 6.621425
v -11.353946 20.641371 6.000001
v -11.353946 19.750000 6.550001
v -11.353946 19.750000 6.850001
v -11.353946 19.750000 5.150001
v -11.353946 20.418337 5.378576
v -11.353946 19.750000 5.450001
v -9.777581 20.516068 6.536629
v -9.777581 20.418337 6.621425
v -9.777581 20.358042 6.778577
v -9.777581 20.516068 5.463372
v -9.777581 20.418337 5.378576
v -9.777581 20.358042 5.221425
v -9.777581 20.516068 6.000001
v -9.777581 20.418337 6.000001
v -9.777581 20.436811 6.778577
v -9.777581 20.436811 5.221425
v -9.777581 19.864548 6.621425
v -9.777581 19.864548 6.778577
v -9.777581 19.864548 5.221425
v -9.777581 19.864548 5.378576
v -10.601899 20.418337 5.378576
v -10.691019 20.418337 5.378576
v -10.601899 20.418337 6.621425
v -10.691019 20.418337 6.621425
v -10.691019 20.418337 6.000001
v -10.601899 20.418337 6.000001
v -10.735582 19.810297 5.378576
v -10.557341 19.810297 5.378576
v -10.557341 19.810297 5.221425
v -10.735582 19.810297 5.221425
v -10.557341 20.581074 6.536629
v -10.735582 20.581074 6.536629
v -10.557341 20.581074 6.000001
v -10.735582 20.581074 6.000001
v -10.735582 20.581074 5.463372
v -10.557341 20.581074 5.463372
v -10.735582 19.810297 6.621425
v -10.557341 19.810297 6.621425
v -10.557341 19.810297 6.778577
v -10.735582 19.810297 6.778577
v -10.735582 20.358042 6.778577
v -10.557341 20.358042 6.778577
v -10.557341 20.501818 6.778577
v -10.735582 20.501818 6.778577
v -10.557341 20.358042 5.221425
v -10.735582 20.358042 5.221425
v -10.735582 20.501818 5.221425
v -10.557341 20.501818 5.221425
v -10.691019 20.469666 5.277057
v -10.601899 20.469666 5.277057
v -10.601899 20.358042 5.288845
v -10.691019 20.358042 5.288845
v -10.691019 19.850542 5.330904
v -10.601899 19.850542 5.330904
v -10.601899 20.458582 5.330904
v -10.691019 20.458582 5.330904
v -10.691019 20.525131 5.475780
v -10.601899 20.525131 5.475780
v -10.601899 19.850542 5.269098
v -10.691019 19.850542 5.269098
v -10.691019 20.358042 6.711157
v -10.601899 20.358042 6.711157
v -10.601899 20.469666 6.722945
v -10.691019 20.469666 6.722945
v -10.691019 19.850542 6.669098
v -10.601899 19.850542 6.669098
v -10.601899 19.850542 6.730904
v -10.691019 19.850542 6.730904
v -10.601899 20.525131 6.524222
v -10.691019 20.525131 6.524222
v -10.691019 20.475252 6.000001
v -10.601899 20.475252 6.000001
v -10.601899 20.458582 6.669098
v -10.691019 20.458582 6.669098
v -10.601899 20.524158 6.000001
v -10.691019 20.524158 6.000001
v -11.813829 19.890118 6.550001
v -11.353946 19.890118 6.550001
v -11.353946 19.890118 6.850001
v -11.813829 19.890118 6.850001
v -11.353946 19.890131 6.621425
v -11.311092 19.890125 6.778577
v -9.777581 19.944382 6.621425
v -9.777581 19.944376 6.778577
v -10.557342 19.890125 6.778577
v -10.735579 19.890125 6.778577
v -10.601899 19.890131 6.621425
v -10.691019 19.890131 6.621425
v -10.601899 19.890129 6.721031
v -10.691019 19.890129 6.721031
v -10.601899 19.890139 6.669098
v -10.691019 19.890139 6.669098
v -11.813829 19.890118 5.150001
v -11.353946 19.890118 5.150001
v -11.353946 19.890118 5.450001
v -11.813829 19.890118 5.450001
v -11.311092 19.890125 5.221425
v -11.353946 19.890131 5.378576
v -9.777581 19.944376 5.221425
v -9.777581 19.944382 5.378576
v -10.601899 19.890131 5.378576
v -10.691019 19.890131 5.378576
v -10.557342 19.890125 5.221425
v -10.735579 19.890125 5.221425
v -10.601899 19.890139 5.330904
v -10.691019 19.890139 5.330904
v -10.601899 19.890129 5.278972
v -10.691019 19.890129 5.278972
v -10.557341 19.810297 5.994514
v -9.777581 19.864548 5.994514
v -9.777581 19.944382 5.994514
v -10.601899 19.890131 5.994514
v -10.601899 19.890139 5.994092
v -10.691019 19.890139 5.994092
v -10.691019 19.890131 5.994514
v -11.353946 19.890131 5.994514
v -10.601899 19.850542 5.994092
v -10.691019 19.850542 5.994092
v -10.735582 19.810297 5.994514
v -11.311092 19.810297 5.994514
v -9.927883 19.827160 5.380961
v -9.927883 19.827160 6.619039
v -9.927883 19.827160 5.224413
v -9.927883 20.377565 5.224413
v -9.927883 20.559072 6.534569
v -9.927883 20.471636 6.775588
v -9.927883 20.559072 6.000000
v -9.927883 20.559072 5.465431
v -9.927883 20.471636 5.224413
v -9.927883 19.827160 6.775588
v -9.927883 20.377565 6.775588
v -9.927883 19.915226 6.775588
v -9.927883 19.915226 5.224413
v -9.927883 19.827160 5.994534
v -9.858787 19.861835 5.378576
v -9.858787 19.861835 5.221425
v -9.858787 20.358042 5.221425
v -9.858787 20.440062 6.778577
v -9.858787 19.941664 6.778577
v -9.858787 19.941664 5.221425
v -9.858787 19.861835 5.994514
v -9.858787 19.861835 6.621425
v -9.858787 20.519318 6.536629
v -9.858787 20.519318 6.000001
v -9.858787 20.519318 5.463372
v -9.858787 20.440062 5.221425
v -9.858787 19.861835 6.778577
v -9.858787 20.358042 6.778577
v 11.813830 18.858629 5.449999
v 11.575015 18.858629 5.449999
v 11.813830 18.956903 5.149999
v 11.813830 19.141958 5.449999
v 11.888830 18.956903 5.449999
v 11.813830 18.858629 5.999999
v 11.813830 18.858629 6.549999
v 11.575015 18.858629 5.999999
v 11.813830 19.141958 5.999999
v 11.813830 19.141958 6.549999
v 11.575015 19.141958 5.999999
v 11.575015 19.141958 5.449999
v 11.575015 19.141958 6.549999
v 11.575015 18.858629 6.549999
v 11.311093 19.810295 6.621423
v 11.575015 19.141958 6.849999
v 11.575015 18.956903 6.849999
v 11.311093 19.810295 6.778575
v 11.813830 19.141958 6.849999
v 11.813830 18.956903 6.849999
v 11.888830 19.141958 6.849999
v 11.813830 19.749998 6.849999
v 11.813830 20.358040 6.849999
v 11.813830 19.749998 6.549999
v 11.813830 20.358040 6.549999
v 11.689754 20.641369 6.425925
v 11.353947 20.418335 6.621423
v 11.888830 20.358040 6.549999
v 11.813830 20.358040 5.999999
v 11.813830 20.358040 5.449999
v 11.689754 20.641369 5.999999
v 11.353947 20.418335 5.999999
v 11.353947 20.418335 5.378575
v 11.478023 20.641369 5.999999
v 11.478023 20.641369 5.574073
v 11.478023 20.641369 6.425925
v 11.311093 20.501816 6.778575
v 11.813830 20.543095 6.849999
v 11.311093 20.358040 6.778575
v 11.888830 20.543095 6.849999
v 12.111471 20.434542 6.849999
v 11.888830 20.358040 6.849999
v 11.888830 20.543095 6.549999
v 12.111471 20.434542 6.549999
v 12.111471 20.358040 6.549999
v 12.111471 20.358040 6.849999
v 12.111471 20.299292 6.549999
v 12.111471 20.299292 6.849999
v 11.888830 20.299292 6.549999
v 11.888830 20.299292 6.849999
v 11.689754 20.641369 5.574073
v 11.311093 20.501816 5.221423
v 11.813830 20.543095 5.149999
v 11.311093 20.358040 5.221423
v 11.813830 20.358040 5.149999
v 11.311093 19.826174 5.221423
v 11.575015 19.141958 5.149999
v 11.311093 19.826174 5.378575
v 11.813830 19.765877 5.149999
v 11.813830 19.141958 5.149999
v 11.813830 19.765877 5.449999
v 11.888830 19.141958 5.149999
v 12.111471 19.141958 5.149999
v 11.888830 18.956903 5.149999
v 11.888830 19.141958 5.449999
v 11.888830 19.200706 5.149999
v 12.111471 19.200706 5.149999
v 11.888830 19.200706 5.449999
v 12.111471 19.200706 5.449999
v 12.111471 19.141958 5.449999
v 12.111471 19.065456 5.449999
v 12.111471 19.065456 5.149999
v 11.575015 18.956903 5.149999
v 11.888830 20.358040 5.149999
v 12.111471 20.358040 5.149999
v 11.888830 20.543095 5.149999
v 11.888830 20.358040 5.449999
v 11.888830 20.299292 5.149999
v 12.111471 20.299292 5.149999
v 11.888830 20.299292 5.449999
v 12.111471 20.299292 5.449999
v 12.111471 20.358040 5.449999
v 12.111471 20.434542 5.449999
v 12.111471 20.434542 5.149999
v 11.888830 20.543095 5.449999
v 12.111471 19.141958 6.849999
v 11.888830 18.956903 6.849999
v 11.888830 19.141958 6.549999
v 11.888830 19.200706 6.849999
v 12.111471 19.200706 6.849999
v 11.888830 19.200706 6.549999
v 12.111471 19.200706 6.549999
v 12.111471 19.141958 6.549999
v 12.111471 19.065456 6.549999
v 12.111471 19.065456 6.849999
v 11.888830 18.956903 6.549999
v 11.353947 20.641369 5.999999
v 11.311093 20.581072 5.463371
v 11.311093 20.581072 6.536627
v 11.813830 20.641369 6.549999
v 11.813830 20.641369 5.449999
v 11.813830 20.641369 5.999999
v 11.689754 20.716864 5.999999
v 11.478023 20.716864 5.999999
v 11.478023 20.716864 5.574073
v 11.478023 20.716864 6.425925
v 11.689754 20.716864 6.425925
v 11.689754 20.716864 5.574073
v 11.353947 20.358040 5.999999
v 11.353947 20.358040 5.449999
v 11.353947 20.358040 6.549999
v 11.311093 20.581072 5.999999
v 11.353947 20.641369 5.449999
v 11.353947 20.641369 6.549999
v 11.353947 20.543095 6.849999
v 11.353947 20.358040 6.849999
v 11.353947 19.749998 6.849999
v 11.353947 20.543095 5.149999
v 11.353947 20.358040 5.149999
v 11.353947 19.765877 5.149999
v 11.353947 19.765877 5.449999
v 11.353947 19.749998 6.549999
v 9.777582 20.516066 5.999999
v 9.777582 20.418335 5.999999
v 9.777582 20.516066 6.536627
v 9.777582 20.418335 6.621424
v 9.777582 20.358040 6.778575
v 9.777582 20.516066 5.463371
v 9.777582 20.418335 5.378575
v 9.777582 20.358040 5.221423
v 9.777582 20.436810 6.778575
v 9.777582 19.864548 6.778575
v 9.777582 20.436810 5.221423
v 9.777582 19.880424 5.221423
v 9.777582 19.880424 5.378575
v 9.777582 19.864548 6.621424
v 10.716514 20.501816 5.221423
v 10.538272 20.501816 5.221423
v 10.716514 19.810295 6.621423
v 10.538272 19.810295 6.621423
v 10.716514 19.810295 6.778575
v 10.538272 19.810295 6.778575
v 10.538272 20.358040 6.778575
v 10.716514 20.358040 6.778575
v 10.538272 20.501816 6.778575
v 10.716514 20.501816 6.778575
v 10.716514 20.581072 5.463371
v 10.538272 20.581072 5.463371
v 10.582835 20.418335 5.999999
v 10.671955 20.418335 5.999999
v 10.671955 20.418335 5.378575
v 10.582835 20.418335 5.378575
v 10.538272 20.358040 5.221423
v 10.716514 20.358040 5.221423
v 10.582835 20.418335 6.621423
v 10.671955 20.418335 6.621423
v 10.538272 19.826174 5.221423
v 10.716514 19.826174 5.221423
v 10.716514 20.581072 5.999999
v 10.538272 20.581072 5.999999
v 10.538272 19.826174 5.378575
v 10.716514 19.826174 5.378575
v 10.716514 20.581072 6.536627
v 10.538272 20.581072 6.536627
v 10.671955 19.850540 6.669096
v 10.582835 19.850540 6.669096
v 10.582835 20.458580 6.669096
v 10.671955 20.458580 6.669096
v 10.671955 20.525129 6.524221
v 10.582835 20.525129 6.524221
v 10.582835 20.469664 6.722943
v 10.671955 20.469664 6.722943
v 10.671955 20.458580 5.330902
v 10.582835 20.458580 5.330902
v 10.582835 19.866419 5.330902
v 10.671955 19.866419 5.330902
v 10.671955 20.524157 5.999999
v 10.582835 20.524157 5.999999
v 10.582835 19.866419 5.269096
v 10.671955 19.866419 5.269096
v 10.671955 20.525129 5.475778
v 10.582835 20.525129 5.475778
v 10.582835 20.358040 5.288843
v 10.671955 20.358040 5.288843
v 10.582835 20.475250 5.999999
v 10.671955 20.475250 5.999999
v 10.582835 20.358040 6.711155
v 10.671955 20.358040 6.711155
v 10.671955 19.850540 6.730902
v 10.582835 19.850540 6.730902
v 10.671955 20.469664 5.277055
v 10.582835 20.469664 5.277055
v 11.353947 19.890118 5.149999
v 11.813830 19.890118 5.149999
v 11.813830 19.890118 5.449999
v 11.353947 19.890118 5.449999
v 11.311093 19.890125 5.221423
v 11.353947 19.890131 5.378575
v 9.777582 19.944376 5.221423
v 9.777582 19.944382 5.378575
v 10.582835 19.890131 5.378575
v 10.671955 19.890131 5.378575
v 10.538273 19.890125 5.221423
v 10.716516 19.890125 5.221423
v 10.582835 19.890139 5.330902
v 10.671955 19.890139 5.330902
v 10.582835 19.890129 5.278970
v 10.671955 19.890129 5.278970
v 11.813830 19.890118 6.849999
v 11.813830 19.890118 6.549999
v 11.353947 19.890118 6.849999
v 11.353947 19.890118 6.549999
v 11.311093 19.890123 6.778575
v 11.353947 19.890129 6.621423
v 9.777582 19.944374 6.778575
v 9.777582 19.944382 6.621424
v 10.582835 19.890129 6.621423
v 10.671955 19.890129 6.621423
v 10.538273 19.890123 6.778575
v 10.716516 19.890123 6.778575
v 10.582835 19.890137 6.669096
v 10.671955 19.890137 6.669096
v 10.582835 19.890127 6.721028
v 10.671955 19.890127 6.721028
v 10.582835 19.890129 5.999999
v 9.777582 19.944382 5.999999
v 9.777582 19.872486 5.999999
v 10.538272 19.818233 5.999999
v 10.582835 19.858479 5.999999
v 10.671955 19.858479 5.999999
v 10.716514 19.818233 5.999999
v 11.311093 19.818233 5.999999
v 10.582835 19.890137 5.999999
v 10.671955 19.890137 5.999999
v 10.671955 19.890129 5.999999
v 11.353947 19.890129 5.999999
v 9.925979 20.559071 5.465430
v 9.925979 20.471636 5.224411
v 9.925979 20.377565 5.224411
v 9.925979 19.827158 6.619038
v 9.925979 19.827158 6.775586
v 9.925979 20.377565 6.775586
v 9.925979 20.471636 6.775586
v 9.925979 20.559071 6.534567
v 9.925979 20.559071 5.999998
v 9.925979 19.844675 5.380960
v 9.925979 19.844675 5.224411
v 9.925979 19.915226 5.224411
v 9.925979 19.915224 6.775586
v 9.925979 19.835917 5.999998
v 9.857834 20.440060 5.221423
v 9.857834 20.358040 5.221423
v 9.857834 19.861834 6.621424
v 9.857834 19.861834 6.778575
v 9.857834 20.358040 6.778575
v 9.857834 20.440060 6.778575
v 9.857834 20.519316 6.536627
v 9.857834 19.877712 5.221423
v 9.857834 19.941664 5.221423
v 9.857834 19.941662 6.778575
v 9.857834 20.519316 5.463371
v 9.857834 20.519316 5.999999
v 9.857834 19.877712 5.378575
v 9.857834 19.869774 5.999999
v 11.813830 18.858629 8.449999
v 11.575015 18.858629 8.449999
v 11.813830 18.956903 8.149999
v 11.813830 19.141958 8.449999
v 11.888830 18.956903 8.449999
v 11.813830 18.858629 8.999999
v 11.813830 18.858629 9.549999
v 11.575015 18.858629 8.999999
v 11.813830 19.141958 8.999999
v 11.813830 19.141958 9.549999
v 11.575015 19.141958 8.999999
v 11.575015 19.141958 8.449999
v 11.575015 19.141958 9.549999
v 11.575015 18.858629 9.549999
v 11.311093 19.810295 9.621424
v 11.575015 19.141958 9.849998
v 11.575015 18.956903 9.849998
v 11.311093 19.810295 9.778575
v 11.813830 19.141958 9.849998
v 11.813830 18.956903 9.849998
v 11.888830 19.141958 9.849998
v 11.813830 19.749998 9.849998
v 11.813830 20.358040 9.849998
v 11.813830 19.749998 9.549999
v 11.813830 20.358040 9.549999
v 11.689754 20.641369 9.425924
v 11.353947 20.418335 9.621424
v 11.888830 20.358040 9.549999
v 11.813830 20.358040 8.999999
v 11.813830 20.358040 8.449999
v 11.689754 20.641369 8.999999
v 11.353947 20.418335 8.999999
v 11.353947 20.418335 8.378574
v 11.478023 20.641369 8.999999
v 11.478023 20.641369 8.574074
v 11.478023 20.641369 9.425924
v 11.311093 20.501816 9.778575
v 11.813830 20.543095 9.849998
v 11.311093 20.358040 9.778575
v 11.888830 20.543095 9.849998
v 12.111471 20.434542 9.849998
v 11.888830 20.358040 9.849998
v 11.888830 20.543095 9.549999
v 12.111471 20.434542 9.549999
v 12.111471 20.358040 9.549999
v 12.111471 20.358040 9.849998
v 12.111471 20.299292 9.549999
v 12.111471 20.299292 9.849999
v 11.888830 20.299292 9.549999
v 11.888830 20.299292 9.849999
v 11.689754 20.641369 8.574074
v 11.311093 20.501816 8.221423
v 11.813830 20.543095 8.149999
v 11.311093 20.358040 8.221423
v 11.813830 20.358040 8.149999
v 11.311093 19.826174 8.221423
v 11.575015 19.141958 8.150000
v 11.311093 19.826174 8.378574
v 11.813830 19.765877 8.149999
v 11.813830 19.141958 8.149999
v 11.813830 19.765877 8.449999
v 11.888830 19.141958 8.149999
v 12.111471 19.141958 8.149999
v 11.888830 18.956903 8.149999
v 11.888830 19.141958 8.449999
v 11.888830 19.200706 8.149999
v 12.111471 19.200706 8.149999
v 11.888830 19.200706 8.449999
v 12.111471 19.200706 8.449999
v 12.111471 19.141958 8.449999
v 12.111471 19.065456 8.449999
v 12.111471 19.065456 8.149999
v 11.575015 18.956903 8.150000
v 11.888830 20.358040 8.149999
v 12.111471 20.358040 8.149999
v 11.888830 20.543095 8.149999
v 11.888830 20.358040 8.449999
v 11.888830 20.299292 8.149999
v 12.111471 20.299292 8.149999
v 11.888830 20.299292 8.449999
v 12.111471 20.299292 8.449999
v 12.111471 20.358040 8.449999
v 12.111471 20.434542 8.449999
v 12.111471 20.434542 8.149999
v 11.888830 20.543095 8.449999
v 12.111471 19.141958 9.849998
v 11.888830 18.956903 9.849998
v 11.888830 19.141958 9.549999
v 11.888830 19.200706 9.849998
v 12.111471 19.200706 9.849998
v 11.888830 19.200706 9.549999
v 12.111471 19.200706 9.549999
v 12.111471 19.141958 9.549999
v 12.111471 19.065456 9.549999
v 12.111471 19.065456 9.849998
v 11.888830 18.956903 9.549999
v 11.353947 20.641369 8.999999
v 11.311093 20.581072 8.463371
v 11.311093 20.581072 9.536627
v 11.813830 20.641369 9.549999
v 11.813830 20.641369 8.449999
v 11.813830 20.641369 8.999999
v 11.689754 20.716864 8.999999
v 11.478023 20.716864 8.999999
v 11.478023 20.716864 8.574074
v 11.478023 20.716864 9.425924
v 11.689754 20.716864 9.425924
v 11.689754 20.716864 8.574074
v 11.353947 20.358040 8.999999
v 11.353947 20.358040 8.449999
v 11.353947 20.358040 9.549999
v 11.311093 20.581072 8.999999
v 11.353947 20.641369 8.449999
v 11.353947 20.641369 9.549999
v 11.353947 20.543095 9.849998
v 11.353947 20.358040 9.849998
v 11.353947 19.749998 9.849998
v 11.353947 20.543095 8.150000
v 11.353947 20.358040 8.150000
v 11.353947 19.765877 8.150000
v 11.353947 19.765877 8.449999
v 11.353947 19.749998 9.549999
v 9.777582 20.516066 8.999999
v 9.777582 20.418335 8.999999
v 9.777582 20.516066 9.536627
v 9.777582 20.418335 9.621424
v 9.777582 20.358040 9.778575
v 9.777582 20.516066 8.463371
v 9.777582 20.418335 8.378575
v 9.777582 20.358040 8.221423
v 9.777582 20.436810 9.778575
v 9.777582 19.864548 9.778575
v 9.777582 20.436810 8.221423
v 9.777582 19.880424 8.221423
v 9.777582 19.880424 8.378575
v 9.777582 19.864548 9.621424
v 10.716514 20.501816 8.221423
v 10.538272 20.501816 8.221423
v 10.716514 19.810295 9.621424
v 10.538272 19.810295 9.621424
v 10.716514 19.810295 9.778575
v 10.538272 19.810295 9.778575
v 10.538272 20.358040 9.778575
v 10.716514 20.358040 9.778575
v 10.538272 20.501816 9.778575
v 10.716514 20.501816 9.778575
v 10.716514 20.581072 8.463371
v 10.538272 20.581072 8.463371
v 10.582835 20.418335 8.999999
v 10.671955 20.418335 8.999999
v 10.671955 20.418335 8.378574
v 10.582835 20.418335 8.378574
v 10.538272 20.358040 8.221423
v 10.716514 20.358040 8.221423
v 10.582835 20.418335 9.621424
v 10.671955 20.418335 9.621424
v 10.538272 19.826174 8.221423
v 10.716514 19.826174 8.221423
v 10.716514 20.581072 8.999999
v 10.538272 20.581072 8.999999
v 10.538272 19.826174 8.378574
v 10.716514 19.826174 8.378574
v 10.716514 20.581072 9.536627
v 10.538272 20.581072 9.536627
v 10.671955 19.850540 9.669096
v 10.582835 19.850540 9.669096
v 10.582835 20.458580 9.669096
v 10.671955 20.458580 9.669096
v 10.671955 20.525129 9.524221
v 10.582835 20.525129 9.524221
v 10.582835 20.469664 9.722943
v 10.671955 20.469664 9.722943
v 10.671955 20.458580 8.330902
v 10.582835 20.458580 8.330902
v 10.582835 19.866419 8.330902
v 10.671955 19.866419 8.330902
v 10.671955 20.524157 8.999999
v 10.582835 20.524157 8.999999
v 10.582835 19.866419 8.269096
v 10.671955 19.866419 8.269096
v 10.671955 20.525129 8.475778
v 10.582835 20.525129 8.475778
v 10.582835 20.358040 8.288843
v 10.671955 20.358040 8.288843
v 10.582835 20.475250 8.999999
v 10.671955 20.475250 8.999999
v 10.582835 20.358040 9.711155
v 10.671955 20.358040 9.711155
v 10.671955 19.850540 9.730902
v 10.582835 19.850540 9.730902
v 10.671955 20.469664 8.277055
v 10.582835 20.469664 8.277055
v 11.353947 19.890118 8.150000
v 11.813830 19.890118 8.149999
v 11.813830 19.890118 8.449999
v 11.353947 19.890118 8.449999
v 11.311093 19.890125 8.221423
v 11.353947 19.890131 8.378574
v 9.777582 19.944376 8.221423
v 9.777582 19.944382 8.378575
v 10.582835 19.890131 8.378574
v 10.671955 19.890131 8.378574
v 10.538273 19.890125 8.221423
v 10.716516 19.890125 8.221423
v 10.582835 19.890139 8.330902
v 10.671955 19.890139 8.330902
v 10.582835 19.890129 8.278969
v 10.671955 19.890129 8.278969
v 11.813830 19.890118 9.849998
v 11.813830 19.890118 9.549999
v 11.353947 19.890118 9.849998
v 11.353947 19.890118 9.549999
v 11.311093 19.890123 9.778575
v 11.353947 19.890129 9.621424
v 9.777582 19.944374 9.778575
v 9.777582 19.944382 9.621424
v 10.582835 19.890129 9.621424
v 10.671955 19.890129 9.621424
v 10.538273 19.890123 9.778575
v 10.716516 19.890123 9.778575
v 10.582835 19.890137 9.669096
v 10.671955 19.890137 9.669096
v 10.582835 19.890127 9.721029
v 10.671955 19.890127 9.721029
v 10.582835 19.890129 8.999999
v 9.777582 19.944382 8.999999
v 9.777582 19.872486 8.999999
v 10.538272 19.818233 8.999999
v 10.582835 19.858479 8.999999
v 10.671955 19.858479 8.999999
v 10.716514 19.818233 8.999999
v 11.311093 19.818233 8.999999
v 10.582835 19.890137 8.999999
v 10.671955 19.890137 8.999999
v 10.671955 19.890129 8.999999
v 11.353947 19.890129 8.999999
v 9.925979 20.559071 8.465430
v 9.925979 20.471636 8.224411
v 9.925979 20.377565 8.224411
v 9.925979 19.827158 9.619038
v 9.925979 19.827158 9.775585
v 9.925979 20.377565 9.775585
v 9.925979 20.471636 9.775585
v 9.925979 20.559071 9.534567
v 9.925979 20.559071 8.999998
v 9.925979 19.844675 8.380960
v 9.925979 19.844675 8.224411
v 9.925979 19.915226 8.224411
v 9.925979 19.915224 9.775585
v 9.925979 19.835917 8.999998
v 9.857834 20.440060 8.221423
v 9.857834 20.358040 8.221423
v 9.857834 19.861834 9.621424
v 9.857834 19.861834 9.778575
v 9.857834 20.358040 9.778575
v 9.857834 20.440060 9.778575
v 9.857834 20.519316 9.536627
v 9.857834 19.877712 8.221423
v 9.857834 19.941664 8.221423
v 9.857834 19.941662 9.778575
v 9.857834 20.519316 8.463371
v 9.857834 20.519316 8.999999
v 9.857834 19.877712 8.378575
v 9.857834 19.869774 8.999999
v -2.300000 20.424353 8.419329
v -2.300000 20.424353 6.580671
v 2.300000 20.424353 6.580671
v 2.300000 20.424353 8.419329
v 2.300000 20.424353 9.572088
v -2.300000 20.424353 9.572088
v -2.300000 20.424353 5.427912
v 2.300000 20.424353 5.427912
v 2.300000 19.931629 6.580671
v 2.300000 19.931629 8.419329
v -2.300000 19.931629 8.419329
v -2.300000 19.931629 6.580671
v -2.300000 19.931629 9.572088
v 2.300000 19.931629 9.572088
v 2.300000 19.931629 5.427912
v -2.300000 19.931629 5.427912
v 1.779837 20.609768 5.138227
v 2.249057 20.609768 5.190538
v 2.226489 20.683325 5.273511
v 1.779837 20.732754 5.250943
v 1.779837 20.609768 9.861773
v 1.779837 20.732754 9.749058
v 2.226489 20.683325 9.726489
v 2.249057 20.609768 9.809462
v -1.779837 20.609768 5.138227
v -1.779837 20.732754 5.250943
v -2.226489 20.683325 5.273511
v -2.249057 20.609768 5.190538
v -1.779837 20.609768 9.861773
v -2.226489 20.683325 9.726489
v -2.249057 20.609768 9.809462
v -1.779837 20.732754 9.749058
v 1.779837 20.424353 5.138227
v 2.249057 20.424353 5.190538
v 1.779837 20.424353 9.861773
v 2.249057 20.424353 9.809462
v -1.779837 20.424353 9.861773
v -2.249057 20.424353 9.809462
v -1.779837 20.424353 5.138227
v -2.249057 20.424353 5.190538
v 1.779837 20.783697 6.580671
v 2.300000 20.609768 6.580671
v 2.249057 20.711052 6.580671
v 1.779837 20.783697 8.419329
v 2.300000 20.609768 8.419329
v 2.249057 20.711052 8.419329
v -1.779837 20.783697 8.419329
v -2.300000 20.609768 8.419329
v -2.249057 20.711052 8.419329
v -1.779837 20.783697 6.580671
v -2.300000 20.609768 6.580671
v -2.249057 20.711052 6.580671
v 2.300000 20.609768 9.572088
v 1.779837 20.783697 9.572088
v 2.249057 20.711052 9.572088
v -2.300000 20.609768 9.572088
v -1.779837 20.783697 9.572088
v -2.249057 20.711052 9.572088
v -2.300000 20.609768 5.427912
v -1.779837 20.783697 5.427912
v -2.249057 20.711052 5.427912
v 2.300000 20.609768 5.427912
v 1.779837 20.783697 5.427912
v 2.249057 20.711052 5.427912
v 1.779837 19.931629 9.861773
v 2.249057 19.931629 9.809462
v -1.779837 19.931629 9.861773
v -2.249057 19.931629 9.809462
v -1.779837 19.931629 5.138227
v -2.249057 19.931629 5.190538
v 1.779837 19.931629 5.138227
v 2.249057 19.931629 5.190538
v 2.300000 20.424353 8.996932
v -2.300000 20.424353 8.996932
v 1.779837 20.783697 8.996932
v 2.249057 20.711052 8.996932
v 2.300000 20.609768 8.996932
v -1.779837 20.783697 8.996932
v -2.249057 20.711052 8.996932
v -2.300000 20.609768 8.996932
v 2.300000 19.931629 9.006063
v -2.300000 19.931629 9.006063
v -2.300000 19.931629 5.993937
v 2.300000 19.931629 5.993937
v -2.300000 20.424353 5.993937
v 2.300000 20.424353 5.993937
v -1.779837 20.783697 5.993937
v -2.249057 20.711052 5.993937
v -2.300000 20.609768 5.993937
v 1.779837 20.783697 5.993937
v 2.249057 20.711052 5.993937
v 2.300000 20.609768 5.993937
v -2.158435 20.382740 8.158712
v -2.158435 20.382740 6.841287
v 2.158435 20.382740 6.841287
v 2.158435 20.382740 8.158712
v -2.158435 19.992630 8.158712
v -2.158435 19.992630 6.841287
v 2.158435 19.992630 6.841287
v 2.158435 19.992630 8.158712
v 1.780109 20.667248 6.841287
v 1.780109 20.667248 8.158712
v 2.110628 20.626913 8.158712
v 2.110628 20.626913 6.841287
v 2.158435 20.529541 8.158712
v 2.158435 20.529541 6.841287
v -1.780109 20.667248 8.158712
v -1.780109 20.667248 6.841287
v -2.110628 20.626913 6.841287
v -2.110628 20.626913 8.158712
v -2.158435 20.529541 6.841287
v -2.158435 20.529541 8.158712
v 0.000000 20.684633 9.685732
v 0.000000 20.573944 9.795273
v 0.000000 20.684633 5.314254
v 0.000000 20.573944 5.204711
v 0.000000 19.963619 5.204711
v 0.000000 20.730482 5.486241
v 0.000000 20.407072 5.204711
v 0.000000 19.963619 9.795273
v 0.000000 20.730482 9.513744
v 0.000000 20.407072 9.795273
v 0.000000 20.730482 8.578543
v 0.000000 20.730482 6.421638
v 0.000000 20.730482 9.083206
v 0.000000 20.730482 5.907317
v -0.000000 20.573799 8.397812
v 0.000000 20.573799 6.602174
v 1.675425 20.732746 9.749058
v 1.405364 20.732752 9.749058
v 1.405364 20.609766 9.861773
v 1.675197 20.609760 9.861773
v 1.673940 19.931625 5.138227
v 1.405366 19.931627 5.138227
v 1.405364 20.783693 5.427912
v 1.675518 20.783688 5.427912
v 1.674853 20.424345 9.861773
v 1.405365 20.424349 9.861773
v 1.675424 20.732746 5.250943
v 1.405364 20.732752 5.250943
v 1.405364 20.609766 5.138227
v 1.675196 20.609760 5.138227
v 1.405365 20.424349 5.138227
v 1.674852 20.424345 5.138227
v 1.405366 19.931627 9.861773
v 1.673940 19.931625 9.861773
v 1.675519 20.783688 9.572088
v 1.405364 20.783693 9.572088
v 1.405364 20.783693 8.419329
v 1.675519 20.783688 8.419329
v 1.405364 20.783693 6.580671
v 1.675519 20.783688 6.580671
v 1.675519 20.783688 8.996932
v 1.405364 20.783693 8.996932
v 1.405364 20.783693 5.993937
v 1.675519 20.783688 5.993937
v 1.675303 20.667280 8.158712
v 1.405364 20.667269 8.158712
v 1.675303 20.667280 6.841288
v 1.405364 20.667269 6.841288
v -1.675439 20.732746 5.250943
v -1.405314 20.732752 5.250943
v -1.675207 20.609760 5.138227
v -1.405314 20.609766 5.138227
v -1.674857 20.424345 5.138227
v -1.405314 20.424349 5.138227
v -1.673930 19.931625 9.861773
v -1.405314 19.931627 9.861773
v -1.675535 20.783688 9.572088
v -1.405314 20.783693 9.572088
v -1.405314 20.783693 8.419329
v -1.675535 20.783688 8.419329
v -1.405314 20.783693 6.580671
v -1.675535 20.783688 6.580671
v -1.405314 20.783693 8.996932
v -1.675535 20.783688 8.996932
v -1.675535 20.783688 5.993937
v -1.405314 20.783693 5.993937
v -1.675316 20.667280 8.158712
v -1.405314 20.667269 8.158712
v -1.405314 20.667269 6.841287
v -1.675315 20.667280 6.841287
v -1.405314 20.732752 9.749058
v -1.675439 20.732746 9.749058
v -1.405314 20.609766 9.861773
v -1.675208 20.609760 9.861773
v -1.405314 19.931627 5.138227
v -1.673929 19.931625 5.138227
v -1.675534 20.783688 5.427912
v -1.405314 20.783693 5.427912
v -1.674858 20.424345 9.861773
v -1.405314 20.424349 9.861773
v 1.612481 20.609825 8.176467
v 1.466475 20.608624 8.173216
v 1.466475 20.726238 8.439765
v 1.612481 20.725042 8.436026
v 1.612481 20.424347 9.799156
v 1.466475 20.424347 9.799156
v 1.466475 19.931625 9.799156
v 1.612482 19.931625 9.799156
v 1.612481 20.687273 5.291568
v 1.466475 20.687273 5.291566
v 1.466475 20.723310 5.436429
v 1.612481 20.723310 5.436429
v 1.612481 20.687273 9.708432
v 1.466475 20.687273 9.708434
v 1.466475 20.597866 9.800360
v 1.612481 20.597866 9.800359
v 1.612481 20.723310 9.563572
v 1.466475 20.723310 9.563572
v 1.466475 20.722712 5.993937
v 1.612481 20.722712 5.993937
v 1.466475 20.726238 6.560236
v 1.612481 20.725042 6.563975
v 1.612481 20.722712 8.996932
v 1.466475 20.722712 8.996932
v 1.612481 20.609825 6.823534
v 1.466475 20.608624 6.826784
v 1.466475 20.424347 5.200845
v 1.612481 20.424347 5.200845
v 1.612482 19.931625 5.200845
v 1.466475 19.931625 5.200845
v 1.466475 20.597866 5.199641
v 1.612481 20.597866 5.199641
v -1.612533 20.723310 9.563572
v -1.466420 20.723310 9.563572
v -1.466420 20.722712 8.996932
v -1.612533 20.722712 8.996932
v -1.612533 20.609825 8.176467
v -1.466420 20.608624 8.173216
v -1.466420 20.608624 6.826784
v -1.612533 20.609825 6.823533
v -1.466420 20.726238 8.439765
v -1.612533 20.725042 8.436026
v -1.612533 20.424347 5.200845
v -1.466420 20.424347 5.200845
v -1.466419 19.931625 5.200845
v -1.612533 19.931625 5.200845
v -1.612533 20.424347 9.799156
v -1.466420 20.424347 9.799156
v -1.466420 20.597866 9.800360
v -1.612533 20.597866 9.800359
v -1.612533 20.597866 5.199641
v -1.466420 20.597866 5.199641
v -1.612533 20.687273 5.291568
v -1.466420 20.687273 5.291566
v -1.466420 20.726238 6.560236
v -1.612533 20.725042 6.563975
v -1.612533 19.931625 9.799156
v -1.466419 19.931625 9.799156
v -1.612533 20.723310 5.436429
v -1.466420 20.723310 5.436429
v -1.466420 20.687273 9.708434
v -1.612533 20.687273 9.708432
v -1.612533 20.722712 5.993937
v -1.466420 20.722712 5.993937
v 2.233980 19.766436 6.545697
v 2.300000 19.831694 6.580671
v 2.233980 19.766436 8.454303
v 2.300000 19.831694 8.419329
v -2.233980 19.766436 8.454303
v -2.300000 19.831694 8.419329
v -2.233980 19.766436 6.545697
v -2.300000 19.831694 6.580671
v -2.219475 19.766436 9.560728
v -2.300000 19.831121 9.572088
v 2.219475 19.766436 9.560728
v 2.300000 19.831121 9.572088
v 2.219475 19.766436 5.439272
v 2.300000 19.831121 5.427912
v -2.219475 19.766436 5.439272
v -2.300000 19.831121 5.427912
v 1.770137 19.766436 9.719475
v 1.779837 19.830799 9.861773
v 2.184018 19.766436 9.683902
v 2.249057 19.830936 9.809462
v -2.184018 19.766436 9.683902
v -2.249057 19.830936 9.809462
v -1.770137 19.766436 9.719475
v -1.779837 19.830799 9.861773
v -1.770137 19.766436 5.280525
v -1.779837 19.830799 5.138227
v -2.184018 19.766436 5.316098
v -2.249057 19.830936 5.190538
v 1.770137 19.766436 5.280525
v 1.779837 19.830799 5.138227
v 2.184018 19.766436 5.316098
v 2.249057 19.830936 5.190538
v -2.219475 19.766436 9.006063
v -2.300000 19.831367 9.006063
v 2.219475 19.766436 9.006063
v 2.300000 19.831367 9.006063
v 2.219475 19.766436 5.993937
v 2.300000 19.831367 5.993937
v -2.219475 19.766436 5.993937
v -2.300000 19.831367 5.993937
v 2.158435 19.930746 6.841287
v 2.092415 19.864889 6.810896
v 2.092415 19.864889 8.189104
v 2.158435 19.930746 8.158712
v -2.158435 19.930746 8.158712
v -2.092415 19.864889 8.189103
v -2.092415 19.864889 6.810896
v -2.158435 19.930746 6.841287
v 0.000000 19.632847 9.656981
v 0.000000 19.690516 9.795273
v 0.000000 19.632847 5.343003
v 0.000000 19.690516 5.204711
v 1.405222 19.766436 5.280525
v 1.405366 19.830534 5.138227
v 1.673633 19.766436 5.280525
v 1.673753 19.830692 5.138227
v 1.673634 19.766436 9.719475
v 1.673753 19.830692 9.861773
v 1.405222 19.766436 9.719475
v 1.405366 19.830534 9.861773
v -1.405312 19.766436 9.719475
v -1.405314 19.830534 9.861773
v -1.673619 19.766436 9.719475
v -1.673740 19.830692 9.861773
v -1.673618 19.766436 5.280525
v -1.673739 19.830692 5.138227
v -1.405312 19.766436 5.280525
v -1.405314 19.830534 5.138227
v 1.612624 19.809479 9.658496
v 1.612483 19.873661 9.799156
v 1.466458 19.809479 9.658496
v 1.466475 19.873610 9.799156
v 1.466458 19.809479 5.341504
v 1.466475 19.873610 5.200845
v 1.612624 19.809479 5.341504
v 1.612483 19.873661 5.200845
v -1.612533 19.873661 5.200845
v -1.612530 19.809479 5.341504
v -1.466556 19.809479 5.341504
v -1.466419 19.873610 5.200845
v -1.466419 19.873610 9.799156
v -1.466556 19.809479 9.658496
v -1.612530 19.809479 9.658496
v -1.612533 19.873661 9.799156
v -1.770137 19.766436 9.560728
v -1.673618 19.766436 5.439271
v -1.612530 19.809479 9.560728
v -1.466556 19.809479 5.439271
v -1.405312 19.766436 9.560728
v 0.000000 19.632847 9.502705
v 1.405222 19.766436 9.560728
v 1.466458 19.809479 5.439271
v 1.612624 19.809479 9.560728
v 1.673633 19.766436 5.439271
v 1.770137 19.766436 5.439271
v 1.770137 19.864889 6.810896
v 1.770137 19.864889 8.189104
v 1.673816 19.864889 6.810896
v 1.673816 19.864889 8.189104
v 1.612624 19.907932 6.810896
v 1.612624 19.809479 6.545697
v 1.466458 19.907932 6.810896
v 1.466458 19.907932 8.189103
v 1.405222 19.864889 6.810896
v 1.405222 19.766436 6.545697
v 0.000000 19.773342 6.594316
v 0.000000 19.632847 6.407300
v -1.405312 19.864889 6.810896
v -1.405312 19.766436 6.545697
v -1.466556 19.907932 6.810896
v -1.466556 19.907932 8.189103
v -1.612530 19.907932 6.810896
v -1.612530 19.809479 6.545697
v -1.673804 19.864889 6.810896
v -1.673804 19.864891 8.189104
v -1.770137 19.864889 6.810896
v -1.770137 19.766436 6.545697
v -1.770137 19.864889 8.189103
v -1.673619 19.766438 8.454303
v -1.612530 19.907932 8.189103
v -1.466556 19.809479 8.454303
v -1.405312 19.864889 8.189103
v -0.000000 19.773342 8.405669
v 1.405222 19.864889 8.189104
v 1.466458 19.809479 8.454303
v 1.612624 19.907932 8.189104
v 1.673634 19.766436 8.454303
v 1.770137 19.766436 8.454303
v 1.770137 19.766436 9.006063
v 1.673634 19.766436 9.006063
v 1.612624 19.809479 8.454303
v 1.466458 19.809479 9.006063
v 1.405222 19.766436 8.454303
v 0.000000 19.632845 8.592880
v -1.405312 19.766436 8.454303
v -1.466556 19.809479 9.006063
v -1.612530 19.809479 8.454303
v -1.673619 19.766438 9.006063
v -1.770137 19.766436 8.454303
v -1.770137 19.766436 9.006063
v -1.673619 19.766438 9.560728
v -1.612530 19.809479 9.006063
v -1.466556 19.809479 9.560728
v -1.405312 19.766436 9.006063
v 0.000000 19.632845 9.092863
v 1.405222 19.766436 9.006063
v 1.466458 19.809479 9.560728
v 1.612624 19.809479 9.006063
v 1.673634 19.766436 9.560728
v 1.770137 19.766436 9.560728
v 1.770137 19.766436 5.993937
v 1.673634 19.766436 5.993937
v 1.612624 19.809479 5.439271
v 1.466458 19.809479 5.993937
v 1.405222 19.766436 5.439271
v 0.000000 19.632847 5.497280
v -1.405312 19.766436 5.439271
v -1.466556 19.809479 5.993937
v -1.612530 19.809479 5.439271
v -1.673618 19.766436 5.993937
v -1.770137 19.766436 5.439271
v -1.770137 19.766436 5.993937
v -1.673618 19.766436 6.545697
v -1.612530 19.809479 5.993937
v -1.466556 19.809477 6.545697
v -1.405312 19.766436 5.993937
v 0.000000 19.632849 5.907318
v 1.405222 19.766436 5.993937
v 1.466458 19.809477 6.545697
v 1.612624 19.809479 5.993937
v 1.673634 19.766436 6.545697
v 1.770137 19.766436 6.545697
v -2.158435 20.382740 7.500000
v 2.158435 20.382740 7.500000
v -2.158435 19.992630 7.500000
v 2.158435 19.992630 7.500000
v 1.780109 20.667248 7.500000
v 2.110628 20.626913 7.500000
v 2.158435 20.529541 7.500000
v -1.780109 20.667248 7.500000
v -2.110628 20.626913 7.500000
v -2.158435 20.529541 7.500000
v 1.675303 20.667280 7.500000
v 1.405364 20.667269 7.500000
v -1.405314 20.667269 7.500000
v -1.675316 20.667280 7.500000
v 1.612481 20.609825 7.500000
v 1.466475 20.608624 7.500000
v -1.466420 20.608624 7.500000
v -1.612533 20.609825 7.500000
v 2.158435 19.930746 7.500000
v 2.092415 19.864889 7.500000
v -2.158435 19.930746 7.500000
v -2.092415 19.864889 7.500000
v 1.770137 19.864889 7.500000
v 1.673816 19.864889 7.500000
v 1.466458 19.907932 7.500000
v -1.466556 19.907932 7.500000
v -1.673804 19.864891 7.500000
v -1.770137 19.864889 7.500000
v -1.612530 19.907932 7.500000
v -1.405312 19.864889 7.500000
v 1.405222 19.864889 7.500000
v 1.612624 19.907932 7.500000
v -0.513116 20.684633 9.685732
v -0.513129 20.573944 9.795273
v -0.513201 19.963619 5.204711
v -0.513113 20.730480 5.486241
v -0.513148 20.407070 9.795273
v -0.513118 20.684633 5.314254
v -0.513131 20.573944 5.204711
v -0.513150 20.407070 5.204711
v -0.513199 19.963619 9.795273
v -0.513111 20.730480 9.513744
v -0.513112 20.730480 8.578543
v -0.513113 20.730480 6.421638
v -0.513112 20.730480 9.083206
v -0.513113 20.730480 5.907317
v -0.320991 20.573799 8.329470
v -0.320991 20.573799 6.670516
v -0.513211 19.690517 5.204711
v -0.513220 19.632847 5.343003
v -0.513209 19.690517 9.795273
v -0.513218 19.632847 9.656981
v -0.323800 19.773342 6.663257
v -0.323800 19.773342 8.336729
v -0.513218 19.632847 8.592880
v -0.513218 19.632847 9.092863
v -0.513218 19.632849 9.502705
v -0.513220 19.632847 5.497280
v -0.513219 19.632849 5.907317
v -0.513219 19.632847 6.407300
v 0.513118 20.684633 5.314254
v 0.513131 20.573944 5.204711
v 0.513150 20.407070 5.204711
v 0.513199 19.963619 9.795273
v 0.513111 20.730480 9.513744
v 0.513112 20.730480 8.578543
v 0.513113 20.730480 6.421638
v 0.513112 20.730480 9.083206
v 0.513113 20.730480 5.907317
v 0.320991 20.573799 8.329470
v 0.320991 20.573799 6.670517
v 0.513116 20.684633 9.685732
v 0.513129 20.573944 9.795273
v 0.513201 19.963619 5.204711
v 0.513113 20.730480 5.486241
v 0.513148 20.407070 9.795273
v 0.513209 19.690517 9.795273
v 0.513218 19.632847 9.656981
v 0.513211 19.690517 5.204711
v 0.513220 19.632847 5.343003
v 0.323800 19.773342 6.663257
v 0.323800 19.773342 8.336729
v 0.513218 19.632845 8.592880
v 0.513218 19.632845 9.092863
v 0.513218 19.632847 9.502705
v 0.513220 19.632847 5.497280
v 0.513219 19.632849 5.907317
v 0.513219 19.632847 6.407300
v -2.158435 20.382740 7.120977
v -2.158435 19.992630 7.120977
v 2.110628 20.626913 7.120977
v 2.158435 20.529541 7.120977
v -1.780109 20.667248 7.120977
v 1.675303 20.667280 7.120977
v -1.405314 20.667269 7.120977
v 1.612481 20.609825 7.110762
v -1.466420 20.608624 7.112632
v 2.092415 19.864889 7.103490
v -2.158435 19.930746 7.120977
v 1.770137 19.864889 7.103490
v 1.673816 19.864889 7.103490
v 1.466458 19.907932 7.103490
v -1.466556 19.907932 7.103490
v -1.673804 19.864891 7.103490
v 2.158435 20.382740 7.120977
v 2.158435 19.992630 7.120977
v 1.780109 20.667248 7.120977
v -2.110628 20.626913 7.120977
v -2.158435 20.529541 7.120977
v 1.405364 20.667269 7.120977
v -1.675315 20.667280 7.120977
v 1.466475 20.608624 7.112632
v -1.612533 20.609825 7.110762
v 2.158435 19.930746 7.120977
v -2.092415 19.864889 7.103490
v -1.770137 19.864889 7.103490
v -1.612530 19.907932 7.103490
v -1.405312 19.864889 7.103490
v 1.405222 19.864889 7.103490
v 1.612624 19.907932 7.103490
v 2.158435 20.382740 7.879023
v 2.158435 19.992630 7.879023
v 1.780109 20.667248 7.879023
v -2.110628 20.626913 7.879023
v -2.158435 20.529541 7.879023
v 1.405364 20.667269 7.879023
v -1.675316 20.667280 7.879023
v 1.466475 20.608624 7.887368
v -1.612533 20.609825 7.889238
v 2.158435 19.930746 7.879023
v -2.092415 19.864889 7.896510
v -1.770137 19.864889 7.896510
v -1.612530 19.907932 7.896510
v -1.405312 19.864889 7.896510
v 1.405222 19.864889 7.896510
v 1.612624 19.907932 7.896510
v -2.158435 20.382740 7.879023
v -2.158435 19.992630 7.879023
v 2.110628 20.626913 7.879023
v 2.158435 20.529541 7.879023
v -1.780109 20.667248 7.879023
v 1.675303 20.667280 7.879023
v -1.405314 20.667269 7.879023
v 1.612481 20.609825 7.889239
v -1.466420 20.608624 7.887368
v 2.092415 19.864889 7.896510
v -2.158435 19.930746 7.879023
v 1.770137 19.864889 7.896510
v 1.673816 19.864889 7.896510
v 1.466458 19.907932 7.896510
v -1.466556 19.907932 7.896510
v -1.673804 19.864891 7.896510
v -1.058929 20.732752 5.250943
v -0.993545 20.684631 5.314254
v -0.993570 20.573944 5.204711
v -1.058954 20.609766 5.138227
v -0.993609 20.407070 5.204711
v -1.058993 20.424351 5.138227
v -1.059090 19.931627 9.861773
v -0.993706 19.963619 9.795273
v -1.058915 20.783695 9.572088
v -0.993531 20.730480 9.513744
v -0.993532 20.730480 8.491026
v -1.058916 20.783695 8.419329
v -0.993533 20.730480 6.508959
v -1.058917 20.783695 6.580671
v -1.058915 20.783695 8.996932
v -0.993531 20.730480 8.954781
v -1.058918 20.783695 5.993937
v -0.993534 20.730480 6.036330
v -0.593113 20.573799 8.134847
v -1.058940 20.667259 8.158712
v -1.058941 20.667259 6.841287
v -0.593113 20.573799 6.865139
v -0.993541 20.684631 9.685732
v -1.058925 20.732752 9.749058
v -0.993566 20.573944 9.795273
v -1.058950 20.609766 9.861773
v -0.993710 19.963619 5.204711
v -1.059094 19.931627 5.138227
v -1.058918 20.783695 5.427912
v -0.993534 20.730480 5.486241
v -1.058988 20.424351 9.861773
v -0.993605 20.407070 9.795273
v 0.993541 20.684631 9.685732
v 1.058925 20.732752 9.749058
v 0.993566 20.573944 9.795273
v 1.058950 20.609766 9.861773
v 1.059094 19.931627 5.138227
v 0.993710 19.963619 5.204711
v 1.058918 20.783695 5.427912
v 0.993534 20.730480 5.486241
v 1.058988 20.424351 9.861773
v 0.993605 20.407070 9.795273
v 1.058929 20.732752 5.250943
v 0.993545 20.684631 5.314254
v 0.993570 20.573944 5.204711
v 1.058954 20.609766 5.138227
v 0.993609 20.407070 5.204711
v 1.058993 20.424351 5.138227
v 0.993706 19.963619 9.795273
v 1.059090 19.931627 9.861773
v 1.058915 20.783695 9.572088
v 0.993531 20.730480 9.513744
v 0.993532 20.730480 8.491026
v 1.058916 20.783695 8.419329
v 0.993533 20.730480 6.508959
v 1.058917 20.783695 6.580671
v 1.058915 20.783695 8.996932
v 0.993531 20.730480 8.954781
v 1.058918 20.783695 5.993937
v 0.993534 20.730480 6.036330
v 1.058940 20.667259 8.158712
v 0.593113 20.573799 8.134847
v 1.058941 20.667259 6.841287
v 0.593113 20.573799 6.865139
v -1.059127 19.766436 9.719475
v -0.993743 19.814945 9.656981
v -0.993727 19.872618 9.795273
v -1.059111 19.830517 9.861773
v -0.993748 19.814945 5.343003
v -1.059132 19.766436 5.280525
v -1.059115 19.830517 5.138227
v -0.993731 19.872618 5.204711
v 1.059132 19.766436 5.280525
v 0.993748 19.814945 5.343003
v 0.993731 19.872618 5.204711
v 1.059115 19.830517 5.138227
v 0.993743 19.814945 9.656981
v 1.059127 19.766436 9.719475
v 1.059111 19.830517 9.861773
v 0.993727 19.872618 9.795273
v -0.993748 19.814945 5.497280
v -1.059131 19.766436 5.439271
v 1.059131 19.766436 5.439271
v 0.993748 19.814945 5.497280
v 0.598304 19.955441 6.859583
v 1.059130 19.864889 6.810896
v 0.598304 19.955441 8.140403
v 1.059129 19.864889 8.189104
v -1.059130 19.864889 6.810896
v -0.598304 19.955441 6.859583
v -1.059129 19.864891 8.189104
v -0.598304 19.955441 8.140403
v -0.993745 19.814947 8.504201
v -1.059129 19.766438 8.454303
v 1.059129 19.766436 8.454303
v 0.993745 19.814945 8.504201
v 1.059128 19.766436 9.006063
v 0.993744 19.814945 8.963655
v -0.993744 19.814947 8.963655
v -1.059128 19.766438 9.006063
v -0.993744 19.814947 9.502705
v -1.059127 19.766438 9.560728
v 1.059127 19.766436 9.560728
v 0.993744 19.814945 9.502705
v 1.059131 19.766436 5.993937
v 0.993747 19.814945 6.036330
v -0.993747 19.814945 6.036330
v -1.059131 19.766436 5.993937
v -0.993746 19.814945 6.495784
v -1.059130 19.766436 6.545697
v 1.059130 19.766436 6.545697
v 0.993746 19.814945 6.495784
v -0.838789 20.573799 7.499993
v -1.058940 20.667259 7.500000
v 1.058940 20.667259 7.500000
v 0.838789 20.573799 7.499993
v 0.846130 19.955441 7.499993
v 1.059129 19.864889 7.500000
v -1.059129 19.864891 7.500000
v -0.846130 19.955441 7.499993
v -1.058941 20.667259 7.120977
v -0.774940 20.573799 7.156413
v 0.774940 20.573799 7.156413
v 1.058941 20.667259 7.120977
v 1.059130 19.864889 7.103490
v 0.781722 19.955441 7.153406
v -0.781722 19.955441 7.153406
v -1.059130 19.864891 7.103490
v -1.058940 20.667259 7.879023
v -0.774940 20.573799 7.843574
v 0.774940 20.573799 7.843574
v 1.058940 20.667259 7.879023
v 1.059129 19.864889 7.896510
v 0.781722 19.955441 7.846581
v -0.781722 19.955441 7.846581
v -1.059129 19.864891 7.896510
v 0.304627 20.034359 8.287184
v 0.303743 20.494886 8.284901
v 0.562877 20.034359 8.102483
v 0.561245 20.494884 8.100736
v 0.735434 20.034359 7.826058
v 0.733301 20.494884 7.825112
v 0.796029 20.034359 7.499993
v 0.793720 20.494884 7.499993
v 0.735435 20.034359 7.173928
v 0.733301 20.494884 7.174873
v 0.562877 20.034359 6.897503
v 0.561245 20.494884 6.899251
v 0.304627 20.034359 6.712802
v 0.303743 20.494884 6.715085
v 0.000000 20.034359 6.647943
v 0.000000 20.494884 6.650415
v -0.304627 20.034359 6.712802
v -0.303743 20.494886 6.715085
v -0.562877 20.034359 6.897503
v -0.561245 20.494886 6.899251
v -0.735435 20.034361 7.173928
v -0.733302 20.494886 7.174873
v -0.796029 20.034361 7.499993
v -0.793720 20.494886 7.499993
v -0.735435 20.034361 7.826058
v -0.733302 20.494886 7.825112
v -0.562877 20.034361 8.102483
v -0.561245 20.494886 8.100736
v -0.304627 20.034361 8.287184
v -0.303743 20.494886 8.284901
v -0.000000 20.494886 8.349571
v -0.000000 20.034361 8.352042
v 0.196641 20.196873 7.374091
v 0.195244 20.327599 7.374091
v 0.108472 20.196856 7.284337
v 0.107668 20.327579 7.285640
v 0.225389 20.196861 7.112302
v 0.223037 20.327587 7.114244
v -0.196641 20.196875 7.625896
v -0.195244 20.327599 7.625896
v -0.108472 20.196856 7.715650
v -0.107668 20.327581 7.714346
v -0.225389 20.196861 7.887684
v -0.223038 20.327587 7.885742
v -0.405475 20.411236 7.928007
v -0.425316 20.411234 7.771550
v -0.406870 20.115612 7.929298
v -0.478411 20.115618 7.626801
v -0.426344 20.115608 7.772337
v -0.477114 20.411243 7.626801
v 0.426344 20.115606 7.227649
v 0.478411 20.115616 7.373186
v 0.477114 20.411242 7.373186
v 0.425316 20.411232 7.228436
v 0.406870 20.115610 7.070688
v 0.405475 20.411236 7.071980
vn 1.0000 -0.0000 -0.0000
vn -0.0000 -0.0000 1.0000
vn -1.0000 -0.0000 -0.0000
vn -0.0000 -1.0000 -0.0000
vn -0.0000 1.0000 -0.0000
vn -0.0000 -0.0000 -1.0000
vn -0.0000 0.5556 0.8315
vn -0.0000 0.5556 -0.8315
vn -0.0000 -0.8315 -0.5556
vn -0.0000 0.8315 0.5556
vn -0.0000 0.9808 -0.1951
vn -0.0000 -0.9808 0.1951
vn -0.0000 -0.3827 -0.9239
vn -0.0000 -0.1951 -0.9808
vn -0.0000 -0.1951 0.9808
vn -0.0000 -0.8315 0.5556
vn -0.0000 0.9808 0.1951
vn -0.0000 -0.9239 0.3827
vn -0.0000 0.8315 -0.5556
vn -0.0000 -0.9808 -0.1951
vn -0.0000 0.9239 -0.3827
vn -0.0000 0.3827 -0.9239
vn -0.0000 0.1951 -0.9808
vn -0.0000 0.1951 0.9808
vn -0.0000 -0.5556 0.8315
vn -0.0000 -0.5556 -0.8315
vn -0.0000 0.3827 0.9239
vn -0.0000 -0.9239 -0.3827
vn -0.0000 -0.3827 0.9239
vn -0.0000 0.9239 0.3827
vn -0.4383 -0.8989 -0.0000
vn -0.0000 -0.9503 0.3113
vn -0.0000 0.9503 0.3113
vn -0.4382 0.8989 -0.0000
vn -0.5430 -0.8287 0.1357
vn -0.5430 0.8287 0.1357
vn -0.0000 -0.9503 -0.3113
vn -0.0000 0.9503 -0.3113
vn -0.4383 0.8989 -0.0000
vn -0.5430 -0.8287 -0.1357
vn -0.5430 0.8287 -0.1357
vn 0.9398 -0.3417 -0.0000
vn 0.8203 0.5435 0.1780
vn 0.8575 -0.0000 0.5145
vn 0.8203 0.5435 -0.1780
vn 0.8575 -0.0000 -0.5145
vn 0.8151 0.5793 -0.0000
vn 0.9190 0.1790 -0.3513
vn 0.8151 -0.5793 -0.0000
vn 0.7597 0.6218 -0.1901
vn -0.7598 0.6218 -0.1901
vn -0.7598 0.6218 0.1901
vn -0.7848 0.6198 -0.0006
vn 0.6702 -0.7422 -0.0000
vn -0.6703 -0.7421 -0.0000
vn 0.8062 -0.0273 0.5910
vn 0.8062 -0.0273 -0.5910
vn 0.0334 -0.9994 -0.0000
vn 0.0380 0.9496 0.3111
vn 0.0400 0.9992 -0.0000
vn 0.0380 0.9496 -0.3111
vn -0.0000 -0.1050 -0.9945
vn -0.0000 0.9632 -0.2688
vn -0.0000 0.2420 -0.9703
vn -0.0000 -0.1050 0.9945
vn -0.0000 0.9632 0.2688
vn -0.0000 -0.9997 -0.0249
vn -0.0000 -0.9997 0.0249
vn -0.0000 1.0000 -0.0019
vn -0.0000 1.0000 0.0019
vn -0.0000 0.0211 0.9998
vn 0.7848 0.6198 -0.0006
vn 0.7598 0.6218 0.1901
vn -0.7516 0.0543 -0.6574
vn -0.7848 0.6198 0.0006
vn 0.0268 -0.9996 -0.0000
vn 0.7848 0.6198 0.0006
vn -0.8142 0.0061 0.5806
vn 0.8142 0.0061 -0.5806
vn 0.7516 0.0543 0.6574
vn -0.8062 -0.0273 -0.5910
vn -0.8062 -0.0273 0.5910
vn -0.0657 0.9978 -0.0000
vn 0.8142 0.0061 0.5806
vn -0.7516 0.0543 0.6574
vn -0.0000 0.2420 0.9703
vn 0.7516 0.0543 -0.6574
vn -0.8142 0.0061 -0.5806
vn -0.0000 0.0211 -0.9998
vn 0.9190 0.1790 0.3513
vn -0.8811 -0.4730 -0.0000
vn 0.6702 -0.7421 -0.0000
vn 0.4485 -0.8938 -0.0000
vn 0.0047 -0.0000 -1.0000
vn 0.0047 -0.0000 1.0000
vn 0.0405 0.9445 -0.3260
vn 0.0349 0.9994 -0.0000
vn 0.0405 0.9445 0.3260
vn -0.0432 -0.0000 -0.9991
vn -0.0432 -0.0000 0.9991
vn 0.4298 0.8535 -0.2946
vn 0.4987 0.8668 -0.0000
vn 0.4298 0.8535 0.2946
vn 0.8141 0.0061 0.5806
vn -0.7516 0.0544 0.6574
vn 0.0398 -0.9992 -0.0000
vn -0.0310 0.9995 -0.0000
vn 0.5429 -0.8287 -0.1357
vn -0.9398 -0.3417 -0.0000
vn 0.5430 0.8287 0.1357
vn 0.4382 0.8989 -0.0000
vn -0.9426 -0.3340 -0.0000
vn 0.4383 -0.8989 -0.0000
vn 0.4383 0.8989 -0.0000
vn 0.5430 0.8287 -0.1357
vn 0.5429 -0.8287 0.1357
vn -0.8151 0.5793 -0.0000
vn -0.8203 0.5435 0.1780
vn -0.8575 -0.0000 0.5145
vn -0.8203 0.5435 -0.1780
vn -0.8575 -0.0000 -0.5145
vn -0.8151 -0.5793 -0.0000
vn -0.9096 0.2071 0.3603
vn -0.0385 0.9496 -0.3111
vn -0.0338 -0.9994 -0.0000
vn -0.0385 0.9496 0.3111
vn -0.0405 0.9992 -0.0000
vn 0.0672 0.9977 -0.0000
vn 0.8141 0.0061 -0.5806
vn -0.7467 0.0745 -0.6609
vn 0.7467 0.0744 -0.6610
vn -0.0000 0.3844 -0.9232
vn -0.0338 -0.9993 -0.0128
vn 0.6675 -0.7446 -0.0092
vn -0.0000 -0.9999 -0.0119
vn -0.6675 -0.7445 -0.0092
vn -0.0000 -0.9999 -0.0128
vn -0.9190 0.1790 -0.3513
vn 0.8457 -0.5336 -0.0034
vn 0.8707 -0.4918 -0.0031
vn -0.6729 -0.7397 -0.0091
vn 0.6729 -0.7397 -0.0091
vn -0.0282 -0.9995 -0.0135
vn -0.0049 -0.0000 1.0000
vn -0.0296 -0.9995 -0.0135
vn -0.0049 -0.0000 -1.0000
vn -0.0359 0.9994 -0.0000
vn -0.0302 -0.9995 -0.0000
vn -0.0416 0.9445 0.3260
vn -0.0275 -0.9996 -0.0000
vn -0.0416 0.9445 -0.3260
vn -0.4494 -0.8933 -0.0120
vn 0.0438 -0.0000 0.9990
vn -0.4404 -0.8977 -0.0121
vn 0.0438 -0.0000 -0.9990
vn -0.5039 0.8638 -0.0000
vn -0.4363 -0.8998 -0.0000
vn -0.4347 0.8513 0.2938
vn -0.4535 -0.8912 -0.0000
vn -0.4347 0.8513 -0.2938
vn 0.5429 0.8287 0.1357
vn 0.5429 0.8287 -0.1357
vn 0.4382 -0.8989 -0.0000
vn -0.0404 0.9992 -0.0000
vn 0.7597 0.6218 0.1901
vn -0.0410 -0.9992 -0.0000
vn -0.5039 0.8637 -0.0000
vn -0.4535 -0.8913 -0.0000
vn 0.0319 0.9995 -0.0000
vn 0.8787 -0.0000 -0.4773
vn -0.8787 -0.0000 0.4773
vn 0.1530 0.9882 -0.0000
vn 0.8676 0.4574 -0.1952
vn 0.1341 0.9621 -0.2375
vn 0.0954 0.7078 -0.6999
vn 0.1341 0.9621 0.2375
vn 0.8676 0.4574 0.1952
vn 0.0954 0.7078 0.6999
vn -0.1341 0.9621 -0.2375
vn -0.8676 0.4574 -0.1952
vn -0.0954 0.7078 -0.6999
vn -0.1341 0.9621 0.2375
vn -0.8676 0.4574 0.1952
vn 0.9777 -0.0000 -0.2098
vn -0.0954 0.7078 0.6999
vn 0.1108 -0.0000 -0.9938
vn 0.9777 -0.0000 0.2098
vn 0.1108 -0.0000 0.9938
vn -0.9777 -0.0000 0.2098
vn -0.9777 -0.0000 -0.2098
vn -0.1108 -0.0000 0.9938
vn -0.1108 -0.0000 -0.9938
vn 0.8934 0.4493 -0.0000
vn -0.1530 0.9882 -0.0000
vn 0.1291 0.9135 -0.3858
vn 0.7606 0.3781 -0.5278
vn -0.8934 0.4493 -0.0000
vn -0.1291 0.9135 0.3858
vn -0.7606 0.3781 0.5278
vn -0.8787 -0.0000 -0.4773
vn 0.8787 -0.0000 0.4773
vn -0.7606 0.3781 -0.5278
vn -0.8976 0.4407 -0.0000
vn -0.1291 0.9135 -0.3858
vn -0.1211 0.9926 -0.0000
vn 0.7606 0.3781 0.5278
vn 0.8976 0.4407 -0.0000
vn 0.1291 0.9135 0.3858
vn 0.1211 0.9926 -0.0000
vn -0.0471 0.8170 -0.5747
vn -0.0000 0.9663 -0.2576
vn -0.0000 0.7034 0.7108
vn -0.0000 0.9663 0.2576
vn -0.0000 0.7034 -0.7108
vn 0.0471 0.8168 0.5750
vn -0.7122 -0.0024 0.7020
vn -0.6853 0.7030 0.1900
vn 0.6744 0.7128 0.1925
vn -0.6798 0.5088 0.5281
vn 0.6698 0.5156 0.5344
vn 0.7114 0.0007 -0.7028
vn -0.7157 -0.0000 -0.6984
vn -0.6853 0.7030 -0.1900
vn 0.6884 0.7253 0.0015
vn 0.6744 0.7128 -0.1925
vn -0.6957 0.7183 0.0022
vn 0.6751 0.7377 -0.0000
vn -0.7157 -0.0000 0.6984
vn -0.6924 0.7215 -0.0000
vn 0.7114 0.0007 0.7028
vn 0.6937 0.7203 -0.0004
vn -0.7046 0.7096 -0.0004
vn -0.6882 0.7255 -0.0015
vn 0.7015 0.6514 0.2892
vn 0.6957 0.7183 -0.0022
vn -0.6903 0.6611 0.2941
vn -0.6935 0.7205 0.0004
vn 0.6798 0.5089 -0.5281
vn -0.0001 0.9610 0.2766
vn -0.0000 0.6757 0.7372
vn -0.0001 1.0000 -0.0000
vn -0.0001 0.9610 -0.2766
vn -0.0001 0.6757 -0.7372
vn 0.0001 0.9130 -0.4079
vn 0.0001 0.9130 0.4079
vn 0.0003 1.0000 -0.0000
vn 0.0001 0.6757 -0.7372
vn 0.0001 0.9610 -0.2766
vn 0.0001 1.0000 -0.0000
vn 0.0001 0.9610 0.2766
vn -0.0001 0.9130 -0.4079
vn -0.0001 0.9130 0.4079
vn -0.0003 1.0000 -0.0000
vn -0.0007 0.9145 -0.4047
vn -0.0000 0.9704 -0.2414
vn -0.0000 0.7169 0.6972
vn -0.0000 0.9704 0.2414
vn -0.0000 1.0000 0.0011
vn 0.0042 1.0000 -0.0052
vn -0.0000 1.0000 -0.0011
vn -0.0082 1.0000 -0.0000
vn 0.0042 1.0000 0.0052
vn -0.0000 -0.0069 1.0000
vn -0.0000 -0.0069 -1.0000
vn -0.0000 0.7169 -0.6972
vn -0.0007 0.9145 0.4047
vn 0.0082 1.0000 -0.0000
vn -0.0042 1.0000 0.0052
vn 0.0007 0.9145 0.4047
vn 0.0007 0.9145 -0.4047
vn -0.0042 1.0000 -0.0052
vn 0.7014 0.6514 -0.2892
vn 0.7043 -0.0017 0.7099
vn -0.6935 0.7205 -0.0004
vn 0.6937 0.7203 0.0004
vn -0.6903 0.6611 -0.2941
vn -0.7122 -0.0024 -0.7020
vn 0.7043 -0.0017 -0.7099
vn 0.7046 0.7096 -0.0004
vn -0.7046 0.7096 0.0004
vn -0.6749 0.7379 -0.0000
vn -0.6798 0.5088 -0.5281
vn 0.6698 0.5156 -0.5344
vn 0.6924 0.7215 -0.0000
vn 0.6884 0.7253 -0.0015
vn 0.7157 -0.0000 0.6984
vn -0.7015 0.6514 0.2892
vn -0.6957 0.7183 -0.0022
vn -0.7111 0.0007 0.7031
vn 0.6905 0.6609 0.2940
vn -0.6882 0.7255 0.0015
vn 0.6853 0.7030 -0.1900
vn 0.6957 0.7183 0.0022
vn -0.6742 0.7130 -0.1925
vn -0.7111 0.0007 -0.7031
vn 0.7157 -0.0000 -0.6984
vn 0.6798 0.5089 0.5281
vn 0.6905 0.6609 -0.2940
vn -0.7015 0.6514 -0.2892
vn -0.7040 -0.0017 0.7102
vn -0.6695 0.5158 0.5345
vn 0.7122 -0.0024 0.7020
vn 0.6853 0.7030 0.1900
vn -0.7040 -0.0017 -0.7102
vn -0.6742 0.7130 0.1925
vn 0.7122 -0.0024 -0.7020
vn 0.7046 0.7096 0.0004
vn -0.6695 0.5158 -0.5345
vn 0.5811 -0.8019 -0.1388
vn 0.0423 -0.9049 -0.4235
vn -0.5811 -0.8019 -0.1388
vn -0.0423 -0.9049 -0.4235
vn -0.0423 -0.9049 0.4235
vn -0.5811 -0.8019 0.1388
vn 0.5811 -0.8019 0.1388
vn 0.0423 -0.9049 0.4235
vn 0.4595 -0.7212 -0.5183
vn -0.4595 -0.7212 0.5183
vn -0.6652 -0.7466 0.0083
vn 0.6652 -0.7466 -0.0083
vn 0.6270 -0.7790 -0.0002
vn -0.6270 -0.7790 0.0002
vn -0.6270 -0.7790 -0.0002
vn 0.6652 -0.7466 0.0083
vn 0.6270 -0.7790 0.0002
vn -0.6652 -0.7466 -0.0083
vn 0.4595 -0.7212 0.5184
vn 0.7062 -0.7080 -0.0000
vn -0.4595 -0.7212 -0.5183
vn -0.7062 -0.7080 -0.0000
vn -0.0000 -0.9230 0.3849
vn -0.0000 -0.9230 -0.3849
vn 0.7269 -0.6252 -0.2841
vn -0.7269 -0.6254 -0.2838
vn -0.7269 -0.6254 0.2838
vn 0.7269 -0.6252 0.2841
vn 0.0005 -0.9113 -0.4118
vn 0.0005 -0.9113 0.4118
vn -0.0005 -0.9113 -0.4118
vn -0.0005 -0.9113 0.4118
vn 0.0002 -0.9098 0.4150
vn 0.0001 -0.9098 -0.4150
vn -0.0001 -0.9098 -0.4150
vn -0.0002 -0.9098 0.4150
vn 0.7267 -0.6259 0.2832
vn -0.7268 -0.6254 0.2838
vn -0.7268 -0.6254 -0.2838
vn 0.7267 -0.6259 -0.2832
vn -0.7141 0.0008 -0.7001
vn -0.7141 0.0008 0.7001
vn 0.7157 -0.0000 0.6985
vn 0.7144 0.0009 0.6997
vn 0.7144 0.0009 -0.6997
vn -0.5765 -0.8171 -0.0000
vn 0.5750 -0.8181 -0.0000
vn -0.5750 -0.8182 -0.0000
vn 0.5760 -0.8175 -0.0000
vn -0.0000 -0.9375 0.3480
vn -0.0000 -0.9375 -0.3480
vn -0.5750 -0.8181 -0.0000
vn 0.5751 -0.8181 -0.0000
vn -0.5511 -0.7822 0.2906
vn 0.5502 -0.7828 0.2906
vn -0.0430 -0.8519 0.5220
vn -0.5502 -0.7828 0.2906
vn 0.5506 -0.7825 0.2907
vn 0.5760 -0.8174 -0.0000
vn 0.5748 -0.8183 -0.0000
vn 0.5505 -0.7826 -0.2907
vn -0.5511 -0.7822 -0.2906
vn -0.5753 -0.8179 -0.0000
vn 0.5502 -0.7828 -0.2906
vn -0.0430 -0.8521 -0.5217
vn -0.5502 -0.7828 -0.2906
vn 0.0430 -0.8521 -0.5217
vn 0.0430 -0.8519 0.5220
vn 0.0471 0.8170 -0.5747
vn -0.0471 0.8168 0.5750
vn 0.2783 0.9320 0.2321
vn 0.7579 0.4495 -0.4728
vn 0.7130 -0.0002 -0.7012
vn 0.7130 -0.0002 0.7011
vn 0.6312 0.7756 -0.0000
vn 0.2356 0.9689 0.0750
vn 0.6313 0.7756 -0.0000
vn 0.2782 0.9320 -0.2321
vn 0.7131 -0.0002 0.7011
vn 0.7055 0.6829 -0.1895
vn 0.7579 0.4495 0.4728
vn 0.7055 0.6829 0.1895
vn -0.6312 0.7756 -0.0000
vn -0.7055 0.6829 0.1895
vn -0.7579 0.4495 0.4728
vn -0.7055 0.6829 -0.1895
vn -0.7131 -0.0002 0.7011
vn -0.2783 0.9320 -0.2321
vn -0.2356 0.9689 0.0750
vn -0.6313 0.7756 -0.0000
vn -0.7130 -0.0002 -0.7012
vn -0.7130 -0.0002 0.7011
vn -0.7579 0.4495 -0.4728
vn -0.2783 0.9320 0.2321
vn -0.7169 -0.6396 0.2775
vn 0.7168 -0.6397 -0.2775
vn 0.7169 -0.6396 0.2775
vn -0.7168 -0.6397 -0.2775
vn -0.7131 -0.0002 0.7010
vn 0.7131 -0.0002 0.7010
vn 0.7130 -0.0002 -0.7011
vn -0.7130 -0.0002 -0.7011
vn 0.5958 -0.8031 -0.0000
vn -0.5958 -0.8031 -0.0000
vn -0.2286 -0.9709 0.0715
vn 0.2286 -0.9709 0.0715
vn 0.2507 -0.9468 -0.2021
vn -0.2507 -0.9468 -0.2021
vn -0.5959 -0.8031 -0.0000
vn 0.5959 -0.8031 -0.0000
vn -0.2507 -0.9467 0.2021
vn 0.2507 -0.9467 0.2021
vn 0.3456 0.9379 -0.0305
vn -0.3456 0.9379 -0.0305
vn -0.3436 -0.9386 -0.0298
vn 0.3436 -0.9386 -0.0298
vn 0.3456 0.9379 0.0305
vn -0.3456 0.9379 0.0305
vn -0.3436 -0.9386 0.0298
vn 0.3436 -0.9386 0.0298
vn 0.2356 0.9689 -0.0750
vn -0.2356 0.9689 -0.0750
vn -0.2286 -0.9709 -0.0715
vn 0.2286 -0.9709 -0.0715
vn -0.0000 0.6757 -0.7372
vn -0.0000 0.9610 -0.2766
vn -0.0000 0.9610 0.2766
vn -0.0000 0.9130 -0.4079
vn 0.1316 0.9270 -0.3511
vn 0.1316 0.9270 0.3512
vn -0.0000 0.9130 0.4079
vn -0.1787 0.5132 -0.8395
vn -0.5018 0.5059 -0.7016
vn -0.0000 0.6756 0.7372
vn -0.1316 0.9270 -0.3511
vn -0.1316 0.9270 0.3512
vn -0.7365 0.4962 -0.4598
vn -0.8573 0.4896 -0.1593
vn -0.0000 -0.9118 0.4107
vn -0.3544 -0.9351 -0.0000
vn -0.3301 -0.8712 0.3633
vn -0.3301 -0.8712 -0.3633
vn -0.0000 -0.9118 -0.4107
vn 0.3544 -0.9351 -0.0000
vn 0.3301 -0.8712 -0.3633
vn 0.3301 -0.8712 0.3633
vn -0.8573 0.4896 0.1593
vn 0.1874 -0.8160 0.5468
vn -0.7365 0.4962 0.4598
vn 0.1873 -0.8161 -0.5466
vn -0.5018 0.5059 0.7016
vn -0.1874 -0.8160 0.5468
vn -0.1873 -0.8161 -0.5466
vn -0.1787 0.5132 0.8395
vn 0.1787 0.5132 0.8395
vn 0.5018 0.5059 0.7016
vn 0.7365 0.4962 0.4598
vn 0.8573 0.4896 0.1593
vn 0.8573 0.4896 -0.1593
vn 0.7365 0.4962 -0.4598
vn 0.5018 0.5059 -0.7016
vn 0.1787 0.5132 -0.8395
vn 0.2042 -0.1970 -0.9589
vn 0.2082 -0.0052 -0.9781
vn 0.4891 -0.2902 -0.8225
vn 0.5817 -0.0051 -0.8134
vn 0.7160 -0.5362 -0.4470
vn 0.0032 -0.0000 1.0000
vn 0.8340 -0.5295 -0.1550
vn 0.2246 0.0054 0.9744
vn 0.8340 -0.5295 0.1550
vn 0.9832 -0.0049 0.1827
vn 0.7160 -0.5362 0.4470
vn 0.8483 -0.0050 0.5295
vn 0.4891 -0.2902 0.8225
vn 0.5817 -0.0051 0.8134
vn 0.2042 -0.1970 0.9589
vn 0.2082 -0.0052 0.9781
vn -0.2042 -0.1970 0.9589
vn -0.2082 -0.0052 0.9781
vn -0.4891 -0.2902 0.8225
vn -0.5817 -0.0051 0.8134
vn -0.7160 -0.5362 0.4470
vn 0.3331 0.9379 0.0970
vn -0.8340 -0.5295 0.1550
vn -0.2456 -0.9582 0.1465
vn -0.8340 -0.5295 -0.1550
vn -0.9832 -0.0049 -0.1827
vn -0.7160 -0.5362 -0.4470
vn -0.8483 -0.0050 -0.5295
vn -0.4891 -0.2902 -0.8225
vn -0.5817 -0.0051 -0.8134
vn -0.2042 -0.1970 -0.9589
vn -0.2082 -0.0052 -0.9781
vn 0.8283 -0.0030 0.5603
vn 0.7120 -0.0095 -0.7021
vn -0.8283 -0.0030 -0.5602
vn -0.7120 -0.0095 0.7021
vn -0.2521 0.9559 0.1506
vn 0.2456 -0.9582 -0.1465
vn -0.2246 0.0054 -0.9744
vn -0.3251 -0.9408 -0.0963
vn 0.2521 0.9559 -0.1506
vn -0.3331 0.9379 -0.0970
vn 0.3251 -0.9408 0.0963
vn -0.0032 -0.0000 -1.0000
vn 0.3713 -0.0018 -0.9285
vn 0.2741 -0.9540 -0.1214
vn 0.2651 0.9621 -0.0633
vn 0.2572 -0.9644 -0.0615
vn 0.2820 0.9512 -0.1253
vn 0.7428 -0.0003 0.6695
vn -0.2820 0.9512 0.1253
vn -0.2741 -0.9540 0.1214
vn -0.7428 -0.0003 -0.6695
vn -0.2651 0.9621 0.0633
vn -0.2572 -0.9644 0.0615
vn -0.3713 -0.0018 0.9285
vt 0.375000 0.416667
vt 0.625000 0.416667
vt 0.625000 0.500000
vt 0.375000 0.500000
vt 0.625000 0.750000
vt 0.375000 0.750000
vt 0.375000 0.916667
vt 0.625000 0.916667
vt 0.625000 1.000000
vt 0.375000 1.000000
vt 0.291667 0.500000
vt 0.291667 0.750000
vt 0.708333 0.500000
vt 0.708333 0.750000
vt 0.625000 0.833333
vt 0.375000 0.833333
vt 0.375000 0.250000
vt 0.625000 0.250000
vt 0.625000 0.333333
vt 0.375000 0.333333
vt 0.208333 0.500000
vt 0.208333 0.750000
vt 0.125000 0.750000
vt 0.125000 0.500000
vt 0.875000 0.750000
vt 0.791667 0.750000
vt 0.791667 0.500000
vt 0.875000 0.500000
vt 0.625000 0.000000
vt 0.375000 0.000000
vt 0.562500 0.000000
vt 0.562500 0.250000
vt 0.562500 0.437500
vt 0.625000 0.437500
vt 0.562500 0.500000
vt 0.562500 0.750000
vt 0.562500 0.937500
vt 0.625000 0.937500
vt 0.562500 1.000000
vt 0.312500 0.500000
vt 0.312500 0.750000
vt 0.812500 0.500000
vt 0.812500 0.750000
vt 0.687500 0.500000
vt 0.750000 0.500000
vt 0.750000 0.750000
vt 0.687500 0.750000
vt 0.187500 0.500000
vt 0.250000 0.500000
vt 0.250000 0.750000
vt 0.187500 0.750000
vt 0.562500 0.812500
vt 0.625000 0.812500
vt 0.625000 0.875000
vt 0.562500 0.875000
vt 0.562500 0.312500
vt 0.625000 0.312500
vt 0.625000 0.375000
vt 0.562500 0.375000
vt 0.500000 0.437500
vt 0.437500 0.437500
vt 0.437500 0.812500
vt 0.500000 0.812500
vt 0.500000 0.875000
vt 0.437500 0.875000
vt 0.437500 0.937500
vt 0.500000 0.937500
vt 0.500000 1.000000
vt 0.437500 1.000000
vt 0.437500 0.500000
vt 0.500000 0.500000
vt 0.500000 0.750000
vt 0.437500 0.750000
vt 0.437500 0.000000
vt 0.500000 0.000000
vt 0.500000 0.250000
vt 0.437500 0.250000
vt 0.500000 0.312500
vt 0.437500 0.312500
vt 0.437500 0.375000
vt 0.375000 0.812500
vt 0.375000 0.375000
vt 0.375000 0.437500
vt 0.375000 0.312500
vt 0.375000 0.875000
vt 0.375000 0.937500
vt 0.500000 0.375000
vt 0.541667 0.500000
vt 0.541667 0.750000
vt 0.541667 1.000000
vt 0.541667 0.750000
vt 0.458333 0.500000
vt 0.458333 0.750000
vt 0.520833 0.750000
vt 0.520833 1.000000
vt 0.458333 0.375000
vt 0.458333 0.375000
vt 0.458333 0.000000
vt 0.458333 0.250000
vt 0.520833 0.500000
vt 0.458333 1.000000
vt 0.541667 0.000000
vt 0.541667 0.250000
vt 0.541667 0.375000
vt 0.541667 0.375000
vt 0.520833 0.000000
vt 0.520833 0.250000
vt 0.846801 0.567449
vt 0.750000 0.567449
vt 0.500000 0.000000
vt 0.500000 0.500000
vt 0.500000 1.000000
vt 0.653199 0.567449
vt 0.846801 0.682551
vt 0.653199 0.682551
vt 0.750000 0.682551
vt 0.600200 0.440480
vt 0.607266 0.253039
vt 0.541667 0.440480
vt 0.607266 0.496961
vt 0.600200 0.309520
vt 0.541667 0.309520
vt 0.559401 0.375000
vt 0.545798 0.309520
vt 0.607266 0.375000
vt 0.520833 0.250000
vt 0.524965 0.309520
vt 0.504132 0.309520
vt 0.504132 0.440480
vt 0.522899 0.309520
vt 0.531766 0.478356
vt 0.559401 0.516233
vt 0.522899 0.440480
vt 0.522899 0.309520
vt 0.531766 0.478356
vt 0.561686 0.440480
vt 0.561686 0.309520
vt 0.504132 0.375578
vt 0.504132 0.375578
vt 0.545798 0.309520
vt 0.522899 0.440480
vt 0.504132 0.309520
vt 0.541667 0.309520
vt 0.607266 0.253039
vt 0.600200 0.440480
vt 0.607266 0.375000
vt 0.607266 0.496961
vt 0.600200 0.309520
vt 0.504132 0.440480
vt 0.504132 0.309520
vt 0.541667 0.440480
vt 0.522899 0.440480
vt 0.528396 0.394684
vt 0.528396 0.394684
vt 0.528396 0.394684
vt 0.528396 0.394684
vt 0.504132 0.309520
vt 0.504132 0.309520
vt 0.522899 0.440480
vt 0.541667 0.440480
vt 0.504132 0.440480
vt 0.607266 0.496961
vt 0.520833 0.250000
vt 0.653199 0.567449
vt 0.846801 0.682551
vt 0.521377 0.500000
vt 0.521377 0.750000
vt 0.501088 0.500000
vt 0.501088 0.750000
vt 0.501088 0.250000
vt 0.501088 1.000000
vt 0.521377 1.000000
vt 0.521377 0.000000
vt 0.521377 0.250000
vt 0.501088 0.000000
vt 0.559401 0.375000
vt 0.545798 0.309520
vt 0.545799 0.440480
vt 0.606375 0.238857
vt 0.606375 0.511143
vt 0.600200 0.309520
vt 0.541667 0.309520
vt 0.522899 0.309520
vt 0.504132 0.309520
vt 0.523443 0.440480
vt 0.505220 0.309520
vt 0.505220 0.440480
vt 0.525509 0.309520
vt 0.524965 0.440480
vt 0.504132 0.440480
vt 0.561686 0.440480
vt 0.524965 0.440480
vt 0.523443 0.440480
vt 0.525237 0.375000
vt 0.525237 0.375000
vt 0.525509 0.309520
vt 0.541667 0.309520
vt 0.600200 0.309520
vt 0.505220 0.309520
vt 0.524965 0.440480
vt 0.545799 0.440480
vt 0.541667 0.440480
vt 0.545799 0.440480
vt 0.545799 0.309520
vt 0.606375 0.238857
vt 0.504132 0.309520
vt 0.525237 0.375000
vt 0.504132 0.309520
vt 0.522899 0.309520
vt 0.505220 0.309520
vt 0.525237 0.375000
vt 0.606375 0.238857
vt 0.504676 0.375000
vt 0.504676 0.375000
vt 0.504676 0.375000
vt 0.525237 0.375000
vt 0.505220 0.309520
vt 0.606375 0.238857
vt 0.600200 0.440480
vt 0.467826 0.041667
vt 0.467826 0.013889
vt 0.467826 0.736111
vt 0.467826 0.708333
vt 0.467826 0.138889
vt 0.576176 0.138889
vt 0.576176 0.166667
vt 0.467826 0.166667
vt 0.576176 0.666667
vt 0.576176 0.708333
vt 0.576176 0.041667
vt 0.576176 0.083333
vt 0.467826 0.638889
vt 0.576176 0.638889
vt 0.467826 0.666667
vt 0.576176 0.513889
vt 0.576176 0.542222
vt 0.576176 0.207778
vt 0.576176 0.236111
vt 0.601368 0.736111
vt 0.576176 0.736111
vt 0.601368 0.708333
vt 0.576176 0.013889
vt 0.467826 0.083333
vt 0.865547 0.708333
vt 0.865547 0.666667
vt 0.875000 0.666667
vt 0.875000 0.708333
vt 0.467826 0.236111
vt 0.467826 0.513889
vt 0.615012 0.000000
vt 0.625000 0.013889
vt 0.601368 0.013889
vt 0.601368 0.000000
vt 0.576176 0.583333
vt 0.467826 0.583333
vt 0.467826 0.541667
vt 0.467826 0.208333
vt 0.865547 0.750000
vt 0.865547 0.736111
vt 0.875000 0.736111
vt 0.875000 0.745520
vt 0.601368 0.990547
vt 0.625000 0.990547
vt 0.625000 0.996005
vt 0.601368 1.000000
vt 0.865547 0.513889
vt 0.865547 0.500000
vt 0.871005 0.500000
vt 0.875000 0.513889
vt 0.625000 0.236111
vt 0.620006 0.247760
vt 0.601368 0.250000
vt 0.601368 0.236111
vt 0.601368 0.259453
vt 0.625000 0.259453
vt 0.634453 0.736111
vt 0.629726 0.754726
vt 0.623002 0.748507
vt 0.625000 0.736111
vt 0.601368 0.750000
vt 0.601368 0.759453
vt 0.629726 0.495274
vt 0.634453 0.513889
vt 0.625000 0.513889
vt 0.621671 0.500162
vt 0.601368 0.513889
vt 0.601368 0.500000
vt 0.576176 0.000000
vt 0.601368 0.490547
vt 0.576176 0.990547
vt 0.576176 1.000000
vt 0.467826 0.000000
vt 0.467826 0.990547
vt 0.467826 1.000000
vt 0.576176 0.250000
vt 0.576176 0.259453
vt 0.576176 0.500000
vt 0.576176 0.750000
vt 0.576176 0.490547
vt 0.576176 0.759453
vt 0.467826 0.250000
vt 0.625000 0.041667
vt 0.625000 0.083333
vt 0.601368 0.083333
vt 0.601368 0.041667
vt 0.634453 0.542222
vt 0.634453 0.583333
vt 0.625000 0.583333
vt 0.625000 0.542222
vt 0.865547 0.611111
vt 0.865547 0.583333
vt 0.875000 0.583333
vt 0.875000 0.611111
vt 0.625000 0.138889
vt 0.625000 0.166667
vt 0.601368 0.166667
vt 0.601368 0.138889
vt 0.601368 0.583333
vt 0.601368 0.542222
vt 0.865547 0.542222
vt 0.875000 0.542222
vt 0.634453 0.638889
vt 0.634453 0.666667
vt 0.625000 0.666667
vt 0.625000 0.638889
vt 0.601368 0.666667
vt 0.601368 0.638889
vt 0.625000 0.207778
vt 0.601368 0.207778
vt 0.634453 0.708333
vt 0.625000 0.708333
vt 0.467826 0.259453
vt 0.467826 0.500000
vt 0.467826 0.750000
vt 0.467826 0.490547
vt 0.467826 0.759453
vt 0.601368 0.611111
vt 0.576176 0.611111
vt 0.576176 0.631944
vt 0.601368 0.631944
vt 0.601368 0.111111
vt 0.576176 0.111111
vt 0.576176 0.131944
vt 0.601368 0.131944
vt 0.625000 0.611111
vt 0.625000 0.631944
vt 0.634453 0.611111
vt 0.634453 0.631944
vt 0.625000 0.111111
vt 0.625000 0.131944
vt 0.865547 0.638889
vt 0.875000 0.638889
vt 0.865547 0.618055
vt 0.875000 0.618055
vt 0.467826 0.611111
vt 0.467826 0.631944
vt 0.467826 0.111111
vt 0.467826 0.131944
vt 0.721113 0.542222
vt 0.721113 0.513889
vt 0.750000 0.513889
vt 0.750000 0.542222
vt 0.778887 0.583333
vt 0.778887 0.611111
vt 0.750000 0.611111
vt 0.750000 0.583333
vt 0.576176 0.346113
vt 0.576176 0.375000
vt 0.467826 0.375000
vt 0.467826 0.346113
vt 0.721113 0.583333
vt 0.467826 0.846113
vt 0.576176 0.846113
vt 0.576176 0.875000
vt 0.467826 0.875000
vt 0.601368 0.403887
vt 0.576176 0.403887
vt 0.601368 0.375000
vt 0.778887 0.736111
vt 0.777115 0.751772
vt 0.747637 0.752363
vt 0.750000 0.736111
vt 0.626772 0.347886
vt 0.627363 0.377363
vt 0.601368 0.346113
vt 0.777114 0.498228
vt 0.778887 0.513889
vt 0.747637 0.497637
vt 0.601368 0.846113
vt 0.601368 0.875000
vt 0.627954 0.843159
vt 0.627363 0.872637
vt 0.778887 0.708333
vt 0.750000 0.708333
vt 0.721113 0.638889
vt 0.750000 0.638889
vt 0.750000 0.666667
vt 0.721113 0.666667
vt 0.778887 0.666667
vt 0.576176 0.458289
vt 0.601368 0.458288
vt 0.662647 0.495933
vt 0.666717 0.513889
vt 0.659962 0.513889
vt 0.655761 0.495795
vt 0.629067 0.462353
vt 0.629205 0.469239
vt 0.601368 0.465033
vt 0.467826 0.784967
vt 0.576176 0.784968
vt 0.576176 0.791711
vt 0.467826 0.791712
vt 0.666717 0.736111
vt 0.662647 0.754067
vt 0.659950 0.583333
vt 0.659957 0.542222
vt 0.655761 0.754205
vt 0.659962 0.736111
vt 0.666722 0.542222
vt 0.666729 0.583333
vt 0.659475 0.618056
vt 0.659475 0.611111
vt 0.467826 0.458288
vt 0.667204 0.631944
vt 0.667204 0.638889
vt 0.667204 0.631944
vt 0.576176 0.465032
vt 0.467826 0.465033
vt 0.840050 0.666667
vt 0.840043 0.708333
vt 0.833271 0.666667
vt 0.832796 0.638889
vt 0.833278 0.708333
vt 0.840525 0.638889
vt 0.840038 0.736111
vt 0.601368 0.958288
vt 0.625660 0.957626
vt 0.840038 0.513889
vt 0.839513 0.499478
vt 0.625522 0.285487
vt 0.601368 0.284967
vt 0.576176 0.284968
vt 0.467826 0.965033
vt 0.576176 0.965032
vt 0.839513 0.750522
vt 0.467826 0.284967
vt 0.625522 0.964513
vt 0.601368 0.965033
vt 0.840043 0.542222
vt 0.840525 0.611111
vt 0.840050 0.583333
vt 0.840525 0.631944
vt 0.865547 0.631944
vt 0.629205 0.780761
vt 0.601368 0.784967
vt 0.659475 0.638889
vt 0.659950 0.666667
vt 0.659957 0.708333
vt 0.659475 0.631944
vt 0.832796 0.611111
vt 0.833271 0.583333
vt 0.576176 0.291711
vt 0.467826 0.291712
vt 0.832626 0.750660
vt 0.833283 0.736111
vt 0.625660 0.292374
vt 0.601368 0.291712
vt 0.833283 0.513889
vt 0.832626 0.499340
vt 0.833278 0.542222
vt 0.840526 0.631944
vt 0.832796 0.631944
vt 0.467826 0.958288
vt 0.576176 0.958289
vt 0.659475 0.631944
vt 0.601368 0.791712
vt 0.629067 0.787647
vt 0.666729 0.666667
vt 0.667204 0.611111
vt 0.666722 0.708333
vt 0.832796 0.618055
vt 0.832796 0.618056
vt 0.435217 1.000000
vt 0.436978 0.013889
vt 0.421403 0.294082
vt 0.421406 0.773170
vt 0.442085 0.990547
vt 0.421395 0.887202
vt 0.420811 0.744402
vt 0.421173 0.735071
vt 0.442167 0.736111
vt 0.441864 0.749713
vt 0.420220 0.750477
vt 0.441211 0.758579
vt 0.420811 0.501607
vt 0.420220 0.494580
vt 0.441211 0.491421
vt 0.441864 0.500287
vt 0.421172 0.510097
vt 0.442167 0.513889
vt 0.421406 0.253220
vt 0.421403 0.245347
vt 0.442167 0.236111
vt 0.442120 0.250000
vt 0.421395 0.261714
vt 0.442085 0.259453
vt 0.447872 0.138889
vt 0.442313 0.166667
vt 0.421403 0.177141
vt 0.421394 0.166366
vt 0.447872 0.638889
vt 0.442313 0.666667
vt 0.421384 0.665662
vt 0.421362 0.643638
vt 0.442230 0.541667
vt 0.442313 0.583333
vt 0.421384 0.579550
vt 0.421343 0.538564
vt 0.442230 0.041667
vt 0.442313 0.083333
vt 0.421403 0.103763
vt 0.421399 0.096891
vt 0.442230 0.208333
vt 0.421399 0.219284
vt 0.442230 0.708333
vt 0.421343 0.704921
vt 0.447872 0.111111
vt 0.421393 0.140234
vt 0.447872 0.131944
vt 0.421394 0.159833
vt 0.447872 0.611111
vt 0.421362 0.597117
vt 0.447872 0.631944
vt 0.421362 0.632008
vt 0.441683 0.346442
vt 0.441573 0.375438
vt 0.420650 0.379704
vt 0.420842 0.350043
vt 0.441464 0.845565
vt 0.441573 0.874562
vt 0.420650 0.855489
vt 0.420464 0.828919
vt 0.441280 0.784188
vt 0.441261 0.784188
vt 0.420151 0.767401
vt 0.420086 0.771083
vt 0.441273 0.790959
vt 0.441264 0.790959
vt 0.420140 0.783142
vt 0.420174 0.775032
vt 0.441264 0.459041
vt 0.441273 0.459041
vt 0.420174 0.464638
vt 0.420140 0.460149
vt 0.441261 0.465812
vt 0.441280 0.465812
vt 0.420086 0.473069
vt 0.420151 0.473179
vt 0.421265 0.918049
vt 0.441962 0.964937
vt 0.441962 0.285063
vt 0.421264 0.284035
vt 0.441943 0.285063
vt 0.441904 0.291835
vt 0.421198 0.296287
vt 0.421253 0.287263
vt 0.441904 0.958165
vt 0.441943 0.964937
vt 0.421253 0.887614
vt 0.421198 0.894399
vt 0.441895 0.291835
vt 0.421180 0.297375
vt 0.441895 0.958165
vt 0.421180 0.919479
vt 0.442120 0.000000
vt 0.421370 0.221978
vt 0.421380 0.618294
vt 0.421293 0.446017
vt 0.421279 0.803433
vt 0.421278 0.473720
vt 0.421261 0.815986
vt 0.421231 0.543282
vt 0.421206 0.835353
vt 0.421215 0.561333
vt 0.421188 0.837629
vt 0.420878 0.830867
vt 0.420982 0.669688
vt 0.420846 0.703731
vt 0.420697 0.819792
vt 0.420290 0.762471
vt 0.420767 0.698471
vt 0.420786 0.697871
vt 0.420282 0.760562
vt 0.420870 0.696513
vt 0.420291 0.753301
vt 0.420906 0.696313
vt 0.420312 0.750440
vt 0.421194 0.699692
vt 0.420722 0.736141
vt 0.420535 0.798539
vt 0.421308 0.658504
vt 0.421342 0.644055
vt 0.421362 0.608747
vt 0.421342 0.605758
vt 0.421342 0.592992
vt 0.421308 0.574094
vt 0.421194 0.532008
vt 0.420722 0.502037
vt 0.420312 0.482281
vt 0.420291 0.479069
vt 0.420282 0.470046
vt 0.420290 0.467196
vt 0.420464 0.409117
vt 0.420535 0.417249
vt 0.420697 0.387369
vt 0.421187 0.303052
vt 0.421206 0.299552
vt 0.421261 0.289480
vt 0.421279 0.286117
vt 0.421380 0.261194
vt 0.421370 0.239632
vt 0.421376 0.199778
vt 0.421386 0.175973
vt 0.421393 0.146767
vt 0.421386 0.158859
vt 0.421386 0.153154
vt 0.421376 0.164406
vt 0.421307 0.285576
vt 0.421303 0.305106
vt 0.421294 0.305882
vt 0.421290 0.327130
vt 0.421253 0.363727
vt 0.421249 0.389110
vt 0.421240 0.380771
vt 0.421236 0.407095
vt 0.421055 0.551440
vt 0.421070 0.525779
vt 0.420977 0.587368
vt 0.420955 0.610044
vt 0.421007 0.648823
vt 0.421046 0.636304
vt 0.421065 0.637409
vt 0.421026 0.649609
vt 0.421134 0.640534
vt 0.421099 0.651963
vt 0.421159 0.641438
vt 0.421126 0.652721
vt 0.421159 0.581830
vt 0.421134 0.578431
vt 0.421134 0.557730
vt 0.421159 0.561961
vt 0.421099 0.547144
vt 0.421126 0.551084
vt 0.420870 0.511175
vt 0.420906 0.514394
vt 0.421026 0.535237
vt 0.420786 0.500960
vt 0.421007 0.531445
vt 0.420766 0.497579
vt 0.420779 0.445217
vt 0.420941 0.474899
vt 0.420955 0.440408
vt 0.420846 0.413302
vt 0.421215 0.308910
vt 0.421236 0.304402
vt 0.421249 0.296235
vt 0.421231 0.303446
vt 0.421290 0.269201
vt 0.421278 0.285736
vt 0.421303 0.259822
vt 0.421292 0.279686
vt 0.421294 0.264123
vt 0.421307 0.253516
vt 0.421307 0.277561
vt 0.421294 0.295442
vt 0.421254 0.294272
vt 0.421240 0.303300
vt 0.421070 0.399805
vt 0.421055 0.393943
vt 0.420977 0.449140
vt 0.421045 0.541428
vt 0.421064 0.545310
vt 0.421065 0.614384
vt 0.421134 0.619833
vt 0.421045 0.612585
vt 0.421240 0.361403
vt 0.421253 0.346363
vt 0.420982 0.376156
vt 0.420878 0.356555
vt 0.421159 0.621569
vt 0.421342 0.631289
vt 0.420941 0.626813
vt 0.420779 0.703123
vt 0.421342 0.618524
vt 0.421159 0.601699
vt 0.421253 0.311636
vt 0.421253 0.328999
vt 0.421294 0.285002
vt 0.421294 0.274562
vt 0.421240 0.322668
vt 0.421240 0.342035
vt 0.421065 0.568335
vt 0.421065 0.591360
vt 0.421045 0.588866
vt 0.421045 0.565147
vt 0.421134 0.599132
vt 0.421307 0.261531
vt 0.421307 0.269546
vt 0.421386 0.164563
vt 0.421386 0.170268
vt 0.421394 0.153300
vt 0.421362 0.620377
vt 0.447872 0.618055
vt 0.467826 0.618055
vt 0.467826 0.625000
vt 0.447872 0.625000
vt 0.447872 0.118056
vt 0.467826 0.118056
vt 0.467826 0.125000
vt 0.447872 0.125000
vt 0.832796 0.625000
vt 0.832796 0.625000
vt 0.840525 0.618055
vt 0.840525 0.625000
vt 0.840525 0.625000
vt 0.840525 0.618056
vt 0.667205 0.618056
vt 0.667204 0.625000
vt 0.659475 0.625000
vt 0.634453 0.618056
vt 0.659475 0.625000
vt 0.634453 0.625000
vt 0.865547 0.625000
vt 0.667204 0.618056
vt 0.667204 0.625000
vt 0.576176 0.118056
vt 0.576176 0.125000
vt 0.576176 0.618056
vt 0.576176 0.625000
vt 0.875000 0.625000
vt 0.875000 0.631944
vt 0.625000 0.118056
vt 0.625000 0.125000
vt 0.601368 0.125000
vt 0.601368 0.118056
vt 0.625000 0.625000
vt 0.625000 0.618056
vt 0.601368 0.625000
vt 0.601368 0.618056
vt 0.420972 0.484142
vt 0.420972 0.608089
vt 0.467826 0.403887
vt 0.441464 0.404434
vt 0.721113 0.708333
vt 0.721113 0.736111
vt 0.718159 0.497046
vt 0.627954 0.406841
vt 0.718159 0.752954
vt 0.721113 0.611111
vt 0.420842 0.878481
vt 0.467826 0.903887
vt 0.441683 0.903558
vt 0.778887 0.638889
vt 0.626772 0.902115
vt 0.601368 0.903887
vt 0.576176 0.903887
vt 0.778887 0.542222
vt 0.694067 0.638889
vt 0.694067 0.666667
vt 0.690027 0.666667
vt 0.690068 0.638889
vt 0.628507 0.815560
vt 0.601368 0.819067
vt 0.601368 0.815026
vt 0.628590 0.811436
vt 0.576176 0.819067
vt 0.576176 0.815025
vt 0.576176 0.430933
vt 0.601368 0.430933
vt 0.601368 0.434974
vt 0.576176 0.434974
vt 0.467826 0.819067
vt 0.467826 0.815025
vt 0.694067 0.542222
vt 0.694067 0.583333
vt 0.690028 0.583333
vt 0.690027 0.542222
vt 0.694067 0.631944
vt 0.690068 0.631944
vt 0.694067 0.513889
vt 0.690027 0.513889
vt 0.690068 0.611111
vt 0.694067 0.611111
vt 0.467826 0.434975
vt 0.467826 0.430933
vt 0.686436 0.753590
vt 0.690027 0.736111
vt 0.694067 0.736111
vt 0.690560 0.753507
vt 0.628590 0.438564
vt 0.628507 0.434440
vt 0.686436 0.496410
vt 0.690560 0.496493
vt 0.690027 0.708333
vt 0.694067 0.708333
vt 0.805933 0.708333
vt 0.805933 0.666667
vt 0.809972 0.666667
vt 0.809973 0.708333
vt 0.805933 0.736111
vt 0.809973 0.736111
vt 0.805933 0.513889
vt 0.804714 0.498781
vt 0.808837 0.498863
vt 0.809973 0.513889
vt 0.626219 0.320286
vt 0.601368 0.319067
vt 0.601368 0.315026
vt 0.626137 0.316163
vt 0.804714 0.751219
vt 0.808837 0.751137
vt 0.576176 0.319067
vt 0.467826 0.319066
vt 0.467826 0.315025
vt 0.576176 0.315026
vt 0.805933 0.611111
vt 0.805933 0.583333
vt 0.809972 0.583333
vt 0.809931 0.611111
vt 0.809973 0.542222
vt 0.805933 0.542222
vt 0.809931 0.631944
vt 0.809931 0.638889
vt 0.805933 0.638889
vt 0.805933 0.631944
vt 0.576176 0.934974
vt 0.467826 0.934975
vt 0.467826 0.930933
vt 0.576176 0.930933
vt 0.601368 0.934974
vt 0.601368 0.930933
vt 0.626137 0.933837
vt 0.626219 0.929714
vt 0.421047 0.318396
vt 0.441802 0.315236
vt 0.441786 0.319292
vt 0.421022 0.322271
vt 0.420267 0.800691
vt 0.441348 0.814360
vt 0.441362 0.818416
vt 0.420291 0.804041
vt 0.441347 0.435641
vt 0.420267 0.440396
vt 0.420291 0.436657
vt 0.441362 0.431584
vt 0.441802 0.934764
vt 0.421047 0.903027
vt 0.421022 0.900008
vt 0.441786 0.930707
vt 0.420367 0.776007
vt 0.420385 0.778640
vt 0.421048 0.841237
vt 0.421070 0.841570
vt 0.421157 0.439488
vt 0.421157 0.468113
vt 0.421170 0.456990
vt 0.421170 0.429342
vt 0.420973 0.602359
vt 0.420973 0.629457
vt 0.420967 0.627491
vt 0.420967 0.599846
vt 0.420934 0.511293
vt 0.420973 0.521066
vt 0.420967 0.516914
vt 0.420928 0.507193
vt 0.421149 0.350438
vt 0.421157 0.353612
vt 0.421170 0.346398
vt 0.421162 0.343761
vt 0.421109 0.341376
vt 0.421126 0.336412
vt 0.420716 0.478895
vt 0.420716 0.475098
vt 0.420367 0.448861
vt 0.420385 0.445227
vt 0.421048 0.327705
vt 0.421070 0.323784
vt 0.421109 0.637813
vt 0.421126 0.629230
vt 0.420717 0.702165
vt 0.420716 0.702553
vt 0.420934 0.644034
vt 0.420928 0.642514
vt 0.421149 0.496568
vt 0.421162 0.485435
vt 0.694067 0.618055
vt 0.694067 0.625000
vt 0.690068 0.625000
vt 0.690068 0.618056
vt 0.809931 0.618055
vt 0.809931 0.625000
vt 0.805933 0.625000
vt 0.805933 0.618055
vt 0.421157 0.382237
vt 0.421157 0.410862
vt 0.421170 0.401694
vt 0.421170 0.374046
vt 0.420973 0.548164
vt 0.420973 0.575262
vt 0.420967 0.572202
vt 0.420967 0.544558
vt 0.659615 0.540676
vt 0.640326 0.557121
vt 0.677674 0.525278
vt 0.677675 0.539449
vt 0.677675 0.553621
vt 0.677675 0.567792
vt 0.677675 0.581964
vt 0.659615 0.601186
vt 0.640326 0.621715
vt 0.621066 0.628622
vt 0.603034 0.635089
vt 0.603033 0.621245
vt 0.603033 0.607401
vt 0.603033 0.593556
vt 0.603033 0.579712
vt 0.621066 0.568788
vt 0.521019 0.526465
vt 0.530651 0.503131
vt 0.512000 0.548313
vt 0.512000 0.569057
vt 0.549416 0.482242
vt 0.677675 0.553621
vt 0.549416 0.482242
vt 0.512000 0.589801
vt 0.512000 0.610546
vt 0.512000 0.631290
vt 0.521019 0.618356
vt 0.530651 0.604542
vt 0.540342 0.563482
vt 0.549416 0.525038
vt 0.549416 0.503640
vt 0.549416 0.503640
vt 0.549416 0.460843
vt 0.549416 0.439445
vt 0.540342 0.470240
vt 0.677675 0.567792
vt 0.512000 0.569057
vt 0.677675 0.581964
vt 0.603033 0.607401
s 0
usemtl Blue.009
f 9/1/1 12/2/1 8/3/1 7/4/1
f 7/4/2 8/3/2 6/5/2 5/6/2
f 13/7/3 16/8/3 2/9/3 1/10/3
f 9/11/4 7/4/4 5/6/4 14/12/4
f 8/3/5 12/13/5 15/14/5 6/5/5
f 5/6/3 6/5/3 15/15/3 14/16/3
f 3/17/1 4/18/1 11/19/1 10/20/1
f 15/15/6 12/2/6 9/11/6 14/16/6
f 10/21/2 11/19/2 16/8/2 13/7/2
f 10/21/4 13/22/4 1/23/4 3/24/4
f 2/25/5 16/26/5 11/27/5 4/28/5
f 2/29/6 4/18/6 3/17/6 1/30/6
f 178/31/7 150/29/7 152/18/7 179/32/7
f 187/33/3 172/34/3 156/3/3 180/35/3
f 180/35/8 156/3/8 154/5/8 181/36/8
f 185/37/1 167/38/1 150/9/1 178/39/1
f 174/40/9 155/4/9 153/6/9 173/41/9
f 168/42/10 152/28/10 150/25/10 167/43/10
f 172/44/11 158/45/11 160/46/11 175/47/11
f 166/48/12 157/49/12 159/50/12 169/51/12
f 186/52/1 175/53/1 160/54/1 182/55/1
f 184/56/3 168/57/3 158/58/3 183/59/3
f 177/60/13 196/61/13 206/61/13 202/60/13
f 197/62/1 176/63/1 165/64/1 191/65/1
f 194/66/1 171/67/1 161/68/1 193/69/1
f 189/70/14 163/71/14 164/72/14 190/73/14
f 196/61/3 177/60/3 163/71/3 189/70/3
f 193/74/15 161/75/15 162/76/15 188/77/15
f 191/65/1 165/64/1 171/67/1 194/66/1
f 188/77/3 162/76/3 170/78/3 195/79/3
f 179/32/3 152/18/3 168/57/3 184/56/3
f 151/24/16 166/48/16 169/51/16 149/23/16
f 158/45/17 168/42/17 167/43/17 160/46/17
f 182/55/1 160/54/1 167/38/1 185/37/1
f 192/80/18 195/79/18 205/79/18 204/80/18
f 190/73/1 164/72/1 176/63/1 197/62/1
f 181/36/1 154/5/1 175/53/1 186/52/1
f 156/3/19 172/44/19 175/47/19 154/5/19
f 157/49/20 174/40/20 173/41/20 159/50/20
f 183/59/3 158/58/3 172/34/3 187/33/3
f 183/59/21 187/33/21 203/33/21 198/59/21
f 164/72/1 181/36/1 186/52/1 176/63/1
f 165/64/1 182/55/1 185/37/1 171/67/1
f 162/76/3 179/32/3 184/56/3 170/78/3
f 187/33/22 177/60/22 202/60/22 203/33/22
f 176/63/1 186/52/1 182/55/1 165/64/1
f 171/67/1 185/37/1 178/39/1 161/68/1
f 163/71/23 180/35/23 181/36/23 164/72/23
f 177/60/3 187/33/3 180/35/3 163/71/3
f 161/75/24 178/31/24 179/32/24 162/76/24
f 153/6/1 190/73/1 197/62/1 173/81/1
f 157/82/3 192/80/3 196/61/3 174/83/3
f 151/17/3 188/77/3 195/79/3 166/84/3
f 159/85/1 191/65/1 194/66/1 169/86/1
f 149/30/25 193/74/25 188/77/25 151/17/25
f 174/83/3 196/61/3 189/70/3 155/4/3
f 155/4/26 189/70/26 190/73/26 153/6/26
f 169/86/1 194/66/1 193/69/1 149/10/1
f 173/81/1 197/62/1 191/65/1 159/85/1
f 166/84/3 195/79/3 192/80/3 157/82/3
f 205/79/3 200/78/3 199/87/3 204/80/3
f 204/80/3 199/87/3 202/60/3 206/61/3
f 199/87/3 198/59/3 203/33/3 202/60/3
f 200/78/3 201/56/3 198/59/3 199/87/3
f 170/78/27 184/56/27 201/56/27 200/78/27
f 196/61/28 192/80/28 204/80/28 206/61/28
f 195/79/29 170/78/29 200/78/29 205/79/29
f 184/56/30 183/59/30 198/59/30 201/56/30
f 236/31/8 208/29/8 210/18/8 237/32/8
f 245/33/1 230/34/1 214/3/1 238/35/1
f 238/35/7 214/3/7 212/5/7 239/36/7
f 243/37/3 225/38/3 208/9/3 236/39/3
f 232/40/16 213/4/16 211/6/16 231/41/16
f 226/42/19 210/28/19 208/25/19 225/43/19
f 230/44/17 216/45/17 218/46/17 233/47/17
f 224/48/20 215/49/20 217/50/20 227/51/20
f 244/52/3 233/53/3 218/54/3 240/55/3
f 242/56/1 226/57/1 216/58/1 241/59/1
f 235/60/29 254/61/29 264/61/29 260/60/29
f 255/62/3 234/63/3 223/64/3 249/65/3
f 252/66/3 229/67/3 219/68/3 251/69/3
f 247/70/15 221/71/15 222/72/15 248/73/15
f 254/61/1 235/60/1 221/71/1 247/70/1
f 251/74/14 219/75/14 220/76/14 246/77/14
f 249/65/3 223/64/3 229/67/3 252/66/3
f 246/77/1 220/76/1 228/78/1 253/79/1
f 237/32/1 210/18/1 226/57/1 242/56/1
f 209/24/9 224/48/9 227/51/9 207/23/9
f 216/45/11 226/42/11 225/43/11 218/46/11
f 240/55/3 218/54/3 225/38/3 243/37/3
f 250/80/28 253/79/28 263/79/28 262/80/28
f 248/73/3 222/72/3 234/63/3 255/62/3
f 239/36/3 212/5/3 233/53/3 244/52/3
f 214/3/10 230/44/10 233/47/10 212/5/10
f 215/49/12 232/40/12 231/41/12 217/50/12
f 241/59/1 216/58/1 230/34/1 245/33/1
f 241/59/30 245/33/30 261/33/30 256/59/30
f 222/72/3 239/36/3 244/52/3 234/63/3
f 223/64/3 240/55/3 243/37/3 229/67/3
f 220/76/1 237/32/1 242/56/1 228/78/1
f 245/33/27 235/60/27 260/60/27 261/33/27
f 234/63/3 244/52/3 240/55/3 223/64/3
f 229/67/3 243/37/3 236/39/3 219/68/3
f 221/71/24 238/35/24 239/36/24 222/72/24
f 235/60/1 245/33/1 238/35/1 221/71/1
f 219/75/23 236/31/23 237/32/23 220/76/23
f 211/6/3 248/73/3 255/62/3 231/81/3
f 215/82/1 250/80/1 254/61/1 232/83/1
f 209/17/1 246/77/1 253/79/1 224/84/1
f 217/85/3 249/65/3 252/66/3 227/86/3
f 207/30/26 251/74/26 246/77/26 209/17/26
f 232/83/1 254/61/1 247/70/1 213/4/1
f 213/4/25 247/70/25 248/73/25 211/6/25
f 227/86/3 252/66/3 251/69/3 207/10/3
f 231/81/3 255/62/3 249/65/3 217/85/3
f 224/84/1 253/79/1 250/80/1 215/82/1
f 263/79/1 258/78/1 257/87/1 262/80/1
f 262/80/1 257/87/1 260/60/1 264/61/1
f 257/87/1 256/59/1 261/33/1 260/60/1
f 258/78/1 259/56/1 256/59/1 257/87/1
f 228/78/22 242/56/22 259/56/22 258/78/22
f 254/61/18 250/80/18 262/80/18 264/61/18
f 253/79/13 228/78/13 258/78/13 263/79/13
f 242/56/21 241/59/21 256/59/21 259/56/21
f 410/31/7 382/29/7 384/18/7 411/32/7
f 419/33/3 404/34/3 388/3/3 412/35/3
f 412/35/8 388/3/8 386/5/8 413/36/8
f 417/37/1 399/38/1 382/9/1 410/39/1
f 406/40/9 387/4/9 385/6/9 405/41/9
f 400/42/10 384/28/10 382/25/10 399/43/10
f 404/44/11 390/45/11 392/46/11 407/47/11
f 398/48/12 389/49/12 391/50/12 401/51/12
f 418/52/1 407/53/1 392/54/1 414/55/1
f 416/56/3 400/57/3 390/58/3 415/59/3
f 415/59/21 419/33/21 435/33/21 430/59/21
f 429/62/1 408/63/1 397/64/1 423/65/1
f 426/66/1 403/67/1 393/68/1 425/69/1
f 421/70/14 395/71/14 396/72/14 422/73/14
f 428/61/3 409/60/3 395/71/3 421/70/3
f 425/74/15 393/75/15 394/76/15 420/77/15
f 423/65/1 397/64/1 403/67/1 426/66/1
f 420/77/3 394/76/3 402/78/3 427/79/3
f 411/32/3 384/18/3 400/57/3 416/56/3
f 383/24/16 398/48/16 401/51/16 381/23/16
f 390/45/17 400/42/17 399/43/17 392/46/17
f 414/55/1 392/54/1 399/38/1 417/37/1
f 419/33/22 409/60/22 434/60/22 435/33/22
f 422/73/1 396/72/1 408/63/1 429/62/1
f 413/36/1 386/5/1 407/53/1 418/52/1
f 388/3/19 404/44/19 407/47/19 386/5/19
f 389/49/20 406/40/20 405/41/20 391/50/20
f 415/59/3 390/58/3 404/34/3 419/33/3
f 416/56/30 415/59/30 430/59/30 433/56/30
f 396/72/1 413/36/1 418/52/1 408/63/1
f 397/64/1 414/55/1 417/37/1 403/67/1
f 394/76/3 411/32/3 416/56/3 402/78/3
f 427/79/29 402/78/29 432/78/29 437/79/29
f 408/63/1 418/52/1 414/55/1 397/64/1
f 403/67/1 417/37/1 410/39/1 393/68/1
f 395/71/23 412/35/23 413/36/23 396/72/23
f 409/60/3 419/33/3 412/35/3 395/71/3
f 393/75/24 410/31/24 411/32/24 394/76/24
f 385/6/1 422/73/1 429/62/1 405/81/1
f 389/82/3 424/80/3 428/61/3 406/83/3
f 383/17/3 420/77/3 427/79/3 398/84/3
f 391/85/1 423/65/1 426/66/1 401/86/1
f 381/30/25 425/74/25 420/77/25 383/17/25
f 406/83/3 428/61/3 421/70/3 387/4/3
f 387/4/26 421/70/26 422/73/26 385/6/26
f 401/86/1 426/66/1 425/69/1 381/10/1
f 405/81/1 429/62/1 423/65/1 391/85/1
f 398/84/3 427/79/3 424/80/3 389/82/3
f 437/79/3 432/78/3 431/87/3 436/80/3
f 436/80/3 431/87/3 434/60/3 438/61/3
f 431/87/3 430/59/3 435/33/3 434/60/3
f 432/78/3 433/56/3 430/59/3 431/87/3
f 424/80/18 427/79/18 437/79/18 436/80/18
f 409/60/13 428/61/13 438/61/13 434/60/13
f 402/78/27 416/56/27 433/56/27 432/78/27
f 428/61/28 424/80/28 436/80/28 438/61/28
f 700/31/8 672/29/8 674/18/8 701/32/8
f 709/33/1 694/34/1 678/3/1 702/35/1
f 702/35/7 678/3/7 676/5/7 703/36/7
f 707/37/3 689/38/3 672/9/3 700/39/3
f 696/40/16 677/4/16 675/6/16 695/41/16
f 690/42/19 674/28/19 672/25/19 689/43/19
f 694/44/17 680/45/17 682/46/17 697/47/17
f 688/48/20 679/49/20 681/50/20 691/51/20
f 708/52/3 697/53/3 682/54/3 704/55/3
f 706/56/1 690/57/1 680/58/1 705/59/1
f 714/80/28 717/79/28 727/79/28 726/80/28
f 719/62/3 698/63/3 687/64/3 713/65/3
f 716/66/3 693/67/3 683/68/3 715/69/3
f 711/70/15 685/71/15 686/72/15 712/73/15
f 718/61/1 699/60/1 685/71/1 711/70/1
f 715/74/14 683/75/14 684/76/14 710/77/14
f 713/65/3 687/64/3 693/67/3 716/66/3
f 710/77/1 684/76/1 692/78/1 717/79/1
f 701/32/1 674/18/1 690/57/1 706/56/1
f 673/24/9 688/48/9 691/51/9 671/23/9
f 680/45/11 690/42/11 689/43/11 682/46/11
f 704/55/3 682/54/3 689/38/3 707/37/3
f 705/59/30 709/33/30 725/33/30 720/59/30
f 712/73/3 686/72/3 698/63/3 719/62/3
f 703/36/3 676/5/3 697/53/3 708/52/3
f 678/3/10 694/44/10 697/47/10 676/5/10
f 679/49/12 696/40/12 695/41/12 681/50/12
f 705/59/1 680/58/1 694/34/1 709/33/1
f 709/33/27 699/60/27 724/60/27 725/33/27
f 686/72/3 703/36/3 708/52/3 698/63/3
f 687/64/3 704/55/3 707/37/3 693/67/3
f 684/76/1 701/32/1 706/56/1 692/78/1
f 706/56/21 705/59/21 720/59/21 723/56/21
f 698/63/3 708/52/3 704/55/3 687/64/3
f 693/67/3 707/37/3 700/39/3 683/68/3
f 685/71/24 702/35/24 703/36/24 686/72/24
f 699/60/1 709/33/1 702/35/1 685/71/1
f 683/75/23 700/31/23 701/32/23 684/76/23
f 675/6/3 712/73/3 719/62/3 695/81/3
f 679/82/1 714/80/1 718/61/1 696/83/1
f 673/17/1 710/77/1 717/79/1 688/84/1
f 681/85/3 713/65/3 716/66/3 691/86/3
f 671/30/26 715/74/26 710/77/26 673/17/26
f 696/83/1 718/61/1 711/70/1 677/4/1
f 677/4/25 711/70/25 712/73/25 675/6/25
f 691/86/3 716/66/3 715/69/3 671/10/3
f 695/81/3 719/62/3 713/65/3 681/85/3
f 688/84/1 717/79/1 714/80/1 679/82/1
f 727/79/1 722/78/1 721/87/1 726/80/1
f 726/80/1 721/87/1 724/60/1 728/61/1
f 721/87/1 720/59/1 725/33/1 724/60/1
f 722/78/1 723/56/1 720/59/1 721/87/1
f 699/60/29 718/61/29 728/61/29 724/60/29
f 692/78/22 706/56/22 723/56/22 722/78/22
f 718/61/18 714/80/18 726/80/18 728/61/18
f 717/79/13 692/78/13 722/78/13 727/79/13
f 874/31/7 846/29/7 848/18/7 875/32/7
f 883/33/3 868/34/3 852/3/3 876/35/3
f 876/35/8 852/3/8 850/5/8 877/36/8
f 881/37/1 863/38/1 846/9/1 874/39/1
f 870/40/9 851/4/9 849/6/9 869/41/9
f 864/42/10 848/28/10 846/25/10 863/43/10
f 868/44/11 854/45/11 856/46/11 871/47/11
f 862/48/12 853/49/12 855/50/12 865/51/12
f 882/52/1 871/53/1 856/54/1 878/55/1
f 880/56/3 864/57/3 854/58/3 879/59/3
f 883/33/22 873/60/22 898/60/22 899/33/22
f 893/62/1 872/63/1 861/64/1 887/65/1
f 890/66/1 867/67/1 857/68/1 889/69/1
f 885/70/14 859/71/14 860/72/14 886/73/14
f 892/61/3 873/60/3 859/71/3 885/70/3
f 889/74/15 857/75/15 858/76/15 884/77/15
f 887/65/1 861/64/1 867/67/1 890/66/1
f 884/77/3 858/76/3 866/78/3 891/79/3
f 875/32/3 848/18/3 864/57/3 880/56/3
f 847/24/16 862/48/16 865/51/16 845/23/16
f 854/45/17 864/42/17 863/43/17 856/46/17
f 878/55/1 856/54/1 863/38/1 881/37/1
f 880/56/30 879/59/30 894/59/30 897/56/30
f 886/73/1 860/72/1 872/63/1 893/62/1
f 877/36/1 850/5/1 871/53/1 882/52/1
f 852/3/19 868/44/19 871/47/19 850/5/19
f 853/49/20 870/40/20 869/41/20 855/50/20
f 879/59/3 854/58/3 868/34/3 883/33/3
f 891/79/29 866/78/29 896/78/29 901/79/29
f 860/72/1 877/36/1 882/52/1 872/63/1
f 861/64/1 878/55/1 881/37/1 867/67/1
f 858/76/3 875/32/3 880/56/3 866/78/3
f 892/61/28 888/80/28 900/80/28 902/61/28
f 872/63/1 882/52/1 878/55/1 861/64/1
f 867/67/1 881/37/1 874/39/1 857/68/1
f 859/71/23 876/35/23 877/36/23 860/72/23
f 873/60/3 883/33/3 876/35/3 859/71/3
f 857/75/24 874/31/24 875/32/24 858/76/24
f 849/6/1 886/73/1 893/62/1 869/81/1
f 853/82/3 888/80/3 892/61/3 870/83/3
f 847/17/3 884/77/3 891/79/3 862/84/3
f 855/85/1 887/65/1 890/66/1 865/86/1
f 845/30/25 889/74/25 884/77/25 847/17/25
f 870/83/3 892/61/3 885/70/3 851/4/3
f 851/4/26 885/70/26 886/73/26 849/6/26
f 865/86/1 890/66/1 889/69/1 845/10/1
f 869/81/1 893/62/1 887/65/1 855/85/1
f 862/84/3 891/79/3 888/80/3 853/82/3
f 901/79/3 896/78/3 895/87/3 900/80/3
f 900/80/3 895/87/3 898/60/3 902/61/3
f 895/87/3 894/59/3 899/33/3 898/60/3
f 896/78/3 897/56/3 894/59/3 895/87/3
f 879/59/21 883/33/21 899/33/21 894/59/21
f 888/80/18 891/79/18 901/79/18 900/80/18
f 873/60/13 892/61/13 902/61/13 898/60/13
f 866/78/27 880/56/27 897/56/27 896/78/27
f 932/31/8 904/29/8 906/18/8 933/32/8
f 941/33/1 926/34/1 910/3/1 934/35/1
f 934/35/7 910/3/7 908/5/7 935/36/7
f 939/37/3 921/38/3 904/9/3 932/39/3
f 928/40/16 909/4/16 907/6/16 927/41/16
f 922/42/19 906/28/19 904/25/19 921/43/19
f 926/44/17 912/45/17 914/46/17 929/47/17
f 920/48/20 911/49/20 913/50/20 923/51/20
f 940/52/3 929/53/3 914/54/3 936/55/3
f 938/56/1 922/57/1 912/58/1 937/59/1
f 941/33/27 931/60/27 956/60/27 957/33/27
f 951/62/3 930/63/3 919/64/3 945/65/3
f 948/66/3 925/67/3 915/68/3 947/69/3
f 943/70/15 917/71/15 918/72/15 944/73/15
f 950/61/1 931/60/1 917/71/1 943/70/1
f 947/74/14 915/75/14 916/76/14 942/77/14
f 945/65/3 919/64/3 925/67/3 948/66/3
f 942/77/1 916/76/1 924/78/1 949/79/1
f 933/32/1 906/18/1 922/57/1 938/56/1
f 905/24/9 920/48/9 923/51/9 903/23/9
f 912/45/11 922/42/11 921/43/11 914/46/11
f 936/55/3 914/54/3 921/38/3 939/37/3
f 938/56/21 937/59/21 952/59/21 955/56/21
f 944/73/3 918/72/3 930/63/3 951/62/3
f 935/36/3 908/5/3 929/53/3 940/52/3
f 910/3/10 926/44/10 929/47/10 908/5/10
f 911/49/12 928/40/12 927/41/12 913/50/12
f 937/59/1 912/58/1 926/34/1 941/33/1
f 949/79/13 924/78/13 954/78/13 959/79/13
f 918/72/3 935/36/3 940/52/3 930/63/3
f 919/64/3 936/55/3 939/37/3 925/67/3
f 916/76/1 933/32/1 938/56/1 924/78/1
f 950/61/18 946/80/18 958/80/18 960/61/18
f 930/63/3 940/52/3 936/55/3 919/64/3
f 925/67/3 939/37/3 932/39/3 915/68/3
f 917/71/24 934/35/24 935/36/24 918/72/24
f 931/60/1 941/33/1 934/35/1 917/71/1
f 915/75/23 932/31/23 933/32/23 916/76/23
f 907/6/3 944/73/3 951/62/3 927/81/3
f 911/82/1 946/80/1 950/61/1 928/83/1
f 905/17/1 942/77/1 949/79/1 920/84/1
f 913/85/3 945/65/3 948/66/3 923/86/3
f 903/30/26 947/74/26 942/77/26 905/17/26
f 928/83/1 950/61/1 943/70/1 909/4/1
f 909/4/25 943/70/25 944/73/25 907/6/25
f 923/86/3 948/66/3 947/69/3 903/10/3
f 927/81/3 951/62/3 945/65/3 913/85/3
f 920/84/1 949/79/1 946/80/1 911/82/1
f 959/79/1 954/78/1 953/87/1 958/80/1
f 958/80/1 953/87/1 956/60/1 960/61/1
f 953/87/1 952/59/1 957/33/1 956/60/1
f 954/78/1 955/56/1 952/59/1 953/87/1
f 937/59/30 941/33/30 957/33/30 952/59/30
f 946/80/28 949/79/28 959/79/28 958/80/28
f 931/60/29 950/61/29 960/61/29 956/60/29
f 924/78/22 938/56/22 955/56/22 954/78/22
f 1335/88/2 1334/3/2 1230/5/2 1239/89/2
f 1250/23/31 1249/6/31 1244/6/31 1245/23/31
f 1227/24/32 1231/4/32 1229/6/32 1225/23/32
f 1334/3/33 1333/28/33 1321/25/33 1230/5/33
f 1254/90/1 1253/91/1 1261/91/1 1264/90/1
f 1231/4/2 1238/92/2 1240/93/2 1229/6/2
f 1420/94/3 1239/89/3 1234/90/3 1417/95/3
f 1318/96/5 1319/97/5 1233/98/5 1236/99/5
f 1419/100/2 1335/88/2 1239/89/2 1420/94/2
f 1248/89/3 1246/5/3 1242/9/3 1241/90/3
f 1244/6/3 1243/93/3 1247/101/3 1245/10/3
f 1256/5/34 1255/25/34 1242/25/34 1246/5/34
f 1252/93/1 1251/101/1 1262/101/1 1263/93/1
f 1249/6/2 1252/93/2 1243/93/2 1244/6/2
f 1253/91/2 1256/5/2 1246/5/2 1248/89/2
f 1251/98/6 1250/30/6 1245/30/6 1247/98/6
f 1255/29/6 1254/102/6 1241/102/6 1242/29/6
f 1233/98/6 1225/30/6 1250/30/6 1251/98/6
f 1229/6/2 1240/93/2 1252/93/2 1249/6/2
f 1240/93/5 1233/101/5 1251/101/5 1252/93/5
f 1225/23/35 1229/6/35 1249/6/35 1250/23/35
f 1321/29/6 1234/102/6 1254/102/6 1255/29/6
f 1239/89/2 1230/5/2 1256/5/2 1253/91/2
f 1230/5/36 1321/25/36 1255/25/36 1256/5/36
f 1234/90/4 1239/89/4 1253/91/4 1254/90/4
f 1264/90/4 1261/91/4 1259/89/4 1260/90/4
f 1263/93/5 1262/101/5 1258/101/5 1257/93/5
f 1248/89/3 1241/90/3 1260/90/3 1259/89/3
f 1241/102/6 1254/102/6 1264/102/6 1260/102/6
f 1251/98/6 1247/98/6 1258/98/6 1262/98/6
f 1243/93/2 1252/93/2 1263/93/2 1257/93/2
f 1253/91/2 1248/89/2 1259/89/2 1261/91/2
f 1247/101/3 1243/93/3 1257/93/3 1258/101/3
f 1274/102/6 1266/29/6 1336/18/6 1338/103/6
f 1313/104/4 1339/105/4 1235/103/4 1234/102/4
f 1290/23/31 1289/6/31 1284/6/31 1285/23/31
f 1267/24/37 1271/4/37 1269/6/37 1265/23/37
f 1337/3/38 1336/28/38 1266/25/38 1324/5/38
f 1294/90/1 1293/91/1 1301/91/1 1304/90/1
f 1436/94/3 1279/89/3 1274/90/3 1433/95/3
f 1317/82/1 1318/96/1 1236/99/1 1227/17/1
f 1435/100/2 1277/88/2 1279/89/2 1436/94/2
f 1265/30/6 1273/98/6 1276/99/6 1267/17/6
f 1433/106/6 1274/102/6 1338/103/6 1434/107/6
f 1288/89/3 1286/5/3 1282/9/3 1281/90/3
f 1284/6/3 1283/93/3 1287/101/3 1285/10/3
f 1296/5/39 1295/25/39 1282/25/39 1286/5/39
f 1292/93/1 1291/101/1 1302/101/1 1303/93/1
f 1289/6/2 1292/93/2 1283/93/2 1284/6/2
f 1293/91/2 1296/5/2 1286/5/2 1288/89/2
f 1291/98/6 1290/30/6 1285/30/6 1287/98/6
f 1295/29/6 1294/102/6 1281/102/6 1282/29/6
f 1273/98/6 1265/30/6 1290/30/6 1291/98/6
f 1269/6/2 1280/93/2 1292/93/2 1289/6/2
f 1280/93/5 1273/101/5 1291/101/5 1292/93/5
f 1265/23/40 1269/6/40 1289/6/40 1290/23/40
f 1266/29/6 1274/102/6 1294/102/6 1295/29/6
f 1279/89/2 1324/5/2 1296/5/2 1293/91/2
f 1324/5/41 1266/25/41 1295/25/41 1296/5/41
f 1274/90/4 1279/89/4 1293/91/4 1294/90/4
f 1304/90/4 1301/91/4 1299/89/4 1300/90/4
f 1303/93/5 1302/101/5 1298/101/5 1297/93/5
f 1288/89/3 1281/90/3 1300/90/3 1299/89/3
f 1281/102/6 1294/102/6 1304/102/6 1300/102/6
f 1291/98/6 1287/98/6 1298/98/6 1302/98/6
f 1283/93/2 1292/93/2 1303/93/2 1297/93/2
f 1293/91/2 1288/89/2 1299/89/2 1301/91/2
f 1287/101/3 1283/93/3 1297/93/3 1298/101/3
f 1228/108/1 1315/109/1 1328/109/1 1330/108/1
f 1326/58/3 1313/104/3 1234/102/3 1321/29/3
f 1319/97/3 1320/82/3 1225/30/3 1233/98/3
f 1320/50/4 1317/49/4 1227/24/4 1225/23/4
f 1233/98/6 1305/110/6 1342/76/6 1236/99/6
f 1236/99/42 1342/76/42 1343/111/42 1238/92/42
f 1238/92/2 1343/111/2 1308/72/2 1240/93/2
f 1240/93/3 1308/72/3 1305/112/3 1233/101/3
f 1273/98/6 1309/110/6 1344/76/6 1276/99/6
f 1276/99/42 1344/76/42 1346/111/42 1278/92/42
f 1278/92/2 1346/111/2 1312/72/2 1280/93/2
f 1280/93/3 1312/72/3 1309/112/3 1273/101/3
f 1324/5/3 1279/89/3 1313/104/3 1326/58/3
f 1315/109/1 1272/113/1 1331/113/1 1328/109/1
f 1279/89/4 1277/88/4 1339/105/4 1313/104/4
f 1269/6/4 1271/4/4 1317/49/4 1320/50/4
f 1280/93/3 1269/6/3 1320/82/3 1319/97/3
f 1271/4/1 1278/92/1 1318/96/1 1317/82/1
f 1278/92/5 1280/93/5 1319/97/5 1318/96/5
f 1227/24/1 1236/99/1 1238/92/1 1231/4/1
f 1267/24/1 1276/99/1 1278/92/1 1271/4/1
f 1228/108/5 1226/114/5 1321/25/5 1333/28/5
f 1270/115/5 1272/113/5 1337/3/5 1324/5/5
f 1315/109/5 1228/108/5 1333/28/5 1341/45/5
f 1226/114/5 1316/116/5 1326/46/5 1321/25/5
f 1272/113/5 1315/109/5 1341/45/5 1337/3/5
f 1316/116/5 1270/115/5 1324/5/5 1326/46/5
f 1328/109/5 1327/116/5 1329/114/5 1330/108/5
f 1331/113/5 1332/115/5 1327/116/5 1328/109/5
f 1226/114/2 1228/108/2 1330/108/2 1329/114/2
f 1270/115/3 1316/116/3 1327/116/3 1332/115/3
f 1316/116/3 1226/114/3 1329/114/3 1327/116/3
f 1272/113/6 1270/115/6 1332/115/6 1331/113/6
f 1232/117/43 1322/118/43 1333/18/43 1334/3/43
f 1237/119/44 1232/117/44 1334/3/44 1335/88/44
f 1323/120/45 1268/121/45 1336/18/45 1337/3/45
f 1268/121/46 1275/122/46 1338/103/46 1336/18/46
f 1314/123/1 1340/124/1 1235/103/1 1339/105/1
f 1322/118/47 1325/125/47 1341/58/47 1333/18/47
f 1417/106/6 1234/102/6 1235/103/6 1418/126/6
f 1421/127/48 1306/128/48 1342/76/48 1418/126/48
f 1306/128/49 1307/129/49 1343/111/49 1342/76/49
f 1437/130/46 1310/128/46 1344/76/46 1434/107/46
f 1438/131/1 1345/132/1 1277/88/1 1435/100/1
f 1310/128/49 1311/129/49 1346/111/49 1344/76/49
f 1345/132/1 1314/123/1 1339/105/1 1277/88/1
f 1325/125/47 1323/120/47 1337/3/47 1341/58/47
f 1354/123/1 1353/125/1 1347/118/1 1348/124/1
f 1422/133/44 1237/119/44 1335/88/44 1419/100/44
f 1439/134/1 1352/122/1 1351/132/1 1440/135/1
f 1351/132/1 1350/120/1 1353/125/1 1354/123/1
f 1350/120/1 1351/136/1 1352/122/1 1356/121/1
f 1355/117/1 1349/119/1 1348/137/1 1347/118/1
f 1387/121/50 1375/120/50 1397/120/50 1389/121/50
f 1376/120/51 1388/121/51 1390/121/51 1398/120/51
f 1383/117/52 1371/118/52 1409/118/52 1403/117/52
f 1371/118/53 1373/125/53 1415/125/53 1409/118/53
f 1380/129/92 1377/128/92 1405/128/92 1408/129/92
f 1365/123/1 1362/132/1 1396/132/1 1411/123/1
f 1458/138/54 1459/139/54 1367/129/54 1393/129/54
f 1361/132/3 1366/123/3 1412/123/3 1395/132/3
f 1378/128/55 1379/129/55 1407/129/55 1406/128/55
f 1364/140/1 1365/123/1 1411/123/1 1414/140/1
f 1441/131/3 1361/132/3 1395/132/3 1445/131/3
f 1384/117/56 1381/119/56 1401/119/56 1404/117/56
f 1366/123/3 1363/140/3 1413/140/3 1412/123/3
f 1386/122/57 1387/121/57 1389/121/57 1392/122/57
f 1457/139/4 1458/138/4 1393/129/4 1394/129/4
f 1314/123/4 1345/132/4 1362/132/4 1365/123/4
f 1366/123/4 1361/132/4 1351/132/4 1354/123/4
f 1449/139/55 1457/139/55 1394/129/55 1368/129/55
f 1423/127/1 1348/124/1 1349/119/1 1424/141/1
f 1340/124/4 1314/123/4 1365/123/4 1364/140/4
f 1421/127/6 1340/124/6 1364/140/6 1428/127/6
f 1363/140/4 1366/123/4 1354/123/4 1348/124/4
f 1311/129/4 1310/128/4 1370/128/4 1367/129/4
f 1475/129/58 1476/142/58 1359/128/58 1360/129/58
f 1480/130/6 1477/143/6 1352/122/6 1439/134/6
f 1437/130/6 1275/122/6 1386/122/6 1444/134/6
f 1483/144/59 1478/145/59 1355/117/59 1347/118/59
f 1325/125/5 1322/118/5 1372/118/5 1374/125/5
f 1484/146/60 1483/144/60 1347/118/60 1353/125/60
f 1322/118/33 1232/117/33 1384/117/33 1372/118/33
f 1323/120/5 1325/125/5 1374/125/5 1375/120/5
f 1485/147/60 1484/146/60 1353/125/60 1350/120/60
f 1486/148/61 1485/147/61 1350/120/61 1356/121/61
f 1268/121/38 1323/120/38 1375/120/38 1387/121/38
f 1487/149/58 1482/150/58 1357/128/58 1358/129/58
f 1307/129/4 1306/128/4 1377/128/4 1380/129/4
f 1427/127/6 1363/140/6 1348/124/6 1423/127/6
f 1422/133/2 1307/129/2 1380/129/2 1426/133/2
f 1478/145/2 1488/151/2 1349/119/2 1355/117/2
f 1232/117/2 1237/119/2 1381/119/2 1384/117/2
f 1477/143/6 1486/148/6 1356/121/6 1352/122/6
f 1275/122/6 1268/121/6 1387/121/6 1386/122/6
f 1390/121/62 1391/122/62 1392/122/62 1389/121/62
f 1445/131/2 1395/132/2 1396/132/2 1446/131/2
f 1398/120/63 1390/121/63 1389/121/63 1397/120/63
f 1447/134/64 1399/128/64 1400/128/64 1448/134/64
f 1402/119/65 1403/117/65 1404/117/65 1401/119/65
f 1406/128/4 1407/129/4 1408/129/4 1405/128/4
f 1403/117/66 1409/118/66 1410/118/66 1404/117/66
f 1479/152/2 1487/149/2 1358/129/2 1424/141/2
f 1399/128/4 1394/129/4 1393/129/4 1400/128/4
f 1412/123/67 1413/140/67 1414/140/67 1411/123/67
f 1395/132/68 1412/123/68 1411/123/68 1396/132/68
f 1409/118/69 1415/125/69 1416/125/69 1410/118/69
f 1415/125/70 1398/120/70 1397/120/70 1416/125/70
f 1429/133/71 1402/119/71 1401/119/71 1430/133/71
f 1374/125/72 1372/118/72 1410/118/72 1416/125/72
f 1372/118/73 1384/117/73 1404/117/73 1410/118/73
f 1443/130/74 1369/128/74 1399/128/74 1447/134/74
f 1373/125/75 1376/120/75 1398/120/75 1415/125/75
f 1474/139/76 1449/139/76 1368/129/76 1461/129/76
f 1375/120/77 1374/125/77 1416/125/77 1397/120/77
f 1425/133/78 1382/119/78 1402/119/78 1429/133/78
f 1444/134/79 1386/122/79 1392/122/79 1448/134/79
f 1426/133/80 1380/129/80 1408/129/80 1430/133/80
f 1369/128/55 1368/129/55 1394/129/55 1399/128/55
f 1451/153/1 1450/139/1 1360/129/1 1440/135/1
f 1388/121/81 1385/122/81 1391/122/81 1390/121/81
f 1367/129/54 1370/128/54 1400/128/54 1393/129/54
f 1382/119/82 1383/117/82 1403/117/82 1402/119/82
f 1428/127/1 1364/140/1 1414/140/1 1432/127/1
f 1452/154/83 1451/153/83 1440/135/83 1441/131/83
f 1363/140/3 1427/127/3 1431/127/3 1413/140/3
f 1381/119/104 1426/133/104 1430/133/104 1401/119/104
f 1379/129/105 1425/133/105 1429/133/105 1407/129/105
f 1413/140/6 1431/127/6 1432/127/6 1414/140/6
f 1407/129/86 1429/133/86 1430/133/86 1408/129/86
f 1488/151/2 1479/152/2 1424/141/2 1349/119/2
f 1453/155/1 1452/154/1 1441/131/1 1445/131/1
f 1454/154/5 1453/155/5 1445/131/5 1446/131/5
f 1357/128/1 1423/127/1 1424/141/1 1358/129/1
f 1307/129/44 1422/133/44 1419/100/44 1343/111/44
f 1340/124/1 1421/127/1 1418/126/1 1235/103/1
f 1305/110/6 1417/106/6 1418/126/6 1342/76/6
f 1343/111/2 1419/100/2 1420/94/2 1308/72/2
f 1308/72/3 1420/94/3 1417/95/3 1305/112/3
f 1370/128/87 1444/134/87 1448/134/87 1400/128/87
f 1385/122/88 1443/130/88 1447/134/88 1391/122/88
f 1391/122/89 1447/134/89 1448/134/89 1392/122/89
f 1455/154/3 1454/154/3 1446/131/3 1442/131/3
f 1310/128/6 1437/130/6 1444/134/6 1370/128/6
f 1476/142/6 1480/130/6 1439/134/6 1359/128/6
f 1345/132/2 1438/131/2 1442/131/2 1362/132/2
f 1361/132/2 1441/131/2 1440/135/2 1351/132/2
f 1456/156/5 1455/154/5 1442/131/5 1438/131/5
f 1362/132/1 1442/131/1 1446/131/1 1396/132/1
f 1359/128/1 1439/134/1 1440/135/1 1360/129/1
f 1311/129/90 1438/131/90 1435/100/90 1346/111/90
f 1275/122/46 1437/130/46 1434/107/46 1338/103/46
f 1309/110/6 1433/106/6 1434/107/6 1344/76/6
f 1346/111/2 1435/100/2 1436/94/2 1312/72/2
f 1312/72/3 1436/94/3 1433/95/3 1309/112/3
f 1459/139/4 1460/139/4 1311/129/4 1367/129/4
f 1460/139/91 1456/156/91 1438/131/91 1311/129/91
f 1306/128/91 1421/127/91 1456/156/91 1460/139/91
f 1377/128/4 1306/128/4 1460/139/4 1459/139/4
f 1421/127/5 1428/127/5 1455/154/5 1456/156/5
f 1428/127/3 1432/127/3 1454/154/3 1455/154/3
f 1432/127/5 1431/127/5 1453/155/5 1454/154/5
f 1431/127/1 1427/127/1 1452/154/1 1453/155/1
f 1427/127/83 1423/127/83 1451/153/83 1452/154/83
f 1423/127/1 1357/128/1 1450/139/1 1451/153/1
f 1462/157/76 1378/128/76 1449/139/76 1474/139/76
f 1378/128/55 1406/128/55 1457/139/55 1449/139/55
f 1406/128/4 1405/128/4 1458/138/4 1457/139/4
f 1405/128/54 1377/128/54 1459/139/54 1458/138/54
f 1482/150/93 1462/157/93 1474/139/93 1481/139/93
f 1369/128/94 1443/130/94 1473/130/94 1463/158/94
f 1481/139/93 1474/139/93 1461/129/93 1475/129/93
f 1425/133/95 1379/129/95 1470/161/95 1472/159/95
f 1385/122/94 1388/121/94 1469/121/94 1464/143/94
f 1383/117/95 1382/119/95 1471/160/95 1466/117/95
f 1379/129/76 1378/128/76 1462/157/76 1470/161/76
f 1388/121/96 1376/120/96 1468/162/96 1469/121/96
f 1376/120/97 1373/125/97 1467/125/97 1468/162/97
f 1373/125/97 1371/118/97 1465/118/97 1467/125/97
f 1371/118/98 1383/117/98 1466/117/98 1465/118/98
f 1443/130/94 1385/122/94 1464/143/94 1473/130/94
f 1368/129/76 1369/128/76 1463/158/76 1461/129/76
f 1450/139/58 1481/139/58 1475/129/58 1360/129/58
f 1357/128/58 1482/150/58 1481/139/58 1450/139/58
f 1463/158/99 1473/130/99 1480/130/99 1476/142/99
f 1471/160/100 1472/159/100 1479/152/100 1488/151/100
f 1472/159/100 1470/161/100 1487/149/100 1479/152/100
f 1464/143/99 1469/121/99 1486/148/99 1477/143/99
f 1466/117/100 1471/160/100 1488/151/100 1478/145/100
f 1470/161/93 1462/157/93 1482/150/93 1487/149/93
f 1469/121/101 1468/162/101 1485/147/101 1486/148/101
f 1468/162/102 1467/125/102 1484/146/102 1485/147/102
f 1467/125/102 1465/118/102 1483/144/102 1484/146/102
f 1465/118/103 1466/117/103 1478/145/103 1483/144/103
f 1473/130/99 1464/143/99 1477/143/99 1480/130/99
f 1461/129/93 1463/158/93 1476/142/93 1475/129/93
f 1494/50/4 1496/49/4 1490/24/4 1489/23/4
f 1490/24/37 1561/4/37 1491/6/37 1489/23/37
f 1489/23/108 1491/6/108 1552/6/108 1493/23/108
f 1497/96/1 1494/82/1 1489/30/1 1492/98/1
f 1492/98/2 1489/30/2 1493/30/2 1553/98/2
f 1498/93/1 1495/6/1 1494/82/1 1497/96/1
f 1495/6/4 1502/4/4 1496/49/4 1494/50/4
f 1499/96/5 1497/96/5 1492/98/5 1500/99/5
f 1501/92/5 1498/93/5 1497/96/5 1499/96/5
f 1496/82/3 1499/96/3 1500/99/3 1490/17/3
f 1502/4/3 1501/92/3 1499/96/3 1496/82/3
f 1505/24/3 1504/99/3 1501/92/3 1502/4/3
f 1501/92/6 1610/111/6 1512/72/6 1498/93/6
f 1504/99/109 1605/76/109 1610/111/109 1501/92/109
f 1508/30/2 1507/98/2 1504/99/2 1505/17/2
f 1507/98/2 1510/110/2 1605/76/2 1504/99/2
f 1507/98/2 1508/30/2 1575/30/2 1509/98/2
f 1498/93/1 1512/72/1 1510/112/1 1507/101/1
f 1498/93/5 1507/101/5 1509/101/5 1576/93/5
f 1697/106/2 1511/102/2 1604/103/2 1699/163/2
f 1698/94/1 1513/89/1 1511/90/1 1697/95/1
f 1700/100/6 1599/88/6 1513/89/6 1698/94/6
f 1588/5/1 1513/89/1 1517/104/1 1590/58/1
f 1513/89/6 1588/5/6 1531/5/6 1516/91/6
f 1511/90/4 1513/89/4 1516/91/4 1530/90/4
f 1513/89/4 1599/88/4 1597/104/4 1517/104/4
f 1590/58/1 1517/104/1 1518/102/1 1589/29/1
f 1517/104/4 1597/104/4 1598/103/4 1518/102/4
f 1524/164/2 1514/115/2 1595/115/2 1594/164/2
f 1519/116/1 1539/165/1 1596/165/1 1591/116/1
f 1602/3/33 1603/28/33 1526/25/33 1588/5/33
f 1511/102/2 1526/29/2 1603/18/2 1604/103/2
f 1526/29/2 1511/102/2 1530/102/2 1528/29/2
f 1588/5/110 1526/25/110 1528/25/110 1531/5/110
f 1528/29/2 1530/102/2 1534/102/2 1529/29/2
f 1531/5/111 1528/25/111 1529/25/111 1532/5/111
f 1516/91/6 1531/5/6 1532/5/6 1533/89/6
f 1533/89/1 1532/5/1 1529/9/1 1534/90/1
f 1533/89/1 1534/90/1 1536/90/1 1535/89/1
f 1516/91/6 1533/89/6 1535/89/6 1537/91/6
f 1538/90/4 1537/91/4 1535/89/4 1536/90/4
f 1530/90/3 1516/91/3 1537/91/3 1538/90/3
f 1534/102/2 1530/102/2 1538/102/2 1536/102/2
f 1606/3/38 1601/28/38 1589/25/38 1541/5/38
f 1607/88/6 1606/3/6 1541/5/6 1543/89/6
f 1681/166/6 1607/88/6 1543/89/6 1682/167/6
f 1545/92/6 1608/168/6 1547/169/6 1548/93/6
f 1500/99/112 1609/170/112 1608/168/112 1545/92/112
f 1548/93/1 1547/169/1 1549/171/1 1492/101/1
f 1682/167/1 1543/89/1 1518/90/1 1683/172/1
f 1683/173/2 1518/102/2 1598/103/2 1684/174/2
f 1492/98/2 1549/175/2 1609/170/2 1500/99/2
f 1491/6/6 1548/93/6 1550/93/6 1552/6/6
f 1561/4/6 1545/92/6 1548/93/6 1491/6/6
f 1548/93/5 1492/101/5 1553/101/5 1550/93/5
f 1551/93/6 1550/93/6 1554/93/6 1555/93/6
f 1552/6/6 1550/93/6 1551/93/6 1560/6/6
f 1550/93/3 1553/101/3 1556/101/3 1554/93/3
f 1554/93/5 1556/101/5 1557/101/5 1555/93/5
f 1553/98/2 1558/98/2 1557/98/2 1556/98/2
f 1558/101/1 1551/93/1 1555/93/1 1557/101/1
f 1553/98/2 1493/30/2 1559/30/2 1558/98/2
f 1560/6/1 1551/93/1 1558/101/1 1559/10/1
f 1493/23/113 1552/6/113 1560/6/113 1559/23/113
f 1490/24/3 1500/99/3 1545/92/3 1561/4/3
f 1543/89/6 1541/5/6 1564/5/6 1562/91/6
f 1518/90/4 1543/89/4 1562/91/4 1565/90/4
f 1562/91/6 1563/89/6 1567/89/6 1566/91/6
f 1562/91/6 1564/5/6 1572/5/6 1563/89/6
f 1565/90/3 1562/91/3 1566/91/3 1568/90/3
f 1568/90/4 1566/91/4 1567/89/4 1569/90/4
f 1570/102/2 1565/102/2 1568/102/2 1569/102/2
f 1563/89/1 1570/90/1 1569/90/1 1567/89/1
f 1573/29/2 1565/102/2 1570/102/2 1571/29/2
f 1563/89/1 1572/5/1 1571/9/1 1570/90/1
f 1564/5/114 1573/25/114 1571/25/114 1572/5/114
f 1541/5/115 1589/25/115 1573/25/115 1564/5/115
f 1589/29/2 1518/102/2 1565/102/2 1573/29/2
f 1509/98/2 1574/98/2 1578/98/2 1577/98/2
f 1509/98/2 1575/30/2 1583/30/2 1574/98/2
f 1576/93/3 1509/101/3 1577/101/3 1579/93/3
f 1579/93/5 1577/101/5 1578/101/5 1580/93/5
f 1581/93/6 1576/93/6 1579/93/6 1580/93/6
f 1574/101/1 1581/93/1 1580/93/1 1578/101/1
f 1584/6/6 1576/93/6 1581/93/6 1582/6/6
f 1582/6/1 1581/93/1 1574/101/1 1583/10/1
f 1575/23/113 1584/6/113 1582/6/113 1583/23/113
f 1508/23/116 1495/6/116 1584/6/116 1575/23/116
f 1495/6/6 1498/93/6 1576/93/6 1584/6/6
f 1505/24/32 1502/4/32 1495/6/32 1508/23/32
f 1522/109/5 1523/108/5 1601/28/5 1585/45/5
f 1524/164/5 1522/109/5 1585/45/5 1602/3/5
f 1514/115/5 1524/164/5 1602/3/5 1588/5/5
f 1523/108/5 1539/165/5 1589/25/5 1601/28/5
f 1539/165/5 1519/116/5 1590/46/5 1589/25/5
f 1519/116/5 1514/115/5 1588/5/5 1590/46/5
f 1592/109/5 1591/116/5 1596/165/5 1593/108/5
f 1594/164/5 1595/115/5 1591/116/5 1592/109/5
f 1523/108/3 1522/109/3 1592/109/3 1593/108/3
f 1514/115/1 1519/116/1 1591/116/1 1595/115/1
f 1539/165/6 1523/108/6 1593/108/6 1596/165/6
f 1522/109/3 1524/164/3 1594/164/3 1592/109/3
f 1520/176/3 1521/177/3 1598/103/3 1597/104/3
f 1515/178/3 1520/176/3 1597/104/3 1599/88/3
f 1586/179/117 1600/125/117 1585/58/117 1601/18/117
f 1600/125/117 1587/180/117 1602/3/117 1585/58/117
f 1587/180/118 1525/181/118 1603/18/118 1602/3/118
f 1525/181/119 1527/182/119 1604/103/119 1603/18/119
f 1701/183/119 1506/184/119 1605/76/119 1699/163/119
f 1540/117/120 1586/179/120 1601/18/120 1606/3/120
f 1542/119/121 1540/117/121 1606/3/121 1607/88/121
f 1685/185/121 1542/119/121 1607/88/121 1681/166/121
f 1546/186/122 1544/187/122 1608/168/122 1609/170/122
f 1686/188/123 1546/186/123 1609/170/123 1684/174/123
f 1702/189/3 1515/178/3 1599/88/3 1700/100/3
f 1506/184/122 1503/190/122 1610/111/122 1605/76/122
f 1612/176/3 1611/125/3 1616/179/3 1617/177/3
f 1614/178/3 1613/180/3 1611/125/3 1612/176/3
f 1613/180/3 1614/191/3 1615/182/3 1619/181/3
f 1703/183/3 1615/182/3 1614/178/3 1704/192/3
f 1621/117/3 1618/119/3 1617/137/3 1616/179/3
f 1688/188/3 1617/177/3 1618/119/3 1687/193/3
f 1722/194/1 1723/195/1 1690/196/1 1694/196/1
f 1632/197/82 1634/198/82 1660/198/82 1676/197/82
f 1649/199/54 1645/187/54 1667/187/54 1663/199/54
f 1705/200/1 1643/201/1 1655/201/1 1709/189/1
f 1625/117/81 1642/202/81 1672/202/81 1679/117/81
f 1651/180/53 1647/125/53 1665/125/53 1657/180/53
f 1633/198/56 1631/197/56 1675/197/56 1659/198/56
f 1641/119/57 1626/117/57 1680/117/57 1671/119/57
f 1648/125/72 1652/180/72 1658/180/72 1666/125/72
f 1638/123/3 1644/203/3 1656/203/3 1674/123/3
f 1639/204/3 1638/123/3 1674/123/3 1661/204/3
f 1637/176/1 1640/204/1 1662/204/1 1673/176/1
f 1690/196/3 1639/204/3 1661/204/3 1694/196/3
f 1643/201/1 1637/176/1 1673/176/1 1655/201/1
f 1749/205/124 1739/117/124 1621/117/124 1616/179/124
f 1540/117/6 1542/119/6 1642/202/6 1625/117/6
f 1586/179/38 1540/117/38 1625/117/38 1635/179/38
f 1739/117/6 1740/160/6 1618/119/6 1621/117/6
f 1503/190/4 1506/184/4 1629/206/4 1627/129/4
f 1721/207/5 1722/194/5 1694/196/5 1693/196/5
f 1713/194/3 1721/207/3 1693/196/3 1689/196/3
f 1741/190/125 1742/208/125 1620/184/125 1624/190/125
f 1806/119/1 1949/185/1 1701/183/1 1527/182/1
f 1748/209/2 1743/182/2 1615/182/2 1703/183/2
f 1527/182/2 1525/181/2 1634/198/2 1632/197/2
f 1743/182/2 1744/198/2 1619/181/2 1615/182/2
f 1744/198/126 1745/180/126 1613/180/126 1619/181/126
f 1525/181/33 1587/180/33 1651/180/33 1634/198/33
f 1750/125/127 1749/205/127 1616/179/127 1611/125/127
f 1600/125/5 1586/179/5 1635/179/5 1647/125/5
f 1637/176/4 1643/201/4 1614/178/4 1612/176/4
f 1521/177/4 1520/176/4 1638/123/4 1639/204/4
f 1640/204/4 1637/176/4 1612/176/4 1617/177/4
f 1520/176/4 1515/178/4 1644/203/4 1638/123/4
f 1689/196/2 1640/204/2 1617/177/2 1688/188/2
f 1686/188/2 1521/177/2 1639/204/2 1690/196/2
f 1747/185/6 1746/187/6 1622/187/6 1687/193/6
f 1685/185/6 1544/187/6 1646/187/6 1692/185/6
f 1746/187/125 1751/210/125 1623/186/125 1622/187/125
f 1544/187/4 1546/186/4 1650/199/4 1646/187/4
f 1745/180/127 1750/125/127 1611/125/127 1613/180/127
f 1587/180/5 1600/125/5 1647/125/5 1651/180/5
f 1709/189/6 1655/201/6 1656/203/6 1710/189/6
f 1658/180/66 1659/198/66 1660/198/66 1657/180/66
f 1714/211/128 1713/194/128 1689/196/128 1688/188/128
f 1666/125/69 1658/180/69 1657/180/69 1665/125/69
f 1663/199/4 1667/187/4 1668/187/4 1664/199/4
f 1670/212/70 1666/125/70 1665/125/70 1669/179/70
f 1695/185/89 1671/119/89 1672/202/89 1696/185/89
f 1655/201/67 1673/176/67 1674/123/67 1656/203/67
f 1659/198/65 1675/197/65 1676/197/65 1660/198/65
f 1678/206/4 1654/129/4 1653/129/4 1677/206/4
f 1711/183/86 1678/206/86 1677/206/86 1712/183/86
f 1680/117/63 1670/212/63 1669/179/63 1679/117/63
f 1673/176/68 1662/204/68 1661/204/68 1674/123/68
f 1671/119/62 1680/117/62 1679/117/62 1672/202/62
f 1646/187/55 1650/199/55 1664/199/55 1668/187/55
f 1630/206/54 1628/129/54 1654/129/54 1678/206/54
f 1652/180/73 1633/198/73 1659/198/73 1658/180/73
f 1627/129/55 1629/206/55 1677/206/55 1653/129/55
f 1636/212/77 1648/125/77 1666/125/77 1670/212/77
f 1707/183/80 1630/206/80 1678/206/80 1711/183/80
f 1647/125/75 1635/179/75 1669/179/75 1665/125/75
f 1634/198/52 1651/180/52 1657/180/52 1660/198/52
f 1708/183/78 1632/197/78 1676/197/78 1712/183/78
f 1691/185/129 1641/119/129 1671/119/129 1695/185/129
f 1715/213/3 1714/211/3 1688/188/3 1623/186/3
f 1626/117/50 1636/212/50 1670/212/50 1680/117/50
f 1692/185/130 1646/187/130 1668/187/130 1696/185/130
f 1635/179/51 1625/117/51 1679/117/51 1669/179/51
f 1642/202/88 1692/185/88 1696/185/88 1672/202/88
f 1640/204/1 1689/196/1 1693/196/1 1662/204/1
f 1645/187/131 1691/185/131 1695/185/131 1667/187/131
f 1667/187/132 1695/185/132 1696/185/132 1668/187/132
f 1662/204/2 1693/196/2 1694/196/2 1661/204/2
f 1542/119/6 1685/185/6 1692/185/6 1642/202/6
f 1740/160/6 1747/185/6 1687/193/6 1618/119/6
f 1752/214/133 1715/213/133 1623/186/133 1751/210/133
f 1717/215/134 1716/215/134 1649/199/134 1663/199/134
f 1718/215/135 1717/215/135 1663/199/135 1664/199/135
f 1623/186/3 1688/188/3 1687/193/3 1622/187/3
f 1521/177/3 1686/188/3 1684/174/3 1598/103/3
f 1544/187/121 1685/185/121 1681/166/121 1608/168/121
f 1549/175/2 1683/173/2 1684/174/2 1609/170/2
f 1547/169/1 1682/167/1 1683/172/1 1549/171/1
f 1608/168/6 1681/166/6 1682/167/6 1547/169/6
f 1629/206/105 1708/183/105 1712/183/105 1677/206/105
f 1631/197/104 1707/183/104 1711/183/104 1675/197/104
f 1675/197/71 1711/183/71 1712/183/71 1676/197/71
f 1719/215/136 1718/215/136 1664/199/136 1650/199/136
f 1742/208/2 1748/209/2 1703/183/2 1620/184/2
f 1506/184/2 1701/183/2 1708/183/2 1629/206/2
f 1515/178/6 1702/189/6 1706/189/6 1644/203/6
f 1643/201/6 1705/200/6 1704/192/6 1614/178/6
f 1720/215/137 1719/215/137 1650/199/137 1546/186/137
f 1644/203/3 1706/189/3 1710/189/3 1656/203/3
f 1620/184/3 1703/183/3 1704/192/3 1624/190/3
f 1503/190/138 1702/189/138 1700/100/138 1610/111/138
f 1527/182/119 1701/183/119 1699/163/119 1604/103/119
f 1610/111/6 1700/100/6 1698/94/6 1512/72/6
f 1512/72/1 1698/94/1 1697/95/1 1510/112/1
f 1510/110/2 1697/106/2 1699/163/2 1605/76/2
f 1723/195/5 1724/216/5 1686/188/5 1690/196/5
f 1724/216/139 1720/215/139 1546/186/139 1686/188/139
f 1702/189/140 1503/190/140 1720/215/140 1724/216/140
f 1706/189/5 1702/189/5 1724/216/5 1723/195/5
f 1503/190/137 1627/129/137 1719/215/137 1720/215/137
f 1627/129/141 1653/129/141 1718/215/141 1719/215/141
f 1653/129/135 1654/129/135 1717/215/135 1718/215/135
f 1654/129/142 1628/129/142 1716/215/142 1717/215/142
f 1741/190/133 1624/190/133 1715/213/133 1752/214/133
f 1624/190/3 1704/192/3 1714/211/3 1715/213/3
f 1704/192/128 1705/200/128 1713/194/128 1714/211/128
f 1705/200/3 1709/189/3 1721/207/3 1713/194/3
f 1709/189/5 1710/189/5 1722/194/5 1721/207/5
f 1710/189/1 1706/189/1 1723/195/1 1722/194/1
f 1628/129/143 1728/190/143 1738/213/143 1716/215/143
f 1630/206/144 1707/183/144 1737/183/144 1729/184/144
f 1716/215/145 1738/213/145 1734/217/145 1649/199/145
f 1641/119/146 1691/185/146 1736/185/146 1727/119/146
f 1652/180/147 1648/125/147 1733/125/147 1732/180/147
f 1645/187/148 1649/199/148 1734/217/148 1735/187/148
f 1691/185/146 1645/187/146 1735/187/146 1736/185/146
f 1648/125/147 1636/212/147 1725/218/147 1733/125/147
f 1633/198/149 1652/180/149 1732/180/149 1731/198/149
f 1631/197/144 1633/198/144 1731/198/144 1730/182/144
f 2000/185/3 1991/119/3 1730/182/3 1737/183/3
f 1628/129/150 1630/206/150 1729/184/150 1728/190/150
f 1626/117/146 1641/119/146 1727/119/146 1726/219/146
f 1636/212/151 1626/117/151 1726/219/151 1725/218/151
f 1728/190/152 1741/190/152 1752/214/152 1738/213/152
f 1729/184/153 1737/183/153 1748/209/153 1742/208/153
f 1738/213/154 1752/214/154 1751/210/154 1734/217/154
f 1727/119/155 1736/185/155 1747/185/155 1740/160/155
f 1732/180/156 1733/125/156 1750/125/156 1745/180/156
f 1735/187/157 1734/217/157 1751/210/157 1746/187/157
f 1736/185/155 1735/187/155 1746/187/155 1747/185/155
f 1733/125/156 1725/218/156 1749/205/156 1750/125/156
f 1731/198/158 1732/180/158 1745/180/158 1744/198/158
f 1730/182/153 1731/198/153 1744/198/153 1743/182/153
f 1737/183/153 1730/182/153 1743/182/153 1748/209/153
f 1728/190/159 1729/184/159 1742/208/159 1741/190/159
f 1726/219/155 1727/119/155 1740/160/155 1739/117/155
f 1725/218/160 1726/219/160 1739/117/160 1749/205/160
f 1906/202/5 1806/119/5 1527/182/5 1632/197/5
f 1955/185/166 2000/185/166 1737/183/166 1707/183/166
f 1991/119/169 1905/119/169 1631/197/169 1730/182/169
f 1905/119/1 1955/185/1 1707/183/1 1631/197/1
f 1949/185/4 1956/185/4 1708/183/4 1701/183/4
f 1956/185/3 1906/202/3 1632/197/3 1708/183/3
usemtl Blue.006
f 25/1/1 28/2/1 24/3/1 23/4/1
f 23/4/2 24/3/2 22/5/2 21/6/2
f 29/7/3 32/8/3 18/9/3 17/10/3
f 25/11/4 23/4/4 21/6/4 30/12/4
f 24/3/5 28/13/5 31/14/5 22/5/5
f 21/6/3 22/5/3 31/15/3 30/16/3
f 19/17/1 20/18/1 27/19/1 26/20/1
f 31/15/6 28/2/6 25/11/6 30/16/6
f 26/21/2 27/19/2 32/8/2 29/7/2
f 26/21/4 29/22/4 17/23/4 19/24/4
f 18/25/5 32/26/5 27/27/5 20/28/5
f 18/29/6 20/18/6 19/17/6 17/30/6
f 62/31/7 34/29/7 36/18/7 63/32/7
f 71/33/3 56/34/3 40/3/3 64/35/3
f 64/35/8 40/3/8 38/5/8 65/36/8
f 69/37/1 51/38/1 34/9/1 62/39/1
f 58/40/9 39/4/9 37/6/9 57/41/9
f 52/42/10 36/28/10 34/25/10 51/43/10
f 56/44/11 42/45/11 44/46/11 59/47/11
f 50/48/12 41/49/12 43/50/12 53/51/12
f 70/52/1 59/53/1 44/54/1 66/55/1
f 68/56/3 52/57/3 42/58/3 67/59/3
f 61/60/13 80/61/13 90/61/13 86/60/13
f 81/62/1 60/63/1 49/64/1 75/65/1
f 78/66/1 55/67/1 45/68/1 77/69/1
f 73/70/14 47/71/14 48/72/14 74/73/14
f 80/61/3 61/60/3 47/71/3 73/70/3
f 77/74/15 45/75/15 46/76/15 72/77/15
f 75/65/1 49/64/1 55/67/1 78/66/1
f 72/77/3 46/76/3 54/78/3 79/79/3
f 63/32/3 36/18/3 52/57/3 68/56/3
f 35/24/16 50/48/16 53/51/16 33/23/16
f 42/45/17 52/42/17 51/43/17 44/46/17
f 66/55/1 44/54/1 51/38/1 69/37/1
f 76/80/18 79/79/18 89/79/18 88/80/18
f 74/73/1 48/72/1 60/63/1 81/62/1
f 65/36/1 38/5/1 59/53/1 70/52/1
f 40/3/19 56/44/19 59/47/19 38/5/19
f 41/49/20 58/40/20 57/41/20 43/50/20
f 67/59/3 42/58/3 56/34/3 71/33/3
f 67/59/21 71/33/21 87/33/21 82/59/21
f 48/72/1 65/36/1 70/52/1 60/63/1
f 49/64/1 66/55/1 69/37/1 55/67/1
f 46/76/3 63/32/3 68/56/3 54/78/3
f 71/33/22 61/60/22 86/60/22 87/33/22
f 60/63/1 70/52/1 66/55/1 49/64/1
f 55/67/1 69/37/1 62/39/1 45/68/1
f 47/71/23 64/35/23 65/36/23 48/72/23
f 61/60/3 71/33/3 64/35/3 47/71/3
f 45/75/24 62/31/24 63/32/24 46/76/24
f 37/6/1 74/73/1 81/62/1 57/81/1
f 41/82/3 76/80/3 80/61/3 58/83/3
f 35/17/3 72/77/3 79/79/3 50/84/3
f 43/85/1 75/65/1 78/66/1 53/86/1
f 33/30/25 77/74/25 72/77/25 35/17/25
f 58/83/3 80/61/3 73/70/3 39/4/3
f 39/4/26 73/70/26 74/73/26 37/6/26
f 53/86/1 78/66/1 77/69/1 33/10/1
f 57/81/1 81/62/1 75/65/1 43/85/1
f 50/84/3 79/79/3 76/80/3 41/82/3
f 89/79/3 84/78/3 83/87/3 88/80/3
f 88/80/3 83/87/3 86/60/3 90/61/3
f 83/87/3 82/59/3 87/33/3 86/60/3
f 84/78/3 85/56/3 82/59/3 83/87/3
f 54/78/27 68/56/27 85/56/27 84/78/27
f 80/61/28 76/80/28 88/80/28 90/61/28
f 79/79/29 54/78/29 84/78/29 89/79/29
f 68/56/30 67/59/30 82/59/30 85/56/30
f 120/31/8 92/29/8 94/18/8 121/32/8
f 129/33/1 114/34/1 98/3/1 122/35/1
f 122/35/7 98/3/7 96/5/7 123/36/7
f 127/37/3 109/38/3 92/9/3 120/39/3
f 116/40/16 97/4/16 95/6/16 115/41/16
f 110/42/19 94/28/19 92/25/19 109/43/19
f 114/44/17 100/45/17 102/46/17 117/47/17
f 108/48/20 99/49/20 101/50/20 111/51/20
f 128/52/3 117/53/3 102/54/3 124/55/3
f 126/56/1 110/57/1 100/58/1 125/59/1
f 119/60/29 138/61/29 148/61/29 144/60/29
f 139/62/3 118/63/3 107/64/3 133/65/3
f 136/66/3 113/67/3 103/68/3 135/69/3
f 131/70/15 105/71/15 106/72/15 132/73/15
f 138/61/1 119/60/1 105/71/1 131/70/1
f 135/74/14 103/75/14 104/76/14 130/77/14
f 133/65/3 107/64/3 113/67/3 136/66/3
f 130/77/1 104/76/1 112/78/1 137/79/1
f 121/32/1 94/18/1 110/57/1 126/56/1
f 93/24/9 108/48/9 111/51/9 91/23/9
f 100/45/11 110/42/11 109/43/11 102/46/11
f 124/55/3 102/54/3 109/38/3 127/37/3
f 134/80/28 137/79/28 147/79/28 146/80/28
f 132/73/3 106/72/3 118/63/3 139/62/3
f 123/36/3 96/5/3 117/53/3 128/52/3
f 98/3/10 114/44/10 117/47/10 96/5/10
f 99/49/12 116/40/12 115/41/12 101/50/12
f 125/59/1 100/58/1 114/34/1 129/33/1
f 125/59/30 129/33/30 145/33/30 140/59/30
f 106/72/3 123/36/3 128/52/3 118/63/3
f 107/64/3 124/55/3 127/37/3 113/67/3
f 104/76/1 121/32/1 126/56/1 112/78/1
f 129/33/27 119/60/27 144/60/27 145/33/27
f 118/63/3 128/52/3 124/55/3 107/64/3
f 113/67/3 127/37/3 120/39/3 103/68/3
f 105/71/24 122/35/24 123/36/24 106/72/24
f 119/60/1 129/33/1 122/35/1 105/71/1
f 103/75/23 120/31/23 121/32/23 104/76/23
f 95/6/3 132/73/3 139/62/3 115/81/3
f 99/82/1 134/80/1 138/61/1 116/83/1
f 93/17/1 130/77/1 137/79/1 108/84/1
f 101/85/3 133/65/3 136/66/3 111/86/3
f 91/30/26 135/74/26 130/77/26 93/17/26
f 116/83/1 138/61/1 131/70/1 97/4/1
f 97/4/25 131/70/25 132/73/25 95/6/25
f 111/86/3 136/66/3 135/69/3 91/10/3
f 115/81/3 139/62/3 133/65/3 101/85/3
f 108/84/1 137/79/1 134/80/1 99/82/1
f 147/79/1 142/78/1 141/87/1 146/80/1
f 146/80/1 141/87/1 144/60/1 148/61/1
f 141/87/1 140/59/1 145/33/1 144/60/1
f 142/78/1 143/56/1 140/59/1 141/87/1
f 112/78/22 126/56/22 143/56/22 142/78/22
f 138/61/18 134/80/18 146/80/18 148/61/18
f 137/79/13 112/78/13 142/78/13 147/79/13
f 126/56/21 125/59/21 140/59/21 143/56/21
f 294/31/7 266/29/7 268/18/7 295/32/7
f 303/33/3 288/34/3 272/3/3 296/35/3
f 296/35/8 272/3/8 270/5/8 297/36/8
f 301/37/1 283/38/1 266/9/1 294/39/1
f 290/40/9 271/4/9 269/6/9 289/41/9
f 284/42/10 268/28/10 266/25/10 283/43/10
f 288/44/11 274/45/11 276/46/11 291/47/11
f 282/48/12 273/49/12 275/50/12 285/51/12
f 302/52/1 291/53/1 276/54/1 298/55/1
f 300/56/3 284/57/3 274/58/3 299/59/3
f 299/59/21 303/33/21 319/33/21 314/59/21
f 313/62/1 292/63/1 281/64/1 307/65/1
f 310/66/1 287/67/1 277/68/1 309/69/1
f 305/70/14 279/71/14 280/72/14 306/73/14
f 312/61/3 293/60/3 279/71/3 305/70/3
f 309/74/15 277/75/15 278/76/15 304/77/15
f 307/65/1 281/64/1 287/67/1 310/66/1
f 304/77/3 278/76/3 286/78/3 311/79/3
f 295/32/3 268/18/3 284/57/3 300/56/3
f 267/24/16 282/48/16 285/51/16 265/23/16
f 274/45/17 284/42/17 283/43/17 276/46/17
f 298/55/1 276/54/1 283/38/1 301/37/1
f 303/33/22 293/60/22 318/60/22 319/33/22
f 306/73/1 280/72/1 292/63/1 313/62/1
f 297/36/1 270/5/1 291/53/1 302/52/1
f 272/3/19 288/44/19 291/47/19 270/5/19
f 273/49/20 290/40/20 289/41/20 275/50/20
f 299/59/3 274/58/3 288/34/3 303/33/3
f 300/56/30 299/59/30 314/59/30 317/56/30
f 280/72/1 297/36/1 302/52/1 292/63/1
f 281/64/1 298/55/1 301/37/1 287/67/1
f 278/76/3 295/32/3 300/56/3 286/78/3
f 311/79/29 286/78/29 316/78/29 321/79/29
f 292/63/1 302/52/1 298/55/1 281/64/1
f 287/67/1 301/37/1 294/39/1 277/68/1
f 279/71/23 296/35/23 297/36/23 280/72/23
f 293/60/3 303/33/3 296/35/3 279/71/3
f 277/75/24 294/31/24 295/32/24 278/76/24
f 269/6/1 306/73/1 313/62/1 289/81/1
f 273/82/3 308/80/3 312/61/3 290/83/3
f 267/17/3 304/77/3 311/79/3 282/84/3
f 275/85/1 307/65/1 310/66/1 285/86/1
f 265/30/25 309/74/25 304/77/25 267/17/25
f 290/83/3 312/61/3 305/70/3 271/4/3
f 271/4/26 305/70/26 306/73/26 269/6/26
f 285/86/1 310/66/1 309/69/1 265/10/1
f 289/81/1 313/62/1 307/65/1 275/85/1
f 282/84/3 311/79/3 308/80/3 273/82/3
f 321/79/3 316/78/3 315/87/3 320/80/3
f 320/80/3 315/87/3 318/60/3 322/61/3
f 315/87/3 314/59/3 319/33/3 318/60/3
f 316/78/3 317/56/3 314/59/3 315/87/3
f 308/80/18 311/79/18 321/79/18 320/80/18
f 293/60/13 312/61/13 322/61/13 318/60/13
f 286/78/27 300/56/27 317/56/27 316/78/27
f 312/61/28 308/80/28 320/80/28 322/61/28
f 584/31/8 556/29/8 558/18/8 585/32/8
f 593/33/1 578/34/1 562/3/1 586/35/1
f 586/35/7 562/3/7 560/5/7 587/36/7
f 591/37/3 573/38/3 556/9/3 584/39/3
f 580/40/16 561/4/16 559/6/16 579/41/16
f 574/42/19 558/28/19 556/25/19 573/43/19
f 578/44/17 564/45/17 566/46/17 581/47/17
f 572/48/20 563/49/20 565/50/20 575/51/20
f 592/52/3 581/53/3 566/54/3 588/55/3
f 590/56/1 574/57/1 564/58/1 589/59/1
f 598/80/28 601/79/28 611/79/28 610/80/28
f 603/62/3 582/63/3 571/64/3 597/65/3
f 600/66/3 577/67/3 567/68/3 599/69/3
f 595/70/15 569/71/15 570/72/15 596/73/15
f 602/61/1 583/60/1 569/71/1 595/70/1
f 599/74/14 567/75/14 568/76/14 594/77/14
f 597/65/3 571/64/3 577/67/3 600/66/3
f 594/77/1 568/76/1 576/78/1 601/79/1
f 585/32/1 558/18/1 574/57/1 590/56/1
f 557/24/9 572/48/9 575/51/9 555/23/9
f 564/45/11 574/42/11 573/43/11 566/46/11
f 588/55/3 566/54/3 573/38/3 591/37/3
f 589/59/30 593/33/30 609/33/30 604/59/30
f 596/73/3 570/72/3 582/63/3 603/62/3
f 587/36/3 560/5/3 581/53/3 592/52/3
f 562/3/10 578/44/10 581/47/10 560/5/10
f 563/49/12 580/40/12 579/41/12 565/50/12
f 589/59/1 564/58/1 578/34/1 593/33/1
f 593/33/27 583/60/27 608/60/27 609/33/27
f 570/72/3 587/36/3 592/52/3 582/63/3
f 571/64/3 588/55/3 591/37/3 577/67/3
f 568/76/1 585/32/1 590/56/1 576/78/1
f 590/56/21 589/59/21 604/59/21 607/56/21
f 582/63/3 592/52/3 588/55/3 571/64/3
f 577/67/3 591/37/3 584/39/3 567/68/3
f 569/71/24 586/35/24 587/36/24 570/72/24
f 583/60/1 593/33/1 586/35/1 569/71/1
f 567/75/23 584/31/23 585/32/23 568/76/23
f 559/6/3 596/73/3 603/62/3 579/81/3
f 563/82/1 598/80/1 602/61/1 580/83/1
f 557/17/1 594/77/1 601/79/1 572/84/1
f 565/85/3 597/65/3 600/66/3 575/86/3
f 555/30/26 599/74/26 594/77/26 557/17/26
f 580/83/1 602/61/1 595/70/1 561/4/1
f 561/4/25 595/70/25 596/73/25 559/6/25
f 575/86/3 600/66/3 599/69/3 555/10/3
f 579/81/3 603/62/3 597/65/3 565/85/3
f 572/84/1 601/79/1 598/80/1 563/82/1
f 611/79/1 606/78/1 605/87/1 610/80/1
f 610/80/1 605/87/1 608/60/1 612/61/1
f 605/87/1 604/59/1 609/33/1 608/60/1
f 606/78/1 607/56/1 604/59/1 605/87/1
f 583/60/29 602/61/29 612/61/29 608/60/29
f 576/78/22 590/56/22 607/56/22 606/78/22
f 602/61/18 598/80/18 610/80/18 612/61/18
f 601/79/13 576/78/13 606/78/13 611/79/13
f 758/31/7 730/29/7 732/18/7 759/32/7
f 767/33/3 752/34/3 736/3/3 760/35/3
f 760/35/8 736/3/8 734/5/8 761/36/8
f 765/37/1 747/38/1 730/9/1 758/39/1
f 754/40/9 735/4/9 733/6/9 753/41/9
f 748/42/10 732/28/10 730/25/10 747/43/10
f 752/44/11 738/45/11 740/46/11 755/47/11
f 746/48/12 737/49/12 739/50/12 749/51/12
f 766/52/1 755/53/1 740/54/1 762/55/1
f 764/56/3 748/57/3 738/58/3 763/59/3
f 767/33/22 757/60/22 782/60/22 783/33/22
f 777/62/1 756/63/1 745/64/1 771/65/1
f 774/66/1 751/67/1 741/68/1 773/69/1
f 769/70/14 743/71/14 744/72/14 770/73/14
f 776/61/3 757/60/3 743/71/3 769/70/3
f 773/74/15 741/75/15 742/76/15 768/77/15
f 771/65/1 745/64/1 751/67/1 774/66/1
f 768/77/3 742/76/3 750/78/3 775/79/3
f 759/32/3 732/18/3 748/57/3 764/56/3
f 731/24/16 746/48/16 749/51/16 729/23/16
f 738/45/17 748/42/17 747/43/17 740/46/17
f 762/55/1 740/54/1 747/38/1 765/37/1
f 764/56/30 763/59/30 778/59/30 781/56/30
f 770/73/1 744/72/1 756/63/1 777/62/1
f 761/36/1 734/5/1 755/53/1 766/52/1
f 736/3/19 752/44/19 755/47/19 734/5/19
f 737/49/20 754/40/20 753/41/20 739/50/20
f 763/59/3 738/58/3 752/34/3 767/33/3
f 775/79/29 750/78/29 780/78/29 785/79/29
f 744/72/1 761/36/1 766/52/1 756/63/1
f 745/64/1 762/55/1 765/37/1 751/67/1
f 742/76/3 759/32/3 764/56/3 750/78/3
f 776/61/28 772/80/28 784/80/28 786/61/28
f 756/63/1 766/52/1 762/55/1 745/64/1
f 751/67/1 765/37/1 758/39/1 741/68/1
f 743/71/23 760/35/23 761/36/23 744/72/23
f 757/60/3 767/33/3 760/35/3 743/71/3
f 741/75/24 758/31/24 759/32/24 742/76/24
f 733/6/1 770/73/1 777/62/1 753/81/1
f 737/82/3 772/80/3 776/61/3 754/83/3
f 731/17/3 768/77/3 775/79/3 746/84/3
f 739/85/1 771/65/1 774/66/1 749/86/1
f 729/30/25 773/74/25 768/77/25 731/17/25
f 754/83/3 776/61/3 769/70/3 735/4/3
f 735/4/26 769/70/26 770/73/26 733/6/26
f 749/86/1 774/66/1 773/69/1 729/10/1
f 753/81/1 777/62/1 771/65/1 739/85/1
f 746/84/3 775/79/3 772/80/3 737/82/3
f 785/79/3 780/78/3 779/87/3 784/80/3
f 784/80/3 779/87/3 782/60/3 786/61/3
f 779/87/3 778/59/3 783/33/3 782/60/3
f 780/78/3 781/56/3 778/59/3 779/87/3
f 763/59/21 767/33/21 783/33/21 778/59/21
f 772/80/18 775/79/18 785/79/18 784/80/18
f 757/60/13 776/61/13 786/61/13 782/60/13
f 750/78/27 764/56/27 781/56/27 780/78/27
f 816/31/8 788/29/8 790/18/8 817/32/8
f 825/33/1 810/34/1 794/3/1 818/35/1
f 818/35/7 794/3/7 792/5/7 819/36/7
f 823/37/3 805/38/3 788/9/3 816/39/3
f 812/40/16 793/4/16 791/6/16 811/41/16
f 806/42/19 790/28/19 788/25/19 805/43/19
f 810/44/17 796/45/17 798/46/17 813/47/17
f 804/48/20 795/49/20 797/50/20 807/51/20
f 824/52/3 813/53/3 798/54/3 820/55/3
f 822/56/1 806/57/1 796/58/1 821/59/1
f 825/33/27 815/60/27 840/60/27 841/33/27
f 835/62/3 814/63/3 803/64/3 829/65/3
f 832/66/3 809/67/3 799/68/3 831/69/3
f 827/70/15 801/71/15 802/72/15 828/73/15
f 834/61/1 815/60/1 801/71/1 827/70/1
f 831/74/14 799/75/14 800/76/14 826/77/14
f 829/65/3 803/64/3 809/67/3 832/66/3
f 826/77/1 800/76/1 808/78/1 833/79/1
f 817/32/1 790/18/1 806/57/1 822/56/1
f 789/24/9 804/48/9 807/51/9 787/23/9
f 796/45/11 806/42/11 805/43/11 798/46/11
f 820/55/3 798/54/3 805/38/3 823/37/3
f 822/56/21 821/59/21 836/59/21 839/56/21
f 828/73/3 802/72/3 814/63/3 835/62/3
f 819/36/3 792/5/3 813/53/3 824/52/3
f 794/3/10 810/44/10 813/47/10 792/5/10
f 795/49/12 812/40/12 811/41/12 797/50/12
f 821/59/1 796/58/1 810/34/1 825/33/1
f 833/79/13 808/78/13 838/78/13 843/79/13
f 802/72/3 819/36/3 824/52/3 814/63/3
f 803/64/3 820/55/3 823/37/3 809/67/3
f 800/76/1 817/32/1 822/56/1 808/78/1
f 834/61/18 830/80/18 842/80/18 844/61/18
f 814/63/3 824/52/3 820/55/3 803/64/3
f 809/67/3 823/37/3 816/39/3 799/68/3
f 801/71/24 818/35/24 819/36/24 802/72/24
f 815/60/1 825/33/1 818/35/1 801/71/1
f 799/75/23 816/31/23 817/32/23 800/76/23
f 791/6/3 828/73/3 835/62/3 811/81/3
f 795/82/1 830/80/1 834/61/1 812/83/1
f 789/17/1 826/77/1 833/79/1 804/84/1
f 797/85/3 829/65/3 832/66/3 807/86/3
f 787/30/26 831/74/26 826/77/26 789/17/26
f 812/83/1 834/61/1 827/70/1 793/4/1
f 793/4/25 827/70/25 828/73/25 791/6/25
f 807/86/3 832/66/3 831/69/3 787/10/3
f 811/81/3 835/62/3 829/65/3 797/85/3
f 804/84/1 833/79/1 830/80/1 795/82/1
f 843/79/1 838/78/1 837/87/1 842/80/1
f 842/80/1 837/87/1 840/60/1 844/61/1
f 837/87/1 836/59/1 841/33/1 840/60/1
f 838/78/1 839/56/1 836/59/1 837/87/1
f 821/59/30 825/33/30 841/33/30 836/59/30
f 830/80/28 833/79/28 843/79/28 842/80/28
f 815/60/29 834/61/29 844/61/29 840/60/29
f 808/78/22 822/56/22 839/56/22 838/78/22
f 1071/88/2 1070/3/2 966/5/2 975/89/2
f 986/23/31 985/6/31 980/6/31 981/23/31
f 963/24/32 967/4/32 965/6/32 961/23/32
f 1070/3/33 1069/28/33 1057/25/33 966/5/33
f 990/90/1 989/91/1 997/91/1 1000/90/1
f 967/4/2 974/92/2 976/93/2 965/6/2
f 1156/94/3 975/89/3 970/90/3 1153/95/3
f 1054/96/5 1055/97/5 969/98/5 972/99/5
f 1155/100/2 1071/88/2 975/89/2 1156/94/2
f 984/89/3 982/5/3 978/9/3 977/90/3
f 980/6/3 979/93/3 983/101/3 981/10/3
f 992/5/34 991/25/34 978/25/34 982/5/34
f 988/93/1 987/101/1 998/101/1 999/93/1
f 985/6/2 988/93/2 979/93/2 980/6/2
f 989/91/2 992/5/2 982/5/2 984/89/2
f 987/98/6 986/30/6 981/30/6 983/98/6
f 991/29/6 990/102/6 977/102/6 978/29/6
f 969/98/6 961/30/6 986/30/6 987/98/6
f 965/6/2 976/93/2 988/93/2 985/6/2
f 976/93/5 969/101/5 987/101/5 988/93/5
f 961/23/35 965/6/35 985/6/35 986/23/35
f 1057/29/6 970/102/6 990/102/6 991/29/6
f 975/89/2 966/5/2 992/5/2 989/91/2
f 966/5/36 1057/25/36 991/25/36 992/5/36
f 970/90/4 975/89/4 989/91/4 990/90/4
f 1000/90/4 997/91/4 995/89/4 996/90/4
f 999/93/5 998/101/5 994/101/5 993/93/5
f 984/89/3 977/90/3 996/90/3 995/89/3
f 977/102/6 990/102/6 1000/102/6 996/102/6
f 987/98/6 983/98/6 994/98/6 998/98/6
f 979/93/2 988/93/2 999/93/2 993/93/2
f 989/91/2 984/89/2 995/89/2 997/91/2
f 983/101/3 979/93/3 993/93/3 994/101/3
f 1010/102/6 1002/29/6 1072/18/6 1074/103/6
f 1049/104/4 1075/105/4 971/103/4 970/102/4
f 1026/23/31 1025/6/31 1020/6/31 1021/23/31
f 1003/24/37 1007/4/37 1005/6/37 1001/23/37
f 1073/3/38 1072/28/38 1002/25/38 1060/5/38
f 1030/90/1 1029/91/1 1037/91/1 1040/90/1
f 1172/94/3 1015/89/3 1010/90/3 1169/95/3
f 1053/82/1 1054/96/1 972/99/1 963/17/1
f 1171/100/2 1013/88/2 1015/89/2 1172/94/2
f 1001/30/6 1009/98/6 1012/99/6 1003/17/6
f 1169/106/6 1010/102/6 1074/103/6 1170/107/6
f 1024/89/3 1022/5/3 1018/9/3 1017/90/3
f 1020/6/3 1019/93/3 1023/101/3 1021/10/3
f 1032/5/39 1031/25/39 1018/25/39 1022/5/39
f 1028/93/1 1027/101/1 1038/101/1 1039/93/1
f 1025/6/2 1028/93/2 1019/93/2 1020/6/2
f 1029/91/2 1032/5/2 1022/5/2 1024/89/2
f 1027/98/6 1026/30/6 1021/30/6 1023/98/6
f 1031/29/6 1030/102/6 1017/102/6 1018/29/6
f 1009/98/6 1001/30/6 1026/30/6 1027/98/6
f 1005/6/2 1016/93/2 1028/93/2 1025/6/2
f 1016/93/5 1009/101/5 1027/101/5 1028/93/5
f 1001/23/40 1005/6/40 1025/6/40 1026/23/40
f 1002/29/6 1010/102/6 1030/102/6 1031/29/6
f 1015/89/2 1060/5/2 1032/5/2 1029/91/2
f 1060/5/41 1002/25/41 1031/25/41 1032/5/41
f 1010/90/4 1015/89/4 1029/91/4 1030/90/4
f 1040/90/4 1037/91/4 1035/89/4 1036/90/4
f 1039/93/5 1038/101/5 1034/101/5 1033/93/5
f 1024/89/3 1017/90/3 1036/90/3 1035/89/3
f 1017/102/6 1030/102/6 1040/102/6 1036/102/6
f 1027/98/6 1023/98/6 1034/98/6 1038/98/6
f 1019/93/2 1028/93/2 1039/93/2 1033/93/2
f 1029/91/2 1024/89/2 1035/89/2 1037/91/2
f 1023/101/3 1019/93/3 1033/93/3 1034/101/3
f 964/108/1 1051/109/1 1064/109/1 1066/108/1
f 1062/58/3 1049/104/3 970/102/3 1057/29/3
f 1055/97/3 1056/82/3 961/30/3 969/98/3
f 1056/50/4 1053/49/4 963/24/4 961/23/4
f 969/98/6 1041/110/6 1078/76/6 972/99/6
f 972/99/42 1078/76/42 1079/111/42 974/92/42
f 974/92/2 1079/111/2 1044/72/2 976/93/2
f 976/93/3 1044/72/3 1041/112/3 969/101/3
f 1009/98/6 1045/110/6 1080/76/6 1012/99/6
f 1012/99/42 1080/76/42 1082/111/42 1014/92/42
f 1014/92/2 1082/111/2 1048/72/2 1016/93/2
f 1016/93/3 1048/72/3 1045/112/3 1009/101/3
f 1060/5/3 1015/89/3 1049/104/3 1062/58/3
f 1051/109/1 1008/113/1 1067/113/1 1064/109/1
f 1015/89/4 1013/88/4 1075/105/4 1049/104/4
f 1005/6/4 1007/4/4 1053/49/4 1056/50/4
f 1016/93/3 1005/6/3 1056/82/3 1055/97/3
f 1007/4/1 1014/92/1 1054/96/1 1053/82/1
f 1014/92/5 1016/93/5 1055/97/5 1054/96/5
f 963/24/1 972/99/1 974/92/1 967/4/1
f 1003/24/1 1012/99/1 1014/92/1 1007/4/1
f 964/108/5 962/114/5 1057/25/5 1069/28/5
f 1006/115/5 1008/113/5 1073/3/5 1060/5/5
f 1051/109/5 964/108/5 1069/28/5 1077/45/5
f 962/114/5 1052/116/5 1062/46/5 1057/25/5
f 1008/113/5 1051/109/5 1077/45/5 1073/3/5
f 1052/116/5 1006/115/5 1060/5/5 1062/46/5
f 1064/109/5 1063/116/5 1065/114/5 1066/108/5
f 1067/113/5 1068/115/5 1063/116/5 1064/109/5
f 962/114/2 964/108/2 1066/108/2 1065/114/2
f 1006/115/3 1052/116/3 1063/116/3 1068/115/3
f 1052/116/3 962/114/3 1065/114/3 1063/116/3
f 1008/113/6 1006/115/6 1068/115/6 1067/113/6
f 968/117/43 1058/118/43 1069/18/43 1070/3/43
f 973/119/44 968/117/44 1070/3/44 1071/88/44
f 1059/120/45 1004/121/45 1072/18/45 1073/3/45
f 1004/121/46 1011/122/46 1074/103/46 1072/18/46
f 1050/123/1 1076/124/1 971/103/1 1075/105/1
f 1058/118/47 1061/125/47 1077/58/47 1069/18/47
f 1153/106/6 970/102/6 971/103/6 1154/126/6
f 1157/127/48 1042/128/48 1078/76/48 1154/126/48
f 1042/128/49 1043/129/49 1079/111/49 1078/76/49
f 1173/130/46 1046/128/46 1080/76/46 1170/107/46
f 1174/131/1 1081/132/1 1013/88/1 1171/100/1
f 1046/128/49 1047/129/49 1082/111/49 1080/76/49
f 1081/132/1 1050/123/1 1075/105/1 1013/88/1
f 1061/125/47 1059/120/47 1073/3/47 1077/58/47
f 1090/123/1 1089/125/1 1083/118/1 1084/124/1
f 1158/133/44 973/119/44 1071/88/44 1155/100/44
f 1175/134/1 1088/122/1 1087/132/1 1176/135/1
f 1087/132/1 1086/120/1 1089/125/1 1090/123/1
f 1086/120/1 1087/136/1 1088/122/1 1092/121/1
f 1091/117/1 1085/119/1 1084/137/1 1083/118/1
f 1123/121/50 1111/120/50 1133/120/50 1125/121/50
f 1112/120/51 1124/121/51 1126/121/51 1134/120/51
f 1119/117/52 1107/118/52 1145/118/52 1139/117/52
f 1107/118/53 1109/125/53 1151/125/53 1145/118/53
f 1116/129/54 1113/128/54 1141/128/54 1144/129/54
f 1101/123/1 1098/132/1 1132/132/1 1147/123/1
f 1194/138/54 1195/139/54 1103/129/54 1129/129/54
f 1097/132/3 1102/123/3 1148/123/3 1131/132/3
f 1114/128/55 1115/129/55 1143/129/55 1142/128/55
f 1100/140/1 1101/123/1 1147/123/1 1150/140/1
f 1177/131/3 1097/132/3 1131/132/3 1181/131/3
f 1120/117/56 1117/119/56 1137/119/56 1140/117/56
f 1102/123/3 1099/140/3 1149/140/3 1148/123/3
f 1122/122/57 1123/121/57 1125/121/57 1128/122/57
f 1193/139/4 1194/138/4 1129/129/4 1130/129/4
f 1050/123/4 1081/132/4 1098/132/4 1101/123/4
f 1102/123/4 1097/132/4 1087/132/4 1090/123/4
f 1185/139/55 1193/139/55 1130/129/55 1104/129/55
f 1159/127/1 1084/124/1 1085/119/1 1160/141/1
f 1076/124/4 1050/123/4 1101/123/4 1100/140/4
f 1157/127/6 1076/124/6 1100/140/6 1164/127/6
f 1099/140/4 1102/123/4 1090/123/4 1084/124/4
f 1047/129/4 1046/128/4 1106/128/4 1103/129/4
f 1211/129/58 1212/142/58 1095/128/58 1096/129/58
f 1216/130/6 1213/143/6 1088/122/6 1175/134/6
f 1237/119/3 1422/133/3 1173/130/3 1011/122/3
f 1219/144/59 1214/145/59 1091/117/59 1083/118/59
f 1061/125/5 1058/118/5 1108/118/5 1110/125/5
f 1220/146/60 1219/144/60 1083/118/60 1089/125/60
f 1058/118/33 968/117/33 1120/117/33 1108/118/33
f 1059/120/5 1061/125/5 1110/125/5 1111/120/5
f 1221/147/60 1220/146/60 1089/125/60 1086/120/60
f 1222/148/61 1221/147/61 1086/120/61 1092/121/61
f 1004/121/38 1059/120/38 1111/120/38 1123/121/38
f 1223/149/58 1218/150/58 1093/128/58 1094/129/58
f 1043/129/4 1042/128/4 1113/128/4 1116/129/4
f 1163/127/6 1099/140/6 1084/124/6 1159/127/6
f 1158/133/2 1043/129/2 1116/129/2 1162/133/2
f 1214/145/2 1224/151/2 1085/119/2 1091/117/2
f 968/117/2 973/119/2 1117/119/2 1120/117/2
f 1213/143/6 1222/148/6 1092/121/6 1088/122/6
f 1011/122/6 1004/121/6 1123/121/6 1122/122/6
f 1126/121/62 1127/122/62 1128/122/62 1125/121/62
f 1181/131/2 1131/132/2 1132/132/2 1182/131/2
f 1134/120/63 1126/121/63 1125/121/63 1133/120/63
f 1183/134/64 1135/128/64 1136/128/64 1184/134/64
f 1138/119/65 1139/117/65 1140/117/65 1137/119/65
f 1142/128/4 1143/129/4 1144/129/4 1141/128/4
f 1139/117/66 1145/118/66 1146/118/66 1140/117/66
f 1215/152/2 1223/149/2 1094/129/2 1160/141/2
f 1135/128/4 1130/129/4 1129/129/4 1136/128/4
f 1148/123/67 1149/140/67 1150/140/67 1147/123/67
f 1131/132/68 1148/123/68 1147/123/68 1132/132/68
f 1145/118/69 1151/125/69 1152/125/69 1146/118/69
f 1151/125/70 1134/120/70 1133/120/70 1152/125/70
f 1165/133/71 1138/119/71 1137/119/71 1166/133/71
f 1110/125/72 1108/118/72 1146/118/72 1152/125/72
f 1108/118/73 1120/117/73 1140/117/73 1146/118/73
f 1179/130/74 1105/128/74 1135/128/74 1183/134/74
f 1109/125/75 1112/120/75 1134/120/75 1151/125/75
f 1210/139/76 1185/139/76 1104/129/76 1197/129/76
f 1111/120/77 1110/125/77 1152/125/77 1133/120/77
f 1161/133/78 1118/119/78 1138/119/78 1165/133/78
f 1180/134/79 1122/122/79 1128/122/79 1184/134/79
f 1162/133/80 1116/129/80 1144/129/80 1166/133/80
f 1105/128/55 1104/129/55 1130/129/55 1135/128/55
f 1187/153/1 1186/139/1 1096/129/1 1176/135/1
f 1124/121/81 1121/122/81 1127/122/81 1126/121/81
f 1103/129/54 1106/128/54 1136/128/54 1129/129/54
f 1118/119/82 1119/117/82 1139/117/82 1138/119/82
f 1164/127/1 1100/140/1 1150/140/1 1168/127/1
f 1188/154/83 1187/153/83 1176/135/83 1177/131/83
f 1099/140/3 1163/127/3 1167/127/3 1149/140/3
f 1117/119/84 1162/133/84 1166/133/84 1137/119/84
f 1115/129/85 1161/133/85 1165/133/85 1143/129/85
f 1149/140/6 1167/127/6 1168/127/6 1150/140/6
f 1143/129/86 1165/133/86 1166/133/86 1144/129/86
f 1224/151/2 1215/152/2 1160/141/2 1085/119/2
f 973/119/2 1158/133/2 1162/133/2 1117/119/2
f 1189/155/1 1188/154/1 1177/131/1 1181/131/1
f 1190/154/5 1189/155/5 1181/131/5 1182/131/5
f 1093/128/1 1159/127/1 1160/141/1 1094/129/1
f 1043/129/44 1158/133/44 1155/100/44 1079/111/44
f 1076/124/1 1157/127/1 1154/126/1 971/103/1
f 1041/110/6 1153/106/6 1154/126/6 1078/76/6
f 1079/111/2 1155/100/2 1156/94/2 1044/72/2
f 1044/72/3 1156/94/3 1153/95/3 1041/112/3
f 1106/128/87 1180/134/87 1184/134/87 1136/128/87
f 1121/122/88 1179/130/88 1183/134/88 1127/122/88
f 1127/122/89 1183/134/89 1184/134/89 1128/122/89
f 1191/154/3 1190/154/3 1182/131/3 1178/131/3
f 1046/128/6 1173/130/6 1180/134/6 1106/128/6
f 1212/142/6 1216/130/6 1175/134/6 1095/128/6
f 1081/132/2 1174/131/2 1178/131/2 1098/132/2
f 1097/132/2 1177/131/2 1176/135/2 1087/132/2
f 1192/156/5 1191/154/5 1178/131/5 1174/131/5
f 1098/132/1 1178/131/1 1182/131/1 1132/132/1
f 1095/128/1 1175/134/1 1176/135/1 1096/129/1
f 1047/129/90 1174/131/90 1171/100/90 1082/111/90
f 1011/122/46 1173/130/46 1170/107/46 1074/103/46
f 1045/110/6 1169/106/6 1170/107/6 1080/76/6
f 1082/111/2 1171/100/2 1172/94/2 1048/72/2
f 1048/72/3 1172/94/3 1169/95/3 1045/112/3
f 1195/139/4 1196/139/4 1047/129/4 1103/129/4
f 1196/139/91 1192/156/91 1174/131/91 1047/129/91
f 1042/128/91 1157/127/91 1192/156/91 1196/139/91
f 1113/128/4 1042/128/4 1196/139/4 1195/139/4
f 1157/127/5 1164/127/5 1191/154/5 1192/156/5
f 1164/127/3 1168/127/3 1190/154/3 1191/154/3
f 1168/127/5 1167/127/5 1189/155/5 1190/154/5
f 1167/127/1 1163/127/1 1188/154/1 1189/155/1
f 1163/127/83 1159/127/83 1187/153/83 1188/154/83
f 1159/127/1 1093/128/1 1186/139/1 1187/153/1
f 1198/157/76 1114/128/76 1185/139/76 1210/139/76
f 1114/128/55 1142/128/55 1193/139/55 1185/139/55
f 1142/128/4 1141/128/4 1194/138/4 1193/139/4
f 1141/128/92 1113/128/92 1195/139/92 1194/138/92
f 1218/150/93 1198/157/93 1210/139/93 1217/139/93
f 1105/128/94 1179/130/94 1209/130/94 1199/158/94
f 1118/119/95 1161/133/95 1208/159/95 1207/160/95
f 1217/139/93 1210/139/93 1197/129/93 1211/129/93
f 1161/133/95 1115/129/95 1206/161/95 1208/159/95
f 1121/122/94 1124/121/94 1205/121/94 1200/143/94
f 1119/117/95 1118/119/95 1207/160/95 1202/117/95
f 1115/129/76 1114/128/76 1198/157/76 1206/161/76
f 1124/121/96 1112/120/96 1204/162/96 1205/121/96
f 1112/120/97 1109/125/97 1203/125/97 1204/162/97
f 1109/125/97 1107/118/97 1201/118/97 1203/125/97
f 1107/118/98 1119/117/98 1202/117/98 1201/118/98
f 1104/129/76 1105/128/76 1199/158/76 1197/129/76
f 1186/139/58 1217/139/58 1211/129/58 1096/129/58
f 1093/128/58 1218/150/58 1217/139/58 1186/139/58
f 1199/158/99 1209/130/99 1216/130/99 1212/142/99
f 1207/160/100 1208/159/100 1215/152/100 1224/151/100
f 1208/159/100 1206/161/100 1223/149/100 1215/152/100
f 1200/143/99 1205/121/99 1222/148/99 1213/143/99
f 1202/117/100 1207/160/100 1224/151/100 1214/145/100
f 1206/161/93 1198/157/93 1218/150/93 1223/149/93
f 1205/121/101 1204/162/101 1221/147/101 1222/148/101
f 1204/162/102 1203/125/102 1220/146/102 1221/147/102
f 1203/125/102 1201/118/102 1219/144/102 1220/146/102
f 1201/118/103 1202/117/103 1214/145/103 1219/144/103
f 1209/130/99 1200/143/99 1213/143/99 1216/130/99
f 1197/129/93 1199/158/93 1212/142/93 1211/129/93
f 1381/119/5 1237/119/5 1011/122/5 1122/122/5
f 1472/159/1 1471/160/1 1200/143/1 1209/130/1
f 1425/133/106 1472/159/106 1209/130/106 1179/130/106
f 1471/160/107 1382/119/107 1121/122/107 1200/143/107
f 1382/119/3 1425/133/3 1179/130/3 1121/122/3
f 1422/133/4 1426/133/4 1180/134/4 1173/130/4
f 1426/133/1 1381/119/1 1122/122/1 1180/134/1
f 1758/50/4 1760/49/4 1754/24/4 1753/23/4
f 1754/24/37 1825/4/37 1755/6/37 1753/23/37
f 1753/23/108 1755/6/108 1816/6/108 1757/23/108
f 1761/96/1 1758/82/1 1753/30/1 1756/98/1
f 1756/98/2 1753/30/2 1757/30/2 1817/98/2
f 1762/93/1 1759/6/1 1758/82/1 1761/96/1
f 1759/6/4 1766/4/4 1760/49/4 1758/50/4
f 1763/96/5 1761/96/5 1756/98/5 1764/99/5
f 1765/92/5 1762/93/5 1761/96/5 1763/96/5
f 1760/82/3 1763/96/3 1764/99/3 1754/17/3
f 1766/4/3 1765/92/3 1763/96/3 1760/82/3
f 1769/24/3 1768/99/3 1765/92/3 1766/4/3
f 1765/92/6 1874/111/6 1776/72/6 1762/93/6
f 1768/99/109 1869/76/109 1874/111/109 1765/92/109
f 1772/30/2 1771/98/2 1768/99/2 1769/17/2
f 1771/98/2 1774/110/2 1869/76/2 1768/99/2
f 1771/98/2 1772/30/2 1839/30/2 1773/98/2
f 1762/93/1 1776/72/1 1774/112/1 1771/101/1
f 1762/93/5 1771/101/5 1773/101/5 1840/93/5
f 1961/106/2 1775/102/2 1868/103/2 1963/163/2
f 1962/94/1 1777/89/1 1775/90/1 1961/95/1
f 1964/100/6 1863/88/6 1777/89/6 1962/94/6
f 1852/5/1 1777/89/1 1781/104/1 1854/58/1
f 1777/89/6 1852/5/6 1795/5/6 1780/91/6
f 1775/90/4 1777/89/4 1780/91/4 1794/90/4
f 1777/89/4 1863/88/4 1861/104/4 1781/104/4
f 1854/58/1 1781/104/1 1782/102/1 1853/29/1
f 1781/104/4 1861/104/4 1862/103/4 1782/102/4
f 1788/164/2 1778/115/2 1859/115/2 1858/164/2
f 1783/116/1 1803/165/1 1860/165/1 1855/116/1
f 1866/3/33 1867/28/33 1790/25/33 1852/5/33
f 1775/102/2 1790/29/2 1867/18/2 1868/103/2
f 1790/29/2 1775/102/2 1794/102/2 1792/29/2
f 1852/5/161 1790/25/161 1792/25/161 1795/5/161
f 1792/29/2 1794/102/2 1798/102/2 1793/29/2
f 1795/5/114 1792/25/114 1793/25/114 1796/5/114
f 1780/91/6 1795/5/6 1796/5/6 1797/89/6
f 1797/89/1 1796/5/1 1793/9/1 1798/90/1
f 1797/89/1 1798/90/1 1800/90/1 1799/89/1
f 1780/91/6 1797/89/6 1799/89/6 1801/91/6
f 1802/90/4 1801/91/4 1799/89/4 1800/90/4
f 1794/90/3 1780/91/3 1801/91/3 1802/90/3
f 1798/102/2 1794/102/2 1802/102/2 1800/102/2
f 1870/3/38 1865/28/38 1853/25/38 1805/5/38
f 1871/88/6 1870/3/6 1805/5/6 1807/89/6
f 1945/166/6 1871/88/6 1807/89/6 1946/167/6
f 1809/92/6 1872/168/6 1811/169/6 1812/93/6
f 1764/99/112 1873/170/112 1872/168/112 1809/92/112
f 1812/93/1 1811/169/1 1813/171/1 1756/101/1
f 1946/167/1 1807/89/1 1782/90/1 1947/172/1
f 1947/173/2 1782/102/2 1862/103/2 1948/174/2
f 1756/98/2 1813/175/2 1873/170/2 1764/99/2
f 1755/6/6 1812/93/6 1814/93/6 1816/6/6
f 1825/4/6 1809/92/6 1812/93/6 1755/6/6
f 1812/93/5 1756/101/5 1817/101/5 1814/93/5
f 1815/93/6 1814/93/6 1818/93/6 1819/93/6
f 1816/6/6 1814/93/6 1815/93/6 1824/6/6
f 1814/93/3 1817/101/3 1820/101/3 1818/93/3
f 1818/93/5 1820/101/5 1821/101/5 1819/93/5
f 1817/98/2 1822/98/2 1821/98/2 1820/98/2
f 1822/101/1 1815/93/1 1819/93/1 1821/101/1
f 1817/98/2 1757/30/2 1823/30/2 1822/98/2
f 1824/6/1 1815/93/1 1822/101/1 1823/10/1
f 1757/23/113 1816/6/113 1824/6/113 1823/23/113
f 1754/24/3 1764/99/3 1809/92/3 1825/4/3
f 1807/89/6 1805/5/6 1828/5/6 1826/91/6
f 1782/90/4 1807/89/4 1826/91/4 1829/90/4
f 1826/91/6 1827/89/6 1831/89/6 1830/91/6
f 1826/91/6 1828/5/6 1836/5/6 1827/89/6
f 1829/90/3 1826/91/3 1830/91/3 1832/90/3
f 1832/90/4 1830/91/4 1831/89/4 1833/90/4
f 1834/102/2 1829/102/2 1832/102/2 1833/102/2
f 1827/89/1 1834/90/1 1833/90/1 1831/89/1
f 1837/29/2 1829/102/2 1834/102/2 1835/29/2
f 1827/89/1 1836/5/1 1835/9/1 1834/90/1
f 1828/5/114 1837/25/114 1835/25/114 1836/5/114
f 1805/5/162 1853/25/162 1837/25/162 1828/5/162
f 1853/29/2 1782/102/2 1829/102/2 1837/29/2
f 1773/98/2 1838/98/2 1842/98/2 1841/98/2
f 1773/98/2 1839/30/2 1847/30/2 1838/98/2
f 1840/93/3 1773/101/3 1841/101/3 1843/93/3
f 1843/93/5 1841/101/5 1842/101/5 1844/93/5
f 1845/93/6 1840/93/6 1843/93/6 1844/93/6
f 1838/101/1 1845/93/1 1844/93/1 1842/101/1
f 1848/6/6 1840/93/6 1845/93/6 1846/6/6
f 1846/6/1 1845/93/1 1838/101/1 1847/10/1
f 1839/23/163 1848/6/163 1846/6/163 1847/23/163
f 1772/23/116 1759/6/116 1848/6/116 1839/23/116
f 1759/6/6 1762/93/6 1840/93/6 1848/6/6
f 1769/24/32 1766/4/32 1759/6/32 1772/23/32
f 1786/109/5 1787/108/5 1865/28/5 1849/45/5
f 1788/164/5 1786/109/5 1849/45/5 1866/3/5
f 1778/115/5 1788/164/5 1866/3/5 1852/5/5
f 1787/108/5 1803/165/5 1853/25/5 1865/28/5
f 1803/165/5 1783/116/5 1854/46/5 1853/25/5
f 1783/116/5 1778/115/5 1852/5/5 1854/46/5
f 1856/109/5 1855/116/5 1860/165/5 1857/108/5
f 1858/164/5 1859/115/5 1855/116/5 1856/109/5
f 1787/108/3 1786/109/3 1856/109/3 1857/108/3
f 1778/115/1 1783/116/1 1855/116/1 1859/115/1
f 1803/165/6 1787/108/6 1857/108/6 1860/165/6
f 1786/109/3 1788/164/3 1858/164/3 1856/109/3
f 1784/176/3 1785/177/3 1862/103/3 1861/104/3
f 1779/178/3 1784/176/3 1861/104/3 1863/88/3
f 1850/179/117 1864/125/117 1849/58/117 1865/18/117
f 1864/125/117 1851/180/117 1866/3/117 1849/58/117
f 1851/180/118 1789/181/118 1867/18/118 1866/3/118
f 1789/181/119 1791/182/119 1868/103/119 1867/18/119
f 1965/183/119 1770/184/119 1869/76/119 1963/163/119
f 1804/117/120 1850/179/120 1865/18/120 1870/3/120
f 1806/119/121 1804/117/121 1870/3/121 1871/88/121
f 1949/185/121 1806/119/121 1871/88/121 1945/166/121
f 1810/186/122 1808/187/122 1872/168/122 1873/170/122
f 1950/188/123 1810/186/123 1873/170/123 1948/174/123
f 1966/189/3 1779/178/3 1863/88/3 1964/100/3
f 1770/184/122 1767/190/122 1874/111/122 1869/76/122
f 1876/176/3 1875/125/3 1880/179/3 1881/177/3
f 1878/178/3 1877/180/3 1875/125/3 1876/176/3
f 1877/180/3 1878/191/3 1879/182/3 1883/181/3
f 1967/183/3 1879/182/3 1878/178/3 1968/192/3
f 1885/117/3 1882/119/3 1881/137/3 1880/179/3
f 1952/188/3 1881/177/3 1882/119/3 1951/193/3
f 1986/194/1 1987/195/1 1954/196/1 1958/196/1
f 1896/197/82 1898/198/82 1924/198/82 1940/197/82
f 1913/199/92 1909/187/92 1931/187/92 1927/199/92
f 1969/200/1 1907/201/1 1919/201/1 1973/189/1
f 1889/117/81 1906/202/81 1936/202/81 1943/117/81
f 1915/180/53 1911/125/53 1929/125/53 1921/180/53
f 1897/198/56 1895/197/56 1939/197/56 1923/198/56
f 1905/119/57 1890/117/57 1944/117/57 1935/119/57
f 1912/125/72 1916/180/72 1922/180/72 1930/125/72
f 1902/123/3 1908/203/3 1920/203/3 1938/123/3
f 1903/204/3 1902/123/3 1938/123/3 1925/204/3
f 1901/176/1 1904/204/1 1926/204/1 1937/176/1
f 1954/196/3 1903/204/3 1925/204/3 1958/196/3
f 1907/201/1 1901/176/1 1937/176/1 1919/201/1
f 2013/205/124 2003/117/124 1885/117/124 1880/179/124
f 1804/117/6 1806/119/6 1906/202/6 1889/117/6
f 1850/179/38 1804/117/38 1889/117/38 1899/179/38
f 2003/117/6 2004/160/6 1882/119/6 1885/117/6
f 1767/190/4 1770/184/4 1893/206/4 1891/129/4
f 1985/207/5 1986/194/5 1958/196/5 1957/196/5
f 1977/194/3 1985/207/3 1957/196/3 1953/196/3
f 2005/190/125 2006/208/125 1884/184/125 1888/190/125
f 1965/183/2 1791/182/2 1896/197/2 1972/183/2
f 2012/209/2 2007/182/2 1879/182/2 1967/183/2
f 1791/182/2 1789/181/2 1898/198/2 1896/197/2
f 2007/182/2 2008/198/2 1883/181/2 1879/182/2
f 2008/198/126 2009/180/126 1877/180/126 1883/181/126
f 1789/181/33 1851/180/33 1915/180/33 1898/198/33
f 2014/125/164 2013/205/164 1880/179/164 1875/125/164
f 1864/125/5 1850/179/5 1899/179/5 1911/125/5
f 1901/176/4 1907/201/4 1878/178/4 1876/176/4
f 1785/177/4 1784/176/4 1902/123/4 1903/204/4
f 1904/204/4 1901/176/4 1876/176/4 1881/177/4
f 1784/176/4 1779/178/4 1908/203/4 1902/123/4
f 1953/196/2 1904/204/2 1881/177/2 1952/188/2
f 1950/188/2 1785/177/2 1903/204/2 1954/196/2
f 2011/185/6 2010/187/6 1886/187/6 1951/193/6
f 1949/185/6 1808/187/6 1910/187/6 1956/185/6
f 2010/187/125 2015/210/125 1887/186/125 1886/187/125
f 1808/187/4 1810/186/4 1914/199/4 1910/187/4
f 2009/180/164 2014/125/164 1875/125/164 1877/180/164
f 1851/180/5 1864/125/5 1911/125/5 1915/180/5
f 1973/189/6 1919/201/6 1920/203/6 1974/189/6
f 1922/180/66 1923/198/66 1924/198/66 1921/180/66
f 1978/211/128 1977/194/128 1953/196/128 1952/188/128
f 1930/125/69 1922/180/69 1921/180/69 1929/125/69
f 1927/199/4 1931/187/4 1932/187/4 1928/199/4
f 1934/212/70 1930/125/70 1929/125/70 1933/179/70
f 1959/185/89 1935/119/89 1936/202/89 1960/185/89
f 1919/201/67 1937/176/67 1938/123/67 1920/203/67
f 1923/198/65 1939/197/65 1940/197/65 1924/198/65
f 1942/206/4 1918/129/4 1917/129/4 1941/206/4
f 1975/183/86 1942/206/86 1941/206/86 1976/183/86
f 1944/117/63 1934/212/63 1933/179/63 1943/117/63
f 1937/176/68 1926/204/68 1925/204/68 1938/123/68
f 1935/119/62 1944/117/62 1943/117/62 1936/202/62
f 1910/187/55 1914/199/55 1928/199/55 1932/187/55
f 1894/206/92 1892/129/92 1918/129/92 1942/206/92
f 1916/180/165 1897/198/165 1923/198/165 1922/180/165
f 1891/129/55 1893/206/55 1941/206/55 1917/129/55
f 1900/212/77 1912/125/77 1930/125/77 1934/212/77
f 1971/183/80 1894/206/80 1942/206/80 1975/183/80
f 1911/125/75 1899/179/75 1933/179/75 1929/125/75
f 1898/198/52 1915/180/52 1921/180/52 1924/198/52
f 1972/183/78 1896/197/78 1940/197/78 1976/183/78
f 1955/185/129 1905/119/129 1935/119/129 1959/185/129
f 1979/213/3 1978/211/3 1952/188/3 1887/186/3
f 1890/117/50 1900/212/50 1934/212/50 1944/117/50
f 1956/185/130 1910/187/130 1932/187/130 1960/185/130
f 1899/179/51 1889/117/51 1943/117/51 1933/179/51
f 1906/202/88 1956/185/88 1960/185/88 1936/202/88
f 1904/204/1 1953/196/1 1957/196/1 1926/204/1
f 1909/187/131 1955/185/131 1959/185/131 1931/187/131
f 1931/187/132 1959/185/132 1960/185/132 1932/187/132
f 1926/204/2 1957/196/2 1958/196/2 1925/204/2
f 2004/160/6 2011/185/6 1951/193/6 1882/119/6
f 2016/214/133 1979/213/133 1887/186/133 2015/210/133
f 1981/215/134 1980/215/134 1913/199/134 1927/199/134
f 1982/215/135 1981/215/135 1927/199/135 1928/199/135
f 1887/186/3 1952/188/3 1951/193/3 1886/187/3
f 1785/177/3 1950/188/3 1948/174/3 1862/103/3
f 1808/187/121 1949/185/121 1945/166/121 1872/168/121
f 1813/175/2 1947/173/2 1948/174/2 1873/170/2
f 1811/169/1 1946/167/1 1947/172/1 1813/171/1
f 1872/168/6 1945/166/6 1946/167/6 1811/169/6
f 1893/206/105 1972/183/105 1976/183/105 1941/206/105
f 1895/197/104 1971/183/104 1975/183/104 1939/197/104
f 1939/197/71 1975/183/71 1976/183/71 1940/197/71
f 1983/215/136 1982/215/136 1928/199/136 1914/199/136
f 2006/208/2 2012/209/2 1967/183/2 1884/184/2
f 1770/184/2 1965/183/2 1972/183/2 1893/206/2
f 1779/178/6 1966/189/6 1970/189/6 1908/203/6
f 1907/201/6 1969/200/6 1968/192/6 1878/178/6
f 1984/215/137 1983/215/137 1914/199/137 1810/186/137
f 1908/203/3 1970/189/3 1974/189/3 1920/203/3
f 1884/184/3 1967/183/3 1968/192/3 1888/190/3
f 1767/190/138 1966/189/138 1964/100/138 1874/111/138
f 1791/182/119 1965/183/119 1963/163/119 1868/103/119
f 1874/111/6 1964/100/6 1962/94/6 1776/72/6
f 1776/72/1 1962/94/1 1961/95/1 1774/112/1
f 1774/110/2 1961/106/2 1963/163/2 1869/76/2
f 1987/195/5 1988/216/5 1950/188/5 1954/196/5
f 1988/216/139 1984/215/139 1810/186/139 1950/188/139
f 1966/189/140 1767/190/140 1984/215/140 1988/216/140
f 1970/189/5 1966/189/5 1988/216/5 1987/195/5
f 1767/190/137 1891/129/137 1983/215/137 1984/215/137
f 1891/129/141 1917/129/141 1982/215/141 1983/215/141
f 1917/129/135 1918/129/135 1981/215/135 1982/215/135
f 1918/129/142 1892/129/142 1980/215/142 1981/215/142
f 2005/190/133 1888/190/133 1979/213/133 2016/214/133
f 1888/190/3 1968/192/3 1978/211/3 1979/213/3
f 1968/192/128 1969/200/128 1977/194/128 1978/211/128
f 1969/200/3 1973/189/3 1985/207/3 1977/194/3
f 1973/189/5 1974/189/5 1986/194/5 1985/207/5
f 1974/189/1 1970/189/1 1987/195/1 1986/194/1
f 1892/129/143 1992/190/143 2002/213/143 1980/215/143
f 1894/206/144 1971/183/144 2001/183/144 1993/184/144
f 1980/215/145 2002/213/145 1998/217/145 1913/199/145
f 1916/180/147 1912/125/147 1997/125/147 1996/180/147
f 1909/187/148 1913/199/148 1998/217/148 1999/187/148
f 1955/185/146 1909/187/146 1999/187/146 2000/185/146
f 1912/125/147 1900/212/147 1989/218/147 1997/125/147
f 1897/198/149 1916/180/149 1996/180/149 1995/198/149
f 1895/197/144 1897/198/144 1995/198/144 1994/182/144
f 1971/183/144 1895/197/144 1994/182/144 2001/183/144
f 1892/129/150 1894/206/150 1993/184/150 1992/190/150
f 1890/117/146 1905/119/146 1991/119/146 1990/219/146
f 1900/212/151 1890/117/151 1990/219/151 1989/218/151
f 1992/190/152 2005/190/152 2016/214/152 2002/213/152
f 1993/184/153 2001/183/153 2012/209/153 2006/208/153
f 2002/213/154 2016/214/154 2015/210/154 1998/217/154
f 1991/119/155 2000/185/155 2011/185/155 2004/160/155
f 1996/180/156 1997/125/156 2014/125/156 2009/180/156
f 1999/187/157 1998/217/157 2015/210/157 2010/187/157
f 2000/185/155 1999/187/155 2010/187/155 2011/185/155
f 1997/125/167 1989/218/167 2013/205/167 2014/125/167
f 1995/198/158 1996/180/158 2009/180/158 2008/198/158
f 1994/182/153 1995/198/153 2008/198/153 2007/182/153
f 2001/183/153 1994/182/153 2007/182/153 2012/209/153
f 1992/190/168 1993/184/168 2006/208/168 2005/190/168
f 1990/219/155 1991/119/155 2004/160/155 2003/117/155
f 1989/218/160 1990/219/160 2003/117/160 2013/205/160
usemtl Blue.007
f 352/31/8 324/29/8 326/18/8 353/32/8
f 361/33/1 346/34/1 330/3/1 354/35/1
f 354/35/7 330/3/7 328/5/7 355/36/7
f 359/37/3 341/38/3 324/9/3 352/39/3
f 348/40/16 329/4/16 327/6/16 347/41/16
f 342/42/19 326/28/19 324/25/19 341/43/19
f 346/44/17 332/45/17 334/46/17 349/47/17
f 340/48/20 331/49/20 333/50/20 343/51/20
f 360/52/3 349/53/3 334/54/3 356/55/3
f 358/56/1 342/57/1 332/58/1 357/59/1
f 357/59/30 361/33/30 377/33/30 372/59/30
f 371/62/3 350/63/3 339/64/3 365/65/3
f 368/66/3 345/67/3 335/68/3 367/69/3
f 363/70/15 337/71/15 338/72/15 364/73/15
f 370/61/1 351/60/1 337/71/1 363/70/1
f 367/74/14 335/75/14 336/76/14 362/77/14
f 365/65/3 339/64/3 345/67/3 368/66/3
f 362/77/1 336/76/1 344/78/1 369/79/1
f 353/32/1 326/18/1 342/57/1 358/56/1
f 325/24/9 340/48/9 343/51/9 323/23/9
f 332/45/11 342/42/11 341/43/11 334/46/11
f 356/55/3 334/54/3 341/38/3 359/37/3
f 361/33/27 351/60/27 376/60/27 377/33/27
f 364/73/3 338/72/3 350/63/3 371/62/3
f 355/36/3 328/5/3 349/53/3 360/52/3
f 330/3/10 346/44/10 349/47/10 328/5/10
f 331/49/12 348/40/12 347/41/12 333/50/12
f 357/59/1 332/58/1 346/34/1 361/33/1
f 358/56/21 357/59/21 372/59/21 375/56/21
f 338/72/3 355/36/3 360/52/3 350/63/3
f 339/64/3 356/55/3 359/37/3 345/67/3
f 336/76/1 353/32/1 358/56/1 344/78/1
f 369/79/13 344/78/13 374/78/13 379/79/13
f 350/63/3 360/52/3 356/55/3 339/64/3
f 345/67/3 359/37/3 352/39/3 335/68/3
f 337/71/24 354/35/24 355/36/24 338/72/24
f 351/60/1 361/33/1 354/35/1 337/71/1
f 335/75/23 352/31/23 353/32/23 336/76/23
f 327/6/3 364/73/3 371/62/3 347/81/3
f 331/82/1 366/80/1 370/61/1 348/83/1
f 325/17/1 362/77/1 369/79/1 340/84/1
f 333/85/3 365/65/3 368/66/3 343/86/3
f 323/30/26 367/74/26 362/77/26 325/17/26
f 348/83/1 370/61/1 363/70/1 329/4/1
f 329/4/25 363/70/25 364/73/25 327/6/25
f 343/86/3 368/66/3 367/69/3 323/10/3
f 347/81/3 371/62/3 365/65/3 333/85/3
f 340/84/1 369/79/1 366/80/1 331/82/1
f 379/79/1 374/78/1 373/87/1 378/80/1
f 378/80/1 373/87/1 376/60/1 380/61/1
f 373/87/1 372/59/1 377/33/1 376/60/1
f 374/78/1 375/56/1 372/59/1 373/87/1
f 366/80/28 369/79/28 379/79/28 378/80/28
f 351/60/29 370/61/29 380/61/29 376/60/29
f 344/78/22 358/56/22 375/56/22 374/78/22
f 370/61/18 366/80/18 378/80/18 380/61/18
f 526/31/7 498/29/7 500/18/7 527/32/7
f 535/33/3 520/34/3 504/3/3 528/35/3
f 528/35/8 504/3/8 502/5/8 529/36/8
f 533/37/1 515/38/1 498/9/1 526/39/1
f 522/40/9 503/4/9 501/6/9 521/41/9
f 516/42/10 500/28/10 498/25/10 515/43/10
f 520/44/11 506/45/11 508/46/11 523/47/11
f 514/48/12 505/49/12 507/50/12 517/51/12
f 534/52/1 523/53/1 508/54/1 530/55/1
f 532/56/3 516/57/3 506/58/3 531/59/3
f 540/80/18 543/79/18 553/79/18 552/80/18
f 545/62/1 524/63/1 513/64/1 539/65/1
f 542/66/1 519/67/1 509/68/1 541/69/1
f 537/70/14 511/71/14 512/72/14 538/73/14
f 544/61/3 525/60/3 511/71/3 537/70/3
f 541/74/15 509/75/15 510/76/15 536/77/15
f 539/65/1 513/64/1 519/67/1 542/66/1
f 536/77/3 510/76/3 518/78/3 543/79/3
f 527/32/3 500/18/3 516/57/3 532/56/3
f 499/24/16 514/48/16 517/51/16 497/23/16
f 506/45/17 516/42/17 515/43/17 508/46/17
f 530/55/1 508/54/1 515/38/1 533/37/1
f 531/59/21 535/33/21 551/33/21 546/59/21
f 538/73/1 512/72/1 524/63/1 545/62/1
f 529/36/1 502/5/1 523/53/1 534/52/1
f 504/3/19 520/44/19 523/47/19 502/5/19
f 505/49/20 522/40/20 521/41/20 507/50/20
f 531/59/3 506/58/3 520/34/3 535/33/3
f 535/33/22 525/60/22 550/60/22 551/33/22
f 512/72/1 529/36/1 534/52/1 524/63/1
f 513/64/1 530/55/1 533/37/1 519/67/1
f 510/76/3 527/32/3 532/56/3 518/78/3
f 532/56/30 531/59/30 546/59/30 549/56/30
f 524/63/1 534/52/1 530/55/1 513/64/1
f 519/67/1 533/37/1 526/39/1 509/68/1
f 511/71/23 528/35/23 529/36/23 512/72/23
f 525/60/3 535/33/3 528/35/3 511/71/3
f 509/75/24 526/31/24 527/32/24 510/76/24
f 501/6/1 538/73/1 545/62/1 521/81/1
f 505/82/3 540/80/3 544/61/3 522/83/3
f 499/17/3 536/77/3 543/79/3 514/84/3
f 507/85/1 539/65/1 542/66/1 517/86/1
f 497/30/25 541/74/25 536/77/25 499/17/25
f 522/83/3 544/61/3 537/70/3 503/4/3
f 503/4/26 537/70/26 538/73/26 501/6/26
f 517/86/1 542/66/1 541/69/1 497/10/1
f 521/81/1 545/62/1 539/65/1 507/85/1
f 514/84/3 543/79/3 540/80/3 505/82/3
f 553/79/3 548/78/3 547/87/3 552/80/3
f 552/80/3 547/87/3 550/60/3 554/61/3
f 547/87/3 546/59/3 551/33/3 550/60/3
f 548/78/3 549/56/3 546/59/3 547/87/3
f 525/60/13 544/61/13 554/61/13 550/60/13
f 518/78/27 532/56/27 549/56/27 548/78/27
f 544/61/28 540/80/28 552/80/28 554/61/28
f 543/79/29 518/78/29 548/78/29 553/79/29
usemtl Blue.008
f 468/31/8 440/29/8 442/18/8 469/32/8
f 477/33/1 462/34/1 446/3/1 470/35/1
f 470/35/7 446/3/7 444/5/7 471/36/7
f 475/37/3 457/38/3 440/9/3 468/39/3
f 464/40/16 445/4/16 443/6/16 463/41/16
f 458/42/19 442/28/19 440/25/19 457/43/19
f 462/44/17 448/45/17 450/46/17 465/47/17
f 456/48/20 447/49/20 449/50/20 459/51/20
f 476/52/3 465/53/3 450/54/3 472/55/3
f 474/56/1 458/57/1 448/58/1 473/59/1
f 473/59/30 477/33/30 493/33/30 488/59/30
f 487/62/3 466/63/3 455/64/3 481/65/3
f 484/66/3 461/67/3 451/68/3 483/69/3
f 479/70/15 453/71/15 454/72/15 480/73/15
f 486/61/1 467/60/1 453/71/1 479/70/1
f 483/74/14 451/75/14 452/76/14 478/77/14
f 481/65/3 455/64/3 461/67/3 484/66/3
f 478/77/1 452/76/1 460/78/1 485/79/1
f 469/32/1 442/18/1 458/57/1 474/56/1
f 441/24/9 456/48/9 459/51/9 439/23/9
f 448/45/11 458/42/11 457/43/11 450/46/11
f 472/55/3 450/54/3 457/38/3 475/37/3
f 477/33/27 467/60/27 492/60/27 493/33/27
f 480/73/3 454/72/3 466/63/3 487/62/3
f 471/36/3 444/5/3 465/53/3 476/52/3
f 446/3/10 462/44/10 465/47/10 444/5/10
f 447/49/12 464/40/12 463/41/12 449/50/12
f 473/59/1 448/58/1 462/34/1 477/33/1
f 474/56/21 473/59/21 488/59/21 491/56/21
f 454/72/3 471/36/3 476/52/3 466/63/3
f 455/64/3 472/55/3 475/37/3 461/67/3
f 452/76/1 469/32/1 474/56/1 460/78/1
f 485/79/13 460/78/13 490/78/13 495/79/13
f 466/63/3 476/52/3 472/55/3 455/64/3
f 461/67/3 475/37/3 468/39/3 451/68/3
f 453/71/24 470/35/24 471/36/24 454/72/24
f 467/60/1 477/33/1 470/35/1 453/71/1
f 451/75/23 468/31/23 469/32/23 452/76/23
f 443/6/3 480/73/3 487/62/3 463/81/3
f 447/82/1 482/80/1 486/61/1 464/83/1
f 441/17/1 478/77/1 485/79/1 456/84/1
f 449/85/3 481/65/3 484/66/3 459/86/3
f 439/30/26 483/74/26 478/77/26 441/17/26
f 464/83/1 486/61/1 479/70/1 445/4/1
f 445/4/25 479/70/25 480/73/25 443/6/25
f 459/86/3 484/66/3 483/69/3 439/10/3
f 463/81/3 487/62/3 481/65/3 449/85/3
f 456/84/1 485/79/1 482/80/1 447/82/1
f 495/79/1 490/78/1 489/87/1 494/80/1
f 494/80/1 489/87/1 492/60/1 496/61/1
f 489/87/1 488/59/1 493/33/1 492/60/1
f 490/78/1 491/56/1 488/59/1 489/87/1
f 482/80/28 485/79/28 495/79/28 494/80/28
f 467/60/29 486/61/29 496/61/29 492/60/29
f 460/78/22 474/56/22 491/56/22 490/78/22
f 486/61/18 482/80/18 494/80/18 496/61/18
f 642/31/7 614/29/7 616/18/7 643/32/7
f 651/33/3 636/34/3 620/3/3 644/35/3
f 644/35/8 620/3/8 618/5/8 645/36/8
f 649/37/1 631/38/1 614/9/1 642/39/1
f 638/40/9 619/4/9 617/6/9 637/41/9
f 632/42/10 616/28/10 614/25/10 631/43/10
f 636/44/11 622/45/11 624/46/11 639/47/11
f 630/48/12 621/49/12 623/50/12 633/51/12
f 650/52/1 639/53/1 624/54/1 646/55/1
f 648/56/3 632/57/3 622/58/3 647/59/3
f 656/80/18 659/79/18 669/79/18 668/80/18
f 661/62/1 640/63/1 629/64/1 655/65/1
f 658/66/1 635/67/1 625/68/1 657/69/1
f 653/70/14 627/71/14 628/72/14 654/73/14
f 660/61/3 641/60/3 627/71/3 653/70/3
f 657/74/15 625/75/15 626/76/15 652/77/15
f 655/65/1 629/64/1 635/67/1 658/66/1
f 652/77/3 626/76/3 634/78/3 659/79/3
f 643/32/3 616/18/3 632/57/3 648/56/3
f 615/24/16 630/48/16 633/51/16 613/23/16
f 622/45/17 632/42/17 631/43/17 624/46/17
f 646/55/1 624/54/1 631/38/1 649/37/1
f 647/59/21 651/33/21 667/33/21 662/59/21
f 654/73/1 628/72/1 640/63/1 661/62/1
f 645/36/1 618/5/1 639/53/1 650/52/1
f 620/3/19 636/44/19 639/47/19 618/5/19
f 621/49/20 638/40/20 637/41/20 623/50/20
f 647/59/3 622/58/3 636/34/3 651/33/3
f 651/33/22 641/60/22 666/60/22 667/33/22
f 628/72/1 645/36/1 650/52/1 640/63/1
f 629/64/1 646/55/1 649/37/1 635/67/1
f 626/76/3 643/32/3 648/56/3 634/78/3
f 648/56/30 647/59/30 662/59/30 665/56/30
f 640/63/1 650/52/1 646/55/1 629/64/1
f 635/67/1 649/37/1 642/39/1 625/68/1
f 627/71/23 644/35/23 645/36/23 628/72/23
f 641/60/3 651/33/3 644/35/3 627/71/3
f 625/75/24 642/31/24 643/32/24 626/76/24
f 617/6/1 654/73/1 661/62/1 637/81/1
f 621/82/3 656/80/3 660/61/3 638/83/3
f 615/17/3 652/77/3 659/79/3 630/84/3
f 623/85/1 655/65/1 658/66/1 633/86/1
f 613/30/25 657/74/25 652/77/25 615/17/25
f 638/83/3 660/61/3 653/70/3 619/4/3
f 619/4/26 653/70/26 654/73/26 617/6/26
f 633/86/1 658/66/1 657/69/1 613/10/1
f 637/81/1 661/62/1 655/65/1 623/85/1
f 630/84/3 659/79/3 656/80/3 621/82/3
f 669/79/3 664/78/3 663/87/3 668/80/3
f 668/80/3 663/87/3 666/60/3 670/61/3
f 663/87/3 662/59/3 667/33/3 666/60/3
f 664/78/3 665/56/3 662/59/3 663/87/3
f 641/60/13 660/61/13 670/61/13 666/60/13
f 634/78/27 648/56/27 665/56/27 664/78/27
f 660/61/28 656/80/28 668/80/28 670/61/28
f 659/79/29 634/78/29 664/78/29 669/79/29
usemtl 
f 2100/220/5 2031/221/5 2032/222/5 2099/223/5
f 2116/224/170 2112/225/170 2020/226/170 2026/227/170
f 2018/228/4 2101/229/4 2102/230/4 2019/231/4
f 2114/232/171 2110/233/171 2018/228/171 2028/234/171
f 2022/235/4 2090/236/4 2089/237/4 2021/238/4
f 2075/239/3 2023/240/3 2101/229/3 2105/241/3
f 2101/229/4 2023/240/4 2024/242/4 2102/230/4
f 2100/220/5 2099/223/5 2028/234/5 2025/243/5
f 2106/244/172 2057/245/172 2059/246/172 2107/247/172
f 2021/238/6 2030/248/6 2029/249/6 2022/235/6
f 2023/240/2 2032/222/2 2031/221/2 2024/242/2
f 2035/250/173 2080/251/173 2078/252/173 2034/253/173
f 2090/236/4 2017/254/4 2020/226/4 2089/237/4
f 2026/227/2 2020/226/2 2017/254/2 2027/255/2
f 2098/256/5 2097/257/5 2026/227/5 2027/255/5
f 2028/234/6 2018/228/6 2019/231/6 2025/243/6
f 2098/256/5 2029/249/5 2030/248/5 2097/257/5
f 2036/258/174 2079/259/174 2080/260/174 2035/261/174
f 2033/262/175 2036/263/175 2035/264/175 2034/265/175
f 2070/266/176 2038/267/176 2039/268/176 2071/269/176
f 2071/270/177 2039/271/177 2040/272/177 2069/273/177
f 2037/274/178 2040/272/178 2039/271/178 2038/275/178
f 2076/276/179 2042/277/179 2043/278/179 2077/279/179
f 2077/279/180 2043/278/180 2044/280/180 2075/239/180
f 2041/281/181 2044/280/181 2043/278/181 2042/277/181
f 2048/282/182 2073/283/182 2074/284/182 2046/285/182
f 2046/285/183 2074/284/183 2072/286/183 2047/287/183
f 2034/253/184 2078/252/184 2024/242/184 2050/288/184
f 2045/289/185 2048/282/185 2046/285/185 2047/287/185
f 2049/290/186 2033/262/186 2034/265/186 2050/291/186
f 2050/288/184 2024/242/184 2031/221/184 2088/292/184
f 2087/293/186 2049/290/186 2050/291/186 2088/294/186
f 2021/238/187 2069/273/187 2040/272/187 2052/295/187
f 2037/274/188 2051/296/188 2052/295/188 2040/272/188
f 2047/287/189 2072/286/189 2022/235/189 2054/297/189
f 2023/240/190 2075/239/190 2044/280/190 2056/298/190
f 2047/287/191 2054/297/191 2053/299/191 2045/289/191
f 2041/281/192 2055/300/192 2056/298/192 2044/280/192
f 2030/248/187 2021/238/187 2052/295/187 2082/301/187
f 2107/302/193 2059/303/193 2058/304/193 2108/305/193
f 2094/306/194 2063/307/194 2065/308/194 2095/309/194
f 2118/310/195 2060/311/195 2062/312/195 2119/313/195
f 2119/314/196 2062/315/196 2061/316/196 2121/317/196
f 2095/309/197 2065/308/197 2064/318/197 2096/319/197
f 2060/311/172 2091/320/172 2092/321/172 2062/312/172
f 2124/322/198 2066/323/198 2068/324/198 2125/325/198
f 2125/325/199 2068/324/199 2067/326/199 2127/327/199
f 2062/315/193 2092/328/193 2093/329/193 2061/316/193
f 2091/320/172 2070/266/172 2071/269/172 2092/321/172
f 2071/270/193 2069/273/193 2093/329/193 2092/328/193
f 2073/283/194 2094/306/194 2095/309/194 2074/284/194
f 2074/284/197 2095/309/197 2096/319/197 2072/286/197
f 2066/323/194 2103/330/194 2104/331/194 2068/324/194
f 2068/324/197 2104/331/197 2105/241/197 2067/326/197
f 2103/330/194 2076/276/194 2077/279/194 2104/331/194
f 2077/279/197 2075/239/197 2105/241/197 2104/331/197
f 2079/259/172 2106/244/172 2107/247/172 2080/260/172
f 2080/251/193 2107/302/193 2108/305/193 2078/252/193
f 2051/296/188 2081/332/188 2082/301/188 2052/295/188
f 2054/297/189 2022/235/189 2029/249/189 2084/333/189
f 2032/222/190 2023/240/190 2056/298/190 2086/334/190
f 2054/297/191 2084/333/191 2083/335/191 2053/299/191
f 2055/300/192 2085/336/192 2086/334/192 2056/298/192
f 2102/230/1 2108/305/1 2058/304/1 2019/231/1
f 2112/225/170 2121/317/170 2061/316/170 2020/226/170
f 2061/316/1 2093/329/1 2089/237/1 2020/226/1
f 2090/236/3 2096/319/3 2064/318/3 2017/254/3
f 2110/233/171 2127/327/171 2067/326/171 2018/228/171
f 2067/326/3 2105/241/3 2101/229/3 2018/228/3
f 2022/235/3 2072/286/3 2096/319/3 2090/236/3
f 2024/242/1 2078/252/1 2108/305/1 2102/230/1
f 2069/273/1 2021/238/1 2089/237/1 2093/329/1
f 2017/254/200 2064/318/200 2128/337/200 2109/338/200
f 2533/339/3 2553/340/3 2127/327/3 2110/233/3
f 2019/231/201 2058/304/201 2122/341/201 2111/342/201
f 2565/343/1 2584/344/1 2121/317/1 2112/225/1
f 2065/308/202 2126/345/202 2128/337/202 2064/318/202
f 2552/346/203 2125/325/203 2127/327/203 2553/340/203
f 2063/307/204 2123/347/204 2126/345/204 2065/308/204
f 2537/348/205 2124/322/205 2125/325/205 2552/346/205
f 2059/303/206 2120/349/206 2122/341/206 2058/304/206
f 2583/350/207 2119/314/207 2121/317/207 2584/344/207
f 2057/245/208 2117/351/208 2120/352/208 2059/246/208
f 2567/353/209 2118/310/209 2119/313/209 2583/354/209
f 2027/255/200 2017/254/200 2109/338/200 2113/355/200
f 2534/356/3 2533/339/3 2110/233/3 2114/232/3
f 2025/243/201 2019/231/201 2111/342/201 2115/357/201
f 2566/358/1 2565/343/1 2112/225/1 2116/224/1
f 2489/359/5 2486/360/5 2137/361/5 2141/362/5
f 2510/363/210 2514/364/210 2143/365/210 2139/366/210
f 2520/367/2 2138/368/2 2136/369/2 2508/370/2
f 2489/359/5 2141/362/5 2139/366/5 2487/371/5
f 2479/372/6 2484/373/6 2135/374/6 2133/375/6
f 2478/376/2 2481/377/2 2138/368/2 2130/378/2
f 2519/379/211 2505/380/211 2131/381/211 2134/382/211
f 2516/383/212 2129/384/212 2130/378/212 2517/385/212
f 2516/386/213 2509/387/213 2137/361/213 2129/388/213
f 2484/373/6 2483/389/6 2132/390/6 2135/374/6
f 2482/391/214 2131/392/214 2132/390/214 2483/389/214
f 2513/393/5 2519/379/5 2134/382/5 2142/394/5
f 2492/395/215 2144/396/215 2140/397/215 2488/398/215
f 2513/393/5 2142/394/5 2140/397/5 2511/399/5
f 2208/400/216 2201/401/216 2257/401/216 2256/400/216
f 2199/402/217 2186/403/217 2242/403/217 2269/402/217
f 2185/404/218 2200/405/218 2270/405/218 2241/404/218
f 2201/401/219 2199/406/219 2269/406/219 2257/401/219
f 2200/407/220 2202/408/220 2258/408/220 2270/407/220
f 2204/409/221 2181/410/221 2251/410/221 2254/409/221
f 2182/411/222 2203/412/222 2253/412/222 2252/411/222
f 2206/413/223 2178/414/223 2262/414/223 2268/413/223
f 2188/415/224 2192/416/224 2244/416/224 2250/415/224
f 2177/417/225 2205/418/225 2267/418/225 2261/417/225
f 2191/419/226 2187/420/226 2249/420/226 2243/419/226
f 2571/421/227 2195/422/227 2245/422/227 2573/421/227
f 2184/423/228 2208/400/228 2256/400/228 2266/423/228
f 2539/424/229 2197/425/229 2247/425/229 2541/426/229
f 2207/427/230 2183/428/230 2265/428/230 2255/427/230
f 2192/416/231 2185/404/231 2241/404/231 2244/416/231
f 2186/403/232 2191/419/232 2243/419/232 2242/403/232
f 2168/429/233 2172/430/233 2228/430/233 2230/429/233
f 2167/431/234 2176/432/234 2234/432/234 2229/431/234
f 2171/433/235 2167/431/235 2229/431/235 2227/433/235
f 2175/434/236 2168/429/236 2230/429/236 2233/434/236
f 2172/430/237 2152/435/237 2220/435/237 2228/430/237
f 2157/436/238 2156/437/238 2218/437/238 2239/436/238
f 2038/267/239 2070/266/239 2163/438/239 2145/439/239
f 2038/275/240 2145/440/240 2148/441/240 2037/274/240
f 2148/441/2 2153/442/2 2051/296/2 2037/274/2
f 2149/443/6 2160/444/6 2049/290/6 2087/293/6
f 2106/244/241 2079/259/241 2152/435/241 2172/430/241
f 2079/259/242 2036/258/242 2155/445/242 2152/435/242
f 2051/296/2 2153/442/2 2162/446/2 2081/332/2
f 2155/447/243 2036/263/243 2033/262/243 2158/448/243
f 2160/444/6 2158/448/6 2033/262/6 2049/290/6
f 2169/449/241 2163/438/241 2070/266/241 2091/320/241
f 2060/311/244 2118/310/244 2173/450/244 2166/451/244
f 2169/449/241 2091/320/241 2060/311/241 2166/451/241
f 2106/244/241 2172/430/241 2168/429/241 2057/245/241
f 2175/434/245 2117/351/245 2057/245/245 2168/429/245
f 2538/452/246 2551/453/246 2117/351/246 2175/434/246
f 2042/277/247 2177/454/247 2179/455/247 2041/281/247
f 2205/418/248 2177/417/248 2042/277/248 2076/276/248
f 2055/300/6 2041/281/6 2179/455/6 2181/410/6
f 2085/336/6 2055/300/6 2181/410/6 2204/409/6
f 2207/427/2 2053/299/2 2083/335/2 2183/428/2
f 2094/306/249 2073/283/249 2185/404/249 2192/416/249
f 2200/405/250 2185/404/250 2073/283/250 2048/282/250
f 2094/306/249 2192/416/249 2188/415/249 2063/307/249
f 2188/415/251 2195/422/251 2123/347/251 2063/307/251
f 2124/322/252 2198/456/252 2190/457/252 2066/323/252
f 2193/458/249 2103/330/249 2066/323/249 2190/457/249
f 2193/458/249 2205/418/249 2076/276/249 2103/330/249
f 2537/348/253 2555/459/253 2198/456/253 2124/322/253
f 2200/407/240 2048/282/240 2045/289/240 2202/408/240
f 2045/289/2 2053/299/2 2207/427/2 2202/408/2
f 2210/460/254 2211/461/254 2212/451/254 2209/450/254
f 2214/462/2 2215/463/2 2216/446/2 2213/442/2
f 2218/464/255 2219/465/255 2220/435/255 2217/445/255
f 2222/466/256 2223/467/256 2224/441/256 2221/440/256
f 2226/468/257 2222/469/257 2221/439/257 2225/438/257
f 2219/465/258 2227/433/258 2228/430/258 2220/435/258
f 2227/433/259 2229/431/259 2230/429/259 2228/430/259
f 2225/438/260 2231/449/260 2232/470/260 2226/468/260
f 2540/471/261 2233/434/261 2234/432/261 2556/472/261
f 2231/449/262 2212/451/262 2211/461/262 2232/470/262
f 2236/444/6 2237/443/6 2238/473/6 2235/474/6
f 2213/442/263 2224/441/263 2223/467/263 2214/462/263
f 2240/448/264 2236/444/264 2235/474/264 2239/436/264
f 2217/447/265 2240/448/265 2239/436/265 2218/437/265
f 2233/434/266 2230/429/266 2229/431/266 2234/432/266
f 2242/403/260 2243/419/260 2244/416/260 2241/404/260
f 2541/426/267 2247/425/267 2248/456/267 2557/475/267
f 2243/419/268 2249/420/268 2250/415/268 2244/416/268
f 2252/411/6 2253/412/6 2254/409/6 2251/410/6
f 2256/400/263 2257/401/263 2258/408/263 2255/427/263
f 2260/476/264 2252/411/264 2251/410/264 2259/455/264
f 2262/477/265 2260/476/265 2259/455/265 2261/454/265
f 2247/425/269 2263/478/269 2264/457/269 2248/456/269
f 2245/422/270 2250/415/270 2249/420/270 2246/479/270
f 2255/427/2 2265/428/2 2266/423/2 2256/400/2
f 2261/417/255 2267/418/255 2268/413/255 2262/414/255
f 2270/407/256 2258/408/256 2257/401/256 2269/406/256
f 2241/404/257 2270/405/257 2269/402/257 2242/403/257
f 2267/418/258 2271/458/258 2272/480/258 2268/413/258
f 2271/458/271 2264/457/271 2263/478/271 2272/480/271
f 2174/460/272 2165/461/272 2211/461/272 2210/460/272
f 2202/408/273 2207/427/273 2255/427/273 2258/408/273
f 2163/438/274 2169/449/274 2231/449/274 2225/438/274
f 2205/418/275 2193/458/275 2271/458/275 2267/418/275
f 2166/451/276 2173/450/276 2209/450/276 2212/451/276
f 2180/476/277 2182/411/277 2252/411/277 2260/476/277
f 2181/410/278 2179/455/278 2259/455/278 2251/410/278
f 2170/470/279 2164/468/279 2226/468/279 2232/470/279
f 2194/480/280 2206/413/280 2268/413/280 2272/480/280
f 2538/452/281 2175/434/281 2233/434/281 2540/471/281
f 2178/477/282 2180/476/282 2260/476/282 2262/477/282
f 2179/455/283 2177/454/283 2261/454/283 2259/455/283
f 2570/481/284 2174/460/284 2210/460/284 2572/482/284
f 2193/458/285 2190/457/285 2264/457/285 2271/458/285
f 2154/462/286 2161/463/286 2215/463/286 2214/462/286
f 2197/425/287 2189/478/287 2263/478/287 2247/425/287
f 2189/478/288 2194/480/288 2272/480/288 2263/478/288
f 2162/446/289 2153/442/289 2213/442/289 2216/446/289
f 2190/457/290 2198/456/290 2248/456/290 2264/457/290
f 2169/449/291 2166/451/291 2212/451/291 2231/449/291
f 2156/464/292 2151/465/292 2219/465/292 2218/464/292
f 2165/461/293 2170/470/293 2232/470/293 2211/461/293
f 2152/435/294 2155/445/294 2217/445/294 2220/435/294
f 2160/444/295 2149/443/295 2237/443/295 2236/444/295
f 2150/473/296 2159/474/296 2235/474/296 2238/473/296
f 2146/466/297 2147/467/297 2223/467/297 2222/466/297
f 2195/422/298 2188/415/298 2250/415/298 2245/422/298
f 2187/420/299 2196/479/299 2246/479/299 2249/420/299
f 2153/442/300 2148/441/300 2224/441/300 2213/442/300
f 2148/441/301 2145/440/301 2221/440/301 2224/441/301
f 2147/467/302 2154/462/302 2214/462/302 2223/467/302
f 2164/468/303 2146/469/303 2222/469/303 2226/468/303
f 2158/448/304 2160/444/304 2236/444/304 2240/448/304
f 2145/439/305 2163/438/305 2225/438/305 2221/439/305
f 2159/474/306 2157/436/306 2239/436/306 2235/474/306
f 2151/465/307 2171/433/307 2227/433/307 2219/465/307
f 2155/447/308 2158/448/308 2240/448/308 2217/447/308
f 2304/483/309 2286/484/309 2285/485/309 2303/486/309
f 2302/487/310 2304/483/310 2303/486/310 2301/488/310
f 2299/489/311 2287/490/311 2288/491/311 2300/492/311
f 2297/493/312 2299/489/312 2300/492/312 2298/494/312
f 2293/495/313 2295/496/313 2296/497/313 2294/498/313
f 2281/499/314 2293/495/314 2294/498/314 2282/500/314
f 2291/501/315 2283/502/315 2284/503/315 2292/504/315
f 2289/505/316 2291/501/316 2292/504/316 2290/506/316
f 2316/507/317 2276/508/317 2275/509/317 2315/510/317
f 2320/511/318 2280/512/318 2279/513/318 2319/514/318
f 2306/515/319 2278/516/319 2277/517/319 2305/518/319
f 2310/519/320 2274/520/320 2273/521/320 2309/522/320
f 2308/523/321 2284/503/321 2283/502/321 2307/524/321
f 2312/525/322 2288/491/322 2287/490/322 2311/526/322
f 2282/500/323 2306/515/323 2305/518/323 2281/499/323
f 2276/508/324 2308/523/324 2307/524/324 2275/509/324
f 2286/484/325 2310/519/325 2309/522/325 2285/485/325
f 2280/512/326 2312/525/326 2311/526/326 2279/513/326
f 2274/520/327 2313/527/327 2314/528/327 2273/521/327
f 2574/529/328 2316/507/328 2315/510/328 2590/530/328
f 2278/516/329 2317/531/329 2318/532/329 2277/517/329
f 2543/533/330 2320/511/330 2319/514/330 2559/534/330
f 2521/535/331 2322/536/331 2321/537/331 2522/538/331
f 2493/539/332 2324/540/332 2323/541/332 2494/542/332
f 2338/543/333 2349/544/333 2350/545/333 2337/546/333
f 2352/547/334 2340/548/334 2339/549/334 2351/550/334
f 2334/551/335 2353/552/335 2354/553/335 2333/554/335
f 2356/555/336 2336/556/336 2335/557/336 2355/558/336
f 2301/488/337 2327/559/337 2328/560/337 2302/487/337
f 2290/506/338 2330/561/338 2329/562/338 2289/505/338
f 2298/494/339 2338/543/339 2337/546/339 2297/493/339
f 2295/496/340 2335/557/340 2336/556/340 2296/497/340
f 2342/563/341 2344/564/341 2343/565/341 2341/566/341
f 2346/567/342 2348/568/342 2347/569/342 2345/570/342
f 2349/544/343 2352/547/343 2351/550/343 2350/545/343
f 2353/552/344 2356/555/344 2355/558/344 2354/553/344
f 2344/564/345 2332/571/345 2331/572/345 2343/565/345
f 2330/561/346 2342/563/346 2341/566/346 2329/562/346
f 2348/568/347 2328/560/347 2327/559/347 2347/569/347
f 2326/573/348 2346/567/348 2345/570/348 2325/574/348
f 2274/520/201 2025/243/201 2115/357/201 2313/527/201
f 2100/220/1 2025/243/1 2274/520/1 2310/519/1
f 2316/507/170 2116/224/170 2026/227/170 2276/508/170
f 2276/508/1 2026/227/1 2097/257/1 2308/523/1
f 2278/516/200 2027/255/200 2113/355/200 2317/531/200
f 2098/256/3 2027/255/3 2278/516/3 2306/515/3
f 2320/511/171 2114/232/171 2028/234/171 2280/512/171
f 2280/512/3 2028/234/3 2099/223/3 2312/525/3
f 2282/500/3 2029/249/3 2098/256/3 2306/515/3
f 2282/500/189 2294/498/189 2084/333/189 2029/249/189
f 2308/523/1 2097/257/1 2030/248/1 2284/503/1
f 2082/301/187 2292/504/187 2284/503/187 2030/248/187
f 2088/292/184 2031/221/184 2286/484/184 2304/575/184
f 2286/484/1 2031/221/1 2100/220/1 2310/519/1
f 2312/525/3 2099/223/3 2032/222/3 2288/491/3
f 2086/334/190 2300/492/190 2288/491/190 2032/222/190
f 2081/332/2 2162/446/2 2330/561/2 2290/506/2
f 2081/332/188 2290/506/188 2292/504/188 2082/301/188
f 2084/333/191 2294/498/191 2296/497/191 2083/335/191
f 2183/428/2 2083/335/2 2296/497/2 2336/556/2
f 2298/494/6 2085/336/6 2204/409/6 2338/543/6
f 2085/336/192 2298/494/192 2300/492/192 2086/334/192
f 2328/560/6 2149/443/6 2087/293/6 2302/487/6
f 2302/487/186 2087/293/186 2088/294/186 2304/483/186
f 2574/529/1 2566/358/1 2116/224/1 2316/507/1
f 2543/533/3 2534/356/3 2114/232/3 2320/511/3
f 2508/370/2 2136/369/2 2322/536/2 2521/535/2
f 2493/539/6 2479/372/6 2133/375/6 2324/540/6
f 2326/573/296 2150/473/296 2238/473/296 2346/567/296
f 2149/443/349 2328/560/349 2348/568/349 2237/443/349
f 2330/561/350 2162/446/350 2216/446/350 2342/563/350
f 2161/463/351 2332/571/351 2344/564/351 2215/463/351
f 2334/551/228 2184/423/228 2266/423/228 2353/552/228
f 2183/428/352 2336/556/352 2356/555/352 2265/428/352
f 2338/543/353 2204/409/353 2254/409/353 2349/544/353
f 2203/412/222 2340/548/222 2352/547/222 2253/412/222
f 2215/463/2 2344/564/2 2342/563/2 2216/446/2
f 2237/443/6 2348/568/6 2346/567/6 2238/473/6
f 2253/412/6 2352/547/6 2349/544/6 2254/409/6
f 2265/428/2 2356/555/2 2353/552/2 2266/423/2
f 2285/485/4 2309/522/4 2423/576/4 2367/577/4
f 2367/577/4 2423/576/4 2424/578/4 2366/579/4
f 2366/579/354 2424/578/354 2442/580/354 2425/581/354
f 2425/581/4 2442/580/4 2426/582/4 2364/583/4
f 2364/583/355 2426/582/355 2440/584/355 2427/585/355
f 2530/586/4 2531/587/4 2439/588/4 2428/589/4
f 2429/590/356 2438/591/356 2430/592/356 2360/593/356
f 2360/593/4 2430/592/4 2436/594/4 2431/595/4
f 2431/595/357 2436/594/357 2432/596/357 2358/597/357
f 2358/597/4 2432/596/4 2434/598/4 2433/599/4
f 2433/599/4 2434/598/4 2311/526/4 2287/490/4
f 2287/490/4 2299/489/4 2297/493/4 2433/599/4
f 2297/493/4 2337/546/4 2358/597/4 2433/599/4
f 2337/546/357 2350/545/357 2431/595/357 2358/597/357
f 2350/545/4 2351/550/4 2360/593/4 2431/595/4
f 2351/550/356 2339/549/356 2429/590/356 2360/593/356
f 2494/542/4 2323/541/4 2428/589/4 2502/600/4
f 2325/574/355 2345/570/355 2364/583/355 2427/585/355
f 2345/570/4 2347/569/4 2425/581/4 2364/583/4
f 2347/569/354 2327/559/354 2366/579/354 2425/581/354
f 2327/559/4 2301/488/4 2367/577/4 2366/579/4
f 2301/488/4 2303/486/4 2285/485/4 2367/577/4
f 2311/526/4 2434/598/4 2389/601/4 2279/513/4
f 2279/513/358 2389/601/358 2388/602/358 2319/514/358
f 2575/603/4 2576/604/4 2390/605/4 2318/532/4
f 2318/532/359 2390/605/359 2411/606/359 2277/517/359
f 2277/517/4 2411/606/4 2412/607/4 2305/518/4
f 2305/518/4 2412/607/4 2357/608/4 2281/499/4
f 2281/499/4 2357/608/4 2295/496/4 2293/495/4
f 2295/496/4 2357/608/4 2413/609/4 2335/557/4
f 2335/557/357 2413/609/357 2359/610/357 2355/558/357
f 2355/558/4 2359/610/4 2415/611/4 2354/553/4
f 2354/553/360 2415/611/360 2361/612/360 2333/554/360
f 2496/613/4 2501/614/4 2362/615/4 2321/537/4
f 2331/572/361 2363/616/361 2419/617/361 2343/565/361
f 2343/565/4 2419/617/4 2365/618/4 2341/566/4
f 2341/566/354 2365/618/354 2421/619/354 2329/562/354
f 2329/562/4 2421/619/4 2422/620/4 2289/505/4
f 2289/505/4 2422/620/4 2283/502/4 2291/501/4
f 2283/502/4 2422/620/4 2401/621/4 2307/524/4
f 2307/524/4 2401/621/4 2400/622/4 2275/509/4
f 2275/509/359 2400/622/359 2369/623/359 2315/510/359
f 2542/624/4 2544/625/4 2368/626/4 2314/528/4
f 2314/528/358 2368/626/358 2444/627/358 2273/521/358
f 2273/521/4 2444/627/4 2423/576/4 2309/522/4
f 2444/627/358 2368/626/358 2370/628/358 2443/629/358
f 2443/629/362 2370/628/362 2372/630/362 2373/631/362
f 2373/631/358 2372/630/358 2374/632/358 2441/633/358
f 2441/633/363 2374/632/363 2376/634/363 2377/635/363
f 2532/636/364 2525/637/364 2378/638/364 2379/639/364
f 2381/640/365 2380/641/365 2382/642/365 2437/643/365
f 2437/643/358 2382/642/358 2384/644/358 2385/645/358
f 2385/645/366 2384/644/366 2386/646/366 2435/647/366
f 2435/647/358 2386/646/358 2388/602/358 2389/601/358
f 2435/647/4 2389/601/4 2434/598/4 2432/596/4
f 2435/647/367 2432/596/367 2436/594/367 2385/645/367
f 2596/648/368 2577/649/368 2392/650/368 2387/651/368
f 2387/651/369 2392/650/369 2409/652/369 2391/653/369
f 2391/653/357 2409/652/357 2414/654/357 2410/655/357
f 2410/655/357 2414/654/357 2359/610/357 2413/609/357
f 2410/655/4 2413/609/4 2357/608/4 2412/607/4
f 2410/655/4 2412/607/4 2411/606/4 2391/653/4
f 2414/654/4 2409/652/4 2393/656/4 2408/657/4
f 2408/657/360 2393/656/360 2407/658/360 2416/659/360
f 2500/660/4 2499/661/4 2406/662/4 2417/663/4
f 2418/664/361 2405/665/361 2397/666/361 2404/667/361
f 2404/667/4 2397/666/4 2403/668/4 2420/669/4
f 2420/669/354 2403/668/354 2399/670/354 2402/671/354
f 2402/671/4 2399/670/4 2400/622/4 2401/621/4
f 2402/671/4 2401/621/4 2422/620/4 2421/619/4
f 2402/671/354 2421/619/354 2365/618/354 2420/669/354
f 2399/670/370 2403/668/370 2398/672/370 2371/673/370
f 2545/674/371 2564/675/371 2372/630/371 2370/628/371
f 2545/674/4 2370/628/4 2368/626/4 2544/625/4
f 2371/673/359 2369/623/359 2400/622/359 2399/670/359
f 2398/672/359 2403/668/359 2397/666/359 2375/676/359
f 2375/676/372 2397/666/372 2405/665/372 2396/677/372
f 2526/678/373 2527/679/373 2406/662/373 2395/680/373
f 2394/681/374 2407/658/374 2393/656/374 2383/682/374
f 2383/682/359 2393/656/359 2409/652/359 2392/650/359
f 2547/683/4 2561/684/4 2384/644/4 2382/642/4
f 2547/683/360 2382/642/360 2380/641/360 2562/685/360
f 2563/686/361 2376/634/361 2374/632/361 2546/687/361
f 2546/687/4 2374/632/4 2372/630/4 2564/675/4
f 2420/669/4 2365/618/4 2419/617/4 2404/667/4
f 2404/667/355 2419/617/355 2363/616/355 2418/664/355
f 2528/688/4 2529/689/4 2362/615/4 2417/663/4
f 2416/659/356 2361/612/356 2415/611/356 2408/657/356
f 2408/657/4 2415/611/4 2359/610/4 2414/654/4
f 2391/653/359 2411/606/359 2390/605/359 2387/651/359
f 2548/690/4 2560/691/4 2388/602/4 2386/646/4
f 2385/645/4 2436/594/4 2430/592/4 2437/643/4
f 2437/643/360 2430/592/360 2438/591/360 2381/640/360
f 2504/692/4 2503/693/4 2439/588/4 2379/639/4
f 2377/635/361 2440/584/361 2426/582/361 2441/633/361
f 2441/633/4 2426/582/4 2442/580/4 2373/631/4
f 2373/631/354 2442/580/354 2424/578/354 2443/629/354
f 2443/629/4 2424/578/4 2423/576/4 2444/627/4
f 2596/648/4 2576/604/4 2472/694/4 2471/695/4
f 2594/696/4 2469/697/4 2476/698/4 2580/699/4
f 2579/700/361 2475/701/361 2469/697/361 2594/696/361
f 2595/702/360 2470/703/360 2474/704/360 2578/705/360
f 2595/702/4 2577/649/4 2473/706/4 2470/703/4
f 2593/707/4 2468/708/4 2467/709/4 2592/710/4
f 2593/707/371 2580/699/371 2476/698/371 2468/708/371
f 2548/690/368 2561/684/368 2473/706/368 2471/695/368
f 2590/530/4 2592/710/4 2467/709/4 2464/711/4
f 2559/534/4 2560/691/4 2472/694/4 2466/712/4
f 2591/713/3 2582/714/3 2447/715/3 2465/716/3
f 2558/717/1 2550/718/1 2448/719/1 2463/720/1
f 2591/713/330 2465/716/330 2466/712/330 2575/603/330
f 2558/717/328 2463/720/328 2464/711/328 2542/624/328
f 2554/472/284 2456/721/284 2460/722/284 2556/472/284
f 2586/723/281 2455/724/281 2459/725/281 2588/726/281
f 2589/727/267 2461/728/267 2462/729/267 2573/421/267
f 2588/726/261 2459/725/261 2460/722/261 2572/482/261
f 2585/730/253 2571/421/253 2458/731/253 2452/732/253
f 2586/723/246 2567/353/246 2449/733/246 2455/724/246
f 2587/734/229 2457/735/229 2461/728/229 2589/727/229
f 2555/459/227 2458/731/227 2462/729/227 2557/475/227
f 2550/718/1 2549/736/1 2446/737/1 2448/719/1
f 2582/714/3 2581/738/3 2445/739/3 2447/715/3
f 2551/453/209 2449/733/209 2450/740/209 2535/741/209
f 2535/742/207 2450/743/207 2451/744/207 2536/745/207
f 2585/730/205 2452/732/205 2453/746/205 2568/747/205
f 2568/747/203 2453/746/203 2454/748/203 2569/749/203
f 2549/736/1 2536/745/1 2451/744/1 2446/737/1
f 2581/738/3 2569/749/3 2454/748/3 2445/739/3
f 2417/663/4 2362/615/4 2501/614/4 2500/660/4
f 2395/680/375 2406/662/375 2499/661/375 2498/750/375
f 2379/639/376 2378/638/376 2497/751/376 2504/692/376
f 2428/589/4 2439/588/4 2503/693/4 2502/600/4
f 2136/369/2 2485/752/2 2495/753/2 2322/536/2
f 2322/536/331 2495/753/331 2496/613/331 2321/537/331
f 2142/394/5 2490/754/5 2488/398/5 2140/397/5
f 2142/394/5 2134/382/5 2480/755/5 2490/754/5
f 2129/388/213 2137/361/213 2486/360/213 2477/756/213
f 2129/384/212 2477/757/212 2478/376/212 2130/378/212
f 2134/382/211 2131/381/211 2482/758/211 2480/755/211
f 2138/368/2 2481/377/2 2485/752/2 2136/369/2
f 2139/366/377 2143/365/377 2491/759/377 2487/371/377
f 2379/639/4 2439/588/4 2531/587/4 2532/636/4
f 2417/663/4 2406/662/4 2527/679/4 2528/688/4
f 2321/537/4 2362/615/4 2529/689/4 2522/538/4
f 2323/541/4 2524/760/4 2530/586/4 2428/589/4
f 2324/540/6 2133/375/6 2518/761/6 2523/762/6
f 2324/540/332 2523/762/332 2524/760/332 2323/541/332
f 2144/396/378 2515/763/378 2511/399/378 2140/397/378
f 2131/392/214 2505/764/214 2506/765/214 2132/390/214
f 2135/374/6 2132/390/6 2506/765/6 2507/766/6
f 2130/378/2 2138/368/2 2520/367/2 2517/385/2
f 2133/375/6 2135/374/6 2507/766/6 2518/761/6
f 2141/362/5 2512/767/5 2510/363/5 2139/366/5
f 2141/362/5 2137/361/5 2509/387/5 2512/767/5
f 2111/342/1 2122/341/1 2536/745/1 2549/736/1
f 2120/349/207 2535/742/207 2536/745/207 2122/341/207
f 2117/351/209 2551/453/209 2535/741/209 2120/352/209
f 2115/357/1 2111/342/1 2549/736/1 2550/718/1
f 2198/456/227 2555/459/227 2557/475/227 2248/456/227
f 2176/432/284 2554/472/284 2556/472/284 2234/432/284
f 2313/527/328 2558/717/328 2542/624/328 2314/528/328
f 2313/527/1 2115/357/1 2550/718/1 2558/717/1
f 2319/514/4 2388/602/4 2560/691/4 2559/534/4
f 2386/646/368 2384/644/368 2561/684/368 2548/690/368
f 2471/695/4 2472/694/4 2560/691/4 2548/690/4
f 2469/697/4 2546/687/4 2564/675/4 2476/698/4
f 2475/701/361 2563/686/361 2546/687/361 2469/697/361
f 2470/703/360 2547/683/360 2562/685/360 2474/704/360
f 2470/703/4 2473/706/4 2561/684/4 2547/683/4
f 2468/708/4 2545/674/4 2544/625/4 2467/709/4
f 2468/708/371 2476/698/371 2564/675/371 2545/674/371
f 2464/711/4 2467/709/4 2544/625/4 2542/624/4
f 2465/716/3 2447/715/3 2534/356/3 2543/533/3
f 2465/716/330 2543/533/330 2559/534/330 2466/712/330
f 2455/724/281 2538/452/281 2540/471/281 2459/725/281
f 2461/728/267 2541/426/267 2557/475/267 2462/729/267
f 2459/725/261 2540/471/261 2556/472/261 2460/722/261
f 2452/732/253 2458/731/253 2555/459/253 2537/348/253
f 2455/724/246 2449/733/246 2551/453/246 2538/452/246
f 2457/735/229 2539/424/229 2541/426/229 2461/728/229
f 2447/715/3 2445/739/3 2533/339/3 2534/356/3
f 2452/732/205 2537/348/205 2552/346/205 2453/746/205
f 2453/746/203 2552/346/203 2553/340/203 2454/748/203
f 2445/739/3 2454/748/3 2553/340/3 2533/339/3
f 2109/338/3 2128/337/3 2569/749/3 2581/738/3
f 2126/345/203 2568/747/203 2569/749/203 2128/337/203
f 2123/347/205 2585/730/205 2568/747/205 2126/345/205
f 2113/355/3 2109/338/3 2581/738/3 2582/714/3
f 2196/479/229 2587/734/229 2589/727/229 2246/479/229
f 2173/450/246 2118/310/246 2567/353/246 2586/723/246
f 2123/347/253 2195/422/253 2571/421/253 2585/730/253
f 2209/450/261 2588/726/261 2572/482/261 2210/460/261
f 2246/479/267 2589/727/267 2573/421/267 2245/422/267
f 2173/450/281 2586/723/281 2588/726/281 2209/450/281
f 2317/531/330 2591/713/330 2575/603/330 2318/532/330
f 2317/531/3 2113/355/3 2582/714/3 2591/713/3
f 2315/510/4 2369/623/4 2592/710/4 2590/530/4
f 2371/673/371 2398/672/371 2580/699/371 2593/707/371
f 2371/673/4 2593/707/4 2592/710/4 2369/623/4
f 2383/682/4 2392/650/4 2577/649/4 2595/702/4
f 2383/682/360 2595/702/360 2578/705/360 2394/681/360
f 2396/677/361 2579/700/361 2594/696/361 2375/676/361
f 2375/676/4 2594/696/4 2580/699/4 2398/672/4
f 2387/651/4 2390/605/4 2576/604/4 2596/648/4
f 2471/695/368 2473/706/368 2577/649/368 2596/648/368
f 2466/712/4 2472/694/4 2576/604/4 2575/603/4
f 2463/720/1 2448/719/1 2566/358/1 2574/529/1
f 2463/720/328 2574/529/328 2590/530/328 2464/711/328
f 2456/721/284 2570/481/284 2572/482/284 2460/722/284
f 2458/731/227 2571/421/227 2573/421/227 2462/729/227
f 2448/719/1 2446/737/1 2565/343/1 2566/358/1
f 2449/733/209 2567/353/209 2583/354/209 2450/740/209
f 2450/743/207 2583/350/207 2584/344/207 2451/744/207
f 2446/737/1 2451/744/1 2584/344/1 2565/343/1
f 2618/768/379 2609/769/379 2610/770/379 2617/771/379
f 2598/772/380 2599/773/380 2600/774/380 2597/775/380
f 2599/773/381 2601/776/381 2602/777/381 2600/774/381
f 2628/778/382 2621/779/382 2622/780/382 2627/781/382
f 2601/776/381 2623/782/381 2624/783/381 2602/777/381
f 2612/784/383 2607/785/383 2608/786/383 2611/787/383
f 2718/788/384 2618/768/384 2617/771/384 2717/789/384
f 2606/790/385 2612/784/385 2611/787/385 2605/791/385
f 2616/792/386 2608/786/386 2607/785/386 2615/793/386
f 2627/781/387 2603/794/387 2604/795/387 2628/778/387
f 2597/796/388 2625/797/388 2626/798/388 2598/799/388
f 2620/800/389 2622/780/389 2621/779/389 2619/801/389
f 2605/791/390 2620/802/390 2619/803/390 2606/790/390
f 2625/797/383 2613/804/383 2614/805/383 2626/798/383
f 2613/804/383 2610/770/383 2609/769/383 2614/805/383
f 2656/806/391 2651/807/391 2652/808/391 2655/809/391
f 2636/810/391 2656/806/391 2655/809/391 2635/811/391
f 2648/812/392 2629/813/392 2630/814/392 2647/815/392
f 2629/816/393 2631/817/393 2632/818/393 2630/819/393
f 2640/820/394 2636/810/394 2635/811/394 2639/821/394
f 2638/822/395 2645/823/395 2646/824/395 2637/825/395
f 2658/826/396 2649/827/396 2650/828/396 2657/829/396
f 2647/815/391 2653/830/391 2654/831/391 2648/812/391
f 2720/832/397 2659/833/397 2660/834/397 2719/835/397
f 2653/830/398 2650/828/398 2649/827/398 2654/831/398
f 2644/836/399 2633/837/399 2634/838/399 2643/839/399
f 2637/825/400 2632/818/400 2631/817/400 2638/822/400
f 2642/840/399 2644/836/399 2643/839/399 2641/841/399
f 2639/842/401 2642/840/401 2641/841/401 2640/843/401
f 2659/833/402 2652/808/402 2651/807/402 2660/834/402
f 2674/844/403 2675/845/403 2676/846/403 2673/847/403
f 2666/848/404 2667/849/404 2668/850/404 2665/851/404
f 2664/852/405 2661/853/405 2662/854/405 2663/855/405
f 2672/856/406 2669/857/406 2670/858/406 2671/859/406
f 2675/845/407 2646/824/407 2645/823/407 2676/846/407
f 2603/794/408 2664/852/408 2663/855/408 2604/795/408
f 2667/849/409 2624/783/409 2623/782/409 2668/850/409
f 2633/837/410 2672/856/410 2671/859/410 2634/838/410
f 2678/860/411 2666/848/411 2665/851/411 2677/861/411
f 2680/862/412 2670/858/412 2669/857/412 2679/863/412
f 2722/864/413 2681/865/413 2682/866/413 2721/867/413
f 2724/868/414 2685/869/414 2686/870/414 2723/871/414
f 2690/872/415 2687/873/415 2688/874/415 2689/875/415
f 2692/876/416 2683/877/416 2684/878/416 2691/879/416
f 2694/880/417 2692/876/417 2691/879/417 2693/881/417
f 2696/882/418 2690/872/418 2689/875/418 2695/883/418
f 2698/884/411 2696/882/411 2695/883/411 2697/885/411
f 2700/886/412 2694/880/412 2693/881/412 2699/887/412
f 2673/847/417 2700/886/417 2699/887/417 2674/844/417
f 2661/853/411 2698/884/411 2697/885/411 2662/854/411
f 2702/888/412 2680/862/412 2679/863/412 2701/889/412
f 2704/890/411 2678/860/411 2677/861/411 2703/891/411
f 2706/892/418 2704/890/418 2703/891/418 2705/893/418
f 2708/894/417 2702/888/417 2701/889/417 2707/895/417
f 2681/865/419 2708/894/419 2707/895/419 2682/866/419
f 2685/869/420 2706/892/420 2705/893/420 2686/870/420
f 2726/896/421 2709/897/421 2710/898/421 2725/899/421
f 2728/900/422 2711/901/422 2712/902/422 2727/903/422
f 2730/904/423 2713/905/423 2714/906/423 2729/907/423
f 2732/908/424 2715/909/424 2716/910/424 2731/911/424
f 2709/897/425 2718/788/425 2717/789/425 2710/898/425
f 2711/901/426 2720/832/426 2719/835/426 2712/902/426
f 2713/905/427 2722/864/427 2721/867/427 2714/906/427
f 2715/909/428 2724/868/428 2723/871/428 2716/910/428
f 2615/793/429 2726/896/429 2725/899/429 2616/792/429
f 2657/829/430 2728/900/430 2727/903/430 2658/826/430
f 2683/877/431 2730/904/431 2729/907/431 2684/878/431
f 2687/873/432 2732/908/432 2731/911/432 2688/874/432
f 2598/772/214 2482/391/214 2483/389/214 2599/773/214
f 2178/477/433 2597/775/433 2600/774/433 2180/476/433
f 2480/755/211 2482/758/211 2598/799/211 2626/798/211
f 2625/797/434 2597/796/434 2178/414/434 2206/413/434
f 2601/776/6 2599/773/6 2483/389/6 2484/373/6
f 2182/411/6 2180/476/6 2600/774/6 2602/777/6
f 2623/782/6 2601/776/6 2484/373/6 2479/372/6
f 2203/412/6 2182/411/6 2602/777/6 2624/783/6
f 2485/752/2 2604/795/2 2663/855/2 2495/753/2
f 2481/377/2 2628/778/2 2604/795/2 2485/752/2
f 2627/781/2 2208/400/2 2184/423/2 2603/794/2
f 2603/794/2 2184/423/2 2334/551/2 2664/852/2
f 2612/784/5 2606/790/5 2486/360/5 2489/359/5
f 2191/419/5 2186/403/5 2605/791/5 2611/787/5
f 2477/756/213 2486/360/213 2606/790/213 2619/803/213
f 2620/802/435 2605/791/435 2186/403/435 2199/402/435
f 2612/784/5 2489/359/5 2487/371/5 2607/785/5
f 2608/786/436 2616/792/436 2196/479/436 2187/420/436
f 2191/419/5 2611/787/5 2608/786/5 2187/420/5
f 2487/371/437 2491/759/437 2615/793/437 2607/785/437
f 2618/768/438 2492/395/438 2488/398/438 2609/769/438
f 2613/804/5 2194/480/5 2189/478/5 2610/770/5
f 2197/425/439 2617/771/439 2610/770/439 2189/478/439
f 2490/754/5 2614/805/5 2609/769/5 2488/398/5
f 2490/754/5 2480/755/5 2626/798/5 2614/805/5
f 2613/804/5 2625/797/5 2206/413/5 2194/480/5
f 2734/912/440 2763/913/440 2143/365/440 2514/364/440
f 2196/479/5 2616/792/5 2725/899/5 2587/734/5
f 2736/914/441 2734/912/441 2514/364/441 2658/826/441
f 2539/424/5 2717/789/5 2617/771/5 2197/425/5
f 2620/800/442 2199/406/442 2201/401/442 2622/780/442
f 2477/757/212 2619/801/212 2621/779/212 2478/376/212
f 2621/779/2 2628/778/2 2481/377/2 2478/376/2
f 2201/401/2 2208/400/2 2627/781/2 2622/780/2
f 2340/548/6 2203/412/6 2624/783/6 2667/849/6
f 2668/850/6 2623/782/6 2479/372/6 2493/539/6
f 2629/816/212 2516/383/212 2517/385/212 2631/817/212
f 2629/813/213 2648/812/213 2509/387/213 2516/386/213
f 2146/466/240 2630/819/240 2632/818/240 2147/467/240
f 2146/469/435 2164/468/435 2647/815/435 2630/814/435
f 2632/818/2 2637/825/2 2154/462/2 2147/467/2
f 2517/385/2 2520/367/2 2638/822/2 2631/817/2
f 2523/762/6 2518/761/6 2634/838/6 2671/859/6
f 2518/761/6 2507/766/6 2643/839/6 2634/838/6
f 2633/837/6 2644/836/6 2159/474/6 2150/473/6
f 2672/856/6 2633/837/6 2150/473/6 2326/573/6
f 2636/810/211 2640/820/211 2505/380/211 2519/379/211
f 2151/465/434 2156/464/434 2639/821/434 2635/811/434
f 2656/806/5 2636/810/5 2519/379/5 2513/393/5
f 2171/433/5 2151/465/5 2635/811/5 2655/809/5
f 2638/822/2 2520/367/2 2508/370/2 2645/823/2
f 2154/462/2 2637/825/2 2646/824/2 2161/463/2
f 2505/764/214 2640/843/214 2641/841/214 2506/765/214
f 2639/842/433 2156/437/433 2157/436/433 2642/840/433
f 2644/836/6 2642/840/6 2157/436/6 2159/474/6
f 2507/766/6 2506/765/6 2641/841/6 2643/839/6
f 2161/463/2 2646/824/2 2675/845/2 2332/571/2
f 2645/823/2 2508/370/2 2521/535/2 2676/846/2
f 2512/767/5 2509/387/5 2648/812/5 2654/831/5
f 2653/830/5 2647/815/5 2164/468/5 2170/470/5
f 2649/827/443 2658/826/443 2514/364/443 2510/363/443
f 2653/830/5 2170/470/5 2165/461/5 2650/828/5
f 2165/461/436 2174/460/436 2657/829/436 2650/828/436
f 2512/767/5 2654/831/5 2649/827/5 2510/363/5
f 2656/806/5 2513/393/5 2511/399/5 2651/807/5
f 2659/833/439 2176/432/439 2167/431/439 2652/808/439
f 2171/433/5 2655/809/5 2652/808/5 2167/431/5
f 2515/763/444 2660/834/444 2651/807/444 2511/399/444
f 2738/915/445 2736/914/445 2658/826/445 2727/903/445
f 2657/829/5 2174/460/5 2570/481/5 2728/900/5
f 2720/832/5 2554/472/5 2176/432/5 2659/833/5
f 2740/916/446 2738/915/446 2727/903/446 2712/902/446
f 2333/554/447 2661/853/447 2664/852/447 2334/551/447
f 2333/554/4 2361/612/4 2698/884/4 2661/853/4
f 2662/854/448 2697/885/448 2501/614/448 2496/613/448
f 2495/753/449 2663/855/449 2662/854/449 2496/613/449
f 2668/850/450 2493/539/450 2494/542/450 2665/851/450
f 2665/851/448 2494/542/448 2502/600/448 2677/861/448
f 2340/548/451 2667/849/451 2666/848/451 2339/549/451
f 2339/549/4 2666/848/4 2678/860/4 2429/590/4
f 2325/574/451 2669/857/451 2672/856/451 2326/573/451
f 2669/857/4 2325/574/4 2427/585/4 2679/863/4
f 2524/760/452 2670/858/452 2680/862/452 2530/586/452
f 2523/762/453 2671/859/453 2670/858/453 2524/760/453
f 2676/846/454 2521/535/454 2522/538/454 2673/847/454
f 2522/538/452 2529/689/452 2700/886/452 2673/847/452
f 2332/571/447 2675/845/447 2674/844/447 2331/572/447
f 2674/844/4 2699/887/4 2363/616/4 2331/572/4
f 2502/600/448 2503/693/448 2703/891/448 2677/861/448
f 2678/860/4 2704/890/4 2438/591/4 2429/590/4
f 2427/585/4 2440/584/4 2701/889/4 2679/863/4
f 2680/862/452 2702/888/452 2531/587/452 2530/586/452
f 2721/867/4 2682/866/4 2376/634/4 2563/686/4
f 2742/917/455 2740/916/455 2712/902/455 2719/835/455
f 2377/635/358 2376/634/358 2682/866/358 2707/895/358
f 2708/894/456 2681/865/456 2525/637/456 2532/636/456
f 2744/918/457 2742/917/457 2719/835/457 2660/834/457
f 2683/877/458 2692/876/458 2527/679/458 2526/678/458
f 2396/677/359 2405/665/359 2691/879/359 2684/878/359
f 2684/878/4 2729/907/4 2579/700/4 2396/677/4
f 2746/919/459 2744/918/459 2660/834/459 2515/763/459
f 2562/685/4 2380/641/4 2685/869/4 2724/868/4
f 2706/892/358 2685/869/358 2380/641/358 2381/640/358
f 2504/692/460 2497/751/460 2686/870/460 2705/893/460
f 2394/681/4 2578/705/4 2732/908/4 2687/873/4
f 2687/873/359 2690/872/359 2407/658/359 2394/681/359
f 2498/750/461 2499/661/461 2689/875/461 2688/874/461
f 2748/920/462 2746/919/462 2515/763/462 2144/396/462
f 2695/883/448 2689/875/448 2499/661/448 2500/660/448
f 2416/659/4 2407/658/4 2690/872/4 2696/882/4
f 2693/881/4 2691/879/4 2405/665/4 2418/664/4
f 2528/688/452 2527/679/452 2692/876/452 2694/880/452
f 2694/880/452 2700/886/452 2529/689/452 2528/688/452
f 2418/664/4 2363/616/4 2699/887/4 2693/881/4
f 2696/882/4 2698/884/4 2361/612/4 2416/659/4
f 2500/660/448 2501/614/448 2697/885/448 2695/883/448
f 2532/636/452 2531/587/452 2702/888/452 2708/894/452
f 2707/895/4 2701/889/4 2440/584/4 2377/635/4
f 2381/640/4 2438/591/4 2704/890/4 2706/892/4
f 2705/893/448 2703/891/448 2503/693/448 2504/692/448
f 2750/921/463 2748/920/463 2144/396/463 2492/395/463
f 2587/734/5 2725/899/5 2710/898/5 2457/735/5
f 2752/922/464 2750/921/464 2492/395/464 2618/768/464
f 2457/735/5 2710/898/5 2717/789/5 2539/424/5
f 2754/923/465 2752/922/465 2618/768/465 2718/788/465
f 2756/924/466 2754/923/466 2718/788/466 2709/897/466
f 2728/900/5 2570/481/5 2456/721/5 2711/901/5
f 2711/901/5 2456/721/5 2554/472/5 2720/832/5
f 2758/925/467 2756/924/467 2709/897/467 2726/896/467
f 2729/907/4 2714/906/4 2475/701/4 2579/700/4
f 2760/926/468 2758/925/468 2726/896/468 2615/793/468
f 2714/906/4 2721/867/4 2563/686/4 2475/701/4
f 2762/927/469 2760/926/469 2615/793/469 2491/759/469
f 2763/913/470 2762/927/470 2491/759/470 2143/365/470
f 2578/705/4 2474/704/4 2715/909/4 2732/908/4
f 2474/704/4 2562/685/4 2724/868/4 2715/909/4
f 2395/680/471 2498/750/471 2761/928/471 2764/929/471
f 2764/929/472 2761/928/472 2762/927/472 2763/913/472
f 2498/750/473 2688/874/473 2759/930/473 2761/928/473
f 2761/928/474 2759/930/474 2760/926/474 2762/927/474
f 2688/874/475 2731/911/475 2757/931/475 2759/930/475
f 2784/932/476 2785/933/476 2766/916/476 2765/934/476
f 2731/911/477 2716/910/477 2755/935/477 2757/931/477
f 2777/926/478 2779/930/478 2775/930/478 2776/926/478
f 2716/910/479 2723/871/479 2753/936/479 2755/935/479
f 2755/935/480 2753/936/480 2754/923/480 2756/924/480
f 2723/871/481 2686/870/481 2751/937/481 2753/936/481
f 2753/936/482 2751/937/482 2752/922/482 2754/923/482
f 2686/870/483 2497/751/483 2749/938/483 2751/937/483
f 2751/937/484 2749/938/484 2750/921/484 2752/922/484
f 2497/751/485 2378/638/485 2747/939/485 2749/938/485
f 2749/938/486 2747/939/486 2748/920/486 2750/921/486
f 2378/638/487 2525/637/487 2745/940/487 2747/939/487
f 2747/939/488 2745/940/488 2746/919/488 2748/920/488
f 2525/637/489 2681/865/489 2743/941/489 2745/940/489
f 2745/940/490 2743/941/490 2744/918/490 2746/919/490
f 2681/865/491 2722/864/491 2741/942/491 2743/941/491
f 2778/925/492 2777/926/492 2776/926/492 2774/925/492
f 2722/864/493 2713/905/493 2739/934/493 2741/942/493
f 2783/943/494 2784/932/494 2765/934/494 2767/942/494
f 2713/905/495 2730/904/495 2737/944/495 2739/934/495
f 2739/934/496 2737/944/496 2738/915/496 2740/916/496
f 2730/904/497 2683/877/497 2735/945/497 2737/944/497
f 2737/944/498 2735/945/498 2736/914/498 2738/915/498
f 2683/877/499 2526/678/499 2733/946/499 2735/945/499
f 2735/945/500 2733/946/500 2734/912/500 2736/914/500
f 2526/678/501 2395/680/501 2764/929/501 2733/946/501
f 2733/946/502 2764/929/502 2763/913/502 2734/912/502
f 2775/930/503 2773/931/503 2774/925/503 2776/926/503
f 2773/931/504 2771/935/504 2772/924/504 2774/925/504
f 2769/941/505 2767/942/505 2768/917/505 2770/918/505
f 2767/942/506 2765/934/506 2766/916/506 2768/917/506
f 2785/933/507 2786/947/507 2768/917/507 2766/916/507
f 2781/948/508 2780/935/508 2771/935/508 2773/931/508
f 2788/949/509 2787/941/509 2769/941/509 2770/918/509
f 2787/941/510 2783/943/510 2767/942/510 2769/941/510
f 2782/950/511 2778/925/511 2774/925/511 2772/924/511
f 2786/947/512 2788/949/512 2770/918/512 2768/917/512
f 2779/930/513 2781/948/513 2773/931/513 2775/930/513
f 2780/935/514 2782/950/514 2772/924/514 2771/935/514
f 2755/935/515 2756/924/515 2782/950/515 2780/935/515
f 2759/930/516 2757/931/516 2781/948/516 2779/930/516
f 2756/924/517 2758/925/517 2778/925/517 2782/950/517
f 2757/931/518 2755/935/518 2780/935/518 2781/948/518
f 2758/925/519 2760/926/519 2777/926/519 2778/925/519
f 2760/926/520 2759/930/520 2779/930/520 2777/926/520
f 2742/917/521 2744/918/521 2788/949/521 2786/947/521
f 2743/941/522 2741/942/522 2783/943/522 2787/941/522
f 2744/918/523 2743/941/523 2787/941/523 2788/949/523
f 2740/916/524 2742/917/524 2786/947/524 2785/933/524
f 2741/942/525 2739/934/525 2784/932/525 2783/943/525
f 2739/934/526 2740/916/526 2785/933/526 2784/932/526
