# Blender 5.2.1 LTS
# www.blender.org
mtllib FacilityCore.mtl
o FacilityCore
v 1.788635 3.318403 -1.787716
v 0.000000 2.699018 2.868273
v 1.788635 2.697217 1.735206
v 0.968002 3.413619 -2.327714
v 0.000000 3.447055 -2.517337
v 0.000000 3.707748 -2.851864
v 0.890492 3.669360 -2.727375
v 2.336964 2.839718 0.927041
v 2.529512 3.007810 -0.026255
v 2.336964 3.175901 -0.979551
v 1.111399 2.737510 2.650629
v 0.000000 2.568486 2.464776
v 0.968003 2.602000 2.275204
v 2.053597 3.560039 -2.014159
v 2.683154 3.396427 -1.086275
v 2.683154 3.010443 1.102753
v 0.000000 2.758669 2.498304
v 2.053598 2.846832 2.030637
v 2.683154 3.195373 -1.121726
v 2.053597 3.358984 -2.049610
v 2.529512 3.198006 0.007281
v 2.336964 3.029914 0.960577
v 1.182364 2.289702 2.849881
v 2.053598 2.645777 1.995185
v 0.000000 3.637251 -2.483800
v 0.968002 3.603816 -2.294178
v 0.890492 3.468306 -2.762826
v 0.000000 3.506694 -2.887315
v 2.683154 2.809388 1.067301
v 1.788635 2.887413 1.768742
v 0.968002 2.792197 2.308741
v 0.000000 2.351178 3.220522
v 1.788635 3.508599 -1.754179
v 2.336964 3.366098 -0.946014
v 2.433238 2.923764 0.450393
v 2.793689 2.905885 0.520045
v 2.433238 3.113960 0.483929
v 2.433238 3.091856 -0.502903
v 2.793689 3.098877 -0.574469
v 2.433238 3.282052 -0.469366
v 3.578327 2.937883 0.338575
v 3.706367 3.002381 -0.027213
v 3.578327 3.066879 -0.393000
v 3.159834 3.092145 -0.529172
v 3.159834 2.915051 0.475177
v 2.793690 3.106939 0.555496
v 2.670964 3.203435 0.008239
v 2.793690 3.299931 -0.539018
v 3.578327 3.138937 0.374026
v 3.706367 3.203435 0.008239
v 3.578327 3.267933 -0.357548
v 3.153478 3.293005 -0.493756
v 3.153477 3.115911 0.510594
v 2.796705 3.203517 0.008254
v 2.904646 3.158266 0.264887
v 2.904646 3.248769 -0.248380
v 3.425831 3.158266 0.264887
v 3.533772 3.203517 0.008253
v 3.425831 3.248768 -0.248381
v 3.165238 3.267512 -0.354682
v 3.165239 3.139522 0.371188
v 2.963615 3.249277 0.218164
v 2.904646 3.238591 0.279051
v 2.796705 3.283842 0.022417
v 2.881277 3.283479 0.022353
v 2.904646 3.329094 -0.234217
v 2.963615 3.318311 -0.173347
v 3.425832 3.238590 0.279050
v 3.359533 3.249559 0.216628
v 3.441224 3.283507 0.022357
v 3.533772 3.283842 0.022416
v 3.359533 3.318050 -0.171808
v 3.425832 3.329093 -0.234217
v 3.165239 3.347837 -0.340519
v 3.149639 3.331799 -0.253400
v 3.165239 3.219847 0.385352
v 3.149640 3.234572 0.298002
v 3.151736 3.281490 0.022002
v 3.080396 0.002314 2.612012
v 4.024732 0.002307 1.667098
v 4.024732 0.002285 -1.667098
v 3.080396 0.002276 -3.080396
v 1.667099 0.002323 4.024730
v 1.335738 0.002270 -4.117954
v 0.000000 0.002267 -4.356337
v 4.190535 0.002302 0.833548
v 4.190535 0.002291 -0.833549
v 0.000000 0.002352 3.887970
v 4.595187 0.002300 0.557144
v 4.759611 0.002296 -0.000000
v 4.595186 0.002293 -0.557145
v 4.351043 0.002291 -0.764883
v 4.351042 0.002301 0.764881
v 1.442537 1.449128 3.466080
v 3.492111 1.633842 0.676797
v 0.000000 1.965076 3.594360
v 0.000000 1.934247 -3.621826
v 3.782771 1.727900 -0.647027
v 3.492112 1.730338 -0.704009
v 2.566997 1.860392 -2.565003
v 1.113115 1.915053 -3.440390
v 3.782772 1.639353 0.620029
v 4.159592 1.649841 0.447860
v 4.159592 1.714339 -0.475072
v 4.308431 1.682090 -0.013606
v 3.353943 1.585594 1.367200
v 3.353943 1.778586 -1.394412
v 2.566997 2.039018 2.537790
v 0.484002 2.585282 2.370016
v 0.159189 2.310670 3.270146
v 0.484002 2.775479 2.403553
v 0.555700 2.718316 2.759485
v 0.833550 0.002323 4.053134
v 0.157945 2.102409 3.493856
v 1.378319 2.649608 2.005205
v 1.340080 2.195707 2.867389
v 1.582498 2.792171 2.340633
v 1.378319 2.839805 2.038742
v 2.373747 0.002319 3.415164
v 1.389602 1.961813 3.037833
v 2.062800 2.768467 1.331123
v 2.368376 2.928637 1.566695
v 2.368376 2.727583 1.531244
v 2.062800 2.958664 1.364660
v 3.552564 0.002311 2.236347
v 2.957752 1.882575 1.956588
v 0.000000 0.966593 -3.989082
v 3.841323 0.864638 -0.768780
v 1.224427 0.956995 -3.779172
v 4.377389 0.824390 0.502502
v 4.377389 0.856639 -0.516109
v 3.841323 0.816390 0.755173
v 4.066907 0.864346 -0.705955
v 2.823696 0.929665 -2.822699
v 4.066906 0.820073 0.692455
v 4.534020 0.840514 -0.006803
v 3.689338 0.888762 -1.530755
v 3.666718 1.225116 0.715984
v 3.924839 1.296123 -0.676491
v 2.695346 1.395028 -2.693851
v 3.924839 1.229713 0.656242
v 4.421226 1.261302 -0.010205
v 3.521640 1.333674 -1.462584
v 0.000000 1.629906 3.276031
v 0.000000 1.450420 -3.805454
v 3.666718 1.297488 -0.736394
v 1.168771 1.436024 -3.609782
v 4.268491 1.237115 0.475180
v 4.268491 1.285489 -0.495591
v 0.000000 0.483853 -4.172297
v 4.015536 0.432761 -0.801091
v 1.279957 0.479043 -3.948182
v 4.486043 0.412592 0.529762
v 4.486043 0.428752 -0.536581
v 4.015537 0.408583 0.794273
v 4.208655 0.433540 -0.735352
v 2.951758 0.465348 -2.951258
v 4.208654 0.411353 0.728587
v 4.646563 0.420672 -0.003410
v 3.856658 0.444850 -1.598774
v 2.831114 0.195307 2.530736
v 0.714710 1.248896 3.375318
v 0.863811 0.874105 3.482184
v 2.034543 1.292582 2.814496
v 2.006822 0.887665 3.000910
v 3.056736 1.325608 1.811366
v 3.251152 0.977979 1.762155
v 2.463531 1.689585 2.269970
v 0.664862 0.446793 3.610395
v 2.250338 0.454001 2.943747
v 3.225150 0.508684 1.982376
v 0.000000 0.181369 3.711078
v 0.000000 1.566653 3.447051
v 2.902106 0.341825 2.612927
v 0.557997 1.444412 3.483596
v 0.763687 0.926114 3.639342
v 2.223222 1.483717 2.797058
v 2.191227 0.943643 3.050117
v 3.005214 1.540533 2.020340
v 3.297131 1.023993 1.951671
v 3.219314 1.018338 2.028963
v 0.653910 0.929219 3.638417
v 2.269044 0.949297 2.972824
v 2.586252 1.625811 2.388860
v 0.000000 1.671805 3.415470
v 2.560387 1.730957 2.370511
v 0.000000 0.328419 3.818937
v 0.526438 0.420341 3.791356
v 2.483143 0.427103 2.981447
v 3.265136 0.483918 2.204729
v 2.927971 0.236679 2.631277
v 0.000000 0.223267 3.850518
v 0.478084 1.372267 3.505282
v 2.296537 1.413365 2.755379
v 2.968479 1.462185 2.087969
v 0.451106 0.496877 3.768360
v 2.519878 0.505451 2.913819
v 3.191821 0.554271 2.246408
v 0.000000 1.480643 3.623732
v 2.998215 0.382877 2.712691
v 3.299751 0.696386 3.748388
v 3.221005 1.052530 2.222509
v 0.520723 0.991950 3.775663
v 2.365153 0.990349 3.072588
v 2.682361 1.666863 2.488625
v 0.000000 0.369994 3.957300
v 0.381131 1.326314 3.669965
v 2.481599 1.369056 2.804574
v 3.020017 1.408174 2.269789
v 0.359712 0.631323 3.878828
v 2.660559 0.641566 2.931527
v 3.198976 0.680684 2.396742
v 0.478093 1.413851 3.643651
v 0.653920 0.991898 3.776786
v 2.392645 1.454417 2.855144
v 2.459571 0.997210 2.978806
v 3.064589 1.503237 2.187732
v 3.315423 1.059390 2.128727
v 0.000000 1.608227 3.585414
v 2.713743 1.539285 2.510888
v 0.451115 0.538460 3.906729
v 2.615987 0.546504 3.013583
v 3.287930 0.595323 2.346172
v 2.966831 0.510455 2.690428
v 0.000000 0.497579 3.918981
v 0.000000 0.002061 4.244317
v 0.533372 0.002065 4.464139
v 0.756668 0.002065 4.998309
v 0.536832 0.002065 5.533914
v 0.000000 0.002067 5.757203
v 0.000000 0.147127 4.353837
v 0.533372 0.147223 4.463836
v 0.756668 0.147669 4.998006
v 0.646843 0.147669 4.998361
v 0.000000 0.147035 4.244014
v 0.000000 0.148213 5.647077
v 0.536832 0.148116 5.533610
v 0.000000 0.148305 5.756899
v 0.455967 0.147288 4.541746
v 0.458924 0.148052 5.456204
v 0.000000 0.292220 4.486789
v 0.513588 0.292151 4.998491
v 0.000000 0.292060 5.646776
v 0.362049 0.292202 4.635975
v 0.364396 0.292099 5.361982
v 0.455967 0.292216 4.541445
v 0.646842 0.292151 4.998060
v 0.000000 0.292238 4.353536
v 0.458924 0.292086 5.455903
v 0.000000 0.292078 5.513523
v 3.281786 0.002065 2.949983
v 3.044533 0.002065 3.478119
v 3.250210 0.002065 4.019319
v 3.822991 0.002065 2.744286
v 4.351116 0.002065 2.981522
v 3.778335 0.002065 4.256555
v 4.556794 0.002065 3.522722
v 4.319540 0.002065 4.050858
v 3.356911 0.147131 3.029676
v 3.044325 0.147225 3.477898
v 3.250002 0.147673 4.019097
v 3.822783 0.147223 2.744064
v 4.350908 0.147669 2.981300
v 4.270993 0.147669 3.056634
v 3.329918 0.147672 3.943764
v 3.281578 0.147039 2.949761
v 4.243999 0.148211 3.970722
v 3.778128 0.148119 4.256333
v 4.556586 0.148116 3.522500
v 4.319333 0.148303 4.050636
v 3.154102 0.147290 3.481139
v 3.819545 0.147288 2.853841
v 3.781367 0.148054 4.146557
v 4.446810 0.148052 3.519259
v 3.448109 0.292223 3.126419
v 3.392445 0.522569 3.826506
v 4.173823 0.292151 3.147819
v 3.426676 0.292150 3.852139
v 4.243794 0.292059 3.970502
v 3.287092 0.292202 3.484851
v 3.815409 0.292202 2.986818
v 3.785090 0.292099 4.013141
v 4.313408 0.292099 3.515108
v 3.153896 0.292215 3.480919
v 3.329712 0.292150 3.943544
v 3.819339 0.292216 2.853621
v 4.270787 0.292151 3.056414
v 3.356705 0.292242 3.029457
v 3.781161 0.292085 4.146338
v 4.446604 0.292086 3.519040
v 4.152390 0.292077 3.873539
v 0.000000 0.546796 3.988191
v 0.000000 0.532344 4.106951
v 0.000000 0.488296 4.246883
v 0.000000 0.422319 4.373076
v 0.000000 0.355361 4.456878
v 0.000000 0.321202 4.486004
v 0.360170 0.687861 3.986942
v 0.360319 0.671580 4.137131
v 0.360304 0.620586 4.303330
v 0.360327 0.542263 4.454896
v 0.360578 0.453481 4.565794
v 0.361175 0.380172 4.621749
v 0.519738 1.061194 3.986493
v 0.518485 1.034416 4.217156
v 0.517119 0.960603 4.448625
v 0.515792 0.846601 4.661716
v 0.514659 0.699381 4.837121
v 0.513874 0.526174 4.955613
v 0.378722 1.413556 3.977258
v 0.376071 1.381994 4.285859
v 0.373339 1.290626 4.582480
v 0.370639 1.145611 4.858521
v 0.368091 0.943797 5.101133
v 0.365885 0.672941 5.286078
v 0.000000 1.573186 3.974619
v 0.000000 1.537060 4.317387
v 0.000000 1.435877 4.641741
v 0.000000 1.275559 4.943944
v 0.000000 1.048741 5.213993
v 0.000000 0.735215 5.425518
v 3.161070 0.847270 3.627870
v 2.991794 0.965339 3.477598
v 2.807974 1.042089 3.310787
v 2.625288 1.069574 3.140246
v 2.752637 0.700815 3.018759
v 2.876686 0.683712 3.132835
v 3.012512 0.629725 3.254806
v 3.136328 0.547150 3.363458
v 3.227208 0.454195 3.440832
v 3.273622 0.379116 3.477591
v 3.024002 0.564428 2.745394
v 3.121008 0.552593 2.836276
v 3.235707 0.508796 2.941319
v 3.340707 0.440806 3.035541
v 3.413054 0.369849 3.098968
v 3.442405 0.329988 3.123257
v 3.280420 0.740312 2.480287
v 3.397818 0.725545 2.594833
v 3.530628 0.673396 2.720778
v 3.654486 0.590536 2.836213
v 3.748421 0.492762 2.923064
v 3.799922 0.403967 2.971077
v 3.371681 1.125431 2.378733
v 3.544963 1.101249 2.549941
v 3.724516 1.027098 2.722371
v 3.893852 0.908626 2.882237
v 4.036852 0.750926 3.016159
v 4.136740 0.557713 3.110190
v 3.244332 1.494190 2.500220
v 3.476250 1.459627 2.727894
v 3.703796 1.362711 2.945163
v 3.918595 1.208745 3.146649
v 4.109394 0.993117 3.323715
v 4.255563 0.701166 3.459105
v 2.972967 1.630577 2.773585
v 3.231929 1.590746 3.024454
v 3.480603 1.483640 3.258650
v 3.714216 1.315090 3.474566
v 3.923550 1.077463 3.665579
v 4.086782 0.750294 3.813438
v 2.716550 1.454693 3.038693
v 2.955118 1.417794 3.265895
v 3.185682 1.319041 3.479192
v 3.400436 1.165360 3.673894
v 3.588182 0.954551 3.841484
v 3.729263 0.676315 3.965619
v 1.646096 0.719729 3.492664
v 1.321304 0.719612 3.608905
v 3.500784 0.807268 1.627159
v 3.712263 0.795905 1.402212
v 3.544632 1.194665 1.327085
v 3.355870 1.168287 1.567400
v 3.476989 1.407920 1.422211
v 1.588539 1.055145 3.336539
v 1.256499 1.055970 3.456802
v 1.438946 1.303118 3.446011
v 1.376230 0.437262 3.743765
v 1.697777 0.439136 3.628065
v 1.617391 0.259345 3.898646
v 3.634473 0.483032 1.683210
v 3.879522 0.398233 1.477162
v 3.901623 0.291037 1.612058
v 0.557988 1.402506 3.344151
v 0.763677 0.884207 3.499897
v 2.126366 1.442346 2.696517
v 2.094371 0.902272 2.949576
v 2.908358 1.499161 1.919799
v 3.200275 0.982621 1.851131
v 0.526428 0.378434 3.651911
v 2.386286 0.385732 2.880907
v 3.168279 0.442547 2.104189
v 1.540030 1.129912 3.398754
v 1.605017 0.748223 3.574250
v 1.404788 0.749884 3.644510
v 1.332113 1.130984 3.474784
v 3.760262 0.402943 1.663685
v 3.584553 0.833051 1.588706
v 3.421821 1.239424 1.519913
v 1.673302 0.364553 3.755167
v 1.479003 0.364085 3.826434
v 1.345138 0.655241 3.440549
v 0.884408 0.812320 3.312438
v 1.882068 0.824813 2.884542
v 1.519672 0.655875 3.378668
v 3.135356 0.917927 1.635504
v 3.390602 0.746526 1.495912
v 0.730383 1.191097 3.203652
v 1.913161 1.231744 2.693580
v 2.936470 1.266193 1.688642
v 0.692481 0.379430 3.443797
v 2.121413 0.388637 2.833469
v 3.118614 0.447557 1.848327
v 1.467157 0.994307 3.215623
v 1.272171 0.998170 3.285136
v 3.527938 0.421905 1.549161
v 3.235603 1.108872 1.444676
v 1.568851 0.373772 3.517787
v 1.403848 0.369900 3.577166
v 0.000000 1.797491 3.435195
v 0.626306 1.589960 3.400717
v 2.515264 1.864302 2.403880
v 2.051514 1.628344 2.812695
v 2.933055 1.690868 1.938193
v 2.380017 0.194026 3.148035
v 3.360421 0.222429 2.170268
v 2.955755 0.098811 2.571374
v 0.000000 0.091860 3.799524
v 0.679989 0.190379 3.852522
v 3.579415 1.429479 0.696391
v 3.853805 1.512011 -0.661759
v 2.631172 1.627710 -2.629427
v 3.853806 1.434533 0.638135
v 4.364828 1.471696 -0.011906
v 3.437792 1.556130 -1.428498
v 0.000000 1.692333 -3.713640
v 3.579415 1.513913 -0.720202
v 1.140943 1.675538 -3.525086
v 4.214041 1.443478 0.461520
v 4.214041 1.499914 -0.485331
v 0.000000 0.243060 -4.264317
v 4.103035 0.217526 -0.817320
v 1.307848 0.240656 -4.033068
v 4.540615 0.207446 0.543453
v 4.540615 0.215523 -0.546863
v 4.103036 0.205443 0.813910
v 4.279849 0.217916 -0.750118
v 3.016077 0.233812 -3.015827
v 4.279848 0.206827 0.746734
v 4.703087 0.211484 -0.001705
v 3.940695 0.223568 -1.632936
v 0.000000 2.497978 2.832832
v 1.111827 1.971937 3.132432
v 0.000000 2.022004 3.574088
v 1.062306 2.205832 2.961987
v 3.142900 2.269863 0.598421
v 3.471303 2.410022 -0.588100
v 2.310297 2.609688 -2.307307
v 3.471303 2.277202 0.547603
v 4.007399 2.342236 -0.020410
v 3.018549 2.197491 1.217251
v 3.018548 2.486979 -1.258069
v 2.310297 2.342398 2.266488
v 0.000000 2.336392 3.503467
v 1.295072 2.060856 3.167092
v 1.275279 2.197265 3.133188
v 0.000000 2.720470 -3.254571
v 3.142901 2.414608 -0.639239
v 1.001804 2.691679 -3.101608
v 3.868959 2.293862 0.393217
v 3.868959 2.390609 -0.434036
v 0.981450 2.092734 3.083179
v 1.470458 2.074910 2.916642
v 2.663064 2.305079 1.743916
v 0.221845 2.207626 3.383365
v 2.056685 3.562299 -3.291868
v 2.082582 3.380205 -3.365236
v 1.127994 3.480455 -3.560262
v 1.102096 3.662549 -3.486894
v 2.316071 2.613915 -3.588947
v 1.644099 0.249303 -4.823500
v 1.683104 0.013988 -4.914528
v 3.088067 0.007893 -4.364816
v 2.616955 1.617302 -3.881800
v 2.549559 1.847625 -3.812659
v 1.248888 2.690628 -3.872645
v 1.369782 1.900800 -4.185028
v 1.448278 1.428385 -4.367646
v 1.526775 0.955971 -4.550263
v 2.953635 0.466722 -4.227195
v 2.819145 0.926333 -4.089223
v 2.684352 1.386979 -3.950941
v 1.409030 1.664593 -4.276337
v 1.605094 0.484618 -4.732471
v 3.020851 0.237308 -4.296005
v 1.378318 3.366011 -2.057715
v 1.582498 3.614699 -2.324155
v 1.378319 3.556207 -2.024179
v 1.605288 3.430330 -3.703351
v 1.579391 3.612424 -3.629983
v 2.385586 0.010940 -4.880274
v 1.959670 1.874212 -4.239445
v 2.172960 0.941152 -4.560345
v 2.066315 1.407682 -4.399895
v 2.279365 0.475670 -4.720435
v 2.012992 1.640947 -4.319670
v 2.332475 0.243305 -4.800354
v 1.782479 2.652271 -3.971398
v 1.362386 0.481831 -4.293715
v 1.299586 0.956483 -4.118106
v 2.112661 3.561169 -2.653013
v 2.125973 3.369595 -2.707423
v 2.765134 1.391004 -3.322396
v 2.900388 0.927999 -3.455961
v 0.952645 3.474380 -3.114933
v 0.941628 3.665955 -3.060523
v 1.236643 1.432205 -3.942102
v 1.205172 1.670066 -3.854099
v 3.035338 0.466035 -3.589226
v 2.629880 1.854008 -3.188831
v 2.377926 2.611801 -2.948127
v 1.393787 0.244980 -4.381672
v 1.425188 0.008129 -4.469629
v 3.102946 0.235560 -3.655916
v 1.063173 2.691153 -3.440515
v 3.170554 0.005084 -3.722606
v 1.173701 1.907926 -3.766097
v 2.697507 1.622506 -3.255613
v 1.580944 3.613562 -2.977069
v 0.555700 2.517262 2.724034
v 1.111399 2.536456 2.615178
v 1.976662 1.814342 2.928871
v 1.269544 1.877942 3.149940
v 0.694624 1.777414 3.457284
v 0.625162 2.147338 3.090659
v 1.582498 2.591117 2.305182
v 1.779580 2.202729 2.617027
v 0.000000 2.385799 3.183306
v 0.193728 2.078522 3.520926
v 0.000000 2.056652 3.536896
v 0.195265 2.335764 3.244601
v 0.272656 2.208486 3.384448
v 1.022241 2.235703 2.952703
v 1.190937 2.249210 2.879388
v 1.429667 1.931942 3.047118
v 1.260971 1.918434 3.120433
v 1.083886 1.944545 3.164877
v 1.029538 2.090981 3.066802
v 1.368022 2.223099 2.834944
v 1.422370 2.076663 2.933019
v 1.278499 1.956668 3.167807
v 0.000000 2.102998 3.580053
v 1.208465 2.287444 2.926763
v 0.000000 2.397545 3.263656
v 1.439898 2.114897 2.980394
v 0.220134 2.253983 3.426511
v 1.047065 2.129215 3.114177
v 0.156234 2.148755 3.537014
v 0.157478 2.357037 3.313280
v 1.079834 2.244066 3.009362
v 1.407129 2.000047 3.085208
v 1.129355 2.010172 3.179807
v 1.357608 2.233941 2.914764
v 0.000000 2.213836 3.557134
v 1.253052 2.259322 3.022466
v 0.000000 2.390587 3.367271
v 1.391912 2.155794 3.054644
v 0.130572 2.304439 3.464997
v 1.156212 2.164385 3.134914
v 0.092232 2.241291 3.531310
v 0.092978 2.366282 3.397046
v 1.175873 2.233295 3.072025
v 1.372250 2.086884 3.117532
v 1.205586 2.092958 3.174292
v 1.342538 2.227220 3.015266
v -1.788635 3.318403 -1.787716
v -1.788635 2.697217 1.735206
v -0.968002 3.413619 -2.327714
v -0.890492 3.669360 -2.727375
v -2.336964 2.839718 0.927041
v -2.529512 3.007810 -0.026255
v -2.336964 3.175901 -0.979551
v -1.111399 2.737510 2.650629
v -0.968003 2.602000 2.275204
v -2.053597 3.560039 -2.014159
v -2.683154 3.396427 -1.086275
v -2.683154 3.010443 1.102753
v -2.053598 2.846832 2.030637
v -2.683154 3.195373 -1.121726
v -2.053597 3.358984 -2.049610
v -2.529512 3.198006 0.007281
v -2.336964 3.029914 0.960577
v -1.182364 2.289702 2.849881
v -2.053598 2.645777 1.995185
v -0.968002 3.603816 -2.294178
v -0.890492 3.468306 -2.762826
v -2.683154 2.809388 1.067301
v -1.788635 2.887413 1.768742
v -0.968002 2.792197 2.308741
v -1.788635 3.508599 -1.754179
v -2.336964 3.366098 -0.946014
v -2.433238 2.923764 0.450393
v -2.793689 2.905885 0.520045
v -2.433238 3.113960 0.483929
v -2.433238 3.091856 -0.502903
v -2.793689 3.098877 -0.574469
v -2.433238 3.282052 -0.469366
v -3.578327 2.937883 0.338575
v -3.706367 3.002381 -0.027213
v -3.578327 3.066879 -0.393000
v -3.159834 3.092145 -0.529172
v -3.159834 2.915051 0.475177
v -2.793690 3.106939 0.555496
v -2.670964 3.203435 0.008239
v -2.793690 3.299931 -0.539018
v -3.578327 3.138937 0.374026
v -3.706367 3.203435 0.008239
v -3.578327 3.267933 -0.357548
v -3.153478 3.293005 -0.493756
v -3.153477 3.115911 0.510594
v -2.796705 3.203517 0.008254
v -2.904646 3.158266 0.264887
v -2.904646 3.248769 -0.248380
v -3.425831 3.158266 0.264887
v -3.533772 3.203517 0.008253
v -3.425831 3.248768 -0.248381
v -3.165238 3.267512 -0.354682
v -3.165239 3.139522 0.371188
v -2.963615 3.249277 0.218164
v -2.904646 3.238591 0.279051
v -2.796705 3.283842 0.022417
v -2.881277 3.283479 0.022353
v -2.904646 3.329094 -0.234217
v -2.963615 3.318311 -0.173347
v -3.425832 3.238590 0.279050
v -3.359533 3.249559 0.216628
v -3.441224 3.283507 0.022357
v -3.533772 3.283842 0.022416
v -3.359533 3.318050 -0.171808
v -3.425832 3.329093 -0.234217
v -3.165239 3.347837 -0.340519
v -3.149639 3.331799 -0.253400
v -3.165239 3.219847 0.385352
v -3.149640 3.234572 0.298002
v -3.151736 3.281490 0.022002
v -3.080396 0.002314 2.612012
v -4.024732 0.002307 1.667098
v -4.024732 0.002285 -1.667098
v -3.080396 0.002276 -3.080396
v -1.667099 0.002323 4.024730
v -1.335738 0.002270 -4.117954
v -4.190535 0.002302 0.833548
v -4.190535 0.002291 -0.833549
v -4.595187 0.002300 0.557144
v -4.759611 0.002296 -0.000000
v -4.595186 0.002293 -0.557145
v -4.351043 0.002291 -0.764883
v -4.351042 0.002301 0.764881
v -1.442537 1.449128 3.466080
v -3.492111 1.633842 0.676797
v -3.782771 1.727900 -0.647027
v -3.492112 1.730338 -0.704009
v -2.566997 1.860392 -2.565003
v -1.113115 1.915053 -3.440390
v -3.782772 1.639353 0.620029
v -4.159592 1.649841 0.447860
v -4.159592 1.714339 -0.475072
v -4.308431 1.682090 -0.013606
v -3.353943 1.585594 1.367200
v -3.353943 1.778586 -1.394412
v -2.566997 2.039018 2.537790
v -0.484002 2.585282 2.370016
v -0.159189 2.310670 3.270146
v -0.484002 2.775479 2.403553
v -0.555700 2.718316 2.759485
v -0.833550 0.002323 4.053134
v -0.157945 2.102409 3.493856
v -1.378319 2.649608 2.005205
v -1.340080 2.195707 2.867389
v -1.582498 2.792171 2.340633
v -1.378319 2.839805 2.038742
v -2.373747 0.002319 3.415164
v -1.389602 1.961813 3.037833
v -2.062800 2.768467 1.331123
v -2.368376 2.928637 1.566695
v -2.368376 2.727583 1.531244
v -2.062800 2.958664 1.364660
v -3.552564 0.002311 2.236347
v -2.957752 1.882575 1.956588
v -3.841323 0.864638 -0.768780
v -1.224427 0.956995 -3.779172
v -4.377389 0.824390 0.502502
v -4.377389 0.856639 -0.516109
v -3.841323 0.816390 0.755173
v -4.066907 0.864346 -0.705955
v -2.823696 0.929665 -2.822699
v -4.066906 0.820073 0.692455
v -4.534020 0.840514 -0.006803
v -3.689338 0.888762 -1.530755
v -3.666718 1.225116 0.715984
v -3.924839 1.296123 -0.676491
v -2.695346 1.395028 -2.693851
v -3.924839 1.229713 0.656242
v -4.421226 1.261302 -0.010205
v -3.521640 1.333674 -1.462584
v -3.666718 1.297488 -0.736394
v -1.168771 1.436024 -3.609782
v -4.268491 1.237115 0.475180
v -4.268491 1.285489 -0.495591
v -4.015536 0.432761 -0.801091
v -1.279957 0.479043 -3.948182
v -4.486043 0.412592 0.529762
v -4.486043 0.428752 -0.536581
v -4.015537 0.408583 0.794273
v -4.208655 0.433540 -0.735352
v -2.951758 0.465348 -2.951258
v -4.208654 0.411353 0.728587
v -4.646563 0.420672 -0.003410
v -3.856658 0.444850 -1.598774
v -2.831114 0.195307 2.530736
v -0.714710 1.248896 3.375318
v -0.863811 0.874105 3.482184
v -2.034543 1.292582 2.814496
v -2.006822 0.887665 3.000910
v -3.056736 1.325608 1.811366
v -3.251152 0.977979 1.762155
v -2.463531 1.689585 2.269970
v -0.664862 0.446793 3.610395
v -2.250338 0.454001 2.943747
v -3.225150 0.508684 1.982376
v -2.902106 0.341825 2.612927
v -0.557997 1.444412 3.483596
v -0.763687 0.926114 3.639342
v -2.223222 1.483717 2.797058
v -2.191227 0.943643 3.050117
v -3.005214 1.540533 2.020340
v -3.297131 1.023993 1.951671
v -3.219314 1.018338 2.028963
v -0.653910 0.929219 3.638417
v -2.269044 0.949297 2.972824
v -2.586252 1.625811 2.388860
v -2.560387 1.730957 2.370511
v -0.526438 0.420341 3.791356
v -2.483143 0.427103 2.981447
v -3.265136 0.483918 2.204729
v -2.927971 0.236679 2.631277
v -0.478084 1.372267 3.505282
v -2.296537 1.413365 2.755379
v -2.968479 1.462185 2.087969
v -0.451106 0.496877 3.768360
v -2.519878 0.505451 2.913819
v -3.191821 0.554271 2.246408
v -2.998215 0.382877 2.712691
v -3.299751 0.696386 3.748388
v -3.221005 1.052530 2.222509
v -0.520723 0.991950 3.775663
v -2.365153 0.990349 3.072588
v -2.682361 1.666863 2.488625
v -0.381131 1.326314 3.669965
v -2.481599 1.369056 2.804574
v -3.020017 1.408174 2.269789
v -0.359712 0.631323 3.878828
v -2.660559 0.641566 2.931527
v -3.198976 0.680684 2.396742
v -0.478093 1.413851 3.643651
v -0.653920 0.991898 3.776786
v -2.392645 1.454417 2.855144
v -2.459571 0.997210 2.978806
v -3.064589 1.503237 2.187732
v -3.315423 1.059390 2.128727
v -2.713743 1.539285 2.510888
v -0.451115 0.538460 3.906729
v -2.615987 0.546504 3.013583
v -3.287930 0.595323 2.346172
v -2.966831 0.510455 2.690428
v -0.533372 0.002065 4.464139
v -0.756668 0.002065 4.998309
v -0.536832 0.002065 5.533914
v -0.533372 0.147223 4.463836
v -0.756668 0.147669 4.998006
v -0.646843 0.147669 4.998361
v -0.536832 0.148116 5.533610
v -0.455967 0.147288 4.541746
v -0.458924 0.148052 5.456204
v -0.513588 0.292151 4.998491
v -0.362049 0.292202 4.635975
v -0.364396 0.292099 5.361982
v -0.455967 0.292216 4.541445
v -0.646842 0.292151 4.998060
v -0.458924 0.292086 5.455903
v -3.281786 0.002065 2.949983
v -3.044533 0.002065 3.478119
v -3.250210 0.002065 4.019319
v -3.822991 0.002065 2.744286
v -4.351116 0.002065 2.981522
v -3.778335 0.002065 4.256555
v -4.556794 0.002065 3.522722
v -4.319540 0.002065 4.050858
v -3.356911 0.147131 3.029676
v -3.044325 0.147225 3.477898
v -3.250002 0.147673 4.019097
v -3.822783 0.147223 2.744064
v -4.350908 0.147669 2.981300
v -4.270993 0.147669 3.056634
v -3.329918 0.147672 3.943764
v -3.281578 0.147039 2.949761
v -4.243999 0.148211 3.970722
v -3.778128 0.148119 4.256333
v -4.556586 0.148116 3.522500
v -4.319333 0.148303 4.050636
v -3.154102 0.147290 3.481139
v -3.819545 0.147288 2.853841
v -3.781367 0.148054 4.146557
v -4.446810 0.148052 3.519259
v -3.448109 0.292223 3.126419
v -3.392445 0.522569 3.826506
v -4.173823 0.292151 3.147819
v -3.426676 0.292150 3.852139
v -4.243794 0.292059 3.970502
v -3.287092 0.292202 3.484851
v -3.815409 0.292202 2.986818
v -3.785090 0.292099 4.013141
v -4.313408 0.292099 3.515108
v -3.153896 0.292215 3.480919
v -3.329712 0.292150 3.943544
v -3.819339 0.292216 2.853621
v -4.270787 0.292151 3.056414
v -3.356705 0.292242 3.029457
v -3.781161 0.292085 4.146338
v -4.446604 0.292086 3.519040
v -4.152390 0.292077 3.873539
v -0.360170 0.687861 3.986942
v -0.360319 0.671580 4.137131
v -0.360304 0.620586 4.303330
v -0.360327 0.542263 4.454896
v -0.360578 0.453481 4.565794
v -0.361175 0.380172 4.621749
v -0.519738 1.061194 3.986493
v -0.518485 1.034416 4.217156
v -0.517119 0.960603 4.448625
v -0.515792 0.846601 4.661716
v -0.514659 0.699381 4.837121
v -0.513874 0.526174 4.955613
v -0.378722 1.413556 3.977258
v -0.376071 1.381994 4.285859
v -0.373339 1.290626 4.582480
v -0.370639 1.145611 4.858521
v -0.368091 0.943797 5.101133
v -0.365885 0.672941 5.286078
v -3.161070 0.847270 3.627870
v -2.991794 0.965339 3.477598
v -2.807974 1.042089 3.310787
v -2.625288 1.069574 3.140246
v -2.752637 0.700815 3.018759
v -2.876686 0.683712 3.132835
v -3.012512 0.629725 3.254806
v -3.136328 0.547150 3.363458
v -3.227208 0.454195 3.440832
v -3.273622 0.379116 3.477591
v -3.024002 0.564428 2.745394
v -3.121008 0.552593 2.836276
v -3.235707 0.508796 2.941319
v -3.340707 0.440806 3.035541
v -3.413054 0.369849 3.098968
v -3.442405 0.329988 3.123257
v -3.280420 0.740312 2.480287
v -3.397818 0.725545 2.594833
v -3.530628 0.673396 2.720778
v -3.654486 0.590536 2.836213
v -3.748421 0.492762 2.923064
v -3.799922 0.403967 2.971077
v -3.371681 1.125431 2.378733
v -3.544963 1.101249 2.549941
v -3.724516 1.027098 2.722371
v -3.893852 0.908626 2.882237
v -4.036852 0.750926 3.016159
v -4.136740 0.557713 3.110190
v -3.244332 1.494190 2.500220
v -3.476250 1.459627 2.727894
v -3.703796 1.362711 2.945163
v -3.918595 1.208745 3.146649
v -4.109394 0.993117 3.323715
v -4.255563 0.701166 3.459105
v -2.972967 1.630577 2.773585
v -3.231929 1.590746 3.024454
v -3.480603 1.483640 3.258650
v -3.714216 1.315090 3.474566
v -3.923550 1.077463 3.665579
v -4.086782 0.750294 3.813438
v -2.716550 1.454693 3.038693
v -2.955118 1.417794 3.265895
v -3.185682 1.319041 3.479192
v -3.400436 1.165360 3.673894
v -3.588182 0.954551 3.841484
v -3.729263 0.676315 3.965619
v -1.646096 0.719729 3.492664
v -1.321304 0.719612 3.608905
v -3.500784 0.807268 1.627159
v -3.712263 0.795905 1.402212
v -3.544632 1.194665 1.327085
v -3.355870 1.168287 1.567400
v -3.476989 1.407920 1.422211
v -1.588539 1.055145 3.336539
v -1.256499 1.055970 3.456802
v -1.438946 1.303118 3.446011
v -1.376230 0.437262 3.743765
v -1.697777 0.439136 3.628065
v -1.617391 0.259345 3.898646
v -3.634473 0.483032 1.683210
v -3.879522 0.398233 1.477162
v -3.901623 0.291037 1.612058
v -0.557988 1.402506 3.344151
v -0.763677 0.884207 3.499897
v -2.126366 1.442346 2.696517
v -2.094371 0.902272 2.949576
v -2.908358 1.499161 1.919799
v -3.200275 0.982621 1.851131
v -0.526428 0.378434 3.651911
v -2.386286 0.385732 2.880907
v -3.168279 0.442547 2.104189
v -1.540030 1.129912 3.398754
v -1.605017 0.748223 3.574250
v -1.404788 0.749884 3.644510
v -1.332113 1.130984 3.474784
v -3.760262 0.402943 1.663685
v -3.584553 0.833051 1.588706
v -3.421821 1.239424 1.519913
v -1.673302 0.364553 3.755167
v -1.479003 0.364085 3.826434
v -1.345138 0.655241 3.440549
v -0.884408 0.812320 3.312438
v -1.882068 0.824813 2.884542
v -1.519672 0.655875 3.378668
v -3.135356 0.917927 1.635504
v -3.390602 0.746526 1.495912
v -0.730383 1.191097 3.203652
v -1.913161 1.231744 2.693580
v -2.936470 1.266193 1.688642
v -0.692481 0.379430 3.443797
v -2.121413 0.388637 2.833469
v -3.118614 0.447557 1.848327
v -1.467157 0.994307 3.215623
v -1.272171 0.998170 3.285136
v -3.527938 0.421905 1.549161
v -3.235603 1.108872 1.444676
v -1.568851 0.373772 3.517787
v -1.403848 0.369900 3.577166
v -0.626306 1.589960 3.400717
v -2.515264 1.864302 2.403880
v -2.051514 1.628344 2.812695
v -2.933055 1.690868 1.938193
v -2.380017 0.194026 3.148035
v -3.360421 0.222429 2.170268
v -2.955755 0.098811 2.571374
v -0.679989 0.190379 3.852522
v -3.579415 1.429479 0.696391
v -3.853805 1.512011 -0.661759
v -2.631172 1.627710 -2.629427
v -3.853806 1.434533 0.638135
v -4.364828 1.471696 -0.011906
v -3.437792 1.556130 -1.428498
v -3.579415 1.513913 -0.720202
v -1.140943 1.675538 -3.525086
v -4.214041 1.443478 0.461520
v -4.214041 1.499914 -0.485331
v -4.103035 0.217526 -0.817320
v -1.307848 0.240656 -4.033068
v -4.540615 0.207446 0.543453
v -4.540615 0.215523 -0.546863
v -4.103036 0.205443 0.813910
v -4.279849 0.217916 -0.750118
v -3.016077 0.233812 -3.015827
v -4.279848 0.206827 0.746734
v -4.703087 0.211484 -0.001705
v -3.940695 0.223568 -1.632936
v -1.111827 1.971937 3.132432
v -1.062306 2.205832 2.961987
v -3.142900 2.269863 0.598421
v -3.471303 2.410022 -0.588100
v -2.310297 2.609688 -2.307307
v -3.471303 2.277202 0.547603
v -4.007399 2.342236 -0.020410
v -3.018549 2.197491 1.217251
v -3.018548 2.486979 -1.258069
v -2.310297 2.342398 2.266488
v -1.295072 2.060856 3.167092
v -1.275279 2.197265 3.133188
v -3.142901 2.414608 -0.639239
v -1.001804 2.691679 -3.101608
v -3.868959 2.293862 0.393217
v -3.868959 2.390609 -0.434036
v -0.981450 2.092734 3.083179
v -1.470458 2.074910 2.916642
v -2.663064 2.305079 1.743916
v -0.221845 2.207626 3.383365
v -2.056685 3.562299 -3.291868
v -2.082582 3.380205 -3.365236
v -1.127994 3.480455 -3.560262
v -1.102096 3.662549 -3.486894
v -2.316071 2.613915 -3.588947
v -1.644099 0.249303 -4.823500
v -1.683104 0.013988 -4.914528
v -3.088067 0.007893 -4.364816
v -2.616955 1.617302 -3.881800
v -2.549559 1.847625 -3.812659
v -1.248888 2.690628 -3.872645
v -1.369782 1.900800 -4.185028
v -1.448278 1.428385 -4.367646
v -1.526775 0.955971 -4.550263
v -2.953635 0.466722 -4.227195
v -2.819145 0.926333 -4.089223
v -2.684352 1.386979 -3.950941
v -1.409030 1.664593 -4.276337
v -1.605094 0.484618 -4.732471
v -3.020851 0.237308 -4.296005
v -1.378318 3.366011 -2.057715
v -1.582498 3.614699 -2.324155
v -1.378319 3.556207 -2.024179
v -1.605288 3.430330 -3.703351
v -1.579391 3.612424 -3.629983
v -2.385586 0.010940 -4.880274
v -1.959670 1.874212 -4.239445
v -2.172960 0.941152 -4.560345
v -2.066315 1.407682 -4.399895
v -2.279365 0.475670 -4.720435
v -2.012992 1.640947 -4.319670
v -2.332475 0.243305 -4.800354
v -1.782479 2.652271 -3.971398
v -1.362386 0.481831 -4.293715
v -1.299586 0.956483 -4.118106
v -2.112661 3.561169 -2.653013
v -2.125973 3.369595 -2.707423
v -2.765134 1.391004 -3.322396
v -2.900388 0.927999 -3.455961
v -0.952645 3.474380 -3.114933
v -0.941628 3.665955 -3.060523
v -1.236643 1.432205 -3.942102
v -1.205172 1.670066 -3.854099
v -3.035338 0.466035 -3.589226
v -2.629880 1.854008 -3.188831
v -2.377926 2.611801 -2.948127
v -1.393787 0.244980 -4.381672
v -1.425188 0.008129 -4.469629
v -3.102946 0.235560 -3.655916
v -1.063173 2.691153 -3.440515
v -3.170554 0.005084 -3.722606
v -1.173701 1.907926 -3.766097
v -2.697507 1.622506 -3.255613
v -1.580944 3.613562 -2.977069
v -0.555700 2.517262 2.724034
v -1.111399 2.536456 2.615178
v -1.976662 1.814342 2.928871
v -1.269544 1.877942 3.149940
v -0.694624 1.777414 3.457284
v -0.625162 2.147338 3.090659
v -1.582498 2.591117 2.305182
v -1.779580 2.202729 2.617027
v -0.193728 2.078522 3.520926
v -0.195265 2.335764 3.244601
v -0.272656 2.208486 3.384448
v -1.022241 2.235703 2.952703
v -1.190937 2.249210 2.879388
v -1.429667 1.931942 3.047118
v -1.260971 1.918434 3.120433
v -1.083886 1.944545 3.164877
v -1.029538 2.090981 3.066802
v -1.368022 2.223099 2.834944
v -1.422370 2.076663 2.933019
v -1.278499 1.956668 3.167807
v -1.208465 2.287444 2.926763
v -1.439898 2.114897 2.980394
v -0.220134 2.253983 3.426511
v -1.047065 2.129215 3.114177
v -0.156234 2.148755 3.537014
v -0.157478 2.357037 3.313280
v -1.079834 2.244066 3.009362
v -1.407129 2.000047 3.085208
v -1.129355 2.010172 3.179807
v -1.357608 2.233941 2.914764
v -1.253052 2.259322 3.022466
v -1.391912 2.155794 3.054644
v -0.130572 2.304439 3.464997
v -1.156212 2.164385 3.134914
v -0.092232 2.241291 3.531310
v -0.092978 2.366282 3.397046
v -1.175873 2.233295 3.072025
v -1.372250 2.086884 3.117532
v -1.205586 2.092958 3.174292
v -1.342538 2.227220 3.015266
v 0.949230 1.320464 2.377868
v 2.385854 1.483606 0.575362
v 2.291460 1.440993 1.046184
v 1.753839 1.368741 1.844470
v 1.753838 1.683698 -1.635388
v 2.291460 1.611446 -0.837102
v 2.385854 1.568833 -0.366281
v 2.480248 1.526219 0.104541
v 0.949230 1.731975 -2.168786
v 0.000000 1.748927 -2.356091
v 0.000000 1.303517 2.561922
v 0.474681 1.311988 2.471520
v 1.351534 1.344603 2.111169
v 2.022649 1.404867 1.445327
v 1.351534 1.707836 -1.902087
v -0.949230 1.320464 2.377868
v -2.385854 1.483606 0.575362
v -2.291460 1.440993 1.046184
v -1.753839 1.368741 1.844470
v -1.753838 1.683698 -1.635388
v -2.291460 1.611446 -0.837102
v -2.385854 1.568833 -0.366281
v -2.480248 1.526219 0.104541
v -0.949230 1.731975 -2.168786
v -0.474681 1.311988 2.471520
v -1.351534 1.344603 2.111169
v -2.022649 1.404867 1.445327
v -1.351534 1.707836 -1.902087
vn 0.9286 0.2498 -0.2745
vn 0.5556 -0.1444 0.8188
vn -0.1951 0.1703 -0.9659
vn 0.9808 -0.0339 0.1921
vn 0.8315 -0.0965 0.5471
vn -0.0029 0.9873 0.1591
vn 0.0100 0.9860 0.1664
vn -0.0094 0.9862 0.1652
vn -0.0125 0.9832 0.1818
vn -0.0125 0.9861 0.1654
vn -0.0220 0.9845 0.1742
vn -0.0083 0.9869 0.1613
vn -0.0147 0.9842 0.1765
vn 0.3632 0.2252 0.9041
vn 0.8315 0.0965 -0.5471
vn -0.1951 -0.1703 0.9659
vn -0.5556 -0.1444 0.8188
vn 0.1950 -0.1703 0.9659
vn -0.8315 -0.0965 0.5471
vn -0.8315 0.0965 -0.5471
vn 0.1437 0.1718 -0.9746
vn -0.9808 0.0339 -0.1921
vn -0.5556 0.1444 -0.8188
vn -0.9808 -0.0339 0.1921
vn -0.0147 0.9852 0.1707
vn 0.3120 0.1698 -0.9348
vn -0.0220 0.9847 0.1731
vn 0.9808 0.0339 -0.1921
vn 0.1642 0.3500 -0.9222
vn 0.3659 0.2001 -0.9089
vn 0.9454 0.0566 -0.3209
vn 0.9454 -0.0566 0.3209
vn 0.3120 -0.1602 0.9365
vn 0.1251 -0.1704 0.9774
vn 0.1251 0.1742 -0.9767
vn 0.6117 0.2462 0.7518
vn -0.3827 -0.1604 0.9098
vn 0.9239 -0.0665 0.3769
vn 0.9239 0.0664 -0.3769
vn -0.9239 -0.0664 0.3769
vn -0.9239 0.0665 -0.3769
vn 0.3827 0.1604 -0.9098
vn -0.3827 0.1604 -0.9098
vn 0.3827 -0.1604 0.9098
vn -0.0005 0.9848 0.1738
vn -0.0005 0.9848 0.1735
vn -0.0014 0.9852 0.1713
vn -0.0014 0.9844 0.1760
vn 0.0005 0.9848 0.1738
vn 0.0002 0.9854 0.1701
vn 0.0005 0.9848 0.1735
vn 0.0002 0.9842 0.1772
vn 0.0022 0.9851 0.1721
vn 0.0022 0.9845 0.1752
vn -0.0018 0.9851 0.1723
vn -0.0018 0.9846 0.1750
vn 0.0030 0.9841 0.1775
vn -0.0026 0.9854 0.1705
vn -0.0026 0.9842 0.1768
vn 0.0030 0.9855 0.1698
vn 0.0067 0.9857 0.1683
vn 0.0067 0.9838 0.1790
vn -0.0062 0.9857 0.1684
vn -0.0062 0.9838 0.1789
vn 0.7743 0.3662 -0.5162
vn 0.5414 0.7075 0.4543
vn 0.9084 0.3777 -0.1794
vn 0.6158 0.2247 -0.7552
vn 0.9259 0.2585 0.2755
vn 0.8574 0.4040 0.3187
vn 0.3855 0.2365 -0.8919
vn 0.8814 0.4528 -0.1350
vn 0.2149 0.7080 0.6727
vn 0.7617 0.5712 0.3059
vn 0.7637 0.4383 -0.4740
vn 0.8393 0.4996 0.2143
vn 0.3673 0.2610 0.8927
vn 0.9425 0.3117 -0.1202
vn 0.1714 0.1707 -0.9703
vn 0.1512 0.4159 -0.8968
vn -0.2062 -0.7228 0.6596
vn 0.3705 -0.6293 0.6832
vn 0.1638 0.1993 0.9662
vn 0.8095 0.2730 -0.5198
vn 0.8822 0.3971 -0.2530
vn 0.1951 -0.1703 0.9659
vn -0.0031 0.9872 0.1592
vn -0.1483 0.6728 0.7248
vn -0.1950 0.1703 -0.9659
vn 0.6448 0.6978 0.3119
vn 0.4480 0.6538 0.6098
vn 0.9202 0.2557 0.2965
vn 0.4880 0.1918 -0.8515
vn 0.9120 0.3748 -0.1669
vn 0.7804 0.3639 -0.5085
vn 0.4793 0.2121 0.8517
vn -0.8664 0.0588 -0.4959
vn 0.2434 0.1576 -0.9570
vn 0.1600 0.3479 -0.9238
vn 0.2385 0.1802 0.9543
vn 0.9279 0.2477 -0.2786
vn 0.9376 0.3311 -0.1065
vn 0.9426 0.3112 -0.1211
vn 0.9275 0.2476 -0.2801
vn 0.2102 0.1701 0.9627
vn 0.1584 0.3479 -0.9240
vn 0.2154 0.1479 -0.9652
vn 0.4400 0.2019 0.8750
vn 0.7824 0.3639 -0.5054
vn 0.7695 -0.3299 0.5469
vn 0.9129 0.3746 -0.1620
vn 0.4498 0.1819 -0.8744
vn 0.9177 0.2553 0.3045
vn -0.2006 -0.4802 0.8539
vn 0.5251 -0.4177 0.7415
vn 0.9231 0.2561 0.2868
vn 0.5427 0.2056 -0.8144
vn 0.9108 0.3750 -0.1728
vn 0.7779 0.3639 -0.5124
vn 0.5358 0.2264 0.8134
vn 0.2889 0.1732 -0.9416
vn 0.1620 0.3479 -0.9234
vn 0.2847 0.1966 0.9382
vn 0.9284 0.2478 -0.2767
vn -0.8791 0.0482 -0.4742
vn -0.7447 0.3188 0.5863
vn 0.0536 0.9042 -0.4237
vn 0.4887 -0.8648 -0.1150
vn 0.9348 0.3402 -0.1023
vn 0.3915 0.8813 -0.2648
vn 0.7447 -0.3188 -0.5863
vn -0.5645 -0.4140 0.7141
vn -0.4887 0.8648 0.1150
vn -0.0536 -0.9042 0.4237
vn 0.9122 -0.3925 0.1179
vn 0.3640 -0.8920 0.2680
vn 0.5645 0.4140 -0.7141
vn 0.3633 -0.8923 0.2681
vn 0.3907 0.8816 -0.2649
vn 0.9319 0.3395 -0.1280
vn 0.0001 0.2878 0.9577
vn 0.6652 0.2841 0.6905
vn 0.0003 0.2876 0.9577
vn -0.0001 0.2877 0.9577
vn -0.4050 0.0493 0.9130
vn 0.3533 0.1685 0.9202
vn 0.8972 0.1816 0.4026
vn 0.3773 0.1800 0.9084
vn 0.9321 0.0822 -0.3528
vn 0.9223 0.0707 0.3800
vn 0.9151 -0.3773 0.1421
vn -0.0087 0.2978 0.9546
vn -0.0087 0.2789 0.9603
vn 0.9226 -0.0008 -0.3857
vn 0.3810 -0.0019 -0.9246
vn 0.9251 0.0008 0.3797
vn 0.3840 0.0019 0.9233
vn -0.0000 1.0000 -0.0008
vn 0.9194 -0.0671 -0.3876
vn 0.3722 -0.1154 -0.9209
vn -0.0000 1.0000 0.0001
vn 0.4098 -0.0008 -0.9122
vn -0.9348 -0.0008 0.3552
vn -0.3553 -0.0019 -0.9348
vn -0.9122 -0.0019 -0.4098
vn 0.9348 0.0008 -0.3553
vn 0.3553 0.0019 0.9348
vn -0.4098 0.0008 0.9122
vn 0.9122 0.0019 0.4098
vn -0.9348 -0.0008 0.3553
vn -0.0006 1.0000 -0.0006
vn 0.4086 -0.0718 -0.9099
vn -0.3536 -0.1665 -0.9205
vn -0.8985 -0.1719 -0.4039
vn -0.9289 -0.1028 0.3557
vn 0.0001 1.0000 0.0001
vn 0.3721 -0.5749 -0.7287
vn 0.3726 -0.7244 -0.5800
vn 0.3706 -0.8242 -0.4282
vn 0.3678 -0.8881 -0.2757
vn 0.3642 -0.9253 -0.1059
vn 0.3366 -0.8091 0.4817
vn 0.9200 -0.2268 -0.3195
vn 0.9204 -0.3031 -0.2470
vn 0.9202 -0.3476 -0.1800
vn 0.9197 -0.3754 -0.1146
vn 0.9190 -0.3921 -0.0417
vn 0.9136 -0.3778 0.1505
vn 0.9240 0.2115 0.3186
vn 0.9254 0.2868 0.2476
vn 0.9263 0.3297 0.1822
vn 0.9269 0.3561 0.1186
vn 0.9273 0.3715 0.0469
vn 0.9267 0.3614 -0.1031
vn 0.3812 0.5180 0.7657
vn 0.3842 0.7074 0.5933
vn 0.3856 0.8152 0.4322
vn 0.3862 0.8806 0.2747
vn 0.3862 0.9173 0.0969
vn 0.3838 0.8911 -0.2420
vn -0.8609 -0.2874 0.4198
vn -0.7989 -0.3627 0.4798
vn -0.7452 -0.4026 0.5315
vn -0.6965 -0.4240 0.5789
vn -0.6461 -0.4330 0.6285
vn -0.5165 -0.4093 0.7521
vn -0.7387 -0.6233 -0.2568
vn -0.6320 -0.7599 -0.1519
vn -0.5209 -0.8524 -0.0452
vn -0.4106 -0.9098 0.0612
vn -0.2894 -0.9402 0.1794
vn 0.1054 -0.8289 0.5494
vn -0.2103 -0.5761 -0.7899
vn -0.0998 -0.7148 -0.6921
vn 0.0092 -0.8069 -0.5907
vn 0.1182 -0.8658 -0.4863
vn 0.2398 -0.8989 -0.3667
vn 0.6085 -0.7925 0.0411
vn 0.4521 -0.1956 -0.8703
vn 0.4973 -0.2553 -0.8292
vn 0.5402 -0.2924 -0.7891
vn 0.5846 -0.3177 -0.7465
vn 0.6378 -0.3335 -0.6943
vn 0.7629 -0.3190 -0.5623
vn 0.8783 0.2539 -0.4052
vn 0.8165 0.3432 -0.4643
vn 0.7624 0.3906 -0.5160
vn 0.7138 0.4169 -0.5627
vn 0.6641 0.4307 -0.6111
vn 0.5591 0.4200 -0.7149
vn 0.7910 0.5329 0.3007
vn 0.6615 0.7285 0.1780
vn 0.5423 0.8377 0.0647
vn 0.4286 0.9024 -0.0443
vn 0.3037 0.9383 -0.1656
vn 0.0698 0.9150 -0.3974
vn 0.2510 0.4989 0.8295
vn 0.1266 0.6855 0.7170
vn 0.0113 0.7926 0.6097
vn -0.1007 0.8586 0.5027
vn -0.2263 0.8971 0.3795
vn -0.4580 0.8774 0.1431
vn -0.4386 0.1681 0.8828
vn -0.4816 0.2374 0.8436
vn -0.5238 0.2808 0.8043
vn -0.5677 0.3107 0.7624
vn -0.6205 0.3313 0.7108
vn -0.7260 0.3287 0.6041
vn 0.8463 0.0312 0.5318
vn 0.3426 -0.0559 0.9378
vn 0.2301 0.7399 0.6322
vn 0.6541 0.6408 0.4020
vn 0.3059 0.4378 0.8454
vn 0.7813 0.4091 0.4714
vn 0.8001 0.4071 0.4405
vn 0.3024 0.4518 0.8393
vn -0.2900 0.9328 -0.2139
vn -0.9761 -0.2144 -0.0364
vn 0.4582 -0.8888 -0.0128
vn 0.7246 -0.1947 -0.6610
vn 0.0803 0.9286 -0.3622
vn -0.3587 -0.8941 0.2683
vn 0.8945 0.4058 0.1877
vn 0.8929 0.4060 0.1947
vn 0.7907 -0.2855 -0.5416
vn 0.7987 0.2662 0.5397
vn 0.8491 0.5005 0.1689
vn 0.7421 -0.1119 0.6609
vn -0.1124 -0.1995 0.9734
vn 0.5709 0.5716 0.5893
vn -0.1088 0.6174 0.7791
vn 0.5367 0.5663 0.6254
vn 0.8948 0.4072 0.1832
vn 0.1674 0.3388 0.9259
vn 0.4507 0.3529 0.8200
vn 0.8001 0.3879 0.4575
vn 0.1898 0.1999 0.9612
vn 0.4787 0.1553 0.8641
vn 0.8535 0.1802 0.4889
vn 0.8910 0.3070 0.3346
vn -0.4699 0.2848 0.8355
vn 0.3242 0.2894 0.9006
vn 0.3324 0.2839 0.8994
vn 0.8795 0.3245 0.3480
vn -0.4589 0.3067 0.8339
vn -0.1590 0.0005 0.9873
vn -0.1254 0.6720 0.7299
vn 0.7613 0.0141 0.6483
vn 0.5732 0.6636 0.4808
vn 0.4816 0.6433 0.5952
vn 0.6262 0.0168 0.7795
vn -0.0862 0.3185 0.9440
vn -0.1518 0.3701 0.9165
vn 0.6675 0.3350 0.6650
vn 0.7092 0.3592 0.6066
vn 0.5863 0.3357 0.7373
vn 0.6612 0.3275 0.6750
vn 0.9302 0.3658 -0.0293
vn -0.7359 0.3285 0.5921
vn -0.7172 -0.1864 0.6715
vn 0.5514 0.4178 -0.7221
vn -0.6861 -0.1761 0.7059
vn 0.7026 -0.2063 -0.6810
vn -0.9727 -0.2240 -0.0613
vn -0.1609 0.9400 -0.3008
vn 0.9065 -0.3340 0.2582
vn -0.0636 -0.8724 0.4846
vn -0.5041 -0.3765 0.7772
vn -0.0421 -0.5129 0.8574
vn 0.6592 -0.4017 0.6357
vn 0.6585 -0.3998 0.6376
vn 0.4130 0.6337 0.6541
vn 0.5810 0.6935 0.4260
vn -0.1600 0.6682 0.7266
vn 0.6180 0.5227 0.5873
vn 0.5984 0.6035 0.5270
vn 0.6601 0.0190 0.7509
vn -0.0308 0.5823 0.8124
vn 0.7315 0.0489 0.6800
vn -0.1170 -0.0197 0.9929
vn 0.9159 0.2550 0.3100
vn 0.4257 0.1757 -0.8877
vn 0.9136 0.3744 -0.1585
vn 0.7839 0.3638 -0.5032
vn 0.4153 0.1954 0.8885
vn 0.9888 0.1293 -0.0746
vn 0.1992 0.1423 -0.9696
vn 0.1573 0.3479 -0.9242
vn 0.1938 0.1641 0.9672
vn 0.9272 0.2476 -0.2811
vn 0.9246 0.2583 0.2799
vn 0.5860 0.2174 -0.7806
vn 0.9090 0.3776 -0.1767
vn 0.7754 0.3662 -0.5145
vn 0.5807 0.2388 0.7783
vn 0.3316 0.1886 -0.9244
vn 0.1633 0.3500 -0.9224
vn 0.3281 0.2130 0.9203
vn 0.9284 0.2497 -0.2753
vn 0.9423 0.3115 -0.1224
vn 0.9336 0.3158 0.1691
vn 0.8941 0.4101 0.1797
vn 0.2346 0.2133 0.9484
vn 0.0600 0.9381 0.3411
vn 0.4924 0.6882 0.5328
vn 0.5122 0.6044 0.6102
vn 0.5684 0.7095 0.4166
vn -0.9386 0.3367 0.0755
vn 0.9251 0.2764 -0.2604
vn -0.9327 0.0307 -0.3592
vn 0.8843 0.3977 -0.2447
vn 0.1299 0.1827 0.9745
vn 0.1464 0.4159 -0.8976
vn 0.1383 0.1554 -0.9781
vn -0.8973 0.0326 -0.4401
vn 0.3158 0.2393 0.9182
vn 0.8319 0.5003 0.2400
vn 0.7727 0.4380 -0.4594
vn 0.6848 0.5744 0.4484
vn 0.2797 0.7194 0.6358
vn 0.8851 0.4514 -0.1129
vn 0.3376 0.2170 -0.9159
vn 0.8475 0.4009 0.3478
vn 0.5615 0.3767 -0.7368
vn 0.0409 0.3501 -0.9358
vn -0.1091 0.3268 -0.9388
vn -0.0220 0.3393 -0.9404
vn -0.0461 0.3348 -0.9412
vn 0.0076 0.3445 -0.9388
vn -0.0631 0.3315 -0.9413
vn 0.0280 0.3480 -0.9371
vn -0.1959 0.3075 -0.9312
vn -0.9247 0.0182 -0.3804
vn 0.9426 0.3117 -0.1199
vn 0.1041 0.9946 -0.0046
vn -0.8895 0.0395 -0.4553
vn -0.9026 0.0278 -0.4296
vn 0.9421 0.3118 -0.1234
vn 0.9420 0.3119 -0.1241
vn -0.8714 0.0548 -0.4875
vn -0.9118 0.0319 -0.4093
vn 0.9436 0.3229 -0.0733
vn 0.0919 0.9957 0.0093
vn 0.5582 0.3828 -0.7361
vn 0.5485 0.3824 -0.7435
vn 0.5525 0.3825 -0.7406
vn 0.5494 0.3824 -0.7429
vn 0.5517 0.3825 -0.7411
vn 0.5507 0.3825 -0.7419
vn 0.5544 0.3827 -0.7390
vn 0.5480 0.3824 -0.7440
vn -0.2384 0.3336 -0.9121
vn -0.0083 0.9825 0.1859
vn 0.0804 0.9968 -0.0006
vn 0.9523 0.2865 0.1055
vn -0.9817 -0.0632 -0.1794
vn -0.9711 -0.0354 -0.2359
vn 0.9643 0.2463 0.0974
vn 0.9641 0.2447 0.1028
vn -0.9810 -0.0546 -0.1860
vn -0.9771 -0.0462 -0.2079
vn 0.1033 0.9946 0.0046
vn 0.9623 0.2368 0.1337
vn -0.9822 -0.0647 -0.1761
vn -0.9795 -0.0511 -0.1949
vn -0.9866 0.0096 -0.1631
vn 0.9638 0.2424 0.1108
vn 0.9948 0.0106 0.1009
vn -0.9737 -0.0398 -0.2243
vn 0.9634 0.2393 0.1213
vn 0.9523 0.2892 0.0973
vn -0.9694 -0.0325 -0.2433
vn 0.9626 0.2383 0.1288
vn 0.1266 0.7238 0.6783
vn 0.2823 0.6330 0.7208
vn 0.2740 0.6366 0.7208
vn 0.1842 0.6774 0.7122
vn 0.3241 0.7066 0.6291
vn 0.3232 0.6598 0.6784
vn 0.0927 0.6956 0.7124
vn 0.3711 0.6749 0.6378
vn -0.0264 0.7316 0.6812
vn -0.0262 0.7317 0.6811
vn -0.0269 0.7316 0.6812
vn -0.0269 0.7318 0.6810
vn 0.2767 0.6035 0.7478
vn 0.7699 0.6186 0.1568
vn -0.3428 0.6847 0.6431
vn 0.5703 0.7395 0.3575
vn 0.5485 0.4238 0.7208
vn -0.5179 0.7492 -0.4130
vn -0.8095 -0.2730 0.5198
vn 0.5179 -0.7492 0.4130
vn 0.2062 0.7228 -0.6596
vn 0.3743 0.6353 -0.6755
vn 0.9386 -0.3367 -0.0755
vn 0.9220 -0.2451 0.2998
vn 0.0389 0.3438 0.9383
vn 0.2511 0.4882 0.8358
vn 0.5341 0.3608 0.7646
vn 0.4614 0.7608 0.4564
vn 0.2346 0.8630 0.4474
vn -0.0816 0.7951 0.6010
vn 0.2066 0.1998 0.9578
vn 0.0782 -0.0056 0.9969
vn -0.1074 0.9392 0.3260
vn -0.2735 0.3125 0.9097
vn 0.5582 -0.0831 0.8256
vn 0.3436 0.9322 0.1139
vn 0.2299 0.9709 0.0673
vn 0.8681 0.1759 0.4642
vn -0.9286 0.2498 -0.2745
vn 0.1951 0.1703 -0.9659
vn 0.0029 0.9873 0.1591
vn -0.0100 0.9860 0.1664
vn 0.0094 0.9862 0.1652
vn 0.0125 0.9832 0.1818
vn 0.0125 0.9861 0.1654
vn 0.0220 0.9845 0.1742
vn 0.0083 0.9869 0.1613
vn 0.0147 0.9842 0.1765
vn -0.3632 0.2252 0.9041
vn -0.1950 -0.1703 0.9659
vn -0.1437 0.1718 -0.9746
vn 0.5556 0.1444 -0.8188
vn 0.0147 0.9852 0.1707
vn -0.3120 0.1698 -0.9348
vn 0.0220 0.9847 0.1731
vn -0.1642 0.3500 -0.9222
vn -0.3659 0.2001 -0.9089
vn -0.9454 0.0566 -0.3209
vn -0.9454 -0.0566 0.3209
vn -0.3120 -0.1602 0.9365
vn -0.1251 -0.1704 0.9774
vn -0.1251 0.1742 -0.9767
vn -0.6117 0.2462 0.7518
vn -0.9239 -0.0665 0.3769
vn -0.9239 0.0664 -0.3769
vn 0.9239 -0.0664 0.3769
vn 0.9239 0.0665 -0.3769
vn 0.0014 0.9852 0.1713
vn 0.0014 0.9844 0.1760
vn -0.0002 0.9854 0.1701
vn -0.0002 0.9842 0.1772
vn -0.0022 0.9851 0.1721
vn -0.0022 0.9845 0.1752
vn 0.0018 0.9851 0.1723
vn 0.0018 0.9846 0.1750
vn -0.0030 0.9841 0.1775
vn 0.0026 0.9854 0.1705
vn 0.0026 0.9842 0.1768
vn -0.0030 0.9855 0.1698
vn -0.0067 0.9857 0.1683
vn -0.0067 0.9838 0.1790
vn 0.0062 0.9857 0.1684
vn 0.0062 0.9838 0.1789
vn -0.7743 0.3662 -0.5162
vn -0.5414 0.7075 0.4543
vn -0.9084 0.3777 -0.1794
vn -0.6158 0.2247 -0.7552
vn -0.9259 0.2585 0.2755
vn -0.8574 0.4040 0.3187
vn -0.3855 0.2365 -0.8919
vn -0.8814 0.4528 -0.1350
vn -0.2149 0.7080 0.6727
vn -0.7617 0.5712 0.3059
vn -0.7637 0.4383 -0.4740
vn -0.8393 0.4996 0.2143
vn -0.3673 0.2610 0.8927
vn -0.9425 0.3117 -0.1202
vn -0.1714 0.1707 -0.9703
vn -0.1512 0.4159 -0.8968
vn 0.2062 -0.7228 0.6596
vn -0.3705 -0.6293 0.6832
vn -0.1638 0.1993 0.9662
vn -0.8095 0.2730 -0.5198
vn -0.8822 0.3971 -0.2530
vn 0.0031 0.9872 0.1592
vn 0.1483 0.6728 0.7248
vn 0.1950 0.1703 -0.9659
vn -0.6448 0.6978 0.3119
vn -0.4480 0.6538 0.6098
vn -0.9202 0.2557 0.2965
vn -0.4880 0.1918 -0.8515
vn -0.9120 0.3748 -0.1669
vn -0.7804 0.3639 -0.5085
vn -0.4793 0.2121 0.8517
vn 0.8664 0.0588 -0.4959
vn -0.2434 0.1576 -0.9570
vn -0.1600 0.3479 -0.9238
vn -0.2385 0.1802 0.9543
vn -0.9279 0.2477 -0.2786
vn -0.9376 0.3311 -0.1065
vn -0.9426 0.3112 -0.1211
vn -0.9275 0.2476 -0.2801
vn -0.2102 0.1701 0.9627
vn -0.1584 0.3479 -0.9240
vn -0.2154 0.1479 -0.9652
vn -0.4400 0.2019 0.8750
vn -0.7824 0.3639 -0.5054
vn -0.7695 -0.3299 0.5469
vn -0.9129 0.3746 -0.1620
vn -0.4498 0.1819 -0.8744
vn -0.9177 0.2553 0.3045
vn 0.2006 -0.4802 0.8539
vn -0.5251 -0.4177 0.7415
vn -0.9231 0.2561 0.2868
vn -0.5427 0.2056 -0.8144
vn -0.9108 0.3750 -0.1728
vn -0.7779 0.3639 -0.5124
vn -0.5358 0.2264 0.8134
vn -0.2889 0.1732 -0.9416
vn -0.1620 0.3479 -0.9234
vn -0.2847 0.1966 0.9382
vn -0.9284 0.2478 -0.2767
vn 0.8791 0.0482 -0.4742
vn 0.7447 0.3188 0.5863
vn -0.0536 0.9042 -0.4237
vn -0.4887 -0.8648 -0.1150
vn -0.9348 0.3402 -0.1023
vn -0.3915 0.8813 -0.2648
vn -0.7447 -0.3188 -0.5863
vn 0.5645 -0.4140 0.7141
vn 0.4887 0.8648 0.1150
vn 0.0536 -0.9042 0.4237
vn -0.9122 -0.3925 0.1179
vn -0.3640 -0.8920 0.2680
vn -0.5645 0.4140 -0.7141
vn -0.3633 -0.8923 0.2681
vn -0.3907 0.8816 -0.2649
vn -0.9319 0.3395 -0.1280
vn -0.0001 0.2878 0.9577
vn -0.6652 0.2841 0.6905
vn -0.0003 0.2876 0.9577
vn 0.0001 0.2877 0.9577
vn 0.4050 0.0493 0.9130
vn -0.3533 0.1685 0.9202
vn -0.8972 0.1816 0.4026
vn -0.3773 0.1800 0.9084
vn -0.9321 0.0822 -0.3528
vn -0.9223 0.0707 0.3800
vn -0.9151 -0.3773 0.1421
vn 0.0087 0.2978 0.9546
vn 0.0087 0.2789 0.9603
vn -0.9226 -0.0008 -0.3857
vn -0.3810 -0.0019 -0.9246
vn -0.9251 0.0008 0.3797
vn -0.3840 0.0019 0.9233
vn -0.9194 -0.0671 -0.3876
vn -0.3722 -0.1154 -0.9209
vn -0.4098 -0.0008 -0.9122
vn 0.9348 -0.0008 0.3552
vn 0.3553 -0.0019 -0.9348
vn 0.9122 -0.0019 -0.4098
vn -0.9348 0.0008 -0.3553
vn -0.3553 0.0019 0.9348
vn 0.4098 0.0008 0.9122
vn -0.9122 0.0019 0.4098
vn 0.9348 -0.0008 0.3553
vn 0.0006 1.0000 -0.0006
vn -0.4086 -0.0718 -0.9099
vn 0.3536 -0.1665 -0.9205
vn 0.8985 -0.1719 -0.4039
vn 0.9289 -0.1028 0.3557
vn -0.0001 1.0000 0.0001
vn -0.3721 -0.5749 -0.7287
vn -0.3726 -0.7244 -0.5800
vn -0.3706 -0.8242 -0.4282
vn -0.3678 -0.8881 -0.2757
vn -0.3642 -0.9253 -0.1059
vn -0.3366 -0.8091 0.4817
vn -0.9200 -0.2268 -0.3195
vn -0.9204 -0.3031 -0.2470
vn -0.9202 -0.3476 -0.1800
vn -0.9197 -0.3754 -0.1146
vn -0.9190 -0.3921 -0.0417
vn -0.9136 -0.3778 0.1505
vn -0.9240 0.2115 0.3186
vn -0.9254 0.2868 0.2476
vn -0.9263 0.3297 0.1822
vn -0.9269 0.3561 0.1186
vn -0.9273 0.3715 0.0469
vn -0.9267 0.3614 -0.1031
vn -0.3812 0.5180 0.7657
vn -0.3842 0.7074 0.5933
vn -0.3856 0.8152 0.4322
vn -0.3862 0.8806 0.2747
vn -0.3862 0.9173 0.0969
vn -0.3838 0.8911 -0.2420
vn 0.8609 -0.2874 0.4198
vn 0.7989 -0.3627 0.4798
vn 0.7452 -0.4026 0.5315
vn 0.6965 -0.4240 0.5789
vn 0.6461 -0.4330 0.6285
vn 0.5165 -0.4093 0.7521
vn 0.7387 -0.6233 -0.2568
vn 0.6320 -0.7599 -0.1519
vn 0.5209 -0.8524 -0.0452
vn 0.4106 -0.9098 0.0612
vn 0.2894 -0.9402 0.1794
vn -0.1054 -0.8289 0.5494
vn 0.2103 -0.5761 -0.7899
vn 0.0998 -0.7148 -0.6921
vn -0.0092 -0.8069 -0.5907
vn -0.1182 -0.8658 -0.4863
vn -0.2398 -0.8989 -0.3667
vn -0.6085 -0.7925 0.0411
vn -0.4521 -0.1956 -0.8703
vn -0.4973 -0.2553 -0.8292
vn -0.5402 -0.2924 -0.7891
vn -0.5846 -0.3177 -0.7465
vn -0.6378 -0.3335 -0.6943
vn -0.7629 -0.3190 -0.5623
vn -0.8783 0.2539 -0.4052
vn -0.8165 0.3432 -0.4643
vn -0.7624 0.3906 -0.5160
vn -0.7138 0.4169 -0.5627
vn -0.6641 0.4307 -0.6111
vn -0.5591 0.4200 -0.7149
vn -0.7910 0.5329 0.3007
vn -0.6615 0.7285 0.1780
vn -0.5423 0.8377 0.0647
vn -0.4286 0.9024 -0.0443
vn -0.3037 0.9383 -0.1656
vn -0.0698 0.9150 -0.3974
vn -0.2510 0.4989 0.8295
vn -0.1266 0.6855 0.7170
vn -0.0113 0.7926 0.6097
vn 0.1007 0.8586 0.5027
vn 0.2263 0.8971 0.3795
vn 0.4580 0.8774 0.1431
vn 0.4386 0.1681 0.8828
vn 0.4816 0.2374 0.8436
vn 0.5238 0.2808 0.8043
vn 0.5677 0.3107 0.7624
vn 0.6205 0.3313 0.7108
vn 0.7260 0.3287 0.6041
vn -0.8463 0.0312 0.5318
vn -0.3426 -0.0559 0.9378
vn -0.2301 0.7399 0.6322
vn -0.6541 0.6408 0.4020
vn -0.3059 0.4378 0.8454
vn -0.7813 0.4091 0.4714
vn -0.8001 0.4071 0.4406
vn -0.3024 0.4518 0.8393
vn 0.2900 0.9328 -0.2139
vn 0.9761 -0.2144 -0.0364
vn -0.4582 -0.8888 -0.0128
vn -0.7246 -0.1947 -0.6610
vn -0.0803 0.9286 -0.3622
vn 0.3587 -0.8941 0.2683
vn -0.8945 0.4058 0.1877
vn -0.8929 0.4060 0.1947
vn -0.7907 -0.2855 -0.5416
vn -0.7987 0.2662 0.5397
vn -0.8491 0.5005 0.1689
vn -0.7421 -0.1119 0.6609
vn 0.1124 -0.1995 0.9734
vn -0.5709 0.5716 0.5893
vn 0.1088 0.6174 0.7791
vn -0.5367 0.5663 0.6254
vn -0.8948 0.4072 0.1832
vn -0.1674 0.3388 0.9259
vn -0.4507 0.3529 0.8200
vn -0.8001 0.3879 0.4575
vn -0.1898 0.1999 0.9612
vn -0.4787 0.1553 0.8641
vn -0.8535 0.1802 0.4889
vn -0.8910 0.3070 0.3346
vn 0.4699 0.2848 0.8355
vn -0.3242 0.2894 0.9006
vn -0.3324 0.2839 0.8994
vn -0.8795 0.3245 0.3480
vn 0.4589 0.3067 0.8339
vn 0.1590 0.0005 0.9873
vn 0.1254 0.6720 0.7299
vn -0.7613 0.0141 0.6483
vn -0.5732 0.6636 0.4808
vn -0.4816 0.6433 0.5952
vn -0.6262 0.0168 0.7795
vn 0.0862 0.3185 0.9440
vn 0.1518 0.3701 0.9165
vn -0.6675 0.3350 0.6650
vn -0.7092 0.3592 0.6066
vn -0.5863 0.3357 0.7373
vn -0.6612 0.3275 0.6750
vn -0.9302 0.3658 -0.0293
vn 0.7359 0.3285 0.5921
vn 0.7172 -0.1864 0.6715
vn -0.5514 0.4178 -0.7221
vn 0.6861 -0.1761 0.7059
vn -0.7026 -0.2063 -0.6810
vn 0.9727 -0.2240 -0.0613
vn 0.1609 0.9400 -0.3008
vn -0.9065 -0.3340 0.2582
vn 0.0636 -0.8724 0.4846
vn 0.5041 -0.3765 0.7772
vn 0.0421 -0.5129 0.8574
vn -0.6592 -0.4017 0.6357
vn -0.6585 -0.3998 0.6376
vn -0.4130 0.6337 0.6541
vn -0.5810 0.6935 0.4260
vn 0.1600 0.6682 0.7266
vn -0.6180 0.5227 0.5873
vn -0.5984 0.6035 0.5270
vn -0.6601 0.0190 0.7509
vn 0.0308 0.5823 0.8124
vn -0.7315 0.0489 0.6800
vn 0.1170 -0.0197 0.9929
vn -0.9159 0.2550 0.3100
vn -0.4257 0.1757 -0.8877
vn -0.9136 0.3744 -0.1585
vn -0.7839 0.3638 -0.5032
vn -0.4153 0.1954 0.8885
vn -0.9888 0.1293 -0.0746
vn -0.1992 0.1423 -0.9696
vn -0.1573 0.3479 -0.9242
vn -0.1938 0.1641 0.9672
vn -0.9272 0.2476 -0.2811
vn -0.9246 0.2583 0.2799
vn -0.5860 0.2174 -0.7806
vn -0.9090 0.3776 -0.1767
vn -0.7754 0.3662 -0.5145
vn -0.5807 0.2388 0.7783
vn -0.3316 0.1886 -0.9244
vn -0.1633 0.3500 -0.9224
vn -0.3281 0.2130 0.9203
vn -0.9284 0.2497 -0.2753
vn -0.9423 0.3115 -0.1224
vn -0.9336 0.3158 0.1691
vn -0.8941 0.4101 0.1797
vn -0.2346 0.2133 0.9484
vn -0.0600 0.9381 0.3411
vn -0.4924 0.6882 0.5328
vn -0.5122 0.6044 0.6102
vn -0.5684 0.7095 0.4166
vn 0.9386 0.3367 0.0755
vn -0.9251 0.2764 -0.2604
vn 0.9327 0.0307 -0.3592
vn -0.8843 0.3977 -0.2447
vn -0.1299 0.1827 0.9745
vn -0.1464 0.4159 -0.8976
vn -0.1383 0.1554 -0.9781
vn 0.8973 0.0326 -0.4401
vn -0.3158 0.2393 0.9182
vn -0.8319 0.5003 0.2400
vn -0.7727 0.4380 -0.4594
vn -0.6848 0.5744 0.4484
vn -0.2797 0.7194 0.6358
vn -0.8851 0.4514 -0.1129
vn -0.3376 0.2170 -0.9159
vn -0.8475 0.4009 0.3478
vn -0.5615 0.3767 -0.7368
vn -0.0409 0.3501 -0.9358
vn 0.1091 0.3268 -0.9388
vn 0.0220 0.3393 -0.9404
vn 0.0461 0.3348 -0.9412
vn -0.0076 0.3445 -0.9388
vn 0.0631 0.3315 -0.9413
vn -0.0280 0.3480 -0.9371
vn 0.1959 0.3075 -0.9312
vn 0.9247 0.0182 -0.3804
vn -0.9426 0.3117 -0.1199
vn -0.1041 0.9946 -0.0046
vn 0.8895 0.0395 -0.4553
vn 0.9026 0.0278 -0.4296
vn -0.9421 0.3118 -0.1234
vn -0.9420 0.3119 -0.1241
vn 0.8714 0.0548 -0.4875
vn 0.9118 0.0319 -0.4093
vn -0.9436 0.3229 -0.0733
vn -0.0919 0.9957 0.0093
vn -0.5582 0.3828 -0.7361
vn -0.5485 0.3824 -0.7435
vn -0.5525 0.3825 -0.7406
vn -0.5494 0.3824 -0.7429
vn -0.5517 0.3825 -0.7411
vn -0.5507 0.3825 -0.7419
vn -0.5544 0.3827 -0.7390
vn -0.5480 0.3824 -0.7440
vn 0.2384 0.3336 -0.9121
vn 0.0083 0.9825 0.1859
vn -0.0804 0.9968 -0.0006
vn -0.9523 0.2865 0.1055
vn 0.9817 -0.0632 -0.1794
vn 0.9711 -0.0354 -0.2359
vn -0.9643 0.2463 0.0974
vn -0.9641 0.2447 0.1028
vn 0.9810 -0.0546 -0.1860
vn 0.9771 -0.0462 -0.2079
vn -0.1033 0.9946 0.0046
vn -0.9623 0.2368 0.1337
vn 0.9822 -0.0647 -0.1761
vn 0.9795 -0.0511 -0.1949
vn 0.9866 0.0096 -0.1631
vn -0.9638 0.2424 0.1108
vn -0.9948 0.0106 0.1009
vn 0.9737 -0.0398 -0.2243
vn -0.9634 0.2393 0.1213
vn -0.9523 0.2892 0.0973
vn 0.9694 -0.0325 -0.2433
vn -0.9626 0.2383 0.1288
vn -0.1266 0.7238 0.6783
vn -0.2823 0.6330 0.7208
vn -0.2740 0.6366 0.7208
vn -0.1842 0.6774 0.7122
vn -0.3241 0.7066 0.6291
vn -0.3232 0.6598 0.6784
vn -0.0927 0.6956 0.7124
vn -0.3711 0.6749 0.6378
vn 0.0264 0.7316 0.6812
vn 0.0262 0.7317 0.6811
vn 0.0269 0.7316 0.6812
vn 0.0269 0.7318 0.6810
vn -0.2767 0.6035 0.7478
vn -0.7699 0.6186 0.1568
vn 0.3428 0.6847 0.6431
vn -0.5703 0.7395 0.3575
vn -0.5485 0.4238 0.7208
vn 0.5179 0.7492 -0.4130
vn 0.8095 -0.2730 0.5198
vn -0.5179 -0.7492 0.4130
vn -0.2062 0.7228 -0.6596
vn -0.3743 0.6353 -0.6755
vn -0.9386 -0.3367 -0.0755
vn -0.9220 -0.2451 0.2998
vn -0.0389 0.3438 0.9383
vn -0.2511 0.4882 0.8358
vn -0.5341 0.3608 0.7646
vn -0.4614 0.7608 0.4564
vn -0.2346 0.8630 0.4474
vn 0.0816 0.7951 0.6010
vn -0.2066 0.1998 0.9578
vn -0.0782 -0.0056 0.9969
vn 0.1074 0.9392 0.3260
vn 0.2735 0.3125 0.9097
vn -0.5582 -0.0831 0.8256
vn -0.3436 0.9322 0.1139
vn -0.2299 0.9709 0.0673
vn -0.8681 0.1759 0.4642
vn 0.5438 0.0860 0.8348
vn 0.8269 -0.0218 -0.5619
vn 0.5468 -0.0555 -0.8354
vn 0.1904 -0.0761 -0.9787
vn 0.1872 -0.0760 -0.9794
vn 0.1897 0.0936 0.9774
vn 0.9778 0.0496 0.2034
vn 0.8217 0.0727 0.5652
vn 0.8268 -0.0236 -0.5620
vn 0.9806 0.0153 -0.1953
vn 0.5466 -0.0578 -0.8354
vn 0.9780 0.0478 0.2032
vn 0.5435 0.0882 0.8347
vn -0.5438 0.0860 0.8348
vn -0.8269 -0.0218 -0.5619
vn -0.5468 -0.0555 -0.8354
vn -0.1904 -0.0761 -0.9787
vn -0.1872 -0.0760 -0.9794
vn -0.1897 0.0936 0.9774
vn -0.9778 0.0496 0.2034
vn -0.8217 0.0727 0.5652
vn -0.8268 -0.0236 -0.5620
vn -0.9806 0.0153 -0.1953
vn -0.5466 -0.0578 -0.8354
vn -0.9780 0.0478 0.2032
vn -0.5435 0.0882 0.8347
vn -0.0000 0.9959 0.0901
vt 0.827690 0.424156
vt 0.827506 0.413228
vt 0.856788 0.415201
vt 0.856294 0.426325
vt 0.548927 0.006799
vt 0.548927 0.016969
vt 0.520703 0.016969
vt 0.520703 0.006799
vt 0.767909 0.937295
vt 0.767909 0.946916
vt 0.743326 0.946916
vt 0.743326 0.937295
vt 0.661823 0.006800
vt 0.661823 0.016970
vt 0.633599 0.016970
vt 0.633599 0.006800
vt 0.605375 0.006800
vt 0.605375 0.016969
vt 0.577151 0.016969
vt 0.577151 0.006799
vt 0.214511 0.029255
vt 0.218084 0.011296
vt 0.245767 0.016805
vt 0.238622 0.034053
vt 0.238615 0.266873
vt 0.234762 0.288700
vt 0.190390 0.295141
vt 0.190390 0.276467
vt 0.259043 0.253217
vt 0.269201 0.268425
vt 0.306803 0.198705
vt 0.324050 0.205853
vt 0.292673 0.252785
vt 0.279480 0.239575
vt 0.293157 0.081815
vt 0.308383 0.071644
vt 0.324062 0.095115
vt 0.306813 0.102258
vt 0.311607 0.126371
vt 0.329567 0.122800
vt 0.323451 0.150483
vt 0.316399 0.150482
vt 0.259061 0.047712
vt 0.269235 0.032489
vt 0.292703 0.048173
vt 0.279501 0.061373
vt 0.311602 0.174594
vt 0.329561 0.178168
vt 0.773800 0.433374
vt 0.774106 0.422152
vt 0.782518 0.419485
vt 0.782906 0.430461
vt 0.702551 0.865473
vt 0.702551 0.875643
vt 0.646102 0.875643
vt 0.646102 0.865473
vt 0.448335 0.937295
vt 0.448335 0.946916
vt 0.399170 0.946916
vt 0.399170 0.937295
vt 0.472918 0.937295
vt 0.472918 0.946916
vt 0.492479 0.006799
vt 0.492479 0.016969
vt 0.464255 0.016963
vt 0.464255 0.006794
vt 0.546666 0.937295
vt 0.546666 0.946916
vt 0.497501 0.946916
vt 0.497501 0.937295
vt 0.669578 0.937295
vt 0.669578 0.946916
vt 0.644996 0.946916
vt 0.644996 0.937295
vt 0.576271 0.152740
vt 0.576271 0.162910
vt 0.531447 0.162104
vt 0.531447 0.151934
vt 0.620413 0.937295
vt 0.620413 0.946916
vt 0.595831 0.946916
vt 0.595831 0.937295
vt 0.718744 0.937295
vt 0.718744 0.946916
vt 0.694161 0.946916
vt 0.694161 0.937295
vt 0.571248 0.937295
vt 0.571248 0.946916
vt 0.199133 0.475155
vt 0.176873 0.475103
vt 0.176873 0.464933
vt 0.198832 0.464995
vt 0.617878 0.875643
vt 0.617878 0.865473
vt 0.119408 0.077981
vt 0.117986 0.065384
vt 0.185418 0.061122
vt 0.185418 0.073958
vt 0.872601 0.430013
vt 0.872679 0.418495
vt 0.881194 0.420870
vt 0.881808 0.432650
vt 0.157302 0.475103
vt 0.157303 0.464933
vt 0.137732 0.475103
vt 0.137731 0.464933
vt 0.115773 0.464995
vt 0.115472 0.475155
vt 0.097391 0.464957
vt 0.097405 0.475127
vt 0.217200 0.475127
vt 0.217214 0.464957
vt 0.798287 0.415751
vt 0.799116 0.426458
vt 0.883925 0.006119
vt 0.883925 0.010182
vt 0.869874 0.010182
vt 0.869874 0.006119
vt 0.912027 0.006119
vt 0.912027 0.010182
vt 0.897976 0.010182
vt 0.897976 0.006119
vt 0.926077 0.006119
vt 0.926077 0.010182
vt 0.855824 0.010182
vt 0.855824 0.006119
vt 0.841773 0.010182
vt 0.841773 0.006119
vt 0.940128 0.006119
vt 0.940128 0.010182
vt 0.827722 0.010182
vt 0.827722 0.006119
vt 0.329715 0.150484
vt 0.335093 0.137502
vt 0.335091 0.163466
vt 0.347491 0.125082
vt 0.348076 0.132126
vt 0.348073 0.168845
vt 0.347486 0.175889
vt 0.361058 0.137504
vt 0.368656 0.131983
vt 0.375033 0.150488
vt 0.366435 0.150487
vt 0.368653 0.168992
vt 0.361056 0.163469
vt 0.389512 0.112904
vt 0.392449 0.115983
vt 0.388348 0.125885
vt 0.384135 0.125885
vt 0.392449 0.135787
vt 0.389512 0.138866
vt 0.412172 0.116061
vt 0.415475 0.112904
vt 0.420852 0.125885
vt 0.416241 0.125885
vt 0.415475 0.138867
vt 0.412172 0.135709
vt 0.401716 0.139831
vt 0.402493 0.144244
vt 0.401716 0.111939
vt 0.402493 0.107527
vt 0.401821 0.125885
vt 0.387561 0.648280
vt 0.387182 0.636373
vt 0.471761 0.640186
vt 0.470311 0.652495
vt 0.417402 0.518297
vt 0.412207 0.502491
vt 0.462093 0.521010
vt 0.457023 0.527240
vt 0.346323 0.652295
vt 0.345064 0.640759
vt 0.807479 0.534321
vt 0.805957 0.500039
vt 0.828864 0.499011
vt 0.829201 0.533917
vt 0.850484 0.538635
vt 0.851452 0.502842
vt 0.870213 0.509957
vt 0.869924 0.547575
vt 0.359856 0.771625
vt 0.355277 0.733296
vt 0.390289 0.731720
vt 0.391612 0.771154
vt 0.527173 0.113361
vt 0.516561 0.088805
vt 0.553123 0.082434
vt 0.558863 0.105802
vt 0.590516 0.102361
vt 0.588105 0.074434
vt 0.623920 0.060157
vt 0.622391 0.095962
vt 0.460101 0.738927
vt 0.454400 0.780122
vt 0.658429 0.067656
vt 0.653288 0.103818
vt 0.787616 0.542097
vt 0.787038 0.506544
vt 0.185327 0.648480
vt 0.183946 0.636137
vt 0.214241 0.625360
vt 0.215502 0.637691
vt 0.883916 0.515679
vt 0.885146 0.554727
vt 0.134838 0.208789
vt 0.129412 0.166393
vt 0.185418 0.163932
vt 0.185418 0.206993
vt 0.039293 0.441684
vt 0.047099 0.444686
vt 0.045158 0.446865
vt 0.039114 0.445074
vt 0.106033 0.111421
vt 0.110304 0.119902
vt 0.106481 0.119890
vt 0.103900 0.113740
vt 0.772386 0.549137
vt 0.773402 0.512274
vt 0.048058 0.460617
vt 0.039253 0.464973
vt 0.039172 0.460846
vt 0.045291 0.458298
vt 0.190399 0.024459
vt 0.190401 0.005790
vt 0.283644 0.500506
vt 0.283639 0.494312
vt 0.325582 0.488950
vt 0.317676 0.502705
vt 0.792491 0.937291
vt 0.792491 0.946911
vt 0.491065 0.527900
vt 0.482621 0.540176
vt 0.803735 0.479533
vt 0.801764 0.458453
vt 0.828217 0.456738
vt 0.828537 0.478108
vt 0.853206 0.481443
vt 0.854605 0.459556
vt 0.872191 0.464453
vt 0.871539 0.487315
vt 0.352673 0.710131
vt 0.350117 0.686954
vt 0.388709 0.684025
vt 0.389495 0.707890
vt 0.465962 0.689465
vt 0.463045 0.714179
vt 0.785344 0.485034
vt 0.784193 0.463279
vt 0.314355 0.627384
vt 0.313639 0.640052
vt 0.290505 0.629781
vt 0.290896 0.617063
vt 0.883460 0.468074
vt 0.884134 0.491824
vt 0.126533 0.141110
vt 0.123674 0.115813
vt 0.185418 0.112489
vt 0.185418 0.138222
vt 0.772855 0.489659
vt 0.773026 0.467099
vt 0.197568 0.764019
vt 0.193737 0.722697
vt 0.223051 0.711841
vt 0.227687 0.752970
vt 0.188115 0.673200
vt 0.218018 0.662387
vt 0.828692 0.488635
vt 0.852376 0.492209
vt 0.773010 0.500966
vt 0.786098 0.495806
vt 0.127969 0.153751
vt 0.185418 0.151083
vt 0.870987 0.498653
vt 0.884169 0.503754
vt 0.804807 0.489878
vt 0.389890 0.719814
vt 0.461581 0.726527
vt 0.395972 0.592874
vt 0.405002 0.585879
vt 0.427468 0.603743
vt 0.421622 0.612829
vt 0.353968 0.721713
vt 0.283542 0.588356
vt 0.283572 0.577653
vt 0.310066 0.568539
vt 0.313380 0.578138
vt 0.456401 0.603917
vt 0.453752 0.613553
vt 0.799964 0.437140
vt 0.827871 0.435053
vt 0.855775 0.437423
vt 0.872506 0.441521
vt 0.347583 0.663830
vt 0.387942 0.660185
vt 0.468861 0.664802
vt 0.783304 0.441428
vt 0.882408 0.444436
vt 0.120831 0.090577
vt 0.185418 0.086791
vt 0.773500 0.444597
vt 0.312925 0.652720
vt 0.311468 0.678094
vt 0.289341 0.667978
vt 0.290115 0.642501
vt 0.585347 0.031777
vt 0.585347 0.039030
vt 0.555594 0.039030
vt 0.555594 0.031777
vt 0.525841 0.031777
vt 0.525841 0.039030
vt 0.496087 0.039030
vt 0.496087 0.031777
vt 0.436581 0.031777
vt 0.436581 0.039030
vt 0.406828 0.039030
vt 0.406828 0.031777
vt 0.337389 0.963411
vt 0.337388 0.970664
vt 0.308548 0.970663
vt 0.308548 0.963410
vt 0.367595 0.963421
vt 0.367595 0.970674
vt 0.466334 0.031777
vt 0.466334 0.039030
vt 0.615100 0.031777
vt 0.615100 0.039030
vt 0.644853 0.031777
vt 0.644853 0.039031
vt 0.279707 0.970662
vt 0.279707 0.963409
vt 0.251551 0.970656
vt 0.251551 0.963403
vt 0.816561 0.608550
vt 0.816577 0.615748
vt 0.792457 0.615796
vt 0.792442 0.608600
vt 0.793631 0.963477
vt 0.793631 0.970674
vt 0.768065 0.970674
vt 0.768065 0.963477
vt 0.819197 0.963477
vt 0.819197 0.970674
vt 0.742499 0.963476
vt 0.742499 0.970674
vt 0.716933 0.970674
vt 0.716933 0.963476
vt 0.870329 0.963477
vt 0.870329 0.970674
vt 0.844763 0.970674
vt 0.844763 0.963477
vt 0.891740 0.608514
vt 0.891740 0.615711
vt 0.865868 0.615703
vt 0.865868 0.608506
vt 0.842152 0.616005
vt 0.841214 0.608496
vt 0.398413 0.066590
vt 0.403882 0.066429
vt 0.393635 0.093388
vt 0.389655 0.089635
vt 0.625282 0.490534
vt 0.620204 0.492570
vt 0.620543 0.462819
vt 0.625573 0.464970
vt 0.687000 0.491237
vt 0.692030 0.493388
vt 0.670753 0.514186
vt 0.668717 0.509108
vt 0.643153 0.508817
vt 0.641002 0.513847
vt 0.365839 0.105213
vt 0.365839 0.099744
vt 0.388311 0.044102
vt 0.392063 0.040121
vt 0.641820 0.442021
vt 0.643855 0.447100
vt 0.687291 0.465673
vt 0.692369 0.463637
vt 0.669420 0.447391
vt 0.671571 0.442360
vt 0.365839 0.035340
vt 0.365839 0.029871
vt 0.763930 0.772073
vt 0.769629 0.791515
vt 0.750466 0.796078
vt 0.744921 0.784484
vt 0.786311 0.765912
vt 0.786659 0.790306
vt 0.808952 0.770846
vt 0.803455 0.791469
vt 0.264420 0.817579
vt 0.258945 0.836678
vt 0.242035 0.835421
vt 0.242035 0.811936
vt 0.828119 0.782699
vt 0.821998 0.795840
vt 0.283180 0.829797
vt 0.277465 0.841282
vt 0.921461 0.963476
vt 0.921461 0.970674
vt 0.895895 0.970674
vt 0.895895 0.963476
vt 0.064638 0.259749
vt 0.071273 0.259730
vt 0.062516 0.281770
vt 0.057686 0.277218
vt 0.805953 0.387812
vt 0.802583 0.393530
vt 0.787201 0.373109
vt 0.793628 0.371448
vt 0.845458 0.358057
vt 0.851885 0.356396
vt 0.848321 0.381712
vt 0.842602 0.378342
vt 0.826239 0.390667
vt 0.827899 0.397094
vt 0.038702 0.291881
vt 0.038701 0.285245
vt 0.056614 0.241066
vt 0.061166 0.236235
vt 0.790765 0.347793
vt 0.796484 0.351163
vt 0.833134 0.341694
vt 0.836504 0.335975
vt 0.812848 0.338838
vt 0.811187 0.332411
vt 0.038694 0.234112
vt 0.038694 0.227476
vt 0.790905 0.898944
vt 0.790905 0.906175
vt 0.762065 0.906142
vt 0.762065 0.898889
vt 0.819643 0.898966
vt 0.819642 0.906188
vt 0.733224 0.906109
vt 0.733224 0.898833
vt 0.704261 0.906095
vt 0.704261 0.898810
vt 0.917164 0.917557
vt 0.917164 0.924733
vt 0.892405 0.924711
vt 0.892405 0.917546
vt 0.991038 0.917627
vt 0.991038 0.924855
vt 0.966471 0.924834
vt 0.966471 0.917615
vt 0.941817 0.924784
vt 0.941818 0.917586
vt 0.011543 0.457442
vt 0.006073 0.457375
vt 0.017436 0.430868
vt 0.021257 0.434783
vt 0.044104 0.420159
vt 0.044055 0.425629
vt 0.020697 0.480333
vt 0.016781 0.484154
vt 0.043471 0.490048
vt 0.043421 0.495519
vt 0.301193 0.844071
vt 0.298963 0.848920
vt 0.321783 0.853205
vt 0.321123 0.854737
vt 0.534700 0.721465
vt 0.541337 0.721521
vt 0.531711 0.744218
vt 0.527057 0.739484
vt 0.508949 0.753460
vt 0.508984 0.746822
vt 0.527362 0.703320
vt 0.532095 0.698666
vt 0.509249 0.695677
vt 0.509283 0.689039
vt 0.938439 0.091180
vt 0.938439 0.098411
vt 0.909598 0.098378
vt 0.909598 0.091125
vt 0.794234 0.091125
vt 0.794234 0.098378
vt 0.765393 0.098411
vt 0.765394 0.091180
vt 0.967280 0.091202
vt 0.967280 0.098424
vt 0.736552 0.098425
vt 0.736552 0.091203
vt 0.880758 0.098345
vt 0.880758 0.091069
vt 0.851916 0.091047
vt 0.851916 0.098331
vt 0.823075 0.098345
vt 0.823075 0.091069
vt 0.341800 0.987134
vt 0.341800 0.994309
vt 0.317145 0.994288
vt 0.317145 0.987122
vt 0.415761 0.987203
vt 0.415761 0.994432
vt 0.391106 0.994411
vt 0.391106 0.987191
vt 0.366453 0.994360
vt 0.366453 0.987163
vt 0.267838 0.987162
vt 0.267838 0.994359
vt 0.243185 0.994410
vt 0.243185 0.987191
vt 0.822994 0.029095
vt 0.828043 0.026987
vt 0.828127 0.055827
vt 0.823067 0.053748
vt 0.763474 0.029268
vt 0.758414 0.027190
vt 0.778747 0.006737
vt 0.780856 0.011785
vt 0.805510 0.011713
vt 0.807589 0.006653
vt 0.807794 0.076280
vt 0.805685 0.071232
vt 0.763547 0.053922
vt 0.758499 0.056030
vt 0.781031 0.071304
vt 0.778953 0.076364
vt 0.845981 0.796964
vt 0.843147 0.803049
vt 0.865955 0.806967
vt 0.865199 0.809011
vt 0.726228 0.798382
vt 0.728408 0.803292
vt 0.705323 0.808236
vt 0.704599 0.806116
vt 0.292491 0.987134
vt 0.292491 0.994309
vt 0.218530 0.994432
vt 0.218530 0.987203
vt 0.446853 0.333486
vt 0.443905 0.339434
vt 0.427685 0.320868
vt 0.433975 0.318746
vt 0.482441 0.302398
vt 0.488731 0.300276
vt 0.487071 0.324874
vt 0.481123 0.321926
vt 0.466382 0.334804
vt 0.468504 0.341093
vt 0.429345 0.296270
vt 0.435293 0.299218
vt 0.469564 0.287658
vt 0.472511 0.281710
vt 0.450034 0.286340
vt 0.447913 0.280050
vt 0.320761 0.857272
vt 0.298039 0.854356
vt 0.320427 0.863327
vt 0.297622 0.862951
vt 0.320769 0.871338
vt 0.298064 0.873266
vt 0.321925 0.879527
vt 0.299329 0.883754
vt 0.323452 0.886137
vt 0.301616 0.892684
vt 0.325821 0.890362
vt 0.305504 0.898822
vt 0.275514 0.851815
vt 0.275009 0.863190
vt 0.275630 0.875140
vt 0.276824 0.887286
vt 0.278826 0.899082
vt 0.284465 0.909680
vt 0.257777 0.850675
vt 0.257772 0.863513
vt 0.258127 0.876249
vt 0.258887 0.889254
vt 0.260244 0.903027
vt 0.265199 0.918700
vt 0.242035 0.850123
vt 0.242035 0.863444
vt 0.242035 0.876467
vt 0.242035 0.889939
vt 0.242035 0.904166
vt 0.242035 0.923158
vt 0.752269 0.806932
vt 0.729417 0.809002
vt 0.752530 0.818905
vt 0.729860 0.818249
vt 0.751944 0.831645
vt 0.729422 0.829461
vt 0.750487 0.844715
vt 0.727729 0.840887
vt 0.748186 0.857574
vt 0.725317 0.850877
vt 0.742172 0.869301
vt 0.721177 0.858080
vt 0.705732 0.811403
vt 0.706066 0.818222
vt 0.705665 0.827080
vt 0.704355 0.836109
vt 0.702524 0.843437
vt 0.699876 0.848229
vt 0.864943 0.812103
vt 0.842082 0.809610
vt 0.864876 0.818795
vt 0.841817 0.819098
vt 0.865618 0.827496
vt 0.842533 0.830171
vt 0.867245 0.836341
vt 0.844122 0.841342
vt 0.869296 0.843360
vt 0.846646 0.850857
vt 0.872249 0.847938
vt 0.850850 0.857292
vt 0.820129 0.807531
vt 0.819913 0.819719
vt 0.820574 0.832380
vt 0.821852 0.845181
vt 0.824209 0.857469
vt 0.830093 0.868222
vt 0.802230 0.806374
vt 0.802081 0.819991
vt 0.802450 0.833454
vt 0.803245 0.847146
vt 0.804515 0.861517
vt 0.809418 0.877738
vt 0.786606 0.805687
vt 0.786427 0.819762
vt 0.786430 0.833543
vt 0.786491 0.847687
vt 0.786470 0.862643
vt 0.786589 0.882431
vt 0.770824 0.806015
vt 0.770802 0.819477
vt 0.770256 0.832958
vt 0.769546 0.846836
vt 0.768256 0.861585
vt 0.763434 0.878541
vt 0.502624 0.602470
vt 0.493300 0.609734
vt 0.491094 0.600154
vt 0.363220 0.557575
vt 0.355830 0.565661
vt 0.351101 0.555842
vt 0.358626 0.510549
vt 0.365079 0.503885
vt 0.369362 0.512052
vt 0.510534 0.558497
vt 0.518740 0.554142
vt 0.521006 0.562404
vt 0.355192 0.533195
vt 0.366073 0.534580
vt 0.511850 0.582418
vt 0.500759 0.580100
vt 0.855746 0.663520
vt 0.855746 0.655010
vt 0.888054 0.655010
vt 0.888054 0.663520
vt 0.855471 0.120486
vt 0.855471 0.112080
vt 0.880695 0.112080
vt 0.880695 0.120486
vt 0.941760 0.663520
vt 0.941760 0.655010
vt 0.974068 0.655010
vt 0.974068 0.663520
vt 0.915033 0.663520
vt 0.915033 0.655010
vt 0.906156 0.120486
vt 0.906156 0.112080
vt 0.933565 0.112080
vt 0.933565 0.120486
vt 0.828062 0.120486
vt 0.828062 0.112080
vt 0.550589 0.580591
vt 0.539691 0.599639
vt 0.529029 0.618758
vt 0.426506 0.875643
vt 0.426506 0.866290
vt 0.445827 0.866290
vt 0.445827 0.875643
vt 0.450917 0.622748
vt 0.489191 0.619712
vt 0.523832 0.628339
vt 0.518717 0.638065
vt 0.354498 0.573347
vt 0.386851 0.600038
vt 0.316649 0.587698
vt 0.367258 0.489399
vt 0.309820 0.516042
vt 0.474185 0.552335
vt 0.556112 0.571166
vt 0.318149 0.561224
vt 0.321253 0.542300
vt 0.326376 0.542183
vt 0.397919 0.554287
vt 0.402782 0.556067
vt 0.399665 0.576624
vt 0.467530 0.598138
vt 0.475828 0.581669
vt 0.480660 0.583250
vt 0.316729 0.520017
vt 0.414508 0.535701
vt 0.422608 0.533857
vt 0.479233 0.558027
vt 0.368743 0.555133
vt 0.371133 0.535360
vt 0.350140 0.532424
vt 0.346570 0.551902
vt 0.503782 0.562069
vt 0.496360 0.578121
vt 0.487926 0.595683
vt 0.373285 0.518976
vt 0.352850 0.516127
vt 0.305570 0.303760
vt 0.316181 0.285549
vt 0.340595 0.279832
vt 0.333866 0.297711
vt 0.310254 0.261798
vt 0.346184 0.264810
vt 0.183634 0.344888
vt 0.177618 0.326977
vt 0.208708 0.332980
vt 0.218911 0.352972
vt 0.172604 0.311931
vt 0.216343 0.309264
vt 0.311322 0.340963
vt 0.309281 0.315313
vt 0.334306 0.318954
vt 0.327122 0.335194
vt 0.298327 0.356366
vt 0.318845 0.353178
vt 0.959026 0.120486
vt 0.959026 0.112080
vt 0.984250 0.112080
vt 0.984250 0.120486
vt 0.802040 0.663520
vt 0.802040 0.655010
vt 0.828767 0.655010
vt 0.828767 0.663520
vt 0.383072 0.875643
vt 0.383072 0.866290
vt 0.402394 0.866290
vt 0.402394 0.875643
vt 0.464973 0.866290
vt 0.464973 0.875643
vt 0.363926 0.875643
vt 0.363926 0.866290
vt 0.339814 0.875643
vt 0.339814 0.866290
vt 0.283539 0.599445
vt 0.415641 0.622112
vt 0.452012 0.533377
vt 0.283651 0.506639
vt 0.525604 0.539932
vt 0.028485 0.912977
vt 0.028485 0.902610
vt 0.053016 0.902610
vt 0.053016 0.912977
vt 0.190917 0.697960
vt 0.220537 0.687125
vt 0.561701 0.561679
vt 0.435235 0.150721
vt 0.433097 0.148576
vt 0.456123 0.122445
vt 0.444195 0.147169
vt 0.456532 0.159197
vt 0.487714 0.163352
vt 0.465235 0.180534
vt 0.452761 0.168150
vt 0.452770 0.150722
vt 0.472404 0.142556
vt 0.564564 0.129203
vt 0.592876 0.130334
vt 0.027206 0.452802
vt 0.030285 0.444154
vt 0.032930 0.447081
vt 0.030348 0.452800
vt 0.106239 0.128487
vt 0.097526 0.132365
vt 0.097496 0.128510
vt 0.103983 0.126173
vt 0.132688 0.902610
vt 0.132688 0.912977
vt 0.108158 0.912977
vt 0.108158 0.902610
vt 0.829625 0.570261
vt 0.848858 0.575715
vt 0.771902 0.586208
vt 0.788841 0.578179
vt 0.140429 0.251153
vt 0.185418 0.250309
vt 0.868966 0.585686
vt 0.885825 0.593944
vt 0.310004 0.703514
vt 0.309262 0.716217
vt 0.288175 0.706242
vt 0.288565 0.693496
vt 0.809678 0.569908
vt 0.621190 0.131730
vt 0.648314 0.140004
vt 0.393018 0.810855
vt 0.448656 0.821339
vt 0.537657 0.137971
vt 0.364677 0.809911
vt 0.082170 0.902610
vt 0.082170 0.912977
vt 0.256731 0.623626
vt 0.256357 0.611103
vt 0.260450 0.753381
vt 0.259282 0.711477
vt 0.287783 0.718970
vt 0.286298 0.761624
vt 0.258570 0.686363
vt 0.257844 0.661233
vt 0.258927 0.698922
vt 0.257104 0.636149
vt 0.261572 0.795338
vt 0.284845 0.804382
vt 0.307558 0.771529
vt 0.306613 0.814170
vt 0.182564 0.623793
vt 0.212980 0.613029
vt 0.269349 0.300922
vt 0.295852 0.284591
vt 0.293293 0.316441
vt 0.269496 0.333449
vt 0.308506 0.728920
vt 0.192324 0.710332
vt 0.221794 0.699486
vt 0.201427 0.805419
vt 0.232323 0.794166
vt 0.237419 0.305281
vt 0.245537 0.326479
vt 0.171065 0.818363
vt 0.168156 0.776929
vt 0.323358 0.736123
vt 0.323149 0.778727
vt 0.329993 0.647314
vt 0.329078 0.659967
vt 0.165276 0.735496
vt 0.163709 0.723137
vt 0.162155 0.710788
vt 0.324335 0.723418
vt 0.327191 0.685311
vt 0.325295 0.710713
vt 0.154494 0.649123
vt 0.152989 0.636815
vt 0.322939 0.821339
vt 0.154425 0.902610
vt 0.154425 0.912977
vt 0.159065 0.686083
vt 0.006748 0.912977
vt 0.006748 0.902610
vt 0.155999 0.661430
vt 0.330912 0.634661
vt 0.491681 0.134290
vt 0.501257 0.132420
vt 0.510777 0.146836
vt 0.496644 0.109187
vt 0.486997 0.111146
vt 0.474678 0.086118
vt 0.481576 0.119341
vt 0.483552 0.128935
vt 0.506727 0.124296
vt 0.504836 0.114652
vt 0.028225 0.084273
vt 0.020355 0.081149
vt 0.020356 0.078617
vt 0.030009 0.082476
vt 0.020350 0.102681
vt 0.028284 0.099498
vt 0.030081 0.101282
vt 0.020350 0.105213
vt 0.031408 0.091874
vt 0.033940 0.091864
vt 0.431405 0.099012
vt 0.439310 0.099431
vt 0.440153 0.101819
vt 0.430314 0.101296
vt 0.440324 0.080348
vt 0.432419 0.079928
vt 0.431576 0.077541
vt 0.441415 0.078064
vt 0.426533 0.085221
vt 0.424248 0.084129
vt 0.426113 0.093125
vt 0.423726 0.093969
vt 0.445196 0.094139
vt 0.447481 0.095231
vt 0.445616 0.086235
vt 0.448003 0.085391
vt 0.493822 0.494142
vt 0.490418 0.502392
vt 0.487117 0.498210
vt 0.488674 0.494044
vt 0.474072 0.502220
vt 0.470774 0.494137
vt 0.476779 0.494029
vt 0.478638 0.498339
vt 0.030546 0.201710
vt 0.027230 0.210174
vt 0.023018 0.206600
vt 0.024873 0.202184
vt 0.026979 0.193409
vt 0.023066 0.197707
vt 0.030370 0.460954
vt 0.032971 0.458551
vt 0.050909 0.452043
vt 0.047611 0.452378
vt 0.088485 0.128443
vt 0.090780 0.126114
vt 0.478656 0.489736
vt 0.482950 0.488054
vt 0.482358 0.494332
vt 0.018571 0.201869
vt 0.018571 0.195749
vt 0.487106 0.489884
vt 0.482941 0.500044
vt 0.018571 0.208356
vt 0.018571 0.189955
vt 0.474093 0.486060
vt 0.482211 0.482601
vt 0.482189 0.505701
vt 0.490416 0.485912
vt 0.018571 0.213820
vt 0.064698 0.658339
vt 0.036094 0.660509
vt 0.035599 0.649385
vt 0.064882 0.647411
vt 0.379583 0.006799
vt 0.407807 0.006799
vt 0.407807 0.016969
vt 0.379583 0.016969
vt 0.030432 0.937295
vt 0.055015 0.937295
vt 0.055015 0.946915
vt 0.030432 0.946915
vt 0.266687 0.006800
vt 0.294911 0.006800
vt 0.294911 0.016970
vt 0.266687 0.016970
vt 0.323135 0.006799
vt 0.351359 0.006799
vt 0.351359 0.016969
vt 0.323135 0.016969
vt 0.166288 0.029251
vt 0.142176 0.034046
vt 0.135033 0.016798
vt 0.162717 0.011292
vt 0.142164 0.266875
vt 0.146016 0.288703
vt 0.121738 0.253219
vt 0.111576 0.268425
vt 0.073977 0.198687
vt 0.101302 0.239567
vt 0.088103 0.252778
vt 0.056728 0.205834
vt 0.087634 0.081800
vt 0.073976 0.102241
vt 0.056728 0.095096
vt 0.072410 0.071627
vt 0.069179 0.126352
vt 0.064385 0.150464
vt 0.057333 0.150464
vt 0.051220 0.122780
vt 0.121734 0.047703
vt 0.101293 0.061360
vt 0.088093 0.048158
vt 0.111562 0.032478
vt 0.069180 0.174575
vt 0.051220 0.178148
vt 0.118588 0.667557
vt 0.109482 0.664645
vt 0.109869 0.653668
vt 0.118282 0.656335
vt 0.334482 0.828139
vt 0.390930 0.828140
vt 0.390930 0.838309
vt 0.334482 0.838309
vt 0.350005 0.937295
vt 0.350005 0.946916
vt 0.325423 0.937295
vt 0.325423 0.946916
vt 0.436031 0.006799
vt 0.436031 0.016969
vt 0.251675 0.937295
vt 0.300840 0.937295
vt 0.300840 0.946916
vt 0.251675 0.946916
vt 0.128762 0.937295
vt 0.153345 0.937295
vt 0.153345 0.946916
vt 0.128762 0.946916
vt 0.621096 0.151934
vt 0.621096 0.162104
vt 0.177927 0.937295
vt 0.202510 0.937295
vt 0.202510 0.946916
vt 0.177927 0.946916
vt 0.079597 0.937295
vt 0.104180 0.937295
vt 0.104180 0.946915
vt 0.079597 0.946915
vt 0.227093 0.937295
vt 0.227093 0.946916
vt 0.032320 0.848491
vt 0.032621 0.838331
vt 0.054580 0.838269
vt 0.054580 0.848439
vt 0.419155 0.828139
vt 0.419155 0.838309
vt 0.251428 0.077981
vt 0.252850 0.065384
vt 0.019787 0.664196
vt 0.010580 0.666834
vt 0.011193 0.655054
vt 0.019709 0.652678
vt 0.074150 0.838269
vt 0.074151 0.848439
vt 0.093721 0.838269
vt 0.093721 0.848439
vt 0.115680 0.838331
vt 0.115981 0.848491
vt 0.134062 0.838293
vt 0.134048 0.848463
vt 0.014253 0.848463
vt 0.014239 0.838293
vt 0.093271 0.660641
vt 0.094100 0.649934
vt 0.673499 0.528789
vt 0.687550 0.528789
vt 0.687550 0.532852
vt 0.673499 0.532852
vt 0.645397 0.528789
vt 0.659448 0.528789
vt 0.659448 0.532852
vt 0.645397 0.532852
vt 0.631347 0.528789
vt 0.631347 0.532852
vt 0.701601 0.528789
vt 0.701601 0.532852
vt 0.715652 0.528789
vt 0.715652 0.532852
vt 0.617296 0.528789
vt 0.617296 0.532852
vt 0.729703 0.528789
vt 0.729703 0.532852
vt 0.051069 0.150464
vt 0.045692 0.137481
vt 0.045692 0.163446
vt 0.032710 0.132104
vt 0.033296 0.125060
vt 0.032710 0.168824
vt 0.033296 0.175867
vt 0.019727 0.137481
vt 0.014350 0.150464
vt 0.005751 0.150464
vt 0.012130 0.131960
vt 0.019727 0.163446
vt 0.012130 0.168968
vt 0.378141 0.053509
vt 0.383518 0.066490
vt 0.379305 0.066491
vt 0.375203 0.056589
vt 0.378141 0.079472
vt 0.375204 0.076393
vt 0.355481 0.056667
vt 0.351411 0.066491
vt 0.346801 0.066491
vt 0.352178 0.053509
vt 0.355481 0.076315
vt 0.352178 0.079472
vt 0.365937 0.080436
vt 0.365160 0.084849
vt 0.365937 0.052545
vt 0.365159 0.048132
vt 0.365832 0.066491
vt 0.570113 0.188398
vt 0.487364 0.192613
vt 0.485913 0.180304
vt 0.570492 0.176491
vt 0.150808 0.517068
vt 0.111330 0.525358
vt 0.106390 0.519095
vt 0.156196 0.501455
vt 0.611351 0.192413
vt 0.612611 0.180877
vt 0.084909 0.768505
vt 0.063187 0.768101
vt 0.063523 0.733195
vt 0.086430 0.734222
vt 0.041904 0.772819
vt 0.022463 0.781759
vt 0.022174 0.744141
vt 0.040936 0.737026
vt 0.597819 0.311743
vt 0.566063 0.311271
vt 0.567385 0.271837
vt 0.602397 0.273414
vt 0.397778 0.243030
vt 0.390190 0.274899
vt 0.366690 0.269136
vt 0.373084 0.232369
vt 0.386743 0.306729
vt 0.380321 0.338784
vt 0.344317 0.340335
vt 0.358660 0.304316
vt 0.503274 0.320240
vt 0.497573 0.279045
vt 0.388232 0.369849
vt 0.351871 0.375033
vt 0.104771 0.776281
vt 0.105349 0.740727
vt 0.805971 0.149568
vt 0.775796 0.138778
vt 0.777057 0.126448
vt 0.807352 0.137224
vt 0.007242 0.788911
vt 0.008471 0.749862
vt 0.235999 0.208789
vt 0.241425 0.166393
vt 0.039479 0.248405
vt 0.039258 0.251672
vt 0.033109 0.253546
vt 0.030951 0.250721
vt 0.097318 0.111664
vt 0.097334 0.107999
vt 0.120001 0.783320
vt 0.118986 0.746457
vt 0.030665 0.267805
vt 0.032952 0.265405
vt 0.039189 0.267494
vt 0.039340 0.271517
vt 0.249993 0.502818
vt 0.242180 0.489162
vt 0.005850 0.937290
vt 0.005850 0.946910
vt 0.085714 0.537815
vt 0.077516 0.525496
vt 0.088653 0.713717
vt 0.063850 0.712291
vt 0.064170 0.690921
vt 0.090623 0.692636
vt 0.039181 0.715626
vt 0.020849 0.721498
vt 0.020197 0.698636
vt 0.037782 0.693739
vt 0.605001 0.250249
vt 0.568180 0.248008
vt 0.568965 0.224143
vt 0.607558 0.227072
vt 0.494630 0.254297
vt 0.491712 0.229583
vt 0.107044 0.719217
vt 0.108194 0.697462
vt 0.676943 0.128471
vt 0.700402 0.118150
vt 0.700793 0.130868
vt 0.677659 0.141139
vt 0.008254 0.726008
vt 0.008928 0.702258
vt 0.244304 0.141110
vt 0.247163 0.115813
vt 0.119533 0.723842
vt 0.119361 0.701283
vt 0.793730 0.265106
vt 0.763611 0.254057
vt 0.768247 0.212928
vt 0.797561 0.223784
vt 0.803183 0.174287
vt 0.773280 0.163475
vt 0.063695 0.722818
vt 0.040011 0.726393
vt 0.119377 0.735149
vt 0.106289 0.729989
vt 0.242867 0.153751
vt 0.021400 0.732836
vt 0.008219 0.737937
vt 0.087581 0.724061
vt 0.567785 0.259932
vt 0.496093 0.266645
vt 0.170971 0.591468
vt 0.145185 0.610898
vt 0.139518 0.601783
vt 0.162108 0.584379
vt 0.603706 0.261831
vt 0.253455 0.578136
vt 0.256775 0.568548
vt 0.113263 0.611124
vt 0.110780 0.601514
vt 0.064517 0.669236
vt 0.092424 0.671324
vt 0.019882 0.675704
vt 0.036612 0.671606
vt 0.569733 0.200303
vt 0.610092 0.203948
vt 0.488814 0.204920
vt 0.109084 0.675612
vt 0.009979 0.678619
vt 0.250006 0.090577
vt 0.118887 0.678781
vt 0.678373 0.153808
vt 0.701183 0.143588
vt 0.701957 0.169066
vt 0.679830 0.179181
vt 0.395062 0.898935
vt 0.424815 0.898935
vt 0.424815 0.906188
vt 0.395062 0.906188
vt 0.454568 0.898935
vt 0.484321 0.898935
vt 0.484321 0.906188
vt 0.454568 0.906188
vt 0.543827 0.898935
vt 0.573580 0.898935
vt 0.573580 0.906189
vt 0.543827 0.906189
vt 0.397802 0.963411
vt 0.426643 0.963410
vt 0.426643 0.970663
vt 0.397802 0.970664
vt 0.514074 0.898935
vt 0.514074 0.906189
vt 0.365309 0.898935
vt 0.365309 0.906188
vt 0.335555 0.898935
vt 0.335555 0.906188
vt 0.455484 0.963408
vt 0.455484 0.970662
vt 0.483639 0.963403
vt 0.483640 0.970656
vt 0.966919 0.608550
vt 0.991038 0.608599
vt 0.991022 0.615796
vt 0.966903 0.615748
vt 0.625853 0.963476
vt 0.651419 0.963477
vt 0.651419 0.970674
vt 0.625853 0.970674
vt 0.600287 0.963477
vt 0.600287 0.970674
vt 0.676984 0.963476
vt 0.702551 0.963476
vt 0.702551 0.970674
vt 0.676984 0.970674
vt 0.549155 0.963477
vt 0.574720 0.963477
vt 0.574720 0.970674
vt 0.549155 0.970674
vt 0.917612 0.608506
vt 0.917612 0.615703
vt 0.942265 0.608496
vt 0.941327 0.616005
vt 0.333265 0.066590
vt 0.342024 0.089635
vt 0.338043 0.093388
vt 0.327797 0.066429
vt 0.578512 0.534478
vt 0.597557 0.517423
vt 0.602489 0.519792
vt 0.580324 0.539640
vt 0.537335 0.488499
vt 0.535929 0.514026
vt 0.530767 0.515838
vt 0.532404 0.486130
vt 0.552984 0.533071
vt 0.550616 0.538003
vt 0.343368 0.044102
vt 0.339615 0.040121
vt 0.598964 0.491896
vt 0.604126 0.490084
vt 0.556381 0.471443
vt 0.554568 0.466281
vt 0.581908 0.472851
vt 0.584276 0.467919
vt 0.563830 0.772073
vt 0.582839 0.784484
vt 0.577294 0.796078
vt 0.558131 0.791515
vt 0.541449 0.765912
vt 0.541101 0.790306
vt 0.518808 0.770846
vt 0.524305 0.791469
vt 0.219650 0.817579
vt 0.225124 0.836678
vt 0.499641 0.782699
vt 0.505762 0.795840
vt 0.200890 0.829797
vt 0.206605 0.841282
vt 0.498023 0.963476
vt 0.523589 0.963476
vt 0.523589 0.970674
vt 0.498023 0.970674
vt 0.012754 0.259755
vt 0.019713 0.277222
vt 0.014884 0.281776
vt 0.006119 0.259737
vt 0.833609 0.745561
vt 0.848498 0.731491
vt 0.854556 0.734204
vt 0.835974 0.751763
vt 0.799640 0.709614
vt 0.799061 0.730092
vt 0.792859 0.732457
vt 0.793582 0.706902
vt 0.813131 0.744981
vt 0.810418 0.751040
vt 0.020776 0.241070
vt 0.016223 0.236240
vt 0.849077 0.711014
vt 0.855279 0.708648
vt 0.814529 0.695545
vt 0.812164 0.689343
vt 0.835007 0.696125
vt 0.837720 0.690066
vt 0.617617 0.898944
vt 0.646458 0.898889
vt 0.646458 0.906142
vt 0.617617 0.906175
vt 0.588880 0.898967
vt 0.588879 0.906189
vt 0.675298 0.898833
vt 0.675298 0.906109
vt 0.867645 0.917557
vt 0.867645 0.924733
vt 0.793771 0.917627
vt 0.818338 0.917615
vt 0.818338 0.924834
vt 0.793772 0.924855
vt 0.842992 0.917586
vt 0.842992 0.924783
vt 0.075984 0.458026
vt 0.066683 0.435195
vt 0.070573 0.431349
vt 0.081455 0.458058
vt 0.066417 0.480748
vt 0.070263 0.484639
vt 0.182877 0.844071
vt 0.185107 0.848920
vt 0.162286 0.853205
vt 0.162947 0.854737
vt 0.483532 0.721200
vt 0.490987 0.739297
vt 0.486284 0.743982
vt 0.476894 0.721187
vt 0.491058 0.703132
vt 0.486373 0.698429
vt 0.035692 0.963430
vt 0.064532 0.963374
vt 0.064532 0.970628
vt 0.035692 0.970661
vt 0.179896 0.963374
vt 0.208736 0.963429
vt 0.208736 0.970660
vt 0.179896 0.970627
vt 0.006851 0.963452
vt 0.006851 0.970674
vt 0.237577 0.963452
vt 0.237578 0.970674
vt 0.093373 0.963319
vt 0.093373 0.970594
vt 0.122214 0.963296
vt 0.151055 0.963319
vt 0.151055 0.970594
vt 0.122214 0.970581
vt 0.080368 0.987134
vt 0.105023 0.987122
vt 0.105023 0.994288
vt 0.080368 0.994309
vt 0.006407 0.987203
vt 0.031061 0.987191
vt 0.031062 0.994411
vt 0.006407 0.994432
vt 0.055715 0.987163
vt 0.055715 0.994360
vt 0.154330 0.987162
vt 0.178984 0.987191
vt 0.178984 0.994410
vt 0.154330 0.994359
vt 0.678673 0.029931
vt 0.678113 0.054578
vt 0.673012 0.056556
vt 0.673667 0.027723
vt 0.738178 0.031281
vt 0.721145 0.013457
vt 0.723353 0.008452
vt 0.743278 0.029302
vt 0.696497 0.012898
vt 0.694519 0.007797
vt 0.695145 0.072401
vt 0.692937 0.077407
vt 0.737617 0.055928
vt 0.742623 0.058136
vt 0.719793 0.072961
vt 0.721771 0.078061
vt 0.481779 0.796964
vt 0.484613 0.803049
vt 0.461805 0.806967
vt 0.462560 0.809011
vt 0.601531 0.798383
vt 0.623161 0.806116
vt 0.622437 0.808236
vt 0.599352 0.803292
vt 0.129677 0.987134
vt 0.129677 0.994309
vt 0.203638 0.987203
vt 0.203638 0.994432
vt 0.059233 0.049345
vt 0.061494 0.029903
vt 0.067879 0.028088
vt 0.065032 0.052576
vt 0.012295 0.043888
vt 0.024444 0.059234
vt 0.021212 0.065032
vt 0.005910 0.045703
vt 0.043887 0.061494
vt 0.045701 0.067879
vt 0.049345 0.014557
vt 0.052577 0.008759
vt 0.014555 0.024446
vt 0.008757 0.021215
vt 0.029902 0.012297
vt 0.028087 0.005912
vt 0.186030 0.854356
vt 0.163309 0.857272
vt 0.186448 0.862951
vt 0.163642 0.863327
vt 0.186006 0.873266
vt 0.163300 0.871338
vt 0.184740 0.883754
vt 0.162145 0.879527
vt 0.182454 0.892684
vt 0.160617 0.886137
vt 0.178565 0.898822
vt 0.158249 0.890362
vt 0.208555 0.851815
vt 0.209060 0.863190
vt 0.208439 0.875140
vt 0.207245 0.887287
vt 0.205243 0.899082
vt 0.199605 0.909680
vt 0.226292 0.850675
vt 0.226297 0.863513
vt 0.225943 0.876249
vt 0.225183 0.889254
vt 0.223826 0.903027
vt 0.218870 0.918700
vt 0.598343 0.809002
vt 0.575491 0.806932
vt 0.597900 0.818249
vt 0.575229 0.818905
vt 0.598338 0.829461
vt 0.575816 0.831645
vt 0.600030 0.840888
vt 0.577273 0.844715
vt 0.602443 0.850876
vt 0.579573 0.857574
vt 0.606582 0.858080
vt 0.585587 0.869301
vt 0.622027 0.811403
vt 0.621693 0.818222
vt 0.622095 0.827080
vt 0.623405 0.836109
vt 0.625236 0.843437
vt 0.627883 0.848229
vt 0.485678 0.809610
vt 0.462817 0.812103
vt 0.485943 0.819098
vt 0.462884 0.818795
vt 0.485226 0.830171
vt 0.462142 0.827496
vt 0.483638 0.841342
vt 0.460515 0.836341
vt 0.481113 0.850857
vt 0.458464 0.843360
vt 0.476910 0.857293
vt 0.455511 0.847938
vt 0.507630 0.807532
vt 0.507847 0.819719
vt 0.507186 0.832380
vt 0.505908 0.845181
vt 0.503551 0.857469
vt 0.497667 0.868222
vt 0.525530 0.806374
vt 0.525679 0.819991
vt 0.525309 0.833454
vt 0.524514 0.847146
vt 0.523244 0.861517
vt 0.518341 0.877738
vt 0.541154 0.805687
vt 0.541333 0.819762
vt 0.541330 0.833543
vt 0.541269 0.847687
vt 0.541290 0.862643
vt 0.541171 0.882431
vt 0.556936 0.806015
vt 0.556957 0.819477
vt 0.557504 0.832958
vt 0.558214 0.846836
vt 0.559503 0.861585
vt 0.564326 0.878541
vt 0.064899 0.599371
vt 0.076385 0.597246
vt 0.074047 0.606726
vt 0.204065 0.556859
vt 0.216157 0.555298
vt 0.211297 0.565022
vt 0.209259 0.510179
vt 0.198586 0.511539
vt 0.202937 0.503500
vt 0.057716 0.555582
vt 0.047257 0.559302
vt 0.049634 0.551132
vt 0.201556 0.533951
vt 0.212400 0.532712
vt 0.067093 0.577184
vt 0.056043 0.579317
vt 0.913573 0.639762
vt 0.881265 0.639762
vt 0.881265 0.631252
vt 0.913573 0.631252
vt 0.936477 0.946916
vt 0.911253 0.946916
vt 0.911253 0.938511
vt 0.936477 0.938511
vt 0.827559 0.639762
vt 0.795251 0.639762
vt 0.795251 0.631252
vt 0.827559 0.631252
vt 0.854286 0.639762
vt 0.854286 0.631252
vt 0.885792 0.946916
vt 0.858382 0.946916
vt 0.858382 0.938511
vt 0.885792 0.938511
vt 0.963886 0.946916
vt 0.963886 0.938511
vt 0.028134 0.595993
vt 0.017602 0.576911
vt 0.038430 0.615142
vt 0.045673 0.872249
vt 0.026351 0.872249
vt 0.026351 0.862896
vt 0.045673 0.862896
vt 0.115938 0.620300
vt 0.077975 0.616698
vt 0.048374 0.634473
vt 0.043443 0.624736
vt 0.212498 0.572706
vt 0.179923 0.598728
vt 0.250132 0.587703
vt 0.200960 0.489120
vt 0.257875 0.516177
vt 0.093906 0.550017
vt 0.012262 0.567467
vt 0.248877 0.561151
vt 0.241012 0.541975
vt 0.246122 0.542164
vt 0.169624 0.553089
vt 0.167552 0.575256
vt 0.164766 0.554784
vt 0.099817 0.595605
vt 0.087005 0.580619
vt 0.091827 0.579123
vt 0.250927 0.520061
vt 0.153422 0.534390
vt 0.145410 0.532443
vt 0.088807 0.555593
vt 0.198609 0.554350
vt 0.196516 0.534657
vt 0.217433 0.532008
vt 0.220723 0.551440
vt 0.064366 0.559233
vt 0.071492 0.575286
vt 0.079599 0.592855
vt 0.194600 0.518357
vt 0.214932 0.515787
vt 0.117092 0.190062
vt 0.088796 0.184014
vt 0.082067 0.166134
vt 0.106480 0.171851
vt 0.076477 0.151112
vt 0.112408 0.148100
vt 0.287638 0.202342
vt 0.252362 0.210426
vt 0.262565 0.190433
vt 0.293654 0.184430
vt 0.254930 0.166718
vt 0.298669 0.169385
vt 0.282279 0.130538
vt 0.266479 0.124768
vt 0.259296 0.108528
vt 0.284320 0.104887
vt 0.295275 0.145940
vt 0.274757 0.142752
vt 0.832921 0.946916
vt 0.807697 0.946916
vt 0.807697 0.938511
vt 0.832921 0.938511
vt 0.967280 0.639762
vt 0.940552 0.639762
vt 0.940552 0.631252
vt 0.967280 0.631252
vt 0.089107 0.872249
vt 0.069785 0.872249
vt 0.069785 0.862896
vt 0.089107 0.862896
vt 0.007206 0.872249
vt 0.007206 0.862896
vt 0.108252 0.872249
vt 0.108252 0.862896
vt 0.132365 0.872249
vt 0.132365 0.862896
vt 0.150983 0.620209
vt 0.116214 0.531527
vt 0.043034 0.536917
vt 0.545055 0.064485
vt 0.520524 0.064485
vt 0.520524 0.054118
vt 0.545055 0.054118
vt 0.800381 0.199047
vt 0.770761 0.188212
vt 0.006857 0.557961
vt 0.431590 0.159715
vt 0.406894 0.171616
vt 0.443771 0.172039
vt 0.448043 0.203303
vt 0.435229 0.168183
vt 0.427068 0.187955
vt 0.413724 0.280622
vt 0.414873 0.309091
vt 0.050909 0.258683
vt 0.047626 0.259001
vt 0.045219 0.253494
vt 0.047147 0.251350
vt 0.088765 0.111211
vt 0.090847 0.113548
vt 0.088273 0.119536
vt 0.084437 0.119460
vt 0.440852 0.054118
vt 0.465382 0.054118
vt 0.465382 0.064485
vt 0.440852 0.064485
vt 0.062763 0.804445
vt 0.043530 0.809899
vt 0.120486 0.820391
vt 0.103547 0.812362
vt 0.230408 0.251153
vt 0.023422 0.819870
vt 0.006563 0.828127
vt 0.681294 0.204602
vt 0.702733 0.194583
vt 0.703123 0.207329
vt 0.682036 0.217304
vt 0.082710 0.804091
vt 0.416287 0.337562
vt 0.424617 0.364833
vt 0.564657 0.350973
vt 0.509018 0.361457
vt 0.422531 0.253561
vt 0.592998 0.350029
vt 0.491370 0.054118
vt 0.491370 0.064485
vt 0.734567 0.124713
vt 0.734942 0.112191
vt 0.730848 0.254469
vt 0.705000 0.262711
vt 0.703515 0.220057
vt 0.732016 0.212564
vt 0.732728 0.187451
vt 0.733455 0.162320
vt 0.732371 0.200009
vt 0.734194 0.137236
vt 0.729726 0.296425
vt 0.706453 0.305469
vt 0.683740 0.272616
vt 0.684685 0.315258
vt 0.778318 0.114116
vt 0.808734 0.124880
vt 0.111424 0.300925
vt 0.111275 0.333457
vt 0.087475 0.316445
vt 0.084919 0.284589
vt 0.682792 0.230007
vt 0.798974 0.211419
vt 0.769504 0.200574
vt 0.789871 0.306506
vt 0.758974 0.295253
vt 0.143358 0.305287
vt 0.135237 0.326487
vt 0.820233 0.319450
vt 0.823142 0.278016
vt 0.667940 0.237210
vt 0.668149 0.279814
vt 0.661305 0.148401
vt 0.662220 0.161054
vt 0.826022 0.236584
vt 0.827589 0.224225
vt 0.829143 0.211876
vt 0.666963 0.224505
vt 0.664107 0.186398
vt 0.666003 0.211801
vt 0.836804 0.150210
vt 0.838309 0.137903
vt 0.668359 0.322427
vt 0.419115 0.054118
vt 0.419115 0.064485
vt 0.832233 0.187170
vt 0.566792 0.064485
vt 0.566792 0.054118
vt 0.835299 0.162517
vt 0.660387 0.135748
vt 0.418799 0.207333
vt 0.431433 0.226525
vt 0.416926 0.216962
vt 0.393569 0.212338
vt 0.370374 0.190261
vt 0.395535 0.202639
vt 0.403771 0.197187
vt 0.413410 0.199167
vt 0.408761 0.222467
vt 0.399065 0.220571
vt 0.012484 0.084269
vt 0.010701 0.082471
vt 0.010620 0.101278
vt 0.012418 0.099495
vt 0.009298 0.091869
vt 0.006766 0.091858
vt 0.343740 0.238028
vt 0.346184 0.238689
vt 0.340169 0.246494
vt 0.338908 0.244298
vt 0.323771 0.232633
vt 0.321327 0.231972
vt 0.327342 0.224168
vt 0.328603 0.226363
vt 0.337114 0.222902
vt 0.336454 0.225346
vt 0.344919 0.228917
vt 0.342723 0.230178
vt 0.330397 0.247759
vt 0.331058 0.245315
vt 0.324788 0.240483
vt 0.322593 0.241744
vt 0.438531 0.253170
vt 0.443679 0.253072
vt 0.445235 0.257238
vt 0.441935 0.261420
vt 0.458280 0.261248
vt 0.453715 0.257367
vt 0.455574 0.253057
vt 0.461579 0.253166
vt 0.006596 0.201710
vt 0.012268 0.202184
vt 0.014123 0.206600
vt 0.009912 0.210174
vt 0.010163 0.193409
vt 0.014076 0.197707
vt 0.048038 0.267210
vt 0.045290 0.264913
vt 0.030565 0.259365
vt 0.026524 0.259306
vt 0.449995 0.253360
vt 0.449403 0.247083
vt 0.453697 0.248764
vt 0.445247 0.248913
vt 0.449412 0.259072
vt 0.458260 0.245088
vt 0.450142 0.241629
vt 0.450163 0.264729
vt 0.441937 0.244940
vt 0.342090 0.474301
vt 0.317783 0.470634
vt 0.319070 0.387670
vt 0.343015 0.390158
vt 0.151299 0.427929
vt 0.127583 0.421457
vt 0.130033 0.353307
vt 0.153609 0.358001
vt 0.103868 0.414986
vt 0.079787 0.410046
vt 0.082674 0.344874
vt 0.106456 0.348613
vt 0.055706 0.405105
vt 0.031281 0.402328
vt 0.034907 0.338800
vt 0.058892 0.341135
vt 0.006857 0.399547
vt 0.010944 0.336480
vt 0.391189 0.476852
vt 0.391189 0.391881
vt 0.221979 0.448973
vt 0.198357 0.442168
vt 0.200571 0.368069
vt 0.224116 0.372794
vt 0.293475 0.466968
vt 0.245600 0.455778
vt 0.247661 0.377518
vt 0.295125 0.385182
vt 0.174828 0.435048
vt 0.177090 0.363035
vt 0.440288 0.474301
vt 0.439362 0.390158
vt 0.463308 0.387670
vt 0.464595 0.470634
vt 0.631079 0.427929
vt 0.628768 0.358001
vt 0.652345 0.353307
vt 0.654794 0.421457
vt 0.678510 0.414986
vt 0.675921 0.348613
vt 0.699704 0.344874
vt 0.702591 0.410046
vt 0.726672 0.405106
vt 0.723485 0.341135
vt 0.747471 0.338800
vt 0.751097 0.402328
vt 0.771434 0.336480
vt 0.775521 0.399547
vt 0.560399 0.448973
vt 0.558262 0.372794
vt 0.581807 0.368069
vt 0.584021 0.442168
vt 0.488903 0.466968
vt 0.487253 0.385182
vt 0.534717 0.377518
vt 0.536778 0.455778
vt 0.605288 0.363035
vt 0.607550 0.435048
vt 0.598213 0.768081
vt 0.578174 0.754740
vt 0.551395 0.714810
vt 0.546694 0.691260
vt 0.541993 0.667710
vt 0.546697 0.644161
vt 0.551400 0.620612
vt 0.564792 0.600649
vt 0.578184 0.580685
vt 0.598226 0.567347
vt 0.618267 0.554008
vt 0.641906 0.549325
vt 0.665553 0.544804
vt 0.689198 0.549328
vt 0.712837 0.554014
vt 0.732877 0.567355
vt 0.752917 0.580696
vt 0.766306 0.600661
vt 0.779695 0.620626
vt 0.784396 0.644176
vt 0.789097 0.667726
vt 0.784393 0.691275
vt 0.779690 0.714824
vt 0.752906 0.754751
vt 0.732865 0.768090
vt 0.712823 0.781428
vt 0.665537 0.790794
vt 0.618253 0.781422
s 0
f 450/1/1 90/2/1 91/3/1 445/4/1
f 536/5/2 117/6/2 11/7/2 531/8/2
f 109/9/3 111/10/3 31/11/3 13/12/3
f 36/13/4 46/14/4 16/15/4 29/16/4
f 123/17/5 122/18/5 18/19/5 24/20/5
f 111/21/6 112/22/6 11/23/6 31/24/6
f 26/25/7 7/26/7 6/27/7 25/28/7
f 498/29/8 497/30/8 7/26/8 26/25/8
f 34/31/9 15/32/9 14/33/9 33/34/9
f 124/35/10 122/36/10 16/37/10 22/38/10
f 37/39/11 46/40/11 47/41/11 21/42/11
f 118/43/12 117/44/12 18/45/12 30/46/12
f 40/47/13 48/48/13 15/32/13 34/31/13
f 446/49/14 86/50/14 93/51/14 449/52/14
f 20/53/15 14/54/15 15/55/15 19/56/15
f 4/57/16 26/58/16 25/59/16 5/60/16
f 496/61/17 498/62/17 26/58/17 4/57/17
f 530/63/18 112/64/18 2/65/18 452/66/18
f 10/67/19 34/68/19 33/69/19 1/70/19
f 121/71/20 124/72/20 22/73/20 8/74/20
f 28/75/21 6/76/21 7/77/21 27/78/21
f 35/79/22 37/80/22 21/81/22 9/82/22
f 115/83/23 118/84/23 30/85/23 3/86/23
f 38/87/24 40/88/24 34/68/24 10/67/24
f 8/74/22 22/73/22 37/80/22 35/79/22
f 22/38/25 16/37/25 46/40/25 37/39/25
f 52/89/26 51/90/26 43/91/26 44/92/26
f 9/82/24 21/81/24 40/88/24 38/87/24
f 21/42/27 47/41/27 48/48/27 40/47/27
f 19/56/28 15/55/28 48/93/28 39/94/28
f 443/95/29 84/96/29 85/97/29 441/98/29
f 447/99/30 92/100/30 87/101/30 442/102/30
f 43/91/31 51/90/31 50/103/31 42/104/31
f 42/104/32 50/103/32 49/105/32 41/106/32
f 45/107/33 41/106/33 49/105/33 53/108/33
f 36/109/34 45/107/34 53/108/34 46/110/34
f 48/111/35 52/89/35 44/92/35 39/112/35
f 449/52/36 93/51/36 89/113/36 444/114/36
f 61/115/37 76/116/37 63/117/37 55/118/37
f 58/119/38 71/120/38 68/121/38 57/122/38
f 59/123/39 73/124/39 71/120/39 58/119/39
f 55/118/40 63/117/40 64/125/40 54/126/40
f 54/126/41 64/125/41 66/127/41 56/128/41
f 60/129/42 74/130/42 73/124/42 59/123/42
f 56/128/43 66/127/43 74/131/43 60/132/43
f 57/122/44 68/121/44 76/116/44 61/115/44
f 54/133/45 47/41/45 46/40/45 55/134/45
f 56/135/46 48/48/46 47/41/46 54/133/46
f 55/134/47 46/40/47 53/136/47 61/137/47
f 60/138/48 52/139/48 48/48/48 56/135/48
f 57/140/49 49/141/49 50/142/49 58/143/49
f 61/137/50 53/136/50 49/141/50 57/140/50
f 58/143/51 50/142/51 51/144/51 59/145/51
f 59/145/52 51/144/52 52/139/52 60/138/52
f 63/146/53 62/147/53 65/148/53 64/149/53
f 64/149/54 65/148/54 67/150/54 66/151/54
f 69/152/55 68/153/55 71/154/55 70/155/55
f 70/155/56 71/154/56 73/156/56 72/157/56
f 75/158/57 74/159/57 66/151/57 67/150/57
f 77/160/58 76/161/58 68/153/58 69/152/58
f 72/157/59 73/156/59 74/159/59 75/158/59
f 62/147/60 63/146/60 76/161/60 77/160/60
f 62/147/61 77/160/61 78/162/61 65/148/61
f 65/148/62 78/162/62 75/158/62 67/150/62
f 77/160/63 69/152/63 70/155/63 78/162/63
f 78/162/64 70/155/64 72/157/64 75/158/64
f 451/163/65 81/164/65 82/165/65 448/166/65
f 425/167/66 119/168/66 79/169/66 427/170/66
f 442/171/67 87/172/67 81/164/67 451/163/67
f 445/4/68 91/3/68 92/100/68 447/99/68
f 444/114/69 89/113/69 90/2/69 450/1/69
f 470/173/70 103/174/70 105/175/70 460/176/70
f 471/177/71 104/178/71 98/179/71 457/180/71
f 468/181/72 99/182/72 107/183/72 462/184/72
f 537/185/73 532/186/73 108/187/73 463/188/73
f 474/189/74 126/190/74 106/191/74 461/192/74
f 462/184/75 107/183/75 100/193/75 458/194/75
f 461/192/76 106/191/76 95/195/76 456/196/76
f 459/197/77 102/198/77 103/174/77 470/173/77
f 519/199/78 524/200/78 495/201/78 490/202/78
f 457/180/79 98/179/79 99/203/79 468/204/79
f 469/205/80 101/206/80 97/207/80 467/208/80
f 453/209/81 546/210/81 551/211/81 562/212/81
f 540/213/82 114/214/82 558/215/82 552/216/82
f 456/217/83 95/218/83 102/198/83 459/197/83
f 550/219/84 116/220/84 563/221/84 555/222/84
f 460/176/85 105/175/85 104/178/85 471/177/85
f 531/8/86 11/7/86 112/64/86 530/63/86
f 17/223/87 2/224/87 112/22/87 111/21/87
f 428/225/88 88/226/88 113/227/88 429/228/88
f 12/229/89 17/230/89 111/10/89 109/9/89
f 13/12/23 31/11/23 118/84/23 115/83/23
f 31/24/12 11/23/12 117/44/12 118/43/12
f 24/20/2 18/19/2 117/6/2 536/5/2
f 463/188/90 108/187/90 126/190/90 474/189/90
f 427/170/91 79/169/91 125/231/91 426/232/91
f 3/86/20 30/85/20 124/72/20 121/71/20
f 30/46/10 18/45/10 122/36/10 124/35/10
f 29/16/5 16/15/5 122/18/5 123/17/5
f 148/233/92 130/234/92 136/235/92 142/236/92
f 149/237/93 131/238/93 133/239/93 139/240/93
f 146/241/94 128/242/94 137/243/94 143/244/94
f 143/244/95 137/243/95 134/245/95 140/246/95
f 141/247/96 135/248/96 130/234/96 148/233/96
f 523/249/97 522/250/97 481/251/97 482/252/97
f 139/240/98 133/239/98 128/253/98 146/254/98
f 147/255/99 129/256/99 127/257/99 145/258/99
f 138/259/100 132/260/100 135/248/100 141/247/100
f 142/236/101 136/235/101 131/238/101 149/237/101
f 521/261/102 520/262/102 485/263/102 480/264/102
f 514/265/103 519/199/103 490/202/103 491/266/103
f 434/267/104 142/236/104 149/237/104 440/268/104
f 430/269/105 138/259/105 141/247/105 433/270/105
f 438/271/106 147/255/106 145/258/106 436/272/106
f 431/273/107 139/240/107 146/254/107 437/274/107
f 433/270/108 141/247/108 148/233/108 439/275/108
f 435/276/109 143/244/109 140/246/109 432/277/109
f 423/278/110 386/279/110 168/280/110 422/281/110
f 437/282/111 146/241/111 143/244/111 435/276/111
f 440/268/112 149/237/112 139/240/112 431/273/112
f 439/275/113 148/233/113 142/236/113 434/267/113
f 420/283/114 144/284/114 384/285/114 421/286/114
f 422/281/115 168/280/115 388/287/115 424/288/115
f 130/234/116 153/289/116 159/290/116 136/235/116
f 131/238/117 154/291/117 156/292/117 133/239/117
f 128/242/118 151/293/118 160/294/118 137/243/118
f 137/243/119 160/294/119 157/295/119 134/245/119
f 135/248/120 158/296/120 153/289/120 130/234/120
f 133/239/121 156/292/121 151/297/121 128/253/121
f 129/256/122 152/298/122 150/299/122 127/257/122
f 132/260/123 155/300/123 158/296/123 135/248/123
f 136/235/124 159/290/124 154/291/124 131/238/124
f 509/301/125 510/302/125 489/303/125 494/304/125
f 387/305/126 178/306/126 177/307/126 386/308/126
f 168/309/127 186/310/127 179/311/127 388/312/127
f 392/313/128 190/314/128 191/315/128 161/316/128
f 384/317/129 175/318/129 176/319/129 385/320/129
f 144/321/130 185/322/130 175/318/130 384/317/130
f 389/323/131 180/324/131 190/314/131 392/313/131
f 391/325/132 189/326/132 178/306/132 387/305/132
f 386/308/133 177/307/133 186/310/133 168/309/133
f 161/327/134 191/328/134 189/326/134 391/325/134
f 385/320/135 176/319/135 188/329/135 390/330/135
f 390/330/136 188/329/136 192/331/136 172/332/136
f 388/312/137 179/311/137 180/324/137 389/323/137
f 196/333/138 221/334/138 206/335/138 187/336/138
f 195/337/137 217/338/137 218/339/137 181/340/137
f 184/341/127 205/342/127 217/338/127 195/337/127
f 198/343/128 223/344/128 200/345/128 174/346/128
f 183/347/126 204/348/126 215/349/126 194/350/126
f 173/351/139 219/352/139 213/353/139 193/354/139
f 193/354/140 213/353/140 214/355/140 182/356/140
f 181/340/131 218/339/131 223/344/131 198/343/131
f 182/357/141 176/358/141 175/359/141 193/360/141
f 194/361/142 177/362/142 178/363/142 183/364/142
f 181/365/142 180/366/142 179/367/142 195/368/142
f 184/369/142 186/370/142 177/362/142 194/361/142
f 193/360/143 175/359/143 185/371/143 173/372/143
f 195/368/142 179/367/142 186/370/142 184/369/142
f 196/373/141 188/374/141 176/358/141 182/357/141
f 183/364/142 178/363/142 189/375/142 197/376/142
f 198/377/142 190/378/142 180/366/142 181/365/142
f 174/379/142 191/380/142 190/378/142 198/377/142
f 187/381/144 192/382/144 188/374/144 196/373/144
f 197/376/142 189/375/142 191/380/142 174/379/142
f 282/383/145 367/384/145 276/385/145 278/386/145
f 291/387/146 361/388/146 367/384/146 282/383/146
f 283/389/147 355/390/147 361/388/147 291/387/147
f 245/391/148 315/392/148 321/393/148 250/394/148
f 277/395/149 349/396/149 355/390/149 283/389/149
f 242/397/150 309/398/150 315/392/150 245/391/150
f 182/356/151 214/355/151 221/334/151 196/333/151
f 194/350/133 215/349/133 205/342/133 184/341/133
f 174/399/134 200/400/134 222/401/134 197/402/134
f 197/402/132 222/401/132 204/348/132 183/347/132
f 203/403/152 214/404/152 213/405/152 207/406/152
f 208/407/142 215/408/142 204/409/142 216/410/142
f 202/411/142 218/412/142 217/413/142 209/414/142
f 220/415/142 205/416/142 215/408/142 208/407/142
f 207/406/143 213/405/143 219/417/143 199/418/143
f 209/414/142 217/413/142 205/416/142 220/415/142
f 210/419/153 221/420/153 214/404/153 203/403/153
f 216/410/142 204/409/142 222/421/142 211/422/142
f 212/423/142 223/424/142 218/412/142 202/411/142
f 224/425/142 200/426/142 223/424/142 212/423/142
f 225/427/144 206/428/144 221/420/144 210/419/144
f 211/422/142 222/421/142 200/426/142 224/425/142
f 227/429/154 232/430/154 233/431/154 228/432/154
f 226/433/155 235/434/155 232/430/155 227/429/155
f 228/432/156 233/431/156 237/435/156 229/436/156
f 229/436/157 237/435/157 238/437/157 230/438/157
f 240/439/157 249/440/157 243/441/157 236/442/157
f 231/443/155 248/444/155 246/445/155 239/446/155
f 239/446/154 246/445/154 247/447/154 234/448/154
f 234/449/158 233/450/158 232/451/158 239/452/158
f 239/452/158 232/451/158 235/453/158 231/454/158
f 240/455/158 237/456/158 233/450/158 234/449/158
f 236/457/158 238/458/158 237/456/158 240/455/158
f 244/459/159 303/460/159 309/398/159 242/397/159
f 241/461/160 297/462/160 303/460/160 244/459/160
f 234/448/156 247/447/156 249/440/156 240/439/156
f 242/463/161 247/464/161 246/465/161 244/466/161
f 244/466/161 246/465/161 248/467/161 241/468/161
f 245/469/161 249/470/161 247/464/161 242/463/161
f 250/471/161 243/472/161 249/470/161 245/469/161
f 254/473/162 262/474/162 263/475/162 255/476/162
f 253/477/163 261/478/163 260/479/163 252/480/163
f 251/481/164 266/482/164 262/474/164 254/473/164
f 252/480/165 260/479/165 266/483/165 251/484/165
f 255/476/166 263/475/166 269/485/166 257/486/166
f 258/487/167 270/488/167 268/489/167 256/490/167
f 256/490/168 268/489/168 261/478/168 253/477/168
f 257/486/169 269/485/169 270/488/169 258/487/169
f 274/491/169 290/492/169 279/493/169 267/494/169
f 259/495/164 288/496/164 286/497/164 272/498/164
f 272/498/162 286/497/162 287/499/162 264/500/162
f 265/501/170 285/502/170 284/503/170 271/504/170
f 271/505/171 260/506/171 261/507/171 265/508/171
f 264/509/171 263/510/171 262/511/171 272/512/171
f 259/513/171 266/514/171 260/506/171 271/505/171
f 272/512/171 262/511/171 266/514/171 259/513/171
f 265/508/171 261/507/171 268/515/171 273/516/171
f 274/517/171 269/518/171 263/510/171 264/509/171
f 267/519/171 270/520/171 269/518/171 274/517/171
f 273/516/171 268/515/171 270/520/171 267/519/171
f 281/521/172 343/522/172 349/396/172 277/395/172
f 275/523/173 337/524/173 343/522/173 281/521/173
f 280/525/174 331/526/174 337/527/174 275/528/174
f 278/386/175 276/385/175 331/526/175 280/525/175
f 273/529/168 289/530/168 285/502/168 265/501/168
f 271/504/165 284/503/165 288/531/165 259/532/165
f 264/500/166 287/499/166 290/492/166 274/491/166
f 267/494/167 279/493/167 289/530/167 273/529/167
f 280/533/176 284/534/176 285/535/176 278/536/176
f 277/537/176 287/538/176 286/539/176 281/540/176
f 275/541/176 288/542/176 284/534/176 280/533/176
f 281/540/176 286/539/176 288/542/176 275/541/176
f 278/536/176 285/535/176 289/543/176 282/544/176
f 283/545/176 290/546/176 287/538/176 277/537/176
f 291/547/176 279/548/176 290/546/176 283/545/176
f 282/544/176 289/543/176 279/548/176 291/547/176
f 297/462/177 296/549/177 302/550/177 303/460/177
f 296/549/178 295/551/178 301/552/178 302/550/178
f 295/551/179 294/553/179 300/554/179 301/552/179
f 294/553/180 293/555/180 299/556/180 300/554/180
f 293/555/181 292/557/181 298/558/181 299/556/181
f 292/557/182 225/559/182 210/560/182 298/558/182
f 303/460/183 302/550/183 308/561/183 309/398/183
f 302/550/184 301/552/184 307/562/184 308/561/184
f 301/552/185 300/554/185 306/563/185 307/562/185
f 300/554/186 299/556/186 305/564/186 306/563/186
f 299/556/187 298/558/187 304/565/187 305/564/187
f 298/558/188 210/560/188 203/566/188 304/565/188
f 309/398/189 308/561/189 314/567/189 315/392/189
f 308/561/190 307/562/190 313/568/190 314/567/190
f 307/562/191 306/563/191 312/569/191 313/568/191
f 306/563/192 305/564/192 311/570/192 312/569/192
f 305/564/193 304/565/193 310/571/193 311/570/193
f 304/565/194 203/566/194 207/572/194 310/571/194
f 315/392/195 314/567/195 320/573/195 321/393/195
f 314/567/196 313/568/196 319/574/196 320/573/196
f 313/568/197 312/569/197 318/575/197 319/574/197
f 312/569/198 311/570/198 317/576/198 318/575/198
f 311/570/199 310/571/199 316/577/199 317/576/199
f 310/571/200 207/572/200 199/578/200 316/577/200
f 276/385/201 201/579/201 330/580/201 331/526/201
f 201/579/202 322/581/202 329/582/202 330/580/202
f 322/581/203 323/583/203 328/584/203 329/582/203
f 323/583/204 324/585/204 327/586/204 328/584/204
f 324/585/205 325/587/205 326/588/205 327/586/205
f 325/587/206 216/589/206 211/590/206 326/588/206
f 331/526/207 330/580/207 336/591/207 337/527/207
f 330/580/208 329/582/208 335/592/208 336/591/208
f 329/582/209 328/584/209 334/593/209 335/592/209
f 328/584/210 327/586/210 333/594/210 334/593/210
f 327/586/211 326/588/211 332/595/211 333/594/211
f 326/588/212 211/590/212 224/596/212 332/595/212
f 337/524/213 336/597/213 342/598/213 343/522/213
f 336/597/214 335/599/214 341/600/214 342/598/214
f 335/599/215 334/601/215 340/602/215 341/600/215
f 334/601/216 333/603/216 339/604/216 340/602/216
f 333/603/217 332/605/217 338/606/217 339/604/217
f 332/605/218 224/607/218 212/608/218 338/606/218
f 343/522/219 342/598/219 348/609/219 349/396/219
f 342/598/220 341/600/220 347/610/220 348/609/220
f 341/600/221 340/602/221 346/611/221 347/610/221
f 340/602/222 339/604/222 345/612/222 346/611/222
f 339/604/223 338/606/223 344/613/223 345/612/223
f 338/606/224 212/608/224 202/614/224 344/613/224
f 349/396/225 348/609/225 354/615/225 355/390/225
f 348/609/226 347/610/226 353/616/226 354/615/226
f 347/610/227 346/611/227 352/617/227 353/616/227
f 346/611/228 345/612/228 351/618/228 352/617/228
f 345/612/229 344/613/229 350/619/229 351/618/229
f 344/613/230 202/614/230 209/620/230 350/619/230
f 355/390/231 354/615/231 360/621/231 361/388/231
f 354/615/232 353/616/232 359/622/232 360/621/232
f 353/616/233 352/617/233 358/623/233 359/622/233
f 352/617/234 351/618/234 357/624/234 358/623/234
f 351/618/235 350/619/235 356/625/235 357/624/235
f 350/619/236 209/620/236 220/626/236 356/625/236
f 361/388/237 360/621/237 366/627/237 367/384/237
f 360/621/238 359/622/238 365/628/238 366/627/238
f 359/622/239 358/623/239 364/629/239 365/628/239
f 358/623/240 357/624/240 363/630/240 364/629/240
f 357/624/241 356/625/241 362/631/241 363/630/241
f 356/625/242 220/626/242 208/632/242 362/631/242
f 367/384/243 366/627/243 201/579/243 276/385/243
f 366/627/244 365/628/244 322/581/244 201/579/244
f 365/628/245 364/629/245 323/583/245 322/581/245
f 364/629/246 363/630/246 324/585/246 323/583/246
f 363/630/247 362/631/247 325/587/247 324/585/247
f 362/631/248 208/632/248 216/589/248 325/587/248
f 372/633/249 374/634/249 399/635/249
f 393/636/250 377/637/250 396/638/250
f 401/639/251 380/640/251 400/641/251
f 397/642/252 383/643/252 382/644/252
f 393/636/253 396/638/253 395/645/253 394/646/253
f 397/642/254 382/644/254 371/647/254 398/648/254
f 398/648/255 371/647/255 372/633/255 399/635/255
f 394/646/256 395/645/256 401/639/256 400/641/256
f 170/649/257 412/650/257 418/651/257 379/652/257
f 376/653/258 415/654/258 402/655/258 369/656/258
f 375/657/259 414/658/259 409/659/259 164/660/259
f 368/661/260 405/662/260 414/658/260 375/657/260
f 378/663/261 419/664/261 411/665/261 169/666/261
f 162/667/262 408/668/262 415/654/262 376/653/262
f 371/647/263 382/644/263 155/669/263 132/670/263
f 372/633/264 371/647/264 132/670/264 138/671/264
f 171/672/265 413/673/265 406/674/265 167/675/265
f 126/676/266 424/288/266 374/634/266 106/677/266
f 106/677/267 374/634/267 430/678/267 95/679/267
f 94/680/268 377/637/268 423/278/268 532/681/268
f 534/682/269 421/286/269 377/637/269 94/680/269
f 380/640/270 83/683/270 119/168/270 425/167/270
f 390/684/271 429/228/271 380/640/271 401/639/271
f 392/685/272 426/232/272 383/643/272 397/642/272
f 383/643/273 446/686/273 155/669/273 382/644/273
f 162/687/274 384/285/274 385/688/274 163/689/274
f 165/690/275 387/691/275 386/279/275 164/692/275
f 166/693/276 388/287/276 389/694/276 167/695/276
f 163/689/277 385/688/277 390/684/277 169/696/277
f 170/697/278 391/698/278 387/691/278 165/690/278
f 167/695/279 389/694/279 392/685/279 171/699/279
f 375/700/280 393/636/280 394/646/280 368/701/280
f 369/702/281 395/645/281 396/638/281 376/703/281
f 381/704/282 397/642/282 398/648/282 370/705/282
f 370/705/283 398/648/283 399/635/283 373/706/283
f 368/701/284 394/646/284 400/641/284 379/707/284
f 378/708/285 401/639/285 395/645/285 369/702/285
f 376/703/286 396/638/286 384/285/286 162/687/286
f 169/696/287 390/684/287 401/639/287 378/708/287
f 164/692/288 386/279/288 393/636/288 375/700/288
f 379/707/289 400/641/289 391/698/289 170/697/289
f 171/699/290 392/685/290 397/642/290 381/704/290
f 373/706/291 399/635/291 388/287/291 166/693/291
f 408/709/292 403/710/292 402/711/292 415/712/292
f 403/710/293 411/713/293 419/714/293 402/711/293
f 414/715/294 405/716/294 404/717/294 409/718/294
f 405/716/295 418/719/295 412/720/295 404/717/295
f 406/721/296 413/722/296 416/723/296 407/724/296
f 410/725/297 406/721/297 407/724/297 417/726/297
f 163/727/298 403/728/298 408/729/298 162/730/298
f 164/731/299 409/732/299 404/733/299 165/734/299
f 370/735/300 407/736/300 416/737/300 381/738/300
f 167/675/301 406/674/301 410/739/301 166/740/301
f 373/741/302 417/742/302 407/736/302 370/735/302
f 379/652/303 418/651/303 405/662/303 368/661/303
f 369/656/304 402/655/304 419/664/304 378/663/304
f 381/738/305 416/737/305 413/673/305 171/672/305
f 169/666/306 411/665/306 403/728/306 163/727/306
f 166/743/307 410/744/307 417/742/307 373/741/307
f 165/734/308 404/733/308 412/650/308 170/649/308
f 96/745/309 420/283/309 421/286/309 534/682/309
f 108/746/310 422/281/310 424/288/310 126/676/310
f 532/681/311 423/278/311 422/281/311 108/746/311
f 161/747/312 427/170/312 426/232/312 392/685/312
f 391/698/313 425/167/313 427/170/313 161/747/313
f 172/748/314 428/225/314 429/228/314 390/684/314
f 426/232/315 125/231/315 80/749/315 383/643/315
f 425/167/316 391/698/316 400/641/316 380/640/316
f 424/288/317 388/287/317 399/635/317 374/634/317
f 429/228/318 113/227/318 83/683/318 380/640/318
f 377/637/319 393/636/319 386/279/319 423/278/319
f 421/286/320 384/285/320 396/638/320 377/637/320
f 103/174/321 439/275/321 434/267/321 105/175/321
f 104/178/322 440/268/322 431/273/322 98/179/322
f 99/182/323 437/282/323 435/276/323 107/183/323
f 107/183/324 435/276/324 432/277/324 100/193/324
f 102/198/325 433/270/325 439/275/325 103/174/325
f 511/750/326 512/751/326 477/752/326 476/753/326
f 98/179/327 431/273/327 437/274/327 99/203/327
f 101/206/328 438/271/328 436/272/328 97/207/328
f 95/218/329 430/269/329 433/270/329 102/198/329
f 105/175/330 434/267/330 440/268/330 104/178/330
f 153/289/331 444/114/331 450/1/331 159/290/331
f 154/291/332 445/4/332 447/99/332 156/292/332
f 151/293/333 442/171/333 451/163/333 160/294/333
f 160/294/334 451/163/334 448/166/334 157/295/334
f 158/296/335 449/52/335 444/114/335 153/289/335
f 156/292/336 447/99/336 442/102/336 151/297/336
f 152/298/337 443/95/337 441/98/337 150/299/337
f 155/300/338 446/49/338 449/52/338 158/296/338
f 159/290/339 450/1/339 445/4/339 154/291/339
f 513/754/340 514/265/340 491/266/340 492/755/340
f 374/634/341 372/633/341 138/671/341 430/678/341
f 446/686/342 383/643/342 80/749/342 86/756/342
f 454/757/343 96/758/343 534/759/343 539/760/343
f 541/761/344 530/762/344 452/763/344 538/764/344
f 542/765/345 535/766/345 530/762/345 541/761/345
f 539/760/346 534/759/346 535/766/346 542/765/346
f 24/767/347 463/188/347 474/189/347 123/768/347
f 455/769/348 548/770/348 557/771/348 560/772/348
f 475/773/349 110/774/349 559/775/349 556/776/349
f 515/777/350 516/778/350 479/779/350 478/780/350
f 42/781/351 460/176/351 471/177/351 43/782/351
f 36/783/352 456/217/352 459/197/352 45/784/352
f 27/785/353 469/205/353 467/208/353 28/786/353
f 44/787/354 457/180/354 468/204/354 39/788/354
f 517/789/355 518/790/355 493/791/355 488/792/355
f 45/784/356 459/197/356 470/173/356 41/793/356
f 29/794/357 461/192/357 456/196/357 36/795/357
f 19/796/358 462/184/358 458/194/358 20/797/358
f 123/768/359 474/189/359 461/192/359 29/794/359
f 536/798/360 537/185/360 463/188/360 24/767/360
f 39/799/361 468/181/361 462/184/361 19/796/361
f 43/782/362 471/177/362 457/180/362 44/787/362
f 41/793/363 470/173/363 460/176/363 42/781/363
f 499/800/364 500/801/364 476/753/364 477/752/364
f 507/802/365 501/803/365 482/252/365 481/251/365
f 508/804/366 502/805/366 487/806/366 486/807/366
f 504/808/367 503/809/367 489/303/367 488/792/367
f 506/810/368 504/808/368 488/792/368 493/791/368
f 503/809/369 505/811/369 494/304/369 489/303/369
f 502/805/370 506/810/370 493/791/370 487/806/370
f 505/811/371 507/802/371 481/251/371 494/304/371
f 499/812/372 508/804/372 486/807/372 478/813/372
f 525/814/373 515/815/373 478/813/373 486/807/373
f 524/200/374 526/816/374 483/817/374 495/201/374
f 529/818/375 511/819/375 476/820/375 500/821/375
f 510/302/376 517/789/376 488/792/376 489/303/376
f 518/790/377 527/822/377 487/806/377 493/791/377
f 528/823/378 513/754/378 492/755/378 484/824/378
f 520/262/379 528/823/379 484/824/379 485/263/379
f 522/250/380 509/301/380 494/304/380 481/251/380
f 527/822/381 525/814/381 486/807/381 487/806/381
f 512/825/382 521/261/382 480/264/382 477/826/382
f 516/827/383 529/818/383 500/821/383 479/828/383
f 477/826/384 480/264/384 508/804/384 499/812/384
f 490/202/385 495/201/385 507/802/385 505/811/385
f 485/263/386 484/824/386 506/810/386 502/805/386
f 491/266/387 490/202/387 505/811/387 503/809/387
f 484/824/388 492/755/388 504/808/388 506/810/388
f 492/755/389 491/266/389 503/809/389 504/808/389
f 480/264/390 485/263/390 502/805/390 508/804/390
f 495/201/391 483/817/391 501/803/391 507/802/391
f 478/780/392 479/779/392 500/801/392 499/800/392
f 1/70/17 33/69/17 498/62/17 496/61/17
f 33/34/393 14/33/393 497/30/393 498/29/393
f 7/26/394 497/30/394 529/818/394 516/827/394
f 20/829/395 458/830/395 521/261/395 512/825/395
f 101/831/396 469/832/396 525/814/396 527/822/396
f 443/833/397 152/834/397 509/301/397 522/250/397
f 100/835/398 432/836/398 528/823/398 520/262/398
f 432/836/399 140/837/399 513/754/399 528/823/399
f 438/838/400 101/831/400 527/822/400 518/790/400
f 129/839/401 147/840/401 517/789/401 510/302/401
f 497/30/402 14/33/402 511/819/402 529/818/402
f 448/841/403 82/842/403 526/816/403 524/200/403
f 469/832/404 27/843/404 515/815/404 525/814/404
f 147/840/405 438/838/405 518/790/405 517/789/405
f 27/844/406 7/845/406 516/778/406 515/777/406
f 140/837/407 134/846/407 514/265/407 513/754/407
f 14/847/408 20/848/408 512/751/408 511/750/408
f 152/834/409 129/839/409 510/302/409 509/301/409
f 134/846/410 157/849/410 519/199/410 514/265/410
f 458/830/411 100/835/411 520/262/411 521/261/411
f 84/850/412 443/833/412 522/250/412 523/249/412
f 157/849/413 448/841/413 524/200/413 519/199/413
f 543/851/414 23/852/414 531/853/414 530/762/414
f 545/854/415 533/855/415 94/856/415 532/186/415
f 533/855/416 547/857/416 534/759/416 94/856/416
f 547/857/417 472/858/417 535/766/417 534/759/417
f 23/852/418 549/859/418 536/798/418 531/853/418
f 473/860/419 545/854/419 532/186/419 537/185/419
f 472/858/420 543/851/420 530/762/420 535/766/420
f 549/859/421 473/860/421 537/185/421 536/798/421
f 114/861/422 540/862/422 454/863/422 539/864/422
f 32/865/423 110/866/423 541/867/423 538/868/423
f 475/869/424 114/861/424 539/864/424 542/870/424
f 110/866/425 475/869/425 542/870/425 541/867/425
f 455/871/426 544/872/426 23/873/426 543/874/426
f 120/875/426 546/876/426 533/877/426 545/878/426
f 546/876/426 453/879/426 547/880/426 533/877/426
f 453/879/426 548/881/426 472/882/426 547/880/426
f 544/872/426 116/883/426 549/884/426 23/873/426
f 550/885/426 120/875/426 545/878/426 473/886/426
f 548/881/426 455/871/426 543/874/426 472/882/426
f 116/883/426 550/885/426 473/886/426 549/884/426
f 555/887/427 563/888/427 575/889/427 567/890/427
f 560/891/428 557/892/428 569/893/428 572/894/428
f 556/895/429 559/896/429 571/897/429 568/898/429
f 558/899/430 556/895/430 568/898/430 570/900/430
f 544/901/431 455/769/431 560/772/431 553/902/431
f 548/770/432 453/209/432 562/212/432 557/771/432
f 546/210/433 120/903/433 561/904/433 551/211/433
f 116/220/434 544/901/434 553/902/434 563/221/434
f 110/774/435 32/905/435 554/906/435 559/775/435
f 120/903/436 550/219/436 555/222/436 561/904/436
f 114/214/437 475/773/437 556/776/437 558/215/437
f 569/893/438 574/907/438 465/908/438 466/909/438
f 464/910/439 564/911/439 570/900/439 568/898/439
f 466/909/440 465/908/440 573/912/440 567/890/440
f 565/913/441 466/909/441 567/890/441 575/889/441
f 566/914/442 464/910/442 568/898/442 571/897/442
f 572/894/443 569/893/443 466/909/443 565/913/443
f 552/915/444 558/899/444 570/900/444 564/911/444
f 562/916/445 551/917/445 465/908/445 574/907/445
f 553/918/446 560/891/446 572/894/446 565/913/446
f 557/892/447 562/916/447 574/907/447 569/893/447
f 551/917/448 561/919/448 573/912/448 465/908/448
f 563/888/449 553/918/449 565/913/449 575/889/449
f 559/896/450 554/920/450 566/914/450 571/897/450
f 561/919/451 555/887/451 567/890/451 573/912/451
f 974/921/452 969/922/452 656/923/452 655/924/452
f 1056/925/17 1051/926/17 583/927/17 680/928/17
f 672/929/453 584/930/453 599/931/453 674/932/453
f 603/933/24 597/934/24 587/935/24 613/936/24
f 686/937/19 594/938/19 588/939/19 685/940/19
f 674/941/454 599/942/454 583/943/454 675/944/454
f 595/945/455 25/28/455 6/27/455 579/946/455
f 1018/947/456 595/945/456 579/946/456 1017/948/456
f 601/949/457 600/950/457 585/951/457 586/952/457
f 687/953/458 592/954/458 587/955/458 685/956/458
f 604/957/459 591/958/459 614/959/459 613/960/459
f 681/961/460 598/962/460 588/963/460 680/964/460
f 607/965/461 601/949/461 586/952/461 615/966/461
f 970/967/462 973/968/462 658/969/462 652/970/462
f 590/971/20 589/972/20 586/973/20 585/974/20
f 578/975/86 5/60/86 25/59/86 595/976/86
f 1016/977/2 578/975/2 595/976/2 1018/978/2
f 1050/979/463 452/66/463 2/65/463 675/980/463
f 582/981/5 576/982/5 600/983/5 601/984/5
f 684/985/15 580/986/15 592/987/15 687/988/15
f 28/75/464 596/989/464 579/990/464 6/76/464
f 602/991/28 581/992/28 591/993/28 604/994/28
f 678/995/465 577/996/465 598/997/465 681/998/465
f 605/999/4 582/981/4 601/984/4 607/1000/4
f 580/986/28 602/991/28 604/994/28 592/987/28
f 592/954/466 604/957/466 613/960/466 587/955/466
f 619/1001/467 611/1002/467 610/1003/467 618/1004/467
f 581/992/4 605/999/4 607/1000/4 591/993/4
f 591/958/468 607/965/468 615/966/468 614/959/468
f 589/972/22 606/1005/22 615/1006/22 586/973/22
f 967/1007/469 441/98/469 85/97/469 651/1008/469
f 971/1009/470 966/1010/470 653/1011/470 657/1012/470
f 610/1003/471 609/1013/471 617/1014/471 618/1004/471
f 609/1013/472 608/1015/472 616/1016/472 617/1014/472
f 612/1017/473 620/1018/473 616/1016/473 608/1015/473
f 603/1019/474 613/1020/474 620/1018/474 612/1017/474
f 615/1021/475 606/1022/475 611/1002/475 619/1001/475
f 973/968/476 968/1023/476 654/1024/476 658/969/476
f 628/1025/44 622/1026/44 630/1027/44 643/1028/44
f 625/1029/477 624/1030/477 635/1031/477 638/1032/477
f 626/1033/478 625/1029/478 638/1032/478 640/1034/478
f 622/1026/479 621/1035/479 631/1036/479 630/1027/479
f 621/1035/480 623/1037/480 633/1038/480 631/1036/480
f 627/1039/43 626/1033/43 640/1034/43 641/1040/43
f 623/1037/42 627/1041/42 641/1042/42 633/1038/42
f 624/1030/37 628/1025/37 643/1028/37 635/1031/37
f 621/1043/49 622/1044/49 613/960/49 614/959/49
f 623/1045/51 621/1043/51 614/959/51 615/966/51
f 622/1044/481 628/1046/481 620/1047/481 613/960/481
f 627/1048/482 623/1045/482 615/966/482 619/1049/482
f 624/1050/45 625/1051/45 617/1052/45 616/1053/45
f 628/1046/483 624/1050/483 616/1053/483 620/1047/483
f 625/1051/46 626/1054/46 618/1055/46 617/1052/46
f 626/1054/484 627/1048/484 619/1049/484 618/1055/484
f 630/1056/485 631/1057/485 632/1058/485 629/1059/485
f 631/1057/486 633/1060/486 634/1061/486 632/1058/486
f 636/1062/487 637/1063/487 638/1064/487 635/1065/487
f 637/1063/488 639/1066/488 640/1067/488 638/1064/488
f 642/1068/489 634/1061/489 633/1060/489 641/1069/489
f 644/1070/490 636/1062/490 635/1065/490 643/1071/490
f 639/1066/491 642/1068/491 641/1069/491 640/1067/491
f 629/1059/492 644/1070/492 643/1071/492 630/1056/492
f 629/1059/493 632/1058/493 645/1072/493 644/1070/493
f 632/1058/494 634/1061/494 642/1068/494 645/1072/494
f 644/1070/495 645/1072/495 637/1063/495 636/1062/495
f 645/1072/496 642/1068/496 639/1066/496 637/1063/496
f 975/1073/497 972/1074/497 649/1075/497 648/1076/497
f 952/1077/498 954/1078/498 646/1079/498 682/1080/498
f 966/1081/499 975/1073/499 648/1076/499 653/1082/499
f 969/922/500 971/1009/500 657/1012/500 656/923/500
f 968/1023/501 974/921/501 655/924/501 654/1024/501
f 990/1083/502 982/1084/502 668/1085/502 666/1086/502
f 991/1087/503 979/1088/503 661/1089/503 667/1090/503
f 988/1091/504 984/1092/504 670/1093/504 662/1094/504
f 1057/1095/505 985/1096/505 671/1097/505 1052/1098/505
f 994/1099/506 983/1100/506 669/1101/506 689/1102/506
f 984/1092/507 980/1103/507 663/1104/507 670/1093/507
f 983/1100/508 978/1105/508 660/1106/508 669/1101/508
f 981/1107/509 990/1083/509 666/1086/509 665/1108/509
f 1039/1109/510 1010/1110/510 1015/1111/510 1044/1112/510
f 979/1088/511 988/1113/511 662/1114/511 661/1089/511
f 989/1115/512 467/208/512 97/207/512 664/1116/512
f 976/1117/513 1078/1118/513 1069/1119/513 1064/1120/513
f 540/213/514 552/216/514 1074/1121/514 677/1122/514
f 978/1123/515 981/1107/515 665/1108/515 660/1124/515
f 1068/1125/516 1071/1126/516 1079/1127/516 679/1128/516
f 982/1084/517 991/1087/517 667/1090/517 668/1085/517
f 1051/926/16 1050/979/16 675/980/16 583/927/16
f 17/223/518 674/941/518 675/944/518 2/224/518
f 428/225/519 955/1129/519 676/1130/519 88/226/519
f 12/1131/520 672/929/520 674/932/520 17/1132/520
f 584/930/465 678/995/465 681/998/465 599/931/465
f 599/942/460 681/961/460 680/964/460 583/943/460
f 594/938/17 1056/925/17 680/928/17 588/939/17
f 985/1096/521 994/1099/521 689/1102/521 671/1097/521
f 954/1078/522 953/1133/522 688/1134/522 646/1079/522
f 577/996/15 684/985/15 687/988/15 598/997/15
f 598/962/458 687/953/458 685/956/458 588/963/458
f 597/934/19 686/937/19 685/940/19 587/935/19
f 708/1135/523 704/1136/523 698/1137/523 692/1138/523
f 709/1139/524 701/1140/524 695/1141/524 693/1142/524
f 706/1143/525 705/1144/525 699/1145/525 690/1146/525
f 705/1144/526 702/1147/526 696/1148/526 699/1145/526
f 703/1149/527 708/1135/527 692/1138/527 697/1150/527
f 1043/1151/528 1002/1152/528 1001/1153/528 1042/1154/528
f 701/1140/529 706/1155/529 690/1156/529 695/1141/529
f 707/1157/530 145/258/530 127/257/530 691/1158/530
f 700/1159/531 703/1149/531 697/1150/531 694/1160/531
f 704/1136/532 709/1139/532 693/1142/532 698/1137/532
f 1041/1161/533 1000/1162/533 1005/1163/533 1040/1164/533
f 1034/1165/534 1011/1166/534 1010/1110/534 1039/1109/534
f 960/1167/535 965/1168/535 709/1139/535 704/1136/535
f 956/1169/536 959/1170/536 703/1149/536 700/1159/536
f 963/1171/537 436/272/537 145/258/537 707/1157/537
f 957/1172/538 962/1173/538 706/1155/538 701/1140/538
f 959/1170/539 964/1174/539 708/1135/539 703/1149/539
f 961/1175/540 958/1176/540 702/1147/540 705/1144/540
f 950/1177/541 949/1178/541 727/1179/541 914/1180/541
f 962/1181/542 961/1175/542 705/1144/542 706/1143/542
f 965/1168/543 957/1172/543 701/1140/543 709/1139/543
f 964/1174/544 960/1167/544 704/1136/544 708/1135/544
f 420/283/545 948/1182/545 912/1183/545 144/284/545
f 949/1178/546 951/1184/546 916/1185/546 727/1179/546
f 692/1138/547 698/1137/547 718/1186/547 712/1187/547
f 693/1142/548 695/1141/548 715/1188/548 713/1189/548
f 690/1146/549 699/1145/549 719/1190/549 710/1191/549
f 699/1145/550 696/1148/550 716/1192/550 719/1190/550
f 697/1150/551 692/1138/551 712/1187/551 717/1193/551
f 695/1141/552 690/1156/552 710/1194/552 715/1188/552
f 691/1158/553 127/257/553 150/299/553 711/1195/553
f 694/1160/554 697/1150/554 717/1193/554 714/1196/554
f 698/1137/555 693/1142/555 713/1189/555 718/1186/555
f 1029/1197/556 1014/1198/556 1009/1199/556 1030/1200/556
f 915/1201/557 914/1202/557 734/1203/557 735/1204/557
f 727/1205/558 916/1206/558 736/1207/558 742/1208/558
f 920/1209/559 720/1210/559 746/1211/559 745/1212/559
f 912/1213/560 913/1214/560 733/1215/560 732/1216/560
f 144/321/561 912/1213/561 732/1216/561 185/322/561
f 917/1217/562 920/1209/562 745/1212/562 737/1218/562
f 919/1219/563 915/1201/563 735/1204/563 744/1220/563
f 914/1202/564 727/1205/564 742/1208/564 734/1203/564
f 720/1221/565 919/1219/565 744/1220/565 746/1222/565
f 913/1214/566 918/1223/566 743/1224/566 733/1215/566
f 918/1223/567 172/1225/567 192/1226/567 743/1224/567
f 916/1206/568 917/1217/568 737/1218/568 736/1207/568
f 750/1227/569 187/1228/569 206/1229/569 772/1230/569
f 749/1231/568 738/1232/568 770/1233/568 769/1234/568
f 741/1235/558 749/1231/558 769/1234/558 758/1236/558
f 752/1237/559 731/1238/559 753/1239/559 774/1240/559
f 740/1241/557 748/1242/557 767/1243/557 757/1244/557
f 173/351/570 747/1245/570 765/1246/570 219/352/570
f 747/1245/571 739/1247/571 766/1248/571 765/1246/571
f 738/1232/562 752/1237/562 774/1240/562 770/1233/562
f 739/1249/572 747/1250/572 732/1251/572 733/1252/572
f 748/1253/573 740/1254/573 735/1255/573 734/1256/573
f 738/1257/573 749/1258/573 736/1259/573 737/1260/573
f 741/1261/573 748/1253/573 734/1256/573 742/1262/573
f 747/1250/574 173/372/574 185/371/574 732/1251/574
f 749/1258/573 741/1261/573 742/1262/573 736/1259/573
f 750/1263/572 739/1249/572 733/1252/572 743/1264/572
f 740/1254/573 751/1265/573 744/1266/573 735/1255/573
f 752/1267/573 738/1257/573 737/1260/573 745/1268/573
f 731/1269/573 752/1267/573 745/1268/573 746/1270/573
f 187/381/575 750/1263/575 743/1264/575 192/382/575
f 751/1265/573 731/1269/573 746/1270/573 744/1266/573
f 822/1271/576 818/1272/576 816/1273/576 895/1274/576
f 831/1275/577 822/1271/577 895/1274/577 889/1276/577
f 823/1277/578 831/1275/578 889/1276/578 883/1278/578
f 787/1279/579 250/394/579 321/393/579 849/1280/579
f 817/1281/580 823/1277/580 883/1278/580 877/1282/580
f 785/1283/581 787/1279/581 849/1280/581 843/1284/581
f 739/1247/582 750/1227/582 772/1230/582 766/1248/582
f 748/1242/564 741/1235/564 758/1236/564 767/1243/564
f 731/1285/565 751/1286/565 773/1287/565 753/1288/565
f 751/1286/563 740/1241/563 757/1244/563 773/1287/563
f 756/1289/583 759/1290/583 765/1291/583 766/1292/583
f 760/1293/573 768/1294/573 757/1295/573 767/1296/573
f 755/1297/573 761/1298/573 769/1299/573 770/1300/573
f 771/1301/573 760/1293/573 767/1296/573 758/1302/573
f 759/1290/574 199/418/574 219/417/574 765/1291/574
f 761/1298/573 771/1301/573 758/1302/573 769/1299/573
f 762/1303/584 756/1289/584 766/1292/584 772/1304/584
f 768/1294/573 763/1305/573 773/1306/573 757/1295/573
f 764/1307/573 755/1297/573 770/1300/573 774/1308/573
f 775/1309/573 764/1307/573 774/1308/573 753/1310/573
f 225/427/575 762/1303/575 772/1304/575 206/428/575
f 763/1305/573 775/1309/573 753/1310/573 773/1306/573
f 776/1311/585 777/1312/585 780/1313/585 779/1314/585
f 226/1315/586 776/1311/586 779/1314/586 235/1316/586
f 777/1312/587 778/1317/587 782/1318/587 780/1313/587
f 778/1317/588 230/438/588 238/437/588 782/1318/588
f 784/1319/588 236/442/588 243/441/588 790/1320/588
f 231/1321/586 783/1322/586 788/1323/586 248/1324/586
f 783/1322/585 781/1325/585 789/1326/585 788/1323/585
f 781/1327/158 783/1328/158 779/1329/158 780/1330/158
f 783/1328/158 231/454/158 235/453/158 779/1329/158
f 784/1331/158 781/1327/158 780/1330/158 782/1332/158
f 236/457/158 784/1331/158 782/1332/158 238/458/158
f 786/1333/589 785/1283/589 843/1284/589 837/1334/589
f 241/1335/590 786/1333/590 837/1334/590 297/1336/590
f 781/1325/587 784/1319/587 790/1320/587 789/1326/587
f 785/1337/161 786/1338/161 788/1339/161 789/1340/161
f 786/1338/161 241/468/161 248/467/161 788/1339/161
f 787/1341/161 785/1337/161 789/1340/161 790/1342/161
f 250/471/161 787/1341/161 790/1342/161 243/472/161
f 794/1343/591 795/1344/591 803/1345/591 802/1346/591
f 793/1347/592 792/1348/592 800/1349/592 801/1350/592
f 791/1351/593 794/1343/593 802/1346/593 806/1352/593
f 792/1348/594 791/1353/594 806/1354/594 800/1349/594
f 795/1344/595 797/1355/595 809/1356/595 803/1345/595
f 798/1357/596 796/1358/596 808/1359/596 810/1360/596
f 796/1358/597 793/1347/597 801/1350/597 808/1359/597
f 797/1355/598 798/1357/598 810/1360/598 809/1356/598
f 814/1361/598 807/1362/598 819/1363/598 830/1364/598
f 799/1365/593 812/1366/593 826/1367/593 828/1368/593
f 812/1366/591 804/1369/591 827/1370/591 826/1367/591
f 805/1371/599 811/1372/599 824/1373/599 825/1374/599
f 811/1375/600 805/1376/600 801/1377/600 800/1378/600
f 804/1379/600 812/1380/600 802/1381/600 803/1382/600
f 799/1383/600 811/1375/600 800/1378/600 806/1384/600
f 812/1380/600 799/1383/600 806/1384/600 802/1381/600
f 805/1376/600 813/1385/600 808/1386/600 801/1377/600
f 814/1387/600 804/1379/600 803/1382/600 809/1388/600
f 807/1389/600 814/1387/600 809/1388/600 810/1390/600
f 813/1385/600 807/1389/600 810/1390/600 808/1386/600
f 821/1391/601 817/1281/601 877/1282/601 871/1392/601
f 815/1393/602 821/1391/602 871/1392/602 865/1394/602
f 820/1395/603 815/1396/603 865/1397/603 859/1398/603
f 818/1272/604 820/1395/604 859/1398/604 816/1273/604
f 813/1399/597 805/1371/597 825/1374/597 829/1400/597
f 811/1372/594 799/1401/594 828/1402/594 824/1373/594
f 804/1369/595 814/1361/595 830/1364/595 827/1370/595
f 807/1362/596 813/1399/596 829/1400/596 819/1363/596
f 820/1403/605 818/1404/605 825/1405/605 824/1406/605
f 817/1407/605 821/1408/605 826/1409/605 827/1410/605
f 815/1411/605 820/1403/605 824/1406/605 828/1412/605
f 821/1408/605 815/1411/605 828/1412/605 826/1409/605
f 818/1404/605 822/1413/605 829/1414/605 825/1405/605
f 823/1415/605 817/1407/605 827/1410/605 830/1416/605
f 831/1417/605 823/1415/605 830/1416/605 819/1418/605
f 822/1413/605 831/1417/605 819/1418/605 829/1414/605
f 297/1336/606 837/1334/606 836/1419/606 296/1420/606
f 296/1420/607 836/1419/607 835/1421/607 295/1422/607
f 295/1422/608 835/1421/608 834/1423/608 294/1424/608
f 294/1424/609 834/1423/609 833/1425/609 293/1426/609
f 293/1426/610 833/1425/610 832/1427/610 292/1428/610
f 292/1428/611 832/1427/611 762/1429/611 225/1430/611
f 837/1334/612 843/1284/612 842/1431/612 836/1419/612
f 836/1419/613 842/1431/613 841/1432/613 835/1421/613
f 835/1421/614 841/1432/614 840/1433/614 834/1423/614
f 834/1423/615 840/1433/615 839/1434/615 833/1425/615
f 833/1425/616 839/1434/616 838/1435/616 832/1427/616
f 832/1427/617 838/1435/617 756/1436/617 762/1429/617
f 843/1284/618 849/1280/618 848/1437/618 842/1431/618
f 842/1431/619 848/1437/619 847/1438/619 841/1432/619
f 841/1432/620 847/1438/620 846/1439/620 840/1433/620
f 840/1433/621 846/1439/621 845/1440/621 839/1434/621
f 839/1434/622 845/1440/622 844/1441/622 838/1435/622
f 838/1435/623 844/1441/623 759/1442/623 756/1436/623
f 849/1280/624 321/393/624 320/573/624 848/1437/624
f 848/1437/625 320/573/625 319/574/625 847/1438/625
f 847/1438/626 319/574/626 318/575/626 846/1439/626
f 846/1439/627 318/575/627 317/576/627 845/1440/627
f 845/1440/628 317/576/628 316/577/628 844/1441/628
f 844/1441/629 316/577/629 199/578/629 759/1442/629
f 816/1273/630 859/1398/630 858/1443/630 754/1444/630
f 754/1444/631 858/1443/631 857/1445/631 850/1446/631
f 850/1446/632 857/1445/632 856/1447/632 851/1448/632
f 851/1448/633 856/1447/633 855/1449/633 852/1450/633
f 852/1450/634 855/1449/634 854/1451/634 853/1452/634
f 853/1452/635 854/1451/635 763/1453/635 768/1454/635
f 859/1398/636 865/1397/636 864/1455/636 858/1443/636
f 858/1443/637 864/1455/637 863/1456/637 857/1445/637
f 857/1445/638 863/1456/638 862/1457/638 856/1447/638
f 856/1447/639 862/1457/639 861/1458/639 855/1449/639
f 855/1449/640 861/1458/640 860/1459/640 854/1451/640
f 854/1451/641 860/1459/641 775/1460/641 763/1453/641
f 865/1394/642 871/1392/642 870/1461/642 864/1462/642
f 864/1462/643 870/1461/643 869/1463/643 863/1464/643
f 863/1464/644 869/1463/644 868/1465/644 862/1466/644
f 862/1466/645 868/1465/645 867/1467/645 861/1468/645
f 861/1468/646 867/1467/646 866/1469/646 860/1470/646
f 860/1470/647 866/1469/647 764/1471/647 775/1472/647
f 871/1392/648 877/1282/648 876/1473/648 870/1461/648
f 870/1461/649 876/1473/649 875/1474/649 869/1463/649
f 869/1463/650 875/1474/650 874/1475/650 868/1465/650
f 868/1465/651 874/1475/651 873/1476/651 867/1467/651
f 867/1467/652 873/1476/652 872/1477/652 866/1469/652
f 866/1469/653 872/1477/653 755/1478/653 764/1471/653
f 877/1282/654 883/1278/654 882/1479/654 876/1473/654
f 876/1473/655 882/1479/655 881/1480/655 875/1474/655
f 875/1474/656 881/1480/656 880/1481/656 874/1475/656
f 874/1475/657 880/1481/657 879/1482/657 873/1476/657
f 873/1476/658 879/1482/658 878/1483/658 872/1477/658
f 872/1477/659 878/1483/659 761/1484/659 755/1478/659
f 883/1278/660 889/1276/660 888/1485/660 882/1479/660
f 882/1479/661 888/1485/661 887/1486/661 881/1480/661
f 881/1480/662 887/1486/662 886/1487/662 880/1481/662
f 880/1481/663 886/1487/663 885/1488/663 879/1482/663
f 879/1482/664 885/1488/664 884/1489/664 878/1483/664
f 878/1483/665 884/1489/665 771/1490/665 761/1484/665
f 889/1276/666 895/1274/666 894/1491/666 888/1485/666
f 888/1485/667 894/1491/667 893/1492/667 887/1486/667
f 887/1486/668 893/1492/668 892/1493/668 886/1487/668
f 886/1487/669 892/1493/669 891/1494/669 885/1488/669
f 885/1488/670 891/1494/670 890/1495/670 884/1489/670
f 884/1489/671 890/1495/671 760/1496/671 771/1490/671
f 895/1274/672 816/1273/672 754/1444/672 894/1491/672
f 894/1491/673 754/1444/673 850/1446/673 893/1492/673
f 893/1492/674 850/1446/674 851/1448/674 892/1493/674
f 892/1493/675 851/1448/675 852/1450/675 891/1494/675
f 891/1494/676 852/1450/676 853/1452/676 890/1495/676
f 890/1495/677 853/1452/677 768/1454/677 760/1496/677
f 900/1497/678 927/1498/678 902/1499/678
f 921/1500/679 924/1501/679 905/1502/679
f 929/1503/680 928/1504/680 908/1505/680
f 925/1506/681 910/1507/681 911/1508/681
f 921/1500/682 922/1509/682 923/1510/682 924/1501/682
f 925/1506/683 926/1511/683 899/1512/683 910/1507/683
f 926/1511/684 927/1498/684 900/1497/684 899/1512/684
f 922/1509/685 928/1504/685 929/1503/685 923/1510/685
f 729/1513/686 907/1514/686 946/1515/686 940/1516/686
f 904/1517/687 897/1518/687 930/1519/687 943/1520/687
f 903/1521/688 723/1522/688 937/1523/688 942/1524/688
f 896/1525/689 903/1521/689 942/1524/689 933/1526/689
f 906/1527/690 728/1528/690 939/1529/690 947/1530/690
f 721/1531/691 904/1517/691 943/1520/691 936/1532/691
f 899/1512/692 694/1533/692 714/1534/692 910/1507/692
f 900/1497/693 700/1535/693 694/1533/693 899/1512/693
f 730/1536/694 726/1537/694 934/1538/694 941/1539/694
f 689/1540/695 669/1541/695 902/1499/695 951/1184/695
f 669/1541/696 660/1542/696 956/1543/696 902/1499/696
f 659/1544/697 1052/1545/697 950/1177/697 905/1502/697
f 1054/1546/698 659/1544/698 905/1502/698 948/1182/698
f 908/1505/699 952/1077/699 682/1080/699 650/1547/699
f 918/1548/700 929/1503/700 908/1505/700 955/1129/700
f 920/1549/701 925/1506/701 911/1508/701 953/1133/701
f 911/1508/702 910/1507/702 714/1534/702 970/1550/702
f 721/1551/703 722/1552/703 913/1553/703 912/1183/703
f 724/1554/704 723/1555/704 914/1180/704 915/1556/704
f 725/1557/705 726/1558/705 917/1559/705 916/1185/705
f 722/1552/706 728/1560/706 918/1548/706 913/1553/706
f 729/1561/707 724/1554/707 915/1556/707 919/1562/707
f 726/1558/708 730/1563/708 920/1549/708 917/1559/708
f 903/1564/709 896/1565/709 922/1509/709 921/1500/709
f 897/1566/710 904/1567/710 924/1501/710 923/1510/710
f 909/1568/711 898/1569/711 926/1511/711 925/1506/711
f 898/1569/712 901/1570/712 927/1498/712 926/1511/712
f 896/1565/713 907/1571/713 928/1504/713 922/1509/713
f 906/1572/714 897/1566/714 923/1510/714 929/1503/714
f 904/1567/715 721/1551/715 912/1183/715 924/1501/715
f 728/1560/716 906/1572/716 929/1503/716 918/1548/716
f 723/1555/717 903/1564/717 921/1500/717 914/1180/717
f 907/1571/718 729/1561/718 919/1562/718 928/1504/718
f 730/1563/719 909/1568/719 925/1506/719 920/1549/719
f 901/1570/720 725/1557/720 916/1185/720 927/1498/720
f 936/1573/721 943/1574/721 930/1575/721 931/1576/721
f 931/1576/722 930/1575/722 947/1577/722 939/1578/722
f 942/1579/723 937/1580/723 932/1581/723 933/1582/723
f 933/1582/724 932/1581/724 940/1583/724 946/1584/724
f 934/1585/725 935/1586/725 944/1587/725 941/1588/725
f 938/1589/726 945/1590/726 935/1586/726 934/1585/726
f 722/1591/727 721/1592/727 936/1593/727 931/1594/727
f 723/1595/728 724/1596/728 932/1597/728 937/1598/728
f 898/1599/729 909/1600/729 944/1601/729 935/1602/729
f 726/1537/730 725/1603/730 938/1604/730 934/1538/730
f 901/1605/731 898/1599/731 935/1602/731 945/1606/731
f 907/1514/732 896/1525/732 933/1526/732 946/1515/732
f 897/1518/733 906/1527/733 947/1530/733 930/1519/733
f 909/1600/734 730/1536/734 941/1539/734 944/1601/734
f 728/1528/735 722/1591/735 931/1594/735 939/1529/735
f 725/1607/736 901/1605/736 945/1606/736 938/1608/736
f 724/1596/737 729/1513/737 940/1516/737 932/1597/737
f 96/745/738 1054/1546/738 948/1182/738 420/283/738
f 671/1609/739 689/1540/739 951/1184/739 949/1178/739
f 1052/1545/740 671/1609/740 949/1178/740 950/1177/740
f 720/1610/741 920/1549/741 953/1133/741 954/1078/741
f 919/1562/742 720/1610/742 954/1078/742 952/1077/742
f 172/748/743 918/1548/743 955/1129/743 428/225/743
f 953/1133/744 911/1508/744 647/1611/744 688/1134/744
f 952/1077/745 908/1505/745 928/1504/745 919/1562/745
f 951/1184/746 902/1499/746 927/1498/746 916/1185/746
f 955/1129/747 908/1505/747 650/1547/747 676/1130/747
f 905/1502/748 950/1177/748 914/1180/748 921/1500/748
f 948/1182/749 905/1502/749 924/1501/749 912/1183/749
f 666/1086/750 668/1085/750 960/1167/750 964/1174/750
f 667/1090/751 661/1089/751 957/1172/751 965/1168/751
f 662/1094/752 670/1093/752 961/1175/752 962/1181/752
f 670/1093/753 663/1104/753 958/1176/753 961/1175/753
f 665/1108/754 666/1086/754 964/1174/754 959/1170/754
f 1031/1612/755 996/1613/755 997/1614/755 1032/1615/755
f 661/1089/756 662/1114/756 962/1173/756 957/1172/756
f 664/1116/757 97/207/757 436/272/757 963/1171/757
f 660/1124/758 665/1108/758 959/1170/758 956/1169/758
f 668/1085/759 667/1090/759 965/1168/759 960/1167/759
f 712/1187/760 718/1186/760 974/921/760 968/1023/760
f 713/1189/761 715/1188/761 971/1009/761 969/922/761
f 710/1191/762 719/1190/762 975/1073/762 966/1081/762
f 719/1190/763 716/1192/763 972/1074/763 975/1073/763
f 717/1193/764 712/1187/764 968/1023/764 973/968/764
f 715/1188/765 710/1194/765 966/1010/765 971/1009/765
f 711/1195/766 150/299/766 441/98/766 967/1007/766
f 714/1196/767 717/1193/767 973/968/767 970/967/767
f 718/1186/768 713/1189/768 969/922/768 974/921/768
f 1033/1616/769 1012/1617/769 1011/1166/769 1034/1165/769
f 902/1499/770 956/1543/770 700/1535/770 900/1497/770
f 970/1550/771 652/1618/771 647/1611/771 911/1508/771
f 454/757/772 1058/1619/772 1054/1620/772 96/758/772
f 1059/1621/773 538/764/773 452/763/773 1050/1622/773
f 1060/1623/774 1059/1621/774 1050/1622/774 1055/1624/774
f 1058/1619/775 1060/1623/775 1055/1624/775 1054/1620/775
f 594/1625/776 686/1626/776 994/1099/776 985/1096/776
f 977/1627/777 1076/1628/777 1073/1629/777 1066/1630/777
f 995/1631/778 1072/1632/778 1075/1633/778 673/1634/778
f 1035/1635/779 998/1636/779 999/1637/779 1036/1638/779
f 609/1639/780 610/1640/780 991/1087/780 982/1084/780
f 603/1641/781 612/1642/781 981/1107/781 978/1123/781
f 596/1643/782 28/786/782 467/208/782 989/1115/782
f 611/1644/783 606/1645/783 988/1113/783 979/1088/783
f 1037/1646/784 1008/1647/784 1013/1648/784 1038/1649/784
f 612/1642/785 608/1650/785 990/1083/785 981/1107/785
f 597/1651/786 603/1652/786 978/1105/786 983/1100/786
f 589/1653/787 590/1654/787 980/1103/787 984/1092/787
f 686/1626/788 597/1651/788 983/1100/788 994/1099/788
f 1056/1655/789 594/1625/789 985/1096/789 1057/1095/789
f 606/1656/790 589/1653/790 984/1092/790 988/1091/790
f 610/1640/791 611/1644/791 979/1088/791 991/1087/791
f 608/1650/792 609/1639/792 982/1084/792 990/1083/792
f 1019/1657/793 997/1614/793 996/1613/793 1020/1658/793
f 1027/1659/794 1001/1153/794 1002/1152/794 1021/1660/794
f 1028/1661/795 1006/1662/795 1007/1663/795 1022/1664/795
f 1024/1665/796 1008/1647/796 1009/1199/796 1023/1666/796
f 1026/1667/797 1013/1648/797 1008/1647/797 1024/1665/797
f 1023/1666/798 1009/1199/798 1014/1198/798 1025/1668/798
f 1022/1664/799 1007/1663/799 1013/1648/799 1026/1667/799
f 1025/1668/800 1014/1198/800 1001/1153/800 1027/1659/800
f 1019/1669/801 998/1670/801 1006/1662/801 1028/1661/801
f 1045/1671/802 1006/1662/802 998/1670/802 1035/1672/802
f 1044/1112/803 1015/1111/803 1003/1673/803 1046/1674/803
f 1049/1675/804 1020/1676/804 996/1677/804 1031/1678/804
f 1030/1200/805 1009/1199/805 1008/1647/805 1037/1646/805
f 1038/1649/806 1013/1648/806 1007/1663/806 1047/1679/806
f 1048/1680/807 1004/1681/807 1012/1617/807 1033/1616/807
f 1040/1164/808 1005/1163/808 1004/1681/808 1048/1680/808
f 1042/1154/809 1001/1153/809 1014/1198/809 1029/1197/809
f 1047/1679/810 1007/1663/810 1006/1662/810 1045/1671/810
f 1032/1682/811 997/1683/811 1000/1162/811 1041/1161/811
f 1036/1684/812 999/1685/812 1020/1676/812 1049/1675/812
f 997/1683/813 1019/1669/813 1028/1661/813 1000/1162/813
f 1010/1110/814 1025/1668/814 1027/1659/814 1015/1111/814
f 1005/1163/815 1022/1664/815 1026/1667/815 1004/1681/815
f 1011/1166/816 1023/1666/816 1025/1668/816 1010/1110/816
f 1004/1681/817 1026/1667/817 1024/1665/817 1012/1617/817
f 1012/1617/818 1024/1665/818 1023/1666/818 1011/1166/818
f 1000/1162/819 1028/1661/819 1022/1664/819 1005/1163/819
f 1015/1111/820 1027/1659/820 1021/1660/820 1003/1673/820
f 998/1636/821 1019/1657/821 1020/1658/821 999/1637/821
f 576/982/2 1016/977/2 1018/978/2 600/983/2
f 600/950/822 1018/947/822 1017/948/822 585/951/822
f 579/946/823 1036/1684/823 1049/1675/823 1017/948/823
f 590/1686/824 1032/1682/824 1041/1161/824 980/1687/824
f 664/1688/825 1047/1679/825 1045/1671/825 989/1689/825
f 967/1690/826 1042/1154/826 1029/1197/826 711/1691/826
f 663/1692/827 1040/1164/827 1048/1680/827 958/1693/827
f 958/1693/828 1048/1680/828 1033/1616/828 702/1694/828
f 963/1695/829 1038/1649/829 1047/1679/829 664/1688/829
f 691/1696/830 1030/1200/830 1037/1646/830 707/1697/830
f 1017/948/831 1049/1675/831 1031/1678/831 585/951/831
f 972/1698/832 1044/1112/832 1046/1674/832 649/1699/832
f 989/1689/833 1045/1671/833 1035/1672/833 596/1700/833
f 707/1697/834 1037/1646/834 1038/1649/834 963/1695/834
f 596/1701/835 1035/1635/835 1036/1638/835 579/1702/835
f 702/1694/836 1033/1616/836 1034/1165/836 696/1703/836
f 585/1704/837 1031/1612/837 1032/1615/837 590/1705/837
f 711/1691/838 1029/1197/838 1030/1200/838 691/1696/838
f 696/1703/839 1034/1165/839 1039/1109/839 716/1706/839
f 980/1687/840 1041/1161/840 1040/1164/840 663/1692/840
f 651/1707/841 1043/1151/841 1042/1154/841 967/1690/841
f 716/1706/842 1039/1109/842 1044/1112/842 972/1698/842
f 1061/1708/843 1050/1622/843 1051/1709/843 593/1710/843
f 1063/1711/844 1052/1098/844 659/1712/844 1053/1713/844
f 1053/1713/845 659/1712/845 1054/1620/845 1065/1714/845
f 1065/1714/846 1054/1620/846 1055/1624/846 992/1715/846
f 593/1710/847 1051/1709/847 1056/1655/847 1067/1716/847
f 993/1717/848 1057/1095/848 1052/1098/848 1063/1711/848
f 992/1715/849 1055/1624/849 1050/1622/849 1061/1708/849
f 1067/1716/850 1056/1655/850 1057/1095/850 993/1717/850
f 677/1718/851 1058/1719/851 454/863/851 540/862/851
f 32/865/852 538/868/852 1059/1720/852 673/1721/852
f 995/1722/853 1060/1723/853 1058/1719/853 677/1718/853
f 673/1721/854 1059/1720/854 1060/1723/854 995/1722/854
f 977/1724/855 1061/1725/855 593/1726/855 1062/1727/855
f 683/1728/855 1063/1729/855 1053/1730/855 1064/1731/855
f 1064/1731/855 1053/1730/855 1065/1732/855 976/1733/855
f 976/1733/855 1065/1732/855 992/1734/855 1066/1735/855
f 1062/1727/855 593/1726/855 1067/1736/855 679/1737/855
f 1068/1738/855 993/1739/855 1063/1729/855 683/1728/855
f 1066/1735/855 992/1734/855 1061/1725/855 977/1724/855
f 679/1737/855 1067/1736/855 993/1739/855 1068/1738/855
f 1071/1740/856 1081/1741/856 1089/1742/856 1079/1743/856
f 1076/1744/857 1086/1745/857 1083/1746/857 1073/1747/857
f 1072/1748/858 1082/1749/858 1085/1750/858 1075/1751/858
f 1074/1752/859 1084/1753/859 1082/1749/859 1072/1748/859
f 1062/1754/860 1070/1755/860 1076/1628/860 977/1627/860
f 1066/1630/861 1073/1629/861 1078/1118/861 976/1117/861
f 1064/1120/862 1069/1119/862 1077/1756/862 683/1757/862
f 679/1128/863 1079/1127/863 1070/1755/863 1062/1754/863
f 673/1634/864 1075/1633/864 554/906/864 32/905/864
f 683/1757/865 1077/1756/865 1071/1126/865 1068/1125/865
f 677/1122/866 1074/1121/866 1072/1632/866 995/1631/866
f 1083/1746/867 987/1758/867 986/1759/867 1088/1760/867
f 464/910/868 1082/1749/868 1084/1753/868 564/911/868
f 987/1758/869 1081/1741/869 1087/1761/869 986/1759/869
f 1080/1762/870 1089/1742/870 1081/1741/870 987/1758/870
f 566/914/871 1085/1750/871 1082/1749/871 464/910/871
f 1086/1745/872 1080/1762/872 987/1758/872 1083/1746/872
f 552/915/873 564/911/873 1084/1753/873 1074/1752/873
f 1078/1763/874 1088/1760/874 986/1759/874 1069/1764/874
f 1070/1765/875 1080/1762/875 1086/1745/875 1076/1744/875
f 1073/1747/876 1083/1746/876 1088/1760/876 1078/1763/876
f 1069/1764/877 986/1759/877 1087/1761/877 1077/1766/877
f 1079/1743/878 1089/1742/878 1080/1762/878 1070/1765/878
f 1075/1751/879 1085/1750/879 566/914/879 554/920/879
f 1077/1766/880 1087/1761/880 1081/1741/880 1071/1740/880
f 578/1767/881 1016/1768/881 1117/1769/881 1113/1770/881
f 580/1771/882 684/1772/882 1116/1773/882 1107/1774/882
f 577/1775/883 678/1776/883 1115/1777/883 1108/1778/883
f 584/1779/884 672/1780/884 1114/1781/884 1105/1782/884
f 672/1780/885 12/1783/885 1100/1784/885 1114/1781/885
f 5/1785/886 578/1767/886 1113/1770/886 1099/1786/886
f 605/1787/887 581/1788/887 1112/1789/887 1111/1790/887
f 576/1791/888 582/1792/888 1110/1793/888 1109/1794/888
f 684/1772/889 577/1775/889 1108/1778/889 1116/1773/889
f 581/1788/890 602/1795/890 1106/1796/890 1112/1789/890
f 678/1776/891 584/1779/891 1105/1782/891 1115/1777/891
f 582/1792/892 605/1787/892 1111/1790/892 1110/1793/892
f 602/1795/890 580/1771/890 1107/1774/890 1106/1796/890
f 1016/1768/893 576/1791/893 1109/1794/893 1117/1769/893
f 4/1797/894 1098/1798/894 1104/1799/894 496/1800/894
f 8/1801/895 1092/1802/895 1103/1803/895 121/1804/895
f 3/1805/896 1093/1806/896 1102/1807/896 115/1808/896
f 13/1809/897 1090/1810/897 1101/1811/897 109/1812/897
f 109/1812/898 1101/1811/898 1100/1813/898 12/1814/898
f 5/1785/899 1099/1786/899 1098/1798/899 4/1797/899
f 38/1815/900 1096/1816/900 1097/1817/900 9/1818/900
f 1/1819/901 1094/1820/901 1095/1821/901 10/1822/901
f 121/1804/902 1103/1803/902 1093/1806/902 3/1805/902
f 9/1818/903 1097/1817/903 1091/1823/903 35/1824/903
f 115/1808/904 1102/1807/904 1090/1810/904 13/1809/904
f 10/1822/905 1095/1821/905 1096/1816/905 38/1815/905
f 35/1824/903 1091/1823/903 1092/1802/903 8/1801/903
f 496/1800/906 1104/1799/906 1094/1820/906 1/1819/906
f 1117/1825/907 1109/1826/907 1110/1827/907 1111/1828/907 1112/1829/907 1106/1830/907 1107/1831/907 1116/1832/907 1108/1833/907 1115/1834/907 1105/1835/907 1114/1836/907 1100/1837/907 1101/1838/907 1090/1839/907 1102/1840/907 1093/1841/907 1103/1842/907 1092/1843/907 1091/1844/907 1097/1845/907 1096/1846/907 1095/1847/907 1094/1848/907 1104/1849/907 1098/1850/907 1099/1851/907 1113/1852/907
