# Blender 5.2.0 LTS
# www.blender.org
mtllib Wires.mtl
o Wires
v -1.789481 1.045577 2.961029
v -1.817765 1.045577 2.932745
v -1.831907 1.010936 2.918602
v -1.817765 0.976295 2.932745
v -1.789481 0.976295 2.961029
v -1.775339 1.010936 2.975171
v -1.879021 1.025919 3.068818
v -1.911108 1.025265 3.044943
v -1.922126 0.991162 3.027178
v -1.901058 0.957714 3.033289
v -1.868971 0.958368 3.057164
v -1.857953 0.992471 3.074929
v -1.971900 0.972288 3.211353
v -2.005749 0.970705 3.190099
v -2.015301 0.937374 3.170154
v -1.991004 0.905625 3.171464
v -1.957156 0.907208 3.192719
v -1.947603 0.940539 3.212664
v -2.068364 0.891896 3.381986
v -2.102997 0.889685 3.362096
v -2.111877 0.856893 3.340982
v -2.086123 0.826311 3.339758
v -2.051489 0.828523 3.359648
v -2.042609 0.861315 3.380763
v -2.168254 0.791467 3.574121
v -2.203257 0.788892 3.554935
v -2.211798 0.756433 3.533176
v -2.185336 0.726547 3.530605
v -2.150332 0.729122 3.549792
v -2.141791 0.761582 3.571550
v -2.271112 0.677696 3.780886
v -2.306263 0.674960 3.761993
v -2.314640 0.642679 3.739908
v -2.287867 0.613133 3.736716
v -2.252716 0.615868 3.755609
v -2.244339 0.648149 3.777694
v -2.376380 0.557300 3.995288
v -2.411524 0.554573 3.976381
v -2.419853 0.522346 3.954198
v -2.393038 0.492846 3.950923
v -2.357895 0.495573 3.969831
v -2.349566 0.527800 3.992013
v -2.483455 0.437018 4.210274
v -2.518447 0.434459 4.191064
v -2.526829 0.402174 4.168986
v -2.500218 0.372447 4.166120
v -2.465227 0.375005 4.185329
v -2.456845 0.407291 4.207407
v -2.591702 0.323601 4.418745
v -2.626362 0.321384 4.398902
v -2.634914 0.288922 4.377151
v -2.608806 0.258678 4.375242
v -2.574146 0.260895 4.395084
v -2.565593 0.293356 4.416836
v -2.700443 0.223816 4.613550
v -2.734491 0.222148 4.592623
v -2.743391 0.189374 4.571488
v -2.718243 0.158269 4.571280
v -2.684195 0.159937 4.592207
v -2.675295 0.192711 4.613342
v -2.808911 0.144438 4.787454
v -2.841823 0.143569 4.764736
v -2.851398 0.110322 4.744664
v -2.828062 0.077942 4.747310
v -2.795150 0.078811 4.770027
v -2.785575 0.112059 4.790099
v -2.916116 0.092193 4.933071
v -2.946759 0.092340 4.907362
v -2.957709 0.058477 4.889103
v -2.938016 0.024467 4.896554
v -2.907373 0.024320 4.922264
v -2.896423 0.058183 4.940522
v -3.021721 0.073421 5.043973
v -3.049405 0.074140 5.015110
v -3.062150 0.039929 4.998765
v -3.047210 0.004999 5.011281
v -3.019526 0.004279 5.040145
v -3.006782 0.038490 5.056490
v -3.056525 0.073451 5.074304
v -3.082605 0.074237 5.043986
v -3.096089 0.039996 5.028311
v -3.083493 0.004968 5.042954
v -3.057412 0.004183 5.073272
v -3.043928 0.038424 5.088947
v -3.107288 0.073451 5.117369
v -3.132799 0.074237 5.086571
v -3.145990 0.039996 5.070648
v -3.133668 0.004968 5.085523
v -3.108156 0.004183 5.116321
v -3.094966 0.038424 5.132244
v -3.172039 0.073451 5.169734
v -3.196716 0.074237 5.138263
v -3.209475 0.039996 5.121992
v -3.197556 0.004968 5.137192
v -3.172879 0.004183 5.168663
v -3.160120 0.038424 5.184934
v -3.249679 0.073451 5.228750
v -3.273302 0.074237 5.196480
v -3.285516 0.039996 5.179796
v -3.274106 0.004968 5.195382
v -3.250483 0.004183 5.227652
v -3.238270 0.038424 5.244335
v -3.339139 0.073451 5.291790
v -3.361477 0.074237 5.258618
v -3.373027 0.039996 5.241468
v -3.362237 0.004968 5.257489
v -3.339899 0.004183 5.290661
v -3.328349 0.038424 5.307811
v -3.439358 0.073451 5.356233
v -3.460149 0.074237 5.322070
v -3.470898 0.039996 5.304407
v -3.460857 0.004968 5.320907
v -3.440066 0.004183 5.355070
v -3.429317 0.038424 5.372733
v -3.549289 0.073451 5.419456
v -3.568219 0.074237 5.384227
v -3.578006 0.039996 5.366014
v -3.568863 0.004968 5.383029
v -3.549934 0.004183 5.418257
v -3.540147 0.038424 5.436471
v -3.667890 0.073451 5.478832
v -3.684579 0.074237 5.442488
v -3.693208 0.039996 5.423698
v -3.685147 0.004968 5.441251
v -3.668458 0.004183 5.477595
v -3.659829 0.038424 5.496385
v -3.794124 0.073451 5.531722
v -3.808119 0.074237 5.494259
v -3.815355 0.039996 5.474889
v -3.808595 0.004968 5.492984
v -3.794600 0.004183 5.530447
v -3.787364 0.038424 5.549817
v -3.926957 0.073451 5.575475
v -3.937723 0.074237 5.536960
v -3.943289 0.039996 5.517046
v -3.938089 0.004968 5.535649
v -3.927323 0.004183 5.574164
v -3.921757 0.038424 5.594078
v -4.065351 0.073451 5.607418
v -4.072281 0.074237 5.568030
v -4.075864 0.039996 5.547667
v -4.072517 0.004968 5.566690
v -4.065587 0.004183 5.606077
v -4.062004 0.038424 5.626441
v -4.207948 0.073451 5.624831
v -4.210982 0.074237 5.584954
v -4.212551 0.039996 5.564337
v -4.211085 0.004968 5.583597
v -4.208051 0.004183 5.623474
v -4.206482 0.038424 5.644091
v -4.351382 0.073451 5.629211
v -4.351370 0.074237 5.589219
v -4.351365 0.039996 5.568542
v -4.351370 0.004968 5.587858
v -4.351382 0.004183 5.627851
v -4.351388 0.038424 5.648527
v -4.492485 0.073451 5.624835
v -4.490170 0.074237 5.584909
v -4.488973 0.039996 5.564268
v -4.490091 0.004968 5.583551
v -4.492406 0.004183 5.623476
v -4.493603 0.038424 5.644118
v -4.629923 0.073451 5.613152
v -4.625595 0.074237 5.573394
v -4.623357 0.039996 5.552839
v -4.625448 0.004968 5.572041
v -4.629776 0.004183 5.611799
v -4.632014 0.038424 5.632354
v -4.762150 0.073451 5.595590
v -4.756059 0.074237 5.556064
v -4.752910 0.039996 5.535628
v -4.755852 0.004968 5.554719
v -4.761942 0.004183 5.594244
v -4.765091 0.038424 5.614680
v -4.887616 0.073451 5.573571
v -4.879976 0.074237 5.534315
v -4.876026 0.039996 5.514019
v -4.879716 0.004968 5.532979
v -4.887356 0.004183 5.572235
v -4.891306 0.038424 5.592531
v -5.004773 0.073451 5.548513
v -4.995763 0.074237 5.509549
v -4.991105 0.039996 5.489404
v -4.995456 0.004968 5.508223
v -5.004466 0.004183 5.547187
v -5.009124 0.038424 5.567332
v -5.112066 0.073451 5.521830
v -5.101838 0.074237 5.483168
v -5.096550 0.039996 5.463179
v -5.101490 0.004968 5.481852
v -5.111718 0.004183 5.520514
v -5.117006 0.038424 5.540504
v -5.207944 0.073451 5.494934
v -5.196621 0.074237 5.456578
v -5.190767 0.039996 5.436748
v -5.196236 0.004968 5.455273
v -5.207558 0.004183 5.493629
v -5.213412 0.038424 5.513459
v -5.290851 0.073451 5.469234
v -5.278532 0.074237 5.431187
v -5.272162 0.039996 5.411516
v -5.278112 0.004968 5.429892
v -5.290431 0.004183 5.467940
v -5.296801 0.038424 5.487611
v -5.359238 0.073451 5.446139
v -5.345985 0.074237 5.408406
v -5.339134 0.039996 5.388898
v -5.345535 0.004968 5.407122
v -5.358788 0.004183 5.444855
v -5.365639 0.038424 5.464363
v -5.411572 0.073451 5.427045
v -5.397384 0.074237 5.389654
v -5.390049 0.039996 5.370322
v -5.396901 0.004968 5.388381
v -5.411089 0.004183 5.425772
v -5.418425 0.038424 5.445104
v -5.447834 0.073451 5.412653
v -5.429713 0.074237 5.377001
v -5.420345 0.039996 5.358569
v -5.429097 0.004968 5.375788
v -5.447217 0.004183 5.411439
v -5.456585 0.038424 5.429872
v -5.651486 0.073451 5.283300
v -5.624587 0.074237 5.253706
v -5.610680 0.039996 5.238405
v -5.623672 0.004968 5.252698
v -5.650571 0.004183 5.282292
v -5.664478 0.038424 5.297593
v -5.794649 0.073451 5.099142
v -5.760019 0.074237 5.079138
v -5.742114 0.039996 5.068796
v -5.758840 0.004968 5.078457
v -5.793470 0.004183 5.098461
v -5.811375 0.038424 5.108803
v -5.887248 0.073451 4.872425
v -5.849010 0.074237 4.860710
v -5.829240 0.039996 4.854653
v -5.847708 0.004968 4.860312
v -5.885946 0.004183 4.872026
v -5.905716 0.038424 4.878083
v -5.941727 0.073451 4.613629
v -5.902209 0.074237 4.607484
v -5.881778 0.039996 4.604307
v -5.900865 0.004968 4.607275
v -5.940382 0.004183 4.613420
v -5.960813 0.038424 4.616598
v -5.970332 0.073451 4.332355
v -5.930453 0.074237 4.329344
v -5.909835 0.039996 4.327787
v -5.929096 0.004968 4.329241
v -5.968975 0.004183 4.332253
v -5.989593 0.038424 4.333809
v -5.984906 0.073451 4.038086
v -5.944954 0.074237 4.036281
v -5.924299 0.039996 4.035348
v -5.943594 0.004968 4.036220
v -5.983546 0.004183 4.038024
v -6.004201 0.038424 4.038958
v -5.997063 0.073451 3.740437
v -5.957135 0.074237 3.738167
v -5.936491 0.039996 3.736993
v -5.955776 0.004968 3.738089
v -5.995704 0.004183 3.740360
v -6.016347 0.038424 3.741534
v -6.018287 0.073451 3.449178
v -5.978543 0.074237 3.444726
v -5.957995 0.039996 3.442424
v -5.977190 0.004968 3.444574
v -6.016934 0.004183 3.449027
v -6.037482 0.038424 3.451329
v -6.059911 0.073451 3.174215
v -6.020867 0.074237 3.165557
v -6.000681 0.039996 3.161081
v -6.019538 0.004968 3.165262
v -6.058582 0.004183 3.173920
v -6.078769 0.038424 3.178397
v -6.133006 0.073451 2.925486
v -6.096039 0.074237 2.910228
v -6.076926 0.039996 2.902339
v -6.094781 0.004968 2.909708
v -6.131748 0.004183 2.924967
v -6.150861 0.038424 2.932856
v -6.248329 0.073451 2.712569
v -6.216284 0.074237 2.688643
v -6.199717 0.039996 2.676272
v -6.215194 0.004968 2.687828
v -6.247239 0.004183 2.711755
v -6.263806 0.038424 2.724126
v -6.417653 0.073436 2.543555
v -6.392629 0.074250 2.512360
v -6.379821 0.040023 2.496096
v -6.392038 0.004983 2.511027
v -6.417062 0.004170 2.542222
v -6.429869 0.038397 2.558486
v -6.536902 0.074940 2.467750
v -6.517177 0.075836 2.432963
v -6.507541 0.041658 2.414550
v -6.517630 0.006585 2.430923
v -6.537355 0.005690 2.465710
v -6.546991 0.039867 2.484123
v -6.664013 0.079162 2.404199
v -6.647605 0.080164 2.367733
v -6.640219 0.046059 2.348181
v -6.649241 0.010952 2.365095
v -6.665649 0.009949 2.401561
v -6.673036 0.044054 2.421113
v -6.797197 0.085562 2.351005
v -6.783492 0.086691 2.313443
v -6.777932 0.052672 2.293151
v -6.786077 0.017524 2.310420
v -6.799782 0.016394 2.347982
v -6.805342 0.050413 2.368274
v -6.935218 0.093615 2.305765
v -6.923519 0.094860 2.267534
v -6.919303 0.060918 2.246793
v -6.926787 0.025732 2.264283
v -6.938487 0.024487 2.302514
v -6.942702 0.058429 2.323255
v -7.076800 0.102788 2.266055
v -7.066385 0.104115 2.227457
v -7.063018 0.070227 2.206474
v -7.070065 0.035012 2.224089
v -7.080480 0.033685 2.262686
v -7.083847 0.067573 2.283669
v -7.220648 0.112539 2.229422
v -7.210801 0.113904 2.190677
v -7.207787 0.080040 2.169602
v -7.214620 0.044811 2.187272
v -7.224467 0.043446 2.226017
v -7.227481 0.077310 2.247092
v -7.365467 0.122323 2.193380
v -7.355476 0.123678 2.154672
v -7.352325 0.089805 2.133632
v -7.359164 0.054577 2.151300
v -7.369155 0.053221 2.190009
v -7.372306 0.087095 2.211049
v -7.509964 0.131590 2.155414
v -7.499119 0.132891 2.116934
v -7.495340 0.098978 2.096062
v -7.502406 0.063764 2.113670
v -7.513250 0.062463 2.152150
v -7.517029 0.096375 2.173022
v -7.652850 0.139784 2.112976
v -7.640435 0.140996 2.074971
v -7.635534 0.107020 2.054438
v -7.643048 0.071831 2.071911
v -7.655462 0.070618 2.109916
v -7.660363 0.104595 2.130449
v -7.792829 0.146344 2.063489
v -7.778135 0.147452 2.026302
v -7.771622 0.113401 2.006348
v -7.779804 0.078243 2.023581
v -7.794497 0.077135 2.060767
v -7.801011 0.111186 2.080722
v -7.928578 0.150702 2.004347
v -7.910941 0.151718 1.968460
v -7.902358 0.117604 1.949420
v -7.911412 0.082472 1.966267
v -7.929050 0.081456 2.002154
v -7.937633 0.115571 2.021194
v -8.057938 0.152290 1.933382
v -8.037240 0.153240 1.899166
v -8.026996 0.119089 1.881034
v -8.037447 0.083989 1.897118
v -8.058145 0.083039 1.931334
v -8.068389 0.117189 1.949466
v -8.121658 0.154207 1.891145
v -8.098464 0.155061 1.858567
v -8.087742 0.120892 1.840748
v -8.100212 0.085869 1.855507
v -8.123406 0.085014 1.888085
v -8.134129 0.119183 1.905904
v -8.180847 0.159216 1.846140
v -8.155578 0.159903 1.815140
v -8.144763 0.125727 1.797392
v -8.159216 0.090863 1.810644
v -8.184485 0.090176 1.841644
v -8.195300 0.124352 1.859392
v -8.236555 0.166335 1.797775
v -8.209352 0.166784 1.768453
v -8.198112 0.132555 1.751074
v -8.214075 0.097878 1.763016
v -8.241279 0.097428 1.792337
v -8.252519 0.131657 1.809717
v -8.289083 0.174536 1.745953
v -8.260118 0.174719 1.718367
v -8.248158 0.140382 1.701697
v -8.265162 0.105861 1.712612
v -8.294127 0.105678 1.740198
v -8.306087 0.140015 1.756869
v -8.338715 0.182768 1.690595
v -8.308178 0.182699 1.664759
v -8.295252 0.148207 1.649164
v -8.312862 0.113783 1.659406
v -8.343399 0.113852 1.685242
v -8.356325 0.148345 1.700837
v -8.385736 0.189964 1.631637
v -8.353823 0.189692 1.607522
v -8.339735 0.155029 1.593381
v -8.357560 0.120637 1.603354
v -8.389473 0.120908 1.627469
v -8.403561 0.155572 1.641610
v -8.430428 0.195036 1.569035
v -8.397332 0.194637 1.546573
v -8.381941 0.159833 1.534253
v -8.399645 0.125428 1.544394
v -8.432740 0.125827 1.566856
v -8.448132 0.160631 1.579177
v -8.473073 0.196889 1.502766
v -8.438982 0.196452 1.481848
v -8.422197 0.161594 1.471687
v -8.439506 0.127174 1.482443
v -8.473597 0.127611 1.503361
v -8.490381 0.162469 1.513522
v -8.513958 0.194424 1.432831
v -8.479046 0.194040 1.413312
v -8.460830 0.159276 1.405593
v -8.477526 0.124895 1.417392
v -8.512438 0.125279 1.436911
v -8.530654 0.160044 1.444630
v -8.553370 0.186553 1.359253
v -8.517799 0.186303 1.340958
v -8.498159 0.151827 1.335888
v -8.514090 0.117602 1.349113
v -8.549660 0.117853 1.367407
v -8.569300 0.152328 1.372478
v -8.591600 0.172204 1.282075
v -8.555520 0.172146 1.264807
v -8.534508 0.138188 1.262497
v -8.549576 0.104288 1.277454
v -8.585656 0.104346 1.294722
v -8.606668 0.138304 1.297033
v -8.628479 0.150639 1.202356
v -8.591992 0.150802 1.185962
v -8.570166 0.117286 1.185411
v -8.584824 0.083609 1.201253
v -8.621310 0.083447 1.217646
v -8.643137 0.116962 1.218198
v -8.656998 0.132238 1.136601
v -8.620171 0.132607 1.120993
v -8.598442 0.099032 1.120213
v -8.613541 0.065089 1.135041
v -8.650368 0.064720 1.150649
v -8.672096 0.098295 1.151429
v -8.685013 0.117197 1.068131
v -8.647911 0.117714 1.053191
v -8.626644 0.083889 1.051288
v -8.642479 0.049548 1.064325
v -8.679581 0.049032 1.079265
v -8.700848 0.082856 1.081168
v -8.713003 0.104949 0.996516
v -8.675698 0.105555 0.982093
v -8.654817 0.071561 0.979206
v -8.671240 0.036960 0.990743
v -8.708545 0.036354 1.005165
v -8.729426 0.070348 1.008052
v -8.740993 0.095219 0.922377
v -8.703544 0.095875 0.908334
v -8.682989 0.061766 0.904586
v -8.699882 0.027000 0.914879
v -8.737330 0.026344 0.928922
v -8.757885 0.060453 0.932671
v -8.769008 0.087725 0.846336
v -8.731466 0.088407 0.832547
v -8.711190 0.054223 0.828040
v -8.728457 0.019356 0.837323
v -8.765999 0.018674 0.851112
v -8.786275 0.052858 0.855618
v -8.797081 0.082182 0.769010
v -8.759490 0.082874 0.755357
v -8.739458 0.048640 0.750183
v -8.757017 0.013715 0.758662
v -8.794608 0.013023 0.772315
v -8.814640 0.047256 0.777489
v -8.825245 0.078299 0.691017
v -8.787646 0.078992 0.677386
v -8.767827 0.044728 0.671621
v -8.785608 0.009772 0.679488
v -8.823207 0.009079 0.693119
v -8.843026 0.043342 0.698884
v -8.853534 0.075783 0.612971
v -8.815967 0.076473 0.599249
v -8.796339 0.042192 0.592960
v -8.814277 0.007221 0.600394
v -8.851844 0.006531 0.614116
v -8.871471 0.040812 0.620404
v -8.881983 0.074342 0.535485
v -8.844492 0.075028 0.521557
v -8.825035 0.040738 0.514802
v -8.843069 0.005762 0.521975
v -8.880560 0.005076 0.535903
v -8.900017 0.039366 0.542658
v -8.910630 0.073679 0.459170
v -8.873263 0.074362 0.444913
v -8.853963 0.040068 0.437742
v -8.872029 0.005091 0.444828
v -8.909396 0.004408 0.459084
v -8.928697 0.038702 0.466255
v -8.939512 0.073499 0.384634
v -8.902326 0.074180 0.369915
v -8.883170 0.039885 0.362373
v -8.901201 0.004908 0.369551
v -8.938388 0.004227 0.384270
v -8.957543 0.038522 0.391812
v -8.968093 0.073506 0.313757
v -8.932257 0.074186 0.295999
v -8.913812 0.039889 0.286858
v -8.931203 0.004914 0.295474
v -8.967039 0.004234 0.313232
v -8.985484 0.038530 0.322373
v -9.096558 0.073506 0.097271
v -9.065195 0.074186 0.072453
v -9.049052 0.039890 0.059679
v -9.064272 0.004914 0.071722
v -9.095634 0.004234 0.096540
v -9.111777 0.038530 0.109314
v -9.275554 0.073506 -0.075500
v -9.250869 0.074186 -0.106967
v -9.238162 0.039890 -0.123163
v -9.250142 0.004914 -0.107893
v -9.274827 0.004234 -0.076427
v -9.287534 0.038530 -0.060230
v -9.496352 0.073506 -0.214612
v -9.477433 0.074186 -0.249849
v -9.467695 0.039890 -0.267986
v -9.476876 0.004914 -0.250886
v -9.495795 0.004234 -0.215649
v -9.505533 0.038530 -0.197513
v -9.749036 0.073506 -0.328337
v -9.734163 0.074186 -0.365463
v -9.726508 0.039890 -0.384572
v -9.733726 0.004914 -0.366556
v -9.748598 0.004234 -0.329429
v -9.756253 0.038530 -0.310320
v -10.023278 0.073506 -0.425028
v -10.010719 0.074186 -0.462999
v -10.004255 0.039890 -0.482544
v -10.010350 0.004914 -0.464117
v -10.022909 0.004234 -0.426146
v -10.029373 0.038530 -0.406601
v -10.308661 0.073506 -0.513246
v -10.296848 0.074186 -0.551457
v -10.290769 0.039890 -0.571124
v -10.296501 0.004914 -0.552581
v -10.308313 0.004234 -0.514371
v -10.314393 0.038530 -0.494704
v -10.594811 0.073506 -0.601711
v -10.582253 0.074186 -0.639682
v -10.575788 0.039890 -0.659226
v -10.581883 0.004914 -0.640800
v -10.594442 0.004234 -0.602828
v -10.600906 0.038530 -0.583284
v -10.871436 0.073506 -0.699272
v -10.856564 0.074186 -0.736398
v -10.848908 0.039890 -0.755508
v -10.856126 0.004914 -0.737491
v -10.870998 0.004234 -0.700365
v -10.878654 0.038530 -0.681256
v -11.128285 0.073506 -0.814942
v -11.109366 0.074186 -0.850178
v -11.099628 0.039890 -0.868315
v -11.108809 0.004914 -0.851216
v -11.127728 0.004234 -0.815979
v -11.137466 0.038530 -0.797842
v -11.355020 0.073506 -0.957935
v -11.330335 0.074186 -0.989401
v -11.317628 0.039890 -1.005598
v -11.329608 0.004914 -0.990328
v -11.354293 0.004234 -0.958861
v -11.367000 0.038530 -0.942664
v -11.540890 0.073506 -1.137550
v -11.509527 0.074186 -1.162368
v -11.493384 0.039890 -1.175142
v -11.508604 0.004914 -1.163098
v -11.539967 0.004234 -1.138281
v -11.556109 0.038530 -1.125507
v -11.674145 0.073506 -1.361688
v -11.637949 0.074186 -1.378700
v -11.619318 0.039890 -1.387456
v -11.636883 0.004914 -1.379200
v -11.673079 0.004234 -1.362188
v -11.691710 0.038530 -1.353432
v -11.732120 0.073506 -1.523980
v -11.693853 0.074186 -1.535611
v -11.674158 0.039890 -1.541598
v -11.692727 0.004914 -1.535954
v -11.730993 0.004234 -1.524323
v -11.750689 0.038530 -1.518336
v -11.774211 0.073506 -1.690559
v -11.735043 0.074186 -1.698648
v -11.714883 0.039890 -1.702812
v -11.733890 0.004914 -1.698886
v -11.773058 0.004234 -1.690797
v -11.793218 0.038530 -1.686633
v -11.801728 0.073506 -1.861205
v -11.762021 0.074186 -1.865984
v -11.741583 0.039890 -1.868444
v -11.760852 0.004914 -1.866125
v -11.800559 0.004234 -1.861345
v -11.820997 0.038530 -1.858885
v -11.815604 0.073506 -2.034858
v -11.775647 0.074186 -2.036584
v -11.755080 0.039890 -2.037472
v -11.774470 0.004914 -2.036634
v -11.814427 0.004234 -2.034909
v -11.834994 0.038530 -2.034021
v -11.816765 0.073506 -2.210472
v -11.776785 0.074186 -2.209401
v -11.756207 0.039890 -2.208850
v -11.775608 0.004914 -2.209370
v -11.815588 0.004234 -2.210441
v -11.836166 0.038530 -2.210992
v -11.806134 0.073506 -2.387008
v -11.766304 0.074186 -2.383384
v -11.745804 0.039890 -2.381519
v -11.765132 0.004914 -2.383277
v -11.804962 0.004234 -2.386901
v -11.825462 0.038530 -2.388767
v -11.784628 0.073506 -2.563430
v -11.745080 0.074186 -2.557473
v -11.724724 0.039890 -2.554408
v -11.743916 0.004914 -2.557298
v -11.783463 0.004234 -2.563255
v -11.803820 0.038530 -2.566320
v -11.753157 0.073506 -2.738706
v -11.713990 0.074186 -2.730610
v -11.693830 0.039890 -2.726443
v -11.712837 0.004914 -2.730372
v -11.752004 0.004234 -2.738468
v -11.772163 0.038530 -2.742635
v -11.712626 0.073506 -2.911805
v -11.673922 0.074186 -2.901734
v -11.653998 0.039890 -2.896550
v -11.672782 0.004914 -2.901437
v -11.711487 0.004234 -2.911508
v -11.731410 0.038530 -2.916692
v -11.663939 0.073506 -3.081694
v -11.625760 0.074186 -3.069783
v -11.606109 0.039890 -3.063652
v -11.624637 0.004914 -3.069432
v -11.662816 0.004234 -3.081344
v -11.682467 0.038530 -3.087475
v -11.607994 0.073506 -3.247343
v -11.570399 0.074186 -3.233698
v -11.551048 0.039890 -3.226676
v -11.569292 0.004914 -3.233297
v -11.606887 0.004234 -3.246941
v -11.626238 0.038530 -3.253964
v -11.545953 0.073506 -3.407034
v -11.508478 0.074186 -3.393064
v -11.489189 0.039890 -3.385874
v -11.507375 0.004914 -3.392653
v -11.544849 0.004234 -3.406623
v -11.564138 0.038530 -3.413814
v -11.400935 0.073506 -3.812932
v -11.362641 0.074186 -3.801396
v -11.342930 0.039890 -3.795459
v -11.361514 0.004914 -3.801057
v -11.399808 0.004234 -3.812593
v -11.419519 0.038530 -3.818530
v -11.300076 0.073506 -4.221365
v -11.260798 0.074186 -4.213833
v -11.240582 0.039890 -4.209956
v -11.259643 0.004914 -4.213611
v -11.298921 0.004234 -4.221144
v -11.319138 0.038530 -4.225021
v -11.244241 0.073506 -4.626758
v -11.204376 0.074186 -4.623535
v -11.183857 0.039890 -4.621876
v -11.203202 0.004914 -4.623440
v -11.243067 0.004234 -4.626663
v -11.263586 0.038530 -4.628322
v -11.234535 0.073506 -5.022841
v -11.194569 0.074186 -5.024316
v -11.173997 0.039890 -5.025076
v -11.193392 0.004914 -5.024360
v -11.233358 0.004234 -5.022885
v -11.253930 0.038530 -5.022125
v -11.272040 0.073506 -5.403355
v -11.232599 0.074186 -5.409983
v -11.212298 0.039890 -5.413394
v -11.231439 0.004914 -5.410178
v -11.270880 0.004234 -5.403550
v -11.291181 0.038530 -5.400138
v -11.357800 0.073506 -5.762067
v -11.319727 0.074186 -5.774313
v -11.300130 0.039890 -5.780616
v -11.318606 0.004914 -5.774673
v -11.356680 0.004234 -5.762427
v -11.376277 0.038530 -5.756124
v -11.492833 0.073506 -6.092807
v -11.457232 0.074186 -6.111028
v -11.438906 0.039890 -6.120407
v -11.456183 0.004914 -6.111565
v -11.491785 0.004234 -6.093343
v -11.510111 0.038530 -6.083965
v -11.678174 0.073506 -6.389500
v -11.646378 0.074186 -6.413760
v -11.630013 0.039890 -6.426247
v -11.645442 0.004914 -6.414474
v -11.677238 0.004234 -6.390213
v -11.693604 0.038530 -6.377727
v -11.914945 0.073506 -6.646171
v -11.888350 0.074186 -6.676042
v -11.874660 0.039890 -6.691417
v -11.887567 0.004914 -6.676921
v -11.914162 0.004234 -6.647050
v -11.927851 0.038530 -6.631675
v -12.204430 0.073506 -6.856887
v -12.184176 0.074186 -6.891375
v -12.173753 0.039890 -6.909126
v -12.183580 0.004914 -6.892390
v -12.203834 0.004234 -6.857903
v -12.214257 0.038530 -6.840151
v -12.548070 0.073506 -7.015628
v -12.534740 0.074186 -7.053336
v -12.527880 0.039890 -7.072745
v -12.534348 0.004914 -7.054446
v -12.547678 0.004234 -7.016738
v -12.554539 0.038530 -6.997329
v -12.948085 0.073506 -7.116335
v -12.940190 0.074186 -7.155543
v -12.936127 0.039890 -7.175724
v -12.939958 0.004914 -7.156697
v -12.947852 0.004234 -7.117489
v -12.951916 0.038530 -7.097309
v -13.069913 0.073506 -7.134797
v -13.064165 0.074186 -7.174376
v -13.061207 0.039890 -7.194748
v -13.063996 0.004914 -7.175541
v -13.069744 0.004234 -7.135962
v -13.072702 0.038530 -7.115590
v -13.194828 0.073506 -7.152129
v -13.189361 0.074186 -7.191748
v -13.186547 0.039890 -7.212140
v -13.189199 0.004914 -7.192914
v -13.194667 0.004234 -7.153295
v -13.197480 0.038530 -7.132902
v -13.321191 0.073506 -7.169467
v -13.315569 0.074186 -7.209064
v -13.312675 0.039890 -7.229446
v -13.315404 0.004914 -7.210230
v -13.321026 0.004234 -7.170633
v -13.323919 0.038530 -7.150252
v -13.448101 0.073506 -7.188092
v -13.441895 0.074186 -7.227602
v -13.438700 0.039890 -7.247938
v -13.441711 0.004914 -7.228765
v -13.447918 0.004234 -7.189255
v -13.451113 0.038530 -7.168919
v -13.574657 0.073506 -7.209289
v -13.567431 0.074186 -7.248625
v -13.563712 0.039890 -7.268872
v -13.567219 0.004914 -7.249783
v -13.574445 0.004234 -7.210447
v -13.578164 0.038530 -7.190200
v -13.699967 0.073506 -7.234354
v -13.691276 0.074186 -7.273393
v -13.686803 0.039890 -7.293487
v -13.691020 0.004914 -7.274542
v -13.699712 0.004234 -7.235503
v -13.704185 0.038530 -7.215409
v -13.823137 0.073506 -7.264594
v -13.812519 0.074186 -7.303153
v -13.807054 0.039890 -7.322999
v -13.812206 0.004914 -7.304287
v -13.822824 0.004234 -7.265728
v -13.828290 0.038530 -7.245882
v -13.943270 0.073506 -7.301324
v -13.930257 0.074186 -7.339142
v -13.923559 0.039890 -7.358608
v -13.929874 0.004914 -7.340255
v -13.942887 0.004234 -7.302437
v -13.949585 0.038530 -7.282972
v -14.059457 0.073506 -7.345875
v -14.043596 0.074186 -7.382589
v -14.035433 0.039890 -7.401487
v -14.043130 0.004914 -7.383670
v -14.058990 0.004234 -7.346955
v -14.067154 0.038530 -7.328058
v -14.170770 0.073506 -7.399579
v -14.151664 0.074186 -7.434715
v -14.141829 0.039890 -7.452799
v -14.151101 0.004914 -7.435749
v -14.170207 0.004234 -7.400613
v -14.180041 0.038530 -7.382529
v -14.276246 0.073506 -7.463768
v -14.253615 0.074186 -7.496744
v -14.241967 0.039890 -7.513717
v -14.252950 0.004914 -7.497715
v -14.275580 0.004234 -7.464739
v -14.287229 0.038530 -7.447766
v -14.374896 0.073506 -7.539753
v -14.348639 0.074186 -7.569921
v -14.335123 0.039890 -7.585448
v -14.347865 0.004914 -7.570809
v -14.374123 0.004234 -7.540641
v -14.387638 0.038530 -7.525114
v -14.444638 0.073506 -7.608212
v -14.415055 0.074186 -7.635127
v -14.399828 0.039890 -7.648981
v -14.414184 0.004914 -7.635920
v -14.443767 0.004234 -7.609005
v -14.458994 0.038530 -7.595151
v -14.505647 0.073506 -7.683368
v -14.473443 0.074186 -7.707086
v -14.456868 0.039890 -7.719294
v -14.472495 0.004914 -7.707784
v -14.504699 0.004234 -7.684066
v -14.521274 0.038530 -7.671859
v -14.559335 0.073506 -7.763912
v -14.525260 0.074186 -7.784852
v -14.507721 0.039890 -7.795630
v -14.524257 0.004914 -7.785468
v -14.558331 0.004234 -7.764528
v -14.575871 0.038530 -7.753750
v -14.607209 0.073506 -7.848644
v -14.571874 0.074186 -7.867378
v -14.553686 0.039890 -7.877020
v -14.570834 0.004914 -7.867929
v -14.606170 0.004234 -7.849196
v -14.624357 0.038530 -7.839553
v -14.650778 0.073506 -7.936409
v -14.614655 0.074186 -7.953576
v -14.596063 0.039890 -7.962412
v -14.613592 0.004914 -7.954081
v -14.649714 0.004234 -7.936914
v -14.668307 0.038530 -7.928078
v -14.691529 0.073506 -8.026073
v -14.654990 0.074186 -8.042334
v -14.636183 0.039890 -8.050704
v -14.653914 0.004914 -8.042812
v -14.690454 0.004234 -8.026552
v -14.709261 0.038530 -8.018182
v -14.730931 0.073506 -8.116516
v -14.694284 0.074186 -8.132532
v -14.675421 0.039890 -8.140776
v -14.693206 0.004914 -8.133003
v -14.729853 0.004234 -8.116987
v -14.748716 0.038530 -8.108744
v -14.770431 0.073506 -8.206617
v -14.733966 0.074186 -8.223046
v -14.715197 0.039890 -8.231502
v -14.732892 0.004914 -8.223530
v -14.769357 0.004234 -8.207101
v -14.788126 0.038530 -8.198646
v -14.811447 0.073506 -8.295259
v -14.775482 0.074186 -8.312753
v -14.756970 0.039890 -8.321758
v -14.774424 0.004914 -8.313268
v -14.810389 0.004234 -8.295774
v -14.828900 0.038530 -8.286768
v -14.855384 0.073506 -8.381322
v -14.820303 0.074186 -8.400529
v -14.802247 0.039890 -8.410415
v -14.819270 0.004914 -8.401093
v -14.854351 0.004234 -8.381886
v -14.872407 0.038530 -8.372001
v -14.903622 0.073506 -8.463704
v -14.869917 0.074186 -8.485234
v -14.852569 0.039890 -8.496316
v -14.868925 0.004914 -8.485868
v -14.902630 0.004234 -8.464337
v -14.919978 0.038530 -8.453256
v -14.957170 0.073506 -8.540873
v -14.926163 0.074186 -8.566133
v -14.910202 0.039890 -8.579134
v -14.925249 0.004914 -8.566875
v -14.956257 0.004234 -8.541615
v -14.972218 0.038530 -8.528614
v -15.204036 0.073506 -8.800640
v -15.178105 0.074186 -8.831089
v -15.164759 0.039890 -8.846762
v -15.177342 0.004914 -8.831985
v -15.203273 0.004234 -8.801537
v -15.216619 0.038530 -8.785864
v -15.493438 0.073506 -8.998660
v -15.474039 0.074186 -9.033635
v -15.464054 0.039890 -9.051638
v -15.473468 0.004914 -9.034665
v -15.492867 0.004234 -8.999690
v -15.502851 0.038530 -8.981688
v -15.819871 0.073506 -9.141549
v -15.806742 0.074186 -9.179326
v -15.799984 0.039890 -9.198771
v -15.806355 0.004914 -9.180438
v -15.819485 0.004234 -9.142661
v -15.826242 0.038530 -9.123216
v -16.177240 0.073506 -9.235172
v -16.169552 0.074186 -9.274421
v -16.165594 0.039890 -9.294622
v -16.169325 0.004914 -9.275576
v -16.177013 0.004234 -9.236327
v -16.180971 0.038530 -9.216125
v -16.559242 0.073506 -9.285354
v -16.556004 0.074186 -9.325216
v -16.554335 0.039890 -9.345735
v -16.555908 0.004914 -9.326390
v -16.559147 0.004234 -9.286528
v -16.560816 0.038530 -9.266009
v -16.959455 0.073506 -9.297972
v -16.959745 0.074186 -9.337965
v -16.959894 0.039890 -9.358550
v -16.959753 0.004914 -9.339142
v -16.959463 0.004234 -9.299149
v -16.959314 0.038530 -9.278563
v -17.371412 0.073506 -9.278971
v -17.374462 0.074186 -9.318849
v -17.376030 0.039890 -9.339375
v -17.374552 0.004914 -9.320023
v -17.371502 0.004234 -9.280145
v -17.369934 0.038530 -9.259619
v -17.788656 0.073506 -9.234348
v -17.793833 0.074186 -9.274006
v -17.796499 0.039890 -9.294418
v -17.793985 0.004914 -9.275173
v -17.788809 0.004234 -9.235516
v -17.786142 0.038530 -9.215103
v -18.204739 0.073506 -9.170131
v -18.211531 0.074186 -9.209544
v -18.215025 0.039890 -9.229831
v -18.211731 0.004914 -9.210704
v -18.204939 0.004234 -9.171290
v -18.201445 0.038530 -9.151004
v -18.613239 0.073506 -9.092361
v -18.621204 0.074186 -9.131555
v -18.625303 0.039890 -9.151728
v -18.621437 0.004914 -9.132708
v -18.613472 0.004234 -9.093514
v -18.609373 0.038530 -9.073341
v -19.007742 0.073506 -9.007093
v -19.016483 0.074186 -9.046121
v -19.020981 0.039890 -9.066209
v -19.016741 0.004914 -9.047270
v -19.007999 0.004234 -9.008243
v -19.003502 0.038530 -8.988154
v -19.382797 0.073506 -8.920187
v -19.390108 0.074186 -8.959507
v -19.393873 0.039890 -8.979746
v -19.390324 0.004914 -8.960665
v -19.383013 0.004234 -8.921345
v -19.379248 0.038530 -8.901106
v -19.594467 0.073506 -8.890384
v -19.597580 0.074186 -8.930256
v -19.599184 0.039890 -8.950780
v -19.597672 0.004914 -8.931430
v -19.594559 0.004234 -8.891558
v -19.592955 0.038530 -8.871034
v -19.838877 0.073506 -8.886462
v -19.838127 0.074186 -8.926450
v -19.837742 0.039890 -8.947032
v -19.838106 0.004914 -8.927627
v -19.838856 0.004234 -8.887639
v -19.839241 0.038530 -8.867057
v -20.106277 0.073506 -8.900753
v -20.103453 0.074186 -8.940647
v -20.101999 0.039890 -8.961182
v -20.103371 0.004914 -8.941822
v -20.106195 0.004234 -8.901928
v -20.107649 0.038530 -8.881393
v -20.387962 0.073506 -8.925588
v -20.384279 0.074186 -8.965412
v -20.382383 0.039890 -8.985910
v -20.384171 0.004914 -8.966584
v -20.387854 0.004234 -8.926760
v -20.389750 0.038530 -8.906261
v -20.675045 0.073506 -8.953383
v -20.671488 0.074186 -8.993219
v -20.669655 0.039890 -9.013723
v -20.671383 0.004914 -8.994391
v -20.674940 0.004234 -8.954556
v -20.676773 0.038530 -8.934052
v -20.958529 0.073506 -8.976595
v -20.956076 0.074186 -9.016514
v -20.954815 0.039890 -9.037061
v -20.956003 0.004914 -9.017689
v -20.958456 0.004234 -8.977770
v -20.959717 0.038530 -8.957223
v -21.229294 0.073506 -8.987711
v -21.229151 0.074186 -9.027705
v -21.229076 0.039890 -9.048291
v -21.229145 0.004914 -9.028883
v -21.229288 0.004234 -8.988889
v -21.229362 0.038530 -8.968303
v -21.478077 0.073506 -8.979314
v -21.481953 0.074186 -9.019119
v -21.483948 0.039890 -9.039609
v -21.482067 0.004914 -9.020291
v -21.478191 0.004234 -8.980486
v -21.476196 0.038530 -8.959996
v -21.695427 0.073506 -8.944241
v -21.705908 0.074186 -8.982837
v -21.711302 0.039890 -9.002703
v -21.706215 0.004914 -8.983973
v -21.695734 0.004234 -8.945376
v -21.690340 0.038530 -8.925510
v -21.871958 0.073506 -8.875956
v -21.892368 0.074186 -8.910349
v -21.902874 0.039890 -8.928052
v -21.892969 0.004914 -8.911362
v -21.872559 0.004234 -8.876968
v -21.862053 0.038530 -8.859265
v -21.999666 0.073506 -8.768375
v -22.031397 0.074186 -8.792722
v -22.047729 0.039890 -8.805253
v -22.032331 0.004914 -8.793438
v -22.000601 0.004234 -8.769092
v -21.984268 0.038530 -8.756560
v -22.072475 0.073429 -8.612734
v -22.110630 0.074245 -8.624712
v -22.130581 0.040025 -8.630279
v -22.112377 0.004990 -8.623865
v -22.074223 0.004175 -8.611887
v -22.054272 0.038394 -8.606320
v -22.120785 0.084440 -8.326717
v -22.160477 0.085580 -8.331534
v -22.181587 0.051605 -8.331696
v -22.163006 0.016490 -8.327042
v -22.123314 0.015350 -8.322225
v -22.102203 0.049325 -8.322063
v -22.142101 0.115225 -8.018822
v -22.182039 0.116667 -8.020480
v -22.203423 0.083025 -8.017169
v -22.184864 0.047940 -8.012199
v -22.144926 0.046498 -8.010541
v -22.123543 0.080141 -8.013852
v -22.143641 0.161908 -7.695069
v -22.183603 0.163620 -7.694810
v -22.205013 0.130302 -7.689198
v -22.186460 0.095271 -7.683846
v -22.146498 0.093559 -7.684104
v -22.125088 0.126878 -7.689716
v -22.133085 0.220599 -7.360952
v -22.173025 0.222466 -7.359795
v -22.194401 0.189382 -7.352828
v -22.175837 0.154430 -7.347018
v -22.135897 0.152563 -7.348175
v -22.114521 0.185647 -7.355142
v -22.118221 0.287360 -7.021878
v -22.158161 0.289229 -7.020715
v -22.179516 0.256253 -7.013193
v -22.160931 0.221408 -7.006835
v -22.120991 0.219539 -7.007998
v -22.099636 0.252515 -7.015520
v -22.106901 0.358242 -6.683167
v -22.146864 0.359933 -6.682862
v -22.168222 0.326917 -6.675533
v -22.149618 0.292210 -6.668509
v -22.109655 0.290519 -6.668813
v -22.088297 0.323535 -6.676142
v -22.107021 0.429289 -6.350050
v -22.146973 0.430600 -6.351543
v -22.168325 0.397379 -6.345184
v -22.149727 0.362847 -6.337333
v -22.109776 0.361536 -6.335841
v -22.088423 0.394757 -6.342199
v -22.126558 0.496542 -6.027684
v -22.166309 0.497256 -6.032074
v -22.187534 0.463651 -6.027574
v -22.169008 0.429333 -6.018683
v -22.129257 0.428620 -6.014294
v -22.108032 0.462224 -6.018794
v -22.173599 0.556022 -5.721169
v -22.212662 0.555930 -5.729778
v -22.233412 0.521770 -5.728188
v -22.215099 0.487702 -5.717987
v -22.176037 0.487795 -5.709377
v -22.155287 0.521955 -5.710968
v -22.256416 0.603696 -5.435651
v -22.293758 0.602674 -5.449951
v -22.313276 0.567847 -5.452438
v -22.295452 0.534043 -5.440625
v -22.258110 0.535066 -5.426325
v -22.238592 0.569892 -5.423838
v -22.383434 0.635414 -5.176576
v -22.417301 0.633573 -5.197782
v -22.434267 0.598146 -5.205335
v -22.417370 0.564560 -5.191682
v -22.383503 0.566401 -5.170475
v -22.366537 0.601828 -5.162922
v -22.562830 0.646923 -4.950030
v -22.591072 0.644741 -4.978271
v -22.603857 0.609061 -4.991056
v -22.588400 0.575562 -4.975600
v -22.560158 0.577744 -4.947358
v -22.547373 0.613425 -4.934573
v -1.726668 0.778126 2.967920
v -1.766668 0.778126 2.967920
v -1.786668 0.743485 2.967920
v -1.766668 0.708844 2.967920
v -1.726668 0.708844 2.967920
v -1.706668 0.743485 2.967920
v -1.742515 0.769606 3.139889
v -1.781985 0.769886 3.133405
v -1.801477 0.735514 3.127191
v -1.781499 0.700862 3.127461
v -1.742029 0.700581 3.133945
v -1.722537 0.734953 3.140160
v -1.787746 0.745827 3.328957
v -1.826118 0.746681 3.317693
v -1.844584 0.712844 3.307013
v -1.824678 0.678154 3.307595
v -1.786306 0.677300 3.318859
v -1.767840 0.711137 3.329540
v -1.859221 0.709287 3.529364
v -1.896343 0.710777 3.514539
v -1.913685 0.677511 3.500659
v -1.893907 0.642756 3.501605
v -1.856785 0.641267 3.516431
v -1.839443 0.674532 3.530310
v -1.954142 0.662297 3.735430
v -1.989934 0.664442 3.717700
v -2.006139 0.631738 3.701335
v -1.986551 0.596889 3.702698
v -1.950759 0.594744 3.720427
v -1.934554 0.627448 3.736793
v -2.069811 0.607117 3.941234
v -2.104158 0.609949 3.920929
v -2.119188 0.577803 3.902470
v -2.099871 0.542825 3.904316
v -2.065524 0.539994 3.924621
v -2.050494 0.572140 3.943080
v -2.203574 0.545989 4.140737
v -2.236269 0.549573 4.117973
v -2.250025 0.518007 4.097618
v -2.231086 0.482857 4.100027
v -2.198392 0.479273 4.122791
v -2.184635 0.510839 4.143146
v -2.352807 0.481145 4.327831
v -2.383504 0.485593 4.302574
v -2.395793 0.454661 4.280389
v -2.377386 0.419282 4.283460
v -2.346689 0.414834 4.308717
v -2.334399 0.445765 4.330902
v -2.514930 0.414809 4.496367
v -2.543072 0.420297 4.468477
v -2.553564 0.390097 4.444438
v -2.535913 0.354409 4.448289
v -2.507770 0.348922 4.476180
v -2.497278 0.379122 4.500218
v -2.687431 0.349195 4.640153
v -2.712139 0.355980 4.609437
v -2.720295 0.326662 4.583477
v -2.703743 0.290560 4.588232
v -2.679034 0.283775 4.618948
v -2.670878 0.313092 4.644908
v -2.867894 0.286507 4.752903
v -2.887810 0.294943 4.719255
v -2.892792 0.266718 4.691353
v -2.877858 0.230058 4.697098
v -2.857942 0.221622 4.730746
v -2.852960 0.249847 4.758649
v -3.053975 0.228975 4.828129
v -3.067135 0.239477 4.791845
v -3.067731 0.212595 4.762232
v -3.055167 0.175210 4.768902
v -3.042006 0.164707 4.805185
v -3.041410 0.191590 4.834799
v -3.241303 0.179429 4.858834
v -3.247570 0.191724 4.821290
v -3.244220 0.165868 4.790955
v -3.234603 0.127716 4.798163
v -3.228336 0.115421 4.835708
v -3.231686 0.141277 4.866043
v -3.403742 0.145915 4.861823
v -3.406166 0.159006 4.824104
v -3.401628 0.133396 4.793715
v -3.394666 0.094694 4.801044
v -3.392242 0.081603 4.838764
v -3.396780 0.107214 4.869153
v -3.576648 0.119465 4.859383
v -3.577199 0.132849 4.821692
v -3.572803 0.107216 4.791301
v -3.567856 0.068200 4.798600
v -3.567305 0.054817 4.836290
v -3.571701 0.080449 4.866682
v -3.757852 0.099010 4.850150
v -3.756451 0.112619 4.812562
v -3.751756 0.087020 4.782186
v -3.748464 0.047814 4.789398
v -3.749865 0.034206 4.826986
v -3.754559 0.059804 4.857362
v -3.943393 0.083838 4.832691
v -3.939867 0.097623 4.795307
v -3.934459 0.072085 4.765000
v -3.932576 0.032761 4.772076
v -3.936102 0.018975 4.809460
v -3.941511 0.044514 4.839767
v -4.129350 0.073222 4.805559
v -4.123430 0.087147 4.768532
v -4.116874 0.061676 4.738395
v -4.116239 0.022279 4.745286
v -4.122159 0.008353 4.782313
v -4.128715 0.033825 4.812450
v -4.311836 0.066430 4.767282
v -4.303142 0.080462 4.730847
v -4.294956 0.055053 4.701058
v -4.295464 0.015612 4.707705
v -4.304158 0.001580 4.744140
v -4.312344 0.026990 4.773929
v -4.486991 0.062729 4.716338
v -4.475023 0.076833 4.680871
v -4.464645 0.051472 4.651732
v -4.466234 0.012007 4.658059
v -4.478202 -0.002097 4.693525
v -4.488580 0.023264 4.722664
v -4.650962 0.061382 4.651129
v -4.635107 0.075521 4.617237
v -4.621890 0.050187 4.589246
v -4.624528 0.010712 4.595149
v -4.640383 -0.003427 4.629041
v -4.653600 0.021908 4.657032
v -4.799852 0.061652 4.569951
v -4.779447 0.075788 4.538585
v -4.762703 0.050451 4.512553
v -4.766365 0.010977 4.517887
v -4.786770 -0.003159 4.549253
v -4.803514 0.022179 4.575284
v -4.929605 0.062795 4.470991
v -4.904135 0.076893 4.443559
v -4.883297 0.051524 4.420706
v -4.887929 0.012058 4.425286
v -4.913399 -0.002039 4.452719
v -4.934237 0.023329 4.475571
v -5.035827 0.064050 4.352485
v -5.005308 0.078097 4.330775
v -4.980263 0.052686 4.312692
v -4.985736 0.013228 4.316319
v -5.016254 -0.000818 4.338029
v -5.041300 0.024593 4.356112
v -5.113195 0.064644 4.214353
v -5.079204 0.078663 4.198603
v -5.051221 0.053229 4.185561
v -5.057230 0.013776 4.188269
v -5.091221 -0.000244 4.204018
v -5.119204 0.025190 4.217060
v -5.192550 0.064647 4.003288
v -5.157164 0.078663 3.990983
v -5.128006 0.053226 3.980844
v -5.134234 0.013773 3.983009
v -5.169620 -0.000243 3.995315
v -5.198778 0.025194 4.005454
v -5.263295 0.064647 3.782511
v -5.227468 0.078663 3.771555
v -5.197948 0.053226 3.762528
v -5.204254 0.013773 3.764456
v -5.240080 -0.000243 3.775412
v -5.269600 0.025194 3.784440
v -5.329546 0.064647 3.555117
v -5.293544 0.078663 3.544755
v -5.263878 0.053226 3.536216
v -5.270215 0.013773 3.538040
v -5.306217 -0.000243 3.548402
v -5.335883 0.025194 3.556940
v -5.394873 0.064647 3.325325
v -5.358902 0.078663 3.314852
v -5.329262 0.053226 3.306224
v -5.335593 0.013773 3.308067
v -5.371564 -0.000243 3.318539
v -5.401204 0.025194 3.327168
v -5.462791 0.064647 3.097392
v -5.427065 0.078663 3.086113
v -5.397627 0.053226 3.076820
v -5.403915 0.013773 3.078805
v -5.439641 -0.000243 3.090084
v -5.469079 0.025194 3.099377
v -5.536772 0.064647 2.875608
v -5.501568 0.078663 2.862795
v -5.472559 0.053226 2.852236
v -5.478755 0.013773 2.854491
v -5.513960 -0.000243 2.867305
v -5.542968 0.025194 2.877864
v -5.620225 0.064647 2.664282
v -5.585954 0.078663 2.649149
v -5.557714 0.053226 2.636679
v -5.563746 0.013773 2.639343
v -5.598018 -0.000243 2.654476
v -5.626257 0.025194 2.666945
v -5.716485 0.064647 2.467714
v -5.683785 0.078663 2.449431
v -5.656840 0.053226 2.434367
v -5.662596 0.013773 2.437584
v -5.695296 -0.000243 2.455867
v -5.722240 0.025194 2.470932
v -5.828806 0.064647 2.290131
v -5.798641 0.078663 2.267912
v -5.773786 0.053226 2.249605
v -5.779095 0.013773 2.253515
v -5.809259 -0.000243 2.275733
v -5.834115 0.025194 2.294041
v -5.960411 0.064647 2.135579
v -5.934107 0.078663 2.108902
v -5.912433 0.053226 2.086920
v -5.917062 0.013773 2.091615
v -5.943366 -0.000243 2.118292
v -5.965040 0.025194 2.140274
v -6.114667 0.064647 2.007838
v -6.093738 0.078663 1.976765
v -6.076492 0.053226 1.951161
v -6.080175 0.013773 1.956630
v -6.101105 -0.000243 1.987703
v -6.118351 0.025194 2.013306
v -6.295494 0.064598 1.910496
v -6.280336 0.078667 1.876256
v -6.268368 0.053279 1.847757
v -6.271558 0.013821 1.853497
v -6.286716 -0.000247 1.887736
v -6.298684 0.025141 1.916235
v -6.339182 0.066065 1.895764
v -6.327931 0.080272 1.860105
v -6.320387 0.055040 1.829998
v -6.324094 0.015601 1.835550
v -6.335346 0.001394 1.871209
v -6.342889 0.026626 1.901316
v -6.399871 0.070381 1.880581
v -6.390587 0.084718 1.844412
v -6.385647 0.059659 1.813628
v -6.389990 0.020262 1.819015
v -6.399274 0.005924 1.855185
v -6.404215 0.030984 1.885968
v -6.475461 0.077032 1.865467
v -6.467440 0.091478 1.829039
v -6.464002 0.066546 1.797949
v -6.468585 0.027170 1.803286
v -6.476606 0.012725 1.839714
v -6.480044 0.037656 1.870805
v -6.564066 0.085446 1.850594
v -6.556940 0.099975 1.814013
v -6.554409 0.075129 1.782769
v -6.559003 0.035753 1.788104
v -6.566130 0.021224 1.824685
v -6.568661 0.046071 1.855929
v -6.664077 0.095040 1.835996
v -6.657632 0.109633 1.799315
v -6.655642 0.084838 1.767990
v -6.660097 0.045449 1.773346
v -6.666542 0.030856 1.810027
v -6.668532 0.055651 1.841352
v -6.773995 0.105230 1.821663
v -6.768100 0.119874 1.784909
v -6.766404 0.095106 1.753546
v -6.770603 0.055694 1.758936
v -6.776497 0.041050 1.795689
v -6.778193 0.065818 1.827052
v -6.892377 0.115439 1.807566
v -6.886949 0.130123 1.770757
v -6.885363 0.105364 1.739380
v -6.889204 0.065921 1.744813
v -6.894632 0.051237 1.781622
v -6.896218 0.075996 1.812999
v -7.017807 0.125086 1.793671
v -7.012792 0.139802 1.756816
v -7.011167 0.115040 1.725444
v -7.014557 0.075563 1.730927
v -7.019572 0.060848 1.767782
v -7.021197 0.085609 1.799154
v -7.148887 0.133596 1.779937
v -7.144250 0.148335 1.743042
v -7.142457 0.123563 1.711688
v -7.145299 0.084051 1.717228
v -7.149936 0.069311 1.754123
v -7.151730 0.094084 1.785478
v -7.284228 0.140390 1.766323
v -7.279952 0.155148 1.729392
v -7.277868 0.130361 1.698067
v -7.280061 0.090816 1.703673
v -7.284338 0.076059 1.740604
v -7.286421 0.100846 1.771930
v -7.422452 0.144891 1.752785
v -7.418529 0.159660 1.715819
v -7.416033 0.134860 1.684535
v -7.417460 0.095291 1.690216
v -7.421384 0.080523 1.727182
v -7.423880 0.105322 1.758467
v -7.562167 0.146520 1.739281
v -7.558590 0.161293 1.702281
v -7.555572 0.136487 1.671047
v -7.556129 0.096909 1.676813
v -7.559705 0.082136 1.713813
v -7.562724 0.106942 1.745047
v -7.701921 0.144891 1.725773
v -7.698645 0.159660 1.688744
v -7.695063 0.134861 1.657565
v -7.694757 0.095292 1.663414
v -7.698034 0.080522 1.700443
v -7.701616 0.105322 1.731622
v -7.840266 0.140386 1.712223
v -7.837200 0.155149 1.675174
v -7.833084 0.130366 1.644047
v -7.832036 0.090821 1.649969
v -7.835103 0.076058 1.687019
v -7.839218 0.100841 1.718146
v -7.975819 0.133581 1.698588
v -7.972863 0.148338 1.661527
v -7.968247 0.123580 1.630451
v -7.966587 0.084065 1.636435
v -7.969543 0.069308 1.673496
v -7.974159 0.094066 1.704572
v -8.107212 0.125051 1.684821
v -8.104264 0.139808 1.647760
v -8.099167 0.115081 1.616734
v -8.097017 0.075598 1.622770
v -8.099965 0.060841 1.659831
v -8.105062 0.085568 1.690857
v -8.233080 0.115371 1.670878
v -8.230026 0.130135 1.633828
v -8.224453 0.105444 1.602855
v -8.221933 0.065989 1.608932
v -8.224987 0.051225 1.645982
v -8.230560 0.075915 1.676955
v -8.352060 0.105111 1.656710
v -8.348765 0.119896 1.619689
v -8.342704 0.095248 1.588775
v -8.339937 0.055813 1.594881
v -8.343232 0.041028 1.631902
v -8.349294 0.065677 1.662816
v -8.462792 0.094846 1.642270
v -8.459083 0.109669 1.605303
v -8.452500 0.085068 1.574458
v -8.449628 0.045644 1.580578
v -8.453338 0.030820 1.617544
v -8.459920 0.055421 1.648390
v -8.563931 0.085145 1.627505
v -8.559566 0.100031 1.590636
v -8.552397 0.075485 1.559876
v -8.549593 0.036054 1.565987
v -8.553958 0.021169 1.602857
v -8.561127 0.045714 1.633616
v -8.654147 0.076581 1.612358
v -8.648768 0.091561 1.575661
v -8.640895 0.067081 1.545022
v -8.638400 0.027622 1.551079
v -8.643779 0.012641 1.587776
v -8.651652 0.037121 1.618415
v -8.732162 0.069722 1.596748
v -8.725174 0.084840 1.560380
v -8.716378 0.060439 1.529930
v -8.714570 0.020921 1.535847
v -8.721558 0.005803 1.572215
v -8.730353 0.030203 1.602665
v -8.796803 0.065145 1.580540
v -8.787101 0.080442 1.544877
v -8.776956 0.056131 1.514776
v -8.776514 0.016522 1.520339
v -8.786216 0.001224 1.556002
v -8.796361 0.025536 1.586102
v -8.847353 0.063441 1.563332
v -8.833231 0.078884 1.529243
v -8.820648 0.054653 1.500010
v -8.822187 0.014979 1.504868
v -8.836309 -0.000464 1.538957
v -8.848892 0.023767 1.568189
v -8.914285 0.064071 1.529535
v -8.895452 0.079503 1.497799
v -8.879720 0.055265 1.470140
v -8.882821 0.015594 1.474216
v -8.901654 0.000162 1.505952
v -8.917386 0.024400 1.533611
v -8.982757 0.065921 1.483690
v -8.960460 0.081264 1.454238
v -8.942114 0.056958 1.428302
v -8.946065 0.017310 1.431819
v -8.968362 0.001966 1.461271
v -8.986708 0.026272 1.487207
v -9.052280 0.068810 1.427144
v -9.027528 0.084054 1.399668
v -9.007316 0.059672 1.375234
v -9.011856 0.020047 1.378276
v -9.036609 0.004804 1.405752
v -9.056821 0.029185 1.430186
v -9.122826 0.072598 1.360877
v -9.096293 0.087747 1.335060
v -9.074717 0.063294 1.311898
v -9.079674 0.023691 1.314552
v -9.106206 0.008542 1.340369
v -9.127783 0.032995 1.363532
v -9.194280 0.077151 1.285836
v -9.166427 0.092217 1.261398
v -9.143827 0.067699 1.239304
v -9.149081 0.028115 1.241648
v -9.176934 0.013049 1.266086
v -9.199533 0.037567 1.288180
v -9.266471 0.082340 1.202960
v -9.237617 0.097334 1.179666
v -9.214231 0.072760 1.158471
v -9.219699 0.033191 1.160570
v -9.248553 0.018197 1.183864
v -9.271938 0.042771 1.205060
v -9.339191 0.088036 1.113191
v -9.309566 0.102971 1.090847
v -9.285562 0.078348 1.070413
v -9.291183 0.038791 1.072322
v -9.320809 0.023857 1.094666
v -9.344813 0.048479 1.115101
v -9.412212 0.094111 1.017477
v -9.381983 0.108996 0.995923
v -9.357483 0.084333 0.976136
v -9.363214 0.044785 0.977903
v -9.393444 0.029900 0.999457
v -9.417944 0.054563 1.019244
v -9.485289 0.100438 0.916771
v -9.454581 0.115281 0.895873
v -9.429679 0.090584 0.876641
v -9.435484 0.051042 0.878306
v -9.466191 0.036198 0.899204
v -9.491094 0.060896 0.918436
v -9.558168 0.106888 0.812028
v -9.527082 0.121698 0.791674
v -9.501846 0.096971 0.772920
v -9.507696 0.057433 0.774521
v -9.538782 0.042623 0.794875
v -9.564018 0.067350 0.813629
v -9.630589 0.113333 0.704211
v -9.599204 0.128117 0.684302
v -9.573689 0.103364 0.665963
v -9.579560 0.063829 0.667532
v -9.610946 0.049045 0.687441
v -9.636461 0.073797 0.705780
v -9.702289 0.119645 0.594281
v -9.670669 0.134408 0.574731
v -9.644918 0.109635 0.556753
v -9.650788 0.070100 0.558324
v -9.682408 0.055336 0.577874
v -9.708158 0.080109 0.595852
v -9.773000 0.125695 0.483205
v -9.741200 0.140443 0.463936
v -9.715250 0.115653 0.446271
v -9.721099 0.076116 0.447876
v -9.752898 0.061368 0.467145
v -9.778849 0.086157 0.484810
v -9.842452 0.131355 0.371950
v -9.810524 0.146092 0.352887
v -9.784403 0.121289 0.335495
v -9.790210 0.081748 0.337167
v -9.822138 0.067010 0.356230
v -9.848259 0.091814 0.373622
v -9.910376 0.136496 0.261484
v -9.878366 0.151227 0.242555
v -9.852098 0.126412 0.225400
v -9.857841 0.086867 0.227175
v -9.889852 0.072135 0.246105
v -9.916119 0.096950 0.263259
v -9.976499 0.140990 0.152777
v -9.944450 0.155718 0.133909
v -9.918058 0.130895 0.116959
v -9.923715 0.091344 0.118877
v -9.955763 0.076615 0.137745
v -9.982155 0.101438 0.154695
v -10.040546 0.144707 0.046800
v -10.008509 0.159436 0.027916
v -9.982012 0.134608 0.011140
v -9.987553 0.095049 0.013248
v -10.019590 0.080320 0.032132
v -10.046087 0.105149 0.048908
v -10.102245 0.147520 -0.055475
v -10.070269 0.162252 -0.074461
v -10.043685 0.137419 -0.091093
v -10.049078 0.097855 -0.088739
v -10.081055 0.083122 -0.069753
v -10.107638 0.107955 -0.053121
v -10.161322 0.149300 -0.153074
v -10.129467 0.164035 -0.172262
v -10.102814 0.139201 -0.188780
v -10.108015 0.099630 -0.186111
v -10.139870 0.084895 -0.166923
v -10.166523 0.109729 -0.150405
v -10.217497 0.149918 -0.245024
v -10.185841 0.164655 -0.264534
v -10.159137 0.139820 -0.280970
v -10.164091 0.100247 -0.277896
v -10.195747 0.085509 -0.258386
v -10.222451 0.110345 -0.241950
v -10.270494 0.149245 -0.330345
v -10.239136 0.163979 -0.350334
v -10.212404 0.139144 -0.366724
v -10.217031 0.099576 -0.363126
v -10.248390 0.084842 -0.343137
v -10.275122 0.109677 -0.326746
v -10.320033 0.147155 -0.408057
v -10.289115 0.161869 -0.428735
v -10.262383 0.137034 -0.445124
v -10.266568 0.097485 -0.440835
v -10.297486 0.082772 -0.420157
v -10.324219 0.107606 -0.403768
v -10.365827 0.143521 -0.477174
v -10.335567 0.158180 -0.498840
v -10.308871 0.133342 -0.515286
v -10.312436 0.093845 -0.510065
v -10.342697 0.079186 -0.488399
v -10.369391 0.104024 -0.471953
v -10.409087 0.138035 -0.539085
v -10.377467 0.152861 -0.558589
v -10.349360 0.128196 -0.572786
v -10.352870 0.088705 -0.567479
v -10.384490 0.073879 -0.547975
v -10.412598 0.098545 -0.533778
v -10.520144 0.119593 -0.777343
v -10.485463 0.134898 -0.790109
v -10.454970 0.110606 -0.799060
v -10.459159 0.071009 -0.795245
v -10.493840 0.055704 -0.782479
v -10.524333 0.079996 -0.773528
v -10.597341 0.104502 -1.118832
v -10.561130 0.120096 -1.125584
v -10.529512 0.096016 -1.130114
v -10.534106 0.056343 -1.127891
v -10.570317 0.040750 -1.121138
v -10.601934 0.064829 -1.116608
v -10.646894 0.092436 -1.541882
v -10.610275 0.108125 -1.545466
v -10.578360 0.084115 -1.547687
v -10.583065 0.044415 -1.546323
v -10.619684 0.028727 -1.542738
v -10.651600 0.052737 -1.540518
v -10.675204 0.082986 -2.027205
v -10.638468 0.098711 -2.028988
v -10.606469 0.074727 -2.029918
v -10.611207 0.035018 -2.029065
v -10.647943 0.019293 -2.027282
v -10.679942 0.043277 -2.026352
v -10.688205 0.075817 -2.554857
v -10.651439 0.091557 -2.555609
v -10.619421 0.067582 -2.555830
v -10.624167 0.027869 -2.555299
v -10.660933 0.012129 -2.554547
v -10.692951 0.036103 -2.554326
v -10.691730 0.070611 -3.104642
v -10.654960 0.086355 -3.104880
v -10.622938 0.062384 -3.104787
v -10.627687 0.022669 -3.104457
v -10.664456 0.006924 -3.104218
v -10.696478 0.030895 -3.104311
v -10.691578 0.067055 -3.656239
v -10.654807 0.082800 -3.656385
v -10.622786 0.058829 -3.656312
v -10.627535 0.019112 -3.656094
v -10.664306 0.003367 -3.655948
v -10.696327 0.027339 -3.656021
v -10.693535 0.064839 -4.189250
v -10.656767 0.080583 -4.189735
v -10.624748 0.056610 -4.190034
v -10.629498 0.016893 -4.189847
v -10.666265 0.001150 -4.189362
v -10.698284 0.025123 -4.189063
v -10.703372 0.063654 -4.683172
v -10.666626 0.079396 -4.684557
v -10.634627 0.055420 -4.685699
v -10.639375 0.015704 -4.685454
v -10.676122 -0.000037 -4.684068
v -10.708119 0.023938 -4.682927
v -10.726811 0.063190 -5.117310
v -10.690178 0.078929 -5.120516
v -10.658280 0.054952 -5.123284
v -10.663016 0.015236 -5.122847
v -10.699650 -0.000503 -5.119640
v -10.731547 0.023474 -5.116872
v -10.769363 0.063138 -5.470413
v -10.733252 0.078876 -5.477360
v -10.701812 0.054898 -5.483408
v -10.706484 0.015182 -5.482511
v -10.742596 -0.000556 -5.475564
v -10.774035 0.023422 -5.469515
v -10.836336 0.063187 -5.722308
v -10.801706 0.078926 -5.734680
v -10.771557 0.054948 -5.745454
v -10.776037 0.015232 -5.743857
v -10.810667 -0.000506 -5.731486
v -10.840816 0.023471 -5.720711
v -10.981721 0.063187 -6.042190
v -10.948754 0.078926 -6.058482
v -10.920051 0.054949 -6.072667
v -10.924315 0.015232 -6.070560
v -10.957282 -0.000506 -6.054267
v -10.985986 0.023471 -6.040082
v -11.151755 0.063187 -6.359688
v -11.119910 0.078926 -6.378078
v -11.092184 0.054949 -6.394089
v -11.096303 0.015232 -6.391710
v -11.128148 -0.000506 -6.373320
v -11.155874 0.023471 -6.357309
v -11.344481 0.063187 -6.670037
v -11.313879 0.078926 -6.690428
v -11.287235 0.054949 -6.708181
v -11.291194 0.015232 -6.705544
v -11.321796 -0.000506 -6.685153
v -11.348440 0.023471 -6.667399
v -11.558500 0.063187 -6.969942
v -11.529282 0.078926 -6.992270
v -11.503842 0.054949 -7.011711
v -11.507622 0.015232 -7.008823
v -11.536840 -0.000506 -6.986494
v -11.562280 0.023471 -6.967053
v -11.792404 0.063187 -7.256116
v -11.764739 0.078926 -7.280343
v -11.740652 0.054949 -7.301435
v -11.744230 0.015232 -7.298302
v -11.771895 -0.000506 -7.274075
v -11.795982 0.023471 -7.252982
v -12.044781 0.063187 -7.525280
v -12.018874 0.078926 -7.551380
v -11.996320 0.054949 -7.574103
v -11.999670 0.015232 -7.570728
v -12.025577 -0.000506 -7.544628
v -12.048131 0.023471 -7.521905
v -12.314207 0.063187 -7.774167
v -12.290311 0.078926 -7.802118
v -12.269506 0.054949 -7.826453
v -12.272596 0.015232 -7.822838
v -12.296493 -0.000506 -7.794887
v -12.317298 0.023471 -7.770552
v -12.599260 0.063187 -7.999518
v -12.577673 0.078926 -8.029288
v -12.558878 0.054949 -8.055208
v -12.561670 0.015232 -8.051357
v -12.583258 -0.000506 -8.021586
v -12.602053 0.023471 -7.995667
v -12.898511 0.063187 -8.198092
v -12.879586 0.078926 -8.229621
v -12.863110 0.054949 -8.257073
v -12.865558 0.015232 -8.252995
v -12.884482 -0.000506 -8.221465
v -12.900959 0.023471 -8.194013
v -13.210533 0.063187 -8.366667
v -13.194674 0.078926 -8.399845
v -13.180867 0.054949 -8.428732
v -13.182919 0.015232 -8.424440
v -13.198777 -0.000506 -8.391262
v -13.212584 0.023471 -8.362375
v -13.533913 0.063187 -8.502047
v -13.521561 0.078926 -8.536683
v -13.510805 0.054949 -8.566839
v -13.512403 0.015232 -8.562359
v -13.524755 -0.000506 -8.527722
v -13.535511 0.023471 -8.497566
v -13.869806 0.063187 -8.601762
v -13.858486 0.078926 -8.636749
v -13.848630 0.054949 -8.667212
v -13.850094 0.015232 -8.662686
v -13.861414 -0.000506 -8.627699
v -13.871270 0.023471 -8.597237
v -14.019724 0.063187 -8.654461
v -14.004303 0.078926 -8.687845
v -13.990877 0.054949 -8.716911
v -13.992872 0.015232 -8.712593
v -14.008293 -0.000506 -8.679209
v -14.021719 0.023471 -8.650143
v -14.157752 0.063187 -8.734949
v -14.136889 0.078926 -8.765232
v -14.118726 0.054949 -8.791598
v -14.121425 0.015232 -8.787682
v -14.142287 -0.000506 -8.757399
v -14.160451 0.023471 -8.731032
v -14.283819 0.063187 -8.836465
v -14.259254 0.078926 -8.863832
v -14.237868 0.054949 -8.887657
v -14.241045 0.015232 -8.884118
v -14.265610 -0.000506 -8.856751
v -14.286996 0.023471 -8.832926
v -14.400814 0.063187 -8.953278
v -14.373968 0.078926 -8.978410
v -14.350595 0.054949 -9.000291
v -14.354067 0.015232 -8.997040
v -14.380913 -0.000506 -8.971908
v -14.404286 0.023471 -8.950027
v -14.511657 0.063187 -9.079927
v -14.483596 0.078926 -9.103695
v -14.459165 0.054949 -9.124387
v -14.462794 0.015232 -9.121313
v -14.490855 -0.000506 -9.097546
v -14.515286 0.023471 -9.076854
v -14.619162 0.063187 -9.211082
v -14.590721 0.078926 -9.234394
v -14.565959 0.054949 -9.254689
v -14.569637 0.015232 -9.251675
v -14.598078 -0.000506 -9.228363
v -14.622840 0.023471 -9.208068
v -14.726005 0.063187 -9.341444
v -14.697944 0.078926 -9.365211
v -14.673512 0.054949 -9.385903
v -14.677142 0.015232 -9.382830
v -14.705203 -0.000506 -9.359062
v -14.729634 0.023471 -9.338370
v -14.834732 0.063187 -9.465717
v -14.807886 0.078926 -9.490849
v -14.784513 0.054949 -9.512730
v -14.787985 0.015232 -9.509480
v -14.814831 -0.000506 -9.484347
v -14.838204 0.023471 -9.462467
v -14.947754 0.063187 -9.578641
v -14.923189 0.078926 -9.606007
v -14.901802 0.054949 -9.629832
v -14.904980 0.015232 -9.626292
v -14.929544 -0.000506 -9.598927
v -14.950932 0.023471 -9.575101
v -15.067374 0.063187 -9.675077
v -15.046512 0.078926 -9.705360
v -15.028348 0.054949 -9.731727
v -15.031047 0.015232 -9.727810
v -15.051909 -0.000506 -9.697527
v -15.070073 0.023471 -9.671161
v -15.195927 0.063187 -9.750166
v -15.180506 0.078926 -9.783550
v -15.167080 0.054949 -9.812616
v -15.169075 0.015232 -9.808298
v -15.184496 -0.000506 -9.774914
v -15.197922 0.023471 -9.745848
v -15.338106 0.063187 -9.799887
v -15.327475 0.078926 -9.835091
v -15.318219 0.054949 -9.865740
v -15.319593 0.015232 -9.861187
v -15.330225 -0.000506 -9.825983
v -15.339480 0.023471 -9.795334
v -15.921959 0.063187 -9.948555
v -15.912487 0.078926 -9.984088
v -15.904242 0.054949 -10.015025
v -15.905466 0.015232 -10.010429
v -15.914938 -0.000506 -9.974896
v -15.923183 0.023471 -9.943959
v -16.510590 0.063187 -10.112471
v -16.500660 0.078926 -10.147878
v -16.492014 0.054949 -10.178705
v -16.493298 0.015232 -10.174126
v -16.503227 -0.000506 -10.138719
v -16.511873 0.023471 -10.107891
v -17.101616 0.063187 -10.279413
v -17.091875 0.078926 -10.314874
v -17.083395 0.054949 -10.345747
v -17.084656 0.015232 -10.341160
v -17.094397 -0.000506 -10.305699
v -17.102877 0.023471 -10.274826
v -17.694633 0.063187 -10.437726
v -17.685732 0.078926 -10.473406
v -17.677982 0.054949 -10.504471
v -17.679134 0.015232 -10.499856
v -17.688036 -0.000506 -10.464176
v -17.695786 0.023471 -10.433111
v -18.289211 0.063187 -10.575779
v -18.281824 0.078926 -10.611803
v -18.275393 0.054949 -10.643167
v -18.276348 0.015232 -10.638508
v -18.283735 -0.000506 -10.602484
v -18.290167 0.023471 -10.571119
v -18.884907 0.063187 -10.681975
v -18.879751 0.078926 -10.718386
v -18.875263 0.054949 -10.750087
v -18.875931 0.015232 -10.745378
v -18.881086 -0.000506 -10.708967
v -18.885574 0.023471 -10.677266
v -19.481281 0.063187 -10.744761
v -19.479113 0.078926 -10.781470
v -19.477224 0.054949 -10.813432
v -19.477505 0.015232 -10.808683
v -19.479673 -0.000506 -10.771974
v -19.481562 0.023471 -10.740012
v -20.077940 0.063187 -10.752625
v -20.079498 0.078926 -10.789365
v -20.080853 0.054949 -10.821353
v -20.080652 0.015232 -10.816601
v -20.079094 -0.000506 -10.779860
v -20.077740 0.023471 -10.747872
v -20.674578 0.063187 -10.694081
v -20.680487 0.078926 -10.730377
v -20.685631 0.054949 -10.761978
v -20.684866 0.015232 -10.757283
v -20.678957 -0.000506 -10.720987
v -20.673813 0.023471 -10.689386
v -21.270994 0.063187 -10.557615
v -21.281639 0.078926 -10.592814
v -21.290907 0.054949 -10.623461
v -21.289530 0.015232 -10.618908
v -21.278885 -0.000506 -10.583709
v -21.269617 0.023471 -10.553062
v -21.867096 0.063187 -10.331614
v -21.882505 0.078926 -10.365004
v -21.895922 0.054949 -10.394073
v -21.893929 0.015232 -10.389754
v -21.878519 -0.000506 -10.356365
v -21.865103 0.023471 -10.327295
v -22.460787 0.063145 -10.005679
v -22.482470 0.078929 -10.035357
v -22.501747 0.054993 -10.060958
v -22.499342 0.015274 -10.056884
v -22.477659 -0.000509 -10.027206
v -22.458382 0.023426 -10.001605
v -22.704210 0.071318 -9.769874
v -22.733492 0.087413 -9.791865
v -22.760279 0.063786 -9.809869
v -22.757788 0.024063 -9.805882
v -22.728506 0.007968 -9.783891
v -22.701719 0.031595 -9.765887
v -22.858566 0.094141 -9.448085
v -22.892538 0.110858 -9.460982
v -22.924034 0.087855 -9.469865
v -22.921555 0.048134 -9.465850
v -22.887583 0.031417 -9.452952
v -22.856087 0.054420 -9.444070
v -22.941792 0.128999 -9.052658
v -22.977293 0.146277 -9.059069
v -23.010317 0.123835 -9.061460
v -23.007839 0.084115 -9.057440
v -22.972338 0.066837 -9.051029
v -22.939314 0.089279 -9.048638
v -22.969503 0.173019 -8.600172
v -23.005310 0.190678 -8.602625
v -23.038639 0.168615 -8.601074
v -23.036161 0.128893 -8.597071
v -23.000355 0.111234 -8.594618
v -22.967026 0.133297 -8.596169
v -22.958374 0.223190 -8.107859
v -22.994156 0.241066 -8.108155
v -23.027460 0.219218 -8.104480
v -23.024982 0.179493 -8.100508
v -22.989201 0.161616 -8.100211
v -22.955896 0.183465 -8.103887
v -22.925661 0.276486 -7.592704
v -22.961397 0.294450 -7.592157
v -22.994658 0.272683 -7.587686
v -22.992182 0.232954 -7.583762
v -22.956446 0.214990 -7.584309
v -22.923185 0.236757 -7.588780
v -22.888847 0.329900 -7.071400
v -22.924601 0.347835 -7.071127
v -22.957882 0.326034 -7.066998
v -22.955410 0.286297 -7.063141
v -22.919657 0.268362 -7.063413
v -22.886375 0.290163 -7.067543
v -22.865532 0.380437 -6.560380
v -22.901337 0.398230 -6.561555
v -22.934673 0.376277 -6.558969
v -22.932205 0.336531 -6.555207
v -22.896400 0.318738 -6.554032
v -22.863064 0.340691 -6.556619
v -22.873459 0.425116 -6.075815
v -22.909180 0.442642 -6.079926
v -22.942429 0.420409 -6.080413
v -22.939957 0.380650 -6.076788
v -22.904236 0.363124 -6.072677
v -22.870987 0.385357 -6.072190
v -22.930738 0.460949 -5.633587
v -22.965714 0.478077 -5.642718
v -22.998188 0.455430 -5.648424
v -22.995687 0.415656 -5.644999
v -22.960712 0.398528 -5.635869
v -22.928238 0.421175 -5.630163
v -23.056297 0.484870 -5.249633
v -23.088556 0.501541 -5.266412
v -23.118212 0.478420 -5.280046
v -23.115612 0.438629 -5.276902
v -23.083353 0.421958 -5.260123
v -23.053698 0.445079 -5.246489
v -23.269541 0.493594 -4.941766
v -23.295328 0.510030 -4.967552
v -23.318285 0.486666 -4.990510
v -23.315458 0.446867 -4.987681
v -23.289671 0.430431 -4.961895
v -23.266714 0.453794 -4.938938
v -3.243392 0.700491 1.565486
v -3.283392 0.700491 1.565486
v -3.303392 0.665850 1.565486
v -3.283392 0.631209 1.565486
v -3.243392 0.631209 1.565486
v -3.223392 0.665850 1.565486
v -3.254933 0.696860 1.607763
v -3.292131 0.697742 1.593082
v -3.309966 0.663783 1.581737
v -3.290602 0.628942 1.585074
v -3.253405 0.628059 1.599755
v -3.235570 0.662019 1.611099
v -3.283396 0.687889 1.664965
v -3.318618 0.689394 1.646066
v -3.334921 0.655918 1.631453
v -3.316002 0.620936 1.635738
v -3.280781 0.619431 1.654637
v -3.264477 0.652907 1.669250
v -3.326990 0.674114 1.738832
v -3.361058 0.675985 1.717955
v -3.376462 0.642793 1.701799
v -3.357798 0.607731 1.706520
v -3.323729 0.605860 1.727397
v -3.308326 0.639052 1.743553
v -3.384415 0.655920 1.826097
v -3.417514 0.658097 1.803743
v -3.432158 0.625146 1.786428
v -3.413702 0.590018 1.791469
v -3.380604 0.587840 1.813823
v -3.365960 0.620791 1.831137
v -3.454034 0.633793 1.922452
v -3.486146 0.636284 1.898732
v -3.500013 0.603580 1.880343
v -3.481768 0.568385 1.885674
v -3.449656 0.565893 1.909394
v -3.435789 0.598598 1.927783
v -3.534149 0.608241 2.023413
v -3.565135 0.611092 1.998278
v -3.578113 0.578671 1.978772
v -3.560106 0.543400 1.984401
v -3.529120 0.540550 2.009537
v -3.516142 0.572970 2.029042
v -3.623063 0.579772 2.124451
v -3.652663 0.583066 2.097749
v -3.664546 0.550996 2.077005
v -3.646829 0.515632 2.082962
v -3.617229 0.512338 2.109664
v -3.605345 0.544408 2.130408
v -3.719108 0.548881 2.221021
v -3.746905 0.552756 2.192519
v -3.757360 0.521145 2.170350
v -3.740018 0.485660 2.176682
v -3.712222 0.481786 2.205184
v -3.701767 0.513396 2.227354
v -3.820685 0.516043 2.308568
v -3.846015 0.520715 2.277964
v -3.854517 0.489737 2.254131
v -3.837688 0.454086 2.260900
v -3.812358 0.449414 2.291503
v -3.803857 0.480393 2.315337
v -3.926306 0.481694 2.382491
v -3.948123 0.487509 2.349473
v -3.953840 0.457437 2.323725
v -3.937741 0.421549 2.330996
v -3.915924 0.415734 2.364014
v -3.910206 0.445807 2.389761
v -4.034637 0.446217 2.438046
v -4.051314 0.453716 2.402471
v -4.052957 0.424979 2.374695
v -4.037923 0.388741 2.382496
v -4.021246 0.381242 2.418072
v -4.019604 0.409979 2.445848
v -4.141568 0.410940 2.469469
v -4.153635 0.419912 2.432402
v -4.152231 0.392147 2.403642
v -4.138762 0.355410 2.411949
v -4.126695 0.346439 2.449015
v -4.128098 0.374204 2.477775
v -4.222828 0.387335 2.486428
v -4.234215 0.396499 2.449194
v -4.233902 0.368425 2.420703
v -4.222201 0.331187 2.429445
v -4.210814 0.322023 2.466679
v -4.211128 0.350097 2.495170
v -4.309998 0.367809 2.510478
v -4.322852 0.376637 2.473643
v -4.325450 0.347898 2.445943
v -4.315193 0.310330 2.455078
v -4.302339 0.301501 2.491913
v -4.299741 0.330241 2.519614
v -4.404967 0.351164 2.541494
v -4.418945 0.359791 2.505022
v -4.423702 0.330666 2.478021
v -4.414481 0.292913 2.487490
v -4.400502 0.284286 2.523962
v -4.395745 0.313411 2.550963
v -4.506870 0.336957 2.578759
v -4.521713 0.345462 2.542603
v -4.528060 0.316111 2.516179
v -4.519564 0.278255 2.525912
v -4.504721 0.269750 2.562069
v -4.498374 0.299102 2.588493
v -4.614892 0.324696 2.621536
v -4.630404 0.333123 2.585643
v -4.637905 0.303638 2.559674
v -4.629893 0.265727 2.569598
v -4.614380 0.257299 2.605491
v -4.606880 0.286784 2.631460
v -4.728256 0.313854 2.669075
v -4.744285 0.322231 2.633397
v -4.752596 0.292668 2.607767
v -4.744877 0.254727 2.617813
v -4.728848 0.246350 2.653491
v -4.720537 0.275914 2.679121
v -4.846215 0.303893 2.720624
v -4.862641 0.312236 2.685119
v -4.871483 0.282626 2.659720
v -4.863899 0.244674 2.669826
v -4.847472 0.236331 2.705330
v -4.838631 0.265940 2.730729
v -4.968043 0.294260 2.775434
v -4.984767 0.302579 2.740063
v -4.993904 0.272946 2.714796
v -4.986317 0.234994 2.724900
v -4.969593 0.226675 2.760271
v -4.960456 0.256308 2.785538
v -5.093028 0.284400 2.832755
v -5.109968 0.292702 2.797482
v -5.119193 0.263062 2.772256
v -5.111479 0.225120 2.782302
v -5.094539 0.216818 2.817575
v -5.085314 0.246458 2.842801
v -5.220471 0.273751 2.891841
v -5.237552 0.282041 2.856634
v -5.246675 0.252410 2.831361
v -5.238718 0.214489 2.841294
v -5.221636 0.206199 2.876500
v -5.212513 0.235830 2.901774
v -5.349679 0.261750 2.951947
v -5.366837 0.270032 2.916776
v -5.375677 0.240428 2.891370
v -5.367359 0.202541 2.901136
v -5.350201 0.194258 2.936307
v -5.341362 0.223863 2.961713
v -5.479953 0.247831 3.012321
v -5.497119 0.256112 2.977154
v -5.505512 0.226556 2.951542
v -5.496739 0.188718 2.961097
v -5.479573 0.180436 2.996264
v -5.471180 0.209992 3.021876
v -5.610521 0.231633 3.072179
v -5.627604 0.239925 3.036974
v -5.635473 0.210433 3.011122
v -5.626260 0.172649 3.020476
v -5.609177 0.164357 3.055681
v -5.601308 0.193849 3.081533
v -5.740622 0.213587 3.130741
v -5.757501 0.221907 3.095443
v -5.764849 0.192487 3.069358
v -5.755319 0.154747 3.078569
v -5.738441 0.146427 3.113867
v -5.731092 0.175847 3.139952
v -5.869565 0.194315 3.187258
v -5.886104 0.202686 3.151813
v -5.892942 0.173341 3.125504
v -5.883241 0.135627 3.134641
v -5.866702 0.127256 3.170086
v -5.859863 0.156600 3.196395
v -5.996677 0.174436 3.240993
v -6.012728 0.182882 3.205341
v -6.019056 0.153617 3.178818
v -6.009332 0.115906 3.187945
v -5.993281 0.107459 3.223596
v -5.986953 0.136724 3.250120
v -6.121288 0.154567 3.291205
v -6.136677 0.163118 3.255288
v -6.142482 0.133936 3.228554
v -6.132897 0.096203 3.237737
v -6.117508 0.087651 3.273654
v -6.111704 0.116833 3.300388
v -6.242730 0.135327 3.337155
v -6.257247 0.144015 3.300909
v -6.262502 0.114920 3.273968
v -6.253240 0.077136 3.283272
v -6.238722 0.068447 3.319518
v -6.233468 0.097543 3.346459
v -6.360336 0.117334 3.378102
v -6.373721 0.126194 3.341464
v -6.378382 0.097188 3.314317
v -6.369659 0.059323 3.323808
v -6.356274 0.050462 3.360446
v -6.351613 0.079468 3.387593
v -6.473445 0.101207 3.413303
v -6.485363 0.110274 3.376212
v -6.489365 0.081361 3.348862
v -6.481450 0.043382 3.358603
v -6.469532 0.034314 3.395694
v -6.465530 0.063227 3.423044
v -6.581404 0.087566 3.442014
v -6.591413 0.096871 3.404421
v -6.594661 0.068052 3.376872
v -6.587901 0.029928 3.386917
v -6.577892 0.020623 3.424510
v -6.574644 0.049442 3.452059
v -6.683569 0.077034 3.463482
v -6.691075 0.086591 3.425373
v -6.693435 0.057862 3.397641
v -6.688290 0.019576 3.408018
v -6.680784 0.010019 3.446128
v -6.678423 0.038748 3.473860
v -6.779310 0.070243 3.476943
v -6.783507 0.080024 3.438385
v -6.784792 0.051368 3.410507
v -6.781880 0.012930 3.421188
v -6.777682 0.003149 3.459746
v -6.776397 0.031806 3.487623
v -6.868090 0.067822 3.481621
v -6.868593 0.077719 3.442868
v -6.868470 0.049106 3.414916
v -6.867844 0.010597 3.425717
v -6.867341 0.000701 3.464470
v -6.867464 0.029313 3.492422
v -6.937306 0.067812 3.479306
v -6.934954 0.077728 3.440626
v -6.933257 0.049126 3.412714
v -6.933912 0.010608 3.423483
v -6.936264 0.000692 3.462163
v -6.937961 0.029294 3.490075
v -7.013369 0.067812 3.472611
v -7.009149 0.077728 3.434090
v -7.006104 0.049126 3.406293
v -7.007279 0.010608 3.417017
v -7.011499 0.000692 3.455538
v -7.014544 0.029294 3.483335
v -7.094697 0.067812 3.461949
v -7.088978 0.077728 3.423622
v -7.084851 0.049126 3.395965
v -7.086443 0.010608 3.406635
v -7.092162 0.000692 3.444962
v -7.096289 0.029294 3.472619
v -7.179852 0.067812 3.447695
v -7.172857 0.077728 3.409580
v -7.167810 0.049126 3.382077
v -7.169757 0.010608 3.392688
v -7.176752 0.000692 3.430803
v -7.181799 0.029294 3.458306
v -7.267362 0.067812 3.430216
v -7.259219 0.077728 3.392330
v -7.253343 0.049126 3.364991
v -7.255610 0.010608 3.375539
v -7.263753 0.000692 3.413425
v -7.269629 0.029294 3.440764
v -7.355734 0.067812 3.409872
v -7.346502 0.077728 3.372236
v -7.339840 0.049126 3.345078
v -7.342411 0.010608 3.355556
v -7.351643 0.000692 3.393192
v -7.358305 0.029294 3.420350
v -7.443469 0.067812 3.387018
v -7.433149 0.077728 3.349666
v -7.425702 0.049126 3.322713
v -7.428575 0.010608 3.333112
v -7.438895 0.000692 3.370464
v -7.446342 0.029294 3.397417
v -7.529064 0.067812 3.362006
v -7.517601 0.077728 3.324989
v -7.509329 0.049126 3.298277
v -7.512521 0.010608 3.308583
v -7.523984 0.000692 3.345600
v -7.532256 0.029294 3.372312
v -7.611027 0.067812 3.335179
v -7.598299 0.077728 3.298577
v -7.589115 0.049126 3.272165
v -7.592658 0.010608 3.282355
v -7.605386 0.000692 3.318956
v -7.614570 0.029294 3.345368
v -7.687876 0.067812 3.306864
v -7.673676 0.077728 3.270808
v -7.663430 0.049126 3.244790
v -7.667383 0.010608 3.254827
v -7.681582 0.000692 3.290884
v -7.691829 0.029294 3.316902
v -7.758163 0.067812 3.277361
v -7.742155 0.077728 3.242071
v -7.730604 0.049126 3.216605
v -7.735060 0.010608 3.226430
v -7.751068 0.000692 3.261720
v -7.762619 0.029294 3.287186
v -7.820284 0.067812 3.247018
v -7.802217 0.077728 3.212736
v -7.789179 0.049126 3.187999
v -7.794209 0.010608 3.197542
v -7.812277 0.000692 3.231824
v -7.825315 0.029294 3.256562
v -7.876579 0.067812 3.215106
v -7.856562 0.077728 3.181924
v -7.842118 0.049126 3.157980
v -7.847691 0.010608 3.167218
v -7.867708 0.000692 3.200399
v -7.882152 0.029294 3.224343
v -7.930504 0.067812 3.180551
v -7.908670 0.077728 3.148536
v -7.892914 0.049126 3.125435
v -7.898993 0.010608 3.134347
v -7.920827 0.000692 3.166362
v -7.936583 0.029294 3.189463
v -7.981948 0.067812 3.143256
v -7.958258 0.077728 3.112589
v -7.941164 0.049126 3.090460
v -7.947759 0.010608 3.098997
v -7.971448 0.000692 3.129664
v -7.988543 0.029294 3.151793
v -8.030665 0.067812 3.103191
v -8.005097 0.077728 3.074072
v -7.986648 0.049126 3.053059
v -7.993765 0.010608 3.061166
v -8.019334 0.000692 3.090285
v -8.037784 0.029294 3.111298
v -8.076407 0.067812 3.060328
v -8.048959 0.077728 3.032974
v -8.029152 0.049126 3.013235
v -8.036794 0.010608 3.020850
v -8.064242 0.000692 3.048205
v -8.084049 0.029294 3.067944
v -8.118919 0.067812 3.014642
v -8.089617 0.077728 2.989284
v -8.068472 0.049126 2.970986
v -8.076630 0.010608 2.978045
v -8.105932 0.000692 3.003403
v -8.127077 0.029294 3.021702
v -8.157943 0.067812 2.966113
v -8.126847 0.077728 2.942989
v -8.104408 0.049126 2.926302
v -8.113065 0.010608 2.932740
v -8.144160 0.000692 2.955864
v -8.166599 0.029294 2.972551
v -8.193214 0.067812 2.914726
v -8.160426 0.077728 2.894071
v -8.136766 0.049126 2.879167
v -8.145895 0.010608 2.884917
v -8.178683 0.000692 2.905571
v -8.202343 0.029294 2.920476
v -8.224470 0.067812 2.860475
v -8.190133 0.077728 2.842512
v -8.165356 0.049126 2.829550
v -8.174915 0.010608 2.834551
v -8.209252 0.000692 2.852514
v -8.234030 0.029294 2.865476
v -8.251444 0.067812 2.803367
v -8.215746 0.077728 2.788289
v -8.189986 0.049126 2.777409
v -8.199924 0.010608 2.781606
v -8.235622 0.000692 2.796684
v -8.261382 0.029294 2.807564
v -8.273873 0.067812 2.743413
v -8.237040 0.077728 2.731374
v -8.210461 0.049126 2.722686
v -8.220716 0.010608 2.726038
v -8.257549 0.000692 2.738077
v -8.284128 0.029294 2.746765
v -8.291872 0.067812 2.678814
v -8.253649 0.077728 2.672441
v -8.226067 0.049126 2.667841
v -8.236708 0.010608 2.669616
v -8.274931 0.000692 2.675990
v -8.302513 0.029294 2.680589
v -8.299172 0.067812 2.548826
v -8.260525 0.077728 2.551657
v -8.232636 0.049126 2.553701
v -8.243396 0.010608 2.552912
v -8.282043 0.000692 2.550081
v -8.309932 0.029294 2.548038
v -8.269321 0.067812 2.403028
v -8.232124 0.077728 2.413893
v -8.205283 0.049126 2.421734
v -8.215639 0.010608 2.418709
v -8.252836 0.000692 2.407843
v -8.279677 0.029294 2.400003
v -8.209410 0.067812 2.246314
v -8.173979 0.077728 2.262008
v -8.148412 0.049126 2.273334
v -8.158276 0.010608 2.268965
v -8.193707 0.000692 2.253270
v -8.219274 0.029294 2.241944
v -8.125854 0.067812 2.081160
v -8.091879 0.077728 2.099798
v -8.067363 0.049126 2.113248
v -8.076821 0.010608 2.108059
v -8.110796 0.000692 2.089421
v -8.135312 0.029294 2.075971
v -8.024675 0.067812 1.910439
v -7.991768 0.077728 1.930904
v -7.968023 0.049126 1.945671
v -7.977184 0.010608 1.939974
v -8.010091 0.000692 1.919509
v -8.033837 0.029294 1.904742
v -7.911817 0.067812 1.737294
v -7.879623 0.077728 1.758863
v -7.856391 0.049126 1.774427
v -7.865355 0.010608 1.768422
v -7.897548 0.000692 1.746853
v -7.920780 0.029294 1.731289
v -7.793217 0.067812 1.565010
v -7.761417 0.077728 1.587156
v -7.738470 0.049126 1.603136
v -7.747323 0.010608 1.596971
v -7.779123 0.000692 1.574825
v -7.802070 0.029294 1.558845
v -7.674835 0.067812 1.396965
v -7.643118 0.077728 1.419230
v -7.620232 0.049126 1.435297
v -7.629061 0.010608 1.429098
v -7.660778 0.000692 1.406833
v -7.683664 0.029294 1.390767
v -7.562658 0.067812 1.236610
v -7.530684 0.077728 1.258505
v -7.507612 0.049126 1.274304
v -7.516513 0.010608 1.268208
v -7.548487 0.000692 1.246314
v -7.571559 0.029294 1.230514
v -7.462712 0.067812 1.087494
v -7.430057 0.077728 1.108358
v -7.406492 0.049126 1.123413
v -7.415584 0.010608 1.117605
v -7.448239 0.000692 1.096741
v -7.471804 0.029294 1.081686
v -7.381086 0.067812 0.953377
v -7.347153 0.077728 0.972091
v -7.322667 0.049126 0.985595
v -7.332114 0.010608 0.980385
v -7.366047 0.000692 0.961671
v -7.390533 0.029294 0.948167
v -7.323782 0.067812 0.838224
v -7.287927 0.077728 0.852922
v -7.262053 0.049126 0.863528
v -7.272035 0.010608 0.859436
v -7.307891 0.000692 0.844738
v -7.333765 0.029294 0.834132
v -7.300220 0.067812 0.766266
v -7.262717 0.077728 0.776024
v -7.235655 0.049126 0.783066
v -7.246096 0.010608 0.780349
v -7.283599 0.000692 0.770591
v -7.310661 0.029294 0.763549
v -7.284216 0.067812 0.684008
v -7.245867 0.077728 0.689578
v -7.218194 0.049126 0.693597
v -7.228871 0.010608 0.692047
v -7.267220 0.000692 0.686477
v -7.294893 0.029294 0.682458
v -7.275502 0.067812 0.593439
v -7.236814 0.077728 0.595649
v -7.208896 0.049126 0.597244
v -7.219666 0.010608 0.596629
v -7.258355 0.000692 0.594419
v -7.286273 0.029294 0.592824
v -7.273760 0.067812 0.496788
v -7.235013 0.077728 0.496210
v -7.207053 0.049126 0.495792
v -7.217840 0.010608 0.495953
v -7.256587 0.000692 0.496532
v -7.284547 0.029294 0.496950
v -7.278589 0.067812 0.396242
v -7.239954 0.077728 0.393248
v -7.212074 0.049126 0.391088
v -7.222830 0.010608 0.391922
v -7.261466 0.000692 0.394915
v -7.289345 0.029294 0.397075
v -7.289544 0.067812 0.293950
v -7.251141 0.077728 0.288768
v -7.223429 0.049126 0.285029
v -7.234120 0.010608 0.286472
v -7.272523 0.000692 0.291653
v -7.300236 0.029294 0.295393
v -7.306155 0.067812 0.192046
v -7.268091 0.077728 0.184779
v -7.240623 0.049126 0.179536
v -7.251220 0.010608 0.181559
v -7.289284 0.000692 0.188825
v -7.316751 0.029294 0.194069
v -7.327930 0.067812 0.092651
v -7.290326 0.077728 0.083295
v -7.263190 0.049126 0.076543
v -7.273659 0.010608 0.079148
v -7.311264 0.000692 0.088504
v -7.338399 0.029294 0.095256
v -7.354361 0.067812 -0.002106
v -7.317377 0.077728 -0.013673
v -7.290689 0.049126 -0.022021
v -7.300985 0.010608 -0.018800
v -7.337969 0.000692 -0.007232
v -7.364657 0.029294 0.001115
v -7.384906 0.067812 -0.090082
v -7.348786 0.077728 -0.104119
v -7.322722 0.049126 -0.114249
v -7.332778 0.010608 -0.110341
v -7.368897 0.000692 -0.096304
v -7.394961 0.029294 -0.086174
v -7.418968 0.067812 -0.169103
v -7.384119 0.077728 -0.186050
v -7.358971 0.049126 -0.198279
v -7.368673 0.010608 -0.193561
v -7.403523 0.000692 -0.176614
v -7.428670 0.029294 -0.164386
v -7.454806 0.067812 -0.235409
v -7.423380 0.077728 -0.258083
v -7.400703 0.049126 -0.274444
v -7.409452 0.010608 -0.268132
v -7.440878 0.000692 -0.245459
v -7.463555 0.029294 -0.229097
v -7.518030 0.067812 -0.302957
v -7.492936 0.077728 -0.332486
v -7.474828 0.049126 -0.353794
v -7.481814 0.010608 -0.345573
v -7.506908 0.000692 -0.316044
v -7.525015 0.029294 -0.294736
v -7.622890 0.067812 -0.372979
v -7.603226 0.077728 -0.406371
v -7.589037 0.049126 -0.430466
v -7.594512 0.010608 -0.421170
v -7.614175 0.000692 -0.387778
v -7.628365 0.029294 -0.363683
v -7.762500 0.067811 -0.444663
v -7.745906 0.077728 -0.479682
v -7.733932 0.049126 -0.504952
v -7.738552 0.010608 -0.495203
v -7.755146 0.000692 -0.460184
v -7.767119 0.029294 -0.434914
v -7.928139 0.067812 -0.516732
v -7.913335 0.077728 -0.552544
v -7.902652 0.049126 -0.578386
v -7.906773 0.010608 -0.568416
v -7.921577 0.000692 -0.532604
v -7.932261 0.029294 -0.506762
v -8.111498 0.067812 -0.588597
v -8.097713 0.077728 -0.624814
v -8.087766 0.049126 -0.650948
v -8.091604 0.010608 -0.640865
v -8.105389 0.000692 -0.604648
v -8.115336 0.029294 -0.578514
v -8.304471 0.067812 -0.659875
v -8.291166 0.077728 -0.696271
v -8.281566 0.049126 -0.722535
v -8.285270 0.010608 -0.712402
v -8.298574 0.000692 -0.676006
v -8.308175 0.029294 -0.649743
v -8.499055 0.067812 -0.730260
v -8.485777 0.077728 -0.766665
v -8.476195 0.049126 -0.792936
v -8.479892 0.010608 -0.782801
v -8.493170 0.000692 -0.746395
v -8.502751 0.029294 -0.720124
v -8.687323 0.067812 -0.799489
v -8.673599 0.077728 -0.835729
v -8.663696 0.049126 -0.861880
v -8.667517 0.010608 -0.851791
v -8.681240 0.000692 -0.815551
v -8.691143 0.029294 -0.789400
v -8.861436 0.067812 -0.867352
v -8.846654 0.077728 -0.903173
v -8.835987 0.049126 -0.929022
v -8.840102 0.010608 -0.919049
v -8.854884 0.000692 -0.883228
v -8.865551 0.029294 -0.857379
v -9.013715 0.067812 -0.933754
v -8.996899 0.077728 -0.968667
v -8.984764 0.049126 -0.993860
v -8.989446 0.010608 -0.984140
v -9.006262 0.000692 -0.949227
v -9.018396 0.029294 -0.924034
v -9.136876 0.067812 -0.998989
v -9.116140 0.077728 -1.031726
v -9.101177 0.049126 -1.055350
v -9.106950 0.010608 -1.046236
v -9.127686 0.000692 -1.013499
v -9.142649 0.029294 -0.989875
v -9.223001 0.067815 -1.063582
v -9.196386 0.077726 -1.091748
v -9.177211 0.049122 -1.112098
v -9.184652 0.010605 -1.104280
v -9.211267 0.000693 -1.076114
v -9.230443 0.029298 -1.055764
v -9.319033 0.068143 -1.177479
v -9.287667 0.078034 -1.200247
v -9.265148 0.049415 -1.216795
v -9.273993 0.010905 -1.210574
v -9.305360 0.001013 -1.187806
v -9.327879 0.029632 -1.171259
v -9.398489 0.069175 -1.304615
v -9.364608 0.079034 -1.323454
v -9.340370 0.050393 -1.337317
v -9.350014 0.011893 -1.332343
v -9.383895 0.002034 -1.313504
v -9.408133 0.030675 -1.299641
v -9.466368 0.071008 -1.441103
v -9.431113 0.080830 -1.457247
v -9.405974 0.052164 -1.469343
v -9.416090 0.013677 -1.465294
v -9.451344 0.003855 -1.449150
v -9.476483 0.032520 -1.437054
v -9.527128 0.073732 -1.582811
v -9.491258 0.083527 -1.597554
v -9.465762 0.054845 -1.608839
v -9.476137 0.016369 -1.605381
v -9.512008 0.006575 -1.590637
v -9.537503 0.035256 -1.579352
v -9.585092 0.077439 -1.725663
v -9.549167 0.087230 -1.740277
v -9.523727 0.058553 -1.751696
v -9.534211 0.020083 -1.748501
v -9.570136 0.010292 -1.733886
v -9.595575 0.038970 -1.722467
v -9.644439 0.082217 -1.865563
v -9.609013 0.092048 -1.881320
v -9.584044 0.063407 -1.893824
v -9.594504 0.024936 -1.890571
v -9.629930 0.015106 -1.874814
v -9.654899 0.043746 -1.862310
v -9.709218 0.088145 -1.998398
v -9.675014 0.098087 -2.016596
v -9.651076 0.069540 -2.031161
v -9.661345 0.031052 -2.027527
v -9.695550 0.021110 -2.009329
v -9.719487 0.049657 -1.994764
v -9.783327 0.095296 -2.120109
v -9.751434 0.105459 -2.142009
v -9.729377 0.077091 -2.159579
v -9.739210 0.038561 -2.155249
v -9.771103 0.028399 -2.133349
v -9.793160 0.056767 -2.115779
v -9.870575 0.103740 -2.226848
v -9.842578 0.114276 -2.253403
v -9.823624 0.086206 -2.274682
v -9.832666 0.047600 -2.269407
v -9.860663 0.037064 -2.242852
v -9.879618 0.065134 -2.221573
v -9.974923 0.113568 -2.315148
v -9.952707 0.124644 -2.346513
v -9.938309 0.097001 -2.371583
v -9.946126 0.058280 -2.365288
v -9.968342 0.047204 -2.333923
v -9.982740 0.074847 -2.308853
v -10.100870 0.124925 -2.381789
v -10.085940 0.136656 -2.416995
v -10.077238 0.109524 -2.445069
v -10.083467 0.070661 -2.437936
v -10.098397 0.058930 -2.402730
v -10.107100 0.086062 -2.374656
v -10.255275 0.138159 -2.423607
v -10.245852 0.150354 -2.460519
v -10.241316 0.123574 -2.489882
v -10.246203 0.084598 -2.482334
v -10.255627 0.072402 -2.445423
v -10.260162 0.099183 -2.416059
v -10.347919 0.145266 -2.440824
v -10.339394 0.157530 -2.477931
v -10.335184 0.130774 -2.507366
v -10.339499 0.091754 -2.499693
v -10.348024 0.079491 -2.462586
v -10.352234 0.106247 -2.433152
v -10.438295 0.150974 -2.461377
v -10.428560 0.163161 -2.498210
v -10.422933 0.136315 -2.527324
v -10.427040 0.097283 -2.519605
v -10.436775 0.085096 -2.482772
v -10.442403 0.111941 -2.453657
v -10.525480 0.155344 -2.484375
v -10.514759 0.167481 -2.520950
v -10.507927 0.140575 -2.549749
v -10.511816 0.101531 -2.541973
v -10.522537 0.089394 -2.505398
v -10.529369 0.116300 -2.476599
v -10.610455 0.158585 -2.509290
v -10.599014 0.170695 -2.545656
v -10.591242 0.143752 -2.574181
v -10.594910 0.104700 -2.566340
v -10.606350 0.092590 -2.529974
v -10.614122 0.119533 -2.501449
v -10.694221 0.160909 -2.535596
v -10.682353 0.173007 -2.571829
v -10.673934 0.146046 -2.600152
v -10.677382 0.106987 -2.592243
v -10.689250 0.094890 -2.556010
v -10.697669 0.121851 -2.527687
v -10.777793 0.162527 -2.562780
v -10.765800 0.174622 -2.598973
v -10.757046 0.147655 -2.627188
v -10.760283 0.108592 -2.619211
v -10.772276 0.096497 -2.583018
v -10.781031 0.123465 -2.554803
v -10.862206 0.163650 -2.590342
v -10.850385 0.175747 -2.626590
v -10.841603 0.148779 -2.654797
v -10.844644 0.109714 -2.646755
v -10.856465 0.097616 -2.610507
v -10.865247 0.124584 -2.582301
v -10.948506 0.164485 -2.617795
v -10.937132 0.176586 -2.654184
v -10.928619 0.149621 -2.682475
v -10.931479 0.110554 -2.674377
v -10.942854 0.098452 -2.637988
v -10.951366 0.125417 -2.609696
v -11.037753 0.165238 -2.644662
v -11.027073 0.177346 -2.681259
v -11.019094 0.150385 -2.709711
v -11.021796 0.111317 -2.701565
v -11.032476 0.099209 -2.664968
v -11.040455 0.126169 -2.636517
v -11.131017 0.166113 -2.670477
v -11.121238 0.178230 -2.707322
v -11.114025 0.151277 -2.735984
v -11.116590 0.112207 -2.727801
v -11.126369 0.100091 -2.690956
v -11.133581 0.127043 -2.662293
v -11.229372 0.167315 -2.694772
v -11.220657 0.179445 -2.731879
v -11.214395 0.152504 -2.760774
v -11.216846 0.113433 -2.752563
v -11.225561 0.101302 -2.715457
v -11.231824 0.128243 -2.686561
v -11.334680 0.169060 -2.717243
v -11.326770 0.181198 -2.754527
v -11.320816 0.154261 -2.783491
v -11.322772 0.115184 -2.775171
v -11.330682 0.103046 -2.737887
v -11.336636 0.129984 -2.708923
v -11.427146 0.168494 -2.736439
v -11.419291 0.180632 -2.773735
v -11.412206 0.153707 -2.802455
v -11.412976 0.114645 -2.793880
v -11.420831 0.102507 -2.756584
v -11.427917 0.129431 -2.727863
v -11.519443 0.163770 -2.757891
v -11.511135 0.175930 -2.795081
v -11.502291 0.149091 -2.823392
v -11.501756 0.110093 -2.814512
v -11.510063 0.097933 -2.777322
v -11.518908 0.124772 -2.749012
v -11.610652 0.155699 -2.781619
v -11.601714 0.167913 -2.818645
v -11.591277 0.141212 -2.846540
v -11.589778 0.102297 -2.837409
v -11.598716 0.090083 -2.800383
v -11.609153 0.116784 -2.772488
v -11.700649 0.145091 -2.807795
v -11.690908 0.157398 -2.844587
v -11.679043 0.130862 -2.872066
v -11.676918 0.092020 -2.862753
v -11.686659 0.079712 -2.825961
v -11.698524 0.106248 -2.798482
v -11.789313 0.132753 -2.836594
v -11.778598 0.145193 -2.873069
v -11.765465 0.118832 -2.900135
v -11.763045 0.080029 -2.890726
v -11.773761 0.067589 -2.854251
v -11.786894 0.093950 -2.827185
v -11.876523 0.119488 -2.868190
v -11.864665 0.132100 -2.904250
v -11.850418 0.105905 -2.930912
v -11.848029 0.067098 -2.921514
v -11.859887 0.054486 -2.885454
v -11.874134 0.080681 -2.858792
v -11.962159 0.106096 -2.902755
v -11.948989 0.118910 -2.938284
v -11.933779 0.092864 -2.964557
v -11.931739 0.054003 -2.955300
v -11.944909 0.041189 -2.919770
v -11.960119 0.067235 -2.893498
v -12.046099 0.093372 -2.940460
v -12.031452 0.106407 -2.975325
v -12.015426 0.080482 -3.001230
v -12.014046 0.041523 -2.992270
v -12.028692 0.028488 -2.957405
v -12.044719 0.054413 -2.931500
v -12.128221 0.082109 -2.981475
v -12.111938 0.095364 -3.015522
v -12.095238 0.069530 -3.041090
v -12.094821 0.030441 -3.032612
v -12.111104 0.017186 -2.998566
v -12.127804 0.043020 -2.972997
v -12.208401 0.073095 -3.025969
v -12.190331 0.086546 -3.059023
v -12.173100 0.060771 -3.084296
v -12.173937 0.021544 -3.076515
v -12.192007 0.008092 -3.043461
v -12.209238 0.033868 -3.018188
v -12.286515 0.067115 -3.074109
v -12.266527 0.080709 -3.105978
v -12.248902 0.054962 -3.131009
v -12.251266 0.015622 -3.124169
v -12.271254 0.002028 -3.092299
v -12.288878 0.027775 -3.067269
v -12.364752 0.064866 -3.127800
v -12.340445 0.078612 -3.156439
v -12.320254 0.052956 -3.179551
v -12.324373 0.013554 -3.174024
v -12.348680 -0.000192 -3.145385
v -12.368871 0.025464 -3.122273
v -12.446188 0.064826 -3.214478
v -12.415914 0.078624 -3.236684
v -12.391141 0.053008 -3.254853
v -12.396643 0.013594 -3.250818
v -12.426917 -0.000204 -3.228613
v -12.451690 0.025412 -3.210443
v -12.518126 0.064826 -3.342444
v -12.484233 0.078624 -3.358596
v -12.456499 0.053008 -3.371812
v -12.462659 0.013594 -3.368877
v -12.496552 -0.000204 -3.352725
v -12.524286 0.025412 -3.339509
v -12.581561 0.064826 -3.501901
v -12.546161 0.078624 -3.514410
v -12.517194 0.053008 -3.524645
v -12.523627 0.013594 -3.522372
v -12.559028 -0.000204 -3.509863
v -12.587995 0.025412 -3.499628
v -12.638664 0.064826 -3.685847
v -12.602556 0.078624 -3.696134
v -12.573010 0.053008 -3.704552
v -12.579573 0.013594 -3.702682
v -12.615681 -0.000204 -3.692395
v -12.645226 0.025412 -3.683978
v -12.690903 0.064826 -3.886916
v -12.654439 0.078624 -3.895858
v -12.624600 0.053008 -3.903176
v -12.631227 0.013594 -3.901551
v -12.667691 -0.000204 -3.892608
v -12.697530 0.025412 -3.885291
v -12.739511 0.064826 -4.097516
v -12.702875 0.078624 -4.105721
v -12.672895 0.053008 -4.112436
v -12.679554 0.013594 -4.110945
v -12.716190 -0.000204 -4.102739
v -12.746170 0.025412 -4.096025
v -12.785643 0.064826 -4.309929
v -12.748952 0.078624 -4.317892
v -12.718929 0.053008 -4.324407
v -12.725597 0.013594 -4.322960
v -12.762288 -0.000204 -4.314998
v -12.792311 0.025412 -4.308483
v -12.830405 0.064826 -4.516353
v -12.793767 0.078624 -4.524555
v -12.763788 0.053008 -4.531268
v -12.770446 0.013594 -4.529777
v -12.807084 -0.000204 -4.521574
v -12.837063 0.025412 -4.514862
v -12.874868 0.064826 -4.708888
v -12.838427 0.078624 -4.717919
v -12.808606 0.053008 -4.725308
v -12.815228 0.013594 -4.723667
v -12.851671 -0.000204 -4.714636
v -12.881492 0.025412 -4.707247
v -12.920029 0.064826 -4.879488
v -12.884051 0.078624 -4.890224
v -12.854612 0.053008 -4.899008
v -12.861151 0.013594 -4.897057
v -12.897128 -0.000204 -4.886322
v -12.926567 0.025412 -4.877537
v -12.966639 0.064826 -5.019748
v -12.931818 0.078624 -5.033789
v -12.903325 0.053008 -5.045279
v -12.909653 0.013594 -5.042727
v -12.944473 -0.000204 -5.028686
v -12.972966 0.025412 -5.017197
v -13.014929 0.064826 -5.121176
v -12.983017 0.078624 -5.140955
v -12.956903 0.053008 -5.157140
v -12.962704 0.013594 -5.153546
v -12.994616 -0.000204 -5.133767
v -13.020729 0.025412 -5.117582
v -13.099238 0.064826 -5.228856
v -13.072346 0.078624 -5.255055
v -13.050341 0.053008 -5.276493
v -13.055228 0.013594 -5.271732
v -13.082121 -0.000204 -5.245533
v -13.104126 0.025412 -5.224094
v -13.201705 0.064826 -5.313428
v -13.180601 0.078624 -5.344480
v -13.163332 0.053008 -5.369889
v -13.167167 0.013594 -5.364246
v -13.188271 -0.000204 -5.333194
v -13.205540 0.025412 -5.307785
v -13.320470 0.064826 -5.378789
v -13.304807 0.078624 -5.412911
v -13.291991 0.053008 -5.440832
v -13.294837 0.013594 -5.434631
v -13.310500 -0.000204 -5.400509
v -13.323316 0.025412 -5.372588
v -13.453315 0.064826 -5.428320
v -13.442072 0.078624 -5.464142
v -13.432872 0.053008 -5.493454
v -13.434915 0.013594 -5.486944
v -13.446157 -0.000204 -5.451122
v -13.455358 0.025412 -5.421810
v -13.597622 0.064826 -5.465312
v -13.589587 0.078624 -5.501987
v -13.583013 0.053008 -5.531997
v -13.584473 0.013594 -5.525332
v -13.592507 -0.000204 -5.488657
v -13.599082 0.025412 -5.458647
v -13.750568 0.064826 -5.493170
v -13.744594 0.078624 -5.530236
v -13.739705 0.053008 -5.560566
v -13.740791 0.013594 -5.553830
v -13.746766 -0.000204 -5.516764
v -13.751655 0.025412 -5.486434
v -13.909290 0.064826 -5.515430
v -13.904343 0.078624 -5.552648
v -13.900294 0.053008 -5.583102
v -13.901194 0.013594 -5.576339
v -13.906141 -0.000204 -5.539121
v -13.910190 0.025412 -5.508667
v -14.070950 0.064826 -5.535733
v -14.066075 0.078624 -5.572960
v -14.062087 0.053008 -5.603422
v -14.062973 0.013594 -5.596657
v -14.067847 -0.000204 -5.559430
v -14.071836 0.025412 -5.528968
v -14.232763 0.064826 -5.557790
v -14.227023 0.078624 -5.594894
v -14.222326 0.053008 -5.625255
v -14.223370 0.013594 -5.618512
v -14.229110 -0.000204 -5.581408
v -14.233807 0.025412 -5.551047
v -14.391998 0.064826 -5.585384
v -14.384406 0.078624 -5.622153
v -14.378194 0.053008 -5.652241
v -14.379574 0.013594 -5.645558
v -14.387166 -0.000204 -5.608789
v -14.393378 0.025412 -5.578702
v -14.545956 0.064826 -5.622384
v -14.535438 0.078624 -5.658425
v -14.526830 0.053008 -5.687917
v -14.528742 0.013594 -5.681367
v -14.539260 -0.000204 -5.645326
v -14.547868 0.025412 -5.615834
v -14.691213 0.064826 -5.672487
v -14.677489 0.078624 -5.707434
v -14.666260 0.053008 -5.736030
v -14.668754 0.013594 -5.729679
v -14.682477 -0.000204 -5.694732
v -14.693707 0.025412 -5.666136
v -15.251591 0.064826 -5.920158
v -15.235907 0.078624 -5.954270
v -15.223074 0.053008 -5.982183
v -15.225924 0.013594 -5.975984
v -15.241608 -0.000204 -5.941872
v -15.254440 0.025412 -5.913959
v -15.830847 0.064826 -6.196890
v -15.814530 0.078624 -6.230704
v -15.801179 0.053008 -6.258373
v -15.804144 0.013594 -6.252228
v -15.820460 -0.000204 -6.218414
v -15.833812 0.025412 -6.190745
v -16.421577 0.064826 -6.484799
v -16.405329 0.078624 -6.518645
v -16.392031 0.053008 -6.546340
v -16.394985 0.013594 -6.540190
v -16.411234 -0.000204 -6.506344
v -16.424532 0.025412 -6.478649
v -17.015886 0.064826 -6.765847
v -17.000383 0.078624 -6.800041
v -16.987696 0.053008 -6.828021
v -16.990515 0.013594 -6.821807
v -17.006018 -0.000204 -6.787613
v -17.018705 0.025412 -6.759633
v -17.605780 0.064826 -7.021994
v -17.591795 0.078624 -7.056837
v -17.580351 0.053008 -7.085348
v -17.582891 0.013594 -7.079016
v -17.596876 -0.000204 -7.044173
v -17.608320 0.025412 -7.015662
v -18.183157 0.064826 -7.235224
v -18.171688 0.078624 -7.270975
v -18.162304 0.053008 -7.300228
v -18.164389 0.013594 -7.293731
v -18.175858 -0.000204 -7.257981
v -18.185242 0.025412 -7.228728
v -18.739792 0.064826 -7.387602
v -18.732222 0.078624 -7.424376
v -18.726027 0.053008 -7.454467
v -18.727402 0.013594 -7.447784
v -18.734972 -0.000204 -7.411010
v -18.741167 0.025412 -7.380919
v -19.267330 0.064826 -7.461412
v -19.265570 0.078624 -7.498916
v -19.264132 0.053008 -7.529604
v -19.264450 0.013594 -7.522789
v -19.266211 -0.000204 -7.485285
v -19.267649 0.025412 -7.454597
v -19.757553 0.064826 -7.439367
v -19.763891 0.078624 -7.476373
v -19.769077 0.053008 -7.506654
v -19.767925 0.013594 -7.499929
v -19.761587 -0.000204 -7.462923
v -19.756401 0.025412 -7.432642
v -20.203060 0.064826 -7.304527
v -20.219151 0.078624 -7.338449
v -20.232319 0.053008 -7.366206
v -20.229393 0.013594 -7.360042
v -20.213303 -0.000204 -7.326120
v -20.200134 0.025412 -7.298363
v -20.597733 0.064826 -7.039264
v -20.623037 0.078624 -7.066999
v -20.643745 0.053008 -7.089694
v -20.639145 0.013594 -7.084653
v -20.613840 -0.000204 -7.056919
v -20.593132 0.025412 -7.034224
v -20.935488 0.064602 -6.623865
v -20.965544 0.078602 -6.646238
v -20.991516 0.053209 -6.662992
v -20.987429 0.013817 -6.657374
v -20.957373 -0.000182 -6.635001
v -20.931400 0.025210 -6.618246
v -20.986462 0.075474 -6.541203
v -21.016960 0.089565 -6.562913
v -21.045670 0.064740 -6.575545
v -21.043880 0.025825 -6.566467
v -21.013382 0.011734 -6.544757
v -20.984673 0.036558 -6.532125
v -21.054865 0.106573 -6.430056
v -21.084772 0.120414 -6.452726
v -21.114725 0.096117 -6.463332
v -21.114771 0.057981 -6.451266
v -21.084864 0.044140 -6.428596
v -21.054911 0.068436 -6.417990
v -21.135813 0.153948 -6.296722
v -21.165512 0.167669 -6.319738
v -21.196169 0.143775 -6.329181
v -21.197130 0.106161 -6.315608
v -21.167431 0.092440 -6.292592
v -21.136774 0.116333 -6.283149
v -21.225075 0.213528 -6.146761
v -21.254759 0.227240 -6.169802
v -21.285887 0.203656 -6.178455
v -21.287331 0.166361 -6.164069
v -21.257647 0.152649 -6.141028
v -21.226519 0.176233 -6.132375
v -21.318605 0.281240 -5.985433
v -21.348410 0.295037 -6.008267
v -21.379889 0.271707 -6.016312
v -21.381567 0.234579 -6.001523
v -21.351763 0.220782 -5.978688
v -21.320284 0.244112 -5.970644
v -21.412420 0.353019 -5.817903
v -21.442461 0.366997 -5.840312
v -21.474236 0.343890 -5.847830
v -21.475969 0.306806 -5.832939
v -21.445929 0.292828 -5.810530
v -21.414154 0.315934 -5.803012
v -21.502556 0.424806 -5.649302
v -21.532963 0.439076 -5.671022
v -21.565006 0.416184 -5.678032
v -21.566643 0.379024 -5.663322
v -21.536236 0.364754 -5.641602
v -21.504192 0.387645 -5.634592
v -21.585052 0.492546 -5.484761
v -21.615992 0.507250 -5.505416
v -21.648310 0.484584 -5.511874
v -21.649693 0.447214 -5.497676
v -21.618753 0.432510 -5.477021
v -21.586435 0.455176 -5.470563
v -21.655960 0.552177 -5.329435
v -21.687660 0.567520 -5.348403
v -21.720287 0.545113 -5.354176
v -21.721218 0.507363 -5.340982
v -21.689518 0.492020 -5.322014
v -21.656891 0.514427 -5.316241
v -21.711313 0.599632 -5.188561
v -21.744116 0.615917 -5.204651
v -21.777121 0.593833 -5.209438
v -21.777327 0.555464 -5.198135
v -21.744524 0.539178 -5.182045
v -21.711519 0.561262 -5.177258
v -21.747162 0.630850 -5.067630
v -21.781496 0.648465 -5.078160
v -21.814974 0.626790 -5.081236
v -21.814117 0.587500 -5.073782
v -21.779783 0.569885 -5.063252
v -21.746305 0.591560 -5.060176
v -21.759821 0.642010 -4.972350
v -21.795248 0.660582 -4.972350
v -21.829044 0.639186 -4.972350
v -21.827414 0.599219 -4.972350
v -21.791986 0.580648 -4.972350
v -21.758190 0.602043 -4.972350
v -3.152407 1.065926 1.522373
v -3.180691 1.065926 1.494088
v -3.194833 1.031285 1.479946
v -3.180691 0.996644 1.494088
v -3.152407 0.996644 1.522373
v -3.138265 1.031285 1.536515
v -3.303063 1.048304 1.636431
v -3.324627 1.048932 1.602747
v -3.331491 1.014972 1.582757
v -3.316791 0.980383 1.596450
v -3.295227 0.979755 1.630134
v -3.288363 1.013715 1.650124
v -3.518279 1.000381 1.750403
v -3.535743 1.001871 1.714447
v -3.538283 0.968818 1.692062
v -3.523360 0.934276 1.705633
v -3.505897 0.932786 1.741588
v -3.503356 0.965839 1.763973
v -3.788146 0.928396 1.864750
v -3.803251 0.930502 1.827772
v -3.803450 0.898062 1.804371
v -3.788544 0.863515 1.817948
v -3.773439 0.861409 1.854927
v -3.773240 0.893849 1.878328
v -4.102792 0.837990 1.978726
v -4.116367 0.840532 1.941186
v -4.115195 0.808481 1.917282
v -4.100449 0.773889 1.930918
v -4.086874 0.771348 1.968459
v -4.088046 0.803398 1.992363
v -4.451751 0.734807 2.090994
v -4.464237 0.737668 2.053100
v -4.462249 0.705858 2.028932
v -4.447775 0.671185 2.042656
v -4.435290 0.668324 2.080550
v -4.437278 0.700135 2.104719
v -4.824328 0.624519 2.200045
v -4.835978 0.627626 2.161906
v -4.833541 0.595948 2.137605
v -4.819455 0.561162 2.151444
v -4.807806 0.558054 2.189583
v -4.810242 0.589733 2.213884
v -5.209723 0.512818 2.304313
v -5.220686 0.516123 2.265987
v -5.218087 0.484492 2.241642
v -5.204523 0.449555 2.255623
v -5.193560 0.446250 2.293949
v -5.196160 0.477881 2.318294
v -5.597076 0.405409 2.402204
v -5.607436 0.408881 2.363725
v -5.604935 0.377222 2.339405
v -5.592074 0.342092 2.353564
v -5.581714 0.338621 2.392043
v -5.584215 0.370279 2.416363
v -5.975478 0.308006 2.492107
v -5.985265 0.311623 2.453492
v -5.983152 0.279865 2.429264
v -5.971252 0.244490 2.443651
v -5.961464 0.240873 2.482266
v -5.963577 0.272630 2.506494
v -6.333953 0.226323 2.572396
v -6.343147 0.230073 2.533648
v -6.341805 0.198143 2.509593
v -6.331268 0.162462 2.524285
v -6.322074 0.158712 2.563033
v -6.323417 0.190642 2.587089
v -6.661410 0.166073 2.641425
v -6.669914 0.169946 2.602532
v -6.669934 0.137774 2.578763
v -6.661450 0.101728 2.593888
v -6.652946 0.097855 2.632782
v -6.652926 0.130028 2.656550
v -6.946854 0.132901 2.697561
v -6.955201 0.136792 2.658635
v -6.957285 0.104378 2.635290
v -6.951023 0.068074 2.650870
v -6.942676 0.064182 2.689795
v -6.940591 0.096596 2.713140
v -7.060839 0.126995 2.722090
v -7.070190 0.130825 2.683388
v -7.074388 0.098282 2.660511
v -7.069235 0.061909 2.676337
v -7.059885 0.058079 2.715040
v -7.055686 0.090622 2.737917
v -7.179018 0.124131 2.752885
v -7.189723 0.127926 2.714531
v -7.195521 0.095342 2.692067
v -7.190615 0.058963 2.707957
v -7.179911 0.055168 2.746311
v -7.174113 0.087752 2.768775
v -7.300717 0.123801 2.788803
v -7.312409 0.127592 2.750738
v -7.319386 0.095002 2.728619
v -7.314672 0.058622 2.744565
v -7.302981 0.054832 2.782630
v -7.296003 0.087421 2.804749
v -7.425288 0.125466 2.828708
v -7.437657 0.129265 2.790859
v -7.445458 0.096685 2.769002
v -7.440890 0.060307 2.784994
v -7.428522 0.056508 2.822844
v -7.420721 0.089087 2.844701
v -7.552105 0.128578 2.871456
v -7.564878 0.132387 2.833743
v -7.573192 0.099819 2.812057
v -7.568731 0.063443 2.828086
v -7.555958 0.059635 2.865799
v -7.547644 0.092203 2.887485
v -7.680555 0.132586 2.915897
v -7.693487 0.136399 2.878238
v -7.702032 0.103838 2.856632
v -7.697644 0.067465 2.872686
v -7.684711 0.063652 2.910345
v -7.676167 0.096212 2.931951
v -7.810041 0.136931 2.960879
v -7.822897 0.140741 2.923193
v -7.831406 0.108180 2.901575
v -7.827059 0.071808 2.917643
v -7.814203 0.067997 2.955329
v -7.805695 0.100559 2.976947
v -7.939982 0.141054 3.005248
v -7.952525 0.144855 2.967457
v -7.960732 0.112284 2.945736
v -7.956397 0.075912 2.961807
v -7.943853 0.072111 2.999599
v -7.935646 0.104682 3.021320
v -8.069805 0.144391 3.047849
v -8.081790 0.148179 3.009876
v -8.089418 0.115593 2.987966
v -8.085062 0.079221 3.004031
v -8.073077 0.075434 3.042005
v -8.065449 0.108019 3.063914
v -8.198954 0.146377 3.087524
v -8.210111 0.150152 3.049297
v -8.216859 0.117555 3.027119
v -8.212450 0.081182 3.043168
v -8.201293 0.077406 3.081395
v -8.194545 0.110003 3.103573
v -8.326885 0.146438 3.123109
v -8.336909 0.150215 3.084569
v -8.342436 0.117618 3.062055
v -8.337938 0.081245 3.078079
v -8.327914 0.077468 3.116618
v -8.322388 0.110065 3.139133
v -8.452976 0.144000 3.153409
v -8.461579 0.147805 3.114531
v -8.465584 0.115239 3.091653
v -8.460987 0.078867 3.107654
v -8.452384 0.075063 3.146532
v -8.448380 0.107629 3.169410
v -8.576422 0.138901 3.177657
v -8.583341 0.142774 3.138451
v -8.585681 0.110275 3.115249
v -8.581104 0.073903 3.131253
v -8.574185 0.070030 3.170459
v -8.571845 0.102530 3.193661
v -8.696505 0.131771 3.195269
v -8.701371 0.135764 3.155767
v -8.701947 0.103368 3.132311
v -8.697657 0.066979 3.148357
v -8.692790 0.062986 3.187859
v -8.692214 0.095382 3.211315
v -8.812675 0.123217 3.205302
v -8.814984 0.127395 3.165588
v -8.813621 0.095141 3.141970
v -8.809948 0.058707 3.158067
v -8.807639 0.054528 3.197781
v -8.809003 0.086783 3.221399
v -8.924352 0.113850 3.206785
v -8.923505 0.118290 3.167041
v -8.919987 0.086214 3.143404
v -8.917315 0.049697 3.159510
v -8.918162 0.045257 3.199254
v -8.921680 0.077333 3.222892
v -9.030937 0.104285 3.198727
v -9.026258 0.109064 3.159290
v -9.020346 0.077199 3.135844
v -9.019112 0.040556 3.151836
v -9.023790 0.035776 3.191272
v -9.029703 0.067641 3.214718
v -9.131809 0.095141 3.180110
v -9.122587 0.100326 3.141535
v -9.114039 0.068697 3.118589
v -9.114714 0.031883 3.134218
v -9.123936 0.026698 3.172793
v -9.132483 0.058327 3.195740
v -9.226286 0.087053 3.149906
v -9.211891 0.092672 3.113011
v -9.200528 0.061279 3.090980
v -9.203560 0.024267 3.105843
v -9.217955 0.018648 3.142738
v -9.229318 0.050040 3.164769
v -9.313601 0.080662 3.107111
v -9.293668 0.086678 3.072956
v -9.279452 0.055489 3.052337
v -9.285170 0.018285 3.065871
v -9.305102 0.012269 3.100025
v -9.319318 0.043458 3.120645
v -9.392914 0.076621 3.050807
v -9.367535 0.082905 3.020535
v -9.350647 0.051847 3.001820
v -9.359138 0.014507 3.013377
v -9.384518 0.008223 3.043649
v -9.401405 0.039280 3.062364
v -9.463376 0.075567 2.980205
v -9.433172 0.081917 2.954761
v -9.414020 0.050891 2.938313
v -9.425071 0.013515 2.947308
v -9.455275 0.007165 2.972752
v -9.474427 0.038191 2.989201
v -9.524223 0.078114 2.894614
v -9.490209 0.084303 2.874497
v -9.469340 0.053205 2.860446
v -9.482487 0.015918 2.866513
v -9.516501 0.009728 2.886630
v -9.537370 0.040826 2.900680
v -9.575330 0.084879 2.792256
v -9.538368 0.090744 2.778134
v -9.515836 0.059462 2.767469
v -9.530265 0.022316 2.770926
v -9.567226 0.016451 2.785048
v -9.589759 0.047733 2.795712
v -9.608444 0.090758 2.678095
v -9.569367 0.096302 2.671596
v -9.545241 0.064779 2.666675
v -9.560192 0.027712 2.668253
v -9.599269 0.022167 2.674752
v -9.623395 0.053690 2.679673
v -9.614601 0.090896 2.564481
v -9.575037 0.096401 2.566574
v -9.550526 0.064847 2.568448
v -9.565578 0.027788 2.568229
v -9.605143 0.022283 2.566136
v -9.629654 0.053837 2.564262
v -9.596246 0.087121 2.453532
v -9.557914 0.092857 2.463419
v -9.534308 0.061474 2.471025
v -9.549035 0.024353 2.468743
v -9.587367 0.018616 2.458856
v -9.610972 0.050000 2.451251
v -9.556608 0.081417 2.345745
v -9.520522 0.087458 2.361907
v -9.498410 0.056277 2.373690
v -9.512386 0.019054 2.369310
v -9.548472 0.013013 2.353147
v -9.570584 0.044194 2.341364
v -9.498837 0.075700 2.241040
v -9.465301 0.081979 2.261919
v -9.444653 0.050935 2.276407
v -9.457541 0.013611 2.270016
v -9.491076 0.007332 2.249137
v -9.511724 0.038376 2.234649
v -9.425797 0.071805 2.139109
v -9.394694 0.078203 2.163433
v -9.375140 0.047212 2.179469
v -9.386687 0.009823 2.171180
v -9.417790 0.003425 2.146856
v -9.437345 0.034416 2.130820
v -9.340153 0.071519 2.039654
v -9.311185 0.077916 2.066486
v -9.292219 0.046924 2.083213
v -9.302221 0.009536 2.073109
v -9.331189 0.003139 2.046277
v -9.350155 0.034131 2.029550
v -9.244464 0.076608 1.942463
v -9.217282 0.082903 1.971125
v -9.198368 0.051908 1.987906
v -9.206635 0.014619 1.976025
v -9.233817 0.008325 1.947362
v -9.252731 0.039319 1.930581
v -9.141254 0.088825 1.847401
v -9.115516 0.094943 1.877403
v -9.096120 0.064007 1.893737
v -9.102463 0.026953 1.880070
v -9.128201 0.020836 1.850068
v -9.147597 0.051771 1.833734
v -9.033040 0.109907 1.754395
v -9.008422 0.115802 1.785366
v -8.988024 0.085066 1.800833
v -8.992244 0.048435 1.785329
v -9.016862 0.042541 1.754358
v -9.037260 0.073277 1.738891
v -8.922329 0.141575 1.663404
v -8.898530 0.147232 1.695052
v -8.876627 0.116933 1.709275
v -8.878525 0.080978 1.691850
v -8.902324 0.075322 1.660202
v -8.924227 0.105620 1.645979
v -8.810276 0.186093 1.573324
v -8.786770 0.191643 1.605208
v -8.764235 0.161574 1.618920
v -8.765209 0.125953 1.600748
v -8.788715 0.120403 1.568864
v -8.811250 0.150472 1.555151
v -8.691513 0.229810 1.477852
v -8.667536 0.235518 1.509356
v -8.646614 0.204911 1.524371
v -8.649670 0.168596 1.507882
v -8.673647 0.162888 1.476378
v -8.694569 0.193496 1.461363
v -8.573889 0.253667 1.381220
v -8.548903 0.259584 1.411891
v -8.530475 0.228458 1.428967
v -8.537033 0.191415 1.415372
v -8.562019 0.185498 1.384702
v -8.580447 0.216624 1.367626
v -8.461185 0.260352 1.284433
v -8.434895 0.266353 1.313976
v -8.418367 0.235105 1.332695
v -8.428130 0.197855 1.321870
v -8.454420 0.191854 1.292327
v -8.470947 0.223102 1.273608
v -8.355775 0.253126 1.187391
v -8.327888 0.259026 1.215453
v -8.312599 0.227856 1.235322
v -8.325198 0.190787 1.227127
v -8.353086 0.184888 1.199065
v -8.368374 0.216057 1.179197
v -8.259983 0.235234 1.090002
v -8.230209 0.240791 1.116131
v -8.215484 0.209723 1.136575
v -8.230530 0.173100 1.130891
v -8.260303 0.167544 1.104763
v -8.275029 0.198611 1.084318
v -8.176100 0.209898 0.992217
v -8.144168 0.214812 1.015800
v -8.129339 0.183715 1.036125
v -8.146444 0.147703 1.032866
v -8.178376 0.142790 1.009283
v -8.193205 0.173887 0.988958
v -8.106380 0.180320 0.894061
v -8.072071 0.184236 0.914251
v -8.056532 0.152840 0.933560
v -8.075301 0.117528 0.932680
v -8.109610 0.113612 0.912490
v -8.125149 0.145009 0.893181
v -8.052983 0.149672 0.795666
v -8.016249 0.152203 0.811292
v -7.999533 0.120135 0.828387
v -8.019551 0.085536 0.829856
v -8.056286 0.083005 0.814230
v -8.073002 0.115073 0.797136
v -8.017884 0.121041 0.697228
v -7.979052 0.121861 0.706789
v -7.961028 0.088727 0.720102
v -7.981836 0.054771 0.723853
v -8.020668 0.053951 0.714292
v -8.038692 0.087086 0.700979
v -8.002758 0.097327 0.598799
v -7.962815 0.096370 0.600710
v -7.943982 0.061940 0.608447
v -7.965091 0.028467 0.614273
v -8.005033 0.029424 0.612362
v -8.023868 0.063854 0.604625
v -8.009125 0.081174 0.499872
v -7.969769 0.078860 0.493113
v -7.951410 0.043329 0.493815
v -7.972409 0.010111 0.501277
v -8.011765 0.012426 0.508037
v -8.030124 0.047957 0.507334
v -8.039178 0.075207 0.398185
v -8.002282 0.072281 0.383015
v -7.985798 0.036285 0.377313
v -8.006209 0.003213 0.386782
v -8.043105 0.006139 0.401952
v -8.059589 0.042135 0.407653
v -8.157971 0.075271 0.179226
v -8.124865 0.072230 0.156985
v -8.110497 0.036169 0.147332
v -8.129237 0.003149 0.159922
v -8.162344 0.006189 0.182163
v -8.176711 0.042251 0.191816
v -8.316041 0.075271 -0.013774
v -8.287141 0.072230 -0.041260
v -8.274598 0.036169 -0.053188
v -8.290957 0.003149 -0.037630
v -8.319858 0.006189 -0.010144
v -8.332400 0.042251 0.001784
v -8.505511 0.075271 -0.185450
v -8.480326 0.072230 -0.216376
v -8.469396 0.036169 -0.229797
v -8.483651 0.003149 -0.212292
v -8.508837 0.006189 -0.181366
v -8.519767 0.042251 -0.167945
v -8.718789 0.075271 -0.341149
v -8.696357 0.072230 -0.374127
v -8.686622 0.036169 -0.388438
v -8.699319 0.003149 -0.369772
v -8.721751 0.006189 -0.336795
v -8.731486 0.042251 -0.322483
v -8.948138 0.075271 -0.486223
v -8.927359 0.072230 -0.520266
v -8.918341 0.036169 -0.535040
v -8.930102 0.003149 -0.515771
v -8.950882 0.006189 -0.481727
v -8.959900 0.042251 -0.466953
v -9.185764 0.075271 -0.626090
v -9.165532 0.072230 -0.660462
v -9.156752 0.036169 -0.675378
v -9.168203 0.003149 -0.655923
v -9.188436 0.006189 -0.621551
v -9.197216 0.042251 -0.606634
v -9.423865 0.075271 -0.766242
v -9.403086 0.072230 -0.800285
v -9.394068 0.036169 -0.815059
v -9.405829 0.003149 -0.795790
v -9.426609 0.006189 -0.761746
v -9.435627 0.042251 -0.746972
v -9.654649 0.075271 -0.912241
v -9.632216 0.072230 -0.945218
v -9.622480 0.036169 -0.959530
v -9.635179 0.003149 -0.940863
v -9.657611 0.006189 -0.907886
v -9.667347 0.042251 -0.893574
v -9.870316 0.075271 -1.069721
v -9.845130 0.072230 -1.100647
v -9.834199 0.036169 -1.114068
v -9.848455 0.003149 -1.096563
v -9.873641 0.006189 -1.065637
v -9.884572 0.042251 -1.052216
v -10.063008 0.075271 -1.244383
v -10.034108 0.072230 -1.271870
v -10.021565 0.036169 -1.283798
v -10.037925 0.003149 -1.268240
v -10.066825 0.006189 -1.240754
v -10.079368 0.042251 -1.228825
v -10.224728 0.075271 -1.441936
v -10.191621 0.072230 -1.464177
v -10.177254 0.036169 -1.473830
v -10.195993 0.003149 -1.461240
v -10.229100 0.006189 -1.438999
v -10.243467 0.042251 -1.429347
v -10.346119 0.075286 -1.665663
v -10.310656 0.072173 -1.683901
v -10.295806 0.036098 -1.692736
v -10.316422 0.003134 -1.683332
v -10.351885 0.006246 -1.665094
v -10.366735 0.042322 -1.656260
v -10.372880 0.079058 -1.721666
v -10.338176 0.076062 -1.741329
v -10.324999 0.040242 -1.753301
v -10.346526 0.007418 -1.745609
v -10.381230 0.010414 -1.725945
v -10.394407 0.046234 -1.713974
v -10.405729 0.089258 -1.773319
v -10.373671 0.087040 -1.797138
v -10.363254 0.052031 -1.813443
v -10.384893 0.019240 -1.805929
v -10.416952 0.021458 -1.782110
v -10.427369 0.056467 -1.765805
v -10.447012 0.104732 -1.823337
v -10.417955 0.103600 -1.850803
v -10.410047 0.069499 -1.870157
v -10.431194 0.036530 -1.862044
v -10.460251 0.037662 -1.834577
v -10.468160 0.071763 -1.815224
v -10.497979 0.124124 -1.871788
v -10.472062 0.124158 -1.902257
v -10.466170 0.090806 -1.923538
v -10.486194 0.057419 -1.914351
v -10.512111 0.057385 -1.883882
v -10.518003 0.090738 -1.862601
v -10.559751 0.145923 -1.918634
v -10.536932 0.147031 -1.951469
v -10.532453 0.114168 -1.973829
v -10.550790 0.080198 -1.963354
v -10.573608 0.079090 -1.930519
v -10.578088 0.111953 -1.908159
v -10.633341 0.168505 -1.963842
v -10.613451 0.170500 -1.998489
v -10.609772 0.137879 -2.021345
v -10.625982 0.103265 -2.009553
v -10.645872 0.101270 -1.974906
v -10.649551 0.133891 -1.952051
v -10.719702 0.190193 -2.007432
v -10.702491 0.192854 -2.043442
v -10.699058 0.160295 -2.066423
v -10.712835 0.125075 -2.053394
v -10.730046 0.122415 -2.017384
v -10.733479 0.154974 -1.994403
v -10.819750 0.209296 -2.049484
v -10.804928 0.212410 -2.086506
v -10.801278 0.179810 -2.109396
v -10.812450 0.144096 -2.095263
v -10.827272 0.140983 -2.058241
v -10.830922 0.173583 -2.035352
v -10.934389 0.224134 -2.090129
v -10.921654 0.227516 -2.127896
v -10.917428 0.194842 -2.150579
v -10.925938 0.158786 -2.135495
v -10.938673 0.155404 -2.097728
v -10.942899 0.188078 -2.075045
v -11.064530 0.233045 -2.129533
v -11.053586 0.236549 -2.167847
v -11.048523 0.203818 -2.190275
v -11.054404 0.167582 -2.174389
v -11.065349 0.164077 -2.136075
v -11.070412 0.196809 -2.113647
v -11.211092 0.234386 -2.167892
v -11.201666 0.237905 -2.206606
v -11.195593 0.205163 -2.228768
v -11.198946 0.168904 -2.212215
v -11.208372 0.165385 -2.173501
v -11.214445 0.198126 -2.151340
v -11.375043 0.226534 -2.205432
v -11.366409 0.230018 -2.244334
v -11.359194 0.197327 -2.266225
v -11.360612 0.161151 -2.249215
v -11.369246 0.157667 -2.210313
v -11.376461 0.190359 -2.188422
v -11.498162 0.215685 -2.233404
v -11.489218 0.219195 -2.272233
v -11.480798 0.186605 -2.293843
v -11.481324 0.150505 -2.276624
v -11.490269 0.146995 -2.237796
v -11.498689 0.179585 -2.216186
v -11.620236 0.202118 -2.264134
v -11.610456 0.205720 -2.302752
v -11.600904 0.173254 -2.324077
v -11.601132 0.137187 -2.306783
v -11.610913 0.133585 -2.268165
v -11.620465 0.166050 -2.246840
v -11.740152 0.186543 -2.297400
v -11.729491 0.190258 -2.335773
v -11.718926 0.157923 -2.356817
v -11.719023 0.121872 -2.339486
v -11.729684 0.118156 -2.301113
v -11.740249 0.150492 -2.280069
v -11.856869 0.169654 -2.332992
v -11.845259 0.173506 -2.371076
v -11.833778 0.141302 -2.391840
v -11.833908 0.105247 -2.374519
v -11.845518 0.101395 -2.336436
v -11.856998 0.133599 -2.315672
v -11.969344 0.152149 -2.370703
v -11.956687 0.156163 -2.408435
v -11.944367 0.124089 -2.428916
v -11.944703 0.088001 -2.411665
v -11.957360 0.083987 -2.373933
v -11.969680 0.116061 -2.353452
v -12.076531 0.134719 -2.410324
v -12.062692 0.138924 -2.447617
v -12.049590 0.106976 -2.467808
v -12.050326 0.070824 -2.450706
v -12.064166 0.066619 -2.413413
v -12.077268 0.098567 -2.393222
v -12.177384 0.118058 -2.451650
v -12.162177 0.122487 -2.488381
v -12.148335 0.090661 -2.508267
v -12.149697 0.054406 -2.491423
v -12.164905 0.049977 -2.454692
v -12.178747 0.081803 -2.434806
v -12.270856 0.102859 -2.494480
v -12.254028 0.107549 -2.530464
v -12.239469 0.075839 -2.550020
v -12.241736 0.039438 -2.533593
v -12.258564 0.034749 -2.497609
v -12.273124 0.066459 -2.478052
v -12.355900 0.089817 -2.538617
v -12.337106 0.094804 -2.573572
v -12.321836 0.063200 -2.592758
v -12.325361 0.026610 -2.576987
v -12.344155 0.021623 -2.542031
v -12.359425 0.053226 -2.522846
v -12.431472 0.079625 -2.583871
v -12.410237 0.084934 -2.617351
v -12.394246 0.053426 -2.636100
v -12.399489 0.016609 -2.621369
v -12.420724 0.011300 -2.587889
v -12.436715 0.042808 -2.569140
v -12.496524 0.072987 -2.630070
v -12.472212 0.078595 -2.661335
v -12.455470 0.047160 -2.679543
v -12.463040 0.010117 -2.666487
v -12.487352 0.004508 -2.635223
v -12.504094 0.035944 -2.617014
v -12.550778 0.070565 -2.677782
v -12.522248 0.076388 -2.705207
v -12.503942 0.045033 -2.721991
v -12.514165 0.007854 -2.711350
v -12.542695 0.002031 -2.683924
v -12.561002 0.033387 -2.667140
v -12.650192 0.070539 -2.801554
v -12.617867 0.076412 -2.824369
v -12.597548 0.045083 -2.838710
v -12.609556 0.007881 -2.830235
v -12.641882 0.002008 -2.807420
v -12.662200 0.033337 -2.793079
v -12.756841 0.070539 -2.974350
v -12.722547 0.076412 -2.994083
v -12.700991 0.045083 -3.006487
v -12.713729 0.007881 -2.999157
v -12.748023 0.002008 -2.979424
v -12.769579 0.033337 -2.967021
v -12.869682 0.070539 -3.185132
v -12.834513 0.076412 -3.203259
v -12.812407 0.045083 -3.214653
v -12.825470 0.007881 -3.207919
v -12.860640 0.002008 -3.189792
v -12.882746 0.033337 -3.178398
v -12.987975 0.070539 -3.423690
v -12.952414 0.076412 -3.441035
v -12.930061 0.045083 -3.451937
v -12.943271 0.007881 -3.445494
v -12.978832 0.002008 -3.428149
v -13.001184 0.033337 -3.417247
v -13.110721 0.070539 -3.679577
v -13.075048 0.076412 -3.696696
v -13.052628 0.045083 -3.707456
v -13.065877 0.007881 -3.701097
v -13.101549 0.002008 -3.683979
v -13.123970 0.033337 -3.673218
v -13.236828 0.070539 -3.942236
v -13.201269 0.076412 -3.959588
v -13.178919 0.045083 -3.970494
v -13.192127 0.007881 -3.964049
v -13.227686 0.002008 -3.946697
v -13.250036 0.033337 -3.935791
v -13.365164 0.070539 -4.201046
v -13.329954 0.076412 -4.219096
v -13.307823 0.045083 -4.230442
v -13.320902 0.007881 -4.223737
v -13.356112 0.002008 -4.205687
v -13.378242 0.033337 -4.194341
v -13.494543 0.070539 -4.445325
v -13.460011 0.076412 -4.464640
v -13.438307 0.045083 -4.476781
v -13.451134 0.007881 -4.469606
v -13.485665 0.002008 -4.450291
v -13.507370 0.033337 -4.438150
v -13.623693 0.070539 -4.664309
v -13.590402 0.076412 -4.685691
v -13.569477 0.045083 -4.699131
v -13.581842 0.007881 -4.691189
v -13.615134 0.002008 -4.669806
v -13.636059 0.033337 -4.656366
v -13.751120 0.070539 -4.847091
v -13.720218 0.076412 -4.871801
v -13.700794 0.045083 -4.887333
v -13.712273 0.007881 -4.878154
v -13.743175 0.002008 -4.853444
v -13.762598 0.033337 -4.837913
v -13.874686 0.070539 -4.982592
v -13.848927 0.076412 -5.012626
v -13.832738 0.045083 -5.031504
v -13.842305 0.007881 -5.020348
v -13.868064 0.002008 -4.990314
v -13.884254 0.033337 -4.971437
v -13.993506 0.070539 -5.061603
v -13.975267 0.076412 -5.096715
v -13.963804 0.045083 -5.118785
v -13.970578 0.007881 -5.105743
v -13.988817 0.002008 -5.070631
v -14.000280 0.033337 -5.048561
v -14.418002 0.070539 -5.226614
v -14.404405 0.076412 -5.263770
v -14.395859 0.045083 -5.287126
v -14.400908 0.007881 -5.273324
v -14.414506 0.002008 -5.236167
v -14.423052 0.033337 -5.212812
v -14.850577 0.070539 -5.375043
v -14.838416 0.076412 -5.412694
v -14.830772 0.045083 -5.436360
v -14.835290 0.007881 -5.422375
v -14.847451 0.002008 -5.384723
v -14.855095 0.033337 -5.361058
v -15.288580 0.070539 -5.507790
v -15.277710 0.076412 -5.545834
v -15.270879 0.045083 -5.569746
v -15.274916 0.007881 -5.555615
v -15.285786 0.002008 -5.517571
v -15.292617 0.033337 -5.493659
v -15.731284 0.070539 -5.626652
v -15.721554 0.076412 -5.665004
v -15.715438 0.045083 -5.689109
v -15.719052 0.007881 -5.674864
v -15.728783 0.002008 -5.636513
v -15.734899 0.033337 -5.612407
v -16.177965 0.070539 -5.733431
v -16.169216 0.076412 -5.772018
v -16.163717 0.045083 -5.796272
v -16.166967 0.007881 -5.781939
v -16.175716 0.002008 -5.743352
v -16.181215 0.033337 -5.719098
v -16.627893 0.070539 -5.829926
v -16.619967 0.076412 -5.868690
v -16.614985 0.045083 -5.893056
v -16.617929 0.007881 -5.878657
v -16.625856 0.002008 -5.839892
v -16.630838 0.033337 -5.815527
v -17.080341 0.070539 -5.917939
v -17.073076 0.076412 -5.956833
v -17.068510 0.045083 -5.981280
v -17.071209 0.007881 -5.966833
v -17.078474 0.002008 -5.927939
v -17.083040 0.033337 -5.903492
v -17.534578 0.070539 -5.999274
v -17.527815 0.076412 -6.038259
v -17.523563 0.045083 -6.062762
v -17.526075 0.007881 -6.048282
v -17.532839 0.002008 -6.009297
v -17.537090 0.033337 -5.984794
v -17.989874 0.070539 -6.075736
v -17.983450 0.076412 -6.114778
v -17.979414 0.045083 -6.139317
v -17.981798 0.007881 -6.124815
v -17.988222 0.002008 -6.085773
v -17.992258 0.033337 -6.061234
v -18.445499 0.070539 -6.149130
v -18.439257 0.076412 -6.188201
v -18.435333 0.045083 -6.212759
v -18.437653 0.007881 -6.198246
v -18.443895 0.002008 -6.159175
v -18.447819 0.033337 -6.134617
v -18.900728 0.070539 -6.221263
v -18.894505 0.076412 -6.260337
v -18.890593 0.045083 -6.284897
v -18.892904 0.007881 -6.270383
v -18.899128 0.002008 -6.231309
v -18.903040 0.033337 -6.206749
v -19.353497 0.070531 -6.293757
v -19.348528 0.076412 -6.333009
v -19.345854 0.045091 -6.357745
v -19.348148 0.007889 -6.343228
v -19.353117 0.002007 -6.303976
v -19.355791 0.033328 -6.279240
v -19.566046 0.076032 -6.312831
v -19.564917 0.082032 -6.352362
v -19.565903 0.050824 -6.377364
v -19.568018 0.013617 -6.362835
v -19.569147 0.007617 -6.323304
v -19.568161 0.038825 -6.298302
v -19.779631 0.091242 -6.302774
v -19.783432 0.097583 -6.342085
v -19.788960 0.066688 -6.366884
v -19.790686 0.029454 -6.352372
v -19.786884 0.023113 -6.313061
v -19.781357 0.054008 -6.288262
v -19.991690 0.114262 -6.265349
v -20.000090 0.121093 -6.303856
v -20.009651 0.090628 -6.327950
v -20.010813 0.053333 -6.313536
v -20.002413 0.046503 -6.275029
v -19.992851 0.076967 -6.250936
v -20.198204 0.143160 -6.202174
v -20.210932 0.150589 -6.239360
v -20.224089 0.120621 -6.262356
v -20.224518 0.083225 -6.248167
v -20.211790 0.075797 -6.210980
v -20.198633 0.105764 -6.187984
v -20.395142 0.175984 -6.114926
v -20.412008 0.184095 -6.150277
v -20.428408 0.154662 -6.171836
v -20.427940 0.117118 -6.158044
v -20.411074 0.109007 -6.122693
v -20.394674 0.138439 -6.101134
v -20.578484 0.210767 -6.005331
v -20.599365 0.219634 -6.038275
v -20.618723 0.190758 -6.058061
v -20.617199 0.153015 -6.044902
v -20.596317 0.144148 -6.011958
v -20.576960 0.173024 -5.992172
v -20.744236 0.245541 -5.875154
v -20.769039 0.255224 -5.905004
v -20.791119 0.226914 -5.922642
v -20.788391 0.188921 -5.910432
v -20.763588 0.179238 -5.880583
v -20.741508 0.207548 -5.862944
v -20.888447 0.278338 -5.726189
v -20.917044 0.288877 -5.752096
v -20.941607 0.261129 -5.767151
v -20.937572 0.222841 -5.756300
v -20.908976 0.212301 -5.730394
v -20.884413 0.240050 -5.715339
v -21.007225 0.307205 -5.560231
v -21.039345 0.318593 -5.581176
v -21.066097 0.291372 -5.593146
v -21.060734 0.252763 -5.584170
v -21.028614 0.241375 -5.563225
v -21.001862 0.268596 -5.551256
v -21.096756 0.330206 -5.379034
v -21.131849 0.342350 -5.393896
v -21.160372 0.315579 -5.402252
v -21.153797 0.276663 -5.395746
v -21.118704 0.264518 -5.380884
v -21.090181 0.291290 -5.372528
v -21.153263 0.345420 -5.184250
v -21.190401 0.358106 -5.191991
v -21.220087 0.331643 -5.196282
v -21.212639 0.292495 -5.192832
v -21.175501 0.279809 -5.185091
v -21.145815 0.306272 -5.180799
v -21.172960 0.350924 -4.977385
v -21.210829 0.363809 -4.977385
v -21.240921 0.337456 -4.977385
v -21.233145 0.298219 -4.977385
v -21.195276 0.285335 -4.977385
v -21.165184 0.311687 -4.977385
v -1.214831 0.728906 3.348371
v -1.252873 0.728906 3.360731
v -1.271894 0.694265 3.366911
v -1.252873 0.659624 3.360731
v -1.214831 0.659624 3.348371
v -1.195810 0.694265 3.342190
v -1.200427 0.717930 3.516002
v -1.240423 0.718483 3.516105
v -1.260906 0.684257 3.513112
v -1.241394 0.649476 3.510015
v -1.201398 0.648923 3.509912
v -1.180914 0.683150 3.512905
v -1.221632 0.688411 3.784687
v -1.261403 0.689402 3.780534
v -1.281720 0.655499 3.774386
v -1.262266 0.620605 3.772392
v -1.222494 0.619615 3.776545
v -1.202177 0.653518 3.782693
v -1.269966 0.644183 4.141026
v -1.309540 0.645362 4.135322
v -1.329714 0.611595 4.128059
v -1.310315 0.576648 4.126502
v -1.270742 0.575469 4.132207
v -1.250567 0.609236 4.139469
v -1.338551 0.588873 4.568993
v -1.378023 0.590135 4.562638
v -1.398131 0.556422 4.554949
v -1.378767 0.521447 4.553615
v -1.339295 0.520185 4.559969
v -1.319187 0.553898 4.567658
v -1.420582 0.526180 5.051540
v -1.460021 0.527467 5.044991
v -1.480117 0.493764 5.037229
v -1.460773 0.458773 5.036016
v -1.421334 0.457486 5.042566
v -1.401238 0.491189 5.050328
v -1.509244 0.459827 5.571397
v -1.548702 0.461100 5.564959
v -1.568827 0.427375 5.557371
v -1.549494 0.392376 5.556221
v -1.510036 0.391103 5.562660
v -1.489911 0.424828 5.570248
v -1.597716 0.393543 6.111207
v -1.637236 0.394771 6.105146
v -1.657425 0.360996 6.097958
v -1.638096 0.325995 6.096828
v -1.598577 0.324768 6.102888
v -1.578387 0.358542 6.110077
v -1.679176 0.331064 6.653559
v -1.718795 0.332215 6.648171
v -1.739082 0.298366 6.641635
v -1.719749 0.263367 6.640488
v -1.680130 0.262216 6.645875
v -1.659844 0.296065 6.652411
v -1.746801 0.276126 7.180988
v -1.786552 0.277168 7.176656
v -1.806963 0.243217 7.171115
v -1.787623 0.208224 7.169907
v -1.747872 0.207182 7.174239
v -1.727461 0.241133 7.179780
v -1.793779 0.232466 7.675937
v -1.833677 0.233366 7.673238
v -1.854225 0.199285 7.669213
v -1.834875 0.164302 7.667887
v -1.794976 0.163401 7.670585
v -1.774428 0.197483 7.674611
v -1.813345 0.203805 8.120647
v -1.853338 0.204546 8.120573
v -1.873973 0.170317 8.118961
v -1.854615 0.135347 8.117424
v -1.814622 0.134606 8.117498
v -1.793987 0.168835 8.119110
v -1.798754 0.193779 8.499070
v -1.838704 0.194458 8.500948
v -1.859296 0.160168 8.501316
v -1.839937 0.125197 8.499808
v -1.799987 0.124517 8.497931
v -1.779396 0.158808 8.497562
v -1.784902 0.191741 8.751650
v -1.824892 0.192443 8.752176
v -1.845504 0.158164 8.751876
v -1.826125 0.123181 8.751049
v -1.786134 0.122478 8.750523
v -1.765523 0.156758 8.750823
v -1.792285 0.185408 9.005241
v -1.832190 0.186187 9.002600
v -1.852743 0.151960 9.000139
v -1.833391 0.116953 9.000319
v -1.793486 0.116174 9.002960
v -1.772933 0.150401 9.005421
v -1.818721 0.175649 9.257850
v -1.858341 0.176534 9.252419
v -1.878705 0.142377 9.248110
v -1.859449 0.107334 9.249234
v -1.819830 0.106450 9.254665
v -1.799466 0.140607 9.258974
v -1.861914 0.163324 9.509280
v -1.901128 0.164325 9.501450
v -1.921234 0.130240 9.495616
v -1.902126 0.095156 9.497613
v -1.862913 0.094156 9.505444
v -1.842807 0.128240 9.511277
v -1.919579 0.149287 9.759348
v -1.958332 0.150399 9.749504
v -1.978162 0.116382 9.742459
v -1.959238 0.081253 9.745260
v -1.920484 0.080142 9.755104
v -1.900655 0.114159 9.762149
v -1.989440 0.134391 10.007883
v -2.027733 0.135600 9.996388
v -2.047309 0.101637 9.988432
v -2.028590 0.066465 9.991970
v -1.990296 0.065255 10.003465
v -1.970721 0.099219 10.011421
v -2.069232 0.119484 10.254713
v -2.107105 0.120771 10.241908
v -2.126478 0.086845 10.233320
v -2.107977 0.051632 10.237537
v -2.070104 0.050345 10.250342
v -2.050732 0.084271 10.258930
v -2.156701 0.105411 10.499664
v -2.194221 0.106754 10.485865
v -2.213464 0.072849 10.476911
v -2.195187 0.037601 10.481756
v -2.157666 0.036257 10.495556
v -2.138423 0.070162 10.504510
v -2.249596 0.093015 10.742558
v -2.286852 0.094394 10.728061
v -2.306052 0.060495 10.718996
v -2.287997 0.025217 10.724428
v -2.250742 0.023838 10.738925
v -2.231542 0.057738 10.747990
v -2.345674 0.083140 10.983209
v -2.382765 0.084535 10.968300
v -2.402021 0.050630 10.959375
v -2.384186 0.015330 10.965360
v -2.347095 0.013935 10.980268
v -2.327838 0.047840 10.989193
v -2.442691 0.076622 11.221425
v -2.479729 0.078020 11.206385
v -2.499145 0.044105 11.197855
v -2.481524 0.008791 11.204366
v -2.444485 0.007393 11.219406
v -2.425069 0.041308 11.227936
v -2.538248 0.074305 11.456551
v -2.575804 0.075687 11.442852
v -2.595650 0.041759 11.435437
v -2.577941 0.006448 11.441723
v -2.540385 0.005065 11.455421
v -2.520539 0.038994 11.462836
v -2.569048 0.074277 11.551343
v -2.607711 0.075650 11.541181
v -2.628185 0.041715 11.535772
v -2.609997 0.006408 11.540526
v -2.571334 0.005036 11.550689
v -2.550859 0.038970 11.556097
v -2.590839 0.074149 11.658806
v -2.630326 0.075517 11.652573
v -2.651232 0.041580 11.649221
v -2.632651 0.006276 11.652103
v -2.593163 0.004908 11.658337
v -2.572257 0.038844 11.661688
v -2.604396 0.073938 11.778309
v -2.644247 0.075301 11.775145
v -2.665344 0.041361 11.773401
v -2.646589 0.006059 11.774822
v -2.606738 0.004696 11.777987
v -2.585641 0.038636 11.779730
v -2.610335 0.073658 11.908619
v -2.650305 0.075015 11.907855
v -2.671464 0.041073 11.907372
v -2.652653 0.005773 11.907652
v -2.612683 0.004416 11.908416
v -2.591524 0.038357 11.908899
v -2.609325 0.073321 12.048525
v -2.649287 0.074674 12.049649
v -2.670441 0.040730 12.050159
v -2.651634 0.005432 12.049543
v -2.611673 0.004079 12.048419
v -2.590518 0.038023 12.047909
v -2.602062 0.072942 12.196832
v -2.641953 0.074291 12.199453
v -2.663070 0.040344 12.200751
v -2.644297 0.005049 12.199428
v -2.604406 0.003699 12.196806
v -2.583288 0.037646 12.195508
v -2.589255 0.072534 12.352364
v -2.629050 0.073880 12.356175
v -2.650117 0.039932 12.358103
v -2.631389 0.004637 12.356218
v -2.591594 0.003291 12.352407
v -2.570527 0.037239 12.350479
v -2.571624 0.072111 12.513958
v -2.611318 0.073455 12.518716
v -2.632330 0.039505 12.521146
v -2.613650 0.004212 12.518816
v -2.573956 0.002868 12.514058
v -2.552944 0.036818 12.511628
v -2.549894 0.071687 12.680458
v -2.589490 0.073029 12.685964
v -2.610451 0.039078 12.688792
v -2.591816 0.003786 12.686115
v -2.552219 0.002444 12.680610
v -2.531258 0.036394 12.677781
v -2.524790 0.071275 12.850718
v -2.564301 0.072616 12.856804
v -2.585216 0.038665 12.859946
v -2.566620 0.003373 12.857000
v -2.527109 0.002032 12.850914
v -2.506193 0.035983 12.847772
v -2.497039 0.070890 13.023593
v -2.536481 0.072229 13.030116
v -2.557358 0.038278 13.033497
v -2.538794 0.002986 13.030353
v -2.499352 0.001647 13.023829
v -2.478475 0.035599 13.020449
v -2.467368 0.070545 13.197964
v -2.506741 0.071883 13.204894
v -2.527592 0.037931 13.208427
v -2.509070 0.002640 13.205032
v -2.469698 0.001302 13.198102
v -2.448847 0.035254 13.194569
v -2.451998 0.070048 13.282609
v -2.491278 0.071384 13.290041
v -2.512106 0.037431 13.293702
v -2.493653 0.002142 13.289931
v -2.454372 0.000807 13.282499
v -2.433544 0.034760 13.278838
v -2.436352 0.069230 13.362320
v -2.475531 0.070560 13.370275
v -2.496312 0.036605 13.374174
v -2.477914 0.001319 13.370119
v -2.438736 -0.000011 13.362164
v -2.417955 0.033944 13.358265
v -2.420573 0.068612 13.437752
v -2.459661 0.069940 13.446137
v -2.480355 0.035982 13.450459
v -2.461959 0.000696 13.446396
v -2.422870 -0.000632 13.438010
v -2.402177 0.033326 13.433689
v -2.404789 0.068714 13.509619
v -2.443809 0.070043 13.518317
v -2.464366 0.036087 13.523260
v -2.445903 0.000803 13.519505
v -2.406883 -0.000526 13.510806
v -2.386326 0.033429 13.505863
v -2.389125 0.070049 13.578643
v -2.428106 0.071382 13.587514
v -2.448477 0.037444 13.593282
v -2.429867 0.002173 13.590178
v -2.390885 0.000840 13.581307
v -2.370515 0.034778 13.575540
v -2.373703 0.073126 13.645559
v -2.412680 0.074460 13.654445
v -2.432817 0.040571 13.661235
v -2.413975 0.005349 13.659140
v -2.374997 0.004015 13.650254
v -2.354861 0.037904 13.643464
v -2.358635 0.078450 13.711119
v -2.397648 0.079771 13.719851
v -2.417510 0.045982 13.727838
v -2.398359 0.010872 13.727093
v -2.359346 0.009552 13.718361
v -2.339484 0.043340 13.710374
v -2.344029 0.086528 13.776085
v -2.383114 0.087808 13.784497
v -2.402678 0.054187 13.793819
v -2.383157 0.019286 13.794729
v -2.344072 0.018005 13.786317
v -2.324509 0.051626 13.776995
v -2.329991 0.097870 13.841241
v -2.369176 0.099068 13.849182
v -2.388436 0.065696 13.859923
v -2.368509 0.031126 13.862723
v -2.329324 0.029928 13.854782
v -2.310065 0.063300 13.844041
v -2.316622 0.113001 13.907373
v -2.355927 0.114063 13.914720
v -2.374896 0.081021 13.926904
v -2.354559 0.046919 13.931744
v -2.315254 0.045857 13.924397
v -2.296285 0.078898 13.912213
v -2.304029 0.132454 13.975272
v -2.343461 0.133320 13.981934
v -2.362169 0.100682 13.995526
v -2.341446 0.067178 14.002458
v -2.302014 0.066313 13.995796
v -2.283306 0.098950 13.982203
v -2.292073 0.157291 14.047233
v -2.331629 0.157916 14.053139
v -2.350370 0.125216 14.066536
v -2.329553 0.091891 14.074027
v -2.289997 0.091266 14.068121
v -2.271256 0.123966 14.054724
v -2.279883 0.182634 14.132584
v -2.319549 0.183049 14.137732
v -2.338718 0.149517 14.148129
v -2.318223 0.115570 14.153379
v -2.278558 0.115155 14.148232
v -2.259388 0.148687 14.137834
v -2.268530 0.198771 14.225630
v -2.308275 0.199069 14.230124
v -2.327930 0.164834 14.236581
v -2.307839 0.130302 14.238544
v -2.268093 0.130004 14.234051
v -2.248439 0.164238 14.227593
v -2.258280 0.205912 14.322215
v -2.298083 0.206169 14.326173
v -2.318100 0.171673 14.329227
v -2.298316 0.136921 14.328324
v -2.258513 0.136664 14.324367
v -2.238495 0.171159 14.321312
v -2.249177 0.204726 14.419880
v -2.289023 0.204988 14.423384
v -2.309330 0.170526 14.423355
v -2.289791 0.135802 14.419823
v -2.249945 0.135540 14.416319
v -2.229639 0.170002 14.416348
v -2.241284 0.195789 14.516150
v -2.281163 0.196088 14.519252
v -2.301713 0.161902 14.516256
v -2.282385 0.127416 14.510159
v -2.242507 0.127117 14.507056
v -2.221956 0.161304 14.510052
v -2.234672 0.179599 14.608553
v -2.274577 0.179965 14.611280
v -2.295347 0.146319 14.605228
v -2.276211 0.112308 14.596449
v -2.236306 0.111943 14.593721
v -2.215536 0.145588 14.599773
v -2.229419 0.156564 14.694654
v -2.269347 0.157031 14.697008
v -2.290323 0.124306 14.687568
v -2.271370 0.091115 14.675773
v -2.231442 0.090648 14.673418
v -2.210467 0.123373 14.682858
v -2.225615 0.126928 14.772095
v -2.265562 0.127551 14.774050
v -2.286734 0.096406 14.760570
v -2.267958 0.064637 14.745134
v -2.228011 0.064014 14.743179
v -2.206839 0.095160 14.756660
v -2.223369 0.090579 14.838609
v -2.263331 0.091460 14.840106
v -2.284669 0.063186 14.821524
v -2.266045 0.034032 14.801444
v -2.226083 0.033151 14.799947
v -2.204745 0.061424 14.818529
v -2.222866 0.046666 14.891789
v -2.262832 0.048005 14.892754
v -2.284214 0.025270 14.867736
v -2.265631 0.001194 14.841754
v -2.225665 -0.000145 14.840790
v -2.204283 0.022591 14.865808
v -2.224452 -0.006434 14.927851
v -2.264392 -0.004288 14.928296
v -2.285441 -0.016675 14.896618
v -2.266550 -0.031209 14.864494
v -2.226610 -0.033354 14.864049
v -2.205561 -0.020967 14.895727
v -2.228513 -0.068167 14.940057
v -2.268378 -0.064887 14.940289
v -2.288422 -0.062146 14.905784
v -2.268602 -0.062685 14.871043
v -2.228737 -0.065965 14.870811
v -2.208693 -0.068706 14.905316
v -1.950705 -0.065156 14.917198
v -1.959008 -0.065156 14.878069
v -1.996900 -0.068373 14.865664
v -2.026488 -0.071589 14.892387
v -2.018186 -0.071589 14.931517
v -1.980294 -0.068373 14.943922
v -1.954404 -0.021146 14.908211
v -1.961397 -0.036628 14.871998
v -1.998912 -0.044305 14.860433
v -2.029433 -0.036499 14.885080
v -2.022440 -0.021017 14.921293
v -1.984926 -0.013340 14.932858
v -1.957238 0.019407 14.881814
v -1.963486 -0.006546 14.852025
v -2.000786 -0.017244 14.842314
v -2.031837 -0.001989 14.862391
v -2.025589 0.023964 14.892180
v -1.988289 0.034662 14.901892
v -1.959266 0.055898 14.841270
v -1.965183 0.024130 14.817695
v -2.002386 0.011750 14.809781
v -2.033673 0.031137 14.825443
v -2.027756 0.062905 14.849019
v -1.990552 0.075285 14.856933
v -1.960566 0.088218 14.789035
v -1.966349 0.053222 14.770547
v -2.003513 0.039904 14.764111
v -2.034895 0.061582 14.776164
v -2.029112 0.096578 14.794652
v -1.991947 0.109896 14.801088
v -1.961185 0.116030 14.727234
v -1.966923 0.079116 14.712936
v -2.004075 0.065238 14.707725
v -2.035488 0.088274 14.716810
v -2.029750 0.125188 14.731108
v -1.992599 0.139066 14.736320
v -1.961153 0.138806 14.657954
v -1.966891 0.100676 14.647315
v -2.004043 0.086441 14.643177
v -2.035456 0.110336 14.649678
v -2.029717 0.148465 14.660317
v -1.992566 0.162700 14.664455
v -1.960489 0.155920 14.583299
v -1.966257 0.117001 14.576086
v -2.003418 0.102533 14.572961
v -2.034810 0.126983 14.577048
v -2.029042 0.165903 14.584261
v -1.991881 0.180371 14.587386
v -1.959211 0.166701 14.505386
v -1.965036 0.127308 14.501617
v -2.002213 0.112698 14.499516
v -2.033566 0.137482 14.501184
v -2.027741 0.176876 14.504953
v -1.990563 0.191485 14.507054
v -1.957333 0.170446 14.426344
v -1.963246 0.130886 14.426261
v -2.000450 0.116226 14.425261
v -2.031740 0.141127 14.424345
v -2.025828 0.180688 14.424428
v -1.988624 0.195347 14.425428
v -1.954868 0.166423 14.348292
v -1.960914 0.127093 14.352365
v -1.998157 0.112503 14.352614
v -2.029355 0.137243 14.348790
v -2.023309 0.176573 14.344717
v -1.986066 0.191163 14.344468
v -1.951825 0.153862 14.273354
v -1.958070 0.115377 14.282290
v -1.995373 0.101041 14.284005
v -2.026432 0.125191 14.276783
v -2.020187 0.163677 14.267846
v -1.982883 0.178012 14.266131
v -1.948249 0.132215 14.204429
v -1.954685 0.094803 14.217034
v -1.992040 0.080752 14.219722
v -2.022957 0.104113 14.209804
v -2.016520 0.141525 14.197198
v -1.979166 0.155576 14.194510
v -1.944454 0.110157 14.146464
v -1.950900 0.072798 14.159220
v -1.988231 0.058619 14.161544
v -2.019115 0.081800 14.151113
v -2.012668 0.119160 14.138357
v -1.975338 0.133338 14.136033
v -1.940133 0.092160 14.091566
v -1.946432 0.054185 14.102438
v -1.983674 0.039641 14.103642
v -2.014618 0.063071 14.093975
v -2.008320 0.101047 14.083103
v -1.971077 0.115591 14.081899
v -1.935265 0.077564 14.038170
v -1.941384 0.039048 14.047061
v -1.978523 0.024193 14.047127
v -2.009543 0.047854 14.038301
v -2.003425 0.086370 14.029410
v -1.966286 0.101226 14.029345
v -1.929870 0.065987 13.985385
v -1.935788 0.027036 13.992299
v -1.972816 0.011940 13.991270
v -2.003926 0.035795 13.983329
v -1.998009 0.074746 13.976415
v -1.960981 0.089842 13.977444
v -1.923966 0.057058 13.932320
v -1.929677 0.017792 13.937371
v -1.966596 0.002529 13.935357
v -1.997803 0.026532 13.928293
v -1.992092 0.065799 13.923242
v -1.955174 0.081062 13.925256
v -1.917570 0.050420 13.878094
v -1.923087 0.010948 13.881496
v -1.959910 -0.004417 13.878658
v -1.991214 0.019689 13.872419
v -1.985696 0.059160 13.869017
v -1.948874 0.074526 13.871855
v -1.910701 0.045721 13.821849
v -1.916053 0.006133 13.823885
v -1.952799 -0.009286 13.820417
v -1.984192 0.014883 13.814912
v -1.978840 0.054471 13.812876
v -1.942095 0.069890 13.816343
v -1.903385 0.042613 13.762747
v -1.908607 0.002967 13.763735
v -1.945300 -0.012475 13.759839
v -1.976770 0.011728 13.754955
v -1.971548 0.051373 13.753967
v -1.934855 0.066815 13.757863
v -1.895648 0.040743 13.699972
v -1.900781 0.001074 13.700228
v -1.937444 -0.014376 13.696097
v -1.968976 0.009843 13.691710
v -1.963843 0.049511 13.691454
v -1.927179 0.064961 13.695584
v -1.887521 0.039754 13.632717
v -1.892600 0.000078 13.632533
v -1.929256 -0.015373 13.628338
v -1.960833 0.008852 13.624327
v -1.955753 0.048528 13.624511
v -1.919097 0.063979 13.628706
v -1.879035 0.039284 13.560186
v -1.884093 -0.000393 13.559815
v -1.920758 -0.015844 13.555696
v -1.952366 0.008383 13.551949
v -1.947308 0.048060 13.552320
v -1.910643 0.063510 13.556438
v -1.870237 0.038968 13.481693
v -1.875291 -0.000710 13.481288
v -1.911964 -0.016160 13.477244
v -1.943584 0.008068 13.473606
v -1.938530 0.047745 13.474011
v -1.901856 0.063195 13.478055
v -1.851727 0.038293 13.316194
v -1.856779 -0.001384 13.315766
v -1.893444 -0.016835 13.311645
v -1.925057 0.007393 13.307950
v -1.920005 0.047070 13.308377
v -1.883341 0.062520 13.312499
v -1.832028 0.037714 13.146569
v -1.837074 -0.001964 13.146097
v -1.873721 -0.017414 13.141823
v -1.905321 0.006813 13.138021
v -1.900275 0.046490 13.138493
v -1.863628 0.061941 13.142767
v -1.811255 0.037228 12.973107
v -1.816296 -0.002450 12.972596
v -1.852928 -0.017901 12.968193
v -1.884518 0.006325 12.964301
v -1.879477 0.046003 12.964812
v -1.842845 0.061454 12.969215
v -1.789538 0.036831 12.796194
v -1.794576 -0.002847 12.795649
v -1.831194 -0.018298 12.791140
v -1.862775 0.005928 12.787176
v -1.857738 0.045606 12.787722
v -1.821120 0.061058 12.792231
v -1.767007 0.036522 12.616216
v -1.772040 -0.003156 12.615640
v -1.808648 -0.018607 12.611044
v -1.840223 0.005619 12.607026
v -1.835189 0.045297 12.607602
v -1.798581 0.060749 12.612198
v -1.743790 0.036299 12.433560
v -1.748820 -0.003379 12.432958
v -1.785419 -0.018831 12.428294
v -1.816989 0.005395 12.424235
v -1.811959 0.045073 12.424838
v -1.775359 0.060525 12.429502
v -1.720017 0.036157 12.248613
v -1.725044 -0.003520 12.247987
v -1.761637 -0.018972 12.243274
v -1.793202 0.005254 12.239187
v -1.788175 0.044932 12.239814
v -1.751583 0.060384 12.244527
v -1.695816 0.036096 12.061759
v -1.700840 -0.003582 12.061112
v -1.737429 -0.019033 12.056365
v -1.768993 0.005193 12.052266
v -1.763968 0.044871 12.052913
v -1.727380 0.060323 12.057660
v -1.671317 0.036113 11.873384
v -1.676339 -0.003565 11.872720
v -1.712925 -0.019017 11.867955
v -1.744489 0.005209 11.863855
v -1.739467 0.044887 11.864520
v -1.702881 0.060339 11.869285
v -1.646648 0.036204 11.683875
v -1.651669 -0.003474 11.683195
v -1.688254 -0.018925 11.678429
v -1.719820 0.005301 11.674340
v -1.714800 0.044979 11.675020
v -1.678214 0.060431 11.679787
v -1.621940 0.036368 11.493615
v -1.626958 -0.003309 11.492924
v -1.663546 -0.018761 11.488169
v -1.695114 0.005465 11.484105
v -1.690096 0.045143 11.484797
v -1.653508 0.060595 11.489552
v -1.597318 0.036603 11.302976
v -1.602335 -0.003075 11.302274
v -1.638928 -0.018527 11.297559
v -1.670503 0.005699 11.293548
v -1.665486 0.045377 11.294250
v -1.628893 0.060829 11.298965
v -1.548862 0.037271 10.922171
v -1.553878 -0.002407 10.921459
v -1.590483 -0.017859 10.916842
v -1.622071 0.006367 10.912935
v -1.617055 0.046045 10.913647
v -1.580450 0.061497 10.918264
v -1.502308 0.038189 10.544512
v -1.507324 -0.001489 10.543798
v -1.543950 -0.016941 10.539348
v -1.575559 0.007285 10.535610
v -1.570543 0.046962 10.536324
v -1.533918 0.062415 10.540774
v -1.458691 0.039337 10.173075
v -1.463708 -0.000340 10.172370
v -1.500362 -0.015794 10.168159
v -1.531998 0.008431 10.164652
v -1.526981 0.048109 10.165357
v -1.490328 0.063562 10.169568
v -1.419043 0.040695 9.810927
v -1.424062 0.001017 9.810243
v -1.460751 -0.014437 9.806354
v -1.492420 0.009787 9.803151
v -1.487401 0.049464 9.803836
v -1.450712 0.064919 9.807725
v -1.384396 0.042243 9.461132
v -1.389418 0.002565 9.460479
v -1.426149 -0.012891 9.457015
v -1.457857 0.011331 9.454205
v -1.452834 0.051009 9.454858
v -1.416104 0.066465 9.458322
v -1.355785 0.043961 9.126740
v -1.360811 0.004282 9.126135
v -1.397588 -0.011177 9.123222
v -1.429339 0.013042 9.120915
v -1.424312 0.052721 9.121521
v -1.387536 0.068180 9.124434
v -1.334245 0.045828 8.810790
v -1.339275 0.006150 8.810252
v -1.376100 -0.009314 8.808060
v -1.407895 0.014902 8.806405
v -1.402864 0.054580 8.806943
v -1.366039 0.070044 8.809135
v -1.320816 0.047827 8.516300
v -1.325851 0.008147 8.515856
v -1.362717 -0.007322 8.514611
v -1.394549 0.016887 8.513811
v -1.389514 0.056567 8.514256
v -1.352648 0.072036 8.515500
v -1.316549 0.049937 8.246250
v -1.321586 0.010257 8.245936
v -1.358469 -0.005223 8.245968
v -1.390316 0.018978 8.246311
v -1.385279 0.058658 8.246625
v -1.348396 0.074138 8.246593
v -1.322519 0.052142 8.003552
v -1.327550 0.012460 8.003426
v -1.364383 -0.003036 8.005224
v -1.396184 0.021150 8.007150
v -1.391153 0.060832 8.007277
v -1.354320 0.076328 8.005478
v -1.339865 0.054426 7.790994
v -1.344872 0.014741 7.791142
v -1.381479 -0.000783 7.795494
v -1.413079 0.023378 7.799698
v -1.408072 0.063064 7.799550
v -1.371465 0.078587 7.795198
v -1.369276 0.056742 7.614580
v -1.374426 0.017085 7.613671
v -1.410977 0.001550 7.618434
v -1.442378 0.025672 7.624106
v -1.437227 0.065328 7.625014
v -1.400676 0.080863 7.620251
v -1.395493 0.071089 7.412909
v -1.400938 0.031616 7.409409
v -1.437872 0.016320 7.410802
v -1.469360 0.040497 7.415695
v -1.463915 0.079969 7.419195
v -1.426982 0.095265 7.417801
v -1.403353 0.106840 7.133580
v -1.408880 0.067613 7.128037
v -1.445952 0.052733 7.125981
v -1.477497 0.077079 7.129467
v -1.471970 0.116306 7.135009
v -1.434898 0.131186 7.137065
v -1.394515 0.160002 6.790848
v -1.400020 0.120935 6.784256
v -1.437051 0.106348 6.780271
v -1.468578 0.130828 6.782876
v -1.463073 0.169895 6.789467
v -1.426042 0.184483 6.793453
v -1.370563 0.226236 6.401459
v -1.376032 0.187272 6.394255
v -1.412986 0.172904 6.388970
v -1.444472 0.197499 6.390889
v -1.439003 0.236463 6.398093
v -1.402049 0.250832 6.403378
v -1.333197 0.301214 5.981601
v -1.338632 0.262317 5.974023
v -1.375498 0.248126 5.967737
v -1.406929 0.272833 5.969029
v -1.401493 0.311731 5.976607
v -1.364627 0.325922 5.982893
v -1.284140 0.380624 5.547295
v -1.289550 0.341766 5.539498
v -1.326318 0.327734 5.532343
v -1.357676 0.352559 5.532985
v -1.352265 0.391417 5.540782
v -1.315497 0.405449 5.547937
v -1.225125 0.460156 5.114504
v -1.230522 0.421317 5.106608
v -1.267175 0.407439 5.098609
v -1.298431 0.432400 5.098506
v -1.293033 0.471240 5.106403
v -1.256381 0.485118 5.114402
v -1.157896 0.535503 4.699185
v -1.163296 0.496661 4.691304
v -1.199798 0.482949 4.682384
v -1.230901 0.508080 4.681346
v -1.225501 0.546922 4.689228
v -1.188999 0.560634 4.698147
v -1.084215 0.602354 4.317333
v -1.089645 0.563485 4.309607
v -1.125925 0.549970 4.299551
v -1.156775 0.575324 4.297222
v -1.151345 0.614193 4.304948
v -1.115065 0.627708 4.315004
v -1.005904 0.656384 3.985070
v -1.011425 0.617455 3.977717
v -1.047313 0.604199 3.966043
v -1.077681 0.629872 3.961720
v -1.072161 0.668801 3.969072
v -1.036272 0.682057 3.980747
v -0.925018 0.693258 3.718926
v -0.930803 0.654220 3.712403
v -0.965803 0.641329 3.697952
v -0.995017 0.667476 3.690023
v -0.989231 0.706514 3.696546
v -0.954232 0.719405 3.710998
v -0.844245 0.708801 3.535784
v -0.850810 0.669646 3.530905
v -0.883459 0.657107 3.511492
v -0.909542 0.683723 3.496958
v -0.902977 0.722878 3.501837
v -0.870329 0.735417 3.521250
v -3.057326 -0.074091 14.877808
v -3.095421 -0.074091 14.865611
v -3.125018 -0.075824 14.892463
v -3.116520 -0.077556 14.931511
v -3.078425 -0.077556 14.943707
v -3.048828 -0.075824 14.916856
v -3.057577 -0.002573 14.869783
v -3.095669 -0.005815 14.858014
v -3.125277 0.002759 14.883507
v -3.116793 0.014573 14.920769
v -3.078701 0.017814 14.932538
v -3.049093 0.009241 14.907045
v -3.055838 0.050180 14.840546
v -3.094032 0.043983 14.830405
v -3.123295 0.062520 14.850407
v -3.114365 0.087252 14.880548
v -3.076171 0.093449 14.890689
v -3.046907 0.074912 14.870687
v -3.051934 0.089705 14.791346
v -3.090293 0.081755 14.783262
v -3.118948 0.106737 14.795704
v -3.109244 0.139669 14.816229
v -3.070884 0.147619 14.824312
v -3.042229 0.122637 14.811871
v -3.045516 0.118387 14.722349
v -3.084019 0.109749 14.715799
v -3.112067 0.137636 14.721763
v -3.101613 0.174162 14.734276
v -3.063110 0.182801 14.740826
v -3.035062 0.154913 14.734862
v -3.036383 0.136887 14.636047
v -3.074974 0.128055 14.630327
v -3.102536 0.157010 14.631718
v -3.091508 0.194796 14.638828
v -3.052917 0.203628 14.644548
v -3.025354 0.174673 14.643158
v -3.024457 0.146462 14.536184
v -3.063082 0.137600 14.530746
v -3.090273 0.166887 14.529039
v -3.078840 0.205036 14.532772
v -3.040215 0.213898 14.538211
v -3.013024 0.184611 14.539917
v -3.009685 0.149008 14.426565
v -3.048292 0.140150 14.420999
v -3.075198 0.169502 14.417183
v -3.063496 0.207712 14.418934
v -3.024888 0.216570 14.424500
v -2.997983 0.187218 14.428316
v -2.992005 0.146705 14.310826
v -3.030540 0.137840 14.304790
v -3.057224 0.167171 14.299531
v -3.045372 0.205367 14.300309
v -3.006837 0.214232 14.306346
v -2.980153 0.184901 14.311604
v -2.971345 0.141843 14.192471
v -3.009738 0.132948 14.185622
v -3.036252 0.162245 14.179399
v -3.024374 0.200435 14.180025
v -2.985981 0.209330 14.186873
v -2.959467 0.180033 14.193096
v -2.947624 0.136757 14.074908
v -2.985771 0.127817 14.066852
v -3.012167 0.157091 14.060048
v -3.000416 0.195305 14.061301
v -2.962270 0.204246 14.069358
v -2.935874 0.174972 14.076161
v -2.920747 0.133806 13.961487
v -2.958480 0.124830 13.951706
v -2.984821 0.154099 13.944674
v -2.973429 0.192344 13.947422
v -2.935696 0.201320 13.957203
v -2.909355 0.172050 13.964235
v -2.890748 0.135360 13.856031
v -2.927960 0.126399 13.844415
v -2.954191 0.155671 13.836994
v -2.943210 0.193904 13.841190
v -2.905998 0.202866 13.852807
v -2.879767 0.173593 13.860228
v -2.857745 0.138228 13.755972
v -2.894559 0.129289 13.743133
v -2.920425 0.158581 13.734592
v -2.909477 0.196813 13.738894
v -2.872664 0.205752 13.751733
v -2.846798 0.176460 13.760273
v -2.821558 0.138069 13.655824
v -2.858067 0.129129 13.642142
v -2.883410 0.158421 13.632158
v -2.872245 0.196653 13.635856
v -2.835736 0.205593 13.649537
v -2.810393 0.176301 13.659521
v -2.781940 0.135459 13.555539
v -2.818081 0.126497 13.540928
v -2.842907 0.155757 13.529635
v -2.831592 0.193979 13.532953
v -2.795451 0.202942 13.547565
v -2.770625 0.173682 13.558858
v -2.738808 0.130953 13.455547
v -2.774509 0.121946 13.439918
v -2.798823 0.151154 13.427439
v -2.787436 0.189369 13.430590
v -2.751734 0.198376 13.446219
v -2.727420 0.169168 13.458698
v -2.692080 0.125106 13.356275
v -2.727260 0.116035 13.339539
v -2.751066 0.145181 13.325984
v -2.739693 0.183398 13.329165
v -2.704513 0.192469 13.345901
v -2.680707 0.163323 13.359456
v -2.641672 0.118476 13.258146
v -2.676236 0.109326 13.240214
v -2.699541 0.138408 13.225683
v -2.688281 0.176640 13.229084
v -2.653716 0.185789 13.247016
v -2.630411 0.156708 13.261547
v -2.587501 0.111624 13.161586
v -2.621344 0.102384 13.142368
v -2.644151 0.131404 13.126952
v -2.633116 0.169664 13.130754
v -2.599274 0.178903 13.149971
v -2.576466 0.149883 13.165387
v -2.529485 0.105109 13.067015
v -2.562483 0.095777 13.046422
v -2.584799 0.124743 13.030205
v -2.574116 0.163042 13.034580
v -2.541118 0.172374 13.055173
v -2.518803 0.143407 13.071390
v -2.467540 0.099496 12.974853
v -2.499553 0.090077 12.952798
v -2.521382 0.119000 12.935859
v -2.511198 0.157342 12.940974
v -2.479184 0.166761 12.963029
v -2.457355 0.137838 12.979968
v -2.401581 0.095346 12.885521
v -2.432452 0.085857 12.861921
v -2.453802 0.114752 12.844334
v -2.444280 0.153134 12.850346
v -2.413408 0.162622 12.873945
v -2.392059 0.133728 12.891533
v -2.331522 0.093223 12.799435
v -2.361076 0.083697 12.774220
v -2.381956 0.112578 12.756055
v -2.373282 0.150984 12.763107
v -2.343728 0.160510 12.788322
v -2.322848 0.131629 12.806487
v -2.256990 0.093696 12.716698
v -2.285896 0.084169 12.690742
v -2.306606 0.113049 12.672384
v -2.298410 0.151456 12.679981
v -2.269505 0.160983 12.705937
v -2.248795 0.132103 12.724295
v -2.077593 0.095231 12.515277
v -2.107470 0.085705 12.490445
v -2.128624 0.114585 12.472602
v -2.119902 0.152992 12.479590
v -2.090025 0.162518 12.504422
v -2.068871 0.133638 12.522265
v -1.921928 0.090939 12.315516
v -1.953512 0.081458 12.292878
v -1.975420 0.110358 12.276001
v -1.965743 0.148740 12.281764
v -1.934159 0.158221 12.304402
v -1.912251 0.129321 12.321280
v -1.788062 0.082210 12.117674
v -1.821196 0.072827 12.097325
v -1.843856 0.101775 12.081560
v -1.833382 0.140106 12.086145
v -1.800248 0.149489 12.106494
v -1.777588 0.120541 12.122259
v -1.673775 0.070443 11.921710
v -1.708256 0.061195 11.903669
v -1.731645 0.090217 11.889152
v -1.720551 0.128486 11.892674
v -1.686069 0.137733 11.910715
v -1.662681 0.108712 11.925233
v -1.576845 0.057042 11.727591
v -1.612446 0.047945 11.711785
v -1.636517 0.077058 11.698631
v -1.624986 0.115268 11.701283
v -1.589385 0.124366 11.717088
v -1.565314 0.095253 11.730242
v -1.495044 0.043415 11.535291
v -1.531529 0.034461 11.521555
v -1.556222 0.063674 11.509857
v -1.544430 0.101842 11.511895
v -1.507945 0.110796 11.525631
v -1.483252 0.081583 11.537329
v -1.426138 0.030971 11.344789
v -1.463283 0.022132 11.332867
v -1.488529 0.051441 11.322689
v -1.476630 0.089591 11.324435
v -1.439486 0.098430 11.336357
v -1.414240 0.069121 11.346535
v -1.367884 0.021122 11.156064
v -1.405488 0.012357 11.145617
v -1.431218 0.041745 11.136996
v -1.419344 0.079898 11.138820
v -1.381740 0.088664 11.149266
v -1.356010 0.059276 11.157887
v -1.318033 0.015280 10.969094
v -1.355926 0.006546 10.959723
v -1.382076 0.035979 10.952661
v -1.370333 0.074147 10.954972
v -1.332440 0.082881 10.964344
v -1.306290 0.053447 10.971406
v -1.274331 0.014854 10.783859
v -1.312372 0.006120 10.775105
v -1.338889 0.035553 10.769582
v -1.327365 0.073721 10.772812
v -1.289325 0.082455 10.781567
v -1.262808 0.053021 10.787089
v -1.234523 0.021251 10.600335
v -1.272591 0.012513 10.591708
v -1.299435 0.041891 10.587672
v -1.288211 0.080009 10.592263
v -1.250142 0.088748 10.600890
v -1.223298 0.059369 10.604926
v -1.196262 0.035907 10.417842
v -1.234637 0.027052 10.410847
v -1.261870 0.056284 10.408879
v -1.250728 0.094370 10.413907
v -1.212353 0.103225 10.420902
v -1.185120 0.073993 10.422870
v -1.165642 0.059158 10.154139
v -1.204515 0.049894 10.152392
v -1.232059 0.078870 10.153702
v -1.220730 0.117110 10.156757
v -1.181857 0.126374 10.158504
v -1.154313 0.097398 10.157194
v -1.181234 0.073487 9.894197
v -1.219744 0.063849 9.899100
v -1.247091 0.092622 9.904030
v -1.235927 0.131032 9.904057
v -1.197416 0.140670 9.899154
v -1.170069 0.111897 9.894224
v -1.236572 0.080124 9.638444
v -1.273930 0.070335 9.648865
v -1.300646 0.099025 9.656808
v -1.290006 0.137505 9.654330
v -1.252648 0.147294 9.643909
v -1.225931 0.118603 9.635966
v -1.325002 0.080414 9.386444
v -1.360912 0.070614 9.401087
v -1.386835 0.099298 9.411346
v -1.376847 0.137782 9.406961
v -1.340937 0.147582 9.392319
v -1.315014 0.118898 9.382059
v -1.439934 0.075697 9.137618
v -1.474470 0.065949 9.155288
v -1.499635 0.094662 9.167218
v -1.490264 0.133122 9.161477
v -1.455727 0.142870 9.143807
v -1.430563 0.114157 9.131877
v -1.574869 0.067299 8.891340
v -1.608314 0.057617 8.911031
v -1.632869 0.086367 8.924088
v -1.623980 0.124799 8.917456
v -1.590535 0.134481 8.897765
v -1.565980 0.105731 8.884707
v -1.723365 0.056537 8.646992
v -1.756099 0.046906 8.667865
v -1.780248 0.075684 8.681601
v -1.771661 0.114094 8.674463
v -1.738927 0.123725 8.653590
v -1.714778 0.094947 8.639854
v -1.879011 0.044716 8.403987
v -1.911456 0.035106 8.425316
v -1.935422 0.063898 8.439341
v -1.926942 0.102300 8.432034
v -1.894496 0.111910 8.410706
v -1.870531 0.083118 8.396681
v -2.035414 0.033138 8.161774
v -2.068003 0.023518 8.182878
v -2.092016 0.052307 8.196827
v -2.083440 0.090716 8.189672
v -2.050851 0.100336 8.168569
v -2.026838 0.071548 8.154619
v -2.186186 0.023100 7.919840
v -2.219351 0.013443 7.940010
v -2.243641 0.042213 7.953509
v -2.234767 0.080642 7.946837
v -2.201603 0.090300 7.926667
v -2.177312 0.061529 7.913168
v -2.324953 0.015894 7.677707
v -2.359099 0.006187 7.696142
v -2.383883 0.034933 7.708767
v -2.374522 0.073386 7.702958
v -2.340376 0.083093 7.684523
v -2.315592 0.054347 7.671898
v -2.444908 0.012771 7.436118
v -2.481605 0.003100 7.448759
v -2.507519 0.031862 7.458819
v -2.496736 0.070295 7.456239
v -2.460039 0.079966 7.443598
v -2.434124 0.051203 7.433537
v -2.495147 0.029299 7.209148
v -2.534075 0.020404 7.211479
v -2.560931 0.049493 7.217190
v -2.548858 0.087477 7.220570
v -2.509929 0.096373 7.218239
v -2.483073 0.067284 7.212528
v -2.481363 0.076190 6.915414
v -2.520152 0.068548 6.909334
v -2.546949 0.098168 6.911487
v -2.534956 0.135429 6.919721
v -2.496166 0.143070 6.925802
v -2.469370 0.113451 6.923648
v -2.412752 0.147592 6.567525
v -2.450693 0.140883 6.556779
v -2.477114 0.170916 6.556865
v -2.465593 0.207658 6.567696
v -2.427652 0.214367 6.578441
v -2.401232 0.184334 6.578356
v -2.298887 0.237324 6.179558
v -2.336023 0.231260 6.165987
v -2.362058 0.261600 6.164722
v -2.350958 0.298006 6.177027
v -2.313823 0.304071 6.190598
v -2.287787 0.273730 6.191864
v -2.149607 0.339176 5.765180
v -2.186085 0.333562 5.749758
v -2.211767 0.364145 5.747499
v -2.200972 0.400342 5.760662
v -2.164494 0.405956 5.776083
v -2.138811 0.375373 5.778343
v -1.974802 0.446948 5.337878
v -2.010759 0.441656 5.321172
v -2.036109 0.472444 5.318095
v -2.025503 0.508524 5.331723
v -1.989545 0.513816 5.348428
v -1.964195 0.483028 5.351506
v -1.784375 0.554450 4.911066
v -1.819923 0.549388 4.893439
v -1.844940 0.580364 4.889610
v -1.834408 0.616401 4.903408
v -1.798860 0.621463 4.921035
v -1.773843 0.590487 4.924864
v -1.588236 0.655494 4.498140
v -1.623468 0.650594 4.479845
v -1.648119 0.681757 4.475243
v -1.637537 0.717821 4.488935
v -1.602305 0.722720 4.507230
v -1.577655 0.691557 4.511832
v -1.396314 0.743893 4.112508
v -1.431314 0.739099 4.093746
v -1.455518 0.770466 4.088245
v -1.444723 0.806627 4.101505
v -1.409722 0.811421 4.120267
v -1.385518 0.780054 4.125768
v -1.218578 0.813461 3.767651
v -1.253437 0.808721 3.748616
v -1.277025 0.840323 3.741915
v -1.265753 0.876666 3.754250
v -1.230894 0.881406 3.773286
v -1.207306 0.849804 3.779986
v -1.065126 0.858023 3.477284
v -1.099976 0.853286 3.458230
v -1.122558 0.885159 3.449622
v -1.110291 0.921771 3.460068
v -1.075441 0.926508 3.479122
v -1.052859 0.894635 3.487730
v -0.946184 0.871577 3.255350
v -0.981219 0.866824 3.236642
v -1.002062 0.898838 3.224780
v -0.987870 0.935604 3.231626
v -0.952835 0.940356 3.250334
v -0.931992 0.908343 3.262196
v -1.420589 1.222623 3.436426
v -1.459872 1.222623 3.428885
v -1.482396 1.191538 3.440128
v -1.465636 1.160453 3.458912
v -1.426353 1.160453 3.466453
v -1.403830 1.191538 3.455210
v -1.429595 1.229944 3.473467
v -1.468131 1.229203 3.462768
v -1.486698 1.194199 3.457292
v -1.466730 1.159936 3.462516
v -1.428194 1.160676 3.473216
v -1.409627 1.195680 3.478691
v -1.440969 1.223309 3.510753
v -1.479004 1.222810 3.498378
v -1.494816 1.189131 3.483690
v -1.472594 1.155952 3.481377
v -1.434560 1.156452 3.493752
v -1.418747 1.190130 3.508440
v -1.454135 1.208280 3.549866
v -1.491905 1.208071 3.536700
v -1.506144 1.176124 3.517292
v -1.482611 1.144387 3.511049
v -1.444840 1.144596 3.524214
v -1.430602 1.176543 3.543623
v -1.469142 1.186203 3.592090
v -1.506759 1.186218 3.578489
v -1.519955 1.155785 3.556135
v -1.495535 1.125337 3.547384
v -1.457919 1.125322 3.560985
v -1.444722 1.155755 3.583338
v -1.485677 1.157737 3.636983
v -1.523194 1.157922 3.623111
v -1.535598 1.128847 3.598600
v -1.510485 1.099588 3.587960
v -1.472968 1.099403 3.601832
v -1.460564 1.128478 3.626343
v -1.503274 1.123496 3.683529
v -1.540723 1.123814 3.669477
v -1.552452 1.096051 3.643177
v -1.526732 1.067970 3.630931
v -1.489283 1.067652 3.644984
v -1.477554 1.095415 3.671283
v -1.521405 1.084102 3.730506
v -1.558804 1.084527 3.716326
v -1.569906 1.058129 3.688399
v -1.543608 1.031305 3.674654
v -1.506209 1.030880 3.688835
v -1.495107 1.057279 3.716761
v -1.539516 1.040178 3.776605
v -1.576878 1.040693 3.762330
v -1.587357 1.015811 3.732816
v -1.560472 0.990415 3.717575
v -1.523109 0.989901 3.731849
v -1.512631 1.014782 3.761364
v -1.557041 0.992329 3.820473
v -1.594376 0.992919 3.806129
v -1.604202 0.969825 3.774983
v -1.576694 0.946139 3.758182
v -1.539359 0.945549 3.772526
v -1.529533 0.968643 3.803672
v -1.573405 0.941122 3.860733
v -1.610718 0.941780 3.846337
v -1.619844 0.920895 3.813465
v -1.591655 0.899353 3.794989
v -1.554342 0.898696 3.809386
v -1.545216 0.919580 3.842257
v -1.588021 0.887068 3.895968
v -1.625319 0.887784 3.881534
v -1.633682 0.869746 3.846825
v -1.604747 0.850992 3.826550
v -1.567449 0.850276 3.840984
v -1.559086 0.868314 3.875693
v -1.600256 0.830697 3.924645
v -1.637543 0.831463 3.910186
v -1.645118 0.817100 3.873630
v -1.615405 0.801969 3.851534
v -1.578118 0.801202 3.865994
v -1.570544 0.815566 3.902549
v -1.609521 0.773010 3.945371
v -1.646802 0.773815 3.930898
v -1.653699 0.763674 3.892824
v -1.623315 0.752728 3.869224
v -1.586034 0.751923 3.883697
v -1.579137 0.762064 3.921771
v -1.615838 0.715273 3.958369
v -1.653117 0.716095 3.943892
v -1.659548 0.710182 3.904858
v -1.628701 0.703446 3.880301
v -1.591421 0.702623 3.894778
v -1.584990 0.708537 3.933812
v -1.619479 0.658450 3.964505
v -1.656758 0.659266 3.950029
v -1.662931 0.657342 3.910555
v -1.631825 0.654604 3.885557
v -1.594545 0.653789 3.900034
v -1.588372 0.655712 3.939508
v -1.620747 0.603343 3.964712
v -1.658028 0.604122 3.950236
v -1.664114 0.605872 3.910740
v -1.632919 0.606844 3.885721
v -1.595639 0.606066 3.900197
v -1.589553 0.604315 3.939692
v -1.619946 0.550689 3.959916
v -1.657226 0.551398 3.945434
v -1.663361 0.556490 3.906236
v -1.632217 0.560874 3.881522
v -1.594938 0.560166 3.896004
v -1.588802 0.555073 3.935201
v -1.617372 0.501175 3.951023
v -1.654646 0.501775 3.936521
v -1.660939 0.509913 3.897866
v -1.629958 0.517451 3.873714
v -1.592684 0.516851 3.888216
v -1.586391 0.508713 3.926870
v -1.613307 0.455455 3.938904
v -1.650567 0.455897 3.924361
v -1.657111 0.466852 3.886451
v -1.626394 0.477364 3.863084
v -1.589135 0.476922 3.877627
v -1.582591 0.465966 3.915537
v -1.608017 0.414151 3.924390
v -1.645249 0.414372 3.909769
v -1.652138 0.428015 3.872804
v -1.621796 0.441436 3.850460
v -1.584565 0.441215 3.865082
v -1.577676 0.427572 3.902046
v -1.601740 0.377845 3.908251
v -1.638916 0.377749 3.893488
v -1.646277 0.394091 3.857728
v -1.616462 0.410529 3.836731
v -1.579286 0.410625 3.851494
v -1.571925 0.394284 3.887254
v -1.594654 0.347041 3.891136
v -1.631719 0.346475 3.876110
v -1.639767 0.365747 3.841995
v -1.610748 0.385585 3.822906
v -1.573682 0.386151 3.837933
v -1.565635 0.366878 3.872047
v -1.586774 0.322082 3.873389
v -1.623600 0.320782 3.857829
v -1.632801 0.343592 3.826285
v -1.605175 0.367702 3.810300
v -1.568348 0.369002 3.825860
v -1.559147 0.346192 3.857404
v -1.577835 0.303544 3.854929
v -1.614139 0.301203 3.838300
v -1.625493 0.328306 3.811162
v -1.600542 0.357751 3.800653
v -1.564238 0.360093 3.817281
v -1.552885 0.332989 3.844420
vn 0.6191 0.5002 0.6054
vn -0.0967 0.9903 0.0995
vn -0.7109 0.4930 -0.5016
vn -0.6191 -0.5002 -0.6054
vn 0.0988 -0.9899 -0.1020
vn 0.7132 -0.4925 0.4987
vn 0.6253 0.5030 0.5967
vn -0.1920 0.9532 0.2333
vn -0.8157 0.4512 -0.3620
vn -0.6253 -0.5030 -0.5967
vn 0.1926 -0.9529 -0.2341
vn 0.8163 -0.4509 0.3611
vn 0.6276 0.5048 0.5927
vn -0.2334 0.9239 0.3033
vn -0.8606 0.4193 -0.2890
vn -0.6276 -0.5048 -0.5926
vn 0.2335 -0.9238 -0.3035
vn 0.8607 -0.4193 0.2888
vn 0.6285 0.5056 0.5910
vn -0.2537 0.9051 0.3412
vn -0.8820 0.3996 -0.2497
vn -0.6285 -0.5056 -0.5910
vn 0.2537 -0.9051 -0.3413
vn 0.8821 -0.3995 0.2497
vn 0.6285 0.5057 0.5909
vn -0.2637 0.8945 0.3610
vn -0.8922 0.3888 -0.2299
vn -0.6285 -0.5057 -0.5909
vn 0.2637 -0.8945 -0.3610
vn 0.8922 -0.3888 0.2299
vn 0.6280 0.5051 0.5920
vn -0.2674 0.8903 0.3686
vn -0.8954 0.3852 -0.2234
vn -0.6280 -0.5051 -0.5920
vn 0.2674 -0.8903 -0.3686
vn 0.8954 -0.3852 0.2234
vn 0.6269 0.5039 0.5942
vn -0.2662 0.8916 0.3662
vn -0.8932 0.3877 -0.2279
vn -0.6269 -0.5039 -0.5942
vn 0.2662 -0.8916 -0.3662
vn 0.8932 -0.3877 0.2279
vn 0.6251 0.5020 0.5977
vn -0.2600 0.8985 0.3538
vn -0.8851 0.3965 -0.2438
vn -0.6252 -0.5019 -0.5977
vn 0.2600 -0.8985 -0.3538
vn 0.8850 -0.3965 0.2438
vn 0.6223 0.4991 0.6030
vn -0.2468 0.9115 0.3291
vn -0.8689 0.4124 -0.2737
vn -0.6223 -0.4991 -0.6030
vn 0.2468 -0.9115 -0.3291
vn 0.8689 -0.4125 0.2738
vn 0.6175 0.4951 0.6112
vn -0.2222 0.9319 0.2868
vn -0.8392 0.4370 -0.3239
vn -0.6175 -0.4951 -0.6112
vn 0.2221 -0.9319 -0.2866
vn 0.8390 -0.4371 0.3241
vn 0.6090 0.4896 0.6241
vn -0.1753 0.9606 0.2158
vn -0.7825 0.4715 -0.4066
vn -0.6090 -0.4896 -0.6240
vn 0.1749 -0.9608 -0.2152
vn 0.7819 -0.4718 0.4074
vn 0.5914 0.4839 0.6450
vn -0.0752 0.9925 0.0962
vn -0.6645 0.5093 -0.5469
vn -0.5914 -0.4839 -0.6450
vn 0.0756 -0.9924 -0.0966
vn 0.6651 -0.5092 0.5463
vn 0.5757 0.4828 0.6599
vn 0.0134 0.9998 0.0133
vn -0.5611 0.5173 -0.6462
vn -0.5756 -0.4828 -0.6600
vn -0.0114 -0.9998 -0.0150
vn 0.5639 -0.5172 0.6438
vn 0.5665 0.4829 0.6678
vn 0.0127 0.9998 0.0150
vn -0.5538 0.5169 -0.6528
vn -0.5665 -0.4829 -0.6677
vn -0.0127 -0.9998 -0.0150
vn 0.5538 -0.5169 0.6528
vn 0.5506 0.4829 0.6809
vn 0.0124 0.9998 0.0153
vn -0.5383 0.5169 -0.6656
vn -0.5507 -0.4828 -0.6809
vn -0.0124 -0.9998 -0.0153
vn 0.5383 -0.5169 0.6656
vn 0.5299 0.4828 0.6972
vn 0.0119 0.9998 0.0156
vn -0.5181 0.5169 -0.6815
vn -0.5299 -0.4828 -0.6972
vn -0.0119 -0.9998 -0.0156
vn 0.5180 -0.5169 0.6815
vn 0.5044 0.4828 0.7158
vn 0.0113 0.9998 0.0161
vn -0.4931 0.5168 -0.6998
vn -0.5045 -0.4828 -0.7158
vn -0.0113 -0.9998 -0.0161
vn 0.4931 -0.5168 0.6998
vn 0.4736 0.4828 0.7366
vn 0.0106 0.9998 0.0165
vn -0.4630 0.5168 -0.7201
vn -0.4737 -0.4828 -0.7366
vn -0.0106 -0.9998 -0.0165
vn 0.4630 -0.5168 0.7201
vn 0.4366 0.4828 0.7592
vn 0.0098 0.9998 0.0170
vn -0.4268 0.5168 -0.7421
vn -0.4366 -0.4827 -0.7591
vn -0.0098 -0.9998 -0.0170
vn 0.4268 -0.5168 0.7421
vn 0.3921 0.4827 0.7831
vn 0.0088 0.9998 0.0176
vn -0.3833 0.5167 -0.7655
vn -0.3921 -0.4827 -0.7831
vn -0.0088 -0.9998 -0.0176
vn 0.3833 -0.5167 0.7656
vn 0.3384 0.4826 0.8078
vn 0.0076 0.9998 0.0181
vn -0.3309 0.5167 -0.7896
vn -0.3385 -0.4826 -0.8078
vn -0.0076 -0.9998 -0.0181
vn 0.3309 -0.5167 0.7897
vn 0.2740 0.4826 0.8319
vn 0.0062 0.9998 0.0187
vn -0.2680 0.5166 -0.8132
vn -0.2741 -0.4826 -0.8319
vn -0.0062 -0.9998 -0.0187
vn 0.2679 -0.5166 0.8133
vn 0.1970 0.4824 0.8535
vn 0.0044 0.9998 0.0192
vn -0.1927 0.5165 -0.8344
vn -0.1971 -0.4825 -0.8535
vn -0.0044 -0.9998 -0.0192
vn 0.1926 -0.5165 0.8344
vn 0.1062 0.4824 0.8695
vn 0.0024 0.9998 0.0195
vn -0.1037 0.5165 -0.8500
vn -0.1061 -0.4824 -0.8695
vn -0.0024 -0.9998 -0.0195
vn 0.1038 -0.5165 0.8500
vn 0.0268 0.4826 0.8754
vn 0.0006 0.9998 0.0197
vn -0.0260 0.5166 -0.8558
vn -0.0266 -0.4826 -0.8754
vn -0.0006 -0.9998 -0.0197
vn 0.0262 -0.5166 0.8558
vn -0.0271 0.4827 0.8753
vn -0.0006 0.9998 0.0196
vn 0.0266 0.5168 -0.8557
vn 0.0272 -0.4827 -0.8753
vn 0.0006 -0.9998 -0.0196
vn -0.0265 -0.5168 0.8557
vn -0.0742 0.4828 0.8726
vn -0.0017 0.9998 0.0196
vn 0.0725 0.5168 -0.8530
vn 0.0742 -0.4828 -0.8726
vn 0.0017 -0.9998 -0.0196
vn -0.0725 -0.5168 0.8530
vn -0.1153 0.4828 0.8681
vn -0.0026 0.9998 0.0195
vn 0.1127 0.5168 -0.8486
vn 0.1153 -0.4828 -0.8681
vn 0.0026 -0.9998 -0.0195
vn -0.1127 -0.5168 0.8486
vn -0.1514 0.4828 0.8625
vn -0.0034 0.9998 0.0194
vn 0.1480 0.5168 -0.8432
vn 0.1514 -0.4828 -0.8625
vn 0.0034 -0.9998 -0.0194
vn -0.1480 -0.5168 0.8432
vn -0.1832 0.4828 0.8563
vn -0.0041 0.9998 0.0192
vn 0.1791 0.5169 -0.8371
vn 0.1832 -0.4828 -0.8563
vn 0.0041 -0.9998 -0.0192
vn -0.1790 -0.5169 0.8371
vn -0.2113 0.4828 0.8498
vn -0.0047 0.9998 0.0191
vn 0.2066 0.5169 -0.8308
vn 0.2114 -0.4828 -0.8498
vn 0.0047 -0.9998 -0.0191
vn -0.2066 -0.5169 0.8308
vn -0.2365 0.4828 0.8432
vn -0.0053 0.9998 0.0189
vn 0.2312 0.5169 -0.8242
vn 0.2365 -0.4828 -0.8432
vn 0.0053 -0.9998 -0.0189
vn -0.2312 -0.5169 0.8242
vn -0.2593 0.4829 0.8364
vn -0.0058 0.9998 0.0188
vn 0.2535 0.5169 -0.8177
vn 0.2593 -0.4828 -0.8364
vn 0.0058 -0.9998 -0.0188
vn -0.2535 -0.5169 0.8177
vn -0.2802 0.4829 0.8297
vn -0.0063 0.9998 0.0186
vn 0.2739 0.5169 -0.8110
vn 0.2802 -0.4829 -0.8297
vn 0.0063 -0.9998 -0.0186
vn -0.2739 -0.5169 0.8110
vn -0.3001 0.4829 0.8227
vn -0.0067 0.9998 0.0185
vn 0.2934 0.5169 -0.8042
vn 0.3001 -0.4829 -0.8227
vn 0.0067 -0.9998 -0.0185
vn -0.2934 -0.5169 0.8042
vn -0.3240 0.4821 0.8140
vn -0.0072 0.9998 0.0183
vn 0.3110 0.5160 -0.7981
vn 0.3181 -0.4820 -0.8164
vn 0.0072 -0.9998 -0.0183
vn -0.3167 -0.5161 0.7958
vn -0.4709 0.4793 0.7407
vn -0.0106 0.9998 0.0168
vn 0.4585 0.5132 -0.7255
vn 0.4689 -0.4793 -0.7419
vn 0.0106 -0.9998 -0.0168
vn -0.4604 -0.5132 0.7243
vn -0.6932 0.4784 0.5391
vn -0.0157 0.9998 0.0122
vn 0.6787 0.5123 -0.5262
vn 0.6940 -0.4784 -0.5381
vn 0.0157 -0.9998 -0.0122
vn -0.6779 -0.5123 0.5272
vn -0.8119 0.4804 0.3318
vn -0.0183 0.9998 0.0075
vn 0.7943 0.5144 -0.3234
vn 0.8123 -0.4804 -0.3307
vn 0.0183 -0.9998 -0.0075
vn -0.7938 -0.5144 0.3244
vn -0.8574 0.4819 0.1806
vn -0.0193 0.9998 0.0041
vn 0.8384 0.5159 -0.1760
vn 0.8575 -0.4819 -0.1801
vn 0.0193 -0.9998 -0.0041
vn -0.8383 -0.5159 0.1765
vn -0.8714 0.4826 0.0886
vn -0.0196 0.9998 0.0020
vn 0.8519 0.5166 -0.0865
vn 0.8714 -0.4826 -0.0884
vn 0.0196 -0.9998 -0.0020
vn -0.8518 -0.5166 0.0867
vn -0.8746 0.4828 0.0433
vn -0.0196 0.9998 0.0010
vn 0.8550 0.5169 -0.0423
vn 0.8746 -0.4828 -0.0433
vn 0.0196 -0.9998 -0.0010
vn -0.8550 -0.5169 0.0424
vn -0.8750 0.4829 0.0357
vn -0.0196 0.9998 0.0008
vn 0.8553 0.5169 -0.0350
vn 0.8750 -0.4829 -0.0358
vn 0.0196 -0.9998 -0.0008
vn -0.8553 -0.5169 0.0349
vn -0.8735 0.4827 0.0636
vn -0.0196 0.9998 0.0014
vn 0.8539 0.5168 -0.0623
vn 0.8734 -0.4827 -0.0637
vn 0.0196 -0.9998 -0.0014
vn -0.8539 -0.5168 0.0622
vn -0.8661 0.4823 0.1311
vn -0.0195 0.9998 0.0029
vn 0.8467 0.5163 -0.1284
vn 0.8661 -0.4823 -0.1314
vn 0.0195 -0.9998 -0.0029
vn -0.8467 -0.5163 0.1281
vn -0.8410 0.4814 0.2470
vn -0.0189 0.9998 0.0056
vn 0.8220 0.5154 -0.2421
vn 0.8408 -0.4814 -0.2476
vn 0.0189 -0.9998 -0.0056
vn -0.8222 -0.5154 0.2415
vn -0.7715 0.4799 0.4177
vn -0.0174 0.9998 0.0094
vn 0.7539 0.5139 -0.4093
vn 0.7710 -0.4799 -0.4186
vn 0.0174 -0.9998 -0.0094
vn -0.7544 -0.5139 0.4084
vn -0.6198 0.4797 0.6211
vn -0.0142 0.9998 0.0143
vn 0.6066 0.5139 -0.6065
vn 0.6204 -0.4798 -0.6204
vn 0.0142 -0.9998 -0.0143
vn -0.6059 -0.5139 0.6073
vn -0.4661 0.4801 0.7432
vn -0.0027 0.9997 0.0241
vn 0.4651 0.5169 -0.7187
vn 0.4675 -0.4801 -0.7422
vn 0.0027 -0.9997 -0.0241
vn -0.4638 -0.5169 0.7195
vn -0.3798 0.4788 0.7915
vn 0.0158 0.9993 0.0347
vn 0.3959 0.5196 -0.7571
vn 0.3800 -0.4788 -0.7914
vn -0.0158 -0.9993 -0.0346
vn -0.3958 -0.5197 0.7572
vn -0.3064 0.4760 0.8244
vn 0.0314 0.9986 0.0415
vn 0.3379 0.5222 -0.7830
vn 0.3065 -0.4760 -0.8243
vn -0.0314 -0.9986 -0.0415
vn -0.3378 -0.5222 0.7830
vn -0.2494 0.4730 0.8450
vn 0.0432 0.9980 0.0458
vn 0.2927 0.5247 -0.7994
vn 0.2495 -0.4730 -0.8450
vn -0.0432 -0.9980 -0.0458
vn -0.2926 -0.5247 0.7994
vn -0.2099 0.4707 0.8570
vn 0.0511 0.9975 0.0481
vn 0.2611 0.5268 -0.8089
vn 0.2099 -0.4706 -0.8570
vn -0.0511 -0.9975 -0.0481
vn -0.2610 -0.5268 0.8089
vn -0.1879 0.4692 0.8629
vn 0.0551 0.9973 0.0491
vn 0.2430 0.5280 -0.8137
vn 0.1880 -0.4692 -0.8628
vn -0.0551 -0.9973 -0.0491
vn -0.2430 -0.5280 0.8137
vn -0.1833 0.4689 0.8640
vn 0.2385 0.5283 -0.8149
vn 0.1833 -0.4689 -0.8640
vn -0.0551 -0.9973 -0.0492
vn -0.2385 -0.5283 0.8149
vn -0.1960 0.4698 0.8608
vn 0.0513 0.9975 0.0482
vn 0.2473 0.5277 -0.8126
vn 0.1960 -0.4697 -0.8608
vn -0.0513 -0.9975 -0.0482
vn -0.2474 -0.5277 0.8126
vn -0.2261 0.4715 0.8524
vn 0.0436 0.9980 0.0460
vn 0.2696 0.5263 -0.8064
vn 0.2260 -0.4715 -0.8524
vn -0.0436 -0.9980 -0.0460
vn -0.2697 -0.5263 0.8064
vn -0.2737 0.4740 0.8369
vn 0.0319 0.9986 0.0423
vn 0.3055 0.5243 -0.7948
vn 0.2736 -0.4739 -0.8370
vn -0.0319 -0.9986 -0.0423
vn -0.3056 -0.5243 0.7948
vn -0.3383 0.4764 0.8115
vn 0.0163 0.9992 0.0363
vn 0.3546 0.5222 -0.7756
vn 0.3381 -0.4764 -0.8116
vn -0.0163 -0.9992 -0.0363
vn -0.3547 -0.5222 0.7756
vn -0.4178 0.4783 0.7724
vn -0.0025 0.9996 0.0267
vn 0.4154 0.5207 -0.7458
vn 0.4180 -0.4783 -0.7723
vn 0.0025 -0.9996 -0.0267
vn -0.4155 -0.5207 0.7458
vn -0.4746 0.4797 0.7380
vn 0.0084 0.9994 0.0325
vn 0.4830 0.5192 -0.7051
vn 0.4749 -0.4797 -0.7378
vn -0.0085 -0.9994 -0.0326
vn -0.4830 -0.5192 0.7051
vn -0.5043 0.4816 0.7168
vn 0.0418 0.9975 0.0561
vn 0.5459 0.5157 -0.6604
vn 0.5042 -0.4816 -0.7168
vn -0.0418 -0.9976 -0.0560
vn -0.5458 -0.5157 0.6605
vn -0.5372 0.4850 0.6901
vn 0.0632 0.9953 0.0738
vn 0.6002 0.5099 -0.6162
vn 0.5371 -0.4850 -0.6901
vn -0.0632 -0.9953 -0.0737
vn -0.6001 -0.5100 0.6163
vn -0.5723 0.4899 0.6576
vn 0.0731 0.9938 0.0832
vn 0.6454 0.5036 -0.5743
vn 0.5723 -0.4899 -0.6577
vn -0.0731 -0.9938 -0.0832
vn -0.6453 -0.5036 0.5744
vn -0.6087 0.4957 0.6195
vn 0.0725 0.9939 0.0829
vn 0.6813 0.4979 -0.5366
vn 0.6087 -0.4957 -0.6195
vn -0.0725 -0.9939 -0.0829
vn -0.6812 -0.4979 0.5367
vn -0.6455 0.5016 0.5760
vn 0.0627 0.9955 0.0716
vn 0.7083 0.4936 -0.5045
vn 0.6454 -0.5016 -0.5760
vn -0.0627 -0.9955 -0.0716
vn -0.7083 -0.4936 0.5046
vn -0.6818 0.5064 0.5278
vn 0.0452 0.9978 0.0487
vn 0.7273 0.4912 -0.4793
vn 0.6818 -0.5065 -0.5278
vn -0.0452 -0.9978 -0.0487
vn -0.7273 -0.4912 0.4793
vn -0.7171 0.5093 0.4757
vn 0.0216 0.9997 0.0141
vn 0.7391 0.4904 -0.4618
vn 0.7171 -0.5093 -0.4758
vn -0.0216 -0.9997 -0.0142
vn -0.7391 -0.4904 0.4618
vn -0.7508 0.5091 0.4210
vn -0.0065 0.9995 -0.0314
vn 0.7447 0.4906 -0.4525
vn 0.7508 -0.5091 -0.4210
vn 0.0064 -0.9995 0.0313
vn -0.7447 -0.4906 0.4525
vn -0.7821 0.5051 0.3649
vn -0.0374 0.9956 -0.0864
vn 0.7451 0.4908 -0.4515
vn 0.7822 -0.5051 -0.3649
vn 0.0374 -0.9956 0.0863
vn -0.7451 -0.4908 0.4515
vn -0.8108 0.4969 0.3093
vn -0.0697 0.9864 -0.1489
vn 0.7415 0.4899 -0.4583
vn 0.8109 -0.4969 -0.3092
vn 0.0696 -0.9864 0.1488
vn -0.7415 -0.4899 0.4583
vn -0.8365 0.4846 0.2558
vn -0.1015 0.9711 -0.2158
vn 0.7351 0.4867 -0.4719
vn 0.8366 -0.4845 -0.2556
vn 0.1017 -0.9710 0.2163
vn -0.7351 -0.4867 0.4719
vn -0.8466 0.4784 0.2334
vn -0.1054 0.9685 -0.2254
vn 0.7411 0.4902 -0.4587
vn 0.8466 -0.4784 -0.2333
vn 0.1053 -0.9686 0.2252
vn -0.7412 -0.4903 0.4585
vn -0.8438 0.4801 0.2398
vn -0.0861 0.9799 -0.1800
vn 0.7575 0.4999 -0.4198
vn 0.8438 -0.4801 -0.2398
vn 0.0861 -0.9799 0.1801
vn -0.7575 -0.4999 0.4198
vn -0.8411 0.4814 0.2464
vn -0.0706 0.9874 -0.1413
vn 0.7704 0.5062 -0.3877
vn 0.8411 -0.4814 -0.2464
vn 0.0707 -0.9874 0.1413
vn -0.7704 -0.5062 0.3877
vn -0.8385 0.4824 0.2533
vn -0.0580 0.9924 -0.1083
vn 0.7804 0.5101 -0.3616
vn 0.8385 -0.4824 -0.2532
vn 0.0580 -0.9924 0.1084
vn -0.7804 -0.5101 0.3616
vn -0.8359 0.4832 0.2603
vn -0.0477 0.9956 -0.0805
vn 0.7882 0.5124 -0.3409
vn 0.8359 -0.4832 -0.2603
vn 0.0477 -0.9956 0.0806
vn -0.7882 -0.5124 0.3409
vn -0.8332 0.4839 0.2678
vn -0.0392 0.9976 -0.0573
vn 0.7940 0.5138 -0.3251
vn 0.8331 -0.4839 -0.2678
vn 0.0392 -0.9976 0.0573
vn -0.7940 -0.5138 0.3251
vn -0.8303 0.4844 0.2757
vn -0.0322 0.9988 -0.0381
vn 0.7981 0.5144 -0.3138
vn 0.8303 -0.4844 -0.2757
vn 0.0322 -0.9988 0.0381
vn -0.7981 -0.5144 0.3138
vn -0.8272 0.4847 0.2842
vn -0.0266 0.9994 -0.0226
vn 0.8006 0.5147 -0.3068
vn 0.8272 -0.4847 -0.2842
vn 0.0266 -0.9994 0.0226
vn -0.8006 -0.5147 0.3068
vn -0.8238 0.4850 0.2934
vn -0.0222 0.9997 -0.0105
vn 0.8017 0.5147 -0.3039
vn 0.8238 -0.4849 -0.2935
vn 0.0222 -0.9997 0.0105
vn -0.8017 -0.5148 0.3039
vn -0.8201 0.4851 0.3036
vn -0.0189 0.9998 -0.0016
vn 0.8012 0.5147 -0.3052
vn 0.8201 -0.4851 -0.3036
vn 0.0189 -0.9998 0.0016
vn -0.8012 -0.5147 0.3052
vn -0.8157 0.4852 0.3149
vn -0.0167 0.9999 0.0041
vn 0.7990 0.5147 -0.3109
vn 0.8157 -0.4852 -0.3149
vn 0.0167 -0.9999 -0.0041
vn -0.7990 -0.5147 0.3109
vn -0.8113 0.4846 0.3269
vn -0.0158 0.9999 0.0065
vn 0.7949 0.5141 -0.3222
vn 0.8106 -0.4847 -0.3286
vn 0.0158 -0.9999 -0.0065
vn -0.7956 -0.5141 0.3205
vn -0.7531 0.4830 0.4467
vn -0.0147 0.9999 0.0087
vn 0.7380 0.5124 -0.4391
vn 0.7525 -0.4830 -0.4477
vn 0.0147 -0.9999 -0.0087
vn -0.7386 -0.5124 0.4381
vn -0.6082 0.4826 0.6303
vn -0.0119 0.9999 0.0123
vn 0.5970 0.5120 -0.6176
vn 0.6087 -0.4826 -0.6297
vn 0.0119 -0.9999 -0.0123
vn -0.5965 -0.5120 0.6181
vn -0.4665 0.4838 0.7405
vn -0.0091 0.9999 0.0144
vn 0.4579 0.5132 -0.7259
vn 0.4669 -0.4838 -0.7402
vn 0.0091 -0.9999 -0.0144
vn -0.4574 -0.5132 0.7262
vn -0.3590 0.4846 0.7977
vn -0.0070 0.9999 0.0155
vn 0.3523 0.5140 -0.7821
vn 0.3592 -0.4846 -0.7976
vn 0.0070 -0.9999 -0.0155
vn -0.3520 -0.5140 0.7822
vn -0.2908 0.4850 0.8248
vn -0.0057 0.9999 0.0160
vn 0.2852 0.5144 -0.8087
vn 0.2909 -0.4850 -0.8247
vn 0.0057 -0.9999 -0.0160
vn -0.2851 -0.5144 0.8087
vn -0.2582 0.4852 0.8354
vn -0.0050 0.9999 0.0162
vn 0.2533 0.5146 -0.8192
vn 0.2583 -0.4852 -0.8354
vn 0.0050 -0.9999 -0.0162
vn -0.2532 -0.5146 0.8192
vn -0.2583 0.4852 0.8354
vn 0.2532 0.5146 -0.8192
vn 0.2582 -0.4852 -0.8354
vn -0.2533 -0.5146 0.8192
vn -0.2909 0.4850 0.8247
vn 0.2851 0.5144 -0.8087
vn 0.2908 -0.4850 -0.8248
vn -0.2852 -0.5144 0.8087
vn -0.3592 0.4846 0.7976
vn 0.3520 0.5140 -0.7822
vn 0.3590 -0.4846 -0.7977
vn -0.3523 -0.5140 0.7821
vn -0.4669 0.4838 0.7402
vn 0.4574 0.5132 -0.7262
vn 0.4665 -0.4838 -0.7405
vn -0.4579 -0.5132 0.7259
vn -0.6087 0.4826 0.6297
vn 0.5965 0.5120 -0.6181
vn 0.6082 -0.4826 -0.6303
vn -0.5970 -0.5120 0.6176
vn -0.7527 0.4827 0.4477
vn 0.7387 0.5121 -0.4383
vn 0.7532 -0.4827 -0.4469
vn -0.7382 -0.5121 0.4390
vn -0.8239 0.4841 0.2945
vn -0.0160 0.9999 0.0057
vn 0.8084 0.5135 -0.2878
vn 0.8243 -0.4841 -0.2935
vn 0.0160 -0.9999 -0.0057
vn -0.8080 -0.5135 0.2888
vn -0.8480 0.4848 0.2143
vn -0.0165 0.9999 0.0042
vn 0.8315 0.5142 -0.2101
vn 0.8480 -0.4848 -0.2142
vn 0.0165 -0.9999 -0.0042
vn -0.8315 -0.5142 0.2101
vn -0.8634 0.4849 0.1392
vn -0.0168 0.9999 0.0027
vn 0.8467 0.5143 -0.1365
vn 0.8634 -0.4849 -0.1392
vn 0.0168 -0.9999 -0.0027
vn -0.8467 -0.5143 0.1365
vn -0.8718 0.4849 0.0697
vn -0.0169 0.9999 0.0014
vn 0.8548 0.5144 -0.0683
vn 0.8718 -0.4849 -0.0696
vn 0.0169 -0.9999 -0.0014
vn -0.8548 -0.5144 0.0683
vn -0.8745 0.4850 0.0058
vn -0.0170 0.9999 0.0001
vn 0.8575 0.5144 -0.0056
vn 0.8745 -0.4850 -0.0058
vn 0.0170 -0.9999 -0.0001
vn -0.8575 -0.5144 0.0057
vn -0.8729 0.4850 -0.0526
vn -0.0170 0.9999 -0.0010
vn 0.8560 0.5144 0.0516
vn 0.8729 -0.4850 0.0526
vn 0.0170 -0.9999 0.0010
vn -0.8560 -0.5144 -0.0515
vn -0.8681 0.4850 -0.1058
vn -0.0169 0.9999 -0.0021
vn 0.8512 0.5145 0.1038
vn 0.8681 -0.4850 0.1058
vn 0.0169 -0.9999 0.0021
vn -0.8512 -0.5145 -0.1038
vn -0.8607 0.4851 -0.1545
vn -0.0167 0.9999 -0.0030
vn 0.8440 0.5145 0.1516
vn 0.8607 -0.4851 0.1546
vn 0.0167 -0.9999 0.0030
vn -0.8440 -0.5145 -0.1515
vn -0.8514 0.4851 -0.1994
vn -0.0165 0.9999 -0.0039
vn 0.8349 0.5145 0.1955
vn 0.8514 -0.4851 0.1994
vn 0.0165 -0.9999 0.0039
vn -0.8349 -0.5145 -0.1955
vn -0.8406 0.4851 -0.2409
vn -0.0163 0.9999 -0.0047
vn 0.8243 0.5145 0.2362
vn 0.8406 -0.4851 0.2409
vn 0.0163 -0.9999 0.0047
vn -0.8243 -0.5145 -0.2362
vn -0.8285 0.4851 -0.2798
vn -0.0161 0.9999 -0.0054
vn 0.8124 0.5145 0.2744
vn 0.8285 -0.4851 0.2798
vn 0.0161 -0.9999 0.0054
vn -0.8124 -0.5145 -0.2744
vn -0.8151 0.4851 -0.3167
vn -0.0158 0.9999 -0.0062
vn 0.7992 0.5146 0.3105
vn 0.8151 -0.4851 0.3167
vn 0.0158 -0.9999 0.0062
vn -0.7992 -0.5146 -0.3105
vn -0.8235 0.4850 -0.2943
vn -0.0160 0.9999 -0.0057
vn 0.8076 0.5144 0.2884
vn 0.8236 -0.4850 0.2941
vn 0.0160 -0.9999 0.0057
vn -0.8076 -0.5144 -0.2885
vn -0.8492 0.4847 -0.2097
vn -0.0165 0.9999 -0.0041
vn 0.8327 0.5141 0.2056
vn 0.8492 -0.4847 0.2097
vn 0.0165 -0.9999 0.0041
vn -0.8327 -0.5141 -0.2056
vn -0.8665 0.4847 -0.1194
vn -0.0169 0.9999 -0.0023
vn 0.8497 0.5141 0.1170
vn 0.8665 -0.4847 0.1193
vn 0.0169 -0.9999 0.0023
vn -0.8497 -0.5141 -0.1170
vn -0.8745 0.4846 -0.0214
vn -0.0170 0.9999 -0.0004
vn 0.8575 0.5140 0.0210
vn 0.8745 -0.4846 0.0214
vn 0.0170 -0.9999 0.0004
vn -0.8575 -0.5140 -0.0210
vn -0.8706 0.4844 0.0858
vn -0.0169 0.9999 0.0017
vn 0.8537 0.5138 -0.0842
vn 0.8706 -0.4844 -0.0859
vn 0.0169 -0.9999 -0.0017
vn -0.8537 -0.5138 0.0841
vn -0.8510 0.4842 0.2034
vn -0.0166 0.9999 0.0040
vn 0.8345 0.5136 -0.1996
vn 0.8509 -0.4842 -0.2035
vn 0.0166 -0.9999 -0.0040
vn -0.8345 -0.5136 0.1995
vn -0.8102 0.4840 0.3307
vn -0.0158 0.9999 0.0064
vn 0.7945 0.5134 -0.3244
vn 0.8101 -0.4840 -0.3308
vn 0.0158 -0.9999 -0.0064
vn -0.7945 -0.5134 0.3244
vn -0.7423 0.4837 0.4637
vn -0.0145 0.9999 0.0090
vn 0.7279 0.5131 -0.4548
vn 0.7422 -0.4837 -0.4638
vn 0.0145 -0.9999 -0.0090
vn -0.7280 -0.5131 0.4547
vn -0.6434 0.4835 0.5935
vn -0.0125 0.9999 0.0116
vn 0.6309 0.5129 -0.5821
vn 0.6434 -0.4835 -0.5936
vn 0.0125 -0.9999 -0.0116
vn -0.6310 -0.5129 0.5821
vn -0.5152 0.4834 0.7077
vn -0.0100 0.9999 0.0138
vn 0.5052 0.5128 -0.6941
vn 0.5152 -0.4834 -0.7077
vn 0.0100 -0.9999 -0.0138
vn -0.5052 -0.5128 0.6941
vn -0.3671 0.4835 0.7947
vn -0.0072 0.9999 0.0155
vn 0.3600 0.5129 -0.7793
vn 0.3671 -0.4835 -0.7946
vn 0.0072 -0.9999 -0.0155
vn -0.3600 -0.5129 0.7793
vn -0.2135 0.4842 0.8485
vn -0.0042 0.9999 0.0165
vn 0.2098 0.5136 -0.8320
vn 0.2139 -0.4842 -0.8484
vn 0.0042 -0.9999 -0.0165
vn -0.2094 -0.5136 0.8321
vn -0.1309 0.4850 0.8647
vn -0.0025 0.9999 0.0168
vn 0.1289 0.5144 -0.8478
vn 0.1314 -0.4850 -0.8646
vn 0.0025 -0.9999 -0.0168
vn -0.1284 -0.5144 0.8479
vn -0.1202 0.4852 0.8661
vn -0.0023 0.9999 0.0168
vn 0.1178 0.5147 -0.8493
vn 0.1202 -0.4852 -0.8661
vn 0.0023 -0.9999 -0.0168
vn -0.1178 -0.5146 0.8493
vn -0.1189 0.4852 0.8663
vn 0.1166 0.5146 -0.8495
vn 0.1189 -0.4852 -0.8663
vn -0.1166 -0.5146 0.8494
vn -0.1270 0.4852 0.8651
vn 0.1245 0.5146 -0.8483
vn 0.1269 -0.4852 -0.8651
vn -0.1245 -0.5146 0.8483
vn -0.1445 0.4852 0.8624
vn -0.0028 0.9999 0.0168
vn 0.1416 0.5146 -0.8456
vn 0.1444 -0.4852 -0.8624
vn 0.0028 -0.9999 -0.0168
vn -0.1416 -0.5146 0.8456
vn -0.1715 0.4851 0.8574
vn -0.0033 0.9999 0.0167
vn 0.1681 0.5146 -0.8408
vn 0.1715 -0.4852 -0.8575
vn 0.0033 -0.9999 -0.0167
vn -0.1682 -0.5146 0.8408
vn -0.2085 0.4851 0.8492
vn -0.0041 0.9999 0.0165
vn 0.2044 0.5145 -0.8328
vn 0.2084 -0.4851 -0.8493
vn 0.0041 -0.9999 -0.0165
vn -0.2045 -0.5145 0.8327
vn -0.2557 0.4850 0.8363
vn -0.0050 0.9999 0.0163
vn 0.2507 0.5144 -0.8201
vn 0.2556 -0.4850 -0.8363
vn 0.0050 -0.9999 -0.0163
vn -0.2507 -0.5145 0.8200
vn -0.3131 0.4849 0.8166
vn -0.0061 0.9999 0.0159
vn 0.3069 0.5144 -0.8008
vn 0.3130 -0.4849 -0.8166
vn 0.0061 -0.9999 -0.0159
vn -0.3070 -0.5144 0.8007
vn -0.3801 0.4848 0.7877
vn -0.0074 0.9999 0.0153
vn 0.3726 0.5142 -0.7725
vn 0.3799 -0.4848 -0.7878
vn 0.0074 -0.9999 -0.0153
vn -0.3727 -0.5142 0.7724
vn -0.4547 0.4847 0.7472
vn -0.0088 0.9999 0.0145
vn 0.4458 0.5141 -0.7328
vn 0.4546 -0.4847 -0.7473
vn 0.0088 -0.9999 -0.0145
vn -0.4459 -0.5141 0.7327
vn -0.5338 0.4846 0.6930
vn -0.0104 0.9999 0.0135
vn 0.5234 0.5140 -0.6796
vn 0.5337 -0.4846 -0.6931
vn 0.0104 -0.9999 -0.0135
vn -0.5234 -0.5140 0.6795
vn -0.6128 0.4846 0.6243
vn -0.0119 0.9999 0.0121
vn 0.6010 0.5140 -0.6121
vn 0.6128 -0.4846 -0.6242
vn 0.0119 -0.9999 -0.0121
vn -0.6009 -0.5140 0.6122
vn -0.6791 0.4847 0.5513
vn -0.0132 0.9999 0.0107
vn 0.6661 0.5141 -0.5404
vn 0.6792 -0.4847 -0.5511
vn 0.0132 -0.9999 -0.0107
vn -0.6659 -0.5141 0.5406
vn -0.7277 0.4849 0.4851
vn -0.0141 0.9999 0.0094
vn 0.7137 0.5143 -0.4755
vn 0.7278 -0.4849 -0.4849
vn 0.0141 -0.9999 -0.0094
vn -0.7136 -0.5143 0.4757
vn -0.7614 0.4850 0.4302
vn -0.0148 0.9999 0.0084
vn 0.7467 0.5144 -0.4217
vn 0.7615 -0.4850 -0.4300
vn 0.0148 -0.9999 -0.0084
vn -0.7466 -0.5145 0.4219
vn -0.7832 0.4851 0.3888
vn -0.0152 0.9999 0.0076
vn 0.7681 0.5145 -0.3812
vn 0.7833 -0.4851 -0.3887
vn 0.0152 -0.9999 -0.0076
vn -0.7680 -0.5145 0.3813
vn -0.7961 0.4852 0.3618
vn -0.0155 0.9999 0.0070
vn 0.7806 0.5146 -0.3547
vn 0.7961 -0.4852 -0.3617
vn 0.0155 -0.9999 -0.0070
vn -0.7806 -0.5146 0.3548
vn -0.8016 0.4852 0.3492
vn -0.0156 0.9999 0.0068
vn 0.7861 0.5146 -0.3424
vn 0.8016 -0.4852 -0.3492
vn 0.0156 -0.9999 -0.0068
vn -0.7860 -0.5147 0.3424
vn -0.8008 0.4852 0.3511
vn 0.7853 0.5146 -0.3443
vn 0.8008 -0.4852 -0.3511
vn -0.7853 -0.5146 0.3442
vn -0.7936 0.4852 0.3672
vn -0.0154 0.9999 0.0071
vn 0.7781 0.5146 -0.3601
vn 0.7935 -0.4852 -0.3673
vn 0.0154 -0.9999 -0.0071
vn -0.7782 -0.5146 0.3601
vn -0.7788 0.4851 0.3976
vn -0.0151 0.9999 0.0077
vn 0.7637 0.5145 -0.3900
vn 0.7788 -0.4851 -0.3977
vn 0.0151 -0.9999 -0.0077
vn -0.7637 -0.5145 0.3899
vn -0.7547 0.4850 0.4419
vn -0.0147 0.9999 0.0086
vn 0.7399 0.5144 -0.4334
vn 0.7546 -0.4850 -0.4420
vn 0.0147 -0.9999 -0.0086
vn -0.7400 -0.5144 0.4333
vn -0.7188 0.4845 0.4985
vn -0.0140 0.9999 0.0097
vn 0.7042 0.5140 -0.4898
vn 0.7181 -0.4846 -0.4995
vn 0.0140 -0.9999 -0.0097
vn -0.7049 -0.5140 0.4889
vn -0.6345 0.4836 0.6029
vn -0.0124 0.9999 0.0118
vn 0.6220 0.5131 -0.5915
vn 0.6342 -0.4836 -0.6032
vn 0.0124 -0.9999 -0.0118
vn -0.6223 -0.5130 0.5913
vn -0.4943 0.4834 0.7225
vn -0.0096 0.9999 0.0141
vn 0.4849 0.5128 -0.7085
vn 0.4945 -0.4834 -0.7224
vn 0.0096 -0.9999 -0.0141
vn -0.4848 -0.5128 0.7086
vn -0.3509 0.4838 0.8017
vn -0.0068 0.9999 0.0156
vn 0.3443 0.5132 -0.7862
vn 0.3511 -0.4838 -0.8017
vn 0.0068 -0.9999 -0.0156
vn -0.3441 -0.5132 0.7862
vn -0.2217 0.4843 0.8464
vn -0.0043 0.9999 0.0165
vn 0.2176 0.5137 -0.8299
vn 0.2219 -0.4843 -0.8463
vn 0.0043 -0.9999 -0.0165
vn -0.2174 -0.5137 0.8300
vn -0.1139 0.4846 0.8673
vn -0.0022 0.9999 0.0169
vn 0.1118 0.5141 -0.8504
vn 0.1140 -0.4846 -0.8673
vn 0.0022 -0.9999 -0.0169
vn -0.1117 -0.5140 0.8505
vn -0.0276 0.4848 0.8742
vn -0.0005 0.9999 0.0170
vn 0.0271 0.5143 -0.8572
vn 0.0276 -0.4848 -0.8742
vn 0.0005 -0.9999 -0.0170
vn -0.0270 -0.5143 0.8572
vn 0.0403 0.4850 0.8736
vn 0.0008 0.9999 0.0170
vn -0.0395 0.5144 -0.8566
vn -0.0403 -0.4850 -0.8736
vn -0.0008 -0.9999 -0.0170
vn 0.0395 -0.5144 0.8566
vn 0.0930 0.4851 0.8695
vn 0.0018 0.9999 0.0169
vn -0.0912 0.5145 -0.8526
vn -0.0930 -0.4851 -0.8695
vn -0.0018 -0.9999 -0.0169
vn 0.0912 -0.5145 0.8526
vn 0.1334 0.4851 0.8642
vn 0.0026 0.9999 0.0168
vn -0.1308 0.5146 -0.8474
vn -0.1334 -0.4851 -0.8642
vn -0.0026 -0.9999 -0.0168
vn 0.1308 -0.5146 0.8474
vn 0.1635 0.4852 0.8590
vn 0.0032 0.9999 0.0167
vn -0.1603 0.5146 -0.8423
vn -0.1635 -0.4852 -0.8590
vn -0.0032 -0.9999 -0.0167
vn 0.1604 -0.5146 0.8423
vn 0.1847 0.4852 0.8547
vn 0.0036 0.9999 0.0166
vn -0.1811 0.5146 -0.8381
vn -0.1847 -0.4852 -0.8547
vn -0.0036 -0.9999 -0.0166
vn 0.1811 -0.5146 0.8381
vn 0.1974 0.4850 0.8519
vn 0.0038 0.9999 0.0166
vn -0.1937 0.5145 -0.8353
vn -0.1975 -0.4850 -0.8519
vn -0.0038 -0.9999 -0.0166
vn 0.1936 -0.5145 0.8354
vn 0.1219 0.4847 0.8662
vn 0.0024 0.9999 0.0168
vn -0.1198 0.5141 -0.8493
vn -0.1222 -0.4847 -0.8661
vn -0.0024 -0.9999 -0.0168
vn 0.1196 -0.5141 0.8494
vn 0.0141 0.4847 0.8745
vn 0.0003 0.9999 0.0170
vn -0.0135 0.5142 -0.8576
vn -0.0138 -0.4847 -0.8745
vn -0.0003 -0.9999 -0.0170
vn 0.0138 -0.5142 0.8576
vn -0.0467 0.4851 0.8732
vn -0.0009 0.9999 0.0170
vn 0.0458 0.5145 -0.8562
vn 0.0467 -0.4851 -0.8732
vn 0.0009 -0.9999 -0.0170
vn -0.0458 -0.5145 0.8563
vn -0.0768 0.4852 0.8710
vn -0.0015 0.9999 0.0169
vn 0.0753 0.5146 -0.8541
vn 0.0768 -0.4852 -0.8710
vn 0.0015 -0.9999 -0.0169
vn -0.0753 -0.5146 0.8541
vn -0.0843 0.4852 0.8703
vn -0.0016 0.9999 0.0169
vn 0.0826 0.5146 -0.8534
vn 0.0843 -0.4852 -0.8703
vn 0.0016 -0.9999 -0.0169
vn -0.0826 -0.5146 0.8534
vn -0.0714 0.4852 0.8715
vn -0.0014 0.9999 0.0169
vn 0.0699 0.5146 -0.8546
vn 0.0713 -0.4852 -0.8715
vn 0.0014 -0.9999 -0.0169
vn -0.0700 -0.5146 0.8546
vn -0.0359 0.4850 0.8738
vn -0.0007 0.9999 0.0170
vn 0.0351 0.5145 -0.8568
vn 0.0358 -0.4851 -0.8737
vn 0.0007 -0.9999 -0.0170
vn -0.0352 -0.5145 0.8568
vn 0.0295 0.4847 0.8742
vn 0.0006 0.9999 0.0170
vn -0.0292 0.5141 -0.8572
vn -0.0297 -0.4847 -0.8742
vn -0.0006 -0.9999 -0.0170
vn 0.0289 -0.5141 0.8572
vn 0.1393 0.4838 0.8640
vn 0.0027 0.9999 0.0168
vn -0.1374 0.5132 -0.8472
vn -0.1401 -0.4838 -0.8639
vn -0.0027 -0.9999 -0.0168
vn 0.1366 -0.5132 0.8473
vn 0.3158 0.4816 0.8175
vn 0.0062 0.9999 0.0160
vn -0.3118 0.5110 -0.8010
vn -0.3179 -0.4817 -0.8167
vn -0.0062 -0.9999 -0.0160
vn 0.3098 -0.5110 0.8018
vn 0.5654 0.4783 0.6720
vn 0.0112 0.9999 0.0132
vn -0.5568 0.5076 -0.6575
vn -0.5676 -0.4784 -0.6701
vn -0.0112 -0.9999 -0.0132
vn 0.5547 -0.5076 0.6592
vn 0.7955 0.4786 0.3717
vn 0.0172 0.9998 0.0081
vn -0.7780 0.5092 -0.3680
vn -0.7939 -0.4787 -0.3750
vn -0.0172 -0.9998 -0.0080
vn 0.7799 -0.5092 0.3640
vn 0.8698 0.4764 0.1285
vn 0.0322 0.9989 -0.0331
vn -0.8391 0.5189 -0.1631
vn -0.8695 -0.4765 -0.1300
vn -0.0322 -0.9989 0.0331
vn 0.8393 -0.5190 0.1619
vn 0.8830 0.4691 0.0142
vn 0.0401 0.9945 -0.0966
vn -0.8438 0.5251 -0.1110
vn -0.8830 -0.4691 -0.0144
vn -0.0401 -0.9945 0.0966
vn 0.8438 -0.5251 0.1110
vn 0.8859 0.4597 -0.0621
vn 0.0415 0.9889 -0.1424
vn -0.8447 0.5291 -0.0804
vn -0.8859 -0.4598 0.0620
vn -0.0415 -0.9889 0.1424
vn 0.8447 -0.5291 0.0803
vn 0.8853 0.4524 -0.1074
vn 0.0410 0.9839 -0.1741
vn -0.8444 0.5315 -0.0667
vn -0.8853 -0.4524 0.1074
vn -0.0410 -0.9839 0.1741
vn 0.8444 -0.5315 0.0667
vn 0.8846 0.4487 -0.1271
vn 0.0402 0.9800 -0.1947
vn -0.8444 0.5314 -0.0676
vn -0.8846 -0.4487 0.1271
vn -0.0402 -0.9800 0.1947
vn 0.8444 -0.5314 0.0676
vn 0.8848 0.4493 -0.1236
vn 0.0398 0.9778 -0.2059
vn -0.8450 0.5284 -0.0823
vn -0.8848 -0.4493 0.1236
vn -0.0398 -0.9778 0.2059
vn 0.8450 -0.5284 0.0823
vn 0.8853 0.4549 -0.0967
vn 0.0398 0.9772 -0.2084
vn -0.8455 0.5221 -0.1116
vn -0.8853 -0.4549 0.0967
vn -0.0398 -0.9772 0.2084
vn 0.8455 -0.5221 0.1117
vn 0.8838 0.4659 -0.0436
vn 0.0398 0.9786 -0.2018
vn -0.8442 0.5122 -0.1580
vn -0.8838 -0.4659 0.0437
vn -0.0398 -0.9786 0.2018
vn 0.8442 -0.5122 0.1580
vn 0.8749 0.4826 0.0406
vn 0.0382 0.9820 -0.1847
vn -0.8372 0.4984 -0.2251
vn -0.8749 -0.4826 -0.0404
vn -0.0382 -0.9820 0.1848
vn 0.8372 -0.4984 0.2252
vn 0.8483 0.5042 0.1619
vn 0.0322 0.9873 -0.1555
vn -0.8173 0.4812 -0.3172
vn -0.8484 -0.5041 -0.1615
vn -0.0322 -0.9873 0.1556
vn 0.8172 -0.4811 0.3174
vn 0.7869 0.5269 0.3213
vn 0.0167 0.9934 -0.1135
vn -0.7722 0.4632 -0.4350
vn -0.7871 -0.5268 -0.3209
vn -0.0167 -0.9934 0.1136
vn 0.7721 -0.4631 0.4352
vn 0.6716 0.5428 0.5043
vn -0.0149 0.9979 -0.0625
vn -0.6887 0.4506 -0.5680
vn -0.6718 -0.5427 -0.5041
vn 0.0149 -0.9979 0.0625
vn 0.6886 -0.4506 0.5682
vn 0.8613 0.4973 0.1040
vn -0.0005 0.9988 0.0496
vn -0.8645 0.4997 -0.0552
vn -0.8612 -0.4973 -0.1049
vn 0.0005 -0.9988 -0.0498
vn 0.8645 -0.4996 0.0550
vn 0.8355 0.4837 0.2607
vn -0.0133 0.9925 0.1217
vn -0.8501 0.5077 -0.1397
vn -0.8354 -0.4837 -0.2612
vn 0.0133 -0.9925 -0.1218
vn 0.8502 -0.5077 0.1396
vn 0.8026 0.4668 0.3714
vn -0.0281 0.9851 0.1696
vn -0.8314 0.5177 -0.2022
vn -0.8025 -0.4668 -0.3715
vn 0.0281 -0.9851 -0.1697
vn 0.8314 -0.5176 0.2021
vn 0.7680 0.4495 0.4563
vn -0.0422 0.9781 0.2036
vn -0.8106 0.5282 -0.2530
vn -0.7680 -0.4495 -0.4563
vn 0.0422 -0.9781 -0.2037
vn 0.8106 -0.5282 0.2529
vn 0.7318 0.4320 0.5271
vn -0.0554 0.9718 0.2294
vn -0.7876 0.5394 -0.2980
vn -0.7318 -0.4320 -0.5271
vn 0.0554 -0.9718 -0.2294
vn 0.7876 -0.5394 0.2980
vn 0.6925 0.4136 0.5911
vn -0.0683 0.9658 0.2501
vn -0.7610 0.5517 -0.3412
vn -0.6925 -0.4136 -0.5910
vn 0.0683 -0.9658 -0.2502
vn 0.7610 -0.5517 0.3412
vn 0.6474 0.3935 0.6527
vn -0.0813 0.9600 0.2679
vn -0.7289 0.5660 -0.3852
vn -0.6474 -0.3935 -0.6527
vn 0.0813 -0.9600 -0.2679
vn 0.7289 -0.5660 0.3852
vn 0.5924 0.3703 0.7156
vn -0.0953 0.9541 0.2839
vn -0.6879 0.5831 -0.4321
vn -0.5924 -0.3703 -0.7155
vn 0.0953 -0.9541 -0.2839
vn 0.6879 -0.5831 0.4322
vn 0.5214 0.3421 0.7817
vn -0.1114 0.9478 0.2989
vn -0.6331 0.6045 -0.4835
vn -0.5216 -0.3422 -0.7816
vn 0.1114 -0.9478 -0.2989
vn 0.6330 -0.6045 0.4835
vn 0.4253 0.3069 0.8514
vn -0.1310 0.9406 0.3133
vn -0.5567 0.6319 -0.5392
vn -0.4256 -0.3070 -0.8512
vn 0.1310 -0.9406 -0.3133
vn 0.5565 -0.6320 0.5394
vn 0.2908 0.2623 0.9201
vn -0.1563 0.9322 0.3264
vn -0.4476 0.6670 -0.5957
vn -0.2914 -0.2625 -0.9199
vn 0.1562 -0.9322 -0.3264
vn 0.4471 -0.6671 0.5958
vn 0.1042 0.2092 0.9723
vn -0.1894 0.9230 0.3349
vn -0.2924 0.7113 -0.6392
vn -0.1031 -0.2090 -0.9725
vn 0.1895 -0.9230 -0.3349
vn 0.2929 -0.7112 0.6391
vn -0.0192 0.1818 0.9831
vn -0.1847 0.9246 0.3332
vn -0.1645 0.7418 -0.6501
vn 0.0200 -0.1817 -0.9832
vn 0.1847 -0.9246 -0.3332
vn 0.1652 -0.7417 0.6501
vn -0.0412 0.1787 0.9830
vn -0.1472 0.9314 0.3328
vn -0.1059 0.7525 -0.6500
vn 0.0412 -0.1787 -0.9830
vn 0.1472 -0.9314 -0.3328
vn 0.1060 -0.7525 0.6500
vn -0.0698 0.1748 0.9821
vn -0.1225 0.9347 0.3338
vn -0.0527 0.7596 -0.6483
vn 0.0698 -0.1748 -0.9821
vn 0.1225 -0.9347 -0.3337
vn 0.0527 -0.7596 0.6483
vn -0.1062 0.1712 0.9795
vn -0.1080 0.9360 0.3349
vn -0.0019 0.7645 -0.6446
vn 0.1061 -0.1712 -0.9795
vn 0.1081 -0.9360 -0.3349
vn 0.0019 -0.7645 0.6446
vn -0.1517 0.1680 0.9740
vn -0.1024 0.9364 0.3357
vn 0.0493 0.7681 -0.6385
vn 0.1517 -0.1680 -0.9741
vn 0.1024 -0.9364 -0.3357
vn -0.0493 -0.7681 0.6384
vn -0.2084 0.1652 0.9640
vn -0.1052 0.9362 0.3354
vn 0.1032 0.7706 -0.6289
vn 0.2083 -0.1652 -0.9640
vn 0.1052 -0.9362 -0.3354
vn -0.1032 -0.7706 0.6289
vn -0.2787 0.1630 0.9464
vn -0.1165 0.9358 0.3327
vn 0.1623 0.7723 -0.6142
vn 0.2786 -0.1630 -0.9465
vn 0.1165 -0.9358 -0.3327
vn -0.1623 -0.7723 0.6142
vn -0.3658 0.1616 0.9165
vn -0.1372 0.9354 0.3258
vn 0.2288 0.7731 -0.5916
vn 0.3656 -0.1616 -0.9166
vn 0.1372 -0.9354 -0.3259
vn -0.2289 -0.7731 0.5915
vn -0.4722 0.1610 0.8666
vn -0.1682 0.9352 0.3117
vn 0.3045 0.7732 -0.5563
vn 0.4719 -0.1610 -0.8668
vn 0.1681 -0.9352 -0.3118
vn -0.3047 -0.7732 0.5562
vn -0.5976 0.1614 0.7854
vn -0.2095 0.9352 0.2856
vn 0.3892 0.7724 -0.5019
vn 0.5971 -0.1614 -0.7858
vn 0.2094 -0.9352 -0.2857
vn -0.3894 -0.7724 0.5018
vn -0.7339 0.1625 0.6595
vn -0.2582 0.9354 0.2415
vn 0.4780 0.7711 -0.4207
vn 0.7334 -0.1626 -0.6601
vn 0.2582 -0.9354 -0.2416
vn -0.4782 -0.7711 0.4205
vn -0.8603 0.1639 0.4826
vn -0.3056 0.9359 0.1750
vn 0.5578 0.7705 -0.3083
vn 0.8610 -0.1639 -0.4814
vn 0.3057 -0.9359 -0.1748
vn -0.5576 -0.7705 0.3088
vn -0.9232 0.1646 0.3472
vn -0.3285 0.9364 0.1234
vn 0.5959 0.7713 -0.2236
vn 0.9235 -0.1646 -0.3464
vn 0.3285 -0.9364 -0.1233
vn -0.5958 -0.7713 0.2239
vn -0.9393 0.1648 0.3010
vn -0.3337 0.9366 0.1069
vn 0.6057 0.7717 -0.1940
vn 0.9393 -0.1648 -0.3009
vn 0.3337 -0.9366 -0.1069
vn -0.6057 -0.7717 0.1941
vn -0.9469 0.1648 0.2759
vn -0.3364 0.9366 0.0980
vn 0.6106 0.7717 -0.1779
vn 0.9470 -0.1648 -0.2759
vn 0.3364 -0.9366 -0.0980
vn -0.6106 -0.7717 0.1779
vn -0.9487 0.1648 0.2697
vn -0.3370 0.9366 0.0958
vn 0.6117 0.7718 -0.1739
vn 0.9487 -0.1648 -0.2697
vn 0.3370 -0.9366 -0.0958
vn -0.6117 -0.7718 0.1739
vn -0.9452 0.1648 0.2817
vn -0.3358 0.9366 0.1001
vn 0.6095 0.7717 -0.1816
vn 0.9452 -0.1648 -0.2817
vn 0.3358 -0.9366 -0.1001
vn -0.6095 -0.7717 0.1816
vn -0.9356 0.1648 0.3121
vn -0.3325 0.9366 0.1109
vn 0.6033 0.7717 -0.2013
vn 0.9356 -0.1648 -0.3122
vn 0.3325 -0.9366 -0.1109
vn -0.6033 -0.7717 0.2013
vn -0.9174 0.1648 0.3623
vn -0.3261 0.9365 0.1288
vn 0.5917 0.7716 -0.2337
vn 0.9174 -0.1648 -0.3624
vn 0.3261 -0.9365 -0.1288
vn -0.5917 -0.7716 0.2337
vn -0.8858 0.1647 0.4338
vn -0.3150 0.9365 0.1543
vn 0.5715 0.7714 -0.2800
vn 0.8857 -0.1647 -0.4340
vn 0.3150 -0.9365 -0.1543
vn -0.5715 -0.7714 0.2799
vn -0.8336 0.1645 0.5272
vn -0.2966 0.9364 0.1877
vn 0.5380 0.7711 -0.3405
vn 0.8335 -0.1645 -0.5275
vn 0.2966 -0.9364 -0.1877
vn -0.5381 -0.7711 0.3404
vn -0.7510 0.1643 0.6395
vn -0.2675 0.9362 0.2278
vn 0.4849 0.7708 -0.4132
vn 0.7508 -0.1643 -0.6398
vn 0.2675 -0.9362 -0.2279
vn -0.4850 -0.7708 0.4131
vn -0.6292 0.1642 0.7597
vn -0.2243 0.9361 0.2709
vn 0.4065 0.7704 -0.4912
vn 0.6289 -0.1642 -0.7600
vn 0.2243 -0.9361 -0.2710
vn -0.4066 -0.7704 0.4911
vn -0.4676 0.1641 0.8686
vn -0.1671 0.9359 0.3101
vn 0.3023 0.7708 -0.5608
vn 0.4679 -0.1641 -0.8684
vn 0.1670 -0.9359 -0.3102
vn -0.3020 -0.7708 0.5610
vn -0.3106 0.1612 0.9368
vn -0.0855 0.9344 0.3457
vn 0.2277 0.7731 -0.5920
vn 0.3141 -0.1614 -0.9356
vn 0.0861 -0.9345 -0.3455
vn -0.2267 -0.7732 0.5923
vn -0.2292 0.1567 0.9607
vn -0.0247 0.9314 0.3631
vn 0.2048 0.7749 -0.5980
vn 0.2299 -0.1567 -0.9605
vn 0.0251 -0.9315 -0.3630
vn -0.2048 -0.7749 0.5980
vn -0.1808 0.1528 0.9716
vn 0.0077 0.9289 0.3701
vn 0.1886 0.7762 -0.6016
vn 0.1810 -0.1528 -0.9715
vn -0.0076 -0.9290 -0.3701
vn -0.1886 -0.7762 0.6016
vn -0.1498 0.1499 0.9773
vn 0.0254 0.9274 0.3733
vn 0.1752 0.7774 -0.6041
vn 0.1499 -0.1499 -0.9773
vn -0.0254 -0.9274 -0.3733
vn -0.1752 -0.7774 0.6040
vn -0.1289 0.1479 0.9806
vn 0.0342 0.9265 0.3746
vn 0.1631 0.7786 -0.6059
vn 0.1290 -0.1479 -0.9806
vn -0.0342 -0.9265 -0.3746
vn -0.1631 -0.7786 0.6059
vn -0.1145 0.1466 0.9825
vn 0.0370 0.9263 0.3750
vn 0.1515 0.7797 -0.6075
vn 0.1145 -0.1466 -0.9825
vn -0.0370 -0.9263 -0.3750
vn -0.1515 -0.7797 0.6075
vn -0.1046 0.1457 0.9838
vn 0.0353 0.9264 0.3748
vn 0.1398 0.7807 -0.6090
vn 0.1046 -0.1457 -0.9838
vn -0.0353 -0.9264 -0.3748
vn -0.1398 -0.7807 0.6090
vn -0.0979 0.1451 0.9846
vn 0.0298 0.9269 0.3741
vn 0.1277 0.7817 -0.6104
vn 0.0979 -0.1452 -0.9846
vn -0.0298 -0.9269 -0.3742
vn -0.1277 -0.7817 0.6104
vn -0.0938 0.1449 0.9850
vn 0.0211 0.9275 0.3732
vn 0.1149 0.7826 -0.6118
vn 0.0938 -0.1449 -0.9850
vn -0.0211 -0.9275 -0.3732
vn -0.1149 -0.7826 0.6118
vn -0.0918 0.1448 0.9852
vn 0.0092 0.9282 0.3720
vn 0.1010 0.7834 -0.6132
vn 0.0918 -0.1448 -0.9852
vn -0.0092 -0.9282 -0.3720
vn -0.1010 -0.7834 0.6132
vn -0.0060 0.9288 0.3704
vn 0.0857 0.7841 -0.6147
vn 0.0060 -0.9288 -0.3704
vn -0.0857 -0.7841 0.6147
vn -0.0935 0.1448 0.9850
vn -0.0248 0.9292 0.3686
vn 0.0687 0.7845 -0.6164
vn 0.0935 -0.1448 -0.9850
vn 0.0248 -0.9293 -0.3686
vn -0.0687 -0.7845 0.6164
vn -0.0969 0.1448 0.9847
vn -0.0463 0.9292 0.3665
vn 0.0506 0.7845 -0.6181
vn 0.0969 -0.1448 -0.9847
vn 0.0463 -0.9292 -0.3665
vn -0.0506 -0.7845 0.6181
vn -0.1011 0.1447 0.9843
vn -0.0660 0.9288 0.3646
vn 0.0352 0.7841 -0.6196
vn 0.1011 -0.1447 -0.9843
vn 0.0660 -0.9288 -0.3646
vn -0.0351 -0.7841 0.6196
vn -0.1062 0.1445 0.9838
vn -0.0831 0.9281 0.3629
vn 0.0231 0.7836 -0.6208
vn 0.1062 -0.1445 -0.9838
vn 0.0831 -0.9281 -0.3629
vn -0.0231 -0.7836 0.6208
vn -0.1124 0.1442 0.9832
vn -0.0981 0.9272 0.3614
vn 0.0143 0.7831 -0.6217
vn 0.1124 -0.1442 -0.9832
vn 0.0981 -0.9272 -0.3614
vn -0.0143 -0.7831 0.6217
vn -0.1199 0.1436 0.9823
vn -0.1111 0.9263 0.3600
vn 0.0087 0.7827 -0.6224
vn 0.1199 -0.1436 -0.9823
vn 0.1111 -0.9263 -0.3600
vn -0.0087 -0.7827 0.6224
vn -0.1292 0.1429 0.9813
vn -0.1225 0.9254 0.3587
vn 0.0067 0.7825 -0.6226
vn 0.1292 -0.1429 -0.9813
vn 0.1225 -0.9254 -0.3587
vn -0.0067 -0.7825 0.6226
vn -0.1409 0.1418 0.9798
vn -0.1323 0.9245 0.3575
vn 0.0086 0.7827 -0.6224
vn 0.1409 -0.1418 -0.9798
vn 0.1323 -0.9245 -0.3574
vn -0.0086 -0.7827 0.6224
vn -0.1562 0.1404 0.9777
vn -0.1406 0.9237 0.3563
vn 0.0156 0.7833 -0.6214
vn 0.1562 -0.1404 -0.9777
vn 0.1406 -0.9237 -0.3563
vn -0.0156 -0.7833 0.6214
vn -0.1768 0.1384 0.9745
vn -0.1473 0.9231 0.3552
vn 0.0295 0.7846 -0.6193
vn 0.1767 -0.1384 -0.9745
vn 0.1473 -0.9231 -0.3552
vn -0.0295 -0.7846 0.6193
vn -0.2059 0.1357 0.9691
vn -0.1520 0.9227 0.3544
vn 0.0537 0.7868 -0.6149
vn 0.2057 -0.1357 -0.9691
vn 0.1520 -0.9227 -0.3544
vn -0.0539 -0.7868 0.6149
vn -0.2500 0.1321 0.9592
vn -0.1541 0.9225 0.3538
vn 0.0954 0.7900 -0.6057
vn 0.2495 -0.1321 -0.9593
vn 0.1541 -0.9225 -0.3538
vn -0.0960 -0.7900 0.6055
vn -0.3237 0.1277 0.9375
vn -0.1516 0.9226 0.3548
vn 0.1708 0.7937 -0.5839
vn 0.3217 -0.1278 -0.9382
vn 0.1516 -0.9226 -0.3548
vn -0.1720 -0.7937 0.5835
vn -0.4462 0.1259 0.8860
vn -0.1673 0.9222 0.3488
vn 0.2800 0.7951 -0.5380
vn 0.4466 -0.1259 -0.8858
vn 0.1672 -0.9222 -0.3488
vn -0.2793 -0.7951 0.5384
vn -0.5494 0.1279 0.8257
vn -0.1971 0.9226 0.3316
vn 0.3531 0.7941 -0.4947
vn 0.5499 -0.1279 -0.8254
vn 0.1972 -0.9226 -0.3315
vn -0.3528 -0.7941 0.4949
vn -0.6223 0.1305 0.7718
vn -0.2184 0.9234 0.3156
vn 0.4044 0.7925 -0.4565
vn 0.6226 -0.1305 -0.7716
vn 0.2184 -0.9234 -0.3156
vn -0.4043 -0.7925 0.4566
vn -0.6747 0.1331 0.7259
vn -0.2340 0.9242 0.3019
vn 0.4411 0.7909 -0.4242
vn 0.6749 -0.1331 -0.7258
vn 0.2340 -0.9242 -0.3019
vn -0.4410 -0.7909 0.4243
vn -0.7134 0.1354 0.6875
vn -0.2458 0.9249 0.2901
vn 0.4678 0.7894 -0.3975
vn 0.7135 -0.1354 -0.6875
vn 0.2458 -0.9249 -0.2901
vn -0.4678 -0.7894 0.3975
vn -0.7426 0.1374 0.6555
vn -0.2549 0.9255 0.2800
vn 0.4878 0.7881 -0.3755
vn 0.7426 -0.1374 -0.6554
vn 0.2549 -0.9255 -0.2800
vn -0.4878 -0.7881 0.3756
vn -0.7651 0.1391 0.6287
vn -0.2623 0.9261 0.2712
vn 0.5029 0.7869 -0.3575
vn 0.7652 -0.1391 -0.6286
vn 0.2623 -0.9261 -0.2712
vn -0.5029 -0.7869 0.3575
vn -0.7828 0.1405 0.6061
vn -0.2683 0.9266 0.2635
vn 0.5145 0.7860 -0.3426
vn 0.7828 -0.1405 -0.6061
vn 0.2683 -0.9266 -0.2635
vn -0.5145 -0.7860 0.3427
vn -0.7969 0.1417 0.5872
vn -0.2734 0.9270 0.2567
vn 0.5235 0.7853 -0.3306
vn 0.7969 -0.1417 -0.5872
vn 0.2734 -0.9270 -0.2567
vn -0.5235 -0.7853 0.3306
vn -0.8083 0.1427 0.5712
vn -0.2779 0.9274 0.2504
vn 0.5305 0.7847 -0.3208
vn 0.8083 -0.1427 -0.5712
vn 0.2779 -0.9274 -0.2504
vn -0.5305 -0.7847 0.3208
vn -0.8175 0.1435 0.5577
vn -0.2818 0.9277 0.2447
vn 0.5358 0.7842 -0.3130
vn 0.8175 -0.1435 -0.5577
vn 0.2818 -0.9277 -0.2447
vn -0.5358 -0.7842 0.3130
vn -0.8250 0.1442 0.5464
vn -0.2853 0.9281 0.2394
vn 0.5397 0.7839 -0.3070
vn 0.8250 -0.1442 -0.5464
vn 0.2853 -0.9281 -0.2394
vn -0.5397 -0.7839 0.3070
vn -0.8311 0.1447 0.5370
vn -0.2886 0.9283 0.2343
vn 0.5425 0.7836 -0.3027
vn 0.8311 -0.1447 -0.5369
vn 0.2886 -0.9283 -0.2343
vn -0.5425 -0.7836 0.3027
vn -0.8360 0.1451 0.5292
vn -0.2917 0.9286 0.2293
vn 0.5443 0.7835 -0.2999
vn 0.8360 -0.1451 -0.5292
vn 0.2917 -0.9286 -0.2293
vn -0.5443 -0.7835 0.2999
vn -0.8398 0.1454 0.5231
vn -0.2947 0.9288 0.2245
vn 0.5450 0.7834 -0.2987
vn 0.8398 -0.1454 -0.5231
vn 0.2947 -0.9288 -0.2245
vn -0.5450 -0.7834 0.2987
vn -0.8426 0.1456 0.5185
vn -0.2977 0.9291 0.2195
vn 0.5448 0.7834 -0.2990
vn 0.8426 -0.1456 -0.5185
vn 0.2977 -0.9291 -0.2195
vn -0.5448 -0.7834 0.2990
vn -0.8444 0.1458 0.5155
vn -0.3008 0.9293 0.2144
vn 0.5436 0.7835 -0.3010
vn 0.8444 -0.1458 -0.5155
vn 0.3008 -0.9293 -0.2144
vn -0.5436 -0.7835 0.3010
vn -0.8453 0.1458 0.5140
vn -0.3041 0.9294 0.2090
vn 0.5412 0.7836 -0.3049
vn 0.8453 -0.1458 -0.5140
vn 0.3041 -0.9294 -0.2090
vn -0.5412 -0.7836 0.3050
vn -0.8452 0.1458 0.5142
vn -0.3076 0.9296 0.2032
vn 0.5375 0.7838 -0.3111
vn 0.8452 -0.1458 -0.5142
vn 0.3076 -0.9296 -0.2032
vn -0.5375 -0.7838 0.3111
vn -0.8438 0.1458 0.5165
vn -0.3116 0.9296 0.1966
vn 0.5322 0.7839 -0.3199
vn 0.8438 -0.1458 -0.5165
vn 0.3116 -0.9296 -0.1966
vn -0.5322 -0.7839 0.3199
vn -0.8409 0.1457 0.5212
vn -0.3162 0.9296 0.1891
vn 0.5246 0.7839 -0.3321
vn 0.8409 -0.1457 -0.5212
vn 0.3162 -0.9296 -0.1891
vn -0.5247 -0.7839 0.3321
vn -0.8360 0.1459 0.5290
vn -0.3219 0.9295 0.1802
vn 0.5141 0.7836 -0.3488
vn 0.8360 -0.1459 -0.5290
vn 0.3219 -0.9295 -0.1802
vn -0.5141 -0.7836 0.3488
vn -0.8282 0.1463 0.5410
vn -0.3290 0.9291 0.1691
vn 0.4991 0.7827 -0.3719
vn 0.8282 -0.1463 -0.5410
vn 0.3290 -0.9291 -0.1691
vn -0.4992 -0.7827 0.3718
vn -0.8168 0.1475 0.5577
vn -0.3391 0.9279 0.1549
vn 0.4776 0.7796 -0.4052
vn 0.8148 -0.1477 -0.5606
vn 0.3388 -0.9279 -0.1553
vn -0.4783 -0.7797 0.4042
vn -0.9020 0.1351 0.4100
vn -0.3704 0.9234 0.1012
vn 0.5343 0.7863 -0.3104
vn 0.9018 -0.1351 -0.4104
vn 0.3704 -0.9234 -0.1011
vn -0.5344 -0.7863 0.3100
vn -0.9691 0.1236 0.2137
vn -0.3882 0.9204 0.0470
vn 0.5831 0.7951 -0.1665
vn 0.9692 -0.1236 -0.2129
vn 0.3882 -0.9204 -0.0470
vn -0.5830 -0.7951 0.1669
vn -0.9863 0.1206 0.1121
vn -0.3922 0.9197 0.0197
vn 0.5947 0.7986 -0.0924
vn 0.9864 -0.1206 -0.1120
vn 0.3922 -0.9197 -0.0197
vn -0.5947 -0.7986 0.0924
vn -0.9913 0.1194 0.0555
vn -0.3933 0.9194 0.0050
vn 0.5981 0.7998 -0.0504
vn 0.9913 -0.1194 -0.0555
vn 0.3933 -0.9194 -0.0050
vn -0.5981 -0.7998 0.0505
vn -0.9926 0.1189 0.0228
vn -0.3936 0.9193 -0.0028
vn 0.5991 0.8003 -0.0256
vn 0.9926 -0.1189 -0.0228
vn 0.3936 -0.9193 0.0028
vn -0.5991 -0.8003 0.0256
vn -0.9929 0.1187 0.0052
vn -0.3937 0.9192 -0.0062
vn 0.5993 0.8005 -0.0114
vn 0.9929 -0.1187 -0.0052
vn 0.3937 -0.9192 0.0062
vn -0.5993 -0.8005 0.0114
vn -0.9929 0.1187 -0.0010
vn -0.3936 0.9192 -0.0060
vn 0.5993 0.8005 -0.0050
vn 0.9929 -0.1187 0.0010
vn 0.3936 -0.9192 0.0060
vn -0.5993 -0.8005 0.0050
vn -0.9929 0.1187 0.0032
vn -0.3936 0.9193 -0.0024
vn 0.5993 0.8005 -0.0055
vn 0.9929 -0.1187 -0.0032
vn 0.3936 -0.9193 0.0024
vn -0.5993 -0.8005 0.0055
vn -0.9927 0.1188 0.0195
vn -0.3936 0.9193 0.0056
vn 0.5992 0.8005 -0.0139
vn 0.9927 -0.1188 -0.0195
vn 0.3936 -0.9193 -0.0056
vn -0.5992 -0.8005 0.0139
vn -0.9915 0.1188 0.0534
vn -0.3931 0.9193 0.0202
vn 0.5986 0.8004 -0.0332
vn 0.9915 -0.1188 -0.0535
vn 0.3931 -0.9193 -0.0203
vn -0.5986 -0.8004 0.0332
vn -0.9858 0.1188 0.1188
vn -0.3911 0.9191 0.0470
vn 0.5957 0.8000 -0.0721
vn 0.9858 -0.1188 -0.1191
vn 0.3911 -0.9191 -0.0471
vn -0.5957 -0.8000 0.0719
vn -0.9596 0.1186 0.2551
vn -0.3811 0.9189 0.1015
vn 0.5804 0.7996 -0.1543
vn 0.9595 -0.1186 -0.2554
vn 0.3811 -0.9189 -0.1016
vn -0.5804 -0.7996 0.1542
vn -0.9039 0.1187 0.4109
vn -0.3588 0.9191 0.1630
vn 0.5465 0.7998 -0.2481
vn 0.9042 -0.1187 -0.4103
vn 0.3589 -0.9191 -0.1629
vn -0.5464 -0.7998 0.2483
vn -0.8753 0.1189 0.4688
vn -0.3470 0.9193 0.1858
vn 0.5286 0.8003 -0.2831
vn 0.8753 -0.1188 -0.4688
vn 0.3470 -0.9193 -0.1858
vn -0.5286 -0.8003 0.2831
vn -0.8435 0.1189 0.5238
vn -0.3344 0.9193 0.2077
vn 0.5094 0.8003 -0.3163
vn 0.8435 -0.1189 -0.5238
vn 0.3344 -0.9193 -0.2077
vn -0.5094 -0.8003 0.3163
vn -0.8082 0.1189 0.5768
vn -0.3204 0.9193 0.2287
vn 0.4881 0.8003 -0.3483
vn 0.8082 -0.1189 -0.5768
vn 0.3204 -0.9193 -0.2287
vn -0.4881 -0.8003 0.3483
vn -0.7688 0.1188 0.6284
vn -0.3048 0.9193 0.2491
vn 0.4643 0.8003 -0.3795
vn 0.7688 -0.1188 -0.6284
vn 0.3048 -0.9193 -0.2491
vn -0.4643 -0.8003 0.3795
vn -0.7243 0.1188 0.6791
vn -0.2872 0.9193 0.2693
vn 0.4375 0.8002 -0.4102
vn 0.7243 -0.1188 -0.6792
vn 0.2872 -0.9193 -0.2693
vn -0.4375 -0.8002 0.4102
vn -0.6737 0.1188 0.7293
vn -0.2671 0.9192 0.2892
vn 0.4069 0.8002 -0.4405
vn 0.6737 -0.1188 -0.7294
vn 0.2671 -0.9192 -0.2892
vn -0.4069 -0.8002 0.4405
vn -0.6158 0.1188 0.7789
vn -0.2442 0.9192 0.3089
vn 0.3719 0.8002 -0.4705
vn 0.6158 -0.1188 -0.7789
vn 0.2442 -0.9192 -0.3089
vn -0.3719 -0.8002 0.4705
vn -0.5490 0.1188 0.8273
vn -0.2177 0.9192 0.3281
vn 0.3316 0.8002 -0.4998
vn 0.5490 -0.1188 -0.8274
vn 0.2177 -0.9192 -0.3281
vn -0.3316 -0.8001 0.4998
vn -0.4720 0.1188 0.8736
vn -0.1872 0.9192 0.3465
vn 0.2851 0.8001 -0.5278
vn 0.4719 -0.1188 -0.8736
vn 0.1872 -0.9192 -0.3465
vn -0.2851 -0.8001 0.5278
vn -0.3834 0.1188 0.9159
vn -0.1521 0.9191 0.3634
vn 0.2317 0.8000 -0.5534
vn 0.3834 -0.1188 -0.9159
vn 0.1521 -0.9191 -0.3634
vn -0.2317 -0.8000 0.5534
vn -0.2826 0.1188 0.9519
vn -0.1121 0.9192 0.3775
vn 0.1708 0.8002 -0.5749
vn 0.2828 -0.1188 -0.9518
vn 0.1121 -0.9192 -0.3775
vn -0.1707 -0.8002 0.5750
vn -0.3293 0.1186 0.9367
vn -0.1306 0.9190 0.3720
vn 0.1983 0.7997 -0.5667
vn 0.3276 -0.1186 -0.9374
vn 0.1303 -0.9190 -0.3721
vn -0.1989 -0.7997 0.5664
vn -0.5002 0.1185 0.8578
vn -0.1989 0.9188 0.3409
vn 0.3030 0.7994 -0.5189
vn 0.5008 -0.1185 -0.8574
vn 0.1990 -0.9188 -0.3409
vn -0.3027 -0.7994 0.5190
vn -0.6227 0.1187 0.7734
vn -0.2473 0.9190 0.3070
vn 0.3767 0.7998 -0.4673
vn 0.6232 -0.1187 -0.7730
vn 0.2473 -0.9190 -0.3069
vn -0.3765 -0.7998 0.4675
vn -0.7015 0.1188 0.7027
vn -0.2783 0.9192 0.2786
vn 0.4239 0.8001 -0.4244
vn 0.7018 -0.1188 -0.7024
vn 0.2783 -0.9192 -0.2786
vn -0.4238 -0.8001 0.4244
vn -0.7472 0.1189 0.6539
vn -0.2962 0.9193 0.2592
vn 0.4512 0.8003 -0.3948
vn 0.7473 -0.1189 -0.6538
vn 0.2962 -0.9193 -0.2592
vn -0.4512 -0.8003 0.3949
vn -0.7679 0.1189 0.6294
vn -0.3043 0.9193 0.2494
vn 0.4636 0.8004 -0.3800
vn 0.7679 -0.1189 -0.6294
vn 0.3043 -0.9193 -0.2494
vn -0.4636 -0.8004 0.3800
vn -0.7473 0.1189 0.6538
vn 0.4512 0.8003 -0.3949
vn 0.7472 -0.1188 -0.6539
vn -0.4512 -0.8003 0.3948
vn -0.7018 0.1188 0.7024
vn 0.4238 0.8001 -0.4244
vn 0.7015 -0.1188 -0.7026
vn -0.4239 -0.8001 0.4243
vn -0.6232 0.1187 0.7730
vn -0.2473 0.9190 0.3069
vn 0.3765 0.7998 -0.4675
vn 0.6227 -0.1187 -0.7734
vn 0.2473 -0.9190 -0.3070
vn -0.3767 -0.7998 0.4673
vn -0.5008 0.1185 0.8574
vn -0.1990 0.9188 0.3409
vn 0.3027 0.7994 -0.5190
vn 0.5002 -0.1185 -0.8578
vn 0.1989 -0.9188 -0.3409
vn -0.3030 -0.7994 0.5189
vn -0.3277 0.1186 0.9373
vn -0.1304 0.9189 0.3722
vn 0.1989 0.7996 -0.5666
vn 0.3292 -0.1186 -0.9368
vn 0.1306 -0.9189 -0.3721
vn -0.1984 -0.7996 0.5668
vn -0.2450 0.1188 0.9622
vn -0.0971 0.9193 0.3815
vn 0.1480 0.8003 -0.5811
vn 0.2451 -0.1188 -0.9622
vn 0.0972 -0.9193 -0.3815
vn -0.1480 -0.8003 0.5811
vn -0.2664 0.1189 0.9565
vn -0.1056 0.9193 0.3791
vn 0.1608 0.8004 -0.5775
vn 0.2664 -0.1189 -0.9565
vn 0.1056 -0.9193 -0.3791
vn -0.1608 -0.8004 0.5775
vn -0.2699 0.1189 0.9555
vn -0.1070 0.9193 0.3787
vn 0.1629 0.8004 -0.5769
vn 0.2699 -0.1189 -0.9555
vn 0.1070 -0.9193 -0.3787
vn -0.1629 -0.8004 0.5769
vn -0.2561 0.1189 0.9593
vn -0.1015 0.9193 0.3802
vn 0.1546 0.8004 -0.5792
vn 0.2561 -0.1189 -0.9593
vn 0.1015 -0.9193 -0.3802
vn -0.1546 -0.8004 0.5792
vn -0.2246 0.1189 0.9672
vn -0.0890 0.9193 0.3833
vn 0.1356 0.8004 -0.5840
vn 0.2245 -0.1189 -0.9672
vn 0.0890 -0.9193 -0.3833
vn -0.1356 -0.8004 0.5840
vn -0.1743 0.1188 0.9775
vn -0.0691 0.9193 0.3875
vn 0.1052 0.8003 -0.5903
vn 0.1742 -0.1189 -0.9775
vn 0.0691 -0.9193 -0.3875
vn -0.1052 -0.8003 0.5903
vn -0.1040 0.1188 0.9875
vn -0.0412 0.9192 0.3916
vn 0.0628 0.8002 -0.5965
vn 0.1039 -0.1188 -0.9875
vn 0.0412 -0.9192 -0.3916
vn -0.0628 -0.8002 0.5965
vn -0.0131 0.1188 0.9928
vn -0.0052 0.9192 0.3939
vn 0.0079 0.8001 -0.5999
vn 0.0130 -0.1188 -0.9928
vn 0.0052 -0.9192 -0.3939
vn -0.0079 -0.8001 0.5999
vn 0.0970 0.1187 0.9882
vn 0.0385 0.9191 0.3922
vn -0.0586 0.7999 -0.5972
vn -0.0970 -0.1187 -0.9882
vn -0.0385 -0.9191 -0.3922
vn 0.0586 -0.7999 0.5973
vn 0.2215 0.1187 0.9679
vn 0.0879 0.9190 0.3843
vn -0.1339 0.7998 -0.5852
vn -0.2215 -0.1187 -0.9679
vn -0.0879 -0.9190 -0.3843
vn 0.1339 -0.7998 0.5852
vn 0.3520 0.1186 0.9284
vn 0.1398 0.9190 0.3687
vn -0.2128 0.7997 -0.5614
vn -0.3520 -0.1186 -0.9284
vn -0.1398 -0.9190 -0.3687
vn 0.2128 -0.7997 0.5614
vn 0.4778 0.1184 0.8704
vn 0.1905 0.9183 0.3469
vn -0.2896 0.7990 -0.5270
vn -0.4784 -0.1184 -0.8701
vn -0.1907 -0.9183 -0.3469
vn 0.2895 -0.7990 0.5271
vn 0.6931 0.1149 0.7116
vn 0.2956 0.9154 0.2732
vn -0.4044 0.7993 -0.4446
vn -0.6941 -0.1149 -0.7107
vn -0.2959 -0.9154 -0.2729
vn 0.4042 -0.7992 0.4448
vn 0.8999 0.0991 0.4246
vn 0.4002 0.9075 0.1278
vn -0.5071 0.8075 -0.3012
vn -0.8992 -0.0992 -0.4261
vn -0.4000 -0.9075 -0.1282
vn 0.5073 -0.8075 0.3009
vn 0.9768 0.0810 0.1984
vn 0.4366 0.8995 0.0127
vn -0.5437 0.8182 -0.1868
vn -0.9766 -0.0811 -0.1992
vn -0.4366 -0.8996 -0.0129
vn 0.5437 -0.8182 0.1867
vn 0.9962 0.0676 0.0544
vn 0.4452 0.8935 -0.0596
vn -0.5524 0.8257 -0.1143
vn -0.9962 -0.0677 -0.0547
vn -0.4452 -0.8935 0.0596
vn 0.5524 -0.8257 0.1142
vn 0.9978 0.0594 -0.0286
vn 0.4455 0.8896 -0.1007
vn -0.5528 0.8302 -0.0721
vn -0.9978 -0.0594 0.0285
vn -0.4455 -0.8896 0.1007
vn 0.5528 -0.8302 0.0721
vn 0.9961 0.0552 -0.0690
vn 0.4445 0.8877 -0.1201
vn -0.5517 0.8325 -0.0511
vn -0.9961 -0.0552 0.0689
vn -0.4445 -0.8877 0.1201
vn 0.5517 -0.8325 0.0511
vn 0.9956 0.0546 -0.0759
vn 0.4443 0.8875 -0.1223
vn -0.5514 0.8330 -0.0464
vn -0.9956 -0.0546 0.0759
vn -0.4443 -0.8875 0.1223
vn 0.5514 -0.8330 0.0464
vn 0.9971 0.0571 -0.0511
vn 0.4452 0.8889 -0.1082
vn -0.5521 0.8318 -0.0571
vn -0.9971 -0.0571 0.0512
vn -0.4452 -0.8889 0.1082
vn 0.5521 -0.8318 0.0571
vn 0.9980 0.0630 0.0105
vn 0.4460 0.8919 -0.0750
vn -0.5528 0.8289 -0.0854
vn -0.9980 -0.0630 -0.0104
vn -0.4460 -0.8919 0.0750
vn 0.5528 -0.8289 0.0855
vn 0.9898 0.0727 0.1223
vn 0.4424 0.8967 -0.0154
vn -0.5497 0.8239 -0.1378
vn -0.9899 -0.0727 -0.1219
vn -0.4424 -0.8967 0.0155
vn 0.5496 -0.8239 0.1379
vn 0.9485 0.0860 0.3048
vn 0.4223 0.9028 0.0817
vn -0.5317 0.8166 -0.2244
vn -0.9489 -0.0859 -0.3038
vn -0.4224 -0.9027 -0.0814
vn 0.5317 -0.8166 0.2246
vn 0.8194 0.0982 0.5648
vn 0.3560 0.9080 0.2207
vn -0.4721 0.8094 -0.3494
vn -0.8200 -0.0982 -0.5638
vn -0.3562 -0.9080 -0.2205
vn 0.4719 -0.8094 0.3496
vn 0.8332 0.4848 0.2660
vn -0.0056 0.9960 0.0893
vn -0.8338 0.4989 -0.2364
vn -0.8022 -0.4720 -0.3656
vn 0.0072 -0.9952 -0.0978
vn 0.8457 -0.4981 0.1914
vn 0.7607 0.4664 0.4515
vn -0.0321 0.9897 0.1396
vn -0.7926 0.5223 -0.3146
vn -0.7592 -0.4659 -0.4545
vn 0.0322 -0.9896 -0.1399
vn 0.7933 -0.5221 0.3131
vn 0.7267 0.4560 0.5139
vn -0.0430 0.9864 0.1586
vn -0.7697 0.5302 -0.3556
vn -0.7265 -0.4559 -0.5141
vn 0.0430 -0.9864 -0.1586
vn 0.7698 -0.5302 0.3555
vn 0.7011 0.4479 0.5548
vn -0.0511 0.9839 0.1715
vn -0.7523 0.5358 -0.3834
vn -0.7011 -0.4479 -0.5548
vn 0.0511 -0.9839 -0.1715
vn 0.7523 -0.5358 0.3834
vn 0.6768 0.4402 0.5901
vn -0.0589 0.9814 0.1828
vn -0.7358 0.5410 -0.4074
vn -0.6768 -0.4402 -0.5901
vn 0.0589 -0.9814 -0.1828
vn 0.7358 -0.5410 0.4074
vn 0.6502 0.4317 0.6252
vn -0.0675 0.9787 0.1941
vn -0.7178 0.5467 -0.4312
vn -0.6502 -0.4317 -0.6252
vn 0.0675 -0.9787 -0.1941
vn 0.7177 -0.5467 0.4312
vn 0.6185 0.4216 0.6631
vn -0.0777 0.9754 0.2064
vn -0.6964 0.5535 -0.4568
vn -0.6186 -0.4216 -0.6630
vn 0.0777 -0.9754 -0.2064
vn 0.6964 -0.5535 0.4568
vn 0.5784 0.4087 0.7060
vn -0.0907 0.9712 0.2204
vn -0.6693 0.5622 -0.4858
vn -0.5785 -0.4087 -0.7059
vn 0.0907 -0.9712 -0.2204
vn 0.6693 -0.5622 0.4858
vn 0.5249 0.3914 0.7558
vn -0.1081 0.9655 0.2367
vn -0.6333 0.5736 -0.5195
vn -0.5251 -0.3914 -0.7557
vn 0.1080 -0.9655 -0.2367
vn 0.6332 -0.5737 0.5195
vn 0.4503 0.3670 0.8140
vn -0.1323 0.9576 0.2559
vn -0.5832 0.5896 -0.5588
vn -0.4507 -0.3671 -0.8137
vn 0.1322 -0.9576 -0.2558
vn 0.5830 -0.5897 0.5589
vn 0.3423 0.3315 0.8792
vn -0.1674 0.9460 0.2776
vn -0.5106 0.6128 -0.6031
vn -0.3432 -0.3318 -0.8787
vn 0.1673 -0.9461 -0.2775
vn 0.5102 -0.6129 0.6033
vn 0.1847 0.2801 0.9421
vn -0.2195 0.9291 0.2975
vn -0.4030 0.6482 -0.6461
vn -0.1827 -0.2794 -0.9426
vn 0.2197 -0.9291 -0.2976
vn 0.4036 -0.6480 0.6459
vn 0.1238 0.2627 0.9569
vn -0.2097 0.9326 0.2938
vn -0.3331 0.6700 -0.6635
vn -0.1240 -0.2627 -0.9569
vn 0.2091 -0.9327 -0.2937
vn 0.3336 -0.6699 0.6633
vn 0.1959 0.2820 0.9392
vn -0.1370 0.9514 0.2759
vn -0.3331 0.6698 -0.6636
vn -0.1957 -0.2819 -0.9393
vn 0.1372 -0.9513 -0.2760
vn 0.3331 -0.6698 0.6636
vn 0.2501 0.2926 0.9229
vn -0.0838 0.9620 0.2598
vn -0.3340 0.6696 -0.6634
vn -0.2500 -0.2926 -0.9230
vn 0.0839 -0.9620 -0.2598
vn 0.3340 -0.6696 0.6634
vn 0.2907 0.2990 0.9089
vn -0.0449 0.9682 0.2462
vn -0.3357 0.6693 -0.6628
vn -0.2906 -0.2990 -0.9089
vn 0.0450 -0.9682 -0.2462
vn 0.3357 -0.6693 0.6628
vn 0.3210 0.3028 0.8974
vn -0.0170 0.9717 0.2355
vn -0.3381 0.6690 -0.6619
vn -0.3210 -0.3028 -0.8974
vn 0.0171 -0.9717 -0.2355
vn 0.3381 -0.6690 0.6619
vn 0.3433 0.3051 0.8883
vn 0.0023 0.9738 0.2276
vn -0.3410 0.6687 -0.6607
vn -0.3433 -0.3051 -0.8883
vn -0.0023 -0.9737 -0.2276
vn 0.3410 -0.6687 0.6607
vn 0.3593 0.3065 0.8814
vn 0.0148 0.9749 0.2222
vn -0.3445 0.6684 -0.6592
vn -0.3593 -0.3065 -0.8815
vn -0.0148 -0.9749 -0.2222
vn 0.3445 -0.6684 0.6592
vn 0.3701 0.3074 0.8767
vn 0.0215 0.9754 0.2193
vn -0.3486 0.6680 -0.6574
vn -0.3701 -0.3074 -0.8767
vn -0.0215 -0.9754 -0.2193
vn 0.3486 -0.6680 0.6574
vn 0.3764 0.3079 0.8738
vn 0.0232 0.9756 0.2185
vn -0.3532 0.6677 -0.6553
vn -0.3764 -0.3079 -0.8738
vn -0.0232 -0.9756 -0.2185
vn 0.3532 -0.6677 0.6553
vn 0.3789 0.3081 0.8727
vn 0.0204 0.9753 0.2198
vn -0.3585 0.6672 -0.6529
vn -0.3789 -0.3081 -0.8727
vn -0.0204 -0.9753 -0.2198
vn 0.3585 -0.6673 0.6529
vn 0.3776 0.3080 0.8732
vn 0.0132 0.9747 0.2231
vn -0.3644 0.6667 -0.6502
vn -0.3776 -0.3080 -0.8732
vn -0.0132 -0.9747 -0.2231
vn 0.3644 -0.6667 0.6502
vn 0.3729 0.3075 0.8754
vn 0.0018 0.9736 0.2284
vn -0.3710 0.6661 -0.6471
vn -0.3729 -0.3075 -0.8754
vn -0.0018 -0.9736 -0.2284
vn 0.3710 -0.6661 0.6471
vn 0.3650 0.3066 0.8791
vn -0.0128 0.9719 0.2351
vn -0.3778 0.6653 -0.6440
vn -0.3650 -0.3066 -0.8791
vn 0.0128 -0.9719 -0.2351
vn 0.3778 -0.6653 0.6440
vn 0.3553 0.3054 0.8835
vn -0.0260 0.9701 0.2411
vn -0.3814 0.6648 -0.6423
vn -0.3553 -0.3054 -0.8835
vn 0.0260 -0.9701 -0.2411
vn 0.3814 -0.6648 0.6423
vn 0.3440 0.3037 0.8885
vn -0.0370 0.9686 0.2460
vn -0.3810 0.6648 -0.6425
vn -0.3440 -0.3037 -0.8885
vn 0.0370 -0.9686 -0.2460
vn 0.3810 -0.6648 0.6425
vn 0.3308 0.3017 0.8942
vn -0.0457 0.9672 0.2497
vn -0.3765 0.6655 -0.6445
vn -0.3308 -0.3017 -0.8942
vn 0.0457 -0.9672 -0.2497
vn 0.3765 -0.6655 0.6445
vn 0.3152 0.2992 0.9006
vn -0.0523 0.9662 0.2525
vn -0.3675 0.6669 -0.6482
vn -0.3152 -0.2992 -0.9006
vn 0.0523 -0.9662 -0.2525
vn 0.3675 -0.6669 0.6482
vn 0.2966 0.2963 0.9079
vn -0.0568 0.9655 0.2542
vn -0.3534 0.6692 -0.6537
vn -0.2966 -0.2963 -0.9079
vn 0.0568 -0.9655 -0.2542
vn 0.3534 -0.6692 0.6537
vn 0.2741 0.2928 0.9160
vn -0.0589 0.9652 0.2549
vn -0.3331 0.6723 -0.6611
vn -0.2742 -0.2928 -0.9160
vn 0.0589 -0.9652 -0.2549
vn 0.3330 -0.6723 0.6611
vn 0.2467 0.2887 0.9251
vn -0.0584 0.9652 0.2547
vn -0.3051 0.6764 -0.6704
vn -0.2468 -0.2887 -0.9251
vn 0.0584 -0.9653 -0.2547
vn 0.3051 -0.6764 0.6704
vn 0.2127 0.2841 0.9349
vn -0.0546 0.9658 0.2536
vn -0.2674 0.6814 -0.6813
vn -0.2128 -0.2841 -0.9349
vn 0.0546 -0.9658 -0.2536
vn 0.2673 -0.6815 0.6813
vn 0.1698 0.2791 0.9451
vn -0.0468 0.9667 0.2517
vn -0.2167 0.6872 -0.6934
vn -0.1699 -0.2791 -0.9451
vn 0.0468 -0.9667 -0.2517
vn 0.2165 -0.6872 0.6934
vn 0.1148 0.2741 0.9548
vn -0.0336 0.9679 0.2493
vn -0.1486 0.6930 -0.7054
vn -0.1149 -0.2741 -0.9548
vn 0.0336 -0.9679 -0.2493
vn 0.1482 -0.6931 0.7055
vn 0.0433 0.2705 0.9618
vn -0.0133 0.9688 0.2474
vn -0.0565 0.6975 -0.7143
vn -0.0433 -0.2705 -0.9617
vn 0.0133 -0.9688 -0.2474
vn 0.0567 -0.6975 0.7143
vn -0.0322 0.2695 0.9625
vn -0.0083 0.9688 0.2477
vn 0.0244 0.6988 -0.7149
vn 0.0326 -0.2695 -0.9624
vn 0.0083 -0.9688 -0.2477
vn -0.0237 -0.6988 0.7149
vn -0.0844 0.2696 0.9593
vn -0.0218 0.9688 0.2470
vn 0.0628 0.6990 -0.7124
vn 0.0845 -0.2696 -0.9592
vn 0.0218 -0.9688 -0.2470
vn -0.0627 -0.6990 0.7124
vn -0.1252 0.2697 0.9548
vn -0.0322 0.9688 0.2458
vn 0.0930 0.6990 -0.7090
vn 0.1252 -0.2697 -0.9548
vn 0.0322 -0.9688 -0.2458
vn -0.0930 -0.6990 0.7090
vn -0.1590 0.2697 0.9497
vn -0.0409 0.9688 0.2445
vn 0.1181 0.6990 -0.7053
vn 0.1590 -0.2697 -0.9497
vn 0.0409 -0.9688 -0.2445
vn -0.1181 -0.6990 0.7053
vn -0.1886 0.2697 0.9443
vn -0.0486 0.9688 0.2431
vn 0.1401 0.6990 -0.7012
vn 0.1886 -0.2697 -0.9443
vn 0.0486 -0.9688 -0.2431
vn -0.1401 -0.6990 0.7012
vn -0.2160 0.2697 0.9384
vn -0.0556 0.9688 0.2416
vn 0.1604 0.6990 -0.6969
vn 0.2160 -0.2697 -0.9384
vn 0.0556 -0.9688 -0.2416
vn -0.1604 -0.6990 0.6969
vn -0.2427 0.2697 0.9319
vn -0.0625 0.9688 0.2399
vn 0.1803 0.6990 -0.6920
vn 0.2427 -0.2697 -0.9319
vn 0.0625 -0.9688 -0.2399
vn -0.1803 -0.6990 0.6920
vn -0.2701 0.2697 0.9243
vn -0.0695 0.9688 0.2380
vn 0.2006 0.6990 -0.6864
vn 0.2701 -0.2697 -0.9243
vn 0.0695 -0.9688 -0.2380
vn -0.2006 -0.6990 0.6864
vn -0.2996 0.2697 0.9152
vn -0.0771 0.9688 0.2356
vn 0.2224 0.6990 -0.6796
vn 0.2995 -0.2697 -0.9152
vn 0.0771 -0.9688 -0.2356
vn -0.2224 -0.6990 0.6796
vn -0.3329 0.2696 0.9036
vn -0.0857 0.9688 0.2327
vn 0.2472 0.6990 -0.6710
vn 0.3329 -0.2697 -0.9036
vn 0.0857 -0.9688 -0.2327
vn -0.2472 -0.6990 0.6710
vn -0.3727 0.2696 0.8879
vn -0.0960 0.9688 0.2287
vn 0.2767 0.6990 -0.6595
vn 0.3726 -0.2696 -0.8880
vn 0.0960 -0.9688 -0.2287
vn -0.2768 -0.6990 0.6594
vn -0.4226 0.2696 0.8653
vn -0.1088 0.9688 0.2228
vn 0.3139 0.6989 -0.6426
vn 0.4226 -0.2696 -0.8653
vn 0.1088 -0.9688 -0.2228
vn -0.3139 -0.6989 0.6426
vn -0.4749 0.2696 0.8377
vn -0.1223 0.9688 0.2157
vn 0.3528 0.6989 -0.6221
vn 0.4750 -0.2696 -0.8377
vn 0.1223 -0.9688 -0.2157
vn -0.3527 -0.6989 0.6222
vn -0.5195 0.2696 0.8108
vn -0.1338 0.9688 0.2088
vn 0.3858 0.6989 -0.6022
vn 0.5195 -0.2696 -0.8108
vn 0.1338 -0.9688 -0.2088
vn -0.3859 -0.6989 0.6022
vn -0.5652 0.2696 0.7796
vn -0.1456 0.9688 0.2008
vn 0.4198 0.6989 -0.5791
vn 0.5652 -0.2696 -0.7797
vn 0.1456 -0.9688 -0.2008
vn -0.4198 -0.6989 0.5790
vn -0.6117 0.2696 0.7438
vn -0.1575 0.9688 0.1916
vn 0.4543 0.6989 -0.5524
vn 0.6116 -0.2696 -0.7438
vn 0.1575 -0.9688 -0.1916
vn -0.4543 -0.6989 0.5524
vn -0.6585 0.2696 0.7027
vn -0.1696 0.9688 0.1810
vn 0.4890 0.6989 -0.5219
vn 0.6584 -0.2696 -0.7027
vn 0.1696 -0.9688 -0.1810
vn -0.4891 -0.6989 0.5219
vn -0.7050 0.2696 0.6560
vn -0.1816 0.9688 0.1690
vn 0.5236 0.6989 -0.4873
vn 0.7049 -0.2696 -0.6561
vn 0.1816 -0.9688 -0.1690
vn -0.5236 -0.6989 0.4873
vn -0.7505 0.2695 0.6035
vn -0.1933 0.9687 0.1554
vn 0.5574 0.6988 -0.4483
vn 0.7504 -0.2695 -0.6035
vn 0.1933 -0.9687 -0.1555
vn -0.5574 -0.6988 0.4482
vn -0.7940 0.2695 0.5450
vn -0.2045 0.9687 0.1404
vn 0.5897 0.6988 -0.4048
vn 0.7939 -0.2695 -0.5450
vn 0.2045 -0.9687 -0.1404
vn -0.5897 -0.6988 0.4048
vn -0.8344 0.2695 0.4807
vn -0.2150 0.9687 0.1238
vn 0.6198 0.6988 -0.3571
vn 0.8344 -0.2695 -0.4808
vn 0.2150 -0.9687 -0.1239
vn -0.6198 -0.6988 0.3571
vn -0.8708 0.2695 0.4113
vn -0.2243 0.9687 0.1060
vn 0.6468 0.6988 -0.3055
vn 0.8707 -0.2695 -0.4113
vn 0.2243 -0.9687 -0.1060
vn -0.6468 -0.6988 0.3055
vn -0.9019 0.2695 0.3374
vn -0.2324 0.9687 0.0869
vn 0.6700 0.6988 -0.2507
vn 0.9019 -0.2695 -0.3374
vn 0.2324 -0.9687 -0.0869
vn -0.6700 -0.6988 0.2507
vn -0.9279 0.2689 0.2582
vn -0.2395 0.9686 0.0671
vn 0.6892 0.6978 -0.1951
vn 0.9265 -0.2688 -0.2631
vn 0.2394 -0.9686 -0.0674
vn -0.6899 -0.6979 0.1924
vn -0.9619 0.2679 0.0539
vn -0.2492 0.9684 0.0141
vn 0.7164 0.6965 -0.0410
vn 0.9619 -0.2679 -0.0552
vn 0.2492 -0.9684 -0.0142
vn -0.7164 -0.6965 0.0403
vn -0.9438 0.2683 -0.1931
vn -0.2442 0.9684 -0.0502
vn 0.7023 0.6970 0.1452
vn 0.9433 -0.2682 0.1953
vn 0.2441 -0.9684 0.0503
vn -0.7025 -0.6970 -0.1439
vn -0.8996 0.2691 -0.3439
vn -0.2320 0.9686 -0.0888
vn 0.6685 0.6982 0.2561
vn 0.8993 -0.2691 0.3446
vn 0.2320 -0.9686 0.0888
vn -0.6686 -0.6982 -0.2557
vn -0.8593 0.2695 -0.4347
vn -0.2214 0.9687 -0.1120
vn 0.6383 0.6987 0.3231
vn 0.8592 -0.2695 0.4350
vn 0.2214 -0.9687 0.1120
vn -0.6383 -0.6987 -0.3230
vn -0.8284 0.2696 -0.4909
vn -0.2133 0.9688 -0.1264
vn 0.6152 0.6989 0.3647
vn 0.8284 -0.2696 0.4910
vn 0.2133 -0.9688 0.1264
vn -0.6152 -0.6989 -0.3646
vn -0.8067 0.2697 -0.5258
vn -0.2077 0.9688 -0.1354
vn 0.5991 0.6990 0.3905
vn 0.8067 -0.2697 0.5259
vn 0.2077 -0.9688 0.1354
vn -0.5991 -0.6990 -0.3905
vn -0.7932 0.2697 -0.5460
vn -0.2042 0.9688 -0.1406
vn 0.5890 0.6991 0.4055
vn 0.7932 -0.2697 0.5460
vn 0.2042 -0.9688 0.1406
vn -0.5890 -0.6991 -0.4055
vn -0.7872 0.2697 -0.5546
vn -0.2027 0.9688 -0.1428
vn 0.5846 0.6991 0.4118
vn 0.7872 -0.2697 0.5546
vn 0.2027 -0.9688 0.1428
vn -0.5846 -0.6991 -0.4118
vn -0.7890 0.2697 -0.5520
vn -0.2031 0.9688 -0.1421
vn 0.5859 0.6991 0.4099
vn 0.7891 -0.2697 0.5520
vn 0.2031 -0.9688 0.1421
vn -0.5859 -0.6991 -0.4099
vn -0.7999 0.2697 -0.5361
vn -0.2060 0.9688 -0.1380
vn 0.5940 0.6990 0.3981
vn 0.7999 -0.2697 0.5361
vn 0.2060 -0.9688 0.1380
vn -0.5940 -0.6990 -0.3981
vn -0.8226 0.2696 -0.5007
vn -0.2119 0.9688 -0.1289
vn 0.6111 0.6989 0.3717
vn 0.8227 -0.2696 0.5004
vn 0.2119 -0.9688 0.1289
vn -0.6110 -0.6989 -0.3718
vn -0.8622 0.2693 -0.4291
vn -0.2223 0.9687 -0.1106
vn 0.6409 0.6984 0.3184
vn 0.8625 -0.2693 0.4284
vn 0.2224 -0.9687 0.1105
vn -0.6407 -0.6984 -0.3188
vn -0.9153 0.2691 -0.2997
vn -0.2361 0.9687 -0.0774
vn 0.6802 0.6983 0.2231
vn 0.9151 -0.2691 0.3002
vn 0.2361 -0.9687 0.0774
vn -0.6803 -0.6983 -0.2228
vn -0.9453 0.2693 -0.1839
vn -0.2437 0.9687 -0.0475
vn 0.7024 0.6985 0.1370
vn 0.9452 -0.2693 0.1844
vn 0.2437 -0.9687 0.0475
vn -0.7024 -0.6985 -0.1367
vn -0.9586 0.2695 -0.0922
vn -0.2470 0.9687 -0.0238
vn 0.7121 0.6987 0.0687
vn 0.9586 -0.2695 0.0925
vn 0.2470 -0.9687 0.0238
vn -0.7121 -0.6987 -0.0685
vn -0.9628 0.2695 -0.0173
vn -0.2480 0.9687 -0.0045
vn 0.7152 0.6988 0.0130
vn 0.9628 -0.2695 0.0175
vn 0.2480 -0.9687 0.0045
vn -0.7152 -0.6988 -0.0129
vn -0.9619 0.2696 0.0462
vn -0.2477 0.9688 0.0119
vn 0.7144 0.6989 -0.0343
vn 0.9619 -0.2696 -0.0461
vn 0.2477 -0.9688 -0.0119
vn -0.7144 -0.6989 0.0343
vn -0.9575 0.2696 0.1026
vn -0.2466 0.9688 0.0264
vn 0.7111 0.6989 -0.0761
vn 0.9575 -0.2696 -0.1025
vn 0.2466 -0.9688 -0.0264
vn -0.7111 -0.6989 0.0762
vn -0.9504 0.2696 0.1549
vn -0.2448 0.9688 0.0399
vn 0.7059 0.6989 -0.1151
vn 0.9504 -0.2696 -0.1549
vn 0.2448 -0.9688 -0.0399
vn -0.7059 -0.6989 0.1150
vn -0.9407 0.2696 0.2061
vn -0.2422 0.9688 0.0531
vn 0.6986 0.6989 -0.1531
vn 0.9407 -0.2696 -0.2061
vn 0.2422 -0.9688 -0.0531
vn -0.6986 -0.6989 0.1531
vn -0.9276 0.2696 0.2587
vn -0.2389 0.9688 0.0666
vn 0.6889 0.6989 -0.1922
vn 0.9276 -0.2696 -0.2588
vn 0.2389 -0.9688 -0.0666
vn -0.6889 -0.6989 0.1922
vn -0.9097 0.2696 0.3158
vn -0.2343 0.9688 0.0814
vn 0.6757 0.6989 -0.2347
vn 0.9097 -0.2696 -0.3159
vn 0.2343 -0.9688 -0.0814
vn -0.6757 -0.6989 0.2346
vn -0.8844 0.2695 0.3812
vn -0.2278 0.9687 0.0982
vn 0.6569 0.6988 -0.2833
vn 0.8842 -0.2695 -0.3814
vn 0.2278 -0.9687 -0.0982
vn -0.6569 -0.6988 0.2832
vn -0.8477 0.2685 0.4576
vn -0.2188 0.9685 0.1188
vn 0.6288 0.6975 -0.3437
vn 0.8449 -0.2686 -0.4625
vn 0.2186 -0.9685 -0.1191
vn -0.6304 -0.6974 0.3410
vn -0.7033 0.2679 0.6584
vn -0.1823 0.9683 0.1705
vn 0.5243 0.6965 -0.4900
vn 0.7040 -0.2679 -0.6577
vn 0.1823 -0.9683 -0.1705
vn -0.5239 -0.6965 0.4903
vn -0.5347 0.2687 0.8012
vn -0.1384 0.9685 0.2069
vn 0.3991 0.6976 -0.5951
vn 0.5367 -0.2687 -0.7998
vn 0.1385 -0.9685 -0.2068
vn -0.3980 -0.6976 0.5958
vn -0.4398 0.2694 0.8567
vn -0.1134 0.9687 0.2207
vn 0.3270 0.6987 -0.6363
vn 0.4403 -0.2694 -0.8565
vn 0.1134 -0.9687 -0.2207
vn -0.3268 -0.6987 0.6364
vn -0.3842 0.2696 0.8830
vn -0.0989 0.9688 0.2274
vn 0.2854 0.6990 -0.6558
vn 0.3843 -0.2696 -0.8830
vn 0.0990 -0.9688 -0.2274
vn -0.2853 -0.6990 0.6558
vn -0.3514 0.2697 0.8965
vn -0.0905 0.9688 0.2308
vn 0.2610 0.6990 -0.6658
vn 0.3514 -0.2697 -0.8965
vn 0.0905 -0.9688 -0.2308
vn -0.2609 -0.6990 0.6658
vn -0.3336 0.2697 0.9033
vn -0.0859 0.9688 0.2325
vn 0.2478 0.6991 -0.6708
vn 0.3337 -0.2697 -0.9033
vn 0.0859 -0.9688 -0.2325
vn -0.2478 -0.6991 0.6708
vn -0.3275 0.2697 0.9055
vn -0.0843 0.9688 0.2331
vn 0.2432 0.6991 -0.6724
vn 0.3275 -0.2697 -0.9055
vn 0.0843 -0.9688 -0.2331
vn -0.2432 -0.6991 0.6724
vn -0.3323 0.2697 0.9038
vn -0.0856 0.9688 0.2327
vn 0.2468 0.6991 -0.6711
vn 0.3323 -0.2697 -0.9038
vn 0.0856 -0.9688 -0.2327
vn -0.2468 -0.6991 0.6711
vn -0.3497 0.2697 0.8972
vn -0.0900 0.9688 0.2310
vn 0.2597 0.6990 -0.6663
vn 0.3497 -0.2697 -0.8972
vn 0.0900 -0.9688 -0.2310
vn -0.2597 -0.6990 0.6663
vn -0.3849 0.2696 0.8827
vn -0.0991 0.9688 0.2273
vn 0.2858 0.6989 -0.6556
vn 0.3847 -0.2696 -0.8828
vn 0.0991 -0.9688 -0.2273
vn -0.2859 -0.6989 0.6556
vn -0.4509 0.2692 0.8510
vn -0.1162 0.9687 0.2195
vn 0.3344 0.6984 -0.6328
vn 0.4499 -0.2692 -0.8515
vn 0.1161 -0.9687 -0.2195
vn -0.3350 -0.6984 0.6325
vn -0.5781 0.2685 0.7705
vn -0.1492 0.9685 0.1993
vn 0.4290 0.6973 -0.5742
vn 0.5763 -0.2685 -0.7718
vn 0.1491 -0.9685 -0.1993
vn -0.4300 -0.6974 0.5734
vn -0.7359 0.2689 0.6214
vn -0.1887 0.9686 0.1617
vn 0.5497 0.6972 -0.4601
vn 0.7371 -0.2688 -0.6201
vn 0.1888 -0.9686 -0.1616
vn -0.5491 -0.6972 0.4609
vn -0.8155 0.2702 0.5119
vn -0.2062 0.9689 0.1367
vn 0.6103 0.6976 -0.3753
vn 0.8158 -0.2702 -0.5114
vn 0.2062 -0.9689 -0.1366
vn -0.6101 -0.6977 0.3756
vn -0.8603 0.2714 0.4315
vn -0.2152 0.9692 0.1200
vn 0.6456 0.6973 -0.3115
vn 0.8605 -0.2714 -0.4312
vn 0.2152 -0.9692 -0.1200
vn -0.6455 -0.6973 0.3116
vn -0.8824 0.2724 0.3836
vn -0.2186 0.9693 0.1123
vn 0.6640 0.6968 -0.2712
vn 0.8825 -0.2724 -0.3835
vn 0.2186 -0.9693 -0.1123
vn -0.6639 -0.6968 0.2713
vn -0.8890 0.2728 0.3678
vn -0.2180 0.9693 0.1136
vn 0.6710 0.6965 -0.2542
vn 0.8890 -0.2728 -0.3678
vn 0.2180 -0.9693 -0.1136
vn -0.6710 -0.6965 0.2542
vn -0.2138 0.9690 0.1238
vn 0.6687 0.6966 -0.2600
vn 0.8824 -0.2723 -0.3838
vn 0.2138 -0.9690 -0.1238
vn -0.6687 -0.6966 0.2599
vn -0.8605 0.2704 0.4317
vn -0.2051 0.9682 0.1432
vn 0.6558 0.6975 -0.2889
vn 0.8604 -0.2704 -0.4320
vn 0.2051 -0.9682 -0.1433
vn -0.6558 -0.6975 0.2887
vn -0.8163 0.2661 0.5127
vn -0.1895 0.9667 0.1723
vn 0.6275 0.6998 -0.3413
vn 0.8160 -0.2660 -0.5132
vn 0.1895 -0.9666 -0.1723
vn -0.6276 -0.6998 0.3411
vn -0.7379 0.2582 0.6235
vn -0.1634 0.9640 0.2099
vn 0.5757 0.7043 -0.4154
vn 0.7374 -0.2582 -0.6242
vn 0.1633 -0.9640 -0.2099
vn -0.5759 -0.7043 0.4151
vn -0.6126 0.2460 0.7512
vn -0.1226 0.9600 0.2519
vn 0.4913 0.7118 -0.5020
vn 0.6120 -0.2459 -0.7517
vn 0.1226 -0.9600 -0.2519
vn -0.4916 -0.7117 0.5018
vn -0.4389 0.2298 0.8687
vn -0.0672 0.9548 0.2896
vn 0.3731 0.7223 -0.5823
vn 0.4388 -0.2298 -0.8687
vn 0.0671 -0.9548 -0.2896
vn -0.3732 -0.7223 0.5823
vn -0.2383 0.2127 0.9476
vn -0.0038 0.9495 0.3137
vn 0.2362 0.7351 -0.6355
vn 0.2403 -0.2129 -0.9471
vn 0.0040 -0.9495 -0.3137
vn -0.2353 -0.7351 0.6358
vn -0.1632 0.2075 0.9645
vn 0.0138 0.9484 0.3168
vn 0.1775 0.7407 -0.6480
vn 0.1636 -0.2075 -0.9645
vn -0.0139 -0.9484 -0.3168
vn -0.1772 -0.7407 0.6481
vn -0.2041 0.2106 0.9560
vn -0.0108 0.9502 0.3115
vn 0.1933 0.7396 -0.6446
vn 0.2042 -0.2106 -0.9560
vn 0.0109 -0.9502 -0.3115
vn -0.1933 -0.7396 0.6446
vn -0.2393 0.2125 0.9474
vn -0.0331 0.9514 0.3061
vn 0.2063 0.7389 -0.6414
vn 0.2393 -0.2125 -0.9474
vn 0.0331 -0.9514 -0.3061
vn -0.2063 -0.7389 0.6414
vn -0.2673 0.2138 0.9396
vn -0.0519 0.9523 0.3008
vn 0.2155 0.7385 -0.6389
vn 0.2674 -0.2138 -0.9396
vn 0.0519 -0.9523 -0.3008
vn -0.2155 -0.7385 0.6389
vn -0.2872 0.2144 0.9336
vn -0.0666 0.9528 0.2963
vn 0.2206 0.7384 -0.6373
vn 0.2873 -0.2144 -0.9335
vn 0.0666 -0.9528 -0.2963
vn -0.2206 -0.7384 0.6373
vn -0.2984 0.2147 0.9300
vn -0.0769 0.9530 0.2930
vn 0.2215 0.7384 -0.6370
vn 0.2984 -0.2147 -0.9300
vn 0.0769 -0.9530 -0.2930
vn -0.2215 -0.7384 0.6370
vn -0.3006 0.2147 0.9293
vn -0.0824 0.9531 0.2912
vn 0.2182 0.7384 -0.6381
vn 0.3006 -0.2147 -0.9293
vn 0.0824 -0.9531 -0.2912
vn -0.2182 -0.7384 0.6381
vn -0.2942 0.2146 0.9313
vn -0.0833 0.9531 0.2909
vn 0.2109 0.7385 -0.6404
vn 0.2942 -0.2146 -0.9313
vn 0.0833 -0.9531 -0.2909
vn -0.2109 -0.7385 0.6404
vn -0.2799 0.2145 0.9358
vn -0.0799 0.9531 0.2920
vn 0.2000 0.7386 -0.6438
vn 0.2799 -0.2145 -0.9358
vn 0.0799 -0.9531 -0.2920
vn -0.2000 -0.7386 0.6438
vn -0.2587 0.2143 0.9419
vn -0.0725 0.9530 0.2942
vn 0.1862 0.7387 -0.6478
vn 0.2587 -0.2143 -0.9419
vn 0.0725 -0.9530 -0.2942
vn -0.1862 -0.7387 0.6478
vn -0.2318 0.2140 0.9489
vn -0.0617 0.9529 0.2970
vn 0.1701 0.7389 -0.6520
vn 0.2318 -0.2140 -0.9489
vn 0.0617 -0.9529 -0.2970
vn -0.1701 -0.7389 0.6520
vn -0.2005 0.2136 0.9561
vn -0.0483 0.9527 0.3000
vn 0.1523 0.7391 -0.6561
vn 0.2005 -0.2136 -0.9561
vn 0.0482 -0.9527 -0.3000
vn -0.1523 -0.7391 0.6561
vn -0.1998 0.2137 0.9562
vn -0.0673 0.9528 0.2959
vn 0.1325 0.7392 -0.6603
vn 0.1997 -0.2137 -0.9563
vn 0.0671 -0.9528 -0.2960
vn -0.1325 -0.7392 0.6603
vn -0.2315 0.2130 0.9492
vn -0.1150 0.9515 0.2854
vn 0.1165 0.7387 -0.6639
vn 0.2315 -0.2130 -0.9492
vn 0.1151 -0.9515 -0.2854
vn -0.1164 -0.7387 0.6639
vn -0.2635 0.2107 0.9414
vn -0.1556 0.9487 0.2754
vn 0.1079 0.7381 -0.6660
vn 0.2635 -0.2107 -0.9414
vn 0.1557 -0.9486 -0.2754
vn -0.1079 -0.7381 0.6660
vn -0.2957 0.2074 0.9325
vn -0.1889 0.9452 0.2662
vn 0.1068 0.7379 -0.6664
vn 0.2957 -0.2074 -0.9325
vn 0.1889 -0.9452 -0.2662
vn -0.1068 -0.7379 0.6664
vn -0.3280 0.2033 0.9226
vn -0.2149 0.9419 0.2581
vn 0.1130 0.7387 -0.6645
vn 0.3279 -0.2033 -0.9226
vn 0.2150 -0.9419 -0.2581
vn -0.1130 -0.7387 0.6645
vn -0.3604 0.1985 0.9114
vn -0.2340 0.9391 0.2516
vn 0.1264 0.7406 -0.6600
vn 0.3604 -0.1985 -0.9114
vn 0.2340 -0.9391 -0.2515
vn -0.1265 -0.7406 0.6600
vn -0.3931 0.1935 0.8989
vn -0.2462 0.9373 0.2468
vn 0.1469 0.7437 -0.6522
vn 0.3931 -0.1935 -0.8989
vn 0.2462 -0.9373 -0.2468
vn -0.1469 -0.7437 0.6522
vn -0.4260 0.1884 0.8849
vn -0.2517 0.9364 0.2444
vn 0.1743 0.7479 -0.6406
vn 0.4260 -0.1884 -0.8849
vn 0.2517 -0.9364 -0.2444
vn -0.1744 -0.7479 0.6405
vn -0.4593 0.1836 0.8691
vn -0.2507 0.9366 0.2448
vn 0.2085 0.7528 -0.6244
vn 0.4593 -0.1836 -0.8691
vn 0.2507 -0.9366 -0.2448
vn -0.2086 -0.7528 0.6243
vn -0.4927 0.1794 0.8515
vn -0.2434 0.9375 0.2486
vn 0.2493 0.7579 -0.6029
vn 0.4927 -0.1794 -0.8515
vn 0.2433 -0.9375 -0.2486
vn -0.2494 -0.7579 0.6029
vn -0.5262 0.1762 0.8319
vn -0.2299 0.9389 0.2564
vn 0.2962 0.7623 -0.5755
vn 0.5262 -0.1762 -0.8319
vn 0.2299 -0.9389 -0.2564
vn -0.2963 -0.7623 0.5754
vn -0.5610 0.1733 0.8094
vn -0.2114 0.9394 0.2697
vn 0.3482 0.7644 -0.5426
vn 0.5578 -0.1734 -0.8117
vn 0.2113 -0.9395 -0.2698
vn -0.3498 -0.7645 0.5415
vn -0.7183 0.1695 0.6747
vn -0.2525 0.9381 0.2372
vn 0.4686 0.7657 -0.4406
vn 0.7176 -0.1695 -0.6755
vn 0.2522 -0.9381 -0.2374
vn -0.4686 -0.7657 0.4406
vn -0.8590 0.1698 0.4830
vn -0.3021 0.9381 0.1696
vn 0.5604 0.7665 -0.3136
vn 0.8602 -0.1698 -0.4809
vn 0.3022 -0.9381 -0.1693
vn -0.5599 -0.7665 0.3145
vn -0.9156 0.1703 0.3643
vn -0.3210 0.9385 0.1276
vn 0.5957 0.7676 -0.2366
vn 0.9158 -0.1703 -0.3637
vn 0.3210 -0.9385 -0.1276
vn -0.5956 -0.7676 0.2369
vn -0.9411 0.1705 0.2921
vn -0.3296 0.9386 0.1023
vn 0.6118 0.7679 -0.1898
vn 0.9411 -0.1705 -0.2920
vn 0.3296 -0.9386 -0.1023
vn -0.6118 -0.7679 0.1899
vn -0.9537 0.1706 0.2478
vn -0.3339 0.9386 0.0867
vn 0.6199 0.7680 -0.1610
vn 0.9537 -0.1706 -0.2477
vn 0.3339 -0.9386 -0.0867
vn -0.6199 -0.7680 0.1610
vn -0.9601 0.1706 0.2216
vn -0.3361 0.9386 0.0776
vn 0.6240 0.7680 -0.1440
vn 0.9601 -0.1706 -0.2216
vn 0.3361 -0.9386 -0.0776
vn -0.6240 -0.7680 0.1440
vn -0.9629 0.1706 0.2091
vn -0.3371 0.9386 0.0732
vn 0.6258 0.7680 -0.1359
vn 0.9629 -0.1706 -0.2091
vn 0.3371 -0.9386 -0.0732
vn -0.6258 -0.7680 0.1359
vn -0.9630 0.1706 0.2088
vn -0.3371 0.9386 0.0731
vn 0.6259 0.7680 -0.1357
vn 0.9630 -0.1706 -0.2088
vn 0.3371 -0.9386 -0.0731
vn -0.6259 -0.7680 0.1357
vn -0.9601 0.1706 0.2217
vn 0.6240 0.7680 -0.1441
vn 0.9601 -0.1706 -0.2218
vn -0.6240 -0.7680 0.1441
vn -0.9525 0.1705 0.2521
vn -0.3336 0.9386 0.0883
vn 0.6192 0.7680 -0.1640
vn 0.9525 -0.1705 -0.2523
vn 0.3335 -0.9386 -0.0883
vn -0.6192 -0.7679 0.1639
vn -0.9351 0.1704 0.3107
vn -0.3277 0.9385 0.1090
vn 0.6080 0.7677 -0.2024
vn 0.9349 -0.1704 -0.3113
vn 0.3277 -0.9385 -0.1090
vn -0.6081 -0.7677 0.2021
vn -0.8898 0.1699 0.4235
vn -0.3124 0.9382 0.1490
vn 0.5790 0.7668 -0.2770
vn 0.8888 -0.1699 -0.4256
vn 0.3123 -0.9382 -0.1493
vn -0.5795 -0.7668 0.2761
vn -0.7760 0.1696 0.6076
vn -0.2730 0.9380 0.2138
vn 0.5060 0.7662 -0.3961
vn 0.7760 -0.1696 -0.6075
vn 0.2730 -0.9380 -0.2138
vn -0.5060 -0.7662 0.3962
vn -0.6273 0.1697 0.7601
vn -0.2206 0.9380 0.2672
vn 0.4092 0.7664 -0.4951
vn 0.6278 -0.1697 -0.7596
vn 0.2207 -0.9380 -0.2671
vn -0.4089 -0.7664 0.4953
vn -0.4751 0.1700 0.8634
vn -0.1669 0.9382 0.3031
vn 0.3098 0.7669 -0.5620
vn 0.4758 -0.1700 -0.8630
vn 0.1670 -0.9382 -0.3031
vn -0.3095 -0.7669 0.5622
vn -0.3442 0.1702 0.9233
vn -0.1208 0.9384 0.3238
vn 0.2243 0.7674 -0.6007
vn 0.3448 -0.1702 -0.9231
vn 0.1209 -0.9384 -0.3238
vn -0.2240 -0.7674 0.6008
vn -0.2447 0.1704 0.9545
vn -0.0858 0.9385 0.3344
vn 0.1593 0.7677 -0.6207
vn 0.2450 -0.1704 -0.9544
vn 0.0858 -0.9385 -0.3344
vn -0.1591 -0.7677 0.6207
vn -0.1766 0.1705 0.9694
vn -0.0619 0.9386 0.3395
vn 0.1149 0.7679 -0.6302
vn 0.1767 -0.1705 -0.9694
vn 0.0619 -0.9386 -0.3395
vn -0.1148 -0.7679 0.6302
vn -0.1369 0.1706 0.9758
vn -0.0479 0.9386 0.3416
vn 0.0890 0.7680 -0.6342
vn 0.1369 -0.1706 -0.9758
vn 0.0479 -0.9386 -0.3416
vn -0.0890 -0.7680 0.6342
vn -0.1228 0.1706 0.9777
vn -0.0430 0.9386 0.3423
vn 0.0798 0.7680 -0.6354
vn 0.1228 -0.1706 -0.9777
vn 0.0430 -0.9386 -0.3423
vn -0.0798 -0.7680 0.6354
vn -0.1331 0.1706 0.9763
vn -0.0466 0.9386 0.3418
vn 0.0865 0.7680 -0.6346
vn 0.1330 -0.1706 -0.9763
vn 0.0466 -0.9386 -0.3418
vn -0.0865 -0.7680 0.6346
vn -0.1683 0.1705 0.9709
vn -0.0589 0.9386 0.3400
vn 0.1093 0.7679 -0.6311
vn 0.1681 -0.1705 -0.9709
vn 0.0589 -0.9386 -0.3400
vn -0.1094 -0.7679 0.6311
vn -0.2303 0.1704 0.9581
vn -0.0806 0.9385 0.3357
vn 0.1496 0.7678 -0.6230
vn 0.2300 -0.1704 -0.9582
vn 0.0806 -0.9385 -0.3357
vn -0.1497 -0.7678 0.6230
vn -0.3213 0.1704 0.9315
vn -0.1126 0.9385 0.3264
vn 0.2090 0.7677 -0.6057
vn 0.3214 -0.1704 -0.9315
vn 0.1126 -0.9385 -0.3264
vn -0.2090 -0.7677 0.6058
vn -0.3983 0.1705 0.9013
vn -0.1395 0.9386 0.3156
vn 0.2590 0.7679 -0.5859
vn 0.3984 -0.1705 -0.9012
vn 0.1395 -0.9386 -0.3156
vn -0.2590 -0.7679 0.5859
vn -0.4248 0.1706 0.8891
vn -0.1487 0.9386 0.3113
vn 0.2761 0.7680 -0.5779
vn 0.4248 -0.1706 -0.8891
vn 0.1487 -0.9386 -0.3113
vn -0.2761 -0.7680 0.5779
vn -0.4317 0.1706 0.8857
vn -0.1511 0.9386 0.3101
vn 0.2806 0.7680 -0.5757
vn 0.4317 -0.1706 -0.8857
vn 0.1511 -0.9386 -0.3101
vn -0.2806 -0.7680 0.5757
vn -0.4212 0.1706 0.8908
vn -0.1475 0.9386 0.3119
vn 0.2738 0.7680 -0.5789
vn 0.4212 -0.1706 -0.8908
vn 0.1475 -0.9386 -0.3119
vn -0.2738 -0.7680 0.5789
vn -0.3925 0.1705 0.9038
vn -0.1374 0.9386 0.3165
vn 0.2551 0.7680 -0.5875
vn 0.3924 -0.1705 -0.9038
vn 0.1374 -0.9386 -0.3165
vn -0.2551 -0.7680 0.5875
vn -0.3414 0.1705 0.9243
vn -0.1196 0.9385 0.3238
vn 0.2219 0.7678 -0.6010
vn 0.3413 -0.1704 -0.9244
vn 0.1196 -0.9385 -0.3238
vn -0.2219 -0.7678 0.6010
vn -0.2602 0.1703 0.9504
vn -0.0912 0.9385 0.3332
vn 0.1692 0.7676 -0.6182
vn 0.2601 -0.1703 -0.9505
vn 0.0912 -0.9385 -0.3332
vn -0.1692 -0.7676 0.6182
vn -0.1366 0.1701 0.9759
vn -0.0479 0.9383 0.3426
vn 0.0888 0.7671 -0.6354
vn 0.1363 -0.1700 -0.9760
vn 0.0479 -0.9383 -0.3426
vn -0.0889 -0.7671 0.6354
vn 0.0442 0.1696 0.9845
vn 0.0156 0.9379 0.3464
vn -0.0291 0.7662 -0.6420
vn -0.0447 -0.1696 -0.9845
vn -0.0157 -0.9379 -0.3464
vn 0.0289 -0.7661 0.6420
vn 0.2855 0.1690 0.9434
vn 0.1008 0.9376 0.3329
vn -0.1868 0.7651 -0.6163
vn -0.2859 -0.1690 -0.9432
vn -0.1009 -0.9376 -0.3329
vn 0.1866 -0.7651 0.6163
vn 0.5498 0.1688 0.8181
vn 0.1943 0.9374 0.2891
vn -0.3595 0.7646 -0.5350
vn -0.5498 -0.1688 -0.8181
vn -0.1943 -0.9374 -0.2891
vn 0.3595 -0.7646 0.5350
vn 0.7647 0.1684 0.6219
vn 0.2708 0.9370 0.2206
vn -0.4968 0.7677 -0.4048
vn -0.7641 -0.1685 -0.6227
vn -0.2709 -0.9370 -0.2205
vn 0.4971 -0.7677 0.4044
vn 0.8493 0.1583 0.5037
vn 0.3585 0.9283 0.0990
vn -0.4908 0.7714 -0.4050
vn -0.8483 -0.1585 -0.5052
vn -0.3581 -0.9284 -0.0997
vn 0.4904 -0.7714 0.4056
vn 0.8602 0.1530 0.4866
vn 0.4179 0.9085 0.0029
vn -0.4416 0.7560 -0.4833
vn -0.8601 -0.1530 -0.4866
vn -0.4176 -0.9086 -0.0034
vn 0.4418 -0.7561 0.4829
vn 0.8679 0.1489 0.4740
vn 0.4478 0.8930 -0.0455
vn -0.4199 0.7442 -0.5194
vn -0.8678 -0.1489 -0.4740
vn -0.4477 -0.8930 0.0454
vn 0.4200 -0.7443 0.5193
vn 0.8745 0.1447 0.4630
vn 0.4649 0.8823 -0.0738
vn -0.4096 0.7376 -0.5368
vn -0.8745 -0.1447 -0.4630
vn -0.4648 -0.8823 0.0738
vn 0.4096 -0.7376 0.5368
vn 0.8810 0.1402 0.4519
vn 0.4753 0.8750 -0.0917
vn -0.4057 0.7348 -0.5436
vn -0.8810 -0.1402 -0.4519
vn -0.4753 -0.8750 0.0917
vn 0.4056 -0.7348 0.5436
vn 0.8881 0.1349 0.4395
vn 0.4818 0.8702 -0.1030
vn -0.4063 0.7352 -0.5425
vn -0.8881 -0.1349 -0.4395
vn -0.4818 -0.8702 0.1030
vn 0.4063 -0.7353 0.5425
vn 0.8963 0.1285 0.4244
vn 0.4855 0.8673 -0.1098
vn -0.4109 0.7388 -0.5342
vn -0.8963 -0.1285 -0.4244
vn -0.4855 -0.8673 0.1098
vn 0.4109 -0.7388 0.5342
vn 0.9064 0.1203 0.4049
vn 0.4868 0.8662 -0.1125
vn -0.4196 0.7458 -0.5174
vn -0.9064 -0.1203 -0.4049
vn -0.4868 -0.8662 0.1125
vn 0.4196 -0.7458 0.5174
vn 0.9194 0.1094 0.3777
vn 0.4860 0.8669 -0.1109
vn -0.4335 0.7572 -0.4885
vn -0.9195 -0.1094 -0.3777
vn -0.4860 -0.8669 0.1109
vn 0.4335 -0.7572 0.4886
vn 0.9370 0.0943 0.3364
vn 0.4826 0.8697 -0.1033
vn -0.4546 0.7748 -0.4393
vn -0.9370 -0.0942 -0.3363
vn -0.4826 -0.8697 0.1033
vn 0.4544 -0.7747 0.4397
vn 0.9611 0.0724 0.2665
vn 0.4757 0.8755 -0.0849
vn -0.4859 0.8011 -0.3496
vn -0.9614 -0.0722 -0.2656
vn -0.4758 -0.8755 0.0849
vn 0.4854 -0.8006 0.3512
vn 0.9909 0.0431 0.1277
vn 0.4650 0.8844 -0.0413
vn -0.5266 0.8342 -0.1635
vn -0.9914 -0.0428 -0.1241
vn -0.4650 -0.8843 0.0417
vn 0.5258 -0.8334 0.1699
vn 0.4877 0.4929 0.7205
vn -0.0680 0.9956 0.0648
vn -0.5582 0.5003 -0.6619
vn -0.4848 -0.4926 -0.7227
vn 0.0689 -0.9955 -0.0655
vn 0.5588 -0.5002 0.6615
vn 0.3310 0.4655 0.8208
vn -0.1563 0.9807 0.1174
vn -0.4877 0.5145 -0.7053
vn -0.3302 -0.4654 -0.8212
vn 0.1566 -0.9806 -0.1176
vn 0.4879 -0.5144 0.7052
vn 0.2463 0.4447 0.8612
vn -0.2006 0.9700 0.1374
vn -0.4469 0.5251 -0.7243
vn -0.2461 -0.4447 -0.8612
vn 0.2006 -0.9700 -0.1374
vn 0.4469 -0.5250 0.7243
vn 0.1954 0.4306 0.8811
vn -0.2239 0.9636 0.1463
vn -0.4193 0.5328 -0.7350
vn -0.1954 -0.4306 -0.8811
vn 0.2239 -0.9636 -0.1463
vn 0.4193 -0.5328 0.7350
vn 0.1626 0.4211 0.8923
vn -0.2356 0.9602 0.1502
vn -0.3982 0.5390 -0.7422
vn -0.1626 -0.4211 -0.8923
vn 0.2356 -0.9602 -0.1502
vn 0.3982 -0.5390 0.7422
vn 0.1405 0.4146 0.8991
vn -0.2396 0.9590 0.1513
vn -0.3800 0.5444 -0.7478
vn -0.1404 -0.4146 -0.8991
vn 0.2396 -0.9590 -0.1513
vn 0.3800 -0.5444 0.7478
vn 0.1255 0.4102 0.9033
vn -0.2374 0.9597 0.1507
vn -0.3629 0.5494 -0.7526
vn -0.1255 -0.4102 -0.9033
vn 0.2374 -0.9597 -0.1507
vn 0.3629 -0.5494 0.7526
vn 0.1159 0.4075 0.9058
vn -0.2292 0.9620 0.1485
vn -0.3451 0.5545 -0.7573
vn -0.1159 -0.4075 -0.9058
vn 0.2292 -0.9620 -0.1485
vn 0.3451 -0.5545 0.7573
vn 0.1109 0.4062 0.9070
vn -0.2142 0.9660 0.1448
vn -0.3252 0.5598 -0.7622
vn -0.1109 -0.4062 -0.9070
vn 0.2142 -0.9660 -0.1448
vn 0.3252 -0.5598 0.7622
vn 0.1106 0.4062 0.9071
vn -0.1903 0.9718 0.1392
vn -0.3009 0.5657 -0.7677
vn -0.1106 -0.4062 -0.9071
vn 0.1902 -0.9718 -0.1392
vn 0.3009 -0.5657 0.7678
vn 0.1160 0.4074 0.9059
vn -0.1526 0.9796 0.1310
vn -0.2686 0.5724 -0.7747
vn -0.1160 -0.4074 -0.9059
vn 0.1526 -0.9796 -0.1310
vn 0.2686 -0.5724 0.7747
vn 0.1300 0.4097 0.9029
vn -0.0916 0.9887 0.1185
vn -0.2216 0.5794 -0.7843
vn -0.1300 -0.4097 -0.9029
vn 0.0916 -0.9887 -0.1185
vn 0.2217 -0.5794 0.7843
vn 0.1711 0.4133 0.8944
vn -0.0288 0.9940 0.1054
vn -0.2001 0.5808 -0.7891
vn -0.1711 -0.4133 -0.8944
vn 0.0291 -0.9940 -0.1055
vn 0.2001 -0.5808 0.7890
vn 0.2200 0.4152 0.8827
vn 0.0014 0.9952 0.0981
vn -0.2185 0.5799 -0.7848
vn -0.2199 -0.4152 -0.8827
vn -0.0014 -0.9952 -0.0981
vn 0.2185 -0.5799 0.7848
vn 0.2564 0.4157 0.8726
vn 0.0243 0.9955 0.0917
vn -0.2321 0.5798 -0.7810
vn -0.2564 -0.4157 -0.8726
vn -0.0243 -0.9955 -0.0917
vn 0.2321 -0.5798 0.7810
vn 0.2825 0.4156 0.8646
vn 0.0410 0.9954 0.0865
vn -0.2415 0.5798 -0.7781
vn -0.2825 -0.4156 -0.8646
vn -0.0410 -0.9954 -0.0865
vn 0.2415 -0.5798 0.7781
vn 0.2997 0.4152 0.8589
vn 0.0523 0.9952 0.0828
vn -0.2474 0.5800 -0.7762
vn -0.2997 -0.4152 -0.8589
vn -0.0523 -0.9952 -0.0828
vn 0.2474 -0.5800 0.7762
vn 0.3090 0.4150 0.8558
vn 0.0589 0.9950 0.0805
vn -0.2501 0.5800 -0.7752
vn -0.3090 -0.4150 -0.8558
vn -0.0589 -0.9950 -0.0805
vn 0.2501 -0.5800 0.7752
vn 0.3110 0.4149 0.8551
vn 0.0611 0.9949 0.0798
vn -0.2499 0.5800 -0.7753
vn -0.3110 -0.4149 -0.8551
vn -0.0611 -0.9949 -0.0798
vn 0.2499 -0.5800 0.7753
vn 0.3058 0.4151 0.8569
vn 0.0591 0.9950 0.0805
vn -0.2467 0.5799 -0.7764
vn -0.3058 -0.4151 -0.8569
vn -0.0591 -0.9950 -0.0805
vn 0.2467 -0.5799 0.7764
vn 0.2932 0.4154 0.8611
vn 0.0527 0.9952 0.0826
vn -0.2406 0.5798 -0.7785
vn -0.2933 -0.4154 -0.8611
vn -0.0527 -0.9952 -0.0826
vn 0.2406 -0.5797 0.7785
vn 0.2729 0.4159 0.8675
vn 0.0418 0.9954 0.0861
vn -0.2312 0.5795 -0.7815
vn -0.2729 -0.4158 -0.8675
vn -0.0418 -0.9954 -0.0861
vn 0.2312 -0.5795 0.7815
vn 0.2439 0.4161 0.8760
vn 0.0258 0.9955 0.0908
vn -0.2182 0.5794 -0.7853
vn -0.2439 -0.4161 -0.8760
vn -0.0258 -0.9955 -0.0908
vn 0.2182 -0.5794 0.7853
vn 0.2049 0.4157 0.8861
vn 0.0040 0.9953 0.0965
vn -0.2010 0.5795 -0.7898
vn -0.2049 -0.4157 -0.8861
vn -0.0040 -0.9953 -0.0965
vn 0.2010 -0.5795 0.7898
vn 0.1589 0.4143 0.8962
vn -0.0211 0.9946 0.1020
vn -0.1800 0.5801 -0.7944
vn -0.1589 -0.4143 -0.8961
vn 0.0211 -0.9946 -0.1020
vn 0.1800 -0.5801 0.7944
vn 0.1083 0.4118 0.9048
vn -0.0435 0.9934 0.1058
vn -0.1518 0.5815 -0.7993
vn -0.1083 -0.4118 -0.9048
vn 0.0435 -0.9934 -0.1058
vn 0.1518 -0.5815 0.7993
vn 0.0487 0.4078 0.9118
vn -0.0637 0.9921 0.1081
vn -0.1125 0.5840 -0.8039
vn -0.0488 -0.4078 -0.9118
vn 0.0637 -0.9921 -0.1081
vn 0.1124 -0.5840 0.8039
vn -0.0216 0.4022 0.9153
vn -0.0817 0.9907 0.1090
vn -0.0602 0.5880 -0.8066
vn 0.0214 -0.4022 -0.9153
vn 0.0817 -0.9907 -0.1090
vn 0.0600 -0.5880 0.8067
vn -0.1045 0.3949 0.9128
vn -0.0970 0.9894 0.1084
vn 0.0073 0.5936 -0.8047
vn 0.1043 -0.3949 -0.9128
vn 0.0970 -0.9894 -0.1084
vn -0.0076 -0.5937 0.8047
vn -0.2012 0.3860 0.9003
vn -0.1093 0.9883 0.1067
vn 0.0918 0.6010 -0.7940
vn 0.2009 -0.3860 -0.9003
vn 0.1093 -0.9883 -0.1067
vn -0.0921 -0.6010 0.7939
vn -0.3113 0.3761 0.8727
vn -0.1180 0.9875 0.1045
vn 0.1932 0.6097 -0.7687
vn 0.3109 -0.3761 -0.8728
vn 0.1180 -0.9875 -0.1045
vn -0.1936 -0.6097 0.7686
vn -0.4310 0.3663 0.8246
vn -0.1225 0.9872 0.1025
vn 0.3085 0.6186 -0.7226
vn 0.4308 -0.3664 -0.8248
vn 0.1225 -0.9872 -0.1025
vn -0.3089 -0.6186 0.7224
vn -0.5525 0.3586 0.7525
vn -0.1228 0.9872 0.1021
vn 0.4298 0.6260 -0.6507
vn 0.5523 -0.3586 -0.7526
vn 0.1228 -0.9872 -0.1021
vn -0.4300 -0.6260 0.6506
vn -0.6644 0.3547 0.6578
vn -0.1196 0.9873 0.1046
vn 0.5450 0.6298 -0.5534
vn 0.6645 -0.3547 -0.6578
vn 0.1196 -0.9873 -0.1046
vn -0.5451 -0.6298 0.5534
vn -0.7566 0.3559 0.5485
vn -0.1143 0.9873 0.1106
vn 0.6425 0.6289 -0.4378
vn 0.7568 -0.3559 -0.5483
vn 0.1143 -0.9873 -0.1106
vn -0.6424 -0.6289 0.4380
vn -0.8246 0.3612 0.4354
vn -0.1095 0.9867 0.1203
vn 0.7156 0.6230 -0.3159
vn 0.8242 -0.3611 -0.4363
vn 0.1095 -0.9867 -0.1204
vn -0.7155 -0.6230 0.3161
vn -0.8871 0.3699 0.2762
vn -0.1246 0.9884 0.0874
vn 0.7648 0.6155 -0.1905
vn 0.8865 -0.3698 -0.2780
vn 0.1245 -0.9883 -0.0878
vn -0.7649 -0.6154 0.1902
vn -0.9254 0.3755 0.0506
vn -0.1387 0.9903 0.0086
vn 0.7902 0.6114 -0.0421
vn 0.9255 -0.3755 -0.0501
vn 0.1387 -0.9903 -0.0084
vn -0.7902 -0.6114 0.0421
vn -0.9136 0.3723 -0.1637
vn -0.1342 0.9894 -0.0561
vn 0.7817 0.6140 0.1088
vn 0.9134 -0.3722 0.1648
vn 0.1341 -0.9894 0.0562
vn -0.7818 -0.6140 -0.1085
vn -0.8673 0.3652 -0.3382
vn -0.1222 0.9877 -0.0974
vn 0.7462 0.6202 0.2420
vn 0.8670 -0.3651 0.3391
vn 0.1222 -0.9877 0.0975
vn -0.7463 -0.6202 -0.2416
vn -0.8089 0.3588 -0.4658
vn -0.1128 0.9868 -0.1162
vn 0.6963 0.6264 0.3503
vn 0.8086 -0.3588 0.4664
vn 0.1128 -0.9868 0.1163
vn -0.6965 -0.6264 -0.3501
vn -0.7534 0.3551 -0.5534
vn -0.1113 0.9868 -0.1176
vn 0.6420 0.6306 0.4361
vn 0.7532 -0.3551 0.5537
vn 0.1113 -0.9868 0.1175
vn -0.6421 -0.6306 -0.4359
vn -0.7081 0.3543 -0.6108
vn -0.1199 0.9871 -0.1061
vn 0.5880 0.6322 0.5046
vn 0.7080 -0.3543 0.6109
vn 0.1199 -0.9871 0.1061
vn -0.5881 -0.6321 -0.5045
vn -0.6753 0.3555 -0.6462
vn -0.1389 0.9866 -0.0851
vn 0.5361 0.6308 0.5609
vn 0.6752 -0.3555 0.6463
vn 0.1389 -0.9866 0.0851
vn -0.5362 -0.6308 -0.5609
vn -0.6553 0.3575 -0.6654
vn -0.1684 0.9841 -0.0563
vn 0.4866 0.6265 0.6088
vn 0.6552 -0.3575 0.6655
vn 0.1684 -0.9841 0.0563
vn -0.4866 -0.6265 -0.6088
vn -0.6476 0.3589 -0.6721
vn -0.2082 0.9779 -0.0207
vn 0.4390 0.6191 0.6512
vn 0.6476 -0.3589 0.6721
vn 0.2083 -0.9778 0.0206
vn -0.4391 -0.6191 -0.6511
vn -0.6519 0.3582 -0.6684
vn -0.2584 0.9658 0.0217
vn 0.3931 0.6080 0.6898
vn 0.6519 -0.3582 0.6684
vn 0.2585 -0.9658 -0.0217
vn -0.3931 -0.6080 -0.6898
vn -0.6674 0.3529 -0.6558
vn -0.3188 0.9452 0.0706
vn 0.3484 0.5926 0.7263
vn 0.6674 -0.3529 0.6558
vn 0.3185 -0.9453 -0.0704
vn -0.3486 -0.5926 -0.7262
vn -0.6617 0.3552 -0.6603
vn -0.3032 0.9511 0.0582
vn 0.3579 0.5965 0.7184
vn 0.6617 -0.3552 0.6603
vn 0.3038 -0.9509 -0.0587
vn -0.3576 -0.5964 -0.7187
vn -0.6343 0.3630 -0.6826
vn -0.2115 0.9772 -0.0162
vn 0.4222 0.6152 0.6658
vn 0.6343 -0.3630 0.6826
vn 0.2113 -0.9773 0.0163
vn -0.4222 -0.6152 -0.6658
vn -0.6190 0.3646 -0.6956
vn -0.1308 0.9878 -0.0841
vn 0.4876 0.6238 0.6108
vn 0.6189 -0.3646 0.6957
vn 0.1307 -0.9878 0.0842
vn -0.4876 -0.6238 -0.6109
vn -0.6171 0.3642 -0.6975
vn -0.0644 0.9876 -0.1434
vn 0.5522 0.6236 0.5534
vn 0.6171 -0.3642 0.6975
vn 0.0643 -0.9876 0.1436
vn -0.5522 -0.6236 -0.5534
vn -0.6292 0.3652 -0.6861
vn -0.0133 0.9811 -0.1933
vn 0.6154 0.6156 0.4922
vn 0.6292 -0.3653 0.6860
vn 0.0132 -0.9810 0.1933
vn -0.6154 -0.6156 -0.4922
vn -0.6551 0.3710 -0.6582
vn 0.0224 0.9723 -0.2326
vn 0.6771 0.6007 0.4251
vn 0.6552 -0.3710 0.6581
vn -0.0225 -0.9723 0.2327
vn -0.6770 -0.6007 -0.4252
vn -0.6939 0.3844 -0.6089
vn 0.0432 0.9647 -0.2599
vn 0.7368 0.5792 0.3487
vn 0.6941 -0.3845 0.6086
vn -0.0432 -0.9646 0.2600
vn -0.7367 -0.5792 -0.3488
vn -0.7431 0.4078 -0.5305
vn 0.0499 0.9610 -0.2721
vn 0.7932 0.5514 0.2584
vn 0.7435 -0.4080 0.5299
vn -0.0499 -0.9610 0.2721
vn -0.7931 -0.5515 -0.2587
vn -0.7961 0.4426 -0.4127
vn 0.0452 0.9635 -0.2639
vn 0.8421 0.5183 0.1492
vn 0.7964 -0.4429 0.4118
vn -0.0452 -0.9635 0.2638
vn -0.8420 -0.5183 -0.1495
vn -0.8384 0.4863 -0.2461
vn 0.0350 0.9729 -0.2287
vn 0.8754 0.4831 0.0178
vn 0.8386 -0.4866 0.2449
vn -0.0350 -0.9729 0.2285
vn -0.8754 -0.4832 -0.0181
vn -0.8480 0.5291 -0.0319
vn 0.0307 0.9862 -0.1627
vn 0.8819 0.4530 -0.1307
vn 0.8479 -0.5292 0.0310
vn -0.0308 -0.9862 0.1624
vn -0.8819 -0.4530 0.1307
vn -0.8056 0.5557 0.2056
vn 0.0474 0.9962 -0.0730
vn 0.8555 0.4362 -0.2788
vn 0.8059 -0.5556 -0.2044
vn -0.0473 -0.9962 0.0735
vn -0.8556 -0.4363 0.2785
vn -0.7268 0.5622 0.3946
vn 0.0659 0.9972 -0.0357
vn 0.7931 0.4312 -0.4302
vn 0.7271 -0.5622 -0.3940
vn -0.0659 -0.9972 0.0358
vn -0.7931 -0.4312 0.4302
vn -0.6393 0.5630 0.5237
vn 0.0590 0.9971 -0.0483
vn 0.6981 0.4314 -0.5714
vn 0.6395 -0.5630 -0.5235
vn -0.0590 -0.9971 0.0483
vn -0.6979 -0.4314 0.5717
vn -0.5546 0.5636 0.6122
vn 0.0512 0.9971 -0.0564
vn 0.6057 0.4320 -0.6682
vn 0.5548 -0.5636 -0.6120
vn -0.0512 -0.9971 0.0564
vn -0.6055 -0.4320 0.6684
vn -0.4869 0.5640 0.6670
vn 0.0449 0.9971 -0.0615
vn 0.5318 0.4324 -0.7282
vn 0.4870 -0.5640 -0.6669
vn -0.0449 -0.9971 0.0615
vn -0.5316 -0.4324 0.7283
vn -0.4413 0.5643 0.6977
vn 0.0407 0.9971 -0.0643
vn 0.4820 0.4326 -0.7619
vn 0.4414 -0.5643 -0.6977
vn -0.0407 -0.9971 0.0643
vn -0.4820 -0.4326 0.7620
vn -0.4187 0.5644 0.7114
vn 0.0386 0.9971 -0.0655
vn 0.4573 0.4327 -0.7769
vn 0.4188 -0.5644 -0.7114
vn -0.0386 -0.9971 0.0655
vn -0.4573 -0.4327 0.7769
vn -0.4188 0.5644 0.7114
vn 0.4187 -0.5644 -0.7114
vn -0.4414 0.5643 0.6977
vn 0.4820 0.4326 -0.7620
vn 0.4413 -0.5643 -0.6977
vn -0.4820 -0.4326 0.7619
vn -0.4870 0.5640 0.6669
vn 0.5316 0.4324 -0.7283
vn 0.4869 -0.5640 -0.6670
vn -0.5318 -0.4324 0.7282
vn -0.5548 0.5636 0.6120
vn 0.6055 0.4320 -0.6684
vn 0.5546 -0.5636 -0.6122
vn -0.6057 -0.4320 0.6682
vn -0.6395 0.5630 0.5235
vn 0.6979 0.4314 -0.5717
vn 0.6393 -0.5630 -0.5237
vn -0.6981 -0.4314 0.5714
vn -0.7256 0.5641 0.3940
vn 0.0677 0.9970 -0.0368
vn 0.7932 0.4314 -0.4298
vn 0.7260 -0.5641 -0.3933
vn -0.0678 -0.9970 0.0367
vn -0.7928 -0.4314 0.4305
vn -0.7277 0.5666 0.3866
vn 0.0977 0.9950 0.0205
vn 0.8255 0.4282 -0.3676
vn 0.7263 -0.5664 -0.3894
vn -0.0980 -0.9950 -0.0210
vn -0.8254 -0.4282 0.3678
vn -0.6515 0.5498 0.5228
vn 0.1437 0.9843 0.1026
vn 0.7965 0.4336 -0.4215
vn 0.6518 -0.5499 -0.5223
vn -0.1434 -0.9844 -0.1021
vn -0.7966 -0.4335 0.4212
vn -0.5713 0.5222 0.6332
vn 0.1804 0.9719 0.1514
vn 0.7523 0.4485 -0.4825
vn 0.5717 -0.5224 -0.6327
vn -0.1801 -0.9720 -0.1512
vn -0.7525 -0.4484 0.4824
vn -0.4935 0.4930 0.7165
vn 0.2018 0.9640 0.1732
vn 0.6955 0.4698 -0.5437
vn 0.4939 -0.4931 -0.7162
vn -0.2017 -0.9640 -0.1732
vn -0.6955 -0.4698 0.5436
vn -0.4234 0.4676 0.7760
vn 0.2061 0.9626 0.1760
vn 0.6293 0.4940 -0.6000
vn 0.4236 -0.4677 -0.7757
vn -0.2061 -0.9626 -0.1760
vn -0.6293 -0.4940 0.5999
vn -0.3639 0.4484 0.8164
vn 0.1939 0.9667 0.1671
vn 0.5576 0.5176 -0.6490
vn 0.3641 -0.4484 -0.8163
vn -0.1939 -0.9667 -0.1672
vn -0.5575 -0.5176 0.6490
vn -0.3161 0.4353 0.8430
vn 0.1677 0.9740 0.1522
vn 0.4836 0.5382 -0.6903
vn 0.3162 -0.4354 -0.8429
vn -0.1678 -0.9740 -0.1523
vn -0.4835 -0.5382 0.6903
vn -0.2796 0.4275 0.8597
vn 0.1308 0.9822 0.1350
vn 0.4103 0.5544 -0.7241
vn 0.2797 -0.4276 -0.8596
vn -0.1308 -0.9822 -0.1350
vn -0.4102 -0.5544 0.7242
vn -0.2535 0.4236 0.8697
vn 0.0863 0.9893 0.1177
vn 0.3397 0.5656 -0.7515
vn 0.2535 -0.4236 -0.8697
vn -0.0863 -0.9893 -0.1177
vn -0.3396 -0.5656 0.7515
vn -0.2361 0.4220 0.8753
vn 0.0373 0.9941 0.1016
vn 0.2733 0.5721 -0.7733
vn 0.2361 -0.4220 -0.8753
vn -0.0373 -0.9941 -0.1016
vn -0.2733 -0.5722 0.7733
vn -0.2260 0.4217 0.8781
vn -0.0137 0.9961 0.0872
vn 0.2122 0.5745 -0.7905
vn 0.2260 -0.4217 -0.8781
vn 0.0137 -0.9961 -0.0872
vn -0.2121 -0.5745 0.7906
vn -0.2215 0.4219 0.8792
vn -0.0648 0.9951 0.0747
vn 0.1567 0.5733 -0.8042
vn 0.2215 -0.4219 -0.8792
vn 0.0648 -0.9951 -0.0747
vn -0.1566 -0.5733 0.8043
vn -0.2361 0.4211 0.8758
vn -0.1025 0.9925 0.0661
vn 0.1335 0.5715 -0.8097
vn 0.2360 -0.4211 -0.8758
vn 0.1025 -0.9925 -0.0661
vn -0.1335 -0.5715 0.8097
vn -0.2652 0.4182 0.8688
vn -0.1253 0.9903 0.0606
vn 0.1399 0.5720 -0.8082
vn 0.2652 -0.4182 -0.8688
vn 0.1253 -0.9903 -0.0606
vn -0.1399 -0.5720 0.8082
vn -0.2929 0.4149 0.8614
vn -0.1438 0.9880 0.0557
vn 0.1491 0.5731 -0.8058
vn 0.2929 -0.4149 -0.8614
vn 0.1438 -0.9880 -0.0557
vn -0.1491 -0.5731 0.8058
vn -0.3198 0.4112 0.8536
vn -0.1584 0.9860 0.0515
vn 0.1614 0.5748 -0.8022
vn 0.3198 -0.4112 -0.8536
vn 0.1584 -0.9860 -0.0515
vn -0.1615 -0.5748 0.8022
vn -0.3467 0.4072 0.8450
vn -0.1693 0.9844 0.0479
vn 0.1774 0.5772 -0.7971
vn 0.3467 -0.4072 -0.8450
vn 0.1693 -0.9844 -0.0479
vn -0.1774 -0.5772 0.7971
vn -0.3743 0.4028 0.8353
vn -0.1766 0.9832 0.0453
vn 0.1976 0.5804 -0.7900
vn 0.3742 -0.4028 -0.8353
vn 0.1766 -0.9832 -0.0453
vn -0.1976 -0.5804 0.7900
vn -0.4034 0.3980 0.8240
vn -0.1803 0.9826 0.0439
vn 0.2231 0.5845 -0.7801
vn 0.4034 -0.3980 -0.8240
vn 0.1803 -0.9826 -0.0438
vn -0.2231 -0.5845 0.7801
vn -0.4351 0.3928 0.8102
vn -0.1799 0.9827 0.0440
vn 0.2551 0.5897 -0.7662
vn 0.4351 -0.3928 -0.8102
vn 0.1799 -0.9827 -0.0440
vn -0.2552 -0.5897 0.7662
vn -0.4708 0.3871 0.7928
vn -0.1749 0.9835 0.0463
vn 0.2958 0.5961 -0.7464
vn 0.4708 -0.3871 -0.7928
vn 0.1749 -0.9835 -0.0463
vn -0.2960 -0.5961 0.7464
vn -0.5123 0.3810 0.7697
vn -0.1641 0.9851 0.0522
vn 0.3480 0.6036 -0.7174
vn 0.5122 -0.3810 -0.7697
vn 0.1641 -0.9851 -0.0522
vn -0.3482 -0.6036 0.7172
vn -0.5620 0.3749 0.7373
vn -0.1461 0.9872 0.0637
vn 0.4154 0.6115 -0.6735
vn 0.5618 -0.3749 -0.7375
vn 0.1460 -0.9872 -0.0637
vn -0.4159 -0.6115 0.6731
vn -0.6232 0.3695 0.6893
vn -0.1190 0.9892 0.0855
vn 0.5028 0.6177 -0.6048
vn 0.6217 -0.3695 -0.6906
vn 0.1191 -0.9892 -0.0854
vn -0.5039 -0.6177 0.6038
vn -0.7254 0.3665 0.5826
vn -0.1143 0.9892 0.0918
vn 0.6118 0.6205 -0.4906
vn 0.7257 -0.3665 -0.5823
vn 0.1143 -0.9892 -0.0918
vn -0.6112 -0.6205 0.4912
vn -0.7916 0.3670 0.4886
vn -0.1251 0.9891 0.0772
vn 0.6670 0.6213 -0.4113
vn 0.7918 -0.3670 -0.4882
vn 0.1251 -0.9891 -0.0772
vn -0.6668 -0.6213 0.4116
vn -0.8200 0.3673 0.4390
vn -0.1295 0.9892 0.0693
vn 0.6906 0.6216 -0.3696
vn 0.8200 -0.3673 -0.4389
vn 0.1295 -0.9892 -0.0693
vn -0.6906 -0.6216 0.3697
vn -0.8332 0.3674 0.4132
vn -0.1316 0.9892 0.0652
vn 0.7017 0.6217 -0.3479
vn 0.8333 -0.3674 -0.4132
vn 0.1316 -0.9892 -0.0652
vn -0.7017 -0.6217 0.3480
vn -0.8386 0.3674 0.4023
vn -0.1324 0.9892 0.0635
vn 0.7062 0.6217 -0.3387
vn 0.8386 -0.3674 -0.4022
vn 0.1324 -0.9892 -0.0635
vn -0.7062 -0.6217 0.3387
vn -0.8384 0.3674 0.4025
vn -0.1324 0.9892 0.0636
vn 0.7061 0.6217 -0.3390
vn 0.8384 -0.3674 -0.4026
vn 0.1324 -0.9892 -0.0636
vn -0.7061 -0.6217 0.3390
vn 0.7017 0.6217 -0.3480
vn 0.8332 -0.3674 -0.4132
vn -0.8219 0.3674 0.4353
vn -0.1298 0.9892 0.0687
vn 0.6922 0.6217 -0.3666
vn 0.8219 -0.3674 -0.4353
vn 0.1298 -0.9892 -0.0687
vn -0.6922 -0.6217 0.3666
vn -0.8012 0.3673 0.4725
vn -0.1265 0.9892 0.0746
vn 0.6747 0.6215 -0.3980
vn 0.8011 -0.3673 -0.4726
vn 0.1265 -0.9892 -0.0746
vn -0.6748 -0.6215 0.3980
vn -0.7631 0.3670 0.5320
vn -0.1206 0.9891 0.0841
vn 0.6427 0.6212 -0.4484
vn 0.7629 -0.3670 -0.5323
vn 0.1206 -0.9891 -0.0841
vn -0.6429 -0.6212 0.4482
vn -0.6878 0.3659 0.6269
vn -0.1089 0.9891 0.0995
vn 0.5790 0.6199 -0.5296
vn 0.6867 -0.3659 -0.6282
vn 0.1089 -0.9891 -0.0995
vn -0.5798 -0.6199 0.5287
vn -0.5154 0.3653 0.7752
vn -0.0819 0.9890 0.1230
vn 0.4352 0.6192 -0.6536
vn 0.5159 -0.3653 -0.7748
vn 0.0819 -0.9890 -0.1230
vn -0.4348 -0.6192 0.6539
vn -0.3370 0.3664 0.8673
vn -0.0534 0.9891 0.1372
vn 0.2846 0.6206 -0.7307
vn 0.3377 -0.3665 -0.8670
vn 0.0534 -0.9891 -0.1372
vn -0.2841 -0.6206 0.7309
vn -0.3019 0.3674 0.8797
vn -0.0477 0.9892 0.1389
vn 0.2542 0.6217 -0.7409
vn 0.3019 -0.3674 -0.8797
vn 0.0477 -0.9892 -0.1389
vn -0.2542 -0.6217 0.7409
vn -0.2698 0.3674 0.8901
vn -0.0426 0.9892 0.1405
vn 0.2272 0.6217 -0.7496
vn 0.2698 -0.3674 -0.8901
vn 0.0426 -0.9892 -0.1405
vn -0.2272 -0.6217 0.7496
vn -0.2412 0.3674 0.8983
vn -0.0381 0.9892 0.1418
vn 0.2031 0.6217 -0.7565
vn 0.2412 -0.3674 -0.8983
vn 0.0381 -0.9892 -0.1418
vn -0.2031 -0.6217 0.7565
vn -0.2162 0.3674 0.9046
vn -0.0341 0.9892 0.1428
vn 0.1821 0.6217 -0.7618
vn 0.2162 -0.3674 -0.9046
vn 0.0341 -0.9892 -0.1428
vn -0.1821 -0.6217 0.7618
vn -0.1950 0.3674 0.9094
vn -0.0308 0.9892 0.1436
vn 0.1642 0.6217 -0.7658
vn 0.1950 -0.3674 -0.9094
vn 0.0308 -0.9892 -0.1436
vn -0.1642 -0.6217 0.7658
vn -0.1776 0.3674 0.9129
vn -0.0280 0.9892 0.1441
vn 0.1496 0.6217 -0.7688
vn 0.1776 -0.3674 -0.9129
vn 0.0280 -0.9892 -0.1441
vn -0.1496 -0.6217 0.7688
vn -0.1639 0.3674 0.9155
vn -0.0259 0.9892 0.1445
vn 0.1380 0.6217 -0.7710
vn 0.1639 -0.3674 -0.9155
vn 0.0259 -0.9892 -0.1445
vn -0.1380 -0.6217 0.7710
vn -0.1540 0.3674 0.9172
vn -0.0243 0.9892 0.1448
vn 0.1297 0.6217 -0.7724
vn 0.1540 -0.3674 -0.9172
vn 0.0243 -0.9892 -0.1448
vn -0.1297 -0.6217 0.7724
vn -0.1479 0.3674 0.9182
vn -0.0234 0.9892 0.1450
vn 0.1246 0.6217 -0.7733
vn 0.1479 -0.3674 -0.9182
vn 0.0234 -0.9892 -0.1450
vn -0.1246 -0.6217 0.7733
vn -0.1456 0.3674 0.9186
vn -0.0230 0.9892 0.1450
vn 0.1226 0.6217 -0.7736
vn 0.1456 -0.3674 -0.9186
vn 0.0230 -0.9892 -0.1450
vn -0.1226 -0.6217 0.7736
vn -0.1470 0.3674 0.9184
vn -0.0232 0.9891 0.1451
vn 0.1238 0.6216 -0.7735
vn 0.1469 -0.3674 -0.9184
vn 0.0232 -0.9891 -0.1451
vn -0.1238 -0.6216 0.7735
vn -0.0738 0.3664 0.9275
vn 0.0122 0.9886 0.1500
vn 0.0857 0.6216 -0.7786
vn 0.0732 -0.3664 -0.9276
vn -0.0123 -0.9886 -0.1500
vn -0.0859 -0.6216 0.7786
vn 0.0694 0.3595 0.9306
vn 0.0773 0.9854 0.1516
vn 0.0078 0.6251 -0.7805
vn -0.0693 -0.3595 -0.9306
vn -0.0772 -0.9854 -0.1516
vn -0.0078 -0.6251 0.7805
vn 0.1994 0.3478 0.9161
vn 0.1321 0.9805 0.1452
vn -0.0677 0.6319 -0.7721
vn -0.1994 -0.3478 -0.9161
vn -0.1320 -0.9805 -0.1453
vn 0.0677 -0.6319 0.7721
vn 0.3181 0.3331 0.8876
vn 0.1774 0.9749 0.1341
vn -0.1411 0.6410 -0.7545
vn -0.3181 -0.3331 -0.8876
vn -0.1774 -0.9750 -0.1341
vn 0.1411 -0.6410 0.7545
vn 0.4278 0.3164 0.8467
vn 0.2147 0.9693 0.1200
vn -0.2137 0.6520 -0.7275
vn -0.4278 -0.3164 -0.8467
vn -0.2147 -0.9693 -0.1201
vn 0.2136 -0.6520 0.7275
vn 0.5308 0.2980 0.7934
vn 0.2451 0.9639 0.1041
vn -0.2864 0.6648 -0.6899
vn -0.5308 -0.2980 -0.7934
vn -0.2451 -0.9639 -0.1042
vn 0.2863 -0.6648 0.6900
vn 0.6287 0.2785 0.7261
vn 0.2696 0.9590 0.0871
vn -0.3599 0.6793 -0.6396
vn -0.6287 -0.2785 -0.7260
vn -0.2696 -0.9590 -0.0872
vn 0.3598 -0.6793 0.6396
vn 0.7219 0.2581 0.6421
vn 0.2890 0.9548 0.0695
vn -0.4339 0.6952 -0.5730
vn -0.7220 -0.2581 -0.6420
vn -0.2890 -0.9548 -0.0696
vn 0.4339 -0.6952 0.5731
vn 0.8090 0.2375 0.5377
vn 0.3036 0.9514 0.0518
vn -0.5066 0.7120 -0.4862
vn -0.8091 -0.2375 -0.5376
vn -0.3036 -0.9514 -0.0518
vn 0.5065 -0.7120 0.4864
vn 0.8856 0.2182 0.4099
vn 0.3138 0.9489 0.0346
vn -0.5733 0.7283 -0.3755
vn -0.8857 -0.2182 -0.4098
vn -0.3138 -0.9489 -0.0346
vn 0.5732 -0.7282 0.3757
vn 0.9446 0.2026 0.2582
vn 0.3198 0.9473 0.0188
vn -0.6264 0.7418 -0.2395
vn -0.9446 -0.2026 -0.2581
vn -0.3198 -0.9473 -0.0188
vn 0.6263 -0.7418 0.2397
vn 0.9771 0.1937 0.0879
vn 0.3222 0.9467 0.0055
vn -0.6565 0.7498 -0.0824
vn -0.9771 -0.1937 -0.0879
vn -0.3222 -0.9467 -0.0055
vn 0.6565 -0.7498 0.0825
vn 0.8710 0.4893 -0.0435
vn 0.0174 0.9978 0.0647
vn -0.8610 0.4985 0.1007
vn -0.8720 -0.4884 0.0330
vn -0.0175 -0.9977 -0.0655
vn 0.8604 -0.4985 -0.1061
vn 0.8701 0.4778 0.1211
vn 0.0136 0.9938 0.1103
vn -0.8572 0.5149 -0.0115
vn -0.8700 -0.4777 -0.1218
vn -0.0136 -0.9938 -0.1104
vn 0.8572 -0.5148 0.0111
vn 0.8640 0.4717 0.1757
vn 0.0116 0.9921 0.1247
vn -0.8525 0.5202 -0.0511
vn -0.8640 -0.4717 -0.1758
vn -0.0116 -0.9921 -0.1247
vn 0.8525 -0.5202 0.0511
vn 0.8606 0.4689 0.1985
vn 0.0108 0.9915 0.1299
vn -0.8498 0.5225 -0.0687
vn -0.8606 -0.4689 -0.1985
vn -0.0108 -0.9915 -0.1299
vn 0.8498 -0.5225 0.0687
vn 0.8593 0.4678 0.2069
vn 0.0107 0.9914 0.1306
vn -0.8486 0.5235 -0.0762
vn -0.8593 -0.4678 -0.2069
vn -0.0107 -0.9914 -0.1306
vn 0.8486 -0.5235 0.0762
vn 0.8594 0.4679 0.2063
vn 0.0110 0.9917 0.1285
vn -0.8483 0.5237 -0.0778
vn -0.8594 -0.4679 -0.2063
vn -0.0110 -0.9917 -0.1285
vn 0.8483 -0.5237 0.0778
vn 0.8606 0.4689 0.1986
vn 0.0118 0.9922 0.1238
vn -0.8488 0.5234 -0.0749
vn -0.8606 -0.4689 -0.1986
vn -0.0118 -0.9922 -0.1238
vn 0.8488 -0.5233 0.0749
vn 0.8630 0.4706 0.1838
vn 0.0130 0.9931 0.1164
vn -0.8500 0.5225 -0.0675
vn -0.8630 -0.4706 -0.1838
vn -0.0130 -0.9931 -0.1164
vn 0.8500 -0.5225 0.0675
vn 0.8662 0.4732 0.1604
vn 0.0145 0.9943 0.1054
vn -0.8518 0.5211 -0.0549
vn -0.8662 -0.4732 -0.1603
vn -0.0145 -0.9943 -0.1054
vn 0.8518 -0.5211 0.0549
vn 0.8702 0.4766 0.1246
vn 0.0164 0.9959 0.0894
vn -0.8540 0.5191 -0.0353
vn -0.8702 -0.4766 -0.1246
vn -0.0164 -0.9959 -0.0894
vn 0.8540 -0.5191 0.0353
vn 0.8741 0.4808 0.0694
vn 0.0182 0.9977 0.0651
vn -0.8562 0.5166 -0.0043
vn -0.8741 -0.4808 -0.0694
vn -0.0182 -0.9977 -0.0651
vn 0.8562 -0.5166 0.0044
vn 0.8743 0.4849 -0.0209
vn 0.0184 0.9995 0.0258
vn -0.8563 0.5144 0.0466
vn -0.8743 -0.4849 0.0207
vn -0.0184 -0.9995 -0.0258
vn 0.8563 -0.5144 -0.0466
vn 0.8734 0.4851 -0.0439
vn 0.0175 0.9998 0.0071
vn -0.8560 0.5144 0.0512
vn -0.8733 -0.4851 0.0442
vn -0.0175 -0.9998 -0.0071
vn 0.8560 -0.5144 -0.0511
vn 0.8745 0.4836 0.0375
vn 0.0179 0.9995 0.0255
vn -0.8569 0.5154 -0.0121
vn -0.8745 -0.4836 -0.0376
vn -0.0179 -0.9995 -0.0255
vn 0.8569 -0.5154 0.0121
vn 0.8697 0.4813 0.1096
vn 0.0168 0.9990 0.0404
vn -0.8530 0.5173 -0.0693
vn -0.8696 -0.4813 -0.1096
vn -0.0168 -0.9990 -0.0404
vn 0.8530 -0.5173 0.0693
vn 0.8611 0.4787 0.1714
vn 0.0152 0.9986 0.0516
vn -0.8460 0.5195 -0.1199
vn -0.8611 -0.4787 -0.1714
vn -0.0152 -0.9986 -0.0516
vn 0.8460 -0.5195 0.1199
vn 0.8507 0.4760 0.2229
vn 0.0136 0.9982 0.0592
vn -0.8371 0.5219 -0.1638
vn -0.8507 -0.4760 -0.2229
vn -0.0136 -0.9982 -0.0592
vn 0.8372 -0.5219 0.1637
vn 0.8400 0.4737 0.2645
vn 0.0125 0.9979 0.0633
vn -0.8276 0.5241 -0.2012
vn -0.8400 -0.4737 -0.2645
vn -0.0125 -0.9979 -0.0633
vn 0.8276 -0.5241 0.2012
vn 0.8302 0.4717 0.2969
vn 0.0122 0.9979 0.0642
vn -0.8180 0.5260 -0.2327
vn -0.8302 -0.4717 -0.2969
vn -0.0122 -0.9979 -0.0642
vn 0.8180 -0.5260 0.2327
vn 0.8222 0.4704 0.3206
vn 0.0130 0.9980 0.0620
vn -0.8092 0.5276 -0.2586
vn -0.8222 -0.4704 -0.3206
vn -0.0130 -0.9980 -0.0620
vn 0.8092 -0.5276 0.2586
vn 0.8164 0.4696 0.3362
vn 0.0149 0.9983 0.0566
vn -0.8015 0.5287 -0.2795
vn -0.8164 -0.4696 -0.3362
vn -0.0149 -0.9983 -0.0566
vn 0.8015 -0.5287 0.2795
vn 0.8133 0.4692 0.3440
vn 0.0182 0.9987 0.0482
vn -0.7951 0.5294 -0.2957
vn -0.8133 -0.4692 -0.3440
vn -0.0182 -0.9987 -0.0482
vn 0.7951 -0.5294 0.2957
vn 0.8133 0.4692 0.3441
vn 0.0228 0.9991 0.0366
vn -0.7904 0.5298 -0.3074
vn -0.8133 -0.4692 -0.3441
vn -0.0228 -0.9991 -0.0366
vn 0.7904 -0.5298 0.3074
vn 0.8164 0.4694 0.3364
vn 0.0289 0.9993 0.0216
vn -0.7876 0.5298 -0.3147
vn -0.8165 -0.4694 -0.3363
vn -0.0289 -0.9993 -0.0216
vn 0.7875 -0.5298 0.3148
vn 0.8397 0.4695 0.2730
vn 0.0327 0.9994 0.0110
vn -0.8072 0.5291 -0.2616
vn -0.8398 -0.4695 -0.2726
vn -0.0327 -0.9994 -0.0110
vn 0.8071 -0.5291 0.2621
vn 0.8652 0.4696 0.1759
vn 0.0334 0.9994 0.0080
vn -0.8318 0.5289 -0.1683
vn -0.8651 -0.4696 -0.1763
vn -0.0334 -0.9994 -0.0080
vn 0.8319 -0.5289 0.1680
vn 0.8770 0.4699 0.1003
vn 0.0337 0.9994 0.0056
vn -0.8433 0.5290 -0.0949
vn -0.8770 -0.4699 -0.1005
vn -0.0337 -0.9994 -0.0056
vn 0.8433 -0.5290 0.0947
vn 0.8817 0.4701 0.0412
vn 0.0339 0.9994 0.0037
vn -0.8478 0.5290 -0.0376
vn -0.8816 -0.4701 -0.0413
vn -0.0339 -0.9994 -0.0037
vn 0.8478 -0.5290 0.0375
vn 0.8825 0.4703 -0.0052
vn 0.0339 0.9994 0.0022
vn -0.8486 0.5289 0.0074
vn -0.8825 -0.4703 0.0052
vn -0.0339 -0.9994 -0.0022
vn 0.8486 -0.5290 -0.0074
vn 0.8815 0.4704 -0.0420
vn 0.0339 0.9994 0.0009
vn -0.8476 0.5289 0.0428
vn -0.8815 -0.4704 0.0419
vn -0.0339 -0.9994 -0.0009
vn 0.8476 -0.5289 -0.0429
vn 0.8795 0.4705 -0.0712
vn 0.0338 0.9994 -0.0002
vn -0.8457 0.5289 0.0710
vn -0.8795 -0.4705 0.0712
vn -0.0338 -0.9994 0.0002
vn 0.8457 -0.5288 -0.0710
vn 0.8773 0.4706 -0.0945
vn 0.0337 0.9994 -0.0011
vn -0.8436 0.5288 0.0934
vn -0.8773 -0.4706 0.0945
vn -0.0337 -0.9994 0.0011
vn 0.8436 -0.5288 -0.0934
vn 0.8751 0.4706 -0.1130
vn 0.0336 0.9994 -0.0018
vn -0.8415 0.5288 0.1112
vn -0.8751 -0.4706 0.1130
vn -0.0336 -0.9994 0.0018
vn 0.8415 -0.5288 -0.1112
vn 0.8730 0.4707 -0.1276
vn 0.0335 0.9994 -0.0025
vn -0.8395 0.5287 0.1251
vn -0.8730 -0.4707 0.1276
vn -0.0335 -0.9994 0.0025
vn 0.8395 -0.5287 -0.1251
vn 0.8713 0.4707 -0.1388
vn 0.0334 0.9994 -0.0031
vn -0.8379 0.5287 0.1357
vn -0.8713 -0.4707 0.1388
vn -0.0334 -0.9994 0.0031
vn 0.8379 -0.5287 -0.1357
vn 0.8699 0.4707 -0.1471
vn 0.0333 0.9994 -0.0037
vn -0.8366 0.5287 0.1434
vn -0.8699 -0.4707 0.1471
vn -0.0333 -0.9994 0.0037
vn 0.8366 -0.5287 -0.1434
vn 0.8686 0.4707 -0.1550
vn 0.0339 0.9994 -0.0003
vn -0.8346 0.5287 0.1547
vn -0.8686 -0.4707 0.1550
vn -0.0339 -0.9994 0.0003
vn 0.8346 -0.5287 -0.1547
vn 0.8666 0.4708 -0.1653
vn 0.0346 0.9994 0.0035
vn -0.8320 0.5286 0.1687
vn -0.8666 -0.4708 0.1653
vn -0.0346 -0.9994 -0.0035
vn 0.8320 -0.5286 -0.1687
vn 0.8642 0.4709 -0.1769
vn 0.0342 0.9994 0.0010
vn -0.8301 0.5285 0.1780
vn -0.8642 -0.4709 0.1769
vn -0.0342 -0.9994 -0.0010
vn 0.8301 -0.5285 -0.1780
vn 0.8615 0.4710 -0.1899
vn 0.0321 0.9994 -0.0085
vn -0.8293 0.5285 0.1814
vn -0.8615 -0.4710 0.1899
vn -0.0321 -0.9994 0.0085
vn 0.8293 -0.5285 -0.1814
vn 0.8583 0.4708 -0.2039
vn 0.0283 0.9993 -0.0258
vn -0.8300 0.5285 0.1781
vn -0.8583 -0.4708 0.2039
vn -0.0283 -0.9993 0.0258
vn 0.8300 -0.5285 -0.1781
vn 0.8550 0.4704 -0.2187
vn 0.0225 0.9984 -0.0511
vn -0.8324 0.5282 0.1676
vn -0.8550 -0.4704 0.2187
vn -0.0225 -0.9984 0.0512
vn 0.8325 -0.5282 -0.1675
vn 0.8515 0.4694 -0.2338
vn 0.0149 0.9963 -0.0843
vn -0.8366 0.5271 0.1495
vn -0.8515 -0.4694 0.2338
vn -0.0148 -0.9963 0.0844
vn 0.8366 -0.5271 -0.1494
vn 0.8481 0.4679 -0.2488
vn 0.0057 0.9922 -0.1246
vn -0.8423 0.5245 0.1241
vn -0.8481 -0.4679 0.2488
vn -0.0057 -0.9922 0.1247
vn 0.8423 -0.5245 -0.1241
vn 0.8449 0.4657 -0.2631
vn -0.0044 0.9853 -0.1706
vn -0.8492 0.5198 0.0925
vn -0.8449 -0.4657 0.2631
vn 0.0044 -0.9853 0.1706
vn 0.8493 -0.5198 -0.0924
vn 0.8422 0.4631 -0.2762
vn -0.0148 0.9754 -0.2202
vn -0.8569 0.5125 0.0560
vn -0.8422 -0.4630 0.2762
vn 0.0148 -0.9753 0.2202
vn 0.8569 -0.5125 -0.0559
vn 0.8400 0.4601 -0.2876
vn -0.0247 0.9622 -0.2711
vn -0.8645 0.5024 0.0164
vn -0.8400 -0.4601 0.2876
vn 0.0247 -0.9622 0.2711
vn 0.8645 -0.5024 -0.0164
vn 0.8384 0.4570 -0.2970
vn -0.0333 0.9464 -0.3213
vn -0.8716 0.4896 -0.0243
vn -0.8384 -0.4570 0.2972
vn 0.0332 -0.9464 0.3211
vn 0.8716 -0.4896 0.0241
vn 0.8440 0.4691 -0.2599
vn -0.0266 0.9593 -0.2811
vn -0.8710 0.4908 -0.0216
vn -0.8440 -0.4690 0.2603
vn 0.0268 -0.9590 0.2822
vn 0.8710 -0.4907 0.0218
vn 0.8534 0.4860 -0.1884
vn -0.0117 0.9855 -0.1695
vn -0.8655 0.5005 0.0188
vn -0.8535 -0.4860 0.1882
vn 0.0117 -0.9855 0.1691
vn 0.8655 -0.5006 -0.0189
vn 0.8604 0.4933 -0.1278
vn -0.0009 0.9973 -0.0736
vn -0.8615 0.5048 0.0541
vn -0.8605 -0.4933 0.1277
vn 0.0008 -0.9973 0.0734
vn 0.8615 -0.5048 -0.0542
vn 0.8658 0.4948 -0.0747
vn 0.0076 0.9999 0.0114
vn -0.8584 0.5057 0.0861
vn -0.8658 -0.4948 0.0746
vn -0.0076 -0.9999 -0.0115
vn 0.8584 -0.5057 -0.0862
vn 0.8701 0.4922 -0.0256
vn 0.0146 0.9957 0.0912
vn -0.8557 0.5041 0.1170
vn -0.8701 -0.4922 0.0256
vn -0.0146 -0.9957 -0.0912
vn 0.8557 -0.5041 -0.1169
vn 0.8738 0.4858 0.0226
vn 0.0207 0.9850 0.1711
vn -0.8532 0.4999 0.1486
vn -0.8738 -0.4858 -0.0225
vn -0.0207 -0.9851 -0.1710
vn 0.8532 -0.4999 -0.1486
vn 0.8771 0.4746 0.0734
vn 0.0264 0.9661 0.2568
vn -0.8508 0.4923 0.1836
vn -0.8771 -0.4747 -0.0733
vn -0.0264 -0.9662 -0.2565
vn 0.8508 -0.4923 -0.1835
vn 0.8802 0.4562 0.1312
vn 0.0319 0.9340 0.3558
vn -0.8484 0.4791 0.2249
vn -0.8802 -0.4563 -0.1310
vn -0.0319 -0.9343 -0.3551
vn 0.8484 -0.4792 -0.2248
vn 0.8828 0.4243 0.2018
vn 0.0372 0.8775 0.4782
vn -0.8459 0.4556 0.2772
vn -0.8827 -0.4246 -0.2012
vn -0.0371 -0.8785 -0.4763
vn 0.8459 -0.4558 -0.2769
vn 0.8840 0.3650 0.2922
vn 0.0410 0.7707 0.6359
vn -0.8435 0.4106 0.3461
vn -0.8839 -0.3663 -0.2907
vn -0.0409 -0.7748 -0.6309
vn 0.8436 -0.4114 -0.3452
vn 0.8808 0.2488 0.4028
vn 0.0390 0.5608 0.8271
vn -0.8429 0.3204 0.4323
vn -0.8809 -0.2525 -0.4003
vn -0.0394 -0.5728 -0.8187
vn 0.8428 -0.3228 -0.4307
vn 0.8687 0.0412 0.4936
vn 0.0214 0.1927 0.9810
vn -0.8492 0.1564 0.5044
vn -0.8688 -0.0439 -0.4931
vn -0.0220 -0.2019 -0.9792
vn 0.8490 -0.1581 -0.5041
vn 0.6450 0.2034 0.7366
vn 0.9777 0.0392 -0.2065
vn 0.3210 -0.1732 -0.9311
vn -0.6444 -0.2098 -0.7353
vn -0.9776 -0.0399 0.2067
vn -0.3201 0.1612 0.9336
vn 0.6287 0.4533 0.6318
vn 0.9844 -0.0432 -0.1704
vn 0.3485 -0.5030 -0.7909
vn -0.6282 -0.4597 -0.6277
vn -0.9844 0.0425 0.1708
vn -0.3478 0.4915 0.7984
vn 0.6222 0.5966 0.5069
vn 0.9877 -0.0890 -0.1289
vn 0.3619 -0.6866 -0.6306
vn -0.6220 -0.5988 -0.5046
vn -0.9876 0.0887 0.1292
vn -0.3617 0.6829 0.6347
vn 0.6196 0.6742 0.4020
vn 0.9890 -0.1136 -0.0947
vn 0.3676 -0.7875 -0.4947
vn -0.6195 -0.6747 -0.4011
vn -0.9890 0.1136 0.0949
vn -0.3676 0.7864 0.4964
vn 0.6186 0.7187 0.3174
vn 0.9895 -0.1278 -0.0674
vn 0.3698 -0.8461 -0.3839
vn -0.6186 -0.7189 -0.3170
vn -0.9895 0.1278 0.0674
vn -0.3698 0.8458 0.3846
vn 0.6185 0.7464 0.2457
vn 0.9896 -0.1366 -0.0444
vn 0.3704 -0.8825 -0.2897
vn -0.6185 -0.7464 -0.2455
vn -0.9896 0.1366 0.0444
vn -0.3704 0.8824 0.2900
vn 0.6189 0.7644 0.1807
vn 0.9895 -0.1423 -0.0238
vn 0.3700 -0.9063 -0.2044
vn -0.6189 -0.7644 -0.1807
vn -0.9895 0.1423 0.0238
vn -0.3700 0.9062 0.2045
vn 0.6197 0.7760 0.1175
vn 0.9893 -0.1459 -0.0040
vn 0.3690 -0.9215 -0.1215
vn -0.6197 -0.7760 -0.1176
vn -0.9893 0.1459 0.0040
vn -0.3690 0.9215 0.1214
vn 0.6210 0.7821 0.0518
vn 0.9889 -0.1478 0.0165
vn 0.3672 -0.9295 -0.0354
vn -0.6210 -0.7821 -0.0519
vn -0.9889 0.1478 -0.0165
vn -0.3672 0.9295 0.0353
vn 0.6229 0.7821 -0.0207
vn 0.9882 -0.1478 0.0388
vn 0.3645 -0.9293 0.0592
vn -0.6228 -0.7821 0.0205
vn -0.9882 0.1478 -0.0388
vn -0.3645 0.9293 -0.0595
vn 0.6256 0.7731 -0.1043
vn 0.9873 -0.1452 0.0644
vn 0.3604 -0.9175 0.1680
vn -0.6256 -0.7732 0.1039
vn -0.9873 0.1452 -0.0644
vn -0.3604 0.9174 -0.1686
vn 0.6304 0.7494 -0.2023
vn 0.9859 -0.1379 0.0945
vn 0.3546 -0.8863 0.2980
vn -0.6305 -0.7491 0.2034
vn -0.9859 0.1379 -0.0945
vn -0.3547 0.8868 -0.2963
vn 0.6331 0.7363 -0.2387
vn 0.9848 -0.1309 0.1143
vn 0.3514 -0.8671 0.3530
vn -0.6331 -0.7364 0.2386
vn -0.9848 0.1309 -0.1142
vn -0.3515 0.8672 -0.3527
vn 0.6302 0.7511 -0.1966
vn 0.9844 -0.1290 0.1198
vn 0.3540 -0.8801 0.3164
vn -0.6302 -0.7511 0.1966
vn -0.9844 0.1290 -0.1198
vn -0.3540 0.8801 -0.3164
vn 0.6264 0.7646 -0.1519
vn 0.9840 -0.1275 0.1246
vn 0.3573 -0.8921 0.2764
vn -0.6264 -0.7646 0.1519
vn -0.9840 0.1276 -0.1246
vn -0.3574 0.8921 -0.2764
vn 0.6220 0.7757 -0.1066
vn 0.9836 -0.1266 0.1283
vn 0.3614 -0.9024 0.2349
vn -0.6220 -0.7757 0.1066
vn -0.9836 0.1266 -0.1283
vn -0.3614 0.9024 -0.2348
vn 0.6174 0.7841 -0.0632
vn 0.9834 -0.1262 0.1306
vn 0.3657 -0.9103 0.1939
vn -0.6174 -0.7841 0.0633
vn -0.9834 0.1262 -0.1306
vn -0.3657 0.9103 -0.1939
vn 0.6130 0.7897 -0.0244
vn 0.9833 -0.1261 0.1314
vn 0.3701 -0.9158 0.1558
vn -0.6130 -0.7897 0.0244
vn -0.9833 0.1261 -0.1314
vn -0.3701 0.9158 -0.1558
vn 0.6091 0.7931 0.0081
vn 0.3742 -0.9192 0.1225
vn -0.6091 -0.7930 -0.0081
vn -0.3742 0.9192 -0.1225
vn 0.6061 0.7947 0.0332
vn 0.9836 -0.1264 0.1284
vn 0.3775 -0.9211 0.0952
vn -0.6060 -0.7947 -0.0332
vn -0.9836 0.1264 -0.1284
vn -0.3775 0.9211 -0.0952
vn 0.6039 0.7954 0.0507
vn 0.9840 -0.1265 0.1251
vn 0.3801 -0.9219 0.0743
vn -0.6039 -0.7954 -0.0507
vn -0.9841 0.1265 -0.1251
vn -0.3801 0.9219 -0.0743
vn 0.6026 0.7957 0.0611
vn 0.9846 -0.1266 0.1208
vn 0.3819 -0.9223 0.0597
vn -0.6026 -0.7957 -0.0611
vn -0.9846 0.1266 -0.1208
vn -0.3819 0.9223 -0.0597
vn 0.6022 0.7957 0.0653
vn 0.9851 -0.1267 0.1161
vn 0.3830 -0.9224 0.0508
vn -0.6022 -0.7957 -0.0653
vn -0.9851 0.1267 -0.1161
vn -0.3830 0.9224 -0.0508
vn 0.6023 0.7957 0.0643
vn 0.9857 -0.1267 0.1110
vn 0.3834 -0.9224 0.0467
vn -0.6023 -0.7957 -0.0643
vn -0.9857 0.1267 -0.1110
vn -0.3834 0.9224 -0.0467
vn 0.6023 0.7957 0.0641
vn 0.9857 -0.1267 0.1108
vn 0.3834 -0.9224 0.0466
vn -0.6023 -0.7957 -0.0641
vn -0.9857 0.1267 -0.1108
vn -0.3834 0.9224 -0.0466
vn 0.6019 0.7957 0.0672
vn 0.9853 -0.1267 0.1149
vn 0.3833 -0.9224 0.0477
vn -0.6019 -0.7957 -0.0672
vn -0.9853 0.1267 -0.1149
vn -0.3833 0.9224 -0.0477
vn 0.6016 0.7957 0.0698
vn 0.9849 -0.1267 0.1183
vn 0.3832 -0.9224 0.0485
vn -0.6016 -0.7957 -0.0698
vn -0.9849 0.1267 -0.1183
vn -0.3832 0.9224 -0.0485
vn 0.6014 0.7957 0.0720
vn 0.9845 -0.1267 0.1211
vn 0.3832 -0.9224 0.0491
vn -0.6014 -0.7957 -0.0720
vn -0.9845 0.1267 -0.1211
vn -0.3832 0.9224 -0.0491
vn 0.6011 0.7957 0.0739
vn 0.9842 -0.1266 0.1234
vn 0.3831 -0.9224 0.0495
vn -0.6011 -0.7957 -0.0739
vn -0.9842 0.1267 -0.1234
vn -0.3831 0.9224 -0.0495
vn 0.6009 0.7957 0.0754
vn 0.9840 -0.1266 0.1252
vn 0.3831 -0.9224 0.0498
vn -0.6009 -0.7957 -0.0754
vn -0.9840 0.1266 -0.1252
vn -0.3831 0.9224 -0.0498
vn 0.6008 0.7957 0.0766
vn 0.9838 -0.1267 0.1266
vn 0.3831 -0.9224 0.0499
vn -0.6008 -0.7957 -0.0766
vn -0.9838 0.1267 -0.1266
vn -0.3831 0.9224 -0.0499
vn 0.6007 0.7957 0.0775
vn 0.9837 -0.1266 0.1275
vn -0.6007 -0.7957 -0.0775
vn -0.9837 0.1266 -0.1275
vn 0.6006 0.7957 0.0782
vn 0.9837 -0.1266 0.1279
vn 0.3831 -0.9224 0.0497
vn -0.6006 -0.7957 -0.0782
vn -0.9837 0.1266 -0.1279
vn -0.3831 0.9224 -0.0497
vn 0.6005 0.7957 0.0786
vn 0.9837 -0.1266 0.1280
vn 0.3831 -0.9224 0.0494
vn -0.6005 -0.7957 -0.0786
vn -0.9837 0.1266 -0.1280
vn -0.3831 0.9224 -0.0494
vn 0.6005 0.7957 0.0787
vn 0.9837 -0.1266 0.1276
vn 0.3832 -0.9224 0.0490
vn -0.6005 -0.7957 -0.0787
vn -0.9837 0.1266 -0.1276
vn -0.3832 0.9224 -0.0490
vn 0.6005 0.7957 0.0785
vn 0.9838 -0.1266 0.1269
vn 0.3833 -0.9224 0.0484
vn -0.6005 -0.7957 -0.0785
vn -0.9838 0.1266 -0.1269
vn -0.3833 0.9224 -0.0484
vn 0.6006 0.7957 0.0778
vn 0.9840 -0.1266 0.1250
vn 0.3834 -0.9224 0.0472
vn -0.6006 -0.7957 -0.0778
vn -0.9840 0.1266 -0.1250
vn -0.3834 0.9224 -0.0472
vn 0.6009 0.7957 0.0760
vn 0.9845 -0.1266 0.1211
vn 0.3837 -0.9224 0.0451
vn -0.6009 -0.7957 -0.0760
vn -0.9845 0.1266 -0.1211
vn -0.3837 0.9224 -0.0451
vn 0.6012 0.7957 0.0731
vn 0.9852 -0.1266 0.1153
vn 0.3840 -0.9224 0.0422
vn -0.6012 -0.7957 -0.0731
vn -0.9852 0.1266 -0.1153
vn -0.3840 0.9224 -0.0422
vn 0.6017 0.7958 0.0689
vn 0.9861 -0.1266 0.1075
vn 0.3844 -0.9223 0.0386
vn -0.6017 -0.7957 -0.0689
vn -0.9861 0.1266 -0.1075
vn -0.3844 0.9223 -0.0386
vn 0.6023 0.7958 0.0632
vn 0.9872 -0.1266 0.0972
vn 0.3849 -0.9223 0.0340
vn -0.6023 -0.7958 -0.0632
vn -0.9872 0.1266 -0.0972
vn -0.3849 0.9223 -0.0340
vn 0.6030 0.7958 0.0557
vn 0.9884 -0.1265 0.0839
vn 0.3854 -0.9223 0.0282
vn -0.6030 -0.7958 -0.0557
vn -0.9884 0.1265 -0.0839
vn -0.3854 0.9223 -0.0282
vn 0.6038 0.7959 0.0459
vn 0.9897 -0.1264 0.0667
vn 0.3860 -0.9223 0.0209
vn -0.6037 -0.7959 -0.0459
vn -0.9897 0.1264 -0.0667
vn -0.3860 0.9223 -0.0209
vn 0.6045 0.7959 0.0330
vn 0.9910 -0.1262 0.0443
vn 0.3866 -0.9222 0.0114
vn -0.6045 -0.7959 -0.0330
vn -0.9910 0.1262 -0.0443
vn -0.3866 0.9222 -0.0114
vn 0.6051 0.7960 0.0158
vn 0.9919 -0.1260 0.0147
vn 0.3870 -0.9221 -0.0011
vn -0.6051 -0.7960 -0.0158
vn -0.9919 0.1260 -0.0147
vn -0.3870 0.9221 0.0011
vn 0.6050 0.7962 -0.0076
vn 0.9917 -0.1257 -0.0255
vn 0.3869 -0.9219 -0.0179
vn -0.6050 -0.7962 0.0076
vn -0.9917 0.1257 0.0255
vn -0.3870 0.9219 0.0179
vn 0.6034 0.7964 -0.0407
vn 0.9888 -0.1251 -0.0820
vn 0.3858 -0.9216 -0.0414
vn -0.6034 -0.7964 0.0406
vn -0.9888 0.1251 0.0819
vn -0.3858 0.9216 0.0413
vn 0.5970 0.7973 -0.0892
vn 0.9786 -0.1237 -0.1647
vn 0.3817 -0.9212 -0.0757
vn -0.5970 -0.7972 0.0891
vn -0.9785 0.1237 0.1650
vn -0.3817 0.9212 0.0757
vn 0.6066 0.7947 -0.0223
vn 0.9829 -0.1240 -0.1365
vn 0.3762 -0.9195 -0.1142
vn -0.6066 -0.7947 0.0220
vn -0.9829 0.1240 0.1362
vn -0.3762 0.9195 0.1142
vn 0.6148 0.7843 0.0831
vn 0.9901 -0.1329 -0.0449
vn 0.3755 -0.9180 -0.1280
vn -0.6148 -0.7843 -0.0828
vn -0.9901 0.1329 0.0451
vn -0.3755 0.9180 0.1280
vn 0.6146 0.7769 0.1364
vn 0.9901 -0.1401 0.0038
vn 0.3756 -0.9173 -0.1326
vn -0.6146 -0.7769 -0.1363
vn -0.9901 0.1401 -0.0038
vn -0.3756 0.9173 0.1326
vn 0.6131 0.7717 0.1690
vn 0.9887 -0.1454 0.0361
vn 0.3756 -0.9172 -0.1329
vn -0.6131 -0.7717 -0.1690
vn -0.9887 0.1454 -0.0361
vn -0.3756 0.9172 0.1329
vn 0.6114 0.7678 0.1915
vn 0.9868 -0.1498 0.0611
vn 0.3754 -0.9176 -0.1305
vn -0.6114 -0.7678 -0.1915
vn -0.9868 0.1498 -0.0611
vn -0.3754 0.9176 0.1305
vn 0.6097 0.7647 0.2087
vn 0.9846 -0.1538 0.0831
vn 0.3750 -0.9185 -0.1256
vn -0.6097 -0.7647 -0.2087
vn -0.9846 0.1538 -0.0831
vn -0.3750 0.9185 0.1256
vn 0.6079 0.7621 0.2229
vn 0.9819 -0.1578 0.1049
vn 0.3740 -0.9199 -0.1180
vn -0.6079 -0.7621 -0.2229
vn -0.9819 0.1578 -0.1049
vn -0.3740 0.9199 0.1180
vn 0.6060 0.7597 0.2359
vn 0.9783 -0.1622 0.1289
vn 0.3724 -0.9219 -0.1070
vn -0.6060 -0.7597 -0.2359
vn -0.9783 0.1622 -0.1289
vn -0.3724 0.9219 0.1070
vn 0.6036 0.7574 0.2491
vn 0.9731 -0.1674 0.1584
vn 0.3696 -0.9248 -0.0906
vn -0.6036 -0.7574 -0.2491
vn -0.9731 0.1674 -0.1585
vn -0.3696 0.9248 0.0906
vn 0.6004 0.7548 0.2643
vn 0.9644 -0.1743 0.1989
vn 0.3643 -0.9290 -0.0652
vn -0.6004 -0.7548 -0.2643
vn -0.9644 0.1743 -0.1990
vn -0.3642 0.9290 0.0652
vn 0.5950 0.7515 0.2850
vn 0.9473 -0.1841 0.2624
vn 0.3532 -0.9353 -0.0222
vn -0.5950 -0.7515 -0.2850
vn -0.9471 0.1841 -0.2627
vn -0.3531 0.9353 0.0220
vn 0.5825 0.7470 0.3205
vn 0.9030 -0.1982 0.3813
vn 0.3235 -0.9441 0.0627
vn -0.5825 -0.7469 -0.3206
vn -0.9022 0.1983 -0.3829
vn -0.3231 0.9442 -0.0635
vn 0.9765 -0.0212 -0.2145
vn 0.3025 -0.1048 -0.9474
vn -0.6655 -0.0859 -0.7415
vn -0.9765 0.0217 0.2144
vn -0.3025 0.1098 0.9468
vn 0.6655 0.0882 0.7412
vn 0.9747 -0.1321 -0.1802
vn 0.2969 -0.4704 -0.8310
vn -0.6682 -0.3436 -0.6599
vn -0.9747 0.1322 0.1802
vn -0.2969 0.4699 0.8313
vn 0.6682 0.3431 0.6602
vn 0.9694 -0.2228 -0.1030
vn 0.2801 -0.7595 -0.5871
vn -0.6822 -0.5422 -0.4906
vn -0.9695 0.2224 0.1034
vn -0.2806 0.7546 0.5931
vn 0.6820 0.5397 0.4936
vn 0.9629 -0.2687 -0.0226
vn 0.2608 -0.8999 -0.3495
vn -0.6989 -0.6349 -0.3294
vn -0.9630 0.2685 0.0230
vn -0.2612 0.8981 0.3539
vn 0.6987 0.6340 0.3315
vn 0.9571 -0.2871 0.0396
vn 0.2444 -0.9531 -0.1784
vn -0.7115 -0.6678 -0.2187
vn -0.9571 0.2871 -0.0394
vn -0.2446 0.9527 0.1801
vn 0.7114 0.6676 0.2195
vn 0.9520 -0.2938 0.0855
vn 0.2318 -0.9706 -0.0654
vn -0.7198 -0.6775 -0.1510
vn -0.9520 0.2938 -0.0854
vn -0.2319 0.9705 0.0660
vn 0.7198 0.6775 0.1513
vn 0.9476 -0.2958 0.1208
vn 0.2226 -0.9749 0.0074
vn -0.7249 -0.6794 -0.1135
vn -0.9476 0.2958 -0.1208
vn -0.2227 0.9749 -0.0071
vn 0.7249 0.6794 0.1136
vn 0.9434 -0.2958 0.1500
vn 0.2161 -0.9750 0.0524
vn -0.7273 -0.6793 -0.0976
vn -0.9434 0.2958 -0.1500
vn -0.2161 0.9750 -0.0523
vn 0.7273 0.6793 0.0977
vn 0.9391 -0.2950 0.1760
vn 0.2120 -0.9742 0.0770
vn -0.7272 -0.6793 -0.0991
vn -0.9391 0.2950 -0.1760
vn -0.2120 0.9742 -0.0770
vn 0.7272 0.6792 0.0991
vn 0.9344 -0.2939 0.2012
vn 0.2105 -0.9739 0.0846
vn -0.7239 -0.6799 -0.1167
vn -0.9344 0.2939 -0.2013
vn -0.2105 0.9739 -0.0846
vn 0.7239 0.6799 0.1166
vn 0.9286 -0.2930 0.2277
vn 0.2123 -0.9743 0.0756
vn -0.7162 -0.6811 -0.1521
vn -0.9286 0.2930 -0.2277
vn -0.2123 0.9743 -0.0757
vn 0.7162 0.6811 0.1519
vn 0.9208 -0.2928 0.2576
vn 0.2195 -0.9744 0.0481
vn -0.7013 -0.6815 -0.2094
vn -0.9208 0.2928 -0.2576
vn -0.2195 0.9744 -0.0481
vn 0.7012 0.6814 0.2096
vn 0.9103 -0.2935 0.2918
vn 0.2208 -0.9743 0.0449
vn -0.6897 -0.6808 -0.2468
vn -0.9103 0.2935 -0.2918
vn -0.2207 0.9743 -0.0450
vn 0.6896 0.6808 0.2469
vn 0.8988 -0.2939 0.3252
vn 0.2097 -0.9747 0.0773
vn -0.6892 -0.6808 -0.2480
vn -0.8988 0.2939 -0.3252
vn -0.2097 0.9747 -0.0773
vn 0.6892 0.6808 0.2480
vn 0.8865 -0.2935 0.3578
vn 0.1995 -0.9743 0.1042
vn -0.6870 -0.6809 -0.2537
vn -0.8865 0.2935 -0.3578
vn -0.1995 0.9743 -0.1042
vn 0.6870 0.6809 0.2537
vn 0.8732 -0.2923 0.3899
vn 0.1905 -0.9736 0.1260
vn -0.6829 -0.6812 -0.2639
vn -0.8732 0.2923 -0.3899
vn -0.1905 0.9736 -0.1260
vn 0.6829 0.6812 0.2639
vn 0.8590 -0.2907 0.4215
vn 0.1827 -0.9727 0.1433
vn -0.6764 -0.6819 -0.2783
vn -0.8590 0.2907 -0.4215
vn -0.1827 0.9727 -0.1433
vn 0.6764 0.6819 0.2782
vn 0.8436 -0.2887 0.4528
vn 0.1763 -0.9719 0.1562
vn -0.6674 -0.6831 -0.2967
vn -0.8435 0.2888 -0.4528
vn -0.1763 0.9719 -0.1562
vn 0.6674 0.6831 0.2967
vn 0.8267 -0.2866 0.4841
vn 0.1714 -0.9713 0.1651
vn -0.6554 -0.6846 -0.3191
vn -0.8267 0.2866 -0.4841
vn -0.1714 0.9713 -0.1651
vn 0.6554 0.6846 0.3191
vn 0.8083 -0.2844 0.5155
vn 0.1684 -0.9709 0.1702
vn -0.6400 -0.6864 -0.3454
vn -0.8083 0.2843 -0.5155
vn -0.1684 0.9709 -0.1702
vn 0.6400 0.6864 0.3453
vn 0.7881 -0.2823 0.5469
vn 0.1674 -0.9708 0.1716
vn -0.6207 -0.6883 -0.3753
vn -0.7881 0.2823 -0.5469
vn -0.1674 0.9708 -0.1717
vn 0.6208 0.6883 0.3753
vn 0.7659 -0.2806 0.5785
vn 0.1687 -0.9709 0.1697
vn -0.5971 -0.6901 -0.4089
vn -0.7659 0.2806 -0.5785
vn -0.1687 0.9709 -0.1697
vn 0.5972 0.6901 0.4089
vn 0.7413 -0.2795 0.6102
vn 0.1727 -0.9711 0.1645
vn -0.5686 -0.6914 -0.4457
vn -0.7413 0.2795 -0.6102
vn -0.1727 0.9711 -0.1645
vn 0.5686 0.6914 0.4457
vn 0.7142 -0.2793 0.6418
vn 0.1797 -0.9712 0.1563
vn -0.5346 -0.6918 -0.4854
vn -0.7143 0.2792 -0.6417
vn -0.1797 0.9712 -0.1563
vn 0.5345 0.6918 0.4855
vn 0.7181 -0.2792 0.6375
vn 0.1815 -0.9712 0.1543
vn -0.5365 -0.6918 -0.4833
vn -0.7181 0.2792 -0.6375
vn -0.1815 0.9712 -0.1543
vn 0.5366 0.6918 0.4832
vn 0.7545 -0.2794 0.5939
vn 0.1774 -0.9712 0.1591
vn -0.5771 -0.6913 -0.4348
vn -0.7545 0.2794 -0.5939
vn -0.1774 0.9712 -0.1591
vn 0.5771 0.6913 0.4348
vn 0.7891 -0.2810 0.5463
vn 0.1756 -0.9711 0.1617
vn -0.6135 -0.6897 -0.3847
vn -0.7891 0.2809 -0.5463
vn -0.1756 0.9711 -0.1617
vn 0.6135 0.6897 0.3847
vn 0.8208 -0.2836 0.4958
vn 0.1761 -0.9711 0.1610
vn -0.6448 -0.6871 -0.3348
vn -0.8209 0.2836 -0.4958
vn -0.1761 0.9711 -0.1610
vn 0.6448 0.6871 0.3348
vn 0.8490 -0.2870 0.4437
vn 0.1788 -0.9714 0.1563
vn -0.6704 -0.6841 -0.2875
vn -0.8490 0.2869 -0.4437
vn -0.1788 0.9714 -0.1563
vn 0.6703 0.6841 0.2875
vn 0.8729 -0.2906 0.3919
vn 0.1832 -0.9720 0.1468
vn -0.6898 -0.6812 -0.2451
vn -0.8729 0.2906 -0.3919
vn -0.1832 0.9720 -0.1468
vn 0.6898 0.6812 0.2452
vn 0.8925 -0.2940 0.3420
vn 0.1892 -0.9730 0.1320
vn -0.7035 -0.6789 -0.2101
vn -0.8925 0.2940 -0.3420
vn -0.1892 0.9730 -0.1320
vn 0.7035 0.6789 0.2101
vn 0.9080 -0.2967 0.2958
vn 0.1961 -0.9742 0.1114
vn -0.7121 -0.6775 -0.1844
vn -0.9080 0.2967 -0.2957
vn -0.1961 0.9742 -0.1114
vn 0.7121 0.6775 0.1844
vn 0.9199 -0.2984 0.2546
vn 0.2038 -0.9753 0.0848
vn -0.7162 -0.6769 -0.1698
vn -0.9199 0.2984 -0.2546
vn -0.2038 0.9753 -0.0848
vn 0.7162 0.6769 0.1698
vn 0.9286 -0.2990 0.2198
vn 0.2120 -0.9759 0.0523
vn -0.7167 -0.6770 -0.1675
vn -0.9286 0.2990 -0.2197
vn -0.2120 0.9759 -0.0523
vn 0.7167 0.6770 0.1675
vn 0.9348 -0.2985 0.1924
vn 0.2207 -0.9752 0.0139
vn -0.7141 -0.6769 -0.1785
vn -0.9348 0.2985 -0.1923
vn -0.2207 0.9752 -0.0139
vn 0.7141 0.6769 0.1785
vn 0.9389 -0.2974 0.1730
vn 0.2300 -0.9727 -0.0299
vn -0.7092 -0.6751 -0.2032
vn -0.9389 0.2974 -0.1733
vn -0.2300 0.9727 0.0300
vn 0.7092 0.6751 0.2031
vn 0.9533 -0.2897 0.0851
vn 0.2342 -0.9704 -0.0584
vn -0.7198 -0.6790 -0.1441
vn -0.9533 0.2897 -0.0857
vn -0.2342 0.9704 0.0584
vn 0.7199 0.6791 0.1434
vn 0.9578 -0.2781 -0.0728
vn 0.2341 -0.9699 -0.0675
vn -0.7245 -0.6892 0.0056
vn -0.9578 0.2781 0.0730
vn -0.2341 0.9699 0.0675
vn 0.7245 0.6892 -0.0054
vn 0.9388 -0.2729 -0.2102
vn 0.2330 -0.9695 -0.0756
vn -0.7064 -0.6948 0.1350
vn -0.9387 0.2729 0.2104
vn -0.2330 0.9695 0.0756
vn 0.7064 0.6948 -0.1348
vn 0.9080 -0.2718 -0.3189
vn 0.2311 -0.9695 -0.0822
vn -0.6772 -0.6965 0.2370
vn -0.9079 0.2718 0.3191
vn -0.2311 0.9695 0.0822
vn 0.6773 0.6965 -0.2368
vn 0.8754 -0.2728 -0.3991
vn 0.2290 -0.9695 -0.0874
vn -0.6466 -0.6961 0.3120
vn -0.8753 0.2728 0.3993
vn -0.2290 0.9695 0.0874
vn 0.6466 0.6961 -0.3119
vn 0.8472 -0.2744 -0.4548
vn 0.2270 -0.9696 -0.0913
vn -0.6204 -0.6949 0.3637
vn -0.8472 0.2744 0.4549
vn -0.2270 0.9696 0.0913
vn 0.6204 0.6949 -0.3636
vn 0.8268 -0.2759 -0.4903
vn 0.2253 -0.9697 -0.0942
vn -0.6015 -0.6937 0.3961
vn -0.8267 0.2759 0.4903
vn -0.2253 0.9697 0.0942
vn 0.6015 0.6937 -0.3961
vn 0.8152 -0.2768 -0.5087
vn 0.2240 -0.9698 -0.0963
vn -0.5913 -0.6930 0.4124
vn -0.8152 0.2768 0.5087
vn -0.2240 0.9698 0.0963
vn 0.5913 0.6930 -0.4124
vn 0.8132 -0.2769 -0.5119
vn 0.2231 -0.9699 -0.0977
vn -0.5901 -0.6930 0.4142
vn -0.8132 0.2769 0.5119
vn -0.2231 0.9699 0.0977
vn 0.5901 0.6929 -0.4142
vn 0.8207 -0.2764 -0.5000
vn 0.2226 -0.9699 -0.0985
vn -0.5982 -0.6935 0.4015
vn -0.8207 0.2764 0.5000
vn -0.2226 0.9699 0.0985
vn 0.5982 0.6935 -0.4016
vn 0.8376 -0.2753 -0.4718
vn 0.2225 -0.9699 -0.0986
vn -0.6152 -0.6944 0.3732
vn -0.8376 0.2753 0.4718
vn -0.2225 0.9699 0.0986
vn 0.6152 0.6944 -0.3732
vn 0.8630 -0.2725 -0.4253
vn 0.2224 -0.9700 -0.0979
vn -0.6416 -0.6943 0.3261
vn -0.8636 0.2726 0.4241
vn -0.2224 0.9700 0.0979
vn 0.6409 0.6942 -0.3276
vn 0.9337 -0.2769 -0.2269
vn 0.2146 -0.9695 -0.1181
vn -0.7194 -0.6860 0.1090
vn -0.9338 0.2769 0.2267
vn -0.2146 0.9695 0.1181
vn 0.7194 0.6860 -0.1094
vn 0.9526 -0.3041 -0.0036
vn 0.2126 -0.9664 -0.1442
vn -0.7402 -0.6579 -0.1388
vn -0.9527 0.3040 0.0046
vn -0.2126 0.9664 0.1443
vn 0.7402 0.6577 0.1400
vn 0.9373 -0.3281 0.1176
vn 0.2145 -0.9643 -0.1556
vn -0.7230 -0.6348 -0.2726
vn -0.9373 0.3281 -0.1173
vn -0.2145 0.9643 0.1556
vn 0.7229 0.6347 0.2729
vn 0.9193 -0.3445 0.1902
vn 0.2156 -0.9634 -0.1595
vn -0.7039 -0.6184 -0.3495
vn -0.9194 0.3444 -0.1901
vn -0.2156 0.9634 0.1595
vn 0.7038 0.6184 0.3496
vn 0.9036 -0.3560 0.2380
vn 0.2155 -0.9634 -0.1592
vn -0.6882 -0.6072 -0.3971
vn -0.9037 0.3560 -0.2380
vn -0.2155 0.9634 0.1592
vn 0.6882 0.6072 0.3972
vn 0.8904 -0.3646 0.2723
vn 0.2142 -0.9643 -0.1556
vn -0.6763 -0.5996 -0.4279
vn -0.8905 0.3646 -0.2723
vn -0.2142 0.9643 0.1556
vn 0.6763 0.5996 0.4279
vn 0.8791 -0.3713 0.2987
vn 0.2114 -0.9660 -0.1490
vn -0.6678 -0.5946 -0.4477
vn -0.8792 0.3713 -0.2987
vn -0.2114 0.9660 0.1490
vn 0.6678 0.5946 0.4477
vn 0.8691 -0.3767 0.3206
vn 0.2067 -0.9685 -0.1388
vn -0.6624 -0.5918 -0.4594
vn -0.8691 0.3767 -0.3206
vn -0.2067 0.9685 0.1388
vn 0.6624 0.5918 0.4594
vn 0.8595 -0.3814 0.3403
vn 0.1994 -0.9721 -0.1236
vn -0.6601 -0.5907 -0.4639
vn -0.8595 0.3814 -0.3403
vn -0.1994 0.9721 0.1236
vn 0.6601 0.5907 0.4639
vn 0.8495 -0.3857 0.3600
vn 0.1877 -0.9771 -0.1004
vn -0.6619 -0.5916 -0.4604
vn -0.8495 0.3857 -0.3600
vn -0.1877 0.9771 0.1004
vn 0.6619 0.5916 0.4604
vn 0.8376 -0.3898 0.3828
vn 0.1678 -0.9838 -0.0623
vn -0.6697 -0.5945 -0.4451
vn -0.8376 0.3898 -0.3828
vn -0.1678 0.9839 0.0622
vn 0.6697 0.5945 0.4451
vn 0.8200 -0.3936 0.4155
vn 0.1298 -0.9915 0.0090
vn -0.6899 -0.5991 -0.4063
vn -0.8200 0.3936 -0.4155
vn -0.1296 0.9915 -0.0094
vn 0.6900 0.5991 0.4061
vn 0.8488 0.5173 0.1096
vn 0.0338 0.9823 -0.1843
vn -0.8237 0.4868 -0.2908
vn -0.8336 -0.5280 -0.1621
vn 0.0151 -0.9996 -0.0240
vn 0.8262 -0.4893 0.2793
vn 0.7922 0.5101 0.3349
vn -0.0632 0.9856 0.1568
vn -0.8591 0.4812 -0.1742
vn -0.7888 -0.5084 -0.3454
vn 0.0708 -0.9807 -0.1823
vn 0.8599 -0.4808 0.1714
vn 0.7603 0.4778 0.4401
vn -0.1172 0.9395 0.3217
vn -0.8785 0.4632 -0.1173
vn -0.7597 -0.4773 -0.4416
vn 0.1184 -0.9381 -0.3254
vn 0.8786 -0.4630 0.1168
vn 0.7403 0.4506 0.4989
vn -0.1499 0.8970 0.4158
vn -0.8907 0.4471 -0.0827
vn -0.7402 -0.4504 -0.4992
vn 0.1502 -0.8966 -0.4166
vn 0.8907 -0.4470 0.0826
vn 0.7261 0.4275 0.5386
vn -0.1736 0.8594 0.4810
vn -0.8999 0.4323 -0.0573
vn -0.7261 -0.4274 -0.5387
vn 0.1737 -0.8592 -0.4812
vn 0.8999 -0.4323 0.0573
vn 0.7147 0.4064 0.5692
vn -0.1930 0.8238 0.5330
vn -0.9079 0.4177 -0.0360
vn -0.7147 -0.4064 -0.5692
vn 0.1931 -0.8237 -0.5331
vn 0.9079 -0.4176 0.0360
vn 0.7047 0.3858 0.5955
vn -0.2106 0.7876 0.5791
vn -0.9155 0.4021 -0.0162
vn -0.7047 -0.3858 -0.5955
vn 0.2106 -0.7876 -0.5791
vn 0.9155 -0.4021 0.0162
vn 0.6952 0.3639 0.6199
vn -0.2278 0.7481 0.6233
vn -0.9231 0.3844 0.0036
vn -0.6952 -0.3639 -0.6199
vn 0.2278 -0.7481 -0.6232
vn 0.9231 -0.3845 -0.0036
vn 0.6856 0.3394 0.6440
vn -0.2456 0.7024 0.6681
vn -0.9313 0.3634 0.0243
vn -0.6856 -0.3394 -0.6440
vn 0.2455 -0.7025 -0.6679
vn 0.9313 -0.3635 -0.0243
vn 0.6755 0.3101 0.6690
vn -0.2646 0.6469 0.7152
vn -0.9403 0.3372 0.0467
vn -0.6755 -0.3102 -0.6689
vn 0.2645 -0.6471 -0.7151
vn 0.9402 -0.3373 -0.0466
vn 0.6646 0.2736 0.6953
vn -0.2853 0.5763 0.7658
vn -0.9502 0.3034 0.0712
vn -0.6647 -0.2737 -0.6952
vn 0.2852 -0.5768 -0.7655
vn 0.9502 -0.3035 -0.0711
vn 0.6529 0.2261 0.7229
vn -0.3078 0.4836 0.8194
vn -0.9611 0.2583 0.0975
vn -0.6529 -0.2263 -0.7228
vn 0.3077 -0.4843 -0.8190
vn 0.9611 -0.2585 -0.0974
vn 0.6415 0.1660 0.7489
vn -0.3300 0.3657 0.8703
vn -0.9720 0.2002 0.1227
vn -0.6415 -0.1660 -0.7489
vn 0.3300 -0.3656 -0.8703
vn 0.9720 -0.2002 -0.1227
vn 0.6332 0.1034 0.7671
vn -0.3466 0.2419 0.9063
vn -0.9803 0.1388 0.1405
vn -0.6331 -0.1033 -0.7671
vn 0.3466 -0.2416 -0.9063
vn 0.9803 -0.1388 -0.1406
vn 0.6281 0.0436 0.7769
vn -0.3569 0.1229 0.9260
vn -0.9855 0.0793 0.1503
vn -0.6281 -0.0435 -0.7769
vn 0.3569 -0.1225 -0.9261
vn 0.9855 -0.0793 -0.1503
vn 0.6258 -0.0115 0.7799
vn -0.3617 0.0118 0.9322
vn -0.9879 0.0233 0.1533
vn -0.6258 0.0116 -0.7799
vn 0.3617 -0.0115 -0.9322
vn 0.9879 -0.0232 -0.1533
vn 0.6257 -0.0614 0.7777
vn -0.3621 -0.0900 0.9278
vn -0.9881 -0.0288 0.1510
vn -0.6257 0.0614 -0.7776
vn 0.3621 0.0903 -0.9277
vn 0.9881 0.0289 -0.1510
vn 0.6273 -0.1060 0.7716
vn -0.3590 -0.1830 0.9152
vn -0.9865 -0.0772 0.1444
vn -0.6273 0.1061 -0.7716
vn 0.3590 0.1832 -0.9152
vn 0.9865 0.0773 -0.1444
vn 0.6301 -0.1461 0.7626
vn -0.3530 -0.2689 0.8962
vn -0.9833 -0.1230 0.1342
vn -0.6301 0.1462 -0.7626
vn 0.3530 0.2690 -0.8961
vn 0.9833 0.1230 -0.1342
vn 0.6341 -0.1828 0.7513
vn -0.3442 -0.3502 0.8711
vn -0.9785 -0.1676 0.1205
vn -0.6341 0.1828 -0.7513
vn 0.3442 0.3501 -0.8712
vn 0.9785 0.1676 -0.1205
vn 0.6393 -0.2173 0.7376
vn -0.3322 -0.4305 0.8392
vn -0.9716 -0.2134 0.1024
vn -0.6393 0.2173 -0.7376
vn 0.3322 0.4302 -0.8394
vn 0.9716 0.2133 -0.1025
vn 0.6461 -0.2516 0.7206
vn -0.3152 -0.5153 0.7969
vn -0.9614 -0.2640 0.0774
vn -0.6461 0.2515 -0.7206
vn 0.3154 0.5142 -0.7976
vn 0.9615 0.2635 -0.0777
vn 0.6558 -0.2886 0.6976
vn -0.2887 -0.6138 0.7348
vn -0.9446 -0.3258 0.0393
vn -0.6557 0.2882 -0.6979
vn 0.2899 0.6099 -0.7376
vn 0.9452 0.3240 -0.0406
vn 0.6723 -0.3330 0.6611
vn -0.2393 -0.7409 0.6275
vn -0.9118 -0.4096 -0.0291
vn -0.6718 0.3320 -0.6621
vn 0.2445 0.7300 -0.6382
vn 0.9140 0.4050 0.0244
vt 0.000000 1.000000
vt 0.005556 1.000000
vt 0.005556 0.833333
vt 0.000000 0.833333
vt 0.000000 0.166667
vt 0.005556 0.166667
vt 0.005556 0.000000
vt 0.000000 0.000000
vt 0.000000 0.333333
vt 0.005556 0.333333
vt 0.000000 0.500000
vt 0.005556 0.500000
vt 0.000000 0.666667
vt 0.005556 0.666667
vt 0.011111 1.000000
vt 0.011111 0.833333
vt 0.011111 0.166667
vt 0.011111 0.000000
vt 0.011111 0.333333
vt 0.011111 0.500000
vt 0.011111 0.666667
vt 0.016667 1.000000
vt 0.016667 0.833333
vt 0.016667 0.166667
vt 0.016667 0.000000
vt 0.016667 0.333333
vt 0.016667 0.500000
vt 0.016667 0.666667
vt 0.022222 1.000000
vt 0.022222 0.833333
vt 0.022222 0.166667
vt 0.022222 0.000000
vt 0.022222 0.333333
vt 0.022222 0.500000
vt 0.022222 0.666667
vt 0.027778 1.000000
vt 0.027778 0.833333
vt 0.027778 0.166667
vt 0.027778 0.000000
vt 0.027778 0.333333
vt 0.027778 0.500000
vt 0.027778 0.666667
vt 0.033333 1.000000
vt 0.033333 0.833333
vt 0.033333 0.166667
vt 0.033333 0.000000
vt 0.033333 0.333333
vt 0.033333 0.500000
vt 0.033333 0.666667
vt 0.038889 1.000000
vt 0.038889 0.833333
vt 0.038889 0.166667
vt 0.038889 0.000000
vt 0.038889 0.333333
vt 0.038889 0.500000
vt 0.038889 0.666667
vt 0.044444 1.000000
vt 0.044444 0.833333
vt 0.044444 0.166667
vt 0.044444 0.000000
vt 0.044444 0.333333
vt 0.044444 0.500000
vt 0.044444 0.666667
vt 0.050000 1.000000
vt 0.050000 0.833333
vt 0.050000 0.166667
vt 0.050000 0.000000
vt 0.050000 0.333333
vt 0.050000 0.500000
vt 0.050000 0.666667
vt 0.055556 1.000000
vt 0.055556 0.833333
vt 0.055556 0.166667
vt 0.055556 0.000000
vt 0.055556 0.333333
vt 0.055556 0.500000
vt 0.055556 0.666667
vt 0.061111 1.000000
vt 0.061111 0.833333
vt 0.061111 0.166667
vt 0.061111 0.000000
vt 0.061111 0.333333
vt 0.061111 0.500000
vt 0.061111 0.666667
vt 0.066667 1.000000
vt 0.066667 0.833333
vt 0.066667 0.166667
vt 0.066667 0.000000
vt 0.066667 0.333333
vt 0.066667 0.500000
vt 0.066667 0.666667
vt 0.072222 1.000000
vt 0.072222 0.833333
vt 0.072222 0.166667
vt 0.072222 0.000000
vt 0.072222 0.333333
vt 0.072222 0.500000
vt 0.072222 0.666667
vt 0.077778 1.000000
vt 0.077778 0.833333
vt 0.077778 0.166667
vt 0.077778 0.000000
vt 0.077778 0.333333
vt 0.077778 0.500000
vt 0.077778 0.666667
vt 0.083333 1.000000
vt 0.083333 0.833333
vt 0.083333 0.166667
vt 0.083333 0.000000
vt 0.083333 0.333333
vt 0.083333 0.500000
vt 0.083333 0.666667
vt 0.088889 1.000000
vt 0.088889 0.833333
vt 0.088889 0.166667
vt 0.088889 0.000000
vt 0.088889 0.333333
vt 0.088889 0.500000
vt 0.088889 0.666667
vt 0.094444 1.000000
vt 0.094444 0.833333
vt 0.094444 0.166667
vt 0.094444 0.000000
vt 0.094444 0.333333
vt 0.094444 0.500000
vt 0.094444 0.666667
vt 0.100000 1.000000
vt 0.100000 0.833333
vt 0.100000 0.166667
vt 0.100000 0.000000
vt 0.100000 0.333333
vt 0.100000 0.500000
vt 0.100000 0.666667
vt 0.105556 1.000000
vt 0.105556 0.833333
vt 0.105556 0.166667
vt 0.105556 0.000000
vt 0.105556 0.333333
vt 0.105556 0.500000
vt 0.105556 0.666667
vt 0.111111 1.000000
vt 0.111111 0.833333
vt 0.111111 0.166667
vt 0.111111 0.000000
vt 0.111111 0.333333
vt 0.111111 0.500000
vt 0.111111 0.666667
vt 0.116667 1.000000
vt 0.116667 0.833333
vt 0.116667 0.166667
vt 0.116667 0.000000
vt 0.116667 0.333333
vt 0.116667 0.500000
vt 0.116667 0.666667
vt 0.122222 1.000000
vt 0.122222 0.833333
vt 0.122222 0.166667
vt 0.122222 0.000000
vt 0.122222 0.333333
vt 0.122222 0.500000
vt 0.122222 0.666667
vt 0.127778 1.000000
vt 0.127778 0.833333
vt 0.127778 0.166667
vt 0.127778 0.000000
vt 0.127778 0.333333
vt 0.127778 0.500000
vt 0.127778 0.666667
vt 0.133333 1.000000
vt 0.133333 0.833333
vt 0.133333 0.166667
vt 0.133333 0.000000
vt 0.133333 0.333333
vt 0.133333 0.500000
vt 0.133333 0.666667
vt 0.138889 1.000000
vt 0.138889 0.833333
vt 0.138889 0.166667
vt 0.138889 0.000000
vt 0.138889 0.333333
vt 0.138889 0.500000
vt 0.138889 0.666667
vt 0.144444 1.000000
vt 0.144444 0.833333
vt 0.144444 0.166667
vt 0.144444 0.000000
vt 0.144444 0.333333
vt 0.144444 0.500000
vt 0.144444 0.666667
vt 0.150000 1.000000
vt 0.150000 0.833333
vt 0.150000 0.166667
vt 0.150000 0.000000
vt 0.150000 0.333333
vt 0.150000 0.500000
vt 0.150000 0.666667
vt 0.155556 1.000000
vt 0.155556 0.833333
vt 0.155556 0.166667
vt 0.155556 0.000000
vt 0.155556 0.333333
vt 0.155556 0.500000
vt 0.155556 0.666667
vt 0.161111 1.000000
vt 0.161111 0.833333
vt 0.161111 0.166667
vt 0.161111 0.000000
vt 0.161111 0.333333
vt 0.161111 0.500000
vt 0.161111 0.666667
vt 0.166667 1.000000
vt 0.166667 0.833333
vt 0.166667 0.166667
vt 0.166667 0.000000
vt 0.166667 0.333333
vt 0.166667 0.500000
vt 0.166667 0.666667
vt 0.172222 1.000000
vt 0.172222 0.833333
vt 0.172222 0.166667
vt 0.172222 0.000000
vt 0.172222 0.333333
vt 0.172222 0.500000
vt 0.172222 0.666667
vt 0.177778 1.000000
vt 0.177778 0.833333
vt 0.177778 0.166667
vt 0.177778 0.000000
vt 0.177778 0.333333
vt 0.177778 0.500000
vt 0.177778 0.666667
vt 0.183333 1.000000
vt 0.183333 0.833333
vt 0.183333 0.166667
vt 0.183333 0.000000
vt 0.183333 0.333333
vt 0.183333 0.500000
vt 0.183333 0.666667
vt 0.188889 1.000000
vt 0.188889 0.833333
vt 0.188889 0.166667
vt 0.188889 0.000000
vt 0.188889 0.333333
vt 0.188889 0.500000
vt 0.188889 0.666667
vt 0.194444 1.000000
vt 0.194444 0.833333
vt 0.194444 0.166667
vt 0.194444 0.000000
vt 0.194444 0.333333
vt 0.194444 0.500000
vt 0.194444 0.666667
vt 0.200000 1.000000
vt 0.200000 0.833333
vt 0.200000 0.166667
vt 0.200000 0.000000
vt 0.200000 0.333333
vt 0.200000 0.500000
vt 0.200000 0.666667
vt 0.205556 1.000000
vt 0.205556 0.833333
vt 0.205556 0.166667
vt 0.205556 0.000000
vt 0.205556 0.333333
vt 0.205556 0.500000
vt 0.205556 0.666667
vt 0.211111 1.000000
vt 0.211111 0.833333
vt 0.211111 0.166667
vt 0.211111 0.000000
vt 0.211111 0.333333
vt 0.211111 0.500000
vt 0.211111 0.666667
vt 0.216667 1.000000
vt 0.216667 0.833333
vt 0.216667 0.166667
vt 0.216667 0.000000
vt 0.216667 0.333333
vt 0.216667 0.500000
vt 0.216667 0.666667
vt 0.222222 1.000000
vt 0.222222 0.833333
vt 0.222222 0.166667
vt 0.222222 0.000000
vt 0.222222 0.333333
vt 0.222222 0.500000
vt 0.222222 0.666667
vt 0.227778 1.000000
vt 0.227778 0.833333
vt 0.227778 0.166667
vt 0.227778 0.000000
vt 0.227778 0.333333
vt 0.227778 0.500000
vt 0.227778 0.666667
vt 0.233333 1.000000
vt 0.233333 0.833333
vt 0.233333 0.166667
vt 0.233333 0.000000
vt 0.233333 0.333333
vt 0.233333 0.500000
vt 0.233333 0.666667
vt 0.238889 1.000000
vt 0.238889 0.833333
vt 0.238889 0.166667
vt 0.238889 0.000000
vt 0.238889 0.333333
vt 0.238889 0.500000
vt 0.238889 0.666667
vt 0.244444 1.000000
vt 0.244444 0.833333
vt 0.244444 0.166667
vt 0.244444 0.000000
vt 0.244444 0.333333
vt 0.244444 0.500000
vt 0.244444 0.666667
vt 0.250000 1.000000
vt 0.250000 0.833333
vt 0.250000 0.166667
vt 0.250000 0.000000
vt 0.250000 0.333333
vt 0.250000 0.500000
vt 0.250000 0.666667
vt 0.255556 1.000000
vt 0.255556 0.833333
vt 0.255556 0.166667
vt 0.255556 0.000000
vt 0.255556 0.333333
vt 0.255556 0.500000
vt 0.255556 0.666667
vt 0.261111 1.000000
vt 0.261111 0.833333
vt 0.261111 0.166667
vt 0.261111 0.000000
vt 0.261111 0.333333
vt 0.261111 0.500000
vt 0.261111 0.666667
vt 0.266667 1.000000
vt 0.266667 0.833333
vt 0.266667 0.166667
vt 0.266667 0.000000
vt 0.266667 0.333333
vt 0.266667 0.500000
vt 0.266667 0.666667
vt 0.272222 1.000000
vt 0.272222 0.833333
vt 0.272222 0.166667
vt 0.272222 0.000000
vt 0.272222 0.333333
vt 0.272222 0.500000
vt 0.272222 0.666667
vt 0.277778 1.000000
vt 0.277778 0.833333
vt 0.277778 0.166667
vt 0.277778 0.000000
vt 0.277778 0.333333
vt 0.277778 0.500000
vt 0.277778 0.666667
vt 0.283333 1.000000
vt 0.283333 0.833333
vt 0.283333 0.166667
vt 0.283333 0.000000
vt 0.283333 0.333333
vt 0.283333 0.500000
vt 0.283333 0.666667
vt 0.288889 1.000000
vt 0.288889 0.833333
vt 0.288889 0.166667
vt 0.288889 0.000000
vt 0.288889 0.333333
vt 0.288889 0.500000
vt 0.288889 0.666667
vt 0.294444 1.000000
vt 0.294444 0.833333
vt 0.294444 0.166667
vt 0.294444 0.000000
vt 0.294444 0.333333
vt 0.294444 0.500000
vt 0.294444 0.666667
vt 0.300000 1.000000
vt 0.300000 0.833333
vt 0.300000 0.166667
vt 0.300000 0.000000
vt 0.300000 0.333333
vt 0.300000 0.500000
vt 0.300000 0.666667
vt 0.305556 1.000000
vt 0.305556 0.833333
vt 0.305556 0.166667
vt 0.305556 0.000000
vt 0.305556 0.333333
vt 0.305556 0.500000
vt 0.305556 0.666667
vt 0.311111 1.000000
vt 0.311111 0.833333
vt 0.311111 0.166667
vt 0.311111 0.000000
vt 0.311111 0.333333
vt 0.311111 0.500000
vt 0.311111 0.666667
vt 0.316667 1.000000
vt 0.316667 0.833333
vt 0.316667 0.166667
vt 0.316667 0.000000
vt 0.316667 0.333333
vt 0.316667 0.500000
vt 0.316667 0.666667
vt 0.322222 1.000000
vt 0.322222 0.833333
vt 0.322222 0.166667
vt 0.322222 0.000000
vt 0.322222 0.333333
vt 0.322222 0.500000
vt 0.322222 0.666667
vt 0.327778 1.000000
vt 0.327778 0.833333
vt 0.327778 0.166667
vt 0.327778 0.000000
vt 0.327778 0.333333
vt 0.327778 0.500000
vt 0.327778 0.666667
vt 0.333333 1.000000
vt 0.333333 0.833333
vt 0.333333 0.166667
vt 0.333333 0.000000
vt 0.333333 0.333333
vt 0.333333 0.500000
vt 0.333333 0.666667
vt 0.338889 1.000000
vt 0.338889 0.833333
vt 0.338889 0.166667
vt 0.338889 0.000000
vt 0.338889 0.333333
vt 0.338889 0.500000
vt 0.338889 0.666667
vt 0.344444 1.000000
vt 0.344444 0.833333
vt 0.344444 0.166667
vt 0.344444 0.000000
vt 0.344444 0.333333
vt 0.344444 0.500000
vt 0.344444 0.666667
vt 0.350000 1.000000
vt 0.350000 0.833333
vt 0.350000 0.166667
vt 0.350000 0.000000
vt 0.350000 0.333333
vt 0.350000 0.500000
vt 0.350000 0.666667
vt 0.355556 1.000000
vt 0.355556 0.833333
vt 0.355556 0.166667
vt 0.355556 0.000000
vt 0.355556 0.333333
vt 0.355556 0.500000
vt 0.355556 0.666667
vt 0.361111 1.000000
vt 0.361111 0.833333
vt 0.361111 0.166667
vt 0.361111 0.000000
vt 0.361111 0.333333
vt 0.361111 0.500000
vt 0.361111 0.666667
vt 0.366667 1.000000
vt 0.366667 0.833333
vt 0.366667 0.166667
vt 0.366667 0.000000
vt 0.366667 0.333333
vt 0.366667 0.500000
vt 0.366667 0.666667
vt 0.372222 1.000000
vt 0.372222 0.833333
vt 0.372222 0.166667
vt 0.372222 0.000000
vt 0.372222 0.333333
vt 0.372222 0.500000
vt 0.372222 0.666667
vt 0.377778 1.000000
vt 0.377778 0.833333
vt 0.377778 0.166667
vt 0.377778 0.000000
vt 0.377778 0.333333
vt 0.377778 0.500000
vt 0.377778 0.666667
vt 0.383333 1.000000
vt 0.383333 0.833333
vt 0.383333 0.166667
vt 0.383333 0.000000
vt 0.383333 0.333333
vt 0.383333 0.500000
vt 0.383333 0.666667
vt 0.388889 1.000000
vt 0.388889 0.833333
vt 0.388889 0.166667
vt 0.388889 0.000000
vt 0.388889 0.333333
vt 0.388889 0.500000
vt 0.388889 0.666667
vt 0.394444 1.000000
vt 0.394444 0.833333
vt 0.394444 0.166667
vt 0.394444 0.000000
vt 0.394444 0.333333
vt 0.394444 0.500000
vt 0.394444 0.666667
vt 0.400000 1.000000
vt 0.400000 0.833333
vt 0.400000 0.166667
vt 0.400000 0.000000
vt 0.400000 0.333333
vt 0.400000 0.500000
vt 0.400000 0.666667
vt 0.405556 1.000000
vt 0.405556 0.833333
vt 0.405556 0.166667
vt 0.405556 0.000000
vt 0.405556 0.333333
vt 0.405556 0.500000
vt 0.405556 0.666667
vt 0.411111 1.000000
vt 0.411111 0.833333
vt 0.411111 0.166667
vt 0.411111 0.000000
vt 0.411111 0.333333
vt 0.411111 0.500000
vt 0.411111 0.666667
vt 0.416667 1.000000
vt 0.416667 0.833333
vt 0.416667 0.166667
vt 0.416667 0.000000
vt 0.416667 0.333333
vt 0.416667 0.500000
vt 0.416667 0.666667
vt 0.422222 1.000000
vt 0.422222 0.833333
vt 0.422222 0.166667
vt 0.422222 0.000000
vt 0.422222 0.333333
vt 0.422222 0.500000
vt 0.422222 0.666667
vt 0.427778 1.000000
vt 0.427778 0.833333
vt 0.427778 0.166667
vt 0.427778 0.000000
vt 0.427778 0.333333
vt 0.427778 0.500000
vt 0.427778 0.666667
vt 0.433333 1.000000
vt 0.433333 0.833333
vt 0.433333 0.166667
vt 0.433333 0.000000
vt 0.433333 0.333333
vt 0.433333 0.500000
vt 0.433333 0.666667
vt 0.438889 1.000000
vt 0.438889 0.833333
vt 0.438889 0.166667
vt 0.438889 0.000000
vt 0.438889 0.333333
vt 0.438889 0.500000
vt 0.438889 0.666667
vt 0.444444 1.000000
vt 0.444444 0.833333
vt 0.444444 0.166667
vt 0.444444 0.000000
vt 0.444444 0.333333
vt 0.444444 0.500000
vt 0.444444 0.666667
vt 0.450000 1.000000
vt 0.450000 0.833333
vt 0.450000 0.166667
vt 0.450000 0.000000
vt 0.450000 0.333333
vt 0.450000 0.500000
vt 0.450000 0.666667
vt 0.455556 1.000000
vt 0.455556 0.833333
vt 0.455556 0.166667
vt 0.455556 0.000000
vt 0.455556 0.333333
vt 0.455556 0.500000
vt 0.455556 0.666667
vt 0.461111 1.000000
vt 0.461111 0.833333
vt 0.461111 0.166667
vt 0.461111 0.000000
vt 0.461111 0.333333
vt 0.461111 0.500000
vt 0.461111 0.666667
vt 0.466667 1.000000
vt 0.466667 0.833333
vt 0.466667 0.166667
vt 0.466667 0.000000
vt 0.466667 0.333333
vt 0.466667 0.500000
vt 0.466667 0.666667
vt 0.472222 1.000000
vt 0.472222 0.833333
vt 0.472222 0.166667
vt 0.472222 0.000000
vt 0.472222 0.333333
vt 0.472222 0.500000
vt 0.472222 0.666667
vt 0.477778 1.000000
vt 0.477778 0.833333
vt 0.477778 0.166667
vt 0.477778 0.000000
vt 0.477778 0.333333
vt 0.477778 0.500000
vt 0.477778 0.666667
vt 0.483333 1.000000
vt 0.483333 0.833333
vt 0.483333 0.166667
vt 0.483333 0.000000
vt 0.483333 0.333333
vt 0.483333 0.500000
vt 0.483333 0.666667
vt 0.488889 1.000000
vt 0.488889 0.833333
vt 0.488889 0.166667
vt 0.488889 0.000000
vt 0.488889 0.333333
vt 0.488889 0.500000
vt 0.488889 0.666667
vt 0.494444 1.000000
vt 0.494444 0.833333
vt 0.494444 0.166667
vt 0.494444 0.000000
vt 0.494444 0.333333
vt 0.494444 0.500000
vt 0.494444 0.666667
vt 0.500000 1.000000
vt 0.500000 0.833333
vt 0.500000 0.166667
vt 0.500000 0.000000
vt 0.500000 0.333333
vt 0.500000 0.500000
vt 0.500000 0.666667
vt 0.505556 1.000000
vt 0.505556 0.833333
vt 0.505556 0.166667
vt 0.505556 0.000000
vt 0.505556 0.333333
vt 0.505556 0.500000
vt 0.505556 0.666667
vt 0.511111 1.000000
vt 0.511111 0.833333
vt 0.511111 0.166667
vt 0.511111 0.000000
vt 0.511111 0.333333
vt 0.511111 0.500000
vt 0.511111 0.666667
vt 0.516667 1.000000
vt 0.516667 0.833333
vt 0.516667 0.166667
vt 0.516667 0.000000
vt 0.516667 0.333333
vt 0.516667 0.500000
vt 0.516667 0.666667
vt 0.522222 1.000000
vt 0.522222 0.833333
vt 0.522222 0.166667
vt 0.522222 0.000000
vt 0.522222 0.333333
vt 0.522222 0.500000
vt 0.522222 0.666667
vt 0.527778 1.000000
vt 0.527778 0.833333
vt 0.527778 0.166667
vt 0.527778 0.000000
vt 0.527778 0.333333
vt 0.527778 0.500000
vt 0.527778 0.666667
vt 0.533333 1.000000
vt 0.533333 0.833333
vt 0.533333 0.166667
vt 0.533333 0.000000
vt 0.533333 0.333333
vt 0.533333 0.500000
vt 0.533333 0.666667
vt 0.538889 1.000000
vt 0.538889 0.833333
vt 0.538889 0.166667
vt 0.538889 0.000000
vt 0.538889 0.333333
vt 0.538889 0.500000
vt 0.538889 0.666667
vt 0.544444 1.000000
vt 0.544444 0.833333
vt 0.544444 0.166667
vt 0.544444 0.000000
vt 0.544444 0.333333
vt 0.544444 0.500000
vt 0.544444 0.666667
vt 0.550000 1.000000
vt 0.550000 0.833333
vt 0.550000 0.166667
vt 0.550000 0.000000
vt 0.550000 0.333333
vt 0.550000 0.500000
vt 0.550000 0.666667
vt 0.555556 1.000000
vt 0.555556 0.833333
vt 0.555556 0.166667
vt 0.555556 0.000000
vt 0.555556 0.333333
vt 0.555556 0.500000
vt 0.555556 0.666667
vt 0.561111 1.000000
vt 0.561111 0.833333
vt 0.561111 0.166667
vt 0.561111 0.000000
vt 0.561111 0.333333
vt 0.561111 0.500000
vt 0.561111 0.666667
vt 0.566667 1.000000
vt 0.566667 0.833333
vt 0.566667 0.166667
vt 0.566667 0.000000
vt 0.566667 0.333333
vt 0.566667 0.500000
vt 0.566667 0.666667
vt 0.572222 1.000000
vt 0.572222 0.833333
vt 0.572222 0.166667
vt 0.572222 0.000000
vt 0.572222 0.333333
vt 0.572222 0.500000
vt 0.572222 0.666667
vt 0.577778 1.000000
vt 0.577778 0.833333
vt 0.577778 0.166667
vt 0.577778 0.000000
vt 0.577778 0.333333
vt 0.577778 0.500000
vt 0.577778 0.666667
vt 0.583333 1.000000
vt 0.583333 0.833333
vt 0.583333 0.166667
vt 0.583333 0.000000
vt 0.583333 0.333333
vt 0.583333 0.500000
vt 0.583333 0.666667
vt 0.588889 1.000000
vt 0.588889 0.833333
vt 0.588889 0.166667
vt 0.588889 0.000000
vt 0.588889 0.333333
vt 0.588889 0.500000
vt 0.588889 0.666667
vt 0.594444 1.000000
vt 0.594444 0.833333
vt 0.594444 0.166667
vt 0.594444 0.000000
vt 0.594444 0.333333
vt 0.594444 0.500000
vt 0.594444 0.666667
vt 0.600000 1.000000
vt 0.600000 0.833333
vt 0.600000 0.166667
vt 0.600000 0.000000
vt 0.600000 0.333333
vt 0.600000 0.500000
vt 0.600000 0.666667
vt 0.605556 1.000000
vt 0.605556 0.833333
vt 0.605556 0.166667
vt 0.605556 0.000000
vt 0.605556 0.333333
vt 0.605556 0.500000
vt 0.605556 0.666667
vt 0.611111 1.000000
vt 0.611111 0.833333
vt 0.611111 0.166667
vt 0.611111 0.000000
vt 0.611111 0.333333
vt 0.611111 0.500000
vt 0.611111 0.666667
vt 0.616667 1.000000
vt 0.616667 0.833333
vt 0.616667 0.166667
vt 0.616667 0.000000
vt 0.616667 0.333333
vt 0.616667 0.500000
vt 0.616667 0.666667
vt 0.622222 1.000000
vt 0.622222 0.833333
vt 0.622222 0.166667
vt 0.622222 0.000000
vt 0.622222 0.333333
vt 0.622222 0.500000
vt 0.622222 0.666667
vt 0.627778 1.000000
vt 0.627778 0.833333
vt 0.627778 0.166667
vt 0.627778 0.000000
vt 0.627778 0.333333
vt 0.627778 0.500000
vt 0.627778 0.666667
vt 0.633333 1.000000
vt 0.633333 0.833333
vt 0.633333 0.166667
vt 0.633333 0.000000
vt 0.633333 0.333333
vt 0.633333 0.500000
vt 0.633333 0.666667
vt 0.638889 1.000000
vt 0.638889 0.833333
vt 0.638889 0.166667
vt 0.638889 0.000000
vt 0.638889 0.333333
vt 0.638889 0.500000
vt 0.638889 0.666667
vt 0.644444 1.000000
vt 0.644444 0.833333
vt 0.644444 0.166667
vt 0.644444 0.000000
vt 0.644444 0.333333
vt 0.644444 0.500000
vt 0.644444 0.666667
vt 0.650000 1.000000
vt 0.650000 0.833333
vt 0.650000 0.166667
vt 0.650000 0.000000
vt 0.650000 0.333333
vt 0.650000 0.500000
vt 0.650000 0.666667
vt 0.655556 1.000000
vt 0.655556 0.833333
vt 0.655556 0.166667
vt 0.655556 0.000000
vt 0.655556 0.333333
vt 0.655556 0.500000
vt 0.655556 0.666667
vt 0.661111 1.000000
vt 0.661111 0.833333
vt 0.661111 0.166667
vt 0.661111 0.000000
vt 0.661111 0.333333
vt 0.661111 0.500000
vt 0.661111 0.666667
vt 0.666667 1.000000
vt 0.666667 0.833333
vt 0.666667 0.166667
vt 0.666667 0.000000
vt 0.666667 0.333333
vt 0.666667 0.500000
vt 0.666667 0.666667
vt 0.672222 1.000000
vt 0.672222 0.833333
vt 0.672222 0.166667
vt 0.672222 0.000000
vt 0.672222 0.333333
vt 0.672222 0.500000
vt 0.672222 0.666667
vt 0.677778 1.000000
vt 0.677778 0.833333
vt 0.677778 0.166667
vt 0.677778 0.000000
vt 0.677778 0.333333
vt 0.677778 0.500000
vt 0.677778 0.666667
vt 0.683333 1.000000
vt 0.683333 0.833333
vt 0.683333 0.166667
vt 0.683333 0.000000
vt 0.683333 0.333333
vt 0.683333 0.500000
vt 0.683333 0.666667
vt 0.688889 1.000000
vt 0.688889 0.833333
vt 0.688889 0.166667
vt 0.688889 0.000000
vt 0.688889 0.333333
vt 0.688889 0.500000
vt 0.688889 0.666667
vt 0.694444 1.000000
vt 0.694444 0.833333
vt 0.694444 0.166667
vt 0.694444 0.000000
vt 0.694444 0.333333
vt 0.694444 0.500000
vt 0.694444 0.666667
vt 0.700000 1.000000
vt 0.700000 0.833333
vt 0.700000 0.166667
vt 0.700000 0.000000
vt 0.700000 0.333333
vt 0.700000 0.500000
vt 0.700000 0.666667
vt 0.705556 1.000000
vt 0.705556 0.833333
vt 0.705556 0.166667
vt 0.705556 0.000000
vt 0.705556 0.333333
vt 0.705556 0.500000
vt 0.705556 0.666667
vt 0.711111 1.000000
vt 0.711111 0.833333
vt 0.711111 0.166667
vt 0.711111 0.000000
vt 0.711111 0.333333
vt 0.711111 0.500000
vt 0.711111 0.666667
vt 0.716667 1.000000
vt 0.716667 0.833333
vt 0.716667 0.166667
vt 0.716667 0.000000
vt 0.716667 0.333333
vt 0.716667 0.500000
vt 0.716667 0.666667
vt 0.722222 1.000000
vt 0.722222 0.833333
vt 0.722222 0.166667
vt 0.722222 0.000000
vt 0.722222 0.333333
vt 0.722222 0.500000
vt 0.722222 0.666667
vt 0.727778 1.000000
vt 0.727778 0.833333
vt 0.727778 0.166667
vt 0.727778 0.000000
vt 0.727778 0.333333
vt 0.727778 0.500000
vt 0.727778 0.666667
vt 0.733333 1.000000
vt 0.733333 0.833333
vt 0.733333 0.166667
vt 0.733333 0.000000
vt 0.733333 0.333333
vt 0.733333 0.500000
vt 0.733333 0.666667
vt 0.738889 1.000000
vt 0.738889 0.833333
vt 0.738889 0.166667
vt 0.738889 0.000000
vt 0.738889 0.333333
vt 0.738889 0.500000
vt 0.738889 0.666667
vt 0.744444 1.000000
vt 0.744444 0.833333
vt 0.744444 0.166667
vt 0.744444 0.000000
vt 0.744444 0.333333
vt 0.744444 0.500000
vt 0.744444 0.666667
vt 0.750000 1.000000
vt 0.750000 0.833333
vt 0.750000 0.166667
vt 0.750000 0.000000
vt 0.750000 0.333333
vt 0.750000 0.500000
vt 0.750000 0.666667
vt 0.755556 1.000000
vt 0.755556 0.833333
vt 0.755556 0.166667
vt 0.755556 0.000000
vt 0.755556 0.333333
vt 0.755556 0.500000
vt 0.755556 0.666667
vt 0.761111 1.000000
vt 0.761111 0.833333
vt 0.761111 0.166667
vt 0.761111 0.000000
vt 0.761111 0.333333
vt 0.761111 0.500000
vt 0.761111 0.666667
vt 0.766667 1.000000
vt 0.766667 0.833333
vt 0.766667 0.166667
vt 0.766667 0.000000
vt 0.766667 0.333333
vt 0.766667 0.500000
vt 0.766667 0.666667
vt 0.772222 1.000000
vt 0.772222 0.833333
vt 0.772222 0.166667
vt 0.772222 0.000000
vt 0.772222 0.333333
vt 0.772222 0.500000
vt 0.772222 0.666667
vt 0.777778 1.000000
vt 0.777778 0.833333
vt 0.777778 0.166667
vt 0.777778 0.000000
vt 0.777778 0.333333
vt 0.777778 0.500000
vt 0.777778 0.666667
vt 0.783333 1.000000
vt 0.783333 0.833333
vt 0.783333 0.166667
vt 0.783333 0.000000
vt 0.783333 0.333333
vt 0.783333 0.500000
vt 0.783333 0.666667
vt 0.788889 1.000000
vt 0.788889 0.833333
vt 0.788889 0.166667
vt 0.788889 0.000000
vt 0.788889 0.333333
vt 0.788889 0.500000
vt 0.788889 0.666667
vt 0.794444 1.000000
vt 0.794444 0.833333
vt 0.794444 0.166667
vt 0.794444 0.000000
vt 0.794444 0.333333
vt 0.794444 0.500000
vt 0.794444 0.666667
vt 0.800000 1.000000
vt 0.800000 0.833333
vt 0.800000 0.166667
vt 0.800000 0.000000
vt 0.800000 0.333333
vt 0.800000 0.500000
vt 0.800000 0.666667
vt 0.805556 1.000000
vt 0.805556 0.833333
vt 0.805556 0.166667
vt 0.805556 0.000000
vt 0.805556 0.333333
vt 0.805556 0.500000
vt 0.805556 0.666667
vt 0.811111 1.000000
vt 0.811111 0.833333
vt 0.811111 0.166667
vt 0.811111 0.000000
vt 0.811111 0.333333
vt 0.811111 0.500000
vt 0.811111 0.666667
vt 0.816667 1.000000
vt 0.816667 0.833333
vt 0.816667 0.166667
vt 0.816667 0.000000
vt 0.816667 0.333333
vt 0.816667 0.500000
vt 0.816667 0.666667
vt 0.822222 1.000000
vt 0.822222 0.833333
vt 0.822222 0.166667
vt 0.822222 0.000000
vt 0.822222 0.333333
vt 0.822222 0.500000
vt 0.822222 0.666667
vt 0.827778 1.000000
vt 0.827778 0.833333
vt 0.827778 0.166667
vt 0.827778 0.000000
vt 0.827778 0.333333
vt 0.827778 0.500000
vt 0.827778 0.666667
vt 0.833333 1.000000
vt 0.833333 0.833333
vt 0.833333 0.166667
vt 0.833333 0.000000
vt 0.833333 0.333333
vt 0.833333 0.500000
vt 0.833333 0.666667
vt 0.838889 1.000000
vt 0.838889 0.833333
vt 0.838889 0.166667
vt 0.838889 0.000000
vt 0.838889 0.333333
vt 0.838889 0.500000
vt 0.838889 0.666667
vt 0.844444 1.000000
vt 0.844444 0.833333
vt 0.844444 0.166667
vt 0.844444 0.000000
vt 0.844444 0.333333
vt 0.844444 0.500000
vt 0.844444 0.666667
vt 0.850000 1.000000
vt 0.850000 0.833333
vt 0.850000 0.166667
vt 0.850000 0.000000
vt 0.850000 0.333333
vt 0.850000 0.500000
vt 0.850000 0.666667
vt 0.855556 1.000000
vt 0.855556 0.833333
vt 0.855556 0.166667
vt 0.855556 0.000000
vt 0.855556 0.333333
vt 0.855556 0.500000
vt 0.855556 0.666667
vt 0.861111 1.000000
vt 0.861111 0.833333
vt 0.861111 0.166667
vt 0.861111 0.000000
vt 0.861111 0.333333
vt 0.861111 0.500000
vt 0.861111 0.666667
vt 0.866667 1.000000
vt 0.866667 0.833333
vt 0.866667 0.166667
vt 0.866667 0.000000
vt 0.866667 0.333333
vt 0.866667 0.500000
vt 0.866667 0.666667
vt 0.872222 1.000000
vt 0.872222 0.833333
vt 0.872222 0.166667
vt 0.872222 0.000000
vt 0.872222 0.333333
vt 0.872222 0.500000
vt 0.872222 0.666667
vt 0.877778 1.000000
vt 0.877778 0.833333
vt 0.877778 0.166667
vt 0.877778 0.000000
vt 0.877778 0.333333
vt 0.877778 0.500000
vt 0.877778 0.666667
vt 0.883333 1.000000
vt 0.883333 0.833333
vt 0.883333 0.166667
vt 0.883333 0.000000
vt 0.883333 0.333333
vt 0.883333 0.500000
vt 0.883333 0.666667
vt 0.888889 1.000000
vt 0.888889 0.833333
vt 0.888889 0.166667
vt 0.888889 0.000000
vt 0.888889 0.333333
vt 0.888889 0.500000
vt 0.888889 0.666667
vt 0.894444 1.000000
vt 0.894444 0.833333
vt 0.894444 0.166667
vt 0.894444 0.000000
vt 0.894444 0.333333
vt 0.894444 0.500000
vt 0.894444 0.666667
vt 0.900000 1.000000
vt 0.900000 0.833333
vt 0.900000 0.166667
vt 0.900000 0.000000
vt 0.900000 0.333333
vt 0.900000 0.500000
vt 0.900000 0.666667
vt 0.905556 1.000000
vt 0.905556 0.833333
vt 0.905556 0.166667
vt 0.905556 0.000000
vt 0.905556 0.333333
vt 0.905556 0.500000
vt 0.905556 0.666667
vt 0.911111 1.000000
vt 0.911111 0.833333
vt 0.911111 0.166667
vt 0.911111 0.000000
vt 0.911111 0.333333
vt 0.911111 0.500000
vt 0.911111 0.666667
vt 0.916667 1.000000
vt 0.916667 0.833333
vt 0.916667 0.166667
vt 0.916667 0.000000
vt 0.916667 0.333333
vt 0.916667 0.500000
vt 0.916667 0.666667
vt 0.922222 1.000000
vt 0.922222 0.833333
vt 0.922222 0.166667
vt 0.922222 0.000000
vt 0.922222 0.333333
vt 0.922222 0.500000
vt 0.922222 0.666667
vt 0.927778 1.000000
vt 0.927778 0.833333
vt 0.927778 0.166667
vt 0.927778 0.000000
vt 0.927778 0.333333
vt 0.927778 0.500000
vt 0.927778 0.666667
vt 0.933333 1.000000
vt 0.933333 0.833333
vt 0.933333 0.166667
vt 0.933333 0.000000
vt 0.933333 0.333333
vt 0.933333 0.500000
vt 0.933333 0.666667
vt 0.938889 1.000000
vt 0.938889 0.833333
vt 0.938889 0.166667
vt 0.938889 0.000000
vt 0.938889 0.333333
vt 0.938889 0.500000
vt 0.938889 0.666667
vt 0.944444 1.000000
vt 0.944444 0.833333
vt 0.944444 0.166667
vt 0.944444 0.000000
vt 0.944444 0.333333
vt 0.944444 0.500000
vt 0.944444 0.666667
vt 0.950000 1.000000
vt 0.950000 0.833333
vt 0.950000 0.166667
vt 0.950000 0.000000
vt 0.950000 0.333333
vt 0.950000 0.500000
vt 0.950000 0.666667
vt 0.955556 1.000000
vt 0.955556 0.833333
vt 0.955556 0.166667
vt 0.955556 0.000000
vt 0.955556 0.333333
vt 0.955556 0.500000
vt 0.955556 0.666667
vt 0.961111 1.000000
vt 0.961111 0.833333
vt 0.961111 0.166667
vt 0.961111 0.000000
vt 0.961111 0.333333
vt 0.961111 0.500000
vt 0.961111 0.666667
vt 0.966667 1.000000
vt 0.966667 0.833333
vt 0.966667 0.166667
vt 0.966667 0.000000
vt 0.966667 0.333333
vt 0.966667 0.500000
vt 0.966667 0.666667
vt 0.972222 1.000000
vt 0.972222 0.833333
vt 0.972222 0.166667
vt 0.972222 0.000000
vt 0.972222 0.333333
vt 0.972222 0.500000
vt 0.972222 0.666667
vt 0.977778 1.000000
vt 0.977778 0.833333
vt 0.977778 0.166667
vt 0.977778 0.000000
vt 0.977778 0.333333
vt 0.977778 0.500000
vt 0.977778 0.666667
vt 0.983333 1.000000
vt 0.983333 0.833333
vt 0.983333 0.166667
vt 0.983333 0.000000
vt 0.983333 0.333333
vt 0.983333 0.500000
vt 0.983333 0.666667
vt 0.988889 1.000000
vt 0.988889 0.833333
vt 0.988889 0.166667
vt 0.988889 0.000000
vt 0.988889 0.333333
vt 0.988889 0.500000
vt 0.988889 0.666667
vt 0.994444 1.000000
vt 0.994444 0.833333
vt 0.994444 0.166667
vt 0.994444 0.000000
vt 0.994444 0.333333
vt 0.994444 0.500000
vt 0.994444 0.666667
vt 1.000000 1.000000
vt 1.000000 0.833333
vt 1.000000 0.166667
vt 1.000000 0.000000
vt 1.000000 0.333333
vt 1.000000 0.500000
vt 1.000000 0.666667
vt 0.006944 1.000000
vt 0.006944 0.833333
vt 0.006944 0.166667
vt 0.006944 0.000000
vt 0.006944 0.333333
vt 0.006944 0.500000
vt 0.006944 0.666667
vt 0.013889 1.000000
vt 0.013889 0.833333
vt 0.013889 0.166667
vt 0.013889 0.000000
vt 0.013889 0.333333
vt 0.013889 0.500000
vt 0.013889 0.666667
vt 0.020833 1.000000
vt 0.020833 0.833333
vt 0.020833 0.166667
vt 0.020833 0.000000
vt 0.020833 0.333333
vt 0.020833 0.500000
vt 0.020833 0.666667
vt 0.034722 1.000000
vt 0.034722 0.833333
vt 0.034722 0.166667
vt 0.034722 0.000000
vt 0.034722 0.333333
vt 0.034722 0.500000
vt 0.034722 0.666667
vt 0.041667 1.000000
vt 0.041667 0.833333
vt 0.041667 0.166667
vt 0.041667 0.000000
vt 0.041667 0.333333
vt 0.041667 0.500000
vt 0.041667 0.666667
vt 0.048611 1.000000
vt 0.048611 0.833333
vt 0.048611 0.166667
vt 0.048611 0.000000
vt 0.048611 0.333333
vt 0.048611 0.500000
vt 0.048611 0.666667
vt 0.062500 1.000000
vt 0.062500 0.833333
vt 0.062500 0.166667
vt 0.062500 0.000000
vt 0.062500 0.333333
vt 0.062500 0.500000
vt 0.062500 0.666667
vt 0.069444 1.000000
vt 0.069444 0.833333
vt 0.069444 0.166667
vt 0.069444 0.000000
vt 0.069444 0.333333
vt 0.069444 0.500000
vt 0.069444 0.666667
vt 0.076389 1.000000
vt 0.076389 0.833333
vt 0.076389 0.166667
vt 0.076389 0.000000
vt 0.076389 0.333333
vt 0.076389 0.500000
vt 0.076389 0.666667
vt 0.090278 1.000000
vt 0.090278 0.833333
vt 0.090278 0.166667
vt 0.090278 0.000000
vt 0.090278 0.333333
vt 0.090278 0.500000
vt 0.090278 0.666667
vt 0.097222 1.000000
vt 0.097222 0.833333
vt 0.097222 0.166667
vt 0.097222 0.000000
vt 0.097222 0.333333
vt 0.097222 0.500000
vt 0.097222 0.666667
vt 0.104167 1.000000
vt 0.104167 0.833333
vt 0.104167 0.166667
vt 0.104167 0.000000
vt 0.104167 0.333333
vt 0.104167 0.500000
vt 0.104167 0.666667
vt 0.118056 1.000000
vt 0.118056 0.833333
vt 0.118056 0.166667
vt 0.118056 0.000000
vt 0.118056 0.333333
vt 0.118056 0.500000
vt 0.118056 0.666667
vt 0.125000 1.000000
vt 0.125000 0.833333
vt 0.125000 0.166667
vt 0.125000 0.000000
vt 0.125000 0.333333
vt 0.125000 0.500000
vt 0.125000 0.666667
vt 0.131944 1.000000
vt 0.131944 0.833333
vt 0.131944 0.166667
vt 0.131944 0.000000
vt 0.131944 0.333333
vt 0.131944 0.500000
vt 0.131944 0.666667
vt 0.145833 1.000000
vt 0.145833 0.833333
vt 0.145833 0.166667
vt 0.145833 0.000000
vt 0.145833 0.333333
vt 0.145833 0.500000
vt 0.145833 0.666667
vt 0.152778 1.000000
vt 0.152778 0.833333
vt 0.152778 0.166667
vt 0.152778 0.000000
vt 0.152778 0.333333
vt 0.152778 0.500000
vt 0.152778 0.666667
vt 0.159722 1.000000
vt 0.159722 0.833333
vt 0.159722 0.166667
vt 0.159722 0.000000
vt 0.159722 0.333333
vt 0.159722 0.500000
vt 0.159722 0.666667
vt 0.173611 1.000000
vt 0.173611 0.833333
vt 0.173611 0.166667
vt 0.173611 0.000000
vt 0.173611 0.333333
vt 0.173611 0.500000
vt 0.173611 0.666667
vt 0.180556 1.000000
vt 0.180556 0.833333
vt 0.180556 0.166667
vt 0.180556 0.000000
vt 0.180556 0.333333
vt 0.180556 0.500000
vt 0.180556 0.666667
vt 0.187500 1.000000
vt 0.187500 0.833333
vt 0.187500 0.166667
vt 0.187500 0.000000
vt 0.187500 0.333333
vt 0.187500 0.500000
vt 0.187500 0.666667
vt 0.201389 1.000000
vt 0.201389 0.833333
vt 0.201389 0.166667
vt 0.201389 0.000000
vt 0.201389 0.333333
vt 0.201389 0.500000
vt 0.201389 0.666667
vt 0.208333 1.000000
vt 0.208333 0.833333
vt 0.208333 0.166667
vt 0.208333 0.000000
vt 0.208333 0.333333
vt 0.208333 0.500000
vt 0.208333 0.666667
vt 0.215278 1.000000
vt 0.215278 0.833333
vt 0.215278 0.166667
vt 0.215278 0.000000
vt 0.215278 0.333333
vt 0.215278 0.500000
vt 0.215278 0.666667
vt 0.229167 1.000000
vt 0.229167 0.833333
vt 0.229167 0.166667
vt 0.229167 0.000000
vt 0.229167 0.333333
vt 0.229167 0.500000
vt 0.229167 0.666667
vt 0.236111 1.000000
vt 0.236111 0.833333
vt 0.236111 0.166667
vt 0.236111 0.000000
vt 0.236111 0.333333
vt 0.236111 0.500000
vt 0.236111 0.666667
vt 0.243056 1.000000
vt 0.243056 0.833333
vt 0.243056 0.166667
vt 0.243056 0.000000
vt 0.243056 0.333333
vt 0.243056 0.500000
vt 0.243056 0.666667
vt 0.256944 1.000000
vt 0.256944 0.833333
vt 0.256944 0.166667
vt 0.256944 0.000000
vt 0.256944 0.333333
vt 0.256944 0.500000
vt 0.256944 0.666667
vt 0.263889 1.000000
vt 0.263889 0.833333
vt 0.263889 0.166667
vt 0.263889 0.000000
vt 0.263889 0.333333
vt 0.263889 0.500000
vt 0.263889 0.666667
vt 0.270833 1.000000
vt 0.270833 0.833333
vt 0.270833 0.166667
vt 0.270833 0.000000
vt 0.270833 0.333333
vt 0.270833 0.500000
vt 0.270833 0.666667
vt 0.284722 1.000000
vt 0.284722 0.833333
vt 0.284722 0.166667
vt 0.284722 0.000000
vt 0.284722 0.333333
vt 0.284722 0.500000
vt 0.284722 0.666667
vt 0.291667 1.000000
vt 0.291667 0.833333
vt 0.291667 0.166667
vt 0.291667 0.000000
vt 0.291667 0.333333
vt 0.291667 0.500000
vt 0.291667 0.666667
vt 0.298611 1.000000
vt 0.298611 0.833333
vt 0.298611 0.166667
vt 0.298611 0.000000
vt 0.298611 0.333333
vt 0.298611 0.500000
vt 0.298611 0.666667
vt 0.312500 1.000000
vt 0.312500 0.833333
vt 0.312500 0.166667
vt 0.312500 0.000000
vt 0.312500 0.333333
vt 0.312500 0.500000
vt 0.312500 0.666667
vt 0.319444 1.000000
vt 0.319444 0.833333
vt 0.319444 0.166667
vt 0.319444 0.000000
vt 0.319444 0.333333
vt 0.319444 0.500000
vt 0.319444 0.666667
vt 0.326389 1.000000
vt 0.326389 0.833333
vt 0.326389 0.166667
vt 0.326389 0.000000
vt 0.326389 0.333333
vt 0.326389 0.500000
vt 0.326389 0.666667
vt 0.340278 1.000000
vt 0.340278 0.833333
vt 0.340278 0.166667
vt 0.340278 0.000000
vt 0.340278 0.333333
vt 0.340278 0.500000
vt 0.340278 0.666667
vt 0.347222 1.000000
vt 0.347222 0.833333
vt 0.347222 0.166667
vt 0.347222 0.000000
vt 0.347222 0.333333
vt 0.347222 0.500000
vt 0.347222 0.666667
vt 0.354167 1.000000
vt 0.354167 0.833333
vt 0.354167 0.166667
vt 0.354167 0.000000
vt 0.354167 0.333333
vt 0.354167 0.500000
vt 0.354167 0.666667
vt 0.368056 1.000000
vt 0.368056 0.833333
vt 0.368056 0.166667
vt 0.368056 0.000000
vt 0.368056 0.333333
vt 0.368056 0.500000
vt 0.368056 0.666667
vt 0.375000 1.000000
vt 0.375000 0.833333
vt 0.375000 0.166667
vt 0.375000 0.000000
vt 0.375000 0.333333
vt 0.375000 0.500000
vt 0.375000 0.666667
vt 0.381944 1.000000
vt 0.381944 0.833333
vt 0.381944 0.166667
vt 0.381944 0.000000
vt 0.381944 0.333333
vt 0.381944 0.500000
vt 0.381944 0.666667
vt 0.395833 1.000000
vt 0.395833 0.833333
vt 0.395833 0.166667
vt 0.395833 0.000000
vt 0.395833 0.333333
vt 0.395833 0.500000
vt 0.395833 0.666667
vt 0.402778 1.000000
vt 0.402778 0.833333
vt 0.402778 0.166667
vt 0.402778 0.000000
vt 0.402778 0.333333
vt 0.402778 0.500000
vt 0.402778 0.666667
vt 0.409722 1.000000
vt 0.409722 0.833333
vt 0.409722 0.166667
vt 0.409722 0.000000
vt 0.409722 0.333333
vt 0.409722 0.500000
vt 0.409722 0.666667
vt 0.423611 1.000000
vt 0.423611 0.833333
vt 0.423611 0.166667
vt 0.423611 0.000000
vt 0.423611 0.333333
vt 0.423611 0.500000
vt 0.423611 0.666667
vt 0.430556 1.000000
vt 0.430556 0.833333
vt 0.430556 0.166667
vt 0.430556 0.000000
vt 0.430556 0.333333
vt 0.430556 0.500000
vt 0.430556 0.666667
vt 0.437500 1.000000
vt 0.437500 0.833333
vt 0.437500 0.166667
vt 0.437500 0.000000
vt 0.437500 0.333333
vt 0.437500 0.500000
vt 0.437500 0.666667
vt 0.451389 1.000000
vt 0.451389 0.833333
vt 0.451389 0.166667
vt 0.451389 0.000000
vt 0.451389 0.333333
vt 0.451389 0.500000
vt 0.451389 0.666667
vt 0.458333 1.000000
vt 0.458333 0.833333
vt 0.458333 0.166667
vt 0.458333 0.000000
vt 0.458333 0.333333
vt 0.458333 0.500000
vt 0.458333 0.666667
vt 0.465278 1.000000
vt 0.465278 0.833333
vt 0.465278 0.166667
vt 0.465278 0.000000
vt 0.465278 0.333333
vt 0.465278 0.500000
vt 0.465278 0.666667
vt 0.479167 1.000000
vt 0.479167 0.833333
vt 0.479167 0.166667
vt 0.479167 0.000000
vt 0.479167 0.333333
vt 0.479167 0.500000
vt 0.479167 0.666667
vt 0.486111 1.000000
vt 0.486111 0.833333
vt 0.486111 0.166667
vt 0.486111 0.000000
vt 0.486111 0.333333
vt 0.486111 0.500000
vt 0.486111 0.666667
vt 0.493056 1.000000
vt 0.493056 0.833333
vt 0.493056 0.166667
vt 0.493056 0.000000
vt 0.493056 0.333333
vt 0.493056 0.500000
vt 0.493056 0.666667
vt 0.506944 1.000000
vt 0.506944 0.833333
vt 0.506944 0.166667
vt 0.506944 0.000000
vt 0.506944 0.333333
vt 0.506944 0.500000
vt 0.506944 0.666667
vt 0.513889 1.000000
vt 0.513889 0.833333
vt 0.513889 0.166667
vt 0.513889 0.000000
vt 0.513889 0.333333
vt 0.513889 0.500000
vt 0.513889 0.666667
vt 0.520833 1.000000
vt 0.520833 0.833333
vt 0.520833 0.166667
vt 0.520833 0.000000
vt 0.520833 0.333333
vt 0.520833 0.500000
vt 0.520833 0.666667
vt 0.534722 1.000000
vt 0.534722 0.833333
vt 0.534722 0.166667
vt 0.534722 0.000000
vt 0.534722 0.333333
vt 0.534722 0.500000
vt 0.534722 0.666667
vt 0.541667 1.000000
vt 0.541667 0.833333
vt 0.541667 0.166667
vt 0.541667 0.000000
vt 0.541667 0.333333
vt 0.541667 0.500000
vt 0.541667 0.666667
vt 0.548611 1.000000
vt 0.548611 0.833333
vt 0.548611 0.166667
vt 0.548611 0.000000
vt 0.548611 0.333333
vt 0.548611 0.500000
vt 0.548611 0.666667
vt 0.562500 1.000000
vt 0.562500 0.833333
vt 0.562500 0.166667
vt 0.562500 0.000000
vt 0.562500 0.333333
vt 0.562500 0.500000
vt 0.562500 0.666667
vt 0.569444 1.000000
vt 0.569444 0.833333
vt 0.569444 0.166667
vt 0.569444 0.000000
vt 0.569444 0.333333
vt 0.569444 0.500000
vt 0.569444 0.666667
vt 0.576389 1.000000
vt 0.576389 0.833333
vt 0.576389 0.166667
vt 0.576389 0.000000
vt 0.576389 0.333333
vt 0.576389 0.500000
vt 0.576389 0.666667
vt 0.590278 1.000000
vt 0.590278 0.833333
vt 0.590278 0.166667
vt 0.590278 0.000000
vt 0.590278 0.333333
vt 0.590278 0.500000
vt 0.590278 0.666667
vt 0.597222 1.000000
vt 0.597222 0.833333
vt 0.597222 0.166667
vt 0.597222 0.000000
vt 0.597222 0.333333
vt 0.597222 0.500000
vt 0.597222 0.666667
vt 0.604167 1.000000
vt 0.604167 0.833333
vt 0.604167 0.166667
vt 0.604167 0.000000
vt 0.604167 0.333333
vt 0.604167 0.500000
vt 0.604167 0.666667
vt 0.618056 1.000000
vt 0.618056 0.833333
vt 0.618056 0.166667
vt 0.618056 0.000000
vt 0.618056 0.333333
vt 0.618056 0.500000
vt 0.618056 0.666667
vt 0.625000 1.000000
vt 0.625000 0.833333
vt 0.625000 0.166667
vt 0.625000 0.000000
vt 0.625000 0.333333
vt 0.625000 0.500000
vt 0.625000 0.666667
vt 0.631944 1.000000
vt 0.631944 0.833333
vt 0.631944 0.166667
vt 0.631944 0.000000
vt 0.631944 0.333333
vt 0.631944 0.500000
vt 0.631944 0.666667
vt 0.645833 1.000000
vt 0.645833 0.833333
vt 0.645833 0.166667
vt 0.645833 0.000000
vt 0.645833 0.333333
vt 0.645833 0.500000
vt 0.645833 0.666667
vt 0.652778 1.000000
vt 0.652778 0.833333
vt 0.652778 0.166667
vt 0.652778 0.000000
vt 0.652778 0.333333
vt 0.652778 0.500000
vt 0.652778 0.666667
vt 0.659722 1.000000
vt 0.659722 0.833333
vt 0.659722 0.166667
vt 0.659722 0.000000
vt 0.659722 0.333333
vt 0.659722 0.500000
vt 0.659722 0.666667
vt 0.673611 1.000000
vt 0.673611 0.833333
vt 0.673611 0.166667
vt 0.673611 0.000000
vt 0.673611 0.333333
vt 0.673611 0.500000
vt 0.673611 0.666667
vt 0.680556 1.000000
vt 0.680556 0.833333
vt 0.680556 0.166667
vt 0.680556 0.000000
vt 0.680556 0.333333
vt 0.680556 0.500000
vt 0.680556 0.666667
vt 0.687500 1.000000
vt 0.687500 0.833333
vt 0.687500 0.166667
vt 0.687500 0.000000
vt 0.687500 0.333333
vt 0.687500 0.500000
vt 0.687500 0.666667
vt 0.701389 1.000000
vt 0.701389 0.833333
vt 0.701389 0.166667
vt 0.701389 0.000000
vt 0.701389 0.333333
vt 0.701389 0.500000
vt 0.701389 0.666667
vt 0.708333 1.000000
vt 0.708333 0.833333
vt 0.708333 0.166667
vt 0.708333 0.000000
vt 0.708333 0.333333
vt 0.708333 0.500000
vt 0.708333 0.666667
vt 0.715278 1.000000
vt 0.715278 0.833333
vt 0.715278 0.166667
vt 0.715278 0.000000
vt 0.715278 0.333333
vt 0.715278 0.500000
vt 0.715278 0.666667
vt 0.729167 1.000000
vt 0.729167 0.833333
vt 0.729167 0.166667
vt 0.729167 0.000000
vt 0.729167 0.333333
vt 0.729167 0.500000
vt 0.729167 0.666667
vt 0.736111 1.000000
vt 0.736111 0.833333
vt 0.736111 0.166667
vt 0.736111 0.000000
vt 0.736111 0.333333
vt 0.736111 0.500000
vt 0.736111 0.666667
vt 0.743056 1.000000
vt 0.743056 0.833333
vt 0.743056 0.166667
vt 0.743056 0.000000
vt 0.743056 0.333333
vt 0.743056 0.500000
vt 0.743056 0.666667
vt 0.756944 1.000000
vt 0.756944 0.833333
vt 0.756944 0.166667
vt 0.756944 0.000000
vt 0.756944 0.333333
vt 0.756944 0.500000
vt 0.756944 0.666667
vt 0.763889 1.000000
vt 0.763889 0.833333
vt 0.763889 0.166667
vt 0.763889 0.000000
vt 0.763889 0.333333
vt 0.763889 0.500000
vt 0.763889 0.666667
vt 0.770833 1.000000
vt 0.770833 0.833333
vt 0.770833 0.166667
vt 0.770833 0.000000
vt 0.770833 0.333333
vt 0.770833 0.500000
vt 0.770833 0.666667
vt 0.784722 1.000000
vt 0.784722 0.833333
vt 0.784722 0.166667
vt 0.784722 0.000000
vt 0.784722 0.333333
vt 0.784722 0.500000
vt 0.784722 0.666667
vt 0.791667 1.000000
vt 0.791667 0.833333
vt 0.791667 0.166667
vt 0.791667 0.000000
vt 0.791667 0.333333
vt 0.791667 0.500000
vt 0.791667 0.666667
vt 0.798611 1.000000
vt 0.798611 0.833333
vt 0.798611 0.166667
vt 0.798611 0.000000
vt 0.798611 0.333333
vt 0.798611 0.500000
vt 0.798611 0.666667
vt 0.812500 1.000000
vt 0.812500 0.833333
vt 0.812500 0.166667
vt 0.812500 0.000000
vt 0.812500 0.333333
vt 0.812500 0.500000
vt 0.812500 0.666667
vt 0.819444 1.000000
vt 0.819444 0.833333
vt 0.819444 0.166667
vt 0.819444 0.000000
vt 0.819444 0.333333
vt 0.819444 0.500000
vt 0.819444 0.666667
vt 0.826389 1.000000
vt 0.826389 0.833333
vt 0.826389 0.166667
vt 0.826389 0.000000
vt 0.826389 0.333333
vt 0.826389 0.500000
vt 0.826389 0.666667
vt 0.840278 1.000000
vt 0.840278 0.833333
vt 0.840278 0.166667
vt 0.840278 0.000000
vt 0.840278 0.333333
vt 0.840278 0.500000
vt 0.840278 0.666667
vt 0.847222 1.000000
vt 0.847222 0.833333
vt 0.847222 0.166667
vt 0.847222 0.000000
vt 0.847222 0.333333
vt 0.847222 0.500000
vt 0.847222 0.666667
vt 0.854167 1.000000
vt 0.854167 0.833333
vt 0.854167 0.166667
vt 0.854167 0.000000
vt 0.854167 0.333333
vt 0.854167 0.500000
vt 0.854167 0.666667
vt 0.868056 1.000000
vt 0.868056 0.833333
vt 0.868056 0.166667
vt 0.868056 0.000000
vt 0.868056 0.333333
vt 0.868056 0.500000
vt 0.868056 0.666667
vt 0.875000 1.000000
vt 0.875000 0.833333
vt 0.875000 0.166667
vt 0.875000 0.000000
vt 0.875000 0.333333
vt 0.875000 0.500000
vt 0.875000 0.666667
vt 0.881944 1.000000
vt 0.881944 0.833333
vt 0.881944 0.166667
vt 0.881944 0.000000
vt 0.881944 0.333333
vt 0.881944 0.500000
vt 0.881944 0.666667
vt 0.895833 1.000000
vt 0.895833 0.833333
vt 0.895833 0.166667
vt 0.895833 0.000000
vt 0.895833 0.333333
vt 0.895833 0.500000
vt 0.895833 0.666667
vt 0.902778 1.000000
vt 0.902778 0.833333
vt 0.902778 0.166667
vt 0.902778 0.000000
vt 0.902778 0.333333
vt 0.902778 0.500000
vt 0.902778 0.666667
vt 0.909722 1.000000
vt 0.909722 0.833333
vt 0.909722 0.166667
vt 0.909722 0.000000
vt 0.909722 0.333333
vt 0.909722 0.500000
vt 0.909722 0.666667
vt 0.923611 1.000000
vt 0.923611 0.833333
vt 0.923611 0.166667
vt 0.923611 0.000000
vt 0.923611 0.333333
vt 0.923611 0.500000
vt 0.923611 0.666667
vt 0.930556 1.000000
vt 0.930556 0.833333
vt 0.930556 0.166667
vt 0.930556 0.000000
vt 0.930556 0.333333
vt 0.930556 0.500000
vt 0.930556 0.666667
vt 0.937500 1.000000
vt 0.937500 0.833333
vt 0.937500 0.166667
vt 0.937500 0.000000
vt 0.937500 0.333333
vt 0.937500 0.500000
vt 0.937500 0.666667
vt 0.951389 1.000000
vt 0.951389 0.833333
vt 0.951389 0.166667
vt 0.951389 0.000000
vt 0.951389 0.333333
vt 0.951389 0.500000
vt 0.951389 0.666667
vt 0.958333 1.000000
vt 0.958333 0.833333
vt 0.958333 0.166667
vt 0.958333 0.000000
vt 0.958333 0.333333
vt 0.958333 0.500000
vt 0.958333 0.666667
vt 0.965278 1.000000
vt 0.965278 0.833333
vt 0.965278 0.166667
vt 0.965278 0.000000
vt 0.965278 0.333333
vt 0.965278 0.500000
vt 0.965278 0.666667
vt 0.979167 1.000000
vt 0.979167 0.833333
vt 0.979167 0.166667
vt 0.979167 0.000000
vt 0.979167 0.333333
vt 0.979167 0.500000
vt 0.979167 0.666667
vt 0.986111 1.000000
vt 0.986111 0.833333
vt 0.986111 0.166667
vt 0.986111 0.000000
vt 0.986111 0.333333
vt 0.986111 0.500000
vt 0.986111 0.666667
vt 0.993056 1.000000
vt 0.993056 0.833333
vt 0.993056 0.166667
vt 0.993056 0.000000
vt 0.993056 0.333333
vt 0.993056 0.500000
vt 0.993056 0.666667
vt 0.007576 1.000000
vt 0.007576 0.833333
vt 0.007576 0.166667
vt 0.007576 0.000000
vt 0.007576 0.333333
vt 0.007576 0.500000
vt 0.007576 0.666667
vt 0.015152 1.000000
vt 0.015152 0.833333
vt 0.015152 0.166667
vt 0.015152 0.000000
vt 0.015152 0.333333
vt 0.015152 0.500000
vt 0.015152 0.666667
vt 0.022727 1.000000
vt 0.022727 0.833333
vt 0.022727 0.166667
vt 0.022727 0.000000
vt 0.022727 0.333333
vt 0.022727 0.500000
vt 0.022727 0.666667
vt 0.030303 1.000000
vt 0.030303 0.833333
vt 0.030303 0.166667
vt 0.030303 0.000000
vt 0.030303 0.333333
vt 0.030303 0.500000
vt 0.030303 0.666667
vt 0.037879 1.000000
vt 0.037879 0.833333
vt 0.037879 0.166667
vt 0.037879 0.000000
vt 0.037879 0.333333
vt 0.037879 0.500000
vt 0.037879 0.666667
vt 0.045455 1.000000
vt 0.045455 0.833333
vt 0.045455 0.166667
vt 0.045455 0.000000
vt 0.045455 0.333333
vt 0.045455 0.500000
vt 0.045455 0.666667
vt 0.053030 1.000000
vt 0.053030 0.833333
vt 0.053030 0.166667
vt 0.053030 0.000000
vt 0.053030 0.333333
vt 0.053030 0.500000
vt 0.053030 0.666667
vt 0.060606 1.000000
vt 0.060606 0.833333
vt 0.060606 0.166667
vt 0.060606 0.000000
vt 0.060606 0.333333
vt 0.060606 0.500000
vt 0.060606 0.666667
vt 0.068182 1.000000
vt 0.068182 0.833333
vt 0.068182 0.166667
vt 0.068182 0.000000
vt 0.068182 0.333333
vt 0.068182 0.500000
vt 0.068182 0.666667
vt 0.075758 1.000000
vt 0.075758 0.833333
vt 0.075758 0.166667
vt 0.075758 0.000000
vt 0.075758 0.333333
vt 0.075758 0.500000
vt 0.075758 0.666667
vt 0.090909 1.000000
vt 0.090909 0.833333
vt 0.090909 0.166667
vt 0.090909 0.000000
vt 0.090909 0.333333
vt 0.090909 0.500000
vt 0.090909 0.666667
vt 0.098485 1.000000
vt 0.098485 0.833333
vt 0.098485 0.166667
vt 0.098485 0.000000
vt 0.098485 0.333333
vt 0.098485 0.500000
vt 0.098485 0.666667
vt 0.106061 1.000000
vt 0.106061 0.833333
vt 0.106061 0.166667
vt 0.106061 0.000000
vt 0.106061 0.333333
vt 0.106061 0.500000
vt 0.106061 0.666667
vt 0.113636 1.000000
vt 0.113636 0.833333
vt 0.113636 0.166667
vt 0.113636 0.000000
vt 0.113636 0.333333
vt 0.113636 0.500000
vt 0.113636 0.666667
vt 0.121212 1.000000
vt 0.121212 0.833333
vt 0.121212 0.166667
vt 0.121212 0.000000
vt 0.121212 0.333333
vt 0.121212 0.500000
vt 0.121212 0.666667
vt 0.128788 1.000000
vt 0.128788 0.833333
vt 0.128788 0.166667
vt 0.128788 0.000000
vt 0.128788 0.333333
vt 0.128788 0.500000
vt 0.128788 0.666667
vt 0.136364 1.000000
vt 0.136364 0.833333
vt 0.136364 0.166667
vt 0.136364 0.000000
vt 0.136364 0.333333
vt 0.136364 0.500000
vt 0.136364 0.666667
vt 0.143939 1.000000
vt 0.143939 0.833333
vt 0.143939 0.166667
vt 0.143939 0.000000
vt 0.143939 0.333333
vt 0.143939 0.500000
vt 0.143939 0.666667
vt 0.151515 1.000000
vt 0.151515 0.833333
vt 0.151515 0.166667
vt 0.151515 0.000000
vt 0.151515 0.333333
vt 0.151515 0.500000
vt 0.151515 0.666667
vt 0.159091 1.000000
vt 0.159091 0.833333
vt 0.159091 0.166667
vt 0.159091 0.000000
vt 0.159091 0.333333
vt 0.159091 0.500000
vt 0.159091 0.666667
vt 0.174242 1.000000
vt 0.174242 0.833333
vt 0.174242 0.166667
vt 0.174242 0.000000
vt 0.174242 0.333333
vt 0.174242 0.500000
vt 0.174242 0.666667
vt 0.181818 1.000000
vt 0.181818 0.833333
vt 0.181818 0.166667
vt 0.181818 0.000000
vt 0.181818 0.333333
vt 0.181818 0.500000
vt 0.181818 0.666667
vt 0.189394 1.000000
vt 0.189394 0.833333
vt 0.189394 0.166667
vt 0.189394 0.000000
vt 0.189394 0.333333
vt 0.189394 0.500000
vt 0.189394 0.666667
vt 0.196970 1.000000
vt 0.196970 0.833333
vt 0.196970 0.166667
vt 0.196970 0.000000
vt 0.196970 0.333333
vt 0.196970 0.500000
vt 0.196970 0.666667
vt 0.204545 1.000000
vt 0.204545 0.833333
vt 0.204545 0.166667
vt 0.204545 0.000000
vt 0.204545 0.333333
vt 0.204545 0.500000
vt 0.204545 0.666667
vt 0.212121 1.000000
vt 0.212121 0.833333
vt 0.212121 0.166667
vt 0.212121 0.000000
vt 0.212121 0.333333
vt 0.212121 0.500000
vt 0.212121 0.666667
vt 0.219697 1.000000
vt 0.219697 0.833333
vt 0.219697 0.166667
vt 0.219697 0.000000
vt 0.219697 0.333333
vt 0.219697 0.500000
vt 0.219697 0.666667
vt 0.227273 1.000000
vt 0.227273 0.833333
vt 0.227273 0.166667
vt 0.227273 0.000000
vt 0.227273 0.333333
vt 0.227273 0.500000
vt 0.227273 0.666667
vt 0.234848 1.000000
vt 0.234848 0.833333
vt 0.234848 0.166667
vt 0.234848 0.000000
vt 0.234848 0.333333
vt 0.234848 0.500000
vt 0.234848 0.666667
vt 0.242424 1.000000
vt 0.242424 0.833333
vt 0.242424 0.166667
vt 0.242424 0.000000
vt 0.242424 0.333333
vt 0.242424 0.500000
vt 0.242424 0.666667
vt 0.257576 1.000000
vt 0.257576 0.833333
vt 0.257576 0.166667
vt 0.257576 0.000000
vt 0.257576 0.333333
vt 0.257576 0.500000
vt 0.257576 0.666667
vt 0.265152 1.000000
vt 0.265152 0.833333
vt 0.265152 0.166667
vt 0.265152 0.000000
vt 0.265152 0.333333
vt 0.265152 0.500000
vt 0.265152 0.666667
vt 0.272727 1.000000
vt 0.272727 0.833333
vt 0.272727 0.166667
vt 0.272727 0.000000
vt 0.272727 0.333333
vt 0.272727 0.500000
vt 0.272727 0.666667
vt 0.280303 1.000000
vt 0.280303 0.833333
vt 0.280303 0.166667
vt 0.280303 0.000000
vt 0.280303 0.333333
vt 0.280303 0.500000
vt 0.280303 0.666667
vt 0.287879 1.000000
vt 0.287879 0.833333
vt 0.287879 0.166667
vt 0.287879 0.000000
vt 0.287879 0.333333
vt 0.287879 0.500000
vt 0.287879 0.666667
vt 0.295455 1.000000
vt 0.295455 0.833333
vt 0.295455 0.166667
vt 0.295455 0.000000
vt 0.295455 0.333333
vt 0.295455 0.500000
vt 0.295455 0.666667
vt 0.303030 1.000000
vt 0.303030 0.833333
vt 0.303030 0.166667
vt 0.303030 0.000000
vt 0.303030 0.333333
vt 0.303030 0.500000
vt 0.303030 0.666667
vt 0.310606 1.000000
vt 0.310606 0.833333
vt 0.310606 0.166667
vt 0.310606 0.000000
vt 0.310606 0.333333
vt 0.310606 0.500000
vt 0.310606 0.666667
vt 0.318182 1.000000
vt 0.318182 0.833333
vt 0.318182 0.166667
vt 0.318182 0.000000
vt 0.318182 0.333333
vt 0.318182 0.500000
vt 0.318182 0.666667
vt 0.325758 1.000000
vt 0.325758 0.833333
vt 0.325758 0.166667
vt 0.325758 0.000000
vt 0.325758 0.333333
vt 0.325758 0.500000
vt 0.325758 0.666667
vt 0.340909 1.000000
vt 0.340909 0.833333
vt 0.340909 0.166667
vt 0.340909 0.000000
vt 0.340909 0.333333
vt 0.340909 0.500000
vt 0.340909 0.666667
vt 0.348485 1.000000
vt 0.348485 0.833333
vt 0.348485 0.166667
vt 0.348485 0.000000
vt 0.348485 0.333333
vt 0.348485 0.500000
vt 0.348485 0.666667
vt 0.356061 1.000000
vt 0.356061 0.833333
vt 0.356061 0.166667
vt 0.356061 0.000000
vt 0.356061 0.333333
vt 0.356061 0.500000
vt 0.356061 0.666667
vt 0.363636 1.000000
vt 0.363636 0.833333
vt 0.363636 0.166667
vt 0.363636 0.000000
vt 0.363636 0.333333
vt 0.363636 0.500000
vt 0.363636 0.666667
vt 0.371212 1.000000
vt 0.371212 0.833333
vt 0.371212 0.166667
vt 0.371212 0.000000
vt 0.371212 0.333333
vt 0.371212 0.500000
vt 0.371212 0.666667
vt 0.378788 1.000000
vt 0.378788 0.833333
vt 0.378788 0.166667
vt 0.378788 0.000000
vt 0.378788 0.333333
vt 0.378788 0.500000
vt 0.378788 0.666667
vt 0.386364 1.000000
vt 0.386364 0.833333
vt 0.386364 0.166667
vt 0.386364 0.000000
vt 0.386364 0.333333
vt 0.386364 0.500000
vt 0.386364 0.666667
vt 0.393939 1.000000
vt 0.393939 0.833333
vt 0.393939 0.166667
vt 0.393939 0.000000
vt 0.393939 0.333333
vt 0.393939 0.500000
vt 0.393939 0.666667
vt 0.401515 1.000000
vt 0.401515 0.833333
vt 0.401515 0.166667
vt 0.401515 0.000000
vt 0.401515 0.333333
vt 0.401515 0.500000
vt 0.401515 0.666667
vt 0.409091 1.000000
vt 0.409091 0.833333
vt 0.409091 0.166667
vt 0.409091 0.000000
vt 0.409091 0.333333
vt 0.409091 0.500000
vt 0.409091 0.666667
vt 0.424242 1.000000
vt 0.424242 0.833333
vt 0.424242 0.166667
vt 0.424242 0.000000
vt 0.424242 0.333333
vt 0.424242 0.500000
vt 0.424242 0.666667
vt 0.431818 1.000000
vt 0.431818 0.833333
vt 0.431818 0.166667
vt 0.431818 0.000000
vt 0.431818 0.333333
vt 0.431818 0.500000
vt 0.431818 0.666667
vt 0.439394 1.000000
vt 0.439394 0.833333
vt 0.439394 0.166667
vt 0.439394 0.000000
vt 0.439394 0.333333
vt 0.439394 0.500000
vt 0.439394 0.666667
vt 0.446970 1.000000
vt 0.446970 0.833333
vt 0.446970 0.166667
vt 0.446970 0.000000
vt 0.446970 0.333333
vt 0.446970 0.500000
vt 0.446970 0.666667
vt 0.454545 1.000000
vt 0.454545 0.833333
vt 0.454545 0.166667
vt 0.454545 0.000000
vt 0.454545 0.333333
vt 0.454545 0.500000
vt 0.454545 0.666667
vt 0.462121 1.000000
vt 0.462121 0.833333
vt 0.462121 0.166667
vt 0.462121 0.000000
vt 0.462121 0.333333
vt 0.462121 0.500000
vt 0.462121 0.666667
vt 0.469697 1.000000
vt 0.469697 0.833333
vt 0.469697 0.166667
vt 0.469697 0.000000
vt 0.469697 0.333333
vt 0.469697 0.500000
vt 0.469697 0.666667
vt 0.477273 1.000000
vt 0.477273 0.833333
vt 0.477273 0.166667
vt 0.477273 0.000000
vt 0.477273 0.333333
vt 0.477273 0.500000
vt 0.477273 0.666667
vt 0.484848 1.000000
vt 0.484848 0.833333
vt 0.484848 0.166667
vt 0.484848 0.000000
vt 0.484848 0.333333
vt 0.484848 0.500000
vt 0.484848 0.666667
vt 0.492424 1.000000
vt 0.492424 0.833333
vt 0.492424 0.166667
vt 0.492424 0.000000
vt 0.492424 0.333333
vt 0.492424 0.500000
vt 0.492424 0.666667
vt 0.507576 1.000000
vt 0.507576 0.833333
vt 0.507576 0.166667
vt 0.507576 0.000000
vt 0.507576 0.333333
vt 0.507576 0.500000
vt 0.507576 0.666667
vt 0.515152 1.000000
vt 0.515152 0.833333
vt 0.515152 0.166667
vt 0.515152 0.000000
vt 0.515152 0.333333
vt 0.515152 0.500000
vt 0.515152 0.666667
vt 0.522727 1.000000
vt 0.522727 0.833333
vt 0.522727 0.166667
vt 0.522727 0.000000
vt 0.522727 0.333333
vt 0.522727 0.500000
vt 0.522727 0.666667
vt 0.530303 1.000000
vt 0.530303 0.833333
vt 0.530303 0.166667
vt 0.530303 0.000000
vt 0.530303 0.333333
vt 0.530303 0.500000
vt 0.530303 0.666667
vt 0.537879 1.000000
vt 0.537879 0.833333
vt 0.537879 0.166667
vt 0.537879 0.000000
vt 0.537879 0.333333
vt 0.537879 0.500000
vt 0.537879 0.666667
vt 0.545455 1.000000
vt 0.545455 0.833333
vt 0.545455 0.166667
vt 0.545455 0.000000
vt 0.545455 0.333333
vt 0.545455 0.500000
vt 0.545455 0.666667
vt 0.553030 1.000000
vt 0.553030 0.833333
vt 0.553030 0.166667
vt 0.553030 0.000000
vt 0.553030 0.333333
vt 0.553030 0.500000
vt 0.553030 0.666667
vt 0.560606 1.000000
vt 0.560606 0.833333
vt 0.560606 0.166667
vt 0.560606 0.000000
vt 0.560606 0.333333
vt 0.560606 0.500000
vt 0.560606 0.666667
vt 0.568182 1.000000
vt 0.568182 0.833333
vt 0.568182 0.166667
vt 0.568182 0.000000
vt 0.568182 0.333333
vt 0.568182 0.500000
vt 0.568182 0.666667
vt 0.575758 1.000000
vt 0.575758 0.833333
vt 0.575758 0.166667
vt 0.575758 0.000000
vt 0.575758 0.333333
vt 0.575758 0.500000
vt 0.575758 0.666667
vt 0.590909 1.000000
vt 0.590909 0.833333
vt 0.590909 0.166667
vt 0.590909 0.000000
vt 0.590909 0.333333
vt 0.590909 0.500000
vt 0.590909 0.666667
vt 0.598485 1.000000
vt 0.598485 0.833333
vt 0.598485 0.166667
vt 0.598485 0.000000
vt 0.598485 0.333333
vt 0.598485 0.500000
vt 0.598485 0.666667
vt 0.606061 1.000000
vt 0.606061 0.833333
vt 0.606061 0.166667
vt 0.606061 0.000000
vt 0.606061 0.333333
vt 0.606061 0.500000
vt 0.606061 0.666667
vt 0.613636 1.000000
vt 0.613636 0.833333
vt 0.613636 0.166667
vt 0.613636 0.000000
vt 0.613636 0.333333
vt 0.613636 0.500000
vt 0.613636 0.666667
vt 0.621212 1.000000
vt 0.621212 0.833333
vt 0.621212 0.166667
vt 0.621212 0.000000
vt 0.621212 0.333333
vt 0.621212 0.500000
vt 0.621212 0.666667
vt 0.628788 1.000000
vt 0.628788 0.833333
vt 0.628788 0.166667
vt 0.628788 0.000000
vt 0.628788 0.333333
vt 0.628788 0.500000
vt 0.628788 0.666667
vt 0.636364 1.000000
vt 0.636364 0.833333
vt 0.636364 0.166667
vt 0.636364 0.000000
vt 0.636364 0.333333
vt 0.636364 0.500000
vt 0.636364 0.666667
vt 0.643939 1.000000
vt 0.643939 0.833333
vt 0.643939 0.166667
vt 0.643939 0.000000
vt 0.643939 0.333333
vt 0.643939 0.500000
vt 0.643939 0.666667
vt 0.651515 1.000000
vt 0.651515 0.833333
vt 0.651515 0.166667
vt 0.651515 0.000000
vt 0.651515 0.333333
vt 0.651515 0.500000
vt 0.651515 0.666667
vt 0.659091 1.000000
vt 0.659091 0.833333
vt 0.659091 0.166667
vt 0.659091 0.000000
vt 0.659091 0.333333
vt 0.659091 0.500000
vt 0.659091 0.666667
vt 0.674242 1.000000
vt 0.674242 0.833333
vt 0.674242 0.166667
vt 0.674242 0.000000
vt 0.674242 0.333333
vt 0.674242 0.500000
vt 0.674242 0.666667
vt 0.681818 1.000000
vt 0.681818 0.833333
vt 0.681818 0.166667
vt 0.681818 0.000000
vt 0.681818 0.333333
vt 0.681818 0.500000
vt 0.681818 0.666667
vt 0.689394 1.000000
vt 0.689394 0.833333
vt 0.689394 0.166667
vt 0.689394 0.000000
vt 0.689394 0.333333
vt 0.689394 0.500000
vt 0.689394 0.666667
vt 0.696970 1.000000
vt 0.696970 0.833333
vt 0.696970 0.166667
vt 0.696970 0.000000
vt 0.696970 0.333333
vt 0.696970 0.500000
vt 0.696970 0.666667
vt 0.704545 1.000000
vt 0.704545 0.833333
vt 0.704545 0.166667
vt 0.704545 0.000000
vt 0.704545 0.333333
vt 0.704545 0.500000
vt 0.704545 0.666667
vt 0.712121 1.000000
vt 0.712121 0.833333
vt 0.712121 0.166667
vt 0.712121 0.000000
vt 0.712121 0.333333
vt 0.712121 0.500000
vt 0.712121 0.666667
vt 0.719697 1.000000
vt 0.719697 0.833333
vt 0.719697 0.166667
vt 0.719697 0.000000
vt 0.719697 0.333333
vt 0.719697 0.500000
vt 0.719697 0.666667
vt 0.727273 1.000000
vt 0.727273 0.833333
vt 0.727273 0.166667
vt 0.727273 0.000000
vt 0.727273 0.333333
vt 0.727273 0.500000
vt 0.727273 0.666667
vt 0.734848 1.000000
vt 0.734848 0.833333
vt 0.734848 0.166667
vt 0.734848 0.000000
vt 0.734848 0.333333
vt 0.734848 0.500000
vt 0.734848 0.666667
vt 0.742424 1.000000
vt 0.742424 0.833333
vt 0.742424 0.166667
vt 0.742424 0.000000
vt 0.742424 0.333333
vt 0.742424 0.500000
vt 0.742424 0.666667
vt 0.757576 1.000000
vt 0.757576 0.833333
vt 0.757576 0.166667
vt 0.757576 0.000000
vt 0.757576 0.333333
vt 0.757576 0.500000
vt 0.757576 0.666667
vt 0.765152 1.000000
vt 0.765152 0.833333
vt 0.765152 0.166667
vt 0.765152 0.000000
vt 0.765152 0.333333
vt 0.765152 0.500000
vt 0.765152 0.666667
vt 0.772727 1.000000
vt 0.772727 0.833333
vt 0.772727 0.166667
vt 0.772727 0.000000
vt 0.772727 0.333333
vt 0.772727 0.500000
vt 0.772727 0.666667
vt 0.780303 1.000000
vt 0.780303 0.833333
vt 0.780303 0.166667
vt 0.780303 0.000000
vt 0.780303 0.333333
vt 0.780303 0.500000
vt 0.780303 0.666667
vt 0.787879 1.000000
vt 0.787879 0.833333
vt 0.787879 0.166667
vt 0.787879 0.000000
vt 0.787879 0.333333
vt 0.787879 0.500000
vt 0.787879 0.666667
vt 0.795455 1.000000
vt 0.795455 0.833333
vt 0.795455 0.166667
vt 0.795455 0.000000
vt 0.795455 0.333333
vt 0.795455 0.500000
vt 0.795455 0.666667
vt 0.803030 1.000000
vt 0.803030 0.833333
vt 0.803030 0.166667
vt 0.803030 0.000000
vt 0.803030 0.333333
vt 0.803030 0.500000
vt 0.803030 0.666667
vt 0.810606 1.000000
vt 0.810606 0.833333
vt 0.810606 0.166667
vt 0.810606 0.000000
vt 0.810606 0.333333
vt 0.810606 0.500000
vt 0.810606 0.666667
vt 0.818182 1.000000
vt 0.818182 0.833333
vt 0.818182 0.166667
vt 0.818182 0.000000
vt 0.818182 0.333333
vt 0.818182 0.500000
vt 0.818182 0.666667
vt 0.825758 1.000000
vt 0.825758 0.833333
vt 0.825758 0.166667
vt 0.825758 0.000000
vt 0.825758 0.333333
vt 0.825758 0.500000
vt 0.825758 0.666667
vt 0.840909 1.000000
vt 0.840909 0.833333
vt 0.840909 0.166667
vt 0.840909 0.000000
vt 0.840909 0.333333
vt 0.840909 0.500000
vt 0.840909 0.666667
vt 0.848485 1.000000
vt 0.848485 0.833333
vt 0.848485 0.166667
vt 0.848485 0.000000
vt 0.848485 0.333333
vt 0.848485 0.500000
vt 0.848485 0.666667
vt 0.856061 1.000000
vt 0.856061 0.833333
vt 0.856061 0.166667
vt 0.856061 0.000000
vt 0.856061 0.333333
vt 0.856061 0.500000
vt 0.856061 0.666667
vt 0.863636 1.000000
vt 0.863636 0.833333
vt 0.863636 0.166667
vt 0.863636 0.000000
vt 0.863636 0.333333
vt 0.863636 0.500000
vt 0.863636 0.666667
vt 0.871212 1.000000
vt 0.871212 0.833333
vt 0.871212 0.166667
vt 0.871212 0.000000
vt 0.871212 0.333333
vt 0.871212 0.500000
vt 0.871212 0.666667
vt 0.878788 1.000000
vt 0.878788 0.833333
vt 0.878788 0.166667
vt 0.878788 0.000000
vt 0.878788 0.333333
vt 0.878788 0.500000
vt 0.878788 0.666667
vt 0.886364 1.000000
vt 0.886364 0.833333
vt 0.886364 0.166667
vt 0.886364 0.000000
vt 0.886364 0.333333
vt 0.886364 0.500000
vt 0.886364 0.666667
vt 0.893939 1.000000
vt 0.893939 0.833333
vt 0.893939 0.166667
vt 0.893939 0.000000
vt 0.893939 0.333333
vt 0.893939 0.500000
vt 0.893939 0.666667
vt 0.901515 1.000000
vt 0.901515 0.833333
vt 0.901515 0.166667
vt 0.901515 0.000000
vt 0.901515 0.333333
vt 0.901515 0.500000
vt 0.901515 0.666667
vt 0.909091 1.000000
vt 0.909091 0.833333
vt 0.909091 0.166667
vt 0.909091 0.000000
vt 0.909091 0.333333
vt 0.909091 0.500000
vt 0.909091 0.666667
vt 0.924242 1.000000
vt 0.924242 0.833333
vt 0.924242 0.166667
vt 0.924242 0.000000
vt 0.924242 0.333333
vt 0.924242 0.500000
vt 0.924242 0.666667
vt 0.931818 1.000000
vt 0.931818 0.833333
vt 0.931818 0.166667
vt 0.931818 0.000000
vt 0.931818 0.333333
vt 0.931818 0.500000
vt 0.931818 0.666667
vt 0.939394 1.000000
vt 0.939394 0.833333
vt 0.939394 0.166667
vt 0.939394 0.000000
vt 0.939394 0.333333
vt 0.939394 0.500000
vt 0.939394 0.666667
vt 0.946970 1.000000
vt 0.946970 0.833333
vt 0.946970 0.166667
vt 0.946970 0.000000
vt 0.946970 0.333333
vt 0.946970 0.500000
vt 0.946970 0.666667
vt 0.954545 1.000000
vt 0.954545 0.833333
vt 0.954545 0.166667
vt 0.954545 0.000000
vt 0.954545 0.333333
vt 0.954545 0.500000
vt 0.954545 0.666667
vt 0.962121 1.000000
vt 0.962121 0.833333
vt 0.962121 0.166667
vt 0.962121 0.000000
vt 0.962121 0.333333
vt 0.962121 0.500000
vt 0.962121 0.666667
vt 0.969697 1.000000
vt 0.969697 0.833333
vt 0.969697 0.166667
vt 0.969697 0.000000
vt 0.969697 0.333333
vt 0.969697 0.500000
vt 0.969697 0.666667
vt 0.977273 1.000000
vt 0.977273 0.833333
vt 0.977273 0.166667
vt 0.977273 0.000000
vt 0.977273 0.333333
vt 0.977273 0.500000
vt 0.977273 0.666667
vt 0.984848 1.000000
vt 0.984848 0.833333
vt 0.984848 0.166667
vt 0.984848 0.000000
vt 0.984848 0.333333
vt 0.984848 0.500000
vt 0.984848 0.666667
vt 0.992424 1.000000
vt 0.992424 0.833333
vt 0.992424 0.166667
vt 0.992424 0.000000
vt 0.992424 0.333333
vt 0.992424 0.500000
vt 0.992424 0.666667
s 0
f 1/1/1 7/2/1 12/3/1 6/4/1
f 2/5/2 8/6/2 7/7/2 1/8/2
f 3/9/3 9/10/3 8/6/3 2/5/3
f 4/11/4 10/12/4 9/10/4 3/9/4
f 5/13/5 11/14/5 10/12/5 4/11/5
f 6/4/6 12/3/6 11/14/6 5/13/6
f 7/2/7 13/15/7 18/16/7 12/3/7
f 8/6/8 14/17/8 13/18/8 7/7/8
f 9/10/9 15/19/9 14/17/9 8/6/9
f 10/12/10 16/20/10 15/19/10 9/10/10
f 11/14/11 17/21/11 16/20/11 10/12/11
f 12/3/12 18/16/12 17/21/12 11/14/12
f 13/15/13 19/22/13 24/23/13 18/16/13
f 14/17/14 20/24/14 19/25/14 13/18/14
f 15/19/15 21/26/15 20/24/15 14/17/15
f 16/20/16 22/27/16 21/26/16 15/19/16
f 17/21/17 23/28/17 22/27/17 16/20/17
f 18/16/18 24/23/18 23/28/18 17/21/18
f 19/22/19 25/29/19 30/30/19 24/23/19
f 20/24/20 26/31/20 25/32/20 19/25/20
f 21/26/21 27/33/21 26/31/21 20/24/21
f 22/27/22 28/34/22 27/33/22 21/26/22
f 23/28/23 29/35/23 28/34/23 22/27/23
f 24/23/24 30/30/24 29/35/24 23/28/24
f 25/29/25 31/36/25 36/37/25 30/30/25
f 26/31/26 32/38/26 31/39/26 25/32/26
f 27/33/27 33/40/27 32/38/27 26/31/27
f 28/34/28 34/41/28 33/40/28 27/33/28
f 29/35/29 35/42/29 34/41/29 28/34/29
f 30/30/30 36/37/30 35/42/30 29/35/30
f 31/36/31 37/43/31 42/44/31 36/37/31
f 32/38/32 38/45/32 37/46/32 31/39/32
f 33/40/33 39/47/33 38/45/33 32/38/33
f 34/41/34 40/48/34 39/47/34 33/40/34
f 35/42/35 41/49/35 40/48/35 34/41/35
f 36/37/36 42/44/36 41/49/36 35/42/36
f 37/43/37 43/50/37 48/51/37 42/44/37
f 38/45/38 44/52/38 43/53/38 37/46/38
f 39/47/39 45/54/39 44/52/39 38/45/39
f 40/48/40 46/55/40 45/54/40 39/47/40
f 41/49/41 47/56/41 46/55/41 40/48/41
f 42/44/42 48/51/42 47/56/42 41/49/42
f 43/50/43 49/57/43 54/58/43 48/51/43
f 44/52/44 50/59/44 49/60/44 43/53/44
f 45/54/45 51/61/45 50/59/45 44/52/45
f 46/55/46 52/62/46 51/61/46 45/54/46
f 47/56/47 53/63/47 52/62/47 46/55/47
f 48/51/48 54/58/48 53/63/48 47/56/48
f 49/57/49 55/64/49 60/65/49 54/58/49
f 50/59/50 56/66/50 55/67/50 49/60/50
f 51/61/51 57/68/51 56/66/51 50/59/51
f 52/62/52 58/69/52 57/68/52 51/61/52
f 53/63/53 59/70/53 58/69/53 52/62/53
f 54/58/54 60/65/54 59/70/54 53/63/54
f 55/64/55 61/71/55 66/72/55 60/65/55
f 56/66/56 62/73/56 61/74/56 55/67/56
f 57/68/57 63/75/57 62/73/57 56/66/57
f 58/69/58 64/76/58 63/75/58 57/68/58
f 59/70/59 65/77/59 64/76/59 58/69/59
f 60/65/60 66/72/60 65/77/60 59/70/60
f 61/71/61 67/78/61 72/79/61 66/72/61
f 62/73/62 68/80/62 67/81/62 61/74/62
f 63/75/63 69/82/63 68/80/63 62/73/63
f 64/76/64 70/83/64 69/82/64 63/75/64
f 65/77/65 71/84/65 70/83/65 64/76/65
f 66/72/66 72/79/66 71/84/66 65/77/66
f 67/78/67 73/85/67 78/86/67 72/79/67
f 68/80/68 74/87/68 73/88/68 67/81/68
f 69/82/69 75/89/69 74/87/69 68/80/69
f 70/83/70 76/90/70 75/89/70 69/82/70
f 71/84/71 77/91/71 76/90/71 70/83/71
f 72/79/72 78/86/72 77/91/72 71/84/72
f 73/85/73 79/92/73 84/93/73 78/86/73
f 74/87/74 80/94/74 79/95/74 73/88/74
f 75/89/75 81/96/75 80/94/75 74/87/75
f 76/90/76 82/97/76 81/96/76 75/89/76
f 77/91/77 83/98/77 82/97/77 76/90/77
f 78/86/78 84/93/78 83/98/78 77/91/78
f 79/92/79 85/99/79 90/100/79 84/93/79
f 80/94/80 86/101/80 85/102/80 79/95/80
f 81/96/81 87/103/81 86/101/81 80/94/81
f 82/97/82 88/104/82 87/103/82 81/96/82
f 83/98/83 89/105/83 88/104/83 82/97/83
f 84/93/84 90/100/84 89/105/84 83/98/84
f 85/99/85 91/106/85 96/107/85 90/100/85
f 86/101/86 92/108/86 91/109/86 85/102/86
f 87/103/87 93/110/87 92/108/87 86/101/87
f 88/104/88 94/111/88 93/110/88 87/103/88
f 89/105/89 95/112/89 94/111/89 88/104/89
f 90/100/90 96/107/90 95/112/90 89/105/90
f 91/106/91 97/113/91 102/114/91 96/107/91
f 92/108/92 98/115/92 97/116/92 91/109/92
f 93/110/93 99/117/93 98/115/93 92/108/93
f 94/111/94 100/118/94 99/117/94 93/110/94
f 95/112/95 101/119/95 100/118/95 94/111/95
f 96/107/96 102/114/96 101/119/96 95/112/96
f 97/113/97 103/120/97 108/121/97 102/114/97
f 98/115/98 104/122/98 103/123/98 97/116/98
f 99/117/99 105/124/99 104/122/99 98/115/99
f 100/118/100 106/125/100 105/124/100 99/117/100
f 101/119/101 107/126/101 106/125/101 100/118/101
f 102/114/102 108/121/102 107/126/102 101/119/102
f 103/120/103 109/127/103 114/128/103 108/121/103
f 104/122/104 110/129/104 109/130/104 103/123/104
f 105/124/105 111/131/105 110/129/105 104/122/105
f 106/125/106 112/132/106 111/131/106 105/124/106
f 107/126/107 113/133/107 112/132/107 106/125/107
f 108/121/108 114/128/108 113/133/108 107/126/108
f 109/127/109 115/134/109 120/135/109 114/128/109
f 110/129/110 116/136/110 115/137/110 109/130/110
f 111/131/111 117/138/111 116/136/111 110/129/111
f 112/132/112 118/139/112 117/138/112 111/131/112
f 113/133/113 119/140/113 118/139/113 112/132/113
f 114/128/114 120/135/114 119/140/114 113/133/114
f 115/134/115 121/141/115 126/142/115 120/135/115
f 116/136/116 122/143/116 121/144/116 115/137/116
f 117/138/117 123/145/117 122/143/117 116/136/117
f 118/139/118 124/146/118 123/145/118 117/138/118
f 119/140/119 125/147/119 124/146/119 118/139/119
f 120/135/120 126/142/120 125/147/120 119/140/120
f 121/141/121 127/148/121 132/149/121 126/142/121
f 122/143/122 128/150/122 127/151/122 121/144/122
f 123/145/123 129/152/123 128/150/123 122/143/123
f 124/146/124 130/153/124 129/152/124 123/145/124
f 125/147/125 131/154/125 130/153/125 124/146/125
f 126/142/126 132/149/126 131/154/126 125/147/126
f 127/148/127 133/155/127 138/156/127 132/149/127
f 128/150/128 134/157/128 133/158/128 127/151/128
f 129/152/129 135/159/129 134/157/129 128/150/129
f 130/153/130 136/160/130 135/159/130 129/152/130
f 131/154/131 137/161/131 136/160/131 130/153/131
f 132/149/132 138/156/132 137/161/132 131/154/132
f 133/155/133 139/162/133 144/163/133 138/156/133
f 134/157/134 140/164/134 139/165/134 133/158/134
f 135/159/135 141/166/135 140/164/135 134/157/135
f 136/160/136 142/167/136 141/166/136 135/159/136
f 137/161/137 143/168/137 142/167/137 136/160/137
f 138/156/138 144/163/138 143/168/138 137/161/138
f 139/162/139 145/169/139 150/170/139 144/163/139
f 140/164/140 146/171/140 145/172/140 139/165/140
f 141/166/141 147/173/141 146/171/141 140/164/141
f 142/167/142 148/174/142 147/173/142 141/166/142
f 143/168/143 149/175/143 148/174/143 142/167/143
f 144/163/144 150/170/144 149/175/144 143/168/144
f 145/169/145 151/176/145 156/177/145 150/170/145
f 146/171/146 152/178/146 151/179/146 145/172/146
f 147/173/147 153/180/147 152/178/147 146/171/147
f 148/174/148 154/181/148 153/180/148 147/173/148
f 149/175/149 155/182/149 154/181/149 148/174/149
f 150/170/150 156/177/150 155/182/150 149/175/150
f 151/176/151 157/183/151 162/184/151 156/177/151
f 152/178/152 158/185/152 157/186/152 151/179/152
f 153/180/153 159/187/153 158/185/153 152/178/153
f 154/181/154 160/188/154 159/187/154 153/180/154
f 155/182/155 161/189/155 160/188/155 154/181/155
f 156/177/156 162/184/156 161/189/156 155/182/156
f 157/183/157 163/190/157 168/191/157 162/184/157
f 158/185/158 164/192/158 163/193/158 157/186/158
f 159/187/159 165/194/159 164/192/159 158/185/159
f 160/188/160 166/195/160 165/194/160 159/187/160
f 161/189/161 167/196/161 166/195/161 160/188/161
f 162/184/162 168/191/162 167/196/162 161/189/162
f 163/190/163 169/197/163 174/198/163 168/191/163
f 164/192/164 170/199/164 169/200/164 163/193/164
f 165/194/165 171/201/165 170/199/165 164/192/165
f 166/195/166 172/202/166 171/201/166 165/194/166
f 167/196/167 173/203/167 172/202/167 166/195/167
f 168/191/168 174/198/168 173/203/168 167/196/168
f 169/197/169 175/204/169 180/205/169 174/198/169
f 170/199/170 176/206/170 175/207/170 169/200/170
f 171/201/171 177/208/171 176/206/171 170/199/171
f 172/202/172 178/209/172 177/208/172 171/201/172
f 173/203/173 179/210/173 178/209/173 172/202/173
f 174/198/174 180/205/174 179/210/174 173/203/174
f 175/204/175 181/211/175 186/212/175 180/205/175
f 176/206/176 182/213/176 181/214/176 175/207/176
f 177/208/177 183/215/177 182/213/177 176/206/177
f 178/209/178 184/216/178 183/215/178 177/208/178
f 179/210/179 185/217/179 184/216/179 178/209/179
f 180/205/180 186/212/180 185/217/180 179/210/180
f 181/211/181 187/218/181 192/219/181 186/212/181
f 182/213/182 188/220/182 187/221/182 181/214/182
f 183/215/183 189/222/183 188/220/183 182/213/183
f 184/216/184 190/223/184 189/222/184 183/215/184
f 185/217/185 191/224/185 190/223/185 184/216/185
f 186/212/186 192/219/186 191/224/186 185/217/186
f 187/218/187 193/225/187 198/226/187 192/219/187
f 188/220/188 194/227/188 193/228/188 187/221/188
f 189/222/189 195/229/189 194/227/189 188/220/189
f 190/223/190 196/230/190 195/229/190 189/222/190
f 191/224/191 197/231/191 196/230/191 190/223/191
f 192/219/192 198/226/192 197/231/192 191/224/192
f 193/225/193 199/232/193 204/233/193 198/226/193
f 194/227/194 200/234/194 199/235/194 193/228/194
f 195/229/195 201/236/195 200/234/195 194/227/195
f 196/230/196 202/237/196 201/236/196 195/229/196
f 197/231/197 203/238/197 202/237/197 196/230/197
f 198/226/198 204/233/198 203/238/198 197/231/198
f 199/232/199 205/239/199 210/240/199 204/233/199
f 200/234/200 206/241/200 205/242/200 199/235/200
f 201/236/201 207/243/201 206/241/201 200/234/201
f 202/237/202 208/244/202 207/243/202 201/236/202
f 203/238/203 209/245/203 208/244/203 202/237/203
f 204/233/204 210/240/204 209/245/204 203/238/204
f 205/239/205 211/246/205 216/247/205 210/240/205
f 206/241/206 212/248/206 211/249/206 205/242/206
f 207/243/207 213/250/207 212/248/207 206/241/207
f 208/244/208 214/251/208 213/250/208 207/243/208
f 209/245/209 215/252/209 214/251/209 208/244/209
f 210/240/210 216/247/210 215/252/210 209/245/210
f 211/246/211 217/253/211 222/254/211 216/247/211
f 212/248/212 218/255/212 217/256/212 211/249/212
f 213/250/213 219/257/213 218/255/213 212/248/213
f 214/251/214 220/258/214 219/257/214 213/250/214
f 215/252/215 221/259/215 220/258/215 214/251/215
f 216/247/216 222/254/216 221/259/216 215/252/216
f 217/253/217 223/260/217 228/261/217 222/254/217
f 218/255/218 224/262/218 223/263/218 217/256/218
f 219/257/219 225/264/219 224/262/219 218/255/219
f 220/258/220 226/265/220 225/264/220 219/257/220
f 221/259/221 227/266/221 226/265/221 220/258/221
f 222/254/222 228/261/222 227/266/222 221/259/222
f 223/260/223 229/267/223 234/268/223 228/261/223
f 224/262/224 230/269/224 229/270/224 223/263/224
f 225/264/225 231/271/225 230/269/225 224/262/225
f 226/265/226 232/272/226 231/271/226 225/264/226
f 227/266/227 233/273/227 232/272/227 226/265/227
f 228/261/228 234/268/228 233/273/228 227/266/228
f 229/267/229 235/274/229 240/275/229 234/268/229
f 230/269/230 236/276/230 235/277/230 229/270/230
f 231/271/231 237/278/231 236/276/231 230/269/231
f 232/272/232 238/279/232 237/278/232 231/271/232
f 233/273/233 239/280/233 238/279/233 232/272/233
f 234/268/234 240/275/234 239/280/234 233/273/234
f 235/274/235 241/281/235 246/282/235 240/275/235
f 236/276/236 242/283/236 241/284/236 235/277/236
f 237/278/237 243/285/237 242/283/237 236/276/237
f 238/279/238 244/286/238 243/285/238 237/278/238
f 239/280/239 245/287/239 244/286/239 238/279/239
f 240/275/240 246/282/240 245/287/240 239/280/240
f 241/281/241 247/288/241 252/289/241 246/282/241
f 242/283/242 248/290/242 247/291/242 241/284/242
f 243/285/243 249/292/243 248/290/243 242/283/243
f 244/286/244 250/293/244 249/292/244 243/285/244
f 245/287/245 251/294/245 250/293/245 244/286/245
f 246/282/246 252/289/246 251/294/246 245/287/246
f 247/288/247 253/295/247 258/296/247 252/289/247
f 248/290/248 254/297/248 253/298/248 247/291/248
f 249/292/249 255/299/249 254/297/249 248/290/249
f 250/293/250 256/300/250 255/299/250 249/292/250
f 251/294/251 257/301/251 256/300/251 250/293/251
f 252/289/252 258/296/252 257/301/252 251/294/252
f 253/295/253 259/302/253 264/303/253 258/296/253
f 254/297/254 260/304/254 259/305/254 253/298/254
f 255/299/255 261/306/255 260/304/255 254/297/255
f 256/300/256 262/307/256 261/306/256 255/299/256
f 257/301/257 263/308/257 262/307/257 256/300/257
f 258/296/258 264/303/258 263/308/258 257/301/258
f 259/302/259 265/309/259 270/310/259 264/303/259
f 260/304/260 266/311/260 265/312/260 259/305/260
f 261/306/261 267/313/261 266/311/261 260/304/261
f 262/307/262 268/314/262 267/313/262 261/306/262
f 263/308/263 269/315/263 268/314/263 262/307/263
f 264/303/264 270/310/264 269/315/264 263/308/264
f 265/309/265 271/316/265 276/317/265 270/310/265
f 266/311/266 272/318/266 271/319/266 265/312/266
f 267/313/267 273/320/267 272/318/267 266/311/267
f 268/314/268 274/321/268 273/320/268 267/313/268
f 269/315/269 275/322/269 274/321/269 268/314/269
f 270/310/270 276/317/270 275/322/270 269/315/270
f 271/316/271 277/323/271 282/324/271 276/317/271
f 272/318/272 278/325/272 277/326/272 271/319/272
f 273/320/273 279/327/273 278/325/273 272/318/273
f 274/321/274 280/328/274 279/327/274 273/320/274
f 275/322/275 281/329/275 280/328/275 274/321/275
f 276/317/276 282/324/276 281/329/276 275/322/276
f 277/323/277 283/330/277 288/331/277 282/324/277
f 278/325/278 284/332/278 283/333/278 277/326/278
f 279/327/279 285/334/279 284/332/279 278/325/279
f 280/328/280 286/335/280 285/334/280 279/327/280
f 281/329/281 287/336/281 286/335/281 280/328/281
f 282/324/282 288/331/282 287/336/282 281/329/282
f 283/330/283 289/337/283 294/338/283 288/331/283
f 284/332/284 290/339/284 289/340/284 283/333/284
f 285/334/285 291/341/285 290/339/285 284/332/285
f 286/335/286 292/342/286 291/341/286 285/334/286
f 287/336/287 293/343/287 292/342/287 286/335/287
f 288/331/288 294/338/288 293/343/288 287/336/288
f 289/337/289 295/344/289 300/345/289 294/338/289
f 290/339/290 296/346/290 295/347/290 289/340/290
f 291/341/291 297/348/291 296/346/291 290/339/291
f 292/342/292 298/349/292 297/348/292 291/341/292
f 293/343/293 299/350/293 298/349/293 292/342/293
f 294/338/294 300/345/294 299/350/294 293/343/294
f 295/344/295 301/351/295 306/352/295 300/345/295
f 296/346/296 302/353/296 301/354/296 295/347/296
f 297/348/297 303/355/297 302/353/297 296/346/297
f 298/349/298 304/356/298 303/355/298 297/348/298
f 299/350/299 305/357/299 304/356/299 298/349/299
f 300/345/300 306/352/300 305/357/300 299/350/300
f 301/351/301 307/358/301 312/359/301 306/352/301
f 302/353/302 308/360/302 307/361/302 301/354/302
f 303/355/303 309/362/303 308/360/303 302/353/303
f 304/356/304 310/363/304 309/362/304 303/355/304
f 305/357/305 311/364/305 310/363/305 304/356/305
f 306/352/306 312/359/306 311/364/306 305/357/306
f 307/358/307 313/365/307 318/366/307 312/359/307
f 308/360/308 314/367/308 313/368/308 307/361/308
f 309/362/309 315/369/309 314/367/309 308/360/309
f 310/363/310 316/370/310 315/369/310 309/362/310
f 311/364/311 317/371/311 316/370/311 310/363/311
f 312/359/312 318/366/312 317/371/312 311/364/312
f 313/365/313 319/372/313 324/373/313 318/366/313
f 314/367/314 320/374/314 319/375/314 313/368/314
f 315/369/315 321/376/315 320/374/315 314/367/315
f 316/370/316 322/377/316 321/376/316 315/369/316
f 317/371/317 323/378/317 322/377/317 316/370/317
f 318/366/318 324/373/318 323/378/318 317/371/318
f 319/372/319 325/379/319 330/380/319 324/373/319
f 320/374/320 326/381/320 325/382/320 319/375/320
f 321/376/321 327/383/321 326/381/321 320/374/321
f 322/377/322 328/384/322 327/383/322 321/376/322
f 323/378/323 329/385/323 328/384/323 322/377/323
f 324/373/324 330/380/324 329/385/324 323/378/324
f 325/379/325 331/386/325 336/387/325 330/380/325
f 326/381/320 332/388/320 331/389/320 325/382/320
f 327/383/326 333/390/326 332/388/326 326/381/326
f 328/384/327 334/391/327 333/390/327 327/383/327
f 329/385/328 335/392/328 334/391/328 328/384/328
f 330/380/329 336/387/329 335/392/329 329/385/329
f 331/386/330 337/393/330 342/394/330 336/387/330
f 332/388/331 338/395/331 337/396/331 331/389/331
f 333/390/332 339/397/332 338/395/332 332/388/332
f 334/391/333 340/398/333 339/397/333 333/390/333
f 335/392/334 341/399/334 340/398/334 334/391/334
f 336/387/335 342/394/335 341/399/335 335/392/335
f 337/393/336 343/400/336 348/401/336 342/394/336
f 338/395/337 344/402/337 343/403/337 337/396/337
f 339/397/338 345/404/338 344/402/338 338/395/338
f 340/398/339 346/405/339 345/404/339 339/397/339
f 341/399/340 347/406/340 346/405/340 340/398/340
f 342/394/341 348/401/341 347/406/341 341/399/341
f 343/400/342 349/407/342 354/408/342 348/401/342
f 344/402/343 350/409/343 349/410/343 343/403/343
f 345/404/344 351/411/344 350/409/344 344/402/344
f 346/405/345 352/412/345 351/411/345 345/404/345
f 347/406/346 353/413/346 352/412/346 346/405/346
f 348/401/347 354/408/347 353/413/347 347/406/347
f 349/407/348 355/414/348 360/415/348 354/408/348
f 350/409/349 356/416/349 355/417/349 349/410/349
f 351/411/350 357/418/350 356/416/350 350/409/350
f 352/412/351 358/419/351 357/418/351 351/411/351
f 353/413/352 359/420/352 358/419/352 352/412/352
f 354/408/353 360/415/353 359/420/353 353/413/353
f 355/414/354 361/421/354 366/422/354 360/415/354
f 356/416/355 362/423/355 361/424/355 355/417/355
f 357/418/356 363/425/356 362/423/356 356/416/356
f 358/419/357 364/426/357 363/425/357 357/418/357
f 359/420/358 365/427/358 364/426/358 358/419/358
f 360/415/359 366/422/359 365/427/359 359/420/359
f 361/421/360 367/428/360 372/429/360 366/422/360
f 362/423/361 368/430/361 367/431/361 361/424/361
f 363/425/362 369/432/362 368/430/362 362/423/362
f 364/426/363 370/433/363 369/432/363 363/425/363
f 365/427/364 371/434/364 370/433/364 364/426/364
f 366/422/365 372/429/365 371/434/365 365/427/365
f 367/428/366 373/435/366 378/436/366 372/429/366
f 368/430/367 374/437/367 373/438/367 367/431/367
f 369/432/368 375/439/368 374/437/368 368/430/368
f 370/433/369 376/440/369 375/439/369 369/432/369
f 371/434/370 377/441/370 376/440/370 370/433/370
f 372/429/371 378/436/371 377/441/371 371/434/371
f 373/435/372 379/442/372 384/443/372 378/436/372
f 374/437/373 380/444/373 379/445/373 373/438/373
f 375/439/374 381/446/374 380/444/374 374/437/374
f 376/440/375 382/447/375 381/446/375 375/439/375
f 377/441/376 383/448/376 382/447/376 376/440/376
f 378/436/377 384/443/377 383/448/377 377/441/377
f 379/442/378 385/449/378 390/450/378 384/443/378
f 380/444/379 386/451/379 385/452/379 379/445/379
f 381/446/380 387/453/380 386/451/380 380/444/380
f 382/447/381 388/454/381 387/453/381 381/446/381
f 383/448/382 389/455/382 388/454/382 382/447/382
f 384/443/383 390/450/383 389/455/383 383/448/383
f 385/449/384 391/456/384 396/457/384 390/450/384
f 386/451/385 392/458/385 391/459/385 385/452/385
f 387/453/386 393/460/386 392/458/386 386/451/386
f 388/454/387 394/461/387 393/460/387 387/453/387
f 389/455/388 395/462/388 394/461/388 388/454/388
f 390/450/389 396/457/389 395/462/389 389/455/389
f 391/456/390 397/463/390 402/464/390 396/457/390
f 392/458/391 398/465/391 397/466/391 391/459/391
f 393/460/392 399/467/392 398/465/392 392/458/392
f 394/461/393 400/468/393 399/467/393 393/460/393
f 395/462/394 401/469/394 400/468/394 394/461/394
f 396/457/395 402/464/395 401/469/395 395/462/395
f 397/463/396 403/470/396 408/471/396 402/464/396
f 398/465/397 404/472/397 403/473/397 397/466/397
f 399/467/398 405/474/398 404/472/398 398/465/398
f 400/468/399 406/475/399 405/474/399 399/467/399
f 401/469/400 407/476/400 406/475/400 400/468/400
f 402/464/401 408/471/401 407/476/401 401/469/401
f 403/470/402 409/477/402 414/478/402 408/471/402
f 404/472/403 410/479/403 409/480/403 403/473/403
f 405/474/404 411/481/404 410/479/404 404/472/404
f 406/475/405 412/482/405 411/481/405 405/474/405
f 407/476/406 413/483/406 412/482/406 406/475/406
f 408/471/407 414/478/407 413/483/407 407/476/407
f 409/477/408 415/484/408 420/485/408 414/478/408
f 410/479/409 416/486/409 415/487/409 409/480/409
f 411/481/410 417/488/410 416/486/410 410/479/410
f 412/482/411 418/489/411 417/488/411 411/481/411
f 413/483/412 419/490/412 418/489/412 412/482/412
f 414/478/413 420/485/413 419/490/413 413/483/413
f 415/484/414 421/491/414 426/492/414 420/485/414
f 416/486/415 422/493/415 421/494/415 415/487/415
f 417/488/416 423/495/416 422/493/416 416/486/416
f 418/489/417 424/496/417 423/495/417 417/488/417
f 419/490/418 425/497/418 424/496/418 418/489/418
f 420/485/419 426/492/419 425/497/419 419/490/419
f 421/491/420 427/498/420 432/499/420 426/492/420
f 422/493/421 428/500/421 427/501/421 421/494/421
f 423/495/422 429/502/422 428/500/422 422/493/422
f 424/496/423 430/503/423 429/502/423 423/495/423
f 425/497/424 431/504/424 430/503/424 424/496/424
f 426/492/425 432/499/425 431/504/425 425/497/425
f 427/498/426 433/505/426 438/506/426 432/499/426
f 428/500/427 434/507/427 433/508/427 427/501/427
f 429/502/428 435/509/428 434/507/428 428/500/428
f 430/503/429 436/510/429 435/509/429 429/502/429
f 431/504/430 437/511/430 436/510/430 430/503/430
f 432/499/431 438/506/431 437/511/431 431/504/431
f 433/505/432 439/512/432 444/513/432 438/506/432
f 434/507/433 440/514/433 439/515/433 433/508/433
f 435/509/434 441/516/434 440/514/434 434/507/434
f 436/510/435 442/517/435 441/516/435 435/509/435
f 437/511/436 443/518/436 442/517/436 436/510/436
f 438/506/437 444/513/437 443/518/437 437/511/437
f 439/512/438 445/519/438 450/520/438 444/513/438
f 440/514/439 446/521/439 445/522/439 439/515/439
f 441/516/440 447/523/440 446/521/440 440/514/440
f 442/517/441 448/524/441 447/523/441 441/516/441
f 443/518/442 449/525/442 448/524/442 442/517/442
f 444/513/443 450/520/443 449/525/443 443/518/443
f 445/519/444 451/526/444 456/527/444 450/520/444
f 446/521/445 452/528/445 451/529/445 445/522/445
f 447/523/446 453/530/446 452/528/446 446/521/446
f 448/524/447 454/531/447 453/530/447 447/523/447
f 449/525/448 455/532/448 454/531/448 448/524/448
f 450/520/449 456/527/449 455/532/449 449/525/449
f 451/526/450 457/533/450 462/534/450 456/527/450
f 452/528/451 458/535/451 457/536/451 451/529/451
f 453/530/452 459/537/452 458/535/452 452/528/452
f 454/531/453 460/538/453 459/537/453 453/530/453
f 455/532/454 461/539/454 460/538/454 454/531/454
f 456/527/455 462/534/455 461/539/455 455/532/455
f 457/533/456 463/540/456 468/541/456 462/534/456
f 458/535/457 464/542/457 463/543/457 457/536/457
f 459/537/458 465/544/458 464/542/458 458/535/458
f 460/538/459 466/545/459 465/544/459 459/537/459
f 461/539/460 467/546/460 466/545/460 460/538/460
f 462/534/461 468/541/461 467/546/461 461/539/461
f 463/540/462 469/547/462 474/548/462 468/541/462
f 464/542/463 470/549/463 469/550/463 463/543/463
f 465/544/464 471/551/464 470/549/464 464/542/464
f 466/545/465 472/552/465 471/551/465 465/544/465
f 467/546/466 473/553/466 472/552/466 466/545/466
f 468/541/467 474/548/467 473/553/467 467/546/467
f 469/547/468 475/554/468 480/555/468 474/548/468
f 470/549/469 476/556/469 475/557/469 469/550/469
f 471/551/470 477/558/470 476/556/470 470/549/470
f 472/552/471 478/559/471 477/558/471 471/551/471
f 473/553/472 479/560/472 478/559/472 472/552/472
f 474/548/473 480/555/473 479/560/473 473/553/473
f 475/554/474 481/561/474 486/562/474 480/555/474
f 476/556/475 482/563/475 481/564/475 475/557/475
f 477/558/476 483/565/476 482/563/476 476/556/476
f 478/559/477 484/566/477 483/565/477 477/558/477
f 479/560/478 485/567/478 484/566/478 478/559/478
f 480/555/479 486/562/479 485/567/479 479/560/479
f 481/561/480 487/568/480 492/569/480 486/562/480
f 482/563/481 488/570/481 487/571/481 481/564/481
f 483/565/482 489/572/482 488/570/482 482/563/482
f 484/566/483 490/573/483 489/572/483 483/565/483
f 485/567/484 491/574/484 490/573/484 484/566/484
f 486/562/485 492/569/485 491/574/485 485/567/485
f 487/568/486 493/575/486 498/576/486 492/569/486
f 488/570/487 494/577/487 493/578/487 487/571/487
f 489/572/488 495/579/488 494/577/488 488/570/488
f 490/573/489 496/580/489 495/579/489 489/572/489
f 491/574/490 497/581/490 496/580/490 490/573/490
f 492/569/491 498/576/491 497/581/491 491/574/491
f 493/575/492 499/582/492 504/583/492 498/576/492
f 494/577/493 500/584/493 499/585/493 493/578/493
f 495/579/494 501/586/494 500/584/494 494/577/494
f 496/580/495 502/587/495 501/586/495 495/579/495
f 497/581/496 503/588/496 502/587/496 496/580/496
f 498/576/497 504/583/497 503/588/497 497/581/497
f 499/582/498 505/589/498 510/590/498 504/583/498
f 500/584/499 506/591/499 505/592/499 499/585/499
f 501/586/500 507/593/500 506/591/500 500/584/500
f 502/587/501 508/594/501 507/593/501 501/586/501
f 503/588/502 509/595/502 508/594/502 502/587/502
f 504/583/503 510/590/503 509/595/503 503/588/503
f 505/589/504 511/596/504 516/597/504 510/590/504
f 506/591/505 512/598/505 511/599/505 505/592/505
f 507/593/506 513/600/506 512/598/506 506/591/506
f 508/594/507 514/601/507 513/600/507 507/593/507
f 509/595/508 515/602/508 514/601/508 508/594/508
f 510/590/509 516/597/509 515/602/509 509/595/509
f 511/596/510 517/603/510 522/604/510 516/597/510
f 512/598/511 518/605/511 517/606/511 511/599/511
f 513/600/512 519/607/512 518/605/512 512/598/512
f 514/601/513 520/608/513 519/607/513 513/600/513
f 515/602/514 521/609/514 520/608/514 514/601/514
f 516/597/515 522/604/515 521/609/515 515/602/515
f 517/603/516 523/610/516 528/611/516 522/604/516
f 518/605/517 524/612/517 523/613/517 517/606/517
f 519/607/518 525/614/518 524/612/518 518/605/518
f 520/608/519 526/615/519 525/614/519 519/607/519
f 521/609/520 527/616/520 526/615/520 520/608/520
f 522/604/521 528/611/521 527/616/521 521/609/521
f 523/610/522 529/617/522 534/618/522 528/611/522
f 524/612/523 530/619/523 529/620/523 523/613/523
f 525/614/524 531/621/524 530/619/524 524/612/524
f 526/615/525 532/622/525 531/621/525 525/614/525
f 527/616/526 533/623/526 532/622/526 526/615/526
f 528/611/527 534/618/527 533/623/527 527/616/527
f 529/617/528 535/624/528 540/625/528 534/618/528
f 530/619/529 536/626/529 535/627/529 529/620/529
f 531/621/530 537/628/530 536/626/530 530/619/530
f 532/622/531 538/629/531 537/628/531 531/621/531
f 533/623/532 539/630/532 538/629/532 532/622/532
f 534/618/533 540/625/533 539/630/533 533/623/533
f 535/624/534 541/631/534 546/632/534 540/625/534
f 536/626/535 542/633/535 541/634/535 535/627/535
f 537/628/536 543/635/536 542/633/536 536/626/536
f 538/629/537 544/636/537 543/635/537 537/628/537
f 539/630/538 545/637/538 544/636/538 538/629/538
f 540/625/539 546/632/539 545/637/539 539/630/539
f 541/631/540 547/638/540 552/639/540 546/632/540
f 542/633/535 548/640/535 547/641/535 541/634/535
f 543/635/541 549/642/541 548/640/541 542/633/541
f 544/636/542 550/643/542 549/642/542 543/635/542
f 545/637/538 551/644/538 550/643/538 544/636/538
f 546/632/543 552/639/543 551/644/543 545/637/543
f 547/638/544 553/645/544 558/646/544 552/639/544
f 548/640/529 554/647/529 553/648/529 547/641/529
f 549/642/545 555/649/545 554/647/545 548/640/545
f 550/643/546 556/650/546 555/649/546 549/642/546
f 551/644/532 557/651/532 556/650/532 550/643/532
f 552/639/547 558/646/547 557/651/547 551/644/547
f 553/645/548 559/652/548 564/653/548 558/646/548
f 554/647/523 560/654/523 559/655/523 553/648/523
f 555/649/549 561/656/549 560/654/549 554/647/549
f 556/650/550 562/657/550 561/656/550 555/649/550
f 557/651/526 563/658/526 562/657/526 556/650/526
f 558/646/551 564/653/551 563/658/551 557/651/551
f 559/652/552 565/659/552 570/660/552 564/653/552
f 560/654/517 566/661/517 565/662/517 559/655/517
f 561/656/553 567/663/553 566/661/553 560/654/553
f 562/657/554 568/664/554 567/663/554 561/656/554
f 563/658/520 569/665/520 568/664/520 562/657/520
f 564/653/555 570/660/555 569/665/555 563/658/555
f 565/659/556 571/666/556 576/667/556 570/660/556
f 566/661/511 572/668/511 571/669/511 565/662/511
f 567/663/557 573/670/557 572/668/557 566/661/557
f 568/664/558 574/671/558 573/670/558 567/663/558
f 569/665/514 575/672/514 574/671/514 568/664/514
f 570/660/559 576/667/559 575/672/559 569/665/559
f 571/666/560 577/673/560 582/674/560 576/667/560
f 572/668/505 578/675/505 577/676/505 571/669/505
f 573/670/561 579/677/561 578/675/561 572/668/561
f 574/671/562 580/678/562 579/677/562 573/670/562
f 575/672/508 581/679/508 580/678/508 574/671/508
f 576/667/563 582/674/563 581/679/563 575/672/563
f 577/673/564 583/680/564 588/681/564 582/674/564
f 578/675/565 584/682/565 583/683/565 577/676/565
f 579/677/566 585/684/566 584/682/566 578/675/566
f 580/678/567 586/685/567 585/684/567 579/677/567
f 581/679/568 587/686/568 586/685/568 580/678/568
f 582/674/569 588/681/569 587/686/569 581/679/569
f 583/680/570 589/687/570 594/688/570 588/681/570
f 584/682/571 590/689/571 589/690/571 583/683/571
f 585/684/572 591/691/572 590/689/572 584/682/572
f 586/685/573 592/692/573 591/691/573 585/684/573
f 587/686/574 593/693/574 592/692/574 586/685/574
f 588/681/575 594/688/575 593/693/575 587/686/575
f 589/687/576 595/694/576 600/695/576 594/688/576
f 590/689/577 596/696/577 595/697/577 589/690/577
f 591/691/578 597/698/578 596/696/578 590/689/578
f 592/692/579 598/699/579 597/698/579 591/691/579
f 593/693/580 599/700/580 598/699/580 592/692/580
f 594/688/581 600/695/581 599/700/581 593/693/581
f 595/694/582 601/701/582 606/702/582 600/695/582
f 596/696/583 602/703/583 601/704/583 595/697/583
f 597/698/584 603/705/584 602/703/584 596/696/584
f 598/699/585 604/706/585 603/705/585 597/698/585
f 599/700/586 605/707/586 604/706/586 598/699/586
f 600/695/587 606/702/587 605/707/587 599/700/587
f 601/701/588 607/708/588 612/709/588 606/702/588
f 602/703/589 608/710/589 607/711/589 601/704/589
f 603/705/590 609/712/590 608/710/590 602/703/590
f 604/706/591 610/713/591 609/712/591 603/705/591
f 605/707/592 611/714/592 610/713/592 604/706/592
f 606/702/593 612/709/593 611/714/593 605/707/593
f 607/708/594 613/715/594 618/716/594 612/709/594
f 608/710/595 614/717/595 613/718/595 607/711/595
f 609/712/596 615/719/596 614/717/596 608/710/596
f 610/713/597 616/720/597 615/719/597 609/712/597
f 611/714/598 617/721/598 616/720/598 610/713/598
f 612/709/599 618/716/599 617/721/599 611/714/599
f 613/715/600 619/722/600 624/723/600 618/716/600
f 614/717/601 620/724/601 619/725/601 613/718/601
f 615/719/602 621/726/602 620/724/602 614/717/602
f 616/720/603 622/727/603 621/726/603 615/719/603
f 617/721/604 623/728/604 622/727/604 616/720/604
f 618/716/605 624/723/605 623/728/605 617/721/605
f 619/722/606 625/729/606 630/730/606 624/723/606
f 620/724/607 626/731/607 625/732/607 619/725/607
f 621/726/608 627/733/608 626/731/608 620/724/608
f 622/727/609 628/734/609 627/733/609 621/726/609
f 623/728/610 629/735/610 628/734/610 622/727/610
f 624/723/611 630/730/611 629/735/611 623/728/611
f 625/729/612 631/736/612 636/737/612 630/730/612
f 626/731/613 632/738/613 631/739/613 625/732/613
f 627/733/614 633/740/614 632/738/614 626/731/614
f 628/734/615 634/741/615 633/740/615 627/733/615
f 629/735/616 635/742/616 634/741/616 628/734/616
f 630/730/617 636/737/617 635/742/617 629/735/617
f 631/736/618 637/743/618 642/744/618 636/737/618
f 632/738/619 638/745/619 637/746/619 631/739/619
f 633/740/620 639/747/620 638/745/620 632/738/620
f 634/741/621 640/748/621 639/747/621 633/740/621
f 635/742/622 641/749/622 640/748/622 634/741/622
f 636/737/623 642/744/623 641/749/623 635/742/623
f 637/743/624 643/750/624 648/751/624 642/744/624
f 638/745/625 644/752/625 643/753/625 637/746/625
f 639/747/626 645/754/626 644/752/626 638/745/626
f 640/748/627 646/755/627 645/754/627 639/747/627
f 641/749/628 647/756/628 646/755/628 640/748/628
f 642/744/629 648/751/629 647/756/629 641/749/629
f 643/750/630 649/757/630 654/758/630 648/751/630
f 644/752/631 650/759/631 649/760/631 643/753/631
f 645/754/632 651/761/632 650/759/632 644/752/632
f 646/755/633 652/762/633 651/761/633 645/754/633
f 647/756/634 653/763/634 652/762/634 646/755/634
f 648/751/635 654/758/635 653/763/635 647/756/635
f 649/757/636 655/764/636 660/765/636 654/758/636
f 650/759/637 656/766/637 655/767/637 649/760/637
f 651/761/638 657/768/638 656/766/638 650/759/638
f 652/762/639 658/769/639 657/768/639 651/761/639
f 653/763/640 659/770/640 658/769/640 652/762/640
f 654/758/641 660/765/641 659/770/641 653/763/641
f 655/764/642 661/771/642 666/772/642 660/765/642
f 656/766/643 662/773/643 661/774/643 655/767/643
f 657/768/644 663/775/644 662/773/644 656/766/644
f 658/769/645 664/776/645 663/775/645 657/768/645
f 659/770/646 665/777/646 664/776/646 658/769/646
f 660/765/647 666/772/647 665/777/647 659/770/647
f 661/771/648 667/778/648 672/779/648 666/772/648
f 662/773/649 668/780/649 667/781/649 661/774/649
f 663/775/650 669/782/650 668/780/650 662/773/650
f 664/776/651 670/783/651 669/782/651 663/775/651
f 665/777/652 671/784/652 670/783/652 664/776/652
f 666/772/653 672/779/653 671/784/653 665/777/653
f 667/778/654 673/785/654 678/786/654 672/779/654
f 668/780/655 674/787/655 673/788/655 667/781/655
f 669/782/656 675/789/656 674/787/656 668/780/656
f 670/783/657 676/790/657 675/789/657 669/782/657
f 671/784/658 677/791/658 676/790/658 670/783/658
f 672/779/659 678/786/659 677/791/659 671/784/659
f 673/785/660 679/792/660 684/793/660 678/786/660
f 674/787/661 680/794/661 679/795/661 673/788/661
f 675/789/662 681/796/662 680/794/662 674/787/662
f 676/790/663 682/797/663 681/796/663 675/789/663
f 677/791/664 683/798/664 682/797/664 676/790/664
f 678/786/665 684/793/665 683/798/665 677/791/665
f 679/792/666 685/799/666 690/800/666 684/793/666
f 680/794/667 686/801/667 685/802/667 679/795/667
f 681/796/668 687/803/668 686/801/668 680/794/668
f 682/797/669 688/804/669 687/803/669 681/796/669
f 683/798/670 689/805/670 688/804/670 682/797/670
f 684/793/671 690/800/671 689/805/671 683/798/671
f 685/799/672 691/806/672 696/807/672 690/800/672
f 686/801/673 692/808/673 691/809/673 685/802/673
f 687/803/674 693/810/674 692/808/674 686/801/674
f 688/804/675 694/811/675 693/810/675 687/803/675
f 689/805/676 695/812/676 694/811/676 688/804/676
f 690/800/677 696/807/677 695/812/677 689/805/677
f 691/806/678 697/813/678 702/814/678 696/807/678
f 692/808/679 698/815/679 697/816/679 691/809/679
f 693/810/680 699/817/680 698/815/680 692/808/680
f 694/811/681 700/818/681 699/817/681 693/810/681
f 695/812/682 701/819/682 700/818/682 694/811/682
f 696/807/683 702/814/683 701/819/683 695/812/683
f 697/813/684 703/820/684 708/821/684 702/814/684
f 698/815/685 704/822/685 703/823/685 697/816/685
f 699/817/686 705/824/686 704/822/686 698/815/686
f 700/818/687 706/825/687 705/824/687 699/817/687
f 701/819/688 707/826/688 706/825/688 700/818/688
f 702/814/689 708/821/689 707/826/689 701/819/689
f 703/820/690 709/827/690 714/828/690 708/821/690
f 704/822/691 710/829/691 709/830/691 703/823/691
f 705/824/692 711/831/692 710/829/692 704/822/692
f 706/825/693 712/832/693 711/831/693 705/824/693
f 707/826/694 713/833/694 712/832/694 706/825/694
f 708/821/695 714/828/695 713/833/695 707/826/695
f 709/827/696 715/834/696 720/835/696 714/828/696
f 710/829/697 716/836/697 715/837/697 709/830/697
f 711/831/698 717/838/698 716/836/698 710/829/698
f 712/832/699 718/839/699 717/838/699 711/831/699
f 713/833/700 719/840/700 718/839/700 712/832/700
f 714/828/701 720/835/701 719/840/701 713/833/701
f 715/834/702 721/841/702 726/842/702 720/835/702
f 716/836/703 722/843/703 721/844/703 715/837/703
f 717/838/704 723/845/704 722/843/704 716/836/704
f 718/839/705 724/846/705 723/845/705 717/838/705
f 719/840/706 725/847/706 724/846/706 718/839/706
f 720/835/707 726/842/707 725/847/707 719/840/707
f 721/841/708 727/848/708 732/849/708 726/842/708
f 722/843/709 728/850/709 727/851/709 721/844/709
f 723/845/710 729/852/710 728/850/710 722/843/710
f 724/846/711 730/853/711 729/852/711 723/845/711
f 725/847/712 731/854/712 730/853/712 724/846/712
f 726/842/713 732/849/713 731/854/713 725/847/713
f 727/848/714 733/855/714 738/856/714 732/849/714
f 728/850/715 734/857/715 733/858/715 727/851/715
f 729/852/716 735/859/716 734/857/716 728/850/716
f 730/853/717 736/860/717 735/859/717 729/852/717
f 731/854/718 737/861/718 736/860/718 730/853/718
f 732/849/719 738/856/719 737/861/719 731/854/719
f 733/855/720 739/862/720 744/863/720 738/856/720
f 734/857/715 740/864/715 739/865/715 733/858/715
f 735/859/721 741/866/721 740/864/721 734/857/721
f 736/860/722 742/867/722 741/866/722 735/859/722
f 737/861/718 743/868/718 742/867/718 736/860/718
f 738/856/723 744/863/723 743/868/723 737/861/723
f 739/862/724 745/869/724 750/870/724 744/863/724
f 740/864/709 746/871/709 745/872/709 739/865/709
f 741/866/725 747/873/725 746/871/725 740/864/725
f 742/867/726 748/874/726 747/873/726 741/866/726
f 743/868/712 749/875/712 748/874/712 742/867/712
f 744/863/727 750/870/727 749/875/727 743/868/727
f 745/869/728 751/876/728 756/877/728 750/870/728
f 746/871/729 752/878/729 751/879/729 745/872/729
f 747/873/730 753/880/730 752/878/730 746/871/730
f 748/874/731 754/881/731 753/880/731 747/873/731
f 749/875/732 755/882/732 754/881/732 748/874/732
f 750/870/733 756/877/733 755/882/733 749/875/733
f 751/876/734 757/883/734 762/884/734 756/877/734
f 752/878/735 758/885/735 757/886/735 751/879/735
f 753/880/736 759/887/736 758/885/736 752/878/736
f 754/881/737 760/888/737 759/887/737 753/880/737
f 755/882/738 761/889/738 760/888/738 754/881/738
f 756/877/739 762/884/739 761/889/739 755/882/739
f 757/883/740 763/890/740 768/891/740 762/884/740
f 758/885/741 764/892/741 763/893/741 757/886/741
f 759/887/742 765/894/742 764/892/742 758/885/742
f 760/888/743 766/895/743 765/894/743 759/887/743
f 761/889/744 767/896/744 766/895/744 760/888/744
f 762/884/745 768/891/745 767/896/745 761/889/745
f 763/890/746 769/897/746 774/898/746 768/891/746
f 764/892/747 770/899/747 769/900/747 763/893/747
f 765/894/748 771/901/748 770/899/748 764/892/748
f 766/895/749 772/902/749 771/901/749 765/894/749
f 767/896/750 773/903/750 772/902/750 766/895/750
f 768/891/751 774/898/751 773/903/751 767/896/751
f 769/897/752 775/904/752 780/905/752 774/898/752
f 770/899/753 776/906/753 775/907/753 769/900/753
f 771/901/754 777/908/754 776/906/754 770/899/754
f 772/902/755 778/909/755 777/908/755 771/901/755
f 773/903/756 779/910/756 778/909/756 772/902/756
f 774/898/757 780/905/757 779/910/757 773/903/757
f 775/904/758 781/911/758 786/912/758 780/905/758
f 776/906/759 782/913/759 781/914/759 775/907/759
f 777/908/760 783/915/760 782/913/760 776/906/760
f 778/909/761 784/916/761 783/915/761 777/908/761
f 779/910/762 785/917/762 784/916/762 778/909/762
f 780/905/763 786/912/763 785/917/763 779/910/763
f 781/911/764 787/918/764 792/919/764 786/912/764
f 782/913/765 788/920/765 787/921/765 781/914/765
f 783/915/766 789/922/766 788/920/766 782/913/766
f 784/916/767 790/923/767 789/922/767 783/915/767
f 785/917/768 791/924/768 790/923/768 784/916/768
f 786/912/769 792/919/769 791/924/769 785/917/769
f 787/918/770 793/925/770 798/926/770 792/919/770
f 788/920/771 794/927/771 793/928/771 787/921/771
f 789/922/772 795/929/772 794/927/772 788/920/772
f 790/923/773 796/930/773 795/929/773 789/922/773
f 791/924/774 797/931/774 796/930/774 790/923/774
f 792/919/775 798/926/775 797/931/775 791/924/775
f 793/925/776 799/932/776 804/933/776 798/926/776
f 794/927/777 800/934/777 799/935/777 793/928/777
f 795/929/778 801/936/778 800/934/778 794/927/778
f 796/930/779 802/937/779 801/936/779 795/929/779
f 797/931/780 803/938/780 802/937/780 796/930/780
f 798/926/781 804/933/781 803/938/781 797/931/781
f 799/932/782 805/939/782 810/940/782 804/933/782
f 800/934/783 806/941/783 805/942/783 799/935/783
f 801/936/784 807/943/784 806/941/784 800/934/784
f 802/937/785 808/944/785 807/943/785 801/936/785
f 803/938/786 809/945/786 808/944/786 802/937/786
f 804/933/787 810/940/787 809/945/787 803/938/787
f 805/939/788 811/946/788 816/947/788 810/940/788
f 806/941/789 812/948/789 811/949/789 805/942/789
f 807/943/790 813/950/790 812/948/790 806/941/790
f 808/944/791 814/951/791 813/950/791 807/943/791
f 809/945/792 815/952/792 814/951/792 808/944/792
f 810/940/793 816/947/793 815/952/793 809/945/793
f 811/946/794 817/953/794 822/954/794 816/947/794
f 812/948/795 818/955/795 817/956/795 811/949/795
f 813/950/796 819/957/796 818/955/796 812/948/796
f 814/951/797 820/958/797 819/957/797 813/950/797
f 815/952/798 821/959/798 820/958/798 814/951/798
f 816/947/799 822/954/799 821/959/799 815/952/799
f 817/953/800 823/960/800 828/961/800 822/954/800
f 818/955/801 824/962/801 823/963/801 817/956/801
f 819/957/802 825/964/802 824/962/802 818/955/802
f 820/958/803 826/965/803 825/964/803 819/957/803
f 821/959/804 827/966/804 826/965/804 820/958/804
f 822/954/805 828/961/805 827/966/805 821/959/805
f 823/960/806 829/967/806 834/968/806 828/961/806
f 824/962/807 830/969/807 829/970/807 823/963/807
f 825/964/808 831/971/808 830/969/808 824/962/808
f 826/965/809 832/972/809 831/971/809 825/964/809
f 827/966/810 833/973/810 832/972/810 826/965/810
f 828/961/811 834/968/811 833/973/811 827/966/811
f 829/967/812 835/974/812 840/975/812 834/968/812
f 830/969/813 836/976/813 835/977/813 829/970/813
f 831/971/814 837/978/814 836/976/814 830/969/814
f 832/972/815 838/979/815 837/978/815 831/971/815
f 833/973/816 839/980/816 838/979/816 832/972/816
f 834/968/817 840/975/817 839/980/817 833/973/817
f 835/974/818 841/981/818 846/982/818 840/975/818
f 836/976/813 842/983/813 841/984/813 835/977/813
f 837/978/819 843/985/819 842/983/819 836/976/819
f 838/979/820 844/986/820 843/985/820 837/978/820
f 839/980/816 845/987/816 844/986/816 838/979/816
f 840/975/821 846/982/821 845/987/821 839/980/821
f 841/981/822 847/988/822 852/989/822 846/982/822
f 842/983/823 848/990/823 847/991/823 841/984/823
f 843/985/824 849/992/824 848/990/824 842/983/824
f 844/986/825 850/993/825 849/992/825 843/985/825
f 845/987/826 851/994/826 850/993/826 844/986/826
f 846/982/827 852/989/827 851/994/827 845/987/827
f 847/988/828 853/995/828 858/996/828 852/989/828
f 848/990/829 854/997/829 853/998/829 847/991/829
f 849/992/830 855/999/830 854/997/830 848/990/830
f 850/993/831 856/1000/831 855/999/831 849/992/831
f 851/994/832 857/1001/832 856/1000/832 850/993/832
f 852/989/833 858/996/833 857/1001/833 851/994/833
f 853/995/834 859/1002/834 864/1003/834 858/996/834
f 854/997/835 860/1004/835 859/1005/835 853/998/835
f 855/999/836 861/1006/836 860/1004/836 854/997/836
f 856/1000/837 862/1007/837 861/1006/837 855/999/837
f 857/1001/838 863/1008/838 862/1007/838 856/1000/838
f 858/996/839 864/1003/839 863/1008/839 857/1001/839
f 859/1002/840 865/1009/840 870/1010/840 864/1003/840
f 860/1004/841 866/1011/841 865/1012/841 859/1005/841
f 861/1006/842 867/1013/842 866/1011/842 860/1004/842
f 862/1007/843 868/1014/843 867/1013/843 861/1006/843
f 863/1008/844 869/1015/844 868/1014/844 862/1007/844
f 864/1003/845 870/1010/845 869/1015/845 863/1008/845
f 865/1009/846 871/1016/846 876/1017/846 870/1010/846
f 866/1011/847 872/1018/847 871/1019/847 865/1012/847
f 867/1013/848 873/1020/848 872/1018/848 866/1011/848
f 868/1014/849 874/1021/849 873/1020/849 867/1013/849
f 869/1015/850 875/1022/850 874/1021/850 868/1014/850
f 870/1010/851 876/1017/851 875/1022/851 869/1015/851
f 871/1016/852 877/1023/852 882/1024/852 876/1017/852
f 872/1018/853 878/1025/853 877/1026/853 871/1019/853
f 873/1020/854 879/1027/854 878/1025/854 872/1018/854
f 874/1021/855 880/1028/855 879/1027/855 873/1020/855
f 875/1022/856 881/1029/856 880/1028/856 874/1021/856
f 876/1017/857 882/1024/857 881/1029/857 875/1022/857
f 877/1023/858 883/1030/858 888/1031/858 882/1024/858
f 878/1025/859 884/1032/859 883/1033/859 877/1026/859
f 879/1027/860 885/1034/860 884/1032/860 878/1025/860
f 880/1028/861 886/1035/861 885/1034/861 879/1027/861
f 881/1029/862 887/1036/862 886/1035/862 880/1028/862
f 882/1024/863 888/1031/863 887/1036/863 881/1029/863
f 883/1030/864 889/1037/864 894/1038/864 888/1031/864
f 884/1032/865 890/1039/865 889/1040/865 883/1033/865
f 885/1034/866 891/1041/866 890/1039/866 884/1032/866
f 886/1035/867 892/1042/867 891/1041/867 885/1034/867
f 887/1036/868 893/1043/868 892/1042/868 886/1035/868
f 888/1031/869 894/1038/869 893/1043/869 887/1036/869
f 889/1037/870 895/1044/870 900/1045/870 894/1038/870
f 890/1039/871 896/1046/871 895/1047/871 889/1040/871
f 891/1041/872 897/1048/872 896/1046/872 890/1039/872
f 892/1042/873 898/1049/873 897/1048/873 891/1041/873
f 893/1043/874 899/1050/874 898/1049/874 892/1042/874
f 894/1038/875 900/1045/875 899/1050/875 893/1043/875
f 895/1044/876 901/1051/876 906/1052/876 900/1045/876
f 896/1046/877 902/1053/877 901/1054/877 895/1047/877
f 897/1048/878 903/1055/878 902/1053/878 896/1046/878
f 898/1049/879 904/1056/879 903/1055/879 897/1048/879
f 899/1050/880 905/1057/880 904/1056/880 898/1049/880
f 900/1045/881 906/1052/881 905/1057/881 899/1050/881
f 901/1051/882 907/1058/882 912/1059/882 906/1052/882
f 902/1053/883 908/1060/883 907/1061/883 901/1054/883
f 903/1055/884 909/1062/884 908/1060/884 902/1053/884
f 904/1056/885 910/1063/885 909/1062/885 903/1055/885
f 905/1057/886 911/1064/886 910/1063/886 904/1056/886
f 906/1052/887 912/1059/887 911/1064/887 905/1057/887
f 907/1058/888 913/1065/888 918/1066/888 912/1059/888
f 908/1060/889 914/1067/889 913/1068/889 907/1061/889
f 909/1062/890 915/1069/890 914/1067/890 908/1060/890
f 910/1063/891 916/1070/891 915/1069/891 909/1062/891
f 911/1064/892 917/1071/892 916/1070/892 910/1063/892
f 912/1059/893 918/1066/893 917/1071/893 911/1064/893
f 913/1065/894 919/1072/894 924/1073/894 918/1066/894
f 914/1067/895 920/1074/895 919/1075/895 913/1068/895
f 915/1069/896 921/1076/896 920/1074/896 914/1067/896
f 916/1070/897 922/1077/897 921/1076/897 915/1069/897
f 917/1071/898 923/1078/898 922/1077/898 916/1070/898
f 918/1066/899 924/1073/899 923/1078/899 917/1071/899
f 919/1072/900 925/1079/900 930/1080/900 924/1073/900
f 920/1074/901 926/1081/901 925/1082/901 919/1075/901
f 921/1076/902 927/1083/902 926/1081/902 920/1074/902
f 922/1077/903 928/1084/903 927/1083/903 921/1076/903
f 923/1078/904 929/1085/904 928/1084/904 922/1077/904
f 924/1073/905 930/1080/905 929/1085/905 923/1078/905
f 925/1079/906 931/1086/906 936/1087/906 930/1080/906
f 926/1081/907 932/1088/907 931/1089/907 925/1082/907
f 927/1083/908 933/1090/908 932/1088/908 926/1081/908
f 928/1084/909 934/1091/909 933/1090/909 927/1083/909
f 929/1085/910 935/1092/910 934/1091/910 928/1084/910
f 930/1080/911 936/1087/911 935/1092/911 929/1085/911
f 931/1086/912 937/1093/912 942/1094/912 936/1087/912
f 932/1088/913 938/1095/913 937/1096/913 931/1089/913
f 933/1090/914 939/1097/914 938/1095/914 932/1088/914
f 934/1091/915 940/1098/915 939/1097/915 933/1090/915
f 935/1092/916 941/1099/916 940/1098/916 934/1091/916
f 936/1087/917 942/1094/917 941/1099/917 935/1092/917
f 937/1093/918 943/1100/918 948/1101/918 942/1094/918
f 938/1095/919 944/1102/919 943/1103/919 937/1096/919
f 939/1097/920 945/1104/920 944/1102/920 938/1095/920
f 940/1098/921 946/1105/921 945/1104/921 939/1097/921
f 941/1099/922 947/1106/922 946/1105/922 940/1098/922
f 942/1094/923 948/1101/923 947/1106/923 941/1099/923
f 943/1100/924 949/1107/924 954/1108/924 948/1101/924
f 944/1102/925 950/1109/925 949/1110/925 943/1103/925
f 945/1104/926 951/1111/926 950/1109/926 944/1102/926
f 946/1105/927 952/1112/927 951/1111/927 945/1104/927
f 947/1106/928 953/1113/928 952/1112/928 946/1105/928
f 948/1101/929 954/1108/929 953/1113/929 947/1106/929
f 949/1107/930 955/1114/930 960/1115/930 954/1108/930
f 950/1109/931 956/1116/931 955/1117/931 949/1110/931
f 951/1111/932 957/1118/932 956/1116/932 950/1109/932
f 952/1112/933 958/1119/933 957/1118/933 951/1111/933
f 953/1113/934 959/1120/934 958/1119/934 952/1112/934
f 954/1108/935 960/1115/935 959/1120/935 953/1113/935
f 955/1114/936 961/1121/936 966/1122/936 960/1115/936
f 956/1116/937 962/1123/937 961/1124/937 955/1117/937
f 957/1118/938 963/1125/938 962/1123/938 956/1116/938
f 958/1119/939 964/1126/939 963/1125/939 957/1118/939
f 959/1120/940 965/1127/940 964/1126/940 958/1119/940
f 960/1115/941 966/1122/941 965/1127/941 959/1120/941
f 961/1121/942 967/1128/942 972/1129/942 966/1122/942
f 962/1123/943 968/1130/943 967/1131/943 961/1124/943
f 963/1125/944 969/1132/944 968/1130/944 962/1123/944
f 964/1126/945 970/1133/945 969/1132/945 963/1125/945
f 965/1127/946 971/1134/946 970/1133/946 964/1126/946
f 966/1122/947 972/1129/947 971/1134/947 965/1127/947
f 967/1128/948 973/1135/948 978/1136/948 972/1129/948
f 968/1130/949 974/1137/949 973/1138/949 967/1131/949
f 969/1132/950 975/1139/950 974/1137/950 968/1130/950
f 970/1133/951 976/1140/951 975/1139/951 969/1132/951
f 971/1134/952 977/1141/952 976/1140/952 970/1133/952
f 972/1129/953 978/1136/953 977/1141/953 971/1134/953
f 973/1135/954 979/1142/954 984/1143/954 978/1136/954
f 974/1137/955 980/1144/955 979/1145/955 973/1138/955
f 975/1139/956 981/1146/956 980/1144/956 974/1137/956
f 976/1140/957 982/1147/957 981/1146/957 975/1139/957
f 977/1141/958 983/1148/958 982/1147/958 976/1140/958
f 978/1136/959 984/1143/959 983/1148/959 977/1141/959
f 979/1142/960 985/1149/960 990/1150/960 984/1143/960
f 980/1144/961 986/1151/961 985/1152/961 979/1145/961
f 981/1146/962 987/1153/962 986/1151/962 980/1144/962
f 982/1147/963 988/1154/963 987/1153/963 981/1146/963
f 983/1148/964 989/1155/964 988/1154/964 982/1147/964
f 984/1143/965 990/1150/965 989/1155/965 983/1148/965
f 985/1149/966 991/1156/966 996/1157/966 990/1150/966
f 986/1151/967 992/1158/967 991/1159/967 985/1152/967
f 987/1153/968 993/1160/968 992/1158/968 986/1151/968
f 988/1154/969 994/1161/969 993/1160/969 987/1153/969
f 989/1155/970 995/1162/970 994/1161/970 988/1154/970
f 990/1150/971 996/1157/971 995/1162/971 989/1155/971
f 991/1156/972 997/1163/972 1002/1164/972 996/1157/972
f 992/1158/973 998/1165/973 997/1166/973 991/1159/973
f 993/1160/974 999/1167/974 998/1165/974 992/1158/974
f 994/1161/975 1000/1168/975 999/1167/975 993/1160/975
f 995/1162/976 1001/1169/976 1000/1168/976 994/1161/976
f 996/1157/977 1002/1164/977 1001/1169/977 995/1162/977
f 997/1163/978 1003/1170/978 1008/1171/978 1002/1164/978
f 998/1165/979 1004/1172/979 1003/1173/979 997/1166/979
f 999/1167/980 1005/1174/980 1004/1172/980 998/1165/980
f 1000/1168/981 1006/1175/981 1005/1174/981 999/1167/981
f 1001/1169/982 1007/1176/982 1006/1175/982 1000/1168/982
f 1002/1164/983 1008/1171/983 1007/1176/983 1001/1169/983
f 1003/1170/984 1009/1177/984 1014/1178/984 1008/1171/984
f 1004/1172/985 1010/1179/985 1009/1180/985 1003/1173/985
f 1005/1174/986 1011/1181/986 1010/1179/986 1004/1172/986
f 1006/1175/987 1012/1182/987 1011/1181/987 1005/1174/987
f 1007/1176/988 1013/1183/988 1012/1182/988 1006/1175/988
f 1008/1171/989 1014/1178/989 1013/1183/989 1007/1176/989
f 1009/1177/990 1015/1184/990 1020/1185/990 1014/1178/990
f 1010/1179/991 1016/1186/991 1015/1187/991 1009/1180/991
f 1011/1181/992 1017/1188/992 1016/1186/992 1010/1179/992
f 1012/1182/993 1018/1189/993 1017/1188/993 1011/1181/993
f 1013/1183/994 1019/1190/994 1018/1189/994 1012/1182/994
f 1014/1178/995 1020/1185/995 1019/1190/995 1013/1183/995
f 1015/1184/996 1021/1191/996 1026/1192/996 1020/1185/996
f 1016/1186/997 1022/1193/997 1021/1194/997 1015/1187/997
f 1017/1188/998 1023/1195/998 1022/1193/998 1016/1186/998
f 1018/1189/999 1024/1196/999 1023/1195/999 1017/1188/999
f 1019/1190/1000 1025/1197/1000 1024/1196/1000 1018/1189/1000
f 1020/1185/1001 1026/1192/1001 1025/1197/1001 1019/1190/1001
f 1021/1191/1002 1027/1198/1002 1032/1199/1002 1026/1192/1002
f 1022/1193/1003 1028/1200/1003 1027/1201/1003 1021/1194/1003
f 1023/1195/1004 1029/1202/1004 1028/1200/1004 1022/1193/1004
f 1024/1196/1005 1030/1203/1005 1029/1202/1005 1023/1195/1005
f 1025/1197/1006 1031/1204/1006 1030/1203/1006 1024/1196/1006
f 1026/1192/1007 1032/1199/1007 1031/1204/1007 1025/1197/1007
f 1027/1198/1008 1033/1205/1008 1038/1206/1008 1032/1199/1008
f 1028/1200/1009 1034/1207/1009 1033/1208/1009 1027/1201/1009
f 1029/1202/1010 1035/1209/1010 1034/1207/1010 1028/1200/1010
f 1030/1203/1011 1036/1210/1011 1035/1209/1011 1029/1202/1011
f 1031/1204/1012 1037/1211/1012 1036/1210/1012 1030/1203/1012
f 1032/1199/1013 1038/1206/1013 1037/1211/1013 1031/1204/1013
f 1033/1205/1014 1039/1212/1014 1044/1213/1014 1038/1206/1014
f 1034/1207/1015 1040/1214/1015 1039/1215/1015 1033/1208/1015
f 1035/1209/1016 1041/1216/1016 1040/1214/1016 1034/1207/1016
f 1036/1210/1017 1042/1217/1017 1041/1216/1017 1035/1209/1017
f 1037/1211/1018 1043/1218/1018 1042/1217/1018 1036/1210/1018
f 1038/1206/1019 1044/1213/1019 1043/1218/1019 1037/1211/1019
f 1039/1212/1020 1045/1219/1020 1050/1220/1020 1044/1213/1020
f 1040/1214/1021 1046/1221/1021 1045/1222/1021 1039/1215/1021
f 1041/1216/1022 1047/1223/1022 1046/1221/1022 1040/1214/1022
f 1042/1217/1023 1048/1224/1023 1047/1223/1023 1041/1216/1023
f 1043/1218/1024 1049/1225/1024 1048/1224/1024 1042/1217/1024
f 1044/1213/1025 1050/1220/1025 1049/1225/1025 1043/1218/1025
f 1045/1219/1026 1051/1226/1026 1056/1227/1026 1050/1220/1026
f 1046/1221/1027 1052/1228/1027 1051/1229/1027 1045/1222/1027
f 1047/1223/1028 1053/1230/1028 1052/1228/1028 1046/1221/1028
f 1048/1224/1029 1054/1231/1029 1053/1230/1029 1047/1223/1029
f 1049/1225/1030 1055/1232/1030 1054/1231/1030 1048/1224/1030
f 1050/1220/1031 1056/1227/1031 1055/1232/1031 1049/1225/1031
f 1051/1226/1032 1057/1233/1032 1062/1234/1032 1056/1227/1032
f 1052/1228/1033 1058/1235/1033 1057/1236/1033 1051/1229/1033
f 1053/1230/1034 1059/1237/1034 1058/1235/1034 1052/1228/1034
f 1054/1231/1035 1060/1238/1035 1059/1237/1035 1053/1230/1035
f 1055/1232/1036 1061/1239/1036 1060/1238/1036 1054/1231/1036
f 1056/1227/1037 1062/1234/1037 1061/1239/1037 1055/1232/1037
f 1057/1233/1038 1063/1240/1038 1068/1241/1038 1062/1234/1038
f 1058/1235/1039 1064/1242/1039 1063/1243/1039 1057/1236/1039
f 1059/1237/1040 1065/1244/1040 1064/1242/1040 1058/1235/1040
f 1060/1238/1041 1066/1245/1041 1065/1244/1041 1059/1237/1041
f 1061/1239/1042 1067/1246/1042 1066/1245/1042 1060/1238/1042
f 1062/1234/1043 1068/1241/1043 1067/1246/1043 1061/1239/1043
f 1063/1240/1044 1069/1247/1044 1074/1248/1044 1068/1241/1044
f 1064/1242/1045 1070/1249/1045 1069/1250/1045 1063/1243/1045
f 1065/1244/1046 1071/1251/1046 1070/1249/1046 1064/1242/1046
f 1066/1245/1047 1072/1252/1047 1071/1251/1047 1065/1244/1047
f 1067/1246/1048 1073/1253/1048 1072/1252/1048 1066/1245/1048
f 1068/1241/1049 1074/1248/1049 1073/1253/1049 1067/1246/1049
f 1069/1247/1050 1075/1254/1050 1080/1255/1050 1074/1248/1050
f 1070/1249/1051 1076/1256/1051 1075/1257/1051 1069/1250/1051
f 1071/1251/1052 1077/1258/1052 1076/1256/1052 1070/1249/1052
f 1072/1252/1053 1078/1259/1053 1077/1258/1053 1071/1251/1053
f 1073/1253/1054 1079/1260/1054 1078/1259/1054 1072/1252/1054
f 1074/1248/1055 1080/1255/1055 1079/1260/1055 1073/1253/1055
f 1075/1254/1056 1081/1261/1056 1086/1262/1056 1080/1255/1056
f 1076/1256/1057 1082/1263/1057 1081/1264/1057 1075/1257/1057
f 1077/1258/1058 1083/1265/1058 1082/1263/1058 1076/1256/1058
f 1078/1259/1059 1084/1266/1059 1083/1265/1059 1077/1258/1059
f 1079/1260/1060 1085/1267/1060 1084/1266/1060 1078/1259/1060
f 1080/1255/1061 1086/1262/1061 1085/1267/1061 1079/1260/1061
f 1087/1/1062 1093/1268/1062 1098/1269/1062 1092/4/1062
f 1088/5/1063 1094/1270/1063 1093/1271/1063 1087/8/1063
f 1089/9/1064 1095/1272/1064 1094/1270/1064 1088/5/1064
f 1090/11/1065 1096/1273/1065 1095/1272/1065 1089/9/1065
f 1091/13/1066 1097/1274/1066 1096/1273/1066 1090/11/1066
f 1092/4/1067 1098/1269/1067 1097/1274/1067 1091/13/1067
f 1093/1268/1068 1099/1275/1068 1104/1276/1068 1098/1269/1068
f 1094/1270/1069 1100/1277/1069 1099/1278/1069 1093/1271/1069
f 1095/1272/1070 1101/1279/1070 1100/1277/1070 1094/1270/1070
f 1096/1273/1071 1102/1280/1071 1101/1279/1071 1095/1272/1071
f 1097/1274/1072 1103/1281/1072 1102/1280/1072 1096/1273/1072
f 1098/1269/1073 1104/1276/1073 1103/1281/1073 1097/1274/1073
f 1099/1275/1074 1105/1282/1074 1110/1283/1074 1104/1276/1074
f 1100/1277/1075 1106/1284/1075 1105/1285/1075 1099/1278/1075
f 1101/1279/1076 1107/1286/1076 1106/1284/1076 1100/1277/1076
f 1102/1280/1077 1108/1287/1077 1107/1286/1077 1101/1279/1077
f 1103/1281/1078 1109/1288/1078 1108/1287/1078 1102/1280/1078
f 1104/1276/1079 1110/1283/1079 1109/1288/1079 1103/1281/1079
f 1105/1282/1080 1111/36/1080 1116/37/1080 1110/1283/1080
f 1106/1284/1081 1112/38/1081 1111/39/1081 1105/1285/1081
f 1107/1286/1082 1113/40/1082 1112/38/1082 1106/1284/1082
f 1108/1287/1083 1114/41/1083 1113/40/1083 1107/1286/1083
f 1109/1288/1084 1115/42/1084 1114/41/1084 1108/1287/1084
f 1110/1283/1085 1116/37/1085 1115/42/1085 1109/1288/1085
f 1111/36/1086 1117/1289/1086 1122/1290/1086 1116/37/1086
f 1112/38/1087 1118/1291/1087 1117/1292/1087 1111/39/1087
f 1113/40/1088 1119/1293/1088 1118/1291/1088 1112/38/1088
f 1114/41/1089 1120/1294/1089 1119/1293/1089 1113/40/1089
f 1115/42/1090 1121/1295/1090 1120/1294/1090 1114/41/1090
f 1116/37/1091 1122/1290/1091 1121/1295/1091 1115/42/1091
f 1117/1289/1092 1123/1296/1092 1128/1297/1092 1122/1290/1092
f 1118/1291/1093 1124/1298/1093 1123/1299/1093 1117/1292/1093
f 1119/1293/1094 1125/1300/1094 1124/1298/1094 1118/1291/1094
f 1120/1294/1095 1126/1301/1095 1125/1300/1095 1119/1293/1095
f 1121/1295/1096 1127/1302/1096 1126/1301/1096 1120/1294/1096
f 1122/1290/1097 1128/1297/1097 1127/1302/1097 1121/1295/1097
f 1123/1296/1098 1129/1303/1098 1134/1304/1098 1128/1297/1098
f 1124/1298/1099 1130/1305/1099 1129/1306/1099 1123/1299/1099
f 1125/1300/1100 1131/1307/1100 1130/1305/1100 1124/1298/1100
f 1126/1301/1101 1132/1308/1101 1131/1307/1101 1125/1300/1101
f 1127/1302/1102 1133/1309/1102 1132/1308/1102 1126/1301/1102
f 1128/1297/1103 1134/1304/1103 1133/1309/1103 1127/1302/1103
f 1129/1303/1104 1135/71/1104 1140/72/1104 1134/1304/1104
f 1130/1305/1105 1136/73/1105 1135/74/1105 1129/1306/1105
f 1131/1307/1106 1137/75/1106 1136/73/1106 1130/1305/1106
f 1132/1308/1107 1138/76/1107 1137/75/1107 1131/1307/1107
f 1133/1309/1108 1139/77/1108 1138/76/1108 1132/1308/1108
f 1134/1304/1109 1140/72/1109 1139/77/1109 1133/1309/1109
f 1135/71/1110 1141/1310/1110 1146/1311/1110 1140/72/1110
f 1136/73/1111 1142/1312/1111 1141/1313/1111 1135/74/1111
f 1137/75/1112 1143/1314/1112 1142/1312/1112 1136/73/1112
f 1138/76/1113 1144/1315/1113 1143/1314/1113 1137/75/1113
f 1139/77/1114 1145/1316/1114 1144/1315/1114 1138/76/1114
f 1140/72/1115 1146/1311/1115 1145/1316/1115 1139/77/1115
f 1141/1310/1116 1147/1317/1116 1152/1318/1116 1146/1311/1116
f 1142/1312/1117 1148/1319/1117 1147/1320/1117 1141/1313/1117
f 1143/1314/1118 1149/1321/1118 1148/1319/1118 1142/1312/1118
f 1144/1315/1119 1150/1322/1119 1149/1321/1119 1143/1314/1119
f 1145/1316/1120 1151/1323/1120 1150/1322/1120 1144/1315/1120
f 1146/1311/1121 1152/1318/1121 1151/1323/1121 1145/1316/1121
f 1147/1317/1122 1153/1324/1122 1158/1325/1122 1152/1318/1122
f 1148/1319/1123 1154/1326/1123 1153/1327/1123 1147/1320/1123
f 1149/1321/1124 1155/1328/1124 1154/1326/1124 1148/1319/1124
f 1150/1322/1125 1156/1329/1125 1155/1328/1125 1149/1321/1125
f 1151/1323/1126 1157/1330/1126 1156/1329/1126 1150/1322/1126
f 1152/1318/1127 1158/1325/1127 1157/1330/1127 1151/1323/1127
f 1153/1324/1128 1159/106/1128 1164/107/1128 1158/1325/1128
f 1154/1326/1129 1160/108/1129 1159/109/1129 1153/1327/1129
f 1155/1328/1130 1161/110/1130 1160/108/1130 1154/1326/1130
f 1156/1329/1131 1162/111/1131 1161/110/1131 1155/1328/1131
f 1157/1330/1132 1163/112/1132 1162/111/1132 1156/1329/1132
f 1158/1325/1133 1164/107/1133 1163/112/1133 1157/1330/1133
f 1159/106/1134 1165/1331/1134 1170/1332/1134 1164/107/1134
f 1160/108/1135 1166/1333/1135 1165/1334/1135 1159/109/1135
f 1161/110/1136 1167/1335/1136 1166/1333/1136 1160/108/1136
f 1162/111/1137 1168/1336/1137 1167/1335/1137 1161/110/1137
f 1163/112/1138 1169/1337/1138 1168/1336/1138 1162/111/1138
f 1164/107/1139 1170/1332/1139 1169/1337/1139 1163/112/1139
f 1165/1331/1140 1171/1338/1140 1176/1339/1140 1170/1332/1140
f 1166/1333/1141 1172/1340/1141 1171/1341/1141 1165/1334/1141
f 1167/1335/1142 1173/1342/1142 1172/1340/1142 1166/1333/1142
f 1168/1336/1143 1174/1343/1143 1173/1342/1143 1167/1335/1143
f 1169/1337/1144 1175/1344/1144 1174/1343/1144 1168/1336/1144
f 1170/1332/1145 1176/1339/1145 1175/1344/1145 1169/1337/1145
f 1171/1338/1146 1177/1345/1146 1182/1346/1146 1176/1339/1146
f 1172/1340/1147 1178/1347/1147 1177/1348/1147 1171/1341/1147
f 1173/1342/1148 1179/1349/1148 1178/1347/1148 1172/1340/1148
f 1174/1343/1149 1180/1350/1149 1179/1349/1149 1173/1342/1149
f 1175/1344/1150 1181/1351/1150 1180/1350/1150 1174/1343/1150
f 1176/1339/1151 1182/1346/1151 1181/1351/1151 1175/1344/1151
f 1177/1345/1152 1183/141/1152 1188/142/1152 1182/1346/1152
f 1178/1347/1153 1184/143/1153 1183/144/1153 1177/1348/1153
f 1179/1349/1154 1185/145/1154 1184/143/1154 1178/1347/1154
f 1180/1350/1155 1186/146/1155 1185/145/1155 1179/1349/1155
f 1181/1351/1156 1187/147/1156 1186/146/1156 1180/1350/1156
f 1182/1346/1157 1188/142/1157 1187/147/1157 1181/1351/1157
f 1183/141/1158 1189/1352/1158 1194/1353/1158 1188/142/1158
f 1184/143/1159 1190/1354/1159 1189/1355/1159 1183/144/1159
f 1185/145/1160 1191/1356/1160 1190/1354/1160 1184/143/1160
f 1186/146/1161 1192/1357/1161 1191/1356/1161 1185/145/1161
f 1187/147/1162 1193/1358/1162 1192/1357/1162 1186/146/1162
f 1188/142/1163 1194/1353/1163 1193/1358/1163 1187/147/1163
f 1189/1352/1164 1195/1359/1164 1200/1360/1164 1194/1353/1164
f 1190/1354/1165 1196/1361/1165 1195/1362/1165 1189/1355/1165
f 1191/1356/1166 1197/1363/1166 1196/1361/1166 1190/1354/1166
f 1192/1357/1167 1198/1364/1167 1197/1363/1167 1191/1356/1167
f 1193/1358/1168 1199/1365/1168 1198/1364/1168 1192/1357/1168
f 1194/1353/1169 1200/1360/1169 1199/1365/1169 1193/1358/1169
f 1195/1359/1170 1201/1366/1170 1206/1367/1170 1200/1360/1170
f 1196/1361/1171 1202/1368/1171 1201/1369/1171 1195/1362/1171
f 1197/1363/1172 1203/1370/1172 1202/1368/1172 1196/1361/1172
f 1198/1364/1173 1204/1371/1173 1203/1370/1173 1197/1363/1173
f 1199/1365/1174 1205/1372/1174 1204/1371/1174 1198/1364/1174
f 1200/1360/1175 1206/1367/1175 1205/1372/1175 1199/1365/1175
f 1201/1366/1176 1207/176/1176 1212/177/1176 1206/1367/1176
f 1202/1368/1177 1208/178/1177 1207/179/1177 1201/1369/1177
f 1203/1370/1178 1209/180/1178 1208/178/1178 1202/1368/1178
f 1204/1371/1179 1210/181/1179 1209/180/1179 1203/1370/1179
f 1205/1372/1180 1211/182/1180 1210/181/1180 1204/1371/1180
f 1206/1367/1181 1212/177/1181 1211/182/1181 1205/1372/1181
f 1207/176/1182 1213/1373/1182 1218/1374/1182 1212/177/1182
f 1208/178/1183 1214/1375/1183 1213/1376/1183 1207/179/1183
f 1209/180/1184 1215/1377/1184 1214/1375/1184 1208/178/1184
f 1210/181/1185 1216/1378/1185 1215/1377/1185 1209/180/1185
f 1211/182/1186 1217/1379/1186 1216/1378/1186 1210/181/1186
f 1212/177/1187 1218/1374/1187 1217/1379/1187 1211/182/1187
f 1213/1373/1188 1219/1380/1188 1224/1381/1188 1218/1374/1188
f 1214/1375/1189 1220/1382/1189 1219/1383/1189 1213/1376/1189
f 1215/1377/1190 1221/1384/1190 1220/1382/1190 1214/1375/1190
f 1216/1378/1191 1222/1385/1191 1221/1384/1191 1215/1377/1191
f 1217/1379/1192 1223/1386/1192 1222/1385/1192 1216/1378/1192
f 1218/1374/1193 1224/1381/1193 1223/1386/1193 1217/1379/1193
f 1219/1380/1194 1225/1387/1194 1230/1388/1194 1224/1381/1194
f 1220/1382/1195 1226/1389/1195 1225/1390/1195 1219/1383/1195
f 1221/1384/1196 1227/1391/1196 1226/1389/1196 1220/1382/1196
f 1222/1385/1197 1228/1392/1197 1227/1391/1197 1221/1384/1197
f 1223/1386/1198 1229/1393/1198 1228/1392/1198 1222/1385/1198
f 1224/1381/1199 1230/1388/1199 1229/1393/1199 1223/1386/1199
f 1225/1387/1200 1231/211/1200 1236/212/1200 1230/1388/1200
f 1226/1389/1201 1232/213/1201 1231/214/1201 1225/1390/1201
f 1227/1391/1202 1233/215/1202 1232/213/1202 1226/1389/1202
f 1228/1392/1203 1234/216/1203 1233/215/1203 1227/1391/1203
f 1229/1393/1204 1235/217/1204 1234/216/1204 1228/1392/1204
f 1230/1388/1205 1236/212/1205 1235/217/1205 1229/1393/1205
f 1231/211/1206 1237/1394/1206 1242/1395/1206 1236/212/1206
f 1232/213/1207 1238/1396/1207 1237/1397/1207 1231/214/1207
f 1233/215/1208 1239/1398/1208 1238/1396/1208 1232/213/1208
f 1234/216/1209 1240/1399/1209 1239/1398/1209 1233/215/1209
f 1235/217/1210 1241/1400/1210 1240/1399/1210 1234/216/1210
f 1236/212/1211 1242/1395/1211 1241/1400/1211 1235/217/1211
f 1237/1394/1212 1243/1401/1212 1248/1402/1212 1242/1395/1212
f 1238/1396/1213 1244/1403/1213 1243/1404/1213 1237/1397/1213
f 1239/1398/1214 1245/1405/1214 1244/1403/1214 1238/1396/1214
f 1240/1399/1215 1246/1406/1215 1245/1405/1215 1239/1398/1215
f 1241/1400/1216 1247/1407/1216 1246/1406/1216 1240/1399/1216
f 1242/1395/1217 1248/1402/1217 1247/1407/1217 1241/1400/1217
f 1243/1401/1218 1249/1408/1218 1254/1409/1218 1248/1402/1218
f 1244/1403/1219 1250/1410/1219 1249/1411/1219 1243/1404/1219
f 1245/1405/1220 1251/1412/1220 1250/1410/1220 1244/1403/1220
f 1246/1406/1221 1252/1413/1221 1251/1412/1221 1245/1405/1221
f 1247/1407/1222 1253/1414/1222 1252/1413/1222 1246/1406/1222
f 1248/1402/1223 1254/1409/1223 1253/1414/1223 1247/1407/1223
f 1249/1408/1224 1255/246/1224 1260/247/1224 1254/1409/1224
f 1250/1410/1225 1256/248/1225 1255/249/1225 1249/1411/1225
f 1251/1412/1226 1257/250/1226 1256/248/1226 1250/1410/1226
f 1252/1413/1227 1258/251/1227 1257/250/1227 1251/1412/1227
f 1253/1414/1228 1259/252/1228 1258/251/1228 1252/1413/1228
f 1254/1409/1229 1260/247/1229 1259/252/1229 1253/1414/1229
f 1255/246/1230 1261/1415/1230 1266/1416/1230 1260/247/1230
f 1256/248/1231 1262/1417/1231 1261/1418/1231 1255/249/1231
f 1257/250/1232 1263/1419/1232 1262/1417/1232 1256/248/1232
f 1258/251/1233 1264/1420/1233 1263/1419/1233 1257/250/1233
f 1259/252/1234 1265/1421/1234 1264/1420/1234 1258/251/1234
f 1260/247/1235 1266/1416/1235 1265/1421/1235 1259/252/1235
f 1261/1415/1236 1267/1422/1236 1272/1423/1236 1266/1416/1236
f 1262/1417/1237 1268/1424/1237 1267/1425/1237 1261/1418/1237
f 1263/1419/1238 1269/1426/1238 1268/1424/1238 1262/1417/1238
f 1264/1420/1239 1270/1427/1239 1269/1426/1239 1263/1419/1239
f 1265/1421/1240 1271/1428/1240 1270/1427/1240 1264/1420/1240
f 1266/1416/1241 1272/1423/1241 1271/1428/1241 1265/1421/1241
f 1267/1422/1242 1273/1429/1242 1278/1430/1242 1272/1423/1242
f 1268/1424/1243 1274/1431/1243 1273/1432/1243 1267/1425/1243
f 1269/1426/1244 1275/1433/1244 1274/1431/1244 1268/1424/1244
f 1270/1427/1245 1276/1434/1245 1275/1433/1245 1269/1426/1245
f 1271/1428/1246 1277/1435/1246 1276/1434/1246 1270/1427/1246
f 1272/1423/1247 1278/1430/1247 1277/1435/1247 1271/1428/1247
f 1273/1429/1248 1279/281/1248 1284/282/1248 1278/1430/1248
f 1274/1431/1249 1280/283/1249 1279/284/1249 1273/1432/1249
f 1275/1433/1250 1281/285/1250 1280/283/1250 1274/1431/1250
f 1276/1434/1251 1282/286/1251 1281/285/1251 1275/1433/1251
f 1277/1435/1252 1283/287/1252 1282/286/1252 1276/1434/1252
f 1278/1430/1253 1284/282/1253 1283/287/1253 1277/1435/1253
f 1279/281/1254 1285/1436/1254 1290/1437/1254 1284/282/1254
f 1280/283/1255 1286/1438/1255 1285/1439/1255 1279/284/1255
f 1281/285/1256 1287/1440/1256 1286/1438/1256 1280/283/1256
f 1282/286/1257 1288/1441/1257 1287/1440/1257 1281/285/1257
f 1283/287/1258 1289/1442/1258 1288/1441/1258 1282/286/1258
f 1284/282/1259 1290/1437/1259 1289/1442/1259 1283/287/1259
f 1285/1436/1260 1291/1443/1260 1296/1444/1260 1290/1437/1260
f 1286/1438/1261 1292/1445/1261 1291/1446/1261 1285/1439/1261
f 1287/1440/1262 1293/1447/1262 1292/1445/1262 1286/1438/1262
f 1288/1441/1263 1294/1448/1263 1293/1447/1263 1287/1440/1263
f 1289/1442/1264 1295/1449/1264 1294/1448/1264 1288/1441/1264
f 1290/1437/1265 1296/1444/1265 1295/1449/1265 1289/1442/1265
f 1291/1443/1266 1297/1450/1266 1302/1451/1266 1296/1444/1266
f 1292/1445/1267 1298/1452/1267 1297/1453/1267 1291/1446/1267
f 1293/1447/1268 1299/1454/1268 1298/1452/1268 1292/1445/1268
f 1294/1448/1269 1300/1455/1269 1299/1454/1269 1293/1447/1269
f 1295/1449/1270 1301/1456/1270 1300/1455/1270 1294/1448/1270
f 1296/1444/1271 1302/1451/1271 1301/1456/1271 1295/1449/1271
f 1297/1450/1272 1303/316/1272 1308/317/1272 1302/1451/1272
f 1298/1452/1273 1304/318/1273 1303/319/1273 1297/1453/1273
f 1299/1454/1274 1305/320/1274 1304/318/1274 1298/1452/1274
f 1300/1455/1275 1306/321/1275 1305/320/1275 1299/1454/1275
f 1301/1456/1276 1307/322/1276 1306/321/1276 1300/1455/1276
f 1302/1451/1277 1308/317/1277 1307/322/1277 1301/1456/1277
f 1303/316/1278 1309/1457/1278 1314/1458/1278 1308/317/1278
f 1304/318/1279 1310/1459/1279 1309/1460/1279 1303/319/1279
f 1305/320/1280 1311/1461/1280 1310/1459/1280 1304/318/1280
f 1306/321/1281 1312/1462/1281 1311/1461/1281 1305/320/1281
f 1307/322/1282 1313/1463/1282 1312/1462/1282 1306/321/1282
f 1308/317/1283 1314/1458/1283 1313/1463/1283 1307/322/1283
f 1309/1457/1284 1315/1464/1284 1320/1465/1284 1314/1458/1284
f 1310/1459/1285 1316/1466/1285 1315/1467/1285 1309/1460/1285
f 1311/1461/1286 1317/1468/1286 1316/1466/1286 1310/1459/1286
f 1312/1462/1287 1318/1469/1287 1317/1468/1287 1311/1461/1287
f 1313/1463/1288 1319/1470/1288 1318/1469/1288 1312/1462/1288
f 1314/1458/1289 1320/1465/1289 1319/1470/1289 1313/1463/1289
f 1315/1464/1290 1321/1471/1290 1326/1472/1290 1320/1465/1290
f 1316/1466/1291 1322/1473/1291 1321/1474/1291 1315/1467/1291
f 1317/1468/1292 1323/1475/1292 1322/1473/1292 1316/1466/1292
f 1318/1469/1293 1324/1476/1293 1323/1475/1293 1317/1468/1293
f 1319/1470/1294 1325/1477/1294 1324/1476/1294 1318/1469/1294
f 1320/1465/1295 1326/1472/1295 1325/1477/1295 1319/1470/1295
f 1321/1471/1296 1327/351/1296 1332/352/1296 1326/1472/1296
f 1322/1473/1297 1328/353/1297 1327/354/1297 1321/1474/1297
f 1323/1475/1298 1329/355/1298 1328/353/1298 1322/1473/1298
f 1324/1476/1299 1330/356/1299 1329/355/1299 1323/1475/1299
f 1325/1477/1300 1331/357/1300 1330/356/1300 1324/1476/1300
f 1326/1472/1301 1332/352/1301 1331/357/1301 1325/1477/1301
f 1327/351/1302 1333/1478/1302 1338/1479/1302 1332/352/1302
f 1328/353/1303 1334/1480/1303 1333/1481/1303 1327/354/1303
f 1329/355/1304 1335/1482/1304 1334/1480/1304 1328/353/1304
f 1330/356/1305 1336/1483/1305 1335/1482/1305 1329/355/1305
f 1331/357/1306 1337/1484/1306 1336/1483/1306 1330/356/1306
f 1332/352/1307 1338/1479/1307 1337/1484/1307 1331/357/1307
f 1333/1478/1308 1339/1485/1308 1344/1486/1308 1338/1479/1308
f 1334/1480/1309 1340/1487/1309 1339/1488/1309 1333/1481/1309
f 1335/1482/1310 1341/1489/1310 1340/1487/1310 1334/1480/1310
f 1336/1483/1311 1342/1490/1311 1341/1489/1311 1335/1482/1311
f 1337/1484/1312 1343/1491/1312 1342/1490/1312 1336/1483/1312
f 1338/1479/1313 1344/1486/1313 1343/1491/1313 1337/1484/1313
f 1339/1485/1314 1345/1492/1314 1350/1493/1314 1344/1486/1314
f 1340/1487/1315 1346/1494/1315 1345/1495/1315 1339/1488/1315
f 1341/1489/1316 1347/1496/1316 1346/1494/1316 1340/1487/1316
f 1342/1490/1317 1348/1497/1317 1347/1496/1317 1341/1489/1317
f 1343/1491/1318 1349/1498/1318 1348/1497/1318 1342/1490/1318
f 1344/1486/1319 1350/1493/1319 1349/1498/1319 1343/1491/1319
f 1345/1492/1320 1351/386/1320 1356/387/1320 1350/1493/1320
f 1346/1494/1321 1352/388/1321 1351/389/1321 1345/1495/1321
f 1347/1496/1322 1353/390/1322 1352/388/1322 1346/1494/1322
f 1348/1497/1323 1354/391/1323 1353/390/1323 1347/1496/1323
f 1349/1498/1324 1355/392/1324 1354/391/1324 1348/1497/1324
f 1350/1493/1325 1356/387/1325 1355/392/1325 1349/1498/1325
f 1351/386/1326 1357/1499/1326 1362/1500/1326 1356/387/1326
f 1352/388/1327 1358/1501/1327 1357/1502/1327 1351/389/1327
f 1353/390/1328 1359/1503/1328 1358/1501/1328 1352/388/1328
f 1354/391/1329 1360/1504/1329 1359/1503/1329 1353/390/1329
f 1355/392/1330 1361/1505/1330 1360/1504/1330 1354/391/1330
f 1356/387/1331 1362/1500/1331 1361/1505/1331 1355/392/1331
f 1357/1499/1332 1363/1506/1332 1368/1507/1332 1362/1500/1332
f 1358/1501/1333 1364/1508/1333 1363/1509/1333 1357/1502/1333
f 1359/1503/1334 1365/1510/1334 1364/1508/1334 1358/1501/1334
f 1360/1504/1335 1366/1511/1335 1365/1510/1335 1359/1503/1335
f 1361/1505/1336 1367/1512/1336 1366/1511/1336 1360/1504/1336
f 1362/1500/1337 1368/1507/1337 1367/1512/1337 1361/1505/1337
f 1363/1506/1332 1369/1513/1332 1374/1514/1332 1368/1507/1332
f 1364/1508/1338 1370/1515/1338 1369/1516/1338 1363/1509/1338
f 1365/1510/1339 1371/1517/1339 1370/1515/1339 1364/1508/1339
f 1366/1511/1335 1372/1518/1335 1371/1517/1335 1365/1510/1335
f 1367/1512/1340 1373/1519/1340 1372/1518/1340 1366/1511/1340
f 1368/1507/1341 1374/1514/1341 1373/1519/1341 1367/1512/1341
f 1369/1513/1342 1375/421/1342 1380/422/1342 1374/1514/1342
f 1370/1515/1343 1376/423/1343 1375/424/1343 1369/1516/1343
f 1371/1517/1344 1377/425/1344 1376/423/1344 1370/1515/1344
f 1372/1518/1345 1378/426/1345 1377/425/1345 1371/1517/1345
f 1373/1519/1346 1379/427/1346 1378/426/1346 1372/1518/1346
f 1374/1514/1347 1380/422/1347 1379/427/1347 1373/1519/1347
f 1375/421/1348 1381/1520/1348 1386/1521/1348 1380/422/1348
f 1376/423/1349 1382/1522/1349 1381/1523/1349 1375/424/1349
f 1377/425/1350 1383/1524/1350 1382/1522/1350 1376/423/1350
f 1378/426/1351 1384/1525/1351 1383/1524/1351 1377/425/1351
f 1379/427/1352 1385/1526/1352 1384/1525/1352 1378/426/1352
f 1380/422/1353 1386/1521/1353 1385/1526/1353 1379/427/1353
f 1381/1520/1354 1387/1527/1354 1392/1528/1354 1386/1521/1354
f 1382/1522/1355 1388/1529/1355 1387/1530/1355 1381/1523/1355
f 1383/1524/1356 1389/1531/1356 1388/1529/1356 1382/1522/1356
f 1384/1525/1357 1390/1532/1357 1389/1531/1357 1383/1524/1357
f 1385/1526/1358 1391/1533/1358 1390/1532/1358 1384/1525/1358
f 1386/1521/1359 1392/1528/1359 1391/1533/1359 1385/1526/1359
f 1387/1527/1360 1393/1534/1360 1398/1535/1360 1392/1528/1360
f 1388/1529/1361 1394/1536/1361 1393/1537/1361 1387/1530/1361
f 1389/1531/1362 1395/1538/1362 1394/1536/1362 1388/1529/1362
f 1390/1532/1363 1396/1539/1363 1395/1538/1363 1389/1531/1363
f 1391/1533/1364 1397/1540/1364 1396/1539/1364 1390/1532/1364
f 1392/1528/1365 1398/1535/1365 1397/1540/1365 1391/1533/1365
f 1393/1534/1366 1399/456/1366 1404/457/1366 1398/1535/1366
f 1394/1536/1367 1400/458/1367 1399/459/1367 1393/1537/1367
f 1395/1538/1368 1401/460/1368 1400/458/1368 1394/1536/1368
f 1396/1539/1369 1402/461/1369 1401/460/1369 1395/1538/1369
f 1397/1540/1370 1403/462/1370 1402/461/1370 1396/1539/1370
f 1398/1535/1371 1404/457/1371 1403/462/1371 1397/1540/1371
f 1399/456/1372 1405/1541/1372 1410/1542/1372 1404/457/1372
f 1400/458/1373 1406/1543/1373 1405/1544/1373 1399/459/1373
f 1401/460/1374 1407/1545/1374 1406/1543/1374 1400/458/1374
f 1402/461/1375 1408/1546/1375 1407/1545/1375 1401/460/1375
f 1403/462/1376 1409/1547/1376 1408/1546/1376 1402/461/1376
f 1404/457/1377 1410/1542/1377 1409/1547/1377 1403/462/1377
f 1405/1541/1378 1411/1548/1378 1416/1549/1378 1410/1542/1378
f 1406/1543/1379 1412/1550/1379 1411/1551/1379 1405/1544/1379
f 1407/1545/1380 1413/1552/1380 1412/1550/1380 1406/1543/1380
f 1408/1546/1381 1414/1553/1381 1413/1552/1381 1407/1545/1381
f 1409/1547/1382 1415/1554/1382 1414/1553/1382 1408/1546/1382
f 1410/1542/1383 1416/1549/1383 1415/1554/1383 1409/1547/1383
f 1411/1548/1384 1417/1555/1384 1422/1556/1384 1416/1549/1384
f 1412/1550/1385 1418/1557/1385 1417/1558/1385 1411/1551/1385
f 1413/1552/1386 1419/1559/1386 1418/1557/1386 1412/1550/1386
f 1414/1553/1387 1420/1560/1387 1419/1559/1387 1413/1552/1387
f 1415/1554/1388 1421/1561/1388 1420/1560/1388 1414/1553/1388
f 1416/1549/1389 1422/1556/1389 1421/1561/1389 1415/1554/1389
f 1417/1555/1390 1423/491/1390 1428/492/1390 1422/1556/1390
f 1418/1557/1391 1424/493/1391 1423/494/1391 1417/1558/1391
f 1419/1559/1392 1425/495/1392 1424/493/1392 1418/1557/1392
f 1420/1560/1393 1426/496/1393 1425/495/1393 1419/1559/1393
f 1421/1561/1394 1427/497/1394 1426/496/1394 1420/1560/1394
f 1422/1556/1395 1428/492/1395 1427/497/1395 1421/1561/1395
f 1423/491/1396 1429/1562/1396 1434/1563/1396 1428/492/1396
f 1424/493/1397 1430/1564/1397 1429/1565/1397 1423/494/1397
f 1425/495/1398 1431/1566/1398 1430/1564/1398 1424/493/1398
f 1426/496/1399 1432/1567/1399 1431/1566/1399 1425/495/1399
f 1427/497/1400 1433/1568/1400 1432/1567/1400 1426/496/1400
f 1428/492/1401 1434/1563/1401 1433/1568/1401 1427/497/1401
f 1429/1562/1402 1435/1569/1402 1440/1570/1402 1434/1563/1402
f 1430/1564/1403 1436/1571/1403 1435/1572/1403 1429/1565/1403
f 1431/1566/1404 1437/1573/1404 1436/1571/1404 1430/1564/1404
f 1432/1567/1405 1438/1574/1405 1437/1573/1405 1431/1566/1405
f 1433/1568/1406 1439/1575/1406 1438/1574/1406 1432/1567/1406
f 1434/1563/1407 1440/1570/1407 1439/1575/1407 1433/1568/1407
f 1435/1569/1408 1441/1576/1408 1446/1577/1408 1440/1570/1408
f 1436/1571/1409 1442/1578/1409 1441/1579/1409 1435/1572/1409
f 1437/1573/1410 1443/1580/1410 1442/1578/1410 1436/1571/1410
f 1438/1574/1411 1444/1581/1411 1443/1580/1411 1437/1573/1411
f 1439/1575/1412 1445/1582/1412 1444/1581/1412 1438/1574/1412
f 1440/1570/1413 1446/1577/1413 1445/1582/1413 1439/1575/1413
f 1441/1576/1414 1447/526/1414 1452/527/1414 1446/1577/1414
f 1442/1578/1415 1448/528/1415 1447/529/1415 1441/1579/1415
f 1443/1580/1416 1449/530/1416 1448/528/1416 1442/1578/1416
f 1444/1581/1417 1450/531/1417 1449/530/1417 1443/1580/1417
f 1445/1582/1418 1451/532/1418 1450/531/1418 1444/1581/1418
f 1446/1577/1419 1452/527/1419 1451/532/1419 1445/1582/1419
f 1447/526/1420 1453/1583/1420 1458/1584/1420 1452/527/1420
f 1448/528/1421 1454/1585/1421 1453/1586/1421 1447/529/1421
f 1449/530/1422 1455/1587/1422 1454/1585/1422 1448/528/1422
f 1450/531/1423 1456/1588/1423 1455/1587/1423 1449/530/1423
f 1451/532/1424 1457/1589/1424 1456/1588/1424 1450/531/1424
f 1452/527/1425 1458/1584/1425 1457/1589/1425 1451/532/1425
f 1453/1583/1426 1459/1590/1426 1464/1591/1426 1458/1584/1426
f 1454/1585/1427 1460/1592/1427 1459/1593/1427 1453/1586/1427
f 1455/1587/1428 1461/1594/1428 1460/1592/1428 1454/1585/1428
f 1456/1588/1429 1462/1595/1429 1461/1594/1429 1455/1587/1429
f 1457/1589/1430 1463/1596/1430 1462/1595/1430 1456/1588/1430
f 1458/1584/1431 1464/1591/1431 1463/1596/1431 1457/1589/1431
f 1459/1590/1432 1465/1597/1432 1470/1598/1432 1464/1591/1432
f 1460/1592/1433 1466/1599/1433 1465/1600/1433 1459/1593/1433
f 1461/1594/1434 1467/1601/1434 1466/1599/1434 1460/1592/1434
f 1462/1595/1435 1468/1602/1435 1467/1601/1435 1461/1594/1435
f 1463/1596/1436 1469/1603/1436 1468/1602/1436 1462/1595/1436
f 1464/1591/1437 1470/1598/1437 1469/1603/1437 1463/1596/1437
f 1465/1597/1438 1471/561/1438 1476/562/1438 1470/1598/1438
f 1466/1599/1439 1472/563/1439 1471/564/1439 1465/1600/1439
f 1467/1601/1440 1473/565/1440 1472/563/1440 1466/1599/1440
f 1468/1602/1441 1474/566/1441 1473/565/1441 1467/1601/1441
f 1469/1603/1442 1475/567/1442 1474/566/1442 1468/1602/1442
f 1470/1598/1443 1476/562/1443 1475/567/1443 1469/1603/1443
f 1471/561/1444 1477/1604/1444 1482/1605/1444 1476/562/1444
f 1472/563/1445 1478/1606/1445 1477/1607/1445 1471/564/1445
f 1473/565/1446 1479/1608/1446 1478/1606/1446 1472/563/1446
f 1474/566/1447 1480/1609/1447 1479/1608/1447 1473/565/1447
f 1475/567/1448 1481/1610/1448 1480/1609/1448 1474/566/1448
f 1476/562/1449 1482/1605/1449 1481/1610/1449 1475/567/1449
f 1477/1604/1450 1483/1611/1450 1488/1612/1450 1482/1605/1450
f 1478/1606/1451 1484/1613/1451 1483/1614/1451 1477/1607/1451
f 1479/1608/1452 1485/1615/1452 1484/1613/1452 1478/1606/1452
f 1480/1609/1453 1486/1616/1453 1485/1615/1453 1479/1608/1453
f 1481/1610/1454 1487/1617/1454 1486/1616/1454 1480/1609/1454
f 1482/1605/1455 1488/1612/1455 1487/1617/1455 1481/1610/1455
f 1483/1611/1456 1489/1618/1456 1494/1619/1456 1488/1612/1456
f 1484/1613/1457 1490/1620/1457 1489/1621/1457 1483/1614/1457
f 1485/1615/1458 1491/1622/1458 1490/1620/1458 1484/1613/1458
f 1486/1616/1459 1492/1623/1459 1491/1622/1459 1485/1615/1459
f 1487/1617/1460 1493/1624/1460 1492/1623/1460 1486/1616/1460
f 1488/1612/1461 1494/1619/1461 1493/1624/1461 1487/1617/1461
f 1489/1618/1462 1495/596/1462 1500/597/1462 1494/1619/1462
f 1490/1620/1463 1496/598/1463 1495/599/1463 1489/1621/1463
f 1491/1622/1464 1497/600/1464 1496/598/1464 1490/1620/1464
f 1492/1623/1465 1498/601/1465 1497/600/1465 1491/1622/1465
f 1493/1624/1466 1499/602/1466 1498/601/1466 1492/1623/1466
f 1494/1619/1467 1500/597/1467 1499/602/1467 1493/1624/1467
f 1495/596/1468 1501/1625/1468 1506/1626/1468 1500/597/1468
f 1496/598/1469 1502/1627/1469 1501/1628/1469 1495/599/1469
f 1497/600/1470 1503/1629/1470 1502/1627/1470 1496/598/1470
f 1498/601/1471 1504/1630/1471 1503/1629/1471 1497/600/1471
f 1499/602/1472 1505/1631/1472 1504/1630/1472 1498/601/1472
f 1500/597/1473 1506/1626/1473 1505/1631/1473 1499/602/1473
f 1501/1625/1474 1507/1632/1474 1512/1633/1474 1506/1626/1474
f 1502/1627/1475 1508/1634/1475 1507/1635/1475 1501/1628/1475
f 1503/1629/1476 1509/1636/1476 1508/1634/1476 1502/1627/1476
f 1504/1630/1477 1510/1637/1477 1509/1636/1477 1503/1629/1477
f 1505/1631/1478 1511/1638/1478 1510/1637/1478 1504/1630/1478
f 1506/1626/1479 1512/1633/1479 1511/1638/1479 1505/1631/1479
f 1507/1632/1480 1513/1639/1480 1518/1640/1480 1512/1633/1480
f 1508/1634/1481 1514/1641/1481 1513/1642/1481 1507/1635/1481
f 1509/1636/1482 1515/1643/1482 1514/1641/1482 1508/1634/1482
f 1510/1637/1483 1516/1644/1483 1515/1643/1483 1509/1636/1483
f 1511/1638/1484 1517/1645/1484 1516/1644/1484 1510/1637/1484
f 1512/1633/1485 1518/1640/1485 1517/1645/1485 1511/1638/1485
f 1513/1639/1486 1519/631/1486 1524/632/1486 1518/1640/1486
f 1514/1641/1487 1520/633/1487 1519/634/1487 1513/1642/1487
f 1515/1643/1488 1521/635/1488 1520/633/1488 1514/1641/1488
f 1516/1644/1489 1522/636/1489 1521/635/1489 1515/1643/1489
f 1517/1645/1490 1523/637/1490 1522/636/1490 1516/1644/1490
f 1518/1640/1491 1524/632/1491 1523/637/1491 1517/1645/1491
f 1519/631/1492 1525/1646/1492 1530/1647/1492 1524/632/1492
f 1520/633/1493 1526/1648/1493 1525/1649/1493 1519/634/1493
f 1521/635/1494 1527/1650/1494 1526/1648/1494 1520/633/1494
f 1522/636/1495 1528/1651/1495 1527/1650/1495 1521/635/1495
f 1523/637/1496 1529/1652/1496 1528/1651/1496 1522/636/1496
f 1524/632/1497 1530/1647/1497 1529/1652/1497 1523/637/1497
f 1525/1646/1498 1531/1653/1498 1536/1654/1498 1530/1647/1498
f 1526/1648/1499 1532/1655/1499 1531/1656/1499 1525/1649/1499
f 1527/1650/1500 1533/1657/1500 1532/1655/1500 1526/1648/1500
f 1528/1651/1501 1534/1658/1501 1533/1657/1501 1527/1650/1501
f 1529/1652/1502 1535/1659/1502 1534/1658/1502 1528/1651/1502
f 1530/1647/1503 1536/1654/1503 1535/1659/1503 1529/1652/1503
f 1531/1653/1504 1537/1660/1504 1542/1661/1504 1536/1654/1504
f 1532/1655/1505 1538/1662/1505 1537/1663/1505 1531/1656/1505
f 1533/1657/1506 1539/1664/1506 1538/1662/1506 1532/1655/1506
f 1534/1658/1507 1540/1665/1507 1539/1664/1507 1533/1657/1507
f 1535/1659/1508 1541/1666/1508 1540/1665/1508 1534/1658/1508
f 1536/1654/1509 1542/1661/1509 1541/1666/1509 1535/1659/1509
f 1537/1660/1510 1543/666/1510 1548/667/1510 1542/1661/1510
f 1538/1662/1511 1544/668/1511 1543/669/1511 1537/1663/1511
f 1539/1664/1512 1545/670/1512 1544/668/1512 1538/1662/1512
f 1540/1665/1513 1546/671/1513 1545/670/1513 1539/1664/1513
f 1541/1666/1514 1547/672/1514 1546/671/1514 1540/1665/1514
f 1542/1661/1515 1548/667/1515 1547/672/1515 1541/1666/1515
f 1543/666/1516 1549/1667/1516 1554/1668/1516 1548/667/1516
f 1544/668/1517 1550/1669/1517 1549/1670/1517 1543/669/1517
f 1545/670/1518 1551/1671/1518 1550/1669/1518 1544/668/1518
f 1546/671/1519 1552/1672/1519 1551/1671/1519 1545/670/1519
f 1547/672/1520 1553/1673/1520 1552/1672/1520 1546/671/1520
f 1548/667/1521 1554/1668/1521 1553/1673/1521 1547/672/1521
f 1549/1667/1522 1555/1674/1522 1560/1675/1522 1554/1668/1522
f 1550/1669/1523 1556/1676/1523 1555/1677/1523 1549/1670/1523
f 1551/1671/1524 1557/1678/1524 1556/1676/1524 1550/1669/1524
f 1552/1672/1525 1558/1679/1525 1557/1678/1525 1551/1671/1525
f 1553/1673/1526 1559/1680/1526 1558/1679/1526 1552/1672/1526
f 1554/1668/1527 1560/1675/1527 1559/1680/1527 1553/1673/1527
f 1555/1674/1528 1561/1681/1528 1566/1682/1528 1560/1675/1528
f 1556/1676/1529 1562/1683/1529 1561/1684/1529 1555/1677/1529
f 1557/1678/1530 1563/1685/1530 1562/1683/1530 1556/1676/1530
f 1558/1679/1531 1564/1686/1531 1563/1685/1531 1557/1678/1531
f 1559/1680/1532 1565/1687/1532 1564/1686/1532 1558/1679/1532
f 1560/1675/1533 1566/1682/1533 1565/1687/1533 1559/1680/1533
f 1561/1681/1534 1567/701/1534 1572/702/1534 1566/1682/1534
f 1562/1683/1535 1568/703/1535 1567/704/1535 1561/1684/1535
f 1563/1685/1536 1569/705/1536 1568/703/1536 1562/1683/1536
f 1564/1686/1537 1570/706/1537 1569/705/1537 1563/1685/1537
f 1565/1687/1538 1571/707/1538 1570/706/1538 1564/1686/1538
f 1566/1682/1539 1572/702/1539 1571/707/1539 1565/1687/1539
f 1567/701/1540 1573/1688/1540 1578/1689/1540 1572/702/1540
f 1568/703/1541 1574/1690/1541 1573/1691/1541 1567/704/1541
f 1569/705/1542 1575/1692/1542 1574/1690/1542 1568/703/1542
f 1570/706/1543 1576/1693/1543 1575/1692/1543 1569/705/1543
f 1571/707/1544 1577/1694/1544 1576/1693/1544 1570/706/1544
f 1572/702/1545 1578/1689/1545 1577/1694/1545 1571/707/1545
f 1573/1688/1546 1579/1695/1546 1584/1696/1546 1578/1689/1546
f 1574/1690/1547 1580/1697/1547 1579/1698/1547 1573/1691/1547
f 1575/1692/1548 1581/1699/1548 1580/1697/1548 1574/1690/1548
f 1576/1693/1549 1582/1700/1549 1581/1699/1549 1575/1692/1549
f 1577/1694/1550 1583/1701/1550 1582/1700/1550 1576/1693/1550
f 1578/1689/1551 1584/1696/1551 1583/1701/1551 1577/1694/1551
f 1579/1695/1552 1585/1702/1552 1590/1703/1552 1584/1696/1552
f 1580/1697/1553 1586/1704/1553 1585/1705/1553 1579/1698/1553
f 1581/1699/1554 1587/1706/1554 1586/1704/1554 1580/1697/1554
f 1582/1700/1555 1588/1707/1555 1587/1706/1555 1581/1699/1555
f 1583/1701/1556 1589/1708/1556 1588/1707/1556 1582/1700/1556
f 1584/1696/1557 1590/1703/1557 1589/1708/1557 1583/1701/1557
f 1585/1702/1558 1591/736/1558 1596/737/1558 1590/1703/1558
f 1586/1704/1559 1592/738/1559 1591/739/1559 1585/1705/1559
f 1587/1706/1560 1593/740/1560 1592/738/1560 1586/1704/1560
f 1588/1707/1561 1594/741/1561 1593/740/1561 1587/1706/1561
f 1589/1708/1562 1595/742/1562 1594/741/1562 1588/1707/1562
f 1590/1703/1563 1596/737/1563 1595/742/1563 1589/1708/1563
f 1591/736/1564 1597/1709/1564 1602/1710/1564 1596/737/1564
f 1592/738/1565 1598/1711/1565 1597/1712/1565 1591/739/1565
f 1593/740/1566 1599/1713/1566 1598/1711/1566 1592/738/1566
f 1594/741/1567 1600/1714/1567 1599/1713/1567 1593/740/1567
f 1595/742/1568 1601/1715/1568 1600/1714/1568 1594/741/1568
f 1596/737/1569 1602/1710/1569 1601/1715/1569 1595/742/1569
f 1597/1709/1570 1603/1716/1570 1608/1717/1570 1602/1710/1570
f 1598/1711/1571 1604/1718/1571 1603/1719/1571 1597/1712/1571
f 1599/1713/1572 1605/1720/1572 1604/1718/1572 1598/1711/1572
f 1600/1714/1573 1606/1721/1573 1605/1720/1573 1599/1713/1573
f 1601/1715/1574 1607/1722/1574 1606/1721/1574 1600/1714/1574
f 1602/1710/1575 1608/1717/1575 1607/1722/1575 1601/1715/1575
f 1603/1716/1576 1609/1723/1576 1614/1724/1576 1608/1717/1576
f 1604/1718/1577 1610/1725/1577 1609/1726/1577 1603/1719/1577
f 1605/1720/1578 1611/1727/1578 1610/1725/1578 1604/1718/1578
f 1606/1721/1579 1612/1728/1579 1611/1727/1579 1605/1720/1579
f 1607/1722/1580 1613/1729/1580 1612/1728/1580 1606/1721/1580
f 1608/1717/1581 1614/1724/1581 1613/1729/1581 1607/1722/1581
f 1609/1723/1582 1615/771/1582 1620/772/1582 1614/1724/1582
f 1610/1725/1583 1616/773/1583 1615/774/1583 1609/1726/1583
f 1611/1727/1584 1617/775/1584 1616/773/1584 1610/1725/1584
f 1612/1728/1585 1618/776/1585 1617/775/1585 1611/1727/1585
f 1613/1729/1586 1619/777/1586 1618/776/1586 1612/1728/1586
f 1614/1724/1587 1620/772/1587 1619/777/1587 1613/1729/1587
f 1615/771/1588 1621/1730/1588 1626/1731/1588 1620/772/1588
f 1616/773/1589 1622/1732/1589 1621/1733/1589 1615/774/1589
f 1617/775/1590 1623/1734/1590 1622/1732/1590 1616/773/1590
f 1618/776/1591 1624/1735/1591 1623/1734/1591 1617/775/1591
f 1619/777/1592 1625/1736/1592 1624/1735/1592 1618/776/1592
f 1620/772/1593 1626/1731/1593 1625/1736/1593 1619/777/1593
f 1621/1730/1594 1627/1737/1594 1632/1738/1594 1626/1731/1594
f 1622/1732/1595 1628/1739/1595 1627/1740/1595 1621/1733/1595
f 1623/1734/1596 1629/1741/1596 1628/1739/1596 1622/1732/1596
f 1624/1735/1597 1630/1742/1597 1629/1741/1597 1623/1734/1597
f 1625/1736/1598 1631/1743/1598 1630/1742/1598 1624/1735/1598
f 1626/1731/1599 1632/1738/1599 1631/1743/1599 1625/1736/1599
f 1627/1737/1600 1633/1744/1600 1638/1745/1600 1632/1738/1600
f 1628/1739/1601 1634/1746/1601 1633/1747/1601 1627/1740/1601
f 1629/1741/1602 1635/1748/1602 1634/1746/1602 1628/1739/1602
f 1630/1742/1603 1636/1749/1603 1635/1748/1603 1629/1741/1603
f 1631/1743/1604 1637/1750/1604 1636/1749/1604 1630/1742/1604
f 1632/1738/1605 1638/1745/1605 1637/1750/1605 1631/1743/1605
f 1633/1744/1606 1639/806/1606 1644/807/1606 1638/1745/1606
f 1634/1746/1607 1640/808/1607 1639/809/1607 1633/1747/1607
f 1635/1748/1608 1641/810/1608 1640/808/1608 1634/1746/1608
f 1636/1749/1609 1642/811/1609 1641/810/1609 1635/1748/1609
f 1637/1750/1610 1643/812/1610 1642/811/1610 1636/1749/1610
f 1638/1745/1611 1644/807/1611 1643/812/1611 1637/1750/1611
f 1639/806/1612 1645/1751/1612 1650/1752/1612 1644/807/1612
f 1640/808/1613 1646/1753/1613 1645/1754/1613 1639/809/1613
f 1641/810/1614 1647/1755/1614 1646/1753/1614 1640/808/1614
f 1642/811/1615 1648/1756/1615 1647/1755/1615 1641/810/1615
f 1643/812/1616 1649/1757/1616 1648/1756/1616 1642/811/1616
f 1644/807/1617 1650/1752/1617 1649/1757/1617 1643/812/1617
f 1645/1751/1618 1651/1758/1618 1656/1759/1618 1650/1752/1618
f 1646/1753/1619 1652/1760/1619 1651/1761/1619 1645/1754/1619
f 1647/1755/1620 1653/1762/1620 1652/1760/1620 1646/1753/1620
f 1648/1756/1621 1654/1763/1621 1653/1762/1621 1647/1755/1621
f 1649/1757/1622 1655/1764/1622 1654/1763/1622 1648/1756/1622
f 1650/1752/1623 1656/1759/1623 1655/1764/1623 1649/1757/1623
f 1651/1758/1624 1657/1765/1624 1662/1766/1624 1656/1759/1624
f 1652/1760/1625 1658/1767/1625 1657/1768/1625 1651/1761/1625
f 1653/1762/1626 1659/1769/1626 1658/1767/1626 1652/1760/1626
f 1654/1763/1627 1660/1770/1627 1659/1769/1627 1653/1762/1627
f 1655/1764/1628 1661/1771/1628 1660/1770/1628 1654/1763/1628
f 1656/1759/1629 1662/1766/1629 1661/1771/1629 1655/1764/1629
f 1657/1765/1630 1663/841/1630 1668/842/1630 1662/1766/1630
f 1658/1767/1631 1664/843/1631 1663/844/1631 1657/1768/1631
f 1659/1769/1632 1665/845/1632 1664/843/1632 1658/1767/1632
f 1660/1770/1633 1666/846/1633 1665/845/1633 1659/1769/1633
f 1661/1771/1634 1667/847/1634 1666/846/1634 1660/1770/1634
f 1662/1766/1635 1668/842/1635 1667/847/1635 1661/1771/1635
f 1663/841/1636 1669/1772/1636 1674/1773/1636 1668/842/1636
f 1664/843/1637 1670/1774/1637 1669/1775/1637 1663/844/1637
f 1665/845/1638 1671/1776/1638 1670/1774/1638 1664/843/1638
f 1666/846/1639 1672/1777/1639 1671/1776/1639 1665/845/1639
f 1667/847/1640 1673/1778/1640 1672/1777/1640 1666/846/1640
f 1668/842/1641 1674/1773/1641 1673/1778/1641 1667/847/1641
f 1669/1772/1642 1675/1779/1642 1680/1780/1642 1674/1773/1642
f 1670/1774/1643 1676/1781/1643 1675/1782/1643 1669/1775/1643
f 1671/1776/1644 1677/1783/1644 1676/1781/1644 1670/1774/1644
f 1672/1777/1645 1678/1784/1645 1677/1783/1645 1671/1776/1645
f 1673/1778/1646 1679/1785/1646 1678/1784/1646 1672/1777/1646
f 1674/1773/1647 1680/1780/1647 1679/1785/1647 1673/1778/1647
f 1675/1779/1648 1681/1786/1648 1686/1787/1648 1680/1780/1648
f 1676/1781/1649 1682/1788/1649 1681/1789/1649 1675/1782/1649
f 1677/1783/1650 1683/1790/1650 1682/1788/1650 1676/1781/1650
f 1678/1784/1651 1684/1791/1651 1683/1790/1651 1677/1783/1651
f 1679/1785/1652 1685/1792/1652 1684/1791/1652 1678/1784/1652
f 1680/1780/1653 1686/1787/1653 1685/1792/1653 1679/1785/1653
f 1681/1786/1654 1687/876/1654 1692/877/1654 1686/1787/1654
f 1682/1788/1655 1688/878/1655 1687/879/1655 1681/1789/1655
f 1683/1790/1656 1689/880/1656 1688/878/1656 1682/1788/1656
f 1684/1791/1657 1690/881/1657 1689/880/1657 1683/1790/1657
f 1685/1792/1658 1691/882/1658 1690/881/1658 1684/1791/1658
f 1686/1787/1659 1692/877/1659 1691/882/1659 1685/1792/1659
f 1687/876/1660 1693/1793/1660 1698/1794/1660 1692/877/1660
f 1688/878/1661 1694/1795/1661 1693/1796/1661 1687/879/1661
f 1689/880/1662 1695/1797/1662 1694/1795/1662 1688/878/1662
f 1690/881/1663 1696/1798/1663 1695/1797/1663 1689/880/1663
f 1691/882/1664 1697/1799/1664 1696/1798/1664 1690/881/1664
f 1692/877/1665 1698/1794/1665 1697/1799/1665 1691/882/1665
f 1693/1793/1666 1699/1800/1666 1704/1801/1666 1698/1794/1666
f 1694/1795/1667 1700/1802/1667 1699/1803/1667 1693/1796/1667
f 1695/1797/1668 1701/1804/1668 1700/1802/1668 1694/1795/1668
f 1696/1798/1669 1702/1805/1669 1701/1804/1669 1695/1797/1669
f 1697/1799/1670 1703/1806/1670 1702/1805/1670 1696/1798/1670
f 1698/1794/1671 1704/1801/1671 1703/1806/1671 1697/1799/1671
f 1699/1800/1672 1705/1807/1672 1710/1808/1672 1704/1801/1672
f 1700/1802/1673 1706/1809/1673 1705/1810/1673 1699/1803/1673
f 1701/1804/1674 1707/1811/1674 1706/1809/1674 1700/1802/1674
f 1702/1805/1675 1708/1812/1675 1707/1811/1675 1701/1804/1675
f 1703/1806/1676 1709/1813/1676 1708/1812/1676 1702/1805/1676
f 1704/1801/1677 1710/1808/1677 1709/1813/1677 1703/1806/1677
f 1705/1807/1678 1711/911/1678 1716/912/1678 1710/1808/1678
f 1706/1809/1679 1712/913/1679 1711/914/1679 1705/1810/1679
f 1707/1811/1680 1713/915/1680 1712/913/1680 1706/1809/1680
f 1708/1812/1681 1714/916/1681 1713/915/1681 1707/1811/1681
f 1709/1813/1682 1715/917/1682 1714/916/1682 1708/1812/1682
f 1710/1808/1683 1716/912/1683 1715/917/1683 1709/1813/1683
f 1711/911/1684 1717/1814/1684 1722/1815/1684 1716/912/1684
f 1712/913/1685 1718/1816/1685 1717/1817/1685 1711/914/1685
f 1713/915/1686 1719/1818/1686 1718/1816/1686 1712/913/1686
f 1714/916/1687 1720/1819/1687 1719/1818/1687 1713/915/1687
f 1715/917/1688 1721/1820/1688 1720/1819/1688 1714/916/1688
f 1716/912/1689 1722/1815/1689 1721/1820/1689 1715/917/1689
f 1717/1814/1690 1723/1821/1690 1728/1822/1690 1722/1815/1690
f 1718/1816/1691 1724/1823/1691 1723/1824/1691 1717/1817/1691
f 1719/1818/1692 1725/1825/1692 1724/1823/1692 1718/1816/1692
f 1720/1819/1693 1726/1826/1693 1725/1825/1693 1719/1818/1693
f 1721/1820/1694 1727/1827/1694 1726/1826/1694 1720/1819/1694
f 1722/1815/1695 1728/1822/1695 1727/1827/1695 1721/1820/1695
f 1723/1821/1696 1729/1828/1696 1734/1829/1696 1728/1822/1696
f 1724/1823/1697 1730/1830/1697 1729/1831/1697 1723/1824/1697
f 1725/1825/1698 1731/1832/1698 1730/1830/1698 1724/1823/1698
f 1726/1826/1699 1732/1833/1699 1731/1832/1699 1725/1825/1699
f 1727/1827/1700 1733/1834/1700 1732/1833/1700 1726/1826/1700
f 1728/1822/1701 1734/1829/1701 1733/1834/1701 1727/1827/1701
f 1729/1828/1702 1735/946/1702 1740/947/1702 1734/1829/1702
f 1730/1830/1703 1736/948/1703 1735/949/1703 1729/1831/1703
f 1731/1832/1704 1737/950/1704 1736/948/1704 1730/1830/1704
f 1732/1833/1705 1738/951/1705 1737/950/1705 1731/1832/1705
f 1733/1834/1706 1739/952/1706 1738/951/1706 1732/1833/1706
f 1734/1829/1707 1740/947/1707 1739/952/1707 1733/1834/1707
f 1735/946/1708 1741/1835/1708 1746/1836/1708 1740/947/1708
f 1736/948/1709 1742/1837/1709 1741/1838/1709 1735/949/1709
f 1737/950/1710 1743/1839/1710 1742/1837/1710 1736/948/1710
f 1738/951/1711 1744/1840/1711 1743/1839/1711 1737/950/1711
f 1739/952/1712 1745/1841/1712 1744/1840/1712 1738/951/1712
f 1740/947/1713 1746/1836/1713 1745/1841/1713 1739/952/1713
f 1741/1835/1714 1747/1842/1714 1752/1843/1714 1746/1836/1714
f 1742/1837/1715 1748/1844/1715 1747/1845/1715 1741/1838/1715
f 1743/1839/1716 1749/1846/1716 1748/1844/1716 1742/1837/1716
f 1744/1840/1717 1750/1847/1717 1749/1846/1717 1743/1839/1717
f 1745/1841/1718 1751/1848/1718 1750/1847/1718 1744/1840/1718
f 1746/1836/1719 1752/1843/1719 1751/1848/1719 1745/1841/1719
f 1747/1842/1720 1753/1849/1720 1758/1850/1720 1752/1843/1720
f 1748/1844/1721 1754/1851/1721 1753/1852/1721 1747/1845/1721
f 1749/1846/1722 1755/1853/1722 1754/1851/1722 1748/1844/1722
f 1750/1847/1723 1756/1854/1723 1755/1853/1723 1749/1846/1723
f 1751/1848/1724 1757/1855/1724 1756/1854/1724 1750/1847/1724
f 1752/1843/1725 1758/1850/1725 1757/1855/1725 1751/1848/1725
f 1753/1849/1726 1759/981/1726 1764/982/1726 1758/1850/1726
f 1754/1851/1727 1760/983/1727 1759/984/1727 1753/1852/1727
f 1755/1853/1728 1761/985/1728 1760/983/1728 1754/1851/1728
f 1756/1854/1729 1762/986/1729 1761/985/1729 1755/1853/1729
f 1757/1855/1730 1763/987/1730 1762/986/1730 1756/1854/1730
f 1758/1850/1731 1764/982/1731 1763/987/1731 1757/1855/1731
f 1759/981/1732 1765/1856/1732 1770/1857/1732 1764/982/1732
f 1760/983/1733 1766/1858/1733 1765/1859/1733 1759/984/1733
f 1761/985/1734 1767/1860/1734 1766/1858/1734 1760/983/1734
f 1762/986/1735 1768/1861/1735 1767/1860/1735 1761/985/1735
f 1763/987/1736 1769/1862/1736 1768/1861/1736 1762/986/1736
f 1764/982/1737 1770/1857/1737 1769/1862/1737 1763/987/1737
f 1765/1856/1738 1771/1863/1738 1776/1864/1738 1770/1857/1738
f 1766/1858/1739 1772/1865/1739 1771/1866/1739 1765/1859/1739
f 1767/1860/1740 1773/1867/1740 1772/1865/1740 1766/1858/1740
f 1768/1861/1741 1774/1868/1741 1773/1867/1741 1767/1860/1741
f 1769/1862/1742 1775/1869/1742 1774/1868/1742 1768/1861/1742
f 1770/1857/1743 1776/1864/1743 1775/1869/1743 1769/1862/1743
f 1771/1863/1738 1777/1870/1738 1782/1871/1738 1776/1864/1738
f 1772/1865/1739 1778/1872/1739 1777/1873/1739 1771/1866/1739
f 1773/1867/1740 1779/1874/1740 1778/1872/1740 1772/1865/1740
f 1774/1868/1741 1780/1875/1741 1779/1874/1741 1773/1867/1741
f 1775/1869/1742 1781/1876/1742 1780/1875/1742 1774/1868/1742
f 1776/1864/1743 1782/1871/1743 1781/1876/1743 1775/1869/1743
f 1777/1870/1744 1783/1016/1744 1788/1017/1744 1782/1871/1744
f 1778/1872/1733 1784/1018/1733 1783/1019/1733 1777/1873/1733
f 1779/1874/1745 1785/1020/1745 1784/1018/1745 1778/1872/1745
f 1780/1875/1746 1786/1021/1746 1785/1020/1746 1779/1874/1746
f 1781/1876/1736 1787/1022/1736 1786/1021/1736 1780/1875/1736
f 1782/1871/1747 1788/1017/1747 1787/1022/1747 1781/1876/1747
f 1783/1016/1748 1789/1877/1748 1794/1878/1748 1788/1017/1748
f 1784/1018/1727 1790/1879/1727 1789/1880/1727 1783/1019/1727
f 1785/1020/1749 1791/1881/1749 1790/1879/1749 1784/1018/1749
f 1786/1021/1750 1792/1882/1750 1791/1881/1750 1785/1020/1750
f 1787/1022/1730 1793/1883/1730 1792/1882/1730 1786/1021/1730
f 1788/1017/1751 1794/1878/1751 1793/1883/1751 1787/1022/1751
f 1789/1877/1752 1795/1884/1752 1800/1885/1752 1794/1878/1752
f 1790/1879/1753 1796/1886/1753 1795/1887/1753 1789/1880/1753
f 1791/1881/1754 1797/1888/1754 1796/1886/1754 1790/1879/1754
f 1792/1882/1755 1798/1889/1755 1797/1888/1755 1791/1881/1755
f 1793/1883/1756 1799/1890/1756 1798/1889/1756 1792/1882/1756
f 1794/1878/1757 1800/1885/1757 1799/1890/1757 1793/1883/1757
f 1795/1884/1758 1801/1891/1758 1806/1892/1758 1800/1885/1758
f 1796/1886/1759 1802/1893/1759 1801/1894/1759 1795/1887/1759
f 1797/1888/1760 1803/1895/1760 1802/1893/1760 1796/1886/1760
f 1798/1889/1761 1804/1896/1761 1803/1895/1761 1797/1888/1761
f 1799/1890/1762 1805/1897/1762 1804/1896/1762 1798/1889/1762
f 1800/1885/1763 1806/1892/1763 1805/1897/1763 1799/1890/1763
f 1801/1891/1764 1807/1051/1764 1812/1052/1764 1806/1892/1764
f 1802/1893/1765 1808/1053/1765 1807/1054/1765 1801/1894/1765
f 1803/1895/1766 1809/1055/1766 1808/1053/1766 1802/1893/1766
f 1804/1896/1767 1810/1056/1767 1809/1055/1767 1803/1895/1767
f 1805/1897/1768 1811/1057/1768 1810/1056/1768 1804/1896/1768
f 1806/1892/1769 1812/1052/1769 1811/1057/1769 1805/1897/1769
f 1807/1051/1770 1813/1898/1770 1818/1899/1770 1812/1052/1770
f 1808/1053/1771 1814/1900/1771 1813/1901/1771 1807/1054/1771
f 1809/1055/1772 1815/1902/1772 1814/1900/1772 1808/1053/1772
f 1810/1056/1773 1816/1903/1773 1815/1902/1773 1809/1055/1773
f 1811/1057/1774 1817/1904/1774 1816/1903/1774 1810/1056/1774
f 1812/1052/1775 1818/1899/1775 1817/1904/1775 1811/1057/1775
f 1813/1898/1776 1819/1905/1776 1824/1906/1776 1818/1899/1776
f 1814/1900/1777 1820/1907/1777 1819/1908/1777 1813/1901/1777
f 1815/1902/1778 1821/1909/1778 1820/1907/1778 1814/1900/1778
f 1816/1903/1779 1822/1910/1779 1821/1909/1779 1815/1902/1779
f 1817/1904/1780 1823/1911/1780 1822/1910/1780 1816/1903/1780
f 1818/1899/1781 1824/1906/1781 1823/1911/1781 1817/1904/1781
f 1819/1905/1782 1825/1912/1782 1830/1913/1782 1824/1906/1782
f 1820/1907/1783 1826/1914/1783 1825/1915/1783 1819/1908/1783
f 1821/1909/1784 1827/1916/1784 1826/1914/1784 1820/1907/1784
f 1822/1910/1785 1828/1917/1785 1827/1916/1785 1821/1909/1785
f 1823/1911/1786 1829/1918/1786 1828/1917/1786 1822/1910/1786
f 1824/1906/1787 1830/1913/1787 1829/1918/1787 1823/1911/1787
f 1825/1912/1788 1831/1086/1788 1836/1087/1788 1830/1913/1788
f 1826/1914/1789 1832/1088/1789 1831/1089/1789 1825/1915/1789
f 1827/1916/1790 1833/1090/1790 1832/1088/1790 1826/1914/1790
f 1828/1917/1791 1834/1091/1791 1833/1090/1791 1827/1916/1791
f 1829/1918/1792 1835/1092/1792 1834/1091/1792 1828/1917/1792
f 1830/1913/1793 1836/1087/1793 1835/1092/1793 1829/1918/1793
f 1831/1086/1794 1837/1919/1794 1842/1920/1794 1836/1087/1794
f 1832/1088/1795 1838/1921/1795 1837/1922/1795 1831/1089/1795
f 1833/1090/1796 1839/1923/1796 1838/1921/1796 1832/1088/1796
f 1834/1091/1797 1840/1924/1797 1839/1923/1797 1833/1090/1797
f 1835/1092/1798 1841/1925/1798 1840/1924/1798 1834/1091/1798
f 1836/1087/1799 1842/1920/1799 1841/1925/1799 1835/1092/1799
f 1837/1919/1800 1843/1926/1800 1848/1927/1800 1842/1920/1800
f 1838/1921/1801 1844/1928/1801 1843/1929/1801 1837/1922/1801
f 1839/1923/1802 1845/1930/1802 1844/1928/1802 1838/1921/1802
f 1840/1924/1803 1846/1931/1803 1845/1930/1803 1839/1923/1803
f 1841/1925/1804 1847/1932/1804 1846/1931/1804 1840/1924/1804
f 1842/1920/1805 1848/1927/1805 1847/1932/1805 1841/1925/1805
f 1843/1926/1806 1849/1933/1806 1854/1934/1806 1848/1927/1806
f 1844/1928/1807 1850/1935/1807 1849/1936/1807 1843/1929/1807
f 1845/1930/1808 1851/1937/1808 1850/1935/1808 1844/1928/1808
f 1846/1931/1809 1852/1938/1809 1851/1937/1809 1845/1930/1809
f 1847/1932/1810 1853/1939/1810 1852/1938/1810 1846/1931/1810
f 1848/1927/1811 1854/1934/1811 1853/1939/1811 1847/1932/1811
f 1849/1933/1812 1855/1121/1812 1860/1122/1812 1854/1934/1812
f 1850/1935/1813 1856/1123/1813 1855/1124/1813 1849/1936/1813
f 1851/1937/1814 1857/1125/1814 1856/1123/1814 1850/1935/1814
f 1852/1938/1815 1858/1126/1815 1857/1125/1815 1851/1937/1815
f 1853/1939/1816 1859/1127/1816 1858/1126/1816 1852/1938/1816
f 1854/1934/1817 1860/1122/1817 1859/1127/1817 1853/1939/1817
f 1855/1121/1818 1861/1940/1818 1866/1941/1818 1860/1122/1818
f 1856/1123/1819 1862/1942/1819 1861/1943/1819 1855/1124/1819
f 1857/1125/1820 1863/1944/1820 1862/1942/1820 1856/1123/1820
f 1858/1126/1821 1864/1945/1821 1863/1944/1821 1857/1125/1821
f 1859/1127/1822 1865/1946/1822 1864/1945/1822 1858/1126/1822
f 1860/1122/1823 1866/1941/1823 1865/1946/1823 1859/1127/1823
f 1861/1940/1824 1867/1947/1824 1872/1948/1824 1866/1941/1824
f 1862/1942/1825 1868/1949/1825 1867/1950/1825 1861/1943/1825
f 1863/1944/1826 1869/1951/1826 1868/1949/1826 1862/1942/1826
f 1864/1945/1827 1870/1952/1827 1869/1951/1827 1863/1944/1827
f 1865/1946/1828 1871/1953/1828 1870/1952/1828 1864/1945/1828
f 1866/1941/1829 1872/1948/1829 1871/1953/1829 1865/1946/1829
f 1867/1947/1830 1873/1954/1830 1878/1955/1830 1872/1948/1830
f 1868/1949/1831 1874/1956/1831 1873/1957/1831 1867/1950/1831
f 1869/1951/1832 1875/1958/1832 1874/1956/1832 1868/1949/1832
f 1870/1952/1833 1876/1959/1833 1875/1958/1833 1869/1951/1833
f 1871/1953/1834 1877/1960/1834 1876/1959/1834 1870/1952/1834
f 1872/1948/1835 1878/1955/1835 1877/1960/1835 1871/1953/1835
f 1873/1954/1836 1879/1156/1836 1884/1157/1836 1878/1955/1836
f 1874/1956/1837 1880/1158/1837 1879/1159/1837 1873/1957/1837
f 1875/1958/1838 1881/1160/1838 1880/1158/1838 1874/1956/1838
f 1876/1959/1839 1882/1161/1839 1881/1160/1839 1875/1958/1839
f 1877/1960/1840 1883/1162/1840 1882/1161/1840 1876/1959/1840
f 1878/1955/1841 1884/1157/1841 1883/1162/1841 1877/1960/1841
f 1879/1156/1842 1885/1961/1842 1890/1962/1842 1884/1157/1842
f 1880/1158/1843 1886/1963/1843 1885/1964/1843 1879/1159/1843
f 1881/1160/1844 1887/1965/1844 1886/1963/1844 1880/1158/1844
f 1882/1161/1845 1888/1966/1845 1887/1965/1845 1881/1160/1845
f 1883/1162/1846 1889/1967/1846 1888/1966/1846 1882/1161/1846
f 1884/1157/1847 1890/1962/1847 1889/1967/1847 1883/1162/1847
f 1885/1961/1848 1891/1968/1848 1896/1969/1848 1890/1962/1848
f 1886/1963/1849 1892/1970/1849 1891/1971/1849 1885/1964/1849
f 1887/1965/1850 1893/1972/1850 1892/1970/1850 1886/1963/1850
f 1888/1966/1851 1894/1973/1851 1893/1972/1851 1887/1965/1851
f 1889/1967/1852 1895/1974/1852 1894/1973/1852 1888/1966/1852
f 1890/1962/1853 1896/1969/1853 1895/1974/1853 1889/1967/1853
f 1891/1968/1854 1897/1975/1854 1902/1976/1854 1896/1969/1854
f 1892/1970/1855 1898/1977/1855 1897/1978/1855 1891/1971/1855
f 1893/1972/1856 1899/1979/1856 1898/1977/1856 1892/1970/1856
f 1894/1973/1857 1900/1980/1857 1899/1979/1857 1893/1972/1857
f 1895/1974/1858 1901/1981/1858 1900/1980/1858 1894/1973/1858
f 1896/1969/1859 1902/1976/1859 1901/1981/1859 1895/1974/1859
f 1897/1975/1860 1903/1191/1860 1908/1192/1860 1902/1976/1860
f 1898/1977/1861 1904/1193/1861 1903/1194/1861 1897/1978/1861
f 1899/1979/1862 1905/1195/1862 1904/1193/1862 1898/1977/1862
f 1900/1980/1863 1906/1196/1863 1905/1195/1863 1899/1979/1863
f 1901/1981/1864 1907/1197/1864 1906/1196/1864 1900/1980/1864
f 1902/1976/1865 1908/1192/1865 1907/1197/1865 1901/1981/1865
f 1903/1191/1866 1909/1982/1866 1914/1983/1866 1908/1192/1866
f 1904/1193/1867 1910/1984/1867 1909/1985/1867 1903/1194/1867
f 1905/1195/1868 1911/1986/1868 1910/1984/1868 1904/1193/1868
f 1906/1196/1869 1912/1987/1869 1911/1986/1869 1905/1195/1869
f 1907/1197/1870 1913/1988/1870 1912/1987/1870 1906/1196/1870
f 1908/1192/1871 1914/1983/1871 1913/1988/1871 1907/1197/1871
f 1909/1982/1872 1915/1989/1872 1920/1990/1872 1914/1983/1872
f 1910/1984/1873 1916/1991/1873 1915/1992/1873 1909/1985/1873
f 1911/1986/1874 1917/1993/1874 1916/1991/1874 1910/1984/1874
f 1912/1987/1875 1918/1994/1875 1917/1993/1875 1911/1986/1875
f 1913/1988/1876 1919/1995/1876 1918/1994/1876 1912/1987/1876
f 1914/1983/1877 1920/1990/1877 1919/1995/1877 1913/1988/1877
f 1915/1989/1878 1921/1996/1878 1926/1997/1878 1920/1990/1878
f 1916/1991/1879 1922/1998/1879 1921/1999/1879 1915/1992/1879
f 1917/1993/1880 1923/2000/1880 1922/1998/1880 1916/1991/1880
f 1918/1994/1881 1924/2001/1881 1923/2000/1881 1917/1993/1881
f 1919/1995/1882 1925/2002/1882 1924/2001/1882 1918/1994/1882
f 1920/1990/1883 1926/1997/1883 1925/2002/1883 1919/1995/1883
f 1921/1996/1884 1927/1226/1884 1932/1227/1884 1926/1997/1884
f 1922/1998/1885 1928/1228/1885 1927/1229/1885 1921/1999/1885
f 1923/2000/1886 1929/1230/1886 1928/1228/1886 1922/1998/1886
f 1924/2001/1887 1930/1231/1887 1929/1230/1887 1923/2000/1887
f 1925/2002/1888 1931/1232/1888 1930/1231/1888 1924/2001/1888
f 1926/1997/1889 1932/1227/1889 1931/1232/1889 1925/2002/1889
f 1927/1226/1890 1933/2003/1890 1938/2004/1890 1932/1227/1890
f 1928/1228/1891 1934/2005/1891 1933/2006/1891 1927/1229/1891
f 1929/1230/1892 1935/2007/1892 1934/2005/1892 1928/1228/1892
f 1930/1231/1893 1936/2008/1893 1935/2007/1893 1929/1230/1893
f 1931/1232/1894 1937/2009/1894 1936/2008/1894 1930/1231/1894
f 1932/1227/1895 1938/2004/1895 1937/2009/1895 1931/1232/1895
f 1933/2003/1896 1939/2010/1896 1944/2011/1896 1938/2004/1896
f 1934/2005/1897 1940/2012/1897 1939/2013/1897 1933/2006/1897
f 1935/2007/1898 1941/2014/1898 1940/2012/1898 1934/2005/1898
f 1936/2008/1899 1942/2015/1899 1941/2014/1899 1935/2007/1899
f 1937/2009/1900 1943/2016/1900 1942/2015/1900 1936/2008/1900
f 1938/2004/1901 1944/2011/1901 1943/2016/1901 1937/2009/1901
f 1939/2010/1902 1945/2017/1902 1950/2018/1902 1944/2011/1902
f 1940/2012/1903 1946/2019/1903 1945/2020/1903 1939/2013/1903
f 1941/2014/1904 1947/2021/1904 1946/2019/1904 1940/2012/1904
f 1942/2015/1905 1948/2022/1905 1947/2021/1905 1941/2014/1905
f 1943/2016/1906 1949/2023/1906 1948/2022/1906 1942/2015/1906
f 1944/2011/1907 1950/2018/1907 1949/2023/1907 1943/2016/1907
f 1945/2017/1908 1951/1261/1908 1956/1262/1908 1950/2018/1908
f 1946/2019/1909 1952/1263/1909 1951/1264/1909 1945/2020/1909
f 1947/2021/1910 1953/1265/1910 1952/1263/1910 1946/2019/1910
f 1948/2022/1911 1954/1266/1911 1953/1265/1911 1947/2021/1911
f 1949/2023/1912 1955/1267/1912 1954/1266/1912 1948/2022/1912
f 1950/2018/1913 1956/1262/1913 1955/1267/1913 1949/2023/1913
f 1957/1/1914 1963/2/1914 1968/3/1914 1962/4/1914
f 1958/5/1915 1964/6/1915 1963/7/1915 1957/8/1915
f 1959/9/1916 1965/10/1916 1964/6/1916 1958/5/1916
f 1960/11/1917 1966/12/1917 1965/10/1917 1959/9/1917
f 1961/13/1918 1967/14/1918 1966/12/1918 1960/11/1918
f 1962/4/1919 1968/3/1919 1967/14/1919 1961/13/1919
f 1963/2/1920 1969/15/1920 1974/16/1920 1968/3/1920
f 1964/6/1921 1970/17/1921 1969/18/1921 1963/7/1921
f 1965/10/1922 1971/19/1922 1970/17/1922 1964/6/1922
f 1966/12/1923 1972/20/1923 1971/19/1923 1965/10/1923
f 1967/14/1924 1973/21/1924 1972/20/1924 1966/12/1924
f 1968/3/1925 1974/16/1925 1973/21/1925 1967/14/1925
f 1969/15/1926 1975/22/1926 1980/23/1926 1974/16/1926
f 1970/17/1927 1976/24/1927 1975/25/1927 1969/18/1927
f 1971/19/1928 1977/26/1928 1976/24/1928 1970/17/1928
f 1972/20/1929 1978/27/1929 1977/26/1929 1971/19/1929
f 1973/21/1930 1979/28/1930 1978/27/1930 1972/20/1930
f 1974/16/1931 1980/23/1931 1979/28/1931 1973/21/1931
f 1975/22/1932 1981/29/1932 1986/30/1932 1980/23/1932
f 1976/24/1933 1982/31/1933 1981/32/1933 1975/25/1933
f 1977/26/1934 1983/33/1934 1982/31/1934 1976/24/1934
f 1978/27/1935 1984/34/1935 1983/33/1935 1977/26/1935
f 1979/28/1936 1985/35/1936 1984/34/1936 1978/27/1936
f 1980/23/1937 1986/30/1937 1985/35/1937 1979/28/1937
f 1981/29/1938 1987/36/1938 1992/37/1938 1986/30/1938
f 1982/31/1939 1988/38/1939 1987/39/1939 1981/32/1939
f 1983/33/1940 1989/40/1940 1988/38/1940 1982/31/1940
f 1984/34/1941 1990/41/1941 1989/40/1941 1983/33/1941
f 1985/35/1942 1991/42/1942 1990/41/1942 1984/34/1942
f 1986/30/1943 1992/37/1943 1991/42/1943 1985/35/1943
f 1987/36/1944 1993/43/1944 1998/44/1944 1992/37/1944
f 1988/38/1945 1994/45/1945 1993/46/1945 1987/39/1945
f 1989/40/1946 1995/47/1946 1994/45/1946 1988/38/1946
f 1990/41/1947 1996/48/1947 1995/47/1947 1989/40/1947
f 1991/42/1948 1997/49/1948 1996/48/1948 1990/41/1948
f 1992/37/1949 1998/44/1949 1997/49/1949 1991/42/1949
f 1993/43/1950 1999/50/1950 2004/51/1950 1998/44/1950
f 1994/45/1951 2000/52/1951 1999/53/1951 1993/46/1951
f 1995/47/1952 2001/54/1952 2000/52/1952 1994/45/1952
f 1996/48/1953 2002/55/1953 2001/54/1953 1995/47/1953
f 1997/49/1954 2003/56/1954 2002/55/1954 1996/48/1954
f 1998/44/1955 2004/51/1955 2003/56/1955 1997/49/1955
f 1999/50/1956 2005/57/1956 2010/58/1956 2004/51/1956
f 2000/52/1957 2006/59/1957 2005/60/1957 1999/53/1957
f 2001/54/1958 2007/61/1958 2006/59/1958 2000/52/1958
f 2002/55/1959 2008/62/1959 2007/61/1959 2001/54/1959
f 2003/56/1960 2009/63/1960 2008/62/1960 2002/55/1960
f 2004/51/1961 2010/58/1961 2009/63/1961 2003/56/1961
f 2005/57/1962 2011/64/1962 2016/65/1962 2010/58/1962
f 2006/59/1963 2012/66/1963 2011/67/1963 2005/60/1963
f 2007/61/1964 2013/68/1964 2012/66/1964 2006/59/1964
f 2008/62/1965 2014/69/1965 2013/68/1965 2007/61/1965
f 2009/63/1966 2015/70/1966 2014/69/1966 2008/62/1966
f 2010/58/1967 2016/65/1967 2015/70/1967 2009/63/1967
f 2011/64/1968 2017/71/1968 2022/72/1968 2016/65/1968
f 2012/66/1969 2018/73/1969 2017/74/1969 2011/67/1969
f 2013/68/1970 2019/75/1970 2018/73/1970 2012/66/1970
f 2014/69/1971 2020/76/1971 2019/75/1971 2013/68/1971
f 2015/70/1972 2021/77/1972 2020/76/1972 2014/69/1972
f 2016/65/1973 2022/72/1973 2021/77/1973 2015/70/1973
f 2017/71/1974 2023/78/1974 2028/79/1974 2022/72/1974
f 2018/73/1975 2024/80/1975 2023/81/1975 2017/74/1975
f 2019/75/1976 2025/82/1976 2024/80/1976 2018/73/1976
f 2020/76/1977 2026/83/1977 2025/82/1977 2019/75/1977
f 2021/77/1978 2027/84/1978 2026/83/1978 2020/76/1978
f 2022/72/1979 2028/79/1979 2027/84/1979 2021/77/1979
f 2023/78/1980 2029/85/1980 2034/86/1980 2028/79/1980
f 2024/80/1981 2030/87/1981 2029/88/1981 2023/81/1981
f 2025/82/1982 2031/89/1982 2030/87/1982 2024/80/1982
f 2026/83/1983 2032/90/1983 2031/89/1983 2025/82/1983
f 2027/84/1984 2033/91/1984 2032/90/1984 2026/83/1984
f 2028/79/1985 2034/86/1985 2033/91/1985 2027/84/1985
f 2029/85/1986 2035/92/1986 2040/93/1986 2034/86/1986
f 2030/87/1987 2036/94/1987 2035/95/1987 2029/88/1987
f 2031/89/1988 2037/96/1988 2036/94/1988 2030/87/1988
f 2032/90/1989 2038/97/1989 2037/96/1989 2031/89/1989
f 2033/91/1990 2039/98/1990 2038/97/1990 2032/90/1990
f 2034/86/1991 2040/93/1991 2039/98/1991 2033/91/1991
f 2035/92/1992 2041/99/1992 2046/100/1992 2040/93/1992
f 2036/94/1993 2042/101/1993 2041/102/1993 2035/95/1993
f 2037/96/1994 2043/103/1994 2042/101/1994 2036/94/1994
f 2038/97/1995 2044/104/1995 2043/103/1995 2037/96/1995
f 2039/98/1996 2045/105/1996 2044/104/1996 2038/97/1996
f 2040/93/1997 2046/100/1997 2045/105/1997 2039/98/1997
f 2041/99/1998 2047/106/1998 2052/107/1998 2046/100/1998
f 2042/101/1999 2048/108/1999 2047/109/1999 2041/102/1999
f 2043/103/2000 2049/110/2000 2048/108/2000 2042/101/2000
f 2044/104/2001 2050/111/2001 2049/110/2001 2043/103/2001
f 2045/105/2002 2051/112/2002 2050/111/2002 2044/104/2002
f 2046/100/2003 2052/107/2003 2051/112/2003 2045/105/2003
f 2047/106/2004 2053/113/2004 2058/114/2004 2052/107/2004
f 2048/108/2005 2054/115/2005 2053/116/2005 2047/109/2005
f 2049/110/2006 2055/117/2006 2054/115/2006 2048/108/2006
f 2050/111/2007 2056/118/2007 2055/117/2007 2049/110/2007
f 2051/112/2008 2057/119/2008 2056/118/2008 2050/111/2008
f 2052/107/2009 2058/114/2009 2057/119/2009 2051/112/2009
f 2053/113/2010 2059/120/2010 2064/121/2010 2058/114/2010
f 2054/115/2011 2060/122/2011 2059/123/2011 2053/116/2011
f 2055/117/2012 2061/124/2012 2060/122/2012 2054/115/2012
f 2056/118/2013 2062/125/2013 2061/124/2013 2055/117/2013
f 2057/119/2014 2063/126/2014 2062/125/2014 2056/118/2014
f 2058/114/2015 2064/121/2015 2063/126/2015 2057/119/2015
f 2059/120/2016 2065/127/2016 2070/128/2016 2064/121/2016
f 2060/122/2017 2066/129/2017 2065/130/2017 2059/123/2017
f 2061/124/2018 2067/131/2018 2066/129/2018 2060/122/2018
f 2062/125/2019 2068/132/2019 2067/131/2019 2061/124/2019
f 2063/126/2020 2069/133/2020 2068/132/2020 2062/125/2020
f 2064/121/2021 2070/128/2021 2069/133/2021 2063/126/2021
f 2065/127/2022 2071/134/2022 2076/135/2022 2070/128/2022
f 2066/129/2023 2072/136/2023 2071/137/2023 2065/130/2023
f 2067/131/2024 2073/138/2024 2072/136/2024 2066/129/2024
f 2068/132/2025 2074/139/2025 2073/138/2025 2067/131/2025
f 2069/133/2026 2075/140/2026 2074/139/2026 2068/132/2026
f 2070/128/2027 2076/135/2027 2075/140/2027 2069/133/2027
f 2071/134/2028 2077/141/2028 2082/142/2028 2076/135/2028
f 2072/136/2029 2078/143/2029 2077/144/2029 2071/137/2029
f 2073/138/2030 2079/145/2030 2078/143/2030 2072/136/2030
f 2074/139/2031 2080/146/2031 2079/145/2031 2073/138/2031
f 2075/140/2032 2081/147/2032 2080/146/2032 2074/139/2032
f 2076/135/2033 2082/142/2033 2081/147/2033 2075/140/2033
f 2077/141/2034 2083/148/2034 2088/149/2034 2082/142/2034
f 2078/143/2035 2084/150/2035 2083/151/2035 2077/144/2035
f 2079/145/2036 2085/152/2036 2084/150/2036 2078/143/2036
f 2080/146/2037 2086/153/2037 2085/152/2037 2079/145/2037
f 2081/147/2038 2087/154/2038 2086/153/2038 2080/146/2038
f 2082/142/2039 2088/149/2039 2087/154/2039 2081/147/2039
f 2083/148/2040 2089/155/2040 2094/156/2040 2088/149/2040
f 2084/150/2041 2090/157/2041 2089/158/2041 2083/151/2041
f 2085/152/2042 2091/159/2042 2090/157/2042 2084/150/2042
f 2086/153/2043 2092/160/2043 2091/159/2043 2085/152/2043
f 2087/154/2044 2093/161/2044 2092/160/2044 2086/153/2044
f 2088/149/2045 2094/156/2045 2093/161/2045 2087/154/2045
f 2089/155/2046 2095/162/2046 2100/163/2046 2094/156/2046
f 2090/157/2047 2096/164/2047 2095/165/2047 2089/158/2047
f 2091/159/2048 2097/166/2048 2096/164/2048 2090/157/2048
f 2092/160/2049 2098/167/2049 2097/166/2049 2091/159/2049
f 2093/161/2050 2099/168/2050 2098/167/2050 2092/160/2050
f 2094/156/2051 2100/163/2051 2099/168/2051 2093/161/2051
f 2095/162/2052 2101/169/2052 2106/170/2052 2100/163/2052
f 2096/164/2053 2102/171/2053 2101/172/2053 2095/165/2053
f 2097/166/2054 2103/173/2054 2102/171/2054 2096/164/2054
f 2098/167/2055 2104/174/2055 2103/173/2055 2097/166/2055
f 2099/168/2056 2105/175/2056 2104/174/2056 2098/167/2056
f 2100/163/2057 2106/170/2057 2105/175/2057 2099/168/2057
f 2101/169/2058 2107/176/2058 2112/177/2058 2106/170/2058
f 2102/171/2059 2108/178/2059 2107/179/2059 2101/172/2059
f 2103/173/2060 2109/180/2060 2108/178/2060 2102/171/2060
f 2104/174/2061 2110/181/2061 2109/180/2061 2103/173/2061
f 2105/175/2062 2111/182/2062 2110/181/2062 2104/174/2062
f 2106/170/2063 2112/177/2063 2111/182/2063 2105/175/2063
f 2107/176/2064 2113/183/2064 2118/184/2064 2112/177/2064
f 2108/178/2065 2114/185/2065 2113/186/2065 2107/179/2065
f 2109/180/2066 2115/187/2066 2114/185/2066 2108/178/2066
f 2110/181/2067 2116/188/2067 2115/187/2067 2109/180/2067
f 2111/182/2068 2117/189/2068 2116/188/2068 2110/181/2068
f 2112/177/2069 2118/184/2069 2117/189/2069 2111/182/2069
f 2113/183/2070 2119/190/2070 2124/191/2070 2118/184/2070
f 2114/185/2071 2120/192/2071 2119/193/2071 2113/186/2071
f 2115/187/2072 2121/194/2072 2120/192/2072 2114/185/2072
f 2116/188/2073 2122/195/2073 2121/194/2073 2115/187/2073
f 2117/189/2074 2123/196/2074 2122/195/2074 2116/188/2074
f 2118/184/2075 2124/191/2075 2123/196/2075 2117/189/2075
f 2119/190/2076 2125/197/2076 2130/198/2076 2124/191/2076
f 2120/192/2077 2126/199/2077 2125/200/2077 2119/193/2077
f 2121/194/2078 2127/201/2078 2126/199/2078 2120/192/2078
f 2122/195/2079 2128/202/2079 2127/201/2079 2121/194/2079
f 2123/196/2080 2129/203/2080 2128/202/2080 2122/195/2080
f 2124/191/2081 2130/198/2081 2129/203/2081 2123/196/2081
f 2125/197/2082 2131/204/2082 2136/205/2082 2130/198/2082
f 2126/199/2083 2132/206/2083 2131/207/2083 2125/200/2083
f 2127/201/2084 2133/208/2084 2132/206/2084 2126/199/2084
f 2128/202/2085 2134/209/2085 2133/208/2085 2127/201/2085
f 2129/203/2086 2135/210/2086 2134/209/2086 2128/202/2086
f 2130/198/2087 2136/205/2087 2135/210/2087 2129/203/2087
f 2131/204/2088 2137/211/2088 2142/212/2088 2136/205/2088
f 2132/206/2089 2138/213/2089 2137/214/2089 2131/207/2089
f 2133/208/2090 2139/215/2090 2138/213/2090 2132/206/2090
f 2134/209/2091 2140/216/2091 2139/215/2091 2133/208/2091
f 2135/210/2092 2141/217/2092 2140/216/2092 2134/209/2092
f 2136/205/2093 2142/212/2093 2141/217/2093 2135/210/2093
f 2137/211/2094 2143/218/2094 2148/219/2094 2142/212/2094
f 2138/213/2095 2144/220/2095 2143/221/2095 2137/214/2095
f 2139/215/2096 2145/222/2096 2144/220/2096 2138/213/2096
f 2140/216/2097 2146/223/2097 2145/222/2097 2139/215/2097
f 2141/217/2098 2147/224/2098 2146/223/2098 2140/216/2098
f 2142/212/2099 2148/219/2099 2147/224/2099 2141/217/2099
f 2143/218/2100 2149/225/2100 2154/226/2100 2148/219/2100
f 2144/220/2101 2150/227/2101 2149/228/2101 2143/221/2101
f 2145/222/2102 2151/229/2102 2150/227/2102 2144/220/2102
f 2146/223/2103 2152/230/2103 2151/229/2103 2145/222/2103
f 2147/224/2104 2153/231/2104 2152/230/2104 2146/223/2104
f 2148/219/2105 2154/226/2105 2153/231/2105 2147/224/2105
f 2149/225/2106 2155/232/2106 2160/233/2106 2154/226/2106
f 2150/227/2107 2156/234/2107 2155/235/2107 2149/228/2107
f 2151/229/2108 2157/236/2108 2156/234/2108 2150/227/2108
f 2152/230/2109 2158/237/2109 2157/236/2109 2151/229/2109
f 2153/231/2110 2159/238/2110 2158/237/2110 2152/230/2110
f 2154/226/2111 2160/233/2111 2159/238/2111 2153/231/2111
f 2155/232/2112 2161/239/2112 2166/240/2112 2160/233/2112
f 2156/234/2113 2162/241/2113 2161/242/2113 2155/235/2113
f 2157/236/2114 2163/243/2114 2162/241/2114 2156/234/2114
f 2158/237/2115 2164/244/2115 2163/243/2115 2157/236/2115
f 2159/238/2116 2165/245/2116 2164/244/2116 2158/237/2116
f 2160/233/2117 2166/240/2117 2165/245/2117 2159/238/2117
f 2161/239/2118 2167/246/2118 2172/247/2118 2166/240/2118
f 2162/241/2119 2168/248/2119 2167/249/2119 2161/242/2119
f 2163/243/2120 2169/250/2120 2168/248/2120 2162/241/2120
f 2164/244/2121 2170/251/2121 2169/250/2121 2163/243/2121
f 2165/245/2122 2171/252/2122 2170/251/2122 2164/244/2122
f 2166/240/2123 2172/247/2123 2171/252/2123 2165/245/2123
f 2167/246/2124 2173/253/2124 2178/254/2124 2172/247/2124
f 2168/248/2125 2174/255/2125 2173/256/2125 2167/249/2125
f 2169/250/2126 2175/257/2126 2174/255/2126 2168/248/2126
f 2170/251/2127 2176/258/2127 2175/257/2127 2169/250/2127
f 2171/252/2128 2177/259/2128 2176/258/2128 2170/251/2128
f 2172/247/2129 2178/254/2129 2177/259/2129 2171/252/2129
f 2173/253/2130 2179/260/2130 2184/261/2130 2178/254/2130
f 2174/255/2131 2180/262/2131 2179/263/2131 2173/256/2131
f 2175/257/2132 2181/264/2132 2180/262/2132 2174/255/2132
f 2176/258/2133 2182/265/2133 2181/264/2133 2175/257/2133
f 2177/259/2134 2183/266/2134 2182/265/2134 2176/258/2134
f 2178/254/2135 2184/261/2135 2183/266/2135 2177/259/2135
f 2179/260/2136 2185/267/2136 2190/268/2136 2184/261/2136
f 2180/262/2137 2186/269/2137 2185/270/2137 2179/263/2137
f 2181/264/2138 2187/271/2138 2186/269/2138 2180/262/2138
f 2182/265/2139 2188/272/2139 2187/271/2139 2181/264/2139
f 2183/266/2140 2189/273/2140 2188/272/2140 2182/265/2140
f 2184/261/2141 2190/268/2141 2189/273/2141 2183/266/2141
f 2185/267/2142 2191/274/2142 2196/275/2142 2190/268/2142
f 2186/269/2143 2192/276/2143 2191/277/2143 2185/270/2143
f 2187/271/2144 2193/278/2144 2192/276/2144 2186/269/2144
f 2188/272/2145 2194/279/2145 2193/278/2145 2187/271/2145
f 2189/273/2146 2195/280/2146 2194/279/2146 2188/272/2146
f 2190/268/2147 2196/275/2147 2195/280/2147 2189/273/2147
f 2191/274/2148 2197/281/2148 2202/282/2148 2196/275/2148
f 2192/276/2149 2198/283/2149 2197/284/2149 2191/277/2149
f 2193/278/2150 2199/285/2150 2198/283/2150 2192/276/2150
f 2194/279/2151 2200/286/2151 2199/285/2151 2193/278/2151
f 2195/280/2152 2201/287/2152 2200/286/2152 2194/279/2152
f 2196/275/2153 2202/282/2153 2201/287/2153 2195/280/2153
f 2197/281/2154 2203/288/2154 2208/289/2154 2202/282/2154
f 2198/283/2155 2204/290/2155 2203/291/2155 2197/284/2155
f 2199/285/2156 2205/292/2156 2204/290/2156 2198/283/2156
f 2200/286/2157 2206/293/2157 2205/292/2157 2199/285/2157
f 2201/287/2158 2207/294/2158 2206/293/2158 2200/286/2158
f 2202/282/2159 2208/289/2159 2207/294/2159 2201/287/2159
f 2203/288/2160 2209/295/2160 2214/296/2160 2208/289/2160
f 2204/290/2161 2210/297/2161 2209/298/2161 2203/291/2161
f 2205/292/2162 2211/299/2162 2210/297/2162 2204/290/2162
f 2206/293/2163 2212/300/2163 2211/299/2163 2205/292/2163
f 2207/294/2164 2213/301/2164 2212/300/2164 2206/293/2164
f 2208/289/2165 2214/296/2165 2213/301/2165 2207/294/2165
f 2209/295/2166 2215/302/2166 2220/303/2166 2214/296/2166
f 2210/297/2167 2216/304/2167 2215/305/2167 2209/298/2167
f 2211/299/2168 2217/306/2168 2216/304/2168 2210/297/2168
f 2212/300/2169 2218/307/2169 2217/306/2169 2211/299/2169
f 2213/301/2170 2219/308/2170 2218/307/2170 2212/300/2170
f 2214/296/2171 2220/303/2171 2219/308/2171 2213/301/2171
f 2215/302/2172 2221/309/2172 2226/310/2172 2220/303/2172
f 2216/304/2173 2222/311/2173 2221/312/2173 2215/305/2173
f 2217/306/2174 2223/313/2174 2222/311/2174 2216/304/2174
f 2218/307/2175 2224/314/2175 2223/313/2175 2217/306/2175
f 2219/308/2176 2225/315/2176 2224/314/2176 2218/307/2176
f 2220/303/2177 2226/310/2177 2225/315/2177 2219/308/2177
f 2221/309/2178 2227/316/2178 2232/317/2178 2226/310/2178
f 2222/311/2179 2228/318/2179 2227/319/2179 2221/312/2179
f 2223/313/2180 2229/320/2180 2228/318/2180 2222/311/2180
f 2224/314/2181 2230/321/2181 2229/320/2181 2223/313/2181
f 2225/315/2182 2231/322/2182 2230/321/2182 2224/314/2182
f 2226/310/2183 2232/317/2183 2231/322/2183 2225/315/2183
f 2227/316/2184 2233/323/2184 2238/324/2184 2232/317/2184
f 2228/318/2185 2234/325/2185 2233/326/2185 2227/319/2185
f 2229/320/2186 2235/327/2186 2234/325/2186 2228/318/2186
f 2230/321/2187 2236/328/2187 2235/327/2187 2229/320/2187
f 2231/322/2188 2237/329/2188 2236/328/2188 2230/321/2188
f 2232/317/2189 2238/324/2189 2237/329/2189 2231/322/2189
f 2233/323/2190 2239/330/2190 2244/331/2190 2238/324/2190
f 2234/325/2191 2240/332/2191 2239/333/2191 2233/326/2191
f 2235/327/2192 2241/334/2192 2240/332/2192 2234/325/2192
f 2236/328/2193 2242/335/2193 2241/334/2193 2235/327/2193
f 2237/329/2194 2243/336/2194 2242/335/2194 2236/328/2194
f 2238/324/2195 2244/331/2195 2243/336/2195 2237/329/2195
f 2239/330/2196 2245/337/2196 2250/338/2196 2244/331/2196
f 2240/332/2197 2246/339/2197 2245/340/2197 2239/333/2197
f 2241/334/2198 2247/341/2198 2246/339/2198 2240/332/2198
f 2242/335/2199 2248/342/2199 2247/341/2199 2241/334/2199
f 2243/336/2200 2249/343/2200 2248/342/2200 2242/335/2200
f 2244/331/2201 2250/338/2201 2249/343/2201 2243/336/2201
f 2245/337/2202 2251/344/2202 2256/345/2202 2250/338/2202
f 2246/339/2203 2252/346/2203 2251/347/2203 2245/340/2203
f 2247/341/2204 2253/348/2204 2252/346/2204 2246/339/2204
f 2248/342/2205 2254/349/2205 2253/348/2205 2247/341/2205
f 2249/343/2206 2255/350/2206 2254/349/2206 2248/342/2206
f 2250/338/2207 2256/345/2207 2255/350/2207 2249/343/2207
f 2251/344/2208 2257/351/2208 2262/352/2208 2256/345/2208
f 2252/346/2209 2258/353/2209 2257/354/2209 2251/347/2209
f 2253/348/2210 2259/355/2210 2258/353/2210 2252/346/2210
f 2254/349/2211 2260/356/2211 2259/355/2211 2253/348/2211
f 2255/350/2212 2261/357/2212 2260/356/2212 2254/349/2212
f 2256/345/2213 2262/352/2213 2261/357/2213 2255/350/2213
f 2257/351/2214 2263/358/2214 2268/359/2214 2262/352/2214
f 2258/353/2215 2264/360/2215 2263/361/2215 2257/354/2215
f 2259/355/2216 2265/362/2216 2264/360/2216 2258/353/2216
f 2260/356/2217 2266/363/2217 2265/362/2217 2259/355/2217
f 2261/357/2218 2267/364/2218 2266/363/2218 2260/356/2218
f 2262/352/2219 2268/359/2219 2267/364/2219 2261/357/2219
f 2263/358/2220 2269/365/2220 2274/366/2220 2268/359/2220
f 2264/360/2221 2270/367/2221 2269/368/2221 2263/361/2221
f 2265/362/2222 2271/369/2222 2270/367/2222 2264/360/2222
f 2266/363/2223 2272/370/2223 2271/369/2223 2265/362/2223
f 2267/364/2224 2273/371/2224 2272/370/2224 2266/363/2224
f 2268/359/2225 2274/366/2225 2273/371/2225 2267/364/2225
f 2269/365/2226 2275/372/2226 2280/373/2226 2274/366/2226
f 2270/367/2227 2276/374/2227 2275/375/2227 2269/368/2227
f 2271/369/2228 2277/376/2228 2276/374/2228 2270/367/2228
f 2272/370/2229 2278/377/2229 2277/376/2229 2271/369/2229
f 2273/371/2230 2279/378/2230 2278/377/2230 2272/370/2230
f 2274/366/2231 2280/373/2231 2279/378/2231 2273/371/2231
f 2275/372/2232 2281/379/2232 2286/380/2232 2280/373/2232
f 2276/374/2233 2282/381/2233 2281/382/2233 2275/375/2233
f 2277/376/2234 2283/383/2234 2282/381/2234 2276/374/2234
f 2278/377/2235 2284/384/2235 2283/383/2235 2277/376/2235
f 2279/378/2236 2285/385/2236 2284/384/2236 2278/377/2236
f 2280/373/2237 2286/380/2237 2285/385/2237 2279/378/2237
f 2281/379/2238 2287/386/2238 2292/387/2238 2286/380/2238
f 2282/381/2239 2288/388/2239 2287/389/2239 2281/382/2239
f 2283/383/2240 2289/390/2240 2288/388/2240 2282/381/2240
f 2284/384/2241 2290/391/2241 2289/390/2241 2283/383/2241
f 2285/385/2242 2291/392/2242 2290/391/2242 2284/384/2242
f 2286/380/2243 2292/387/2243 2291/392/2243 2285/385/2243
f 2287/386/2244 2293/393/2244 2298/394/2244 2292/387/2244
f 2288/388/2245 2294/395/2245 2293/396/2245 2287/389/2245
f 2289/390/2246 2295/397/2246 2294/395/2246 2288/388/2246
f 2290/391/2247 2296/398/2247 2295/397/2247 2289/390/2247
f 2291/392/2248 2297/399/2248 2296/398/2248 2290/391/2248
f 2292/387/2249 2298/394/2249 2297/399/2249 2291/392/2249
f 2293/393/2250 2299/400/2250 2304/401/2250 2298/394/2250
f 2294/395/2251 2300/402/2251 2299/403/2251 2293/396/2251
f 2295/397/2252 2301/404/2252 2300/402/2252 2294/395/2252
f 2296/398/2253 2302/405/2253 2301/404/2253 2295/397/2253
f 2297/399/2254 2303/406/2254 2302/405/2254 2296/398/2254
f 2298/394/2255 2304/401/2255 2303/406/2255 2297/399/2255
f 2299/400/2256 2305/407/2256 2310/408/2256 2304/401/2256
f 2300/402/2257 2306/409/2257 2305/410/2257 2299/403/2257
f 2301/404/2258 2307/411/2258 2306/409/2258 2300/402/2258
f 2302/405/2259 2308/412/2259 2307/411/2259 2301/404/2259
f 2303/406/2260 2309/413/2260 2308/412/2260 2302/405/2260
f 2304/401/2261 2310/408/2261 2309/413/2261 2303/406/2261
f 2305/407/2262 2311/414/2262 2316/415/2262 2310/408/2262
f 2306/409/2263 2312/416/2263 2311/417/2263 2305/410/2263
f 2307/411/2264 2313/418/2264 2312/416/2264 2306/409/2264
f 2308/412/2265 2314/419/2265 2313/418/2265 2307/411/2265
f 2309/413/2266 2315/420/2266 2314/419/2266 2308/412/2266
f 2310/408/2267 2316/415/2267 2315/420/2267 2309/413/2267
f 2311/414/2268 2317/421/2268 2322/422/2268 2316/415/2268
f 2312/416/2269 2318/423/2269 2317/424/2269 2311/417/2269
f 2313/418/2270 2319/425/2270 2318/423/2270 2312/416/2270
f 2314/419/2271 2320/426/2271 2319/425/2271 2313/418/2271
f 2315/420/2272 2321/427/2272 2320/426/2272 2314/419/2272
f 2316/415/2273 2322/422/2273 2321/427/2273 2315/420/2273
f 2317/421/2274 2323/428/2274 2328/429/2274 2322/422/2274
f 2318/423/2275 2324/430/2275 2323/431/2275 2317/424/2275
f 2319/425/2276 2325/432/2276 2324/430/2276 2318/423/2276
f 2320/426/2277 2326/433/2277 2325/432/2277 2319/425/2277
f 2321/427/2278 2327/434/2278 2326/433/2278 2320/426/2278
f 2322/422/2279 2328/429/2279 2327/434/2279 2321/427/2279
f 2323/428/2280 2329/435/2280 2334/436/2280 2328/429/2280
f 2324/430/2281 2330/437/2281 2329/438/2281 2323/431/2281
f 2325/432/2282 2331/439/2282 2330/437/2282 2324/430/2282
f 2326/433/2283 2332/440/2283 2331/439/2283 2325/432/2283
f 2327/434/2284 2333/441/2284 2332/440/2284 2326/433/2284
f 2328/429/2285 2334/436/2285 2333/441/2285 2327/434/2285
f 2329/435/2286 2335/442/2286 2340/443/2286 2334/436/2286
f 2330/437/2287 2336/444/2287 2335/445/2287 2329/438/2287
f 2331/439/2288 2337/446/2288 2336/444/2288 2330/437/2288
f 2332/440/2289 2338/447/2289 2337/446/2289 2331/439/2289
f 2333/441/2290 2339/448/2290 2338/447/2290 2332/440/2290
f 2334/436/2291 2340/443/2291 2339/448/2291 2333/441/2291
f 2335/442/2292 2341/449/2292 2346/450/2292 2340/443/2292
f 2336/444/2293 2342/451/2293 2341/452/2293 2335/445/2293
f 2337/446/2294 2343/453/2294 2342/451/2294 2336/444/2294
f 2338/447/2295 2344/454/2295 2343/453/2295 2337/446/2295
f 2339/448/2296 2345/455/2296 2344/454/2296 2338/447/2296
f 2340/443/2297 2346/450/2297 2345/455/2297 2339/448/2297
f 2341/449/2298 2347/456/2298 2352/457/2298 2346/450/2298
f 2342/451/2299 2348/458/2299 2347/459/2299 2341/452/2299
f 2343/453/2300 2349/460/2300 2348/458/2300 2342/451/2300
f 2344/454/2301 2350/461/2301 2349/460/2301 2343/453/2301
f 2345/455/2302 2351/462/2302 2350/461/2302 2344/454/2302
f 2346/450/2303 2352/457/2303 2351/462/2303 2345/455/2303
f 2347/456/2304 2353/463/2304 2358/464/2304 2352/457/2304
f 2348/458/2305 2354/465/2305 2353/466/2305 2347/459/2305
f 2349/460/2306 2355/467/2306 2354/465/2306 2348/458/2306
f 2350/461/2307 2356/468/2307 2355/467/2307 2349/460/2307
f 2351/462/2308 2357/469/2308 2356/468/2308 2350/461/2308
f 2352/457/2309 2358/464/2309 2357/469/2309 2351/462/2309
f 2353/463/2310 2359/470/2310 2364/471/2310 2358/464/2310
f 2354/465/2311 2360/472/2311 2359/473/2311 2353/466/2311
f 2355/467/2312 2361/474/2312 2360/472/2312 2354/465/2312
f 2356/468/2313 2362/475/2313 2361/474/2313 2355/467/2313
f 2357/469/2314 2363/476/2314 2362/475/2314 2356/468/2314
f 2358/464/2315 2364/471/2315 2363/476/2315 2357/469/2315
f 2359/470/2316 2365/477/2316 2370/478/2316 2364/471/2316
f 2360/472/2317 2366/479/2317 2365/480/2317 2359/473/2317
f 2361/474/2318 2367/481/2318 2366/479/2318 2360/472/2318
f 2362/475/2319 2368/482/2319 2367/481/2319 2361/474/2319
f 2363/476/2320 2369/483/2320 2368/482/2320 2362/475/2320
f 2364/471/2321 2370/478/2321 2369/483/2321 2363/476/2321
f 2365/477/2322 2371/484/2322 2376/485/2322 2370/478/2322
f 2366/479/2323 2372/486/2323 2371/487/2323 2365/480/2323
f 2367/481/2324 2373/488/2324 2372/486/2324 2366/479/2324
f 2368/482/2325 2374/489/2325 2373/488/2325 2367/481/2325
f 2369/483/2326 2375/490/2326 2374/489/2326 2368/482/2326
f 2370/478/2327 2376/485/2327 2375/490/2327 2369/483/2327
f 2371/484/2328 2377/491/2328 2382/492/2328 2376/485/2328
f 2372/486/2329 2378/493/2329 2377/494/2329 2371/487/2329
f 2373/488/2330 2379/495/2330 2378/493/2330 2372/486/2330
f 2374/489/2331 2380/496/2331 2379/495/2331 2373/488/2331
f 2375/490/2332 2381/497/2332 2380/496/2332 2374/489/2332
f 2376/485/2333 2382/492/2333 2381/497/2333 2375/490/2333
f 2377/491/2334 2383/498/2334 2388/499/2334 2382/492/2334
f 2378/493/2335 2384/500/2335 2383/501/2335 2377/494/2335
f 2379/495/2336 2385/502/2336 2384/500/2336 2378/493/2336
f 2380/496/2337 2386/503/2337 2385/502/2337 2379/495/2337
f 2381/497/2338 2387/504/2338 2386/503/2338 2380/496/2338
f 2382/492/2339 2388/499/2339 2387/504/2339 2381/497/2339
f 2383/498/2340 2389/505/2340 2394/506/2340 2388/499/2340
f 2384/500/2341 2390/507/2341 2389/508/2341 2383/501/2341
f 2385/502/2342 2391/509/2342 2390/507/2342 2384/500/2342
f 2386/503/2343 2392/510/2343 2391/509/2343 2385/502/2343
f 2387/504/2344 2393/511/2344 2392/510/2344 2386/503/2344
f 2388/499/2345 2394/506/2345 2393/511/2345 2387/504/2345
f 2389/505/2346 2395/512/2346 2400/513/2346 2394/506/2346
f 2390/507/2347 2396/514/2347 2395/515/2347 2389/508/2347
f 2391/509/2348 2397/516/2348 2396/514/2348 2390/507/2348
f 2392/510/2349 2398/517/2349 2397/516/2349 2391/509/2349
f 2393/511/2350 2399/518/2350 2398/517/2350 2392/510/2350
f 2394/506/2351 2400/513/2351 2399/518/2351 2393/511/2351
f 2395/512/2352 2401/519/2352 2406/520/2352 2400/513/2352
f 2396/514/2353 2402/521/2353 2401/522/2353 2395/515/2353
f 2397/516/2354 2403/523/2354 2402/521/2354 2396/514/2354
f 2398/517/2355 2404/524/2355 2403/523/2355 2397/516/2355
f 2399/518/2356 2405/525/2356 2404/524/2356 2398/517/2356
f 2400/513/2357 2406/520/2357 2405/525/2357 2399/518/2357
f 2401/519/2358 2407/526/2358 2412/527/2358 2406/520/2358
f 2402/521/2359 2408/528/2359 2407/529/2359 2401/522/2359
f 2403/523/2360 2409/530/2360 2408/528/2360 2402/521/2360
f 2404/524/2361 2410/531/2361 2409/530/2361 2403/523/2361
f 2405/525/2362 2411/532/2362 2410/531/2362 2404/524/2362
f 2406/520/2363 2412/527/2363 2411/532/2363 2405/525/2363
f 2407/526/2364 2413/533/2364 2418/534/2364 2412/527/2364
f 2408/528/2365 2414/535/2365 2413/536/2365 2407/529/2365
f 2409/530/2366 2415/537/2366 2414/535/2366 2408/528/2366
f 2410/531/2367 2416/538/2367 2415/537/2367 2409/530/2367
f 2411/532/2368 2417/539/2368 2416/538/2368 2410/531/2368
f 2412/527/2369 2418/534/2369 2417/539/2369 2411/532/2369
f 2413/533/2370 2419/540/2370 2424/541/2370 2418/534/2370
f 2414/535/2371 2420/542/2371 2419/543/2371 2413/536/2371
f 2415/537/2372 2421/544/2372 2420/542/2372 2414/535/2372
f 2416/538/2373 2422/545/2373 2421/544/2373 2415/537/2373
f 2417/539/2374 2423/546/2374 2422/545/2374 2416/538/2374
f 2418/534/2375 2424/541/2375 2423/546/2375 2417/539/2375
f 2419/540/2376 2425/547/2376 2430/548/2376 2424/541/2376
f 2420/542/2377 2426/549/2377 2425/550/2377 2419/543/2377
f 2421/544/2378 2427/551/2378 2426/549/2378 2420/542/2378
f 2422/545/2379 2428/552/2379 2427/551/2379 2421/544/2379
f 2423/546/2380 2429/553/2380 2428/552/2380 2422/545/2380
f 2424/541/2381 2430/548/2381 2429/553/2381 2423/546/2381
f 2425/547/2382 2431/554/2382 2436/555/2382 2430/548/2382
f 2426/549/2383 2432/556/2383 2431/557/2383 2425/550/2383
f 2427/551/2384 2433/558/2384 2432/556/2384 2426/549/2384
f 2428/552/2385 2434/559/2385 2433/558/2385 2427/551/2385
f 2429/553/2386 2435/560/2386 2434/559/2386 2428/552/2386
f 2430/548/2387 2436/555/2387 2435/560/2387 2429/553/2387
f 2431/554/2388 2437/561/2388 2442/562/2388 2436/555/2388
f 2432/556/2389 2438/563/2389 2437/564/2389 2431/557/2389
f 2433/558/2390 2439/565/2390 2438/563/2390 2432/556/2390
f 2434/559/2391 2440/566/2391 2439/565/2391 2433/558/2391
f 2435/560/2392 2441/567/2392 2440/566/2392 2434/559/2392
f 2436/555/2393 2442/562/2393 2441/567/2393 2435/560/2393
f 2437/561/2394 2443/568/2394 2448/569/2394 2442/562/2394
f 2438/563/2395 2444/570/2395 2443/571/2395 2437/564/2395
f 2439/565/2396 2445/572/2396 2444/570/2396 2438/563/2396
f 2440/566/2397 2446/573/2397 2445/572/2397 2439/565/2397
f 2441/567/2398 2447/574/2398 2446/573/2398 2440/566/2398
f 2442/562/2399 2448/569/2399 2447/574/2399 2441/567/2399
f 2443/568/2400 2449/575/2400 2454/576/2400 2448/569/2400
f 2444/570/2401 2450/577/2401 2449/578/2401 2443/571/2401
f 2445/572/2402 2451/579/2402 2450/577/2402 2444/570/2402
f 2446/573/2403 2452/580/2403 2451/579/2403 2445/572/2403
f 2447/574/2404 2453/581/2404 2452/580/2404 2446/573/2404
f 2448/569/2405 2454/576/2405 2453/581/2405 2447/574/2405
f 2449/575/2406 2455/582/2406 2460/583/2406 2454/576/2406
f 2450/577/2407 2456/584/2407 2455/585/2407 2449/578/2407
f 2451/579/2408 2457/586/2408 2456/584/2408 2450/577/2408
f 2452/580/2409 2458/587/2409 2457/586/2409 2451/579/2409
f 2453/581/2410 2459/588/2410 2458/587/2410 2452/580/2410
f 2454/576/2411 2460/583/2411 2459/588/2411 2453/581/2411
f 2455/582/2412 2461/589/2412 2466/590/2412 2460/583/2412
f 2456/584/2413 2462/591/2413 2461/592/2413 2455/585/2413
f 2457/586/2414 2463/593/2414 2462/591/2414 2456/584/2414
f 2458/587/2415 2464/594/2415 2463/593/2415 2457/586/2415
f 2459/588/2416 2465/595/2416 2464/594/2416 2458/587/2416
f 2460/583/2417 2466/590/2417 2465/595/2417 2459/588/2417
f 2461/589/2418 2467/596/2418 2472/597/2418 2466/590/2418
f 2462/591/2419 2468/598/2419 2467/599/2419 2461/592/2419
f 2463/593/2420 2469/600/2420 2468/598/2420 2462/591/2420
f 2464/594/2421 2470/601/2421 2469/600/2421 2463/593/2421
f 2465/595/2422 2471/602/2422 2470/601/2422 2464/594/2422
f 2466/590/2423 2472/597/2423 2471/602/2423 2465/595/2423
f 2467/596/2424 2473/603/2424 2478/604/2424 2472/597/2424
f 2468/598/2425 2474/605/2425 2473/606/2425 2467/599/2425
f 2469/600/2426 2475/607/2426 2474/605/2426 2468/598/2426
f 2470/601/2427 2476/608/2427 2475/607/2427 2469/600/2427
f 2471/602/2428 2477/609/2428 2476/608/2428 2470/601/2428
f 2472/597/2429 2478/604/2429 2477/609/2429 2471/602/2429
f 2473/603/2430 2479/610/2430 2484/611/2430 2478/604/2430
f 2474/605/2431 2480/612/2431 2479/613/2431 2473/606/2431
f 2475/607/2432 2481/614/2432 2480/612/2432 2474/605/2432
f 2476/608/2433 2482/615/2433 2481/614/2433 2475/607/2433
f 2477/609/2434 2483/616/2434 2482/615/2434 2476/608/2434
f 2478/604/2435 2484/611/2435 2483/616/2435 2477/609/2435
f 2479/610/2436 2485/617/2436 2490/618/2436 2484/611/2436
f 2480/612/2437 2486/619/2437 2485/620/2437 2479/613/2437
f 2481/614/2438 2487/621/2438 2486/619/2438 2480/612/2438
f 2482/615/2439 2488/622/2439 2487/621/2439 2481/614/2439
f 2483/616/2440 2489/623/2440 2488/622/2440 2482/615/2440
f 2484/611/2441 2490/618/2441 2489/623/2441 2483/616/2441
f 2485/617/2442 2491/624/2442 2496/625/2442 2490/618/2442
f 2486/619/2443 2492/626/2443 2491/627/2443 2485/620/2443
f 2487/621/2444 2493/628/2444 2492/626/2444 2486/619/2444
f 2488/622/2445 2494/629/2445 2493/628/2445 2487/621/2445
f 2489/623/2446 2495/630/2446 2494/629/2446 2488/622/2446
f 2490/618/2447 2496/625/2447 2495/630/2447 2489/623/2447
f 2491/624/2448 2497/631/2448 2502/632/2448 2496/625/2448
f 2492/626/2449 2498/633/2449 2497/634/2449 2491/627/2449
f 2493/628/2450 2499/635/2450 2498/633/2450 2492/626/2450
f 2494/629/2451 2500/636/2451 2499/635/2451 2493/628/2451
f 2495/630/2452 2501/637/2452 2500/636/2452 2494/629/2452
f 2496/625/2453 2502/632/2453 2501/637/2453 2495/630/2453
f 2497/631/2454 2503/638/2454 2508/639/2454 2502/632/2454
f 2498/633/2455 2504/640/2455 2503/641/2455 2497/634/2455
f 2499/635/2456 2505/642/2456 2504/640/2456 2498/633/2456
f 2500/636/2457 2506/643/2457 2505/642/2457 2499/635/2457
f 2501/637/2458 2507/644/2458 2506/643/2458 2500/636/2458
f 2502/632/2459 2508/639/2459 2507/644/2459 2501/637/2459
f 2503/638/2460 2509/645/2460 2514/646/2460 2508/639/2460
f 2504/640/2461 2510/647/2461 2509/648/2461 2503/641/2461
f 2505/642/2462 2511/649/2462 2510/647/2462 2504/640/2462
f 2506/643/2463 2512/650/2463 2511/649/2463 2505/642/2463
f 2507/644/2464 2513/651/2464 2512/650/2464 2506/643/2464
f 2508/639/2465 2514/646/2465 2513/651/2465 2507/644/2465
f 2509/645/2466 2515/652/2466 2520/653/2466 2514/646/2466
f 2510/647/2467 2516/654/2467 2515/655/2467 2509/648/2467
f 2511/649/2468 2517/656/2468 2516/654/2468 2510/647/2468
f 2512/650/2469 2518/657/2469 2517/656/2469 2511/649/2469
f 2513/651/2470 2519/658/2470 2518/657/2470 2512/650/2470
f 2514/646/2471 2520/653/2471 2519/658/2471 2513/651/2471
f 2515/652/2472 2521/659/2472 2526/660/2472 2520/653/2472
f 2516/654/2473 2522/661/2473 2521/662/2473 2515/655/2473
f 2517/656/2474 2523/663/2474 2522/661/2474 2516/654/2474
f 2518/657/2475 2524/664/2475 2523/663/2475 2517/656/2475
f 2519/658/2476 2525/665/2476 2524/664/2476 2518/657/2476
f 2520/653/2477 2526/660/2477 2525/665/2477 2519/658/2477
f 2521/659/2478 2527/666/2478 2532/667/2478 2526/660/2478
f 2522/661/2479 2528/668/2479 2527/669/2479 2521/662/2479
f 2523/663/2480 2529/670/2480 2528/668/2480 2522/661/2480
f 2524/664/2481 2530/671/2481 2529/670/2481 2523/663/2481
f 2525/665/2482 2531/672/2482 2530/671/2482 2524/664/2482
f 2526/660/2483 2532/667/2483 2531/672/2483 2525/665/2483
f 2527/666/2484 2533/673/2484 2538/674/2484 2532/667/2484
f 2528/668/2485 2534/675/2485 2533/676/2485 2527/669/2485
f 2529/670/2486 2535/677/2486 2534/675/2486 2528/668/2486
f 2530/671/2487 2536/678/2487 2535/677/2487 2529/670/2487
f 2531/672/2488 2537/679/2488 2536/678/2488 2530/671/2488
f 2532/667/2489 2538/674/2489 2537/679/2489 2531/672/2489
f 2533/673/2490 2539/680/2490 2544/681/2490 2538/674/2490
f 2534/675/2491 2540/682/2491 2539/683/2491 2533/676/2491
f 2535/677/2492 2541/684/2492 2540/682/2492 2534/675/2492
f 2536/678/2493 2542/685/2493 2541/684/2493 2535/677/2493
f 2537/679/2494 2543/686/2494 2542/685/2494 2536/678/2494
f 2538/674/2495 2544/681/2495 2543/686/2495 2537/679/2495
f 2539/680/2496 2545/687/2496 2550/688/2496 2544/681/2496
f 2540/682/2497 2546/689/2497 2545/690/2497 2539/683/2497
f 2541/684/2498 2547/691/2498 2546/689/2498 2540/682/2498
f 2542/685/2499 2548/692/2499 2547/691/2499 2541/684/2499
f 2543/686/2500 2549/693/2500 2548/692/2500 2542/685/2500
f 2544/681/2501 2550/688/2501 2549/693/2501 2543/686/2501
f 2545/687/2502 2551/694/2502 2556/695/2502 2550/688/2502
f 2546/689/2503 2552/696/2503 2551/697/2503 2545/690/2503
f 2547/691/2504 2553/698/2504 2552/696/2504 2546/689/2504
f 2548/692/2505 2554/699/2505 2553/698/2505 2547/691/2505
f 2549/693/2506 2555/700/2506 2554/699/2506 2548/692/2506
f 2550/688/2507 2556/695/2507 2555/700/2507 2549/693/2507
f 2551/694/2508 2557/701/2508 2562/702/2508 2556/695/2508
f 2552/696/2509 2558/703/2509 2557/704/2509 2551/697/2509
f 2553/698/2510 2559/705/2510 2558/703/2510 2552/696/2510
f 2554/699/2511 2560/706/2511 2559/705/2511 2553/698/2511
f 2555/700/2512 2561/707/2512 2560/706/2512 2554/699/2512
f 2556/695/2513 2562/702/2513 2561/707/2513 2555/700/2513
f 2557/701/2514 2563/708/2514 2568/709/2514 2562/702/2514
f 2558/703/2515 2564/710/2515 2563/711/2515 2557/704/2515
f 2559/705/2516 2565/712/2516 2564/710/2516 2558/703/2516
f 2560/706/2517 2566/713/2517 2565/712/2517 2559/705/2517
f 2561/707/2518 2567/714/2518 2566/713/2518 2560/706/2518
f 2562/702/2519 2568/709/2519 2567/714/2519 2561/707/2519
f 2563/708/2508 2569/715/2508 2574/716/2508 2568/709/2508
f 2564/710/2520 2570/717/2520 2569/718/2520 2563/711/2520
f 2565/712/2521 2571/719/2521 2570/717/2521 2564/710/2521
f 2566/713/2522 2572/720/2522 2571/719/2522 2565/712/2522
f 2567/714/2523 2573/721/2523 2572/720/2523 2566/713/2523
f 2568/709/2524 2574/716/2524 2573/721/2524 2567/714/2524
f 2569/715/2525 2575/722/2525 2580/723/2525 2574/716/2525
f 2570/717/2526 2576/724/2526 2575/725/2526 2569/718/2526
f 2571/719/2527 2577/726/2527 2576/724/2527 2570/717/2527
f 2572/720/2528 2578/727/2528 2577/726/2528 2571/719/2528
f 2573/721/2529 2579/728/2529 2578/727/2529 2572/720/2529
f 2574/716/2530 2580/723/2530 2579/728/2530 2573/721/2530
f 2575/722/2531 2581/729/2531 2586/730/2531 2580/723/2531
f 2576/724/2532 2582/731/2532 2581/732/2532 2575/725/2532
f 2577/726/2533 2583/733/2533 2582/731/2533 2576/724/2533
f 2578/727/2534 2584/734/2534 2583/733/2534 2577/726/2534
f 2579/728/2535 2585/735/2535 2584/734/2535 2578/727/2535
f 2580/723/2536 2586/730/2536 2585/735/2536 2579/728/2536
f 2581/729/2537 2587/736/2537 2592/737/2537 2586/730/2537
f 2582/731/2538 2588/738/2538 2587/739/2538 2581/732/2538
f 2583/733/2539 2589/740/2539 2588/738/2539 2582/731/2539
f 2584/734/2540 2590/741/2540 2589/740/2540 2583/733/2540
f 2585/735/2541 2591/742/2541 2590/741/2541 2584/734/2541
f 2586/730/2542 2592/737/2542 2591/742/2542 2585/735/2542
f 2587/736/2543 2593/743/2543 2598/744/2543 2592/737/2543
f 2588/738/2544 2594/745/2544 2593/746/2544 2587/739/2544
f 2589/740/2545 2595/747/2545 2594/745/2545 2588/738/2545
f 2590/741/2546 2596/748/2546 2595/747/2546 2589/740/2546
f 2591/742/2547 2597/749/2547 2596/748/2547 2590/741/2547
f 2592/737/2548 2598/744/2548 2597/749/2548 2591/742/2548
f 2593/743/2549 2599/750/2549 2604/751/2549 2598/744/2549
f 2594/745/2550 2600/752/2550 2599/753/2550 2593/746/2550
f 2595/747/2551 2601/754/2551 2600/752/2551 2594/745/2551
f 2596/748/2552 2602/755/2552 2601/754/2552 2595/747/2552
f 2597/749/2553 2603/756/2553 2602/755/2553 2596/748/2553
f 2598/744/2554 2604/751/2554 2603/756/2554 2597/749/2554
f 2599/750/2555 2605/757/2555 2610/758/2555 2604/751/2555
f 2600/752/2556 2606/759/2556 2605/760/2556 2599/753/2556
f 2601/754/2557 2607/761/2557 2606/759/2557 2600/752/2557
f 2602/755/2558 2608/762/2558 2607/761/2558 2601/754/2558
f 2603/756/2559 2609/763/2559 2608/762/2559 2602/755/2559
f 2604/751/2560 2610/758/2560 2609/763/2560 2603/756/2560
f 2605/757/2561 2611/764/2561 2616/765/2561 2610/758/2561
f 2606/759/2562 2612/766/2562 2611/767/2562 2605/760/2562
f 2607/761/2563 2613/768/2563 2612/766/2563 2606/759/2563
f 2608/762/2564 2614/769/2564 2613/768/2564 2607/761/2564
f 2609/763/2565 2615/770/2565 2614/769/2565 2608/762/2565
f 2610/758/2566 2616/765/2566 2615/770/2566 2609/763/2566
f 2611/764/2567 2617/771/2567 2622/772/2567 2616/765/2567
f 2612/766/2568 2618/773/2568 2617/774/2568 2611/767/2568
f 2613/768/2569 2619/775/2569 2618/773/2569 2612/766/2569
f 2614/769/2570 2620/776/2570 2619/775/2570 2613/768/2570
f 2615/770/2571 2621/777/2571 2620/776/2571 2614/769/2571
f 2616/765/2572 2622/772/2572 2621/777/2572 2615/770/2572
f 2617/771/2573 2623/778/2573 2628/779/2573 2622/772/2573
f 2618/773/2574 2624/780/2574 2623/781/2574 2617/774/2574
f 2619/775/2575 2625/782/2575 2624/780/2575 2618/773/2575
f 2620/776/2576 2626/783/2576 2625/782/2576 2619/775/2576
f 2621/777/2577 2627/784/2577 2626/783/2577 2620/776/2577
f 2622/772/2578 2628/779/2578 2627/784/2578 2621/777/2578
f 2623/778/2579 2629/785/2579 2634/786/2579 2628/779/2579
f 2624/780/2580 2630/787/2580 2629/788/2580 2623/781/2580
f 2625/782/2581 2631/789/2581 2630/787/2581 2624/780/2581
f 2626/783/2582 2632/790/2582 2631/789/2582 2625/782/2582
f 2627/784/2583 2633/791/2583 2632/790/2583 2626/783/2583
f 2628/779/2584 2634/786/2584 2633/791/2584 2627/784/2584
f 2629/785/2585 2635/792/2585 2640/793/2585 2634/786/2585
f 2630/787/2586 2636/794/2586 2635/795/2586 2629/788/2586
f 2631/789/2587 2637/796/2587 2636/794/2587 2630/787/2587
f 2632/790/2588 2638/797/2588 2637/796/2588 2631/789/2588
f 2633/791/2589 2639/798/2589 2638/797/2589 2632/790/2589
f 2634/786/2590 2640/793/2590 2639/798/2590 2633/791/2590
f 2635/792/2591 2641/799/2591 2646/800/2591 2640/793/2591
f 2636/794/2592 2642/801/2592 2641/802/2592 2635/795/2592
f 2637/796/2593 2643/803/2593 2642/801/2593 2636/794/2593
f 2638/797/2594 2644/804/2594 2643/803/2594 2637/796/2594
f 2639/798/2595 2645/805/2595 2644/804/2595 2638/797/2595
f 2640/793/2596 2646/800/2596 2645/805/2596 2639/798/2596
f 2641/799/2597 2647/806/2597 2652/807/2597 2646/800/2597
f 2642/801/2598 2648/808/2598 2647/809/2598 2641/802/2598
f 2643/803/2599 2649/810/2599 2648/808/2599 2642/801/2599
f 2644/804/2600 2650/811/2600 2649/810/2600 2643/803/2600
f 2645/805/2601 2651/812/2601 2650/811/2601 2644/804/2601
f 2646/800/2602 2652/807/2602 2651/812/2602 2645/805/2602
f 2647/806/2603 2653/813/2603 2658/814/2603 2652/807/2603
f 2648/808/2604 2654/815/2604 2653/816/2604 2647/809/2604
f 2649/810/2605 2655/817/2605 2654/815/2605 2648/808/2605
f 2650/811/2606 2656/818/2606 2655/817/2606 2649/810/2606
f 2651/812/2607 2657/819/2607 2656/818/2607 2650/811/2607
f 2652/807/2608 2658/814/2608 2657/819/2608 2651/812/2608
f 2653/813/2609 2659/820/2609 2664/821/2609 2658/814/2609
f 2654/815/2610 2660/822/2610 2659/823/2610 2653/816/2610
f 2655/817/2611 2661/824/2611 2660/822/2611 2654/815/2611
f 2656/818/2612 2662/825/2612 2661/824/2612 2655/817/2612
f 2657/819/2613 2663/826/2613 2662/825/2613 2656/818/2613
f 2658/814/2614 2664/821/2614 2663/826/2614 2657/819/2614
f 2659/820/2615 2665/827/2615 2670/828/2615 2664/821/2615
f 2660/822/2616 2666/829/2616 2665/830/2616 2659/823/2616
f 2661/824/2617 2667/831/2617 2666/829/2617 2660/822/2617
f 2662/825/2618 2668/832/2618 2667/831/2618 2661/824/2618
f 2663/826/2619 2669/833/2619 2668/832/2619 2662/825/2619
f 2664/821/2620 2670/828/2620 2669/833/2620 2663/826/2620
f 2665/827/2621 2671/834/2621 2676/835/2621 2670/828/2621
f 2666/829/2622 2672/836/2622 2671/837/2622 2665/830/2622
f 2667/831/2623 2673/838/2623 2672/836/2623 2666/829/2623
f 2668/832/2624 2674/839/2624 2673/838/2624 2667/831/2624
f 2669/833/2625 2675/840/2625 2674/839/2625 2668/832/2625
f 2670/828/2626 2676/835/2626 2675/840/2626 2669/833/2626
f 2671/834/2627 2677/841/2627 2682/842/2627 2676/835/2627
f 2672/836/2628 2678/843/2628 2677/844/2628 2671/837/2628
f 2673/838/2629 2679/845/2629 2678/843/2629 2672/836/2629
f 2674/839/2630 2680/846/2630 2679/845/2630 2673/838/2630
f 2675/840/2631 2681/847/2631 2680/846/2631 2674/839/2631
f 2676/835/2632 2682/842/2632 2681/847/2632 2675/840/2632
f 2677/841/2633 2683/848/2633 2688/849/2633 2682/842/2633
f 2678/843/2634 2684/850/2634 2683/851/2634 2677/844/2634
f 2679/845/2635 2685/852/2635 2684/850/2635 2678/843/2635
f 2680/846/2636 2686/853/2636 2685/852/2636 2679/845/2636
f 2681/847/2637 2687/854/2637 2686/853/2637 2680/846/2637
f 2682/842/2638 2688/849/2638 2687/854/2638 2681/847/2638
f 2683/848/2639 2689/855/2639 2694/856/2639 2688/849/2639
f 2684/850/2640 2690/857/2640 2689/858/2640 2683/851/2640
f 2685/852/2641 2691/859/2641 2690/857/2641 2684/850/2641
f 2686/853/2642 2692/860/2642 2691/859/2642 2685/852/2642
f 2687/854/2643 2693/861/2643 2692/860/2643 2686/853/2643
f 2688/849/2644 2694/856/2644 2693/861/2644 2687/854/2644
f 2689/855/2645 2695/862/2645 2700/863/2645 2694/856/2645
f 2690/857/2646 2696/864/2646 2695/865/2646 2689/858/2646
f 2691/859/2647 2697/866/2647 2696/864/2647 2690/857/2647
f 2692/860/2648 2698/867/2648 2697/866/2648 2691/859/2648
f 2693/861/2649 2699/868/2649 2698/867/2649 2692/860/2649
f 2694/856/2650 2700/863/2650 2699/868/2650 2693/861/2650
f 2695/862/2651 2701/869/2651 2706/870/2651 2700/863/2651
f 2696/864/2652 2702/871/2652 2701/872/2652 2695/865/2652
f 2697/866/2653 2703/873/2653 2702/871/2653 2696/864/2653
f 2698/867/2654 2704/874/2654 2703/873/2654 2697/866/2654
f 2699/868/2655 2705/875/2655 2704/874/2655 2698/867/2655
f 2700/863/2656 2706/870/2656 2705/875/2656 2699/868/2656
f 2701/869/2657 2707/876/2657 2712/877/2657 2706/870/2657
f 2702/871/2658 2708/878/2658 2707/879/2658 2701/872/2658
f 2703/873/2659 2709/880/2659 2708/878/2659 2702/871/2659
f 2704/874/2660 2710/881/2660 2709/880/2660 2703/873/2660
f 2705/875/2661 2711/882/2661 2710/881/2661 2704/874/2661
f 2706/870/2662 2712/877/2662 2711/882/2662 2705/875/2662
f 2707/876/2663 2713/883/2663 2718/884/2663 2712/877/2663
f 2708/878/2664 2714/885/2664 2713/886/2664 2707/879/2664
f 2709/880/2665 2715/887/2665 2714/885/2665 2708/878/2665
f 2710/881/2666 2716/888/2666 2715/887/2666 2709/880/2666
f 2711/882/2667 2717/889/2667 2716/888/2667 2710/881/2667
f 2712/877/2668 2718/884/2668 2717/889/2668 2711/882/2668
f 2713/883/2669 2719/890/2669 2724/891/2669 2718/884/2669
f 2714/885/2670 2720/892/2670 2719/893/2670 2713/886/2670
f 2715/887/2671 2721/894/2671 2720/892/2671 2714/885/2671
f 2716/888/2672 2722/895/2672 2721/894/2672 2715/887/2672
f 2717/889/2673 2723/896/2673 2722/895/2673 2716/888/2673
f 2718/884/2674 2724/891/2674 2723/896/2674 2717/889/2674
f 2719/890/2675 2725/897/2675 2730/898/2675 2724/891/2675
f 2720/892/2676 2726/899/2676 2725/900/2676 2719/893/2676
f 2721/894/2677 2727/901/2677 2726/899/2677 2720/892/2677
f 2722/895/2678 2728/902/2678 2727/901/2678 2721/894/2678
f 2723/896/2679 2729/903/2679 2728/902/2679 2722/895/2679
f 2724/891/2680 2730/898/2680 2729/903/2680 2723/896/2680
f 2725/897/2681 2731/904/2681 2736/905/2681 2730/898/2681
f 2726/899/2682 2732/906/2682 2731/907/2682 2725/900/2682
f 2727/901/2683 2733/908/2683 2732/906/2683 2726/899/2683
f 2728/902/2684 2734/909/2684 2733/908/2684 2727/901/2684
f 2729/903/2685 2735/910/2685 2734/909/2685 2728/902/2685
f 2730/898/2686 2736/905/2686 2735/910/2686 2729/903/2686
f 2731/904/2687 2737/911/2687 2742/912/2687 2736/905/2687
f 2732/906/2688 2738/913/2688 2737/914/2688 2731/907/2688
f 2733/908/2689 2739/915/2689 2738/913/2689 2732/906/2689
f 2734/909/2690 2740/916/2690 2739/915/2690 2733/908/2690
f 2735/910/2691 2741/917/2691 2740/916/2691 2734/909/2691
f 2736/905/2692 2742/912/2692 2741/917/2692 2735/910/2692
f 2737/911/2693 2743/918/2693 2748/919/2693 2742/912/2693
f 2738/913/2694 2744/920/2694 2743/921/2694 2737/914/2694
f 2739/915/2695 2745/922/2695 2744/920/2695 2738/913/2695
f 2740/916/2696 2746/923/2696 2745/922/2696 2739/915/2696
f 2741/917/2697 2747/924/2697 2746/923/2697 2740/916/2697
f 2742/912/2698 2748/919/2698 2747/924/2698 2741/917/2698
f 2743/918/2699 2749/925/2699 2754/926/2699 2748/919/2699
f 2744/920/2700 2750/927/2700 2749/928/2700 2743/921/2700
f 2745/922/2701 2751/929/2701 2750/927/2701 2744/920/2701
f 2746/923/2702 2752/930/2702 2751/929/2702 2745/922/2702
f 2747/924/2703 2753/931/2703 2752/930/2703 2746/923/2703
f 2748/919/2704 2754/926/2704 2753/931/2704 2747/924/2704
f 2749/925/2705 2755/932/2705 2760/933/2705 2754/926/2705
f 2750/927/2706 2756/934/2706 2755/935/2706 2749/928/2706
f 2751/929/2707 2757/936/2707 2756/934/2707 2750/927/2707
f 2752/930/2708 2758/937/2708 2757/936/2708 2751/929/2708
f 2753/931/2709 2759/938/2709 2758/937/2709 2752/930/2709
f 2754/926/2710 2760/933/2710 2759/938/2710 2753/931/2710
f 2755/932/2711 2761/939/2711 2766/940/2711 2760/933/2711
f 2756/934/2712 2762/941/2712 2761/942/2712 2755/935/2712
f 2757/936/2713 2763/943/2713 2762/941/2713 2756/934/2713
f 2758/937/2714 2764/944/2714 2763/943/2714 2757/936/2714
f 2759/938/2715 2765/945/2715 2764/944/2715 2758/937/2715
f 2760/933/2716 2766/940/2716 2765/945/2716 2759/938/2716
f 2761/939/2717 2767/946/2717 2772/947/2717 2766/940/2717
f 2762/941/2718 2768/948/2718 2767/949/2718 2761/942/2718
f 2763/943/2719 2769/950/2719 2768/948/2719 2762/941/2719
f 2764/944/2720 2770/951/2720 2769/950/2720 2763/943/2720
f 2765/945/2721 2771/952/2721 2770/951/2721 2764/944/2721
f 2766/940/2722 2772/947/2722 2771/952/2722 2765/945/2722
f 2767/946/2723 2773/953/2723 2778/954/2723 2772/947/2723
f 2768/948/2724 2774/955/2724 2773/956/2724 2767/949/2724
f 2769/950/2725 2775/957/2725 2774/955/2725 2768/948/2725
f 2770/951/2726 2776/958/2726 2775/957/2726 2769/950/2726
f 2771/952/2727 2777/959/2727 2776/958/2727 2770/951/2727
f 2772/947/2728 2778/954/2728 2777/959/2728 2771/952/2728
f 2773/953/2729 2779/960/2729 2784/961/2729 2778/954/2729
f 2774/955/2730 2780/962/2730 2779/963/2730 2773/956/2730
f 2775/957/2731 2781/964/2731 2780/962/2731 2774/955/2731
f 2776/958/2732 2782/965/2732 2781/964/2732 2775/957/2732
f 2777/959/2733 2783/966/2733 2782/965/2733 2776/958/2733
f 2778/954/2734 2784/961/2734 2783/966/2734 2777/959/2734
f 2779/960/2735 2785/967/2735 2790/968/2735 2784/961/2735
f 2780/962/2736 2786/969/2736 2785/970/2736 2779/963/2736
f 2781/964/2737 2787/971/2737 2786/969/2737 2780/962/2737
f 2782/965/2738 2788/972/2738 2787/971/2738 2781/964/2738
f 2783/966/2739 2789/973/2739 2788/972/2739 2782/965/2739
f 2784/961/2740 2790/968/2740 2789/973/2740 2783/966/2740
f 2785/967/2741 2791/974/2741 2796/975/2741 2790/968/2741
f 2786/969/2742 2792/976/2742 2791/977/2742 2785/970/2742
f 2787/971/2743 2793/978/2743 2792/976/2743 2786/969/2743
f 2788/972/2744 2794/979/2744 2793/978/2744 2787/971/2744
f 2789/973/2745 2795/980/2745 2794/979/2745 2788/972/2745
f 2790/968/2746 2796/975/2746 2795/980/2746 2789/973/2746
f 2791/974/2747 2797/981/2747 2802/982/2747 2796/975/2747
f 2792/976/2748 2798/983/2748 2797/984/2748 2791/977/2748
f 2793/978/2749 2799/985/2749 2798/983/2749 2792/976/2749
f 2794/979/2750 2800/986/2750 2799/985/2750 2793/978/2750
f 2795/980/2751 2801/987/2751 2800/986/2751 2794/979/2751
f 2796/975/2752 2802/982/2752 2801/987/2752 2795/980/2752
f 2797/981/2753 2803/988/2753 2808/989/2753 2802/982/2753
f 2798/983/2736 2804/990/2736 2803/991/2736 2797/984/2736
f 2799/985/2754 2805/992/2754 2804/990/2754 2798/983/2754
f 2800/986/2755 2806/993/2755 2805/992/2755 2799/985/2755
f 2801/987/2739 2807/994/2739 2806/993/2739 2800/986/2739
f 2802/982/2756 2808/989/2756 2807/994/2756 2801/987/2756
f 2803/988/2757 2809/995/2757 2814/996/2757 2808/989/2757
f 2804/990/2758 2810/997/2758 2809/998/2758 2803/991/2758
f 2805/992/2759 2811/999/2759 2810/997/2759 2804/990/2759
f 2806/993/2760 2812/1000/2760 2811/999/2760 2805/992/2760
f 2807/994/2761 2813/1001/2761 2812/1000/2761 2806/993/2761
f 2808/989/2762 2814/996/2762 2813/1001/2762 2807/994/2762
f 2809/995/2763 2815/1002/2763 2820/1003/2763 2814/996/2763
f 2810/997/2764 2816/1004/2764 2815/1005/2764 2809/998/2764
f 2811/999/2765 2817/1006/2765 2816/1004/2765 2810/997/2765
f 2812/1000/2766 2818/1007/2766 2817/1006/2766 2811/999/2766
f 2813/1001/2767 2819/1008/2767 2818/1007/2767 2812/1000/2767
f 2814/996/2768 2820/1003/2768 2819/1008/2768 2813/1001/2768
f 2815/1002/2769 2821/1009/2769 2826/1010/2769 2820/1003/2769
f 2816/1004/2770 2822/1011/2770 2821/1012/2770 2815/1005/2770
f 2817/1006/2771 2823/1013/2771 2822/1011/2771 2816/1004/2771
f 2818/1007/2772 2824/1014/2772 2823/1013/2772 2817/1006/2772
f 2819/1008/2773 2825/1015/2773 2824/1014/2773 2818/1007/2773
f 2820/1003/2774 2826/1010/2774 2825/1015/2774 2819/1008/2774
f 2821/1009/2775 2827/1016/2775 2832/1017/2775 2826/1010/2775
f 2822/1011/2776 2828/1018/2776 2827/1019/2776 2821/1012/2776
f 2823/1013/2777 2829/1020/2777 2828/1018/2777 2822/1011/2777
f 2824/1014/2778 2830/1021/2778 2829/1020/2778 2823/1013/2778
f 2825/1015/2779 2831/1022/2779 2830/1021/2779 2824/1014/2779
f 2826/1010/2780 2832/1017/2780 2831/1022/2780 2825/1015/2780
f 2827/1016/2781 2833/1023/2781 2838/1024/2781 2832/1017/2781
f 2828/1018/2782 2834/1025/2782 2833/1026/2782 2827/1019/2782
f 2829/1020/2783 2835/1027/2783 2834/1025/2783 2828/1018/2783
f 2830/1021/2784 2836/1028/2784 2835/1027/2784 2829/1020/2784
f 2831/1022/2785 2837/1029/2785 2836/1028/2785 2830/1021/2785
f 2832/1017/2786 2838/1024/2786 2837/1029/2786 2831/1022/2786
f 2833/1023/2787 2839/1030/2787 2844/1031/2787 2838/1024/2787
f 2834/1025/2788 2840/1032/2788 2839/1033/2788 2833/1026/2788
f 2835/1027/2789 2841/1034/2789 2840/1032/2789 2834/1025/2789
f 2836/1028/2790 2842/1035/2790 2841/1034/2790 2835/1027/2790
f 2837/1029/2791 2843/1036/2791 2842/1035/2791 2836/1028/2791
f 2838/1024/2792 2844/1031/2792 2843/1036/2792 2837/1029/2792
f 2839/1030/2793 2845/1037/2793 2850/1038/2793 2844/1031/2793
f 2840/1032/2794 2846/1039/2794 2845/1040/2794 2839/1033/2794
f 2841/1034/2795 2847/1041/2795 2846/1039/2795 2840/1032/2795
f 2842/1035/2796 2848/1042/2796 2847/1041/2796 2841/1034/2796
f 2843/1036/2797 2849/1043/2797 2848/1042/2797 2842/1035/2797
f 2844/1031/2798 2850/1038/2798 2849/1043/2798 2843/1036/2798
f 2845/1037/2799 2851/1044/2799 2856/1045/2799 2850/1038/2799
f 2846/1039/2800 2852/1046/2800 2851/1047/2800 2845/1040/2800
f 2847/1041/2801 2853/1048/2801 2852/1046/2801 2846/1039/2801
f 2848/1042/2802 2854/1049/2802 2853/1048/2802 2847/1041/2802
f 2849/1043/2803 2855/1050/2803 2854/1049/2803 2848/1042/2803
f 2850/1038/2804 2856/1045/2804 2855/1050/2804 2849/1043/2804
f 2851/1044/2805 2857/1051/2805 2862/1052/2805 2856/1045/2805
f 2852/1046/2806 2858/1053/2806 2857/1054/2806 2851/1047/2806
f 2853/1048/2807 2859/1055/2807 2858/1053/2807 2852/1046/2807
f 2854/1049/2808 2860/1056/2808 2859/1055/2808 2853/1048/2808
f 2855/1050/2809 2861/1057/2809 2860/1056/2809 2854/1049/2809
f 2856/1045/2810 2862/1052/2810 2861/1057/2810 2855/1050/2810
f 2857/1051/2811 2863/1058/2811 2868/1059/2811 2862/1052/2811
f 2858/1053/2812 2864/1060/2812 2863/1061/2812 2857/1054/2812
f 2859/1055/2813 2865/1062/2813 2864/1060/2813 2858/1053/2813
f 2860/1056/2814 2866/1063/2814 2865/1062/2814 2859/1055/2814
f 2861/1057/2815 2867/1064/2815 2866/1063/2815 2860/1056/2815
f 2862/1052/2816 2868/1059/2816 2867/1064/2816 2861/1057/2816
f 2863/1058/2817 2869/1065/2817 2874/1066/2817 2868/1059/2817
f 2864/1060/2818 2870/1067/2818 2869/1068/2818 2863/1061/2818
f 2865/1062/2819 2871/1069/2819 2870/1067/2819 2864/1060/2819
f 2866/1063/2820 2872/1070/2820 2871/1069/2820 2865/1062/2820
f 2867/1064/2821 2873/1071/2821 2872/1070/2821 2866/1063/2821
f 2868/1059/2822 2874/1066/2822 2873/1071/2822 2867/1064/2822
f 2869/1065/2823 2875/1072/2823 2880/1073/2823 2874/1066/2823
f 2870/1067/2824 2876/1074/2824 2875/1075/2824 2869/1068/2824
f 2871/1069/2825 2877/1076/2825 2876/1074/2825 2870/1067/2825
f 2872/1070/2826 2878/1077/2826 2877/1076/2826 2871/1069/2826
f 2873/1071/2827 2879/1078/2827 2878/1077/2827 2872/1070/2827
f 2874/1066/2828 2880/1073/2828 2879/1078/2828 2873/1071/2828
f 2875/1072/2829 2881/1079/2829 2886/1080/2829 2880/1073/2829
f 2876/1074/2830 2882/1081/2830 2881/1082/2830 2875/1075/2830
f 2877/1076/2831 2883/1083/2831 2882/1081/2831 2876/1074/2831
f 2878/1077/2832 2884/1084/2832 2883/1083/2832 2877/1076/2832
f 2879/1078/2833 2885/1085/2833 2884/1084/2833 2878/1077/2833
f 2880/1073/2834 2886/1080/2834 2885/1085/2834 2879/1078/2834
f 2881/1079/2835 2887/1086/2835 2892/1087/2835 2886/1080/2835
f 2882/1081/2836 2888/1088/2836 2887/1089/2836 2881/1082/2836
f 2883/1083/2837 2889/1090/2837 2888/1088/2837 2882/1081/2837
f 2884/1084/2838 2890/1091/2838 2889/1090/2838 2883/1083/2838
f 2885/1085/2839 2891/1092/2839 2890/1091/2839 2884/1084/2839
f 2886/1080/2840 2892/1087/2840 2891/1092/2840 2885/1085/2840
f 2887/1086/2841 2893/1093/2841 2898/1094/2841 2892/1087/2841
f 2888/1088/2842 2894/1095/2842 2893/1096/2842 2887/1089/2842
f 2889/1090/2843 2895/1097/2843 2894/1095/2843 2888/1088/2843
f 2890/1091/2844 2896/1098/2844 2895/1097/2844 2889/1090/2844
f 2891/1092/2845 2897/1099/2845 2896/1098/2845 2890/1091/2845
f 2892/1087/2846 2898/1094/2846 2897/1099/2846 2891/1092/2846
f 2893/1093/2847 2899/1100/2847 2904/1101/2847 2898/1094/2847
f 2894/1095/2848 2900/1102/2848 2899/1103/2848 2893/1096/2848
f 2895/1097/2849 2901/1104/2849 2900/1102/2849 2894/1095/2849
f 2896/1098/2850 2902/1105/2850 2901/1104/2850 2895/1097/2850
f 2897/1099/2851 2903/1106/2851 2902/1105/2851 2896/1098/2851
f 2898/1094/2852 2904/1101/2852 2903/1106/2852 2897/1099/2852
f 2899/1100/2853 2905/1107/2853 2910/1108/2853 2904/1101/2853
f 2900/1102/2854 2906/1109/2854 2905/1110/2854 2899/1103/2854
f 2901/1104/2855 2907/1111/2855 2906/1109/2855 2900/1102/2855
f 2902/1105/2856 2908/1112/2856 2907/1111/2856 2901/1104/2856
f 2903/1106/2857 2909/1113/2857 2908/1112/2857 2902/1105/2857
f 2904/1101/2858 2910/1108/2858 2909/1113/2858 2903/1106/2858
f 2905/1107/2859 2911/1114/2859 2916/1115/2859 2910/1108/2859
f 2906/1109/2860 2912/1116/2860 2911/1117/2860 2905/1110/2860
f 2907/1111/2861 2913/1118/2861 2912/1116/2861 2906/1109/2861
f 2908/1112/2862 2914/1119/2862 2913/1118/2862 2907/1111/2862
f 2909/1113/2863 2915/1120/2863 2914/1119/2863 2908/1112/2863
f 2910/1108/2864 2916/1115/2864 2915/1120/2864 2909/1113/2864
f 2911/1114/2865 2917/1121/2865 2922/1122/2865 2916/1115/2865
f 2912/1116/2866 2918/1123/2866 2917/1124/2866 2911/1117/2866
f 2913/1118/2867 2919/1125/2867 2918/1123/2867 2912/1116/2867
f 2914/1119/2868 2920/1126/2868 2919/1125/2868 2913/1118/2868
f 2915/1120/2869 2921/1127/2869 2920/1126/2869 2914/1119/2869
f 2916/1115/2870 2922/1122/2870 2921/1127/2870 2915/1120/2870
f 2917/1121/2871 2923/1128/2871 2928/1129/2871 2922/1122/2871
f 2918/1123/2872 2924/1130/2872 2923/1131/2872 2917/1124/2872
f 2919/1125/2873 2925/1132/2873 2924/1130/2873 2918/1123/2873
f 2920/1126/2874 2926/1133/2874 2925/1132/2874 2919/1125/2874
f 2921/1127/2875 2927/1134/2875 2926/1133/2875 2920/1126/2875
f 2922/1122/2876 2928/1129/2876 2927/1134/2876 2921/1127/2876
f 2923/1128/2877 2929/1135/2877 2934/1136/2877 2928/1129/2877
f 2924/1130/2878 2930/1137/2878 2929/1138/2878 2923/1131/2878
f 2925/1132/2879 2931/1139/2879 2930/1137/2879 2924/1130/2879
f 2926/1133/2880 2932/1140/2880 2931/1139/2880 2925/1132/2880
f 2927/1134/2881 2933/1141/2881 2932/1140/2881 2926/1133/2881
f 2928/1129/2882 2934/1136/2882 2933/1141/2882 2927/1134/2882
f 2929/1135/2883 2935/1142/2883 2940/1143/2883 2934/1136/2883
f 2930/1137/2884 2936/1144/2884 2935/1145/2884 2929/1138/2884
f 2931/1139/2885 2937/1146/2885 2936/1144/2885 2930/1137/2885
f 2932/1140/2886 2938/1147/2886 2937/1146/2886 2931/1139/2886
f 2933/1141/2887 2939/1148/2887 2938/1147/2887 2932/1140/2887
f 2934/1136/2888 2940/1143/2888 2939/1148/2888 2933/1141/2888
f 2935/1142/2889 2941/1149/2889 2946/1150/2889 2940/1143/2889
f 2936/1144/2890 2942/1151/2890 2941/1152/2890 2935/1145/2890
f 2937/1146/2891 2943/1153/2891 2942/1151/2891 2936/1144/2891
f 2938/1147/2892 2944/1154/2892 2943/1153/2892 2937/1146/2892
f 2939/1148/2893 2945/1155/2893 2944/1154/2893 2938/1147/2893
f 2940/1143/2894 2946/1150/2894 2945/1155/2894 2939/1148/2894
f 2941/1149/2895 2947/1156/2895 2952/1157/2895 2946/1150/2895
f 2942/1151/2896 2948/1158/2896 2947/1159/2896 2941/1152/2896
f 2943/1153/2897 2949/1160/2897 2948/1158/2897 2942/1151/2897
f 2944/1154/2898 2950/1161/2898 2949/1160/2898 2943/1153/2898
f 2945/1155/2899 2951/1162/2899 2950/1161/2899 2944/1154/2899
f 2946/1150/2900 2952/1157/2900 2951/1162/2900 2945/1155/2900
f 2947/1156/2901 2953/1163/2901 2958/1164/2901 2952/1157/2901
f 2948/1158/2902 2954/1165/2902 2953/1166/2902 2947/1159/2902
f 2949/1160/2903 2955/1167/2903 2954/1165/2903 2948/1158/2903
f 2950/1161/2904 2956/1168/2904 2955/1167/2904 2949/1160/2904
f 2951/1162/2905 2957/1169/2905 2956/1168/2905 2950/1161/2905
f 2952/1157/2906 2958/1164/2906 2957/1169/2906 2951/1162/2906
f 2953/1163/2907 2959/1170/2907 2964/1171/2907 2958/1164/2907
f 2954/1165/2908 2960/1172/2908 2959/1173/2908 2953/1166/2908
f 2955/1167/2909 2961/1174/2909 2960/1172/2909 2954/1165/2909
f 2956/1168/2910 2962/1175/2910 2961/1174/2910 2955/1167/2910
f 2957/1169/2911 2963/1176/2911 2962/1175/2911 2956/1168/2911
f 2958/1164/2912 2964/1171/2912 2963/1176/2912 2957/1169/2912
f 2959/1170/2913 2965/1177/2913 2970/1178/2913 2964/1171/2913
f 2960/1172/2914 2966/1179/2914 2965/1180/2914 2959/1173/2914
f 2961/1174/2915 2967/1181/2915 2966/1179/2915 2960/1172/2915
f 2962/1175/2916 2968/1182/2916 2967/1181/2916 2961/1174/2916
f 2963/1176/2917 2969/1183/2917 2968/1182/2917 2962/1175/2917
f 2964/1171/2918 2970/1178/2918 2969/1183/2918 2963/1176/2918
f 2965/1177/2919 2971/1184/2919 2976/1185/2919 2970/1178/2919
f 2966/1179/2920 2972/1186/2920 2971/1187/2920 2965/1180/2920
f 2967/1181/2921 2973/1188/2921 2972/1186/2921 2966/1179/2921
f 2968/1182/2922 2974/1189/2922 2973/1188/2922 2967/1181/2922
f 2969/1183/2923 2975/1190/2923 2974/1189/2923 2968/1182/2923
f 2970/1178/2924 2976/1185/2924 2975/1190/2924 2969/1183/2924
f 2971/1184/2925 2977/1191/2925 2982/1192/2925 2976/1185/2925
f 2972/1186/2926 2978/1193/2926 2977/1194/2926 2971/1187/2926
f 2973/1188/2927 2979/1195/2927 2978/1193/2927 2972/1186/2927
f 2974/1189/2928 2980/1196/2928 2979/1195/2928 2973/1188/2928
f 2975/1190/2929 2981/1197/2929 2980/1196/2929 2974/1189/2929
f 2976/1185/2930 2982/1192/2930 2981/1197/2930 2975/1190/2930
f 2977/1191/2931 2983/1198/2931 2988/1199/2931 2982/1192/2931
f 2978/1193/2932 2984/1200/2932 2983/1201/2932 2977/1194/2932
f 2979/1195/2933 2985/1202/2933 2984/1200/2933 2978/1193/2933
f 2980/1196/2934 2986/1203/2934 2985/1202/2934 2979/1195/2934
f 2981/1197/2935 2987/1204/2935 2986/1203/2935 2980/1196/2935
f 2982/1192/2936 2988/1199/2936 2987/1204/2936 2981/1197/2936
f 2983/1198/2937 2989/1205/2937 2994/1206/2937 2988/1199/2937
f 2984/1200/2938 2990/1207/2938 2989/1208/2938 2983/1201/2938
f 2985/1202/2939 2991/1209/2939 2990/1207/2939 2984/1200/2939
f 2986/1203/2940 2992/1210/2940 2991/1209/2940 2985/1202/2940
f 2987/1204/2941 2993/1211/2941 2992/1210/2941 2986/1203/2941
f 2988/1199/2942 2994/1206/2942 2993/1211/2942 2987/1204/2942
f 2989/1205/2943 2995/1212/2943 3000/1213/2943 2994/1206/2943
f 2990/1207/2944 2996/1214/2944 2995/1215/2944 2989/1208/2944
f 2991/1209/2945 2997/1216/2945 2996/1214/2945 2990/1207/2945
f 2992/1210/2946 2998/1217/2946 2997/1216/2946 2991/1209/2946
f 2993/1211/2947 2999/1218/2947 2998/1217/2947 2992/1210/2947
f 2994/1206/2948 3000/1213/2948 2999/1218/2948 2993/1211/2948
f 2995/1212/2949 3001/1219/2949 3006/1220/2949 3000/1213/2949
f 2996/1214/2950 3002/1221/2950 3001/1222/2950 2995/1215/2950
f 2997/1216/2951 3003/1223/2951 3002/1221/2951 2996/1214/2951
f 2998/1217/2952 3004/1224/2952 3003/1223/2952 2997/1216/2952
f 2999/1218/2953 3005/1225/2953 3004/1224/2953 2998/1217/2953
f 3000/1213/2954 3006/1220/2954 3005/1225/2954 2999/1218/2954
f 3001/1219/2955 3007/1226/2955 3012/1227/2955 3006/1220/2955
f 3002/1221/2956 3008/1228/2956 3007/1229/2956 3001/1222/2956
f 3003/1223/2957 3009/1230/2957 3008/1228/2957 3002/1221/2957
f 3004/1224/2958 3010/1231/2958 3009/1230/2958 3003/1223/2958
f 3005/1225/2959 3011/1232/2959 3010/1231/2959 3004/1224/2959
f 3006/1220/2960 3012/1227/2960 3011/1232/2960 3005/1225/2960
f 3007/1226/2961 3013/1233/2961 3018/1234/2961 3012/1227/2961
f 3008/1228/2962 3014/1235/2962 3013/1236/2962 3007/1229/2962
f 3009/1230/2963 3015/1237/2963 3014/1235/2963 3008/1228/2963
f 3010/1231/2964 3016/1238/2964 3015/1237/2964 3009/1230/2964
f 3011/1232/2965 3017/1239/2965 3016/1238/2965 3010/1231/2965
f 3012/1227/2966 3018/1234/2966 3017/1239/2966 3011/1232/2966
f 3013/1233/2967 3019/1240/2967 3024/1241/2967 3018/1234/2967
f 3014/1235/2968 3020/1242/2968 3019/1243/2968 3013/1236/2968
f 3015/1237/2969 3021/1244/2969 3020/1242/2969 3014/1235/2969
f 3016/1238/2970 3022/1245/2970 3021/1244/2970 3015/1237/2970
f 3017/1239/2971 3023/1246/2971 3022/1245/2971 3016/1238/2971
f 3018/1234/2972 3024/1241/2972 3023/1246/2972 3017/1239/2972
f 3019/1240/2973 3025/1247/2973 3030/1248/2973 3024/1241/2973
f 3020/1242/2974 3026/1249/2974 3025/1250/2974 3019/1243/2974
f 3021/1244/2975 3027/1251/2975 3026/1249/2975 3020/1242/2975
f 3022/1245/2976 3028/1252/2976 3027/1251/2976 3021/1244/2976
f 3023/1246/2977 3029/1253/2977 3028/1252/2977 3022/1245/2977
f 3024/1241/2978 3030/1248/2978 3029/1253/2978 3023/1246/2978
f 3025/1247/2979 3031/1254/2979 3036/1255/2979 3030/1248/2979
f 3026/1249/2980 3032/1256/2980 3031/1257/2980 3025/1250/2980
f 3027/1251/2981 3033/1258/2981 3032/1256/2981 3026/1249/2981
f 3028/1252/2982 3034/1259/2982 3033/1258/2982 3027/1251/2982
f 3029/1253/2983 3035/1260/2983 3034/1259/2983 3028/1252/2983
f 3030/1248/2984 3036/1255/2984 3035/1260/2984 3029/1253/2984
f 3031/1254/2985 3037/1261/2985 3042/1262/2985 3036/1255/2985
f 3032/1256/2986 3038/1263/2986 3037/1264/2986 3031/1257/2986
f 3033/1258/2987 3039/1265/2987 3038/1263/2987 3032/1256/2987
f 3034/1259/2988 3040/1266/2988 3039/1265/2988 3033/1258/2988
f 3035/1260/2989 3041/1267/2989 3040/1266/2989 3034/1259/2989
f 3036/1255/2990 3042/1262/2990 3041/1267/2990 3035/1260/2990
f 3043/1/2991 3049/2024/2991 3054/2025/2991 3048/4/2991
f 3044/5/2992 3050/2026/2992 3049/2027/2992 3043/8/2992
f 3045/9/2993 3051/2028/2993 3050/2026/2993 3044/5/2993
f 3046/11/2994 3052/2029/2994 3051/2028/2994 3045/9/2994
f 3047/13/2995 3053/2030/2995 3052/2029/2995 3046/11/2995
f 3048/4/2996 3054/2025/2996 3053/2030/2996 3047/13/2996
f 3049/2024/2997 3055/2031/2997 3060/2032/2997 3054/2025/2997
f 3050/2026/2998 3056/2033/2998 3055/2034/2998 3049/2027/2998
f 3051/2028/2999 3057/2035/2999 3056/2033/2999 3050/2026/2999
f 3052/2029/3000 3058/2036/3000 3057/2035/3000 3051/2028/3000
f 3053/2030/3001 3059/2037/3001 3058/2036/3001 3052/2029/3001
f 3054/2025/3002 3060/2032/3002 3059/2037/3002 3053/2030/3002
f 3055/2031/3003 3061/2038/3003 3066/2039/3003 3060/2032/3003
f 3056/2033/3004 3062/2040/3004 3061/2041/3004 3055/2034/3004
f 3057/2035/3005 3063/2042/3005 3062/2040/3005 3056/2033/3005
f 3058/2036/3006 3064/2043/3006 3063/2042/3006 3057/2035/3006
f 3059/2037/3007 3065/2044/3007 3064/2043/3007 3058/2036/3007
f 3060/2032/3008 3066/2039/3008 3065/2044/3008 3059/2037/3008
f 3061/2038/3009 3067/2045/3009 3072/2046/3009 3066/2039/3009
f 3062/2040/3010 3068/2047/3010 3067/2048/3010 3061/2041/3010
f 3063/2042/3011 3069/2049/3011 3068/2047/3011 3062/2040/3011
f 3064/2043/3012 3070/2050/3012 3069/2049/3012 3063/2042/3012
f 3065/2044/3013 3071/2051/3013 3070/2050/3013 3064/2043/3013
f 3066/2039/3014 3072/2046/3014 3071/2051/3014 3065/2044/3014
f 3067/2045/3015 3073/2052/3015 3078/2053/3015 3072/2046/3015
f 3068/2047/3016 3074/2054/3016 3073/2055/3016 3067/2048/3016
f 3069/2049/3017 3075/2056/3017 3074/2054/3017 3068/2047/3017
f 3070/2050/3018 3076/2057/3018 3075/2056/3018 3069/2049/3018
f 3071/2051/3019 3077/2058/3019 3076/2057/3019 3070/2050/3019
f 3072/2046/3020 3078/2053/3020 3077/2058/3020 3071/2051/3020
f 3073/2052/3021 3079/2059/3021 3084/2060/3021 3078/2053/3021
f 3074/2054/3022 3080/2061/3022 3079/2062/3022 3073/2055/3022
f 3075/2056/3023 3081/2063/3023 3080/2061/3023 3074/2054/3023
f 3076/2057/3024 3082/2064/3024 3081/2063/3024 3075/2056/3024
f 3077/2058/3025 3083/2065/3025 3082/2064/3025 3076/2057/3025
f 3078/2053/3026 3084/2060/3026 3083/2065/3026 3077/2058/3026
f 3079/2059/3027 3085/2066/3027 3090/2067/3027 3084/2060/3027
f 3080/2061/3028 3086/2068/3028 3085/2069/3028 3079/2062/3028
f 3081/2063/3029 3087/2070/3029 3086/2068/3029 3080/2061/3029
f 3082/2064/3030 3088/2071/3030 3087/2070/3030 3081/2063/3030
f 3083/2065/3031 3089/2072/3031 3088/2071/3031 3082/2064/3031
f 3084/2060/3032 3090/2067/3032 3089/2072/3032 3083/2065/3032
f 3085/2066/3033 3091/2073/3033 3096/2074/3033 3090/2067/3033
f 3086/2068/3034 3092/2075/3034 3091/2076/3034 3085/2069/3034
f 3087/2070/3035 3093/2077/3035 3092/2075/3035 3086/2068/3035
f 3088/2071/3036 3094/2078/3036 3093/2077/3036 3087/2070/3036
f 3089/2072/3037 3095/2079/3037 3094/2078/3037 3088/2071/3037
f 3090/2067/3038 3096/2074/3038 3095/2079/3038 3089/2072/3038
f 3091/2073/3039 3097/2080/3039 3102/2081/3039 3096/2074/3039
f 3092/2075/3040 3098/2082/3040 3097/2083/3040 3091/2076/3040
f 3093/2077/3041 3099/2084/3041 3098/2082/3041 3092/2075/3041
f 3094/2078/3042 3100/2085/3042 3099/2084/3042 3093/2077/3042
f 3095/2079/3043 3101/2086/3043 3100/2085/3043 3094/2078/3043
f 3096/2074/3044 3102/2081/3044 3101/2086/3044 3095/2079/3044
f 3097/2080/3045 3103/2087/3045 3108/2088/3045 3102/2081/3045
f 3098/2082/3046 3104/2089/3046 3103/2090/3046 3097/2083/3046
f 3099/2084/3047 3105/2091/3047 3104/2089/3047 3098/2082/3047
f 3100/2085/3048 3106/2092/3048 3105/2091/3048 3099/2084/3048
f 3101/2086/3049 3107/2093/3049 3106/2092/3049 3100/2085/3049
f 3102/2081/3050 3108/2088/3050 3107/2093/3050 3101/2086/3050
f 3103/2087/3051 3109/106/3051 3114/107/3051 3108/2088/3051
f 3104/2089/3052 3110/108/3052 3109/109/3052 3103/2090/3052
f 3105/2091/3053 3111/110/3053 3110/108/3053 3104/2089/3053
f 3106/2092/3054 3112/111/3054 3111/110/3054 3105/2091/3054
f 3107/2093/3055 3113/112/3055 3112/111/3055 3106/2092/3055
f 3108/2088/3056 3114/107/3056 3113/112/3056 3107/2093/3056
f 3109/106/3057 3115/2094/3057 3120/2095/3057 3114/107/3057
f 3110/108/3058 3116/2096/3058 3115/2097/3058 3109/109/3058
f 3111/110/3059 3117/2098/3059 3116/2096/3059 3110/108/3059
f 3112/111/3060 3118/2099/3060 3117/2098/3060 3111/110/3060
f 3113/112/3061 3119/2100/3061 3118/2099/3061 3112/111/3061
f 3114/107/3062 3120/2095/3062 3119/2100/3062 3113/112/3062
f 3115/2094/3063 3121/2101/3063 3126/2102/3063 3120/2095/3063
f 3116/2096/3064 3122/2103/3064 3121/2104/3064 3115/2097/3064
f 3117/2098/3065 3123/2105/3065 3122/2103/3065 3116/2096/3065
f 3118/2099/3066 3124/2106/3066 3123/2105/3066 3117/2098/3066
f 3119/2100/3067 3125/2107/3067 3124/2106/3067 3118/2099/3067
f 3120/2095/3068 3126/2102/3068 3125/2107/3068 3119/2100/3068
f 3121/2101/3069 3127/2108/3069 3132/2109/3069 3126/2102/3069
f 3122/2103/3070 3128/2110/3070 3127/2111/3070 3121/2104/3070
f 3123/2105/3071 3129/2112/3071 3128/2110/3071 3122/2103/3071
f 3124/2106/3072 3130/2113/3072 3129/2112/3072 3123/2105/3072
f 3125/2107/3073 3131/2114/3073 3130/2113/3073 3124/2106/3073
f 3126/2102/3074 3132/2109/3074 3131/2114/3074 3125/2107/3074
f 3127/2108/3075 3133/2115/3075 3138/2116/3075 3132/2109/3075
f 3128/2110/3076 3134/2117/3076 3133/2118/3076 3127/2111/3076
f 3129/2112/3077 3135/2119/3077 3134/2117/3077 3128/2110/3077
f 3130/2113/3078 3136/2120/3078 3135/2119/3078 3129/2112/3078
f 3131/2114/3079 3137/2121/3079 3136/2120/3079 3130/2113/3079
f 3132/2109/3080 3138/2116/3080 3137/2121/3080 3131/2114/3080
f 3133/2115/3081 3139/2122/3081 3144/2123/3081 3138/2116/3081
f 3134/2117/3082 3140/2124/3082 3139/2125/3082 3133/2118/3082
f 3135/2119/3083 3141/2126/3083 3140/2124/3083 3134/2117/3083
f 3136/2120/3084 3142/2127/3084 3141/2126/3084 3135/2119/3084
f 3137/2121/3085 3143/2128/3085 3142/2127/3085 3136/2120/3085
f 3138/2116/3086 3144/2123/3086 3143/2128/3086 3137/2121/3086
f 3139/2122/3087 3145/2129/3087 3150/2130/3087 3144/2123/3087
f 3140/2124/3088 3146/2131/3088 3145/2132/3088 3139/2125/3088
f 3141/2126/3089 3147/2133/3089 3146/2131/3089 3140/2124/3089
f 3142/2127/3090 3148/2134/3090 3147/2133/3090 3141/2126/3090
f 3143/2128/3091 3149/2135/3091 3148/2134/3091 3142/2127/3091
f 3144/2123/3092 3150/2130/3092 3149/2135/3092 3143/2128/3092
f 3145/2129/3093 3151/2136/3093 3156/2137/3093 3150/2130/3093
f 3146/2131/3094 3152/2138/3094 3151/2139/3094 3145/2132/3094
f 3147/2133/3095 3153/2140/3095 3152/2138/3095 3146/2131/3095
f 3148/2134/3096 3154/2141/3096 3153/2140/3096 3147/2133/3096
f 3149/2135/3097 3155/2142/3097 3154/2141/3097 3148/2134/3097
f 3150/2130/3098 3156/2137/3098 3155/2142/3098 3149/2135/3098
f 3151/2136/3099 3157/2143/3099 3162/2144/3099 3156/2137/3099
f 3152/2138/3100 3158/2145/3100 3157/2146/3100 3151/2139/3100
f 3153/2140/3101 3159/2147/3101 3158/2145/3101 3152/2138/3101
f 3154/2141/3102 3160/2148/3102 3159/2147/3102 3153/2140/3102
f 3155/2142/3103 3161/2149/3103 3160/2148/3103 3154/2141/3103
f 3156/2137/3104 3162/2144/3104 3161/2149/3104 3155/2142/3104
f 3157/2143/3105 3163/2150/3105 3168/2151/3105 3162/2144/3105
f 3158/2145/3106 3164/2152/3106 3163/2153/3106 3157/2146/3106
f 3159/2147/3107 3165/2154/3107 3164/2152/3107 3158/2145/3107
f 3160/2148/3108 3166/2155/3108 3165/2154/3108 3159/2147/3108
f 3161/2149/3109 3167/2156/3109 3166/2155/3109 3160/2148/3109
f 3162/2144/3110 3168/2151/3110 3167/2156/3110 3161/2149/3110
f 3163/2150/3111 3169/2157/3111 3174/2158/3111 3168/2151/3111
f 3164/2152/3112 3170/2159/3112 3169/2160/3112 3163/2153/3112
f 3165/2154/3113 3171/2161/3113 3170/2159/3113 3164/2152/3113
f 3166/2155/3114 3172/2162/3114 3171/2161/3114 3165/2154/3114
f 3167/2156/3115 3173/2163/3115 3172/2162/3115 3166/2155/3115
f 3168/2151/3116 3174/2158/3116 3173/2163/3116 3167/2156/3116
f 3169/2157/3117 3175/211/3117 3180/212/3117 3174/2158/3117
f 3170/2159/3118 3176/213/3118 3175/214/3118 3169/2160/3118
f 3171/2161/3119 3177/215/3119 3176/213/3119 3170/2159/3119
f 3172/2162/3120 3178/216/3120 3177/215/3120 3171/2161/3120
f 3173/2163/3121 3179/217/3121 3178/216/3121 3172/2162/3121
f 3174/2158/3122 3180/212/3122 3179/217/3122 3173/2163/3122
f 3175/211/3123 3181/2164/3123 3186/2165/3123 3180/212/3123
f 3176/213/3124 3182/2166/3124 3181/2167/3124 3175/214/3124
f 3177/215/3125 3183/2168/3125 3182/2166/3125 3176/213/3125
f 3178/216/3126 3184/2169/3126 3183/2168/3126 3177/215/3126
f 3179/217/3127 3185/2170/3127 3184/2169/3127 3178/216/3127
f 3180/212/3128 3186/2165/3128 3185/2170/3128 3179/217/3128
f 3181/2164/3129 3187/2171/3129 3192/2172/3129 3186/2165/3129
f 3182/2166/3130 3188/2173/3130 3187/2174/3130 3181/2167/3130
f 3183/2168/3131 3189/2175/3131 3188/2173/3131 3182/2166/3131
f 3184/2169/3132 3190/2176/3132 3189/2175/3132 3183/2168/3132
f 3185/2170/3133 3191/2177/3133 3190/2176/3133 3184/2169/3133
f 3186/2165/3134 3192/2172/3134 3191/2177/3134 3185/2170/3134
f 3187/2171/3135 3193/2178/3135 3198/2179/3135 3192/2172/3135
f 3188/2173/3136 3194/2180/3136 3193/2181/3136 3187/2174/3136
f 3189/2175/3137 3195/2182/3137 3194/2180/3137 3188/2173/3137
f 3190/2176/3138 3196/2183/3138 3195/2182/3138 3189/2175/3138
f 3191/2177/3139 3197/2184/3139 3196/2183/3139 3190/2176/3139
f 3192/2172/3140 3198/2179/3140 3197/2184/3140 3191/2177/3140
f 3193/2178/3141 3199/2185/3141 3204/2186/3141 3198/2179/3141
f 3194/2180/3142 3200/2187/3142 3199/2188/3142 3193/2181/3142
f 3195/2182/3143 3201/2189/3143 3200/2187/3143 3194/2180/3143
f 3196/2183/3144 3202/2190/3144 3201/2189/3144 3195/2182/3144
f 3197/2184/3145 3203/2191/3145 3202/2190/3145 3196/2183/3145
f 3198/2179/3146 3204/2186/3146 3203/2191/3146 3197/2184/3146
f 3199/2185/3147 3205/2192/3147 3210/2193/3147 3204/2186/3147
f 3200/2187/3148 3206/2194/3148 3205/2195/3148 3199/2188/3148
f 3201/2189/3149 3207/2196/3149 3206/2194/3149 3200/2187/3149
f 3202/2190/3150 3208/2197/3150 3207/2196/3150 3201/2189/3150
f 3203/2191/3151 3209/2198/3151 3208/2197/3151 3202/2190/3151
f 3204/2186/3152 3210/2193/3152 3209/2198/3152 3203/2191/3152
f 3205/2192/3153 3211/2199/3153 3216/2200/3153 3210/2193/3153
f 3206/2194/3154 3212/2201/3154 3211/2202/3154 3205/2195/3154
f 3207/2196/3155 3213/2203/3155 3212/2201/3155 3206/2194/3155
f 3208/2197/3156 3214/2204/3156 3213/2203/3156 3207/2196/3156
f 3209/2198/3157 3215/2205/3157 3214/2204/3157 3208/2197/3157
f 3210/2193/3158 3216/2200/3158 3215/2205/3158 3209/2198/3158
f 3211/2199/3159 3217/2206/3159 3222/2207/3159 3216/2200/3159
f 3212/2201/3160 3218/2208/3160 3217/2209/3160 3211/2202/3160
f 3213/2203/3161 3219/2210/3161 3218/2208/3161 3212/2201/3161
f 3214/2204/3162 3220/2211/3162 3219/2210/3162 3213/2203/3162
f 3215/2205/3163 3221/2212/3163 3220/2211/3163 3214/2204/3163
f 3216/2200/3164 3222/2207/3164 3221/2212/3164 3215/2205/3164
f 3217/2206/3165 3223/2213/3165 3228/2214/3165 3222/2207/3165
f 3218/2208/3166 3224/2215/3166 3223/2216/3166 3217/2209/3166
f 3219/2210/3167 3225/2217/3167 3224/2215/3167 3218/2208/3167
f 3220/2211/3168 3226/2218/3168 3225/2217/3168 3219/2210/3168
f 3221/2212/3169 3227/2219/3169 3226/2218/3169 3220/2211/3169
f 3222/2207/3170 3228/2214/3170 3227/2219/3170 3221/2212/3170
f 3223/2213/3171 3229/2220/3171 3234/2221/3171 3228/2214/3171
f 3224/2215/3172 3230/2222/3172 3229/2223/3172 3223/2216/3172
f 3225/2217/3173 3231/2224/3173 3230/2222/3173 3224/2215/3173
f 3226/2218/3174 3232/2225/3174 3231/2224/3174 3225/2217/3174
f 3227/2219/3175 3233/2226/3175 3232/2225/3175 3226/2218/3175
f 3228/2214/3176 3234/2221/3176 3233/2226/3176 3227/2219/3176
f 3229/2220/3177 3235/2227/3177 3240/2228/3177 3234/2221/3177
f 3230/2222/3178 3236/2229/3178 3235/2230/3178 3229/2223/3178
f 3231/2224/3179 3237/2231/3179 3236/2229/3179 3230/2222/3179
f 3232/2225/3180 3238/2232/3180 3237/2231/3180 3231/2224/3180
f 3233/2226/3181 3239/2233/3181 3238/2232/3181 3232/2225/3181
f 3234/2221/3182 3240/2228/3182 3239/2233/3182 3233/2226/3182
f 3235/2227/3183 3241/316/3183 3246/317/3183 3240/2228/3183
f 3236/2229/3184 3242/318/3184 3241/319/3184 3235/2230/3184
f 3237/2231/3185 3243/320/3185 3242/318/3185 3236/2229/3185
f 3238/2232/3186 3244/321/3186 3243/320/3186 3237/2231/3186
f 3239/2233/3187 3245/322/3187 3244/321/3187 3238/2232/3187
f 3240/2228/3188 3246/317/3188 3245/322/3188 3239/2233/3188
f 3241/316/3189 3247/2234/3189 3252/2235/3189 3246/317/3189
f 3242/318/3190 3248/2236/3190 3247/2237/3190 3241/319/3190
f 3243/320/3191 3249/2238/3191 3248/2236/3191 3242/318/3191
f 3244/321/3192 3250/2239/3192 3249/2238/3192 3243/320/3192
f 3245/322/3193 3251/2240/3193 3250/2239/3193 3244/321/3193
f 3246/317/3194 3252/2235/3194 3251/2240/3194 3245/322/3194
f 3247/2234/3195 3253/2241/3195 3258/2242/3195 3252/2235/3195
f 3248/2236/3196 3254/2243/3196 3253/2244/3196 3247/2237/3196
f 3249/2238/3197 3255/2245/3197 3254/2243/3197 3248/2236/3197
f 3250/2239/3198 3256/2246/3198 3255/2245/3198 3249/2238/3198
f 3251/2240/3199 3257/2247/3199 3256/2246/3199 3250/2239/3199
f 3252/2235/3200 3258/2242/3200 3257/2247/3200 3251/2240/3200
f 3253/2241/3201 3259/2248/3201 3264/2249/3201 3258/2242/3201
f 3254/2243/3202 3260/2250/3202 3259/2251/3202 3253/2244/3202
f 3255/2245/3203 3261/2252/3203 3260/2250/3203 3254/2243/3203
f 3256/2246/3204 3262/2253/3204 3261/2252/3204 3255/2245/3204
f 3257/2247/3205 3263/2254/3205 3262/2253/3205 3256/2246/3205
f 3258/2242/3206 3264/2249/3206 3263/2254/3206 3257/2247/3206
f 3259/2248/3207 3265/2255/3207 3270/2256/3207 3264/2249/3207
f 3260/2250/3208 3266/2257/3208 3265/2258/3208 3259/2251/3208
f 3261/2252/3209 3267/2259/3209 3266/2257/3209 3260/2250/3209
f 3262/2253/3210 3268/2260/3210 3267/2259/3210 3261/2252/3210
f 3263/2254/3211 3269/2261/3211 3268/2260/3211 3262/2253/3211
f 3264/2249/3212 3270/2256/3212 3269/2261/3212 3263/2254/3212
f 3265/2255/3213 3271/2262/3213 3276/2263/3213 3270/2256/3213
f 3266/2257/3214 3272/2264/3214 3271/2265/3214 3265/2258/3214
f 3267/2259/3215 3273/2266/3215 3272/2264/3215 3266/2257/3215
f 3268/2260/3216 3274/2267/3216 3273/2266/3216 3267/2259/3216
f 3269/2261/3217 3275/2268/3217 3274/2267/3217 3268/2260/3217
f 3270/2256/3218 3276/2263/3218 3275/2268/3218 3269/2261/3218
f 3271/2262/3219 3277/2269/3219 3282/2270/3219 3276/2263/3219
f 3272/2264/3220 3278/2271/3220 3277/2272/3220 3271/2265/3220
f 3273/2266/3221 3279/2273/3221 3278/2271/3221 3272/2264/3221
f 3274/2267/3222 3280/2274/3222 3279/2273/3222 3273/2266/3222
f 3275/2268/3223 3281/2275/3223 3280/2274/3223 3274/2267/3223
f 3276/2263/3224 3282/2270/3224 3281/2275/3224 3275/2268/3224
f 3277/2269/3225 3283/2276/3225 3288/2277/3225 3282/2270/3225
f 3278/2271/3226 3284/2278/3226 3283/2279/3226 3277/2272/3226
f 3279/2273/3227 3285/2280/3227 3284/2278/3227 3278/2271/3227
f 3280/2274/3228 3286/2281/3228 3285/2280/3228 3279/2273/3228
f 3281/2275/3229 3287/2282/3229 3286/2281/3229 3280/2274/3229
f 3282/2270/3230 3288/2277/3230 3287/2282/3230 3281/2275/3230
f 3283/2276/3231 3289/2283/3231 3294/2284/3231 3288/2277/3231
f 3284/2278/3232 3290/2285/3232 3289/2286/3232 3283/2279/3232
f 3285/2280/3233 3291/2287/3233 3290/2285/3233 3284/2278/3233
f 3286/2281/3234 3292/2288/3234 3291/2287/3234 3285/2280/3234
f 3287/2282/3235 3293/2289/3235 3292/2288/3235 3286/2281/3235
f 3288/2277/3236 3294/2284/3236 3293/2289/3236 3287/2282/3236
f 3289/2283/3237 3295/2290/3237 3300/2291/3237 3294/2284/3237
f 3290/2285/3238 3296/2292/3238 3295/2293/3238 3289/2286/3238
f 3291/2287/3239 3297/2294/3239 3296/2292/3239 3290/2285/3239
f 3292/2288/3240 3298/2295/3240 3297/2294/3240 3291/2287/3240
f 3293/2289/3241 3299/2296/3241 3298/2295/3241 3292/2288/3241
f 3294/2284/3242 3300/2291/3242 3299/2296/3242 3293/2289/3242
f 3295/2290/3243 3301/2297/3243 3306/2298/3243 3300/2291/3243
f 3296/2292/3244 3302/2299/3244 3301/2300/3244 3295/2293/3244
f 3297/2294/3245 3303/2301/3245 3302/2299/3245 3296/2292/3245
f 3298/2295/3246 3304/2302/3246 3303/2301/3246 3297/2294/3246
f 3299/2296/3247 3305/2303/3247 3304/2302/3247 3298/2295/3247
f 3300/2291/3248 3306/2298/3248 3305/2303/3248 3299/2296/3248
f 3301/2297/3249 3307/421/3249 3312/422/3249 3306/2298/3249
f 3302/2299/3250 3308/423/3250 3307/424/3250 3301/2300/3250
f 3303/2301/3251 3309/425/3251 3308/423/3251 3302/2299/3251
f 3304/2302/3252 3310/426/3252 3309/425/3252 3303/2301/3252
f 3305/2303/3253 3311/427/3253 3310/426/3253 3304/2302/3253
f 3306/2298/3254 3312/422/3254 3311/427/3254 3305/2303/3254
f 3307/421/3255 3313/2304/3255 3318/2305/3255 3312/422/3255
f 3308/423/3256 3314/2306/3256 3313/2307/3256 3307/424/3256
f 3309/425/3257 3315/2308/3257 3314/2306/3257 3308/423/3257
f 3310/426/3258 3316/2309/3258 3315/2308/3258 3309/425/3258
f 3311/427/3259 3317/2310/3259 3316/2309/3259 3310/426/3259
f 3312/422/3260 3318/2305/3260 3317/2310/3260 3311/427/3260
f 3313/2304/3261 3319/2311/3261 3324/2312/3261 3318/2305/3261
f 3314/2306/3262 3320/2313/3262 3319/2314/3262 3313/2307/3262
f 3315/2308/3263 3321/2315/3263 3320/2313/3263 3314/2306/3263
f 3316/2309/3264 3322/2316/3264 3321/2315/3264 3315/2308/3264
f 3317/2310/3265 3323/2317/3265 3322/2316/3265 3316/2309/3265
f 3318/2305/3266 3324/2312/3266 3323/2317/3266 3317/2310/3266
f 3319/2311/3267 3325/2318/3267 3330/2319/3267 3324/2312/3267
f 3320/2313/3268 3326/2320/3268 3325/2321/3268 3319/2314/3268
f 3321/2315/3269 3327/2322/3269 3326/2320/3269 3320/2313/3269
f 3322/2316/3270 3328/2323/3270 3327/2322/3270 3321/2315/3270
f 3323/2317/3271 3329/2324/3271 3328/2323/3271 3322/2316/3271
f 3324/2312/3272 3330/2319/3272 3329/2324/3272 3323/2317/3272
f 3325/2318/3273 3331/2325/3273 3336/2326/3273 3330/2319/3273
f 3326/2320/3274 3332/2327/3274 3331/2328/3274 3325/2321/3274
f 3327/2322/3275 3333/2329/3275 3332/2327/3275 3326/2320/3275
f 3328/2323/3276 3334/2330/3276 3333/2329/3276 3327/2322/3276
f 3329/2324/3277 3335/2331/3277 3334/2330/3277 3328/2323/3277
f 3330/2319/3278 3336/2326/3278 3335/2331/3278 3329/2324/3278
f 3331/2325/3279 3337/2332/3279 3342/2333/3279 3336/2326/3279
f 3332/2327/3280 3338/2334/3280 3337/2335/3280 3331/2328/3280
f 3333/2329/3281 3339/2336/3281 3338/2334/3281 3332/2327/3281
f 3334/2330/3282 3340/2337/3282 3339/2336/3282 3333/2329/3282
f 3335/2331/3283 3341/2338/3283 3340/2337/3283 3334/2330/3283
f 3336/2326/3284 3342/2333/3284 3341/2338/3284 3335/2331/3284
f 3337/2332/3285 3343/2339/3285 3348/2340/3285 3342/2333/3285
f 3338/2334/3286 3344/2341/3286 3343/2342/3286 3337/2335/3286
f 3339/2336/3287 3345/2343/3287 3344/2341/3287 3338/2334/3287
f 3340/2337/3288 3346/2344/3288 3345/2343/3288 3339/2336/3288
f 3341/2338/3289 3347/2345/3289 3346/2344/3289 3340/2337/3289
f 3342/2333/3290 3348/2340/3290 3347/2345/3290 3341/2338/3290
f 3343/2339/3291 3349/2346/3291 3354/2347/3291 3348/2340/3291
f 3344/2341/3292 3350/2348/3292 3349/2349/3292 3343/2342/3292
f 3345/2343/3293 3351/2350/3293 3350/2348/3293 3344/2341/3293
f 3346/2344/3294 3352/2351/3294 3351/2350/3294 3345/2343/3294
f 3347/2345/3295 3353/2352/3295 3352/2351/3295 3346/2344/3295
f 3348/2340/3296 3354/2347/3296 3353/2352/3296 3347/2345/3296
f 3349/2346/3297 3355/2353/3297 3360/2354/3297 3354/2347/3297
f 3350/2348/3298 3356/2355/3298 3355/2356/3298 3349/2349/3298
f 3351/2350/3299 3357/2357/3299 3356/2355/3299 3350/2348/3299
f 3352/2351/3300 3358/2358/3300 3357/2357/3300 3351/2350/3300
f 3353/2352/3301 3359/2359/3301 3358/2358/3301 3352/2351/3301
f 3354/2347/3302 3360/2354/3302 3359/2359/3302 3353/2352/3302
f 3355/2353/3303 3361/2360/3303 3366/2361/3303 3360/2354/3303
f 3356/2355/3304 3362/2362/3304 3361/2363/3304 3355/2356/3304
f 3357/2357/3305 3363/2364/3305 3362/2362/3305 3356/2355/3305
f 3358/2358/3306 3364/2365/3306 3363/2364/3306 3357/2357/3306
f 3359/2359/3307 3365/2366/3307 3364/2365/3307 3358/2358/3307
f 3360/2354/3308 3366/2361/3308 3365/2366/3308 3359/2359/3308
f 3361/2360/3309 3367/2367/3309 3372/2368/3309 3366/2361/3309
f 3362/2362/3310 3368/2369/3310 3367/2370/3310 3361/2363/3310
f 3363/2364/3311 3369/2371/3311 3368/2369/3311 3362/2362/3311
f 3364/2365/3312 3370/2372/3312 3369/2371/3312 3363/2364/3312
f 3365/2366/3313 3371/2373/3313 3370/2372/3313 3364/2365/3313
f 3366/2361/3314 3372/2368/3314 3371/2373/3314 3365/2366/3314
f 3367/2367/3315 3373/526/3315 3378/527/3315 3372/2368/3315
f 3368/2369/3316 3374/528/3316 3373/529/3316 3367/2370/3316
f 3369/2371/3317 3375/530/3317 3374/528/3317 3368/2369/3317
f 3370/2372/3318 3376/531/3318 3375/530/3318 3369/2371/3318
f 3371/2373/3319 3377/532/3319 3376/531/3319 3370/2372/3319
f 3372/2368/3320 3378/527/3320 3377/532/3320 3371/2373/3320
f 3373/526/3321 3379/2374/3321 3384/2375/3321 3378/527/3321
f 3374/528/3322 3380/2376/3322 3379/2377/3322 3373/529/3322
f 3375/530/3323 3381/2378/3323 3380/2376/3323 3374/528/3323
f 3376/531/3324 3382/2379/3324 3381/2378/3324 3375/530/3324
f 3377/532/3325 3383/2380/3325 3382/2379/3325 3376/531/3325
f 3378/527/3326 3384/2375/3326 3383/2380/3326 3377/532/3326
f 3379/2374/3327 3385/2381/3327 3390/2382/3327 3384/2375/3327
f 3380/2376/3328 3386/2383/3328 3385/2384/3328 3379/2377/3328
f 3381/2378/3329 3387/2385/3329 3386/2383/3329 3380/2376/3329
f 3382/2379/3330 3388/2386/3330 3387/2385/3330 3381/2378/3330
f 3383/2380/3331 3389/2387/3331 3388/2386/3331 3382/2379/3331
f 3384/2375/3332 3390/2382/3332 3389/2387/3332 3383/2380/3332
f 3385/2381/3333 3391/2388/3333 3396/2389/3333 3390/2382/3333
f 3386/2383/3334 3392/2390/3334 3391/2391/3334 3385/2384/3334
f 3387/2385/3335 3393/2392/3335 3392/2390/3335 3386/2383/3335
f 3388/2386/3336 3394/2393/3336 3393/2392/3336 3387/2385/3336
f 3389/2387/3337 3395/2394/3337 3394/2393/3337 3388/2386/3337
f 3390/2382/3338 3396/2389/3338 3395/2394/3338 3389/2387/3338
f 3391/2388/3339 3397/2395/3339 3402/2396/3339 3396/2389/3339
f 3392/2390/3340 3398/2397/3340 3397/2398/3340 3391/2391/3340
f 3393/2392/3341 3399/2399/3341 3398/2397/3341 3392/2390/3341
f 3394/2393/3342 3400/2400/3342 3399/2399/3342 3393/2392/3342
f 3395/2394/3343 3401/2401/3343 3400/2400/3343 3394/2393/3343
f 3396/2389/3344 3402/2396/3344 3401/2401/3344 3395/2394/3344
f 3397/2395/3345 3403/2402/3345 3408/2403/3345 3402/2396/3345
f 3398/2397/3346 3404/2404/3346 3403/2405/3346 3397/2398/3346
f 3399/2399/3347 3405/2406/3347 3404/2404/3347 3398/2397/3347
f 3400/2400/3348 3406/2407/3348 3405/2406/3348 3399/2399/3348
f 3401/2401/3349 3407/2408/3349 3406/2407/3349 3400/2400/3349
f 3402/2396/3350 3408/2403/3350 3407/2408/3350 3401/2401/3350
f 3403/2402/3351 3409/2409/3351 3414/2410/3351 3408/2403/3351
f 3404/2404/3352 3410/2411/3352 3409/2412/3352 3403/2405/3352
f 3405/2406/3353 3411/2413/3353 3410/2411/3353 3404/2404/3353
f 3406/2407/3354 3412/2414/3354 3411/2413/3354 3405/2406/3354
f 3407/2408/3355 3413/2415/3355 3412/2414/3355 3406/2407/3355
f 3408/2403/3356 3414/2410/3356 3413/2415/3356 3407/2408/3356
f 3409/2409/3357 3415/2416/3357 3420/2417/3357 3414/2410/3357
f 3410/2411/3358 3416/2418/3358 3415/2419/3358 3409/2412/3358
f 3411/2413/3359 3417/2420/3359 3416/2418/3359 3410/2411/3359
f 3412/2414/3360 3418/2421/3360 3417/2420/3360 3411/2413/3360
f 3413/2415/3361 3419/2422/3361 3418/2421/3361 3412/2414/3361
f 3414/2410/3362 3420/2417/3362 3419/2422/3362 3413/2415/3362
f 3415/2416/3363 3421/2423/3363 3426/2424/3363 3420/2417/3363
f 3416/2418/3364 3422/2425/3364 3421/2426/3364 3415/2419/3364
f 3417/2420/3365 3423/2427/3365 3422/2425/3365 3416/2418/3365
f 3418/2421/3366 3424/2428/3366 3423/2427/3366 3417/2420/3366
f 3419/2422/3367 3425/2429/3367 3424/2428/3367 3418/2421/3367
f 3420/2417/3368 3426/2424/3368 3425/2429/3368 3419/2422/3368
f 3421/2423/3369 3427/2430/3369 3432/2431/3369 3426/2424/3369
f 3422/2425/3370 3428/2432/3370 3427/2433/3370 3421/2426/3370
f 3423/2427/3371 3429/2434/3371 3428/2432/3371 3422/2425/3371
f 3424/2428/3372 3430/2435/3372 3429/2434/3372 3423/2427/3372
f 3425/2429/3373 3431/2436/3373 3430/2435/3373 3424/2428/3373
f 3426/2424/3374 3432/2431/3374 3431/2436/3374 3425/2429/3374
f 3427/2430/3375 3433/2437/3375 3438/2438/3375 3432/2431/3375
f 3428/2432/3376 3434/2439/3376 3433/2440/3376 3427/2433/3376
f 3429/2434/3377 3435/2441/3377 3434/2439/3377 3428/2432/3377
f 3430/2435/3378 3436/2442/3378 3435/2441/3378 3429/2434/3378
f 3431/2436/3379 3437/2443/3379 3436/2442/3379 3430/2435/3379
f 3432/2431/3380 3438/2438/3380 3437/2443/3380 3431/2436/3380
f 3433/2437/3381 3439/631/3381 3444/632/3381 3438/2438/3381
f 3434/2439/3382 3440/633/3382 3439/634/3382 3433/2440/3382
f 3435/2441/3383 3441/635/3383 3440/633/3383 3434/2439/3383
f 3436/2442/3384 3442/636/3384 3441/635/3384 3435/2441/3384
f 3437/2443/3385 3443/637/3385 3442/636/3385 3436/2442/3385
f 3438/2438/3386 3444/632/3386 3443/637/3386 3437/2443/3386
f 3439/631/3387 3445/2444/3387 3450/2445/3387 3444/632/3387
f 3440/633/3382 3446/2446/3382 3445/2447/3382 3439/634/3382
f 3441/635/3383 3447/2448/3383 3446/2446/3383 3440/633/3383
f 3442/636/3388 3448/2449/3388 3447/2448/3388 3441/635/3388
f 3443/637/3385 3449/2450/3385 3448/2449/3385 3442/636/3385
f 3444/632/3386 3450/2445/3386 3449/2450/3386 3443/637/3386
f 3445/2444/3389 3451/2451/3389 3456/2452/3389 3450/2445/3389
f 3446/2446/3376 3452/2453/3376 3451/2454/3376 3445/2447/3376
f 3447/2448/3390 3453/2455/3390 3452/2453/3390 3446/2446/3390
f 3448/2449/3391 3454/2456/3391 3453/2455/3391 3447/2448/3391
f 3449/2450/3379 3455/2457/3379 3454/2456/3379 3448/2449/3379
f 3450/2445/3392 3456/2452/3392 3455/2457/3392 3449/2450/3392
f 3451/2451/3393 3457/2458/3393 3462/2459/3393 3456/2452/3393
f 3452/2453/3370 3458/2460/3370 3457/2461/3370 3451/2454/3370
f 3453/2455/3394 3459/2462/3394 3458/2460/3394 3452/2453/3394
f 3454/2456/3395 3460/2463/3395 3459/2462/3395 3453/2455/3395
f 3455/2457/3373 3461/2464/3373 3460/2463/3373 3454/2456/3373
f 3456/2452/3396 3462/2459/3396 3461/2464/3396 3455/2457/3396
f 3457/2458/3397 3463/2465/3397 3468/2466/3397 3462/2459/3397
f 3458/2460/3364 3464/2467/3364 3463/2468/3364 3457/2461/3364
f 3459/2462/3398 3465/2469/3398 3464/2467/3398 3458/2460/3398
f 3460/2463/3399 3466/2470/3399 3465/2469/3399 3459/2462/3399
f 3461/2464/3367 3467/2471/3367 3466/2470/3367 3460/2463/3367
f 3462/2459/3400 3468/2466/3400 3467/2471/3400 3461/2464/3400
f 3463/2465/3401 3469/2472/3401 3474/2473/3401 3468/2466/3401
f 3464/2467/3358 3470/2474/3358 3469/2475/3358 3463/2468/3358
f 3465/2469/3402 3471/2476/3402 3470/2474/3402 3464/2467/3402
f 3466/2470/3403 3472/2477/3403 3471/2476/3403 3465/2469/3403
f 3467/2471/3361 3473/2478/3361 3472/2477/3361 3466/2470/3361
f 3468/2466/3404 3474/2473/3404 3473/2478/3404 3467/2471/3404
f 3469/2472/3405 3475/2479/3405 3480/2480/3405 3474/2473/3405
f 3470/2474/3406 3476/2481/3406 3475/2482/3406 3469/2475/3406
f 3471/2476/3407 3477/2483/3407 3476/2481/3407 3470/2474/3407
f 3472/2477/3408 3478/2484/3408 3477/2483/3408 3471/2476/3408
f 3473/2478/3409 3479/2485/3409 3478/2484/3409 3472/2477/3409
f 3474/2473/3410 3480/2480/3410 3479/2485/3410 3473/2478/3410
f 3475/2479/3411 3481/2486/3411 3486/2487/3411 3480/2480/3411
f 3476/2481/3412 3482/2488/3412 3481/2489/3412 3475/2482/3412
f 3477/2483/3413 3483/2490/3413 3482/2488/3413 3476/2481/3413
f 3478/2484/3414 3484/2491/3414 3483/2490/3414 3477/2483/3414
f 3479/2485/3415 3485/2492/3415 3484/2491/3415 3478/2484/3415
f 3480/2480/3416 3486/2487/3416 3485/2492/3416 3479/2485/3416
f 3481/2486/3417 3487/2493/3417 3492/2494/3417 3486/2487/3417
f 3482/2488/3418 3488/2495/3418 3487/2496/3418 3481/2489/3418
f 3483/2490/3419 3489/2497/3419 3488/2495/3419 3482/2488/3419
f 3484/2491/3420 3490/2498/3420 3489/2497/3420 3483/2490/3420
f 3485/2492/3421 3491/2499/3421 3490/2498/3421 3484/2491/3421
f 3486/2487/3422 3492/2494/3422 3491/2499/3422 3485/2492/3422
f 3487/2493/3423 3493/2500/3423 3498/2501/3423 3492/2494/3423
f 3488/2495/3424 3494/2502/3424 3493/2503/3424 3487/2496/3424
f 3489/2497/3425 3495/2504/3425 3494/2502/3425 3488/2495/3425
f 3490/2498/3426 3496/2505/3426 3495/2504/3426 3489/2497/3426
f 3491/2499/3427 3497/2506/3427 3496/2505/3427 3490/2498/3427
f 3492/2494/3428 3498/2501/3428 3497/2506/3428 3491/2499/3428
f 3493/2500/3429 3499/2507/3429 3504/2508/3429 3498/2501/3429
f 3494/2502/3430 3500/2509/3430 3499/2510/3430 3493/2503/3430
f 3495/2504/3431 3501/2511/3431 3500/2509/3431 3494/2502/3431
f 3496/2505/3432 3502/2512/3432 3501/2511/3432 3495/2504/3432
f 3497/2506/3433 3503/2513/3433 3502/2512/3433 3496/2505/3433
f 3498/2501/3434 3504/2508/3434 3503/2513/3434 3497/2506/3434
f 3499/2507/3435 3505/736/3435 3510/737/3435 3504/2508/3435
f 3500/2509/3436 3506/738/3436 3505/739/3436 3499/2510/3436
f 3501/2511/3437 3507/740/3437 3506/738/3437 3500/2509/3437
f 3502/2512/3438 3508/741/3438 3507/740/3438 3501/2511/3438
f 3503/2513/3439 3509/742/3439 3508/741/3439 3502/2512/3439
f 3504/2508/3440 3510/737/3440 3509/742/3440 3503/2513/3440
f 3505/736/3441 3511/2514/3441 3516/2515/3441 3510/737/3441
f 3506/738/3442 3512/2516/3442 3511/2517/3442 3505/739/3442
f 3507/740/3443 3513/2518/3443 3512/2516/3443 3506/738/3443
f 3508/741/3444 3514/2519/3444 3513/2518/3444 3507/740/3444
f 3509/742/3445 3515/2520/3445 3514/2519/3445 3508/741/3445
f 3510/737/3446 3516/2515/3446 3515/2520/3446 3509/742/3446
f 3511/2514/3447 3517/2521/3447 3522/2522/3447 3516/2515/3447
f 3512/2516/3448 3518/2523/3448 3517/2524/3448 3511/2517/3448
f 3513/2518/3449 3519/2525/3449 3518/2523/3449 3512/2516/3449
f 3514/2519/3450 3520/2526/3450 3519/2525/3450 3513/2518/3450
f 3515/2520/3451 3521/2527/3451 3520/2526/3451 3514/2519/3451
f 3516/2515/3452 3522/2522/3452 3521/2527/3452 3515/2520/3452
f 3517/2521/3453 3523/2528/3453 3528/2529/3453 3522/2522/3453
f 3518/2523/3454 3524/2530/3454 3523/2531/3454 3517/2524/3454
f 3519/2525/3455 3525/2532/3455 3524/2530/3455 3518/2523/3455
f 3520/2526/3456 3526/2533/3456 3525/2532/3456 3519/2525/3456
f 3521/2527/3457 3527/2534/3457 3526/2533/3457 3520/2526/3457
f 3522/2522/3458 3528/2529/3458 3527/2534/3458 3521/2527/3458
f 3523/2528/3459 3529/2535/3459 3534/2536/3459 3528/2529/3459
f 3524/2530/3460 3530/2537/3460 3529/2538/3460 3523/2531/3460
f 3525/2532/3461 3531/2539/3461 3530/2537/3461 3524/2530/3461
f 3526/2533/3462 3532/2540/3462 3531/2539/3462 3525/2532/3462
f 3527/2534/3463 3533/2541/3463 3532/2540/3463 3526/2533/3463
f 3528/2529/3464 3534/2536/3464 3533/2541/3464 3527/2534/3464
f 3529/2535/3465 3535/2542/3465 3540/2543/3465 3534/2536/3465
f 3530/2537/3466 3536/2544/3466 3535/2545/3466 3529/2538/3466
f 3531/2539/3467 3537/2546/3467 3536/2544/3467 3530/2537/3467
f 3532/2540/3468 3538/2547/3468 3537/2546/3468 3531/2539/3468
f 3533/2541/3469 3539/2548/3469 3538/2547/3469 3532/2540/3469
f 3534/2536/3470 3540/2543/3470 3539/2548/3470 3533/2541/3470
f 3535/2542/3471 3541/2549/3471 3546/2550/3471 3540/2543/3471
f 3536/2544/3472 3542/2551/3472 3541/2552/3472 3535/2545/3472
f 3537/2546/3473 3543/2553/3473 3542/2551/3473 3536/2544/3473
f 3538/2547/3474 3544/2554/3474 3543/2553/3474 3537/2546/3474
f 3539/2548/3475 3545/2555/3475 3544/2554/3475 3538/2547/3475
f 3540/2543/3476 3546/2550/3476 3545/2555/3476 3539/2548/3476
f 3541/2549/3477 3547/2556/3477 3552/2557/3477 3546/2550/3477
f 3542/2551/3478 3548/2558/3478 3547/2559/3478 3541/2552/3478
f 3543/2553/3479 3549/2560/3479 3548/2558/3479 3542/2551/3479
f 3544/2554/3480 3550/2561/3480 3549/2560/3480 3543/2553/3480
f 3545/2555/3481 3551/2562/3481 3550/2561/3481 3544/2554/3481
f 3546/2550/3482 3552/2557/3482 3551/2562/3482 3545/2555/3482
f 3547/2556/3483 3553/2563/3483 3558/2564/3483 3552/2557/3483
f 3548/2558/3484 3554/2565/3484 3553/2566/3484 3547/2559/3484
f 3549/2560/3485 3555/2567/3485 3554/2565/3485 3548/2558/3485
f 3550/2561/3486 3556/2568/3486 3555/2567/3486 3549/2560/3486
f 3551/2562/3487 3557/2569/3487 3556/2568/3487 3550/2561/3487
f 3552/2557/3488 3558/2564/3488 3557/2569/3488 3551/2562/3488
f 3553/2563/3489 3559/2570/3489 3564/2571/3489 3558/2564/3489
f 3554/2565/3490 3560/2572/3490 3559/2573/3490 3553/2566/3490
f 3555/2567/3491 3561/2574/3491 3560/2572/3491 3554/2565/3491
f 3556/2568/3492 3562/2575/3492 3561/2574/3492 3555/2567/3492
f 3557/2569/3493 3563/2576/3493 3562/2575/3493 3556/2568/3493
f 3558/2564/3494 3564/2571/3494 3563/2576/3494 3557/2569/3494
f 3559/2570/3495 3565/2577/3495 3570/2578/3495 3564/2571/3495
f 3560/2572/3496 3566/2579/3496 3565/2580/3496 3559/2573/3496
f 3561/2574/3497 3567/2581/3497 3566/2579/3497 3560/2572/3497
f 3562/2575/3498 3568/2582/3498 3567/2581/3498 3561/2574/3498
f 3563/2576/3499 3569/2583/3499 3568/2582/3499 3562/2575/3499
f 3564/2571/3500 3570/2578/3500 3569/2583/3500 3563/2576/3500
f 3565/2577/3501 3571/841/3501 3576/842/3501 3570/2578/3501
f 3566/2579/3502 3572/843/3502 3571/844/3502 3565/2580/3502
f 3567/2581/3503 3573/845/3503 3572/843/3503 3566/2579/3503
f 3568/2582/3504 3574/846/3504 3573/845/3504 3567/2581/3504
f 3569/2583/3505 3575/847/3505 3574/846/3505 3568/2582/3505
f 3570/2578/3506 3576/842/3506 3575/847/3506 3569/2583/3506
f 3571/841/3507 3577/2584/3507 3582/2585/3507 3576/842/3507
f 3572/843/3508 3578/2586/3508 3577/2587/3508 3571/844/3508
f 3573/845/3509 3579/2588/3509 3578/2586/3509 3572/843/3509
f 3574/846/3510 3580/2589/3510 3579/2588/3510 3573/845/3510
f 3575/847/3511 3581/2590/3511 3580/2589/3511 3574/846/3511
f 3576/842/3512 3582/2585/3512 3581/2590/3512 3575/847/3512
f 3577/2584/3513 3583/2591/3513 3588/2592/3513 3582/2585/3513
f 3578/2586/3514 3584/2593/3514 3583/2594/3514 3577/2587/3514
f 3579/2588/3515 3585/2595/3515 3584/2593/3515 3578/2586/3515
f 3580/2589/3516 3586/2596/3516 3585/2595/3516 3579/2588/3516
f 3581/2590/3517 3587/2597/3517 3586/2596/3517 3580/2589/3517
f 3582/2585/3518 3588/2592/3518 3587/2597/3518 3581/2590/3518
f 3583/2591/3519 3589/2598/3519 3594/2599/3519 3588/2592/3519
f 3584/2593/3520 3590/2600/3520 3589/2601/3520 3583/2594/3520
f 3585/2595/3521 3591/2602/3521 3590/2600/3521 3584/2593/3521
f 3586/2596/3522 3592/2603/3522 3591/2602/3522 3585/2595/3522
f 3587/2597/3523 3593/2604/3523 3592/2603/3523 3586/2596/3523
f 3588/2592/3524 3594/2599/3524 3593/2604/3524 3587/2597/3524
f 3589/2598/3525 3595/2605/3525 3600/2606/3525 3594/2599/3525
f 3590/2600/3526 3596/2607/3526 3595/2608/3526 3589/2601/3526
f 3591/2602/3527 3597/2609/3527 3596/2607/3527 3590/2600/3527
f 3592/2603/3528 3598/2610/3528 3597/2609/3528 3591/2602/3528
f 3593/2604/3529 3599/2611/3529 3598/2610/3529 3592/2603/3529
f 3594/2599/3530 3600/2606/3530 3599/2611/3530 3593/2604/3530
f 3595/2605/3531 3601/2612/3531 3606/2613/3531 3600/2606/3531
f 3596/2607/3532 3602/2614/3532 3601/2615/3532 3595/2608/3532
f 3597/2609/3533 3603/2616/3533 3602/2614/3533 3596/2607/3533
f 3598/2610/3534 3604/2617/3534 3603/2616/3534 3597/2609/3534
f 3599/2611/3535 3605/2618/3535 3604/2617/3535 3598/2610/3535
f 3600/2606/3536 3606/2613/3536 3605/2618/3536 3599/2611/3536
f 3601/2612/3537 3607/2619/3537 3612/2620/3537 3606/2613/3537
f 3602/2614/3538 3608/2621/3538 3607/2622/3538 3601/2615/3538
f 3603/2616/3539 3609/2623/3539 3608/2621/3539 3602/2614/3539
f 3604/2617/3540 3610/2624/3540 3609/2623/3540 3603/2616/3540
f 3605/2618/3541 3611/2625/3541 3610/2624/3541 3604/2617/3541
f 3606/2613/3542 3612/2620/3542 3611/2625/3542 3605/2618/3542
f 3607/2619/3543 3613/2626/3543 3618/2627/3543 3612/2620/3543
f 3608/2621/3544 3614/2628/3544 3613/2629/3544 3607/2622/3544
f 3609/2623/3545 3615/2630/3545 3614/2628/3545 3608/2621/3545
f 3610/2624/3546 3616/2631/3546 3615/2630/3546 3609/2623/3546
f 3611/2625/3547 3617/2632/3547 3616/2631/3547 3610/2624/3547
f 3612/2620/3548 3618/2627/3548 3617/2632/3548 3611/2625/3548
f 3613/2626/3549 3619/2633/3549 3624/2634/3549 3618/2627/3549
f 3614/2628/3550 3620/2635/3550 3619/2636/3550 3613/2629/3550
f 3615/2630/3551 3621/2637/3551 3620/2635/3551 3614/2628/3551
f 3616/2631/3552 3622/2638/3552 3621/2637/3552 3615/2630/3552
f 3617/2632/3553 3623/2639/3553 3622/2638/3553 3616/2631/3553
f 3618/2627/3554 3624/2634/3554 3623/2639/3554 3617/2632/3554
f 3619/2633/3555 3625/2640/3555 3630/2641/3555 3624/2634/3555
f 3620/2635/3556 3626/2642/3556 3625/2643/3556 3619/2636/3556
f 3621/2637/3557 3627/2644/3557 3626/2642/3557 3620/2635/3557
f 3622/2638/3558 3628/2645/3558 3627/2644/3558 3621/2637/3558
f 3623/2639/3559 3629/2646/3559 3628/2645/3559 3622/2638/3559
f 3624/2634/3560 3630/2641/3560 3629/2646/3560 3623/2639/3560
f 3625/2640/3561 3631/2647/3561 3636/2648/3561 3630/2641/3561
f 3626/2642/3562 3632/2649/3562 3631/2650/3562 3625/2643/3562
f 3627/2644/3563 3633/2651/3563 3632/2649/3563 3626/2642/3563
f 3628/2645/3564 3634/2652/3564 3633/2651/3564 3627/2644/3564
f 3629/2646/3565 3635/2653/3565 3634/2652/3565 3628/2645/3565
f 3630/2641/3566 3636/2648/3566 3635/2653/3566 3629/2646/3566
f 3631/2647/3567 3637/946/3567 3642/947/3567 3636/2648/3567
f 3632/2649/3568 3638/948/3568 3637/949/3568 3631/2650/3568
f 3633/2651/3569 3639/950/3569 3638/948/3569 3632/2649/3569
f 3634/2652/3570 3640/951/3570 3639/950/3570 3633/2651/3570
f 3635/2653/3571 3641/952/3571 3640/951/3571 3634/2652/3571
f 3636/2648/3572 3642/947/3572 3641/952/3572 3635/2653/3572
f 3637/946/3573 3643/2654/3573 3648/2655/3573 3642/947/3573
f 3638/948/3574 3644/2656/3574 3643/2657/3574 3637/949/3574
f 3639/950/3575 3645/2658/3575 3644/2656/3575 3638/948/3575
f 3640/951/3576 3646/2659/3576 3645/2658/3576 3639/950/3576
f 3641/952/3577 3647/2660/3577 3646/2659/3577 3640/951/3577
f 3642/947/3578 3648/2655/3578 3647/2660/3578 3641/952/3578
f 3643/2654/3579 3649/2661/3579 3654/2662/3579 3648/2655/3579
f 3644/2656/3580 3650/2663/3580 3649/2664/3580 3643/2657/3580
f 3645/2658/3581 3651/2665/3581 3650/2663/3581 3644/2656/3581
f 3646/2659/3582 3652/2666/3582 3651/2665/3582 3645/2658/3582
f 3647/2660/3583 3653/2667/3583 3652/2666/3583 3646/2659/3583
f 3648/2655/3584 3654/2662/3584 3653/2667/3584 3647/2660/3584
f 3649/2661/3585 3655/2668/3585 3660/2669/3585 3654/2662/3585
f 3650/2663/3586 3656/2670/3586 3655/2671/3586 3649/2664/3586
f 3651/2665/3587 3657/2672/3587 3656/2670/3587 3650/2663/3587
f 3652/2666/3588 3658/2673/3588 3657/2672/3588 3651/2665/3588
f 3653/2667/3589 3659/2674/3589 3658/2673/3589 3652/2666/3589
f 3654/2662/3590 3660/2669/3590 3659/2674/3590 3653/2667/3590
f 3655/2668/3573 3661/2675/3573 3666/2676/3573 3660/2669/3573
f 3656/2670/3574 3662/2677/3574 3661/2678/3574 3655/2671/3574
f 3657/2672/3591 3663/2679/3591 3662/2677/3591 3656/2670/3591
f 3658/2673/3592 3664/2680/3592 3663/2679/3592 3657/2672/3592
f 3659/2674/3577 3665/2681/3577 3664/2680/3577 3658/2673/3577
f 3660/2669/3578 3666/2676/3578 3665/2681/3578 3659/2674/3578
f 3661/2675/3593 3667/2682/3593 3672/2683/3593 3666/2676/3593
f 3662/2677/3594 3668/2684/3594 3667/2685/3594 3661/2678/3594
f 3663/2679/3595 3669/2686/3595 3668/2684/3595 3662/2677/3595
f 3664/2680/3596 3670/2687/3596 3669/2686/3596 3663/2679/3596
f 3665/2681/3597 3671/2688/3597 3670/2687/3597 3664/2680/3597
f 3666/2676/3598 3672/2683/3598 3671/2688/3598 3665/2681/3598
f 3667/2682/3599 3673/2689/3599 3678/2690/3599 3672/2683/3599
f 3668/2684/3600 3674/2691/3600 3673/2692/3600 3667/2685/3600
f 3669/2686/3601 3675/2693/3601 3674/2691/3601 3668/2684/3601
f 3670/2687/3602 3676/2694/3602 3675/2693/3602 3669/2686/3602
f 3671/2688/3603 3677/2695/3603 3676/2694/3603 3670/2687/3603
f 3672/2683/3604 3678/2690/3604 3677/2695/3604 3671/2688/3604
f 3673/2689/3605 3679/2696/3605 3684/2697/3605 3678/2690/3605
f 3674/2691/3606 3680/2698/3606 3679/2699/3606 3673/2692/3606
f 3675/2693/3607 3681/2700/3607 3680/2698/3607 3674/2691/3607
f 3676/2694/3608 3682/2701/3608 3681/2700/3608 3675/2693/3608
f 3677/2695/3609 3683/2702/3609 3682/2701/3609 3676/2694/3609
f 3678/2690/3610 3684/2697/3610 3683/2702/3610 3677/2695/3610
f 3679/2696/3611 3685/2703/3611 3690/2704/3611 3684/2697/3611
f 3680/2698/3612 3686/2705/3612 3685/2706/3612 3679/2699/3612
f 3681/2700/3613 3687/2707/3613 3686/2705/3613 3680/2698/3613
f 3682/2701/3614 3688/2708/3614 3687/2707/3614 3681/2700/3614
f 3683/2702/3615 3689/2709/3615 3688/2708/3615 3682/2701/3615
f 3684/2697/3616 3690/2704/3616 3689/2709/3616 3683/2702/3616
f 3685/2703/3617 3691/2710/3617 3696/2711/3617 3690/2704/3617
f 3686/2705/3618 3692/2712/3618 3691/2713/3618 3685/2706/3618
f 3687/2707/3619 3693/2714/3619 3692/2712/3619 3686/2705/3619
f 3688/2708/3620 3694/2715/3620 3693/2714/3620 3687/2707/3620
f 3689/2709/3621 3695/2716/3621 3694/2715/3621 3688/2708/3621
f 3690/2704/3622 3696/2711/3622 3695/2716/3622 3689/2709/3622
f 3691/2710/3623 3697/2717/3623 3702/2718/3623 3696/2711/3623
f 3692/2712/3624 3698/2719/3624 3697/2720/3624 3691/2713/3624
f 3693/2714/3625 3699/2721/3625 3698/2719/3625 3692/2712/3625
f 3694/2715/3626 3700/2722/3626 3699/2721/3626 3693/2714/3626
f 3695/2716/3627 3701/2723/3627 3700/2722/3627 3694/2715/3627
f 3696/2711/3628 3702/2718/3628 3701/2723/3628 3695/2716/3628
f 3697/2717/3629 3703/1051/3629 3708/1052/3629 3702/2718/3629
f 3698/2719/3630 3704/1053/3630 3703/1054/3630 3697/2720/3630
f 3699/2721/3631 3705/1055/3631 3704/1053/3631 3698/2719/3631
f 3700/2722/3632 3706/1056/3632 3705/1055/3632 3699/2721/3632
f 3701/2723/3633 3707/1057/3633 3706/1056/3633 3700/2722/3633
f 3702/2718/3634 3708/1052/3634 3707/1057/3634 3701/2723/3634
f 3703/1051/3635 3709/2724/3635 3714/2725/3635 3708/1052/3635
f 3704/1053/3636 3710/2726/3636 3709/2727/3636 3703/1054/3636
f 3705/1055/3637 3711/2728/3637 3710/2726/3637 3704/1053/3637
f 3706/1056/3638 3712/2729/3638 3711/2728/3638 3705/1055/3638
f 3707/1057/3639 3713/2730/3639 3712/2729/3639 3706/1056/3639
f 3708/1052/3640 3714/2725/3640 3713/2730/3640 3707/1057/3640
f 3709/2724/3641 3715/2731/3641 3720/2732/3641 3714/2725/3641
f 3710/2726/3642 3716/2733/3642 3715/2734/3642 3709/2727/3642
f 3711/2728/3643 3717/2735/3643 3716/2733/3643 3710/2726/3643
f 3712/2729/3644 3718/2736/3644 3717/2735/3644 3711/2728/3644
f 3713/2730/3645 3719/2737/3645 3718/2736/3645 3712/2729/3645
f 3714/2725/3646 3720/2732/3646 3719/2737/3646 3713/2730/3646
f 3715/2731/3647 3721/2738/3647 3726/2739/3647 3720/2732/3647
f 3716/2733/3648 3722/2740/3648 3721/2741/3648 3715/2734/3648
f 3717/2735/3649 3723/2742/3649 3722/2740/3649 3716/2733/3649
f 3718/2736/3650 3724/2743/3650 3723/2742/3650 3717/2735/3650
f 3719/2737/3651 3725/2744/3651 3724/2743/3651 3718/2736/3651
f 3720/2732/3652 3726/2739/3652 3725/2744/3652 3719/2737/3652
f 3721/2738/3653 3727/2745/3653 3732/2746/3653 3726/2739/3653
f 3722/2740/3654 3728/2747/3654 3727/2748/3654 3721/2741/3654
f 3723/2742/3655 3729/2749/3655 3728/2747/3655 3722/2740/3655
f 3724/2743/3656 3730/2750/3656 3729/2749/3656 3723/2742/3656
f 3725/2744/3657 3731/2751/3657 3730/2750/3657 3724/2743/3657
f 3726/2739/3658 3732/2746/3658 3731/2751/3658 3725/2744/3658
f 3727/2745/3659 3733/2752/3659 3738/2753/3659 3732/2746/3659
f 3728/2747/3660 3734/2754/3660 3733/2755/3660 3727/2748/3660
f 3729/2749/3661 3735/2756/3661 3734/2754/3661 3728/2747/3661
f 3730/2750/3662 3736/2757/3662 3735/2756/3662 3729/2749/3662
f 3731/2751/3663 3737/2758/3663 3736/2757/3663 3730/2750/3663
f 3732/2746/3664 3738/2753/3664 3737/2758/3664 3731/2751/3664
f 3733/2752/3665 3739/2759/3665 3744/2760/3665 3738/2753/3665
f 3734/2754/3666 3740/2761/3666 3739/2762/3666 3733/2755/3666
f 3735/2756/3667 3741/2763/3667 3740/2761/3667 3734/2754/3667
f 3736/2757/3668 3742/2764/3668 3741/2763/3668 3735/2756/3668
f 3737/2758/3669 3743/2765/3669 3742/2764/3669 3736/2757/3669
f 3738/2753/3670 3744/2760/3670 3743/2765/3670 3737/2758/3670
f 3739/2759/3671 3745/2766/3671 3750/2767/3671 3744/2760/3671
f 3740/2761/3672 3746/2768/3672 3745/2769/3672 3739/2762/3672
f 3741/2763/3673 3747/2770/3673 3746/2768/3673 3740/2761/3673
f 3742/2764/3674 3748/2771/3674 3747/2770/3674 3741/2763/3674
f 3743/2765/3675 3749/2772/3675 3748/2771/3675 3742/2764/3675
f 3744/2760/3676 3750/2767/3676 3749/2772/3676 3743/2765/3676
f 3745/2766/3677 3751/2773/3677 3756/2774/3677 3750/2767/3677
f 3746/2768/3678 3752/2775/3678 3751/2776/3678 3745/2769/3678
f 3747/2770/3679 3753/2777/3679 3752/2775/3679 3746/2768/3679
f 3748/2771/3680 3754/2778/3680 3753/2777/3680 3747/2770/3680
f 3749/2772/3681 3755/2779/3681 3754/2778/3681 3748/2771/3681
f 3750/2767/3682 3756/2774/3682 3755/2779/3682 3749/2772/3682
f 3751/2773/3683 3757/2780/3683 3762/2781/3683 3756/2774/3683
f 3752/2775/3684 3758/2782/3684 3757/2783/3684 3751/2776/3684
f 3753/2777/3685 3759/2784/3685 3758/2782/3685 3752/2775/3685
f 3754/2778/3686 3760/2785/3686 3759/2784/3686 3753/2777/3686
f 3755/2779/3687 3761/2786/3687 3760/2785/3687 3754/2778/3687
f 3756/2774/3688 3762/2781/3688 3761/2786/3688 3755/2779/3688
f 3757/2780/3689 3763/2787/3689 3768/2788/3689 3762/2781/3689
f 3758/2782/3690 3764/2789/3690 3763/2790/3690 3757/2783/3690
f 3759/2784/3691 3765/2791/3691 3764/2789/3691 3758/2782/3691
f 3760/2785/3692 3766/2792/3692 3765/2791/3692 3759/2784/3692
f 3761/2786/3693 3767/2793/3693 3766/2792/3693 3760/2785/3693
f 3762/2781/3694 3768/2788/3694 3767/2793/3694 3761/2786/3694
f 3763/2787/3695 3769/1156/3695 3774/1157/3695 3768/2788/3695
f 3764/2789/3696 3770/1158/3696 3769/1159/3696 3763/2790/3696
f 3765/2791/3697 3771/1160/3697 3770/1158/3697 3764/2789/3697
f 3766/2792/3698 3772/1161/3698 3771/1160/3698 3765/2791/3698
f 3767/2793/3699 3773/1162/3699 3772/1161/3699 3766/2792/3699
f 3768/2788/3700 3774/1157/3700 3773/1162/3700 3767/2793/3700
f 3769/1156/3701 3775/2794/3701 3780/2795/3701 3774/1157/3701
f 3770/1158/3702 3776/2796/3702 3775/2797/3702 3769/1159/3702
f 3771/1160/3703 3777/2798/3703 3776/2796/3703 3770/1158/3703
f 3772/1161/3704 3778/2799/3704 3777/2798/3704 3771/1160/3704
f 3773/1162/3705 3779/2800/3705 3778/2799/3705 3772/1161/3705
f 3774/1157/3706 3780/2795/3706 3779/2800/3706 3773/1162/3706
f 3775/2794/3707 3781/2801/3707 3786/2802/3707 3780/2795/3707
f 3776/2796/3708 3782/2803/3708 3781/2804/3708 3775/2797/3708
f 3777/2798/3709 3783/2805/3709 3782/2803/3709 3776/2796/3709
f 3778/2799/3710 3784/2806/3710 3783/2805/3710 3777/2798/3710
f 3779/2800/3711 3785/2807/3711 3784/2806/3711 3778/2799/3711
f 3780/2795/3712 3786/2802/3712 3785/2807/3712 3779/2800/3712
f 3781/2801/3713 3787/2808/3713 3792/2809/3713 3786/2802/3713
f 3782/2803/3714 3788/2810/3714 3787/2811/3714 3781/2804/3714
f 3783/2805/3715 3789/2812/3715 3788/2810/3715 3782/2803/3715
f 3784/2806/3716 3790/2813/3716 3789/2812/3716 3783/2805/3716
f 3785/2807/3717 3791/2814/3717 3790/2813/3717 3784/2806/3717
f 3786/2802/3718 3792/2809/3718 3791/2814/3718 3785/2807/3718
f 3787/2808/3719 3793/2815/3719 3798/2816/3719 3792/2809/3719
f 3788/2810/3720 3794/2817/3720 3793/2818/3720 3787/2811/3720
f 3789/2812/3721 3795/2819/3721 3794/2817/3721 3788/2810/3721
f 3790/2813/3722 3796/2820/3722 3795/2819/3722 3789/2812/3722
f 3791/2814/3723 3797/2821/3723 3796/2820/3723 3790/2813/3723
f 3792/2809/3724 3798/2816/3724 3797/2821/3724 3791/2814/3724
f 3793/2815/3725 3799/2822/3725 3804/2823/3725 3798/2816/3725
f 3794/2817/3726 3800/2824/3726 3799/2825/3726 3793/2818/3726
f 3795/2819/3727 3801/2826/3727 3800/2824/3727 3794/2817/3727
f 3796/2820/3728 3802/2827/3728 3801/2826/3728 3795/2819/3728
f 3797/2821/3729 3803/2828/3729 3802/2827/3729 3796/2820/3729
f 3798/2816/3730 3804/2823/3730 3803/2828/3730 3797/2821/3730
f 3799/2822/3731 3805/2829/3731 3810/2830/3731 3804/2823/3731
f 3800/2824/3732 3806/2831/3732 3805/2832/3732 3799/2825/3732
f 3801/2826/3733 3807/2833/3733 3806/2831/3733 3800/2824/3733
f 3802/2827/3734 3808/2834/3734 3807/2833/3734 3801/2826/3734
f 3803/2828/3735 3809/2835/3735 3808/2834/3735 3802/2827/3735
f 3804/2823/3736 3810/2830/3736 3809/2835/3736 3803/2828/3736
f 3805/2829/3737 3811/2836/3737 3816/2837/3737 3810/2830/3737
f 3806/2831/3738 3812/2838/3738 3811/2839/3738 3805/2832/3738
f 3807/2833/3739 3813/2840/3739 3812/2838/3739 3806/2831/3739
f 3808/2834/3740 3814/2841/3740 3813/2840/3740 3807/2833/3740
f 3809/2835/3741 3815/2842/3741 3814/2841/3741 3808/2834/3741
f 3810/2830/3742 3816/2837/3742 3815/2842/3742 3809/2835/3742
f 3811/2836/3743 3817/2843/3743 3822/2844/3743 3816/2837/3743
f 3812/2838/3744 3818/2845/3744 3817/2846/3744 3811/2839/3744
f 3813/2840/3745 3819/2847/3745 3818/2845/3745 3812/2838/3745
f 3814/2841/3746 3820/2848/3746 3819/2847/3746 3813/2840/3746
f 3815/2842/3747 3821/2849/3747 3820/2848/3747 3814/2841/3747
f 3816/2837/3748 3822/2844/3748 3821/2849/3748 3815/2842/3748
f 3817/2843/3749 3823/2850/3749 3828/2851/3749 3822/2844/3749
f 3818/2845/3750 3824/2852/3750 3823/2853/3750 3817/2846/3750
f 3819/2847/3751 3825/2854/3751 3824/2852/3751 3818/2845/3751
f 3820/2848/3752 3826/2855/3752 3825/2854/3752 3819/2847/3752
f 3821/2849/3753 3827/2856/3753 3826/2855/3753 3820/2848/3753
f 3822/2844/3754 3828/2851/3754 3827/2856/3754 3821/2849/3754
f 3823/2850/3755 3829/2857/3755 3834/2858/3755 3828/2851/3755
f 3824/2852/3756 3830/2859/3756 3829/2860/3756 3823/2853/3756
f 3825/2854/3757 3831/2861/3757 3830/2859/3757 3824/2852/3757
f 3826/2855/3758 3832/2862/3758 3831/2861/3758 3825/2854/3758
f 3827/2856/3759 3833/2863/3759 3832/2862/3759 3826/2855/3759
f 3828/2851/3760 3834/2858/3760 3833/2863/3760 3827/2856/3760
f 3829/2857/3761 3835/1261/3761 3840/1262/3761 3834/2858/3761
f 3830/2859/3762 3836/1263/3762 3835/1264/3762 3829/2860/3762
f 3831/2861/3763 3837/1265/3763 3836/1263/3763 3830/2859/3763
f 3832/2862/3764 3838/1266/3764 3837/1265/3764 3831/2861/3764
f 3833/2863/3765 3839/1267/3765 3838/1266/3765 3832/2862/3765
f 3834/2858/3766 3840/1262/3766 3839/1267/3766 3833/2863/3766
f 3841/1/3767 3847/22/3767 3852/23/3767 3846/4/3767
f 3842/5/3768 3848/24/3768 3847/25/3768 3841/8/3768
f 3843/9/3769 3849/26/3769 3848/24/3769 3842/5/3769
f 3844/11/3770 3850/27/3770 3849/26/3770 3843/9/3770
f 3845/13/3771 3851/28/3771 3850/27/3771 3844/11/3771
f 3846/4/3772 3852/23/3772 3851/28/3772 3845/13/3772
f 3847/22/3773 3853/43/3773 3858/44/3773 3852/23/3773
f 3848/24/3774 3854/45/3774 3853/46/3774 3847/25/3774
f 3849/26/3775 3855/47/3775 3854/45/3775 3848/24/3775
f 3850/27/3776 3856/48/3776 3855/47/3776 3849/26/3776
f 3851/28/3777 3857/49/3777 3856/48/3777 3850/27/3777
f 3852/23/3778 3858/44/3778 3857/49/3778 3851/28/3778
f 3853/43/3779 3859/64/3779 3864/65/3779 3858/44/3779
f 3854/45/3780 3860/66/3780 3859/67/3780 3853/46/3780
f 3855/47/3781 3861/68/3781 3860/66/3781 3854/45/3781
f 3856/48/3782 3862/69/3782 3861/68/3782 3855/47/3782
f 3857/49/3783 3863/70/3783 3862/69/3783 3856/48/3783
f 3858/44/3784 3864/65/3784 3863/70/3784 3857/49/3784
f 3859/64/3785 3865/85/3785 3870/86/3785 3864/65/3785
f 3860/66/3786 3866/87/3786 3865/88/3786 3859/67/3786
f 3861/68/3787 3867/89/3787 3866/87/3787 3860/66/3787
f 3862/69/3788 3868/90/3788 3867/89/3788 3861/68/3788
f 3863/70/3789 3869/91/3789 3868/90/3789 3862/69/3789
f 3864/65/3790 3870/86/3790 3869/91/3790 3863/70/3790
f 3865/85/3791 3871/106/3791 3876/107/3791 3870/86/3791
f 3866/87/3792 3872/108/3792 3871/109/3792 3865/88/3792
f 3867/89/3793 3873/110/3793 3872/108/3793 3866/87/3793
f 3868/90/3794 3874/111/3794 3873/110/3794 3867/89/3794
f 3869/91/3795 3875/112/3795 3874/111/3795 3868/90/3795
f 3870/86/3796 3876/107/3796 3875/112/3796 3869/91/3796
f 3871/106/3797 3877/127/3797 3882/128/3797 3876/107/3797
f 3872/108/3798 3878/129/3798 3877/130/3798 3871/109/3798
f 3873/110/3799 3879/131/3799 3878/129/3799 3872/108/3799
f 3874/111/3800 3880/132/3800 3879/131/3800 3873/110/3800
f 3875/112/3801 3881/133/3801 3880/132/3801 3874/111/3801
f 3876/107/3802 3882/128/3802 3881/133/3802 3875/112/3802
f 3877/127/3803 3883/148/3803 3888/149/3803 3882/128/3803
f 3878/129/3804 3884/150/3804 3883/151/3804 3877/130/3804
f 3879/131/3805 3885/152/3805 3884/150/3805 3878/129/3805
f 3880/132/3806 3886/153/3806 3885/152/3806 3879/131/3806
f 3881/133/3807 3887/154/3807 3886/153/3807 3880/132/3807
f 3882/128/3808 3888/149/3808 3887/154/3808 3881/133/3808
f 3883/148/3809 3889/169/3809 3894/170/3809 3888/149/3809
f 3884/150/3810 3890/171/3810 3889/172/3810 3883/151/3810
f 3885/152/3811 3891/173/3811 3890/171/3811 3884/150/3811
f 3886/153/3812 3892/174/3812 3891/173/3812 3885/152/3812
f 3887/154/3813 3893/175/3813 3892/174/3813 3886/153/3813
f 3888/149/3814 3894/170/3814 3893/175/3814 3887/154/3814
f 3889/169/3815 3895/190/3815 3900/191/3815 3894/170/3815
f 3890/171/3816 3896/192/3816 3895/193/3816 3889/172/3816
f 3891/173/3817 3897/194/3817 3896/192/3817 3890/171/3817
f 3892/174/3818 3898/195/3818 3897/194/3818 3891/173/3818
f 3893/175/3819 3899/196/3819 3898/195/3819 3892/174/3819
f 3894/170/3820 3900/191/3820 3899/196/3820 3893/175/3820
f 3895/190/3821 3901/211/3821 3906/212/3821 3900/191/3821
f 3896/192/3822 3902/213/3822 3901/214/3822 3895/193/3822
f 3897/194/3823 3903/215/3823 3902/213/3823 3896/192/3823
f 3898/195/3824 3904/216/3824 3903/215/3824 3897/194/3824
f 3899/196/3825 3905/217/3825 3904/216/3825 3898/195/3825
f 3900/191/3826 3906/212/3826 3905/217/3826 3899/196/3826
f 3901/211/3827 3907/232/3827 3912/233/3827 3906/212/3827
f 3902/213/3828 3908/234/3828 3907/235/3828 3901/214/3828
f 3903/215/3829 3909/236/3829 3908/234/3829 3902/213/3829
f 3904/216/3830 3910/237/3830 3909/236/3830 3903/215/3830
f 3905/217/3831 3911/238/3831 3910/237/3831 3904/216/3831
f 3906/212/3832 3912/233/3832 3911/238/3832 3905/217/3832
f 3907/232/3833 3913/253/3833 3918/254/3833 3912/233/3833
f 3908/234/3834 3914/255/3834 3913/256/3834 3907/235/3834
f 3909/236/3835 3915/257/3835 3914/255/3835 3908/234/3835
f 3910/237/3836 3916/258/3836 3915/257/3836 3909/236/3836
f 3911/238/3837 3917/259/3837 3916/258/3837 3910/237/3837
f 3912/233/3838 3918/254/3838 3917/259/3838 3911/238/3838
f 3913/253/3839 3919/274/3839 3924/275/3839 3918/254/3839
f 3914/255/3840 3920/276/3840 3919/277/3840 3913/256/3840
f 3915/257/3841 3921/278/3841 3920/276/3841 3914/255/3841
f 3916/258/3842 3922/279/3842 3921/278/3842 3915/257/3842
f 3917/259/3843 3923/280/3843 3922/279/3843 3916/258/3843
f 3918/254/3844 3924/275/3844 3923/280/3844 3917/259/3844
f 3919/274/3845 3925/295/3845 3930/296/3845 3924/275/3845
f 3920/276/3846 3926/297/3846 3925/298/3846 3919/277/3846
f 3921/278/3847 3927/299/3847 3926/297/3847 3920/276/3847
f 3922/279/3848 3928/300/3848 3927/299/3848 3921/278/3848
f 3923/280/3849 3929/301/3849 3928/300/3849 3922/279/3849
f 3924/275/3850 3930/296/3850 3929/301/3850 3923/280/3850
f 3925/295/3851 3931/316/3851 3936/317/3851 3930/296/3851
f 3926/297/3852 3932/318/3852 3931/319/3852 3925/298/3852
f 3927/299/3853 3933/320/3853 3932/318/3853 3926/297/3853
f 3928/300/3854 3934/321/3854 3933/320/3854 3927/299/3854
f 3929/301/3855 3935/322/3855 3934/321/3855 3928/300/3855
f 3930/296/3856 3936/317/3856 3935/322/3856 3929/301/3856
f 3931/316/3857 3937/337/3857 3942/338/3857 3936/317/3857
f 3932/318/3858 3938/339/3858 3937/340/3858 3931/319/3858
f 3933/320/3859 3939/341/3859 3938/339/3859 3932/318/3859
f 3934/321/3860 3940/342/3860 3939/341/3860 3933/320/3860
f 3935/322/3861 3941/343/3861 3940/342/3861 3934/321/3861
f 3936/317/3862 3942/338/3862 3941/343/3862 3935/322/3862
f 3937/337/3863 3943/358/3863 3948/359/3863 3942/338/3863
f 3938/339/3864 3944/360/3864 3943/361/3864 3937/340/3864
f 3939/341/3865 3945/362/3865 3944/360/3865 3938/339/3865
f 3940/342/3866 3946/363/3866 3945/362/3866 3939/341/3866
f 3941/343/3867 3947/364/3867 3946/363/3867 3940/342/3867
f 3942/338/3868 3948/359/3868 3947/364/3868 3941/343/3868
f 3943/358/3869 3949/379/3869 3954/380/3869 3948/359/3869
f 3944/360/3870 3950/381/3870 3949/382/3870 3943/361/3870
f 3945/362/3871 3951/383/3871 3950/381/3871 3944/360/3871
f 3946/363/3872 3952/384/3872 3951/383/3872 3945/362/3872
f 3947/364/3873 3953/385/3873 3952/384/3873 3946/363/3873
f 3948/359/3874 3954/380/3874 3953/385/3874 3947/364/3874
f 3949/379/3875 3955/400/3875 3960/401/3875 3954/380/3875
f 3950/381/3876 3956/402/3876 3955/403/3876 3949/382/3876
f 3951/383/3877 3957/404/3877 3956/402/3877 3950/381/3877
f 3952/384/3878 3958/405/3878 3957/404/3878 3951/383/3878
f 3953/385/3879 3959/406/3879 3958/405/3879 3952/384/3879
f 3954/380/3880 3960/401/3880 3959/406/3880 3953/385/3880
f 3955/400/3881 3961/421/3881 3966/422/3881 3960/401/3881
f 3956/402/3882 3962/423/3882 3961/424/3882 3955/403/3882
f 3957/404/3883 3963/425/3883 3962/423/3883 3956/402/3883
f 3958/405/3884 3964/426/3884 3963/425/3884 3957/404/3884
f 3959/406/3885 3965/427/3885 3964/426/3885 3958/405/3885
f 3960/401/3886 3966/422/3886 3965/427/3886 3959/406/3886
f 3961/421/3887 3967/442/3887 3972/443/3887 3966/422/3887
f 3962/423/3888 3968/444/3888 3967/445/3888 3961/424/3888
f 3963/425/3889 3969/446/3889 3968/444/3889 3962/423/3889
f 3964/426/3890 3970/447/3890 3969/446/3890 3963/425/3890
f 3965/427/3891 3971/448/3891 3970/447/3891 3964/426/3891
f 3966/422/3892 3972/443/3892 3971/448/3892 3965/427/3892
f 3967/442/3893 3973/463/3893 3978/464/3893 3972/443/3893
f 3968/444/3894 3974/465/3894 3973/466/3894 3967/445/3894
f 3969/446/3895 3975/467/3895 3974/465/3895 3968/444/3895
f 3970/447/3896 3976/468/3896 3975/467/3896 3969/446/3896
f 3971/448/3897 3977/469/3897 3976/468/3897 3970/447/3897
f 3972/443/3898 3978/464/3898 3977/469/3898 3971/448/3898
f 3973/463/3899 3979/484/3899 3984/485/3899 3978/464/3899
f 3974/465/3900 3980/486/3900 3979/487/3900 3973/466/3900
f 3975/467/3901 3981/488/3901 3980/486/3901 3974/465/3901
f 3976/468/3902 3982/489/3902 3981/488/3902 3975/467/3902
f 3977/469/3903 3983/490/3903 3982/489/3903 3976/468/3903
f 3978/464/3904 3984/485/3904 3983/490/3904 3977/469/3904
f 3979/484/3905 3985/505/3905 3990/506/3905 3984/485/3905
f 3980/486/3906 3986/507/3906 3985/508/3906 3979/487/3906
f 3981/488/3907 3987/509/3907 3986/507/3907 3980/486/3907
f 3982/489/3908 3988/510/3908 3987/509/3908 3981/488/3908
f 3983/490/3909 3989/511/3909 3988/510/3909 3982/489/3909
f 3984/485/3910 3990/506/3910 3989/511/3910 3983/490/3910
f 3985/505/3911 3991/526/3911 3996/527/3911 3990/506/3911
f 3986/507/3912 3992/528/3912 3991/529/3912 3985/508/3912
f 3987/509/3913 3993/530/3913 3992/528/3913 3986/507/3913
f 3988/510/3914 3994/531/3914 3993/530/3914 3987/509/3914
f 3989/511/3915 3995/532/3915 3994/531/3915 3988/510/3915
f 3990/506/3916 3996/527/3916 3995/532/3916 3989/511/3916
f 3991/526/3917 3997/547/3917 4002/548/3917 3996/527/3917
f 3992/528/3918 3998/549/3918 3997/550/3918 3991/529/3918
f 3993/530/3919 3999/551/3919 3998/549/3919 3992/528/3919
f 3994/531/3920 4000/552/3920 3999/551/3920 3993/530/3920
f 3995/532/3921 4001/553/3921 4000/552/3921 3994/531/3921
f 3996/527/3922 4002/548/3922 4001/553/3922 3995/532/3922
f 3997/547/3923 4003/568/3923 4008/569/3923 4002/548/3923
f 3998/549/3924 4004/570/3924 4003/571/3924 3997/550/3924
f 3999/551/3925 4005/572/3925 4004/570/3925 3998/549/3925
f 4000/552/3926 4006/573/3926 4005/572/3926 3999/551/3926
f 4001/553/3927 4007/574/3927 4006/573/3927 4000/552/3927
f 4002/548/3928 4008/569/3928 4007/574/3928 4001/553/3928
f 4003/568/3929 4009/589/3929 4014/590/3929 4008/569/3929
f 4004/570/3930 4010/591/3930 4009/592/3930 4003/571/3930
f 4005/572/3931 4011/593/3931 4010/591/3931 4004/570/3931
f 4006/573/3932 4012/594/3932 4011/593/3932 4005/572/3932
f 4007/574/3933 4013/595/3933 4012/594/3933 4006/573/3933
f 4008/569/3934 4014/590/3934 4013/595/3934 4007/574/3934
f 4009/589/3935 4015/610/3935 4020/611/3935 4014/590/3935
f 4010/591/3936 4016/612/3936 4015/613/3936 4009/592/3936
f 4011/593/3937 4017/614/3937 4016/612/3937 4010/591/3937
f 4012/594/3938 4018/615/3938 4017/614/3938 4011/593/3938
f 4013/595/3939 4019/616/3939 4018/615/3939 4012/594/3939
f 4014/590/3940 4020/611/3940 4019/616/3940 4013/595/3940
f 4015/610/3941 4021/631/3941 4026/632/3941 4020/611/3941
f 4016/612/3942 4022/633/3942 4021/634/3942 4015/613/3942
f 4017/614/3943 4023/635/3943 4022/633/3943 4016/612/3943
f 4018/615/3944 4024/636/3944 4023/635/3944 4017/614/3944
f 4019/616/3945 4025/637/3945 4024/636/3945 4018/615/3945
f 4020/611/3946 4026/632/3946 4025/637/3946 4019/616/3946
f 4021/631/3947 4027/652/3947 4032/653/3947 4026/632/3947
f 4022/633/3948 4028/654/3948 4027/655/3948 4021/634/3948
f 4023/635/3949 4029/656/3949 4028/654/3949 4022/633/3949
f 4024/636/3950 4030/657/3950 4029/656/3950 4023/635/3950
f 4025/637/3951 4031/658/3951 4030/657/3951 4024/636/3951
f 4026/632/3952 4032/653/3952 4031/658/3952 4025/637/3952
f 4027/652/3953 4033/673/3953 4038/674/3953 4032/653/3953
f 4028/654/3954 4034/675/3954 4033/676/3954 4027/655/3954
f 4029/656/3955 4035/677/3955 4034/675/3955 4028/654/3955
f 4030/657/3956 4036/678/3956 4035/677/3956 4029/656/3956
f 4031/658/3957 4037/679/3957 4036/678/3957 4030/657/3957
f 4032/653/3958 4038/674/3958 4037/679/3958 4031/658/3958
f 4033/673/3959 4039/694/3959 4044/695/3959 4038/674/3959
f 4034/675/3960 4040/696/3960 4039/697/3960 4033/676/3960
f 4035/677/3961 4041/698/3961 4040/696/3961 4034/675/3961
f 4036/678/3962 4042/699/3962 4041/698/3962 4035/677/3962
f 4037/679/3963 4043/700/3963 4042/699/3963 4036/678/3963
f 4038/674/3964 4044/695/3964 4043/700/3964 4037/679/3964
f 4039/694/3965 4045/715/3965 4050/716/3965 4044/695/3965
f 4040/696/3966 4046/717/3966 4045/718/3966 4039/697/3966
f 4041/698/3967 4047/719/3967 4046/717/3967 4040/696/3967
f 4042/699/3968 4048/720/3968 4047/719/3968 4041/698/3968
f 4043/700/3969 4049/721/3969 4048/720/3969 4042/699/3969
f 4044/695/3970 4050/716/3970 4049/721/3970 4043/700/3970
f 4045/715/3971 4051/736/3971 4056/737/3971 4050/716/3971
f 4046/717/3972 4052/738/3972 4051/739/3972 4045/718/3972
f 4047/719/3973 4053/740/3973 4052/738/3973 4046/717/3973
f 4048/720/3974 4054/741/3974 4053/740/3974 4047/719/3974
f 4049/721/3975 4055/742/3975 4054/741/3975 4048/720/3975
f 4050/716/3976 4056/737/3976 4055/742/3976 4049/721/3976
f 4051/736/3977 4057/757/3977 4062/758/3977 4056/737/3977
f 4052/738/3978 4058/759/3978 4057/760/3978 4051/739/3978
f 4053/740/3979 4059/761/3979 4058/759/3979 4052/738/3979
f 4054/741/3980 4060/762/3980 4059/761/3980 4053/740/3980
f 4055/742/3981 4061/763/3981 4060/762/3981 4054/741/3981
f 4056/737/3982 4062/758/3982 4061/763/3982 4055/742/3982
f 4057/757/3983 4063/778/3983 4068/779/3983 4062/758/3983
f 4058/759/3984 4064/780/3984 4063/781/3984 4057/760/3984
f 4059/761/3985 4065/782/3985 4064/780/3985 4058/759/3985
f 4060/762/3986 4066/783/3986 4065/782/3986 4059/761/3986
f 4061/763/3987 4067/784/3987 4066/783/3987 4060/762/3987
f 4062/758/3988 4068/779/3988 4067/784/3988 4061/763/3988
f 4063/778/3989 4069/799/3989 4074/800/3989 4068/779/3989
f 4064/780/3990 4070/801/3990 4069/802/3990 4063/781/3990
f 4065/782/3991 4071/803/3991 4070/801/3991 4064/780/3991
f 4066/783/3992 4072/804/3992 4071/803/3992 4065/782/3992
f 4067/784/3993 4073/805/3993 4072/804/3993 4066/783/3993
f 4068/779/3994 4074/800/3994 4073/805/3994 4067/784/3994
f 4069/799/3995 4075/820/3995 4080/821/3995 4074/800/3995
f 4070/801/3996 4076/822/3996 4075/823/3996 4069/802/3996
f 4071/803/3997 4077/824/3997 4076/822/3997 4070/801/3997
f 4072/804/3998 4078/825/3998 4077/824/3998 4071/803/3998
f 4073/805/3999 4079/826/3999 4078/825/3999 4072/804/3999
f 4074/800/4000 4080/821/4000 4079/826/4000 4073/805/4000
f 4075/820/4001 4081/841/4001 4086/842/4001 4080/821/4001
f 4076/822/4002 4082/843/4002 4081/844/4002 4075/823/4002
f 4077/824/4003 4083/845/4003 4082/843/4003 4076/822/4003
f 4078/825/4004 4084/846/4004 4083/845/4004 4077/824/4004
f 4079/826/4005 4085/847/4005 4084/846/4005 4078/825/4005
f 4080/821/4006 4086/842/4006 4085/847/4006 4079/826/4006
f 4081/841/4007 4087/862/4007 4092/863/4007 4086/842/4007
f 4082/843/4008 4088/864/4008 4087/865/4008 4081/844/4008
f 4083/845/4009 4089/866/4009 4088/864/4009 4082/843/4009
f 4084/846/4010 4090/867/4010 4089/866/4010 4083/845/4010
f 4085/847/4011 4091/868/4011 4090/867/4011 4084/846/4011
f 4086/842/4012 4092/863/4012 4091/868/4012 4085/847/4012
f 4087/862/4013 4093/883/4013 4098/884/4013 4092/863/4013
f 4088/864/4014 4094/885/4014 4093/886/4014 4087/865/4014
f 4089/866/4015 4095/887/4015 4094/885/4015 4088/864/4015
f 4090/867/4016 4096/888/4016 4095/887/4016 4089/866/4016
f 4091/868/4017 4097/889/4017 4096/888/4017 4090/867/4017
f 4092/863/4018 4098/884/4018 4097/889/4018 4091/868/4018
f 4093/883/4019 4099/904/4019 4104/905/4019 4098/884/4019
f 4094/885/4020 4100/906/4020 4099/907/4020 4093/886/4020
f 4095/887/4021 4101/908/4021 4100/906/4021 4094/885/4021
f 4096/888/4022 4102/909/4022 4101/908/4022 4095/887/4022
f 4097/889/4023 4103/910/4023 4102/909/4023 4096/888/4023
f 4098/884/4024 4104/905/4024 4103/910/4024 4097/889/4024
f 4099/904/4025 4105/925/4025 4110/926/4025 4104/905/4025
f 4100/906/4026 4106/927/4026 4105/928/4026 4099/907/4026
f 4101/908/4027 4107/929/4027 4106/927/4027 4100/906/4027
f 4102/909/4028 4108/930/4028 4107/929/4028 4101/908/4028
f 4103/910/4029 4109/931/4029 4108/930/4029 4102/909/4029
f 4104/905/4030 4110/926/4030 4109/931/4030 4103/910/4030
f 4105/925/4031 4111/946/4031 4116/947/4031 4110/926/4031
f 4106/927/4032 4112/948/4032 4111/949/4032 4105/928/4032
f 4107/929/4033 4113/950/4033 4112/948/4033 4106/927/4033
f 4108/930/4034 4114/951/4034 4113/950/4034 4107/929/4034
f 4109/931/4035 4115/952/4035 4114/951/4035 4108/930/4035
f 4110/926/4036 4116/947/4036 4115/952/4036 4109/931/4036
f 4111/946/4037 4117/967/4037 4122/968/4037 4116/947/4037
f 4112/948/4038 4118/969/4038 4117/970/4038 4111/949/4038
f 4113/950/4039 4119/971/4039 4118/969/4039 4112/948/4039
f 4114/951/4040 4120/972/4040 4119/971/4040 4113/950/4040
f 4115/952/4041 4121/973/4041 4120/972/4041 4114/951/4041
f 4116/947/4042 4122/968/4042 4121/973/4042 4115/952/4042
f 4117/967/4043 4123/988/4043 4128/989/4043 4122/968/4043
f 4118/969/4044 4124/990/4044 4123/991/4044 4117/970/4044
f 4119/971/4045 4125/992/4045 4124/990/4045 4118/969/4045
f 4120/972/4046 4126/993/4046 4125/992/4046 4119/971/4046
f 4121/973/4047 4127/994/4047 4126/993/4047 4120/972/4047
f 4122/968/4048 4128/989/4048 4127/994/4048 4121/973/4048
f 4123/988/4049 4129/1009/4049 4134/1010/4049 4128/989/4049
f 4124/990/4050 4130/1011/4050 4129/1012/4050 4123/991/4050
f 4125/992/4051 4131/1013/4051 4130/1011/4051 4124/990/4051
f 4126/993/4052 4132/1014/4052 4131/1013/4052 4125/992/4052
f 4127/994/4053 4133/1015/4053 4132/1014/4053 4126/993/4053
f 4128/989/4054 4134/1010/4054 4133/1015/4054 4127/994/4054
f 4129/1009/4055 4135/1030/4055 4140/1031/4055 4134/1010/4055
f 4130/1011/4056 4136/1032/4056 4135/1033/4056 4129/1012/4056
f 4131/1013/4057 4137/1034/4057 4136/1032/4057 4130/1011/4057
f 4132/1014/4058 4138/1035/4058 4137/1034/4058 4131/1013/4058
f 4133/1015/4059 4139/1036/4059 4138/1035/4059 4132/1014/4059
f 4134/1010/4060 4140/1031/4060 4139/1036/4060 4133/1015/4060
f 4135/1030/4061 4141/1051/4061 4146/1052/4061 4140/1031/4061
f 4136/1032/4062 4142/1053/4062 4141/1054/4062 4135/1033/4062
f 4137/1034/4063 4143/1055/4063 4142/1053/4063 4136/1032/4063
f 4138/1035/4064 4144/1056/4064 4143/1055/4064 4137/1034/4064
f 4139/1036/4065 4145/1057/4065 4144/1056/4065 4138/1035/4065
f 4140/1031/4066 4146/1052/4066 4145/1057/4066 4139/1036/4066
f 4141/1051/4067 4147/1072/4067 4152/1073/4067 4146/1052/4067
f 4142/1053/4068 4148/1074/4068 4147/1075/4068 4141/1054/4068
f 4143/1055/4069 4149/1076/4069 4148/1074/4069 4142/1053/4069
f 4144/1056/4070 4150/1077/4070 4149/1076/4070 4143/1055/4070
f 4145/1057/4071 4151/1078/4071 4150/1077/4071 4144/1056/4071
f 4146/1052/4072 4152/1073/4072 4151/1078/4072 4145/1057/4072
f 4147/1072/4073 4153/1093/4073 4158/1094/4073 4152/1073/4073
f 4148/1074/4074 4154/1095/4074 4153/1096/4074 4147/1075/4074
f 4149/1076/4075 4155/1097/4075 4154/1095/4075 4148/1074/4075
f 4150/1077/4076 4156/1098/4076 4155/1097/4076 4149/1076/4076
f 4151/1078/4077 4157/1099/4077 4156/1098/4077 4150/1077/4077
f 4152/1073/4078 4158/1094/4078 4157/1099/4078 4151/1078/4078
f 4153/1093/4079 4159/1114/4079 4164/1115/4079 4158/1094/4079
f 4154/1095/4080 4160/1116/4080 4159/1117/4080 4153/1096/4080
f 4155/1097/4081 4161/1118/4081 4160/1116/4081 4154/1095/4081
f 4156/1098/4082 4162/1119/4082 4161/1118/4082 4155/1097/4082
f 4157/1099/4083 4163/1120/4083 4162/1119/4083 4156/1098/4083
f 4158/1094/4084 4164/1115/4084 4163/1120/4084 4157/1099/4084
f 4159/1114/4085 4165/1135/4085 4170/1136/4085 4164/1115/4085
f 4160/1116/4086 4166/1137/4086 4165/1138/4086 4159/1117/4086
f 4161/1118/4087 4167/1139/4087 4166/1137/4087 4160/1116/4087
f 4162/1119/4088 4168/1140/4088 4167/1139/4088 4161/1118/4088
f 4163/1120/4089 4169/1141/4089 4168/1140/4089 4162/1119/4089
f 4164/1115/4090 4170/1136/4090 4169/1141/4090 4163/1120/4090
f 4165/1135/4091 4171/1156/4091 4176/1157/4091 4170/1136/4091
f 4166/1137/4092 4172/1158/4092 4171/1159/4092 4165/1138/4092
f 4167/1139/4093 4173/1160/4093 4172/1158/4093 4166/1137/4093
f 4168/1140/4094 4174/1161/4094 4173/1160/4094 4167/1139/4094
f 4169/1141/4095 4175/1162/4095 4174/1161/4095 4168/1140/4095
f 4170/1136/4096 4176/1157/4096 4175/1162/4096 4169/1141/4096
f 4171/1156/4097 4177/1177/4097 4182/1178/4097 4176/1157/4097
f 4172/1158/4098 4178/1179/4098 4177/1180/4098 4171/1159/4098
f 4173/1160/4099 4179/1181/4099 4178/1179/4099 4172/1158/4099
f 4174/1161/4100 4180/1182/4100 4179/1181/4100 4173/1160/4100
f 4175/1162/4101 4181/1183/4101 4180/1182/4101 4174/1161/4101
f 4176/1157/4102 4182/1178/4102 4181/1183/4102 4175/1162/4102
f 4177/1177/4103 4183/1198/4103 4188/1199/4103 4182/1178/4103
f 4178/1179/4104 4184/1200/4104 4183/1201/4104 4177/1180/4104
f 4179/1181/4105 4185/1202/4105 4184/1200/4105 4178/1179/4105
f 4180/1182/4106 4186/1203/4106 4185/1202/4106 4179/1181/4106
f 4181/1183/4107 4187/1204/4107 4186/1203/4107 4180/1182/4107
f 4182/1178/4108 4188/1199/4108 4187/1204/4108 4181/1183/4108
f 4183/1198/4109 4189/1219/4109 4194/1220/4109 4188/1199/4109
f 4184/1200/4110 4190/1221/4110 4189/1222/4110 4183/1201/4110
f 4185/1202/4111 4191/1223/4111 4190/1221/4111 4184/1200/4111
f 4186/1203/4112 4192/1224/4112 4191/1223/4112 4185/1202/4112
f 4187/1204/4113 4193/1225/4113 4192/1224/4113 4186/1203/4113
f 4188/1199/4114 4194/1220/4114 4193/1225/4114 4187/1204/4114
f 4189/1219/4115 4195/1240/4115 4200/1241/4115 4194/1220/4115
f 4190/1221/4116 4196/1242/4116 4195/1243/4116 4189/1222/4116
f 4191/1223/4117 4197/1244/4117 4196/1242/4117 4190/1221/4117
f 4192/1224/4118 4198/1245/4118 4197/1244/4118 4191/1223/4118
f 4193/1225/4119 4199/1246/4119 4198/1245/4119 4192/1224/4119
f 4194/1220/4120 4200/1241/4120 4199/1246/4120 4193/1225/4120
f 4195/1240/4121 4201/1261/4121 4206/1262/4121 4200/1241/4121
f 4196/1242/4122 4202/1263/4122 4201/1264/4122 4195/1243/4122
f 4197/1244/4123 4203/1265/4123 4202/1263/4123 4196/1242/4123
f 4198/1245/4124 4204/1266/4124 4203/1265/4124 4197/1244/4124
f 4199/1246/4125 4205/1267/4125 4204/1266/4125 4198/1245/4125
f 4200/1241/4126 4206/1262/4126 4205/1267/4126 4199/1246/4126
f 4207/1/4127 4213/22/4127 4218/23/4127 4212/4/4127
f 4208/5/4128 4214/24/4128 4213/25/4128 4207/8/4128
f 4209/9/4129 4215/26/4129 4214/24/4129 4208/5/4129
f 4210/11/4130 4216/27/4130 4215/26/4130 4209/9/4130
f 4211/13/4131 4217/28/4131 4216/27/4131 4210/11/4131
f 4212/4/4132 4218/23/4132 4217/28/4132 4211/13/4132
f 4213/22/4133 4219/43/4133 4224/44/4133 4218/23/4133
f 4214/24/4134 4220/45/4134 4219/46/4134 4213/25/4134
f 4215/26/4135 4221/47/4135 4220/45/4135 4214/24/4135
f 4216/27/4136 4222/48/4136 4221/47/4136 4215/26/4136
f 4217/28/4137 4223/49/4137 4222/48/4137 4216/27/4137
f 4218/23/4138 4224/44/4138 4223/49/4138 4217/28/4138
f 4219/43/4139 4225/64/4139 4230/65/4139 4224/44/4139
f 4220/45/4140 4226/66/4140 4225/67/4140 4219/46/4140
f 4221/47/4141 4227/68/4141 4226/66/4141 4220/45/4141
f 4222/48/4142 4228/69/4142 4227/68/4142 4221/47/4142
f 4223/49/4143 4229/70/4143 4228/69/4143 4222/48/4143
f 4224/44/4144 4230/65/4144 4229/70/4144 4223/49/4144
f 4225/64/4145 4231/85/4145 4236/86/4145 4230/65/4145
f 4226/66/4146 4232/87/4146 4231/88/4146 4225/67/4146
f 4227/68/4147 4233/89/4147 4232/87/4147 4226/66/4147
f 4228/69/4148 4234/90/4148 4233/89/4148 4227/68/4148
f 4229/70/4149 4235/91/4149 4234/90/4149 4228/69/4149
f 4230/65/4150 4236/86/4150 4235/91/4150 4229/70/4150
f 4231/85/4151 4237/106/4151 4242/107/4151 4236/86/4151
f 4232/87/4152 4238/108/4152 4237/109/4152 4231/88/4152
f 4233/89/4153 4239/110/4153 4238/108/4153 4232/87/4153
f 4234/90/4154 4240/111/4154 4239/110/4154 4233/89/4154
f 4235/91/4155 4241/112/4155 4240/111/4155 4234/90/4155
f 4236/86/4156 4242/107/4156 4241/112/4156 4235/91/4156
f 4237/106/4157 4243/127/4157 4248/128/4157 4242/107/4157
f 4238/108/4158 4244/129/4158 4243/130/4158 4237/109/4158
f 4239/110/4159 4245/131/4159 4244/129/4159 4238/108/4159
f 4240/111/4160 4246/132/4160 4245/131/4160 4239/110/4160
f 4241/112/4161 4247/133/4161 4246/132/4161 4240/111/4161
f 4242/107/4162 4248/128/4162 4247/133/4162 4241/112/4162
f 4243/127/4163 4249/148/4163 4254/149/4163 4248/128/4163
f 4244/129/4164 4250/150/4164 4249/151/4164 4243/130/4164
f 4245/131/4165 4251/152/4165 4250/150/4165 4244/129/4165
f 4246/132/4166 4252/153/4166 4251/152/4166 4245/131/4166
f 4247/133/4167 4253/154/4167 4252/153/4167 4246/132/4167
f 4248/128/4168 4254/149/4168 4253/154/4168 4247/133/4168
f 4249/148/4169 4255/169/4169 4260/170/4169 4254/149/4169
f 4250/150/4170 4256/171/4170 4255/172/4170 4249/151/4170
f 4251/152/4171 4257/173/4171 4256/171/4171 4250/150/4171
f 4252/153/4172 4258/174/4172 4257/173/4172 4251/152/4172
f 4253/154/4173 4259/175/4173 4258/174/4173 4252/153/4173
f 4254/149/4174 4260/170/4174 4259/175/4174 4253/154/4174
f 4255/169/4175 4261/190/4175 4266/191/4175 4260/170/4175
f 4256/171/4176 4262/192/4176 4261/193/4176 4255/172/4176
f 4257/173/4177 4263/194/4177 4262/192/4177 4256/171/4177
f 4258/174/4178 4264/195/4178 4263/194/4178 4257/173/4178
f 4259/175/4179 4265/196/4179 4264/195/4179 4258/174/4179
f 4260/170/4180 4266/191/4180 4265/196/4180 4259/175/4180
f 4261/190/4181 4267/211/4181 4272/212/4181 4266/191/4181
f 4262/192/4182 4268/213/4182 4267/214/4182 4261/193/4182
f 4263/194/4183 4269/215/4183 4268/213/4183 4262/192/4183
f 4264/195/4184 4270/216/4184 4269/215/4184 4263/194/4184
f 4265/196/4185 4271/217/4185 4270/216/4185 4264/195/4185
f 4266/191/4186 4272/212/4186 4271/217/4186 4265/196/4186
f 4267/211/4187 4273/232/4187 4278/233/4187 4272/212/4187
f 4268/213/4188 4274/234/4188 4273/235/4188 4267/214/4188
f 4269/215/4189 4275/236/4189 4274/234/4189 4268/213/4189
f 4270/216/4190 4276/237/4190 4275/236/4190 4269/215/4190
f 4271/217/4191 4277/238/4191 4276/237/4191 4270/216/4191
f 4272/212/4192 4278/233/4192 4277/238/4192 4271/217/4192
f 4273/232/4193 4279/253/4193 4284/254/4193 4278/233/4193
f 4274/234/4194 4280/255/4194 4279/256/4194 4273/235/4194
f 4275/236/4195 4281/257/4195 4280/255/4195 4274/234/4195
f 4276/237/4196 4282/258/4196 4281/257/4196 4275/236/4196
f 4277/238/4197 4283/259/4197 4282/258/4197 4276/237/4197
f 4278/233/4198 4284/254/4198 4283/259/4198 4277/238/4198
f 4279/253/4199 4285/274/4199 4290/275/4199 4284/254/4199
f 4280/255/4200 4286/276/4200 4285/277/4200 4279/256/4200
f 4281/257/4201 4287/278/4201 4286/276/4201 4280/255/4201
f 4282/258/4202 4288/279/4202 4287/278/4202 4281/257/4202
f 4283/259/4203 4289/280/4203 4288/279/4203 4282/258/4203
f 4284/254/4204 4290/275/4204 4289/280/4204 4283/259/4204
f 4285/274/4205 4291/295/4205 4296/296/4205 4290/275/4205
f 4286/276/4206 4292/297/4206 4291/298/4206 4285/277/4206
f 4287/278/4207 4293/299/4207 4292/297/4207 4286/276/4207
f 4288/279/4208 4294/300/4208 4293/299/4208 4287/278/4208
f 4289/280/4209 4295/301/4209 4294/300/4209 4288/279/4209
f 4290/275/4210 4296/296/4210 4295/301/4210 4289/280/4210
f 4291/295/4211 4297/316/4211 4302/317/4211 4296/296/4211
f 4292/297/4212 4298/318/4212 4297/319/4212 4291/298/4212
f 4293/299/4213 4299/320/4213 4298/318/4213 4292/297/4213
f 4294/300/4214 4300/321/4214 4299/320/4214 4293/299/4214
f 4295/301/4215 4301/322/4215 4300/321/4215 4294/300/4215
f 4296/296/4216 4302/317/4216 4301/322/4216 4295/301/4216
f 4297/316/4217 4303/337/4217 4308/338/4217 4302/317/4217
f 4298/318/4218 4304/339/4218 4303/340/4218 4297/319/4218
f 4299/320/4219 4305/341/4219 4304/339/4219 4298/318/4219
f 4300/321/4220 4306/342/4220 4305/341/4220 4299/320/4220
f 4301/322/4221 4307/343/4221 4306/342/4221 4300/321/4221
f 4302/317/4222 4308/338/4222 4307/343/4222 4301/322/4222
f 4303/337/4223 4309/358/4223 4314/359/4223 4308/338/4223
f 4304/339/4224 4310/360/4224 4309/361/4224 4303/340/4224
f 4305/341/4225 4311/362/4225 4310/360/4225 4304/339/4225
f 4306/342/4226 4312/363/4226 4311/362/4226 4305/341/4226
f 4307/343/4227 4313/364/4227 4312/363/4227 4306/342/4227
f 4308/338/4228 4314/359/4228 4313/364/4228 4307/343/4228
f 4309/358/4229 4315/379/4229 4320/380/4229 4314/359/4229
f 4310/360/4230 4316/381/4230 4315/382/4230 4309/361/4230
f 4311/362/4231 4317/383/4231 4316/381/4231 4310/360/4231
f 4312/363/4232 4318/384/4232 4317/383/4232 4311/362/4232
f 4313/364/4233 4319/385/4233 4318/384/4233 4312/363/4233
f 4314/359/4234 4320/380/4234 4319/385/4234 4313/364/4234
f 4315/379/4235 4321/400/4235 4326/401/4235 4320/380/4235
f 4316/381/4224 4322/402/4224 4321/403/4224 4315/382/4224
f 4317/383/4236 4323/404/4236 4322/402/4236 4316/381/4236
f 4318/384/4237 4324/405/4237 4323/404/4237 4317/383/4237
f 4319/385/4227 4325/406/4227 4324/405/4227 4318/384/4227
f 4320/380/4238 4326/401/4238 4325/406/4238 4319/385/4238
f 4321/400/4239 4327/421/4239 4332/422/4239 4326/401/4239
f 4322/402/4240 4328/423/4240 4327/424/4240 4321/403/4240
f 4323/404/4241 4329/425/4241 4328/423/4241 4322/402/4241
f 4324/405/4242 4330/426/4242 4329/425/4242 4323/404/4242
f 4325/406/4243 4331/427/4243 4330/426/4243 4324/405/4243
f 4326/401/4244 4332/422/4244 4331/427/4244 4325/406/4244
f 4327/421/4245 4333/442/4245 4338/443/4245 4332/422/4245
f 4328/423/4246 4334/444/4246 4333/445/4246 4327/424/4246
f 4329/425/4247 4335/446/4247 4334/444/4247 4328/423/4247
f 4330/426/4248 4336/447/4248 4335/446/4248 4329/425/4248
f 4331/427/4249 4337/448/4249 4336/447/4249 4330/426/4249
f 4332/422/4250 4338/443/4250 4337/448/4250 4331/427/4250
f 4333/442/4251 4339/463/4251 4344/464/4251 4338/443/4251
f 4334/444/4252 4340/465/4252 4339/466/4252 4333/445/4252
f 4335/446/4253 4341/467/4253 4340/465/4253 4334/444/4253
f 4336/447/4254 4342/468/4254 4341/467/4254 4335/446/4254
f 4337/448/4255 4343/469/4255 4342/468/4255 4336/447/4255
f 4338/443/4256 4344/464/4256 4343/469/4256 4337/448/4256
f 4339/463/4257 4345/484/4257 4350/485/4257 4344/464/4257
f 4340/465/4258 4346/486/4258 4345/487/4258 4339/466/4258
f 4341/467/4259 4347/488/4259 4346/486/4259 4340/465/4259
f 4342/468/4260 4348/489/4260 4347/488/4260 4341/467/4260
f 4343/469/4261 4349/490/4261 4348/489/4261 4342/468/4261
f 4344/464/4262 4350/485/4262 4349/490/4262 4343/469/4262
f 4345/484/4263 4351/505/4263 4356/506/4263 4350/485/4263
f 4346/486/4264 4352/507/4264 4351/508/4264 4345/487/4264
f 4347/488/4265 4353/509/4265 4352/507/4265 4346/486/4265
f 4348/489/4266 4354/510/4266 4353/509/4266 4347/488/4266
f 4349/490/4267 4355/511/4267 4354/510/4267 4348/489/4267
f 4350/485/4268 4356/506/4268 4355/511/4268 4349/490/4268
f 4351/505/4269 4357/526/4269 4362/527/4269 4356/506/4269
f 4352/507/4270 4358/528/4270 4357/529/4270 4351/508/4270
f 4353/509/4271 4359/530/4271 4358/528/4271 4352/507/4271
f 4354/510/4272 4360/531/4272 4359/530/4272 4353/509/4272
f 4355/511/4273 4361/532/4273 4360/531/4273 4354/510/4273
f 4356/506/4274 4362/527/4274 4361/532/4274 4355/511/4274
f 4357/526/4275 4363/547/4275 4368/548/4275 4362/527/4275
f 4358/528/4276 4364/549/4276 4363/550/4276 4357/529/4276
f 4359/530/4277 4365/551/4277 4364/549/4277 4358/528/4277
f 4360/531/4278 4366/552/4278 4365/551/4278 4359/530/4278
f 4361/532/4279 4367/553/4279 4366/552/4279 4360/531/4279
f 4362/527/4280 4368/548/4280 4367/553/4280 4361/532/4280
f 4363/547/4281 4369/568/4281 4374/569/4281 4368/548/4281
f 4364/549/4282 4370/570/4282 4369/571/4282 4363/550/4282
f 4365/551/4283 4371/572/4283 4370/570/4283 4364/549/4283
f 4366/552/4284 4372/573/4284 4371/572/4284 4365/551/4284
f 4367/553/4285 4373/574/4285 4372/573/4285 4366/552/4285
f 4368/548/4286 4374/569/4286 4373/574/4286 4367/553/4286
f 4369/568/4287 4375/589/4287 4380/590/4287 4374/569/4287
f 4370/570/4288 4376/591/4288 4375/592/4288 4369/571/4288
f 4371/572/4289 4377/593/4289 4376/591/4289 4370/570/4289
f 4372/573/4290 4378/594/4290 4377/593/4290 4371/572/4290
f 4373/574/4291 4379/595/4291 4378/594/4291 4372/573/4291
f 4374/569/4292 4380/590/4292 4379/595/4292 4373/574/4292
f 4375/589/4293 4381/610/4293 4386/611/4293 4380/590/4293
f 4376/591/4294 4382/612/4294 4381/613/4294 4375/592/4294
f 4377/593/4295 4383/614/4295 4382/612/4295 4376/591/4295
f 4378/594/4296 4384/615/4296 4383/614/4296 4377/593/4296
f 4379/595/4297 4385/616/4297 4384/615/4297 4378/594/4297
f 4380/590/4298 4386/611/4298 4385/616/4298 4379/595/4298
f 4381/610/4299 4387/631/4299 4392/632/4299 4386/611/4299
f 4382/612/4300 4388/633/4300 4387/634/4300 4381/613/4300
f 4383/614/4301 4389/635/4301 4388/633/4301 4382/612/4301
f 4384/615/4302 4390/636/4302 4389/635/4302 4383/614/4302
f 4385/616/4303 4391/637/4303 4390/636/4303 4384/615/4303
f 4386/611/4304 4392/632/4304 4391/637/4304 4385/616/4304
f 4387/631/4305 4393/652/4305 4398/653/4305 4392/632/4305
f 4388/633/4306 4394/654/4306 4393/655/4306 4387/634/4306
f 4389/635/4307 4395/656/4307 4394/654/4307 4388/633/4307
f 4390/636/4308 4396/657/4308 4395/656/4308 4389/635/4308
f 4391/637/4309 4397/658/4309 4396/657/4309 4390/636/4309
f 4392/632/4310 4398/653/4310 4397/658/4310 4391/637/4310
f 4393/652/4311 4399/673/4311 4404/674/4311 4398/653/4311
f 4394/654/4312 4400/675/4312 4399/676/4312 4393/655/4312
f 4395/656/4307 4401/677/4307 4400/675/4307 4394/654/4307
f 4396/657/4313 4402/678/4313 4401/677/4313 4395/656/4313
f 4397/658/4314 4403/679/4314 4402/678/4314 4396/657/4314
f 4398/653/4310 4404/674/4310 4403/679/4310 4397/658/4310
f 4399/673/4315 4405/694/4315 4410/695/4315 4404/674/4315
f 4400/675/4316 4406/696/4316 4405/697/4316 4399/676/4316
f 4401/677/4317 4407/698/4317 4406/696/4317 4400/675/4317
f 4402/678/4318 4408/699/4318 4407/698/4318 4401/677/4318
f 4403/679/4319 4409/700/4319 4408/699/4319 4402/678/4319
f 4404/674/4320 4410/695/4320 4409/700/4320 4403/679/4320
f 4405/694/4321 4411/715/4321 4416/716/4321 4410/695/4321
f 4406/696/4322 4412/717/4322 4411/718/4322 4405/697/4322
f 4407/698/4323 4413/719/4323 4412/717/4323 4406/696/4323
f 4408/699/4324 4414/720/4324 4413/719/4324 4407/698/4324
f 4409/700/4325 4415/721/4325 4414/720/4325 4408/699/4325
f 4410/695/4326 4416/716/4326 4415/721/4326 4409/700/4326
f 4411/715/4327 4417/736/4327 4422/737/4327 4416/716/4327
f 4412/717/4328 4418/738/4328 4417/739/4328 4411/718/4328
f 4413/719/4329 4419/740/4329 4418/738/4329 4412/717/4329
f 4414/720/4330 4420/741/4330 4419/740/4330 4413/719/4330
f 4415/721/4331 4421/742/4331 4420/741/4331 4414/720/4331
f 4416/716/4332 4422/737/4332 4421/742/4332 4415/721/4332
f 4417/736/4333 4423/757/4333 4428/758/4333 4422/737/4333
f 4418/738/4334 4424/759/4334 4423/760/4334 4417/739/4334
f 4419/740/4335 4425/761/4335 4424/759/4335 4418/738/4335
f 4420/741/4336 4426/762/4336 4425/761/4336 4419/740/4336
f 4421/742/4337 4427/763/4337 4426/762/4337 4420/741/4337
f 4422/737/4338 4428/758/4338 4427/763/4338 4421/742/4338
f 4423/757/4339 4429/778/4339 4434/779/4339 4428/758/4339
f 4424/759/4340 4430/780/4340 4429/781/4340 4423/760/4340
f 4425/761/4341 4431/782/4341 4430/780/4341 4424/759/4341
f 4426/762/4342 4432/783/4342 4431/782/4342 4425/761/4342
f 4427/763/4343 4433/784/4343 4432/783/4343 4426/762/4343
f 4428/758/4344 4434/779/4344 4433/784/4344 4427/763/4344
f 4429/778/4345 4435/799/4345 4440/800/4345 4434/779/4345
f 4430/780/4346 4436/801/4346 4435/802/4346 4429/781/4346
f 4431/782/4347 4437/803/4347 4436/801/4347 4430/780/4347
f 4432/783/4348 4438/804/4348 4437/803/4348 4431/782/4348
f 4433/784/4349 4439/805/4349 4438/804/4349 4432/783/4349
f 4434/779/4350 4440/800/4350 4439/805/4350 4433/784/4350
f 4435/799/4351 4441/820/4351 4446/821/4351 4440/800/4351
f 4436/801/4352 4442/822/4352 4441/823/4352 4435/802/4352
f 4437/803/4353 4443/824/4353 4442/822/4353 4436/801/4353
f 4438/804/4354 4444/825/4354 4443/824/4354 4437/803/4354
f 4439/805/4355 4445/826/4355 4444/825/4355 4438/804/4355
f 4440/800/4356 4446/821/4356 4445/826/4356 4439/805/4356
f 4441/820/4357 4447/841/4357 4452/842/4357 4446/821/4357
f 4442/822/4358 4448/843/4358 4447/844/4358 4441/823/4358
f 4443/824/4359 4449/845/4359 4448/843/4359 4442/822/4359
f 4444/825/4360 4450/846/4360 4449/845/4360 4443/824/4360
f 4445/826/4361 4451/847/4361 4450/846/4361 4444/825/4361
f 4446/821/4362 4452/842/4362 4451/847/4362 4445/826/4362
f 4447/841/4363 4453/862/4363 4458/863/4363 4452/842/4363
f 4448/843/4364 4454/864/4364 4453/865/4364 4447/844/4364
f 4449/845/4365 4455/866/4365 4454/864/4365 4448/843/4365
f 4450/846/4366 4456/867/4366 4455/866/4366 4449/845/4366
f 4451/847/4367 4457/868/4367 4456/867/4367 4450/846/4367
f 4452/842/4368 4458/863/4368 4457/868/4368 4451/847/4368
f 4453/862/4369 4459/883/4369 4464/884/4369 4458/863/4369
f 4454/864/4370 4460/885/4370 4459/886/4370 4453/865/4370
f 4455/866/4371 4461/887/4371 4460/885/4371 4454/864/4371
f 4456/867/4372 4462/888/4372 4461/887/4372 4455/866/4372
f 4457/868/4373 4463/889/4373 4462/888/4373 4456/867/4373
f 4458/863/4374 4464/884/4374 4463/889/4374 4457/868/4374
f 4459/883/4375 4465/904/4375 4470/905/4375 4464/884/4375
f 4460/885/4376 4466/906/4376 4465/907/4376 4459/886/4376
f 4461/887/4377 4467/908/4377 4466/906/4377 4460/885/4377
f 4462/888/4378 4468/909/4378 4467/908/4378 4461/887/4378
f 4463/889/4379 4469/910/4379 4468/909/4379 4462/888/4379
f 4464/884/4380 4470/905/4380 4469/910/4380 4463/889/4380
f 4465/904/4381 4471/925/4381 4476/926/4381 4470/905/4381
f 4466/906/4382 4472/927/4382 4471/928/4382 4465/907/4382
f 4467/908/4383 4473/929/4383 4472/927/4383 4466/906/4383
f 4468/909/4384 4474/930/4384 4473/929/4384 4467/908/4384
f 4469/910/4385 4475/931/4385 4474/930/4385 4468/909/4385
f 4470/905/4386 4476/926/4386 4475/931/4386 4469/910/4386
f 4471/925/4387 4477/946/4387 4482/947/4387 4476/926/4387
f 4472/927/4388 4478/948/4388 4477/949/4388 4471/928/4388
f 4473/929/4389 4479/950/4389 4478/948/4389 4472/927/4389
f 4474/930/4390 4480/951/4390 4479/950/4390 4473/929/4390
f 4475/931/4391 4481/952/4391 4480/951/4391 4474/930/4391
f 4476/926/4392 4482/947/4392 4481/952/4392 4475/931/4392
f 4477/946/4393 4483/967/4393 4488/968/4393 4482/947/4393
f 4478/948/4394 4484/969/4394 4483/970/4394 4477/949/4394
f 4479/950/4395 4485/971/4395 4484/969/4395 4478/948/4395
f 4480/951/4396 4486/972/4396 4485/971/4396 4479/950/4396
f 4481/952/4397 4487/973/4397 4486/972/4397 4480/951/4397
f 4482/947/4398 4488/968/4398 4487/973/4398 4481/952/4398
f 4483/967/4399 4489/988/4399 4494/989/4399 4488/968/4399
f 4484/969/4400 4490/990/4400 4489/991/4400 4483/970/4400
f 4485/971/4401 4491/992/4401 4490/990/4401 4484/969/4401
f 4486/972/4402 4492/993/4402 4491/992/4402 4485/971/4402
f 4487/973/4403 4493/994/4403 4492/993/4403 4486/972/4403
f 4488/968/4404 4494/989/4404 4493/994/4404 4487/973/4404
f 4489/988/4405 4495/1009/4405 4500/1010/4405 4494/989/4405
f 4490/990/4406 4496/1011/4406 4495/1012/4406 4489/991/4406
f 4491/992/4407 4497/1013/4407 4496/1011/4407 4490/990/4407
f 4492/993/4408 4498/1014/4408 4497/1013/4408 4491/992/4408
f 4493/994/4409 4499/1015/4409 4498/1014/4409 4492/993/4409
f 4494/989/4410 4500/1010/4410 4499/1015/4410 4493/994/4410
f 4495/1009/4411 4501/1030/4411 4506/1031/4411 4500/1010/4411
f 4496/1011/4412 4502/1032/4412 4501/1033/4412 4495/1012/4412
f 4497/1013/4413 4503/1034/4413 4502/1032/4413 4496/1011/4413
f 4498/1014/4414 4504/1035/4414 4503/1034/4414 4497/1013/4414
f 4499/1015/4415 4505/1036/4415 4504/1035/4415 4498/1014/4415
f 4500/1010/4416 4506/1031/4416 4505/1036/4416 4499/1015/4416
f 4501/1030/4417 4507/1051/4417 4512/1052/4417 4506/1031/4417
f 4502/1032/4418 4508/1053/4418 4507/1054/4418 4501/1033/4418
f 4503/1034/4419 4509/1055/4419 4508/1053/4419 4502/1032/4419
f 4504/1035/4420 4510/1056/4420 4509/1055/4420 4503/1034/4420
f 4505/1036/4421 4511/1057/4421 4510/1056/4421 4504/1035/4421
f 4506/1031/4422 4512/1052/4422 4511/1057/4422 4505/1036/4422
f 4507/1051/4423 4513/1072/4423 4518/1073/4423 4512/1052/4423
f 4508/1053/4424 4514/1074/4424 4513/1075/4424 4507/1054/4424
f 4509/1055/4425 4515/1076/4425 4514/1074/4425 4508/1053/4425
f 4510/1056/4426 4516/1077/4426 4515/1076/4426 4509/1055/4426
f 4511/1057/4427 4517/1078/4427 4516/1077/4427 4510/1056/4427
f 4512/1052/4428 4518/1073/4428 4517/1078/4428 4511/1057/4428
f 4513/1072/4429 4519/1093/4429 4524/1094/4429 4518/1073/4429
f 4514/1074/4430 4520/1095/4430 4519/1096/4430 4513/1075/4430
f 4515/1076/4431 4521/1097/4431 4520/1095/4431 4514/1074/4431
f 4516/1077/4432 4522/1098/4432 4521/1097/4432 4515/1076/4432
f 4517/1078/4433 4523/1099/4433 4522/1098/4433 4516/1077/4433
f 4518/1073/4434 4524/1094/4434 4523/1099/4434 4517/1078/4434
f 4519/1093/4435 4525/1114/4435 4530/1115/4435 4524/1094/4435
f 4520/1095/4436 4526/1116/4436 4525/1117/4436 4519/1096/4436
f 4521/1097/4437 4527/1118/4437 4526/1116/4437 4520/1095/4437
f 4522/1098/4438 4528/1119/4438 4527/1118/4438 4521/1097/4438
f 4523/1099/4439 4529/1120/4439 4528/1119/4439 4522/1098/4439
f 4524/1094/4440 4530/1115/4440 4529/1120/4440 4523/1099/4440
f 4525/1114/4441 4531/1135/4441 4536/1136/4441 4530/1115/4441
f 4526/1116/4442 4532/1137/4442 4531/1138/4442 4525/1117/4442
f 4527/1118/4443 4533/1139/4443 4532/1137/4443 4526/1116/4443
f 4528/1119/4444 4534/1140/4444 4533/1139/4444 4527/1118/4444
f 4529/1120/4445 4535/1141/4445 4534/1140/4445 4528/1119/4445
f 4530/1115/4446 4536/1136/4446 4535/1141/4446 4529/1120/4446
f 4531/1135/4447 4537/1156/4447 4542/1157/4447 4536/1136/4447
f 4532/1137/4448 4538/1158/4448 4537/1159/4448 4531/1138/4448
f 4533/1139/4449 4539/1160/4449 4538/1158/4449 4532/1137/4449
f 4534/1140/4450 4540/1161/4450 4539/1160/4450 4533/1139/4450
f 4535/1141/4451 4541/1162/4451 4540/1161/4451 4534/1140/4451
f 4536/1136/4452 4542/1157/4452 4541/1162/4452 4535/1141/4452
f 4537/1156/4453 4543/1177/4453 4548/1178/4453 4542/1157/4453
f 4538/1158/4454 4544/1179/4454 4543/1180/4454 4537/1159/4454
f 4539/1160/4455 4545/1181/4455 4544/1179/4455 4538/1158/4455
f 4540/1161/4456 4546/1182/4456 4545/1181/4456 4539/1160/4456
f 4541/1162/4457 4547/1183/4457 4546/1182/4457 4540/1161/4457
f 4542/1157/4458 4548/1178/4458 4547/1183/4458 4541/1162/4458
f 4543/1177/4459 4549/1198/4459 4554/1199/4459 4548/1178/4459
f 4544/1179/4460 4550/1200/4460 4549/1201/4460 4543/1180/4460
f 4545/1181/4461 4551/1202/4461 4550/1200/4461 4544/1179/4461
f 4546/1182/4462 4552/1203/4462 4551/1202/4462 4545/1181/4462
f 4547/1183/4463 4553/1204/4463 4552/1203/4463 4546/1182/4463
f 4548/1178/4464 4554/1199/4464 4553/1204/4464 4547/1183/4464
f 4549/1198/4465 4555/1219/4465 4560/1220/4465 4554/1199/4465
f 4550/1200/4466 4556/1221/4466 4555/1222/4466 4549/1201/4466
f 4551/1202/4467 4557/1223/4467 4556/1221/4467 4550/1200/4467
f 4552/1203/4468 4558/1224/4468 4557/1223/4468 4551/1202/4468
f 4553/1204/4469 4559/1225/4469 4558/1224/4469 4552/1203/4469
f 4554/1199/4470 4560/1220/4470 4559/1225/4470 4553/1204/4470
f 4555/1219/4471 4561/1240/4471 4566/1241/4471 4560/1220/4471
f 4556/1221/4472 4562/1242/4472 4561/1243/4472 4555/1222/4472
f 4557/1223/4473 4563/1244/4473 4562/1242/4473 4556/1221/4473
f 4558/1224/4474 4564/1245/4474 4563/1244/4474 4557/1223/4474
f 4559/1225/4475 4565/1246/4475 4564/1245/4475 4558/1224/4475
f 4560/1220/4476 4566/1241/4476 4565/1246/4476 4559/1225/4476
f 4561/1240/4477 4567/1261/4477 4572/1262/4477 4566/1241/4477
f 4562/1242/4478 4568/1263/4478 4567/1264/4478 4561/1243/4478
f 4563/1244/4479 4569/1265/4479 4568/1263/4479 4562/1242/4479
f 4564/1245/4480 4570/1266/4480 4569/1265/4480 4563/1244/4480
f 4565/1246/4481 4571/1267/4481 4570/1266/4481 4564/1245/4481
f 4566/1241/4482 4572/1262/4482 4571/1267/4482 4565/1246/4482
f 4573/1/4483 4579/22/4483 4584/23/4483 4578/4/4483
f 4574/5/4484 4580/24/4484 4579/25/4484 4573/8/4484
f 4575/9/4485 4581/26/4485 4580/24/4485 4574/5/4485
f 4576/11/4486 4582/27/4486 4581/26/4486 4575/9/4486
f 4577/13/4487 4583/28/4487 4582/27/4487 4576/11/4487
f 4578/4/4488 4584/23/4488 4583/28/4488 4577/13/4488
f 4579/22/4489 4585/43/4489 4590/44/4489 4584/23/4489
f 4580/24/4490 4586/45/4490 4585/46/4490 4579/25/4490
f 4581/26/4491 4587/47/4491 4586/45/4491 4580/24/4491
f 4582/27/4492 4588/48/4492 4587/47/4492 4581/26/4492
f 4583/28/4493 4589/49/4493 4588/48/4493 4582/27/4493
f 4584/23/4494 4590/44/4494 4589/49/4494 4583/28/4494
f 4585/43/4495 4591/64/4495 4596/65/4495 4590/44/4495
f 4586/45/4496 4592/66/4496 4591/67/4496 4585/46/4496
f 4587/47/4497 4593/68/4497 4592/66/4497 4586/45/4497
f 4588/48/4498 4594/69/4498 4593/68/4498 4587/47/4498
f 4589/49/4499 4595/70/4499 4594/69/4499 4588/48/4499
f 4590/44/4500 4596/65/4500 4595/70/4500 4589/49/4500
f 4591/64/4501 4597/85/4501 4602/86/4501 4596/65/4501
f 4592/66/4502 4598/87/4502 4597/88/4502 4591/67/4502
f 4593/68/4503 4599/89/4503 4598/87/4503 4592/66/4503
f 4594/69/4504 4600/90/4504 4599/89/4504 4593/68/4504
f 4595/70/4505 4601/91/4505 4600/90/4505 4594/69/4505
f 4596/65/4506 4602/86/4506 4601/91/4506 4595/70/4506
f 4597/85/4507 4603/106/4507 4608/107/4507 4602/86/4507
f 4598/87/4508 4604/108/4508 4603/109/4508 4597/88/4508
f 4599/89/4509 4605/110/4509 4604/108/4509 4598/87/4509
f 4600/90/4510 4606/111/4510 4605/110/4510 4599/89/4510
f 4601/91/4511 4607/112/4511 4606/111/4511 4600/90/4511
f 4602/86/4512 4608/107/4512 4607/112/4512 4601/91/4512
f 4603/106/4513 4609/127/4513 4614/128/4513 4608/107/4513
f 4604/108/4514 4610/129/4514 4609/130/4514 4603/109/4514
f 4605/110/4515 4611/131/4515 4610/129/4515 4604/108/4515
f 4606/111/4516 4612/132/4516 4611/131/4516 4605/110/4516
f 4607/112/4517 4613/133/4517 4612/132/4517 4606/111/4517
f 4608/107/4518 4614/128/4518 4613/133/4518 4607/112/4518
f 4609/127/4519 4615/148/4519 4620/149/4519 4614/128/4519
f 4610/129/4520 4616/150/4520 4615/151/4520 4609/130/4520
f 4611/131/4521 4617/152/4521 4616/150/4521 4610/129/4521
f 4612/132/4522 4618/153/4522 4617/152/4522 4611/131/4522
f 4613/133/4523 4619/154/4523 4618/153/4523 4612/132/4523
f 4614/128/4524 4620/149/4524 4619/154/4524 4613/133/4524
f 4615/148/4525 4621/169/4525 4626/170/4525 4620/149/4525
f 4616/150/4526 4622/171/4526 4621/172/4526 4615/151/4526
f 4617/152/4527 4623/173/4527 4622/171/4527 4616/150/4527
f 4618/153/4528 4624/174/4528 4623/173/4528 4617/152/4528
f 4619/154/4529 4625/175/4529 4624/174/4529 4618/153/4529
f 4620/149/4530 4626/170/4530 4625/175/4530 4619/154/4530
f 4621/169/4531 4627/190/4531 4632/191/4531 4626/170/4531
f 4622/171/4532 4628/192/4532 4627/193/4532 4621/172/4532
f 4623/173/4533 4629/194/4533 4628/192/4533 4622/171/4533
f 4624/174/4534 4630/195/4534 4629/194/4534 4623/173/4534
f 4625/175/4535 4631/196/4535 4630/195/4535 4624/174/4535
f 4626/170/4536 4632/191/4536 4631/196/4536 4625/175/4536
f 4627/190/4537 4633/211/4537 4638/212/4537 4632/191/4537
f 4628/192/4538 4634/213/4538 4633/214/4538 4627/193/4538
f 4629/194/4539 4635/215/4539 4634/213/4539 4628/192/4539
f 4630/195/4540 4636/216/4540 4635/215/4540 4629/194/4540
f 4631/196/4541 4637/217/4541 4636/216/4541 4630/195/4541
f 4632/191/4542 4638/212/4542 4637/217/4542 4631/196/4542
f 4633/211/4543 4639/232/4543 4644/233/4543 4638/212/4543
f 4634/213/4544 4640/234/4544 4639/235/4544 4633/214/4544
f 4635/215/4545 4641/236/4545 4640/234/4545 4634/213/4545
f 4636/216/4546 4642/237/4546 4641/236/4546 4635/215/4546
f 4637/217/4547 4643/238/4547 4642/237/4547 4636/216/4547
f 4638/212/4548 4644/233/4548 4643/238/4548 4637/217/4548
f 4639/232/4549 4645/253/4549 4650/254/4549 4644/233/4549
f 4640/234/4550 4646/255/4550 4645/256/4550 4639/235/4550
f 4641/236/4551 4647/257/4551 4646/255/4551 4640/234/4551
f 4642/237/4552 4648/258/4552 4647/257/4552 4641/236/4552
f 4643/238/4553 4649/259/4553 4648/258/4553 4642/237/4553
f 4644/233/4554 4650/254/4554 4649/259/4554 4643/238/4554
f 4645/253/4555 4651/274/4555 4656/275/4555 4650/254/4555
f 4646/255/4556 4652/276/4556 4651/277/4556 4645/256/4556
f 4647/257/4557 4653/278/4557 4652/276/4557 4646/255/4557
f 4648/258/4558 4654/279/4558 4653/278/4558 4647/257/4558
f 4649/259/4559 4655/280/4559 4654/279/4559 4648/258/4559
f 4650/254/4560 4656/275/4560 4655/280/4560 4649/259/4560
f 4651/274/4561 4657/295/4561 4662/296/4561 4656/275/4561
f 4652/276/4562 4658/297/4562 4657/298/4562 4651/277/4562
f 4653/278/4563 4659/299/4563 4658/297/4563 4652/276/4563
f 4654/279/4564 4660/300/4564 4659/299/4564 4653/278/4564
f 4655/280/4565 4661/301/4565 4660/300/4565 4654/279/4565
f 4656/275/4566 4662/296/4566 4661/301/4566 4655/280/4566
f 4657/295/4567 4663/316/4567 4668/317/4567 4662/296/4567
f 4658/297/4568 4664/318/4568 4663/319/4568 4657/298/4568
f 4659/299/4569 4665/320/4569 4664/318/4569 4658/297/4569
f 4660/300/4570 4666/321/4570 4665/320/4570 4659/299/4570
f 4661/301/4571 4667/322/4571 4666/321/4571 4660/300/4571
f 4662/296/4572 4668/317/4572 4667/322/4572 4661/301/4572
f 4663/316/4573 4669/337/4573 4674/338/4573 4668/317/4573
f 4664/318/4574 4670/339/4574 4669/340/4574 4663/319/4574
f 4665/320/4575 4671/341/4575 4670/339/4575 4664/318/4575
f 4666/321/4576 4672/342/4576 4671/341/4576 4665/320/4576
f 4667/322/4577 4673/343/4577 4672/342/4577 4666/321/4577
f 4668/317/4578 4674/338/4578 4673/343/4578 4667/322/4578
f 4669/337/4579 4675/358/4579 4680/359/4579 4674/338/4579
f 4670/339/4580 4676/360/4580 4675/361/4580 4669/340/4580
f 4671/341/4581 4677/362/4581 4676/360/4581 4670/339/4581
f 4672/342/4582 4678/363/4582 4677/362/4582 4671/341/4582
f 4673/343/4583 4679/364/4583 4678/363/4583 4672/342/4583
f 4674/338/4584 4680/359/4584 4679/364/4584 4673/343/4584
f 4675/358/4585 4681/379/4585 4686/380/4585 4680/359/4585
f 4676/360/4586 4682/381/4586 4681/382/4586 4675/361/4586
f 4677/362/4587 4683/383/4587 4682/381/4587 4676/360/4587
f 4678/363/4588 4684/384/4588 4683/383/4588 4677/362/4588
f 4679/364/4589 4685/385/4589 4684/384/4589 4678/363/4589
f 4680/359/4590 4686/380/4590 4685/385/4590 4679/364/4590
f 4681/379/4591 4687/400/4591 4692/401/4591 4686/380/4591
f 4682/381/4592 4688/402/4592 4687/403/4592 4681/382/4592
f 4683/383/4593 4689/404/4593 4688/402/4593 4682/381/4593
f 4684/384/4594 4690/405/4594 4689/404/4594 4683/383/4594
f 4685/385/4595 4691/406/4595 4690/405/4595 4684/384/4595
f 4686/380/4596 4692/401/4596 4691/406/4596 4685/385/4596
f 4687/400/4597 4693/421/4597 4698/422/4597 4692/401/4597
f 4688/402/4598 4694/423/4598 4693/424/4598 4687/403/4598
f 4689/404/4599 4695/425/4599 4694/423/4599 4688/402/4599
f 4690/405/4600 4696/426/4600 4695/425/4600 4689/404/4600
f 4691/406/4601 4697/427/4601 4696/426/4601 4690/405/4601
f 4692/401/4602 4698/422/4602 4697/427/4602 4691/406/4602
f 4693/421/4603 4699/442/4603 4704/443/4603 4698/422/4603
f 4694/423/4604 4700/444/4604 4699/445/4604 4693/424/4604
f 4695/425/4605 4701/446/4605 4700/444/4605 4694/423/4605
f 4696/426/4606 4702/447/4606 4701/446/4606 4695/425/4606
f 4697/427/4607 4703/448/4607 4702/447/4607 4696/426/4607
f 4698/422/4608 4704/443/4608 4703/448/4608 4697/427/4608
f 4699/442/4609 4705/463/4609 4710/464/4609 4704/443/4609
f 4700/444/4610 4706/465/4610 4705/466/4610 4699/445/4610
f 4701/446/4611 4707/467/4611 4706/465/4611 4700/444/4611
f 4702/447/4612 4708/468/4612 4707/467/4612 4701/446/4612
f 4703/448/4613 4709/469/4613 4708/468/4613 4702/447/4613
f 4704/443/4614 4710/464/4614 4709/469/4614 4703/448/4614
f 4705/463/4615 4711/484/4615 4716/485/4615 4710/464/4615
f 4706/465/4616 4712/486/4616 4711/487/4616 4705/466/4616
f 4707/467/4617 4713/488/4617 4712/486/4617 4706/465/4617
f 4708/468/4618 4714/489/4618 4713/488/4618 4707/467/4618
f 4709/469/4619 4715/490/4619 4714/489/4619 4708/468/4619
f 4710/464/4620 4716/485/4620 4715/490/4620 4709/469/4620
f 4711/484/4621 4717/505/4621 4722/506/4621 4716/485/4621
f 4712/486/4622 4718/507/4622 4717/508/4622 4711/487/4622
f 4713/488/4623 4719/509/4623 4718/507/4623 4712/486/4623
f 4714/489/4624 4720/510/4624 4719/509/4624 4713/488/4624
f 4715/490/4625 4721/511/4625 4720/510/4625 4714/489/4625
f 4716/485/4626 4722/506/4626 4721/511/4626 4715/490/4626
f 4717/505/4627 4723/526/4627 4728/527/4627 4722/506/4627
f 4718/507/4628 4724/528/4628 4723/529/4628 4717/508/4628
f 4719/509/4629 4725/530/4629 4724/528/4629 4718/507/4629
f 4720/510/4630 4726/531/4630 4725/530/4630 4719/509/4630
f 4721/511/4631 4727/532/4631 4726/531/4631 4720/510/4631
f 4722/506/4632 4728/527/4632 4727/532/4632 4721/511/4632
f 4723/526/4633 4729/547/4633 4734/548/4633 4728/527/4633
f 4724/528/4634 4730/549/4634 4729/550/4634 4723/529/4634
f 4725/530/4635 4731/551/4635 4730/549/4635 4724/528/4635
f 4726/531/4636 4732/552/4636 4731/551/4636 4725/530/4636
f 4727/532/4637 4733/553/4637 4732/552/4637 4726/531/4637
f 4728/527/4638 4734/548/4638 4733/553/4638 4727/532/4638
f 4729/547/4639 4735/568/4639 4740/569/4639 4734/548/4639
f 4730/549/4640 4736/570/4640 4735/571/4640 4729/550/4640
f 4731/551/4641 4737/572/4641 4736/570/4641 4730/549/4641
f 4732/552/4642 4738/573/4642 4737/572/4642 4731/551/4642
f 4733/553/4643 4739/574/4643 4738/573/4643 4732/552/4643
f 4734/548/4644 4740/569/4644 4739/574/4644 4733/553/4644
f 4735/568/4645 4741/589/4645 4746/590/4645 4740/569/4645
f 4736/570/4646 4742/591/4646 4741/592/4646 4735/571/4646
f 4737/572/4647 4743/593/4647 4742/591/4647 4736/570/4647
f 4738/573/4648 4744/594/4648 4743/593/4648 4737/572/4648
f 4739/574/4649 4745/595/4649 4744/594/4649 4738/573/4649
f 4740/569/4650 4746/590/4650 4745/595/4650 4739/574/4650
f 4741/589/4651 4747/610/4651 4752/611/4651 4746/590/4651
f 4742/591/4652 4748/612/4652 4747/613/4652 4741/592/4652
f 4743/593/4653 4749/614/4653 4748/612/4653 4742/591/4653
f 4744/594/4654 4750/615/4654 4749/614/4654 4743/593/4654
f 4745/595/4655 4751/616/4655 4750/615/4655 4744/594/4655
f 4746/590/4656 4752/611/4656 4751/616/4656 4745/595/4656
f 4747/610/4657 4753/631/4657 4758/632/4657 4752/611/4657
f 4748/612/4658 4754/633/4658 4753/634/4658 4747/613/4658
f 4749/614/4659 4755/635/4659 4754/633/4659 4748/612/4659
f 4750/615/4660 4756/636/4660 4755/635/4660 4749/614/4660
f 4751/616/4661 4757/637/4661 4756/636/4661 4750/615/4661
f 4752/611/4662 4758/632/4662 4757/637/4662 4751/616/4662
f 4753/631/4663 4759/652/4663 4764/653/4663 4758/632/4663
f 4754/633/4664 4760/654/4664 4759/655/4664 4753/634/4664
f 4755/635/4665 4761/656/4665 4760/654/4665 4754/633/4665
f 4756/636/4666 4762/657/4666 4761/656/4666 4755/635/4666
f 4757/637/4667 4763/658/4667 4762/657/4667 4756/636/4667
f 4758/632/4668 4764/653/4668 4763/658/4668 4757/637/4668
f 4759/652/4669 4765/673/4669 4770/674/4669 4764/653/4669
f 4760/654/4670 4766/675/4670 4765/676/4670 4759/655/4670
f 4761/656/4671 4767/677/4671 4766/675/4671 4760/654/4671
f 4762/657/4672 4768/678/4672 4767/677/4672 4761/656/4672
f 4763/658/4673 4769/679/4673 4768/678/4673 4762/657/4673
f 4764/653/4674 4770/674/4674 4769/679/4674 4763/658/4674
f 4765/673/4675 4771/694/4675 4776/695/4675 4770/674/4675
f 4766/675/4676 4772/696/4676 4771/697/4676 4765/676/4676
f 4767/677/4677 4773/698/4677 4772/696/4677 4766/675/4677
f 4768/678/4678 4774/699/4678 4773/698/4678 4767/677/4678
f 4769/679/4679 4775/700/4679 4774/699/4679 4768/678/4679
f 4770/674/4680 4776/695/4680 4775/700/4680 4769/679/4680
f 4771/694/4681 4777/715/4681 4782/716/4681 4776/695/4681
f 4772/696/4682 4778/717/4682 4777/718/4682 4771/697/4682
f 4773/698/4683 4779/719/4683 4778/717/4683 4772/696/4683
f 4774/699/4684 4780/720/4684 4779/719/4684 4773/698/4684
f 4775/700/4685 4781/721/4685 4780/720/4685 4774/699/4685
f 4776/695/4686 4782/716/4686 4781/721/4686 4775/700/4686
f 4777/715/4687 4783/736/4687 4788/737/4687 4782/716/4687
f 4778/717/4688 4784/738/4688 4783/739/4688 4777/718/4688
f 4779/719/4689 4785/740/4689 4784/738/4689 4778/717/4689
f 4780/720/4690 4786/741/4690 4785/740/4690 4779/719/4690
f 4781/721/4691 4787/742/4691 4786/741/4691 4780/720/4691
f 4782/716/4692 4788/737/4692 4787/742/4692 4781/721/4692
f 4783/736/4693 4789/757/4693 4794/758/4693 4788/737/4693
f 4784/738/4694 4790/759/4694 4789/760/4694 4783/739/4694
f 4785/740/4695 4791/761/4695 4790/759/4695 4784/738/4695
f 4786/741/4696 4792/762/4696 4791/761/4696 4785/740/4696
f 4787/742/4697 4793/763/4697 4792/762/4697 4786/741/4697
f 4788/737/4698 4794/758/4698 4793/763/4698 4787/742/4698
f 4789/757/4699 4795/778/4699 4800/779/4699 4794/758/4699
f 4790/759/4700 4796/780/4700 4795/781/4700 4789/760/4700
f 4791/761/4701 4797/782/4701 4796/780/4701 4790/759/4701
f 4792/762/4702 4798/783/4702 4797/782/4702 4791/761/4702
f 4793/763/4703 4799/784/4703 4798/783/4703 4792/762/4703
f 4794/758/4704 4800/779/4704 4799/784/4704 4793/763/4704
f 4795/778/4705 4801/799/4705 4806/800/4705 4800/779/4705
f 4796/780/4706 4802/801/4706 4801/802/4706 4795/781/4706
f 4797/782/4707 4803/803/4707 4802/801/4707 4796/780/4707
f 4798/783/4708 4804/804/4708 4803/803/4708 4797/782/4708
f 4799/784/4709 4805/805/4709 4804/804/4709 4798/783/4709
f 4800/779/4710 4806/800/4710 4805/805/4710 4799/784/4710
f 4801/799/4711 4807/820/4711 4812/821/4711 4806/800/4711
f 4802/801/4712 4808/822/4712 4807/823/4712 4801/802/4712
f 4803/803/4713 4809/824/4713 4808/822/4713 4802/801/4713
f 4804/804/4714 4810/825/4714 4809/824/4714 4803/803/4714
f 4805/805/4715 4811/826/4715 4810/825/4715 4804/804/4715
f 4806/800/4716 4812/821/4716 4811/826/4716 4805/805/4716
f 4807/820/4717 4813/841/4717 4818/842/4717 4812/821/4717
f 4808/822/4718 4814/843/4718 4813/844/4718 4807/823/4718
f 4809/824/4719 4815/845/4719 4814/843/4719 4808/822/4719
f 4810/825/4720 4816/846/4720 4815/845/4720 4809/824/4720
f 4811/826/4721 4817/847/4721 4816/846/4721 4810/825/4721
f 4812/821/4722 4818/842/4722 4817/847/4722 4811/826/4722
f 4813/841/4723 4819/862/4723 4824/863/4723 4818/842/4723
f 4814/843/4724 4820/864/4724 4819/865/4724 4813/844/4724
f 4815/845/4725 4821/866/4725 4820/864/4725 4814/843/4725
f 4816/846/4726 4822/867/4726 4821/866/4726 4815/845/4726
f 4817/847/4727 4823/868/4727 4822/867/4727 4816/846/4727
f 4818/842/4728 4824/863/4728 4823/868/4728 4817/847/4728
f 4819/862/4729 4825/883/4729 4830/884/4729 4824/863/4729
f 4820/864/4730 4826/885/4730 4825/886/4730 4819/865/4730
f 4821/866/4731 4827/887/4731 4826/885/4731 4820/864/4731
f 4822/867/4732 4828/888/4732 4827/887/4732 4821/866/4732
f 4823/868/4733 4829/889/4733 4828/888/4733 4822/867/4733
f 4824/863/4734 4830/884/4734 4829/889/4734 4823/868/4734
f 4825/883/4735 4831/904/4735 4836/905/4735 4830/884/4735
f 4826/885/4736 4832/906/4736 4831/907/4736 4825/886/4736
f 4827/887/4737 4833/908/4737 4832/906/4737 4826/885/4737
f 4828/888/4738 4834/909/4738 4833/908/4738 4827/887/4738
f 4829/889/4739 4835/910/4739 4834/909/4739 4828/888/4739
f 4830/884/4740 4836/905/4740 4835/910/4740 4829/889/4740
f 4831/904/4741 4837/925/4741 4842/926/4741 4836/905/4741
f 4832/906/4742 4838/927/4742 4837/928/4742 4831/907/4742
f 4833/908/4743 4839/929/4743 4838/927/4743 4832/906/4743
f 4834/909/4744 4840/930/4744 4839/929/4744 4833/908/4744
f 4835/910/4745 4841/931/4745 4840/930/4745 4834/909/4745
f 4836/905/4746 4842/926/4746 4841/931/4746 4835/910/4746
f 4837/925/4747 4843/946/4747 4848/947/4747 4842/926/4747
f 4838/927/4748 4844/948/4748 4843/949/4748 4837/928/4748
f 4839/929/4749 4845/950/4749 4844/948/4749 4838/927/4749
f 4840/930/4750 4846/951/4750 4845/950/4750 4839/929/4750
f 4841/931/4751 4847/952/4751 4846/951/4751 4840/930/4751
f 4842/926/4752 4848/947/4752 4847/952/4752 4841/931/4752
f 4843/946/4753 4849/967/4753 4854/968/4753 4848/947/4753
f 4844/948/4754 4850/969/4754 4849/970/4754 4843/949/4754
f 4845/950/4755 4851/971/4755 4850/969/4755 4844/948/4755
f 4846/951/4756 4852/972/4756 4851/971/4756 4845/950/4756
f 4847/952/4757 4853/973/4757 4852/972/4757 4846/951/4757
f 4848/947/4758 4854/968/4758 4853/973/4758 4847/952/4758
f 4849/967/4759 4855/988/4759 4860/989/4759 4854/968/4759
f 4850/969/4760 4856/990/4760 4855/991/4760 4849/970/4760
f 4851/971/4761 4857/992/4761 4856/990/4761 4850/969/4761
f 4852/972/4762 4858/993/4762 4857/992/4762 4851/971/4762
f 4853/973/4763 4859/994/4763 4858/993/4763 4852/972/4763
f 4854/968/4764 4860/989/4764 4859/994/4764 4853/973/4764
f 4855/988/4765 4861/1009/4765 4866/1010/4765 4860/989/4765
f 4856/990/4766 4862/1011/4766 4861/1012/4766 4855/991/4766
f 4857/992/4767 4863/1013/4767 4862/1011/4767 4856/990/4767
f 4858/993/4768 4864/1014/4768 4863/1013/4768 4857/992/4768
f 4859/994/4769 4865/1015/4769 4864/1014/4769 4858/993/4769
f 4860/989/4770 4866/1010/4770 4865/1015/4770 4859/994/4770
f 4861/1009/4771 4867/1030/4771 4872/1031/4771 4866/1010/4771
f 4862/1011/4772 4868/1032/4772 4867/1033/4772 4861/1012/4772
f 4863/1013/4773 4869/1034/4773 4868/1032/4773 4862/1011/4773
f 4864/1014/4774 4870/1035/4774 4869/1034/4774 4863/1013/4774
f 4865/1015/4775 4871/1036/4775 4870/1035/4775 4864/1014/4775
f 4866/1010/4776 4872/1031/4776 4871/1036/4776 4865/1015/4776
f 4867/1030/4777 4873/1051/4777 4878/1052/4777 4872/1031/4777
f 4868/1032/4778 4874/1053/4778 4873/1054/4778 4867/1033/4778
f 4869/1034/4779 4875/1055/4779 4874/1053/4779 4868/1032/4779
f 4870/1035/4780 4876/1056/4780 4875/1055/4780 4869/1034/4780
f 4871/1036/4781 4877/1057/4781 4876/1056/4781 4870/1035/4781
f 4872/1031/4782 4878/1052/4782 4877/1057/4782 4871/1036/4782
f 4873/1051/4783 4879/1072/4783 4884/1073/4783 4878/1052/4783
f 4874/1053/4784 4880/1074/4784 4879/1075/4784 4873/1054/4784
f 4875/1055/4785 4881/1076/4785 4880/1074/4785 4874/1053/4785
f 4876/1056/4786 4882/1077/4786 4881/1076/4786 4875/1055/4786
f 4877/1057/4787 4883/1078/4787 4882/1077/4787 4876/1056/4787
f 4878/1052/4788 4884/1073/4788 4883/1078/4788 4877/1057/4788
f 4879/1072/4789 4885/1093/4789 4890/1094/4789 4884/1073/4789
f 4880/1074/4790 4886/1095/4790 4885/1096/4790 4879/1075/4790
f 4881/1076/4791 4887/1097/4791 4886/1095/4791 4880/1074/4791
f 4882/1077/4792 4888/1098/4792 4887/1097/4792 4881/1076/4792
f 4883/1078/4793 4889/1099/4793 4888/1098/4793 4882/1077/4793
f 4884/1073/4794 4890/1094/4794 4889/1099/4794 4883/1078/4794
f 4885/1093/4795 4891/1114/4795 4896/1115/4795 4890/1094/4795
f 4886/1095/4796 4892/1116/4796 4891/1117/4796 4885/1096/4796
f 4887/1097/4797 4893/1118/4797 4892/1116/4797 4886/1095/4797
f 4888/1098/4798 4894/1119/4798 4893/1118/4798 4887/1097/4798
f 4889/1099/4799 4895/1120/4799 4894/1119/4799 4888/1098/4799
f 4890/1094/4800 4896/1115/4800 4895/1120/4800 4889/1099/4800
f 4891/1114/4801 4897/1135/4801 4902/1136/4801 4896/1115/4801
f 4892/1116/4802 4898/1137/4802 4897/1138/4802 4891/1117/4802
f 4893/1118/4803 4899/1139/4803 4898/1137/4803 4892/1116/4803
f 4894/1119/4804 4900/1140/4804 4899/1139/4804 4893/1118/4804
f 4895/1120/4805 4901/1141/4805 4900/1140/4805 4894/1119/4805
f 4896/1115/4806 4902/1136/4806 4901/1141/4806 4895/1120/4806
f 4897/1135/4807 4903/1156/4807 4908/1157/4807 4902/1136/4807
f 4898/1137/4808 4904/1158/4808 4903/1159/4808 4897/1138/4808
f 4899/1139/4809 4905/1160/4809 4904/1158/4809 4898/1137/4809
f 4900/1140/4810 4906/1161/4810 4905/1160/4810 4899/1139/4810
f 4901/1141/4811 4907/1162/4811 4906/1161/4811 4900/1140/4811
f 4902/1136/4812 4908/1157/4812 4907/1162/4812 4901/1141/4812
f 4903/1156/4813 4909/1177/4813 4914/1178/4813 4908/1157/4813
f 4904/1158/4814 4910/1179/4814 4909/1180/4814 4903/1159/4814
f 4905/1160/4815 4911/1181/4815 4910/1179/4815 4904/1158/4815
f 4906/1161/4816 4912/1182/4816 4911/1181/4816 4905/1160/4816
f 4907/1162/4817 4913/1183/4817 4912/1182/4817 4906/1161/4817
f 4908/1157/4818 4914/1178/4818 4913/1183/4818 4907/1162/4818
f 4909/1177/4819 4915/1198/4819 4920/1199/4819 4914/1178/4819
f 4910/1179/4820 4916/1200/4820 4915/1201/4820 4909/1180/4820
f 4911/1181/4821 4917/1202/4821 4916/1200/4821 4910/1179/4821
f 4912/1182/4822 4918/1203/4822 4917/1202/4822 4911/1181/4822
f 4913/1183/4823 4919/1204/4823 4918/1203/4823 4912/1182/4823
f 4914/1178/4824 4920/1199/4824 4919/1204/4824 4913/1183/4824
f 4915/1198/4825 4921/1219/4825 4926/1220/4825 4920/1199/4825
f 4916/1200/4826 4922/1221/4826 4921/1222/4826 4915/1201/4826
f 4917/1202/4827 4923/1223/4827 4922/1221/4827 4916/1200/4827
f 4918/1203/4828 4924/1224/4828 4923/1223/4828 4917/1202/4828
f 4919/1204/4829 4925/1225/4829 4924/1224/4829 4918/1203/4829
f 4920/1199/4830 4926/1220/4830 4925/1225/4830 4919/1204/4830
f 4921/1219/4831 4927/1240/4831 4932/1241/4831 4926/1220/4831
f 4922/1221/4832 4928/1242/4832 4927/1243/4832 4921/1222/4832
f 4923/1223/4833 4929/1244/4833 4928/1242/4833 4922/1221/4833
f 4924/1224/4834 4930/1245/4834 4929/1244/4834 4923/1223/4834
f 4925/1225/4835 4931/1246/4835 4930/1245/4835 4924/1224/4835
f 4926/1220/4836 4932/1241/4836 4931/1246/4836 4925/1225/4836
f 4927/1240/4837 4933/1261/4837 4938/1262/4837 4932/1241/4837
f 4928/1242/4838 4934/1263/4838 4933/1264/4838 4927/1243/4838
f 4929/1244/4839 4935/1265/4839 4934/1263/4839 4928/1242/4839
f 4930/1245/4840 4936/1266/4840 4935/1265/4840 4929/1244/4840
f 4931/1246/4841 4937/1267/4841 4936/1266/4841 4930/1245/4841
f 4932/1241/4842 4938/1262/4842 4937/1267/4842 4931/1246/4842
f 4939/1/4843 4945/1296/4843 4950/1297/4843 4944/4/4843
f 4940/5/4844 4946/1298/4844 4945/1299/4844 4939/8/4844
f 4941/9/4845 4947/1300/4845 4946/1298/4845 4940/5/4845
f 4942/11/4846 4948/1301/4846 4947/1300/4846 4941/9/4846
f 4943/13/4847 4949/1302/4847 4948/1301/4847 4942/11/4847
f 4944/4/4848 4950/1297/4848 4949/1302/4848 4943/13/4848
f 4945/1296/4849 4951/106/4849 4956/107/4849 4950/1297/4849
f 4946/1298/4850 4952/108/4850 4951/109/4850 4945/1299/4850
f 4947/1300/4851 4953/110/4851 4952/108/4851 4946/1298/4851
f 4948/1301/4852 4954/111/4852 4953/110/4852 4947/1300/4852
f 4949/1302/4853 4955/112/4853 4954/111/4853 4948/1301/4853
f 4950/1297/4854 4956/107/4854 4955/112/4854 4949/1302/4854
f 4951/106/4855 4957/1359/4855 4962/1360/4855 4956/107/4855
f 4952/108/4856 4958/1361/4856 4957/1362/4856 4951/109/4856
f 4953/110/4857 4959/1363/4857 4958/1361/4857 4952/108/4857
f 4954/111/4858 4960/1364/4858 4959/1363/4858 4953/110/4858
f 4955/112/4859 4961/1365/4859 4960/1364/4859 4954/111/4859
f 4956/107/4860 4962/1360/4860 4961/1365/4860 4955/112/4860
f 4957/1359/4861 4963/211/4861 4968/212/4861 4962/1360/4861
f 4958/1361/4862 4964/213/4862 4963/214/4862 4957/1362/4862
f 4959/1363/4863 4965/215/4863 4964/213/4863 4958/1361/4863
f 4960/1364/4864 4966/216/4864 4965/215/4864 4959/1363/4864
f 4961/1365/4865 4967/217/4865 4966/216/4865 4960/1364/4865
f 4962/1360/4866 4968/212/4866 4967/217/4866 4961/1365/4866
f 4963/211/4867 4969/1422/4867 4974/1423/4867 4968/212/4867
f 4964/213/4868 4970/1424/4868 4969/1425/4868 4963/214/4868
f 4965/215/4869 4971/1426/4869 4970/1424/4869 4964/213/4869
f 4966/216/4870 4972/1427/4870 4971/1426/4870 4965/215/4870
f 4967/217/4871 4973/1428/4871 4972/1427/4871 4966/216/4871
f 4968/212/4872 4974/1423/4872 4973/1428/4872 4967/217/4872
f 4969/1422/4873 4975/316/4873 4980/317/4873 4974/1423/4873
f 4970/1424/4874 4976/318/4874 4975/319/4874 4969/1425/4874
f 4971/1426/4875 4977/320/4875 4976/318/4875 4970/1424/4875
f 4972/1427/4876 4978/321/4876 4977/320/4876 4971/1426/4876
f 4973/1428/4877 4979/322/4877 4978/321/4877 4972/1427/4877
f 4974/1423/4878 4980/317/4878 4979/322/4878 4973/1428/4878
f 4975/316/4879 4981/1485/4879 4986/1486/4879 4980/317/4879
f 4976/318/4880 4982/1487/4880 4981/1488/4880 4975/319/4880
f 4977/320/4881 4983/1489/4881 4982/1487/4881 4976/318/4881
f 4978/321/4882 4984/1490/4882 4983/1489/4882 4977/320/4882
f 4979/322/4883 4985/1491/4883 4984/1490/4883 4978/321/4883
f 4980/317/4884 4986/1486/4884 4985/1491/4884 4979/322/4884
f 4981/1485/4885 4987/421/4885 4992/422/4885 4986/1486/4885
f 4982/1487/4886 4988/423/4886 4987/424/4886 4981/1488/4886
f 4983/1489/4887 4989/425/4887 4988/423/4887 4982/1487/4887
f 4984/1490/4888 4990/426/4888 4989/425/4888 4983/1489/4888
f 4985/1491/4889 4991/427/4889 4990/426/4889 4984/1490/4889
f 4986/1486/4890 4992/422/4890 4991/427/4890 4985/1491/4890
f 4987/421/4891 4993/1548/4891 4998/1549/4891 4992/422/4891
f 4988/423/4892 4994/1550/4892 4993/1551/4892 4987/424/4892
f 4989/425/4893 4995/1552/4893 4994/1550/4893 4988/423/4893
f 4990/426/4894 4996/1553/4894 4995/1552/4894 4989/425/4894
f 4991/427/4895 4997/1554/4895 4996/1553/4895 4990/426/4895
f 4992/422/4896 4998/1549/4896 4997/1554/4896 4991/427/4896
f 4993/1548/4897 4999/526/4897 5004/527/4897 4998/1549/4897
f 4994/1550/4898 5000/528/4898 4999/529/4898 4993/1551/4898
f 4995/1552/4899 5001/530/4899 5000/528/4899 4994/1550/4899
f 4996/1553/4900 5002/531/4900 5001/530/4900 4995/1552/4900
f 4997/1554/4901 5003/532/4901 5002/531/4901 4996/1553/4901
f 4998/1549/4902 5004/527/4902 5003/532/4902 4997/1554/4902
f 4999/526/4903 5005/1611/4903 5010/1612/4903 5004/527/4903
f 5000/528/4904 5006/1613/4904 5005/1614/4904 4999/529/4904
f 5001/530/4905 5007/1615/4905 5006/1613/4905 5000/528/4905
f 5002/531/4906 5008/1616/4906 5007/1615/4906 5001/530/4906
f 5003/532/4907 5009/1617/4907 5008/1616/4907 5002/531/4907
f 5004/527/4908 5010/1612/4908 5009/1617/4908 5003/532/4908
f 5005/1611/4909 5011/631/4909 5016/632/4909 5010/1612/4909
f 5006/1613/4910 5012/633/4910 5011/634/4910 5005/1614/4910
f 5007/1615/4911 5013/635/4911 5012/633/4911 5006/1613/4911
f 5008/1616/4912 5014/636/4912 5013/635/4912 5007/1615/4912
f 5009/1617/4913 5015/637/4913 5014/636/4913 5008/1616/4913
f 5010/1612/4914 5016/632/4914 5015/637/4914 5009/1617/4914
f 5011/631/4915 5017/1674/4915 5022/1675/4915 5016/632/4915
f 5012/633/4916 5018/1676/4916 5017/1677/4916 5011/634/4916
f 5013/635/4917 5019/1678/4917 5018/1676/4917 5012/633/4917
f 5014/636/4918 5020/1679/4918 5019/1678/4918 5013/635/4918
f 5015/637/4919 5021/1680/4919 5020/1679/4919 5014/636/4919
f 5016/632/4920 5022/1675/4920 5021/1680/4920 5015/637/4920
f 5017/1674/4921 5023/736/4921 5028/737/4921 5022/1675/4921
f 5018/1676/4922 5024/738/4922 5023/739/4922 5017/1677/4922
f 5019/1678/4923 5025/740/4923 5024/738/4923 5018/1676/4923
f 5020/1679/4924 5026/741/4924 5025/740/4924 5019/1678/4924
f 5021/1680/4925 5027/742/4925 5026/741/4925 5020/1679/4925
f 5022/1675/4926 5028/737/4926 5027/742/4926 5021/1680/4926
f 5023/736/4927 5029/1737/4927 5034/1738/4927 5028/737/4927
f 5024/738/4928 5030/1739/4928 5029/1740/4928 5023/739/4928
f 5025/740/4929 5031/1741/4929 5030/1739/4929 5024/738/4929
f 5026/741/4930 5032/1742/4930 5031/1741/4930 5025/740/4930
f 5027/742/4931 5033/1743/4931 5032/1742/4931 5026/741/4931
f 5028/737/4932 5034/1738/4932 5033/1743/4932 5027/742/4932
f 5029/1737/4933 5035/841/4933 5040/842/4933 5034/1738/4933
f 5030/1739/4934 5036/843/4934 5035/844/4934 5029/1740/4934
f 5031/1741/4935 5037/845/4935 5036/843/4935 5030/1739/4935
f 5032/1742/4936 5038/846/4936 5037/845/4936 5031/1741/4936
f 5033/1743/4937 5039/847/4937 5038/846/4937 5032/1742/4937
f 5034/1738/4938 5040/842/4938 5039/847/4938 5033/1743/4938
f 5035/841/4939 5041/1800/4939 5046/1801/4939 5040/842/4939
f 5036/843/4940 5042/1802/4940 5041/1803/4940 5035/844/4940
f 5037/845/4941 5043/1804/4941 5042/1802/4941 5036/843/4941
f 5038/846/4942 5044/1805/4942 5043/1804/4942 5037/845/4942
f 5039/847/4943 5045/1806/4943 5044/1805/4943 5038/846/4943
f 5040/842/4944 5046/1801/4944 5045/1806/4944 5039/847/4944
f 5041/1800/4945 5047/946/4945 5052/947/4945 5046/1801/4945
f 5042/1802/4946 5048/948/4946 5047/949/4946 5041/1803/4946
f 5043/1804/4947 5049/950/4947 5048/948/4947 5042/1802/4947
f 5044/1805/4948 5050/951/4948 5049/950/4948 5043/1804/4948
f 5045/1806/4949 5051/952/4949 5050/951/4949 5044/1805/4949
f 5046/1801/4950 5052/947/4950 5051/952/4950 5045/1806/4950
f 5047/946/4951 5053/1863/4951 5058/1864/4951 5052/947/4951
f 5048/948/4952 5054/1865/4952 5053/1866/4952 5047/949/4952
f 5049/950/4953 5055/1867/4953 5054/1865/4953 5048/948/4953
f 5050/951/4954 5056/1868/4954 5055/1867/4954 5049/950/4954
f 5051/952/4955 5057/1869/4955 5056/1868/4955 5050/951/4955
f 5052/947/4956 5058/1864/4956 5057/1869/4956 5051/952/4956
f 5053/1863/4957 5059/1051/4957 5064/1052/4957 5058/1864/4957
f 5054/1865/4958 5060/1053/4958 5059/1054/4958 5053/1866/4958
f 5055/1867/4959 5061/1055/4959 5060/1053/4959 5054/1865/4959
f 5056/1868/4960 5062/1056/4960 5061/1055/4960 5055/1867/4960
f 5057/1869/4961 5063/1057/4961 5062/1056/4961 5056/1868/4961
f 5058/1864/4962 5064/1052/4962 5063/1057/4962 5057/1869/4962
f 5059/1051/4963 5065/1926/4963 5070/1927/4963 5064/1052/4963
f 5060/1053/4964 5066/1928/4964 5065/1929/4964 5059/1054/4964
f 5061/1055/4965 5067/1930/4965 5066/1928/4965 5060/1053/4965
f 5062/1056/4966 5068/1931/4966 5067/1930/4966 5061/1055/4966
f 5063/1057/4967 5069/1932/4967 5068/1931/4967 5062/1056/4967
f 5064/1052/4968 5070/1927/4968 5069/1932/4968 5063/1057/4968
f 5065/1926/4969 5071/1156/4969 5076/1157/4969 5070/1927/4969
f 5066/1928/4970 5072/1158/4970 5071/1159/4970 5065/1929/4970
f 5067/1930/4971 5073/1160/4971 5072/1158/4971 5066/1928/4971
f 5068/1931/4972 5074/1161/4972 5073/1160/4972 5067/1930/4972
f 5069/1932/4973 5075/1162/4973 5074/1161/4973 5068/1931/4973
f 5070/1927/4974 5076/1157/4974 5075/1162/4974 5069/1932/4974
f 5071/1156/4975 5077/1989/4975 5082/1990/4975 5076/1157/4975
f 5072/1158/4976 5078/1991/4976 5077/1992/4976 5071/1159/4976
f 5073/1160/4977 5079/1993/4977 5078/1991/4977 5072/1158/4977
f 5074/1161/4978 5080/1994/4978 5079/1993/4978 5073/1160/4978
f 5075/1162/4979 5081/1995/4979 5080/1994/4979 5074/1161/4979
f 5076/1157/4980 5082/1990/4980 5081/1995/4980 5075/1162/4980
f 5077/1989/4981 5083/1261/4981 5088/1262/4981 5082/1990/4981
f 5078/1991/4982 5084/1263/4982 5083/1264/4982 5077/1992/4982
f 5079/1993/4983 5085/1265/4983 5084/1263/4983 5078/1991/4983
f 5080/1994/4984 5086/1266/4984 5085/1265/4984 5079/1993/4984
f 5081/1995/4985 5087/1267/4985 5086/1266/4985 5080/1994/4985
f 5082/1990/4986 5088/1262/4986 5087/1267/4986 5081/1995/4986
