# Blender 5.1.2
# www.blender.org
mtllib PanopticonWalls.mtl
o PanopticonWalls
v -31.411604 -29.311584 -20.990225
v -34.902714 -29.311584 -14.458803
v -20.988518 -29.311584 -31.413313
v -26.713354 -29.311584 -26.715061
v -37.052536 -29.311584 7.371602
v -37.052536 -29.311584 -7.368871
v -7.370094 -29.311584 -37.054245
v -14.457103 -29.311584 -34.904427
v -37.052536 -25.109930 7.371602
v -37.052536 -25.109930 -7.368871
v -7.370094 -25.109930 -37.054245
v -37.532246 -29.311584 2.499094
v -37.532246 -25.109930 2.499094
v -37.532173 -29.311584 -2.500977
v -37.532173 -25.109930 -2.500977
v -2.492140 -29.311584 -37.052967
v -2.492140 -25.109930 -37.052967
v -31.129757 -29.311584 -20.801899
v -34.589531 -29.311584 -14.329100
v -20.800194 -29.311584 -31.131464
v -26.473661 -29.311584 -26.475368
v -36.715191 -29.311584 7.338389
v -36.720070 -29.311584 -7.302752
v -7.320400 -29.311584 -36.718929
v -14.327382 -29.311584 -34.591251
v -31.129757 -25.109930 -20.801899
v -20.800194 -25.109930 -31.131464
v -36.715191 -25.109930 7.338389
v -36.720070 -25.109930 -7.302752
v -14.327382 -25.109930 -34.591251
v -34.589531 -25.109930 -14.329100
v -26.473661 -25.109930 -26.475368
v -7.320400 -25.109930 -36.718929
v -37.193993 -29.311584 2.476947
v -37.193993 -25.109930 2.476947
v -37.193920 -29.311584 -2.478809
v -37.193920 -25.109930 -2.478809
v -2.492257 -29.311584 -36.713989
v -2.492257 -25.109930 -36.713989
v -37.052536 -20.908272 7.371602
v -37.052536 -20.908272 -7.368871
v -7.370094 -20.908272 -37.054245
v -37.532246 -20.908272 2.499094
v -37.532173 -20.908272 -2.500977
v -2.492140 -20.908276 -37.052967
v -31.129757 -20.908272 -20.801899
v -20.800194 -20.908272 -31.131464
v -36.715191 -20.908272 7.338389
v -36.720070 -20.908272 -7.302752
v -14.327382 -20.908272 -34.591251
v -34.589531 -20.908272 -14.329100
v -26.473661 -20.908272 -26.475368
v -7.320400 -20.908272 -36.718929
v -37.193993 -20.908272 2.476947
v -37.193920 -20.908272 -2.478809
v -2.492257 -20.908276 -36.713989
v -2.492140 -16.706617 -37.052967
v -2.492257 -16.706617 -36.713989
v -37.052536 -16.706617 7.371602
v -37.052536 -16.706617 -7.368871
v -7.370094 -16.706617 -37.054245
v -37.052536 -12.504962 7.371602
v -37.052536 -12.504962 -7.368871
v -7.370094 -12.504962 -37.054245
v -37.532246 -16.706617 2.499094
v -37.532246 -12.504962 2.499094
v -37.532173 -16.706617 -2.500977
v -37.532173 -12.504962 -2.500977
v -2.492140 -12.504962 -37.052967
v -31.129757 -16.706617 -20.801899
v -34.589531 -16.706617 -14.329100
v -20.800194 -16.706617 -31.131464
v -26.473661 -16.706617 -26.475368
v -36.715191 -16.706617 7.338389
v -36.720070 -16.706617 -7.302752
v -7.320400 -16.706617 -36.718929
v -14.327382 -16.706617 -34.591251
v -31.129757 -12.504962 -20.801899
v -20.800194 -12.504962 -31.131464
v -36.715191 -12.504962 7.338389
v -36.720070 -12.504962 -7.302752
v -14.327382 -12.504962 -34.591251
v -34.589531 -12.504962 -14.329100
v -26.473661 -12.504962 -26.475368
v -7.320400 -12.504962 -36.718929
v -37.193993 -16.706617 2.476947
v -37.193993 -12.504962 2.476947
v -37.193920 -16.706617 -2.478809
v -37.193920 -12.504962 -2.478809
v -2.492257 -12.504962 -36.713989
v -37.052536 -8.303308 7.371602
v -37.052536 -8.303308 -7.368871
v -7.370094 -8.303308 -37.054245
v -37.532246 -8.303308 2.499094
v -37.532173 -8.303308 -2.500977
v -2.492140 -8.303308 -37.052967
v -31.129757 -8.303308 -20.801899
v -20.800194 -8.303308 -31.131464
v -36.715191 -8.303308 7.338389
v -36.720070 -8.303308 -7.302752
v -14.327382 -8.303308 -34.591251
v -34.589531 -8.303308 -14.329100
v -26.473661 -8.303308 -26.475368
v -7.320400 -8.303308 -36.718929
v -37.193993 -8.303308 2.476947
v -37.193920 -8.303308 -2.478809
v -2.492257 -8.303308 -36.713989
v -37.052536 -4.101653 7.371602
v -37.052536 -4.101653 -7.368871
v -7.370094 -4.101653 -37.054245
v -37.532246 -4.101653 2.499094
v -37.532173 -4.101653 -2.500977
v -2.492140 -4.101653 -37.052967
v -31.129757 -4.101653 -20.801899
v -20.800194 -4.101653 -31.131464
v -36.715191 -4.101653 7.338389
v -36.720070 -4.101653 -7.302752
v -14.327382 -4.101653 -34.591251
v -34.589531 -4.101653 -14.329100
v -26.473661 -4.101653 -26.475368
v -7.320400 -4.101653 -36.718929
v -37.193993 -4.101653 2.476947
v -37.193920 -4.101653 -2.478809
v -2.492257 -4.101653 -36.713989
v -37.052536 0.100005 7.371602
v -37.052536 0.100005 -7.368871
v -7.370094 0.100005 -37.054245
v -37.532246 0.100005 2.499094
v -37.532173 0.100005 -2.500977
v -2.492140 0.100005 -37.052967
v -31.129757 0.100005 -20.801899
v -20.800194 0.100005 -31.131464
v -36.715191 0.100005 7.338389
v -36.720070 0.100005 -7.302752
v -14.327382 0.100005 -34.591251
v -34.589531 0.100005 -14.329100
v -26.473661 0.100005 -26.475368
v -7.320400 0.100005 -36.718929
v -37.193993 0.100005 2.476947
v -37.193920 0.100005 -2.478809
v -2.492257 0.100005 -36.713989
v -37.052536 4.301660 7.371602
v -37.052536 4.301660 -7.368871
v -7.370094 4.301660 -37.054245
v -37.532246 4.301660 2.499094
v -37.532173 4.301660 -2.500977
v -2.492140 4.301660 -37.052967
v -31.129757 4.301660 -20.801899
v -20.800194 4.301660 -31.131464
v -36.715191 4.301660 7.338389
v -36.720070 4.301660 -7.302752
v -14.327382 4.301660 -34.591251
v -34.589531 4.301660 -14.329100
v -26.473661 4.301660 -26.475368
v -7.320400 4.301660 -36.718929
v -37.193993 4.301660 2.476947
v -37.193920 4.301660 -2.478809
v -2.492257 4.301660 -36.713989
v -37.052536 8.503315 7.371602
v -37.052536 8.503315 -7.368871
v -7.370094 8.503315 -37.054245
v -37.532246 8.503315 2.499094
v -37.532173 8.503315 -2.500977
v -2.492140 8.503315 -37.052967
v -31.129757 8.503315 -20.801899
v -20.800194 8.503315 -31.131464
v -36.715191 8.503315 7.338389
v -36.720070 8.503315 -7.302752
v -14.327382 8.503315 -34.591251
v -34.589531 8.503315 -14.329100
v -26.473661 8.503315 -26.475368
v -7.320400 8.503315 -36.718929
v -37.193993 8.503315 2.476947
v -37.193920 8.503315 -2.478809
v -2.492257 8.503315 -36.713989
v -37.052536 12.704970 7.371602
v -37.052536 12.704970 -7.368871
v -7.370094 12.704970 -37.054245
v -37.532246 12.704970 2.499094
v -37.532173 12.704970 -2.500977
v -2.492140 12.704970 -37.052967
v -31.129757 12.704970 -20.801899
v -20.800194 12.704970 -31.131464
v -36.715191 12.704970 7.338389
v -36.720070 12.704970 -7.302752
v -14.327382 12.704970 -34.591251
v -34.589531 12.704970 -14.329100
v -26.473661 12.704970 -26.475368
v -7.320400 12.704970 -36.718929
v -37.193993 12.704970 2.476947
v -37.193920 12.704970 -2.478809
v -2.492257 12.704970 -36.713989
v -37.052536 16.906626 7.371602
v -37.052536 16.906626 -7.368871
v -7.370094 16.906626 -37.054245
v -37.532246 16.906626 2.499094
v -37.532173 16.906626 -2.500977
v -2.492140 16.906626 -37.052967
v -31.129757 16.906626 -20.801899
v -20.800194 16.906626 -31.131464
v -36.715191 16.906626 7.338389
v -36.720070 16.906626 -7.302752
v -14.327382 16.906626 -34.591251
v -34.589531 16.906626 -14.329100
v -26.473661 16.906626 -26.475368
v -7.320400 16.906626 -36.718929
v -37.193993 16.906626 2.476947
v -37.193920 16.906626 -2.478809
v -2.492257 16.906626 -36.713989
v -37.052536 21.108286 7.371602
v -37.532246 21.108286 2.499094
v -2.492140 21.108286 -37.052967
v -20.800194 21.108286 -31.131464
v -36.715191 21.108286 7.338389
v -36.720070 21.108286 -7.302752
v -14.327382 21.108286 -34.591251
v -7.320400 21.108286 -36.718929
v -37.052536 21.108292 -7.368871
v -7.370094 21.108292 -37.054245
v -37.052536 25.309944 7.371602
v -37.052536 25.309944 -7.368871
v -7.370094 25.309944 -37.054245
v -37.532246 25.309944 2.499094
v -37.532173 21.108292 -2.500977
v -37.532173 25.309944 -2.500977
v -2.492140 25.309944 -37.052967
v -31.129757 21.108292 -20.801899
v -34.589531 21.108292 -14.329100
v -26.473661 21.108292 -26.475368
v -31.129757 25.309944 -20.801899
v -20.800194 25.309944 -31.131464
v -36.715191 25.309944 7.338389
v -36.720070 25.309944 -7.302752
v -14.327382 25.309944 -34.591251
v -34.589531 25.309944 -14.329100
v -26.473661 25.309944 -26.475368
v -7.320400 25.309944 -36.718929
v -37.193993 21.108292 2.476947
v -37.193993 25.309944 2.476947
v -37.193920 21.108292 -2.478809
v -37.193920 25.309944 -2.478809
v -2.492257 21.108292 -36.713989
v -2.492257 25.309944 -36.713989
v -37.052536 29.511597 7.371602
v -37.532246 29.511597 2.499094
v -37.532173 29.511597 -2.500977
v -2.492140 29.511597 -37.052967
v -20.800194 29.511597 -31.131464
v -36.715191 29.511597 7.338389
v -36.720070 29.511597 -7.302752
v -14.327382 29.511597 -34.591251
v -34.589531 29.511597 -14.329100
v -26.473661 29.511597 -26.475368
v -7.320400 29.511597 -36.718929
v -37.193993 29.511597 2.476947
v -37.052536 29.511602 -7.368871
v -7.370094 29.511602 -37.054245
v -31.411604 33.713253 -20.990225
v -20.988518 33.713253 -31.413313
v -37.052536 33.713253 7.371602
v -37.052536 33.713253 -7.368871
v -14.457103 33.713253 -34.904427
v -34.902714 33.713253 -14.458803
v -26.713354 33.713253 -26.715061
v -7.370094 33.713253 -37.054245
v -37.532246 33.713253 2.499094
v -37.532173 33.713253 -2.500977
v -2.492140 33.713253 -37.052967
v -31.129757 29.511602 -20.801899
v -31.129757 33.713253 -20.801899
v -20.800194 33.713253 -31.131464
v -36.715191 33.713253 7.338389
v -36.720070 33.713253 -7.302752
v -14.327382 33.713253 -34.591251
v -34.589531 33.713253 -14.329100
v -26.473661 33.713253 -26.475368
v -7.320400 33.713253 -36.718929
v -37.193993 33.713253 2.476947
v -37.193920 29.511602 -2.478809
v -37.193920 33.713253 -2.478809
v -2.492257 29.511602 -36.713989
v -2.492257 33.713253 -36.713989
v -27.736496 -28.704720 -24.936600
v -27.736496 -25.716797 -24.936600
v -29.866920 -25.716795 -22.340670
v -29.866920 -28.704718 -22.340670
v -35.167160 -28.704720 -12.424130
v -35.167160 -25.716797 -12.424130
v -36.142445 -25.716795 -9.207723
v -36.142445 -28.704718 -9.207723
v -9.225142 -28.704720 -36.140553
v -9.225142 -25.716797 -36.140553
v -12.422641 -25.716795 -35.169628
v -12.422639 -28.704714 -35.169628
v -16.082952 -28.704720 -33.652882
v -16.082952 -25.716797 -33.652882
v -19.044622 -25.716795 -32.069832
v -19.044622 -28.704718 -32.069832
v -22.338963 -28.704718 -29.868628
v -22.338963 -25.716795 -29.868628
v -24.934893 -25.716797 -27.738205
v -24.934893 -28.704720 -27.738205
v -32.068127 -28.704720 -19.046329
v -32.068127 -25.716795 -19.046329
v -33.651161 -25.716795 -16.084669
v -33.651161 -28.704720 -16.084669
v -27.736496 -24.503065 -24.936600
v -27.736496 -21.515139 -24.936600
v -29.866920 -21.515135 -22.340670
v -29.866920 -24.503063 -22.340670
v -35.167160 -24.503065 -12.424130
v -35.167160 -21.515139 -12.424130
v -36.142445 -21.515135 -9.207723
v -36.142445 -24.503065 -9.207723
v -9.225142 -24.503065 -36.140553
v -9.225142 -21.515139 -36.140553
v -12.422641 -21.515135 -35.169628
v -12.422639 -24.503063 -35.169628
v -16.082952 -24.503065 -33.652882
v -16.082952 -21.515139 -33.652882
v -19.044622 -21.515135 -32.069832
v -19.044622 -24.503065 -32.069832
v -22.338963 -24.503065 -29.868628
v -22.338961 -21.515129 -29.868628
v -24.934893 -21.515139 -27.738205
v -24.934893 -24.503065 -27.738205
v -32.068127 -24.503065 -19.046329
v -32.068127 -21.515139 -19.046329
v -33.651161 -21.515135 -16.084669
v -33.651161 -24.503065 -16.084669
v -27.736496 -20.301407 -24.936600
v -27.736496 -17.313482 -24.936600
v -29.866920 -17.313482 -22.340670
v -29.866920 -20.301407 -22.340670
v -35.167160 -20.301407 -12.424130
v -35.167160 -17.313482 -12.424130
v -36.142445 -17.313482 -9.207723
v -36.142445 -20.301407 -9.207723
v -9.225142 -20.301407 -36.140553
v -9.225142 -17.313482 -36.140553
v -12.422641 -17.313482 -35.169628
v -12.422639 -20.301407 -35.169628
v -16.082952 -20.301407 -33.652882
v -16.082952 -17.313482 -33.652882
v -19.044622 -17.313482 -32.069832
v -19.044622 -20.301407 -32.069832
v -22.338963 -20.301407 -29.868628
v -22.338963 -17.313482 -29.868628
v -24.934893 -17.313482 -27.738205
v -24.934893 -20.301407 -27.738205
v -32.068127 -20.301407 -19.046329
v -32.068127 -17.313482 -19.046329
v -33.651161 -17.313482 -16.084669
v -33.651161 -20.301407 -16.084669
v -27.736496 -16.099735 -24.936600
v -27.736496 -13.111848 -24.936600
v -29.866920 -13.111829 -22.340670
v -29.866920 -16.099735 -22.340670
v -35.167160 -16.099751 -12.424130
v -35.167160 -13.111841 -12.424130
v -36.142445 -13.111841 -9.207723
v -36.142445 -16.099751 -9.207723
v -9.225142 -16.099751 -36.140553
v -9.225142 -13.111841 -36.140553
v -12.422641 -13.111841 -35.169628
v -12.422641 -16.099751 -35.169628
v -16.082952 -16.099751 -33.652882
v -16.082952 -13.111841 -33.652882
v -19.044622 -13.111841 -32.069832
v -19.044622 -16.099751 -32.069832
v -22.338963 -16.099751 -29.868628
v -22.338963 -13.111841 -29.868628
v -24.934893 -13.111841 -27.738205
v -24.934893 -16.099751 -27.738205
v -32.068127 -16.099735 -19.046329
v -32.068127 -13.111848 -19.046329
v -33.651161 -13.111829 -16.084669
v -33.651161 -16.099735 -16.084669
v -27.736496 -11.898098 -24.936600
v -27.736496 -8.910172 -24.936600
v -29.866920 -8.910172 -22.340670
v -29.866920 -11.898098 -22.340670
v -35.167160 -11.898098 -12.424130
v -35.167160 -8.910172 -12.424130
v -36.142445 -8.910172 -9.207723
v -36.142445 -11.898098 -9.207723
v -9.225142 -11.898098 -36.140553
v -9.225142 -8.910172 -36.140553
v -12.422641 -8.910172 -35.169628
v -12.422641 -11.898098 -35.169628
v -16.082952 -11.898098 -33.652882
v -16.082952 -8.910172 -33.652882
v -19.044624 -8.910172 -32.069832
v -19.044622 -11.898098 -32.069832
v -22.338963 -11.898098 -29.868628
v -22.338963 -8.910172 -29.868628
v -24.934893 -8.910172 -27.738205
v -24.934893 -11.898098 -27.738205
v -32.068127 -11.898087 -19.046329
v -32.068127 -8.910180 -19.046329
v -33.651161 -8.910160 -16.084669
v -33.651161 -11.898068 -16.084669
v -27.736496 -7.696443 -24.936600
v -27.736496 -4.708518 -24.936600
v -29.866920 -4.708518 -22.340670
v -29.866920 -7.696443 -22.340670
v -35.167160 -7.696443 -12.424130
v -35.167160 -4.708518 -12.424130
v -36.142445 -4.708518 -9.207723
v -36.142445 -7.696443 -9.207723
v -9.225142 -7.696443 -36.140553
v -9.225142 -4.708518 -36.140553
v -12.422641 -4.708518 -35.169628
v -12.422641 -7.696443 -35.169628
v -16.082952 -7.696443 -33.652882
v -16.082952 -4.708518 -33.652882
v -19.044624 -4.708518 -32.069832
v -19.044622 -7.696443 -32.069832
v -22.338963 -7.696443 -29.868628
v -22.338963 -4.708518 -29.868628
v -24.934893 -4.708518 -27.738205
v -24.934893 -7.696443 -27.738205
v -32.068127 -7.696443 -19.046329
v -32.068127 -4.708536 -19.046329
v -33.651161 -4.708518 -16.084669
v -33.651161 -7.696424 -16.084669
v -27.736496 -3.494788 -24.936600
v -27.736496 -0.506860 -24.936600
v -29.866920 -0.506860 -22.340670
v -29.866920 -3.494788 -22.340670
v -35.167160 -3.494788 -12.424130
v -35.167160 -0.506860 -12.424130
v -36.142445 -0.506860 -9.207723
v -36.142445 -3.494788 -9.207723
v -9.225142 -3.494788 -36.140553
v -9.225142 -0.506860 -36.140553
v -12.422641 -0.506860 -35.169628
v -12.422641 -3.494788 -35.169628
v -16.082952 -3.494788 -33.652882
v -16.082952 -0.506860 -33.652882
v -19.044624 -0.506860 -32.069832
v -19.044622 -3.494788 -32.069832
v -22.338963 -3.494788 -29.868628
v -22.338961 -0.506860 -29.868628
v -24.934893 -0.506860 -27.738205
v -24.934893 -3.494788 -27.738205
v -32.068127 -3.494788 -19.046329
v -32.068127 -0.506860 -19.046329
v -33.651161 -0.506860 -16.084669
v -33.651161 -3.494788 -16.084669
v -27.736496 0.706901 -24.936600
v -27.736496 3.694790 -24.936600
v -29.866920 3.694790 -22.340670
v -29.866920 0.706901 -22.340670
v -35.167160 0.706901 -12.424130
v -35.167160 3.694790 -12.424130
v -36.142445 3.694790 -9.207723
v -36.142445 0.706901 -9.207723
v -9.225142 0.706901 -36.140553
v -9.225142 3.694790 -36.140553
v -12.422641 3.694790 -35.169628
v -12.422641 0.706901 -35.169628
v -16.082952 0.706901 -33.652882
v -16.082952 3.694790 -33.652882
v -19.044624 3.694790 -32.069832
v -19.044622 0.706901 -32.069832
v -22.338963 0.706901 -29.868628
v -22.338963 3.694790 -29.868628
v -24.934893 3.694790 -27.738205
v -24.934893 0.706901 -27.738205
v -32.068127 0.706901 -19.046329
v -32.068127 3.694790 -19.046329
v -33.651161 3.694790 -16.084669
v -33.651161 0.706901 -16.084669
v -27.736496 4.908530 -24.936600
v -27.736496 7.896419 -24.936600
v -29.866920 7.896419 -22.340670
v -29.866920 4.908530 -22.340670
v -35.167160 4.908530 -12.424130
v -35.167160 7.896419 -12.424130
v -36.142445 7.896419 -9.207723
v -36.142445 4.908530 -9.207723
v -9.225142 4.908530 -36.140553
v -9.225142 7.896419 -36.140553
v -12.422641 7.896419 -35.169628
v -12.422641 4.908530 -35.169628
v -16.082952 4.908530 -33.652882
v -16.082952 7.896419 -33.652882
v -19.044624 7.896419 -32.069832
v -19.044622 4.908530 -32.069832
v -22.338963 4.908530 -29.868628
v -22.338963 7.896419 -29.868628
v -24.934893 7.896419 -27.738205
v -24.934893 4.908530 -27.738205
v -32.068127 4.908530 -19.046329
v -32.068127 7.896419 -19.046329
v -33.651161 7.896419 -16.084669
v -33.651161 4.908530 -16.084669
v -27.736496 9.110209 -24.936600
v -27.736496 12.098098 -24.936600
v -29.866920 12.098098 -22.340670
v -29.866920 9.110209 -22.340670
v -35.167160 9.110209 -12.424130
v -35.167160 12.098098 -12.424130
v -36.142445 12.098098 -9.207723
v -36.142445 9.110209 -9.207723
v -9.225142 9.110209 -36.140553
v -9.225142 12.098098 -36.140553
v -12.422641 12.098098 -35.169628
v -12.422641 9.110209 -35.169628
v -16.082952 9.110209 -33.652882
v -16.082952 12.098098 -33.652882
v -19.044624 12.098098 -32.069832
v -19.044622 9.110209 -32.069832
v -22.338963 9.110209 -29.868628
v -22.338963 12.098098 -29.868628
v -24.934893 12.098098 -27.738205
v -24.934893 9.110209 -27.738205
v -32.068127 9.110209 -19.046329
v -32.068127 12.098098 -19.046329
v -33.651161 12.098098 -16.084669
v -33.651161 9.110209 -16.084669
v -27.736496 13.311841 -24.936600
v -27.736496 16.299730 -24.936600
v -29.866920 16.299730 -22.340670
v -29.866920 13.311841 -22.340670
v -35.167160 13.311841 -12.424130
v -35.167160 16.299730 -12.424130
v -36.142445 16.299730 -9.207723
v -36.142445 13.311841 -9.207723
v -9.225142 13.311841 -36.140553
v -9.225142 16.299730 -36.140553
v -12.422641 16.299730 -35.169628
v -12.422641 13.311841 -35.169628
v -16.082952 13.311841 -33.652882
v -16.082952 16.299730 -33.652882
v -19.044624 16.299730 -32.069832
v -19.044622 13.311841 -32.069832
v -22.338963 13.311841 -29.868628
v -22.338963 16.299730 -29.868628
v -24.934893 16.299730 -27.738205
v -24.934893 13.311841 -27.738205
v -32.068127 13.311841 -19.046329
v -32.068127 16.299730 -19.046329
v -33.651161 16.299730 -16.084669
v -33.651161 13.311841 -16.084669
v -27.736496 17.513447 -24.936600
v -27.736496 20.501495 -24.936600
v -29.866920 20.501495 -22.340670
v -29.866920 17.513447 -22.340670
v -35.167160 17.513451 -12.424130
v -35.167160 20.501495 -12.424130
v -36.142445 20.501455 -9.207723
v -36.142445 17.513451 -9.207723
v -9.225142 17.513458 -36.140553
v -9.225142 20.501427 -36.140553
v -12.422641 20.501427 -35.169628
v -12.422641 17.513458 -35.169628
v -16.082952 17.513458 -33.652878
v -16.082952 20.501427 -33.652882
v -19.044622 20.501427 -32.069836
v -19.044622 17.513458 -32.069832
v -22.338963 17.513451 -29.868628
v -22.338963 20.501455 -29.868628
v -24.934893 20.501495 -27.738205
v -24.934893 17.513451 -27.738205
v -32.068127 17.513447 -19.046329
v -32.068127 20.501495 -19.046329
v -33.651161 20.501495 -16.084669
v -33.651161 17.513447 -16.084669
v -27.736496 21.715168 -24.936600
v -27.736496 24.703016 -24.936600
v -29.866920 24.703016 -22.340670
v -29.866920 21.715168 -22.340670
v -35.167160 21.715174 -12.424130
v -35.167160 24.703022 -12.424130
v -36.142445 24.703022 -9.207723
v -36.142445 21.715099 -9.207723
v -9.225142 21.715151 -36.140553
v -9.225142 24.703079 -36.140553
v -12.422641 24.703079 -35.169628
v -12.422641 21.715151 -35.169628
v -16.082952 21.715151 -33.652882
v -16.082952 24.703079 -33.652882
v -19.044624 24.703079 -32.069832
v -19.044622 21.715151 -32.069832
v -22.338963 21.715145 -29.868628
v -22.338963 24.703068 -29.868628
v -24.934893 24.703068 -27.738205
v -24.934893 21.715219 -27.738205
v -32.068127 21.715168 -19.046329
v -32.068127 24.703016 -19.046329
v -33.651161 24.703016 -16.084669
v -33.651161 21.715168 -16.084669
v -27.736496 25.916866 -24.936600
v -27.736496 28.904715 -24.936600
v -29.866920 28.904789 -22.340670
v -29.866920 25.916866 -22.340670
v -35.167160 25.916872 -12.424130
v -35.167160 28.904720 -12.424130
v -36.142445 28.904720 -9.207723
v -36.142445 25.916872 -9.207723
v -9.225142 25.916872 -36.140553
v -9.225142 28.904720 -36.140553
v -12.422641 28.904720 -35.169628
v -12.422641 25.916872 -35.169628
v -16.082952 25.916872 -33.652882
v -16.082952 28.904720 -33.652882
v -19.044622 28.904720 -32.069832
v -19.044622 25.916872 -32.069832
v -22.338963 25.916872 -29.868628
v -22.338961 28.904720 -29.868628
v -24.934893 28.904720 -27.738205
v -24.934893 25.916872 -27.738205
v -32.068127 25.916821 -19.046329
v -32.068127 28.904743 -19.046329
v -33.651161 28.904669 -16.084669
v -33.651161 25.916821 -16.084669
v -27.736496 30.118456 -24.936600
v -27.736496 33.106377 -24.936600
v -29.866920 33.106377 -22.340670
v -29.866920 30.118530 -22.340670
v -35.167160 30.118462 -12.424130
v -35.167160 33.106388 -12.424130
v -36.142445 33.106388 -9.207723
v -36.142445 30.118462 -9.207723
v -9.225142 30.118462 -36.140553
v -9.225142 33.106388 -36.140553
v -12.422641 33.106388 -35.169628
v -12.422641 30.118462 -35.169628
v -16.082952 30.118462 -33.652882
v -16.082952 33.106388 -33.652882
v -19.044624 33.106388 -32.069832
v -19.044622 30.118462 -32.069832
v -22.338963 30.118462 -29.868628
v -22.338961 33.106388 -29.868628
v -24.934893 33.106388 -27.738205
v -24.934893 30.118462 -27.738205
v -32.068127 30.118530 -19.046329
v -32.068127 33.106377 -19.046329
v -33.651161 33.106377 -16.084669
v -33.651161 30.118456 -16.084669
v -29.686357 -25.716797 -26.536808
v -29.686357 -28.704720 -26.536808
v -31.816782 -28.704718 -23.940876
v -31.816782 -25.716795 -23.940876
v -37.581051 -25.716797 -13.156075
v -37.581051 -28.704720 -13.156075
v -38.556335 -28.704718 -9.939668
v -38.556335 -25.716795 -9.939668
v -9.958036 -25.716797 -38.554153
v -9.958036 -28.704718 -38.554157
v -13.155532 -28.704712 -37.583233
v -13.155534 -25.716791 -37.583229
v -17.272017 -28.704720 -35.877460
v -17.272017 -25.716797 -35.877460
v -20.233686 -28.704718 -34.294415
v -20.233686 -25.716795 -34.294415
v -23.939173 -28.704718 -31.818489
v -23.939173 -25.716795 -31.818489
v -26.535101 -28.704720 -29.688063
v -26.535101 -25.716797 -29.688063
v -34.292706 -28.704720 -20.235390
v -34.292706 -25.716795 -20.235390
v -35.875740 -28.704720 -17.273731
v -35.875740 -25.716795 -17.273731
v -29.686357 -21.515139 -26.536808
v -29.686357 -24.503065 -26.536808
v -31.816782 -24.503063 -23.940876
v -31.816782 -21.515135 -23.940876
v -37.581051 -21.515139 -13.156075
v -37.581051 -24.503065 -13.156075
v -38.556335 -24.503065 -9.939668
v -38.556335 -21.515135 -9.939668
v -9.958036 -21.515137 -38.554153
v -9.958036 -24.503063 -38.554157
v -13.155532 -24.503059 -37.583233
v -13.155534 -21.515131 -37.583229
v -17.272017 -24.503065 -35.877460
v -17.272017 -21.515139 -35.877460
v -20.233686 -24.503065 -34.294415
v -20.233686 -21.515135 -34.294415
v -23.939173 -24.503065 -31.818489
v -23.939169 -21.515129 -31.818489
v -26.535101 -24.503065 -29.688065
v -26.535101 -21.515137 -29.688065
v -34.292706 -24.503065 -20.235390
v -34.292706 -21.515139 -20.235390
v -35.875740 -24.503065 -17.273731
v -35.875740 -21.515135 -17.273731
v -29.686357 -17.313482 -26.536808
v -29.686357 -20.301407 -26.536808
v -31.816782 -20.301407 -23.940876
v -31.816782 -17.313482 -23.940876
v -37.581051 -17.313482 -13.156075
v -37.581051 -20.301407 -13.156075
v -38.556335 -20.301407 -9.939668
v -38.556335 -17.313482 -9.939668
v -9.958036 -17.313478 -38.554153
v -9.958036 -20.301407 -38.554157
v -13.155532 -20.301407 -37.583233
v -13.155534 -17.313478 -37.583229
v -17.272017 -20.301407 -35.877457
v -17.272017 -17.313482 -35.877457
v -20.233686 -20.301407 -34.294411
v -20.233686 -17.313482 -34.294411
v -23.939173 -20.301407 -31.818489
v -23.939173 -17.313482 -31.818489
v -26.535101 -20.301407 -29.688063
v -26.535101 -17.313482 -29.688063
v -34.292706 -20.301407 -20.235390
v -34.292706 -17.313482 -20.235390
v -35.875740 -20.301407 -17.273731
v -35.875740 -17.313482 -17.273731
v -29.686357 -13.111848 -26.536808
v -29.686357 -16.099735 -26.536808
v -31.816782 -16.099735 -23.940876
v -31.816782 -13.111829 -23.940876
v -37.581051 -13.111841 -13.156075
v -37.581051 -16.099751 -13.156075
v -38.556335 -16.099751 -9.939668
v -38.556335 -13.111841 -9.939668
v -9.958037 -13.111841 -38.554157
v -9.958037 -16.099751 -38.554157
v -13.155537 -16.099751 -37.583229
v -13.155537 -13.111841 -37.583229
v -17.272017 -16.099751 -35.877460
v -17.272017 -13.111841 -35.877460
v -20.233686 -16.099751 -34.294415
v -20.233686 -13.111841 -34.294415
v -23.939173 -16.099751 -31.818489
v -23.939173 -13.111841 -31.818489
v -26.535101 -16.099751 -29.688065
v -26.535101 -13.111841 -29.688065
v -34.292706 -16.099735 -20.235390
v -34.292706 -13.111848 -20.235390
v -35.875740 -16.099735 -17.273731
v -35.875740 -13.111829 -17.273731
v -29.686357 -8.910172 -26.536808
v -29.686357 -11.898098 -26.536808
v -31.816782 -11.898098 -23.940876
v -31.816782 -8.910172 -23.940876
v -37.581051 -8.910172 -13.156075
v -37.581051 -11.898098 -13.156075
v -38.556335 -11.898098 -9.939668
v -38.556335 -8.910172 -9.939668
v -9.958036 -8.910170 -38.554153
v -9.958036 -11.898095 -38.554157
v -13.155534 -11.898095 -37.583233
v -13.155534 -8.910170 -37.583229
v -17.272017 -11.898098 -35.877460
v -17.272017 -8.910172 -35.877460
v -20.233686 -11.898098 -34.294415
v -20.233688 -8.910172 -34.294415
v -23.939173 -11.898098 -31.818489
v -23.939173 -8.910172 -31.818489
v -26.535101 -11.898098 -29.688063
v -26.535101 -8.910172 -29.688063
v -34.292706 -11.898087 -20.235390
v -34.292706 -8.910180 -20.235390
v -35.875740 -11.898068 -17.273731
v -35.875740 -8.910160 -17.273731
v -29.686357 -4.708518 -26.536808
v -29.686357 -7.696443 -26.536808
v -31.816782 -7.696443 -23.940876
v -31.816782 -4.708518 -23.940876
v -37.581051 -4.708518 -13.156075
v -37.581051 -7.696443 -13.156075
v -38.556335 -7.696443 -9.939668
v -38.556335 -4.708518 -9.939668
v -9.958036 -4.708515 -38.554153
v -9.958036 -7.696440 -38.554157
v -13.155534 -7.696440 -37.583233
v -13.155534 -4.708515 -37.583229
v -17.272017 -7.696443 -35.877460
v -17.272017 -4.708518 -35.877460
v -20.233686 -7.696443 -34.294415
v -20.233688 -4.708518 -34.294415
v -23.939173 -7.696443 -31.818489
v -23.939173 -4.708518 -31.818489
v -26.535101 -7.696443 -29.688063
v -26.535101 -4.708518 -29.688063
v -34.292706 -7.696443 -20.235390
v -34.292706 -4.708536 -20.235390
v -35.875740 -7.696424 -17.273731
v -35.875740 -4.708518 -17.273731
v -29.686357 -0.506860 -26.536808
v -29.686357 -3.494788 -26.536808
v -31.816782 -3.494788 -23.940876
v -31.816782 -0.506860 -23.940876
v -37.581051 -0.506860 -13.156075
v -37.581051 -3.494788 -13.156075
v -38.556335 -3.494788 -9.939668
v -38.556335 -0.506860 -9.939668
v -9.958037 -0.506860 -38.554157
v -9.958037 -3.494788 -38.554157
v -13.155537 -3.494788 -37.583229
v -13.155537 -0.506860 -37.583229
v -17.272017 -3.494788 -35.877460
v -17.272017 -0.506860 -35.877460
v -20.233686 -3.494788 -34.294415
v -20.233688 -0.506860 -34.294415
v -23.939173 -3.494788 -31.818489
v -23.939169 -0.506860 -31.818489
v -26.535101 -3.494788 -29.688065
v -26.535101 -0.506860 -29.688065
v -34.292706 -3.494788 -20.235390
v -34.292706 -0.506860 -20.235390
v -35.875740 -3.494788 -17.273731
v -35.875740 -0.506860 -17.273731
v -29.686357 3.694790 -26.536808
v -29.686357 0.706901 -26.536808
v -31.816782 0.706901 -23.940876
v -31.816782 3.694790 -23.940876
v -37.581051 3.694790 -13.156075
v -37.581051 0.706901 -13.156075
v -38.556335 0.706901 -9.939668
v -38.556335 3.694790 -9.939668
v -9.958036 3.694793 -38.554153
v -9.958036 0.706904 -38.554157
v -13.155534 0.706904 -37.583233
v -13.155534 3.694793 -37.583229
v -17.272017 0.706901 -35.877460
v -17.272017 3.694790 -35.877460
v -20.233686 0.706901 -34.294415
v -20.233688 3.694790 -34.294415
v -23.939173 0.706901 -31.818489
v -23.939173 3.694790 -31.818489
v -26.535101 0.706901 -29.688063
v -26.535101 3.694790 -29.688063
v -34.292706 0.706901 -20.235390
v -34.292706 3.694790 -20.235390
v -35.875740 0.706901 -17.273731
v -35.875740 3.694790 -17.273731
v -29.686357 7.896419 -26.536808
v -29.686357 4.908530 -26.536808
v -31.816782 4.908530 -23.940876
v -31.816782 7.896419 -23.940876
v -37.581051 7.896419 -13.156075
v -37.581051 4.908530 -13.156075
v -38.556335 4.908530 -9.939668
v -38.556335 7.896419 -9.939668
v -9.958036 7.896422 -38.554153
v -9.958036 4.908533 -38.554157
v -13.155534 4.908533 -37.583233
v -13.155534 7.896422 -37.583229
v -17.272017 4.908530 -35.877460
v -17.272017 7.896419 -35.877460
v -20.233686 4.908530 -34.294415
v -20.233688 7.896419 -34.294415
v -23.939173 4.908530 -31.818489
v -23.939173 7.896419 -31.818489
v -26.535101 4.908530 -29.688063
v -26.535101 7.896419 -29.688063
v -34.292706 4.908530 -20.235390
v -34.292706 7.896419 -20.235390
v -35.875740 4.908530 -17.273731
v -35.875740 7.896419 -17.273731
v -29.686357 12.098098 -26.536808
v -29.686357 9.110209 -26.536808
v -31.816782 9.110209 -23.940876
v -31.816782 12.098098 -23.940876
v -37.581051 12.098098 -13.156075
v -37.581051 9.110209 -13.156075
v -38.556335 9.110209 -9.939668
v -38.556335 12.098098 -9.939668
v -9.958036 12.098101 -38.554153
v -9.958036 9.110211 -38.554157
v -13.155534 9.110211 -37.583233
v -13.155534 12.098101 -37.583229
v -17.272017 9.110209 -35.877460
v -17.272017 12.098098 -35.877460
v -20.233686 9.110209 -34.294415
v -20.233688 12.098098 -34.294415
v -23.939173 9.110209 -31.818489
v -23.939173 12.098098 -31.818489
v -26.535101 9.110209 -29.688063
v -26.535101 12.098098 -29.688063
v -34.292706 9.110209 -20.235390
v -34.292706 12.098098 -20.235390
v -35.875740 9.110209 -17.273731
v -35.875740 12.098098 -17.273731
v -29.686357 16.299730 -26.536808
v -29.686357 13.311841 -26.536808
v -31.816782 13.311841 -23.940876
v -31.816782 16.299730 -23.940876
v -37.581051 16.299730 -13.156075
v -37.581051 13.311841 -13.156075
v -38.556335 13.311841 -9.939668
v -38.556335 16.299730 -9.939668
v -9.958036 16.299732 -38.554153
v -9.958036 13.311844 -38.554157
v -13.155534 13.311844 -37.583233
v -13.155534 16.299732 -37.583229
v -17.272017 13.311841 -35.877460
v -17.272017 16.299730 -35.877460
v -20.233686 13.311841 -34.294415
v -20.233688 16.299730 -34.294415
v -23.939173 13.311841 -31.818489
v -23.939173 16.299730 -31.818489
v -26.535101 13.311841 -29.688063
v -26.535101 16.299730 -29.688063
v -34.292706 13.311841 -20.235390
v -34.292706 16.299730 -20.235390
v -35.875740 13.311841 -17.273731
v -35.875740 16.299730 -17.273731
v -29.686357 20.501495 -26.536808
v -29.686357 17.513447 -26.536808
v -31.816782 17.513447 -23.940876
v -31.816782 20.501495 -23.940876
v -37.581051 20.501495 -13.156075
v -37.581051 17.513451 -13.156075
v -38.556335 17.513451 -9.939668
v -38.556335 20.501455 -9.939668
v -9.958037 20.501427 -38.554157
v -9.958037 17.513458 -38.554157
v -13.155537 17.513458 -37.583229
v -13.155537 20.501427 -37.583229
v -17.272015 17.513456 -35.877457
v -17.272015 20.501427 -35.877460
v -20.233685 17.513456 -34.294415
v -20.233685 20.501427 -34.294415
v -23.939173 17.513451 -31.818489
v -23.939173 20.501455 -31.818489
v -26.535101 17.513451 -29.688063
v -26.535101 20.501495 -29.688063
v -34.292706 17.513447 -20.235390
v -34.292706 20.501495 -20.235390
v -35.875740 17.513447 -17.273731
v -35.875740 20.501495 -17.273731
v -29.686357 24.703016 -26.536808
v -29.686357 21.715168 -26.536808
v -31.816782 21.715168 -23.940876
v -31.816782 24.703016 -23.940876
v -37.581051 24.703022 -13.156075
v -37.581051 21.715174 -13.156075
v -38.556335 21.715099 -9.939668
v -38.556335 24.703022 -9.939668
v -9.958037 24.703079 -38.554157
v -9.958037 21.715151 -38.554157
v -13.155537 21.715151 -37.583229
v -13.155537 24.703079 -37.583229
v -17.272017 21.715151 -35.877460
v -17.272017 24.703079 -35.877460
v -20.233686 21.715151 -34.294415
v -20.233688 24.703079 -34.294415
v -23.939173 21.715145 -31.818489
v -23.939173 24.703068 -31.818489
v -26.535101 21.715219 -29.688063
v -26.535101 24.703068 -29.688063
v -34.292706 21.715168 -20.235390
v -34.292706 24.703016 -20.235390
v -35.875740 21.715168 -17.273731
v -35.875740 24.703016 -17.273731
v -29.686357 28.904715 -26.536808
v -29.686357 25.916866 -26.536808
v -31.816782 25.916866 -23.940876
v -31.816782 28.904789 -23.940876
v -37.581051 28.904720 -13.156075
v -37.581051 25.916872 -13.156075
v -38.556335 25.916872 -9.939668
v -38.556335 28.904720 -9.939668
v -9.958037 28.904720 -38.554157
v -9.958037 25.916872 -38.554157
v -13.155537 25.916872 -37.583229
v -13.155537 28.904720 -37.583229
v -17.272017 25.916872 -35.877460
v -17.272017 28.904720 -35.877460
v -20.233686 25.916872 -34.294415
v -20.233686 28.904720 -34.294415
v -23.939173 25.916872 -31.818489
v -23.939169 28.904720 -31.818489
v -26.535101 25.916872 -29.688065
v -26.535101 28.904720 -29.688065
v -34.292706 25.916821 -20.235390
v -34.292706 28.904743 -20.235390
v -35.875740 25.916821 -17.273731
v -35.875740 28.904669 -17.273731
v -29.686357 33.106377 -26.536808
v -29.686357 30.118456 -26.536808
v -31.816782 30.118530 -23.940876
v -31.816782 33.106377 -23.940876
v -37.581051 33.106388 -13.156075
v -37.581051 30.118462 -13.156075
v -38.556335 30.118462 -9.939668
v -38.556335 33.106388 -9.939668
v -9.958037 33.106388 -38.554157
v -9.958037 30.118462 -38.554157
v -13.155537 30.118462 -37.583229
v -13.155537 33.106388 -37.583229
v -17.272017 30.118462 -35.877460
v -17.272017 33.106388 -35.877460
v -20.233686 30.118462 -34.294415
v -20.233688 33.106388 -34.294415
v -23.939173 30.118462 -31.818489
v -23.939169 33.106388 -31.818489
v -26.535101 30.118462 -29.688065
v -26.535101 33.106388 -29.688065
v -34.292706 30.118530 -20.235390
v -34.292706 33.106377 -20.235390
v -35.875740 30.118456 -17.273731
v -35.875740 33.106377 -17.273731
v 31.411901 -29.311584 -20.990225
v 34.903011 -29.311584 -14.458803
v 20.988815 -29.311584 -31.413313
v 26.713650 -29.311584 -26.715061
v 37.052834 -29.311584 7.371602
v 37.052834 -29.311584 -7.368871
v 7.370390 -29.311584 -37.054245
v 14.457399 -29.311584 -34.904427
v 37.052834 -25.109930 7.371602
v 37.052834 -25.109930 -7.368871
v 7.370390 -25.109930 -37.054245
v 37.532543 -29.311584 2.499094
v 37.532543 -25.109930 2.499094
v 37.532471 -29.311584 -2.500977
v 37.532471 -25.109930 -2.500977
v 2.492436 -29.311584 -37.052967
v 2.492436 -25.109930 -37.052967
v 31.130053 -29.311584 -20.801899
v 34.589828 -29.311584 -14.329100
v 20.800489 -29.311584 -31.131464
v 26.473957 -29.311584 -26.475368
v 36.715485 -29.311584 7.338389
v 36.720367 -29.311584 -7.302752
v 7.320696 -29.311584 -36.718929
v 14.327679 -29.311584 -34.591251
v 31.130053 -25.109930 -20.801899
v 20.800489 -25.109930 -31.131464
v 36.715485 -25.109930 7.338389
v 36.720367 -25.109930 -7.302752
v 14.327679 -25.109930 -34.591251
v 34.589828 -25.109930 -14.329100
v 26.473957 -25.109930 -26.475368
v 7.320696 -25.109930 -36.718929
v 37.194290 -29.311584 2.476947
v 37.194290 -25.109930 2.476947
v 37.194218 -29.311584 -2.478809
v 37.194218 -25.109930 -2.478809
v 2.492553 -29.311584 -36.713989
v 2.492553 -25.109930 -36.713989
v 37.052834 -20.908272 7.371602
v 37.052834 -20.908272 -7.368871
v 7.370390 -20.908272 -37.054245
v 37.532543 -20.908272 2.499094
v 37.532471 -20.908272 -2.500977
v 2.492436 -20.908276 -37.052967
v 31.130053 -20.908272 -20.801899
v 20.800489 -20.908272 -31.131464
v 36.715485 -20.908272 7.338389
v 36.720367 -20.908272 -7.302752
v 14.327679 -20.908272 -34.591251
v 34.589828 -20.908272 -14.329100
v 26.473957 -20.908272 -26.475368
v 7.320696 -20.908272 -36.718929
v 37.194290 -20.908272 2.476947
v 37.194218 -20.908272 -2.478809
v 2.492553 -20.908276 -36.713989
v 2.492436 -16.706617 -37.052967
v 2.492553 -16.706617 -36.713989
v 37.052834 -16.706617 7.371602
v 37.052834 -16.706617 -7.368871
v 7.370390 -16.706617 -37.054245
v 37.052834 -12.504962 7.371602
v 37.052834 -12.504962 -7.368871
v 7.370390 -12.504962 -37.054245
v 37.532543 -16.706617 2.499094
v 37.532543 -12.504962 2.499094
v 37.532471 -16.706617 -2.500977
v 37.532471 -12.504962 -2.500977
v 2.492436 -12.504962 -37.052967
v 31.130053 -16.706617 -20.801899
v 34.589828 -16.706617 -14.329100
v 20.800489 -16.706617 -31.131464
v 26.473957 -16.706617 -26.475368
v 36.715485 -16.706617 7.338389
v 36.720367 -16.706617 -7.302752
v 7.320696 -16.706617 -36.718929
v 14.327679 -16.706617 -34.591251
v 31.130053 -12.504962 -20.801899
v 20.800489 -12.504962 -31.131464
v 36.715485 -12.504962 7.338389
v 36.720367 -12.504962 -7.302752
v 14.327679 -12.504962 -34.591251
v 34.589828 -12.504962 -14.329100
v 26.473957 -12.504962 -26.475368
v 7.320696 -12.504962 -36.718929
v 37.194290 -16.706617 2.476947
v 37.194290 -12.504962 2.476947
v 37.194218 -16.706617 -2.478809
v 37.194218 -12.504962 -2.478809
v 2.492553 -12.504962 -36.713989
v 37.052834 -8.303308 7.371602
v 37.052834 -8.303308 -7.368871
v 7.370390 -8.303308 -37.054245
v 37.532543 -8.303308 2.499094
v 37.532471 -8.303308 -2.500977
v 2.492436 -8.303308 -37.052967
v 31.130053 -8.303308 -20.801899
v 20.800489 -8.303308 -31.131464
v 36.715485 -8.303308 7.338389
v 36.720367 -8.303308 -7.302752
v 14.327679 -8.303308 -34.591251
v 34.589828 -8.303308 -14.329100
v 26.473957 -8.303308 -26.475368
v 7.320696 -8.303308 -36.718929
v 37.194290 -8.303308 2.476947
v 37.194218 -8.303308 -2.478809
v 2.492553 -8.303308 -36.713989
v 37.052834 -4.101653 7.371602
v 37.052834 -4.101653 -7.368871
v 7.370390 -4.101653 -37.054245
v 37.532543 -4.101653 2.499094
v 37.532471 -4.101653 -2.500977
v 2.492436 -4.101653 -37.052967
v 31.130053 -4.101653 -20.801899
v 20.800489 -4.101653 -31.131464
v 36.715485 -4.101653 7.338389
v 36.720367 -4.101653 -7.302752
v 14.327679 -4.101653 -34.591251
v 34.589828 -4.101653 -14.329100
v 26.473957 -4.101653 -26.475368
v 7.320696 -4.101653 -36.718929
v 37.194290 -4.101653 2.476947
v 37.194218 -4.101653 -2.478809
v 2.492553 -4.101653 -36.713989
v 37.052834 0.100005 7.371602
v 37.052834 0.100005 -7.368871
v 7.370390 0.100005 -37.054245
v 37.532543 0.100005 2.499094
v 37.532471 0.100005 -2.500977
v 2.492436 0.100005 -37.052967
v 31.130053 0.100005 -20.801899
v 20.800489 0.100005 -31.131464
v 36.715485 0.100005 7.338389
v 36.720367 0.100005 -7.302752
v 14.327679 0.100005 -34.591251
v 34.589828 0.100005 -14.329100
v 26.473957 0.100005 -26.475368
v 7.320696 0.100005 -36.718929
v 37.194290 0.100005 2.476947
v 37.194218 0.100005 -2.478809
v 2.492553 0.100005 -36.713989
v 37.052834 4.301660 7.371602
v 37.052834 4.301660 -7.368871
v 7.370390 4.301660 -37.054245
v 37.532543 4.301660 2.499094
v 37.532471 4.301660 -2.500977
v 2.492436 4.301660 -37.052967
v 31.130053 4.301660 -20.801899
v 20.800489 4.301660 -31.131464
v 36.715485 4.301660 7.338389
v 36.720367 4.301660 -7.302752
v 14.327679 4.301660 -34.591251
v 34.589828 4.301660 -14.329100
v 26.473957 4.301660 -26.475368
v 7.320696 4.301660 -36.718929
v 37.194290 4.301660 2.476947
v 37.194218 4.301660 -2.478809
v 2.492553 4.301660 -36.713989
v 37.052834 8.503315 7.371602
v 37.052834 8.503315 -7.368871
v 7.370390 8.503315 -37.054245
v 37.532543 8.503315 2.499094
v 37.532471 8.503315 -2.500977
v 2.492436 8.503315 -37.052967
v 31.130053 8.503315 -20.801899
v 20.800489 8.503315 -31.131464
v 36.715485 8.503315 7.338389
v 36.720367 8.503315 -7.302752
v 14.327679 8.503315 -34.591251
v 34.589828 8.503315 -14.329100
v 26.473957 8.503315 -26.475368
v 7.320696 8.503315 -36.718929
v 37.194290 8.503315 2.476947
v 37.194218 8.503315 -2.478809
v 2.492553 8.503315 -36.713989
v 37.052834 12.704970 7.371602
v 37.052834 12.704970 -7.368871
v 7.370390 12.704970 -37.054245
v 37.532543 12.704970 2.499094
v 37.532471 12.704970 -2.500977
v 2.492436 12.704970 -37.052967
v 31.130053 12.704970 -20.801899
v 20.800489 12.704970 -31.131464
v 36.715485 12.704970 7.338389
v 36.720367 12.704970 -7.302752
v 14.327679 12.704970 -34.591251
v 34.589828 12.704970 -14.329100
v 26.473957 12.704970 -26.475368
v 7.320696 12.704970 -36.718929
v 37.194290 12.704970 2.476947
v 37.194218 12.704970 -2.478809
v 2.492553 12.704970 -36.713989
v 37.052834 16.906626 7.371602
v 37.052834 16.906626 -7.368871
v 7.370390 16.906626 -37.054245
v 37.532543 16.906626 2.499094
v 37.532471 16.906626 -2.500977
v 2.492436 16.906626 -37.052967
v 31.130053 16.906626 -20.801899
v 20.800489 16.906626 -31.131464
v 36.715485 16.906626 7.338389
v 36.720367 16.906626 -7.302752
v 14.327679 16.906626 -34.591251
v 34.589828 16.906626 -14.329100
v 26.473957 16.906626 -26.475368
v 7.320696 16.906626 -36.718929
v 37.194290 16.906626 2.476947
v 37.194218 16.906626 -2.478809
v 2.492553 16.906626 -36.713989
v 37.052834 21.108286 7.371602
v 37.532543 21.108286 2.499094
v 2.492436 21.108286 -37.052967
v 20.800489 21.108286 -31.131464
v 36.715485 21.108286 7.338389
v 36.720367 21.108286 -7.302752
v 14.327679 21.108286 -34.591251
v 7.320696 21.108286 -36.718929
v 37.052834 21.108292 -7.368871
v 7.370390 21.108292 -37.054245
v 37.052834 25.309944 7.371602
v 37.052834 25.309944 -7.368871
v 7.370390 25.309944 -37.054245
v 37.532543 25.309944 2.499094
v 37.532471 21.108292 -2.500977
v 37.532471 25.309944 -2.500977
v 2.492436 25.309944 -37.052967
v 31.130053 21.108292 -20.801899
v 34.589828 21.108292 -14.329100
v 26.473957 21.108292 -26.475368
v 31.130053 25.309944 -20.801899
v 20.800489 25.309944 -31.131464
v 36.715485 25.309944 7.338389
v 36.720367 25.309944 -7.302752
v 14.327679 25.309944 -34.591251
v 34.589828 25.309944 -14.329100
v 26.473957 25.309944 -26.475368
v 7.320696 25.309944 -36.718929
v 37.194290 21.108292 2.476947
v 37.194290 25.309944 2.476947
v 37.194218 21.108292 -2.478809
v 37.194218 25.309944 -2.478809
v 2.492553 21.108292 -36.713989
v 2.492553 25.309944 -36.713989
v 37.052834 29.511597 7.371602
v 37.532543 29.511597 2.499094
v 37.532471 29.511597 -2.500977
v 2.492436 29.511597 -37.052967
v 20.800489 29.511597 -31.131464
v 36.715485 29.511597 7.338389
v 36.720367 29.511597 -7.302752
v 14.327679 29.511597 -34.591251
v 34.589828 29.511597 -14.329100
v 26.473957 29.511597 -26.475368
v 7.320696 29.511597 -36.718929
v 37.194290 29.511597 2.476947
v 37.052834 29.511602 -7.368871
v 7.370390 29.511602 -37.054245
v 31.411901 33.713253 -20.990225
v 20.988815 33.713253 -31.413313
v 37.052834 33.713253 7.371602
v 37.052834 33.713253 -7.368871
v 14.457399 33.713253 -34.904427
v 34.903011 33.713253 -14.458803
v 26.713650 33.713253 -26.715061
v 7.370390 33.713253 -37.054245
v 37.532543 33.713253 2.499094
v 37.532471 33.713253 -2.500977
v 2.492436 33.713253 -37.052967
v 31.130053 29.511602 -20.801899
v 31.130053 33.713253 -20.801899
v 20.800489 33.713253 -31.131464
v 36.715485 33.713253 7.338389
v 36.720367 33.713253 -7.302752
v 14.327679 33.713253 -34.591251
v 34.589828 33.713253 -14.329100
v 26.473957 33.713253 -26.475368
v 7.320696 33.713253 -36.718929
v 37.194290 33.713253 2.476947
v 37.194218 29.511602 -2.478809
v 37.194218 33.713253 -2.478809
v 2.492553 29.511602 -36.713989
v 2.492553 33.713253 -36.713989
v 27.736794 -28.704720 -24.936600
v 27.736794 -25.716797 -24.936600
v 29.867216 -25.716795 -22.340670
v 29.867216 -28.704718 -22.340670
v 35.167454 -28.704720 -12.424130
v 35.167454 -25.716797 -12.424130
v 36.142738 -25.716795 -9.207723
v 36.142738 -28.704718 -9.207723
v 9.225439 -28.704720 -36.140553
v 9.225439 -25.716797 -36.140553
v 12.422937 -25.716795 -35.169628
v 12.422935 -28.704714 -35.169628
v 16.083248 -28.704720 -33.652882
v 16.083248 -25.716797 -33.652882
v 19.044920 -25.716795 -32.069832
v 19.044920 -28.704718 -32.069832
v 22.339260 -28.704718 -29.868628
v 22.339260 -25.716795 -29.868628
v 24.935188 -25.716797 -27.738205
v 24.935188 -28.704720 -27.738205
v 32.068420 -28.704720 -19.046329
v 32.068420 -25.716795 -19.046329
v 33.651459 -25.716795 -16.084669
v 33.651459 -28.704720 -16.084669
v 27.736794 -24.503065 -24.936600
v 27.736794 -21.515139 -24.936600
v 29.867216 -21.515135 -22.340670
v 29.867216 -24.503063 -22.340670
v 35.167454 -24.503065 -12.424130
v 35.167454 -21.515139 -12.424130
v 36.142738 -21.515135 -9.207723
v 36.142738 -24.503065 -9.207723
v 9.225439 -24.503065 -36.140553
v 9.225439 -21.515139 -36.140553
v 12.422937 -21.515135 -35.169628
v 12.422935 -24.503063 -35.169628
v 16.083248 -24.503065 -33.652882
v 16.083248 -21.515139 -33.652882
v 19.044920 -21.515135 -32.069832
v 19.044920 -24.503065 -32.069832
v 22.339260 -24.503065 -29.868628
v 22.339258 -21.515129 -29.868628
v 24.935188 -21.515139 -27.738205
v 24.935188 -24.503065 -27.738205
v 32.068420 -24.503065 -19.046329
v 32.068420 -21.515139 -19.046329
v 33.651459 -21.515135 -16.084669
v 33.651459 -24.503065 -16.084669
v 27.736794 -20.301407 -24.936600
v 27.736794 -17.313482 -24.936600
v 29.867216 -17.313482 -22.340670
v 29.867216 -20.301407 -22.340670
v 35.167454 -20.301407 -12.424130
v 35.167454 -17.313482 -12.424130
v 36.142738 -17.313482 -9.207723
v 36.142738 -20.301407 -9.207723
v 9.225439 -20.301407 -36.140553
v 9.225439 -17.313482 -36.140553
v 12.422937 -17.313482 -35.169628
v 12.422935 -20.301407 -35.169628
v 16.083248 -20.301407 -33.652882
v 16.083248 -17.313482 -33.652882
v 19.044920 -17.313482 -32.069832
v 19.044920 -20.301407 -32.069832
v 22.339260 -20.301407 -29.868628
v 22.339260 -17.313482 -29.868628
v 24.935188 -17.313482 -27.738205
v 24.935188 -20.301407 -27.738205
v 32.068420 -20.301407 -19.046329
v 32.068420 -17.313482 -19.046329
v 33.651459 -17.313482 -16.084669
v 33.651459 -20.301407 -16.084669
v 27.736794 -16.099735 -24.936600
v 27.736794 -13.111848 -24.936600
v 29.867216 -13.111829 -22.340670
v 29.867216 -16.099735 -22.340670
v 35.167454 -16.099751 -12.424130
v 35.167454 -13.111841 -12.424130
v 36.142738 -13.111841 -9.207723
v 36.142738 -16.099751 -9.207723
v 9.225439 -16.099751 -36.140553
v 9.225439 -13.111841 -36.140553
v 12.422937 -13.111841 -35.169628
v 12.422937 -16.099751 -35.169628
v 16.083248 -16.099751 -33.652882
v 16.083248 -13.111841 -33.652882
v 19.044920 -13.111841 -32.069832
v 19.044920 -16.099751 -32.069832
v 22.339260 -16.099751 -29.868628
v 22.339260 -13.111841 -29.868628
v 24.935188 -13.111841 -27.738205
v 24.935188 -16.099751 -27.738205
v 32.068420 -16.099735 -19.046329
v 32.068420 -13.111848 -19.046329
v 33.651459 -13.111829 -16.084669
v 33.651459 -16.099735 -16.084669
v 27.736794 -11.898098 -24.936600
v 27.736794 -8.910172 -24.936600
v 29.867216 -8.910172 -22.340670
v 29.867216 -11.898098 -22.340670
v 35.167454 -11.898098 -12.424130
v 35.167454 -8.910172 -12.424130
v 36.142738 -8.910172 -9.207723
v 36.142738 -11.898098 -9.207723
v 9.225439 -11.898098 -36.140553
v 9.225439 -8.910172 -36.140553
v 12.422937 -8.910172 -35.169628
v 12.422937 -11.898098 -35.169628
v 16.083248 -11.898098 -33.652882
v 16.083248 -8.910172 -33.652882
v 19.044920 -8.910172 -32.069832
v 19.044920 -11.898098 -32.069832
v 22.339260 -11.898098 -29.868628
v 22.339260 -8.910172 -29.868628
v 24.935188 -8.910172 -27.738205
v 24.935188 -11.898098 -27.738205
v 32.068420 -11.898087 -19.046329
v 32.068420 -8.910180 -19.046329
v 33.651459 -8.910160 -16.084669
v 33.651459 -11.898068 -16.084669
v 27.736794 -7.696443 -24.936600
v 27.736794 -4.708518 -24.936600
v 29.867216 -4.708518 -22.340670
v 29.867216 -7.696443 -22.340670
v 35.167454 -7.696443 -12.424130
v 35.167454 -4.708518 -12.424130
v 36.142738 -4.708518 -9.207723
v 36.142738 -7.696443 -9.207723
v 9.225439 -7.696443 -36.140553
v 9.225439 -4.708518 -36.140553
v 12.422937 -4.708518 -35.169628
v 12.422937 -7.696443 -35.169628
v 16.083248 -7.696443 -33.652882
v 16.083248 -4.708518 -33.652882
v 19.044920 -4.708518 -32.069832
v 19.044920 -7.696443 -32.069832
v 22.339260 -7.696443 -29.868628
v 22.339260 -4.708518 -29.868628
v 24.935188 -4.708518 -27.738205
v 24.935188 -7.696443 -27.738205
v 32.068420 -7.696443 -19.046329
v 32.068420 -4.708536 -19.046329
v 33.651459 -4.708518 -16.084669
v 33.651459 -7.696424 -16.084669
v 27.736794 -3.494788 -24.936600
v 27.736794 -0.506860 -24.936600
v 29.867216 -0.506860 -22.340670
v 29.867216 -3.494788 -22.340670
v 35.167454 -3.494788 -12.424130
v 35.167454 -0.506860 -12.424130
v 36.142738 -0.506860 -9.207723
v 36.142738 -3.494788 -9.207723
v 9.225439 -3.494788 -36.140553
v 9.225439 -0.506860 -36.140553
v 12.422937 -0.506860 -35.169628
v 12.422937 -3.494788 -35.169628
v 16.083248 -3.494788 -33.652882
v 16.083248 -0.506860 -33.652882
v 19.044920 -0.506860 -32.069832
v 19.044920 -3.494788 -32.069832
v 22.339260 -3.494788 -29.868628
v 22.339258 -0.506860 -29.868628
v 24.935188 -0.506860 -27.738205
v 24.935188 -3.494788 -27.738205
v 32.068420 -3.494788 -19.046329
v 32.068420 -0.506860 -19.046329
v 33.651459 -0.506860 -16.084669
v 33.651459 -3.494788 -16.084669
v 27.736794 0.706901 -24.936600
v 27.736794 3.694790 -24.936600
v 29.867216 3.694790 -22.340670
v 29.867216 0.706901 -22.340670
v 35.167454 0.706901 -12.424130
v 35.167454 3.694790 -12.424130
v 36.142738 3.694790 -9.207723
v 36.142738 0.706901 -9.207723
v 9.225439 0.706901 -36.140553
v 9.225439 3.694790 -36.140553
v 12.422937 3.694790 -35.169628
v 12.422937 0.706901 -35.169628
v 16.083248 0.706901 -33.652882
v 16.083248 3.694790 -33.652882
v 19.044920 3.694790 -32.069832
v 19.044920 0.706901 -32.069832
v 22.339260 0.706901 -29.868628
v 22.339260 3.694790 -29.868628
v 24.935188 3.694790 -27.738205
v 24.935188 0.706901 -27.738205
v 32.068420 0.706901 -19.046329
v 32.068420 3.694790 -19.046329
v 33.651459 3.694790 -16.084669
v 33.651459 0.706901 -16.084669
v 27.736794 4.908530 -24.936600
v 27.736794 7.896419 -24.936600
v 29.867216 7.896419 -22.340670
v 29.867216 4.908530 -22.340670
v 35.167454 4.908530 -12.424130
v 35.167454 7.896419 -12.424130
v 36.142738 7.896419 -9.207723
v 36.142738 4.908530 -9.207723
v 9.225439 4.908530 -36.140553
v 9.225439 7.896419 -36.140553
v 12.422937 7.896419 -35.169628
v 12.422937 4.908530 -35.169628
v 16.083248 4.908530 -33.652882
v 16.083248 7.896419 -33.652882
v 19.044920 7.896419 -32.069832
v 19.044920 4.908530 -32.069832
v 22.339260 4.908530 -29.868628
v 22.339260 7.896419 -29.868628
v 24.935188 7.896419 -27.738205
v 24.935188 4.908530 -27.738205
v 32.068420 4.908530 -19.046329
v 32.068420 7.896419 -19.046329
v 33.651459 7.896419 -16.084669
v 33.651459 4.908530 -16.084669
v 27.736794 9.110209 -24.936600
v 27.736794 12.098098 -24.936600
v 29.867216 12.098098 -22.340670
v 29.867216 9.110209 -22.340670
v 35.167454 9.110209 -12.424130
v 35.167454 12.098098 -12.424130
v 36.142738 12.098098 -9.207723
v 36.142738 9.110209 -9.207723
v 9.225439 9.110209 -36.140553
v 9.225439 12.098098 -36.140553
v 12.422937 12.098098 -35.169628
v 12.422937 9.110209 -35.169628
v 16.083248 9.110209 -33.652882
v 16.083248 12.098098 -33.652882
v 19.044920 12.098098 -32.069832
v 19.044920 9.110209 -32.069832
v 22.339260 9.110209 -29.868628
v 22.339260 12.098098 -29.868628
v 24.935188 12.098098 -27.738205
v 24.935188 9.110209 -27.738205
v 32.068420 9.110209 -19.046329
v 32.068420 12.098098 -19.046329
v 33.651459 12.098098 -16.084669
v 33.651459 9.110209 -16.084669
v 27.736794 13.311841 -24.936600
v 27.736794 16.299730 -24.936600
v 29.867216 16.299730 -22.340670
v 29.867216 13.311841 -22.340670
v 35.167454 13.311841 -12.424130
v 35.167454 16.299730 -12.424130
v 36.142738 16.299730 -9.207723
v 36.142738 13.311841 -9.207723
v 9.225439 13.311841 -36.140553
v 9.225439 16.299730 -36.140553
v 12.422937 16.299730 -35.169628
v 12.422937 13.311841 -35.169628
v 16.083248 13.311841 -33.652882
v 16.083248 16.299730 -33.652882
v 19.044920 16.299730 -32.069832
v 19.044920 13.311841 -32.069832
v 22.339260 13.311841 -29.868628
v 22.339260 16.299730 -29.868628
v 24.935188 16.299730 -27.738205
v 24.935188 13.311841 -27.738205
v 32.068420 13.311841 -19.046329
v 32.068420 16.299730 -19.046329
v 33.651459 16.299730 -16.084669
v 33.651459 13.311841 -16.084669
v 27.736794 17.513447 -24.936600
v 27.736794 20.501495 -24.936600
v 29.867216 20.501495 -22.340670
v 29.867216 17.513447 -22.340670
v 35.167454 17.513451 -12.424130
v 35.167454 20.501495 -12.424130
v 36.142738 20.501455 -9.207723
v 36.142738 17.513451 -9.207723
v 9.225439 17.513458 -36.140553
v 9.225439 20.501427 -36.140553
v 12.422937 20.501427 -35.169628
v 12.422937 17.513458 -35.169628
v 16.083248 17.513458 -33.652878
v 16.083248 20.501427 -33.652882
v 19.044920 20.501427 -32.069836
v 19.044920 17.513458 -32.069832
v 22.339260 17.513451 -29.868628
v 22.339260 20.501455 -29.868628
v 24.935188 20.501495 -27.738205
v 24.935188 17.513451 -27.738205
v 32.068420 17.513447 -19.046329
v 32.068420 20.501495 -19.046329
v 33.651459 20.501495 -16.084669
v 33.651459 17.513447 -16.084669
v 27.736794 21.715168 -24.936600
v 27.736794 24.703016 -24.936600
v 29.867216 24.703016 -22.340670
v 29.867216 21.715168 -22.340670
v 35.167454 21.715174 -12.424130
v 35.167454 24.703022 -12.424130
v 36.142738 24.703022 -9.207723
v 36.142738 21.715099 -9.207723
v 9.225439 21.715151 -36.140553
v 9.225439 24.703079 -36.140553
v 12.422937 24.703079 -35.169628
v 12.422937 21.715151 -35.169628
v 16.083248 21.715151 -33.652882
v 16.083248 24.703079 -33.652882
v 19.044920 24.703079 -32.069832
v 19.044920 21.715151 -32.069832
v 22.339260 21.715145 -29.868628
v 22.339260 24.703068 -29.868628
v 24.935188 24.703068 -27.738205
v 24.935188 21.715219 -27.738205
v 32.068420 21.715168 -19.046329
v 32.068420 24.703016 -19.046329
v 33.651459 24.703016 -16.084669
v 33.651459 21.715168 -16.084669
v 27.736794 25.916866 -24.936600
v 27.736794 28.904715 -24.936600
v 29.867216 28.904789 -22.340670
v 29.867216 25.916866 -22.340670
v 35.167454 25.916872 -12.424130
v 35.167454 28.904720 -12.424130
v 36.142738 28.904720 -9.207723
v 36.142738 25.916872 -9.207723
v 9.225439 25.916872 -36.140553
v 9.225439 28.904720 -36.140553
v 12.422937 28.904720 -35.169628
v 12.422937 25.916872 -35.169628
v 16.083248 25.916872 -33.652882
v 16.083248 28.904720 -33.652882
v 19.044920 28.904720 -32.069832
v 19.044920 25.916872 -32.069832
v 22.339260 25.916872 -29.868628
v 22.339258 28.904720 -29.868628
v 24.935188 28.904720 -27.738205
v 24.935188 25.916872 -27.738205
v 32.068420 25.916821 -19.046329
v 32.068420 28.904743 -19.046329
v 33.651459 28.904669 -16.084669
v 33.651459 25.916821 -16.084669
v 27.736794 30.118456 -24.936600
v 27.736794 33.106377 -24.936600
v 29.867216 33.106377 -22.340670
v 29.867216 30.118530 -22.340670
v 35.167454 30.118462 -12.424130
v 35.167454 33.106388 -12.424130
v 36.142738 33.106388 -9.207723
v 36.142738 30.118462 -9.207723
v 9.225439 30.118462 -36.140553
v 9.225439 33.106388 -36.140553
v 12.422937 33.106388 -35.169628
v 12.422937 30.118462 -35.169628
v 16.083248 30.118462 -33.652882
v 16.083248 33.106388 -33.652882
v 19.044920 33.106388 -32.069832
v 19.044920 30.118462 -32.069832
v 22.339260 30.118462 -29.868628
v 22.339258 33.106388 -29.868628
v 24.935188 33.106388 -27.738205
v 24.935188 30.118462 -27.738205
v 32.068420 30.118530 -19.046329
v 32.068420 33.106377 -19.046329
v 33.651459 33.106377 -16.084669
v 33.651459 30.118456 -16.084669
v 29.686655 -25.716797 -26.536808
v 29.686655 -28.704720 -26.536808
v 31.817078 -28.704718 -23.940876
v 31.817078 -25.716795 -23.940876
v 37.581345 -25.716797 -13.156075
v 37.581345 -28.704720 -13.156075
v 38.556633 -28.704718 -9.939668
v 38.556633 -25.716795 -9.939668
v 9.958333 -25.716797 -38.554153
v 9.958333 -28.704718 -38.554157
v 13.155828 -28.704712 -37.583233
v 13.155830 -25.716791 -37.583229
v 17.272312 -28.704720 -35.877460
v 17.272312 -25.716797 -35.877460
v 20.233984 -28.704718 -34.294415
v 20.233984 -25.716795 -34.294415
v 23.939468 -28.704718 -31.818489
v 23.939468 -25.716795 -31.818489
v 26.535397 -28.704720 -29.688063
v 26.535397 -25.716797 -29.688063
v 34.293003 -28.704720 -20.235390
v 34.293003 -25.716795 -20.235390
v 35.876038 -28.704720 -17.273731
v 35.876038 -25.716795 -17.273731
v 29.686655 -21.515139 -26.536808
v 29.686655 -24.503065 -26.536808
v 31.817078 -24.503063 -23.940876
v 31.817078 -21.515135 -23.940876
v 37.581345 -21.515139 -13.156075
v 37.581345 -24.503065 -13.156075
v 38.556633 -24.503065 -9.939668
v 38.556633 -21.515135 -9.939668
v 9.958333 -21.515137 -38.554153
v 9.958333 -24.503063 -38.554157
v 13.155828 -24.503059 -37.583233
v 13.155830 -21.515131 -37.583229
v 17.272312 -24.503065 -35.877460
v 17.272312 -21.515139 -35.877460
v 20.233984 -24.503065 -34.294415
v 20.233984 -21.515135 -34.294415
v 23.939468 -24.503065 -31.818489
v 23.939466 -21.515129 -31.818489
v 26.535397 -24.503065 -29.688065
v 26.535397 -21.515137 -29.688065
v 34.293003 -24.503065 -20.235390
v 34.293003 -21.515139 -20.235390
v 35.876038 -24.503065 -17.273731
v 35.876038 -21.515135 -17.273731
v 29.686655 -17.313482 -26.536808
v 29.686655 -20.301407 -26.536808
v 31.817078 -20.301407 -23.940876
v 31.817078 -17.313482 -23.940876
v 37.581345 -17.313482 -13.156075
v 37.581345 -20.301407 -13.156075
v 38.556633 -20.301407 -9.939668
v 38.556633 -17.313482 -9.939668
v 9.958333 -17.313478 -38.554153
v 9.958333 -20.301407 -38.554157
v 13.155828 -20.301407 -37.583233
v 13.155830 -17.313478 -37.583229
v 17.272312 -20.301407 -35.877457
v 17.272312 -17.313482 -35.877457
v 20.233984 -20.301407 -34.294411
v 20.233984 -17.313482 -34.294411
v 23.939468 -20.301407 -31.818489
v 23.939468 -17.313482 -31.818489
v 26.535397 -20.301407 -29.688063
v 26.535397 -17.313482 -29.688063
v 34.293003 -20.301407 -20.235390
v 34.293003 -17.313482 -20.235390
v 35.876038 -20.301407 -17.273731
v 35.876038 -17.313482 -17.273731
v 29.686655 -13.111848 -26.536808
v 29.686655 -16.099735 -26.536808
v 31.817078 -16.099735 -23.940876
v 31.817078 -13.111829 -23.940876
v 37.581345 -13.111841 -13.156075
v 37.581345 -16.099751 -13.156075
v 38.556633 -16.099751 -9.939668
v 38.556633 -13.111841 -9.939668
v 9.958334 -13.111841 -38.554157
v 9.958334 -16.099751 -38.554157
v 13.155833 -16.099751 -37.583229
v 13.155833 -13.111841 -37.583229
v 17.272312 -16.099751 -35.877460
v 17.272312 -13.111841 -35.877460
v 20.233984 -16.099751 -34.294415
v 20.233984 -13.111841 -34.294415
v 23.939468 -16.099751 -31.818489
v 23.939468 -13.111841 -31.818489
v 26.535397 -16.099751 -29.688065
v 26.535397 -13.111841 -29.688065
v 34.293003 -16.099735 -20.235390
v 34.293003 -13.111848 -20.235390
v 35.876038 -16.099735 -17.273731
v 35.876038 -13.111829 -17.273731
v 29.686655 -8.910172 -26.536808
v 29.686655 -11.898098 -26.536808
v 31.817078 -11.898098 -23.940876
v 31.817078 -8.910172 -23.940876
v 37.581345 -8.910172 -13.156075
v 37.581345 -11.898098 -13.156075
v 38.556633 -11.898098 -9.939668
v 38.556633 -8.910172 -9.939668
v 9.958333 -8.910170 -38.554153
v 9.958333 -11.898095 -38.554157
v 13.155830 -11.898095 -37.583233
v 13.155830 -8.910170 -37.583229
v 17.272312 -11.898098 -35.877460
v 17.272312 -8.910172 -35.877460
v 20.233984 -11.898098 -34.294415
v 20.233984 -8.910172 -34.294415
v 23.939468 -11.898098 -31.818489
v 23.939468 -8.910172 -31.818489
v 26.535397 -11.898098 -29.688063
v 26.535397 -8.910172 -29.688063
v 34.293003 -11.898087 -20.235390
v 34.293003 -8.910180 -20.235390
v 35.876038 -11.898068 -17.273731
v 35.876038 -8.910160 -17.273731
v 29.686655 -4.708518 -26.536808
v 29.686655 -7.696443 -26.536808
v 31.817078 -7.696443 -23.940876
v 31.817078 -4.708518 -23.940876
v 37.581345 -4.708518 -13.156075
v 37.581345 -7.696443 -13.156075
v 38.556633 -7.696443 -9.939668
v 38.556633 -4.708518 -9.939668
v 9.958333 -4.708515 -38.554153
v 9.958333 -7.696440 -38.554157
v 13.155830 -7.696440 -37.583233
v 13.155830 -4.708515 -37.583229
v 17.272312 -7.696443 -35.877460
v 17.272312 -4.708518 -35.877460
v 20.233984 -7.696443 -34.294415
v 20.233984 -4.708518 -34.294415
v 23.939468 -7.696443 -31.818489
v 23.939468 -4.708518 -31.818489
v 26.535397 -7.696443 -29.688063
v 26.535397 -4.708518 -29.688063
v 34.293003 -7.696443 -20.235390
v 34.293003 -4.708536 -20.235390
v 35.876038 -7.696424 -17.273731
v 35.876038 -4.708518 -17.273731
v 29.686655 -0.506860 -26.536808
v 29.686655 -3.494788 -26.536808
v 31.817078 -3.494788 -23.940876
v 31.817078 -0.506860 -23.940876
v 37.581345 -0.506860 -13.156075
v 37.581345 -3.494788 -13.156075
v 38.556633 -3.494788 -9.939668
v 38.556633 -0.506860 -9.939668
v 9.958334 -0.506860 -38.554157
v 9.958334 -3.494788 -38.554157
v 13.155833 -3.494788 -37.583229
v 13.155833 -0.506860 -37.583229
v 17.272312 -3.494788 -35.877460
v 17.272312 -0.506860 -35.877460
v 20.233984 -3.494788 -34.294415
v 20.233984 -0.506860 -34.294415
v 23.939468 -3.494788 -31.818489
v 23.939466 -0.506860 -31.818489
v 26.535397 -3.494788 -29.688065
v 26.535397 -0.506860 -29.688065
v 34.293003 -3.494788 -20.235390
v 34.293003 -0.506860 -20.235390
v 35.876038 -3.494788 -17.273731
v 35.876038 -0.506860 -17.273731
v 29.686655 3.694790 -26.536808
v 29.686655 0.706901 -26.536808
v 31.817078 0.706901 -23.940876
v 31.817078 3.694790 -23.940876
v 37.581345 3.694790 -13.156075
v 37.581345 0.706901 -13.156075
v 38.556633 0.706901 -9.939668
v 38.556633 3.694790 -9.939668
v 9.958333 3.694793 -38.554153
v 9.958333 0.706904 -38.554157
v 13.155830 0.706904 -37.583233
v 13.155830 3.694793 -37.583229
v 17.272312 0.706901 -35.877460
v 17.272312 3.694790 -35.877460
v 20.233984 0.706901 -34.294415
v 20.233984 3.694790 -34.294415
v 23.939468 0.706901 -31.818489
v 23.939468 3.694790 -31.818489
v 26.535397 0.706901 -29.688063
v 26.535397 3.694790 -29.688063
v 34.293003 0.706901 -20.235390
v 34.293003 3.694790 -20.235390
v 35.876038 0.706901 -17.273731
v 35.876038 3.694790 -17.273731
v 29.686655 7.896419 -26.536808
v 29.686655 4.908530 -26.536808
v 31.817078 4.908530 -23.940876
v 31.817078 7.896419 -23.940876
v 37.581345 7.896419 -13.156075
v 37.581345 4.908530 -13.156075
v 38.556633 4.908530 -9.939668
v 38.556633 7.896419 -9.939668
v 9.958333 7.896422 -38.554153
v 9.958333 4.908533 -38.554157
v 13.155830 4.908533 -37.583233
v 13.155830 7.896422 -37.583229
v 17.272312 4.908530 -35.877460
v 17.272312 7.896419 -35.877460
v 20.233984 4.908530 -34.294415
v 20.233984 7.896419 -34.294415
v 23.939468 4.908530 -31.818489
v 23.939468 7.896419 -31.818489
v 26.535397 4.908530 -29.688063
v 26.535397 7.896419 -29.688063
v 34.293003 4.908530 -20.235390
v 34.293003 7.896419 -20.235390
v 35.876038 4.908530 -17.273731
v 35.876038 7.896419 -17.273731
v 29.686655 12.098098 -26.536808
v 29.686655 9.110209 -26.536808
v 31.817078 9.110209 -23.940876
v 31.817078 12.098098 -23.940876
v 37.581345 12.098098 -13.156075
v 37.581345 9.110209 -13.156075
v 38.556633 9.110209 -9.939668
v 38.556633 12.098098 -9.939668
v 9.958333 12.098101 -38.554153
v 9.958333 9.110211 -38.554157
v 13.155830 9.110211 -37.583233
v 13.155830 12.098101 -37.583229
v 17.272312 9.110209 -35.877460
v 17.272312 12.098098 -35.877460
v 20.233984 9.110209 -34.294415
v 20.233984 12.098098 -34.294415
v 23.939468 9.110209 -31.818489
v 23.939468 12.098098 -31.818489
v 26.535397 9.110209 -29.688063
v 26.535397 12.098098 -29.688063
v 34.293003 9.110209 -20.235390
v 34.293003 12.098098 -20.235390
v 35.876038 9.110209 -17.273731
v 35.876038 12.098098 -17.273731
v 29.686655 16.299730 -26.536808
v 29.686655 13.311841 -26.536808
v 31.817078 13.311841 -23.940876
v 31.817078 16.299730 -23.940876
v 37.581345 16.299730 -13.156075
v 37.581345 13.311841 -13.156075
v 38.556633 13.311841 -9.939668
v 38.556633 16.299730 -9.939668
v 9.958333 16.299732 -38.554153
v 9.958333 13.311844 -38.554157
v 13.155830 13.311844 -37.583233
v 13.155830 16.299732 -37.583229
v 17.272312 13.311841 -35.877460
v 17.272312 16.299730 -35.877460
v 20.233984 13.311841 -34.294415
v 20.233984 16.299730 -34.294415
v 23.939468 13.311841 -31.818489
v 23.939468 16.299730 -31.818489
v 26.535397 13.311841 -29.688063
v 26.535397 16.299730 -29.688063
v 34.293003 13.311841 -20.235390
v 34.293003 16.299730 -20.235390
v 35.876038 13.311841 -17.273731
v 35.876038 16.299730 -17.273731
v 29.686655 20.501495 -26.536808
v 29.686655 17.513447 -26.536808
v 31.817078 17.513447 -23.940876
v 31.817078 20.501495 -23.940876
v 37.581345 20.501495 -13.156075
v 37.581345 17.513451 -13.156075
v 38.556633 17.513451 -9.939668
v 38.556633 20.501455 -9.939668
v 9.958334 20.501427 -38.554157
v 9.958334 17.513458 -38.554157
v 13.155833 17.513458 -37.583229
v 13.155833 20.501427 -37.583229
v 17.272310 17.513456 -35.877457
v 17.272310 20.501427 -35.877460
v 20.233982 17.513456 -34.294415
v 20.233982 20.501427 -34.294415
v 23.939468 17.513451 -31.818489
v 23.939468 20.501455 -31.818489
v 26.535397 17.513451 -29.688063
v 26.535397 20.501495 -29.688063
v 34.293003 17.513447 -20.235390
v 34.293003 20.501495 -20.235390
v 35.876038 17.513447 -17.273731
v 35.876038 20.501495 -17.273731
v 29.686655 24.703016 -26.536808
v 29.686655 21.715168 -26.536808
v 31.817078 21.715168 -23.940876
v 31.817078 24.703016 -23.940876
v 37.581345 24.703022 -13.156075
v 37.581345 21.715174 -13.156075
v 38.556633 21.715099 -9.939668
v 38.556633 24.703022 -9.939668
v 9.958334 24.703079 -38.554157
v 9.958334 21.715151 -38.554157
v 13.155833 21.715151 -37.583229
v 13.155833 24.703079 -37.583229
v 17.272312 21.715151 -35.877460
v 17.272312 24.703079 -35.877460
v 20.233984 21.715151 -34.294415
v 20.233984 24.703079 -34.294415
v 23.939468 21.715145 -31.818489
v 23.939468 24.703068 -31.818489
v 26.535397 21.715219 -29.688063
v 26.535397 24.703068 -29.688063
v 34.293003 21.715168 -20.235390
v 34.293003 24.703016 -20.235390
v 35.876038 21.715168 -17.273731
v 35.876038 24.703016 -17.273731
v 29.686655 28.904715 -26.536808
v 29.686655 25.916866 -26.536808
v 31.817078 25.916866 -23.940876
v 31.817078 28.904789 -23.940876
v 37.581345 28.904720 -13.156075
v 37.581345 25.916872 -13.156075
v 38.556633 25.916872 -9.939668
v 38.556633 28.904720 -9.939668
v 9.958334 28.904720 -38.554157
v 9.958334 25.916872 -38.554157
v 13.155833 25.916872 -37.583229
v 13.155833 28.904720 -37.583229
v 17.272312 25.916872 -35.877460
v 17.272312 28.904720 -35.877460
v 20.233984 25.916872 -34.294415
v 20.233984 28.904720 -34.294415
v 23.939468 25.916872 -31.818489
v 23.939466 28.904720 -31.818489
v 26.535397 25.916872 -29.688065
v 26.535397 28.904720 -29.688065
v 34.293003 25.916821 -20.235390
v 34.293003 28.904743 -20.235390
v 35.876038 25.916821 -17.273731
v 35.876038 28.904669 -17.273731
v 29.686655 33.106377 -26.536808
v 29.686655 30.118456 -26.536808
v 31.817078 30.118530 -23.940876
v 31.817078 33.106377 -23.940876
v 37.581345 33.106388 -13.156075
v 37.581345 30.118462 -13.156075
v 38.556633 30.118462 -9.939668
v 38.556633 33.106388 -9.939668
v 9.958334 33.106388 -38.554157
v 9.958334 30.118462 -38.554157
v 13.155833 30.118462 -37.583229
v 13.155833 33.106388 -37.583229
v 17.272312 30.118462 -35.877460
v 17.272312 33.106388 -35.877460
v 20.233984 30.118462 -34.294415
v 20.233984 33.106388 -34.294415
v 23.939468 30.118462 -31.818489
v 23.939466 33.106388 -31.818489
v 26.535397 30.118462 -29.688065
v 26.535397 33.106388 -29.688065
v 34.293003 30.118530 -20.235390
v 34.293003 33.106377 -20.235390
v 35.876038 30.118456 -17.273731
v 35.876038 33.106377 -17.273731
vn 0.0003 -0.0000 -1.0000
vn -0.9952 -0.0000 0.0980
vn -0.9952 -0.0000 -0.0981
vn -0.0000 1.0000 -0.0000
vn -0.2902 -0.0000 0.9570
vn -0.9569 -0.0000 0.2906
vn -0.8819 -0.0000 0.4714
vn -0.0010 -0.0000 1.0000
vn 0.9952 -0.0000 -0.0980
vn -0.7730 -0.0000 0.6344
vn -0.4714 -0.0000 0.8819
vn 0.9952 -0.0000 0.0978
vn -0.0000 -0.0000 1.0000
vn -0.0000 -0.0000 -1.0000
vn 0.7730 -0.0000 -0.6344
vn 0.4714 -0.0000 -0.8819
vn 0.6344 -0.0000 -0.7730
vn 0.2902 -0.0000 -0.9570
vn 0.9569 -0.0000 -0.2906
vn -0.0000 -1.0000 -0.0000
vn 0.8819 -0.0000 -0.4714
vn -0.6344 -0.0000 0.7730
vn -1.0000 -0.0000 -0.0000
vn 1.0000 -0.0000 -0.0000
vn 1.0000 -0.0000 0.0003
vn 0.0980 -0.0000 0.9952
vn -0.0654 -0.0000 0.9979
vn -0.0653 -0.0000 -0.9979
vn 0.7730 -0.0000 0.6344
vn 0.9570 -0.0000 0.2902
vn 0.2906 -0.0000 0.9569
vn 0.4714 -0.0000 0.8819
vn 0.6344 -0.0000 0.7730
vn 0.8819 -0.0000 0.4714
vn -0.0003 -0.0000 -1.0000
vn 0.9952 -0.0000 0.0980
vn 0.9952 -0.0000 -0.0981
vn 0.2902 -0.0000 0.9570
vn 0.9569 -0.0000 0.2906
vn 0.0010 -0.0000 1.0000
vn -0.9952 -0.0000 -0.0980
vn -0.9952 -0.0000 0.0978
vn -0.7730 -0.0000 -0.6344
vn -0.4714 -0.0000 -0.8819
vn -0.6344 -0.0000 -0.7730
vn -0.2902 -0.0000 -0.9570
vn -0.9569 -0.0000 -0.2906
vn -0.8819 -0.0000 -0.4714
vn -1.0000 -0.0000 0.0003
vn -0.0980 -0.0000 0.9952
vn 0.0654 -0.0000 0.9979
vn 0.0653 -0.0000 -0.9979
vn -0.9570 -0.0000 0.2902
vn -0.2906 -0.0000 0.9569
vt 0.000000 0.000000
s 0
usemtl Material
f 16/1/1 7/1/1 11/1/1 17/1/1
f 12/1/2 5/1/2 9/1/2 13/1/2
f 6/1/3 14/1/3 15/1/3 10/1/3
f 642/1/4 639/1/4 999/1/4 1001/1/4
f 431/1/5 432/1/5 791/1/5 792/1/5
f 483/1/6 484/1/6 843/1/6 844/1/6
f 535/1/7 536/1/7 896/1/7 895/1/7
f 38/1/8 39/1/8 33/1/8 24/1/8
f 34/1/9 35/1/9 28/1/9 22/1/9
f 587/1/10 588/1/10 948/1/10 947/1/10
f 639/1/11 640/1/11 1000/1/11 999/1/11
f 23/1/12 29/1/12 37/1/12 36/1/12
f 1041/1/13 39/1/13 38/1/13 1040/1/13
f 1143/1/13 141/1/13 124/1/13 1126/1/13
f 1149/1/14 147/1/14 164/1/14 1166/1/14
f 17/1/1 11/1/1 42/1/1 45/1/1
f 13/1/2 9/1/2 40/1/2 43/1/2
f 10/1/3 15/1/3 44/1/3 41/1/3
f 325/1/15 326/1/15 685/1/15 686/1/15
f 377/1/16 378/1/16 737/1/16 738/1/16
f 429/1/17 430/1/17 789/1/17 790/1/17
f 481/1/18 482/1/18 841/1/18 842/1/18
f 39/1/8 56/1/8 53/1/8 33/1/8
f 35/1/9 54/1/9 48/1/9 28/1/9
f 533/1/19 534/1/19 893/1/19 894/1/19
f 324/1/20 325/1/20 686/1/20 684/1/20
f 29/1/12 49/1/12 55/1/12 37/1/12
f 1115/1/14 113/1/14 130/1/14 1132/1/14
f 1092/1/13 90/1/13 58/1/13 1060/1/13
f 45/1/1 42/1/1 61/1/1 57/1/1
f 43/1/2 40/1/2 59/1/2 65/1/2
f 41/1/3 44/1/3 67/1/3 60/1/3
f 585/1/21 586/1/21 945/1/21 946/1/21
f 376/1/20 377/1/20 738/1/20 736/1/20
f 637/1/15 638/1/15 997/1/15 998/1/15
f 428/1/20 429/1/20 790/1/20 787/1/20
f 56/1/8 58/1/8 76/1/8 53/1/8
f 54/1/9 86/1/9 74/1/9 48/1/9
f 480/1/20 481/1/20 842/1/20 839/1/20
f 532/1/20 533/1/20 894/1/20 891/1/20
f 49/1/12 75/1/12 88/1/12 55/1/12
f 1109/1/13 107/1/13 90/1/13 1092/1/13
f 57/1/1 61/1/1 64/1/1 69/1/1
f 65/1/2 59/1/2 62/1/2 66/1/2
f 60/1/3 67/1/3 68/1/3 63/1/3
f 326/1/4 323/1/4 683/1/4 685/1/4
f 584/1/20 585/1/20 946/1/20 944/1/20
f 378/1/4 375/1/4 735/1/4 737/1/4
f 636/1/20 637/1/20 998/1/20 996/1/20
f 58/1/8 90/1/8 85/1/8 76/1/8
f 86/1/9 87/1/9 80/1/9 74/1/9
f 430/1/4 427/1/4 788/1/4 789/1/4
f 482/1/4 479/1/4 840/1/4 841/1/4
f 75/1/12 81/1/12 89/1/12 88/1/12
f 1047/1/14 45/1/14 57/1/14 1059/1/14
f 1200/1/14 198/1/14 212/1/14 1214/1/14
f 69/1/1 64/1/1 93/1/1 96/1/1
f 66/1/2 62/1/2 91/1/2 94/1/2
f 63/1/3 68/1/3 95/1/3 92/1/3
f 534/1/4 531/1/4 892/1/4 893/1/4
f 323/1/10 324/1/10 684/1/10 683/1/10
f 586/1/4 583/1/4 943/1/4 945/1/4
f 375/1/11 376/1/11 736/1/11 735/1/11
f 90/1/8 107/1/8 104/1/8 85/1/8
f 87/1/9 105/1/9 99/1/9 80/1/9
f 638/1/4 635/1/4 995/1/4 997/1/4
f 427/1/22 428/1/22 787/1/22 788/1/22
f 81/1/12 100/1/12 106/1/12 89/1/12
f 1019/1/14 17/1/14 45/1/14 1047/1/14
f 141/1/4 1143/1/4 1132/1/4 130/1/4
f 96/1/1 93/1/1 110/1/1 113/1/1
f 94/1/2 91/1/2 108/1/2 111/1/2
f 92/1/3 95/1/3 112/1/3 109/1/3
f 479/1/5 480/1/5 839/1/5 840/1/5
f 531/1/6 532/1/6 891/1/6 892/1/6
f 583/1/7 584/1/7 944/1/7 943/1/7
f 635/1/10 636/1/10 996/1/10 995/1/10
f 107/1/8 124/1/8 121/1/8 104/1/8
f 105/1/9 122/1/9 116/1/9 99/1/9
f 321/1/21 322/1/21 681/1/21 682/1/21
f 373/1/15 374/1/15 733/1/15 734/1/15
f 100/1/12 117/1/12 123/1/12 106/1/12
f 1166/1/14 164/1/14 181/1/14 1183/1/14
f 1098/1/14 96/1/14 113/1/14 1115/1/14
f 1159/1/20 1148/1/20 1147/1/20 1158/1/20
f 36/1/20 34/1/20 12/1/20 14/1/20
f 113/1/1 110/1/1 127/1/1 130/1/1
f 111/1/2 108/1/2 125/1/2 128/1/2
f 109/1/3 112/1/3 129/1/3 126/1/3
f 425/1/16 426/1/16 785/1/16 786/1/16
f 477/1/17 478/1/17 837/1/17 838/1/17
f 529/1/18 530/1/18 889/1/18 890/1/18
f 320/1/20 321/1/20 682/1/20 680/1/20
f 124/1/8 141/1/8 138/1/8 121/1/8
f 122/1/9 139/1/9 133/1/9 116/1/9
f 581/1/19 582/1/19 941/1/19 942/1/19
f 372/1/20 373/1/20 734/1/20 732/1/20
f 117/1/12 134/1/12 140/1/12 123/1/12
f 1059/1/14 57/1/14 69/1/14 1071/1/14
f 1058/1/13 56/1/13 39/1/13 1041/1/13
f 130/1/1 127/1/1 144/1/1 147/1/1
f 128/1/2 125/1/2 142/1/2 145/1/2
f 126/1/3 129/1/3 146/1/3 143/1/3
f 633/1/21 634/1/21 993/1/21 994/1/21
f 424/1/20 425/1/20 786/1/20 784/1/20
f 476/1/20 477/1/20 838/1/20 835/1/20
f 528/1/20 529/1/20 890/1/20 887/1/20
f 141/1/8 158/1/8 155/1/8 138/1/8
f 139/1/9 156/1/9 150/1/9 133/1/9
f 322/1/4 319/1/4 679/1/4 681/1/4
f 580/1/20 581/1/20 942/1/20 939/1/20
f 134/1/12 151/1/12 157/1/12 140/1/12
f 1228/1/14 226/1/14 247/1/14 1249/1/14
f 14/1/20 6/1/20 23/1/20 36/1/20
f 13/1/23 15/1/23 14/1/23 12/1/23
f 147/1/1 144/1/1 161/1/1 164/1/1
f 145/1/2 142/1/2 159/1/2 162/1/2
f 143/1/3 146/1/3 163/1/3 160/1/3
f 374/1/4 371/1/4 731/1/4 733/1/4
f 632/1/20 633/1/20 994/1/20 992/1/20
f 426/1/4 423/1/4 783/1/4 785/1/4
f 478/1/4 475/1/4 836/1/4 837/1/4
f 158/1/8 175/1/8 172/1/8 155/1/8
f 156/1/9 173/1/9 167/1/9 150/1/9
f 530/1/4 527/1/4 888/1/4 889/1/4
f 319/1/7 320/1/7 680/1/7 679/1/7
f 151/1/12 168/1/12 174/1/12 157/1/12
f 1245/1/13 243/1/13 242/1/13 1244/1/13
f 6/1/20 2/1/20 19/1/20 23/1/20
f 164/1/1 161/1/1 178/1/1 181/1/1
f 162/1/2 159/1/2 176/1/2 179/1/2
f 160/1/3 163/1/3 180/1/3 177/1/3
f 582/1/4 579/1/4 940/1/4 941/1/4
f 371/1/10 372/1/10 732/1/10 731/1/10
f 634/1/4 631/1/4 991/1/4 993/1/4
f 423/1/11 424/1/11 784/1/11 783/1/11
f 175/1/8 192/1/8 189/1/8 172/1/8
f 173/1/9 190/1/9 184/1/9 167/1/9
f 475/1/22 476/1/22 835/1/22 836/1/22
f 527/1/5 528/1/5 887/1/5 888/1/5
f 168/1/12 185/1/12 191/1/12 174/1/12
f 140/1/24 139/1/24 122/1/24 123/1/24
f 1040/1/20 38/1/20 16/1/20 1018/1/20
f 2/1/20 1/1/20 18/1/20 19/1/20
f 181/1/1 178/1/1 195/1/1 198/1/1
f 179/1/2 176/1/2 193/1/2 196/1/2
f 177/1/3 180/1/3 197/1/3 194/1/3
f 579/1/6 580/1/6 939/1/6 940/1/6
f 631/1/7 632/1/7 992/1/7 991/1/7
f 317/1/19 318/1/19 677/1/19 678/1/19
f 369/1/21 370/1/21 729/1/21 730/1/21
f 192/1/8 209/1/8 206/1/8 189/1/8
f 190/1/9 207/1/9 201/1/9 184/1/9
f 421/1/15 422/1/15 781/1/15 782/1/15
f 473/1/16 474/1/16 833/1/16 834/1/16
f 185/1/12 202/1/12 208/1/12 191/1/12
f 123/1/24 122/1/24 105/1/24 106/1/24
f 141/1/25 130/1/25 147/1/25 158/1/25
f 1/1/20 4/1/20 21/1/20 18/1/20
f 198/1/1 195/1/1 219/1/1 212/1/1
f 196/1/2 193/1/2 210/1/2 211/1/2
f 194/1/3 197/1/3 224/1/3 218/1/3
f 525/1/17 526/1/17 885/1/17 886/1/17
f 316/1/20 317/1/20 678/1/20 675/1/20
f 577/1/18 578/1/18 937/1/18 938/1/18
f 368/1/20 369/1/20 730/1/20 728/1/20
f 209/1/8 242/1/8 217/1/8 206/1/8
f 207/1/9 238/1/9 214/1/9 201/1/9
f 629/1/19 630/1/19 989/1/19 990/1/19
f 420/1/20 421/1/20 782/1/20 780/1/20
f 202/1/12 215/1/12 240/1/12 208/1/12
f 106/1/24 105/1/24 87/1/24 89/1/24
f 1249/1/14 247/1/14 268/1/14 1270/1/14
f 4/1/20 3/1/20 20/1/20 21/1/20
f 212/1/1 219/1/1 222/1/1 226/1/1
f 211/1/2 210/1/2 220/1/2 223/1/2
f 218/1/3 224/1/3 225/1/3 221/1/3
f 472/1/20 473/1/20 834/1/20 832/1/20
f 524/1/20 525/1/20 886/1/20 883/1/20
f 318/1/4 315/1/4 676/1/4 677/1/4
f 576/1/20 577/1/20 938/1/20 935/1/20
f 242/1/8 243/1/8 237/1/8 217/1/8
f 238/1/9 239/1/9 232/1/9 214/1/9
f 370/1/4 367/1/4 727/1/4 729/1/4
f 628/1/20 629/1/20 990/1/20 987/1/20
f 215/1/12 233/1/12 241/1/12 240/1/12
f 86/1/24 88/1/24 89/1/24 87/1/24
f 1244/1/13 242/1/13 209/1/13 1211/1/13
f 3/1/20 8/1/20 25/1/20 20/1/20
f 226/1/1 222/1/1 257/1/1 247/1/1
f 223/1/2 220/1/2 244/1/2 245/1/2
f 221/1/3 225/1/3 246/1/3 256/1/3
f 422/1/4 419/1/4 779/1/4 781/1/4
f 474/1/4 471/1/4 831/1/4 833/1/4
f 526/1/4 523/1/4 884/1/4 885/1/4
f 315/1/6 316/1/6 675/1/6 676/1/6
f 243/1/8 281/1/8 254/1/8 237/1/8
f 239/1/9 255/1/9 249/1/9 232/1/9
f 578/1/4 575/1/4 936/1/4 937/1/4
f 367/1/7 368/1/7 728/1/7 727/1/7
f 233/1/12 250/1/12 279/1/12 241/1/12
f 88/1/24 86/1/24 54/1/24 55/1/24
f 1194/1/13 192/1/13 175/1/13 1177/1/13
f 8/1/20 7/1/20 24/1/20 25/1/20
f 247/1/1 257/1/1 265/1/1 268/1/1
f 245/1/2 244/1/2 260/1/2 266/1/2
f 256/1/3 246/1/3 267/1/3 261/1/3
f 630/1/4 627/1/4 988/1/4 989/1/4
f 419/1/10 420/1/10 780/1/10 779/1/10
f 471/1/11 472/1/11 832/1/11 831/1/11
f 523/1/22 524/1/22 883/1/22 884/1/22
f 281/1/8 282/1/8 277/1/8 254/1/8
f 255/1/9 278/1/9 272/1/9 249/1/9
f 575/1/5 576/1/5 935/1/5 936/1/5
f 627/1/6 628/1/6 987/1/6 988/1/6
f 250/1/12 273/1/12 280/1/12 279/1/12
f 55/1/24 54/1/24 35/1/24 37/1/24
f 1126/1/13 124/1/13 107/1/13 1109/1/13
f 7/1/20 16/1/20 38/1/20 24/1/20
f 12/1/20 34/1/20 22/1/20 5/1/20
f 9/1/26 5/1/26 22/1/26 28/1/26
f 40/1/26 9/1/26 28/1/26 48/1/26
f 59/1/26 40/1/26 48/1/26 74/1/26
f 62/1/26 59/1/26 74/1/26 80/1/26
f 91/1/26 62/1/26 80/1/26 99/1/26
f 108/1/26 91/1/26 99/1/26 116/1/26
f 125/1/26 108/1/26 116/1/26 133/1/26
f 142/1/26 125/1/26 133/1/26 150/1/26
f 159/1/26 142/1/26 150/1/26 167/1/26
f 176/1/26 159/1/26 167/1/26 184/1/26
f 193/1/26 176/1/26 184/1/26 201/1/26
f 210/1/26 193/1/26 201/1/26 214/1/26
f 220/1/26 210/1/26 214/1/26 232/1/26
f 244/1/26 220/1/26 232/1/26 249/1/26
f 260/1/26 244/1/26 249/1/26 272/1/26
f 260/1/4 272/1/4 278/1/4 266/1/4
f 129/1/27 140/1/27 157/1/27 146/1/27
f 15/1/23 13/1/23 43/1/23 44/1/23
f 157/1/24 174/1/24 173/1/24 156/1/24
f 173/1/24 174/1/24 191/1/24 190/1/24
f 190/1/24 191/1/24 208/1/24 207/1/24
f 207/1/24 208/1/24 240/1/24 238/1/24
f 238/1/24 240/1/24 241/1/24 239/1/24
f 239/1/24 241/1/24 279/1/24 255/1/24
f 279/1/24 280/1/24 278/1/24 255/1/24
f 278/1/4 280/1/4 267/1/4 266/1/4
f 245/1/23 266/1/23 267/1/23 246/1/23
f 223/1/23 245/1/23 246/1/23 225/1/23
f 224/1/23 211/1/23 223/1/23 225/1/23
f 196/1/23 211/1/23 224/1/23 197/1/23
f 179/1/23 196/1/23 197/1/23 180/1/23
f 162/1/23 179/1/23 180/1/23 163/1/23
f 34/1/24 36/1/24 37/1/24 35/1/24
f 140/1/4 129/1/4 128/1/4 139/1/4
f 111/1/23 128/1/23 129/1/23 112/1/23
f 94/1/23 111/1/23 112/1/23 95/1/23
f 66/1/23 94/1/23 95/1/23 68/1/23
f 65/1/23 66/1/23 68/1/23 67/1/23
f 43/1/23 65/1/23 67/1/23 44/1/23
f 267/1/4 280/1/4 273/1/4 261/1/4
f 261/1/4 273/1/4 275/1/4 263/1/4
f 263/1/4 275/1/4 270/1/4 258/1/4
f 258/1/4 270/1/4 276/1/4 264/1/4
f 264/1/4 276/1/4 271/1/4 259/1/4
f 259/1/4 271/1/4 274/1/4 262/1/4
f 262/1/4 274/1/4 277/1/4 265/1/4
f 282/1/4 268/1/4 265/1/4 277/1/4
f 1211/1/13 209/1/13 192/1/13 1194/1/13
f 1183/1/14 181/1/14 198/1/14 1200/1/14
f 1283/1/13 281/1/13 243/1/13 1245/1/13
f 1018/1/14 16/1/14 17/1/14 1019/1/14
f 1284/1/13 282/1/13 281/1/13 1283/1/13
f 1071/1/14 69/1/14 96/1/14 1098/1/14
f 1060/1/13 58/1/13 56/1/13 1058/1/13
f 1214/1/14 212/1/14 226/1/14 1228/1/14
f 145/1/23 162/1/23 163/1/23 146/1/23
f 128/1/28 145/1/28 156/1/28 139/1/28
f 21/1/29 32/1/29 284/1/29 283/1/29
f 32/1/29 26/1/29 285/1/29 284/1/29
f 26/1/29 18/1/29 286/1/29 285/1/29
f 18/1/29 21/1/29 283/1/29 286/1/29
f 19/1/30 31/1/30 288/1/30 287/1/30
f 31/1/30 29/1/30 289/1/30 288/1/30
f 29/1/30 23/1/30 290/1/30 289/1/30
f 23/1/30 19/1/30 287/1/30 290/1/30
f 24/1/31 33/1/31 292/1/31 291/1/31
f 33/1/31 30/1/31 293/1/31 292/1/31
f 30/1/31 25/1/31 294/1/31 293/1/31
f 25/1/31 24/1/31 291/1/31 294/1/31
f 25/1/32 30/1/32 296/1/32 295/1/32
f 30/1/32 27/1/32 297/1/32 296/1/32
f 27/1/32 20/1/32 298/1/32 297/1/32
f 20/1/32 25/1/32 295/1/32 298/1/32
f 20/1/33 27/1/33 300/1/33 299/1/33
f 27/1/33 32/1/33 301/1/33 300/1/33
f 32/1/33 21/1/33 302/1/33 301/1/33
f 21/1/33 20/1/33 299/1/33 302/1/33
f 18/1/34 26/1/34 304/1/34 303/1/34
f 26/1/34 31/1/34 305/1/34 304/1/34
f 31/1/34 19/1/34 306/1/34 305/1/34
f 19/1/34 18/1/34 303/1/34 306/1/34
f 32/1/29 52/1/29 308/1/29 307/1/29
f 52/1/29 46/1/29 309/1/29 308/1/29
f 46/1/29 26/1/29 310/1/29 309/1/29
f 26/1/29 32/1/29 307/1/29 310/1/29
f 31/1/30 51/1/30 312/1/30 311/1/30
f 51/1/30 49/1/30 313/1/30 312/1/30
f 49/1/30 29/1/30 314/1/30 313/1/30
f 29/1/30 31/1/30 311/1/30 314/1/30
f 33/1/31 53/1/31 316/1/31 315/1/31
f 53/1/31 50/1/31 317/1/31 316/1/31
f 50/1/31 30/1/31 318/1/31 317/1/31
f 30/1/31 33/1/31 315/1/31 318/1/31
f 30/1/32 50/1/32 320/1/32 319/1/32
f 50/1/32 47/1/32 321/1/32 320/1/32
f 47/1/32 27/1/32 322/1/32 321/1/32
f 27/1/32 30/1/32 319/1/32 322/1/32
f 27/1/33 47/1/33 324/1/33 323/1/33
f 47/1/33 52/1/33 325/1/33 324/1/33
f 52/1/33 32/1/33 326/1/33 325/1/33
f 32/1/33 27/1/33 323/1/33 326/1/33
f 26/1/34 46/1/34 328/1/34 327/1/34
f 46/1/34 51/1/34 329/1/34 328/1/34
f 51/1/34 31/1/34 330/1/34 329/1/34
f 31/1/34 26/1/34 327/1/34 330/1/34
f 52/1/29 73/1/29 332/1/29 331/1/29
f 73/1/29 70/1/29 333/1/29 332/1/29
f 70/1/29 46/1/29 334/1/29 333/1/29
f 46/1/29 52/1/29 331/1/29 334/1/29
f 51/1/30 71/1/30 336/1/30 335/1/30
f 71/1/30 75/1/30 337/1/30 336/1/30
f 75/1/30 49/1/30 338/1/30 337/1/30
f 49/1/30 51/1/30 335/1/30 338/1/30
f 53/1/31 76/1/31 340/1/31 339/1/31
f 76/1/31 77/1/31 341/1/31 340/1/31
f 77/1/31 50/1/31 342/1/31 341/1/31
f 50/1/31 53/1/31 339/1/31 342/1/31
f 50/1/32 77/1/32 344/1/32 343/1/32
f 77/1/32 72/1/32 345/1/32 344/1/32
f 72/1/32 47/1/32 346/1/32 345/1/32
f 47/1/32 50/1/32 343/1/32 346/1/32
f 47/1/33 72/1/33 348/1/33 347/1/33
f 72/1/33 73/1/33 349/1/33 348/1/33
f 73/1/33 52/1/33 350/1/33 349/1/33
f 52/1/33 47/1/33 347/1/33 350/1/33
f 46/1/34 70/1/34 352/1/34 351/1/34
f 70/1/34 71/1/34 353/1/34 352/1/34
f 71/1/34 51/1/34 354/1/34 353/1/34
f 51/1/34 46/1/34 351/1/34 354/1/34
f 73/1/29 84/1/29 356/1/29 355/1/29
f 84/1/29 78/1/29 357/1/29 356/1/29
f 78/1/29 70/1/29 358/1/29 357/1/29
f 70/1/29 73/1/29 355/1/29 358/1/29
f 71/1/30 83/1/30 360/1/30 359/1/30
f 83/1/30 81/1/30 361/1/30 360/1/30
f 81/1/30 75/1/30 362/1/30 361/1/30
f 75/1/30 71/1/30 359/1/30 362/1/30
f 76/1/31 85/1/31 364/1/31 363/1/31
f 85/1/31 82/1/31 365/1/31 364/1/31
f 82/1/31 77/1/31 366/1/31 365/1/31
f 77/1/31 76/1/31 363/1/31 366/1/31
f 77/1/32 82/1/32 368/1/32 367/1/32
f 82/1/32 79/1/32 369/1/32 368/1/32
f 79/1/32 72/1/32 370/1/32 369/1/32
f 72/1/32 77/1/32 367/1/32 370/1/32
f 72/1/33 79/1/33 372/1/33 371/1/33
f 79/1/33 84/1/33 373/1/33 372/1/33
f 84/1/33 73/1/33 374/1/33 373/1/33
f 73/1/33 72/1/33 371/1/33 374/1/33
f 70/1/34 78/1/34 376/1/34 375/1/34
f 78/1/34 83/1/34 377/1/34 376/1/34
f 83/1/34 71/1/34 378/1/34 377/1/34
f 71/1/34 70/1/34 375/1/34 378/1/34
f 84/1/29 103/1/29 380/1/29 379/1/29
f 103/1/29 97/1/29 381/1/29 380/1/29
f 97/1/29 78/1/29 382/1/29 381/1/29
f 78/1/29 84/1/29 379/1/29 382/1/29
f 83/1/30 102/1/30 384/1/30 383/1/30
f 102/1/30 100/1/30 385/1/30 384/1/30
f 100/1/30 81/1/30 386/1/30 385/1/30
f 81/1/30 83/1/30 383/1/30 386/1/30
f 85/1/31 104/1/31 388/1/31 387/1/31
f 104/1/31 101/1/31 389/1/31 388/1/31
f 101/1/31 82/1/31 390/1/31 389/1/31
f 82/1/31 85/1/31 387/1/31 390/1/31
f 82/1/32 101/1/32 392/1/32 391/1/32
f 101/1/32 98/1/32 393/1/32 392/1/32
f 98/1/32 79/1/32 394/1/32 393/1/32
f 79/1/32 82/1/32 391/1/32 394/1/32
f 79/1/33 98/1/33 396/1/33 395/1/33
f 98/1/33 103/1/33 397/1/33 396/1/33
f 103/1/33 84/1/33 398/1/33 397/1/33
f 84/1/33 79/1/33 395/1/33 398/1/33
f 78/1/34 97/1/34 400/1/34 399/1/34
f 97/1/34 102/1/34 401/1/34 400/1/34
f 102/1/34 83/1/34 402/1/34 401/1/34
f 83/1/34 78/1/34 399/1/34 402/1/34
f 103/1/29 120/1/29 404/1/29 403/1/29
f 120/1/29 114/1/29 405/1/29 404/1/29
f 114/1/29 97/1/29 406/1/29 405/1/29
f 97/1/29 103/1/29 403/1/29 406/1/29
f 102/1/30 119/1/30 408/1/30 407/1/30
f 119/1/30 117/1/30 409/1/30 408/1/30
f 117/1/30 100/1/30 410/1/30 409/1/30
f 100/1/30 102/1/30 407/1/30 410/1/30
f 104/1/31 121/1/31 412/1/31 411/1/31
f 121/1/31 118/1/31 413/1/31 412/1/31
f 118/1/31 101/1/31 414/1/31 413/1/31
f 101/1/31 104/1/31 411/1/31 414/1/31
f 101/1/32 118/1/32 416/1/32 415/1/32
f 118/1/32 115/1/32 417/1/32 416/1/32
f 115/1/32 98/1/32 418/1/32 417/1/32
f 98/1/32 101/1/32 415/1/32 418/1/32
f 98/1/33 115/1/33 420/1/33 419/1/33
f 115/1/33 120/1/33 421/1/33 420/1/33
f 120/1/33 103/1/33 422/1/33 421/1/33
f 103/1/33 98/1/33 419/1/33 422/1/33
f 97/1/34 114/1/34 424/1/34 423/1/34
f 114/1/34 119/1/34 425/1/34 424/1/34
f 119/1/34 102/1/34 426/1/34 425/1/34
f 102/1/34 97/1/34 423/1/34 426/1/34
f 120/1/29 137/1/29 428/1/29 427/1/29
f 137/1/29 131/1/29 429/1/29 428/1/29
f 131/1/29 114/1/29 430/1/29 429/1/29
f 114/1/29 120/1/29 427/1/29 430/1/29
f 119/1/30 136/1/30 432/1/30 431/1/30
f 136/1/30 134/1/30 433/1/30 432/1/30
f 134/1/30 117/1/30 434/1/30 433/1/30
f 117/1/30 119/1/30 431/1/30 434/1/30
f 121/1/31 138/1/31 436/1/31 435/1/31
f 138/1/31 135/1/31 437/1/31 436/1/31
f 135/1/31 118/1/31 438/1/31 437/1/31
f 118/1/31 121/1/31 435/1/31 438/1/31
f 118/1/32 135/1/32 440/1/32 439/1/32
f 135/1/32 132/1/32 441/1/32 440/1/32
f 132/1/32 115/1/32 442/1/32 441/1/32
f 115/1/32 118/1/32 439/1/32 442/1/32
f 115/1/33 132/1/33 444/1/33 443/1/33
f 132/1/33 137/1/33 445/1/33 444/1/33
f 137/1/33 120/1/33 446/1/33 445/1/33
f 120/1/33 115/1/33 443/1/33 446/1/33
f 114/1/34 131/1/34 448/1/34 447/1/34
f 131/1/34 136/1/34 449/1/34 448/1/34
f 136/1/34 119/1/34 450/1/34 449/1/34
f 119/1/34 114/1/34 447/1/34 450/1/34
f 137/1/29 154/1/29 452/1/29 451/1/29
f 154/1/29 148/1/29 453/1/29 452/1/29
f 148/1/29 131/1/29 454/1/29 453/1/29
f 131/1/29 137/1/29 451/1/29 454/1/29
f 136/1/30 153/1/30 456/1/30 455/1/30
f 153/1/30 151/1/30 457/1/30 456/1/30
f 151/1/30 134/1/30 458/1/30 457/1/30
f 134/1/30 136/1/30 455/1/30 458/1/30
f 138/1/31 155/1/31 460/1/31 459/1/31
f 155/1/31 152/1/31 461/1/31 460/1/31
f 152/1/31 135/1/31 462/1/31 461/1/31
f 135/1/31 138/1/31 459/1/31 462/1/31
f 135/1/32 152/1/32 464/1/32 463/1/32
f 152/1/32 149/1/32 465/1/32 464/1/32
f 149/1/32 132/1/32 466/1/32 465/1/32
f 132/1/32 135/1/32 463/1/32 466/1/32
f 132/1/33 149/1/33 468/1/33 467/1/33
f 149/1/33 154/1/33 469/1/33 468/1/33
f 154/1/33 137/1/33 470/1/33 469/1/33
f 137/1/33 132/1/33 467/1/33 470/1/33
f 131/1/34 148/1/34 472/1/34 471/1/34
f 148/1/34 153/1/34 473/1/34 472/1/34
f 153/1/34 136/1/34 474/1/34 473/1/34
f 136/1/34 131/1/34 471/1/34 474/1/34
f 154/1/29 171/1/29 476/1/29 475/1/29
f 171/1/29 165/1/29 477/1/29 476/1/29
f 165/1/29 148/1/29 478/1/29 477/1/29
f 148/1/29 154/1/29 475/1/29 478/1/29
f 153/1/30 170/1/30 480/1/30 479/1/30
f 170/1/30 168/1/30 481/1/30 480/1/30
f 168/1/30 151/1/30 482/1/30 481/1/30
f 151/1/30 153/1/30 479/1/30 482/1/30
f 155/1/31 172/1/31 484/1/31 483/1/31
f 172/1/31 169/1/31 485/1/31 484/1/31
f 169/1/31 152/1/31 486/1/31 485/1/31
f 152/1/31 155/1/31 483/1/31 486/1/31
f 152/1/32 169/1/32 488/1/32 487/1/32
f 169/1/32 166/1/32 489/1/32 488/1/32
f 166/1/32 149/1/32 490/1/32 489/1/32
f 149/1/32 152/1/32 487/1/32 490/1/32
f 149/1/33 166/1/33 492/1/33 491/1/33
f 166/1/33 171/1/33 493/1/33 492/1/33
f 171/1/33 154/1/33 494/1/33 493/1/33
f 154/1/33 149/1/33 491/1/33 494/1/33
f 148/1/34 165/1/34 496/1/34 495/1/34
f 165/1/34 170/1/34 497/1/34 496/1/34
f 170/1/34 153/1/34 498/1/34 497/1/34
f 153/1/34 148/1/34 495/1/34 498/1/34
f 171/1/29 188/1/29 500/1/29 499/1/29
f 188/1/29 182/1/29 501/1/29 500/1/29
f 182/1/29 165/1/29 502/1/29 501/1/29
f 165/1/29 171/1/29 499/1/29 502/1/29
f 170/1/30 187/1/30 504/1/30 503/1/30
f 187/1/30 185/1/30 505/1/30 504/1/30
f 185/1/30 168/1/30 506/1/30 505/1/30
f 168/1/30 170/1/30 503/1/30 506/1/30
f 172/1/31 189/1/31 508/1/31 507/1/31
f 189/1/31 186/1/31 509/1/31 508/1/31
f 186/1/31 169/1/31 510/1/31 509/1/31
f 169/1/31 172/1/31 507/1/31 510/1/31
f 169/1/32 186/1/32 512/1/32 511/1/32
f 186/1/32 183/1/32 513/1/32 512/1/32
f 183/1/32 166/1/32 514/1/32 513/1/32
f 166/1/32 169/1/32 511/1/32 514/1/32
f 166/1/33 183/1/33 516/1/33 515/1/33
f 183/1/33 188/1/33 517/1/33 516/1/33
f 188/1/33 171/1/33 518/1/33 517/1/33
f 171/1/33 166/1/33 515/1/33 518/1/33
f 165/1/34 182/1/34 520/1/34 519/1/34
f 182/1/34 187/1/34 521/1/34 520/1/34
f 187/1/34 170/1/34 522/1/34 521/1/34
f 170/1/34 165/1/34 519/1/34 522/1/34
f 188/1/29 205/1/29 524/1/29 523/1/29
f 205/1/29 199/1/29 525/1/29 524/1/29
f 199/1/29 182/1/29 526/1/29 525/1/29
f 182/1/29 188/1/29 523/1/29 526/1/29
f 187/1/30 204/1/30 528/1/30 527/1/30
f 204/1/30 202/1/30 529/1/30 528/1/30
f 202/1/30 185/1/30 530/1/30 529/1/30
f 185/1/30 187/1/30 527/1/30 530/1/30
f 189/1/31 206/1/31 532/1/31 531/1/31
f 206/1/31 203/1/31 533/1/31 532/1/31
f 203/1/31 186/1/31 534/1/31 533/1/31
f 186/1/31 189/1/31 531/1/31 534/1/31
f 186/1/32 203/1/32 536/1/32 535/1/32
f 203/1/32 200/1/32 537/1/32 536/1/32
f 200/1/32 183/1/32 538/1/32 537/1/32
f 183/1/32 186/1/32 535/1/32 538/1/32
f 183/1/33 200/1/33 540/1/33 539/1/33
f 200/1/33 205/1/33 541/1/33 540/1/33
f 205/1/33 188/1/33 542/1/33 541/1/33
f 188/1/33 183/1/33 539/1/33 542/1/33
f 182/1/34 199/1/34 544/1/34 543/1/34
f 199/1/34 204/1/34 545/1/34 544/1/34
f 204/1/34 187/1/34 546/1/34 545/1/34
f 187/1/34 182/1/34 543/1/34 546/1/34
f 205/1/29 229/1/29 548/1/29 547/1/29
f 229/1/29 227/1/29 549/1/29 548/1/29
f 227/1/29 199/1/29 550/1/29 549/1/29
f 199/1/29 205/1/29 547/1/29 550/1/29
f 204/1/30 228/1/30 552/1/30 551/1/30
f 228/1/30 215/1/30 553/1/30 552/1/30
f 215/1/30 202/1/30 554/1/30 553/1/30
f 202/1/30 204/1/30 551/1/30 554/1/30
f 206/1/31 217/1/31 556/1/31 555/1/31
f 217/1/31 216/1/31 557/1/31 556/1/31
f 216/1/31 203/1/31 558/1/31 557/1/31
f 203/1/31 206/1/31 555/1/31 558/1/31
f 203/1/32 216/1/32 560/1/32 559/1/32
f 216/1/32 213/1/32 561/1/32 560/1/32
f 213/1/32 200/1/32 562/1/32 561/1/32
f 200/1/32 203/1/32 559/1/32 562/1/32
f 200/1/33 213/1/33 564/1/33 563/1/33
f 213/1/33 229/1/33 565/1/33 564/1/33
f 229/1/33 205/1/33 566/1/33 565/1/33
f 205/1/33 200/1/33 563/1/33 566/1/33
f 199/1/34 227/1/34 568/1/34 567/1/34
f 227/1/34 228/1/34 569/1/34 568/1/34
f 228/1/34 204/1/34 570/1/34 569/1/34
f 204/1/34 199/1/34 567/1/34 570/1/34
f 229/1/29 236/1/29 572/1/29 571/1/29
f 236/1/29 230/1/29 573/1/29 572/1/29
f 230/1/29 227/1/29 574/1/29 573/1/29
f 227/1/29 229/1/29 571/1/29 574/1/29
f 228/1/30 235/1/30 576/1/30 575/1/30
f 235/1/30 233/1/30 577/1/30 576/1/30
f 233/1/30 215/1/30 578/1/30 577/1/30
f 215/1/30 228/1/30 575/1/30 578/1/30
f 217/1/31 237/1/31 580/1/31 579/1/31
f 237/1/31 234/1/31 581/1/31 580/1/31
f 234/1/31 216/1/31 582/1/31 581/1/31
f 216/1/31 217/1/31 579/1/31 582/1/31
f 216/1/32 234/1/32 584/1/32 583/1/32
f 234/1/32 231/1/32 585/1/32 584/1/32
f 231/1/32 213/1/32 586/1/32 585/1/32
f 213/1/32 216/1/32 583/1/32 586/1/32
f 213/1/33 231/1/33 588/1/33 587/1/33
f 231/1/33 236/1/33 589/1/33 588/1/33
f 236/1/33 229/1/33 590/1/33 589/1/33
f 229/1/33 213/1/33 587/1/33 590/1/33
f 227/1/34 230/1/34 592/1/34 591/1/34
f 230/1/34 235/1/34 593/1/34 592/1/34
f 235/1/34 228/1/34 594/1/34 593/1/34
f 228/1/34 227/1/34 591/1/34 594/1/34
f 236/1/29 253/1/29 596/1/29 595/1/29
f 253/1/29 269/1/29 597/1/29 596/1/29
f 269/1/29 230/1/29 598/1/29 597/1/29
f 230/1/29 236/1/29 595/1/29 598/1/29
f 235/1/30 252/1/30 600/1/30 599/1/30
f 252/1/30 250/1/30 601/1/30 600/1/30
f 250/1/30 233/1/30 602/1/30 601/1/30
f 233/1/30 235/1/30 599/1/30 602/1/30
f 237/1/31 254/1/31 604/1/31 603/1/31
f 254/1/31 251/1/31 605/1/31 604/1/31
f 251/1/31 234/1/31 606/1/31 605/1/31
f 234/1/31 237/1/31 603/1/31 606/1/31
f 234/1/32 251/1/32 608/1/32 607/1/32
f 251/1/32 248/1/32 609/1/32 608/1/32
f 248/1/32 231/1/32 610/1/32 609/1/32
f 231/1/32 234/1/32 607/1/32 610/1/32
f 231/1/33 248/1/33 612/1/33 611/1/33
f 248/1/33 253/1/33 613/1/33 612/1/33
f 253/1/33 236/1/33 614/1/33 613/1/33
f 236/1/33 231/1/33 611/1/33 614/1/33
f 230/1/34 269/1/34 616/1/34 615/1/34
f 269/1/34 252/1/34 617/1/34 616/1/34
f 252/1/34 235/1/34 618/1/34 617/1/34
f 235/1/34 230/1/34 615/1/34 618/1/34
f 253/1/29 276/1/29 620/1/29 619/1/29
f 276/1/29 270/1/29 621/1/29 620/1/29
f 270/1/29 269/1/29 622/1/29 621/1/29
f 269/1/29 253/1/29 619/1/29 622/1/29
f 252/1/30 275/1/30 624/1/30 623/1/30
f 275/1/30 273/1/30 625/1/30 624/1/30
f 273/1/30 250/1/30 626/1/30 625/1/30
f 250/1/30 252/1/30 623/1/30 626/1/30
f 254/1/31 277/1/31 628/1/31 627/1/31
f 277/1/31 274/1/31 629/1/31 628/1/31
f 274/1/31 251/1/31 630/1/31 629/1/31
f 251/1/31 254/1/31 627/1/31 630/1/31
f 251/1/32 274/1/32 632/1/32 631/1/32
f 274/1/32 271/1/32 633/1/32 632/1/32
f 271/1/32 248/1/32 634/1/32 633/1/32
f 248/1/32 251/1/32 631/1/32 634/1/32
f 248/1/33 271/1/33 636/1/33 635/1/33
f 271/1/33 276/1/33 637/1/33 636/1/33
f 276/1/33 253/1/33 638/1/33 637/1/33
f 253/1/33 248/1/33 635/1/33 638/1/33
f 269/1/34 270/1/34 640/1/34 639/1/34
f 270/1/34 275/1/34 641/1/34 640/1/34
f 275/1/34 252/1/34 642/1/34 641/1/34
f 252/1/34 269/1/34 639/1/34 642/1/34
f 644/1/29 643/1/29 646/1/29 645/1/29
f 648/1/30 647/1/30 650/1/30 649/1/30
f 652/1/31 651/1/31 654/1/31 653/1/31
f 655/1/32 656/1/32 658/1/32 657/1/32
f 659/1/33 660/1/33 662/1/33 661/1/33
f 663/1/34 664/1/34 666/1/34 665/1/34
f 668/1/29 667/1/29 670/1/29 669/1/29
f 672/1/30 671/1/30 674/1/30 673/1/30
f 676/1/31 675/1/31 678/1/31 677/1/31
f 679/1/32 680/1/32 682/1/32 681/1/32
f 683/1/33 684/1/33 686/1/33 685/1/33
f 687/1/34 688/1/34 690/1/34 689/1/34
f 692/1/29 691/1/29 694/1/29 693/1/29
f 696/1/30 695/1/30 698/1/30 697/1/30
f 700/1/31 699/1/31 702/1/31 701/1/31
f 703/1/32 704/1/32 706/1/32 705/1/32
f 707/1/33 708/1/33 710/1/33 709/1/33
f 711/1/34 712/1/34 714/1/34 713/1/34
f 716/1/29 715/1/29 718/1/29 717/1/29
f 720/1/30 719/1/30 722/1/30 721/1/30
f 724/1/31 723/1/31 726/1/31 725/1/31
f 727/1/32 728/1/32 730/1/32 729/1/32
f 731/1/33 732/1/33 734/1/33 733/1/33
f 735/1/34 736/1/34 738/1/34 737/1/34
f 740/1/29 739/1/29 742/1/29 741/1/29
f 744/1/30 743/1/30 746/1/30 745/1/30
f 748/1/31 747/1/31 750/1/31 749/1/31
f 751/1/32 752/1/32 754/1/32 753/1/32
f 755/1/33 756/1/33 758/1/33 757/1/33
f 759/1/34 760/1/34 762/1/34 761/1/34
f 764/1/29 763/1/29 766/1/29 765/1/29
f 768/1/30 767/1/30 770/1/30 769/1/30
f 772/1/31 771/1/31 774/1/31 773/1/31
f 775/1/32 776/1/32 778/1/32 777/1/32
f 779/1/33 780/1/33 782/1/33 781/1/33
f 783/1/34 784/1/34 786/1/34 785/1/34
f 788/1/29 787/1/29 790/1/29 789/1/29
f 792/1/30 791/1/30 794/1/30 793/1/30
f 796/1/31 795/1/31 798/1/31 797/1/31
f 799/1/32 800/1/32 802/1/32 801/1/32
f 803/1/33 804/1/33 806/1/33 805/1/33
f 807/1/34 808/1/34 810/1/34 809/1/34
f 812/1/29 811/1/29 814/1/29 813/1/29
f 816/1/30 815/1/30 818/1/30 817/1/30
f 820/1/31 819/1/31 822/1/31 821/1/31
f 823/1/32 824/1/32 826/1/32 825/1/32
f 827/1/33 828/1/33 830/1/33 829/1/33
f 831/1/34 832/1/34 834/1/34 833/1/34
f 836/1/29 835/1/29 838/1/29 837/1/29
f 840/1/30 839/1/30 842/1/30 841/1/30
f 844/1/31 843/1/31 846/1/31 845/1/31
f 847/1/32 848/1/32 850/1/32 849/1/32
f 851/1/33 852/1/33 854/1/33 853/1/33
f 855/1/34 856/1/34 858/1/34 857/1/34
f 860/1/29 859/1/29 862/1/29 861/1/29
f 864/1/30 863/1/30 866/1/30 865/1/30
f 868/1/31 867/1/31 870/1/31 869/1/31
f 871/1/32 872/1/32 874/1/32 873/1/32
f 875/1/33 876/1/33 878/1/33 877/1/33
f 879/1/34 880/1/34 882/1/34 881/1/34
f 884/1/29 883/1/29 886/1/29 885/1/29
f 888/1/30 887/1/30 890/1/30 889/1/30
f 892/1/31 891/1/31 894/1/31 893/1/31
f 895/1/32 896/1/32 898/1/32 897/1/32
f 899/1/33 900/1/33 902/1/33 901/1/33
f 903/1/34 904/1/34 906/1/34 905/1/34
f 908/1/29 907/1/29 910/1/29 909/1/29
f 912/1/30 911/1/30 914/1/30 913/1/30
f 916/1/31 915/1/31 918/1/31 917/1/31
f 919/1/32 920/1/32 922/1/32 921/1/32
f 923/1/33 924/1/33 926/1/33 925/1/33
f 927/1/34 928/1/34 930/1/34 929/1/34
f 932/1/29 931/1/29 934/1/29 933/1/29
f 936/1/30 935/1/30 938/1/30 937/1/30
f 940/1/31 939/1/31 942/1/31 941/1/31
f 943/1/32 944/1/32 946/1/32 945/1/32
f 947/1/33 948/1/33 950/1/33 949/1/33
f 951/1/34 952/1/34 954/1/34 953/1/34
f 956/1/29 955/1/29 958/1/29 957/1/29
f 960/1/30 959/1/30 962/1/30 961/1/30
f 964/1/31 963/1/31 966/1/31 965/1/31
f 967/1/32 968/1/32 970/1/32 969/1/32
f 971/1/33 972/1/33 974/1/33 973/1/33
f 975/1/34 976/1/34 978/1/34 977/1/34
f 980/1/29 979/1/29 982/1/29 981/1/29
f 984/1/30 983/1/30 986/1/30 985/1/30
f 988/1/31 987/1/31 990/1/31 989/1/31
f 991/1/32 992/1/32 994/1/32 993/1/32
f 995/1/33 996/1/33 998/1/33 997/1/33
f 999/1/34 1000/1/34 1002/1/34 1001/1/34
f 379/1/22 380/1/22 739/1/22 740/1/22
f 590/1/4 587/1/4 947/1/4 949/1/4
f 327/1/11 328/1/11 688/1/11 687/1/11
f 538/1/4 535/1/4 895/1/4 897/1/4
f 486/1/4 483/1/4 844/1/4 845/1/4
f 434/1/4 431/1/4 792/1/4 793/1/4
f 640/1/20 641/1/20 1002/1/20 1000/1/20
f 382/1/4 379/1/4 740/1/4 741/1/4
f 588/1/20 589/1/20 950/1/20 948/1/20
f 330/1/4 327/1/4 687/1/4 689/1/4
f 536/1/20 537/1/20 898/1/20 896/1/20
f 484/1/20 485/1/20 846/1/20 843/1/20
f 432/1/20 433/1/20 794/1/20 791/1/20
f 641/1/16 642/1/16 1001/1/16 1002/1/16
f 380/1/20 381/1/20 742/1/20 739/1/20
f 589/1/15 590/1/15 949/1/15 950/1/15
f 328/1/20 329/1/20 690/1/20 688/1/20
f 537/1/21 538/1/21 897/1/21 898/1/21
f 485/1/19 486/1/19 845/1/19 846/1/19
f 433/1/18 434/1/18 793/1/18 794/1/18
f 381/1/17 382/1/17 741/1/17 742/1/17
f 329/1/16 330/1/16 689/1/16 690/1/16
f 591/1/11 592/1/11 952/1/11 951/1/11
f 539/1/10 540/1/10 900/1/10 899/1/10
f 487/1/7 488/1/7 848/1/7 847/1/7
f 435/1/6 436/1/6 795/1/6 796/1/6
f 383/1/5 384/1/5 743/1/5 744/1/5
f 594/1/4 591/1/4 951/1/4 953/1/4
f 331/1/22 332/1/22 691/1/22 692/1/22
f 542/1/4 539/1/4 899/1/4 901/1/4
f 490/1/4 487/1/4 847/1/4 849/1/4
f 438/1/4 435/1/4 796/1/4 797/1/4
f 386/1/4 383/1/4 744/1/4 745/1/4
f 592/1/20 593/1/20 954/1/20 952/1/20
f 334/1/4 331/1/4 692/1/4 693/1/4
f 540/1/20 541/1/20 902/1/20 900/1/20
f 488/1/20 489/1/20 850/1/20 848/1/20
f 436/1/20 437/1/20 798/1/20 795/1/20
f 384/1/20 385/1/20 746/1/20 743/1/20
f 593/1/16 594/1/16 953/1/16 954/1/16
f 332/1/20 333/1/20 694/1/20 691/1/20
f 541/1/15 542/1/15 901/1/15 902/1/15
f 489/1/21 490/1/21 849/1/21 850/1/21
f 437/1/19 438/1/19 797/1/19 798/1/19
f 385/1/18 386/1/18 745/1/18 746/1/18
f 333/1/17 334/1/17 693/1/17 694/1/17
f 595/1/22 596/1/22 955/1/22 956/1/22
f 543/1/11 544/1/11 904/1/11 903/1/11
f 491/1/10 492/1/10 852/1/10 851/1/10
f 439/1/7 440/1/7 800/1/7 799/1/7
f 387/1/6 388/1/6 747/1/6 748/1/6
f 598/1/4 595/1/4 956/1/4 957/1/4
f 335/1/5 336/1/5 695/1/5 696/1/5
f 546/1/4 543/1/4 903/1/4 905/1/4
f 283/1/22 284/1/22 643/1/22 644/1/22
f 494/1/4 491/1/4 851/1/4 853/1/4
f 442/1/4 439/1/4 799/1/4 801/1/4
f 390/1/4 387/1/4 748/1/4 749/1/4
f 596/1/20 597/1/20 958/1/20 955/1/20
f 338/1/4 335/1/4 696/1/4 697/1/4
f 544/1/20 545/1/20 906/1/20 904/1/20
f 286/1/4 283/1/4 644/1/4 645/1/4
f 492/1/20 493/1/20 854/1/20 852/1/20
f 440/1/20 441/1/20 802/1/20 800/1/20
f 388/1/20 389/1/20 750/1/20 747/1/20
f 597/1/17 598/1/17 957/1/17 958/1/17
f 336/1/20 337/1/20 698/1/20 695/1/20
f 545/1/16 546/1/16 905/1/16 906/1/16
f 284/1/20 285/1/20 646/1/20 643/1/20
f 493/1/15 494/1/15 853/1/15 854/1/15
f 441/1/21 442/1/21 801/1/21 802/1/21
f 389/1/19 390/1/19 749/1/19 750/1/19
f 337/1/18 338/1/18 697/1/18 698/1/18
f 285/1/17 286/1/17 645/1/17 646/1/17
f 599/1/5 600/1/5 959/1/5 960/1/5
f 547/1/22 548/1/22 907/1/22 908/1/22
f 495/1/11 496/1/11 856/1/11 855/1/11
f 443/1/10 444/1/10 804/1/10 803/1/10
f 391/1/7 392/1/7 752/1/7 751/1/7
f 602/1/4 599/1/4 960/1/4 961/1/4
f 339/1/6 340/1/6 699/1/6 700/1/6
f 550/1/4 547/1/4 908/1/4 909/1/4
f 287/1/5 288/1/5 647/1/5 648/1/5
f 498/1/4 495/1/4 855/1/4 857/1/4
f 446/1/4 443/1/4 803/1/4 805/1/4
f 394/1/4 391/1/4 751/1/4 753/1/4
f 600/1/20 601/1/20 962/1/20 959/1/20
f 342/1/4 339/1/4 700/1/4 701/1/4
f 548/1/20 549/1/20 910/1/20 907/1/20
f 290/1/4 287/1/4 648/1/4 649/1/4
f 496/1/20 497/1/20 858/1/20 856/1/20
f 444/1/20 445/1/20 806/1/20 804/1/20
f 392/1/20 393/1/20 754/1/20 752/1/20
f 601/1/18 602/1/18 961/1/18 962/1/18
f 340/1/20 341/1/20 702/1/20 699/1/20
f 549/1/17 550/1/17 909/1/17 910/1/17
f 288/1/20 289/1/20 650/1/20 647/1/20
f 497/1/16 498/1/16 857/1/16 858/1/16
f 445/1/15 446/1/15 805/1/15 806/1/15
f 393/1/21 394/1/21 753/1/21 754/1/21
f 341/1/19 342/1/19 701/1/19 702/1/19
f 289/1/18 290/1/18 649/1/18 650/1/18
f 603/1/6 604/1/6 963/1/6 964/1/6
f 551/1/5 552/1/5 911/1/5 912/1/5
f 499/1/22 500/1/22 859/1/22 860/1/22
f 447/1/11 448/1/11 808/1/11 807/1/11
f 395/1/10 396/1/10 756/1/10 755/1/10
f 606/1/4 603/1/4 964/1/4 965/1/4
f 343/1/7 344/1/7 704/1/7 703/1/7
f 554/1/4 551/1/4 912/1/4 913/1/4
f 291/1/6 292/1/6 651/1/6 652/1/6
f 502/1/4 499/1/4 860/1/4 861/1/4
f 450/1/4 447/1/4 807/1/4 809/1/4
f 398/1/4 395/1/4 755/1/4 757/1/4
f 604/1/20 605/1/20 966/1/20 963/1/20
f 346/1/4 343/1/4 703/1/4 705/1/4
f 552/1/20 553/1/20 914/1/20 911/1/20
f 294/1/4 291/1/4 652/1/4 653/1/4
f 500/1/20 501/1/20 862/1/20 859/1/20
f 448/1/20 449/1/20 810/1/20 808/1/20
f 396/1/20 397/1/20 758/1/20 756/1/20
f 605/1/19 606/1/19 965/1/19 966/1/19
f 344/1/20 345/1/20 706/1/20 704/1/20
f 553/1/18 554/1/18 913/1/18 914/1/18
f 292/1/20 293/1/20 654/1/20 651/1/20
f 501/1/17 502/1/17 861/1/17 862/1/17
f 449/1/16 450/1/16 809/1/16 810/1/16
f 397/1/15 398/1/15 757/1/15 758/1/15
f 345/1/21 346/1/21 705/1/21 706/1/21
f 293/1/19 294/1/19 653/1/19 654/1/19
f 607/1/7 608/1/7 968/1/7 967/1/7
f 555/1/6 556/1/6 915/1/6 916/1/6
f 503/1/5 504/1/5 863/1/5 864/1/5
f 451/1/22 452/1/22 811/1/22 812/1/22
f 399/1/11 400/1/11 760/1/11 759/1/11
f 610/1/4 607/1/4 967/1/4 969/1/4
f 347/1/10 348/1/10 708/1/10 707/1/10
f 558/1/4 555/1/4 916/1/4 917/1/4
f 295/1/7 296/1/7 656/1/7 655/1/7
f 506/1/4 503/1/4 864/1/4 865/1/4
f 454/1/4 451/1/4 812/1/4 813/1/4
f 402/1/4 399/1/4 759/1/4 761/1/4
f 608/1/20 609/1/20 970/1/20 968/1/20
f 350/1/4 347/1/4 707/1/4 709/1/4
f 556/1/20 557/1/20 918/1/20 915/1/20
f 298/1/4 295/1/4 655/1/4 657/1/4
f 504/1/20 505/1/20 866/1/20 863/1/20
f 452/1/20 453/1/20 814/1/20 811/1/20
f 400/1/20 401/1/20 762/1/20 760/1/20
f 609/1/21 610/1/21 969/1/21 970/1/21
f 348/1/20 349/1/20 710/1/20 708/1/20
f 557/1/19 558/1/19 917/1/19 918/1/19
f 296/1/20 297/1/20 658/1/20 656/1/20
f 505/1/18 506/1/18 865/1/18 866/1/18
f 453/1/17 454/1/17 813/1/17 814/1/17
f 401/1/16 402/1/16 761/1/16 762/1/16
f 349/1/15 350/1/15 709/1/15 710/1/15
f 297/1/21 298/1/21 657/1/21 658/1/21
f 611/1/10 612/1/10 972/1/10 971/1/10
f 559/1/7 560/1/7 920/1/7 919/1/7
f 507/1/6 508/1/6 867/1/6 868/1/6
f 455/1/5 456/1/5 815/1/5 816/1/5
f 403/1/22 404/1/22 763/1/22 764/1/22
f 614/1/4 611/1/4 971/1/4 973/1/4
f 351/1/11 352/1/11 712/1/11 711/1/11
f 562/1/4 559/1/4 919/1/4 921/1/4
f 299/1/10 300/1/10 660/1/10 659/1/10
f 510/1/4 507/1/4 868/1/4 869/1/4
f 458/1/4 455/1/4 816/1/4 817/1/4
f 406/1/4 403/1/4 764/1/4 765/1/4
f 612/1/20 613/1/20 974/1/20 972/1/20
f 354/1/4 351/1/4 711/1/4 713/1/4
f 560/1/20 561/1/20 922/1/20 920/1/20
f 302/1/4 299/1/4 659/1/4 661/1/4
f 508/1/20 509/1/20 870/1/20 867/1/20
f 456/1/20 457/1/20 818/1/20 815/1/20
f 404/1/20 405/1/20 766/1/20 763/1/20
f 613/1/15 614/1/15 973/1/15 974/1/15
f 352/1/20 353/1/20 714/1/20 712/1/20
f 561/1/21 562/1/21 921/1/21 922/1/21
f 300/1/20 301/1/20 662/1/20 660/1/20
f 509/1/19 510/1/19 869/1/19 870/1/19
f 457/1/18 458/1/18 817/1/18 818/1/18
f 405/1/17 406/1/17 765/1/17 766/1/17
f 353/1/16 354/1/16 713/1/16 714/1/16
f 301/1/15 302/1/15 661/1/15 662/1/15
f 615/1/11 616/1/11 976/1/11 975/1/11
f 563/1/10 564/1/10 924/1/10 923/1/10
f 511/1/7 512/1/7 872/1/7 871/1/7
f 459/1/6 460/1/6 819/1/6 820/1/6
f 407/1/5 408/1/5 767/1/5 768/1/5
f 618/1/4 615/1/4 975/1/4 977/1/4
f 355/1/22 356/1/22 715/1/22 716/1/22
f 566/1/4 563/1/4 923/1/4 925/1/4
f 303/1/11 304/1/11 664/1/11 663/1/11
f 514/1/4 511/1/4 871/1/4 873/1/4
f 462/1/4 459/1/4 820/1/4 821/1/4
f 410/1/4 407/1/4 768/1/4 769/1/4
f 616/1/20 617/1/20 978/1/20 976/1/20
f 358/1/4 355/1/4 716/1/4 717/1/4
f 564/1/20 565/1/20 926/1/20 924/1/20
f 306/1/4 303/1/4 663/1/4 665/1/4
f 512/1/20 513/1/20 874/1/20 872/1/20
f 460/1/20 461/1/20 822/1/20 819/1/20
f 408/1/20 409/1/20 770/1/20 767/1/20
f 617/1/16 618/1/16 977/1/16 978/1/16
f 356/1/20 357/1/20 718/1/20 715/1/20
f 565/1/15 566/1/15 925/1/15 926/1/15
f 304/1/20 305/1/20 666/1/20 664/1/20
f 513/1/21 514/1/21 873/1/21 874/1/21
f 461/1/19 462/1/19 821/1/19 822/1/19
f 409/1/18 410/1/18 769/1/18 770/1/18
f 357/1/17 358/1/17 717/1/17 718/1/17
f 305/1/16 306/1/16 665/1/16 666/1/16
f 619/1/22 620/1/22 979/1/22 980/1/22
f 567/1/11 568/1/11 928/1/11 927/1/11
f 515/1/10 516/1/10 876/1/10 875/1/10
f 463/1/7 464/1/7 824/1/7 823/1/7
f 411/1/6 412/1/6 771/1/6 772/1/6
f 622/1/4 619/1/4 980/1/4 981/1/4
f 359/1/5 360/1/5 719/1/5 720/1/5
f 570/1/4 567/1/4 927/1/4 929/1/4
f 307/1/22 308/1/22 667/1/22 668/1/22
f 518/1/4 515/1/4 875/1/4 877/1/4
f 466/1/4 463/1/4 823/1/4 825/1/4
f 414/1/4 411/1/4 772/1/4 773/1/4
f 620/1/20 621/1/20 982/1/20 979/1/20
f 362/1/4 359/1/4 720/1/4 721/1/4
f 568/1/20 569/1/20 930/1/20 928/1/20
f 310/1/4 307/1/4 668/1/4 669/1/4
f 516/1/20 517/1/20 878/1/20 876/1/20
f 464/1/20 465/1/20 826/1/20 824/1/20
f 412/1/20 413/1/20 774/1/20 771/1/20
f 621/1/17 622/1/17 981/1/17 982/1/17
f 360/1/20 361/1/20 722/1/20 719/1/20
f 569/1/16 570/1/16 929/1/16 930/1/16
f 308/1/20 309/1/20 670/1/20 667/1/20
f 517/1/15 518/1/15 877/1/15 878/1/15
f 465/1/21 466/1/21 825/1/21 826/1/21
f 413/1/19 414/1/19 773/1/19 774/1/19
f 361/1/18 362/1/18 721/1/18 722/1/18
f 309/1/17 310/1/17 669/1/17 670/1/17
f 623/1/5 624/1/5 983/1/5 984/1/5
f 571/1/22 572/1/22 931/1/22 932/1/22
f 519/1/11 520/1/11 880/1/11 879/1/11
f 467/1/10 468/1/10 828/1/10 827/1/10
f 415/1/7 416/1/7 776/1/7 775/1/7
f 626/1/4 623/1/4 984/1/4 985/1/4
f 363/1/6 364/1/6 723/1/6 724/1/6
f 574/1/4 571/1/4 932/1/4 933/1/4
f 311/1/5 312/1/5 671/1/5 672/1/5
f 522/1/4 519/1/4 879/1/4 881/1/4
f 470/1/4 467/1/4 827/1/4 829/1/4
f 418/1/4 415/1/4 775/1/4 777/1/4
f 624/1/20 625/1/20 986/1/20 983/1/20
f 366/1/4 363/1/4 724/1/4 725/1/4
f 572/1/20 573/1/20 934/1/20 931/1/20
f 314/1/4 311/1/4 672/1/4 673/1/4
f 520/1/20 521/1/20 882/1/20 880/1/20
f 468/1/20 469/1/20 830/1/20 828/1/20
f 416/1/20 417/1/20 778/1/20 776/1/20
f 625/1/18 626/1/18 985/1/18 986/1/18
f 364/1/20 365/1/20 726/1/20 723/1/20
f 573/1/17 574/1/17 933/1/17 934/1/17
f 312/1/20 313/1/20 674/1/20 671/1/20
f 521/1/16 522/1/16 881/1/16 882/1/16
f 469/1/15 470/1/15 829/1/15 830/1/15
f 417/1/21 418/1/21 777/1/21 778/1/21
f 365/1/19 366/1/19 725/1/19 726/1/19
f 313/1/18 314/1/18 673/1/18 674/1/18
f 1018/1/35 1019/1/35 1013/1/35 1009/1/35
f 1014/1/36 1015/1/36 1011/1/36 1007/1/36
f 1008/1/37 1012/1/37 1017/1/37 1016/1/37
f 1644/1/4 2003/1/4 2001/1/4 1641/1/4
f 1433/1/38 1794/1/38 1793/1/38 1434/1/38
f 1485/1/39 1846/1/39 1845/1/39 1486/1/39
f 1537/1/34 1897/1/34 1898/1/34 1538/1/34
f 1040/1/40 1026/1/40 1035/1/40 1041/1/40
f 1036/1/41 1024/1/41 1030/1/41 1037/1/41
f 1589/1/29 1949/1/29 1950/1/29 1590/1/29
f 1641/1/32 2001/1/32 2002/1/32 1642/1/32
f 1025/1/42 1038/1/42 1039/1/42 1031/1/42
f 1149/1/20 1160/1/20 158/1/20 147/1/20
f 1019/1/35 1047/1/35 1044/1/35 1013/1/35
f 1015/1/36 1045/1/36 1042/1/36 1011/1/36
f 1012/1/37 1043/1/37 1046/1/37 1017/1/37
f 1327/1/43 1688/1/43 1687/1/43 1328/1/43
f 1379/1/44 1740/1/44 1739/1/44 1380/1/44
f 1431/1/45 1792/1/45 1791/1/45 1432/1/45
f 1483/1/46 1844/1/46 1843/1/46 1484/1/46
f 1041/1/40 1035/1/40 1055/1/40 1058/1/40
f 1037/1/41 1030/1/41 1050/1/41 1056/1/41
f 1535/1/47 1896/1/47 1895/1/47 1536/1/47
f 1326/1/20 1686/1/20 1688/1/20 1327/1/20
f 1031/1/42 1039/1/42 1057/1/42 1051/1/42
f 1047/1/35 1059/1/35 1063/1/35 1044/1/35
f 1045/1/36 1067/1/36 1061/1/36 1042/1/36
f 1043/1/37 1062/1/37 1069/1/37 1046/1/37
f 1587/1/48 1948/1/48 1947/1/48 1588/1/48
f 1378/1/20 1738/1/20 1740/1/20 1379/1/20
f 1639/1/43 2000/1/43 1999/1/43 1640/1/43
f 1430/1/20 1789/1/20 1792/1/20 1431/1/20
f 1058/1/40 1055/1/40 1078/1/40 1060/1/40
f 1056/1/41 1050/1/41 1076/1/41 1088/1/41
f 1482/1/20 1841/1/20 1844/1/20 1483/1/20
f 1534/1/20 1893/1/20 1896/1/20 1535/1/20
f 1051/1/42 1057/1/42 1090/1/42 1077/1/42
f 1059/1/35 1071/1/35 1066/1/35 1063/1/35
f 1067/1/36 1068/1/36 1064/1/36 1061/1/36
f 1062/1/37 1065/1/37 1070/1/37 1069/1/37
f 1328/1/4 1687/1/4 1685/1/4 1325/1/4
f 1586/1/20 1946/1/20 1948/1/20 1587/1/20
f 1380/1/4 1739/1/4 1737/1/4 1377/1/4
f 1638/1/20 1998/1/20 2000/1/20 1639/1/20
f 1060/1/40 1078/1/40 1087/1/40 1092/1/40
f 1088/1/41 1076/1/41 1082/1/41 1089/1/41
f 1432/1/4 1791/1/4 1790/1/4 1429/1/4
f 1484/1/4 1843/1/4 1842/1/4 1481/1/4
f 1077/1/42 1090/1/42 1091/1/42 1083/1/42
f 1071/1/35 1098/1/35 1095/1/35 1066/1/35
f 1068/1/36 1096/1/36 1093/1/36 1064/1/36
f 1065/1/37 1094/1/37 1097/1/37 1070/1/37
f 1536/1/4 1895/1/4 1894/1/4 1533/1/4
f 1325/1/29 1685/1/29 1686/1/29 1326/1/29
f 1588/1/4 1947/1/4 1945/1/4 1585/1/4
f 1377/1/32 1737/1/32 1738/1/32 1378/1/32
f 1092/1/40 1087/1/40 1106/1/40 1109/1/40
f 1089/1/41 1082/1/41 1101/1/41 1107/1/41
f 1640/1/4 1999/1/4 1997/1/4 1637/1/4
f 1429/1/33 1790/1/33 1789/1/33 1430/1/33
f 1083/1/42 1091/1/42 1108/1/42 1102/1/42
f 1098/1/35 1115/1/35 1112/1/35 1095/1/35
f 1096/1/36 1113/1/36 1110/1/36 1093/1/36
f 1094/1/37 1111/1/37 1114/1/37 1097/1/37
f 1481/1/38 1842/1/38 1841/1/38 1482/1/38
f 1533/1/39 1894/1/39 1893/1/39 1534/1/39
f 1585/1/34 1945/1/34 1946/1/34 1586/1/34
f 1637/1/29 1997/1/29 1998/1/29 1638/1/29
f 1109/1/40 1106/1/40 1123/1/40 1126/1/40
f 1107/1/41 1101/1/41 1118/1/41 1124/1/41
f 1323/1/48 1684/1/48 1683/1/48 1324/1/48
f 1375/1/43 1736/1/43 1735/1/43 1376/1/43
f 1102/1/42 1108/1/42 1125/1/42 1119/1/42
f 1270/1/4 268/1/4 282/1/4 1284/1/4
f 1038/1/20 1016/1/20 1014/1/20 1036/1/20
f 1115/1/35 1132/1/35 1129/1/35 1112/1/35
f 1113/1/36 1130/1/36 1127/1/36 1110/1/36
f 1111/1/37 1128/1/37 1131/1/37 1114/1/37
f 1427/1/44 1788/1/44 1787/1/44 1428/1/44
f 1479/1/45 1840/1/45 1839/1/45 1480/1/45
f 1531/1/46 1892/1/46 1891/1/46 1532/1/46
f 1322/1/20 1682/1/20 1684/1/20 1323/1/20
f 1126/1/40 1123/1/40 1140/1/40 1143/1/40
f 1124/1/41 1118/1/41 1135/1/41 1141/1/41
f 1583/1/47 1944/1/47 1943/1/47 1584/1/47
f 1374/1/20 1734/1/20 1736/1/20 1375/1/20
f 1119/1/42 1125/1/42 1142/1/42 1136/1/42
f 1132/1/35 1149/1/35 1146/1/35 1129/1/35
f 1130/1/36 1147/1/36 1144/1/36 1127/1/36
f 1128/1/37 1145/1/37 1148/1/37 1131/1/37
f 1635/1/48 1996/1/48 1995/1/48 1636/1/48
f 1426/1/20 1786/1/20 1788/1/20 1427/1/20
f 1478/1/20 1837/1/20 1840/1/20 1479/1/20
f 1530/1/20 1889/1/20 1892/1/20 1531/1/20
f 1143/1/40 1140/1/40 1157/1/40 1160/1/40
f 1141/1/41 1135/1/41 1152/1/41 1158/1/41
f 1324/1/4 1683/1/4 1681/1/4 1321/1/4
f 1582/1/20 1941/1/20 1944/1/20 1583/1/20
f 1136/1/42 1142/1/42 1159/1/42 1153/1/42
f 1016/1/20 1038/1/20 1025/1/20 1008/1/20
f 1015/1/24 1014/1/24 1016/1/24 1017/1/24
f 1149/1/35 1166/1/35 1163/1/35 1146/1/35
f 1147/1/36 1164/1/36 1161/1/36 1144/1/36
f 1145/1/37 1162/1/37 1165/1/37 1148/1/37
f 1376/1/4 1735/1/4 1733/1/4 1373/1/4
f 1634/1/20 1994/1/20 1996/1/20 1635/1/20
f 1428/1/4 1787/1/4 1785/1/4 1425/1/4
f 1480/1/4 1839/1/4 1838/1/4 1477/1/4
f 1160/1/40 1157/1/40 1174/1/40 1177/1/40
f 1158/1/41 1152/1/41 1169/1/41 1175/1/41
f 1532/1/4 1891/1/4 1890/1/4 1529/1/4
f 1321/1/34 1681/1/34 1682/1/34 1322/1/34
f 1153/1/42 1159/1/42 1176/1/42 1170/1/42
f 1008/1/20 1025/1/20 1021/1/20 1004/1/20
f 1166/1/35 1183/1/35 1180/1/35 1163/1/35
f 1164/1/36 1181/1/36 1178/1/36 1161/1/36
f 1162/1/37 1179/1/37 1182/1/37 1165/1/37
f 1584/1/4 1943/1/4 1942/1/4 1581/1/4
f 1373/1/29 1733/1/29 1734/1/29 1374/1/29
f 1636/1/4 1995/1/4 1993/1/4 1633/1/4
f 1425/1/32 1785/1/32 1786/1/32 1426/1/32
f 1177/1/40 1174/1/40 1191/1/40 1194/1/40
f 1175/1/41 1169/1/41 1186/1/41 1192/1/41
f 1477/1/33 1838/1/33 1837/1/33 1478/1/33
f 1529/1/38 1890/1/38 1889/1/38 1530/1/38
f 1170/1/42 1176/1/42 1193/1/42 1187/1/42
f 1142/1/23 1125/1/23 1124/1/23 1141/1/23
f 1004/1/20 1021/1/20 1020/1/20 1003/1/20
f 1183/1/35 1200/1/35 1197/1/35 1180/1/35
f 1181/1/36 1198/1/36 1195/1/36 1178/1/36
f 1179/1/37 1196/1/37 1199/1/37 1182/1/37
f 1581/1/39 1942/1/39 1941/1/39 1582/1/39
f 1633/1/34 1993/1/34 1994/1/34 1634/1/34
f 1319/1/47 1680/1/47 1679/1/47 1320/1/47
f 1371/1/48 1732/1/48 1731/1/48 1372/1/48
f 1194/1/40 1191/1/40 1208/1/40 1211/1/40
f 1192/1/41 1186/1/41 1203/1/41 1209/1/41
f 1423/1/43 1784/1/43 1783/1/43 1424/1/43
f 1475/1/44 1836/1/44 1835/1/44 1476/1/44
f 1187/1/42 1193/1/42 1210/1/42 1204/1/42
f 1125/1/23 1108/1/23 1107/1/23 1124/1/23
f 1143/1/49 1160/1/49 1149/1/49 1132/1/49
f 1003/1/20 1020/1/20 1023/1/20 1006/1/20
f 1200/1/35 1214/1/35 1221/1/35 1197/1/35
f 1198/1/36 1213/1/36 1212/1/36 1195/1/36
f 1196/1/37 1220/1/37 1226/1/37 1199/1/37
f 1527/1/45 1888/1/45 1887/1/45 1528/1/45
f 1318/1/20 1677/1/20 1680/1/20 1319/1/20
f 1579/1/46 1940/1/46 1939/1/46 1580/1/46
f 1370/1/20 1730/1/20 1732/1/20 1371/1/20
f 1211/1/40 1208/1/40 1219/1/40 1244/1/40
f 1209/1/41 1203/1/41 1216/1/41 1240/1/41
f 1631/1/47 1992/1/47 1991/1/47 1632/1/47
f 1422/1/20 1782/1/20 1784/1/20 1423/1/20
f 1204/1/42 1210/1/42 1242/1/42 1217/1/42
f 1108/1/23 1091/1/23 1089/1/23 1107/1/23
f 1006/1/20 1023/1/20 1022/1/20 1005/1/20
f 1214/1/35 1228/1/35 1224/1/35 1221/1/35
f 1213/1/36 1225/1/36 1222/1/36 1212/1/36
f 1220/1/37 1223/1/37 1227/1/37 1226/1/37
f 1474/1/20 1834/1/20 1836/1/20 1475/1/20
f 1526/1/20 1885/1/20 1888/1/20 1527/1/20
f 1320/1/4 1679/1/4 1678/1/4 1317/1/4
f 1578/1/20 1937/1/20 1940/1/20 1579/1/20
f 1244/1/40 1219/1/40 1239/1/40 1245/1/40
f 1240/1/41 1216/1/41 1234/1/41 1241/1/41
f 1372/1/4 1731/1/4 1729/1/4 1369/1/4
f 1630/1/20 1989/1/20 1992/1/20 1631/1/20
f 1217/1/42 1242/1/42 1243/1/42 1235/1/42
f 1088/1/23 1089/1/23 1091/1/23 1090/1/23
f 1005/1/20 1022/1/20 1027/1/20 1010/1/20
f 1228/1/35 1249/1/35 1259/1/35 1224/1/35
f 1225/1/36 1247/1/36 1246/1/36 1222/1/36
f 1223/1/37 1258/1/37 1248/1/37 1227/1/37
f 1424/1/4 1783/1/4 1781/1/4 1421/1/4
f 1476/1/4 1835/1/4 1833/1/4 1473/1/4
f 1528/1/4 1887/1/4 1886/1/4 1525/1/4
f 1317/1/39 1678/1/39 1677/1/39 1318/1/39
f 1245/1/40 1239/1/40 1256/1/40 1283/1/40
f 1241/1/41 1234/1/41 1251/1/41 1257/1/41
f 1580/1/4 1939/1/4 1938/1/4 1577/1/4
f 1369/1/34 1729/1/34 1730/1/34 1370/1/34
f 1235/1/42 1243/1/42 1281/1/42 1252/1/42
f 1090/1/23 1057/1/23 1056/1/23 1088/1/23
f 1010/1/20 1027/1/20 1026/1/20 1009/1/20
f 1249/1/35 1270/1/35 1267/1/35 1259/1/35
f 1247/1/36 1268/1/36 1262/1/36 1246/1/36
f 1258/1/37 1263/1/37 1269/1/37 1248/1/37
f 1632/1/4 1991/1/4 1990/1/4 1629/1/4
f 1421/1/29 1781/1/29 1782/1/29 1422/1/29
f 1473/1/32 1833/1/32 1834/1/32 1474/1/32
f 1525/1/33 1886/1/33 1885/1/33 1526/1/33
f 1283/1/40 1256/1/40 1279/1/40 1284/1/40
f 1257/1/41 1251/1/41 1274/1/41 1280/1/41
f 1577/1/38 1938/1/38 1937/1/38 1578/1/38
f 1629/1/39 1990/1/39 1989/1/39 1630/1/39
f 1252/1/42 1281/1/42 1282/1/42 1275/1/42
f 1057/1/23 1039/1/23 1037/1/23 1056/1/23
f 1009/1/20 1026/1/20 1040/1/20 1018/1/20
f 1014/1/20 1007/1/20 1024/1/20 1036/1/20
f 1011/1/50 1030/1/50 1024/1/50 1007/1/50
f 1042/1/50 1050/1/50 1030/1/50 1011/1/50
f 1061/1/50 1076/1/50 1050/1/50 1042/1/50
f 1064/1/50 1082/1/50 1076/1/50 1061/1/50
f 1093/1/50 1101/1/50 1082/1/50 1064/1/50
f 1110/1/50 1118/1/50 1101/1/50 1093/1/50
f 1127/1/50 1135/1/50 1118/1/50 1110/1/50
f 1144/1/50 1152/1/50 1135/1/50 1127/1/50
f 1161/1/50 1169/1/50 1152/1/50 1144/1/50
f 1178/1/50 1186/1/50 1169/1/50 1161/1/50
f 1195/1/50 1203/1/50 1186/1/50 1178/1/50
f 1212/1/50 1216/1/50 1203/1/50 1195/1/50
f 1222/1/50 1234/1/50 1216/1/50 1212/1/50
f 1246/1/50 1251/1/50 1234/1/50 1222/1/50
f 1262/1/50 1274/1/50 1251/1/50 1246/1/50
f 1262/1/4 1268/1/4 1280/1/4 1274/1/4
f 1131/1/51 1148/1/51 1159/1/51 1142/1/51
f 1017/1/24 1046/1/24 1045/1/24 1015/1/24
f 1159/1/23 1158/1/23 1175/1/23 1176/1/23
f 1175/1/23 1192/1/23 1193/1/23 1176/1/23
f 1192/1/23 1209/1/23 1210/1/23 1193/1/23
f 1209/1/23 1240/1/23 1242/1/23 1210/1/23
f 1240/1/23 1241/1/23 1243/1/23 1242/1/23
f 1241/1/23 1257/1/23 1281/1/23 1243/1/23
f 1281/1/23 1257/1/23 1280/1/23 1282/1/23
f 1280/1/4 1268/1/4 1269/1/4 1282/1/4
f 1247/1/24 1248/1/24 1269/1/24 1268/1/24
f 1225/1/24 1227/1/24 1248/1/24 1247/1/24
f 1226/1/24 1227/1/24 1225/1/24 1213/1/24
f 1198/1/24 1199/1/24 1226/1/24 1213/1/24
f 1181/1/24 1182/1/24 1199/1/24 1198/1/24
f 1164/1/24 1165/1/24 1182/1/24 1181/1/24
f 1036/1/23 1037/1/23 1039/1/23 1038/1/23
f 1142/1/4 1141/1/4 1130/1/4 1131/1/4
f 1113/1/24 1114/1/24 1131/1/24 1130/1/24
f 1096/1/24 1097/1/24 1114/1/24 1113/1/24
f 1068/1/24 1070/1/24 1097/1/24 1096/1/24
f 1067/1/24 1069/1/24 1070/1/24 1068/1/24
f 1045/1/24 1046/1/24 1069/1/24 1067/1/24
f 1269/1/4 1263/1/4 1275/1/4 1282/1/4
f 1263/1/4 1265/1/4 1277/1/4 1275/1/4
f 1265/1/4 1260/1/4 1272/1/4 1277/1/4
f 1260/1/4 1266/1/4 1278/1/4 1272/1/4
f 1266/1/4 1261/1/4 1273/1/4 1278/1/4
f 1261/1/4 1264/1/4 1276/1/4 1273/1/4
f 1264/1/4 1267/1/4 1279/1/4 1276/1/4
f 1284/1/4 1279/1/4 1267/1/4 1270/1/4
f 1147/1/24 1148/1/24 1165/1/24 1164/1/24
f 1130/1/52 1141/1/52 1158/1/52 1147/1/52
f 158/1/13 1160/1/13 1177/1/13 175/1/13
f 1023/1/10 1285/1/10 1286/1/10 1034/1/10
f 1034/1/10 1286/1/10 1287/1/10 1028/1/10
f 1028/1/10 1287/1/10 1288/1/10 1020/1/10
f 1020/1/10 1288/1/10 1285/1/10 1023/1/10
f 1021/1/53 1289/1/53 1290/1/53 1033/1/53
f 1033/1/53 1290/1/53 1291/1/53 1031/1/53
f 1031/1/53 1291/1/53 1292/1/53 1025/1/53
f 1025/1/53 1292/1/53 1289/1/53 1021/1/53
f 1026/1/54 1293/1/54 1294/1/54 1035/1/54
f 1035/1/54 1294/1/54 1295/1/54 1032/1/54
f 1032/1/54 1295/1/54 1296/1/54 1027/1/54
f 1027/1/54 1296/1/54 1293/1/54 1026/1/54
f 1027/1/11 1297/1/11 1298/1/11 1032/1/11
f 1032/1/11 1298/1/11 1299/1/11 1029/1/11
f 1029/1/11 1299/1/11 1300/1/11 1022/1/11
f 1022/1/11 1300/1/11 1297/1/11 1027/1/11
f 1022/1/22 1301/1/22 1302/1/22 1029/1/22
f 1029/1/22 1302/1/22 1303/1/22 1034/1/22
f 1034/1/22 1303/1/22 1304/1/22 1023/1/22
f 1023/1/22 1304/1/22 1301/1/22 1022/1/22
f 1020/1/7 1305/1/7 1306/1/7 1028/1/7
f 1028/1/7 1306/1/7 1307/1/7 1033/1/7
f 1033/1/7 1307/1/7 1308/1/7 1021/1/7
f 1021/1/7 1308/1/7 1305/1/7 1020/1/7
f 1034/1/10 1309/1/10 1310/1/10 1054/1/10
f 1054/1/10 1310/1/10 1311/1/10 1048/1/10
f 1048/1/10 1311/1/10 1312/1/10 1028/1/10
f 1028/1/10 1312/1/10 1309/1/10 1034/1/10
f 1033/1/53 1313/1/53 1314/1/53 1053/1/53
f 1053/1/53 1314/1/53 1315/1/53 1051/1/53
f 1051/1/53 1315/1/53 1316/1/53 1031/1/53
f 1031/1/53 1316/1/53 1313/1/53 1033/1/53
f 1035/1/54 1317/1/54 1318/1/54 1055/1/54
f 1055/1/54 1318/1/54 1319/1/54 1052/1/54
f 1052/1/54 1319/1/54 1320/1/54 1032/1/54
f 1032/1/54 1320/1/54 1317/1/54 1035/1/54
f 1032/1/11 1321/1/11 1322/1/11 1052/1/11
f 1052/1/11 1322/1/11 1323/1/11 1049/1/11
f 1049/1/11 1323/1/11 1324/1/11 1029/1/11
f 1029/1/11 1324/1/11 1321/1/11 1032/1/11
f 1029/1/22 1325/1/22 1326/1/22 1049/1/22
f 1049/1/22 1326/1/22 1327/1/22 1054/1/22
f 1054/1/22 1327/1/22 1328/1/22 1034/1/22
f 1034/1/22 1328/1/22 1325/1/22 1029/1/22
f 1028/1/7 1329/1/7 1330/1/7 1048/1/7
f 1048/1/7 1330/1/7 1331/1/7 1053/1/7
f 1053/1/7 1331/1/7 1332/1/7 1033/1/7
f 1033/1/7 1332/1/7 1329/1/7 1028/1/7
f 1054/1/10 1333/1/10 1334/1/10 1075/1/10
f 1075/1/10 1334/1/10 1335/1/10 1072/1/10
f 1072/1/10 1335/1/10 1336/1/10 1048/1/10
f 1048/1/10 1336/1/10 1333/1/10 1054/1/10
f 1053/1/53 1337/1/53 1338/1/53 1073/1/53
f 1073/1/53 1338/1/53 1339/1/53 1077/1/53
f 1077/1/53 1339/1/53 1340/1/53 1051/1/53
f 1051/1/53 1340/1/53 1337/1/53 1053/1/53
f 1055/1/54 1341/1/54 1342/1/54 1078/1/54
f 1078/1/54 1342/1/54 1343/1/54 1079/1/54
f 1079/1/54 1343/1/54 1344/1/54 1052/1/54
f 1052/1/54 1344/1/54 1341/1/54 1055/1/54
f 1052/1/11 1345/1/11 1346/1/11 1079/1/11
f 1079/1/11 1346/1/11 1347/1/11 1074/1/11
f 1074/1/11 1347/1/11 1348/1/11 1049/1/11
f 1049/1/11 1348/1/11 1345/1/11 1052/1/11
f 1049/1/22 1349/1/22 1350/1/22 1074/1/22
f 1074/1/22 1350/1/22 1351/1/22 1075/1/22
f 1075/1/22 1351/1/22 1352/1/22 1054/1/22
f 1054/1/22 1352/1/22 1349/1/22 1049/1/22
f 1048/1/7 1353/1/7 1354/1/7 1072/1/7
f 1072/1/7 1354/1/7 1355/1/7 1073/1/7
f 1073/1/7 1355/1/7 1356/1/7 1053/1/7
f 1053/1/7 1356/1/7 1353/1/7 1048/1/7
f 1075/1/10 1357/1/10 1358/1/10 1086/1/10
f 1086/1/10 1358/1/10 1359/1/10 1080/1/10
f 1080/1/10 1359/1/10 1360/1/10 1072/1/10
f 1072/1/10 1360/1/10 1357/1/10 1075/1/10
f 1073/1/53 1361/1/53 1362/1/53 1085/1/53
f 1085/1/53 1362/1/53 1363/1/53 1083/1/53
f 1083/1/53 1363/1/53 1364/1/53 1077/1/53
f 1077/1/53 1364/1/53 1361/1/53 1073/1/53
f 1078/1/54 1365/1/54 1366/1/54 1087/1/54
f 1087/1/54 1366/1/54 1367/1/54 1084/1/54
f 1084/1/54 1367/1/54 1368/1/54 1079/1/54
f 1079/1/54 1368/1/54 1365/1/54 1078/1/54
f 1079/1/11 1369/1/11 1370/1/11 1084/1/11
f 1084/1/11 1370/1/11 1371/1/11 1081/1/11
f 1081/1/11 1371/1/11 1372/1/11 1074/1/11
f 1074/1/11 1372/1/11 1369/1/11 1079/1/11
f 1074/1/22 1373/1/22 1374/1/22 1081/1/22
f 1081/1/22 1374/1/22 1375/1/22 1086/1/22
f 1086/1/22 1375/1/22 1376/1/22 1075/1/22
f 1075/1/22 1376/1/22 1373/1/22 1074/1/22
f 1072/1/7 1377/1/7 1378/1/7 1080/1/7
f 1080/1/7 1378/1/7 1379/1/7 1085/1/7
f 1085/1/7 1379/1/7 1380/1/7 1073/1/7
f 1073/1/7 1380/1/7 1377/1/7 1072/1/7
f 1086/1/10 1381/1/10 1382/1/10 1105/1/10
f 1105/1/10 1382/1/10 1383/1/10 1099/1/10
f 1099/1/10 1383/1/10 1384/1/10 1080/1/10
f 1080/1/10 1384/1/10 1381/1/10 1086/1/10
f 1085/1/53 1385/1/53 1386/1/53 1104/1/53
f 1104/1/53 1386/1/53 1387/1/53 1102/1/53
f 1102/1/53 1387/1/53 1388/1/53 1083/1/53
f 1083/1/53 1388/1/53 1385/1/53 1085/1/53
f 1087/1/54 1389/1/54 1390/1/54 1106/1/54
f 1106/1/54 1390/1/54 1391/1/54 1103/1/54
f 1103/1/54 1391/1/54 1392/1/54 1084/1/54
f 1084/1/54 1392/1/54 1389/1/54 1087/1/54
f 1084/1/11 1393/1/11 1394/1/11 1103/1/11
f 1103/1/11 1394/1/11 1395/1/11 1100/1/11
f 1100/1/11 1395/1/11 1396/1/11 1081/1/11
f 1081/1/11 1396/1/11 1393/1/11 1084/1/11
f 1081/1/22 1397/1/22 1398/1/22 1100/1/22
f 1100/1/22 1398/1/22 1399/1/22 1105/1/22
f 1105/1/22 1399/1/22 1400/1/22 1086/1/22
f 1086/1/22 1400/1/22 1397/1/22 1081/1/22
f 1080/1/7 1401/1/7 1402/1/7 1099/1/7
f 1099/1/7 1402/1/7 1403/1/7 1104/1/7
f 1104/1/7 1403/1/7 1404/1/7 1085/1/7
f 1085/1/7 1404/1/7 1401/1/7 1080/1/7
f 1105/1/10 1405/1/10 1406/1/10 1122/1/10
f 1122/1/10 1406/1/10 1407/1/10 1116/1/10
f 1116/1/10 1407/1/10 1408/1/10 1099/1/10
f 1099/1/10 1408/1/10 1405/1/10 1105/1/10
f 1104/1/53 1409/1/53 1410/1/53 1121/1/53
f 1121/1/53 1410/1/53 1411/1/53 1119/1/53
f 1119/1/53 1411/1/53 1412/1/53 1102/1/53
f 1102/1/53 1412/1/53 1409/1/53 1104/1/53
f 1106/1/54 1413/1/54 1414/1/54 1123/1/54
f 1123/1/54 1414/1/54 1415/1/54 1120/1/54
f 1120/1/54 1415/1/54 1416/1/54 1103/1/54
f 1103/1/54 1416/1/54 1413/1/54 1106/1/54
f 1103/1/11 1417/1/11 1418/1/11 1120/1/11
f 1120/1/11 1418/1/11 1419/1/11 1117/1/11
f 1117/1/11 1419/1/11 1420/1/11 1100/1/11
f 1100/1/11 1420/1/11 1417/1/11 1103/1/11
f 1100/1/22 1421/1/22 1422/1/22 1117/1/22
f 1117/1/22 1422/1/22 1423/1/22 1122/1/22
f 1122/1/22 1423/1/22 1424/1/22 1105/1/22
f 1105/1/22 1424/1/22 1421/1/22 1100/1/22
f 1099/1/7 1425/1/7 1426/1/7 1116/1/7
f 1116/1/7 1426/1/7 1427/1/7 1121/1/7
f 1121/1/7 1427/1/7 1428/1/7 1104/1/7
f 1104/1/7 1428/1/7 1425/1/7 1099/1/7
f 1122/1/10 1429/1/10 1430/1/10 1139/1/10
f 1139/1/10 1430/1/10 1431/1/10 1133/1/10
f 1133/1/10 1431/1/10 1432/1/10 1116/1/10
f 1116/1/10 1432/1/10 1429/1/10 1122/1/10
f 1121/1/53 1433/1/53 1434/1/53 1138/1/53
f 1138/1/53 1434/1/53 1435/1/53 1136/1/53
f 1136/1/53 1435/1/53 1436/1/53 1119/1/53
f 1119/1/53 1436/1/53 1433/1/53 1121/1/53
f 1123/1/54 1437/1/54 1438/1/54 1140/1/54
f 1140/1/54 1438/1/54 1439/1/54 1137/1/54
f 1137/1/54 1439/1/54 1440/1/54 1120/1/54
f 1120/1/54 1440/1/54 1437/1/54 1123/1/54
f 1120/1/11 1441/1/11 1442/1/11 1137/1/11
f 1137/1/11 1442/1/11 1443/1/11 1134/1/11
f 1134/1/11 1443/1/11 1444/1/11 1117/1/11
f 1117/1/11 1444/1/11 1441/1/11 1120/1/11
f 1117/1/22 1445/1/22 1446/1/22 1134/1/22
f 1134/1/22 1446/1/22 1447/1/22 1139/1/22
f 1139/1/22 1447/1/22 1448/1/22 1122/1/22
f 1122/1/22 1448/1/22 1445/1/22 1117/1/22
f 1116/1/7 1449/1/7 1450/1/7 1133/1/7
f 1133/1/7 1450/1/7 1451/1/7 1138/1/7
f 1138/1/7 1451/1/7 1452/1/7 1121/1/7
f 1121/1/7 1452/1/7 1449/1/7 1116/1/7
f 1139/1/10 1453/1/10 1454/1/10 1156/1/10
f 1156/1/10 1454/1/10 1455/1/10 1150/1/10
f 1150/1/10 1455/1/10 1456/1/10 1133/1/10
f 1133/1/10 1456/1/10 1453/1/10 1139/1/10
f 1138/1/53 1457/1/53 1458/1/53 1155/1/53
f 1155/1/53 1458/1/53 1459/1/53 1153/1/53
f 1153/1/53 1459/1/53 1460/1/53 1136/1/53
f 1136/1/53 1460/1/53 1457/1/53 1138/1/53
f 1140/1/54 1461/1/54 1462/1/54 1157/1/54
f 1157/1/54 1462/1/54 1463/1/54 1154/1/54
f 1154/1/54 1463/1/54 1464/1/54 1137/1/54
f 1137/1/54 1464/1/54 1461/1/54 1140/1/54
f 1137/1/11 1465/1/11 1466/1/11 1154/1/11
f 1154/1/11 1466/1/11 1467/1/11 1151/1/11
f 1151/1/11 1467/1/11 1468/1/11 1134/1/11
f 1134/1/11 1468/1/11 1465/1/11 1137/1/11
f 1134/1/22 1469/1/22 1470/1/22 1151/1/22
f 1151/1/22 1470/1/22 1471/1/22 1156/1/22
f 1156/1/22 1471/1/22 1472/1/22 1139/1/22
f 1139/1/22 1472/1/22 1469/1/22 1134/1/22
f 1133/1/7 1473/1/7 1474/1/7 1150/1/7
f 1150/1/7 1474/1/7 1475/1/7 1155/1/7
f 1155/1/7 1475/1/7 1476/1/7 1138/1/7
f 1138/1/7 1476/1/7 1473/1/7 1133/1/7
f 1156/1/10 1477/1/10 1478/1/10 1173/1/10
f 1173/1/10 1478/1/10 1479/1/10 1167/1/10
f 1167/1/10 1479/1/10 1480/1/10 1150/1/10
f 1150/1/10 1480/1/10 1477/1/10 1156/1/10
f 1155/1/53 1481/1/53 1482/1/53 1172/1/53
f 1172/1/53 1482/1/53 1483/1/53 1170/1/53
f 1170/1/53 1483/1/53 1484/1/53 1153/1/53
f 1153/1/53 1484/1/53 1481/1/53 1155/1/53
f 1157/1/54 1485/1/54 1486/1/54 1174/1/54
f 1174/1/54 1486/1/54 1487/1/54 1171/1/54
f 1171/1/54 1487/1/54 1488/1/54 1154/1/54
f 1154/1/54 1488/1/54 1485/1/54 1157/1/54
f 1154/1/11 1489/1/11 1490/1/11 1171/1/11
f 1171/1/11 1490/1/11 1491/1/11 1168/1/11
f 1168/1/11 1491/1/11 1492/1/11 1151/1/11
f 1151/1/11 1492/1/11 1489/1/11 1154/1/11
f 1151/1/22 1493/1/22 1494/1/22 1168/1/22
f 1168/1/22 1494/1/22 1495/1/22 1173/1/22
f 1173/1/22 1495/1/22 1496/1/22 1156/1/22
f 1156/1/22 1496/1/22 1493/1/22 1151/1/22
f 1150/1/7 1497/1/7 1498/1/7 1167/1/7
f 1167/1/7 1498/1/7 1499/1/7 1172/1/7
f 1172/1/7 1499/1/7 1500/1/7 1155/1/7
f 1155/1/7 1500/1/7 1497/1/7 1150/1/7
f 1173/1/10 1501/1/10 1502/1/10 1190/1/10
f 1190/1/10 1502/1/10 1503/1/10 1184/1/10
f 1184/1/10 1503/1/10 1504/1/10 1167/1/10
f 1167/1/10 1504/1/10 1501/1/10 1173/1/10
f 1172/1/53 1505/1/53 1506/1/53 1189/1/53
f 1189/1/53 1506/1/53 1507/1/53 1187/1/53
f 1187/1/53 1507/1/53 1508/1/53 1170/1/53
f 1170/1/53 1508/1/53 1505/1/53 1172/1/53
f 1174/1/54 1509/1/54 1510/1/54 1191/1/54
f 1191/1/54 1510/1/54 1511/1/54 1188/1/54
f 1188/1/54 1511/1/54 1512/1/54 1171/1/54
f 1171/1/54 1512/1/54 1509/1/54 1174/1/54
f 1171/1/11 1513/1/11 1514/1/11 1188/1/11
f 1188/1/11 1514/1/11 1515/1/11 1185/1/11
f 1185/1/11 1515/1/11 1516/1/11 1168/1/11
f 1168/1/11 1516/1/11 1513/1/11 1171/1/11
f 1168/1/22 1517/1/22 1518/1/22 1185/1/22
f 1185/1/22 1518/1/22 1519/1/22 1190/1/22
f 1190/1/22 1519/1/22 1520/1/22 1173/1/22
f 1173/1/22 1520/1/22 1517/1/22 1168/1/22
f 1167/1/7 1521/1/7 1522/1/7 1184/1/7
f 1184/1/7 1522/1/7 1523/1/7 1189/1/7
f 1189/1/7 1523/1/7 1524/1/7 1172/1/7
f 1172/1/7 1524/1/7 1521/1/7 1167/1/7
f 1190/1/10 1525/1/10 1526/1/10 1207/1/10
f 1207/1/10 1526/1/10 1527/1/10 1201/1/10
f 1201/1/10 1527/1/10 1528/1/10 1184/1/10
f 1184/1/10 1528/1/10 1525/1/10 1190/1/10
f 1189/1/53 1529/1/53 1530/1/53 1206/1/53
f 1206/1/53 1530/1/53 1531/1/53 1204/1/53
f 1204/1/53 1531/1/53 1532/1/53 1187/1/53
f 1187/1/53 1532/1/53 1529/1/53 1189/1/53
f 1191/1/54 1533/1/54 1534/1/54 1208/1/54
f 1208/1/54 1534/1/54 1535/1/54 1205/1/54
f 1205/1/54 1535/1/54 1536/1/54 1188/1/54
f 1188/1/54 1536/1/54 1533/1/54 1191/1/54
f 1188/1/11 1537/1/11 1538/1/11 1205/1/11
f 1205/1/11 1538/1/11 1539/1/11 1202/1/11
f 1202/1/11 1539/1/11 1540/1/11 1185/1/11
f 1185/1/11 1540/1/11 1537/1/11 1188/1/11
f 1185/1/22 1541/1/22 1542/1/22 1202/1/22
f 1202/1/22 1542/1/22 1543/1/22 1207/1/22
f 1207/1/22 1543/1/22 1544/1/22 1190/1/22
f 1190/1/22 1544/1/22 1541/1/22 1185/1/22
f 1184/1/7 1545/1/7 1546/1/7 1201/1/7
f 1201/1/7 1546/1/7 1547/1/7 1206/1/7
f 1206/1/7 1547/1/7 1548/1/7 1189/1/7
f 1189/1/7 1548/1/7 1545/1/7 1184/1/7
f 1207/1/10 1549/1/10 1550/1/10 1231/1/10
f 1231/1/10 1550/1/10 1551/1/10 1229/1/10
f 1229/1/10 1551/1/10 1552/1/10 1201/1/10
f 1201/1/10 1552/1/10 1549/1/10 1207/1/10
f 1206/1/53 1553/1/53 1554/1/53 1230/1/53
f 1230/1/53 1554/1/53 1555/1/53 1217/1/53
f 1217/1/53 1555/1/53 1556/1/53 1204/1/53
f 1204/1/53 1556/1/53 1553/1/53 1206/1/53
f 1208/1/54 1557/1/54 1558/1/54 1219/1/54
f 1219/1/54 1558/1/54 1559/1/54 1218/1/54
f 1218/1/54 1559/1/54 1560/1/54 1205/1/54
f 1205/1/54 1560/1/54 1557/1/54 1208/1/54
f 1205/1/11 1561/1/11 1562/1/11 1218/1/11
f 1218/1/11 1562/1/11 1563/1/11 1215/1/11
f 1215/1/11 1563/1/11 1564/1/11 1202/1/11
f 1202/1/11 1564/1/11 1561/1/11 1205/1/11
f 1202/1/22 1565/1/22 1566/1/22 1215/1/22
f 1215/1/22 1566/1/22 1567/1/22 1231/1/22
f 1231/1/22 1567/1/22 1568/1/22 1207/1/22
f 1207/1/22 1568/1/22 1565/1/22 1202/1/22
f 1201/1/7 1569/1/7 1570/1/7 1229/1/7
f 1229/1/7 1570/1/7 1571/1/7 1230/1/7
f 1230/1/7 1571/1/7 1572/1/7 1206/1/7
f 1206/1/7 1572/1/7 1569/1/7 1201/1/7
f 1231/1/10 1573/1/10 1574/1/10 1238/1/10
f 1238/1/10 1574/1/10 1575/1/10 1232/1/10
f 1232/1/10 1575/1/10 1576/1/10 1229/1/10
f 1229/1/10 1576/1/10 1573/1/10 1231/1/10
f 1230/1/53 1577/1/53 1578/1/53 1237/1/53
f 1237/1/53 1578/1/53 1579/1/53 1235/1/53
f 1235/1/53 1579/1/53 1580/1/53 1217/1/53
f 1217/1/53 1580/1/53 1577/1/53 1230/1/53
f 1219/1/54 1581/1/54 1582/1/54 1239/1/54
f 1239/1/54 1582/1/54 1583/1/54 1236/1/54
f 1236/1/54 1583/1/54 1584/1/54 1218/1/54
f 1218/1/54 1584/1/54 1581/1/54 1219/1/54
f 1218/1/11 1585/1/11 1586/1/11 1236/1/11
f 1236/1/11 1586/1/11 1587/1/11 1233/1/11
f 1233/1/11 1587/1/11 1588/1/11 1215/1/11
f 1215/1/11 1588/1/11 1585/1/11 1218/1/11
f 1215/1/22 1589/1/22 1590/1/22 1233/1/22
f 1233/1/22 1590/1/22 1591/1/22 1238/1/22
f 1238/1/22 1591/1/22 1592/1/22 1231/1/22
f 1231/1/22 1592/1/22 1589/1/22 1215/1/22
f 1229/1/7 1593/1/7 1594/1/7 1232/1/7
f 1232/1/7 1594/1/7 1595/1/7 1237/1/7
f 1237/1/7 1595/1/7 1596/1/7 1230/1/7
f 1230/1/7 1596/1/7 1593/1/7 1229/1/7
f 1238/1/10 1597/1/10 1598/1/10 1255/1/10
f 1255/1/10 1598/1/10 1599/1/10 1271/1/10
f 1271/1/10 1599/1/10 1600/1/10 1232/1/10
f 1232/1/10 1600/1/10 1597/1/10 1238/1/10
f 1237/1/53 1601/1/53 1602/1/53 1254/1/53
f 1254/1/53 1602/1/53 1603/1/53 1252/1/53
f 1252/1/53 1603/1/53 1604/1/53 1235/1/53
f 1235/1/53 1604/1/53 1601/1/53 1237/1/53
f 1239/1/54 1605/1/54 1606/1/54 1256/1/54
f 1256/1/54 1606/1/54 1607/1/54 1253/1/54
f 1253/1/54 1607/1/54 1608/1/54 1236/1/54
f 1236/1/54 1608/1/54 1605/1/54 1239/1/54
f 1236/1/11 1609/1/11 1610/1/11 1253/1/11
f 1253/1/11 1610/1/11 1611/1/11 1250/1/11
f 1250/1/11 1611/1/11 1612/1/11 1233/1/11
f 1233/1/11 1612/1/11 1609/1/11 1236/1/11
f 1233/1/22 1613/1/22 1614/1/22 1250/1/22
f 1250/1/22 1614/1/22 1615/1/22 1255/1/22
f 1255/1/22 1615/1/22 1616/1/22 1238/1/22
f 1238/1/22 1616/1/22 1613/1/22 1233/1/22
f 1232/1/7 1617/1/7 1618/1/7 1271/1/7
f 1271/1/7 1618/1/7 1619/1/7 1254/1/7
f 1254/1/7 1619/1/7 1620/1/7 1237/1/7
f 1237/1/7 1620/1/7 1617/1/7 1232/1/7
f 1255/1/10 1621/1/10 1622/1/10 1278/1/10
f 1278/1/10 1622/1/10 1623/1/10 1272/1/10
f 1272/1/10 1623/1/10 1624/1/10 1271/1/10
f 1271/1/10 1624/1/10 1621/1/10 1255/1/10
f 1254/1/53 1625/1/53 1626/1/53 1277/1/53
f 1277/1/53 1626/1/53 1627/1/53 1275/1/53
f 1275/1/53 1627/1/53 1628/1/53 1252/1/53
f 1252/1/53 1628/1/53 1625/1/53 1254/1/53
f 1256/1/54 1629/1/54 1630/1/54 1279/1/54
f 1279/1/54 1630/1/54 1631/1/54 1276/1/54
f 1276/1/54 1631/1/54 1632/1/54 1253/1/54
f 1253/1/54 1632/1/54 1629/1/54 1256/1/54
f 1253/1/11 1633/1/11 1634/1/11 1276/1/11
f 1276/1/11 1634/1/11 1635/1/11 1273/1/11
f 1273/1/11 1635/1/11 1636/1/11 1250/1/11
f 1250/1/11 1636/1/11 1633/1/11 1253/1/11
f 1250/1/22 1637/1/22 1638/1/22 1273/1/22
f 1273/1/22 1638/1/22 1639/1/22 1278/1/22
f 1278/1/22 1639/1/22 1640/1/22 1255/1/22
f 1255/1/22 1640/1/22 1637/1/22 1250/1/22
f 1271/1/7 1641/1/7 1642/1/7 1272/1/7
f 1272/1/7 1642/1/7 1643/1/7 1277/1/7
f 1277/1/7 1643/1/7 1644/1/7 1254/1/7
f 1254/1/7 1644/1/7 1641/1/7 1271/1/7
f 1646/1/10 1647/1/10 1648/1/10 1645/1/10
f 1650/1/53 1651/1/53 1652/1/53 1649/1/53
f 1654/1/54 1655/1/54 1656/1/54 1653/1/54
f 1657/1/11 1659/1/11 1660/1/11 1658/1/11
f 1661/1/22 1663/1/22 1664/1/22 1662/1/22
f 1665/1/7 1667/1/7 1668/1/7 1666/1/7
f 1670/1/10 1671/1/10 1672/1/10 1669/1/10
f 1674/1/53 1675/1/53 1676/1/53 1673/1/53
f 1678/1/54 1679/1/54 1680/1/54 1677/1/54
f 1681/1/11 1683/1/11 1684/1/11 1682/1/11
f 1685/1/22 1687/1/22 1688/1/22 1686/1/22
f 1689/1/7 1691/1/7 1692/1/7 1690/1/7
f 1694/1/10 1695/1/10 1696/1/10 1693/1/10
f 1698/1/53 1699/1/53 1700/1/53 1697/1/53
f 1702/1/54 1703/1/54 1704/1/54 1701/1/54
f 1705/1/11 1707/1/11 1708/1/11 1706/1/11
f 1709/1/22 1711/1/22 1712/1/22 1710/1/22
f 1713/1/7 1715/1/7 1716/1/7 1714/1/7
f 1718/1/10 1719/1/10 1720/1/10 1717/1/10
f 1722/1/53 1723/1/53 1724/1/53 1721/1/53
f 1726/1/54 1727/1/54 1728/1/54 1725/1/54
f 1729/1/11 1731/1/11 1732/1/11 1730/1/11
f 1733/1/22 1735/1/22 1736/1/22 1734/1/22
f 1737/1/7 1739/1/7 1740/1/7 1738/1/7
f 1742/1/10 1743/1/10 1744/1/10 1741/1/10
f 1746/1/53 1747/1/53 1748/1/53 1745/1/53
f 1750/1/54 1751/1/54 1752/1/54 1749/1/54
f 1753/1/11 1755/1/11 1756/1/11 1754/1/11
f 1757/1/22 1759/1/22 1760/1/22 1758/1/22
f 1761/1/7 1763/1/7 1764/1/7 1762/1/7
f 1766/1/10 1767/1/10 1768/1/10 1765/1/10
f 1770/1/53 1771/1/53 1772/1/53 1769/1/53
f 1774/1/54 1775/1/54 1776/1/54 1773/1/54
f 1777/1/11 1779/1/11 1780/1/11 1778/1/11
f 1781/1/22 1783/1/22 1784/1/22 1782/1/22
f 1785/1/7 1787/1/7 1788/1/7 1786/1/7
f 1790/1/10 1791/1/10 1792/1/10 1789/1/10
f 1794/1/53 1795/1/53 1796/1/53 1793/1/53
f 1798/1/54 1799/1/54 1800/1/54 1797/1/54
f 1801/1/11 1803/1/11 1804/1/11 1802/1/11
f 1805/1/22 1807/1/22 1808/1/22 1806/1/22
f 1809/1/7 1811/1/7 1812/1/7 1810/1/7
f 1814/1/10 1815/1/10 1816/1/10 1813/1/10
f 1818/1/53 1819/1/53 1820/1/53 1817/1/53
f 1822/1/54 1823/1/54 1824/1/54 1821/1/54
f 1825/1/11 1827/1/11 1828/1/11 1826/1/11
f 1829/1/22 1831/1/22 1832/1/22 1830/1/22
f 1833/1/7 1835/1/7 1836/1/7 1834/1/7
f 1838/1/10 1839/1/10 1840/1/10 1837/1/10
f 1842/1/53 1843/1/53 1844/1/53 1841/1/53
f 1846/1/54 1847/1/54 1848/1/54 1845/1/54
f 1849/1/11 1851/1/11 1852/1/11 1850/1/11
f 1853/1/22 1855/1/22 1856/1/22 1854/1/22
f 1857/1/7 1859/1/7 1860/1/7 1858/1/7
f 1862/1/10 1863/1/10 1864/1/10 1861/1/10
f 1866/1/53 1867/1/53 1868/1/53 1865/1/53
f 1870/1/54 1871/1/54 1872/1/54 1869/1/54
f 1873/1/11 1875/1/11 1876/1/11 1874/1/11
f 1877/1/22 1879/1/22 1880/1/22 1878/1/22
f 1881/1/7 1883/1/7 1884/1/7 1882/1/7
f 1886/1/10 1887/1/10 1888/1/10 1885/1/10
f 1890/1/53 1891/1/53 1892/1/53 1889/1/53
f 1894/1/54 1895/1/54 1896/1/54 1893/1/54
f 1897/1/11 1899/1/11 1900/1/11 1898/1/11
f 1901/1/22 1903/1/22 1904/1/22 1902/1/22
f 1905/1/7 1907/1/7 1908/1/7 1906/1/7
f 1910/1/10 1911/1/10 1912/1/10 1909/1/10
f 1914/1/53 1915/1/53 1916/1/53 1913/1/53
f 1918/1/54 1919/1/54 1920/1/54 1917/1/54
f 1921/1/11 1923/1/11 1924/1/11 1922/1/11
f 1925/1/22 1927/1/22 1928/1/22 1926/1/22
f 1929/1/7 1931/1/7 1932/1/7 1930/1/7
f 1934/1/10 1935/1/10 1936/1/10 1933/1/10
f 1938/1/53 1939/1/53 1940/1/53 1937/1/53
f 1942/1/54 1943/1/54 1944/1/54 1941/1/54
f 1945/1/11 1947/1/11 1948/1/11 1946/1/11
f 1949/1/22 1951/1/22 1952/1/22 1950/1/22
f 1953/1/7 1955/1/7 1956/1/7 1954/1/7
f 1958/1/10 1959/1/10 1960/1/10 1957/1/10
f 1962/1/53 1963/1/53 1964/1/53 1961/1/53
f 1966/1/54 1967/1/54 1968/1/54 1965/1/54
f 1969/1/11 1971/1/11 1972/1/11 1970/1/11
f 1973/1/22 1975/1/22 1976/1/22 1974/1/22
f 1977/1/7 1979/1/7 1980/1/7 1978/1/7
f 1982/1/10 1983/1/10 1984/1/10 1981/1/10
f 1986/1/53 1987/1/53 1988/1/53 1985/1/53
f 1990/1/54 1991/1/54 1992/1/54 1989/1/54
f 1993/1/11 1995/1/11 1996/1/11 1994/1/11
f 1997/1/22 1999/1/22 2000/1/22 1998/1/22
f 2001/1/7 2003/1/7 2004/1/7 2002/1/7
f 1381/1/33 1742/1/33 1741/1/33 1382/1/33
f 1592/1/4 1951/1/4 1949/1/4 1589/1/4
f 1329/1/32 1689/1/32 1690/1/32 1330/1/32
f 1540/1/4 1899/1/4 1897/1/4 1537/1/4
f 1488/1/4 1847/1/4 1846/1/4 1485/1/4
f 1436/1/4 1795/1/4 1794/1/4 1433/1/4
f 1642/1/20 2002/1/20 2004/1/20 1643/1/20
f 1384/1/4 1743/1/4 1742/1/4 1381/1/4
f 1590/1/20 1950/1/20 1952/1/20 1591/1/20
f 1332/1/4 1691/1/4 1689/1/4 1329/1/4
f 1538/1/20 1898/1/20 1900/1/20 1539/1/20
f 1486/1/20 1845/1/20 1848/1/20 1487/1/20
f 1434/1/20 1793/1/20 1796/1/20 1435/1/20
f 1643/1/44 2004/1/44 2003/1/44 1644/1/44
f 1382/1/20 1741/1/20 1744/1/20 1383/1/20
f 1591/1/43 1952/1/43 1951/1/43 1592/1/43
f 1330/1/20 1690/1/20 1692/1/20 1331/1/20
f 1539/1/48 1900/1/48 1899/1/48 1540/1/48
f 1487/1/47 1848/1/47 1847/1/47 1488/1/47
f 1435/1/46 1796/1/46 1795/1/46 1436/1/46
f 1383/1/45 1744/1/45 1743/1/45 1384/1/45
f 1331/1/44 1692/1/44 1691/1/44 1332/1/44
f 1593/1/32 1953/1/32 1954/1/32 1594/1/32
f 1541/1/29 1901/1/29 1902/1/29 1542/1/29
f 1489/1/34 1849/1/34 1850/1/34 1490/1/34
f 1437/1/39 1798/1/39 1797/1/39 1438/1/39
f 1385/1/38 1746/1/38 1745/1/38 1386/1/38
f 1596/1/4 1955/1/4 1953/1/4 1593/1/4
f 1333/1/33 1694/1/33 1693/1/33 1334/1/33
f 1544/1/4 1903/1/4 1901/1/4 1541/1/4
f 1492/1/4 1851/1/4 1849/1/4 1489/1/4
f 1440/1/4 1799/1/4 1798/1/4 1437/1/4
f 1388/1/4 1747/1/4 1746/1/4 1385/1/4
f 1594/1/20 1954/1/20 1956/1/20 1595/1/20
f 1336/1/4 1695/1/4 1694/1/4 1333/1/4
f 1542/1/20 1902/1/20 1904/1/20 1543/1/20
f 1490/1/20 1850/1/20 1852/1/20 1491/1/20
f 1438/1/20 1797/1/20 1800/1/20 1439/1/20
f 1386/1/20 1745/1/20 1748/1/20 1387/1/20
f 1595/1/44 1956/1/44 1955/1/44 1596/1/44
f 1334/1/20 1693/1/20 1696/1/20 1335/1/20
f 1543/1/43 1904/1/43 1903/1/43 1544/1/43
f 1491/1/48 1852/1/48 1851/1/48 1492/1/48
f 1439/1/47 1800/1/47 1799/1/47 1440/1/47
f 1387/1/46 1748/1/46 1747/1/46 1388/1/46
f 1335/1/45 1696/1/45 1695/1/45 1336/1/45
f 1597/1/33 1958/1/33 1957/1/33 1598/1/33
f 1545/1/32 1905/1/32 1906/1/32 1546/1/32
f 1493/1/29 1853/1/29 1854/1/29 1494/1/29
f 1441/1/34 1801/1/34 1802/1/34 1442/1/34
f 1389/1/39 1750/1/39 1749/1/39 1390/1/39
f 1600/1/4 1959/1/4 1958/1/4 1597/1/4
f 1337/1/38 1698/1/38 1697/1/38 1338/1/38
f 1548/1/4 1907/1/4 1905/1/4 1545/1/4
f 1285/1/33 1646/1/33 1645/1/33 1286/1/33
f 1496/1/4 1855/1/4 1853/1/4 1493/1/4
f 1444/1/4 1803/1/4 1801/1/4 1441/1/4
f 1392/1/4 1751/1/4 1750/1/4 1389/1/4
f 1598/1/20 1957/1/20 1960/1/20 1599/1/20
f 1340/1/4 1699/1/4 1698/1/4 1337/1/4
f 1546/1/20 1906/1/20 1908/1/20 1547/1/20
f 1288/1/4 1647/1/4 1646/1/4 1285/1/4
f 1494/1/20 1854/1/20 1856/1/20 1495/1/20
f 1442/1/20 1802/1/20 1804/1/20 1443/1/20
f 1390/1/20 1749/1/20 1752/1/20 1391/1/20
f 1599/1/45 1960/1/45 1959/1/45 1600/1/45
f 1338/1/20 1697/1/20 1700/1/20 1339/1/20
f 1547/1/44 1908/1/44 1907/1/44 1548/1/44
f 1286/1/20 1645/1/20 1648/1/20 1287/1/20
f 1495/1/43 1856/1/43 1855/1/43 1496/1/43
f 1443/1/48 1804/1/48 1803/1/48 1444/1/48
f 1391/1/47 1752/1/47 1751/1/47 1392/1/47
f 1339/1/46 1700/1/46 1699/1/46 1340/1/46
f 1287/1/45 1648/1/45 1647/1/45 1288/1/45
f 1601/1/38 1962/1/38 1961/1/38 1602/1/38
f 1549/1/33 1910/1/33 1909/1/33 1550/1/33
f 1497/1/32 1857/1/32 1858/1/32 1498/1/32
f 1445/1/29 1805/1/29 1806/1/29 1446/1/29
f 1393/1/34 1753/1/34 1754/1/34 1394/1/34
f 1604/1/4 1963/1/4 1962/1/4 1601/1/4
f 1341/1/39 1702/1/39 1701/1/39 1342/1/39
f 1552/1/4 1911/1/4 1910/1/4 1549/1/4
f 1289/1/38 1650/1/38 1649/1/38 1290/1/38
f 1500/1/4 1859/1/4 1857/1/4 1497/1/4
f 1448/1/4 1807/1/4 1805/1/4 1445/1/4
f 1396/1/4 1755/1/4 1753/1/4 1393/1/4
f 1602/1/20 1961/1/20 1964/1/20 1603/1/20
f 1344/1/4 1703/1/4 1702/1/4 1341/1/4
f 1550/1/20 1909/1/20 1912/1/20 1551/1/20
f 1292/1/4 1651/1/4 1650/1/4 1289/1/4
f 1498/1/20 1858/1/20 1860/1/20 1499/1/20
f 1446/1/20 1806/1/20 1808/1/20 1447/1/20
f 1394/1/20 1754/1/20 1756/1/20 1395/1/20
f 1603/1/46 1964/1/46 1963/1/46 1604/1/46
f 1342/1/20 1701/1/20 1704/1/20 1343/1/20
f 1551/1/45 1912/1/45 1911/1/45 1552/1/45
f 1290/1/20 1649/1/20 1652/1/20 1291/1/20
f 1499/1/44 1860/1/44 1859/1/44 1500/1/44
f 1447/1/43 1808/1/43 1807/1/43 1448/1/43
f 1395/1/48 1756/1/48 1755/1/48 1396/1/48
f 1343/1/47 1704/1/47 1703/1/47 1344/1/47
f 1291/1/46 1652/1/46 1651/1/46 1292/1/46
f 1605/1/39 1966/1/39 1965/1/39 1606/1/39
f 1553/1/38 1914/1/38 1913/1/38 1554/1/38
f 1501/1/33 1862/1/33 1861/1/33 1502/1/33
f 1449/1/32 1809/1/32 1810/1/32 1450/1/32
f 1397/1/29 1757/1/29 1758/1/29 1398/1/29
f 1608/1/4 1967/1/4 1966/1/4 1605/1/4
f 1345/1/34 1705/1/34 1706/1/34 1346/1/34
f 1556/1/4 1915/1/4 1914/1/4 1553/1/4
f 1293/1/39 1654/1/39 1653/1/39 1294/1/39
f 1504/1/4 1863/1/4 1862/1/4 1501/1/4
f 1452/1/4 1811/1/4 1809/1/4 1449/1/4
f 1400/1/4 1759/1/4 1757/1/4 1397/1/4
f 1606/1/20 1965/1/20 1968/1/20 1607/1/20
f 1348/1/4 1707/1/4 1705/1/4 1345/1/4
f 1554/1/20 1913/1/20 1916/1/20 1555/1/20
f 1296/1/4 1655/1/4 1654/1/4 1293/1/4
f 1502/1/20 1861/1/20 1864/1/20 1503/1/20
f 1450/1/20 1810/1/20 1812/1/20 1451/1/20
f 1398/1/20 1758/1/20 1760/1/20 1399/1/20
f 1607/1/47 1968/1/47 1967/1/47 1608/1/47
f 1346/1/20 1706/1/20 1708/1/20 1347/1/20
f 1555/1/46 1916/1/46 1915/1/46 1556/1/46
f 1294/1/20 1653/1/20 1656/1/20 1295/1/20
f 1503/1/45 1864/1/45 1863/1/45 1504/1/45
f 1451/1/44 1812/1/44 1811/1/44 1452/1/44
f 1399/1/43 1760/1/43 1759/1/43 1400/1/43
f 1347/1/48 1708/1/48 1707/1/48 1348/1/48
f 1295/1/47 1656/1/47 1655/1/47 1296/1/47
f 1609/1/34 1969/1/34 1970/1/34 1610/1/34
f 1557/1/39 1918/1/39 1917/1/39 1558/1/39
f 1505/1/38 1866/1/38 1865/1/38 1506/1/38
f 1453/1/33 1814/1/33 1813/1/33 1454/1/33
f 1401/1/32 1761/1/32 1762/1/32 1402/1/32
f 1612/1/4 1971/1/4 1969/1/4 1609/1/4
f 1349/1/29 1709/1/29 1710/1/29 1350/1/29
f 1560/1/4 1919/1/4 1918/1/4 1557/1/4
f 1297/1/34 1657/1/34 1658/1/34 1298/1/34
f 1508/1/4 1867/1/4 1866/1/4 1505/1/4
f 1456/1/4 1815/1/4 1814/1/4 1453/1/4
f 1404/1/4 1763/1/4 1761/1/4 1401/1/4
f 1610/1/20 1970/1/20 1972/1/20 1611/1/20
f 1352/1/4 1711/1/4 1709/1/4 1349/1/4
f 1558/1/20 1917/1/20 1920/1/20 1559/1/20
f 1300/1/4 1659/1/4 1657/1/4 1297/1/4
f 1506/1/20 1865/1/20 1868/1/20 1507/1/20
f 1454/1/20 1813/1/20 1816/1/20 1455/1/20
f 1402/1/20 1762/1/20 1764/1/20 1403/1/20
f 1611/1/48 1972/1/48 1971/1/48 1612/1/48
f 1350/1/20 1710/1/20 1712/1/20 1351/1/20
f 1559/1/47 1920/1/47 1919/1/47 1560/1/47
f 1298/1/20 1658/1/20 1660/1/20 1299/1/20
f 1507/1/46 1868/1/46 1867/1/46 1508/1/46
f 1455/1/45 1816/1/45 1815/1/45 1456/1/45
f 1403/1/44 1764/1/44 1763/1/44 1404/1/44
f 1351/1/43 1712/1/43 1711/1/43 1352/1/43
f 1299/1/48 1660/1/48 1659/1/48 1300/1/48
f 1613/1/29 1973/1/29 1974/1/29 1614/1/29
f 1561/1/34 1921/1/34 1922/1/34 1562/1/34
f 1509/1/39 1870/1/39 1869/1/39 1510/1/39
f 1457/1/38 1818/1/38 1817/1/38 1458/1/38
f 1405/1/33 1766/1/33 1765/1/33 1406/1/33
f 1616/1/4 1975/1/4 1973/1/4 1613/1/4
f 1353/1/32 1713/1/32 1714/1/32 1354/1/32
f 1564/1/4 1923/1/4 1921/1/4 1561/1/4
f 1301/1/29 1661/1/29 1662/1/29 1302/1/29
f 1512/1/4 1871/1/4 1870/1/4 1509/1/4
f 1460/1/4 1819/1/4 1818/1/4 1457/1/4
f 1408/1/4 1767/1/4 1766/1/4 1405/1/4
f 1614/1/20 1974/1/20 1976/1/20 1615/1/20
f 1356/1/4 1715/1/4 1713/1/4 1353/1/4
f 1562/1/20 1922/1/20 1924/1/20 1563/1/20
f 1304/1/4 1663/1/4 1661/1/4 1301/1/4
f 1510/1/20 1869/1/20 1872/1/20 1511/1/20
f 1458/1/20 1817/1/20 1820/1/20 1459/1/20
f 1406/1/20 1765/1/20 1768/1/20 1407/1/20
f 1615/1/43 1976/1/43 1975/1/43 1616/1/43
f 1354/1/20 1714/1/20 1716/1/20 1355/1/20
f 1563/1/48 1924/1/48 1923/1/48 1564/1/48
f 1302/1/20 1662/1/20 1664/1/20 1303/1/20
f 1511/1/47 1872/1/47 1871/1/47 1512/1/47
f 1459/1/46 1820/1/46 1819/1/46 1460/1/46
f 1407/1/45 1768/1/45 1767/1/45 1408/1/45
f 1355/1/44 1716/1/44 1715/1/44 1356/1/44
f 1303/1/43 1664/1/43 1663/1/43 1304/1/43
f 1617/1/32 1977/1/32 1978/1/32 1618/1/32
f 1565/1/29 1925/1/29 1926/1/29 1566/1/29
f 1513/1/34 1873/1/34 1874/1/34 1514/1/34
f 1461/1/39 1822/1/39 1821/1/39 1462/1/39
f 1409/1/38 1770/1/38 1769/1/38 1410/1/38
f 1620/1/4 1979/1/4 1977/1/4 1617/1/4
f 1357/1/33 1718/1/33 1717/1/33 1358/1/33
f 1568/1/4 1927/1/4 1925/1/4 1565/1/4
f 1305/1/32 1665/1/32 1666/1/32 1306/1/32
f 1516/1/4 1875/1/4 1873/1/4 1513/1/4
f 1464/1/4 1823/1/4 1822/1/4 1461/1/4
f 1412/1/4 1771/1/4 1770/1/4 1409/1/4
f 1618/1/20 1978/1/20 1980/1/20 1619/1/20
f 1360/1/4 1719/1/4 1718/1/4 1357/1/4
f 1566/1/20 1926/1/20 1928/1/20 1567/1/20
f 1308/1/4 1667/1/4 1665/1/4 1305/1/4
f 1514/1/20 1874/1/20 1876/1/20 1515/1/20
f 1462/1/20 1821/1/20 1824/1/20 1463/1/20
f 1410/1/20 1769/1/20 1772/1/20 1411/1/20
f 1619/1/44 1980/1/44 1979/1/44 1620/1/44
f 1358/1/20 1717/1/20 1720/1/20 1359/1/20
f 1567/1/43 1928/1/43 1927/1/43 1568/1/43
f 1306/1/20 1666/1/20 1668/1/20 1307/1/20
f 1515/1/48 1876/1/48 1875/1/48 1516/1/48
f 1463/1/47 1824/1/47 1823/1/47 1464/1/47
f 1411/1/46 1772/1/46 1771/1/46 1412/1/46
f 1359/1/45 1720/1/45 1719/1/45 1360/1/45
f 1307/1/44 1668/1/44 1667/1/44 1308/1/44
f 1621/1/33 1982/1/33 1981/1/33 1622/1/33
f 1569/1/32 1929/1/32 1930/1/32 1570/1/32
f 1517/1/29 1877/1/29 1878/1/29 1518/1/29
f 1465/1/34 1825/1/34 1826/1/34 1466/1/34
f 1413/1/39 1774/1/39 1773/1/39 1414/1/39
f 1624/1/4 1983/1/4 1982/1/4 1621/1/4
f 1361/1/38 1722/1/38 1721/1/38 1362/1/38
f 1572/1/4 1931/1/4 1929/1/4 1569/1/4
f 1309/1/33 1670/1/33 1669/1/33 1310/1/33
f 1520/1/4 1879/1/4 1877/1/4 1517/1/4
f 1468/1/4 1827/1/4 1825/1/4 1465/1/4
f 1416/1/4 1775/1/4 1774/1/4 1413/1/4
f 1622/1/20 1981/1/20 1984/1/20 1623/1/20
f 1364/1/4 1723/1/4 1722/1/4 1361/1/4
f 1570/1/20 1930/1/20 1932/1/20 1571/1/20
f 1312/1/4 1671/1/4 1670/1/4 1309/1/4
f 1518/1/20 1878/1/20 1880/1/20 1519/1/20
f 1466/1/20 1826/1/20 1828/1/20 1467/1/20
f 1414/1/20 1773/1/20 1776/1/20 1415/1/20
f 1623/1/45 1984/1/45 1983/1/45 1624/1/45
f 1362/1/20 1721/1/20 1724/1/20 1363/1/20
f 1571/1/44 1932/1/44 1931/1/44 1572/1/44
f 1310/1/20 1669/1/20 1672/1/20 1311/1/20
f 1519/1/43 1880/1/43 1879/1/43 1520/1/43
f 1467/1/48 1828/1/48 1827/1/48 1468/1/48
f 1415/1/47 1776/1/47 1775/1/47 1416/1/47
f 1363/1/46 1724/1/46 1723/1/46 1364/1/46
f 1311/1/45 1672/1/45 1671/1/45 1312/1/45
f 1625/1/38 1986/1/38 1985/1/38 1626/1/38
f 1573/1/33 1934/1/33 1933/1/33 1574/1/33
f 1521/1/32 1881/1/32 1882/1/32 1522/1/32
f 1469/1/29 1829/1/29 1830/1/29 1470/1/29
f 1417/1/34 1777/1/34 1778/1/34 1418/1/34
f 1628/1/4 1987/1/4 1986/1/4 1625/1/4
f 1365/1/39 1726/1/39 1725/1/39 1366/1/39
f 1576/1/4 1935/1/4 1934/1/4 1573/1/4
f 1313/1/38 1674/1/38 1673/1/38 1314/1/38
f 1524/1/4 1883/1/4 1881/1/4 1521/1/4
f 1472/1/4 1831/1/4 1829/1/4 1469/1/4
f 1420/1/4 1779/1/4 1777/1/4 1417/1/4
f 1626/1/20 1985/1/20 1988/1/20 1627/1/20
f 1368/1/4 1727/1/4 1726/1/4 1365/1/4
f 1574/1/20 1933/1/20 1936/1/20 1575/1/20
f 1316/1/4 1675/1/4 1674/1/4 1313/1/4
f 1522/1/20 1882/1/20 1884/1/20 1523/1/20
f 1470/1/20 1830/1/20 1832/1/20 1471/1/20
f 1418/1/20 1778/1/20 1780/1/20 1419/1/20
f 1627/1/46 1988/1/46 1987/1/46 1628/1/46
f 1366/1/20 1725/1/20 1728/1/20 1367/1/20
f 1575/1/45 1936/1/45 1935/1/45 1576/1/45
f 1314/1/20 1673/1/20 1676/1/20 1315/1/20
f 1523/1/44 1884/1/44 1883/1/44 1524/1/44
f 1471/1/43 1832/1/43 1831/1/43 1472/1/43
f 1419/1/48 1780/1/48 1779/1/48 1420/1/48
f 1367/1/47 1728/1/47 1727/1/47 1368/1/47
f 1315/1/46 1676/1/46 1675/1/46 1316/1/46
f 157/1/20 156/1/20 145/1/20 146/1/20
