# Blender 5.1.2
# www.blender.org
mtllib PowerCellLarge.mtl
o PowerCellLarge
v 0.720810 -0.000000 0.193060
v 0.639048 -0.000000 0.300000
v -0.717068 0.000000 0.193060
v -0.635305 0.000000 0.300000
v 0.720810 -0.037664 0.189350
v 0.639048 -0.058527 0.294236
v -0.717068 -0.037664 0.189350
v -0.635305 -0.058527 0.294236
v 0.720810 -0.073881 0.178364
v 0.639048 -0.114805 0.277164
v -0.717068 -0.073881 0.178364
v -0.635305 -0.114805 0.277164
v 0.720810 -0.107258 0.160523
v 0.639048 -0.166671 0.249441
v -0.717068 -0.107258 0.160523
v -0.635305 -0.166671 0.249441
v 0.720810 -0.136514 0.136514
v 0.639048 -0.212132 0.212132
v -0.717068 -0.136514 0.136514
v -0.635305 -0.212132 0.212132
v 0.720810 -0.160523 0.107258
v 0.639048 -0.249441 0.166671
v -0.717068 -0.160523 0.107258
v -0.635305 -0.249441 0.166671
v 0.720810 -0.178364 0.073881
v 0.639048 -0.277164 0.114805
v -0.717068 -0.178364 0.073881
v -0.635305 -0.277164 0.114805
v 0.720810 -0.189350 0.037664
v 0.639048 -0.294236 0.058527
v -0.717068 -0.189350 0.037664
v -0.635305 -0.294236 0.058527
v 0.720810 -0.193060 0.000000
v 0.639048 -0.300000 0.000000
v -0.717068 -0.193060 0.000000
v -0.635305 -0.300000 0.000000
v 0.720810 -0.189350 -0.037664
v 0.639048 -0.294236 -0.058527
v -0.717068 -0.189350 -0.037664
v -0.635305 -0.294236 -0.058527
v 0.720810 -0.178364 -0.073881
v 0.639048 -0.277164 -0.114805
v -0.717068 -0.178364 -0.073881
v -0.635305 -0.277164 -0.114805
v 0.720810 -0.160523 -0.107258
v 0.639048 -0.249441 -0.166671
v -0.717068 -0.160523 -0.107258
v -0.635305 -0.249441 -0.166671
v 0.720810 -0.136514 -0.136514
v 0.639048 -0.212132 -0.212132
v -0.717068 -0.136514 -0.136514
v -0.635305 -0.212132 -0.212132
v 0.720810 -0.107258 -0.160523
v 0.639048 -0.166671 -0.249441
v -0.717068 -0.107258 -0.160523
v -0.635305 -0.166671 -0.249441
v 0.720810 -0.073881 -0.178364
v 0.639048 -0.114805 -0.277164
v -0.717068 -0.073881 -0.178364
v -0.635305 -0.114805 -0.277164
v 0.720810 -0.037664 -0.189350
v 0.639048 -0.058527 -0.294236
v -0.717068 -0.037664 -0.189350
v -0.635305 -0.058527 -0.294236
v 0.720810 -0.000000 -0.193060
v 0.639048 -0.000000 -0.300000
v -0.717068 0.000000 -0.193060
v -0.635305 0.000000 -0.300000
v 0.720810 0.037664 -0.189350
v 0.639048 0.058527 -0.294236
v -0.717068 0.037664 -0.189350
v -0.635305 0.058527 -0.294236
v 0.720810 0.073881 -0.178364
v 0.639048 0.114805 -0.277164
v -0.717068 0.073881 -0.178364
v -0.635305 0.114805 -0.277164
v 0.720810 0.107258 -0.160523
v 0.639048 0.166671 -0.249441
v -0.717068 0.107258 -0.160523
v -0.635305 0.166671 -0.249441
v 0.720810 0.136514 -0.136514
v 0.639048 0.212132 -0.212132
v -0.717068 0.136514 -0.136514
v -0.635305 0.212132 -0.212132
v 0.720810 0.160523 -0.107258
v 0.639048 0.249441 -0.166671
v -0.717068 0.160524 -0.107258
v -0.635305 0.249441 -0.166671
v 0.720810 0.178364 -0.073881
v 0.639048 0.277164 -0.114805
v -0.717068 0.178364 -0.073881
v -0.635305 0.277164 -0.114805
v 0.720810 0.189350 -0.037664
v 0.639048 0.294236 -0.058527
v -0.717068 0.189350 -0.037664
v -0.635305 0.294236 -0.058527
v 0.720810 0.193060 0.000000
v 0.639048 0.300000 0.000000
v -0.717068 0.193060 0.000000
v -0.635305 0.300000 0.000000
v 0.720810 0.189350 0.037664
v 0.639048 0.294236 0.058527
v -0.717068 0.189350 0.037664
v -0.635305 0.294236 0.058527
v 0.720810 0.178364 0.073881
v 0.639048 0.277164 0.114805
v -0.717068 0.178364 0.073881
v -0.635305 0.277164 0.114805
v 0.720810 0.160523 0.107258
v 0.639048 0.249441 0.166671
v -0.717068 0.160523 0.107258
v -0.635305 0.249441 0.166671
v 0.720810 0.136514 0.136514
v 0.639048 0.212132 0.212132
v -0.717068 0.136514 0.136514
v -0.635305 0.212132 0.212132
v 0.720810 0.107258 0.160523
v 0.639048 0.166671 0.249441
v -0.717068 0.107258 0.160523
v -0.635305 0.166671 0.249441
v 0.720810 0.073881 0.178364
v 0.639048 0.114805 0.277164
v -0.717068 0.073881 0.178364
v -0.635305 0.114805 0.277164
v 0.720810 0.037664 0.189350
v 0.639048 0.058527 0.294236
v -0.717068 0.037664 0.189350
v -0.635305 0.058527 0.294236
v 0.720810 -0.042499 0.213656
v 0.720810 -0.000000 0.217842
v -0.717068 0.000000 0.217842
v -0.717068 -0.042499 0.213656
v 0.720810 -0.083364 0.201259
v -0.717068 -0.083364 0.201259
v 0.720810 -0.121026 0.181129
v -0.717068 -0.121026 0.181129
v 0.720810 -0.154037 0.154037
v -0.717068 -0.154037 0.154037
v 0.720810 -0.181129 0.121026
v -0.717068 -0.181129 0.121026
v 0.720810 -0.201259 0.083364
v -0.717068 -0.201259 0.083364
v 0.720810 -0.213656 0.042499
v -0.717068 -0.213656 0.042499
v 0.720810 -0.217842 0.000000
v -0.717068 -0.217842 0.000000
v 0.720810 -0.213656 -0.042499
v -0.717068 -0.213656 -0.042499
v 0.720810 -0.201259 -0.083364
v -0.717068 -0.201259 -0.083364
v 0.720810 -0.181129 -0.121026
v -0.717068 -0.181129 -0.121026
v 0.720810 -0.154037 -0.154037
v -0.717068 -0.154037 -0.154037
v 0.720810 -0.121026 -0.181129
v -0.717068 -0.121026 -0.181129
v 0.720810 -0.083364 -0.201259
v -0.717068 -0.083364 -0.201259
v 0.720810 -0.042499 -0.213656
v -0.717068 -0.042499 -0.213656
v 0.720810 -0.000000 -0.217842
v -0.717068 0.000000 -0.217842
v 0.720810 0.042499 -0.213656
v -0.717068 0.042499 -0.213656
v 0.720810 0.083364 -0.201259
v -0.717068 0.083364 -0.201259
v 0.720810 0.121026 -0.181129
v -0.717068 0.121026 -0.181129
v 0.720810 0.154037 -0.154037
v -0.717068 0.154037 -0.154037
v 0.720810 0.181129 -0.121026
v -0.717068 0.181129 -0.121026
v 0.720810 0.201259 -0.083364
v -0.717068 0.201259 -0.083365
v 0.720810 0.213656 -0.042499
v -0.717068 0.213656 -0.042499
v 0.720810 0.217842 0.000000
v -0.717068 0.217842 0.000000
v 0.720810 0.213656 0.042499
v -0.717068 0.213656 0.042499
v 0.720810 0.201259 0.083364
v -0.717068 0.201259 0.083364
v 0.720810 0.181129 0.121026
v -0.717068 0.181129 0.121026
v 0.720810 0.154037 0.154037
v -0.717068 0.154037 0.154037
v 0.720810 0.121026 0.181129
v -0.717068 0.121026 0.181129
v 0.720810 0.083364 0.201259
v -0.717068 0.083364 0.201259
v 0.720810 0.042499 0.213656
v -0.717068 0.042499 0.213656
v -0.657068 0.000000 0.193060
v -0.657068 -0.037664 0.189350
v -0.657068 -0.073881 0.178364
v -0.657068 -0.107258 0.160523
v -0.657068 -0.136514 0.136514
v -0.657068 -0.160523 0.107258
v -0.657068 -0.178364 0.073881
v -0.657068 -0.189350 0.037664
v -0.657068 -0.193060 0.000000
v -0.657068 -0.189350 -0.037664
v -0.657068 -0.178364 -0.073881
v -0.657068 -0.160523 -0.107258
v -0.657068 -0.136514 -0.136514
v -0.657068 -0.107258 -0.160523
v -0.657068 -0.073881 -0.178364
v -0.657068 -0.037664 -0.189350
v -0.657068 0.000000 -0.193060
v -0.657068 0.037664 -0.189350
v -0.657068 0.073881 -0.178364
v -0.657068 0.107258 -0.160523
v -0.657068 0.136514 -0.136514
v -0.657068 0.160524 -0.107258
v -0.657068 0.178364 -0.073881
v -0.657068 0.189350 -0.037664
v -0.657068 0.193060 0.000000
v -0.657068 0.189350 0.037664
v -0.657068 0.178364 0.073881
v -0.657068 0.160523 0.107258
v -0.657068 0.136514 0.136514
v -0.657068 0.107258 0.160523
v -0.657068 0.073881 0.178364
v -0.657068 0.037664 0.189350
v 0.660810 -0.037664 0.189350
v 0.660810 -0.000000 0.193060
v 0.660810 -0.073881 0.178364
v 0.660810 -0.107258 0.160523
v 0.660810 -0.136514 0.136514
v 0.660810 -0.160523 0.107258
v 0.660810 -0.178364 0.073881
v 0.660810 -0.189350 0.037664
v 0.660810 -0.193060 0.000000
v 0.660810 -0.189350 -0.037664
v 0.660810 -0.178364 -0.073881
v 0.660810 -0.160523 -0.107258
v 0.660810 -0.136514 -0.136514
v 0.660810 -0.107258 -0.160523
v 0.660810 -0.073881 -0.178364
v 0.660810 -0.037664 -0.189350
v 0.660810 -0.000000 -0.193060
v 0.660810 0.037664 -0.189350
v 0.660810 0.073881 -0.178364
v 0.660810 0.107258 -0.160523
v 0.660810 0.136514 -0.136514
v 0.660810 0.160523 -0.107258
v 0.660810 0.178364 -0.073881
v 0.660810 0.189350 -0.037664
v 0.660810 0.193060 0.000000
v 0.660810 0.189350 0.037664
v 0.660810 0.178364 0.073881
v 0.660810 0.160523 0.107258
v 0.660810 0.136514 0.136514
v 0.660810 0.107258 0.160523
v 0.660810 0.073881 0.178364
v 0.660810 0.037664 0.189350
v -0.571588 0.000000 0.300000
v -0.571588 -0.058527 0.294236
v -0.571588 0.058527 0.294236
v -0.571588 -0.114805 0.277164
v -0.571588 -0.166671 0.249441
v -0.571588 -0.212132 0.212132
v -0.571588 -0.249441 0.166671
v -0.571588 -0.277164 0.114805
v -0.571588 -0.294236 0.058527
v -0.571588 -0.300000 0.000000
v -0.571588 -0.294236 -0.058527
v -0.571588 -0.277164 -0.114805
v -0.571588 -0.249441 -0.166671
v -0.571588 -0.212132 -0.212132
v -0.571588 -0.166671 -0.249441
v -0.571588 -0.114805 -0.277164
v -0.571588 -0.058527 -0.294236
v -0.571588 0.000000 -0.300000
v -0.571588 0.058527 -0.294236
v -0.571588 0.114805 -0.277164
v -0.571588 0.166671 -0.249441
v -0.571588 0.212132 -0.212132
v -0.571588 0.249441 -0.166671
v -0.571588 0.277164 -0.114805
v -0.571588 0.294236 -0.058527
v -0.571588 0.300000 0.000000
v -0.571588 0.294236 0.058527
v -0.571588 0.277164 0.114805
v -0.571588 0.249441 0.166671
v -0.571588 0.212132 0.212132
v -0.571588 0.166671 0.249441
v -0.571588 0.114805 0.277164
v 0.578516 -0.058527 0.294236
v 0.578516 -0.114805 0.277164
v 0.578516 -0.166671 0.249441
v 0.578516 -0.212132 0.212132
v 0.578516 -0.249441 0.166671
v 0.578516 -0.277164 0.114805
v 0.578516 -0.294236 0.058527
v 0.578516 -0.300000 0.000000
v 0.578516 -0.294236 -0.058527
v 0.578516 -0.277164 -0.114805
v 0.578516 -0.249441 -0.166671
v 0.578516 -0.212132 -0.212132
v 0.578516 -0.166671 -0.249441
v 0.578516 -0.114805 -0.277164
v 0.578516 -0.058527 -0.294236
v 0.578516 -0.000000 -0.300000
v 0.578516 0.058527 -0.294236
v 0.578516 0.114805 -0.277164
v 0.578516 0.166671 -0.249441
v 0.578516 0.212132 -0.212132
v 0.578516 0.249441 -0.166671
v 0.578516 0.277164 -0.114805
v 0.578516 0.294236 -0.058527
v 0.578516 0.300000 0.000000
v 0.578516 0.294236 0.058527
v 0.578516 0.277164 0.114805
v 0.578516 0.249441 0.166671
v 0.578516 0.212132 0.212132
v 0.578516 0.166671 0.249441
v 0.578516 0.114805 0.277164
v 0.578516 -0.000000 0.300000
v 0.578516 0.058527 0.294236
v -0.553421 0.000000 0.285000
v -0.553421 0.055601 0.279524
v -0.553421 -0.055601 0.279524
v -0.553421 -0.109065 0.263306
v -0.553421 -0.158337 0.236969
v -0.553421 -0.201525 0.201525
v -0.553421 -0.236969 0.158338
v -0.553421 -0.263306 0.109065
v -0.553421 -0.279524 0.055601
v -0.553421 -0.285000 0.000000
v -0.553421 -0.279524 -0.055601
v -0.553421 -0.263306 -0.109065
v -0.553421 -0.236969 -0.158338
v -0.553421 -0.201525 -0.201525
v -0.553421 -0.158337 -0.236969
v -0.553421 -0.109065 -0.263306
v -0.553421 -0.055601 -0.279524
v -0.553421 0.000000 -0.285000
v -0.553421 0.055601 -0.279524
v -0.553421 0.109065 -0.263306
v -0.553421 0.158338 -0.236969
v -0.553421 0.201525 -0.201525
v -0.553421 0.236969 -0.158338
v -0.553421 0.263306 -0.109065
v -0.553421 0.279524 -0.055601
v -0.553421 0.285000 0.000000
v -0.553421 0.279524 0.055601
v -0.553421 0.263306 0.109065
v -0.553421 0.236969 0.158338
v -0.553421 0.201525 0.201525
v -0.553421 0.158338 0.236969
v -0.553421 0.109065 0.263306
v 0.560349 -0.055601 0.279524
v 0.560349 -0.109065 0.263306
v 0.560349 -0.158338 0.236969
v 0.560349 -0.201525 0.201525
v 0.560349 -0.236969 0.158338
v 0.560349 -0.263306 0.109065
v 0.560349 -0.279524 0.055601
v 0.560349 -0.285000 0.000000
v 0.560349 -0.279524 -0.055601
v 0.560349 -0.263306 -0.109065
v 0.560349 -0.236969 -0.158338
v 0.560349 -0.201525 -0.201525
v 0.560349 -0.158338 -0.236969
v 0.560349 -0.109065 -0.263306
v 0.560349 -0.055601 -0.279524
v 0.560349 -0.000000 -0.285000
v 0.560349 0.055601 -0.279524
v 0.560349 0.109065 -0.263306
v 0.560349 0.158337 -0.236969
v 0.560349 0.201525 -0.201525
v 0.560349 0.236969 -0.158338
v 0.560349 0.263306 -0.109065
v 0.560349 0.279524 -0.055601
v 0.560349 0.285000 0.000000
v 0.560349 0.279524 0.055601
v 0.560349 0.263306 0.109065
v 0.560349 0.236969 0.158338
v 0.560349 0.201525 0.201525
v 0.560349 0.158337 0.236969
v 0.560349 0.109065 0.263306
v 0.560349 -0.000000 0.285000
v 0.560349 0.055601 0.279524
v -0.085333 -0.058381 0.293500
v -0.085333 -0.114518 0.276471
v -0.085333 -0.166254 0.248817
v -0.085333 -0.211602 0.211602
v -0.085333 -0.248817 0.166254
v -0.085333 -0.276471 0.114518
v -0.085333 -0.293500 0.058381
v -0.085333 -0.299250 0.000000
v -0.085333 -0.293500 -0.058381
v -0.085333 -0.276471 -0.114518
v -0.085333 -0.248817 -0.166254
v -0.085333 -0.211602 -0.211602
v -0.085333 -0.166254 -0.248817
v -0.085333 -0.114518 -0.276471
v -0.085333 -0.058381 -0.293500
v -0.085333 -0.000000 -0.299250
v -0.085333 0.058381 -0.293500
v -0.085333 0.114518 -0.276471
v -0.085333 0.166254 -0.248817
v -0.085333 0.211602 -0.211602
v -0.085333 0.248817 -0.166254
v -0.085333 0.276471 -0.114518
v -0.085333 0.293500 -0.058381
v -0.085333 0.299250 0.000000
v -0.085333 0.293500 0.058381
v -0.085333 0.276471 0.114518
v -0.085333 0.248817 0.166254
v -0.085333 0.211602 0.211602
v -0.085333 0.166254 0.248817
v -0.085333 0.114518 0.276471
v -0.085333 -0.000000 0.299250
v -0.085333 0.058381 0.293500
v 0.092262 -0.000000 0.299250
v 0.092262 0.058381 0.293500
v 0.092262 -0.058381 0.293500
v 0.092262 -0.114518 0.276471
v 0.092262 -0.166254 0.248817
v 0.092262 -0.211602 0.211602
v 0.092262 -0.248817 0.166254
v 0.092262 -0.276471 0.114518
v 0.092262 -0.293500 0.058381
v 0.092262 -0.299250 0.000000
v 0.092262 -0.293500 -0.058381
v 0.092262 -0.276471 -0.114518
v 0.092262 -0.248817 -0.166254
v 0.092262 -0.211602 -0.211602
v 0.092262 -0.166254 -0.248817
v 0.092262 -0.114518 -0.276471
v 0.092262 -0.058381 -0.293500
v 0.092262 -0.000000 -0.299250
v 0.092262 0.058381 -0.293500
v 0.092262 0.114518 -0.276471
v 0.092262 0.166254 -0.248817
v 0.092262 0.211602 -0.211602
v 0.092262 0.248817 -0.166254
v 0.092262 0.276471 -0.114518
v 0.092262 0.293500 -0.058381
v 0.092262 0.299250 0.000000
v 0.092262 0.293500 0.058381
v 0.092262 0.276471 0.114518
v 0.092262 0.248817 0.166254
v 0.092262 0.211602 0.211602
v 0.092262 0.166254 0.248817
v 0.092262 0.114518 0.276471
v -0.105066 -0.000000 0.285000
v -0.105066 0.055601 0.279524
v -0.105066 -0.055601 0.279524
v -0.105066 -0.109065 0.263306
v -0.105066 -0.158338 0.236969
v -0.105066 -0.201525 0.201525
v -0.105066 -0.236969 0.158338
v -0.105066 -0.263306 0.109065
v -0.105066 -0.279524 0.055601
v -0.105066 -0.285000 0.000000
v -0.105066 -0.279524 -0.055601
v -0.105066 -0.263306 -0.109065
v -0.105066 -0.236969 -0.158338
v -0.105066 -0.201525 -0.201525
v -0.105066 -0.158338 -0.236969
v -0.105066 -0.109065 -0.263306
v -0.105066 -0.055601 -0.279524
v -0.105066 -0.000000 -0.285000
v -0.105066 0.055601 -0.279524
v -0.105066 0.109065 -0.263306
v -0.105066 0.158338 -0.236969
v -0.105066 0.201525 -0.201525
v -0.105066 0.236969 -0.158338
v -0.105066 0.263306 -0.109065
v -0.105066 0.279524 -0.055601
v -0.105066 0.285000 0.000000
v -0.105066 0.279524 0.055601
v -0.105066 0.263306 0.109065
v -0.105066 0.236969 0.158338
v -0.105066 0.201525 0.201525
v -0.105066 0.158338 0.236969
v -0.105066 0.109065 0.263306
v 0.111994 -0.055601 0.279524
v 0.111994 -0.109065 0.263306
v 0.111994 -0.158338 0.236969
v 0.111994 -0.201525 0.201525
v 0.111994 -0.236969 0.158338
v 0.111994 -0.263306 0.109065
v 0.111994 -0.279524 0.055601
v 0.111994 -0.285000 0.000000
v 0.111994 -0.279524 -0.055601
v 0.111994 -0.263306 -0.109065
v 0.111994 -0.236969 -0.158338
v 0.111994 -0.201525 -0.201525
v 0.111994 -0.158338 -0.236969
v 0.111994 -0.109065 -0.263306
v 0.111994 -0.055601 -0.279524
v 0.111994 -0.000000 -0.285000
v 0.111994 0.055601 -0.279524
v 0.111994 0.109065 -0.263306
v 0.111994 0.158338 -0.236969
v 0.111994 0.201525 -0.201525
v 0.111994 0.236969 -0.158338
v 0.111994 0.263306 -0.109065
v 0.111994 0.279524 -0.055601
v 0.111994 0.285000 0.000000
v 0.111994 0.279524 0.055601
v 0.111994 0.263306 0.109065
v 0.111994 0.236969 0.158338
v 0.111994 0.201525 0.201525
v 0.111994 0.158338 0.236969
v 0.111994 0.109065 0.263306
v 0.111994 -0.000000 0.285000
v 0.111994 0.055601 0.279524
v -0.708068 0.160524 -0.107258
v -0.708068 0.178364 -0.073881
v -0.708068 -0.037664 0.189350
v -0.708068 -0.073881 0.178364
v -0.708068 0.136514 0.136514
v -0.708068 0.107258 0.160523
v -0.708068 -0.193060 0.000000
v -0.708068 -0.189350 -0.037664
v -0.708068 -0.037664 -0.189350
v -0.708068 0.000000 -0.193060
v -0.708068 0.189350 -0.037664
v -0.708068 -0.107258 0.160523
v -0.708068 0.073881 0.178364
v -0.708068 -0.178364 -0.073881
v -0.708068 0.037664 -0.189350
v -0.708068 0.193060 0.000000
v -0.708068 -0.136514 0.136514
v -0.708068 0.037664 0.189350
v -0.708068 -0.160523 -0.107258
v -0.708068 0.073881 -0.178364
v -0.708068 0.189350 0.037664
v -0.708068 -0.160523 0.107258
v -0.708068 0.000000 0.193060
v -0.708068 -0.136514 -0.136514
v -0.708068 0.107258 -0.160523
v -0.708068 0.178364 0.073881
v -0.708068 -0.178364 0.073881
v -0.708068 -0.107258 -0.160523
v -0.708068 0.136514 -0.136514
v -0.708068 0.160523 0.107258
v -0.708068 -0.189350 0.037664
v -0.708068 -0.073881 -0.178364
v -0.667268 0.160524 -0.107258
v -0.667268 -0.037664 0.189350
v -0.667268 0.136514 0.136514
v -0.667268 -0.193060 0.000000
v -0.667268 -0.037664 -0.189350
v -0.667268 0.178364 -0.073881
v -0.667268 -0.073881 0.178364
v -0.667268 0.107258 0.160523
v -0.667268 -0.189350 -0.037664
v -0.667268 0.000000 -0.193060
v -0.667268 0.189350 -0.037664
v -0.667268 -0.107258 0.160523
v -0.667268 0.073881 0.178364
v -0.667268 -0.178364 -0.073881
v -0.667268 0.037664 -0.189350
v -0.667268 0.193060 0.000000
v -0.667268 -0.136514 0.136514
v -0.667268 0.037664 0.189350
v -0.667268 -0.160523 -0.107258
v -0.667268 0.073881 -0.178364
v -0.667268 0.189350 0.037664
v -0.667268 -0.160523 0.107258
v -0.667268 0.000000 0.193060
v -0.667268 -0.136514 -0.136514
v -0.667268 0.107258 -0.160523
v -0.667268 0.178364 0.073881
v -0.667268 -0.178364 0.073881
v -0.667268 -0.107258 -0.160523
v -0.667268 0.136514 -0.136514
v -0.667268 0.160523 0.107258
v -0.667268 -0.189350 0.037664
v -0.667268 -0.073881 -0.178364
v 0.672810 0.037664 -0.189350
v 0.672810 -0.000000 -0.193060
v 0.672810 0.193060 0.000000
v 0.672810 0.189350 -0.037664
v 0.672810 -0.136514 0.136514
v 0.672810 -0.107258 0.160523
v 0.672810 0.037664 0.189350
v 0.672810 0.073881 0.178364
v 0.672810 -0.160523 -0.107258
v 0.672810 -0.178364 -0.073881
v 0.672810 0.073881 -0.178364
v 0.672810 0.189350 0.037664
v 0.672810 -0.160523 0.107258
v 0.672810 -0.000000 0.193060
v 0.672810 -0.136514 -0.136514
v 0.672810 0.107258 -0.160523
v 0.672810 0.178364 0.073881
v 0.672810 -0.178364 0.073881
v 0.672810 -0.107258 -0.160523
v 0.672810 0.136514 -0.136514
v 0.672810 0.160523 0.107258
v 0.672810 -0.189350 0.037664
v 0.672810 -0.073881 -0.178364
v 0.672810 0.160523 -0.107258
v 0.672810 -0.037664 0.189350
v 0.672810 0.136514 0.136514
v 0.672810 -0.193060 0.000000
v 0.672810 -0.037664 -0.189350
v 0.672810 0.178364 -0.073881
v 0.672810 -0.073881 0.178364
v 0.672810 0.107258 0.160523
v 0.672810 -0.189350 -0.037664
v 0.708810 -0.000000 -0.193060
v 0.708810 0.189350 -0.037664
v 0.708810 -0.107258 0.160523
v 0.708810 0.073881 0.178364
v 0.708810 -0.178364 -0.073881
v 0.708810 0.037664 -0.189350
v 0.708810 0.193060 0.000000
v 0.708810 -0.136514 0.136514
v 0.708810 0.037664 0.189350
v 0.708810 -0.160523 -0.107258
v 0.708810 0.073881 -0.178364
v 0.708810 0.189350 0.037664
v 0.708810 -0.160523 0.107258
v 0.708810 -0.000000 0.193060
v 0.708810 -0.136514 -0.136514
v 0.708810 0.107258 -0.160523
v 0.708810 0.178364 0.073881
v 0.708810 -0.178364 0.073881
v 0.708810 -0.107258 -0.160523
v 0.708810 0.136514 -0.136514
v 0.708810 0.160523 0.107258
v 0.708810 -0.189350 0.037664
v 0.708810 -0.073881 -0.178364
v 0.708810 0.160523 -0.107258
v 0.708810 -0.037664 0.189350
v 0.708810 0.136514 0.136514
v 0.708810 -0.193060 0.000000
v 0.708810 -0.037664 -0.189350
v 0.708810 0.178364 -0.073881
v 0.708810 -0.073881 0.178364
v 0.708810 0.107258 0.160523
v 0.708810 -0.189350 -0.037664
v -0.329244 -0.055601 0.279524
v -0.329244 -0.109065 0.263306
v -0.329244 -0.201525 0.201525
v -0.329244 -0.236969 0.158338
v -0.329244 -0.236969 -0.158338
v -0.329244 -0.201525 -0.201525
v -0.329244 -0.109065 -0.263306
v -0.329244 -0.055601 -0.279524
v -0.329244 0.263306 -0.109065
v -0.329244 0.279524 -0.055601
v -0.329244 0.279524 0.055601
v -0.329244 0.263306 0.109065
v -0.441332 0.000000 0.285000
v -0.441332 0.055601 0.279524
v -0.441332 -0.055601 0.279524
v -0.441332 -0.109065 0.263306
v -0.441332 -0.158337 0.236969
v -0.441332 -0.201525 0.201525
v -0.441332 -0.236969 0.158338
v -0.441332 -0.263306 0.109065
v -0.441332 -0.279524 0.055601
v -0.441332 -0.285000 0.000000
v -0.441332 -0.279524 -0.055601
v -0.441332 -0.263306 -0.109065
v -0.441332 -0.236969 -0.158338
v -0.441332 -0.201525 -0.201525
v -0.441332 -0.158337 -0.236969
v -0.441332 -0.109065 -0.263306
v -0.441332 -0.055601 -0.279524
v -0.441332 0.000000 -0.285000
v -0.441332 0.055601 -0.279524
v -0.441332 0.109065 -0.263306
v -0.441332 0.158338 -0.236969
v -0.441332 0.201525 -0.201525
v -0.441332 0.236969 -0.158338
v -0.441332 0.263306 -0.109065
v -0.441332 0.279524 -0.055601
v -0.441332 0.285000 0.000000
v -0.441332 0.279524 0.055601
v -0.441332 0.263306 0.109065
v -0.441332 0.236969 0.158338
v -0.441332 0.201525 0.201525
v -0.441332 0.158338 0.236969
v -0.441332 0.109065 0.263306
v -0.217155 -0.055601 0.279524
v -0.217155 -0.109065 0.263306
v -0.217155 -0.158338 0.236969
v -0.217155 -0.201525 0.201525
v -0.217155 -0.236969 0.158338
v -0.217155 -0.263306 0.109065
v -0.217155 -0.279524 0.055601
v -0.217155 -0.285000 0.000000
v -0.217155 -0.279524 -0.055601
v -0.217155 -0.263306 -0.109065
v -0.217155 -0.236969 -0.158338
v -0.217155 -0.201525 -0.201525
v -0.217155 -0.158338 -0.236969
v -0.217155 -0.109065 -0.263306
v -0.217155 -0.055601 -0.279524
v -0.217155 -0.000000 -0.285000
v -0.217155 0.055601 -0.279524
v -0.217155 0.109065 -0.263306
v -0.217155 0.158338 -0.236969
v -0.217155 0.201525 -0.201525
v -0.217155 0.236969 -0.158338
v -0.217155 0.263306 -0.109065
v -0.217155 0.279524 -0.055601
v -0.217155 0.285000 0.000000
v -0.217155 0.279524 0.055601
v -0.217155 0.263306 0.109065
v -0.217155 0.236969 0.158338
v -0.217155 0.201525 0.201525
v -0.217155 0.158338 0.236969
v -0.217155 0.109065 0.263306
v -0.217155 -0.000000 0.285000
v -0.217155 0.055601 0.279524
v 0.336172 -0.263306 0.109065
v 0.336172 -0.279524 0.055601
v 0.336172 -0.279524 -0.055601
v 0.336172 -0.263306 -0.109065
v 0.336172 0.055601 -0.279524
v 0.336172 0.109065 -0.263306
v 0.336172 0.201525 -0.201525
v 0.336172 0.236969 -0.158338
v 0.336172 0.236969 0.158338
v 0.336172 0.201525 0.201525
v 0.336172 0.109065 0.263306
v 0.336172 0.055601 0.279524
v 0.224083 -0.000000 0.285000
v 0.224083 0.055601 0.279524
v 0.224083 -0.055601 0.279524
v 0.224083 -0.109065 0.263306
v 0.224083 -0.158338 0.236969
v 0.224083 -0.201525 0.201525
v 0.224083 -0.236969 0.158338
v 0.224083 -0.263306 0.109065
v 0.224083 -0.279524 0.055601
v 0.224083 -0.285000 0.000000
v 0.224083 -0.279524 -0.055601
v 0.224083 -0.263306 -0.109065
v 0.224083 -0.236969 -0.158338
v 0.224083 -0.201525 -0.201525
v 0.224083 -0.158338 -0.236969
v 0.224083 -0.109065 -0.263306
v 0.224083 -0.055601 -0.279524
v 0.224083 -0.000000 -0.285000
v 0.224083 0.055601 -0.279524
v 0.224083 0.109065 -0.263306
v 0.224083 0.158338 -0.236969
v 0.224083 0.201525 -0.201525
v 0.224083 0.236969 -0.158338
v 0.224083 0.263306 -0.109065
v 0.224083 0.279524 -0.055601
v 0.224083 0.285000 0.000000
v 0.224083 0.279524 0.055601
v 0.224083 0.263306 0.109065
v 0.224083 0.236969 0.158338
v 0.224083 0.201525 0.201525
v 0.224083 0.158338 0.236969
v 0.224083 0.109065 0.263306
v 0.448286 -0.055601 0.279524
v 0.448286 -0.109065 0.263306
v 0.448286 -0.158338 0.236969
v 0.448286 -0.201525 0.201525
v 0.448286 -0.236969 0.158338
v 0.448286 -0.263306 0.109065
v 0.448286 -0.279524 0.055601
v 0.448286 -0.285000 0.000000
v 0.448286 -0.279524 -0.055601
v 0.448286 -0.263306 -0.109065
v 0.448286 -0.236969 -0.158338
v 0.448286 -0.201525 -0.201525
v 0.448286 -0.158338 -0.236969
v 0.448286 -0.109065 -0.263306
v 0.448286 -0.055601 -0.279524
v 0.448286 -0.000000 -0.285000
v 0.448286 0.055601 -0.279524
v 0.448286 0.109065 -0.263306
v 0.448286 0.158338 -0.236969
v 0.448286 0.201525 -0.201525
v 0.448286 0.236969 -0.158338
v 0.448286 0.263306 -0.109065
v 0.448286 0.279524 -0.055601
v 0.448286 0.285000 0.000000
v 0.448286 0.279524 0.055601
v 0.448286 0.263306 0.109065
v 0.448286 0.236969 0.158338
v 0.448286 0.201525 0.201525
v 0.448286 0.158338 0.236969
v 0.448286 0.109065 0.263306
v 0.448286 -0.000000 0.285000
v 0.448286 0.055601 0.279524
v -0.441332 0.294524 -0.055601
v -0.329244 0.294524 -0.055601
v -0.441332 0.300000 0.000000
v -0.329244 0.300000 0.000000
v -0.441332 0.294524 0.055601
v -0.329244 0.294524 0.055601
v -0.217155 0.294524 -0.055601
v -0.217155 0.300000 0.000000
v -0.217155 0.294524 0.055601
v -0.441332 -0.117398 0.275778
v -0.329244 -0.117398 0.275778
v -0.441332 -0.166671 0.249441
v -0.329244 -0.166671 0.249441
v -0.441332 -0.209859 0.213997
v -0.329244 -0.209859 0.213997
v -0.217155 -0.117398 0.275778
v -0.217155 -0.166671 0.249441
v -0.217155 -0.209859 0.213997
v -0.441332 -0.209859 -0.213997
v -0.329244 -0.209859 -0.213997
v -0.441332 -0.166671 -0.249441
v -0.329244 -0.166671 -0.249441
v -0.441332 -0.117398 -0.275778
v -0.329244 -0.117398 -0.275778
v -0.217155 -0.209859 -0.213997
v -0.217155 -0.166671 -0.249441
v -0.217155 -0.117398 -0.275778
v -0.441332 -0.062672 -0.266295
v -0.329244 -0.062672 -0.266295
v -0.441332 -0.007071 -0.271771
v -0.329244 -0.007071 -0.271771
v -0.441332 0.048530 -0.266295
v -0.329244 0.048530 -0.266295
v -0.441332 0.101994 -0.250077
v -0.329244 0.101994 -0.250077
v -0.441332 0.151267 -0.223740
v -0.329244 0.151267 -0.223740
v -0.441332 0.194455 -0.188297
v -0.329244 0.194455 -0.188297
v -0.441332 0.229898 -0.145109
v -0.329244 0.229898 -0.145109
v -0.441332 0.256235 -0.095836
v -0.329244 0.256235 -0.095836
v -0.217155 -0.062672 -0.266295
v -0.217155 -0.007071 -0.271771
v -0.217155 0.048530 -0.266295
v -0.217155 0.101994 -0.250077
v -0.217155 0.151267 -0.223740
v -0.217155 0.194455 -0.188297
v -0.217155 0.229898 -0.145109
v -0.217155 0.256235 -0.095836
v -0.217155 -0.007071 0.271771
v -0.329244 -0.007071 0.271771
v -0.217155 0.048530 0.266295
v -0.329244 0.048530 0.266295
v -0.441332 -0.062672 0.266295
v -0.329244 -0.062672 0.266295
v -0.441332 0.256235 0.095836
v -0.329244 0.256235 0.095836
v -0.441332 0.229898 0.145109
v -0.329244 0.229898 0.145109
v -0.441332 0.194455 0.188297
v -0.329244 0.194455 0.188297
v -0.441332 0.151267 0.223740
v -0.329244 0.151267 0.223740
v -0.441332 0.101994 0.250077
v -0.329244 0.101994 0.250077
v -0.441332 -0.007071 0.271771
v -0.441332 0.048530 0.266295
v -0.217155 -0.062672 0.266295
v -0.217155 0.256235 0.095836
v -0.217155 0.229898 0.145109
v -0.217155 0.194455 0.188297
v -0.217155 0.151267 0.223740
v -0.217155 0.101994 0.250077
v -0.441332 -0.221969 0.158338
v -0.329244 -0.221969 0.158338
v -0.441332 -0.248306 0.109065
v -0.329244 -0.248306 0.109065
v -0.441332 -0.264524 0.055601
v -0.329244 -0.264524 0.055601
v -0.441332 -0.270000 0.000000
v -0.329244 -0.270000 0.000000
v -0.441332 -0.264524 -0.055601
v -0.329244 -0.264524 -0.055601
v -0.441332 -0.248306 -0.109065
v -0.329244 -0.248306 -0.109065
v -0.441332 -0.221969 -0.158338
v -0.329244 -0.221969 -0.158338
v -0.217155 -0.221969 0.158338
v -0.217155 -0.248306 0.109065
v -0.217155 -0.264524 0.055601
v -0.217155 -0.270000 0.000000
v -0.217155 -0.264524 -0.055601
v -0.217155 -0.248306 -0.109065
v -0.217155 -0.221969 -0.158338
v 0.224083 -0.294524 0.055601
v 0.336172 -0.294524 0.055601
v 0.224083 -0.300000 0.000000
v 0.336172 -0.300000 0.000000
v 0.224083 -0.294524 -0.055601
v 0.336172 -0.294524 -0.055601
v 0.448286 -0.294524 0.055601
v 0.448286 -0.300000 0.000000
v 0.448286 -0.294524 -0.055601
v 0.224083 0.209859 0.213997
v 0.336172 0.209859 0.213997
v 0.224083 0.166671 0.249441
v 0.336172 0.166671 0.249441
v 0.224083 0.117398 0.275778
v 0.336172 0.117398 0.275778
v 0.448286 0.209859 0.213997
v 0.448286 0.166671 0.249441
v 0.448286 0.117398 0.275778
v 0.224083 0.117398 -0.275778
v 0.336172 0.117398 -0.275778
v 0.224083 0.166671 -0.249441
v 0.336172 0.166671 -0.249441
v 0.224083 0.209859 -0.213997
v 0.336172 0.209859 -0.213997
v 0.448286 0.117398 -0.275778
v 0.448286 0.166671 -0.249441
v 0.448286 0.209859 -0.213997
v 0.224083 0.221969 -0.158338
v 0.336172 0.221969 -0.158338
v 0.224083 0.248306 -0.109065
v 0.336172 0.248306 -0.109065
v 0.224083 0.264524 -0.055601
v 0.336172 0.264524 -0.055601
v 0.224083 0.270000 0.000000
v 0.336172 0.270000 0.000000
v 0.224083 0.264524 0.055601
v 0.336172 0.264524 0.055601
v 0.224083 0.248306 0.109065
v 0.336172 0.248306 0.109065
v 0.224083 0.221969 0.158338
v 0.336172 0.221969 0.158338
v 0.448286 0.221969 -0.158338
v 0.448286 0.248306 -0.109065
v 0.448286 0.264524 -0.055601
v 0.448286 0.270000 0.000000
v 0.448286 0.264524 0.055601
v 0.448286 0.248306 0.109065
v 0.448286 0.221969 0.158338
v 0.224083 -0.048530 0.266295
v 0.336172 -0.048530 0.266295
v 0.224083 -0.101994 0.250077
v 0.336172 -0.101994 0.250077
v 0.224083 -0.151267 0.223740
v 0.336172 -0.151267 0.223740
v 0.224083 -0.194455 0.188297
v 0.336172 -0.194455 0.188297
v 0.224083 -0.229898 0.145109
v 0.336172 -0.229898 0.145109
v 0.224083 -0.256235 0.095836
v 0.336172 -0.256235 0.095836
v 0.448286 0.007071 0.271771
v 0.336172 0.007071 0.271771
v 0.448286 0.062672 0.266295
v 0.336172 0.062672 0.266295
v 0.224083 0.007071 0.271771
v 0.224083 0.062672 0.266295
v 0.448286 -0.048530 0.266295
v 0.448286 -0.101994 0.250077
v 0.448286 -0.151267 0.223740
v 0.448286 -0.194455 0.188297
v 0.448286 -0.229898 0.145109
v 0.448286 -0.256235 0.095836
v 0.224083 -0.256235 -0.095836
v 0.336172 -0.256235 -0.095836
v 0.224083 -0.229898 -0.145109
v 0.336172 -0.229898 -0.145109
v 0.224083 -0.194455 -0.188297
v 0.336172 -0.194455 -0.188297
v 0.224083 -0.151267 -0.223740
v 0.336172 -0.151267 -0.223740
v 0.224083 -0.101994 -0.250077
v 0.336172 -0.101994 -0.250077
v 0.224083 -0.048530 -0.266295
v 0.336172 -0.048530 -0.266295
v 0.224083 0.007071 -0.271771
v 0.336172 0.007071 -0.271771
v 0.224083 0.062672 -0.266295
v 0.336172 0.062672 -0.266295
v 0.448286 -0.256235 -0.095836
v 0.448286 -0.229898 -0.145109
v 0.448286 -0.194455 -0.188297
v 0.448286 -0.151267 -0.223740
v 0.448286 -0.101994 -0.250077
v 0.448286 -0.048530 -0.266295
v 0.448286 0.007071 -0.271771
v 0.448286 0.062672 -0.266295
v -0.676187 -0.050513 0.253946
v -0.676187 0.000000 0.258921
v -0.676187 -0.099085 0.239212
v -0.676187 -0.143849 0.215285
v -0.676187 -0.183085 0.183085
v -0.676187 -0.215285 0.143849
v -0.676187 -0.239212 0.099085
v -0.676187 -0.253946 0.050513
v -0.676187 -0.258921 0.000000
v -0.676187 -0.253946 -0.050513
v -0.676187 -0.239212 -0.099085
v -0.676187 -0.215285 -0.143849
v -0.676187 -0.183085 -0.183085
v -0.676187 -0.143849 -0.215285
v -0.676187 -0.099085 -0.239212
v -0.676187 -0.050513 -0.253946
v -0.676187 0.000000 -0.258921
v -0.676187 0.050513 -0.253946
v -0.676187 0.099085 -0.239212
v -0.676187 0.143849 -0.215285
v -0.676187 0.183085 -0.183085
v -0.676187 0.215285 -0.143849
v -0.676187 0.239212 -0.099085
v -0.676187 0.253946 -0.050513
v -0.676187 0.258921 0.000000
v -0.676187 0.253946 0.050513
v -0.676187 0.239212 0.099085
v -0.676187 0.215285 0.143849
v -0.676187 0.183085 0.183085
v -0.676187 0.143849 0.215285
v -0.676187 0.099085 0.239212
v -0.676187 0.050513 0.253946
v -0.695605 0.000000 0.226462
v -0.695605 -0.044181 0.222111
v -0.695605 -0.086663 0.209224
v -0.695605 -0.125816 0.188296
v -0.695605 -0.160133 0.160133
v -0.695605 -0.188296 0.125816
v -0.695605 -0.209224 0.086663
v -0.695605 -0.222111 0.044181
v -0.695605 -0.226462 0.000000
v -0.695605 -0.222111 -0.044181
v -0.695605 -0.209224 -0.086663
v -0.695605 -0.188296 -0.125816
v -0.695605 -0.160133 -0.160133
v -0.695605 -0.125816 -0.188296
v -0.695605 -0.086663 -0.209224
v -0.695605 -0.044181 -0.222111
v -0.695605 0.000000 -0.226462
v -0.695605 0.044181 -0.222111
v -0.695605 0.086663 -0.209224
v -0.695605 0.125816 -0.188296
v -0.695605 0.160133 -0.160133
v -0.695605 0.188296 -0.125816
v -0.695605 0.209224 -0.086663
v -0.695605 0.222111 -0.044181
v -0.695605 0.226462 0.000000
v -0.695605 0.222111 0.044181
v -0.695605 0.209224 0.086663
v -0.695605 0.188296 0.125816
v -0.695605 0.160133 0.160133
v -0.695605 0.125816 0.188296
v -0.695605 0.086663 0.209224
v -0.695605 0.044181 0.222111
v -0.656768 -0.051794 0.260386
v -0.656768 -0.101598 0.245278
v -0.656768 -0.147497 0.220745
v -0.656768 -0.187728 0.187728
v -0.656768 -0.220745 0.147497
v -0.656768 -0.245278 0.101598
v -0.656768 -0.260386 0.051794
v -0.656768 -0.265487 0.000000
v -0.656768 -0.260386 -0.051794
v -0.656768 -0.245278 -0.101598
v -0.656768 -0.220745 -0.147497
v -0.656768 -0.187728 -0.187728
v -0.656768 -0.147497 -0.220745
v -0.656768 -0.101598 -0.245278
v -0.656768 -0.051794 -0.260386
v -0.656768 0.000000 -0.265487
v -0.656768 0.051794 -0.260386
v -0.656768 0.101598 -0.245278
v -0.656768 0.147497 -0.220745
v -0.656768 0.187728 -0.187728
v -0.656768 0.220745 -0.147497
v -0.656768 0.245278 -0.101598
v -0.656768 0.260386 -0.051794
v -0.656768 0.265487 0.000000
v -0.656768 0.260386 0.051794
v -0.656768 0.245278 0.101598
v -0.656768 0.220745 0.147497
v -0.656768 0.187728 0.187728
v -0.656768 0.147497 0.220745
v -0.656768 0.101598 0.245278
v -0.656768 0.051794 0.260386
v -0.656768 0.000000 0.265487
v 0.679929 -0.000000 0.258921
v 0.679929 -0.050513 0.253946
v 0.679929 -0.099085 0.239212
v 0.679929 -0.143849 0.215285
v 0.679929 -0.183085 0.183085
v 0.679929 -0.215285 0.143849
v 0.679929 -0.239212 0.099085
v 0.679929 -0.253946 0.050513
v 0.679929 -0.258921 0.000000
v 0.679929 -0.253946 -0.050513
v 0.679929 -0.239212 -0.099085
v 0.679929 -0.215285 -0.143849
v 0.679929 -0.183085 -0.183085
v 0.679929 -0.143849 -0.215285
v 0.679929 -0.099085 -0.239212
v 0.679929 -0.050513 -0.253946
v 0.679929 -0.000000 -0.258921
v 0.679929 0.050513 -0.253946
v 0.679929 0.099085 -0.239212
v 0.679929 0.143849 -0.215285
v 0.679929 0.183085 -0.183085
v 0.679929 0.215285 -0.143849
v 0.679929 0.239212 -0.099085
v 0.679929 0.253946 -0.050513
v 0.679929 0.258921 0.000000
v 0.679929 0.253946 0.050513
v 0.679929 0.239212 0.099085
v 0.679929 0.215285 0.143849
v 0.679929 0.183085 0.183085
v 0.679929 0.143849 0.215285
v 0.679929 0.099085 0.239212
v 0.679929 0.050513 0.253946
v 0.700080 -0.044041 0.221407
v 0.700080 -0.086389 0.208561
v 0.700080 -0.125417 0.187700
v 0.700080 -0.159626 0.159626
v 0.700080 -0.187700 0.125417
v 0.700080 -0.208561 0.086389
v 0.700080 -0.221407 0.044041
v 0.700080 -0.225745 0.000000
v 0.700080 -0.221407 -0.044041
v 0.700080 -0.208561 -0.086389
v 0.700080 -0.187700 -0.125417
v 0.700080 -0.159626 -0.159626
v 0.700080 -0.125417 -0.187700
v 0.700080 -0.086389 -0.208561
v 0.700080 -0.044041 -0.221407
v 0.700080 -0.000000 -0.225745
v 0.700080 0.044041 -0.221407
v 0.700080 0.086389 -0.208561
v 0.700080 0.125417 -0.187700
v 0.700080 0.159626 -0.159626
v 0.700080 0.187700 -0.125417
v 0.700080 0.208561 -0.086389
v 0.700080 0.221407 -0.044041
v 0.700080 0.225745 0.000000
v 0.700080 0.221407 0.044041
v 0.700080 0.208561 0.086389
v 0.700080 0.187700 0.125417
v 0.700080 0.159626 0.159626
v 0.700080 0.125417 0.187700
v 0.700080 0.086389 0.208561
v 0.700080 0.044041 0.221407
v 0.700080 -0.000000 0.225745
v 0.660529 -0.000000 0.265487
v 0.660529 -0.051794 0.260386
v 0.660529 -0.101598 0.245278
v 0.660529 -0.147497 0.220745
v 0.660529 -0.187728 0.187728
v 0.660529 -0.220745 0.147497
v 0.660529 -0.245278 0.101598
v 0.660529 -0.260386 0.051794
v 0.660529 -0.265487 0.000000
v 0.660529 -0.260386 -0.051794
v 0.660529 -0.245278 -0.101598
v 0.660529 -0.220745 -0.147497
v 0.660529 -0.187728 -0.187728
v 0.660529 -0.147497 -0.220745
v 0.660529 -0.101598 -0.245278
v 0.660529 -0.051794 -0.260386
v 0.660529 -0.000000 -0.265487
v 0.660529 0.051794 -0.260386
v 0.660529 0.101598 -0.245278
v 0.660529 0.147497 -0.220745
v 0.660529 0.187728 -0.187728
v 0.660529 0.220745 -0.147497
v 0.660529 0.245278 -0.101598
v 0.660529 0.260386 -0.051794
v 0.660529 0.265487 0.000000
v 0.660529 0.260386 0.051794
v 0.660529 0.245278 0.101598
v 0.660529 0.220745 0.147497
v 0.660529 0.187728 0.187728
v 0.660529 0.147497 0.220745
v 0.660529 0.101598 0.245278
v 0.660529 0.051794 0.260386
vn 0.3547 -0.0916 0.9305
vn -0.3712 -0.0910 0.9241
vn 0.3547 -0.2714 0.8947
vn -0.3712 -0.2695 0.8886
vn 0.3547 -0.4407 0.8246
vn -0.3712 -0.4377 0.8189
vn 0.3547 -0.5931 0.7227
vn -0.3712 -0.5891 0.7178
vn 0.3547 -0.7227 0.5931
vn -0.3712 -0.7178 0.5891
vn 0.3547 -0.8246 0.4407
vn -0.3712 -0.8189 0.4377
vn 0.3547 -0.8947 0.2714
vn -0.3712 -0.8886 0.2695
vn 0.3547 -0.9305 0.0916
vn -0.3712 -0.9241 0.0910
vn 0.3547 -0.9305 -0.0916
vn -0.3712 -0.9241 -0.0910
vn 0.3547 -0.8947 -0.2714
vn -0.3712 -0.8886 -0.2695
vn 0.3547 -0.8246 -0.4407
vn -0.3712 -0.8189 -0.4377
vn 0.3547 -0.7227 -0.5931
vn -0.3712 -0.7178 -0.5891
vn 0.3547 -0.5931 -0.7227
vn -0.3712 -0.5891 -0.7178
vn 0.3547 -0.4407 -0.8246
vn -0.3712 -0.4377 -0.8189
vn 0.3547 -0.2714 -0.8947
vn -0.3712 -0.2695 -0.8886
vn 0.3547 -0.0916 -0.9305
vn -0.3712 -0.0910 -0.9241
vn 0.3547 0.0916 -0.9305
vn -0.3712 0.0910 -0.9241
vn 0.3547 0.2714 -0.8947
vn -0.3712 0.2695 -0.8886
vn 0.3547 0.4407 -0.8246
vn -0.3712 0.4377 -0.8189
vn 0.3547 0.5931 -0.7227
vn -0.3712 0.5891 -0.7178
vn 0.3547 0.7227 -0.5931
vn -0.3712 0.7178 -0.5891
vn 0.3547 0.8246 -0.4407
vn -0.3712 0.8189 -0.4377
vn 0.3547 0.8947 -0.2714
vn -0.3712 0.8886 -0.2695
vn 0.3547 0.9305 -0.0916
vn -0.3712 0.9241 -0.0910
vn 0.3547 0.9305 0.0916
vn -0.3712 0.9241 0.0910
vn 0.3547 0.8947 0.2714
vn -0.3712 0.8886 0.2695
vn 0.3547 0.8246 0.4407
vn -0.3712 0.8189 0.4377
vn 0.3547 0.7227 0.5931
vn -0.3712 0.7178 0.5891
vn 0.3547 0.5931 0.7227
vn -0.3712 0.5891 0.7178
vn 0.3547 0.4407 0.8246
vn -0.3712 0.4377 0.8189
vn 0.3547 0.2714 0.8947
vn -0.3712 0.2695 0.8886
vn 0.3547 0.0916 0.9305
vn -0.3712 0.0910 0.9241
vn -0.0000 -0.0980 0.9952
vn -0.0000 0.0980 0.9952
vn -0.0000 -0.8819 0.4714
vn -0.0000 -0.2903 0.9569
vn -0.0000 -0.4714 0.8819
vn -0.0000 -0.6344 0.7730
vn -0.0000 -0.7730 0.6344
vn -0.0000 -0.9569 0.2903
vn -0.0000 -0.9952 0.0980
vn -0.0000 -0.9952 -0.0980
vn -0.0000 -0.9569 -0.2903
vn -0.0000 -0.8819 -0.4714
vn -0.0000 -0.7730 -0.6344
vn -0.0000 -0.6344 -0.7730
vn -0.0000 -0.4714 -0.8819
vn -0.0000 -0.2903 -0.9569
vn -0.0000 -0.0980 -0.9952
vn -0.0000 0.0980 -0.9952
vn -0.0000 0.2903 -0.9569
vn -0.0000 0.4714 -0.8819
vn -0.0000 0.6344 -0.7730
vn -0.0000 0.7730 -0.6344
vn -0.0000 0.8819 -0.4714
vn -0.0000 0.9569 -0.2903
vn -0.0000 0.9952 -0.0980
vn -0.0000 0.9952 0.0980
vn -0.0000 0.9569 0.2903
vn -0.0000 0.8819 0.4714
vn -0.0000 0.7730 0.6344
vn -0.0000 0.6344 0.7730
vn -0.0000 0.4714 0.8819
vn -0.0000 0.2903 0.9569
vn 1.0000 -0.0000 -0.0000
vn -1.0000 -0.0000 -0.0000
vn 0.6349 0.2243 0.7393
vn 0.6349 0.3642 0.6814
vn 0.6349 0.4901 0.5972
vn 0.6349 0.5972 0.4901
vn 0.6349 0.6814 0.3642
vn 0.6349 0.7393 0.2243
vn 0.6349 0.7689 0.0757
vn 0.6349 0.7689 -0.0757
vn 0.6349 0.7393 -0.2243
vn 0.6349 0.6814 -0.3642
vn 0.6349 0.5972 -0.4901
vn 0.6349 0.4901 -0.5972
vn 0.6349 0.3642 -0.6814
vn 0.6349 0.2243 -0.7393
vn 0.6349 0.0757 -0.7689
vn 0.6349 -0.0757 -0.7689
vn 0.6349 -0.2243 -0.7393
vn 0.6349 -0.3642 -0.6814
vn 0.6349 -0.4901 -0.5972
vn 0.6349 -0.5972 -0.4901
vn 0.6349 -0.6814 -0.3642
vn 0.6349 -0.7393 -0.2243
vn 0.6349 -0.7689 -0.0757
vn 0.6349 -0.7689 0.0757
vn 0.6349 -0.7393 0.2243
vn 0.6349 -0.6814 0.3642
vn 0.6349 -0.5972 0.4901
vn 0.6349 -0.4901 0.5972
vn 0.6349 -0.3642 0.6814
vn 0.6349 -0.2243 0.7393
vn 0.6349 0.0757 0.7689
vn 0.6349 -0.0757 0.7689
vn -0.6349 0.2243 0.7393
vn -0.6349 0.3642 0.6814
vn -0.6349 0.4901 0.5972
vn -0.6349 0.5972 0.4901
vn -0.6349 0.6814 0.3642
vn -0.6349 0.7393 0.2243
vn -0.6349 0.7689 0.0757
vn -0.6349 0.7689 -0.0757
vn -0.6349 0.7393 -0.2243
vn -0.6349 0.6814 -0.3642
vn -0.6349 0.5972 -0.4901
vn -0.6349 0.4901 -0.5972
vn -0.6349 0.3642 -0.6814
vn -0.6349 0.2243 -0.7393
vn -0.6349 0.0757 -0.7689
vn -0.6349 -0.0757 -0.7689
vn -0.6349 -0.2243 -0.7393
vn -0.6349 -0.3642 -0.6814
vn -0.6349 -0.4901 -0.5972
vn -0.6349 -0.5972 -0.4901
vn -0.6349 -0.6814 -0.3642
vn -0.6349 -0.7393 -0.2243
vn -0.6349 -0.7689 -0.0757
vn -0.6349 -0.7689 0.0757
vn -0.6349 -0.7393 0.2243
vn -0.6349 -0.6814 0.3642
vn -0.6349 -0.5972 0.4901
vn -0.6349 -0.4901 0.5972
vn -0.6349 -0.3642 0.6814
vn -0.6349 -0.2243 0.7393
vn -0.6349 0.0757 0.7689
vn -0.6349 -0.0757 0.7689
vn 0.5836 0.2357 0.7771
vn 0.5836 0.3828 0.7162
vn 0.5836 0.5152 0.6277
vn 0.5836 0.6277 0.5152
vn 0.5836 0.7162 0.3828
vn 0.5836 0.7771 0.2357
vn 0.5836 0.8081 0.0796
vn 0.5836 0.8081 -0.0796
vn 0.5836 0.7771 -0.2357
vn 0.5836 0.7162 -0.3828
vn 0.5836 0.6277 -0.5152
vn 0.5836 0.5152 -0.6277
vn 0.5836 0.3828 -0.7162
vn 0.5836 0.2357 -0.7771
vn 0.5836 0.0796 -0.8081
vn 0.5836 -0.0796 -0.8081
vn 0.5836 -0.2357 -0.7771
vn 0.5836 -0.3828 -0.7162
vn 0.5836 -0.5152 -0.6277
vn 0.5836 -0.6277 -0.5152
vn 0.5836 -0.7162 -0.3828
vn 0.5836 -0.7771 -0.2357
vn 0.5836 -0.8081 -0.0796
vn 0.5836 -0.8081 0.0796
vn 0.5836 -0.7771 0.2357
vn 0.5836 -0.7162 0.3828
vn 0.5836 -0.6277 0.5152
vn 0.5836 -0.5152 0.6277
vn 0.5836 -0.3828 0.7162
vn 0.5836 -0.2357 0.7771
vn 0.5836 0.0796 0.8081
vn 0.5836 -0.0796 0.8081
vn -0.5836 0.2357 0.7771
vn -0.5836 0.3828 0.7162
vn -0.5836 0.5152 0.6277
vn -0.5836 0.6277 0.5152
vn -0.5836 0.7162 0.3828
vn -0.5836 0.7771 0.2357
vn -0.5836 0.8081 0.0796
vn -0.5836 0.8081 -0.0796
vn -0.5836 0.7771 -0.2357
vn -0.5836 0.7162 -0.3828
vn -0.5836 0.6277 -0.5152
vn -0.5836 0.5152 -0.6277
vn -0.5836 0.3828 -0.7162
vn -0.5836 0.2357 -0.7771
vn -0.5836 0.0796 -0.8081
vn -0.5836 -0.0796 -0.8081
vn -0.5836 -0.2357 -0.7771
vn -0.5836 -0.3828 -0.7162
vn -0.5836 -0.5152 -0.6277
vn -0.5836 -0.6277 -0.5152
vn -0.5836 -0.7162 -0.3828
vn -0.5836 -0.7771 -0.2357
vn -0.5836 -0.8081 -0.0796
vn -0.5836 -0.8081 0.0796
vn -0.5836 -0.7771 0.2357
vn -0.5836 -0.7162 0.3828
vn -0.5836 -0.6277 0.5152
vn -0.5836 -0.5152 0.6277
vn -0.5836 -0.3828 0.7162
vn -0.5836 -0.2357 0.7771
vn -0.5836 0.0796 0.8081
vn -0.5836 -0.0796 0.8081
vn -0.0000 -0.0000 -1.0000
vn -0.0000 -0.8315 0.5556
vn -0.0000 -0.8315 -0.5556
vn -0.0000 -0.0000 1.0000
vn -0.0000 0.8315 -0.5556
vn -0.0000 0.8315 0.5556
vn -0.3190 0.0929 0.9432
vn -0.3190 0.2751 0.9070
vn -0.3190 0.4468 0.8359
vn -0.3190 0.6013 0.7326
vn -0.3190 0.7326 0.6013
vn -0.3190 0.8359 0.4468
vn -0.3190 0.9070 0.2751
vn -0.3190 0.9432 0.0929
vn -0.3190 0.9432 -0.0929
vn -0.3190 0.9070 -0.2751
vn -0.3190 0.8359 -0.4468
vn -0.3190 0.7326 -0.6013
vn -0.3190 0.6013 -0.7326
vn -0.3190 0.4468 -0.8359
vn -0.3190 0.2751 -0.9070
vn -0.3190 0.0929 -0.9432
vn -0.3190 -0.0929 -0.9432
vn -0.3190 -0.2751 -0.9070
vn -0.3190 -0.4468 -0.8359
vn -0.3190 -0.6013 -0.7326
vn -0.3190 -0.7326 -0.6013
vn -0.3190 -0.8359 -0.4468
vn -0.3190 -0.9070 -0.2751
vn -0.3190 -0.9432 -0.0929
vn -0.3190 -0.9432 0.0929
vn -0.3190 -0.9070 0.2751
vn -0.3190 -0.8359 0.4468
vn -0.3190 -0.7326 0.6013
vn -0.3190 -0.6013 0.7326
vn -0.3190 -0.4468 0.8359
vn -0.3190 -0.2751 0.9070
vn -0.3190 -0.0929 0.9432
vn -0.8571 0.0505 0.5127
vn -0.8571 0.1496 0.4930
vn -0.8571 0.2429 0.4544
vn -0.8571 0.3269 0.3983
vn -0.8571 0.3983 0.3269
vn -0.8571 0.4544 0.2429
vn -0.8571 0.4930 0.1496
vn -0.8571 0.5127 0.0505
vn -0.8571 0.5127 -0.0505
vn -0.8571 0.4930 -0.1496
vn -0.8571 0.4544 -0.2429
vn -0.8571 0.3983 -0.3269
vn -0.8571 0.3269 -0.3983
vn -0.8571 0.2429 -0.4544
vn -0.8571 0.1496 -0.4930
vn -0.8571 0.0505 -0.5127
vn -0.8571 -0.0505 -0.5127
vn -0.8571 -0.1496 -0.4930
vn -0.8571 -0.2429 -0.4544
vn -0.8571 -0.3269 -0.3983
vn -0.8571 -0.3983 -0.3269
vn -0.8571 -0.4544 -0.2429
vn -0.8571 -0.4930 -0.1496
vn -0.8571 -0.5127 -0.0505
vn -0.8571 -0.5127 0.0505
vn -0.8571 -0.4930 0.1496
vn -0.8571 -0.4544 0.2429
vn -0.8571 -0.3983 0.3269
vn -0.8571 -0.3269 0.3983
vn -0.8571 -0.2429 0.4544
vn -0.8571 -0.1496 0.4930
vn -0.8571 -0.0505 0.5127
vn -0.8480 -0.0519 0.5274
vn -0.8480 -0.1538 0.5071
vn -0.8480 -0.2498 0.4674
vn -0.8480 -0.3362 0.4096
vn -0.8480 -0.4096 0.3362
vn -0.8480 -0.4674 0.2498
vn -0.8480 -0.5071 0.1538
vn -0.8480 -0.5274 0.0519
vn -0.8480 -0.5274 -0.0519
vn -0.8480 -0.5071 -0.1538
vn -0.8480 -0.4674 -0.2498
vn -0.8480 -0.4096 -0.3362
vn -0.8480 -0.3362 -0.4096
vn -0.8480 -0.2498 -0.4674
vn -0.8480 -0.1538 -0.5071
vn -0.8480 -0.0519 -0.5274
vn -0.8480 0.0519 -0.5274
vn -0.8480 0.1538 -0.5071
vn -0.8480 0.2498 -0.4674
vn -0.8480 0.3362 -0.4096
vn -0.8480 0.4096 -0.3362
vn -0.8480 0.4674 -0.2498
vn -0.8480 0.5071 -0.1538
vn -0.8480 0.5274 -0.0519
vn -0.8480 0.5274 0.0519
vn -0.8480 0.5071 0.1538
vn -0.8480 0.4674 0.2498
vn -0.8480 0.4096 0.3362
vn -0.8480 0.3362 0.4096
vn -0.8480 0.2498 0.4674
vn -0.8480 0.1538 0.5071
vn -0.8480 0.0519 0.5274
vn 0.3192 0.0929 0.9431
vn 0.3192 0.2751 0.9069
vn 0.3192 0.4467 0.8358
vn 0.3192 0.6012 0.7326
vn 0.3192 0.7326 0.6012
vn 0.3192 0.8358 0.4467
vn 0.3192 0.9069 0.2751
vn 0.3192 0.9431 0.0929
vn 0.3192 0.9431 -0.0929
vn 0.3192 0.9069 -0.2751
vn 0.3192 0.8358 -0.4467
vn 0.3192 0.7326 -0.6012
vn 0.3192 0.6012 -0.7326
vn 0.3192 0.4467 -0.8358
vn 0.3192 0.2751 -0.9069
vn 0.3192 0.0929 -0.9431
vn 0.3192 -0.0929 -0.9431
vn 0.3192 -0.2751 -0.9069
vn 0.3192 -0.4467 -0.8358
vn 0.3192 -0.6012 -0.7326
vn 0.3192 -0.7326 -0.6012
vn 0.3192 -0.8358 -0.4467
vn 0.3192 -0.9069 -0.2751
vn 0.3192 -0.9431 -0.0929
vn 0.3192 -0.9431 0.0929
vn 0.3192 -0.9069 0.2751
vn 0.3192 -0.8358 0.4467
vn 0.3192 -0.7326 0.6012
vn 0.3192 -0.6012 0.7326
vn 0.3192 -0.4467 0.8358
vn 0.3192 -0.2751 0.9069
vn 0.3192 -0.0929 0.9431
vn 0.8536 0.0511 0.5185
vn 0.8536 0.1512 0.4985
vn 0.8536 0.2456 0.4595
vn 0.8536 0.3305 0.4027
vn 0.8536 0.4027 0.3305
vn 0.8536 0.4595 0.2456
vn 0.8536 0.4985 0.1512
vn 0.8536 0.5185 0.0511
vn 0.8536 0.5185 -0.0511
vn 0.8536 0.4985 -0.1512
vn 0.8536 0.4595 -0.2456
vn 0.8536 0.4027 -0.3305
vn 0.8536 0.3305 -0.4027
vn 0.8536 0.2456 -0.4595
vn 0.8536 0.1512 -0.4985
vn 0.8536 0.0511 -0.5185
vn 0.8536 -0.0511 -0.5185
vn 0.8536 -0.1512 -0.4985
vn 0.8536 -0.2456 -0.4595
vn 0.8536 -0.3305 -0.4027
vn 0.8536 -0.4027 -0.3305
vn 0.8536 -0.4595 -0.2456
vn 0.8536 -0.4985 -0.1512
vn 0.8536 -0.5185 -0.0511
vn 0.8536 -0.5185 0.0511
vn 0.8536 -0.4985 0.1512
vn 0.8536 -0.4595 0.2456
vn 0.8536 -0.4027 0.3305
vn 0.8536 -0.3305 0.4027
vn 0.8536 -0.2456 0.4595
vn 0.8536 -0.1512 0.4985
vn 0.8536 -0.0511 0.5185
vn 0.8478 -0.0520 0.5277
vn 0.8478 -0.1539 0.5074
vn 0.8478 -0.2500 0.4677
vn 0.8478 -0.3364 0.4099
vn 0.8478 -0.4099 0.3364
vn 0.8478 -0.4677 0.2500
vn 0.8478 -0.5074 0.1539
vn 0.8478 -0.5277 0.0520
vn 0.8478 -0.5277 -0.0520
vn 0.8478 -0.5074 -0.1539
vn 0.8478 -0.4677 -0.2500
vn 0.8478 -0.4099 -0.3364
vn 0.8478 -0.3364 -0.4099
vn 0.8478 -0.2500 -0.4677
vn 0.8478 -0.1539 -0.5074
vn 0.8478 -0.0520 -0.5277
vn 0.8478 0.0520 -0.5277
vn 0.8478 0.1539 -0.5074
vn 0.8478 0.2500 -0.4677
vn 0.8478 0.3364 -0.4099
vn 0.8478 0.4099 -0.3364
vn 0.8478 0.4677 -0.2500
vn 0.8478 0.5074 -0.1539
vn 0.8478 0.5277 -0.0520
vn 0.8478 0.5277 0.0520
vn 0.8478 0.5074 0.1539
vn 0.8478 0.4677 0.2500
vn 0.8478 0.4099 0.3364
vn 0.8478 0.3364 0.4099
vn 0.8478 0.2500 0.4677
vn 0.8478 0.1539 0.5074
vn 0.8478 0.0520 0.5277
vt 0.830049 0.135736
vt 0.830643 0.123007
vt 0.837255 0.123409
vt 0.836541 0.136077
vt 0.826209 0.827339
vt 0.826002 0.814559
vt 0.832820 0.814376
vt 0.833032 0.827053
vt 0.831466 0.110282
vt 0.837927 0.110714
vt 0.826808 0.840151
vt 0.833630 0.839732
vt 0.832231 0.097548
vt 0.838758 0.098070
vt 0.827455 0.852949
vt 0.834220 0.852360
vt 0.833064 0.084760
vt 0.839609 0.085425
vt 0.828508 0.865766
vt 0.835356 0.864960
vt 0.834133 0.071962
vt 0.840720 0.072871
vt 0.829846 0.878615
vt 0.836609 0.877487
vt 0.835424 0.059250
vt 0.842055 0.060527
vt 0.831809 0.891423
vt 0.838553 0.889874
vt 0.837312 0.046662
vt 0.843672 0.048476
vt 0.834488 0.904169
vt 0.841030 0.902091
vt 0.840977 0.034257
vt 0.846622 0.036565
vt 0.838630 0.916576
vt 0.844751 0.913925
vt 0.840361 0.441163
vt 0.835889 0.428909
vt 0.842102 0.426750
vt 0.846160 0.438545
vt 0.835852 0.521591
vt 0.838781 0.509091
vt 0.844969 0.511168
vt 0.842550 0.523224
vt 0.832943 0.416242
vt 0.839375 0.414633
vt 0.834412 0.534354
vt 0.841291 0.535470
vt 0.830666 0.403465
vt 0.837193 0.402281
vt 0.833336 0.547116
vt 0.840181 0.547925
vt 0.829151 0.390632
vt 0.835630 0.389782
vt 0.832403 0.559925
vt 0.839248 0.560520
vt 0.828071 0.377813
vt 0.834670 0.377196
vt 0.831676 0.572703
vt 0.838470 0.573191
vt 0.827301 0.365029
vt 0.833772 0.364553
vt 0.830897 0.585435
vt 0.837624 0.585845
vt 0.826660 0.352207
vt 0.833243 0.351891
vt 0.830226 0.598153
vt 0.837086 0.598535
vt 0.826334 0.339428
vt 0.832836 0.339219
vt 0.829557 0.610851
vt 0.836352 0.611201
vt 0.826011 0.326665
vt 0.832560 0.326548
vt 0.828888 0.623581
vt 0.835753 0.623862
vt 0.826050 0.313907
vt 0.832549 0.313866
vt 0.828566 0.636296
vt 0.835329 0.636566
vt 0.825854 0.301169
vt 0.832469 0.301162
vt 0.827970 0.649035
vt 0.834800 0.649266
vt 0.826113 0.288437
vt 0.832565 0.288462
vt 0.827685 0.661772
vt 0.834476 0.661987
vt 0.826044 0.275691
vt 0.832612 0.275742
vt 0.827267 0.674471
vt 0.834006 0.674666
vt 0.826391 0.262946
vt 0.832924 0.263034
vt 0.826795 0.687195
vt 0.833685 0.687358
vt 0.826413 0.250254
vt 0.832949 0.250338
vt 0.826659 0.699935
vt 0.833469 0.700078
vt 0.826658 0.237514
vt 0.833251 0.237650
vt 0.826351 0.712638
vt 0.833150 0.712764
vt 0.826970 0.224775
vt 0.833458 0.224915
vt 0.826165 0.725339
vt 0.832938 0.725439
vt 0.827245 0.212084
vt 0.833749 0.212234
vt 0.825921 0.738083
vt 0.832788 0.738149
vt 0.827522 0.199343
vt 0.834132 0.199559
vt 0.825945 0.750835
vt 0.832731 0.750876
vt 0.828061 0.186604
vt 0.834512 0.186821
vt 0.825837 0.763553
vt 0.832605 0.763596
vt 0.828380 0.173892
vt 0.834919 0.174121
vt 0.825598 0.776291
vt 0.832451 0.776298
vt 0.828856 0.161188
vt 0.835421 0.161440
vt 0.825751 0.789050
vt 0.832526 0.788990
vt 0.829353 0.148461
vt 0.835884 0.148751
vt 0.825675 0.801792
vt 0.832538 0.801688
vt 0.854330 0.338529
vt 0.854070 0.326101
vt 0.857605 0.326055
vt 0.857863 0.338452
vt 0.167911 0.437118
vt 0.186650 0.436913
vt 0.186974 0.453864
vt 0.168111 0.454069
vt 0.167716 0.420193
vt 0.186574 0.419936
vt 0.855651 0.687924
vt 0.856011 0.675289
vt 0.859012 0.675367
vt 0.858653 0.688000
vt 0.187023 0.470861
vt 0.168234 0.471011
vt 0.187124 0.487822
vt 0.168335 0.487983
vt 0.187224 0.504756
vt 0.168436 0.504993
vt 0.187429 0.521666
vt 0.168664 0.522054
vt 0.187725 0.538504
vt 0.168975 0.539201
vt 0.188578 0.555304
vt 0.169744 0.556437
vt 0.189976 0.572335
vt 0.171131 0.573710
vt 0.171382 0.028106
vt 0.190132 0.031342
vt 0.186519 0.048065
vt 0.168058 0.045190
vt 0.184322 0.064645
vt 0.165539 0.062607
vt 0.183023 0.081278
vt 0.164391 0.080089
vt 0.182469 0.098011
vt 0.163704 0.097426
vt 0.182431 0.114821
vt 0.163561 0.114621
vt 0.182295 0.131709
vt 0.163525 0.131704
vt 0.182564 0.148608
vt 0.163692 0.148756
vt 0.182609 0.165552
vt 0.163857 0.165741
vt 0.182970 0.182480
vt 0.164116 0.182730
vt 0.183105 0.199462
vt 0.164305 0.199694
vt 0.183333 0.216428
vt 0.164527 0.216669
vt 0.183502 0.233370
vt 0.164738 0.233639
vt 0.183912 0.250304
vt 0.165055 0.250609
vt 0.184078 0.267294
vt 0.165286 0.267558
vt 0.184322 0.284261
vt 0.165512 0.284530
vt 0.184514 0.301207
vt 0.165758 0.301492
vt 0.184933 0.318145
vt 0.166058 0.318462
vt 0.185064 0.335119
vt 0.166312 0.335413
vt 0.185496 0.352066
vt 0.166630 0.352385
vt 0.185618 0.369035
vt 0.166863 0.369324
vt 0.185964 0.385971
vt 0.167148 0.386290
vt 0.186242 0.402950
vt 0.167449 0.403243
vt 0.844432 0.123833
vt 0.843922 0.136490
vt 0.840083 0.814124
vt 0.840361 0.826707
vt 0.845316 0.111214
vt 0.840908 0.839226
vt 0.846054 0.098627
vt 0.841645 0.851698
vt 0.846949 0.086132
vt 0.842538 0.864063
vt 0.848094 0.073801
vt 0.843984 0.876280
vt 0.849402 0.061785
vt 0.845693 0.888249
vt 0.850988 0.050223
vt 0.848093 0.899840
vt 0.852586 0.039461
vt 0.851054 0.910921
vt 0.849115 0.424412
vt 0.852367 0.435248
vt 0.851310 0.513624
vt 0.849837 0.524858
vt 0.846465 0.412877
vt 0.848578 0.536576
vt 0.844466 0.400960
vt 0.847523 0.548725
vt 0.843030 0.388815
vt 0.846567 0.561131
vt 0.841840 0.376472
vt 0.845758 0.573675
vt 0.841155 0.364032
vt 0.845045 0.586288
vt 0.840447 0.351519
vt 0.844246 0.598923
vt 0.840229 0.338959
vt 0.843746 0.611590
vt 0.839897 0.326368
vt 0.843070 0.624221
vt 0.839820 0.313743
vt 0.842582 0.636892
vt 0.839770 0.301105
vt 0.842079 0.649543
vt 0.839832 0.288447
vt 0.841623 0.662210
vt 0.839906 0.275796
vt 0.841396 0.674894
vt 0.840047 0.263123
vt 0.840976 0.687556
vt 0.840340 0.250449
vt 0.840629 0.700226
vt 0.840412 0.237772
vt 0.840543 0.712919
vt 0.840744 0.225101
vt 0.840242 0.725584
vt 0.841136 0.212440
vt 0.840057 0.738253
vt 0.841299 0.199757
vt 0.839864 0.750927
vt 0.841765 0.187091
vt 0.839849 0.763602
vt 0.842198 0.174429
vt 0.839758 0.776257
vt 0.842691 0.161779
vt 0.839794 0.788891
vt 0.843206 0.149122
vt 0.839851 0.801526
vt 0.633911 0.902656
vt 0.622951 0.900476
vt 0.612628 0.896200
vt 0.603337 0.889992
vt 0.595436 0.882090
vt 0.589228 0.872799
vt 0.584951 0.862476
vt 0.582771 0.851516
vt 0.582771 0.840342
vt 0.584951 0.829383
vt 0.589228 0.819059
vt 0.595436 0.809768
vt 0.603337 0.801867
vt 0.612628 0.795659
vt 0.622951 0.791383
vt 0.633911 0.789203
vt 0.645085 0.789203
vt 0.656044 0.791383
vt 0.666368 0.795659
vt 0.675659 0.801867
vt 0.683560 0.809768
vt 0.689768 0.819059
vt 0.694044 0.829383
vt 0.696224 0.840342
vt 0.696224 0.851516
vt 0.694044 0.862476
vt 0.689768 0.872799
vt 0.683560 0.882090
vt 0.675659 0.889992
vt 0.666368 0.896200
vt 0.656044 0.900476
vt 0.645085 0.902656
vt 0.855577 0.838369
vt 0.855061 0.826109
vt 0.858065 0.826017
vt 0.858578 0.838232
vt 0.854441 0.776244
vt 0.854494 0.763656
vt 0.857497 0.763675
vt 0.857445 0.776251
vt 0.864581 0.526030
vt 0.864622 0.514453
vt 0.867521 0.514166
vt 0.867586 0.525896
vt 0.858353 0.612288
vt 0.858944 0.599724
vt 0.861945 0.599880
vt 0.861352 0.612431
vt 0.855343 0.700541
vt 0.858347 0.700600
vt 0.856291 0.850505
vt 0.859290 0.850316
vt 0.854460 0.788791
vt 0.857463 0.788783
vt 0.863547 0.537958
vt 0.866572 0.538141
vt 0.857748 0.624881
vt 0.860749 0.625013
vt 0.855155 0.713167
vt 0.858157 0.713219
vt 0.857238 0.862459
vt 0.860234 0.862197
vt 0.854542 0.801297
vt 0.857546 0.801268
vt 0.862318 0.550051
vt 0.865321 0.550311
vt 0.857226 0.637469
vt 0.860227 0.637587
vt 0.854920 0.725818
vt 0.857924 0.725867
vt 0.858584 0.874173
vt 0.861570 0.873827
vt 0.854747 0.813739
vt 0.857750 0.813683
vt 0.861274 0.562307
vt 0.864271 0.562528
vt 0.856742 0.650066
vt 0.859744 0.650172
vt 0.854724 0.738444
vt 0.857727 0.738486
vt 0.860303 0.885638
vt 0.863281 0.885208
vt 0.860420 0.574694
vt 0.863417 0.574884
vt 0.856317 0.662662
vt 0.859320 0.662751
vt 0.854563 0.751058
vt 0.857567 0.751087
vt 0.862454 0.896813
vt 0.865421 0.896345
vt 0.859668 0.587183
vt 0.862666 0.587357
vt 0.864650 0.907748
vt 0.867586 0.907294
vt 0.467298 0.831189
vt 0.469478 0.842149
vt 0.469478 0.853323
vt 0.467298 0.864282
vt 0.463022 0.874606
vt 0.456814 0.883897
vt 0.448913 0.891798
vt 0.439622 0.898006
vt 0.429298 0.902282
vt 0.418339 0.904462
vt 0.407165 0.904462
vt 0.396205 0.902282
vt 0.385882 0.898006
vt 0.376591 0.891798
vt 0.368689 0.883897
vt 0.362481 0.874606
vt 0.358205 0.864282
vt 0.356025 0.853323
vt 0.356025 0.842149
vt 0.358205 0.831189
vt 0.362481 0.820866
vt 0.368689 0.811575
vt 0.376591 0.803673
vt 0.385882 0.797465
vt 0.396205 0.793189
vt 0.407165 0.791009
vt 0.418339 0.791009
vt 0.429298 0.793189
vt 0.439622 0.797465
vt 0.448913 0.803673
vt 0.456814 0.811575
vt 0.463022 0.820866
vt 0.854425 0.250669
vt 0.854597 0.238046
vt 0.858131 0.238111
vt 0.857956 0.250726
vt 0.860186 0.099749
vt 0.861143 0.087463
vt 0.864666 0.087773
vt 0.863711 0.099997
vt 0.856815 0.162364
vt 0.857357 0.149787
vt 0.860888 0.149949
vt 0.860346 0.162508
vt 0.860485 0.410061
vt 0.858559 0.398706
vt 0.862068 0.398243
vt 0.863976 0.409477
vt 0.853957 0.313611
vt 0.857491 0.313594
vt 0.854885 0.225424
vt 0.858418 0.225506
vt 0.862400 0.075326
vt 0.865931 0.075706
vt 0.857992 0.137209
vt 0.861520 0.137385
vt 0.857110 0.387064
vt 0.860630 0.386715
vt 0.853921 0.301076
vt 0.857455 0.301081
vt 0.855213 0.212780
vt 0.858744 0.212865
vt 0.863955 0.063317
vt 0.867522 0.063603
vt 0.856008 0.375188
vt 0.859537 0.374933
vt 0.853966 0.288504
vt 0.857499 0.288526
vt 0.855487 0.200161
vt 0.859021 0.200256
vt 0.865263 0.051345
vt 0.868797 0.051140
vt 0.855249 0.363098
vt 0.858779 0.362917
vt 0.854054 0.275913
vt 0.857588 0.275949
vt 0.858609 0.124671
vt 0.862140 0.124866
vt 0.855881 0.187562
vt 0.859413 0.187676
vt 0.865013 0.039763
vt 0.868372 0.039299
vt 0.854656 0.350879
vt 0.858191 0.350756
vt 0.854206 0.263307
vt 0.857740 0.263358
vt 0.859387 0.112170
vt 0.862913 0.112389
vt 0.856325 0.174958
vt 0.859857 0.175088
vt 0.865363 0.432006
vt 0.862901 0.421138
vt 0.866376 0.420501
vt 0.868797 0.431384
vt 0.160509 0.403370
vt 0.160845 0.420277
vt 0.160201 0.386432
vt 0.159835 0.369439
vt 0.159679 0.352476
vt 0.159372 0.335520
vt 0.159188 0.318583
vt 0.158734 0.301603
vt 0.158564 0.284606
vt 0.158340 0.267644
vt 0.158105 0.250706
vt 0.157795 0.233730
vt 0.157585 0.216748
vt 0.157440 0.199782
vt 0.157169 0.182840
vt 0.156830 0.165833
vt 0.156740 0.148801
vt 0.156581 0.131720
vt 0.156616 0.114574
vt 0.156860 0.097277
vt 0.157462 0.079781
vt 0.158637 0.061977
vt 0.161170 0.044103
vt 0.164383 0.027228
vt 0.162898 0.556845
vt 0.164100 0.573812
vt 0.162022 0.539406
vt 0.161639 0.522145
vt 0.161568 0.505053
vt 0.161310 0.488024
vt 0.161291 0.471041
vt 0.161239 0.454144
vt 0.160892 0.437205
vt 0.276217 0.434535
vt 0.294024 0.434222
vt 0.294306 0.451200
vt 0.276377 0.451467
vt 0.275725 0.417629
vt 0.293645 0.417235
vt 0.294607 0.468246
vt 0.276768 0.468344
vt 0.294628 0.485356
vt 0.276807 0.485190
vt 0.294534 0.502579
vt 0.276630 0.501990
vt 0.293784 0.519978
vt 0.276102 0.518697
vt 0.292459 0.537550
vt 0.274634 0.535246
vt 0.289377 0.555007
vt 0.271940 0.551682
vt 0.285250 0.571973
vt 0.267629 0.568215
vt 0.268404 0.027442
vt 0.286564 0.027228
vt 0.286528 0.044473
vt 0.268748 0.044578
vt 0.286556 0.061497
vt 0.268739 0.061564
vt 0.286605 0.078452
vt 0.268748 0.078531
vt 0.286666 0.095374
vt 0.268817 0.095502
vt 0.286859 0.112286
vt 0.268982 0.112481
vt 0.287042 0.129207
vt 0.269187 0.129451
vt 0.287317 0.146125
vt 0.269458 0.146422
vt 0.287622 0.163058
vt 0.269768 0.163390
vt 0.287925 0.179978
vt 0.270029 0.180374
vt 0.288358 0.196898
vt 0.270496 0.197349
vt 0.288861 0.213841
vt 0.271018 0.214272
vt 0.289198 0.230792
vt 0.271341 0.231198
vt 0.289594 0.247738
vt 0.271746 0.248156
vt 0.289994 0.264676
vt 0.272079 0.265136
vt 0.290437 0.281631
vt 0.272639 0.282060
vt 0.290844 0.298558
vt 0.272915 0.299021
vt 0.291303 0.315521
vt 0.273488 0.315945
vt 0.291670 0.332474
vt 0.273816 0.332881
vt 0.292054 0.349410
vt 0.274139 0.349863
vt 0.292520 0.366362
vt 0.274705 0.366783
vt 0.292909 0.383312
vt 0.275040 0.383712
vt 0.293272 0.400279
vt 0.275425 0.400660
vt 0.034657 0.425904
vt 0.087106 0.426329
vt 0.086934 0.443316
vt 0.034488 0.443379
vt 0.086912 0.460259
vt 0.087100 0.477154
vt 0.034703 0.478492
vt 0.034466 0.460907
vt 0.087536 0.494007
vt 0.035195 0.496115
vt 0.088279 0.510827
vt 0.035986 0.513758
vt 0.089336 0.527623
vt 0.037120 0.531384
vt 0.090766 0.544419
vt 0.038605 0.548949
vt 0.092610 0.561265
vt 0.040575 0.566384
vt 0.095026 0.578282
vt 0.042881 0.583621
vt 0.087897 0.027862
vt 0.089961 0.045132
vt 0.037721 0.049447
vt 0.035978 0.032391
vt 0.091706 0.062510
vt 0.039389 0.066354
vt 0.093054 0.080037
vt 0.040702 0.083203
vt 0.094043 0.097656
vt 0.041568 0.100028
vt 0.094470 0.115303
vt 0.042232 0.116858
vt 0.094826 0.132903
vt 0.042443 0.133742
vt 0.094949 0.150450
vt 0.042403 0.150664
vt 0.094745 0.167942
vt 0.042330 0.167637
vt 0.094419 0.185379
vt 0.042080 0.184662
vt 0.094075 0.202773
vt 0.041674 0.201725
vt 0.093604 0.220119
vt 0.041201 0.218824
vt 0.093091 0.237433
vt 0.040666 0.235950
vt 0.092535 0.254724
vt 0.040108 0.253103
vt 0.091918 0.271984
vt 0.039517 0.270276
vt 0.091307 0.289225
vt 0.038884 0.287466
vt 0.090691 0.306448
vt 0.038272 0.304681
vt 0.090062 0.323652
vt 0.037646 0.321914
vt 0.089446 0.340830
vt 0.037032 0.339169
vt 0.088872 0.357988
vt 0.036445 0.356447
vt 0.088326 0.375122
vt 0.035895 0.373755
vt 0.087847 0.392228
vt 0.035399 0.391095
vt 0.087426 0.409300
vt 0.034976 0.408476
vt 0.712915 0.424678
vt 0.744203 0.432086
vt 0.738183 0.447579
vt 0.703248 0.441818
vt 0.718777 0.409214
vt 0.750338 0.414973
vt 0.735356 0.463029
vt 0.701871 0.459431
vt 0.733992 0.478546
vt 0.701069 0.476770
vt 0.733474 0.494028
vt 0.700462 0.494117
vt 0.734201 0.509219
vt 0.700004 0.511851
vt 0.737129 0.524664
vt 0.705008 0.529156
vt 0.740142 0.540375
vt 0.707616 0.545764
vt 0.743191 0.556435
vt 0.710709 0.562011
vt 0.723942 0.029225
vt 0.753947 0.041679
vt 0.747119 0.056201
vt 0.716659 0.044368
vt 0.741508 0.070577
vt 0.710190 0.060519
vt 0.736008 0.084325
vt 0.703549 0.078310
vt 0.734961 0.098863
vt 0.702346 0.096315
vt 0.735053 0.113670
vt 0.702240 0.113750
vt 0.736169 0.128521
vt 0.702596 0.130940
vt 0.739150 0.143150
vt 0.703551 0.148262
vt 0.745389 0.158616
vt 0.713225 0.165372
vt 0.750814 0.175953
vt 0.719105 0.180655
vt 0.753788 0.194771
vt 0.722068 0.196167
vt 0.753599 0.214041
vt 0.722092 0.211876
vt 0.750268 0.232586
vt 0.719182 0.227465
vt 0.744589 0.249465
vt 0.713300 0.242915
vt 0.738890 0.264735
vt 0.703746 0.260163
vt 0.736465 0.279798
vt 0.702758 0.277430
vt 0.735824 0.294836
vt 0.702486 0.294612
vt 0.736615 0.309828
vt 0.702845 0.311857
vt 0.739424 0.324598
vt 0.703778 0.329321
vt 0.745477 0.340239
vt 0.713362 0.346691
vt 0.750522 0.357769
vt 0.719289 0.362120
vt 0.753947 0.376466
vt 0.721907 0.377899
vt 0.753234 0.395928
vt 0.722060 0.393694
vt 0.300213 0.400136
vt 0.300512 0.417075
vt 0.299855 0.383179
vt 0.299546 0.366188
vt 0.299003 0.349221
vt 0.298616 0.332302
vt 0.298239 0.315340
vt 0.297713 0.298398
vt 0.297455 0.281451
vt 0.296862 0.264498
vt 0.296537 0.247593
vt 0.296224 0.230636
vt 0.295725 0.213668
vt 0.295381 0.196708
vt 0.294871 0.179804
vt 0.294487 0.162926
vt 0.294261 0.146025
vt 0.294066 0.129109
vt 0.293730 0.112207
vt 0.293685 0.095319
vt 0.293473 0.078422
vt 0.293494 0.061515
vt 0.293475 0.044557
vt 0.293601 0.027787
vt 0.296080 0.556386
vt 0.292176 0.573185
vt 0.299347 0.538434
vt 0.300836 0.520347
vt 0.301465 0.502682
vt 0.301569 0.485351
vt 0.301462 0.468183
vt 0.301255 0.451107
vt 0.301048 0.434081
vt 0.027800 0.408291
vt 0.027478 0.425758
vt 0.028223 0.390877
vt 0.028720 0.373513
vt 0.029271 0.356189
vt 0.029858 0.338899
vt 0.030472 0.321638
vt 0.031101 0.304406
vt 0.031784 0.287212
vt 0.032266 0.270008
vt 0.032934 0.252832
vt 0.033568 0.235710
vt 0.034027 0.218607
vt 0.034496 0.201535
vt 0.034894 0.184515
vt 0.035075 0.167528
vt 0.035295 0.150600
vt 0.035201 0.133751
vt 0.035110 0.117009
vt 0.034355 0.100352
vt 0.033549 0.083715
vt 0.032240 0.067087
vt 0.030653 0.050253
vt 0.028793 0.033578
vt 0.033546 0.567373
vt 0.035727 0.584270
vt 0.031442 0.549706
vt 0.029855 0.531892
vt 0.028814 0.514079
vt 0.028021 0.496326
vt 0.027530 0.478599
vt 0.027369 0.460937
vt 0.027228 0.443313
vt 0.094604 0.409460
vt 0.094363 0.426462
vt 0.094948 0.392434
vt 0.095499 0.375363
vt 0.096049 0.358255
vt 0.096701 0.341092
vt 0.097236 0.323900
vt 0.097788 0.306713
vt 0.098479 0.289509
vt 0.099169 0.272251
vt 0.099634 0.254963
vt 0.100263 0.237685
vt 0.100858 0.220337
vt 0.101174 0.202943
vt 0.101592 0.185546
vt 0.101919 0.168085
vt 0.102125 0.150521
vt 0.102087 0.132844
vt 0.101651 0.115166
vt 0.101124 0.097425
vt 0.100225 0.079638
vt 0.098992 0.061811
vt 0.097041 0.044138
vt 0.094920 0.027228
vt 0.099659 0.560208
vt 0.102125 0.576516
vt 0.097885 0.543680
vt 0.096547 0.527063
vt 0.095382 0.510437
vt 0.094704 0.493784
vt 0.094276 0.477061
vt 0.094091 0.460267
vt 0.094115 0.443407
vt 0.486237 0.431356
vt 0.517869 0.423954
vt 0.523891 0.441040
vt 0.492567 0.446478
vt 0.476103 0.414291
vt 0.511544 0.408924
vt 0.527209 0.459739
vt 0.496091 0.461926
vt 0.528315 0.479066
vt 0.496247 0.477607
vt 0.525288 0.497901
vt 0.493910 0.493226
vt 0.520046 0.515190
vt 0.488516 0.508779
vt 0.514778 0.530954
vt 0.479492 0.526030
vt 0.512518 0.546798
vt 0.478984 0.542987
vt 0.511179 0.563018
vt 0.477887 0.559645
vt 0.481149 0.033921
vt 0.514076 0.033703
vt 0.513598 0.049594
vt 0.479936 0.051018
vt 0.515651 0.064627
vt 0.479742 0.068419
vt 0.521211 0.080365
vt 0.488748 0.085933
vt 0.525991 0.097843
vt 0.494135 0.101405
vt 0.528315 0.116684
vt 0.496578 0.116996
vt 0.527493 0.135861
vt 0.496063 0.132684
vt 0.523588 0.154210
vt 0.492651 0.148158
vt 0.517429 0.170823
vt 0.486315 0.163399
vt 0.511320 0.185807
vt 0.476202 0.180285
vt 0.508520 0.200664
vt 0.474806 0.197297
vt 0.507514 0.215559
vt 0.474130 0.214221
vt 0.507907 0.230498
vt 0.474093 0.231193
vt 0.510143 0.245388
vt 0.474604 0.248291
vt 0.515232 0.261373
vt 0.482872 0.265884
vt 0.519163 0.279034
vt 0.487365 0.281553
vt 0.520462 0.297694
vt 0.488882 0.297247
vt 0.518723 0.316178
vt 0.487440 0.312982
vt 0.514486 0.333406
vt 0.483041 0.328778
vt 0.509868 0.349067
vt 0.474869 0.346438
vt 0.508050 0.364252
vt 0.474203 0.363374
vt 0.508017 0.379207
vt 0.474089 0.380352
vt 0.508770 0.394072
vt 0.474831 0.397326
vt 0.847682 0.586456
vt 0.846913 0.599069
vt 0.850679 0.899149
vt 0.853409 0.910201
vt 0.842527 0.750949
vt 0.842491 0.763608
vt 0.842731 0.814049
vt 0.843023 0.826587
vt 0.844288 0.662295
vt 0.844027 0.674961
vt 0.848410 0.573870
vt 0.848348 0.887692
vt 0.842707 0.738288
vt 0.844730 0.649641
vt 0.849231 0.561365
vt 0.846621 0.875850
vt 0.842899 0.725627
vt 0.845226 0.636995
vt 0.850204 0.549007
vt 0.842509 0.801478
vt 0.845207 0.863744
vt 0.843174 0.712962
vt 0.845729 0.624344
vt 0.851300 0.536920
vt 0.842443 0.788871
vt 0.844289 0.851464
vt 0.843298 0.700283
vt 0.846377 0.611714
vt 0.852516 0.525271
vt 0.842414 0.776251
vt 0.843559 0.839059
vt 0.843631 0.687625
vt 0.853622 0.514086
vt 0.500120 0.620291
vt 0.512166 0.620298
vt 0.512163 0.733755
vt 0.500116 0.733753
vt 0.488945 0.620289
vt 0.488943 0.733746
vt 0.852551 0.423400
vt 0.849969 0.412069
vt 0.845731 0.174562
vt 0.846222 0.161924
vt 0.848825 0.111464
vt 0.849591 0.098923
vt 0.843592 0.263169
vt 0.843850 0.250503
vt 0.844014 0.351346
vt 0.843745 0.338843
vt 0.855512 0.434350
vt 0.845294 0.187209
vt 0.847991 0.124047
vt 0.843445 0.275821
vt 0.844669 0.363779
vt 0.854587 0.050823
vt 0.855567 0.039839
vt 0.748217 0.730446
vt 0.737586 0.730469
vt 0.737572 0.617017
vt 0.748199 0.617011
vt 0.847429 0.136669
vt 0.843365 0.288460
vt 0.845393 0.376126
vt 0.853061 0.062285
vt 0.844643 0.212524
vt 0.844856 0.199861
vt 0.843310 0.301093
vt 0.846547 0.388335
vt 0.851681 0.074240
vt 0.844281 0.225185
vt 0.843352 0.313705
vt 0.715777 0.730475
vt 0.704601 0.730452
vt 0.704603 0.617011
vt 0.715775 0.617014
vt 0.846751 0.149291
vt 0.850510 0.086496
vt 0.843969 0.237839
vt 0.843447 0.326292
vt 0.848000 0.400342
vt 0.726409 0.730478
vt 0.726402 0.617017
vt 0.523339 0.620305
vt 0.523339 0.733741
vt 0.476898 0.620304
vt 0.476898 0.733740
vt 0.715104 0.361788
vt 0.709340 0.346598
vt 0.667839 0.443819
vt 0.632899 0.440856
vt 0.635818 0.436867
vt 0.668007 0.438530
vt 0.623451 0.346304
vt 0.633046 0.329141
vt 0.636049 0.332975
vt 0.627508 0.346184
vt 0.717916 0.377679
vt 0.700245 0.437910
vt 0.708850 0.424726
vt 0.634088 0.311815
vt 0.668464 0.311178
vt 0.668649 0.327647
vt 0.926144 0.503203
vt 0.942913 0.503378
vt 0.942928 0.507786
vt 0.926491 0.507622
vt 0.963911 0.540743
vt 0.963875 0.573922
vt 0.959446 0.573939
vt 0.959484 0.540746
vt 0.633053 0.260087
vt 0.668268 0.261004
vt 0.668407 0.277637
vt 0.634025 0.277428
vt 0.715067 0.227876
vt 0.718002 0.212069
vt 0.623343 0.242818
vt 0.617451 0.227420
vt 0.621557 0.227761
vt 0.627373 0.242908
vt 0.709241 0.243028
vt 0.614526 0.211802
vt 0.618618 0.211919
vt 0.633091 0.147595
vt 0.668359 0.146829
vt 0.668281 0.151134
vt 0.635915 0.151673
vt 0.700764 0.256313
vt 0.614526 0.196011
vt 0.618637 0.195869
vt 0.634407 0.130197
vt 0.668432 0.130547
vt 0.926195 0.762485
vt 0.942981 0.762706
vt 0.942982 0.767112
vt 0.926508 0.766911
vt 0.963895 0.800088
vt 0.963858 0.833245
vt 0.959429 0.833263
vt 0.959469 0.800088
vt 0.636156 0.077929
vt 0.669287 0.081796
vt 0.669200 0.097779
vt 0.635725 0.095655
vt 0.703220 0.545702
vt 0.701117 0.528370
vt 0.631150 0.060625
vt 0.635041 0.061410
vt 0.639413 0.073985
vt 0.706300 0.562555
vt 0.628542 0.044019
vt 0.632938 0.044081
vt 0.712382 0.043294
vt 0.719880 0.027507
vt 0.666757 0.508063
vt 0.696745 0.515798
vt 0.666621 0.512364
vt 0.633584 0.493144
vt 0.666896 0.492132
vt 0.632487 0.510963
vt 0.923302 0.097987
vt 0.923253 0.064827
vt 0.927680 0.064828
vt 0.927734 0.098006
vt 0.944192 0.027449
vt 0.960947 0.027228
vt 0.960627 0.031652
vt 0.944193 0.031855
vt 0.667803 0.459721
vt 0.633510 0.458488
vt 0.717833 0.393760
vt 0.714730 0.409572
vt 0.617574 0.408344
vt 0.614579 0.392946
vt 0.618688 0.393023
vt 0.621618 0.408736
vt 0.623331 0.423784
vt 0.627379 0.423783
vt 0.668597 0.332125
vt 0.614613 0.377275
vt 0.618715 0.377088
vt 0.959757 0.578364
vt 0.942968 0.578142
vt 0.942968 0.573736
vt 0.922099 0.573921
vt 0.922042 0.540777
vt 0.926469 0.540776
vt 0.926532 0.573941
vt 0.700721 0.152227
vt 0.635880 0.256133
vt 0.668326 0.257452
vt 0.617477 0.180359
vt 0.621595 0.180012
vt 0.709214 0.165321
vt 0.623373 0.164872
vt 0.627404 0.164852
vt 0.715005 0.180353
vt 0.959742 0.837688
vt 0.942956 0.837467
vt 0.942956 0.833061
vt 0.922090 0.833244
vt 0.922042 0.800085
vt 0.926469 0.800086
vt 0.926522 0.833264
vt 0.635479 0.514820
vt 0.625449 0.027772
vt 0.629857 0.027228
vt 0.706110 0.060809
vt 0.669393 0.077491
vt 0.700497 0.074501
vt 0.613930 0.560225
vt 0.620416 0.544809
vt 0.624752 0.545546
vt 0.618111 0.561712
vt 0.944168 0.102209
vt 0.927414 0.102430
vt 0.944167 0.097803
vt 0.965059 0.031672
vt 0.965107 0.064831
vt 0.960680 0.064830
vt 0.700937 0.333293
vt 0.591434 0.430282
vt 0.597468 0.445803
vt 0.585654 0.413343
vt 0.600446 0.460421
vt 0.633877 0.475731
vt 0.600590 0.475445
vt 0.600564 0.490384
vt 0.599082 0.505138
vt 0.625622 0.528257
vt 0.595159 0.519596
vt 0.589317 0.533929
vt 0.583248 0.548865
vt 0.592968 0.033352
vt 0.596018 0.049412
vt 0.599034 0.065124
vt 0.601972 0.080568
vt 0.602723 0.095750
vt 0.635183 0.112967
vt 0.602240 0.111211
vt 0.600901 0.126691
vt 0.598128 0.142110
vt 0.592258 0.157614
vt 0.586457 0.174712
vt 0.583031 0.193440
vt 0.582771 0.212873
vt 0.585687 0.231841
vt 0.591086 0.249319
vt 0.597301 0.264891
vt 0.600200 0.279572
vt 0.634382 0.294628
vt 0.601032 0.294485
vt 0.600395 0.309465
vt 0.597942 0.324485
vt 0.592177 0.339712
vt 0.617564 0.361717
vt 0.586460 0.356568
vt 0.583073 0.375104
vt 0.582801 0.394407
vt 0.405938 0.398594
vt 0.440312 0.397813
vt 0.440733 0.414387
vt 0.405097 0.415941
vt 0.064938 0.884567
vt 0.048165 0.884350
vt 0.048154 0.879948
vt 0.064627 0.880141
vt 0.027228 0.846956
vt 0.027296 0.813781
vt 0.031725 0.813770
vt 0.031655 0.846961
vt 0.404735 0.346660
vt 0.439668 0.347827
vt 0.439852 0.364381
vt 0.405605 0.364030
vt 0.391776 0.313193
vt 0.390478 0.297295
vt 0.394450 0.297296
vt 0.395907 0.313324
vt 0.484828 0.297293
vt 0.483324 0.281382
vt 0.391753 0.281406
vt 0.395883 0.281238
vt 0.407543 0.342674
vt 0.439724 0.343289
vt 0.483392 0.313246
vt 0.396312 0.265665
vt 0.400272 0.265697
vt 0.405445 0.230617
vt 0.439849 0.230038
vt 0.439789 0.246487
vt 0.404525 0.247914
vt 0.963847 0.637264
vt 0.963895 0.670423
vt 0.959469 0.670422
vt 0.959415 0.637244
vt 0.942956 0.707809
vt 0.926202 0.708030
vt 0.926522 0.703606
vt 0.942955 0.703403
vt 0.405259 0.178573
vt 0.440573 0.180155
vt 0.440312 0.196721
vt 0.405812 0.196044
vt 0.398795 0.083106
vt 0.408949 0.066424
vt 0.411789 0.070326
vt 0.402845 0.083227
vt 0.482255 0.163415
vt 0.488521 0.148445
vt 0.396086 0.161013
vt 0.400123 0.161188
vt 0.408207 0.174627
vt 0.473329 0.176398
vt 0.390721 0.145399
vt 0.394835 0.145869
vt 0.484726 0.085741
vt 0.476700 0.072352
vt 0.388327 0.129662
vt 0.392423 0.129929
vt 0.410737 0.049519
vt 0.444971 0.049877
vt 0.444649 0.066114
vt 0.301244 0.832466
vt 0.284814 0.832973
vt 0.285018 0.828533
vt 0.301466 0.828077
vt 0.280589 0.828597
vt 0.280016 0.795282
vt 0.284442 0.795275
vt 0.408714 0.528190
vt 0.444016 0.528399
vt 0.444842 0.544619
vt 0.410045 0.545468
vt 0.440746 0.418418
vt 0.408169 0.419726
vt 0.488464 0.446231
vt 0.482196 0.431323
vt 0.392016 0.496189
vt 0.388664 0.480560
vt 0.392768 0.480582
vt 0.396191 0.496315
vt 0.473347 0.418337
vt 0.388314 0.464844
vt 0.392321 0.464549
vt 0.411407 0.524096
vt 0.443981 0.523954
vt 0.491880 0.461896
vt 0.069059 0.813839
vt 0.069059 0.846977
vt 0.064632 0.846976
vt 0.064627 0.813813
vt 0.048201 0.809594
vt 0.064951 0.809389
vt 0.048195 0.813999
vt 0.471721 0.252184
vt 0.439736 0.250939
vt 0.479063 0.328759
vt 0.407490 0.251743
vt 0.471887 0.342691
vt 0.396386 0.328977
vt 0.400331 0.328821
vt 0.926195 0.632820
vt 0.942981 0.633041
vt 0.942982 0.637447
vt 0.926508 0.637245
vt 0.922090 0.703586
vt 0.922042 0.670419
vt 0.926469 0.670420
vt 0.490053 0.100954
vt 0.444380 0.070550
vt 0.388858 0.113863
vt 0.392968 0.113880
vt 0.440757 0.176126
vt 0.492492 0.116776
vt 0.392351 0.098329
vt 0.396474 0.098145
vt 0.491970 0.132740
vt 0.301368 0.702534
vt 0.284946 0.703106
vt 0.285131 0.698664
vt 0.301569 0.698145
vt 0.284833 0.627641
vt 0.301344 0.628202
vt 0.301569 0.632589
vt 0.285009 0.632084
vt 0.390597 0.449116
vt 0.394737 0.448574
vt 0.395984 0.433338
vt 0.400048 0.433196
vt 0.492265 0.477844
vt 0.476320 0.522315
vt 0.489793 0.493700
vt 0.364115 0.427801
vt 0.359014 0.445149
vt 0.369728 0.411761
vt 0.356025 0.464146
vt 0.357147 0.483677
vt 0.361162 0.502159
vt 0.398526 0.511312
vt 0.366868 0.519446
vt 0.373501 0.534907
vt 0.376774 0.549899
vt 0.410660 0.562498
vt 0.377930 0.565834
vt 0.380158 0.027228
vt 0.413078 0.032995
vt 0.377644 0.043313
vt 0.374245 0.058992
vt 0.367927 0.074418
vt 0.361576 0.091372
vt 0.357503 0.110021
vt 0.356550 0.129516
vt 0.358789 0.148731
vt 0.363599 0.166638
vt 0.369358 0.182728
vt 0.371887 0.197854
vt 0.405873 0.213343
vt 0.372473 0.213248
vt 0.371779 0.228774
vt 0.369563 0.244430
vt 0.364535 0.260463
vt 0.360566 0.278430
vt 0.358540 0.297260
vt 0.360493 0.316063
vt 0.364292 0.334029
vt 0.369491 0.350359
vt 0.372001 0.365649
vt 0.405921 0.381294
vt 0.372909 0.381034
vt 0.371845 0.396301
vt 0.942988 0.540766
vt 0.959363 0.507555
vt 0.922062 0.507640
vt 0.963795 0.507566
vt 0.926210 0.578364
vt 0.959676 0.503131
vt 0.944180 0.064829
vt 0.927720 0.031653
vt 0.960641 0.098005
vt 0.965070 0.097987
vt 0.960954 0.102430
vt 0.927407 0.027228
vt 0.923291 0.031671
vt 0.942969 0.800087
vt 0.959415 0.766909
vt 0.922079 0.766928
vt 0.963847 0.766929
vt 0.926202 0.837688
vt 0.959735 0.762485
vt 0.156685 0.727603
vt 0.189780 0.727510
vt 0.189615 0.743977
vt 0.156735 0.744048
vt 0.156680 0.711142
vt 0.189836 0.711068
vt 0.156637 0.694653
vt 0.189813 0.694624
vt 0.156581 0.678109
vt 0.189759 0.678177
vt 0.156581 0.661503
vt 0.189735 0.661732
vt 0.156734 0.644865
vt 0.189791 0.645290
vt 0.157159 0.628268
vt 0.189956 0.628824
vt 0.222837 0.727936
vt 0.222412 0.744532
vt 0.222990 0.711297
vt 0.222990 0.694692
vt 0.222934 0.678148
vt 0.222891 0.661659
vt 0.222886 0.645197
vt 0.222837 0.628752
vt 0.717969 0.196094
vt 0.650145 0.667403
vt 0.616953 0.667633
vt 0.616657 0.651205
vt 0.649947 0.650482
vt 0.650135 0.684347
vt 0.616980 0.684088
vt 0.649856 0.701271
vt 0.616746 0.700539
vt 0.649268 0.718104
vt 0.616270 0.716980
vt 0.648329 0.734747
vt 0.615600 0.733436
vt 0.616237 0.634795
vt 0.649285 0.633653
vt 0.615617 0.618343
vt 0.648337 0.617011
vt 0.583766 0.667819
vt 0.583493 0.651601
vt 0.583823 0.683978
vt 0.583625 0.700153
vt 0.583221 0.716407
vt 0.582771 0.732774
vt 0.583131 0.635282
vt 0.582771 0.618902
vt 0.621690 0.361310
vt 0.955067 0.958358
vt 0.955041 0.925244
vt 0.971528 0.925243
vt 0.971560 0.958323
vt 0.938555 0.958364
vt 0.938562 0.925264
vt 0.922042 0.958322
vt 0.922074 0.925264
vt 0.956279 0.223100
vt 0.956252 0.189986
vt 0.972740 0.189986
vt 0.972772 0.223065
vt 0.939767 0.223107
vt 0.939773 0.190006
vt 0.923253 0.223064
vt 0.923285 0.190007
vt 0.955047 0.892143
vt 0.971560 0.892186
vt 0.938535 0.892150
vt 0.922042 0.892185
vt 0.956259 0.156886
vt 0.972772 0.156928
vt 0.939747 0.156892
vt 0.923253 0.156927
vt 0.629681 0.527877
vt 0.301466 0.762432
vt 0.300928 0.795252
vt 0.284914 0.762002
vt 0.284440 0.665379
vt 0.300925 0.665352
vt 0.280016 0.665388
vt 0.280577 0.632013
vt 0.284705 0.757562
vt 0.301212 0.758042
vt 0.280481 0.761948
vt 0.280699 0.698753
vt 0.048130 0.846974
vt 0.031675 0.880177
vt 0.069055 0.880119
vt 0.027243 0.880150
vt 0.031422 0.809344
vt 0.031390 0.884607
vt 0.942969 0.670421
vt 0.959429 0.703604
vt 0.959735 0.632820
vt 0.922079 0.637263
vt 0.959742 0.708030
vt 0.963858 0.703587
vt 0.156869 0.881769
vt 0.189992 0.881496
vt 0.189974 0.897965
vt 0.157038 0.898230
vt 0.156754 0.865266
vt 0.189916 0.865059
vt 0.156657 0.848735
vt 0.189837 0.848618
vt 0.156581 0.832168
vt 0.189747 0.832173
vt 0.156605 0.815567
vt 0.189683 0.815727
vt 0.156854 0.798988
vt 0.189711 0.799257
vt 0.223079 0.881652
vt 0.222831 0.898230
vt 0.223132 0.865045
vt 0.222996 0.848475
vt 0.222865 0.831951
vt 0.222780 0.815461
vt 0.222629 0.799002
vt 0.478912 0.265985
vt 0.027446 0.738074
vt 0.060544 0.737918
vt 0.060408 0.754385
vt 0.027525 0.754519
vt 0.027416 0.721613
vt 0.060570 0.721476
vt 0.027363 0.705123
vt 0.060510 0.705029
vt 0.027228 0.688569
vt 0.060457 0.688586
vt 0.027228 0.671959
vt 0.060398 0.672148
vt 0.027763 0.638726
vt 0.060564 0.639239
vt 0.060427 0.655706
vt 0.027361 0.655322
vt 0.093600 0.738291
vt 0.093203 0.754888
vt 0.093723 0.721654
vt 0.093694 0.705053
vt 0.093626 0.688512
vt 0.093560 0.672015
vt 0.093440 0.639106
vt 0.093523 0.655551
vt 0.402524 0.511208
vt 0.484450 0.508946
vt 0.356130 0.719624
vt 0.389232 0.719531
vt 0.389067 0.735998
vt 0.356179 0.736069
vt 0.356124 0.703163
vt 0.389288 0.703089
vt 0.356081 0.686674
vt 0.389264 0.686645
vt 0.356025 0.670130
vt 0.389210 0.670198
vt 0.356025 0.653524
vt 0.389186 0.653753
vt 0.356178 0.636886
vt 0.389242 0.637311
vt 0.356603 0.620289
vt 0.389407 0.620845
vt 0.422289 0.719957
vt 0.421864 0.736553
vt 0.422442 0.703318
vt 0.422442 0.686713
vt 0.422386 0.670169
vt 0.422343 0.653680
vt 0.422337 0.637218
vt 0.422288 0.620773
vt 0.808633 0.814924
vt 0.808745 0.801995
vt 0.814768 0.801939
vt 0.814679 0.814819
vt 0.808403 0.789113
vt 0.814414 0.789101
vt 0.808641 0.776276
vt 0.814703 0.776288
vt 0.808418 0.763454
vt 0.814468 0.763505
vt 0.808813 0.750618
vt 0.814806 0.750744
vt 0.809085 0.737920
vt 0.815128 0.737974
vt 0.808985 0.725203
vt 0.815033 0.725200
vt 0.808941 0.712335
vt 0.814962 0.712443
vt 0.809425 0.699502
vt 0.815501 0.699698
vt 0.809907 0.686803
vt 0.815952 0.686928
vt 0.809937 0.674017
vt 0.815917 0.674171
vt 0.810474 0.661182
vt 0.816546 0.661425
vt 0.811085 0.648475
vt 0.817131 0.648655
vt 0.811228 0.635689
vt 0.817236 0.635890
vt 0.811936 0.622897
vt 0.817994 0.623137
vt 0.812198 0.610085
vt 0.818205 0.610350
vt 0.813010 0.597221
vt 0.819049 0.597591
vt 0.813783 0.584418
vt 0.819803 0.584796
vt 0.814612 0.571570
vt 0.820628 0.571965
vt 0.815557 0.558713
vt 0.821586 0.559059
vt 0.816190 0.545647
vt 0.822196 0.545989
vt 0.817108 0.532056
vt 0.823125 0.532657
vt 0.819090 0.517796
vt 0.824998 0.518943
vt 0.822736 0.503131
vt 0.828577 0.504813
vt 0.822772 0.923476
vt 0.818115 0.909097
vt 0.823935 0.907553
vt 0.828508 0.921438
vt 0.814947 0.894882
vt 0.820899 0.893820
vt 0.812831 0.881021
vt 0.818833 0.880285
vt 0.811412 0.867484
vt 0.817405 0.866948
vt 0.810273 0.854174
vt 0.816322 0.853765
vt 0.809468 0.840953
vt 0.815458 0.840712
vt 0.809228 0.827906
vt 0.815286 0.827730
vt 0.198864 0.436768
vt 0.198676 0.453796
vt 0.198970 0.470748
vt 0.199094 0.487686
vt 0.199207 0.504576
vt 0.199423 0.521363
vt 0.199942 0.538039
vt 0.200455 0.554435
vt 0.201743 0.570168
vt 0.201743 0.035280
vt 0.198129 0.050363
vt 0.196141 0.065914
vt 0.194992 0.081888
vt 0.194678 0.098256
vt 0.194178 0.114894
vt 0.194503 0.131660
vt 0.194298 0.148507
vt 0.194819 0.165409
vt 0.194676 0.182363
vt 0.195053 0.199264
vt 0.195320 0.216181
vt 0.195743 0.233166
vt 0.195619 0.250164
vt 0.196024 0.267079
vt 0.196309 0.284000
vt 0.196752 0.300984
vt 0.196663 0.317960
vt 0.197273 0.334915
vt 0.197223 0.351879
vt 0.197857 0.368862
vt 0.197953 0.385861
vt 0.198189 0.402806
vt 0.198276 0.419748
vt 0.812176 0.147698
vt 0.812457 0.134872
vt 0.818455 0.135156
vt 0.818217 0.147942
vt 0.811437 0.160443
vt 0.817496 0.160729
vt 0.810905 0.173264
vt 0.816932 0.173514
vt 0.810395 0.186101
vt 0.816369 0.186267
vt 0.810271 0.198843
vt 0.816330 0.199025
vt 0.809587 0.211615
vt 0.815600 0.211769
vt 0.809534 0.224482
vt 0.815552 0.224532
vt 0.809505 0.237187
vt 0.815549 0.237302
vt 0.809000 0.249906
vt 0.815035 0.250076
vt 0.808646 0.262768
vt 0.814694 0.262827
vt 0.808854 0.275539
vt 0.814870 0.275594
vt 0.808425 0.288322
vt 0.814470 0.288373
vt 0.808626 0.301157
vt 0.814681 0.301171
vt 0.808403 0.314013
vt 0.814410 0.313994
vt 0.808757 0.326916
vt 0.814812 0.326842
vt 0.808727 0.339869
vt 0.814731 0.339743
vt 0.809384 0.352877
vt 0.815438 0.352674
vt 0.809668 0.365953
vt 0.815669 0.365682
vt 0.810633 0.379214
vt 0.816631 0.378765
vt 0.811808 0.392591
vt 0.817826 0.391994
vt 0.813541 0.406176
vt 0.819526 0.405383
vt 0.815732 0.420131
vt 0.821635 0.418960
vt 0.819324 0.434425
vt 0.825115 0.432658
vt 0.824568 0.448675
vt 0.830180 0.446428
vt 0.820429 0.041779
vt 0.825232 0.027228
vt 0.830858 0.029343
vt 0.826302 0.043295
vt 0.817948 0.056317
vt 0.823920 0.057135
vt 0.816643 0.070148
vt 0.822683 0.070574
vt 0.815948 0.083350
vt 0.821929 0.083734
vt 0.814834 0.096266
vt 0.820854 0.096715
vt 0.813838 0.109221
vt 0.819833 0.109561
vt 0.813402 0.122059
vt 0.819453 0.122385
vt 0.264640 0.451645
vt 0.264007 0.434769
vt 0.264529 0.468489
vt 0.264806 0.485236
vt 0.264698 0.501762
vt 0.264321 0.517925
vt 0.262685 0.533672
vt 0.260368 0.549024
vt 0.256199 0.563861
vt 0.256731 0.045003
vt 0.256199 0.029092
vt 0.256756 0.061695
vt 0.256770 0.078642
vt 0.256845 0.095655
vt 0.257006 0.112673
vt 0.257216 0.129683
vt 0.257490 0.146682
vt 0.257822 0.163655
vt 0.258346 0.180613
vt 0.258529 0.197569
vt 0.258748 0.214578
vt 0.259354 0.231568
vt 0.259801 0.248484
vt 0.260373 0.265385
vt 0.260428 0.282358
vt 0.261186 0.299306
vt 0.261253 0.316269
vt 0.261853 0.333225
vt 0.262429 0.350118
vt 0.262465 0.367104
vt 0.263053 0.384073
vt 0.263479 0.400971
vt 0.264015 0.417845
s 0
f 1144/1/1 1113/2/1 129/3/1 130/4/1
f 1018/5/2 1017/6/2 131/7/2 132/8/2
f 1113/2/3 1114/9/3 133/10/3 129/3/3
f 1019/11/4 1018/5/4 132/8/4 134/12/4
f 1114/9/5 1115/13/5 135/14/5 133/10/5
f 1020/15/6 1019/11/6 134/12/6 136/16/6
f 1115/13/7 1116/17/7 137/18/7 135/14/7
f 1021/19/8 1020/15/8 136/16/8 138/20/8
f 1116/17/9 1117/21/9 139/22/9 137/18/9
f 1022/23/10 1021/19/10 138/20/10 140/24/10
f 1117/21/11 1118/25/11 141/26/11 139/22/11
f 1023/27/12 1022/23/12 140/24/12 142/28/12
f 1118/25/13 1119/29/13 143/30/13 141/26/13
f 1024/31/14 1023/27/14 142/28/14 144/32/14
f 1119/29/15 1120/33/15 145/34/15 143/30/15
f 1025/35/16 1024/31/16 144/32/16 146/36/16
f 1120/37/17 1121/38/17 147/39/17 145/40/17
f 1026/41/18 1025/42/18 146/43/18 148/44/18
f 1121/38/19 1122/45/19 149/46/19 147/39/19
f 1027/47/20 1026/41/20 148/44/20 150/48/20
f 1122/45/21 1123/49/21 151/50/21 149/46/21
f 1028/51/22 1027/47/22 150/48/22 152/52/22
f 1123/49/23 1124/53/23 153/54/23 151/50/23
f 1029/55/24 1028/51/24 152/52/24 154/56/24
f 1124/53/25 1125/57/25 155/58/25 153/54/25
f 1030/59/26 1029/55/26 154/56/26 156/60/26
f 1125/57/27 1126/61/27 157/62/27 155/58/27
f 1031/63/28 1030/59/28 156/60/28 158/64/28
f 1126/61/29 1127/65/29 159/66/29 157/62/29
f 1032/67/30 1031/63/30 158/64/30 160/68/30
f 1127/65/31 1128/69/31 161/70/31 159/66/31
f 1033/71/32 1032/67/32 160/68/32 162/72/32
f 1128/69/33 1129/73/33 163/74/33 161/70/33
f 1034/75/34 1033/71/34 162/72/34 164/76/34
f 1129/73/35 1130/77/35 165/78/35 163/74/35
f 1035/79/36 1034/75/36 164/76/36 166/80/36
f 1130/77/37 1131/81/37 167/82/37 165/78/37
f 1036/83/38 1035/79/38 166/80/38 168/84/38
f 1131/81/39 1132/85/39 169/86/39 167/82/39
f 1037/87/40 1036/83/40 168/84/40 170/88/40
f 1132/85/41 1133/89/41 171/90/41 169/86/41
f 1038/91/42 1037/87/42 170/88/42 172/92/42
f 1133/89/43 1134/93/43 173/94/43 171/90/43
f 1039/95/44 1038/91/44 172/92/44 174/96/44
f 1134/93/45 1135/97/45 175/98/45 173/94/45
f 1040/99/46 1039/95/46 174/96/46 176/100/46
f 1135/97/47 1136/101/47 177/102/47 175/98/47
f 1041/103/48 1040/99/48 176/100/48 178/104/48
f 1136/101/49 1137/105/49 179/106/49 177/102/49
f 1042/107/50 1041/103/50 178/104/50 180/108/50
f 1137/105/51 1138/109/51 181/110/51 179/106/51
f 1043/111/52 1042/107/52 180/108/52 182/112/52
f 1138/109/53 1139/113/53 183/114/53 181/110/53
f 1044/115/54 1043/111/54 182/112/54 184/116/54
f 1139/113/55 1140/117/55 185/118/55 183/114/55
f 1045/119/56 1044/115/56 184/116/56 186/120/56
f 1140/117/57 1141/121/57 187/122/57 185/118/57
f 1046/123/58 1045/119/58 186/120/58 188/124/58
f 1141/121/59 1142/125/59 189/126/59 187/122/59
f 1047/127/60 1046/123/60 188/124/60 190/128/60
f 1142/125/61 1143/129/61 191/130/61 189/126/61
f 1048/131/62 1047/127/62 190/128/62 192/132/62
f 1143/129/63 1144/1/63 130/4/63 191/130/63
f 1017/6/64 1048/131/64 192/132/64 131/7/64
f 578/133/65 577/134/65 242/135/65 241/136/65
f 257/137/65 4/138/65 8/139/65 258/140/65
f 259/141/66 128/142/66 4/138/66 257/137/66
f 550/143/67 545/144/67 214/145/67 215/146/67
f 258/140/68 8/139/68 12/147/68 260/148/68
f 260/148/69 12/147/69 16/149/69 261/150/69
f 261/150/70 16/149/70 20/151/70 262/152/70
f 262/152/71 20/151/71 24/153/71 263/154/71
f 263/154/67 24/153/67 28/155/67 264/156/67
f 264/156/72 28/155/72 32/157/72 265/158/72
f 265/158/73 32/157/73 36/159/73 266/160/73
f 266/161/74 36/162/74 40/163/74 267/164/74
f 267/164/75 40/163/75 44/165/75 268/166/75
f 268/166/76 44/165/76 48/167/76 269/168/76
f 269/168/77 48/167/77 52/169/77 270/170/77
f 270/170/78 52/169/78 56/171/78 271/172/78
f 271/172/79 56/171/79 60/173/79 272/174/79
f 272/174/80 60/173/80 64/175/80 273/176/80
f 273/176/81 64/175/81 68/177/81 274/178/81
f 274/178/82 68/177/82 72/179/82 275/180/82
f 275/180/83 72/179/83 76/181/83 276/182/83
f 276/182/84 76/181/84 80/183/84 277/184/84
f 277/184/85 80/183/85 84/185/85 278/186/85
f 278/186/86 84/185/86 88/187/86 279/188/86
f 279/188/87 88/187/87 92/189/87 280/190/87
f 280/190/88 92/189/88 96/191/88 281/192/88
f 281/192/89 96/191/89 100/193/89 282/194/89
f 282/194/90 100/193/90 104/195/90 283/196/90
f 283/196/91 104/195/91 108/197/91 284/198/91
f 284/198/92 108/197/92 112/199/92 285/200/92
f 285/200/93 112/199/93 116/201/93 286/202/93
f 286/202/94 116/201/94 120/203/94 287/204/94
f 287/204/95 120/203/95 124/205/95 288/206/95
f 288/206/96 124/205/96 128/142/96 259/141/96
f 5/207/97 1/208/97 130/4/97 129/3/97
f 3/209/98 7/210/98 132/8/98 131/7/98
f 9/211/97 5/207/97 129/3/97 133/10/97
f 7/210/98 11/212/98 134/12/98 132/8/98
f 13/213/97 9/211/97 133/10/97 135/14/97
f 11/212/98 15/214/98 136/16/98 134/12/98
f 17/215/97 13/213/97 135/14/97 137/18/97
f 15/214/98 19/216/98 138/20/98 136/16/98
f 21/217/97 17/215/97 137/18/97 139/22/97
f 19/216/98 23/218/98 140/24/98 138/20/98
f 25/219/97 21/217/97 139/22/97 141/26/97
f 23/218/98 27/220/98 142/28/98 140/24/98
f 29/221/97 25/219/97 141/26/97 143/30/97
f 27/220/98 31/222/98 144/32/98 142/28/98
f 33/223/97 29/221/97 143/30/97 145/34/97
f 31/222/98 35/224/98 146/36/98 144/32/98
f 37/225/97 33/226/97 145/40/97 147/39/97
f 35/227/98 39/228/98 148/44/98 146/43/98
f 41/229/97 37/225/97 147/39/97 149/46/97
f 39/228/98 43/230/98 150/48/98 148/44/98
f 45/231/97 41/229/97 149/46/97 151/50/97
f 43/230/98 47/232/98 152/52/98 150/48/98
f 49/233/97 45/231/97 151/50/97 153/54/97
f 47/232/98 51/234/98 154/56/98 152/52/98
f 53/235/97 49/233/97 153/54/97 155/58/97
f 51/234/98 55/236/98 156/60/98 154/56/98
f 57/237/97 53/235/97 155/58/97 157/62/97
f 55/236/98 59/238/98 158/64/98 156/60/98
f 61/239/97 57/237/97 157/62/97 159/66/97
f 59/238/98 63/240/98 160/68/98 158/64/98
f 65/241/97 61/239/97 159/66/97 161/70/97
f 63/240/98 67/242/98 162/72/98 160/68/98
f 69/243/97 65/241/97 161/70/97 163/74/97
f 67/242/98 71/244/98 164/76/98 162/72/98
f 73/245/97 69/243/97 163/74/97 165/78/97
f 71/244/98 75/246/98 166/80/98 164/76/98
f 77/247/97 73/245/97 165/78/97 167/82/97
f 75/246/98 79/248/98 168/84/98 166/80/98
f 81/249/97 77/247/97 167/82/97 169/86/97
f 79/248/98 83/250/98 170/88/98 168/84/98
f 85/251/97 81/249/97 169/86/97 171/90/97
f 83/250/98 87/252/98 172/92/98 170/88/98
f 89/253/97 85/251/97 171/90/97 173/94/97
f 87/252/98 91/254/98 174/96/98 172/92/98
f 93/255/97 89/253/97 173/94/97 175/98/97
f 91/254/98 95/256/98 176/100/98 174/96/98
f 97/257/97 93/255/97 175/98/97 177/102/97
f 95/256/98 99/258/98 178/104/98 176/100/98
f 101/259/97 97/257/97 177/102/97 179/106/97
f 99/258/98 103/260/98 180/108/98 178/104/98
f 105/261/97 101/259/97 179/106/97 181/110/97
f 103/260/98 107/262/98 182/112/98 180/108/98
f 109/263/97 105/261/97 181/110/97 183/114/97
f 107/262/98 111/264/98 184/116/98 182/112/98
f 113/265/97 109/263/97 183/114/97 185/118/97
f 111/264/98 115/266/98 186/120/98 184/116/98
f 117/267/97 113/265/97 185/118/97 187/122/97
f 115/266/98 119/268/98 188/124/98 186/120/98
f 121/269/97 117/267/97 187/122/97 189/126/97
f 119/268/98 123/270/98 190/128/98 188/124/98
f 125/271/97 121/269/97 189/126/97 191/130/97
f 123/270/98 127/272/98 192/132/98 190/128/98
f 1/208/97 125/271/97 191/130/97 130/4/97
f 127/272/98 3/209/98 131/7/98 192/132/98
f 194/273/98 193/274/98 224/275/98 223/276/98 222/277/98 221/278/98 220/279/98 219/280/98 218/281/98 217/282/98 216/283/98 215/284/98 214/285/98 213/286/98 212/287/98 211/288/98 210/289/98 209/290/98 208/291/98 207/292/98 206/293/98 205/294/98 204/295/98 203/296/98 202/297/98 201/298/98 200/299/98 199/300/98 198/301/98 197/302/98 196/303/98 195/304/98
f 551/305/83 546/306/83 194/307/83 195/308/83
f 552/309/78 547/310/78 221/311/78 222/312/78
f 553/313/90 548/314/90 201/315/90 202/316/90
f 554/317/66 549/318/66 208/319/66 209/320/66
f 555/321/72 550/143/72 215/146/72 216/322/72
f 556/323/84 551/305/84 195/308/84 196/324/84
f 557/325/79 552/309/79 222/312/79 223/326/79
f 558/327/91 553/313/91 202/316/91 203/328/91
f 559/329/65 554/317/65 209/320/65 210/330/65
f 560/331/73 555/321/73 216/322/73 217/332/73
f 561/333/85 556/323/85 196/324/85 197/334/85
f 562/335/80 557/325/80 223/326/80 224/336/80
f 563/337/92 558/327/92 203/328/92 204/338/92
f 564/339/68 559/329/68 210/330/68 211/340/68
f 565/341/74 560/331/74 217/332/74 218/342/74
f 566/343/86 561/333/86 197/334/86 198/344/86
f 567/345/81 562/335/81 224/336/81 193/346/81
f 568/347/93 563/337/93 204/338/93 205/348/93
f 569/349/69 564/339/69 211/340/69 212/350/69
f 570/351/75 565/341/75 218/342/75 219/352/75
f 571/353/87 566/343/87 198/344/87 199/354/87
f 572/355/94 568/347/94 205/348/94 206/356/94
f 573/357/70 569/349/70 212/350/70 213/358/70
f 574/359/76 570/351/76 219/352/76 220/360/76
f 575/361/88 571/353/88 199/354/88 200/362/88
f 576/363/95 572/355/95 206/356/95 207/364/95
f 545/144/71 573/357/71 213/358/71 214/145/71
f 546/306/82 567/345/82 193/346/82 194/307/82
f 547/310/77 574/359/77 220/360/77 221/311/77
f 548/365/89 575/361/89 200/362/89 201/366/89
f 549/318/96 576/363/96 207/364/96 208/319/96
f 226/367/97 225/368/97 227/369/97 228/370/97 229/371/97 230/372/97 231/373/97 232/374/97 233/375/97 234/376/97 235/377/97 236/378/97 237/379/97 238/380/97 239/381/97 240/382/97 241/383/97 242/384/97 243/385/97 244/386/97 245/387/97 246/388/97 247/389/97 248/390/97 249/391/97 250/392/97 251/393/97 252/394/97 253/395/97 254/396/97 255/397/97 256/398/97
f 580/399/73 579/400/73 249/401/73 248/402/73
f 582/403/85 581/404/85 229/405/85 228/406/85
f 584/407/80 583/408/80 256/409/80 255/410/80
f 586/411/92 585/412/92 236/413/92 235/414/92
f 577/134/68 587/415/68 243/416/68 242/135/68
f 579/400/74 588/417/74 250/418/74 249/401/74
f 581/404/86 589/419/86 230/420/86 229/405/86
f 583/408/81 590/421/81 226/422/81 256/409/81
f 585/412/93 591/423/93 237/424/93 236/413/93
f 587/415/69 592/425/69 244/426/69 243/416/69
f 588/417/75 593/427/75 251/428/75 250/418/75
f 589/419/87 594/429/87 231/430/87 230/420/87
f 591/423/94 595/431/94 238/432/94 237/424/94
f 592/425/70 596/433/70 245/434/70 244/426/70
f 593/427/76 597/435/76 252/436/76 251/428/76
f 594/429/88 598/437/88 232/438/88 231/430/88
f 595/431/95 599/439/95 239/440/95 238/432/95
f 596/433/71 600/441/71 246/442/71 245/434/71
f 590/421/82 601/443/82 225/444/82 226/422/82
f 597/435/77 602/445/77 253/446/77 252/436/77
f 598/437/89 603/447/89 233/448/89 232/438/89
f 599/439/96 604/449/96 240/450/96 239/440/96
f 600/441/67 605/451/67 247/452/67 246/442/67
f 601/443/83 606/453/83 227/454/83 225/444/83
f 602/445/78 607/455/78 254/456/78 253/446/78
f 603/457/90 608/458/90 234/459/90 233/460/90
f 604/449/66 578/133/66 241/136/66 240/450/66
f 605/451/72 580/399/72 248/402/72 247/452/72
f 606/453/84 582/403/84 228/406/84 227/454/84
f 607/455/79 584/407/79 255/410/79 254/456/79
f 608/458/91 586/411/91 235/414/91 234/459/91
f 352/461/99 288/206/99 259/141/99 322/462/99
f 351/463/100 287/204/100 288/206/100 352/461/100
f 350/464/101 286/202/101 287/204/101 351/463/101
f 349/465/102 285/200/102 286/202/102 350/464/102
f 348/466/103 284/198/103 285/200/103 349/465/103
f 347/467/104 283/196/104 284/198/104 348/466/104
f 346/468/105 282/194/105 283/196/105 347/467/105
f 345/469/106 281/192/106 282/194/106 346/468/106
f 344/470/107 280/190/107 281/192/107 345/469/107
f 343/471/108 279/188/108 280/190/108 344/470/108
f 342/472/109 278/186/109 279/188/109 343/471/109
f 341/473/110 277/184/110 278/186/110 342/472/110
f 340/474/111 276/182/111 277/184/111 341/473/111
f 339/475/112 275/180/112 276/182/112 340/474/112
f 338/476/113 274/178/113 275/180/113 339/475/113
f 337/477/114 273/176/114 274/178/114 338/476/114
f 336/478/115 272/174/115 273/176/115 337/477/115
f 335/479/116 271/172/116 272/174/116 336/478/116
f 334/480/117 270/170/117 271/172/117 335/479/117
f 333/481/118 269/168/118 270/170/118 334/480/118
f 332/482/119 268/166/119 269/168/119 333/481/119
f 331/483/120 267/164/120 268/166/120 332/482/120
f 330/484/121 266/161/121 267/164/121 331/483/121
f 329/485/122 265/158/122 266/160/122 330/486/122
f 328/487/123 264/156/123 265/158/123 329/485/123
f 327/488/124 263/154/124 264/156/124 328/487/124
f 326/489/125 262/152/125 263/154/125 327/488/125
f 325/490/126 261/150/126 262/152/126 326/489/126
f 324/491/127 260/148/127 261/150/127 325/490/127
f 323/492/128 258/140/128 260/148/128 324/491/128
f 322/462/129 259/141/129 257/137/129 321/493/129
f 321/493/130 257/137/130 258/140/130 323/492/130
f 2/494/65 319/495/65 289/496/65 6/497/65
f 126/498/66 320/499/66 319/495/66 2/494/66
f 6/497/68 289/496/68 290/500/68 10/501/68
f 10/501/69 290/500/69 291/502/69 14/503/69
f 14/503/70 291/502/70 292/504/70 18/505/70
f 18/505/71 292/504/71 293/506/71 22/507/71
f 22/507/67 293/506/67 294/508/67 26/509/67
f 26/509/72 294/508/72 295/510/72 30/511/72
f 30/511/73 295/510/73 296/512/73 34/513/73
f 34/514/74 296/515/74 297/516/74 38/517/74
f 38/517/75 297/516/75 298/518/75 42/519/75
f 42/519/76 298/518/76 299/520/76 46/521/76
f 46/521/77 299/520/77 300/522/77 50/523/77
f 50/523/78 300/522/78 301/524/78 54/525/78
f 54/525/79 301/524/79 302/526/79 58/527/79
f 58/527/80 302/526/80 303/528/80 62/529/80
f 62/529/81 303/528/81 304/530/81 66/531/81
f 66/531/82 304/530/82 305/532/82 70/533/82
f 70/533/83 305/532/83 306/534/83 74/535/83
f 74/535/84 306/534/84 307/536/84 78/537/84
f 78/537/85 307/536/85 308/538/85 82/539/85
f 82/539/86 308/538/86 309/540/86 86/541/86
f 86/541/87 309/540/87 310/542/87 90/543/87
f 90/543/88 310/542/88 311/544/88 94/545/88
f 94/545/89 311/544/89 312/546/89 98/547/89
f 98/547/90 312/546/90 313/548/90 102/549/90
f 102/549/91 313/548/91 314/550/91 106/551/91
f 106/551/92 314/550/92 315/552/92 110/553/92
f 110/553/93 315/552/93 316/554/93 114/555/93
f 114/555/94 316/554/94 317/556/94 118/557/94
f 118/557/95 317/556/95 318/558/95 122/559/95
f 122/559/96 318/558/96 320/499/96 126/498/96
f 418/560/66 416/561/66 415/562/66 417/563/66
f 385/564/68 386/565/68 420/566/68 419/567/68
f 386/565/69 387/568/69 421/569/69 420/566/69
f 387/568/70 388/570/70 422/571/70 421/569/70
f 388/570/71 389/572/71 423/573/71 422/571/71
f 389/572/67 390/574/67 424/575/67 423/573/67
f 390/574/72 391/576/72 425/577/72 424/575/72
f 391/576/73 392/578/73 426/579/73 425/577/73
f 392/580/74 393/581/74 427/582/74 426/583/74
f 393/581/75 394/584/75 428/585/75 427/582/75
f 394/584/76 395/586/76 429/587/76 428/585/76
f 395/586/77 396/588/77 430/589/77 429/587/77
f 396/588/78 397/590/78 431/591/78 430/589/78
f 397/590/79 398/592/79 432/593/79 431/591/79
f 398/592/80 399/594/80 433/595/80 432/593/80
f 399/594/81 400/596/81 434/597/81 433/595/81
f 400/596/82 401/598/82 435/599/82 434/597/82
f 401/598/83 402/600/83 436/601/83 435/599/83
f 402/600/84 403/602/84 437/603/84 436/601/84
f 403/602/85 404/604/85 438/605/85 437/603/85
f 404/604/86 405/606/86 439/607/86 438/605/86
f 405/606/87 406/608/87 440/609/87 439/607/87
f 406/608/88 407/610/88 441/611/88 440/609/88
f 407/610/89 408/612/89 442/613/89 441/611/89
f 408/612/90 409/614/90 443/615/90 442/613/90
f 409/614/91 410/616/91 444/617/91 443/615/91
f 410/616/92 411/618/92 445/619/92 444/617/92
f 411/618/93 412/620/93 446/621/93 445/619/93
f 412/620/94 413/622/94 447/623/94 446/621/94
f 413/622/95 414/624/95 448/625/95 447/623/95
f 414/624/96 416/561/96 418/560/96 448/625/96
f 653/626/65 321/627/65 323/628/65 655/629/65
f 654/630/66 322/631/66 321/627/66 653/626/66
f 655/629/68 323/628/68 324/632/68 656/633/68
f 656/633/69 324/632/69 325/634/69 657/635/69
f 657/635/70 325/634/70 326/636/70 658/637/70
f 658/637/71 326/636/71 327/638/71 659/639/71
f 659/639/67 327/638/67 328/640/67 660/641/67
f 660/641/72 328/640/72 329/642/72 661/643/72
f 661/643/73 329/642/73 330/644/73 662/645/73
f 662/646/74 330/647/74 331/648/74 663/649/74
f 663/649/75 331/648/75 332/650/75 664/651/75
f 664/651/76 332/650/76 333/652/76 665/653/76
f 665/653/77 333/652/77 334/654/77 666/655/77
f 666/655/78 334/654/78 335/656/78 667/657/78
f 667/657/79 335/656/79 336/658/79 668/659/79
f 668/659/80 336/658/80 337/660/80 669/661/80
f 669/661/81 337/660/81 338/662/81 670/663/81
f 670/663/82 338/662/82 339/664/82 671/665/82
f 671/665/83 339/664/83 340/666/83 672/667/83
f 672/667/84 340/666/84 341/668/84 673/669/84
f 673/669/85 341/668/85 342/670/85 674/671/85
f 674/671/86 342/670/86 343/672/86 675/673/86
f 675/673/87 343/672/87 344/674/87 676/675/87
f 676/675/88 344/674/88 345/676/88 677/677/88
f 677/677/89 345/676/89 346/678/89 678/679/89
f 678/679/90 346/678/90 347/680/90 679/681/90
f 679/681/91 347/680/91 348/682/91 680/683/91
f 680/683/92 348/682/92 349/684/92 681/685/92
f 681/685/93 349/684/93 350/686/93 682/687/93
f 682/687/94 350/686/94 351/688/94 683/689/94
f 683/689/95 351/688/95 352/690/95 684/691/95
f 684/691/96 352/690/96 322/631/96 654/630/96
f 318/558/131 382/692/131 384/693/131 320/499/131
f 317/556/132 381/694/132 382/692/132 318/558/132
f 316/554/133 380/695/133 381/694/133 317/556/133
f 315/552/134 379/696/134 380/695/134 316/554/134
f 314/550/135 378/697/135 379/696/135 315/552/135
f 313/548/136 377/698/136 378/697/136 314/550/136
f 312/546/137 376/699/137 377/698/137 313/548/137
f 311/544/138 375/700/138 376/699/138 312/546/138
f 310/542/139 374/701/139 375/700/139 311/544/139
f 309/540/140 373/702/140 374/701/140 310/542/140
f 308/538/141 372/703/141 373/702/141 309/540/141
f 307/536/142 371/704/142 372/703/142 308/538/142
f 306/534/143 370/705/143 371/704/143 307/536/143
f 305/532/144 369/706/144 370/705/144 306/534/144
f 304/530/145 368/707/145 369/706/145 305/532/145
f 303/528/146 367/708/146 368/707/146 304/530/146
f 302/526/147 366/709/147 367/708/147 303/528/147
f 301/524/148 365/710/148 366/709/148 302/526/148
f 300/522/149 364/711/149 365/710/149 301/524/149
f 299/520/150 363/712/150 364/711/150 300/522/150
f 298/518/151 362/713/151 363/712/151 299/520/151
f 297/516/152 361/714/152 362/713/152 298/518/152
f 296/515/153 360/715/153 361/714/153 297/516/153
f 295/510/154 359/716/154 360/717/154 296/512/154
f 294/508/155 358/718/155 359/716/155 295/510/155
f 293/506/156 357/719/156 358/718/156 294/508/156
f 292/504/157 356/720/157 357/719/157 293/506/157
f 291/502/158 355/721/158 356/720/158 292/504/158
f 290/500/159 354/722/159 355/721/159 291/502/159
f 289/496/160 353/723/160 354/722/160 290/500/160
f 320/499/161 384/693/161 383/724/161 319/495/161
f 319/495/162 383/724/162 353/723/162 289/496/162
f 510/725/163 448/625/163 418/560/163 512/726/163
f 509/727/164 447/623/164 448/625/164 510/725/164
f 508/728/165 446/621/165 447/623/165 509/727/165
f 507/729/166 445/619/166 446/621/166 508/728/166
f 506/730/167 444/617/167 445/619/167 507/729/167
f 505/731/168 443/615/168 444/617/168 506/730/168
f 504/732/169 442/613/169 443/615/169 505/731/169
f 503/733/170 441/611/170 442/613/170 504/732/170
f 502/734/171 440/609/171 441/611/171 503/733/171
f 501/735/172 439/607/172 440/609/172 502/734/172
f 500/736/173 438/605/173 439/607/173 501/735/173
f 499/737/174 437/603/174 438/605/174 500/736/174
f 498/738/175 436/601/175 437/603/175 499/737/175
f 497/739/176 435/599/176 436/601/176 498/738/176
f 496/740/177 434/597/177 435/599/177 497/739/177
f 495/741/178 433/595/178 434/597/178 496/740/178
f 494/742/179 432/593/179 433/595/179 495/741/179
f 493/743/180 431/591/180 432/593/180 494/742/180
f 492/744/181 430/589/181 431/591/181 493/743/181
f 491/745/182 429/587/182 430/589/182 492/744/182
f 490/746/183 428/585/183 429/587/183 491/745/183
f 489/747/184 427/582/184 428/585/184 490/746/184
f 488/748/185 426/583/185 427/582/185 489/747/185
f 487/749/186 425/577/186 426/579/186 488/750/186
f 486/751/187 424/575/187 425/577/187 487/749/187
f 485/752/188 423/573/188 424/575/188 486/751/188
f 484/753/189 422/571/189 423/573/189 485/752/189
f 483/754/190 421/569/190 422/571/190 484/753/190
f 482/755/191 420/566/191 421/569/191 483/754/191
f 481/756/192 419/567/192 420/566/192 482/755/192
f 512/726/193 418/560/193 417/563/193 511/757/193
f 511/757/194 417/563/194 419/567/194 481/756/194
f 414/624/195 480/758/195 450/759/195 416/561/195
f 413/622/196 479/760/196 480/758/196 414/624/196
f 412/620/197 478/761/197 479/760/197 413/622/197
f 411/618/198 477/762/198 478/761/198 412/620/198
f 410/616/199 476/763/199 477/762/199 411/618/199
f 409/614/200 475/764/200 476/763/200 410/616/200
f 408/612/201 474/765/201 475/764/201 409/614/201
f 407/610/202 473/766/202 474/765/202 408/612/202
f 406/608/203 472/767/203 473/766/203 407/610/203
f 405/606/204 471/768/204 472/767/204 406/608/204
f 404/604/205 470/769/205 471/768/205 405/606/205
f 403/602/206 469/770/206 470/769/206 404/604/206
f 402/600/207 468/771/207 469/770/207 403/602/207
f 401/598/208 467/772/208 468/771/208 402/600/208
f 400/596/209 466/773/209 467/772/209 401/598/209
f 399/594/210 465/774/210 466/773/210 400/596/210
f 398/592/211 464/775/211 465/774/211 399/594/211
f 397/590/212 463/776/212 464/775/212 398/592/212
f 396/588/213 462/777/213 463/776/213 397/590/213
f 395/586/214 461/778/214 462/777/214 396/588/214
f 394/584/215 460/779/215 461/778/215 395/586/215
f 393/581/216 459/780/216 460/779/216 394/584/216
f 392/580/217 458/781/217 459/780/217 393/581/217
f 391/576/218 457/782/218 458/783/218 392/578/218
f 390/574/219 456/784/219 457/782/219 391/576/219
f 389/572/220 455/785/220 456/784/220 390/574/220
f 388/570/221 454/786/221 455/785/221 389/572/221
f 387/568/222 453/787/222 454/786/222 388/570/222
f 386/565/223 452/788/223 453/787/223 387/568/223
f 385/564/224 451/789/224 452/788/224 386/565/224
f 416/561/225 450/759/225 449/790/225 415/562/225
f 415/562/226 449/790/226 451/789/226 385/564/226
f 729/791/65 511/792/65 481/793/65 731/794/65
f 730/795/66 512/796/66 511/792/66 729/791/66
f 731/794/68 481/793/68 482/797/68 732/798/68
f 732/798/69 482/797/69 483/799/69 733/800/69
f 733/800/70 483/799/70 484/801/70 734/802/70
f 734/802/71 484/801/71 485/803/71 735/804/71
f 735/804/67 485/803/67 486/805/67 736/806/67
f 736/806/72 486/805/72 487/807/72 737/808/72
f 737/808/73 487/807/73 488/809/73 738/810/73
f 738/811/74 488/812/74 489/813/74 739/814/74
f 739/814/75 489/813/75 490/815/75 740/816/75
f 740/816/76 490/815/76 491/817/76 741/818/76
f 741/818/77 491/817/77 492/819/77 742/820/77
f 742/820/78 492/819/78 493/821/78 743/822/78
f 743/822/79 493/821/79 494/823/79 744/824/79
f 744/824/80 494/823/80 495/825/80 745/826/80
f 745/826/81 495/825/81 496/827/81 746/828/81
f 746/828/82 496/827/82 497/829/82 747/830/82
f 747/830/83 497/829/83 498/831/83 748/832/83
f 748/832/84 498/831/84 499/833/84 749/834/84
f 749/834/85 499/833/85 500/835/85 750/836/85
f 750/836/86 500/835/86 501/837/86 751/838/86
f 751/838/87 501/837/87 502/839/87 752/840/87
f 752/840/88 502/839/88 503/841/88 753/842/88
f 753/842/89 503/841/89 504/843/89 754/844/89
f 754/844/90 504/843/90 505/845/90 755/846/90
f 755/846/91 505/845/91 506/847/91 756/848/91
f 756/848/92 506/847/92 507/849/92 757/850/92
f 757/850/93 507/849/93 508/851/93 758/852/93
f 758/852/94 508/851/94 509/853/94 759/854/94
f 759/854/95 509/853/95 510/855/95 760/856/95
f 760/856/96 510/855/96 512/796/96 730/795/96
f 417/563/65 415/562/65 385/564/65 419/567/65
f 63/240/96 59/238/96 544/857/96 521/858/96
f 35/224/89 31/222/89 543/859/89 519/860/89
f 115/266/77 111/264/77 542/861/77 517/862/77
f 7/210/82 3/209/82 535/863/82 515/864/82
f 87/252/71 83/250/71 541/865/71 513/866/71
f 59/238/95 55/236/95 540/867/95 544/857/95
f 31/222/88 27/220/88 539/868/88 543/859/88
f 111/264/76 107/262/76 538/869/76 542/861/76
f 83/250/70 79/248/70 537/870/70 541/865/70
f 55/236/94 51/234/94 536/871/94 540/867/94
f 27/220/87 23/218/87 534/872/87 539/868/87
f 107/262/75 103/260/75 533/873/75 538/869/75
f 79/248/69 75/246/69 532/874/69 537/870/69
f 51/234/93 47/232/93 531/875/93 536/871/93
f 3/209/81 127/272/81 530/876/81 535/863/81
f 23/218/86 19/216/86 529/877/86 534/872/86
f 103/260/74 99/258/74 528/878/74 533/873/74
f 75/246/68 71/244/68 527/879/68 532/874/68
f 47/232/92 43/230/92 526/880/92 531/875/92
f 127/272/80 123/270/80 525/881/80 530/876/80
f 19/216/85 15/214/85 524/882/85 529/877/85
f 99/258/73 95/256/73 523/883/73 528/878/73
f 71/244/65 67/242/65 522/884/65 527/879/65
f 43/230/91 39/228/91 520/885/91 526/880/91
f 123/270/79 119/268/79 518/886/79 525/881/79
f 15/214/84 11/212/84 516/887/84 524/882/84
f 95/256/72 91/254/72 514/888/72 523/883/72
f 67/242/66 63/240/66 521/858/66 522/884/66
f 39/228/90 35/227/90 519/889/90 520/885/90
f 119/268/78 115/266/78 517/862/78 518/886/78
f 11/212/83 7/210/83 515/864/83 516/887/83
f 91/254/67 87/252/67 513/866/67 514/888/67
f 521/858/96 544/857/96 576/363/96 549/318/96
f 519/860/89 543/859/89 575/361/89 548/365/89
f 517/862/77 542/861/77 574/359/77 547/310/77
f 515/864/82 535/863/82 567/345/82 546/306/82
f 541/890/78 573/891/78 566/892/78 534/893/78
f 544/857/95 540/867/95 572/355/95 576/363/95
f 543/859/88 539/868/88 571/353/88 575/361/88
f 542/861/76 538/869/76 570/351/76 574/359/76
f 541/865/70 537/870/70 569/349/70 573/357/70
f 540/867/94 536/871/94 568/347/94 572/355/94
f 539/868/87 534/872/87 566/343/87 571/353/87
f 538/869/75 533/873/75 565/341/75 570/351/75
f 537/870/69 532/874/69 564/339/69 569/349/69
f 536/871/93 531/875/93 563/337/93 568/347/93
f 535/863/81 530/876/81 562/335/81 567/345/81
f 513/894/98 541/890/98 534/893/98 529/895/98
f 533/873/74 528/878/74 560/331/74 565/341/74
f 532/874/68 527/879/68 559/329/68 564/339/68
f 531/875/92 526/880/92 558/327/92 563/337/92
f 530/876/80 525/881/80 557/325/80 562/335/80
f 529/877/85 524/882/85 556/323/85 561/333/85
f 528/878/73 523/883/73 555/321/73 560/331/73
f 527/879/65 522/884/65 554/317/65 559/329/65
f 526/880/91 520/885/91 553/313/91 558/327/91
f 525/881/79 518/886/79 552/309/79 557/325/79
f 524/882/84 516/887/84 551/305/84 556/323/84
f 523/883/72 514/888/72 550/143/72 555/321/72
f 522/884/66 521/858/66 549/318/66 554/317/66
f 520/885/90 519/889/90 548/314/90 553/313/90
f 518/886/78 517/862/78 547/310/78 552/309/78
f 516/887/83 515/864/83 546/306/83 551/305/83
f 514/888/67 513/866/67 545/144/67 550/143/67
f 640/896/91 613/897/91 586/411/91 608/458/91
f 639/898/79 612/899/79 584/407/79 607/455/79
f 638/900/84 611/901/84 582/403/84 606/453/84
f 637/902/72 610/903/72 580/399/72 605/451/72
f 636/904/66 609/905/66 578/133/66 604/449/66
f 635/906/90 640/896/90 608/458/90 603/457/90
f 634/907/78 639/898/78 607/455/78 602/445/78
f 633/908/83 638/900/83 606/453/83 601/443/83
f 632/909/67 637/902/67 605/451/67 600/441/67
f 631/910/96 636/904/96 604/449/96 599/439/96
f 630/911/89 635/912/89 603/447/89 598/437/89
f 597/913/85 629/914/85 623/915/85 591/916/85
f 622/917/82 633/908/82 601/443/82 590/421/82
f 628/918/71 632/909/71 600/441/71 596/433/71
f 627/919/95 631/910/95 599/439/95 595/431/95
f 626/920/88 630/911/88 598/437/88 594/429/88
f 625/921/76 629/922/76 597/435/76 593/427/76
f 624/923/70 628/918/70 596/433/70 592/425/70
f 623/924/94 627/919/94 595/431/94 591/423/94
f 621/925/87 626/920/87 594/429/87 589/419/87
f 620/926/75 625/921/75 593/427/75 588/417/75
f 619/927/69 624/923/69 592/425/69 587/415/69
f 602/928/98 597/929/98 591/930/98 585/931/98
f 617/932/81 622/917/81 590/421/81 583/408/81
f 616/933/86 621/925/86 589/419/86 581/404/86
f 615/934/74 620/926/74 588/417/74 579/400/74
f 614/935/68 619/927/68 587/415/68 577/134/68
f 613/897/92 618/936/92 585/412/92 586/411/92
f 612/899/80 617/932/80 583/408/80 584/407/80
f 611/901/85 616/933/85 581/404/85 582/403/85
f 610/903/73 615/934/73 579/400/73 580/399/73
f 609/905/65 614/935/65 577/134/65 578/133/65
f 65/241/65 69/243/65 614/935/65 609/905/65
f 93/255/73 97/257/73 615/934/73 610/903/73
f 13/213/85 17/215/85 616/933/85 611/901/85
f 121/269/80 125/271/80 617/932/80 612/899/80
f 41/229/92 45/231/92 618/936/92 613/897/92
f 69/243/68 73/245/68 619/927/68 614/935/68
f 97/257/74 101/259/74 620/926/74 615/934/74
f 17/215/86 21/217/86 621/925/86 616/933/86
f 125/271/81 1/208/81 622/917/81 617/932/81
f 45/231/93 49/233/93 623/924/93 618/936/93
f 73/245/69 77/247/69 624/923/69 619/927/69
f 101/259/75 105/261/75 625/921/75 620/926/75
f 21/217/87 25/219/87 626/920/87 621/925/87
f 49/233/94 53/235/94 627/919/94 623/924/94
f 77/247/70 81/249/70 628/918/70 624/923/70
f 105/261/76 109/263/76 629/922/76 625/921/76
f 25/219/88 29/221/88 630/911/88 626/920/88
f 53/235/95 57/237/95 631/910/95 627/919/95
f 81/249/71 85/251/71 632/909/71 628/918/71
f 1/208/82 5/207/82 633/908/82 622/917/82
f 109/263/77 113/265/77 634/907/77 629/922/77
f 29/221/89 33/223/89 635/912/89 630/911/89
f 57/237/96 61/239/96 636/904/96 631/910/96
f 85/251/67 89/253/67 637/902/67 632/909/67
f 5/207/83 9/211/83 638/900/83 633/908/83
f 113/265/78 117/267/78 639/898/78 634/907/78
f 33/226/90 37/225/90 640/896/90 635/906/90
f 61/239/66 65/241/66 609/905/66 636/904/66
f 89/253/72 93/255/72 610/903/72 637/902/72
f 9/211/84 13/213/84 611/901/84 638/900/84
f 117/267/79 121/269/79 612/899/79 639/898/79
f 37/225/91 41/229/91 613/897/91 640/896/91
f 629/914/97 634/937/97 618/938/97 623/915/97
f 634/937/70 602/928/70 585/931/70 618/938/70
f 573/891/97 545/939/97 561/940/97 566/892/97
f 545/941/94 513/894/94 529/895/94 561/942/94
f 681/685/97 682/687/97 854/943/97 852/944/97
f 641/945/87 685/946/87 862/947/87 849/948/87
f 711/949/98 710/950/98 863/951/98 864/952/98
f 682/687/97 683/689/97 856/953/97 854/943/97
f 653/626/97 655/629/97 848/954/97 860/955/97
f 709/956/91 651/957/91 652/958/91 710/950/91
f 709/959/97 708/960/97 800/961/97 801/962/97
f 650/963/227 677/964/227 793/965/227 794/966/227
f 706/967/88 649/968/88 650/969/88 707/970/88
f 673/669/97 674/671/97 830/971/97 828/972/97
f 705/973/98 704/974/98 841/975/98 842/976/98
f 674/671/97 675/673/97 832/977/97 830/971/97
f 704/974/98 703/978/98 840/979/98 841/975/98
f 699/980/92 648/981/92 821/982/92 836/983/92
f 675/673/97 676/675/97 834/984/97 832/977/97
f 703/978/98 702/985/98 839/986/98 840/979/98
f 698/987/80 647/988/80 648/981/80 699/980/80
f 698/989/97 697/990/97 818/991/97 819/992/97
f 646/993/228 666/994/228 811/995/228 812/996/228
f 695/997/77 645/998/77 646/999/77 696/1000/77
f 660/641/97 661/643/97 872/1001/97 870/1002/97
f 695/997/98 694/1003/98 887/1004/98 888/1005/98
f 661/643/97 662/645/97 874/1006/97 872/1001/97
f 694/1003/98 693/1007/98 886/1008/98 887/1004/98
f 662/646/97 663/649/97 876/1009/97 874/1010/97
f 644/1011/227 659/639/227 868/1012/227 869/1013/227
f 688/1014/71 643/1015/71 644/1011/71 689/1016/71
f 658/1017/229 643/1018/229 807/1019/229 806/1020/229
f 687/1021/97 686/1022/97 808/1023/97 809/1024/97
f 685/946/68 641/945/68 642/1025/68 686/1026/68
f 683/689/97 684/691/97 858/1027/97 856/953/97
f 654/630/97 653/626/97 860/955/97 861/1028/97
f 684/691/97 654/630/97 861/1028/97 858/1027/97
f 716/1029/98 714/1030/98 867/1031/98 846/1032/98
f 715/1033/98 716/1029/98 846/1032/98 844/1034/98
f 710/950/67 652/958/67 851/1035/67 863/951/67
f 714/1030/98 713/1036/98 866/1037/98 867/1031/98
f 651/957/91 679/681/91 680/683/91 652/958/91
f 677/1038/98 678/1039/98 795/1040/98 793/965/98
f 679/1041/230 651/1042/230 798/1043/230 797/1044/230
f 649/968/88 676/675/88 677/677/88 650/969/88
f 648/981/92 669/661/92 820/1045/92 821/982/92
f 649/968/76 706/967/76 843/1046/76 835/1047/76
f 676/675/76 649/968/76 835/1047/76 834/984/76
f 702/985/98 701/1048/98 838/1049/98 839/986/98
f 669/661/97 670/663/97 822/1050/97 820/1045/97
f 701/1048/98 700/1051/98 837/1052/98 838/1049/98
f 670/663/97 671/665/97 824/1053/97 822/1050/97
f 647/988/80 668/659/80 669/661/80 648/981/80
f 666/1054/98 667/1055/98 813/1056/98 811/995/98
f 668/1057/231 647/1058/231 816/1059/231 815/1060/231
f 645/998/77 665/653/77 666/655/77 646/999/77
f 689/1016/227 644/1011/227 869/1013/227 882/1061/227
f 693/1007/98 692/1062/98 885/1063/98 886/1008/98
f 663/649/97 664/651/97 878/1064/97 876/1009/97
f 665/653/230 645/998/230 881/1065/230 880/1066/230
f 692/1067/98 691/1068/98 884/1069/98 885/1070/98
f 664/651/97 665/653/97 880/1066/97 878/1064/97
f 643/1015/71 658/637/71 659/639/71 644/1011/71
f 657/1071/98 658/1072/98 806/1020/98 804/1073/98
f 686/1074/232 642/1075/232 803/1076/232 808/1023/232
f 641/945/68 655/629/68 656/633/68 642/1025/68
f 652/958/67 680/683/67 850/1077/67 851/1035/67
f 685/946/98 715/1033/98 844/1034/98 862/947/98
f 449/1078/65 715/1033/65 685/946/65 451/1079/65
f 450/1080/66 716/1029/66 715/1033/66 449/1078/66
f 451/1079/68 685/946/68 686/1026/68 452/1081/68
f 452/1081/69 686/1026/69 687/1082/69 453/1083/69
f 453/1083/70 687/1082/70 688/1014/70 454/1084/70
f 454/1084/71 688/1014/71 689/1016/71 455/1085/71
f 455/1085/67 689/1016/67 690/1086/67 456/1087/67
f 456/1087/72 690/1086/72 691/1068/72 457/1088/72
f 457/1088/73 691/1068/73 692/1067/73 458/1089/73
f 458/1090/74 692/1062/74 693/1007/74 459/1091/74
f 459/1091/75 693/1007/75 694/1003/75 460/1092/75
f 460/1092/76 694/1003/76 695/997/76 461/1093/76
f 461/1093/77 695/997/77 696/1000/77 462/1094/77
f 462/1094/78 696/1000/78 697/1095/78 463/1096/78
f 463/1096/79 697/1095/79 698/987/79 464/1097/79
f 464/1097/80 698/987/80 699/980/80 465/1098/80
f 465/1098/81 699/980/81 700/1051/81 466/1099/81
f 466/1099/82 700/1051/82 701/1048/82 467/1100/82
f 467/1100/83 701/1048/83 702/985/83 468/1101/83
f 468/1101/84 702/985/84 703/978/84 469/1102/84
f 469/1102/85 703/978/85 704/974/85 470/1103/85
f 470/1103/86 704/974/86 705/973/86 471/1104/86
f 471/1104/87 705/973/87 706/967/87 472/1105/87
f 472/1105/88 706/967/88 707/970/88 473/1106/88
f 473/1106/89 707/970/89 708/1107/89 474/1108/89
f 474/1108/90 708/1107/90 709/956/90 475/1109/90
f 475/1109/91 709/956/91 710/950/91 476/1110/91
f 476/1110/92 710/950/92 711/949/92 477/1111/92
f 477/1111/93 711/949/93 712/1112/93 478/1113/93
f 478/1113/94 712/1112/94 713/1036/94 479/1114/94
f 479/1114/95 713/1036/95 714/1030/95 480/1115/95
f 480/1115/96 714/1030/96 716/1029/96 450/1080/96
f 790/1116/96 727/1117/96 728/1118/96 792/1119/96
f 790/1120/97 789/1121/97 905/1122/97 906/1123/97
f 726/1124/231 758/1125/231 898/1126/231 899/1127/231
f 787/1128/93 725/1129/93 726/1130/93 788/1131/93
f 785/1132/98 784/1133/98 933/1134/98 934/1135/98
f 753/842/97 754/844/97 922/1136/97 920/1137/97
f 784/1133/98 783/1138/98 932/1139/98 933/1134/98
f 725/1129/227 787/1128/227 936/1140/227 929/1141/227
f 754/844/97 755/846/97 924/1142/97 922/1136/97
f 783/1138/98 782/1143/98 931/1144/98 932/1139/98
f 780/1145/86 723/1146/86 724/1147/86 781/1148/86
f 750/1149/232 723/1150/232 912/1151/232 911/1152/232
f 779/1153/97 778/1154/97 913/1155/97 914/1156/97
f 777/1157/83 721/1158/83 722/1159/83 778/1160/83
f 771/1161/98 770/1162/98 977/1163/98 978/1164/98
f 745/826/97 746/828/97 973/1165/97 971/1166/97
f 777/1157/98 776/1167/98 983/1168/98 984/1169/98
f 746/828/97 747/830/97 975/1170/97 973/1165/97
f 776/1167/98 775/1171/98 982/1172/98 983/1168/98
f 740/816/97 741/818/97 963/1173/97 961/1174/97
f 775/1171/98 774/1175/98 981/1176/98 982/1172/98
f 769/1177/75 719/1178/75 720/1179/75 770/1162/75
f 738/1180/98 739/1181/98 893/1182/98 891/1183/98
f 739/1184/227 719/1185/227 894/1186/227 893/1182/227
f 766/1187/72 717/1188/72 718/1189/72 767/1190/72
f 792/1119/76 728/1118/76 952/1191/76 951/1192/76
f 729/791/97 731/794/97 937/1193/97 953/1194/97
f 764/1195/98 763/1196/98 957/1197/98 958/1198/98
f 730/795/97 729/791/97 953/1194/97 954/1199/97
f 763/1196/98 762/1200/98 956/1201/98 957/1197/98
f 717/1188/92 766/1187/92 960/1202/92 948/1203/92
f 731/794/97 732/798/97 939/1204/97 937/1193/97
f 727/1117/96 760/856/96 730/795/96 728/1118/96
f 760/1205/228 727/1206/228 903/1207/228 902/1208/228
f 759/1209/98 760/1210/98 902/1208/98 900/1211/98
f 725/1129/93 757/850/93 758/852/93 726/1130/93
f 724/1147/230 751/838/230 916/1212/230 917/1213/230
f 755/846/97 756/848/97 926/1214/97 924/1142/97
f 782/1143/98 781/1148/98 930/1215/98 931/1144/98
f 756/848/97 757/850/97 928/1216/97 926/1214/97
f 757/850/227 725/1129/227 929/1141/227 928/1216/227
f 787/1128/98 786/1217/98 935/1218/98 936/1140/98
f 723/1146/86 750/836/86 751/838/86 724/1147/86
f 748/1219/98 749/1220/98 909/1221/98 907/1222/98
f 778/1223/229 722/1224/229 908/1225/229 913/1155/229
f 721/1158/83 747/830/83 748/832/83 722/1159/83
f 741/818/97 742/820/97 965/1226/97 963/1173/97
f 770/1162/87 720/1179/87 962/1227/87 977/1163/87
f 774/1175/98 773/1228/98 980/1229/98 981/1176/98
f 721/1158/67 777/1157/67 984/1169/67 976/1230/67
f 742/820/97 743/822/97 967/1231/97 965/1226/97
f 773/1228/98 772/1232/98 979/1233/98 980/1229/98
f 743/822/97 744/824/97 969/1234/97 967/1231/97
f 719/1178/75 739/814/75 740/816/75 720/1179/75
f 768/1235/97 767/1236/97 895/1237/97 896/1238/97
f 737/1239/98 738/1240/98 891/1241/98 889/1242/98
f 717/1188/72 736/806/72 737/808/72 718/1189/72
f 762/1200/98 761/1243/98 955/1244/98 956/1201/98
f 728/1118/76 730/795/76 954/1199/76 952/1191/76
f 791/1245/98 792/1119/98 951/1192/98 949/1246/98
f 732/798/97 733/800/97 941/1247/97 939/1204/97
f 736/806/92 717/1188/92 948/1203/92 947/1248/92
f 761/1243/98 791/1245/98 949/1246/98 955/1244/98
f 733/800/97 734/802/97 943/1249/97 941/1247/97
f 383/1250/65 791/1245/65 761/1243/65 353/1251/65
f 384/1252/66 792/1119/66 791/1245/66 383/1250/66
f 353/1251/68 761/1243/68 762/1200/68 354/1253/68
f 354/1253/69 762/1200/69 763/1196/69 355/1254/69
f 355/1254/70 763/1196/70 764/1195/70 356/1255/70
f 356/1255/71 764/1195/71 765/1256/71 357/1257/71
f 357/1257/67 765/1256/67 766/1187/67 358/1258/67
f 358/1258/72 766/1187/72 767/1190/72 359/1259/72
f 359/1259/73 767/1190/73 768/1260/73 360/1261/73
f 360/1262/74 768/1263/74 769/1177/74 361/1264/74
f 361/1264/75 769/1177/75 770/1162/75 362/1265/75
f 362/1265/76 770/1162/76 771/1161/76 363/1266/76
f 363/1266/77 771/1161/77 772/1232/77 364/1267/77
f 364/1267/78 772/1232/78 773/1228/78 365/1268/78
f 365/1268/79 773/1228/79 774/1175/79 366/1269/79
f 366/1269/80 774/1175/80 775/1171/80 367/1270/80
f 367/1270/81 775/1171/81 776/1167/81 368/1271/81
f 368/1271/82 776/1167/82 777/1157/82 369/1272/82
f 369/1272/83 777/1157/83 778/1160/83 370/1273/83
f 370/1273/84 778/1160/84 779/1274/84 371/1275/84
f 371/1275/85 779/1274/85 780/1145/85 372/1276/85
f 372/1276/86 780/1145/86 781/1148/86 373/1277/86
f 373/1277/87 781/1148/87 782/1143/87 374/1278/87
f 374/1278/88 782/1143/88 783/1138/88 375/1279/88
f 375/1279/89 783/1138/89 784/1133/89 376/1280/89
f 376/1280/90 784/1133/90 785/1132/90 377/1281/90
f 377/1281/91 785/1132/91 786/1217/91 378/1282/91
f 378/1282/92 786/1217/92 787/1128/92 379/1283/92
f 379/1283/93 787/1128/93 788/1131/93 380/1284/93
f 380/1284/94 788/1131/94 789/1285/94 381/1286/94
f 381/1286/95 789/1285/95 790/1116/95 382/1287/95
f 382/1287/96 790/1116/96 792/1119/96 384/1252/96
f 800/961/90 796/1288/90 798/1043/90 801/962/90
f 799/1289/89 794/966/89 796/1288/89 800/961/89
f 796/1288/90 795/1040/90 797/1044/90 798/1043/90
f 794/966/89 793/965/89 795/1040/89 796/1288/89
f 651/1042/230 709/1290/230 801/962/230 798/1043/230
f 707/1291/227 650/963/227 794/966/227 799/1289/227
f 678/1039/98 679/1292/98 797/1044/98 795/1040/98
f 708/960/97 707/1293/97 799/1289/97 800/961/97
f 809/1024/70 805/1294/70 807/1019/70 810/1295/70
f 808/1023/69 803/1076/69 805/1294/69 809/1024/69
f 805/1294/70 804/1073/70 806/1020/70 807/1019/70
f 803/1076/69 802/1296/69 804/1073/69 805/1294/69
f 642/1075/232 656/1297/232 802/1296/232 803/1076/232
f 656/1298/98 657/1071/98 804/1073/98 802/1296/98
f 688/1299/97 687/1021/97 809/1024/97 810/1295/97
f 643/1018/229 688/1300/229 810/1295/229 807/1019/229
f 818/991/79 814/1301/79 816/1059/79 819/992/79
f 817/1302/78 812/996/78 814/1301/78 818/991/78
f 814/1301/79 813/1056/79 815/1060/79 816/1059/79
f 812/996/78 811/995/78 813/1056/78 814/1301/78
f 647/1058/231 698/1303/231 819/992/231 816/1059/231
f 696/1304/228 646/993/228 812/996/228 817/1302/228
f 667/1055/98 668/1305/98 815/1060/98 813/1056/98
f 697/990/97 696/1306/97 817/1302/97 818/991/97
f 842/1307/87 833/1308/87 835/1309/87 843/1310/87
f 841/1311/86 831/1312/86 833/1308/86 842/1307/86
f 840/1313/85 829/1314/85 831/1312/85 841/1311/85
f 839/1315/84 827/1316/84 829/1314/84 840/1313/84
f 838/1317/83 825/1318/83 827/1316/83 839/1315/83
f 837/1319/82 823/1320/82 825/1318/82 838/1317/82
f 836/1321/81 821/1322/81 823/1320/81 837/1319/81
f 833/1308/87 832/1323/87 834/1324/87 835/1309/87
f 831/1312/86 830/1325/86 832/1323/86 833/1308/86
f 829/1314/85 828/1326/85 830/1325/85 831/1312/85
f 827/1316/84 826/1327/84 828/1326/84 829/1314/84
f 825/1318/83 824/1328/83 826/1327/83 827/1316/83
f 823/1320/82 822/1329/82 824/1328/82 825/1318/82
f 821/1322/81 820/1330/81 822/1329/81 823/1320/81
f 706/967/98 705/973/98 842/976/98 843/1046/98
f 672/667/97 673/669/97 828/972/97 826/1331/97
f 671/665/97 672/667/97 826/1331/97 824/1053/97
f 700/1051/98 699/980/98 836/983/98 837/1052/98
f 867/1332/96 859/1333/96 847/1334/96 846/1335/96
f 866/1336/95 857/1337/95 859/1333/95 867/1332/95
f 865/1338/94 855/1339/94 857/1337/94 866/1336/94
f 864/1340/93 853/1341/93 855/1339/93 865/1338/93
f 863/1342/92 851/1343/92 853/1341/92 864/1340/92
f 846/1335/66 847/1334/66 845/1344/66 844/1345/66
f 844/1345/65 845/1344/65 849/1346/65 862/1347/65
f 859/1333/96 858/1348/96 861/1349/96 847/1334/96
f 857/1337/95 856/1350/95 858/1348/95 859/1333/95
f 855/1339/94 854/1351/94 856/1350/94 857/1337/94
f 853/1341/93 852/1352/93 854/1351/93 855/1339/93
f 851/1343/92 850/1353/92 852/1352/92 853/1341/92
f 847/1334/66 861/1349/66 860/1354/66 845/1344/66
f 845/1344/65 860/1354/65 848/1355/65 849/1346/65
f 712/1112/98 711/949/98 864/952/98 865/1356/98
f 655/629/87 641/945/87 849/948/87 848/954/87
f 680/683/97 681/685/97 852/944/97 850/1077/97
f 713/1036/98 712/1112/98 865/1356/98 866/1037/98
f 887/1357/76 879/1358/76 881/1359/76 888/1360/76
f 886/1361/75 877/1362/75 879/1358/75 887/1357/75
f 885/1363/74 875/1364/74 877/1362/74 886/1361/74
f 884/1365/73 873/1366/73 875/1367/73 885/1368/73
f 883/1369/72 871/1370/72 873/1366/72 884/1365/72
f 882/1371/67 869/1372/67 871/1370/67 883/1369/67
f 879/1358/76 878/1373/76 880/1374/76 881/1359/76
f 877/1362/75 876/1375/75 878/1373/75 879/1358/75
f 875/1364/74 874/1376/74 876/1375/74 877/1362/74
f 873/1366/73 872/1377/73 874/1378/73 875/1367/73
f 871/1370/72 870/1379/72 872/1377/72 873/1366/72
f 869/1372/67 868/1380/67 870/1379/67 871/1370/67
f 659/639/97 660/641/97 870/1002/97 868/1012/97
f 690/1086/98 689/1016/98 882/1061/98 883/1381/98
f 691/1068/98 690/1086/98 883/1381/98 884/1069/98
f 645/998/230 695/997/230 888/1005/230 881/1065/230
f 896/1382/74 892/1383/74 894/1186/74 897/1384/74
f 895/1237/73 890/1385/73 892/1386/73 896/1238/73
f 892/1383/74 891/1183/74 893/1182/74 894/1186/74
f 890/1385/73 889/1242/73 891/1241/73 892/1386/73
f 718/1387/230 737/1388/230 889/1242/230 890/1385/230
f 769/1389/97 768/1390/97 896/1382/97 897/1384/97
f 719/1185/227 769/1391/227 897/1384/227 894/1186/227
f 767/1392/230 718/1387/230 890/1385/230 895/1237/230
f 905/1122/95 901/1393/95 903/1207/95 906/1123/95
f 904/1394/94 899/1127/94 901/1393/94 905/1122/94
f 901/1393/95 900/1211/95 902/1208/95 903/1207/95
f 899/1127/94 898/1126/94 900/1211/94 901/1393/94
f 727/1206/228 790/1395/228 906/1123/228 903/1207/228
f 788/1396/231 726/1124/231 899/1127/231 904/1394/231
f 758/1397/98 759/1209/98 900/1211/98 898/1126/98
f 789/1121/97 788/1398/97 904/1394/97 905/1122/97
f 914/1156/85 910/1399/85 912/1151/85 915/1400/85
f 913/1155/84 908/1225/84 910/1399/84 914/1156/84
f 910/1399/85 909/1221/85 911/1152/85 912/1151/85
f 908/1225/84 907/1222/84 909/1221/84 910/1399/84
f 749/1220/98 750/1401/98 911/1152/98 909/1221/98
f 722/1224/229 748/1402/229 907/1222/229 908/1225/229
f 780/1403/97 779/1153/97 914/1156/97 915/1400/97
f 723/1150/232 780/1404/232 915/1400/232 912/1151/232
f 935/1405/92 927/1406/92 929/1407/92 936/1408/92
f 934/1409/91 925/1410/91 927/1406/91 935/1405/91
f 933/1411/90 923/1412/90 925/1410/90 934/1409/90
f 932/1413/89 921/1414/89 923/1412/89 933/1411/89
f 931/1415/88 919/1416/88 921/1414/88 932/1413/88
f 930/1417/87 917/1418/87 919/1416/87 931/1415/87
f 927/1406/92 926/1419/92 928/1420/92 929/1407/92
f 925/1410/91 924/1421/91 926/1419/91 927/1406/91
f 923/1412/90 922/1422/90 924/1421/90 925/1410/90
f 921/1414/89 920/1423/89 922/1422/89 923/1412/89
f 919/1416/88 918/1424/88 920/1423/88 921/1414/88
f 917/1418/87 916/1425/87 918/1424/87 919/1416/87
f 781/1148/230 724/1147/230 917/1213/230 930/1215/230
f 752/840/97 753/842/97 920/1137/97 918/1426/97
f 786/1217/98 785/1132/98 934/1135/98 935/1218/98
f 751/838/97 752/840/97 918/1426/97 916/1212/97
f 959/1427/67 946/1428/67 948/1429/67 960/1430/67
f 958/1431/71 944/1432/71 946/1428/71 959/1427/71
f 957/1433/70 942/1434/70 944/1432/70 958/1431/70
f 956/1435/69 940/1436/69 942/1434/69 957/1433/69
f 955/1437/68 938/1438/68 940/1436/68 956/1435/68
f 951/1439/66 952/1440/66 950/1441/66 949/1442/66
f 949/1442/65 950/1441/65 938/1438/65 955/1437/65
f 946/1428/67 945/1443/67 947/1444/67 948/1429/67
f 944/1432/71 943/1445/71 945/1443/71 946/1428/71
f 942/1434/70 941/1446/70 943/1445/70 944/1432/70
f 940/1436/69 939/1447/69 941/1446/69 942/1434/69
f 938/1438/68 937/1448/68 939/1447/68 940/1436/68
f 952/1440/66 954/1449/66 953/1450/66 950/1441/66
f 950/1441/65 953/1450/65 937/1448/65 938/1438/65
f 765/1256/98 764/1195/98 958/1198/98 959/1451/98
f 735/804/97 736/806/97 947/1248/97 945/1452/97
f 766/1187/98 765/1256/98 959/1451/98 960/1202/98
f 734/802/97 735/804/97 945/1452/97 943/1249/97
f 983/1453/82 974/1454/82 976/1455/82 984/1456/82
f 982/1457/81 972/1458/81 974/1454/81 983/1453/81
f 981/1459/80 970/1460/80 972/1458/80 982/1457/80
f 980/1461/79 968/1462/79 970/1460/79 981/1459/79
f 979/1463/78 966/1464/78 968/1462/78 980/1461/78
f 978/1465/77 964/1466/77 966/1464/77 979/1463/77
f 977/1467/76 962/1468/76 964/1466/76 978/1465/76
f 974/1454/82 973/1469/82 975/1470/82 976/1455/82
f 972/1458/81 971/1471/81 973/1469/81 974/1454/81
f 970/1460/80 969/1472/80 971/1471/80 972/1458/80
f 968/1462/79 967/1473/79 969/1472/79 970/1460/79
f 966/1464/78 965/1474/78 967/1473/78 968/1462/78
f 964/1466/77 963/1475/77 965/1474/77 966/1464/77
f 962/1468/76 961/1476/76 963/1475/76 964/1466/76
f 744/824/97 745/826/97 971/1166/97 969/1234/97
f 747/830/67 721/1158/67 976/1230/67 975/1170/67
f 720/1179/87 740/816/87 961/1174/87 962/1227/87
f 772/1232/98 771/1161/98 978/1164/98 979/1233/98
f 1080/1477/233 1079/1478/233 1016/1479/233 986/1480/233
f 1079/1478/234 1078/1481/234 1015/1482/234 1016/1479/234
f 1078/1481/235 1077/1483/235 1014/1484/235 1015/1482/235
f 1077/1483/236 1076/1485/236 1013/1486/236 1014/1484/236
f 1076/1485/237 1075/1487/237 1012/1488/237 1013/1486/237
f 1075/1487/238 1074/1489/238 1011/1490/238 1012/1488/238
f 1074/1489/239 1073/1491/239 1010/1492/239 1011/1490/239
f 1073/1491/240 1072/1493/240 1009/1494/240 1010/1492/240
f 1072/1493/241 1071/1495/241 1008/1496/241 1009/1494/241
f 1071/1495/242 1070/1497/242 1007/1498/242 1008/1496/242
f 1070/1497/243 1069/1499/243 1006/1500/243 1007/1498/243
f 1069/1499/244 1068/1501/244 1005/1502/244 1006/1500/244
f 1068/1501/245 1067/1503/245 1004/1504/245 1005/1502/245
f 1067/1503/246 1066/1505/246 1003/1506/246 1004/1504/246
f 1066/1505/247 1065/1507/247 1002/1508/247 1003/1506/247
f 1065/1507/248 1064/1509/248 1001/1510/248 1002/1508/248
f 1064/1509/249 1063/1511/249 1000/1512/249 1001/1510/249
f 1063/1511/250 1062/1513/250 999/1514/250 1000/1512/250
f 1062/1513/251 1061/1515/251 998/1516/251 999/1514/251
f 1061/1515/252 1060/1517/252 997/1518/252 998/1516/252
f 1060/1517/253 1059/1519/253 996/1520/253 997/1518/253
f 1059/1519/254 1058/1521/254 995/1522/254 996/1520/254
f 1058/1521/255 1057/1523/255 994/1524/255 995/1522/255
f 1057/1523/256 1056/1525/256 993/1526/256 994/1524/256
f 1056/1527/257 1055/1528/257 992/1529/257 993/1530/257
f 1055/1528/258 1054/1531/258 991/1532/258 992/1529/258
f 1054/1531/259 1053/1533/259 990/1534/259 991/1532/259
f 1053/1533/260 1052/1535/260 989/1536/260 990/1534/260
f 1052/1535/261 1051/1537/261 988/1538/261 989/1536/261
f 1051/1537/262 1050/1539/262 987/1540/262 988/1538/262
f 1050/1539/263 1049/1541/263 985/1542/263 987/1540/263
f 1049/1541/264 1080/1477/264 986/1480/264 985/1542/264
f 986/1480/265 1016/1479/265 1048/131/265 1017/6/265
f 1016/1479/266 1015/1482/266 1047/127/266 1048/131/266
f 1015/1482/267 1014/1484/267 1046/123/267 1047/127/267
f 1014/1484/268 1013/1486/268 1045/119/268 1046/123/268
f 1013/1486/269 1012/1488/269 1044/115/269 1045/119/269
f 1012/1488/270 1011/1490/270 1043/111/270 1044/115/270
f 1011/1490/271 1010/1492/271 1042/107/271 1043/111/271
f 1010/1492/272 1009/1494/272 1041/103/272 1042/107/272
f 1009/1494/273 1008/1496/273 1040/99/273 1041/103/273
f 1008/1496/274 1007/1498/274 1039/95/274 1040/99/274
f 1007/1498/275 1006/1500/275 1038/91/275 1039/95/275
f 1006/1500/276 1005/1502/276 1037/87/276 1038/91/276
f 1005/1502/277 1004/1504/277 1036/83/277 1037/87/277
f 1004/1504/278 1003/1506/278 1035/79/278 1036/83/278
f 1003/1506/279 1002/1508/279 1034/75/279 1035/79/279
f 1002/1508/280 1001/1510/280 1033/71/280 1034/75/280
f 1001/1510/281 1000/1512/281 1032/67/281 1033/71/281
f 1000/1512/282 999/1514/282 1031/63/282 1032/67/282
f 999/1514/283 998/1516/283 1030/59/283 1031/63/283
f 998/1516/284 997/1518/284 1029/55/284 1030/59/284
f 997/1518/285 996/1520/285 1028/51/285 1029/55/285
f 996/1520/286 995/1522/286 1027/47/286 1028/51/286
f 995/1522/287 994/1524/287 1026/41/287 1027/47/287
f 994/1524/288 993/1526/288 1025/42/288 1026/41/288
f 993/1530/289 992/1529/289 1024/31/289 1025/35/289
f 992/1529/290 991/1532/290 1023/27/290 1024/31/290
f 991/1532/291 990/1534/291 1022/23/291 1023/27/291
f 990/1534/292 989/1536/292 1021/19/292 1022/23/292
f 989/1536/293 988/1538/293 1020/15/293 1021/19/293
f 988/1538/294 987/1540/294 1019/11/294 1020/15/294
f 987/1540/295 985/1542/295 1018/5/295 1019/11/295
f 985/1542/296 986/1480/296 1017/6/296 1018/5/296
f 8/139/297 4/138/297 1080/1543/297 1049/1544/297
f 12/147/298 8/139/298 1049/1544/298 1050/1545/298
f 16/149/299 12/147/299 1050/1545/299 1051/1546/299
f 20/151/300 16/149/300 1051/1546/300 1052/1547/300
f 24/153/301 20/151/301 1052/1547/301 1053/1548/301
f 28/155/302 24/153/302 1053/1548/302 1054/1549/302
f 32/157/303 28/155/303 1054/1549/303 1055/1550/303
f 36/159/304 32/157/304 1055/1550/304 1056/1551/304
f 40/163/305 36/162/305 1056/1552/305 1057/1553/305
f 44/165/306 40/163/306 1057/1553/306 1058/1554/306
f 48/167/307 44/165/307 1058/1554/307 1059/1555/307
f 52/169/308 48/167/308 1059/1555/308 1060/1556/308
f 56/171/309 52/169/309 1060/1556/309 1061/1557/309
f 60/173/310 56/171/310 1061/1557/310 1062/1558/310
f 64/175/311 60/173/311 1062/1558/311 1063/1559/311
f 68/177/312 64/175/312 1063/1559/312 1064/1560/312
f 72/179/313 68/177/313 1064/1560/313 1065/1561/313
f 76/181/314 72/179/314 1065/1561/314 1066/1562/314
f 80/183/315 76/181/315 1066/1562/315 1067/1563/315
f 84/185/316 80/183/316 1067/1563/316 1068/1564/316
f 88/187/317 84/185/317 1068/1564/317 1069/1565/317
f 92/189/318 88/187/318 1069/1565/318 1070/1566/318
f 96/191/319 92/189/319 1070/1566/319 1071/1567/319
f 100/193/320 96/191/320 1071/1567/320 1072/1568/320
f 104/195/321 100/193/321 1072/1568/321 1073/1569/321
f 108/197/322 104/195/322 1073/1569/322 1074/1570/322
f 112/199/323 108/197/323 1074/1570/323 1075/1571/323
f 116/201/324 112/199/324 1075/1571/324 1076/1572/324
f 120/203/325 116/201/325 1076/1572/325 1077/1573/325
f 124/205/326 120/203/326 1077/1573/326 1078/1574/326
f 128/142/327 124/205/327 1078/1574/327 1079/1575/327
f 4/138/328 128/142/328 1079/1575/328 1080/1543/328
f 1176/1576/329 1145/1577/329 1081/1578/329 1112/1579/329
f 1175/1580/330 1176/1576/330 1112/1579/330 1111/1581/330
f 1174/1582/331 1175/1580/331 1111/1581/331 1110/1583/331
f 1173/1584/332 1174/1582/332 1110/1583/332 1109/1585/332
f 1172/1586/333 1173/1584/333 1109/1585/333 1108/1587/333
f 1171/1588/334 1172/1586/334 1108/1587/334 1107/1589/334
f 1170/1590/335 1171/1588/335 1107/1589/335 1106/1591/335
f 1169/1592/336 1170/1590/336 1106/1591/336 1105/1593/336
f 1168/1594/337 1169/1592/337 1105/1593/337 1104/1595/337
f 1167/1596/338 1168/1594/338 1104/1595/338 1103/1597/338
f 1166/1598/339 1167/1596/339 1103/1597/339 1102/1599/339
f 1165/1600/340 1166/1598/340 1102/1599/340 1101/1601/340
f 1164/1602/341 1165/1600/341 1101/1601/341 1100/1603/341
f 1163/1604/342 1164/1602/342 1100/1603/342 1099/1605/342
f 1162/1606/343 1163/1604/343 1099/1605/343 1098/1607/343
f 1161/1608/344 1162/1606/344 1098/1607/344 1097/1609/344
f 1160/1610/345 1161/1608/345 1097/1609/345 1096/1611/345
f 1159/1612/346 1160/1610/346 1096/1611/346 1095/1613/346
f 1158/1614/347 1159/1612/347 1095/1613/347 1094/1615/347
f 1157/1616/348 1158/1614/348 1094/1615/348 1093/1617/348
f 1156/1618/349 1157/1616/349 1093/1617/349 1092/1619/349
f 1155/1620/350 1156/1618/350 1092/1619/350 1091/1621/350
f 1154/1622/351 1155/1620/351 1091/1621/351 1090/1623/351
f 1153/1624/352 1154/1622/352 1090/1623/352 1089/1625/352
f 1152/1626/353 1153/1627/353 1089/1628/353 1088/1629/353
f 1151/1630/354 1152/1626/354 1088/1629/354 1087/1631/354
f 1150/1632/355 1151/1630/355 1087/1631/355 1086/1633/355
f 1149/1634/356 1150/1632/356 1086/1633/356 1085/1635/356
f 1148/1636/357 1149/1634/357 1085/1635/357 1084/1637/357
f 1147/1638/358 1148/1636/358 1084/1637/358 1083/1639/358
f 1146/1640/359 1147/1638/359 1083/1639/359 1082/1641/359
f 1145/1577/360 1146/1640/360 1082/1641/360 1081/1578/360
f 1112/1579/361 1081/1578/361 1144/1/361 1143/129/361
f 1111/1581/362 1112/1579/362 1143/129/362 1142/125/362
f 1110/1583/363 1111/1581/363 1142/125/363 1141/121/363
f 1109/1585/364 1110/1583/364 1141/121/364 1140/117/364
f 1108/1587/365 1109/1585/365 1140/117/365 1139/113/365
f 1107/1589/366 1108/1587/366 1139/113/366 1138/109/366
f 1106/1591/367 1107/1589/367 1138/109/367 1137/105/367
f 1105/1593/368 1106/1591/368 1137/105/368 1136/101/368
f 1104/1595/369 1105/1593/369 1136/101/369 1135/97/369
f 1103/1597/370 1104/1595/370 1135/97/370 1134/93/370
f 1102/1599/371 1103/1597/371 1134/93/371 1133/89/371
f 1101/1601/372 1102/1599/372 1133/89/372 1132/85/372
f 1100/1603/373 1101/1601/373 1132/85/373 1131/81/373
f 1099/1605/374 1100/1603/374 1131/81/374 1130/77/374
f 1098/1607/375 1099/1605/375 1130/77/375 1129/73/375
f 1097/1609/376 1098/1607/376 1129/73/376 1128/69/376
f 1096/1611/377 1097/1609/377 1128/69/377 1127/65/377
f 1095/1613/378 1096/1611/378 1127/65/378 1126/61/378
f 1094/1615/379 1095/1613/379 1126/61/379 1125/57/379
f 1093/1617/380 1094/1615/380 1125/57/380 1124/53/380
f 1092/1619/381 1093/1617/381 1124/53/381 1123/49/381
f 1091/1621/382 1092/1619/382 1123/49/382 1122/45/382
f 1090/1623/383 1091/1621/383 1122/45/383 1121/38/383
f 1089/1625/384 1090/1623/384 1121/38/384 1120/37/384
f 1088/1629/385 1089/1628/385 1120/33/385 1119/29/385
f 1087/1631/386 1088/1629/386 1119/29/386 1118/25/386
f 1086/1633/387 1087/1631/387 1118/25/387 1117/21/387
f 1085/1635/388 1086/1633/388 1117/21/388 1116/17/388
f 1084/1637/389 1085/1635/389 1116/17/389 1115/13/389
f 1083/1639/390 1084/1637/390 1115/13/390 1114/9/390
f 1082/1641/391 1083/1639/391 1114/9/391 1113/2/391
f 1081/1578/392 1082/1641/392 1113/2/392 1144/1/392
f 2/494/393 6/497/393 1146/1642/393 1145/1643/393
f 6/497/394 10/501/394 1147/1644/394 1146/1642/394
f 10/501/395 14/503/395 1148/1645/395 1147/1644/395
f 14/503/396 18/505/396 1149/1646/396 1148/1645/396
f 18/505/397 22/507/397 1150/1647/397 1149/1646/397
f 22/507/398 26/509/398 1151/1648/398 1150/1647/398
f 26/509/399 30/511/399 1152/1649/399 1151/1648/399
f 30/511/400 34/513/400 1153/1650/400 1152/1649/400
f 34/514/401 38/517/401 1154/1651/401 1153/1652/401
f 38/517/402 42/519/402 1155/1653/402 1154/1651/402
f 42/519/403 46/521/403 1156/1654/403 1155/1653/403
f 46/521/404 50/523/404 1157/1655/404 1156/1654/404
f 50/523/405 54/525/405 1158/1656/405 1157/1655/405
f 54/525/406 58/527/406 1159/1657/406 1158/1656/406
f 58/527/407 62/529/407 1160/1658/407 1159/1657/407
f 62/529/408 66/531/408 1161/1659/408 1160/1658/408
f 66/531/409 70/533/409 1162/1660/409 1161/1659/409
f 70/533/410 74/535/410 1163/1661/410 1162/1660/410
f 74/535/411 78/537/411 1164/1662/411 1163/1661/411
f 78/537/412 82/539/412 1165/1663/412 1164/1662/412
f 82/539/413 86/541/413 1166/1664/413 1165/1663/413
f 86/541/414 90/543/414 1167/1665/414 1166/1664/414
f 90/543/415 94/545/415 1168/1666/415 1167/1665/415
f 94/545/416 98/547/416 1169/1667/416 1168/1666/416
f 98/547/417 102/549/417 1170/1668/417 1169/1667/417
f 102/549/418 106/551/418 1171/1669/418 1170/1668/418
f 106/551/419 110/553/419 1172/1670/419 1171/1669/419
f 110/553/420 114/555/420 1173/1671/420 1172/1670/420
f 114/555/421 118/557/421 1174/1672/421 1173/1671/421
f 118/557/422 122/559/422 1175/1673/422 1174/1672/422
f 122/559/423 126/498/423 1176/1674/423 1175/1673/423
f 126/498/424 2/494/424 1145/1643/424 1176/1674/424
