# Blender 5.2.0 LTS
# www.blender.org
mtllib SteelBeamDiagonal.mtl
o Bolts.001
v -0.211126 4.561843 1.058343
v -0.211126 4.578556 1.017996
v -0.211126 4.585478 1.034708
v -0.211126 4.674524 1.141469
v -0.211126 4.667601 1.158181
v -0.211126 4.707948 1.141469
v -0.211126 4.691236 1.134546
v -0.211126 4.456086 1.158181
v -0.211126 4.449163 1.141469
v -0.211126 4.432451 1.134546
v -0.211126 4.707948 1.051421
v -0.211126 4.714871 1.034708
v -0.191726 4.456326 1.134306
v -0.191726 4.408576 1.134306
v -0.191726 4.408576 1.182056
v -0.191726 4.456326 1.182056
v -0.191726 4.715111 1.134306
v -0.191726 4.667361 1.134306
v -0.191726 4.667361 1.182056
v -0.191726 4.715111 1.182056
v -0.191726 4.585718 1.058583
v -0.191726 4.585718 1.010834
v -0.191726 4.537969 1.010834
v -0.191726 4.537969 1.058583
v -0.191726 4.585718 1.182056
v -0.191726 4.585718 1.134306
v -0.191726 4.537969 1.134306
v -0.191726 4.537969 1.182056
v -0.191726 4.715111 1.010834
v -0.191726 4.667361 1.010834
v -0.191726 4.667361 1.058583
v -0.191726 4.715111 1.058583
v -0.191726 4.456326 1.010834
v -0.191726 4.408576 1.010834
v -0.191726 4.408576 1.058583
v -0.191726 4.456326 1.058583
v -0.211126 4.415739 1.051421
v -0.211126 4.408816 1.034708
v -0.191726 4.398687 1.034708
v -0.191726 4.725000 1.034708
v -0.191726 4.595607 1.034708
v -0.191726 4.528080 1.034708
v -0.191726 4.657472 1.034708
v -0.211126 4.545131 1.017996
v -0.191726 4.466215 1.034708
v -0.211126 4.561843 1.011074
v -0.191726 4.432451 1.191945
v -0.191726 4.432451 1.000945
v -0.211126 4.545131 1.174893
v -0.191726 4.432451 1.124417
v -0.211126 4.561843 1.181816
v -0.191726 4.432451 1.068472
v -0.211126 4.707948 1.017996
v -0.191726 4.561843 1.191945
v -0.191726 4.561843 1.000945
v -0.211126 4.691236 1.011074
v -0.191726 4.561843 1.068472
v -0.211126 4.691236 1.181816
v -0.191726 4.561843 1.124417
v -0.211126 4.707948 1.174893
v -0.191726 4.691236 1.191945
v -0.191726 4.691236 1.000945
v -0.211126 4.714871 1.158181
v -0.191726 4.691236 1.124417
v -0.211126 4.449163 1.017996
v -0.191726 4.691236 1.068472
v -0.211126 4.432451 1.011074
v -0.191726 4.398687 1.158181
v -0.191726 4.725000 1.158181
v -0.211126 4.449163 1.174893
v -0.211126 4.432451 1.181816
v -0.191726 4.466215 1.158181
v -0.211126 4.415739 1.174893
v -0.191726 4.657472 1.158181
v -0.211126 4.408816 1.158181
v -0.191726 4.595607 1.158181
v -0.191726 4.528080 1.158181
v -0.211126 4.545131 1.051421
v -0.211126 4.538209 1.034708
v -0.211126 4.585478 1.158181
v -0.211126 4.578556 1.141469
v -0.211126 4.561843 1.134546
v -0.211126 4.545131 1.141469
v -0.211126 4.538209 1.158181
v -0.211126 4.667601 1.034708
v -0.211126 4.674524 1.017996
v -0.211126 4.691236 1.058343
v -0.211126 4.456086 1.034708
v -0.211126 4.432451 1.058343
v -0.211126 4.449163 1.051421
v -0.211126 4.415739 1.017996
v -0.211126 4.578556 1.051421
v -0.211126 4.674524 1.051421
v -0.211126 4.432451 1.034708
v -0.211126 4.691236 1.034708
v -0.211126 4.561843 1.034708
v -0.211126 4.415739 1.141469
v -0.211126 4.432451 1.158181
v -0.211126 4.578556 1.174893
v -0.211126 4.561843 1.158181
v -0.211126 4.674524 1.174893
v -0.211126 4.691236 1.158181
vn -0.4345 -0.3447 0.8321
vn -0.4345 -0.8321 -0.3447
vn -0.4345 0.3447 0.8321
vn -0.4345 -0.3447 -0.8321
vn -0.4345 0.3447 -0.8321
vn -0.4345 0.8321 -0.3447
vn -0.4345 0.8321 0.3447
vn -0.4345 -0.8321 0.3447
vn -1.0000 -0.0000 -0.0000
vt 0.517001 0.708635
vt 0.525916 0.699913
vt 0.529157 0.707860
vt 0.525349 0.712147
vt 0.517001 0.660954
vt 0.507745 0.669623
vt 0.504630 0.661546
vt 0.508482 0.657341
vt 0.126250 0.639173
vt 0.113846 0.639308
vt 0.116774 0.630958
vt 0.122506 0.631285
vt 0.104863 0.617708
vt 0.114430 0.608674
vt 0.117630 0.617473
vt 0.113356 0.620959
vt 0.698297 0.708570
vt 0.707116 0.699751
vt 0.710918 0.707725
vt 0.706624 0.711520
vt 0.517009 0.629241
vt 0.509188 0.638316
vt 0.505063 0.630554
vt 0.509204 0.626388
vt 0.104863 0.630495
vt 0.112957 0.626660
vt 0.516724 0.617447
vt 0.508718 0.620508
vt 0.677183 0.669623
vt 0.689288 0.669672
vt 0.686011 0.677515
vt 0.680129 0.677857
vt 0.517001 0.647983
vt 0.508892 0.651795
vt 0.127294 0.609666
vt 0.135115 0.618740
vt 0.127310 0.621593
vt 0.123169 0.617427
vt 0.134830 0.630535
vt 0.126824 0.627474
vt 0.538389 0.699913
vt 0.547110 0.708829
vt 0.539164 0.712069
vt 0.534877 0.708261
vt 0.719588 0.699751
vt 0.716638 0.708078
vt 0.698297 0.678268
vt 0.689846 0.681768
vt 0.495955 0.639376
vt 0.507996 0.639307
vt 0.505041 0.647522
vt 0.499157 0.647171
vt 0.538195 0.730023
vt 0.525723 0.730023
vt 0.529234 0.721675
vt 0.534954 0.722076
vt 0.698297 0.691122
vt 0.690234 0.687308
vt 0.496324 0.639307
vt 0.486758 0.630274
vt 0.495250 0.627023
vt 0.499524 0.630509
vt 0.698297 0.721042
vt 0.706271 0.717240
vt 0.495215 0.669286
vt 0.486758 0.660152
vt 0.494739 0.657108
vt 0.498925 0.661010
vt 0.547110 0.721301
vt 0.538762 0.717789
vt 0.501890 0.654361
vt 0.680500 0.691910
vt 0.676666 0.687657
vt 0.676278 0.682118
vt 0.683256 0.684713
vt 0.713352 0.714806
vt 0.720433 0.712372
vt 0.686383 0.691569
vt 0.504400 0.616696
vt 0.501961 0.623749
vt 0.494851 0.621322
vt 0.498668 0.617023
vt 0.120067 0.624233
vt 0.720080 0.718092
vt 0.715786 0.721887
vt 0.495260 0.651409
vt 0.532056 0.714968
vt 0.524947 0.717867
vt 0.710066 0.721534
vt 0.689329 0.699803
vt 0.677224 0.699753
vt 0.668215 0.691157
vt 0.486758 0.617487
vt 0.495740 0.608674
vt 0.517001 0.721107
vt 0.728407 0.721042
vt 0.719588 0.729861
vt 0.508144 0.608809
vt 0.487066 0.647799
vt 0.668215 0.678304
vt 0.728407 0.708570
vt 0.707116 0.729861
s 0
f 35/1/1 52/2/1 89/3/1 37/4/1
f 14/5/2 68/6/2 75/7/2 97/8/2
f 23/9/2 42/10/2 79/11/2 44/12/2
f 57/13/3 21/14/3 92/15/3 1/16/3
f 28/17/1 54/18/1 51/19/1 49/20/1
f 62/21/4 30/22/4 86/23/4 56/24/4
f 24/25/1 57/13/1 1/16/1 78/26/1
f 29/27/5 62/21/5 56/24/5 53/28/5
f 19/29/1 61/30/1 58/31/1 101/32/1
f 50/33/4 14/5/4 97/8/4 10/34/4
f 41/35/6 22/36/6 2/37/6 3/38/6
f 22/36/5 55/39/5 46/40/5 2/37/5
f 36/41/7 45/42/7 88/43/7 90/44/7
f 54/18/3 25/45/3 99/46/3 51/19/3
f 61/30/3 20/47/3 60/48/3 58/31/3
f 72/49/6 13/50/6 9/51/6 8/52/6
f 48/53/4 34/54/4 91/55/4 67/56/4
f 52/2/3 36/41/3 90/44/3 89/3/3
f 20/47/7 69/57/7 63/58/7 60/48/7
f 43/59/8 31/60/8 93/61/8 85/62/8
f 77/63/8 28/17/8 49/20/8 84/64/8
f 13/50/5 50/33/5 10/34/5 9/51/5
f 15/65/1 47/66/1 71/67/1 73/68/1
f 45/42/6 33/69/6 65/70/6 88/43/6
f 10/34/9 97/8/9 75/7/9 98/71/9
f 7/72/9 4/73/9 5/74/9 102/75/9
f 51/19/9 100/76/9 84/64/9 49/20/9
f 9/51/9 10/34/9 98/71/9 8/52/9
f 99/46/9 80/77/9 100/76/9 51/19/9
f 6/78/9 7/72/9 102/75/9 63/58/9
f 63/58/9 102/75/9 58/31/9 60/48/9
f 12/79/9 95/80/9 87/81/9 11/82/9
f 53/28/9 56/24/9 95/80/9 12/79/9
f 3/38/9 2/37/9 46/40/9 96/83/9
f 80/77/9 81/84/9 82/85/9 100/76/9
f 92/15/9 3/38/9 96/83/9 1/16/9
f 8/52/9 98/71/9 71/67/9 70/86/9
f 88/43/9 94/87/9 89/3/9 90/44/9
f 65/70/9 67/56/9 94/87/9 88/43/9
f 1/16/9 96/83/9 79/11/9 78/26/9
f 56/24/9 86/23/9 85/62/9 95/80/9
f 67/56/9 91/55/9 38/88/9 94/87/9
f 94/87/9 38/88/9 37/4/9 89/3/9
f 95/80/9 85/62/9 93/61/9 87/81/9
f 100/76/9 82/85/9 83/89/9 84/64/9
f 96/83/9 46/40/9 44/12/9 79/11/9
f 102/75/9 5/74/9 101/32/9 58/31/9
f 98/71/9 75/7/9 73/68/9 71/67/9
f 30/22/2 43/59/2 85/62/2 86/23/2
f 55/39/4 23/9/4 44/12/4 46/40/4
f 69/57/6 17/90/6 6/78/6 63/58/6
f 64/91/4 18/92/4 4/73/4 7/72/4
f 66/93/3 32/94/3 11/82/3 87/81/3
f 39/95/8 35/1/8 37/4/8 38/88/8
f 26/96/5 59/97/5 82/85/5 81/84/5
f 17/90/5 64/91/5 7/72/5 6/78/5
f 31/60/1 66/93/1 87/81/1 93/61/1
f 32/94/7 40/98/7 12/79/7 11/82/7
f 16/99/7 72/49/7 8/52/7 70/86/7
f 18/92/2 74/100/2 5/74/2 4/73/2
f 34/54/2 39/95/2 38/88/2 91/55/2
f 68/6/8 15/65/8 73/68/8 75/7/8
f 76/101/6 26/96/6 81/84/6 80/77/6
f 74/100/8 19/29/8 101/32/8 5/74/8
f 40/98/6 29/27/6 53/28/6 12/79/6
f 47/66/3 16/99/3 70/86/3 71/67/3
f 59/97/4 27/102/4 83/89/4 82/85/4
f 21/14/7 41/35/7 3/38/7 92/15/7
f 27/102/2 77/63/2 84/64/2 83/89/2
f 25/45/7 76/101/7 80/77/7 99/46/7
f 42/10/8 24/25/8 78/26/8 79/11/8
f 33/69/5 48/53/5 67/56/5 65/70/5
o Bolts.002
v -0.211126 4.561843 2.229684
v -0.211126 4.578556 2.189337
v -0.211126 4.585478 2.206049
v -0.211126 4.674524 2.312809
v -0.211126 4.667601 2.329521
v -0.211126 4.707948 2.312809
v -0.211126 4.691236 2.305887
v -0.211126 4.456086 2.329521
v -0.211126 4.449163 2.312809
v -0.211126 4.432451 2.305887
v -0.211126 4.707948 2.222761
v -0.211126 4.714871 2.206049
v -0.191726 4.456326 2.305647
v -0.191726 4.408576 2.305647
v -0.191726 4.408576 2.353396
v -0.191726 4.456326 2.353396
v -0.191726 4.715111 2.305647
v -0.191726 4.667361 2.305647
v -0.191726 4.667361 2.353396
v -0.191726 4.715111 2.353396
v -0.191726 4.585718 2.229924
v -0.191726 4.585718 2.182174
v -0.191726 4.537969 2.182174
v -0.191726 4.537969 2.229924
v -0.191726 4.585718 2.353396
v -0.191726 4.585718 2.305647
v -0.191726 4.537969 2.305647
v -0.191726 4.537969 2.353396
v -0.191726 4.715111 2.182174
v -0.191726 4.667361 2.182174
v -0.191726 4.667361 2.229924
v -0.191726 4.715111 2.229924
v -0.191726 4.456326 2.182174
v -0.191726 4.408576 2.182174
v -0.191726 4.408576 2.229924
v -0.191726 4.456326 2.229924
v -0.211126 4.415739 2.222761
v -0.211126 4.408816 2.206049
v -0.191726 4.398687 2.206049
v -0.191726 4.725000 2.206049
v -0.191726 4.595607 2.206049
v -0.191726 4.528080 2.206049
v -0.191726 4.657472 2.206049
v -0.211126 4.545131 2.189337
v -0.191726 4.466215 2.206049
v -0.211126 4.561843 2.182414
v -0.191726 4.432451 2.363286
v -0.191726 4.432451 2.172285
v -0.211126 4.545131 2.346234
v -0.191726 4.432451 2.295758
v -0.211126 4.561843 2.353156
v -0.191726 4.432451 2.239813
v -0.211126 4.707948 2.189337
v -0.191726 4.561843 2.363286
v -0.191726 4.561843 2.172285
v -0.211126 4.691236 2.182414
v -0.191726 4.561843 2.239813
v -0.211126 4.691236 2.353156
v -0.191726 4.561843 2.295758
v -0.211126 4.707948 2.346234
v -0.191726 4.691236 2.363286
v -0.191726 4.691236 2.172285
v -0.211126 4.714871 2.329521
v -0.191726 4.691236 2.295758
v -0.211126 4.449163 2.189337
v -0.191726 4.691236 2.239813
v -0.211126 4.432451 2.182414
v -0.191726 4.398687 2.329521
v -0.191726 4.725000 2.329521
v -0.211126 4.449163 2.346234
v -0.211126 4.432451 2.353156
v -0.191726 4.466215 2.329521
v -0.211126 4.415739 2.346234
v -0.191726 4.657472 2.329521
v -0.211126 4.408816 2.329521
v -0.191726 4.595607 2.329521
v -0.191726 4.528080 2.329521
v -0.211126 4.545131 2.222761
v -0.211126 4.538209 2.206049
v -0.211126 4.585478 2.329521
v -0.211126 4.578556 2.312809
v -0.211126 4.561843 2.305887
v -0.211126 4.545131 2.312809
v -0.211126 4.538209 2.329521
v -0.211126 4.667601 2.206049
v -0.211126 4.674524 2.189337
v -0.211126 4.691236 2.229684
v -0.211126 4.456086 2.206049
v -0.211126 4.432451 2.229684
v -0.211126 4.449163 2.222761
v -0.211126 4.415739 2.189337
v -0.211126 4.578556 2.222761
v -0.211126 4.674524 2.222761
v -0.211126 4.432451 2.206049
v -0.211126 4.691236 2.206049
v -0.211126 4.561843 2.206049
v -0.211126 4.415739 2.312809
v -0.211126 4.432451 2.329521
v -0.211126 4.578556 2.346234
v -0.211126 4.561843 2.329521
v -0.211126 4.674524 2.346234
v -0.211126 4.691236 2.329521
vn -0.4345 -0.3447 0.8321
vn -0.4345 -0.8321 -0.3447
vn -0.4345 0.3447 0.8321
vn -0.4345 -0.3447 -0.8321
vn -0.4345 0.3447 -0.8321
vn -0.4345 0.8321 -0.3447
vn -0.4345 0.8321 0.3447
vn -0.4345 -0.8321 0.3447
vn -1.0000 -0.0000 -0.0000
vt 0.486891 0.708660
vt 0.495806 0.699938
vt 0.499047 0.707884
vt 0.495239 0.712171
vt 0.547253 0.660954
vt 0.537997 0.669623
vt 0.534882 0.661546
vt 0.538734 0.657341
vt 0.156502 0.639173
vt 0.144098 0.639308
vt 0.147026 0.630958
vt 0.152758 0.631286
vt 0.135115 0.617708
vt 0.144682 0.608674
vt 0.147882 0.617473
vt 0.143608 0.620959
vt 0.607546 0.708652
vt 0.616365 0.699833
vt 0.620167 0.707807
vt 0.615873 0.711603
vt 0.547261 0.629241
vt 0.539440 0.638316
vt 0.535315 0.630554
vt 0.539456 0.626388
vt 0.135115 0.630495
vt 0.143208 0.626660
vt 0.546976 0.617447
vt 0.538970 0.620508
vt 0.355933 0.669687
vt 0.368038 0.669737
vt 0.364761 0.677580
vt 0.358879 0.677921
vt 0.547253 0.647983
vt 0.539144 0.651795
vt 0.157546 0.609666
vt 0.165367 0.618740
vt 0.157562 0.621593
vt 0.153421 0.617427
vt 0.165082 0.630535
vt 0.157076 0.627474
vt 0.508279 0.699938
vt 0.517001 0.708853
vt 0.509054 0.712094
vt 0.504767 0.708286
vt 0.628837 0.699833
vt 0.625887 0.708160
vt 0.377047 0.678333
vt 0.368596 0.681833
vt 0.526207 0.639376
vt 0.538248 0.639307
vt 0.535293 0.647522
vt 0.529409 0.647171
vt 0.508085 0.730047
vt 0.495613 0.730047
vt 0.499125 0.721699
vt 0.504844 0.722101
vt 0.377047 0.691186
vt 0.368984 0.687372
vt 0.526576 0.639307
vt 0.517009 0.630274
vt 0.525502 0.627023
vt 0.529776 0.630509
vt 0.607546 0.721124
vt 0.615520 0.717323
vt 0.525467 0.669286
vt 0.517009 0.660152
vt 0.524991 0.657108
vt 0.529177 0.661010
vt 0.517001 0.721326
vt 0.508653 0.717814
vt 0.532142 0.654361
vt 0.359250 0.691975
vt 0.355416 0.687722
vt 0.355028 0.682182
vt 0.362006 0.684777
vt 0.622601 0.714888
vt 0.629682 0.712454
vt 0.365133 0.691633
vt 0.534652 0.616696
vt 0.532213 0.623749
vt 0.525102 0.621322
vt 0.528920 0.617023
vt 0.150319 0.624233
vt 0.629329 0.718174
vt 0.625035 0.721969
vt 0.525512 0.651409
vt 0.501946 0.714993
vt 0.494838 0.717891
vt 0.619315 0.721617
vt 0.368079 0.699867
vt 0.355974 0.699818
vt 0.346965 0.691222
vt 0.517009 0.617487
vt 0.525992 0.608674
vt 0.486891 0.721132
vt 0.637656 0.721124
vt 0.628837 0.729943
vt 0.538396 0.608809
vt 0.517318 0.647799
vt 0.346965 0.678368
vt 0.637656 0.708652
vt 0.616365 0.729943
s 0
f 137/103/10 154/104/10 191/105/10 139/106/10
f 116/107/11 170/108/11 177/109/11 199/110/11
f 125/111/11 144/112/11 181/113/11 146/114/11
f 159/115/12 123/116/12 194/117/12 103/118/12
f 130/119/10 156/120/10 153/121/10 151/122/10
f 164/123/13 132/124/13 188/125/13 158/126/13
f 126/127/10 159/115/10 103/118/10 180/128/10
f 131/129/14 164/123/14 158/126/14 155/130/14
f 121/131/10 163/132/10 160/133/10 203/134/10
f 152/135/13 116/107/13 199/110/13 112/136/13
f 143/137/15 124/138/15 104/139/15 105/140/15
f 124/138/14 157/141/14 148/142/14 104/139/14
f 138/143/16 147/144/16 190/145/16 192/146/16
f 156/120/12 127/147/12 201/148/12 153/121/12
f 163/132/12 122/149/12 162/150/12 160/133/12
f 174/151/15 115/152/15 111/153/15 110/154/15
f 150/155/13 136/156/13 193/157/13 169/158/13
f 154/104/12 138/143/12 192/146/12 191/105/12
f 122/149/16 171/159/16 165/160/16 162/150/16
f 145/161/17 133/162/17 195/163/17 187/164/17
f 179/165/17 130/119/17 151/122/17 186/166/17
f 115/152/14 152/135/14 112/136/14 111/153/14
f 117/167/10 149/168/10 173/169/10 175/170/10
f 147/144/15 135/171/15 167/172/15 190/145/15
f 112/136/18 199/110/18 177/109/18 200/173/18
f 109/174/18 106/175/18 107/176/18 204/177/18
f 153/121/18 202/178/18 186/166/18 151/122/18
f 111/153/18 112/136/18 200/173/18 110/154/18
f 201/148/18 182/179/18 202/178/18 153/121/18
f 108/180/18 109/174/18 204/177/18 165/160/18
f 165/160/18 204/177/18 160/133/18 162/150/18
f 114/181/18 197/182/18 189/183/18 113/184/18
f 155/130/18 158/126/18 197/182/18 114/181/18
f 105/140/18 104/139/18 148/142/18 198/185/18
f 182/179/18 183/186/18 184/187/18 202/178/18
f 194/117/18 105/140/18 198/185/18 103/118/18
f 110/154/18 200/173/18 173/169/18 172/188/18
f 190/145/18 196/189/18 191/105/18 192/146/18
f 167/172/18 169/158/18 196/189/18 190/145/18
f 103/118/18 198/185/18 181/113/18 180/128/18
f 158/126/18 188/125/18 187/164/18 197/182/18
f 169/158/18 193/157/18 140/190/18 196/189/18
f 196/189/18 140/190/18 139/106/18 191/105/18
f 197/182/18 187/164/18 195/163/18 189/183/18
f 202/178/18 184/187/18 185/191/18 186/166/18
f 198/185/18 148/142/18 146/114/18 181/113/18
f 204/177/18 107/176/18 203/134/18 160/133/18
f 200/173/18 177/109/18 175/170/18 173/169/18
f 132/124/11 145/161/11 187/164/11 188/125/11
f 157/141/13 125/111/13 146/114/13 148/142/13
f 171/159/15 119/192/15 108/180/15 165/160/15
f 166/193/13 120/194/13 106/175/13 109/174/13
f 168/195/12 134/196/12 113/184/12 189/183/12
f 141/197/17 137/103/17 139/106/17 140/190/17
f 128/198/14 161/199/14 184/187/14 183/186/14
f 119/192/14 166/193/14 109/174/14 108/180/14
f 133/162/10 168/195/10 189/183/10 195/163/10
f 134/196/16 142/200/16 114/181/16 113/184/16
f 118/201/16 174/151/16 110/154/16 172/188/16
f 120/194/11 176/202/11 107/176/11 106/175/11
f 136/156/11 141/197/11 140/190/11 193/157/11
f 170/108/17 117/167/17 175/170/17 177/109/17
f 178/203/15 128/198/15 183/186/15 182/179/15
f 176/202/17 121/131/17 203/134/17 107/176/17
f 142/200/15 131/129/15 155/130/15 114/181/15
f 149/168/12 118/201/12 172/188/12 173/169/12
f 161/199/13 129/204/13 185/191/13 184/187/13
f 123/116/16 143/137/16 105/140/16 194/117/16
f 129/204/11 179/165/11 186/166/11 185/191/11
f 127/147/16 178/203/16 182/179/16 201/148/16
f 144/112/17 126/127/17 180/128/17 181/113/17
f 135/171/14 150/155/14 169/158/14 167/172/14
o Bolts.003
v 0.211031 4.561843 1.134546
v 0.211031 4.578556 1.174893
v 0.211031 4.585478 1.158181
v 0.211031 4.674524 1.051421
v 0.211031 4.667601 1.034708
v 0.211031 4.707948 1.051421
v 0.211031 4.691236 1.058343
v 0.211031 4.456086 1.034708
v 0.211031 4.449163 1.051421
v 0.211031 4.432451 1.058343
v 0.211031 4.707948 1.141469
v 0.211031 4.714871 1.158181
v 0.191631 4.456326 1.058583
v 0.191631 4.408576 1.058583
v 0.191631 4.408576 1.010834
v 0.191631 4.456326 1.010834
v 0.191631 4.715111 1.058583
v 0.191631 4.667361 1.058583
v 0.191631 4.667361 1.010834
v 0.191631 4.715111 1.010834
v 0.191631 4.585718 1.134306
v 0.191631 4.585718 1.182056
v 0.191631 4.537969 1.182056
v 0.191631 4.537969 1.134306
v 0.191631 4.585718 1.010834
v 0.191631 4.585718 1.058583
v 0.191631 4.537969 1.058583
v 0.191631 4.537969 1.010834
v 0.191631 4.715111 1.182056
v 0.191631 4.667361 1.182056
v 0.191631 4.667361 1.134306
v 0.191631 4.715111 1.134306
v 0.191631 4.456326 1.182056
v 0.191631 4.408576 1.182056
v 0.191631 4.408576 1.134306
v 0.191631 4.456326 1.134306
v 0.211031 4.415739 1.141469
v 0.211031 4.408816 1.158181
v 0.191631 4.398687 1.158181
v 0.191631 4.725000 1.158181
v 0.191631 4.595607 1.158181
v 0.191631 4.528080 1.158181
v 0.191631 4.657472 1.158181
v 0.211031 4.545131 1.174893
v 0.191631 4.466215 1.158181
v 0.211031 4.561843 1.181816
v 0.191631 4.432451 1.000945
v 0.191631 4.432451 1.191945
v 0.211031 4.545131 1.017996
v 0.191631 4.432451 1.068472
v 0.211031 4.561843 1.011074
v 0.191631 4.432451 1.124417
v 0.211031 4.707948 1.174893
v 0.191631 4.561843 1.000945
v 0.191631 4.561843 1.191945
v 0.211031 4.691236 1.181816
v 0.191631 4.561843 1.124417
v 0.211031 4.691236 1.011074
v 0.191631 4.561843 1.068472
v 0.211031 4.707948 1.017996
v 0.191631 4.691236 1.000945
v 0.191631 4.691236 1.191945
v 0.211031 4.714871 1.034708
v 0.191631 4.691236 1.068472
v 0.211031 4.449163 1.174893
v 0.191631 4.691236 1.124417
v 0.211031 4.432451 1.181816
v 0.191631 4.398687 1.034708
v 0.191631 4.725000 1.034708
v 0.211031 4.449163 1.017996
v 0.211031 4.432451 1.011074
v 0.191631 4.466215 1.034708
v 0.211031 4.415739 1.017996
v 0.191631 4.657472 1.034708
v 0.211031 4.408816 1.034708
v 0.191631 4.595607 1.034708
v 0.191631 4.528080 1.034708
v 0.211031 4.545131 1.141469
v 0.211031 4.538209 1.158181
v 0.211031 4.585478 1.034708
v 0.211031 4.578556 1.051421
v 0.211031 4.561843 1.058343
v 0.211031 4.545131 1.051421
v 0.211031 4.538209 1.034708
v 0.211031 4.667601 1.158181
v 0.211031 4.674524 1.174893
v 0.211031 4.691236 1.134546
v 0.211031 4.456086 1.158181
v 0.211031 4.432451 1.134546
v 0.211031 4.449163 1.141469
v 0.211031 4.415739 1.174893
v 0.211031 4.578556 1.141469
v 0.211031 4.674524 1.141469
v 0.211031 4.432451 1.158181
v 0.211031 4.691236 1.158181
v 0.211031 4.561843 1.158181
v 0.211031 4.415739 1.051421
v 0.211031 4.432451 1.034708
v 0.211031 4.578556 1.017996
v 0.211031 4.561843 1.034708
v 0.211031 4.674524 1.017996
v 0.211031 4.691236 1.034708
vn 0.4345 -0.3447 -0.8321
vn 0.4345 -0.8321 0.3447
vn 0.4345 0.3447 -0.8321
vn 0.4345 -0.3447 0.8321
vn 0.4345 0.3447 0.8321
vn 0.4345 0.8321 0.3447
vn 0.4345 0.8321 -0.3447
vn 0.4345 -0.8321 -0.3447
vn 1.0000 -0.0000 -0.0000
vt 0.316627 0.708689
vt 0.325542 0.699967
vt 0.328783 0.707914
vt 0.324975 0.712201
vt 0.607756 0.660954
vt 0.598501 0.669623
vt 0.595386 0.661546
vt 0.599238 0.657341
vt 0.186754 0.639173
vt 0.174350 0.639308
vt 0.177278 0.630958
vt 0.183010 0.631286
vt 0.165367 0.617708
vt 0.174934 0.608674
vt 0.178134 0.617473
vt 0.173859 0.620959
vt 0.637656 0.708652
vt 0.646475 0.699833
vt 0.650277 0.707807
vt 0.645983 0.711603
vt 0.577513 0.629241
vt 0.569692 0.638316
vt 0.565567 0.630554
vt 0.569708 0.626388
vt 0.165367 0.630495
vt 0.173460 0.626660
vt 0.577228 0.617447
vt 0.569222 0.620508
vt 0.446603 0.669687
vt 0.458707 0.669737
vt 0.455431 0.677580
vt 0.449548 0.677921
vt 0.607756 0.647983
vt 0.599648 0.651795
vt 0.187798 0.609666
vt 0.195619 0.618740
vt 0.187814 0.621593
vt 0.183673 0.617427
vt 0.195334 0.630535
vt 0.187328 0.627474
vt 0.338015 0.699967
vt 0.346737 0.708883
vt 0.338790 0.712123
vt 0.334503 0.708315
vt 0.658947 0.699833
vt 0.655997 0.708160
vt 0.467716 0.678333
vt 0.459266 0.681833
vt 0.586711 0.639376
vt 0.598752 0.639307
vt 0.595797 0.647522
vt 0.589912 0.647171
vt 0.337821 0.730077
vt 0.325349 0.730077
vt 0.328861 0.721729
vt 0.334580 0.722130
vt 0.467716 0.691186
vt 0.459653 0.687372
vt 0.556828 0.639308
vt 0.547261 0.630274
vt 0.555754 0.627023
vt 0.560028 0.630509
vt 0.637656 0.721124
vt 0.645630 0.717323
vt 0.585970 0.669286
vt 0.577513 0.660152
vt 0.585495 0.657108
vt 0.589681 0.661010
vt 0.346737 0.721355
vt 0.338389 0.717843
vt 0.592646 0.654361
vt 0.449920 0.691975
vt 0.446085 0.687722
vt 0.445698 0.682182
vt 0.452675 0.684777
vt 0.652711 0.714888
vt 0.659792 0.712454
vt 0.455802 0.691633
vt 0.564904 0.616696
vt 0.562465 0.623749
vt 0.555354 0.621322
vt 0.559172 0.617023
vt 0.180571 0.624233
vt 0.659440 0.718174
vt 0.655146 0.721969
vt 0.586016 0.651409
vt 0.331682 0.715022
vt 0.324574 0.717921
vt 0.649426 0.721617
vt 0.458748 0.699867
vt 0.446643 0.699818
vt 0.437635 0.691222
vt 0.547261 0.617487
vt 0.556244 0.608674
vt 0.316627 0.721161
vt 0.667767 0.721124
vt 0.658947 0.729943
vt 0.568648 0.608809
vt 0.577822 0.647799
vt 0.437635 0.678368
vt 0.667767 0.708652
vt 0.646475 0.729943
s 0
f 239/205/19 256/206/19 293/207/19 241/208/19
f 218/209/20 272/210/20 279/211/20 301/212/20
f 227/213/20 246/214/20 283/215/20 248/216/20
f 261/217/21 225/218/21 296/219/21 205/220/21
f 232/221/19 258/222/19 255/223/19 253/224/19
f 266/225/22 234/226/22 290/227/22 260/228/22
f 228/229/19 261/217/19 205/220/19 282/230/19
f 233/231/23 266/225/23 260/228/23 257/232/23
f 223/233/19 265/234/19 262/235/19 305/236/19
f 254/237/22 218/209/22 301/212/22 214/238/22
f 245/239/24 226/240/24 206/241/24 207/242/24
f 226/240/23 259/243/23 250/244/23 206/241/23
f 240/245/25 249/246/25 292/247/25 294/248/25
f 258/222/21 229/249/21 303/250/21 255/223/21
f 265/234/21 224/251/21 264/252/21 262/235/21
f 276/253/24 217/254/24 213/255/24 212/256/24
f 252/257/22 238/258/22 295/259/22 271/260/22
f 256/206/21 240/245/21 294/248/21 293/207/21
f 224/251/25 273/261/25 267/262/25 264/252/25
f 247/263/26 235/264/26 297/265/26 289/266/26
f 281/267/26 232/221/26 253/224/26 288/268/26
f 217/254/23 254/237/23 214/238/23 213/255/23
f 219/269/19 251/270/19 275/271/19 277/272/19
f 249/246/24 237/273/24 269/274/24 292/247/24
f 214/238/27 301/212/27 279/211/27 302/275/27
f 211/276/27 208/277/27 209/278/27 306/279/27
f 255/223/27 304/280/27 288/268/27 253/224/27
f 213/255/27 214/238/27 302/275/27 212/256/27
f 303/250/27 284/281/27 304/280/27 255/223/27
f 210/282/27 211/276/27 306/279/27 267/262/27
f 267/262/27 306/279/27 262/235/27 264/252/27
f 216/283/27 299/284/27 291/285/27 215/286/27
f 257/232/27 260/228/27 299/284/27 216/283/27
f 207/242/27 206/241/27 250/244/27 300/287/27
f 284/281/27 285/288/27 286/289/27 304/280/27
f 296/219/27 207/242/27 300/287/27 205/220/27
f 212/256/27 302/275/27 275/271/27 274/290/27
f 292/247/27 298/291/27 293/207/27 294/248/27
f 269/274/27 271/260/27 298/291/27 292/247/27
f 205/220/27 300/287/27 283/215/27 282/230/27
f 260/228/27 290/227/27 289/266/27 299/284/27
f 271/260/27 295/259/27 242/292/27 298/291/27
f 298/291/27 242/292/27 241/208/27 293/207/27
f 299/284/27 289/266/27 297/265/27 291/285/27
f 304/280/27 286/289/27 287/293/27 288/268/27
f 300/287/27 250/244/27 248/216/27 283/215/27
f 306/279/27 209/278/27 305/236/27 262/235/27
f 302/275/27 279/211/27 277/272/27 275/271/27
f 234/226/20 247/263/20 289/266/20 290/227/20
f 259/243/22 227/213/22 248/216/22 250/244/22
f 273/261/24 221/294/24 210/282/24 267/262/24
f 268/295/22 222/296/22 208/277/22 211/276/22
f 270/297/21 236/298/21 215/286/21 291/285/21
f 243/299/26 239/205/26 241/208/26 242/292/26
f 230/300/23 263/301/23 286/289/23 285/288/23
f 221/294/23 268/295/23 211/276/23 210/282/23
f 235/264/19 270/297/19 291/285/19 297/265/19
f 236/298/25 244/302/25 216/283/25 215/286/25
f 220/303/25 276/253/25 212/256/25 274/290/25
f 222/296/20 278/304/20 209/278/20 208/277/20
f 238/258/20 243/299/20 242/292/20 295/259/20
f 272/210/26 219/269/26 277/272/26 279/211/26
f 280/305/24 230/300/24 285/288/24 284/281/24
f 278/304/26 223/233/26 305/236/26 209/278/26
f 244/302/24 233/231/24 257/232/24 216/283/24
f 251/270/21 220/303/21 274/290/21 275/271/21
f 263/301/22 231/306/22 287/293/22 286/289/22
f 225/218/25 245/239/25 207/242/25 296/219/25
f 231/306/20 281/267/20 288/268/20 287/293/20
f 229/249/25 280/305/25 284/281/25 303/250/25
f 246/214/26 228/229/26 282/230/26 283/215/26
f 237/273/23 252/257/23 271/260/23 269/274/23
o Bolts.004
v 0.211031 4.561843 2.305887
v 0.211032 4.578556 2.346234
v 0.211032 4.585478 2.329521
v 0.211031 4.674524 2.222761
v 0.211031 4.667601 2.206049
v 0.211031 4.707948 2.222761
v 0.211031 4.691236 2.229684
v 0.211031 4.456086 2.206049
v 0.211031 4.449163 2.222761
v 0.211031 4.432451 2.229684
v 0.211032 4.707948 2.312809
v 0.211032 4.714871 2.329521
v 0.191631 4.456326 2.229923
v 0.191631 4.408576 2.229923
v 0.191631 4.408576 2.182174
v 0.191631 4.456326 2.182174
v 0.191631 4.715111 2.229924
v 0.191631 4.667361 2.229923
v 0.191631 4.667361 2.182174
v 0.191631 4.715111 2.182174
v 0.191631 4.585718 2.305647
v 0.191631 4.585718 2.353396
v 0.191631 4.537969 2.353396
v 0.191631 4.537969 2.305647
v 0.191631 4.585718 2.182174
v 0.191631 4.585718 2.229923
v 0.191631 4.537969 2.229924
v 0.191631 4.537969 2.182174
v 0.191631 4.715111 2.353396
v 0.191631 4.667361 2.353396
v 0.191631 4.667361 2.305647
v 0.191631 4.715111 2.305647
v 0.191631 4.456326 2.353396
v 0.191631 4.408576 2.353396
v 0.191631 4.408576 2.305647
v 0.191631 4.456326 2.305647
v 0.211031 4.415739 2.312809
v 0.211031 4.408816 2.329521
v 0.191631 4.398687 2.329521
v 0.191631 4.725000 2.329521
v 0.191631 4.595607 2.329521
v 0.191631 4.528080 2.329521
v 0.191631 4.657472 2.329521
v 0.211032 4.545131 2.346234
v 0.191631 4.466215 2.329521
v 0.211032 4.561843 2.353156
v 0.191631 4.432451 2.172285
v 0.191631 4.432451 2.363285
v 0.211031 4.545131 2.189337
v 0.191631 4.432451 2.239813
v 0.211031 4.561843 2.182414
v 0.191631 4.432451 2.295758
v 0.211032 4.707948 2.346234
v 0.191631 4.561843 2.172285
v 0.191631 4.561843 2.363285
v 0.211032 4.691236 2.353156
v 0.191631 4.561843 2.295758
v 0.211031 4.691236 2.182414
v 0.191631 4.561843 2.239813
v 0.211031 4.707948 2.189337
v 0.191631 4.691236 2.172285
v 0.191631 4.691236 2.363285
v 0.211031 4.714871 2.206049
v 0.191631 4.691236 2.239813
v 0.211031 4.449163 2.346234
v 0.191631 4.691236 2.295758
v 0.211031 4.432451 2.353156
v 0.191631 4.398687 2.206049
v 0.191631 4.725000 2.206049
v 0.211031 4.449163 2.189337
v 0.211031 4.432451 2.182414
v 0.191631 4.466215 2.206049
v 0.211031 4.415739 2.189337
v 0.191631 4.657472 2.206049
v 0.211031 4.408816 2.206049
v 0.191631 4.595607 2.206049
v 0.191631 4.528080 2.206049
v 0.211031 4.545131 2.312809
v 0.211031 4.538209 2.329521
v 0.211031 4.585478 2.206049
v 0.211031 4.578556 2.222761
v 0.211031 4.561843 2.229684
v 0.211031 4.545131 2.222761
v 0.211031 4.538209 2.206049
v 0.211032 4.667601 2.329521
v 0.211032 4.674524 2.346234
v 0.211031 4.691236 2.305887
v 0.211031 4.456086 2.329521
v 0.211031 4.432451 2.305887
v 0.211031 4.449163 2.312809
v 0.211031 4.415739 2.346234
v 0.211031 4.578556 2.312809
v 0.211032 4.674524 2.312809
v 0.211031 4.432451 2.329521
v 0.211032 4.691236 2.329521
v 0.211031 4.561843 2.329521
v 0.211031 4.415739 2.222761
v 0.211031 4.432451 2.206049
v 0.211031 4.578556 2.189337
v 0.211031 4.561843 2.206049
v 0.211031 4.674524 2.189337
v 0.211031 4.691236 2.206049
vn 0.4345 -0.3447 -0.8321
vn 0.4345 -0.8321 0.3447
vn 0.4345 0.3447 -0.8321
vn 0.4345 -0.3447 0.8321
vn 0.4345 0.3447 0.8321
vn 0.4345 0.8321 0.3447
vn 0.4345 0.8321 -0.3447
vn 0.4345 -0.8321 -0.3447
vn 1.0000 -0.0000 -0.0000
vt 0.377293 0.708689
vt 0.386209 0.699967
vt 0.389449 0.707914
vt 0.385641 0.712201
vt 0.577513 0.660954
vt 0.568258 0.669623
vt 0.565143 0.661546
vt 0.568995 0.657341
vt 0.217006 0.639173
vt 0.204602 0.639308
vt 0.207530 0.630958
vt 0.213262 0.631286
vt 0.195619 0.617708
vt 0.205186 0.608674
vt 0.208386 0.617473
vt 0.204111 0.620959
vt 0.667767 0.708652
vt 0.676586 0.699833
vt 0.680387 0.707807
vt 0.676094 0.711603
vt 0.607765 0.629241
vt 0.599944 0.638316
vt 0.595819 0.630554
vt 0.599960 0.626388
vt 0.195619 0.630495
vt 0.203712 0.626660
vt 0.607480 0.617447
vt 0.599474 0.620508
vt 0.022872 0.669691
vt 0.034977 0.669741
vt 0.031700 0.677584
vt 0.025818 0.677925
vt 0.577513 0.647983
vt 0.569405 0.651795
vt 0.218050 0.609666
vt 0.225871 0.618740
vt 0.218066 0.621593
vt 0.213925 0.617427
vt 0.225586 0.630535
vt 0.217580 0.627474
vt 0.398681 0.699967
vt 0.407403 0.708883
vt 0.399456 0.712123
vt 0.395169 0.708315
vt 0.689058 0.699833
vt 0.686107 0.708160
vt 0.043986 0.678337
vt 0.035535 0.681837
vt 0.556468 0.639376
vt 0.568509 0.639307
vt 0.565554 0.647522
vt 0.559669 0.647171
vt 0.398488 0.730077
vt 0.386015 0.730077
vt 0.389527 0.721729
vt 0.395247 0.722130
vt 0.043986 0.691191
vt 0.035923 0.687376
vt 0.587080 0.639308
vt 0.577513 0.630274
vt 0.586005 0.627023
vt 0.590280 0.630509
vt 0.667767 0.721124
vt 0.675741 0.717323
vt 0.555727 0.669286
vt 0.547270 0.660152
vt 0.555252 0.657108
vt 0.559438 0.661010
vt 0.407403 0.721355
vt 0.399055 0.717843
vt 0.562403 0.654361
vt 0.026190 0.691979
vt 0.022355 0.687726
vt 0.021967 0.682187
vt 0.028945 0.684781
vt 0.682822 0.714888
vt 0.689903 0.712454
vt 0.032072 0.691638
vt 0.595156 0.616696
vt 0.592717 0.623749
vt 0.585606 0.621322
vt 0.589424 0.617023
vt 0.210823 0.624233
vt 0.689550 0.718174
vt 0.685256 0.721969
vt 0.555773 0.651409
vt 0.392348 0.715022
vt 0.385240 0.717921
vt 0.679536 0.721617
vt 0.035018 0.699872
vt 0.022913 0.699822
vt 0.013904 0.691226
vt 0.577513 0.617487
vt 0.586496 0.608674
vt 0.377293 0.721161
vt 0.697877 0.721124
vt 0.689058 0.729943
vt 0.598900 0.608809
vt 0.547579 0.647799
vt 0.013904 0.678372
vt 0.697877 0.708652
vt 0.676586 0.729943
s 0
f 341/307/28 358/308/28 395/309/28 343/310/28
f 320/311/29 374/312/29 381/313/29 403/314/29
f 329/315/29 348/316/29 385/317/29 350/318/29
f 363/319/30 327/320/30 398/321/30 307/322/30
f 334/323/28 360/324/28 357/325/28 355/326/28
f 368/327/31 336/328/31 392/329/31 362/330/31
f 330/331/28 363/319/28 307/322/28 384/332/28
f 335/333/32 368/327/32 362/330/32 359/334/32
f 325/335/28 367/336/28 364/337/28 407/338/28
f 356/339/31 320/311/31 403/314/31 316/340/31
f 347/341/33 328/342/33 308/343/33 309/344/33
f 328/342/32 361/345/32 352/346/32 308/343/32
f 342/347/34 351/348/34 394/349/34 396/350/34
f 360/324/30 331/351/30 405/352/30 357/325/30
f 367/336/30 326/353/30 366/354/30 364/337/30
f 378/355/33 319/356/33 315/357/33 314/358/33
f 354/359/31 340/360/31 397/361/31 373/362/31
f 358/308/30 342/347/30 396/350/30 395/309/30
f 326/353/34 375/363/34 369/364/34 366/354/34
f 349/365/35 337/366/35 399/367/35 391/368/35
f 383/369/35 334/323/35 355/326/35 390/370/35
f 319/356/32 356/339/32 316/340/32 315/357/32
f 321/371/28 353/372/28 377/373/28 379/374/28
f 351/348/33 339/375/33 371/376/33 394/349/33
f 316/340/36 403/314/36 381/313/36 404/377/36
f 313/378/36 310/379/36 311/380/36 408/381/36
f 357/325/36 406/382/36 390/370/36 355/326/36
f 315/357/36 316/340/36 404/377/36 314/358/36
f 405/352/36 386/383/36 406/382/36 357/325/36
f 312/384/36 313/378/36 408/381/36 369/364/36
f 369/364/36 408/381/36 364/337/36 366/354/36
f 318/385/36 401/386/36 393/387/36 317/388/36
f 359/334/36 362/330/36 401/386/36 318/385/36
f 309/344/36 308/343/36 352/346/36 402/389/36
f 386/383/36 387/390/36 388/391/36 406/382/36
f 398/321/36 309/344/36 402/389/36 307/322/36
f 314/358/36 404/377/36 377/373/36 376/392/36
f 394/349/36 400/393/36 395/309/36 396/350/36
f 371/376/36 373/362/36 400/393/36 394/349/36
f 307/322/36 402/389/36 385/317/36 384/332/36
f 362/330/36 392/329/36 391/368/36 401/386/36
f 373/362/36 397/361/36 344/394/36 400/393/36
f 400/393/36 344/394/36 343/310/36 395/309/36
f 401/386/36 391/368/36 399/367/36 393/387/36
f 406/382/36 388/391/36 389/395/36 390/370/36
f 402/389/36 352/346/36 350/318/36 385/317/36
f 408/381/36 311/380/36 407/338/36 364/337/36
f 404/377/36 381/313/36 379/374/36 377/373/36
f 336/328/29 349/365/29 391/368/29 392/329/29
f 361/345/31 329/315/31 350/318/31 352/346/31
f 375/363/33 323/396/33 312/384/33 369/364/33
f 370/397/31 324/398/31 310/379/31 313/378/31
f 372/399/30 338/400/30 317/388/30 393/387/30
f 345/401/35 341/307/35 343/310/35 344/394/35
f 332/402/32 365/403/32 388/391/32 387/390/32
f 323/396/32 370/397/32 313/378/32 312/384/32
f 337/366/28 372/399/28 393/387/28 399/367/28
f 338/400/34 346/404/34 318/385/34 317/388/34
f 322/405/34 378/355/34 314/358/34 376/392/34
f 324/398/29 380/406/29 311/380/29 310/379/29
f 340/360/29 345/401/29 344/394/29 397/361/29
f 374/312/35 321/371/35 379/374/35 381/313/35
f 382/407/33 332/402/33 387/390/33 386/383/33
f 380/406/35 325/335/35 407/338/35 311/380/35
f 346/404/33 335/333/33 359/334/33 318/385/33
f 353/372/30 322/405/30 376/392/30 377/373/30
f 365/403/31 333/408/31 389/395/31 388/391/31
f 327/320/34 347/341/34 309/344/34 398/321/34
f 333/408/29 383/369/29 390/370/29 389/395/29
f 331/351/34 382/407/34 386/383/34 405/352/34
f 348/316/35 330/331/35 384/332/35 385/317/35
f 339/375/32 354/359/32 373/362/32 371/376/32
o Bolts.005
v 0.246544 4.599945 3.108564
v 0.246544 4.640292 3.091852
v 0.246544 4.623580 3.084930
v 0.246544 4.516819 2.995884
v 0.246544 4.500107 3.002807
v 0.246544 4.516819 2.962460
v 0.246544 4.523742 2.979172
v 0.246544 4.500107 3.214322
v 0.246544 4.516819 3.221245
v 0.246544 4.523742 3.237957
v 0.246544 4.606868 2.962460
v 0.246544 4.623580 2.955537
v 0.227143 4.523982 3.214082
v 0.227143 4.523982 3.261832
v 0.227143 4.476233 3.261832
v 0.227143 4.476233 3.214082
v 0.227143 4.523982 2.955297
v 0.227143 4.523982 3.003047
v 0.227143 4.476233 3.003047
v 0.227143 4.476233 2.955297
v 0.227143 4.599705 3.084690
v 0.227143 4.647454 3.084690
v 0.227143 4.647454 3.132439
v 0.227143 4.599705 3.132439
v 0.227143 4.476233 3.084690
v 0.227143 4.523982 3.084690
v 0.227143 4.523982 3.132439
v 0.227143 4.476233 3.132439
v 0.227143 4.647454 2.955297
v 0.227143 4.647454 3.003047
v 0.227143 4.599705 3.003047
v 0.227143 4.599705 2.955297
v 0.227143 4.647454 3.214082
v 0.227143 4.647454 3.261832
v 0.227143 4.599705 3.261832
v 0.227143 4.599705 3.214082
v 0.246544 4.606867 3.254669
v 0.246544 4.623580 3.261592
v 0.227143 4.623580 3.271721
v 0.227143 4.623580 2.945408
v 0.227143 4.623580 3.074801
v 0.227143 4.623580 3.142328
v 0.227143 4.623580 3.012936
v 0.246544 4.640292 3.125277
v 0.227143 4.623580 3.204193
v 0.246544 4.647214 3.108564
v 0.227143 4.466343 3.237957
v 0.227143 4.657343 3.237957
v 0.246544 4.483395 3.125277
v 0.227143 4.533871 3.237957
v 0.246544 4.476472 3.108564
v 0.227143 4.589816 3.237957
v 0.246544 4.640292 2.962460
v 0.227143 4.466343 3.108564
v 0.227143 4.657344 3.108564
v 0.246544 4.647214 2.979172
v 0.227143 4.589816 3.108564
v 0.246544 4.476472 2.979172
v 0.227143 4.533871 3.108564
v 0.246544 4.483395 2.962460
v 0.227143 4.466343 2.979172
v 0.227143 4.657344 2.979172
v 0.246544 4.500107 2.955537
v 0.227143 4.533871 2.979172
v 0.246544 4.640292 3.221245
v 0.227143 4.589816 2.979172
v 0.246544 4.647214 3.237957
v 0.227143 4.500107 3.271721
v 0.227143 4.500107 2.945408
v 0.246544 4.483395 3.221245
v 0.246544 4.476472 3.237957
v 0.227143 4.500107 3.204193
v 0.246544 4.483395 3.254669
v 0.227143 4.500107 3.012936
v 0.246544 4.500107 3.261592
v 0.227143 4.500107 3.074801
v 0.227143 4.500107 3.142328
v 0.246544 4.606867 3.125277
v 0.246544 4.623580 3.132199
v 0.246544 4.500107 3.084930
v 0.246544 4.516819 3.091852
v 0.246544 4.523742 3.108564
v 0.246544 4.516819 3.125277
v 0.246544 4.500107 3.132199
v 0.246544 4.623580 3.002807
v 0.246544 4.640292 2.995884
v 0.246544 4.599945 2.979172
v 0.246544 4.623580 3.214322
v 0.246544 4.599945 3.237957
v 0.246544 4.606867 3.221245
v 0.246544 4.640292 3.254669
v 0.246544 4.606867 3.091852
v 0.246544 4.606868 2.995884
v 0.246544 4.623580 3.237957
v 0.246544 4.623580 2.979172
v 0.246544 4.623580 3.108564
v 0.246544 4.516819 3.254669
v 0.246544 4.500107 3.237957
v 0.246544 4.483395 3.091852
v 0.246544 4.500107 3.108564
v 0.246544 4.483395 2.995884
v 0.246544 4.500107 2.979172
vn 0.4345 -0.8321 0.3447
vn 0.4345 0.3447 0.8321
vn 0.4345 -0.8321 -0.3447
vn 0.4345 0.8321 0.3447
vn 0.4344 -0.8321 0.3447
vn 0.4345 0.8321 -0.3447
vn 0.4345 0.3447 -0.8321
vn 0.4345 -0.3447 -0.8321
vn 0.4344 -0.8321 -0.3447
vn 0.4345 -0.3447 0.8321
vn 1.0000 -0.0000 -0.0000
vt 0.256265 0.708778
vt 0.265181 0.700056
vt 0.268421 0.708003
vt 0.264613 0.712290
vt 0.638008 0.660954
vt 0.628753 0.669623
vt 0.625638 0.661546
vt 0.629490 0.657341
vt 0.247258 0.639173
vt 0.234854 0.639308
vt 0.237782 0.630958
vt 0.243514 0.631286
vt 0.225871 0.617708
vt 0.235438 0.608674
vt 0.238638 0.617473
vt 0.234363 0.620959
vt 0.346965 0.708686
vt 0.355784 0.699867
vt 0.359586 0.707842
vt 0.355292 0.711637
vt 0.638017 0.629241
vt 0.630196 0.638316
vt 0.626071 0.630554
vt 0.630212 0.626388
vt 0.225871 0.630495
vt 0.233964 0.626660
vt 0.637732 0.617447
vt 0.629726 0.620508
vt 0.053115 0.669691
vt 0.065220 0.669741
vt 0.061944 0.677584
vt 0.056061 0.677925
vt 0.638008 0.647983
vt 0.629900 0.651795
vt 0.248302 0.609666
vt 0.256123 0.618740
vt 0.248318 0.621593
vt 0.244177 0.617427
vt 0.255838 0.630535
vt 0.247831 0.627474
vt 0.277653 0.700056
vt 0.286375 0.708972
vt 0.278428 0.712213
vt 0.274141 0.708405
vt 0.368256 0.699867
vt 0.365306 0.708194
vt 0.074229 0.678337
vt 0.065779 0.681837
vt 0.616963 0.639376
vt 0.629004 0.639307
vt 0.626049 0.647522
vt 0.620164 0.647171
vt 0.277459 0.730166
vt 0.264987 0.730166
vt 0.268499 0.721818
vt 0.274219 0.722220
vt 0.074229 0.691191
vt 0.066166 0.687376
vt 0.617332 0.639307
vt 0.607765 0.630274
vt 0.616257 0.627023
vt 0.620532 0.630509
vt 0.346965 0.721159
vt 0.354939 0.717357
vt 0.616222 0.669286
vt 0.607765 0.660152
vt 0.615747 0.657108
vt 0.619933 0.661010
vt 0.286375 0.721444
vt 0.278027 0.717933
vt 0.622898 0.654361
vt 0.056433 0.691979
vt 0.052598 0.687726
vt 0.052211 0.682187
vt 0.059188 0.684781
vt 0.362020 0.714923
vt 0.369101 0.712488
vt 0.062315 0.691638
vt 0.625408 0.616696
vt 0.622969 0.623749
vt 0.615858 0.621322
vt 0.619676 0.617023
vt 0.241074 0.624233
vt 0.368748 0.718208
vt 0.364455 0.722003
vt 0.616268 0.651409
vt 0.271320 0.715111
vt 0.264212 0.718010
vt 0.358735 0.721651
vt 0.065261 0.699872
vt 0.053156 0.699822
vt 0.044147 0.691226
vt 0.607765 0.617487
vt 0.616748 0.608674
vt 0.256265 0.721251
vt 0.377075 0.721159
vt 0.368256 0.729978
vt 0.629152 0.608809
vt 0.608074 0.647799
vt 0.044147 0.678372
vt 0.377075 0.708686
vt 0.355784 0.729978
s 0
f 443/409/37 460/410/37 497/411/37 445/412/37
f 422/413/38 476/414/38 483/415/38 505/416/38
f 431/417/38 450/418/38 487/419/38 452/420/38
f 465/421/39 429/422/39 500/423/39 409/424/39
f 436/425/37 462/426/37 459/427/37 457/428/37
f 470/429/40 438/430/40 494/431/40 464/432/40
f 432/433/41 465/421/41 409/424/41 486/434/41
f 437/435/42 470/429/42 464/432/42 461/436/42
f 427/437/37 469/438/37 466/439/37 509/440/37
f 458/441/40 422/413/40 505/416/40 418/442/40
f 449/443/43 430/444/43 410/445/43 411/446/43
f 430/444/42 463/447/42 454/448/42 410/445/42
f 444/449/44 453/450/44 496/451/44 498/452/44
f 462/426/39 433/453/39 507/454/39 459/427/39
f 469/438/39 428/455/39 468/456/39 466/439/39
f 480/457/43 421/458/43 417/459/43 416/460/43
f 456/461/40 442/462/40 499/463/40 475/464/40
f 460/410/45 444/449/45 498/452/45 497/411/45
f 428/455/44 477/465/44 471/466/44 468/456/44
f 451/467/46 439/468/46 501/469/46 493/470/46
f 485/471/46 436/425/46 457/428/46 492/472/46
f 421/458/42 458/441/42 418/442/42 417/459/42
f 423/473/37 455/474/37 479/475/37 481/476/37
f 453/450/43 441/477/43 473/478/43 496/451/43
f 418/442/47 505/416/47 483/415/47 506/479/47
f 415/480/47 412/481/47 413/482/47 510/483/47
f 459/427/47 508/484/47 492/472/47 457/428/47
f 417/459/47 418/442/47 506/479/47 416/460/47
f 507/454/47 488/485/47 508/484/47 459/427/47
f 414/486/47 415/480/47 510/483/47 471/466/47
f 471/466/47 510/483/47 466/439/47 468/456/47
f 420/487/47 503/488/47 495/489/47 419/490/47
f 461/436/47 464/432/47 503/488/47 420/487/47
f 411/446/47 410/445/47 454/448/47 504/491/47
f 488/485/47 489/492/47 490/493/47 508/484/47
f 500/423/47 411/446/47 504/491/47 409/424/47
f 416/460/47 506/479/47 479/475/47 478/494/47
f 496/451/47 502/495/47 497/411/47 498/452/47
f 473/478/47 475/464/47 502/495/47 496/451/47
f 409/424/47 504/491/47 487/419/47 486/434/47
f 464/432/47 494/431/47 493/470/47 503/488/47
f 475/464/47 499/463/47 446/496/47 502/495/47
f 502/495/47 446/496/47 445/412/47 497/411/47
f 503/488/47 493/470/47 501/469/47 495/489/47
f 508/484/47 490/493/47 491/497/47 492/472/47
f 504/491/47 454/448/47 452/420/47 487/419/47
f 510/483/47 413/482/47 509/440/47 466/439/47
f 506/479/47 483/415/47 481/476/47 479/475/47
f 438/430/38 451/467/38 493/470/38 494/431/38
f 463/447/40 431/417/40 452/420/40 454/448/40
f 477/465/43 425/498/43 414/486/43 471/466/43
f 472/499/40 426/500/40 412/481/40 415/480/40
f 474/501/39 440/502/39 419/490/39 495/489/39
f 447/503/46 443/409/46 445/412/46 446/496/46
f 434/504/42 467/505/42 490/493/42 489/492/42
f 425/498/42 472/499/42 415/480/42 414/486/42
f 439/468/37 474/501/37 495/489/37 501/469/37
f 440/502/44 448/506/44 420/487/44 419/490/44
f 424/507/44 480/457/44 416/460/44 478/494/44
f 426/500/38 482/508/38 413/482/38 412/481/38
f 442/462/38 447/503/38 446/496/38 499/463/38
f 476/414/46 423/473/46 481/476/46 483/415/46
f 484/509/43 434/504/43 489/492/43 488/485/43
f 482/508/46 427/437/46 509/440/46 413/482/46
f 448/506/43 437/435/43 461/436/43 420/487/43
f 455/474/39 424/507/39 478/494/39 479/475/39
f 467/505/40 435/510/40 491/497/40 490/493/40
f 429/422/44 449/443/44 411/446/44 500/423/44
f 435/510/38 485/471/38 492/472/38 491/497/38
f 433/453/44 484/509/44 488/485/44 507/454/44
f 450/418/46 432/433/46 486/434/46 487/419/46
f 441/477/42 456/461/42 475/464/42 473/478/42
o Bolts.006
v 0.246544 4.340879 3.335807
v 0.246544 4.362179 3.297682
v 0.246544 4.344774 3.302610
v 0.246544 4.205801 3.298919
v 0.246544 4.196979 3.314710
v 0.246544 4.185082 3.272691
v 0.246544 4.200873 3.281514
v 0.246544 4.328098 3.480683
v 0.246544 4.345503 3.475755
v 0.246544 4.361294 3.484577
v 0.246544 4.255741 3.216870
v 0.246544 4.264563 3.201078
v 0.227143 4.346683 3.465695
v 0.227143 4.376283 3.503163
v 0.227143 4.338815 3.532763
v 0.227143 4.309215 3.495295
v 0.227143 4.186262 3.262631
v 0.227143 4.215862 3.300099
v 0.227143 4.178394 3.329699
v 0.227143 4.148794 3.292231
v 0.227143 4.325891 3.317222
v 0.227143 4.363359 3.287622
v 0.227143 4.392959 3.325090
v 0.227143 4.355491 3.354690
v 0.227143 4.229004 3.393763
v 0.227143 4.266472 3.364163
v 0.227143 4.296072 3.401631
v 0.227143 4.258604 3.431231
v 0.227143 4.283149 3.186090
v 0.227143 4.312748 3.223558
v 0.227143 4.275280 3.253158
v 0.227143 4.245680 3.215690
v 0.227143 4.443570 3.389154
v 0.227143 4.473169 3.426622
v 0.227143 4.435701 3.456222
v 0.227143 4.406101 3.418754
v 0.246544 4.436882 3.446162
v 0.246544 4.454287 3.441234
v 0.227143 4.460566 3.449182
v 0.227143 4.258284 3.193130
v 0.227143 4.338495 3.294662
v 0.227143 4.380355 3.347650
v 0.227143 4.300145 3.246118
v 0.246544 4.382899 3.323910
v 0.227143 4.418705 3.396194
v 0.246544 4.377971 3.306505
v 0.227143 4.316255 3.520159
v 0.227143 4.466129 3.401758
v 0.246544 4.259785 3.421170
v 0.227143 4.369243 3.478298
v 0.246544 4.243992 3.412348
v 0.227143 4.413141 3.443618
v 0.246544 4.281968 3.196150
v 0.227143 4.236044 3.418627
v 0.227143 4.385919 3.300226
v 0.246544 4.297760 3.204973
v 0.227143 4.332931 3.342086
v 0.246544 4.163782 3.310816
v 0.227143 4.289032 3.376766
v 0.246544 4.158854 3.293411
v 0.227143 4.155834 3.317095
v 0.227143 4.305708 3.198694
v 0.246544 4.167677 3.277619
v 0.227143 4.208822 3.275235
v 0.246544 4.442389 3.399214
v 0.227143 4.252720 3.240554
v 0.246544 4.458181 3.408037
v 0.227143 4.363679 3.525723
v 0.227143 4.161397 3.269671
v 0.246544 4.319275 3.496475
v 0.246544 4.324203 3.513880
v 0.227143 4.321818 3.472735
v 0.246544 4.339995 3.522702
v 0.227143 4.203258 3.322659
v 0.246544 4.357400 3.517774
v 0.227143 4.241608 3.371203
v 0.227143 4.283469 3.424191
v 0.246544 4.356671 3.344630
v 0.246544 4.374076 3.339702
v 0.246544 4.247887 3.379151
v 0.246544 4.265292 3.374223
v 0.246544 4.281084 3.383046
v 0.246544 4.286012 3.400451
v 0.246544 4.277190 3.416242
v 0.246544 4.293866 3.238170
v 0.246544 4.302688 3.222378
v 0.246544 4.260669 3.234275
v 0.246544 4.424984 3.404142
v 0.246544 4.421090 3.437339
v 0.246544 4.416162 3.419934
v 0.246544 4.463109 3.425442
v 0.246544 4.335951 3.318402
v 0.246544 4.276461 3.243098
v 0.246544 4.439635 3.422688
v 0.246544 4.279214 3.219624
v 0.246544 4.359425 3.321156
v 0.246544 4.366222 3.501982
v 0.246544 4.342749 3.499229
v 0.246544 4.239065 3.394943
v 0.246544 4.262538 3.397697
v 0.246544 4.179574 3.319638
v 0.246544 4.182328 3.296165
vn 0.4345 -0.4393 0.7863
vn 0.4345 0.7863 0.4393
vn 0.4344 -0.8666 0.2454
vn 0.4345 0.8666 -0.2454
vn 0.4345 0.4393 -0.7863
vn 0.4345 -0.2454 -0.8666
vn 0.4344 0.4393 -0.7863
vn 0.4345 -0.7863 -0.4393
vn 0.4345 -0.8666 0.2454
vn 0.4345 0.2454 0.8666
vn 1.0000 -0.0000 -0.0000
vn 0.4344 0.8666 -0.2454
vn 0.4344 -0.7863 -0.4393
vn 0.4344 0.2454 0.8666
vt 0.286375 0.708791
vt 0.295290 0.700069
vt 0.298531 0.708016
vt 0.294723 0.712303
vt 0.668260 0.660954
vt 0.659005 0.669623
vt 0.655890 0.661546
vt 0.659742 0.657341
vt 0.277510 0.639173
vt 0.265106 0.639308
vt 0.268033 0.630958
vt 0.273766 0.631286
vt 0.256123 0.617708
vt 0.265690 0.608674
vt 0.268890 0.617473
vt 0.264615 0.620959
vt 0.437635 0.708686
vt 0.446454 0.699867
vt 0.450255 0.707842
vt 0.445961 0.711637
vt 0.668269 0.629241
vt 0.660448 0.638316
vt 0.656323 0.630554
vt 0.660464 0.626388
vt 0.256123 0.630495
vt 0.264216 0.626660
vt 0.667984 0.617447
vt 0.659977 0.620508
vt 0.083359 0.669691
vt 0.095463 0.669741
vt 0.092187 0.677584
vt 0.086304 0.677925
vt 0.668260 0.647983
vt 0.660152 0.651795
vt 0.278554 0.609666
vt 0.286375 0.618740
vt 0.278570 0.621593
vt 0.274429 0.617427
vt 0.286090 0.630535
vt 0.278083 0.627474
vt 0.307763 0.700069
vt 0.316485 0.708985
vt 0.308538 0.712225
vt 0.304251 0.708417
vt 0.458926 0.699867
vt 0.455975 0.708194
vt 0.104472 0.678337
vt 0.096022 0.681837
vt 0.647215 0.639376
vt 0.659256 0.639307
vt 0.656301 0.647522
vt 0.650416 0.647171
vt 0.307569 0.730179
vt 0.295097 0.730179
vt 0.298609 0.721831
vt 0.304329 0.722232
vt 0.104472 0.691191
vt 0.096409 0.687376
vt 0.647583 0.639307
vt 0.638017 0.630274
vt 0.646509 0.627023
vt 0.650784 0.630509
vt 0.437635 0.721159
vt 0.445609 0.717357
vt 0.646474 0.669286
vt 0.638017 0.660152
vt 0.645998 0.657108
vt 0.650185 0.661010
vt 0.316485 0.721457
vt 0.308137 0.717945
vt 0.653150 0.654361
vt 0.086676 0.691979
vt 0.082841 0.687726
vt 0.082454 0.682187
vt 0.089431 0.684781
vt 0.452690 0.714923
vt 0.459771 0.712488
vt 0.092558 0.691638
vt 0.655660 0.616696
vt 0.653220 0.623749
vt 0.646110 0.621322
vt 0.649927 0.617023
vt 0.271326 0.624233
vt 0.459418 0.718208
vt 0.455124 0.722003
vt 0.646520 0.651409
vt 0.301430 0.715124
vt 0.294322 0.718023
vt 0.449404 0.721651
vt 0.095504 0.699872
vt 0.083399 0.699822
vt 0.074391 0.691226
vt 0.638017 0.617487
vt 0.647000 0.608674
vt 0.286375 0.721263
vt 0.467745 0.721159
vt 0.458926 0.729978
vt 0.659404 0.608809
vt 0.638326 0.647799
vt 0.074391 0.678372
vt 0.467745 0.708686
vt 0.446454 0.729978
s 0
f 545/511/48 562/512/48 599/513/48 547/514/48
f 524/515/49 578/516/49 585/517/49 607/518/49
f 533/519/49 552/520/49 589/521/49 554/522/49
f 567/523/50 531/524/50 602/525/50 511/526/50
f 538/527/48 564/528/48 561/529/48 559/530/48
f 572/531/51 540/532/51 596/533/51 566/534/51
f 534/535/48 567/523/48 511/526/48 588/536/48
f 539/537/52 572/531/52 566/534/52 563/538/52
f 529/539/48 571/540/48 568/541/48 611/542/48
f 560/543/51 524/515/51 607/518/51 520/544/51
f 551/545/53 532/546/53 512/547/53 513/548/53
f 532/546/54 565/549/54 556/550/54 512/547/54
f 546/551/55 555/552/55 598/553/55 600/554/55
f 564/528/56 535/555/56 609/556/56 561/529/56
f 571/540/56 530/557/56 570/558/56 568/541/56
f 582/559/53 523/560/53 519/561/53 518/562/53
f 558/563/51 544/564/51 601/565/51 577/566/51
f 562/512/56 546/551/56 600/554/56 599/513/56
f 530/557/55 579/567/55 573/568/55 570/558/55
f 553/569/57 541/570/57 603/571/57 595/572/57
f 587/573/57 538/527/57 559/530/57 594/574/57
f 523/560/52 560/543/52 520/544/52 519/561/52
f 525/575/48 557/576/48 581/577/48 583/578/48
f 555/552/53 543/579/53 575/580/53 598/553/53
f 520/544/58 607/518/58 585/517/58 608/581/58
f 517/582/58 514/583/58 515/584/58 612/585/58
f 561/529/58 610/586/58 594/574/58 559/530/58
f 519/561/58 520/544/58 608/581/58 518/562/58
f 609/556/58 590/587/58 610/586/58 561/529/58
f 516/588/58 517/582/58 612/585/58 573/568/58
f 573/568/58 612/585/58 568/541/58 570/558/58
f 522/589/58 605/590/58 597/591/58 521/592/58
f 563/538/58 566/534/58 605/590/58 522/589/58
f 513/548/58 512/547/58 556/550/58 606/593/58
f 590/587/58 591/594/58 592/595/58 610/586/58
f 602/525/58 513/548/58 606/593/58 511/526/58
f 518/562/58 608/581/58 581/577/58 580/596/58
f 598/553/58 604/597/58 599/513/58 600/554/58
f 575/580/58 577/566/58 604/597/58 598/553/58
f 511/526/58 606/593/58 589/521/58 588/536/58
f 566/534/58 596/533/58 595/572/58 605/590/58
f 577/566/58 601/565/58 548/598/58 604/597/58
f 604/597/58 548/598/58 547/514/58 599/513/58
f 605/590/58 595/572/58 603/571/58 597/591/58
f 610/586/58 592/595/58 593/599/58 594/574/58
f 606/593/58 556/550/58 554/522/58 589/521/58
f 612/585/58 515/584/58 611/542/58 568/541/58
f 608/581/58 585/517/58 583/578/58 581/577/58
f 540/532/49 553/569/49 595/572/49 596/533/49
f 565/549/59 533/519/59 554/522/59 556/550/59
f 579/567/53 527/600/53 516/588/53 573/568/53
f 574/601/51 528/602/51 514/583/51 517/582/51
f 576/603/56 542/604/56 521/592/56 597/591/56
f 549/605/57 545/511/57 547/514/57 548/598/57
f 536/606/52 569/607/52 592/595/52 591/594/52
f 527/600/52 574/601/52 517/582/52 516/588/52
f 541/570/48 576/603/48 597/591/48 603/571/48
f 542/604/55 550/608/55 522/589/55 521/592/55
f 526/609/55 582/559/55 518/562/55 580/596/55
f 528/602/49 584/610/49 515/584/49 514/583/49
f 544/564/49 549/605/49 548/598/49 601/565/49
f 578/516/57 525/575/57 583/578/57 585/517/57
f 586/611/53 536/606/53 591/594/53 590/587/53
f 584/610/57 529/539/57 611/542/57 515/584/57
f 550/608/53 539/537/53 563/538/53 522/589/53
f 557/576/50 526/609/50 580/596/50 581/577/50
f 569/607/51 537/612/51 593/599/51 592/595/51
f 531/524/55 551/545/55 513/548/55 602/525/55
f 537/612/49 587/573/49 594/574/49 593/599/49
f 535/555/60 586/611/60 590/587/60 609/556/60
f 552/520/61 534/535/61 588/536/61 589/521/61
f 543/579/52 558/563/52 577/566/52 575/580/52
o Bolts.007
v -0.249421 4.340879 3.335807
v -0.249422 4.362179 3.297682
v -0.249422 4.344774 3.302610
v -0.249422 4.205801 3.298919
v -0.249421 4.196979 3.314710
v -0.249422 4.185082 3.272691
v -0.249422 4.200873 3.281514
v -0.249421 4.328098 3.480683
v -0.249421 4.345503 3.475755
v -0.249421 4.361294 3.484577
v -0.249422 4.255741 3.216870
v -0.249422 4.264563 3.201078
v -0.230021 4.346683 3.465695
v -0.230021 4.376283 3.503163
v -0.230021 4.338815 3.532763
v -0.230021 4.309215 3.495295
v -0.230021 4.186262 3.262631
v -0.230021 4.215862 3.300099
v -0.230021 4.178394 3.329699
v -0.230021 4.148794 3.292231
v -0.230021 4.325891 3.317222
v -0.230021 4.363359 3.287622
v -0.230021 4.392959 3.325090
v -0.230021 4.355491 3.354690
v -0.230021 4.229004 3.393763
v -0.230021 4.266472 3.364163
v -0.230021 4.296072 3.401631
v -0.230021 4.258604 3.431231
v -0.230021 4.283149 3.186090
v -0.230021 4.312748 3.223558
v -0.230021 4.275280 3.253158
v -0.230021 4.245680 3.215690
v -0.230021 4.443570 3.389154
v -0.230021 4.473169 3.426622
v -0.230021 4.435701 3.456222
v -0.230021 4.406101 3.418754
v -0.249421 4.436882 3.446162
v -0.249421 4.454287 3.441234
v -0.230021 4.460566 3.449182
v -0.230021 4.258284 3.193130
v -0.230021 4.338495 3.294662
v -0.230021 4.380355 3.347650
v -0.230021 4.300145 3.246118
v -0.249421 4.382899 3.323910
v -0.230021 4.418705 3.396194
v -0.249421 4.377971 3.306505
v -0.230021 4.316255 3.520159
v -0.230021 4.466129 3.401758
v -0.249421 4.259785 3.421170
v -0.230021 4.369243 3.478298
v -0.249421 4.243992 3.412348
v -0.230021 4.413141 3.443618
v -0.249422 4.281968 3.196150
v -0.230021 4.236044 3.418627
v -0.230021 4.385919 3.300226
v -0.249422 4.297760 3.204973
v -0.230021 4.332931 3.342086
v -0.249421 4.163782 3.310816
v -0.230021 4.289032 3.376766
v -0.249422 4.158854 3.293411
v -0.230021 4.155834 3.317095
v -0.230021 4.305708 3.198694
v -0.249422 4.167677 3.277619
v -0.230021 4.208822 3.275235
v -0.249421 4.442389 3.399214
v -0.230021 4.252720 3.240554
v -0.249421 4.458181 3.408037
v -0.230021 4.363679 3.525723
v -0.230021 4.161397 3.269671
v -0.249421 4.319275 3.496475
v -0.249421 4.324203 3.513880
v -0.230021 4.321818 3.472735
v -0.249421 4.339995 3.522702
v -0.230021 4.203258 3.322659
v -0.249421 4.357400 3.517774
v -0.230021 4.241608 3.371203
v -0.230021 4.283469 3.424191
v -0.249421 4.356671 3.344630
v -0.249421 4.374076 3.339702
v -0.249421 4.247887 3.379151
v -0.249421 4.265292 3.374223
v -0.249421 4.281084 3.383046
v -0.249421 4.286012 3.400451
v -0.249421 4.277190 3.416242
v -0.249422 4.293866 3.238170
v -0.249422 4.302688 3.222378
v -0.249422 4.260669 3.234275
v -0.249421 4.424984 3.404142
v -0.249421 4.421090 3.437339
v -0.249421 4.416162 3.419934
v -0.249421 4.463109 3.425442
v -0.249421 4.335951 3.318402
v -0.249422 4.276461 3.243098
v -0.249421 4.439635 3.422688
v -0.249422 4.279214 3.219624
v -0.249421 4.359425 3.321156
v -0.249421 4.366222 3.501982
v -0.249421 4.342749 3.499229
v -0.249421 4.239065 3.394943
v -0.249421 4.262538 3.397697
v -0.249421 4.179574 3.319638
v -0.249422 4.182328 3.296165
vn -0.4345 -0.4393 0.7863
vn -0.4345 0.7863 0.4393
vn -0.4345 -0.8666 0.2454
vn -0.4345 0.8666 -0.2454
vn -0.4345 0.4393 -0.7863
vn -0.4345 -0.2454 -0.8666
vn -0.4345 -0.7863 -0.4393
vn -0.4345 0.2454 0.8666
vn -1.0000 -0.0000 -0.0000
vn -0.4344 0.8666 -0.2454
vn -0.4344 0.2454 0.8666
vt 0.195619 0.708829
vt 0.203967 0.712341
vt 0.207775 0.708054
vt 0.204535 0.700107
vt 0.044147 0.661022
vt 0.035629 0.657410
vt 0.031777 0.661614
vt 0.034892 0.669691
vt 0.307761 0.639173
vt 0.304017 0.631286
vt 0.298285 0.630958
vt 0.295357 0.639308
vt 0.286375 0.617708
vt 0.294867 0.620959
vt 0.299142 0.617473
vt 0.295941 0.608674
vt 0.013904 0.708691
vt 0.022231 0.711641
vt 0.026525 0.707846
vt 0.022723 0.699872
vt 0.135115 0.659875
vt 0.127310 0.657022
vt 0.123169 0.661188
vt 0.127294 0.668949
vt 0.286375 0.630495
vt 0.294468 0.626660
vt 0.134830 0.648080
vt 0.126824 0.651141
vt 0.325595 0.669787
vt 0.328541 0.678021
vt 0.334423 0.677680
vt 0.337700 0.669837
vt 0.044147 0.648052
vt 0.036039 0.651864
vt 0.308806 0.609666
vt 0.304680 0.617427
vt 0.308822 0.621593
vt 0.316627 0.618740
vt 0.308335 0.627474
vt 0.316342 0.630535
vt 0.217007 0.700107
vt 0.213495 0.708455
vt 0.217782 0.712263
vt 0.225729 0.709023
vt 0.032245 0.708198
vt 0.035195 0.699872
vt 0.338258 0.681933
vt 0.346709 0.678433
vt 0.023102 0.639445
vt 0.026303 0.647240
vt 0.032188 0.647591
vt 0.035143 0.639376
vt 0.216813 0.730217
vt 0.213573 0.722270
vt 0.207853 0.721869
vt 0.204341 0.730217
vt 0.338645 0.687472
vt 0.346709 0.691286
vt 0.114430 0.669941
vt 0.117630 0.661142
vt 0.113356 0.657656
vt 0.104863 0.660908
vt 0.013904 0.721163
vt 0.021878 0.717361
vt 0.022361 0.669354
vt 0.026072 0.661079
vt 0.021886 0.657177
vt 0.013904 0.660221
vt 0.217381 0.717983
vt 0.225729 0.721495
vt 0.029037 0.654430
vt 0.328912 0.692075
vt 0.331668 0.684877
vt 0.324690 0.682282
vt 0.325077 0.687821
vt 0.028959 0.714927
vt 0.036040 0.712492
vt 0.334795 0.691733
vt 0.122506 0.647330
vt 0.116774 0.647657
vt 0.112957 0.651955
vt 0.120067 0.654382
vt 0.301578 0.624233
vt 0.031394 0.722008
vt 0.035688 0.718212
vt 0.022407 0.651477
vt 0.210674 0.715162
vt 0.203566 0.718061
vt 0.025674 0.721655
vt 0.337741 0.699967
vt 0.325636 0.699917
vt 0.316627 0.691321
vt 0.104863 0.648120
vt 0.113846 0.639308
vt 0.195619 0.721301
vt 0.044015 0.721163
vt 0.035195 0.729982
vt 0.126250 0.639442
vt 0.014213 0.647868
vt 0.316627 0.678468
vt 0.044015 0.708691
vt 0.022723 0.729982
s 0
f 647/613/62 649/614/62 701/615/62 664/616/62
f 626/617/63 709/618/63 687/619/63 680/620/63
f 635/621/63 656/622/63 691/623/63 654/624/63
f 669/625/64 613/626/64 704/627/64 633/628/64
f 640/629/62 661/630/62 663/631/62 666/632/62
f 674/633/65 668/634/65 698/635/65 642/636/65
f 636/637/62 690/638/62 613/626/62 669/625/62
f 641/639/66 665/640/66 668/634/66 674/633/66
f 631/641/62 713/642/62 670/643/62 673/644/62
f 662/645/65 622/646/65 709/618/65 626/617/65
f 653/647/67 615/648/67 614/649/67 634/650/67
f 634/650/66 614/649/66 658/651/66 667/652/66
f 648/653/68 702/654/68 700/655/68 657/656/68
f 666/632/64 663/631/64 711/657/64 637/658/64
f 673/644/64 670/643/64 672/659/64 632/660/64
f 684/661/67 620/662/67 621/663/67 625/664/67
f 660/665/65 679/666/65 703/667/65 646/668/65
f 664/616/64 701/615/64 702/654/64 648/653/64
f 632/660/68 672/659/68 675/669/68 681/670/68
f 655/671/69 697/672/69 705/673/69 643/674/69
f 689/675/69 696/676/69 661/630/69 640/629/69
f 625/664/66 621/663/66 622/646/66 662/645/66
f 627/677/62 685/678/62 683/679/62 659/680/62
f 657/656/67 700/655/67 677/681/67 645/682/67
f 622/646/70 710/683/70 687/619/70 709/618/70
f 619/684/70 714/685/70 617/686/70 616/687/70
f 663/631/70 661/630/70 696/676/70 712/688/70
f 621/663/70 620/662/70 710/683/70 622/646/70
f 711/657/70 663/631/70 712/688/70 692/689/70
f 618/690/70 675/669/70 714/685/70 619/684/70
f 675/669/70 672/659/70 670/643/70 714/685/70
f 624/691/70 623/692/70 699/693/70 707/694/70
f 665/640/70 624/691/70 707/694/70 668/634/70
f 615/648/70 708/695/70 658/651/70 614/649/70
f 692/689/70 712/688/70 694/696/70 693/697/70
f 704/627/70 613/626/70 708/695/70 615/648/70
f 620/662/70 682/698/70 683/679/70 710/683/70
f 700/655/70 702/654/70 701/615/70 706/699/70
f 677/681/70 700/655/70 706/699/70 679/666/70
f 613/626/70 690/638/70 691/623/70 708/695/70
f 668/634/70 707/694/70 697/672/70 698/635/70
f 679/666/70 706/699/70 650/700/70 703/667/70
f 706/699/70 701/615/70 649/614/70 650/700/70
f 707/694/70 699/693/70 705/673/70 697/672/70
f 712/688/70 696/676/70 695/701/70 694/696/70
f 708/695/70 691/623/70 656/622/70 658/651/70
f 714/685/70 670/643/70 713/642/70 617/686/70
f 710/683/70 683/679/70 685/678/70 687/619/70
f 642/636/63 698/635/63 697/672/63 655/671/63
f 667/652/71 658/651/71 656/622/71 635/621/71
f 681/670/67 675/669/67 618/690/67 629/702/67
f 676/703/65 619/684/65 616/687/65 630/704/65
f 678/705/64 699/693/64 623/692/64 644/706/64
f 651/707/69 650/700/69 649/614/69 647/613/69
f 638/708/66 693/697/66 694/696/66 671/709/66
f 629/702/66 618/690/66 619/684/66 676/703/66
f 643/674/62 705/673/62 699/693/62 678/705/62
f 644/706/68 623/692/68 624/691/68 652/710/68
f 628/711/68 682/698/68 620/662/68 684/661/68
f 630/704/63 616/687/63 617/686/63 686/712/63
f 646/668/63 703/667/63 650/700/63 651/707/63
f 680/620/69 687/619/69 685/678/69 627/677/69
f 688/713/67 692/689/67 693/697/67 638/708/67
f 686/712/69 617/686/69 713/642/69 631/641/69
f 652/710/67 624/691/67 665/640/67 641/639/67
f 659/680/64 683/679/64 682/698/64 628/711/64
f 671/709/65 694/696/65 695/701/65 639/714/65
f 633/628/68 704/627/68 615/648/68 653/647/68
f 639/714/63 695/701/63 696/676/63 689/675/63
f 637/658/68 711/657/68 692/689/68 688/713/68
f 654/624/72 691/623/72 690/638/72 636/637/72
f 645/682/66 677/681/66 679/666/66 660/665/66
o Bolts.008
v -0.249422 4.599945 3.108564
v -0.249422 4.640292 3.091852
v -0.249422 4.623580 3.084930
v -0.249422 4.516819 2.995884
v -0.249422 4.500107 3.002807
v -0.249422 4.516819 2.962460
v -0.249422 4.523742 2.979172
v -0.249422 4.500107 3.214322
v -0.249422 4.516819 3.221245
v -0.249422 4.523742 3.237957
v -0.249422 4.606868 2.962460
v -0.249422 4.623580 2.955537
v -0.230021 4.523982 3.214082
v -0.230021 4.523982 3.261832
v -0.230021 4.476233 3.261832
v -0.230021 4.476233 3.214082
v -0.230021 4.523982 2.955297
v -0.230021 4.523982 3.003047
v -0.230021 4.476233 3.003047
v -0.230021 4.476233 2.955297
v -0.230021 4.599705 3.084690
v -0.230021 4.647454 3.084690
v -0.230021 4.647454 3.132439
v -0.230021 4.599705 3.132439
v -0.230021 4.476233 3.084690
v -0.230021 4.523982 3.084690
v -0.230021 4.523982 3.132439
v -0.230021 4.476233 3.132439
v -0.230021 4.647454 2.955297
v -0.230021 4.647454 3.003047
v -0.230021 4.599705 3.003047
v -0.230021 4.599705 2.955297
v -0.230021 4.647454 3.214082
v -0.230021 4.647454 3.261832
v -0.230021 4.599705 3.261832
v -0.230021 4.599705 3.214082
v -0.249421 4.606867 3.254669
v -0.249421 4.623580 3.261592
v -0.230021 4.623580 3.271721
v -0.230021 4.623580 2.945408
v -0.230021 4.623580 3.074801
v -0.230021 4.623580 3.142328
v -0.230021 4.623580 3.012936
v -0.249422 4.640292 3.125277
v -0.230021 4.623580 3.204193
v -0.249422 4.647214 3.108564
v -0.230021 4.466343 3.237957
v -0.230021 4.657343 3.237957
v -0.249422 4.483395 3.125277
v -0.230021 4.533871 3.237957
v -0.249422 4.476472 3.108564
v -0.230021 4.589816 3.237957
v -0.249422 4.640292 2.962460
v -0.230021 4.466343 3.108564
v -0.230021 4.657344 3.108564
v -0.249422 4.647214 2.979172
v -0.230021 4.589816 3.108564
v -0.249422 4.476472 2.979172
v -0.230021 4.533871 3.108564
v -0.249422 4.483395 2.962460
v -0.230021 4.466343 2.979172
v -0.230021 4.657344 2.979172
v -0.249422 4.500107 2.955537
v -0.230021 4.533871 2.979172
v -0.249422 4.640292 3.221245
v -0.230021 4.589816 2.979172
v -0.249421 4.647214 3.237957
v -0.230021 4.500107 3.271721
v -0.230021 4.500107 2.945408
v -0.249422 4.483395 3.221245
v -0.249422 4.476472 3.237957
v -0.230021 4.500107 3.204193
v -0.249421 4.483395 3.254669
v -0.230021 4.500107 3.012936
v -0.249421 4.500107 3.261592
v -0.230021 4.500107 3.074801
v -0.230021 4.500107 3.142328
v -0.249422 4.606867 3.125277
v -0.249422 4.623580 3.132199
v -0.249422 4.500107 3.084930
v -0.249422 4.516819 3.091852
v -0.249422 4.523742 3.108564
v -0.249422 4.516819 3.125277
v -0.249422 4.500107 3.132199
v -0.249422 4.623580 3.002807
v -0.249422 4.640292 2.995884
v -0.249422 4.599945 2.979172
v -0.249422 4.623580 3.214322
v -0.249421 4.599945 3.237957
v -0.249422 4.606867 3.221245
v -0.249421 4.640292 3.254669
v -0.249422 4.606867 3.091852
v -0.249422 4.606868 2.995884
v -0.249421 4.623580 3.237957
v -0.249422 4.623580 2.979172
v -0.249422 4.623580 3.108564
v -0.249421 4.516819 3.254669
v -0.249422 4.500107 3.237957
v -0.249422 4.483395 3.091852
v -0.249422 4.500107 3.108564
v -0.249422 4.483395 2.995884
v -0.249422 4.500107 2.979172
vn -0.4345 -0.8321 0.3447
vn -0.4345 0.3447 0.8321
vn -0.4345 -0.8321 -0.3447
vn -0.4345 0.8321 0.3447
vn -0.4344 -0.8321 0.3447
vn -0.4345 0.8321 -0.3447
vn -0.4345 0.3447 -0.8321
vn -0.4345 -0.3447 -0.8321
vn -0.4345 -0.3447 0.8321
vn -0.4344 0.8321 -0.3447
vn -1.0000 -0.0000 -0.0000
vt 0.225871 0.708829
vt 0.234219 0.712341
vt 0.238027 0.708054
vt 0.234787 0.700107
vt 0.074391 0.661022
vt 0.065872 0.657410
vt 0.062020 0.661614
vt 0.065135 0.669691
vt 0.338013 0.639173
vt 0.334269 0.631285
vt 0.328537 0.630958
vt 0.325609 0.639308
vt 0.316627 0.617708
vt 0.325119 0.620959
vt 0.329394 0.617473
vt 0.326193 0.608674
vt 0.074391 0.708691
vt 0.082717 0.711641
vt 0.087011 0.707846
vt 0.083210 0.699872
vt 0.165367 0.659875
vt 0.157562 0.657022
vt 0.153421 0.661188
vt 0.157546 0.668949
vt 0.316627 0.630495
vt 0.324720 0.626660
vt 0.165082 0.648080
vt 0.157076 0.651141
vt 0.386289 0.669787
vt 0.389235 0.678021
vt 0.395118 0.677680
vt 0.398394 0.669837
vt 0.074391 0.648052
vt 0.066282 0.651864
vt 0.339058 0.609666
vt 0.334932 0.617427
vt 0.339074 0.621593
vt 0.346879 0.618740
vt 0.338587 0.627474
vt 0.346594 0.630535
vt 0.247259 0.700107
vt 0.243747 0.708455
vt 0.248034 0.712263
vt 0.255981 0.709023
vt 0.092731 0.708198
vt 0.095682 0.699872
vt 0.398952 0.681933
vt 0.407403 0.678433
vt 0.053345 0.639445
vt 0.056546 0.647240
vt 0.062431 0.647591
vt 0.065386 0.639376
vt 0.247065 0.730217
vt 0.243825 0.722270
vt 0.238105 0.721869
vt 0.234593 0.730217
vt 0.399340 0.687472
vt 0.407403 0.691286
vt 0.144682 0.669941
vt 0.147882 0.661142
vt 0.143608 0.657656
vt 0.135115 0.660908
vt 0.074391 0.721163
vt 0.082365 0.717361
vt 0.052604 0.669354
vt 0.056315 0.661079
vt 0.052129 0.657177
vt 0.044147 0.660221
vt 0.247633 0.717983
vt 0.255981 0.721495
vt 0.059280 0.654430
vt 0.389607 0.692075
vt 0.392362 0.684877
vt 0.385385 0.682282
vt 0.385772 0.687822
vt 0.089446 0.714927
vt 0.096527 0.712492
vt 0.395489 0.691733
vt 0.152758 0.647330
vt 0.147026 0.647657
vt 0.143208 0.651955
vt 0.150319 0.654382
vt 0.331830 0.624233
vt 0.091880 0.722008
vt 0.096174 0.718212
vt 0.052650 0.651477
vt 0.240926 0.715162
vt 0.233818 0.718061
vt 0.086160 0.721655
vt 0.398435 0.699967
vt 0.386330 0.699917
vt 0.377321 0.691321
vt 0.135115 0.648120
vt 0.144098 0.639308
vt 0.225871 0.721301
vt 0.104501 0.721163
vt 0.095682 0.729982
vt 0.156502 0.639442
vt 0.044456 0.647868
vt 0.377321 0.678468
vt 0.104501 0.708691
vt 0.083210 0.729982
s 0
f 749/715/73 751/716/73 803/717/73 766/718/73
f 728/719/74 811/720/74 789/721/74 782/722/74
f 737/723/74 758/724/74 793/725/74 756/726/74
f 771/727/75 715/728/75 806/729/75 735/730/75
f 742/731/73 763/732/73 765/733/73 768/734/73
f 776/735/76 770/736/76 800/737/76 744/738/76
f 738/739/77 792/740/77 715/728/77 771/727/77
f 743/741/78 767/742/78 770/736/78 776/735/78
f 733/743/73 815/744/73 772/745/73 775/746/73
f 764/747/76 724/748/76 811/720/76 728/719/76
f 755/749/79 717/750/79 716/751/79 736/752/79
f 736/752/78 716/751/78 760/753/78 769/754/78
f 750/755/80 804/756/80 802/757/80 759/758/80
f 768/734/75 765/733/75 813/759/75 739/760/75
f 775/746/75 772/745/75 774/761/75 734/762/75
f 786/763/79 722/764/79 723/765/79 727/766/79
f 762/767/76 781/768/76 805/769/76 748/770/76
f 766/718/75 803/717/75 804/756/75 750/755/75
f 734/762/80 774/761/80 777/771/80 783/772/80
f 757/773/81 799/774/81 807/775/81 745/776/81
f 791/777/81 798/778/81 763/732/81 742/731/81
f 727/766/82 723/765/82 724/748/82 764/747/82
f 729/779/73 787/780/73 785/781/73 761/782/73
f 759/758/79 802/757/79 779/783/79 747/784/79
f 724/748/83 812/785/83 789/721/83 811/720/83
f 721/786/83 816/787/83 719/788/83 718/789/83
f 765/733/83 763/732/83 798/778/83 814/790/83
f 723/765/83 722/764/83 812/785/83 724/748/83
f 813/759/83 765/733/83 814/790/83 794/791/83
f 720/792/83 777/771/83 816/787/83 721/786/83
f 777/771/83 774/761/83 772/745/83 816/787/83
f 726/793/83 725/794/83 801/795/83 809/796/83
f 767/742/83 726/793/83 809/796/83 770/736/83
f 717/750/83 810/797/83 760/753/83 716/751/83
f 794/791/83 814/790/83 796/798/83 795/799/83
f 806/729/83 715/728/83 810/797/83 717/750/83
f 722/764/83 784/800/83 785/781/83 812/785/83
f 802/757/83 804/756/83 803/717/83 808/801/83
f 779/783/83 802/757/83 808/801/83 781/768/83
f 715/728/83 792/740/83 793/725/83 810/797/83
f 770/736/83 809/796/83 799/774/83 800/737/83
f 781/768/83 808/801/83 752/802/83 805/769/83
f 808/801/83 803/717/83 751/716/83 752/802/83
f 809/796/83 801/795/83 807/775/83 799/774/83
f 814/790/83 798/778/83 797/803/83 796/798/83
f 810/797/83 793/725/83 758/724/83 760/753/83
f 816/787/83 772/745/83 815/744/83 719/788/83
f 812/785/83 785/781/83 787/780/83 789/721/83
f 744/738/74 800/737/74 799/774/74 757/773/74
f 769/754/76 760/753/76 758/724/76 737/723/76
f 783/772/79 777/771/79 720/792/79 731/804/79
f 778/805/76 721/786/76 718/789/76 732/806/76
f 780/807/75 801/795/75 725/794/75 746/808/75
f 753/809/81 752/802/81 751/716/81 749/715/81
f 740/810/78 795/799/78 796/798/78 773/811/78
f 731/804/78 720/792/78 721/786/78 778/805/78
f 745/776/73 807/775/73 801/795/73 780/807/73
f 746/808/80 725/794/80 726/793/80 754/812/80
f 730/813/80 784/800/80 722/764/80 786/763/80
f 732/806/74 718/789/74 719/788/74 788/814/74
f 748/770/74 805/769/74 752/802/74 753/809/74
f 782/722/81 789/721/81 787/780/81 729/779/81
f 790/815/79 794/791/79 795/799/79 740/810/79
f 788/814/81 719/788/81 815/744/81 733/743/81
f 754/812/79 726/793/79 767/742/79 743/741/79
f 761/782/75 785/781/75 784/800/75 730/813/75
f 773/811/76 796/798/76 797/803/76 741/816/76
f 735/730/80 806/729/80 717/750/80 755/749/80
f 741/816/74 797/803/74 798/778/74 791/777/74
f 739/760/80 813/759/80 794/791/80 790/815/80
f 756/726/81 793/725/81 792/740/81 738/739/81
f 747/784/78 779/783/78 781/768/78 762/767/78
o Bolts.009
v -0.105088 4.575654 3.857476
v -0.128723 4.575654 3.857476
v -0.112011 4.592366 3.857476
v -0.112011 4.558942 3.857476
v -0.094959 4.575654 3.838076
v -0.104848 4.551779 3.838076
v -0.104848 4.599528 3.838076
v -0.128723 4.541890 3.838076
v -0.128723 4.609417 3.838076
v -0.162487 4.575654 3.838076
v -0.152598 4.551779 3.838076
v -0.152598 4.599528 3.838076
v -0.152358 4.575654 3.857476
v -0.145435 4.592366 3.857476
v -0.145435 4.558941 3.857476
v -0.128723 4.552019 3.857476
v -0.128723 4.599288 3.857476
vn -0.0000 -0.0000 1.0000
vn 0.8321 0.3447 0.4345
vn 0.8321 -0.3447 0.4345
vn -0.8321 -0.3447 0.4345
vn -0.8321 0.3447 0.4345
vn -0.3447 -0.8321 0.4345
vn 0.3447 -0.8321 0.4345
vn -0.3447 0.8321 0.4345
vn 0.3447 0.8321 0.4345
vt 0.264661 0.651566
vt 0.271358 0.654833
vt 0.268072 0.661545
vt 0.264263 0.657256
vt 0.268927 0.648088
vt 0.274454 0.648042
vt 0.256187 0.648322
vt 0.265733 0.639307
vt 0.256187 0.661082
vt 0.286090 0.661122
vt 0.277528 0.669742
vt 0.273792 0.661871
vt 0.278101 0.658067
vt 0.286375 0.649352
vt 0.278586 0.652200
vt 0.265150 0.669876
vt 0.278570 0.640297
s 0
f 817/817/84 818/818/84 832/819/84 820/820/84
f 819/821/84 833/822/84 818/818/84 817/817/84
f 821/823/85 823/824/85 819/821/85 817/817/85
f 822/825/86 821/823/86 817/817/86 820/820/86
f 826/826/87 827/827/87 831/828/87 829/829/87
f 828/830/88 826/826/88 829/829/88 830/831/88
f 818/818/84 829/829/84 831/828/84 832/819/84
f 833/822/84 830/831/84 829/829/84 818/818/84
f 827/827/89 824/832/89 832/819/89 831/828/89
f 824/832/90 822/825/90 820/820/90 832/819/90
f 825/833/91 828/830/91 830/831/91 833/822/91
f 823/824/92 825/833/92 833/822/92 819/821/92
o Bolts.010
v 0.246543 3.642376 2.364250
v 0.246543 3.663675 2.326125
v 0.246543 3.646270 2.331053
v 0.246543 3.507298 2.327361
v 0.246543 3.498476 2.343153
v 0.246543 3.486578 2.301134
v 0.246543 3.502370 2.309956
v 0.246544 3.629594 2.509126
v 0.246544 3.646999 2.504198
v 0.246544 3.662791 2.513020
v 0.246543 3.557237 2.245313
v 0.246543 3.566060 2.229521
v 0.227143 3.648179 2.494138
v 0.227143 3.677779 2.531605
v 0.227143 3.640311 2.561205
v 0.227143 3.610712 2.523737
v 0.227143 3.487758 2.291074
v 0.227143 3.517358 2.328542
v 0.227143 3.479890 2.358141
v 0.227143 3.450290 2.320673
v 0.227143 3.627388 2.345665
v 0.227143 3.664855 2.316065
v 0.227143 3.694455 2.353533
v 0.227143 3.656987 2.383133
v 0.227143 3.530501 2.422205
v 0.227143 3.567969 2.392606
v 0.227143 3.597569 2.430073
v 0.227143 3.560101 2.459673
v 0.227143 3.584645 2.214533
v 0.227143 3.614245 2.252001
v 0.227143 3.576777 2.281601
v 0.227143 3.547177 2.244133
v 0.227143 3.745066 2.417597
v 0.227143 3.774666 2.455065
v 0.227143 3.737198 2.484665
v 0.227143 3.707598 2.447197
v 0.246544 3.738378 2.474604
v 0.246544 3.755783 2.469676
v 0.227143 3.762062 2.477625
v 0.227143 3.559781 2.221573
v 0.227143 3.639991 2.323105
v 0.227143 3.681851 2.376093
v 0.227143 3.601641 2.274561
v 0.246543 3.684395 2.352353
v 0.227143 3.720202 2.424637
v 0.246543 3.679467 2.334948
v 0.227143 3.617751 2.548602
v 0.227143 3.767626 2.430200
v 0.246544 3.561281 2.449613
v 0.227143 3.670739 2.506741
v 0.246544 3.545489 2.440791
v 0.227143 3.714638 2.472061
v 0.246543 3.583465 2.224593
v 0.227143 3.537541 2.447070
v 0.227143 3.687415 2.328669
v 0.246543 3.599257 2.233416
v 0.227143 3.634427 2.370529
v 0.246543 3.465278 2.339259
v 0.227143 3.590529 2.405209
v 0.246543 3.460351 2.321854
v 0.227143 3.457330 2.345538
v 0.227143 3.607205 2.227137
v 0.246543 3.469173 2.306062
v 0.227143 3.510318 2.303677
v 0.246543 3.743886 2.427657
v 0.227143 3.554217 2.268997
v 0.246544 3.759678 2.436480
v 0.227143 3.665175 2.554165
v 0.227143 3.462894 2.298114
v 0.246544 3.620772 2.524918
v 0.246543 3.625700 2.542323
v 0.227143 3.623315 2.501178
v 0.246543 3.641491 2.551145
v 0.227143 3.504755 2.351101
v 0.246543 3.658896 2.546217
v 0.227143 3.543104 2.399646
v 0.227143 3.584965 2.452633
v 0.246543 3.658167 2.373073
v 0.246543 3.675572 2.368145
v 0.246543 3.549384 2.407594
v 0.246543 3.566789 2.402666
v 0.246543 3.582581 2.411488
v 0.246543 3.587509 2.428893
v 0.246544 3.578686 2.444685
v 0.246543 3.595362 2.266613
v 0.246543 3.604185 2.250821
v 0.246543 3.562165 2.262718
v 0.246544 3.726481 2.432585
v 0.246544 3.722586 2.465782
v 0.246544 3.717658 2.448377
v 0.246544 3.764606 2.453885
v 0.246543 3.637448 2.346845
v 0.246543 3.577957 2.271541
v 0.246544 3.741132 2.451131
v 0.246543 3.580711 2.248067
v 0.246543 3.660921 2.349599
v 0.246543 3.667719 2.530425
v 0.246543 3.644245 2.527672
v 0.246543 3.540561 2.423386
v 0.246543 3.564035 2.426140
v 0.246543 3.481071 2.348081
v 0.246543 3.483824 2.324608
vn 0.4345 -0.4393 0.7863
vn 0.4345 0.7863 0.4393
vn 0.4345 -0.8666 0.2454
vn 0.4345 0.8666 -0.2454
vn 0.4345 0.4393 -0.7863
vn 0.4345 -0.2454 -0.8666
vn 0.4345 -0.7863 -0.4393
vn 0.4345 0.2454 0.8666
vn 1.0000 -0.0000 -0.0000
vt 0.105034 0.708843
vt 0.113949 0.700121
vt 0.117190 0.708068
vt 0.113382 0.712355
vt 0.104634 0.661022
vt 0.095378 0.669691
vt 0.092263 0.661614
vt 0.096115 0.657410
vt 0.368265 0.639173
vt 0.355861 0.639308
vt 0.358789 0.630958
vt 0.364521 0.631286
vt 0.346879 0.617708
vt 0.356445 0.608674
vt 0.359646 0.617473
vt 0.355371 0.620959
vt 0.044280 0.708691
vt 0.053099 0.699872
vt 0.056901 0.707846
vt 0.052607 0.711641
vt 0.195619 0.659875
vt 0.187798 0.668949
vt 0.183673 0.661188
vt 0.187814 0.657022
vt 0.346879 0.630495
vt 0.354972 0.626660
vt 0.195334 0.648080
vt 0.187328 0.651141
vt 0.265261 0.669876
vt 0.277366 0.669926
vt 0.274090 0.677769
vt 0.268207 0.678110
vt 0.104634 0.648052
vt 0.096525 0.651864
vt 0.369310 0.609666
vt 0.377131 0.618740
vt 0.369326 0.621594
vt 0.365184 0.617427
vt 0.376846 0.630535
vt 0.368839 0.627474
vt 0.126422 0.700121
vt 0.135143 0.709037
vt 0.127197 0.712277
vt 0.122910 0.708469
vt 0.065571 0.699872
vt 0.062621 0.708198
vt 0.286375 0.678522
vt 0.277924 0.682022
vt 0.083588 0.639445
vt 0.095629 0.639376
vt 0.092674 0.647591
vt 0.086790 0.647240
vt 0.126228 0.730231
vt 0.113756 0.730231
vt 0.117267 0.721883
vt 0.122987 0.722284
vt 0.286375 0.691376
vt 0.278312 0.687561
vt 0.174934 0.669941
vt 0.165367 0.660908
vt 0.173859 0.657656
vt 0.178134 0.661142
vt 0.044280 0.721163
vt 0.052254 0.717361
vt 0.082848 0.669354
vt 0.074391 0.660221
vt 0.082372 0.657177
vt 0.086558 0.661079
vt 0.135143 0.721509
vt 0.126795 0.717997
vt 0.089523 0.654430
vt 0.268579 0.692164
vt 0.264744 0.687911
vt 0.264356 0.682371
vt 0.271334 0.684966
vt 0.059335 0.714927
vt 0.066416 0.712492
vt 0.274461 0.691822
vt 0.183010 0.647330
vt 0.180571 0.654382
vt 0.173460 0.651955
vt 0.177278 0.647657
vt 0.362082 0.624233
vt 0.066064 0.718212
vt 0.061770 0.722008
vt 0.082893 0.651477
vt 0.120089 0.715176
vt 0.112980 0.718075
vt 0.056050 0.721655
vt 0.277407 0.700057
vt 0.265302 0.700007
vt 0.256293 0.691411
vt 0.165367 0.648120
vt 0.174350 0.639308
vt 0.105034 0.721315
vt 0.074391 0.721163
vt 0.065571 0.729982
vt 0.186754 0.639442
vt 0.074699 0.647868
vt 0.256293 0.678557
vt 0.074391 0.708691
vt 0.053099 0.729982
s 0
f 868/834/93 885/835/93 922/836/93 870/837/93
f 847/838/94 901/839/94 908/840/94 930/841/94
f 856/842/94 875/843/94 912/844/94 877/845/94
f 890/846/95 854/847/95 925/848/95 834/849/95
f 861/850/93 887/851/93 884/852/93 882/853/93
f 895/854/96 863/855/96 919/856/96 889/857/96
f 857/858/93 890/846/93 834/849/93 911/859/93
f 862/860/97 895/854/97 889/857/97 886/861/97
f 852/862/93 894/863/93 891/864/93 934/865/93
f 883/866/96 847/838/96 930/841/96 843/867/96
f 874/868/98 855/869/98 835/870/98 836/871/98
f 855/869/97 888/872/97 879/873/97 835/870/97
f 869/874/99 878/875/99 921/876/99 923/877/99
f 887/851/95 858/878/95 932/879/95 884/852/95
f 894/863/95 853/880/95 893/881/95 891/864/95
f 905/882/98 846/883/98 842/884/98 841/885/98
f 881/886/96 867/887/96 924/888/96 900/889/96
f 885/835/95 869/874/95 923/877/95 922/836/95
f 853/880/99 902/890/99 896/891/99 893/881/99
f 876/892/100 864/893/100 926/894/100 918/895/100
f 910/896/100 861/850/100 882/853/100 917/897/100
f 846/883/97 883/866/97 843/867/97 842/884/97
f 848/898/93 880/899/93 904/900/93 906/901/93
f 878/875/98 866/902/98 898/903/98 921/876/98
f 843/867/101 930/841/101 908/840/101 931/904/101
f 840/905/101 837/906/101 838/907/101 935/908/101
f 884/852/101 933/909/101 917/897/101 882/853/101
f 842/884/101 843/867/101 931/904/101 841/885/101
f 932/879/101 913/910/101 933/909/101 884/852/101
f 839/911/101 840/905/101 935/908/101 896/891/101
f 896/891/101 935/908/101 891/864/101 893/881/101
f 845/912/101 928/913/101 920/914/101 844/915/101
f 886/861/101 889/857/101 928/913/101 845/912/101
f 836/871/101 835/870/101 879/873/101 929/916/101
f 913/910/101 914/917/101 915/918/101 933/909/101
f 925/848/101 836/871/101 929/916/101 834/849/101
f 841/885/101 931/904/101 904/900/101 903/919/101
f 921/876/101 927/920/101 922/836/101 923/877/101
f 898/903/101 900/889/101 927/920/101 921/876/101
f 834/849/101 929/916/101 912/844/101 911/859/101
f 889/857/101 919/856/101 918/895/101 928/913/101
f 900/889/101 924/888/101 871/921/101 927/920/101
f 927/920/101 871/921/101 870/837/101 922/836/101
f 928/913/101 918/895/101 926/894/101 920/914/101
f 933/909/101 915/918/101 916/922/101 917/897/101
f 929/916/101 879/873/101 877/845/101 912/844/101
f 935/908/101 838/907/101 934/865/101 891/864/101
f 931/904/101 908/840/101 906/901/101 904/900/101
f 863/855/94 876/892/94 918/895/94 919/856/94
f 888/872/96 856/842/96 877/845/96 879/873/96
f 902/890/98 850/923/98 839/911/98 896/891/98
f 897/924/96 851/925/96 837/906/96 840/905/96
f 899/926/95 865/927/95 844/915/95 920/914/95
f 872/928/100 868/834/100 870/837/100 871/921/100
f 859/929/97 892/930/97 915/918/97 914/917/97
f 850/923/97 897/924/97 840/905/97 839/911/97
f 864/893/93 899/926/93 920/914/93 926/894/93
f 865/927/99 873/931/99 845/912/99 844/915/99
f 849/932/99 905/882/99 841/885/99 903/919/99
f 851/925/94 907/933/94 838/907/94 837/906/94
f 867/887/94 872/928/94 871/921/94 924/888/94
f 901/839/100 848/898/100 906/901/100 908/840/100
f 909/934/98 859/929/98 914/917/98 913/910/98
f 907/933/100 852/862/100 934/865/100 838/907/100
f 873/931/98 862/860/98 886/861/98 845/912/98
f 880/899/95 849/932/95 903/919/95 904/900/95
f 892/930/96 860/935/96 916/922/96 915/918/96
f 854/847/99 874/868/99 836/871/99 925/848/99
f 860/935/94 910/896/94 917/897/94 916/922/94
f 858/878/99 909/934/99 913/910/99 932/879/99
f 875/843/100 857/858/100 911/859/100 912/844/100
f 866/902/97 881/886/97 900/889/97 898/903/97
o Bolts.011
v 0.246543 2.834120 1.201351
v 0.246543 2.855419 1.163226
v 0.246543 2.838014 1.168154
v 0.246543 2.699042 1.164462
v 0.246543 2.690219 1.180254
v 0.246543 2.678322 1.138235
v 0.246543 2.694114 1.147057
v 0.246543 2.821338 1.346226
v 0.246543 2.838743 1.341299
v 0.246543 2.854535 1.350121
v 0.246543 2.748981 1.082414
v 0.246543 2.757803 1.066622
v 0.227143 2.839923 1.331238
v 0.227143 2.869523 1.368706
v 0.227143 2.832055 1.398306
v 0.227143 2.802455 1.360838
v 0.227143 2.679502 1.128174
v 0.227143 2.709102 1.165642
v 0.227143 2.671634 1.195242
v 0.227143 2.642034 1.157774
v 0.227143 2.819131 1.182765
v 0.227143 2.856599 1.153166
v 0.227143 2.886199 1.190634
v 0.227143 2.848731 1.220233
v 0.227143 2.722245 1.259306
v 0.227143 2.759713 1.229706
v 0.227143 2.789313 1.267174
v 0.227143 2.751844 1.296774
v 0.227143 2.776389 1.051634
v 0.227143 2.805989 1.089102
v 0.227143 2.768520 1.118702
v 0.227143 2.738921 1.081234
v 0.227143 2.936810 1.254698
v 0.227143 2.966409 1.292166
v 0.227143 2.928942 1.321765
v 0.227143 2.899342 1.284297
v 0.246543 2.930122 1.311705
v 0.246543 2.947527 1.306777
v 0.227143 2.953806 1.314725
v 0.227143 2.751524 1.058674
v 0.227143 2.831735 1.160206
v 0.227143 2.873595 1.213193
v 0.227143 2.793385 1.111662
v 0.246543 2.876139 1.189453
v 0.227143 2.911946 1.261738
v 0.246543 2.871211 1.172048
v 0.227143 2.809495 1.385702
v 0.227143 2.959370 1.267301
v 0.246543 2.753025 1.286714
v 0.227143 2.862483 1.343842
v 0.246543 2.737233 1.277891
v 0.227143 2.906382 1.309162
v 0.246543 2.775208 1.061694
v 0.227143 2.729285 1.284171
v 0.227143 2.879159 1.165769
v 0.246543 2.791001 1.070516
v 0.227143 2.826171 1.207630
v 0.246543 2.657022 1.176359
v 0.227143 2.782273 1.242310
v 0.246543 2.652095 1.158955
v 0.227143 2.649074 1.182639
v 0.227143 2.798949 1.064237
v 0.246543 2.660917 1.143163
v 0.227143 2.702062 1.140778
v 0.246543 2.935630 1.264758
v 0.227143 2.745961 1.106098
v 0.246543 2.951421 1.273580
v 0.227143 2.856919 1.391266
v 0.227143 2.654638 1.135214
v 0.246543 2.812515 1.362018
v 0.246543 2.817443 1.379423
v 0.227143 2.815059 1.338278
v 0.246543 2.833235 1.388246
v 0.227143 2.696498 1.188202
v 0.246543 2.850640 1.383318
v 0.227143 2.734848 1.236746
v 0.227143 2.776709 1.289734
v 0.246543 2.849911 1.210173
v 0.246543 2.867316 1.205245
v 0.246543 2.741127 1.244694
v 0.246543 2.758533 1.239766
v 0.246543 2.774324 1.248589
v 0.246543 2.779253 1.265994
v 0.246543 2.770430 1.281786
v 0.246543 2.787106 1.103713
v 0.246543 2.795928 1.087922
v 0.246543 2.753909 1.099819
v 0.246543 2.918225 1.269686
v 0.246543 2.914330 1.302883
v 0.246543 2.909402 1.285478
v 0.246543 2.956349 1.290985
v 0.246543 2.829191 1.183946
v 0.246543 2.769701 1.108641
v 0.246543 2.932876 1.288231
v 0.246543 2.772455 1.085168
v 0.246543 2.852665 1.186700
v 0.246543 2.859463 1.367526
v 0.246543 2.835989 1.364772
v 0.246543 2.732305 1.260486
v 0.246543 2.755779 1.263240
v 0.246543 2.672814 1.185182
v 0.246543 2.675568 1.161708
vn 0.4345 -0.4393 0.7863
vn 0.4345 0.7863 0.4393
vn 0.4345 -0.8666 0.2454
vn 0.4345 0.8666 -0.2454
vn 0.4345 0.4393 -0.7863
vn 0.4345 -0.2454 -0.8666
vn 0.4345 -0.7863 -0.4393
vn 0.4345 0.2454 0.8666
vn 1.0000 -0.0000 -0.0000
vt 0.135143 0.708843
vt 0.144059 0.700121
vt 0.147300 0.708068
vt 0.143492 0.712355
vt 0.698503 0.660954
vt 0.689248 0.669623
vt 0.686133 0.661546
vt 0.689985 0.657341
vt 0.398517 0.639173
vt 0.386113 0.639308
vt 0.389041 0.630958
vt 0.394773 0.631286
vt 0.377131 0.617708
vt 0.386697 0.608674
vt 0.389898 0.617473
vt 0.385623 0.620959
vt 0.547192 0.708690
vt 0.556011 0.699871
vt 0.559813 0.707845
vt 0.555519 0.711641
vt 0.225871 0.659875
vt 0.218050 0.668949
vt 0.213925 0.661188
vt 0.218066 0.657022
vt 0.377131 0.630495
vt 0.385224 0.626660
vt 0.225586 0.648080
vt 0.217580 0.651141
vt 0.144083 0.669941
vt 0.156188 0.669991
vt 0.152912 0.677834
vt 0.147029 0.678175
vt 0.698503 0.647983
vt 0.690395 0.651795
vt 0.399562 0.609666
vt 0.407383 0.618740
vt 0.399578 0.621593
vt 0.395436 0.617427
vt 0.407098 0.630535
vt 0.399091 0.627474
vt 0.156531 0.700121
vt 0.165253 0.709037
vt 0.157307 0.712277
vt 0.153020 0.708469
vt 0.568484 0.699871
vt 0.565533 0.708198
vt 0.165197 0.678587
vt 0.156747 0.682087
vt 0.677458 0.639376
vt 0.689499 0.639307
vt 0.686544 0.647522
vt 0.680659 0.647171
vt 0.156338 0.730231
vt 0.143865 0.730231
vt 0.147377 0.721883
vt 0.153097 0.722284
vt 0.165197 0.691440
vt 0.157134 0.687626
vt 0.205186 0.669941
vt 0.195619 0.660908
vt 0.204111 0.657656
vt 0.208386 0.661142
vt 0.547192 0.721162
vt 0.555167 0.717360
vt 0.676717 0.669286
vt 0.668260 0.660152
vt 0.676242 0.657108
vt 0.680428 0.661010
vt 0.165253 0.721509
vt 0.156905 0.717997
vt 0.683393 0.654361
vt 0.147401 0.692229
vt 0.143566 0.687975
vt 0.143179 0.682436
vt 0.150156 0.685031
vt 0.562248 0.714926
vt 0.569328 0.712492
vt 0.153283 0.691887
vt 0.213262 0.647330
vt 0.210823 0.654382
vt 0.203712 0.651955
vt 0.207530 0.647657
vt 0.392334 0.624233
vt 0.568976 0.718212
vt 0.564682 0.722007
vt 0.676763 0.651409
vt 0.150198 0.715176
vt 0.143090 0.718075
vt 0.558962 0.721654
vt 0.156229 0.700121
vt 0.144124 0.700071
vt 0.135115 0.691475
vt 0.195619 0.648120
vt 0.204602 0.639308
vt 0.135143 0.721315
vt 0.577303 0.721162
vt 0.568484 0.729981
vt 0.217006 0.639442
vt 0.668569 0.647799
vt 0.135115 0.678622
vt 0.577303 0.708690
vt 0.556011 0.729981
s 0
f 970/936/102 987/937/102 1024/938/102 972/939/102
f 949/940/103 1003/941/103 1010/942/103 1032/943/103
f 958/944/103 977/945/103 1014/946/103 979/947/103
f 992/948/104 956/949/104 1027/950/104 936/951/104
f 963/952/102 989/953/102 986/954/102 984/955/102
f 997/956/105 965/957/105 1021/958/105 991/959/105
f 959/960/102 992/948/102 936/951/102 1013/961/102
f 964/962/106 997/956/106 991/959/106 988/963/106
f 954/964/102 996/965/102 993/966/102 1036/967/102
f 985/968/105 949/940/105 1032/943/105 945/969/105
f 976/970/107 957/971/107 937/972/107 938/973/107
f 957/971/106 990/974/106 981/975/106 937/972/106
f 971/976/108 980/977/108 1023/978/108 1025/979/108
f 989/953/104 960/980/104 1034/981/104 986/954/104
f 996/965/104 955/982/104 995/983/104 993/966/104
f 1007/984/107 948/985/107 944/986/107 943/987/107
f 983/988/105 969/989/105 1026/990/105 1002/991/105
f 987/937/104 971/976/104 1025/979/104 1024/938/104
f 955/982/108 1004/992/108 998/993/108 995/983/108
f 978/994/109 966/995/109 1028/996/109 1020/997/109
f 1012/998/109 963/952/109 984/955/109 1019/999/109
f 948/985/106 985/968/106 945/969/106 944/986/106
f 950/1000/102 982/1001/102 1006/1002/102 1008/1003/102
f 980/977/107 968/1004/107 1000/1005/107 1023/978/107
f 945/969/110 1032/943/110 1010/942/110 1033/1006/110
f 942/1007/110 939/1008/110 940/1009/110 1037/1010/110
f 986/954/110 1035/1011/110 1019/999/110 984/955/110
f 944/986/110 945/969/110 1033/1006/110 943/987/110
f 1034/981/110 1015/1012/110 1035/1011/110 986/954/110
f 941/1013/110 942/1007/110 1037/1010/110 998/993/110
f 998/993/110 1037/1010/110 993/966/110 995/983/110
f 947/1014/110 1030/1015/110 1022/1016/110 946/1017/110
f 988/963/110 991/959/110 1030/1015/110 947/1014/110
f 938/973/110 937/972/110 981/975/110 1031/1018/110
f 1015/1012/110 1016/1019/110 1017/1020/110 1035/1011/110
f 1027/950/110 938/973/110 1031/1018/110 936/951/110
f 943/987/110 1033/1006/110 1006/1002/110 1005/1021/110
f 1023/978/110 1029/1022/110 1024/938/110 1025/979/110
f 1000/1005/110 1002/991/110 1029/1022/110 1023/978/110
f 936/951/110 1031/1018/110 1014/946/110 1013/961/110
f 991/959/110 1021/958/110 1020/997/110 1030/1015/110
f 1002/991/110 1026/990/110 973/1023/110 1029/1022/110
f 1029/1022/110 973/1023/110 972/939/110 1024/938/110
f 1030/1015/110 1020/997/110 1028/996/110 1022/1016/110
f 1035/1011/110 1017/1020/110 1018/1024/110 1019/999/110
f 1031/1018/110 981/975/110 979/947/110 1014/946/110
f 1037/1010/110 940/1009/110 1036/967/110 993/966/110
f 1033/1006/110 1010/942/110 1008/1003/110 1006/1002/110
f 965/957/103 978/994/103 1020/997/103 1021/958/103
f 990/974/105 958/944/105 979/947/105 981/975/105
f 1004/992/107 952/1025/107 941/1013/107 998/993/107
f 999/1026/105 953/1027/105 939/1008/105 942/1007/105
f 1001/1028/104 967/1029/104 946/1017/104 1022/1016/104
f 974/1030/109 970/936/109 972/939/109 973/1023/109
f 961/1031/106 994/1032/106 1017/1020/106 1016/1019/106
f 952/1025/106 999/1026/106 942/1007/106 941/1013/106
f 966/995/102 1001/1028/102 1022/1016/102 1028/996/102
f 967/1029/108 975/1033/108 947/1014/108 946/1017/108
f 951/1034/108 1007/984/108 943/987/108 1005/1021/108
f 953/1027/103 1009/1035/103 940/1009/103 939/1008/103
f 969/989/103 974/1030/103 973/1023/103 1026/990/103
f 1003/941/109 950/1000/109 1008/1003/109 1010/942/109
f 1011/1036/107 961/1031/107 1016/1019/107 1015/1012/107
f 1009/1035/109 954/964/109 1036/967/109 940/1009/109
f 975/1033/107 964/962/107 988/963/107 947/1014/107
f 982/1001/104 951/1034/104 1005/1021/104 1006/1002/104
f 994/1032/105 962/1037/105 1018/1024/105 1017/1020/105
f 956/949/108 976/970/108 938/973/108 1027/950/108
f 962/1037/103 1012/998/103 1019/999/103 1018/1024/103
f 960/980/108 1011/1036/108 1015/1012/108 1034/981/108
f 977/945/109 959/960/109 1013/961/109 1014/946/109
f 968/1004/106 983/988/106 1002/991/106 1000/1005/106
o Bolts.012
v -0.112011 4.721759 3.857476
v -0.105088 4.705047 3.857476
v -0.128723 4.728681 3.857476
v -0.104848 4.728921 3.838076
v -0.128723 4.738810 3.838076
v -0.094959 4.705047 3.838076
v -0.104848 4.681172 3.838076
v -0.128723 4.671282 3.838076
v -0.162487 4.705047 3.838076
v -0.152598 4.728921 3.838076
v -0.152598 4.681172 3.838076
v -0.152358 4.705047 3.857476
v -0.128723 4.705047 3.857476
v -0.145435 4.688334 3.857476
v -0.145435 4.721759 3.857476
v -0.128723 4.681412 3.857476
v -0.112011 4.688334 3.857476
vn 0.8321 0.3447 0.4345
vn -0.0000 -0.0000 1.0000
vn 0.3447 0.8321 0.4345
vn 0.8321 -0.3447 0.4345
vn -0.8321 0.3447 0.4345
vn -0.8321 -0.3447 0.4345
vn -0.3447 0.8321 0.4345
vn -0.3447 -0.8321 0.4345
vn 0.3447 -0.8321 0.4345
vt 0.013904 0.617507
vt 0.022907 0.608674
vt 0.025841 0.617042
vt 0.022015 0.621350
vt 0.031586 0.616714
vt 0.029142 0.623783
vt 0.035339 0.608809
vt 0.013904 0.630323
vt 0.022415 0.627064
vt 0.043938 0.617466
vt 0.044224 0.629287
vt 0.036401 0.626428
vt 0.035914 0.620535
vt 0.036385 0.638382
vt 0.032251 0.630603
vt 0.026700 0.630558
vt 0.023492 0.639376
s 0
f 1043/1038/111 1041/1039/111 1038/1040/111 1039/1041/111
f 1040/1042/112 1050/1043/112 1039/1041/112 1038/1040/112
f 1041/1039/113 1042/1044/113 1040/1042/113 1038/1040/113
f 1044/1045/114 1043/1038/114 1039/1041/114 1054/1046/114
f 1047/1047/115 1046/1048/115 1049/1049/115 1052/1050/115
f 1046/1048/116 1048/1051/116 1051/1052/116 1049/1049/116
f 1049/1049/112 1051/1052/112 1053/1053/112 1050/1043/112
f 1052/1050/112 1049/1049/112 1050/1043/112 1040/1042/112
f 1042/1044/117 1047/1047/117 1052/1050/117 1040/1042/117
f 1048/1051/118 1045/1054/118 1053/1053/118 1051/1052/118
f 1045/1054/119 1044/1045/119 1054/1046/119 1053/1053/119
f 1050/1043/112 1053/1053/112 1054/1046/112 1039/1041/112
o Bolts.013
v 0.117033 4.688334 3.857476
v 0.110111 4.705047 3.857476
v 0.133746 4.681412 3.857476
v 0.109871 4.681172 3.838076
v 0.133746 4.671282 3.838076
v 0.099982 4.705047 3.838076
v 0.109871 4.728921 3.838076
v 0.167510 4.705047 3.838076
v 0.133746 4.738810 3.838076
v 0.157620 4.728921 3.838076
v 0.133746 4.728681 3.857476
v 0.133746 4.705047 3.857476
v 0.117033 4.721759 3.857476
v 0.150458 4.721759 3.857476
v 0.157380 4.705047 3.857476
v 0.150458 4.688334 3.857476
v 0.157620 4.681172 3.838076
vn -0.0000 -0.0000 1.0000
vn -0.8321 -0.3447 0.4345
vn -0.3447 -0.8321 0.4345
vn -0.8321 0.3447 0.4345
vn 0.3447 0.8321 0.4345
vn -0.3447 0.8321 0.4345
vn 0.8321 0.3447 0.4345
vn 0.8321 -0.3447 0.4345
vn 0.3447 -0.8321 0.4345
vt 0.419773 0.661677
vt 0.415924 0.657408
vt 0.415536 0.651848
vt 0.422539 0.654453
vt 0.416485 0.669548
vt 0.407443 0.660921
vt 0.407443 0.648020
vt 0.428634 0.669598
vt 0.425677 0.661334
vt 0.437635 0.647985
vt 0.437635 0.660885
vt 0.429542 0.657057
vt 0.429153 0.651498
vt 0.425304 0.647229
vt 0.428593 0.639358
vt 0.419400 0.647572
vt 0.416444 0.639308
s 0
f 1056/1055/120 1055/1056/120 1057/1057/120 1066/1058/120
f 1060/1059/121 1058/1060/121 1055/1056/121 1056/1055/121
f 1058/1060/122 1059/1061/122 1057/1057/122 1055/1056/122
f 1061/1062/123 1060/1059/123 1056/1055/123 1067/1063/123
f 1064/1064/124 1063/1065/124 1065/1066/124 1068/1067/124
f 1063/1065/125 1061/1062/125 1067/1063/125 1065/1066/125
f 1067/1063/120 1056/1055/120 1066/1058/120 1065/1066/120
f 1065/1066/120 1066/1058/120 1069/1068/120 1068/1067/120
f 1062/1069/126 1064/1064/126 1068/1067/126 1069/1068/126
f 1066/1058/120 1057/1057/120 1070/1070/120 1069/1068/120
f 1071/1071/127 1062/1069/127 1069/1068/127 1070/1070/127
f 1059/1061/128 1071/1071/128 1070/1070/128 1057/1057/128
o Bolts.014
v 0.157620 4.599528 3.838076
v 0.167510 4.575654 3.838076
v 0.133746 4.609417 3.838076
v 0.150458 4.592366 3.857476
v 0.133746 4.599288 3.857476
v 0.157380 4.575654 3.857476
v 0.133746 4.575654 3.857476
v 0.150458 4.558941 3.857476
v 0.157620 4.551779 3.838076
v 0.133746 4.552019 3.857476
v 0.133746 4.541890 3.838076
v 0.117033 4.558941 3.857476
v 0.110111 4.575654 3.857476
v 0.109871 4.551779 3.838076
v 0.099982 4.575654 3.838076
v 0.109871 4.599528 3.838076
v 0.117033 4.592366 3.857476
vn 0.8321 0.3447 0.4345
vn 0.3447 0.8321 0.4345
vn -0.0000 -0.0000 1.0000
vn 0.8321 -0.3447 0.4345
vn 0.3447 -0.8321 0.4345
vn -0.3447 -0.8321 0.4345
vn -0.8321 -0.3447 0.4345
vn -0.8321 0.3447 0.4345
vn -0.3447 0.8321 0.4345
vt 0.737434 0.638921
vt 0.728632 0.630119
vt 0.736591 0.626325
vt 0.740379 0.630611
vt 0.728632 0.617671
vt 0.736943 0.620616
vt 0.743658 0.623895
vt 0.750373 0.627175
vt 0.746088 0.630963
vt 0.749882 0.638921
vt 0.758684 0.630119
vt 0.758684 0.617671
vt 0.750725 0.621466
vt 0.746937 0.617180
vt 0.749882 0.608869
vt 0.737434 0.608869
vt 0.741229 0.616828
s 0
f 1073/1072/129 1072/1073/129 1075/1074/129 1077/1075/129
f 1072/1073/130 1074/1076/130 1076/1077/130 1075/1074/130
f 1075/1074/131 1076/1077/131 1078/1078/131 1077/1075/131
f 1077/1075/131 1078/1078/131 1081/1079/131 1079/1080/131
f 1080/1081/132 1073/1072/132 1077/1075/132 1079/1080/132
f 1082/1082/133 1080/1081/133 1079/1080/133 1081/1079/133
f 1085/1083/134 1082/1082/134 1081/1079/134 1083/1084/134
f 1078/1078/131 1084/1085/131 1083/1084/131 1081/1079/131
f 1086/1086/135 1085/1083/135 1083/1084/135 1084/1085/135
f 1087/1087/136 1086/1086/136 1084/1085/136 1088/1088/136
f 1074/1076/137 1087/1087/137 1088/1088/137 1076/1077/137
f 1076/1077/131 1088/1088/131 1084/1085/131 1078/1078/131
o Bolts.015
v -0.211544 2.834120 1.201351
v -0.211544 2.855419 1.163226
v -0.211544 2.838014 1.168154
v -0.211544 2.699042 1.164462
v -0.211544 2.690219 1.180254
v -0.211544 2.678322 1.138235
v -0.211544 2.694114 1.147057
v -0.211544 2.821338 1.346226
v -0.211544 2.838743 1.341299
v -0.211544 2.854535 1.350121
v -0.211544 2.748981 1.082414
v -0.211544 2.757803 1.066622
v -0.192144 2.839923 1.331238
v -0.192144 2.869523 1.368706
v -0.192144 2.832055 1.398306
v -0.192144 2.802455 1.360838
v -0.192144 2.679502 1.128174
v -0.192144 2.709102 1.165642
v -0.192144 2.671634 1.195242
v -0.192144 2.642034 1.157774
v -0.192144 2.819131 1.182765
v -0.192144 2.856599 1.153166
v -0.192144 2.886199 1.190634
v -0.192144 2.848731 1.220233
v -0.192144 2.722245 1.259306
v -0.192144 2.759713 1.229706
v -0.192144 2.789313 1.267174
v -0.192144 2.751844 1.296774
v -0.192144 2.776389 1.051634
v -0.192144 2.805989 1.089102
v -0.192144 2.768520 1.118702
v -0.192144 2.738921 1.081234
v -0.192144 2.936810 1.254698
v -0.192144 2.966409 1.292166
v -0.192144 2.928942 1.321765
v -0.192144 2.899342 1.284297
v -0.211544 2.930122 1.311705
v -0.211544 2.947527 1.306777
v -0.192144 2.953806 1.314725
v -0.192144 2.751524 1.058674
v -0.192144 2.831735 1.160206
v -0.192144 2.873595 1.213193
v -0.192144 2.793385 1.111662
v -0.211544 2.876139 1.189453
v -0.192144 2.911946 1.261738
v -0.211544 2.871211 1.172048
v -0.192144 2.809495 1.385702
v -0.192144 2.959370 1.267301
v -0.211544 2.753025 1.286714
v -0.192144 2.862483 1.343842
v -0.211544 2.737233 1.277891
v -0.192144 2.906382 1.309162
v -0.211544 2.775208 1.061694
v -0.192144 2.729285 1.284171
v -0.192144 2.879159 1.165769
v -0.211544 2.791001 1.070516
v -0.192144 2.826171 1.207630
v -0.211544 2.657022 1.176359
v -0.192144 2.782273 1.242310
v -0.211544 2.652095 1.158955
v -0.192144 2.649074 1.182639
v -0.192144 2.798949 1.064237
v -0.211544 2.660917 1.143163
v -0.192144 2.702062 1.140778
v -0.211544 2.935630 1.264758
v -0.192144 2.745961 1.106098
v -0.211544 2.951421 1.273580
v -0.192144 2.856919 1.391266
v -0.192144 2.654638 1.135214
v -0.211544 2.812515 1.362018
v -0.211544 2.817443 1.379423
v -0.192144 2.815059 1.338278
v -0.211544 2.833235 1.388246
v -0.192144 2.696498 1.188202
v -0.211544 2.850640 1.383318
v -0.192144 2.734848 1.236746
v -0.192144 2.776709 1.289734
v -0.211544 2.849911 1.210173
v -0.211544 2.867316 1.205245
v -0.211544 2.741127 1.244694
v -0.211544 2.758533 1.239766
v -0.211544 2.774324 1.248589
v -0.211544 2.779253 1.265994
v -0.211544 2.770430 1.281786
v -0.211544 2.787106 1.103713
v -0.211544 2.795928 1.087922
v -0.211544 2.753909 1.099819
v -0.211544 2.918225 1.269686
v -0.211544 2.914330 1.302883
v -0.211544 2.909402 1.285478
v -0.211544 2.956349 1.290985
v -0.211544 2.829191 1.183946
v -0.211544 2.769701 1.108641
v -0.211544 2.932876 1.288231
v -0.211544 2.772455 1.085168
v -0.211544 2.852665 1.186700
v -0.211544 2.859463 1.367526
v -0.211544 2.835989 1.364772
v -0.211544 2.732305 1.260486
v -0.211544 2.755779 1.263240
v -0.211544 2.672814 1.185182
v -0.211544 2.675568 1.161708
vn -0.4345 -0.4393 0.7863
vn -0.4345 0.7863 0.4393
vn -0.4345 -0.8666 0.2454
vn -0.4345 0.8666 -0.2454
vn -0.4345 0.4393 -0.7863
vn -0.4345 -0.2454 -0.8666
vn -0.4345 -0.7863 -0.4393
vn -0.4345 0.2454 0.8666
vn -1.0000 -0.0000 -0.0000
vt 0.165339 0.708843
vt 0.173687 0.712355
vt 0.177495 0.708068
vt 0.174255 0.700121
vt 0.698512 0.630320
vt 0.689994 0.626707
vt 0.686142 0.630912
vt 0.689257 0.638989
vt 0.428769 0.639173
vt 0.425025 0.631286
vt 0.419293 0.630958
vt 0.416365 0.639308
vt 0.407383 0.617708
vt 0.415875 0.620959
vt 0.420150 0.617473
vt 0.416949 0.608674
vt 0.577303 0.708690
vt 0.585630 0.711641
vt 0.589924 0.707845
vt 0.586122 0.699871
vt 0.256123 0.659875
vt 0.248318 0.657022
vt 0.244177 0.661188
vt 0.248302 0.668949
vt 0.407383 0.630495
vt 0.415476 0.626660
vt 0.255838 0.648080
vt 0.247831 0.651141
vt 0.114002 0.669941
vt 0.116948 0.678175
vt 0.122830 0.677834
vt 0.126107 0.669991
vt 0.698512 0.617349
vt 0.690404 0.621162
vt 0.429813 0.609666
vt 0.425688 0.617427
vt 0.429829 0.621593
vt 0.437635 0.618740
vt 0.429343 0.627474
vt 0.437349 0.630535
vt 0.186727 0.700121
vt 0.183215 0.708469
vt 0.187502 0.712277
vt 0.195449 0.709037
vt 0.595644 0.708198
vt 0.598594 0.699871
vt 0.126665 0.682087
vt 0.135115 0.678587
vt 0.677467 0.608743
vt 0.680668 0.616538
vt 0.686553 0.616889
vt 0.689507 0.608674
vt 0.186533 0.730231
vt 0.183293 0.722284
vt 0.177573 0.721883
vt 0.174061 0.730231
vt 0.127052 0.687626
vt 0.135115 0.691440
vt 0.235438 0.669941
vt 0.238638 0.661142
vt 0.234363 0.657656
vt 0.225871 0.660908
vt 0.577303 0.721162
vt 0.585277 0.717360
vt 0.676726 0.638652
vt 0.680436 0.630377
vt 0.676250 0.626475
vt 0.668269 0.629519
vt 0.187101 0.717997
vt 0.195449 0.721509
vt 0.683402 0.623728
vt 0.117319 0.692228
vt 0.120075 0.685031
vt 0.113097 0.682436
vt 0.113484 0.687975
vt 0.592358 0.714926
vt 0.599439 0.712492
vt 0.123201 0.691887
vt 0.243514 0.647330
vt 0.237782 0.647657
vt 0.233964 0.651955
vt 0.241074 0.654382
vt 0.422586 0.624233
vt 0.594792 0.722007
vt 0.599086 0.718212
vt 0.676772 0.620775
vt 0.180394 0.715176
vt 0.173286 0.718075
vt 0.589072 0.721654
vt 0.126147 0.700121
vt 0.114042 0.700071
vt 0.105034 0.691475
vt 0.225871 0.648120
vt 0.234854 0.639308
vt 0.165339 0.721315
vt 0.607413 0.721162
vt 0.598594 0.729981
vt 0.247258 0.639442
vt 0.668577 0.617166
vt 0.105034 0.678622
vt 0.607413 0.708690
vt 0.586122 0.729981
s 0
f 1123/1089/138 1125/1090/138 1177/1091/138 1140/1092/138
f 1102/1093/139 1185/1094/139 1163/1095/139 1156/1096/139
f 1111/1097/139 1132/1098/139 1167/1099/139 1130/1100/139
f 1145/1101/140 1089/1102/140 1180/1103/140 1109/1104/140
f 1116/1105/138 1137/1106/138 1139/1107/138 1142/1108/138
f 1150/1109/141 1144/1110/141 1174/1111/141 1118/1112/141
f 1112/1113/138 1166/1114/138 1089/1102/138 1145/1101/138
f 1117/1115/142 1141/1116/142 1144/1110/142 1150/1109/142
f 1107/1117/138 1189/1118/138 1146/1119/138 1149/1120/138
f 1138/1121/141 1098/1122/141 1185/1094/141 1102/1093/141
f 1129/1123/143 1091/1124/143 1090/1125/143 1110/1126/143
f 1110/1126/142 1090/1125/142 1134/1127/142 1143/1128/142
f 1124/1129/144 1178/1130/144 1176/1131/144 1133/1132/144
f 1142/1108/140 1139/1107/140 1187/1133/140 1113/1134/140
f 1149/1120/140 1146/1119/140 1148/1135/140 1108/1136/140
f 1160/1137/143 1096/1138/143 1097/1139/143 1101/1140/143
f 1136/1141/141 1155/1142/141 1179/1143/141 1122/1144/141
f 1140/1092/140 1177/1091/140 1178/1130/140 1124/1129/140
f 1108/1136/144 1148/1135/144 1151/1145/144 1157/1146/144
f 1131/1147/145 1173/1148/145 1181/1149/145 1119/1150/145
f 1165/1151/145 1172/1152/145 1137/1106/145 1116/1105/145
f 1101/1140/142 1097/1139/142 1098/1122/142 1138/1121/142
f 1103/1153/138 1161/1154/138 1159/1155/138 1135/1156/138
f 1133/1132/143 1176/1131/143 1153/1157/143 1121/1158/143
f 1098/1122/146 1186/1159/146 1163/1095/146 1185/1094/146
f 1095/1160/146 1190/1161/146 1093/1162/146 1092/1163/146
f 1139/1107/146 1137/1106/146 1172/1152/146 1188/1164/146
f 1097/1139/146 1096/1138/146 1186/1159/146 1098/1122/146
f 1187/1133/146 1139/1107/146 1188/1164/146 1168/1165/146
f 1094/1166/146 1151/1145/146 1190/1161/146 1095/1160/146
f 1151/1145/146 1148/1135/146 1146/1119/146 1190/1161/146
f 1100/1167/146 1099/1168/146 1175/1169/146 1183/1170/146
f 1141/1116/146 1100/1167/146 1183/1170/146 1144/1110/146
f 1091/1124/146 1184/1171/146 1134/1127/146 1090/1125/146
f 1168/1165/146 1188/1164/146 1170/1172/146 1169/1173/146
f 1180/1103/146 1089/1102/146 1184/1171/146 1091/1124/146
f 1096/1138/146 1158/1174/146 1159/1155/146 1186/1159/146
f 1176/1131/146 1178/1130/146 1177/1091/146 1182/1175/146
f 1153/1157/146 1176/1131/146 1182/1175/146 1155/1142/146
f 1089/1102/146 1166/1114/146 1167/1099/146 1184/1171/146
f 1144/1110/146 1183/1170/146 1173/1148/146 1174/1111/146
f 1155/1142/146 1182/1175/146 1126/1176/146 1179/1143/146
f 1182/1175/146 1177/1091/146 1125/1090/146 1126/1176/146
f 1183/1170/146 1175/1169/146 1181/1149/146 1173/1148/146
f 1188/1164/146 1172/1152/146 1171/1177/146 1170/1172/146
f 1184/1171/146 1167/1099/146 1132/1098/146 1134/1127/146
f 1190/1161/146 1146/1119/146 1189/1118/146 1093/1162/146
f 1186/1159/146 1159/1155/146 1161/1154/146 1163/1095/146
f 1118/1112/139 1174/1111/139 1173/1148/139 1131/1147/139
f 1143/1128/141 1134/1127/141 1132/1098/141 1111/1097/141
f 1157/1146/143 1151/1145/143 1094/1166/143 1105/1178/143
f 1152/1179/141 1095/1160/141 1092/1163/141 1106/1180/141
f 1154/1181/140 1175/1169/140 1099/1168/140 1120/1182/140
f 1127/1183/145 1126/1176/145 1125/1090/145 1123/1089/145
f 1114/1184/142 1169/1173/142 1170/1172/142 1147/1185/142
f 1105/1178/142 1094/1166/142 1095/1160/142 1152/1179/142
f 1119/1150/138 1181/1149/138 1175/1169/138 1154/1181/138
f 1120/1182/144 1099/1168/144 1100/1167/144 1128/1186/144
f 1104/1187/144 1158/1174/144 1096/1138/144 1160/1137/144
f 1106/1180/139 1092/1163/139 1093/1162/139 1162/1188/139
f 1122/1144/139 1179/1143/139 1126/1176/139 1127/1183/139
f 1156/1096/145 1163/1095/145 1161/1154/145 1103/1153/145
f 1164/1189/143 1168/1165/143 1169/1173/143 1114/1184/143
f 1162/1188/145 1093/1162/145 1189/1118/145 1107/1117/145
f 1128/1186/143 1100/1167/143 1141/1116/143 1117/1115/143
f 1135/1156/140 1159/1155/140 1158/1174/140 1104/1187/140
f 1147/1185/141 1170/1172/141 1171/1177/141 1115/1190/141
f 1109/1104/144 1180/1103/144 1091/1124/144 1129/1123/144
f 1115/1190/139 1171/1177/139 1172/1152/139 1165/1151/139
f 1113/1134/144 1187/1133/144 1168/1165/144 1164/1189/144
f 1130/1100/145 1167/1099/145 1166/1114/145 1112/1113/145
f 1121/1158/142 1153/1157/142 1155/1142/142 1136/1141/142
o Bolts.016
v -0.211544 3.642376 2.364250
v -0.211544 3.663675 2.326125
v -0.211544 3.646270 2.331053
v -0.211544 3.507298 2.327361
v -0.211544 3.498476 2.343153
v -0.211544 3.486578 2.301134
v -0.211544 3.502370 2.309956
v -0.211544 3.629594 2.509126
v -0.211544 3.646999 2.504198
v -0.211544 3.662791 2.513020
v -0.211544 3.557237 2.245313
v -0.211544 3.566060 2.229521
v -0.192144 3.648179 2.494138
v -0.192144 3.677779 2.531605
v -0.192144 3.640311 2.561205
v -0.192144 3.610712 2.523737
v -0.192144 3.487758 2.291074
v -0.192144 3.517358 2.328542
v -0.192144 3.479890 2.358141
v -0.192144 3.450290 2.320673
v -0.192144 3.627388 2.345665
v -0.192144 3.664855 2.316065
v -0.192144 3.694455 2.353533
v -0.192144 3.656987 2.383133
v -0.192144 3.530501 2.422205
v -0.192144 3.567969 2.392606
v -0.192144 3.597569 2.430073
v -0.192144 3.560101 2.459673
v -0.192144 3.584645 2.214533
v -0.192144 3.614245 2.252001
v -0.192144 3.576777 2.281601
v -0.192144 3.547177 2.244133
v -0.192144 3.745066 2.417597
v -0.192144 3.774666 2.455065
v -0.192144 3.737198 2.484665
v -0.192144 3.707598 2.447197
v -0.211544 3.738378 2.474604
v -0.211544 3.755783 2.469676
v -0.192144 3.762062 2.477625
v -0.192144 3.559781 2.221573
v -0.192144 3.639991 2.323105
v -0.192144 3.681851 2.376093
v -0.192144 3.601641 2.274561
v -0.211544 3.684395 2.352353
v -0.192144 3.720202 2.424637
v -0.211544 3.679467 2.334948
v -0.192144 3.617751 2.548602
v -0.192144 3.767626 2.430200
v -0.211544 3.561281 2.449613
v -0.192144 3.670739 2.506741
v -0.211544 3.545489 2.440791
v -0.192144 3.714638 2.472061
v -0.211544 3.583465 2.224593
v -0.192144 3.537541 2.447070
v -0.192144 3.687415 2.328669
v -0.211544 3.599257 2.233416
v -0.192144 3.634427 2.370529
v -0.211544 3.465278 2.339259
v -0.192144 3.590529 2.405209
v -0.211544 3.460351 2.321854
v -0.192144 3.457330 2.345538
v -0.192144 3.607205 2.227137
v -0.211544 3.469173 2.306062
v -0.192144 3.510318 2.303677
v -0.211544 3.743886 2.427657
v -0.192144 3.554217 2.268997
v -0.211544 3.759678 2.436480
v -0.192144 3.665175 2.554165
v -0.192144 3.462894 2.298114
v -0.211544 3.620772 2.524918
v -0.211544 3.625700 2.542323
v -0.192144 3.623315 2.501178
v -0.211544 3.641491 2.551145
v -0.192144 3.504755 2.351101
v -0.211544 3.658896 2.546217
v -0.192144 3.543104 2.399646
v -0.192144 3.584965 2.452633
v -0.211544 3.658167 2.373073
v -0.211544 3.675572 2.368145
v -0.211544 3.549384 2.407594
v -0.211544 3.566789 2.402666
v -0.211544 3.582581 2.411488
v -0.211544 3.587509 2.428893
v -0.211544 3.578686 2.444685
v -0.211544 3.595362 2.266613
v -0.211544 3.604185 2.250821
v -0.211544 3.562165 2.262718
v -0.211544 3.726481 2.432585
v -0.211544 3.722586 2.465782
v -0.211544 3.717658 2.448377
v -0.211544 3.764606 2.453885
v -0.211544 3.637448 2.346845
v -0.211544 3.577957 2.271541
v -0.211544 3.741132 2.451131
v -0.211544 3.580711 2.248067
v -0.211544 3.660921 2.349599
v -0.211544 3.667719 2.530425
v -0.211544 3.644245 2.527672
v -0.211544 3.540561 2.423386
v -0.211544 3.564035 2.426140
v -0.211544 3.481071 2.348081
v -0.211544 3.483824 2.324608
vn -0.4345 -0.4393 0.7863
vn -0.4345 0.7863 0.4393
vn -0.4345 -0.8666 0.2454
vn -0.4345 0.8666 -0.2454
vn -0.4345 0.4393 -0.7863
vn -0.4345 -0.2454 -0.8666
vn -0.4345 -0.7863 -0.4393
vn -0.4345 0.2454 0.8666
vn -1.0000 -0.0000 -0.0000
vt 0.728407 0.708473
vt 0.736755 0.711984
vt 0.740563 0.707697
vt 0.737323 0.699751
vt 0.517001 0.691269
vt 0.508482 0.687656
vt 0.504630 0.691861
vt 0.507745 0.699938
vt 0.477892 0.639173
vt 0.474148 0.631286
vt 0.468416 0.630958
vt 0.465488 0.639308
vt 0.456506 0.617708
vt 0.464998 0.620959
vt 0.469273 0.617473
vt 0.466072 0.608674
vt 0.407443 0.708708
vt 0.415770 0.711658
vt 0.420064 0.707863
vt 0.416262 0.699889
vt 0.316627 0.659875
vt 0.308822 0.657022
vt 0.304680 0.661188
vt 0.308806 0.668949
vt 0.456506 0.630495
vt 0.464599 0.626660
vt 0.316342 0.648080
vt 0.308335 0.651141
vt 0.174335 0.669941
vt 0.177281 0.678175
vt 0.183164 0.677834
vt 0.186440 0.669991
vt 0.517001 0.678298
vt 0.508892 0.682110
vt 0.478936 0.609666
vt 0.474811 0.617427
vt 0.478952 0.621593
vt 0.486758 0.618740
vt 0.478466 0.627474
vt 0.486472 0.630535
vt 0.749795 0.699751
vt 0.746283 0.708099
vt 0.750570 0.711907
vt 0.758517 0.708666
vt 0.425784 0.708216
vt 0.428734 0.699889
vt 0.186998 0.682087
vt 0.195449 0.678587
vt 0.495955 0.669691
vt 0.499157 0.677487
vt 0.505041 0.677837
vt 0.507996 0.669623
vt 0.749601 0.729860
vt 0.746361 0.721914
vt 0.740641 0.721512
vt 0.737129 0.729860
vt 0.187386 0.687626
vt 0.195449 0.691440
vt 0.295941 0.669941
vt 0.299142 0.661142
vt 0.294867 0.657656
vt 0.286375 0.660908
vt 0.407443 0.721180
vt 0.415417 0.717378
vt 0.495215 0.699601
vt 0.498925 0.691325
vt 0.494739 0.687423
vt 0.486758 0.690467
vt 0.750169 0.717627
vt 0.758517 0.721138
vt 0.501890 0.684676
vt 0.177653 0.692229
vt 0.180408 0.685031
vt 0.173430 0.682436
vt 0.173818 0.687975
vt 0.422498 0.714944
vt 0.429579 0.712510
vt 0.183535 0.691887
vt 0.304017 0.647330
vt 0.298285 0.647657
vt 0.294468 0.651955
vt 0.301578 0.654382
vt 0.471709 0.624233
vt 0.424932 0.722025
vt 0.429226 0.718230
vt 0.495260 0.681724
vt 0.743462 0.714806
vt 0.736354 0.717704
vt 0.419212 0.721672
vt 0.186481 0.700121
vt 0.174376 0.700071
vt 0.165367 0.691475
vt 0.286375 0.648120
vt 0.295357 0.639308
vt 0.728407 0.720945
vt 0.437553 0.721180
vt 0.428734 0.729999
vt 0.307761 0.639442
vt 0.487066 0.678114
vt 0.165367 0.678622
vt 0.437553 0.708708
vt 0.416262 0.729999
s 0
f 1225/1191/147 1227/1192/147 1279/1193/147 1242/1194/147
f 1204/1195/148 1287/1196/148 1265/1197/148 1258/1198/148
f 1213/1199/148 1234/1200/148 1269/1201/148 1232/1202/148
f 1247/1203/149 1191/1204/149 1282/1205/149 1211/1206/149
f 1218/1207/147 1239/1208/147 1241/1209/147 1244/1210/147
f 1252/1211/150 1246/1212/150 1276/1213/150 1220/1214/150
f 1214/1215/147 1268/1216/147 1191/1204/147 1247/1203/147
f 1219/1217/151 1243/1218/151 1246/1212/151 1252/1211/151
f 1209/1219/147 1291/1220/147 1248/1221/147 1251/1222/147
f 1240/1223/150 1200/1224/150 1287/1196/150 1204/1195/150
f 1231/1225/152 1193/1226/152 1192/1227/152 1212/1228/152
f 1212/1228/151 1192/1227/151 1236/1229/151 1245/1230/151
f 1226/1231/153 1280/1232/153 1278/1233/153 1235/1234/153
f 1244/1210/149 1241/1209/149 1289/1235/149 1215/1236/149
f 1251/1222/149 1248/1221/149 1250/1237/149 1210/1238/149
f 1262/1239/152 1198/1240/152 1199/1241/152 1203/1242/152
f 1238/1243/150 1257/1244/150 1281/1245/150 1224/1246/150
f 1242/1194/149 1279/1193/149 1280/1232/149 1226/1231/149
f 1210/1238/153 1250/1237/153 1253/1247/153 1259/1248/153
f 1233/1249/154 1275/1250/154 1283/1251/154 1221/1252/154
f 1267/1253/154 1274/1254/154 1239/1208/154 1218/1207/154
f 1203/1242/151 1199/1241/151 1200/1224/151 1240/1223/151
f 1205/1255/147 1263/1256/147 1261/1257/147 1237/1258/147
f 1235/1234/152 1278/1233/152 1255/1259/152 1223/1260/152
f 1200/1224/155 1288/1261/155 1265/1197/155 1287/1196/155
f 1197/1262/155 1292/1263/155 1195/1264/155 1194/1265/155
f 1241/1209/155 1239/1208/155 1274/1254/155 1290/1266/155
f 1199/1241/155 1198/1240/155 1288/1261/155 1200/1224/155
f 1289/1235/155 1241/1209/155 1290/1266/155 1270/1267/155
f 1196/1268/155 1253/1247/155 1292/1263/155 1197/1262/155
f 1253/1247/155 1250/1237/155 1248/1221/155 1292/1263/155
f 1202/1269/155 1201/1270/155 1277/1271/155 1285/1272/155
f 1243/1218/155 1202/1269/155 1285/1272/155 1246/1212/155
f 1193/1226/155 1286/1273/155 1236/1229/155 1192/1227/155
f 1270/1267/155 1290/1266/155 1272/1274/155 1271/1275/155
f 1282/1205/155 1191/1204/155 1286/1273/155 1193/1226/155
f 1198/1240/155 1260/1276/155 1261/1257/155 1288/1261/155
f 1278/1233/155 1280/1232/155 1279/1193/155 1284/1277/155
f 1255/1259/155 1278/1233/155 1284/1277/155 1257/1244/155
f 1191/1204/155 1268/1216/155 1269/1201/155 1286/1273/155
f 1246/1212/155 1285/1272/155 1275/1250/155 1276/1213/155
f 1257/1244/155 1284/1277/155 1228/1278/155 1281/1245/155
f 1284/1277/155 1279/1193/155 1227/1192/155 1228/1278/155
f 1285/1272/155 1277/1271/155 1283/1251/155 1275/1250/155
f 1290/1266/155 1274/1254/155 1273/1279/155 1272/1274/155
f 1286/1273/155 1269/1201/155 1234/1200/155 1236/1229/155
f 1292/1263/155 1248/1221/155 1291/1220/155 1195/1264/155
f 1288/1261/155 1261/1257/155 1263/1256/155 1265/1197/155
f 1220/1214/148 1276/1213/148 1275/1250/148 1233/1249/148
f 1245/1230/150 1236/1229/150 1234/1200/150 1213/1199/150
f 1259/1248/152 1253/1247/152 1196/1268/152 1207/1280/152
f 1254/1281/150 1197/1262/150 1194/1265/150 1208/1282/150
f 1256/1283/149 1277/1271/149 1201/1270/149 1222/1284/149
f 1229/1285/154 1228/1278/154 1227/1192/154 1225/1191/154
f 1216/1286/151 1271/1275/151 1272/1274/151 1249/1287/151
f 1207/1280/151 1196/1268/151 1197/1262/151 1254/1281/151
f 1221/1252/147 1283/1251/147 1277/1271/147 1256/1283/147
f 1222/1284/153 1201/1270/153 1202/1269/153 1230/1288/153
f 1206/1289/153 1260/1276/153 1198/1240/153 1262/1239/153
f 1208/1282/148 1194/1265/148 1195/1264/148 1264/1290/148
f 1224/1246/148 1281/1245/148 1228/1278/148 1229/1285/148
f 1258/1198/154 1265/1197/154 1263/1256/154 1205/1255/154
f 1266/1291/152 1270/1267/152 1271/1275/152 1216/1286/152
f 1264/1290/154 1195/1264/154 1291/1220/154 1209/1219/154
f 1230/1288/152 1202/1269/152 1243/1218/152 1219/1217/152
f 1237/1258/149 1261/1257/149 1260/1276/149 1206/1289/149
f 1249/1287/150 1272/1274/150 1273/1279/150 1217/1292/150
f 1211/1206/153 1282/1205/153 1193/1226/153 1231/1225/153
f 1217/1292/148 1273/1279/148 1274/1254/148 1267/1253/148
f 1215/1236/153 1289/1235/153 1270/1267/153 1266/1291/153
f 1232/1202/154 1269/1201/154 1268/1216/154 1214/1215/154
f 1223/1260/151 1255/1259/151 1257/1244/151 1238/1243/151
o Bolts.017
v -0.239531 4.561843 0.040670
v -0.279878 4.578556 0.040670
v -0.263166 4.585478 0.040670
v -0.239291 4.585718 0.021270
v -0.287041 4.585718 0.021270
v -0.287041 4.537969 0.021270
v -0.239291 4.537969 0.021270
v -0.263166 4.595607 0.021270
v -0.263166 4.528080 0.021270
v -0.279878 4.545131 0.040670
v -0.286801 4.561843 0.040670
v -0.296930 4.561843 0.021270
v -0.229402 4.561843 0.021270
v -0.246454 4.545131 0.040670
v -0.263166 4.538209 0.040670
v -0.246454 4.578556 0.040670
v -0.286801 4.561843 0.075092
v -0.263166 4.561843 0.075092
v -0.239531 4.561843 0.075092
v -0.263166 4.585478 0.075092
v -0.246454 4.578556 0.075092
v -0.279878 4.578556 0.075092
v -0.263166 4.538209 0.075092
v -0.246454 4.545131 0.075092
v -0.279878 4.545131 0.075092
vn -0.3447 -0.8321 0.4345
vn 0.8321 0.3447 0.4345
vn 0.8321 -0.3447 0.4345
vn -0.3447 0.8321 0.4345
vn -0.8321 0.3447 0.4345
vn 0.9239 0.3827 -0.0000
vn -0.3827 -0.9239 -0.0000
vn -0.3827 0.9239 -0.0000
vn 0.3827 -0.9239 -0.0000
vn -0.8321 -0.3447 0.4345
vn 0.3447 0.8321 0.4345
vn 0.3447 -0.8321 0.4345
vn -0.0000 -0.0000 1.0000
vn 0.3827 0.9239 -0.0000
vn -0.9239 -0.3827 -0.0000
vn 0.9239 -0.3827 -0.0000
vn -0.9239 0.3827 -0.0000
vt 0.377131 0.660804
vt 0.368426 0.669612
vt 0.364835 0.661634
vt 0.369037 0.657697
vt 0.346965 0.660737
vt 0.347193 0.647829
vt 0.355524 0.651561
vt 0.355169 0.657212
vt 0.355916 0.669687
vt 0.359071 0.661443
vt 0.356659 0.639308
vt 0.368780 0.639931
vt 0.365343 0.647583
vt 0.359513 0.647551
vt 0.377131 0.648567
vt 0.369254 0.651934
vt 0.361336 0.654044
vt 0.361206 0.654812
vt 0.362425 0.655578
vt 0.363061 0.655127
vt 0.362739 0.653719
vt 0.361969 0.653591
vt 0.361656 0.655447
vt 0.363192 0.654356
vt 0.362198 0.654584
s 0
f 1298/1293/156 1301/1294/156 1307/1295/156 1302/1296/156
f 1305/1297/157 1296/1298/157 1308/1299/157 1293/1300/157
f 1299/1301/158 1305/1297/158 1293/1300/158 1306/1302/158
f 1300/1303/159 1297/1304/159 1294/1305/159 1295/1306/159
f 1297/1304/160 1304/1307/160 1303/1308/160 1294/1305/160
f 1293/1300/161 1308/1299/161 1313/1309/161 1311/1310/161
f 1302/1296/162 1307/1295/162 1315/1311/162 1317/1312/162
f 1295/1306/163 1294/1305/163 1314/1313/163 1312/1314/163
f 1307/1295/164 1306/1302/164 1316/1315/164 1315/1311/164
f 1304/1307/165 1298/1293/165 1302/1296/165 1303/1308/165
f 1296/1298/166 1300/1303/166 1295/1306/166 1308/1299/166
f 1301/1294/167 1299/1301/167 1306/1302/167 1307/1295/167
f 1312/1314/168 1314/1313/168 1309/1316/168 1310/1317/168
f 1313/1309/168 1312/1314/168 1310/1317/168 1311/1310/168
f 1311/1310/168 1310/1317/168 1315/1311/168 1316/1315/168
f 1310/1317/168 1309/1316/168 1317/1312/168 1315/1311/168
f 1308/1299/169 1295/1306/169 1312/1314/169 1313/1309/169
f 1303/1308/170 1302/1296/170 1317/1312/170 1309/1316/170
f 1306/1302/171 1293/1300/171 1311/1310/171 1316/1315/171
f 1294/1305/172 1303/1308/172 1309/1316/172 1314/1313/172
o Bolts.018
v 0.244819 4.674524 0.040670
v 0.237896 4.691236 0.040670
v 0.261531 4.667601 0.040670
v 0.237656 4.667361 0.021269
v 0.261531 4.657472 0.021269
v 0.227767 4.691236 0.021269
v 0.237656 4.715111 0.021269
v 0.295295 4.691236 0.021269
v 0.261531 4.725000 0.021269
v 0.285405 4.715111 0.021269
v 0.261531 4.714871 0.040670
v 0.244819 4.707948 0.040670
v 0.278243 4.707948 0.040670
v 0.285166 4.691236 0.040670
v 0.278243 4.674524 0.040670
v 0.285406 4.667361 0.021269
v 0.244819 4.674524 0.075092
v 0.237896 4.691236 0.075092
v 0.261531 4.667601 0.075092
v 0.261531 4.691236 0.075092
v 0.261531 4.714871 0.075092
v 0.244819 4.707948 0.075092
v 0.278243 4.707948 0.075092
v 0.285166 4.691236 0.075092
v 0.278243 4.674524 0.075092
vn -0.8321 -0.3447 0.4345
vn 0.9239 0.3827 -0.0000
vn -0.3447 -0.8321 0.4345
vn -0.8321 0.3447 0.4345
vn 0.3447 0.8321 0.4345
vn -0.3447 0.8321 0.4345
vn -0.3827 -0.9239 -0.0000
vn 0.3827 0.9239 -0.0000
vn 0.8321 0.3447 0.4345
vn 0.9239 -0.3827 -0.0000
vn 0.8321 -0.3447 0.4345
vn 0.3447 -0.8321 0.4345
vn -0.0000 -0.0000 1.0000
vn -0.9239 0.3827 -0.0000
vn -0.3827 0.9239 -0.0000
vn 0.3827 -0.9239 -0.0000
vn -0.9239 -0.3827 -0.0000
vt 0.637729 0.690810
vt 0.629058 0.699833
vt 0.625589 0.691505
vt 0.629818 0.687538
vt 0.615471 0.681918
vt 0.619700 0.677951
vt 0.622365 0.683744
vt 0.621749 0.684230
vt 0.616313 0.699833
vt 0.619907 0.691752
vt 0.637744 0.678537
vt 0.629602 0.681672
vt 0.616232 0.669623
vt 0.628977 0.669623
vt 0.625382 0.677704
vt 0.622147 0.685622
vt 0.622925 0.685712
vt 0.623142 0.683833
vt 0.607561 0.678646
vt 0.615688 0.687783
vt 0.621660 0.685009
vt 0.607546 0.690918
vt 0.623540 0.685225
vt 0.622645 0.684728
vt 0.623630 0.684447
s 0
f 1323/1318/173 1321/1319/173 1318/1320/173 1319/1321/173
f 1331/1322/174 1330/1323/174 1340/1324/174 1341/1325/174
f 1321/1319/175 1322/1326/175 1320/1327/175 1318/1320/175
f 1324/1328/176 1323/1318/176 1319/1321/176 1329/1329/176
f 1327/1330/177 1326/1331/177 1328/1332/177 1330/1323/177
f 1326/1331/178 1324/1328/178 1329/1329/178 1328/1332/178
f 1318/1320/179 1320/1327/179 1336/1333/179 1334/1334/179
f 1330/1323/180 1328/1332/180 1338/1335/180 1340/1324/180
f 1325/1336/181 1327/1330/181 1330/1323/181 1331/1322/181
f 1332/1337/182 1331/1322/182 1341/1325/182 1342/1338/182
f 1333/1339/183 1325/1336/183 1331/1322/183 1332/1337/183
f 1322/1326/184 1333/1339/184 1332/1337/184 1320/1327/184
f 1335/1340/185 1334/1334/185 1336/1333/185 1337/1341/185
f 1338/1335/185 1337/1341/185 1341/1325/185 1340/1324/185
f 1339/1342/185 1335/1340/185 1337/1341/185 1338/1335/185
f 1337/1341/185 1336/1333/185 1342/1338/185 1341/1325/185
f 1329/1329/186 1319/1321/186 1335/1340/186 1339/1342/186
f 1328/1332/187 1329/1329/187 1339/1342/187 1338/1335/187
f 1320/1327/188 1332/1337/188 1342/1338/188 1336/1333/188
f 1319/1321/189 1318/1320/189 1334/1334/189 1335/1340/189
o Bolts.019
v -0.112393 4.304455 2.312809
v -0.129106 4.304455 2.305887
v -0.105471 4.304455 2.329521
v -0.105231 4.323855 2.305647
v -0.095342 4.323855 2.329521
v -0.129106 4.323855 2.295758
v -0.152980 4.323855 2.305647
v -0.129106 4.323855 2.363286
v -0.162869 4.323855 2.329521
v -0.152980 4.323855 2.353396
v -0.152740 4.304455 2.329521
v -0.129106 4.304455 2.329521
v -0.145818 4.304455 2.312809
v -0.145818 4.304455 2.346234
v -0.129106 4.304455 2.353156
v -0.112393 4.304455 2.346234
v -0.105231 4.323855 2.353396
vn 0.3447 -0.4345 -0.8321
vn -0.0000 -1.0000 -0.0000
vn 0.8321 -0.4345 -0.3447
vn -0.3447 -0.4345 -0.8321
vn -0.8321 -0.4345 0.3447
vn -0.8321 -0.4345 -0.3447
vn -0.3447 -0.4345 0.8321
vn 0.3447 -0.4345 0.8321
vn 0.8321 -0.4345 0.3447
vt 0.416485 0.699839
vt 0.407443 0.691211
vt 0.415924 0.687699
vt 0.419773 0.691967
vt 0.415536 0.682139
vt 0.422539 0.684743
vt 0.407443 0.678311
vt 0.428634 0.699889
vt 0.425677 0.691625
vt 0.437635 0.678276
vt 0.437635 0.691176
vt 0.429542 0.687348
vt 0.429153 0.681788
vt 0.425304 0.677520
vt 0.428593 0.669648
vt 0.419400 0.677862
vt 0.416444 0.669598
s 0
f 1348/1343/190 1346/1344/190 1343/1345/190 1344/1346/190
f 1344/1346/191 1343/1345/191 1345/1347/191 1354/1348/191
f 1346/1344/192 1347/1349/192 1345/1347/192 1343/1345/192
f 1349/1350/193 1348/1343/193 1344/1346/193 1355/1351/193
f 1352/1352/194 1351/1353/194 1353/1354/194 1356/1355/194
f 1351/1353/195 1349/1350/195 1355/1351/195 1353/1354/195
f 1353/1354/191 1354/1348/191 1357/1356/191 1356/1355/191
f 1355/1351/191 1344/1346/191 1354/1348/191 1353/1354/191
f 1350/1357/196 1352/1352/196 1356/1355/196 1357/1356/196
f 1354/1348/191 1345/1347/191 1358/1358/191 1357/1356/191
f 1359/1359/197 1350/1357/197 1357/1356/197 1358/1358/197
f 1347/1349/198 1359/1359/198 1358/1358/198 1345/1347/198
o Bolts.020
v 0.106045 4.304455 2.329521
v 0.129680 4.304455 2.329521
v 0.112967 4.304455 2.346234
v 0.112967 4.304455 2.312809
v 0.095916 4.323855 2.329521
v 0.105805 4.323855 2.305647
v 0.105805 4.323855 2.353396
v 0.129680 4.323855 2.363286
v 0.129680 4.323855 2.295758
v 0.163444 4.323855 2.329521
v 0.153554 4.323855 2.353396
v 0.153554 4.323855 2.305647
v 0.153314 4.304455 2.329521
v 0.146392 4.304455 2.312809
v 0.146392 4.304455 2.346234
v 0.129680 4.304455 2.353156
v 0.129680 4.304455 2.305887
vn -0.0000 -1.0000 -0.0000
vn -0.8321 -0.4345 0.3447
vn -0.8321 -0.4345 -0.3447
vn 0.8321 -0.4345 0.3447
vn 0.8321 -0.4345 -0.3447
vn 0.3447 -0.4345 0.8321
vn -0.3447 -0.4345 0.8321
vn 0.3447 -0.4345 -0.8321
vn -0.3447 -0.4345 -0.8321
vt 0.559564 0.677469
vt 0.562292 0.684643
vt 0.555156 0.687384
vt 0.555676 0.681697
vt 0.565436 0.677819
vt 0.569279 0.682083
vt 0.547500 0.678096
vt 0.556370 0.669691
vt 0.568384 0.669623
vt 0.568134 0.699871
vt 0.555631 0.699535
vt 0.559333 0.691278
vt 0.565026 0.691812
vt 0.577369 0.691221
vt 0.568869 0.687616
vt 0.547192 0.690421
vt 0.577369 0.678279
s 0
f 1360/1360/199 1361/1361/199 1375/1362/199 1362/1363/199
f 1363/1364/199 1376/1365/199 1361/1361/199 1360/1360/199
f 1366/1366/200 1364/1367/200 1360/1360/200 1362/1363/200
f 1364/1367/201 1365/1368/201 1363/1364/201 1360/1360/201
f 1369/1369/202 1370/1370/202 1374/1371/202 1372/1372/202
f 1371/1373/203 1369/1369/203 1372/1372/203 1373/1374/203
f 1361/1361/199 1372/1372/199 1374/1371/199 1375/1362/199
f 1376/1365/199 1373/1374/199 1372/1372/199 1361/1361/199
f 1370/1370/204 1367/1375/204 1375/1362/204 1374/1371/204
f 1367/1375/205 1366/1366/205 1362/1363/205 1375/1362/205
f 1368/1376/206 1371/1373/206 1373/1374/206 1376/1365/206
f 1365/1368/207 1368/1376/207 1376/1365/207 1363/1364/207
o Bolts.021
v -0.145818 4.304455 2.222761
v -0.129106 4.304455 2.229684
v -0.152740 4.304455 2.206049
v -0.152980 4.323855 2.229924
v -0.162869 4.323855 2.206049
v -0.129106 4.323855 2.239813
v -0.105231 4.323855 2.229924
v -0.095342 4.323855 2.206049
v -0.129106 4.323855 2.172285
v -0.152980 4.323855 2.182174
v -0.105231 4.323855 2.182174
v -0.129106 4.304455 2.182414
v -0.129106 4.304455 2.206049
v -0.112393 4.304455 2.189337
v -0.145818 4.304455 2.189337
v -0.105471 4.304455 2.206049
v -0.112393 4.304455 2.222761
vn -0.3447 -0.4345 0.8321
vn -0.0000 -1.0000 -0.0000
vn -0.8321 -0.4345 0.3447
vn 0.3447 -0.4345 0.8321
vn -0.3447 -0.4345 -0.8321
vn 0.3447 -0.4345 -0.8321
vn -0.8321 -0.4345 -0.3447
vn 0.8321 -0.4345 -0.3447
vn 0.8321 -0.4345 0.3447
vt 0.044224 0.617507
vt 0.053227 0.608674
vt 0.056161 0.617042
vt 0.052335 0.621350
vt 0.061906 0.616714
vt 0.059461 0.623783
vt 0.065658 0.608809
vt 0.044224 0.630323
vt 0.052735 0.627064
vt 0.074258 0.617466
vt 0.074544 0.629287
vt 0.066721 0.626428
vt 0.066234 0.620535
vt 0.066705 0.638382
vt 0.062571 0.630603
vt 0.057020 0.630558
vt 0.053812 0.639376
s 0
f 1382/1377/208 1380/1378/208 1377/1379/208 1378/1380/208
f 1379/1381/209 1389/1382/209 1378/1380/209 1377/1379/209
f 1380/1378/210 1381/1383/210 1379/1381/210 1377/1379/210
f 1383/1384/211 1382/1377/211 1378/1380/211 1393/1385/211
f 1386/1386/212 1385/1387/212 1388/1388/212 1391/1389/212
f 1385/1387/213 1387/1390/213 1390/1391/213 1388/1388/213
f 1388/1388/209 1390/1391/209 1392/1392/209 1389/1382/209
f 1391/1389/209 1388/1388/209 1389/1382/209 1379/1381/209
f 1381/1383/214 1386/1386/214 1391/1389/214 1379/1381/214
f 1387/1390/215 1384/1393/215 1392/1392/215 1390/1391/215
f 1384/1393/216 1383/1384/216 1393/1385/216 1392/1392/216
f 1389/1382/209 1392/1392/209 1393/1385/209 1378/1380/209
o Bolts.022
v 0.261531 4.456086 0.040670
v 0.278243 4.449163 0.040670
v 0.244818 4.449163 0.040670
v 0.261531 4.466215 0.021269
v 0.237656 4.456326 0.021269
v 0.285405 4.456326 0.021269
v 0.295295 4.432451 0.021269
v 0.227767 4.432451 0.021269
v 0.261531 4.398687 0.021269
v 0.285405 4.408576 0.021269
v 0.237656 4.408576 0.021269
v 0.261531 4.408816 0.040670
v 0.244818 4.415739 0.040670
v 0.278243 4.415739 0.040670
v 0.285166 4.432451 0.040670
v 0.237896 4.432451 0.040670
v 0.261531 4.432451 0.075092
v 0.261531 4.456086 0.075092
v 0.278243 4.449163 0.075092
v 0.244819 4.449163 0.075092
v 0.261531 4.408816 0.075092
v 0.244819 4.415739 0.075092
v 0.278243 4.415739 0.075092
v 0.285166 4.432451 0.075092
v 0.237896 4.432451 0.075092
vn -0.9239 -0.3827 -0.0000
vn 0.3827 0.9239 -0.0000
vn 0.3447 0.8321 0.4345
vn -0.3447 0.8321 0.4345
vn 0.3447 -0.8321 0.4345
vn -0.3447 -0.8321 0.4345
vn -0.3827 -0.9239 -0.0000
vn -0.9239 0.3827 -0.0000
vn 0.8321 -0.3447 0.4345
vn 0.8321 0.3447 0.4345
vn -0.8321 -0.3447 0.4345
vn -0.8321 0.3447 0.4345
vn -0.0000 -0.0000 1.0000
vn 0.9239 -0.3827 -0.0000
vn 0.3827 -0.9239 -0.0000
vn -0.3827 0.9239 -0.0000
vn 0.9239 0.3827 -0.0000
vt 0.217708 0.682237
vt 0.217448 0.687913
vt 0.211574 0.685475
vt 0.211696 0.684705
vt 0.203937 0.681973
vt 0.207910 0.677806
vt 0.210465 0.683952
vt 0.209835 0.684412
vt 0.195823 0.678452
vt 0.204718 0.669965
vt 0.216885 0.669941
vt 0.213757 0.678030
vt 0.216655 0.700107
vt 0.204143 0.699896
vt 0.207730 0.691719
vt 0.213499 0.692075
vt 0.225783 0.691432
vt 0.210945 0.685935
vt 0.211237 0.684074
vt 0.195619 0.690835
vt 0.203589 0.687733
vt 0.225783 0.678662
vt 0.210705 0.684944
vt 0.209714 0.685184
vt 0.210174 0.685813
s 0
f 1409/1394/217 1406/1395/217 1415/1396/217 1418/1397/217
f 1395/1398/218 1394/1399/218 1411/1400/218 1412/1401/218
f 1399/1402/219 1397/1403/219 1394/1399/219 1395/1398/219
f 1397/1403/220 1398/1404/220 1396/1405/220 1394/1399/220
f 1402/1406/221 1403/1407/221 1407/1408/221 1405/1409/221
f 1404/1410/222 1402/1406/222 1405/1409/222 1406/1395/222
f 1406/1395/223 1405/1409/223 1414/1411/223 1415/1396/223
f 1396/1405/224 1409/1394/224 1418/1397/224 1413/1412/224
f 1403/1407/225 1400/1413/225 1408/1414/225 1407/1408/225
f 1400/1413/226 1399/1402/226 1395/1398/226 1408/1414/226
f 1401/1415/227 1404/1410/227 1406/1395/227 1409/1394/227
f 1398/1404/228 1401/1415/228 1409/1394/228 1396/1405/228
f 1411/1400/229 1410/1416/229 1417/1417/229 1412/1401/229
f 1413/1412/229 1418/1397/229 1410/1416/229 1411/1400/229
f 1410/1416/229 1414/1411/229 1416/1418/229 1417/1417/229
f 1418/1397/229 1415/1396/229 1414/1411/229 1410/1416/229
f 1407/1408/230 1408/1414/230 1417/1417/230 1416/1418/230
f 1405/1409/231 1407/1408/231 1416/1418/231 1414/1411/231
f 1394/1399/232 1396/1405/232 1413/1412/232 1411/1400/232
f 1408/1414/233 1395/1398/233 1412/1401/233 1417/1417/233
o Bolts.023
v 0.105805 4.323855 2.182174
v 0.129680 4.323855 2.172285
v 0.112967 4.304455 2.189337
v 0.095916 4.323855 2.206049
v 0.106045 4.304455 2.206049
v 0.105805 4.323855 2.229924
v 0.163444 4.323855 2.206049
v 0.129680 4.323855 2.239813
v 0.153554 4.323855 2.229924
v 0.129680 4.304455 2.229684
v 0.129680 4.304455 2.206049
v 0.146392 4.304455 2.222761
v 0.112967 4.304455 2.222761
v 0.153314 4.304455 2.206049
v 0.146392 4.304455 2.189337
v 0.129680 4.304455 2.182414
v 0.153554 4.323855 2.182174
vn -0.3447 -0.4345 -0.8321
vn -0.8321 -0.4345 -0.3447
vn -0.8321 -0.4345 0.3447
vn -0.3447 -0.4345 0.8321
vn 0.3447 -0.4345 0.8321
vn -0.0000 -1.0000 -0.0000
vn 0.8321 -0.4345 0.3447
vn 0.8321 -0.4345 -0.3447
vn 0.3447 -0.4345 -0.8321
vt 0.728623 0.660703
vt 0.719705 0.669427
vt 0.716463 0.661478
vt 0.720272 0.657190
vt 0.728623 0.648226
vt 0.720674 0.651468
vt 0.719899 0.639308
vt 0.716386 0.647658
vt 0.707422 0.639308
vt 0.710664 0.647257
vt 0.698503 0.648032
vt 0.706854 0.651545
vt 0.713563 0.654368
vt 0.706453 0.657267
vt 0.698503 0.660509
vt 0.710741 0.661076
vt 0.707228 0.669427
s 0
f 1419/1419/234 1420/1420/234 1434/1421/234 1421/1422/234
f 1422/1423/235 1419/1419/235 1421/1422/235 1423/1424/235
f 1424/1425/236 1422/1423/236 1423/1424/236 1431/1426/236
f 1426/1427/237 1424/1425/237 1431/1426/237 1428/1428/237
f 1427/1429/238 1426/1427/238 1428/1428/238 1430/1430/238
f 1429/1431/239 1432/1432/239 1430/1430/239 1428/1428/239
f 1423/1424/239 1429/1431/239 1428/1428/239 1431/1426/239
f 1425/1433/240 1427/1429/240 1430/1430/240 1432/1432/240
f 1434/1421/239 1433/1434/239 1432/1432/239 1429/1431/239
f 1435/1435/241 1425/1433/241 1432/1432/241 1433/1434/241
f 1420/1420/242 1435/1435/242 1433/1434/242 1434/1421/242
f 1421/1422/239 1434/1421/239 1429/1431/239 1423/1424/239
o Bolts.024
v -0.112393 4.304455 1.141469
v -0.129106 4.304455 1.134546
v -0.105471 4.304455 1.158181
v -0.105231 4.323855 1.134307
v -0.095342 4.323855 1.158181
v -0.129106 4.323855 1.124417
v -0.152980 4.323855 1.134306
v -0.129106 4.323855 1.191945
v -0.162870 4.323855 1.158181
v -0.152980 4.323855 1.182056
v -0.152740 4.304455 1.158181
v -0.129106 4.304455 1.158181
v -0.145818 4.304455 1.141469
v -0.145818 4.304455 1.174893
v -0.129106 4.304455 1.181816
v -0.112393 4.304455 1.174893
v -0.105231 4.323855 1.182056
vn 0.3447 -0.4345 -0.8321
vn -0.0000 -1.0000 -0.0000
vn 0.8321 -0.4345 -0.3447
vn -0.3447 -0.4345 -0.8321
vn -0.8321 -0.4345 0.3447
vn -0.8321 -0.4345 -0.3447
vn -0.3447 -0.4345 0.8321
vn 0.3447 -0.4345 0.8321
vn 0.8321 -0.4345 0.3447
vt 0.526042 0.699863
vt 0.517001 0.691236
vt 0.525482 0.687723
vt 0.529331 0.691992
vt 0.525093 0.682164
vt 0.532097 0.684768
vt 0.517001 0.678335
vt 0.538191 0.699913
vt 0.535235 0.691649
vt 0.547192 0.678300
vt 0.547192 0.691200
vt 0.539100 0.687372
vt 0.538711 0.681813
vt 0.534862 0.677544
vt 0.538151 0.669673
vt 0.528958 0.677887
vt 0.526002 0.669623
s 0
f 1441/1436/243 1439/1437/243 1436/1438/243 1437/1439/243
f 1437/1439/244 1436/1438/244 1438/1440/244 1447/1441/244
f 1439/1437/245 1440/1442/245 1438/1440/245 1436/1438/245
f 1442/1443/246 1441/1436/246 1437/1439/246 1448/1444/246
f 1445/1445/247 1444/1446/247 1446/1447/247 1449/1448/247
f 1444/1446/248 1442/1443/248 1448/1444/248 1446/1447/248
f 1446/1447/244 1447/1441/244 1450/1449/244 1449/1448/244
f 1448/1444/244 1437/1439/244 1447/1441/244 1446/1447/244
f 1443/1450/249 1445/1445/249 1449/1448/249 1450/1449/249
f 1447/1441/244 1438/1440/244 1451/1451/244 1450/1449/244
f 1452/1452/250 1443/1450/250 1450/1449/250 1451/1451/250
f 1440/1442/251 1452/1452/251 1451/1451/251 1438/1440/251
o Bolts.025
v 0.106045 4.304455 1.158181
v 0.129680 4.304455 1.158181
v 0.112967 4.304455 1.174893
v 0.112967 4.304455 1.141469
v 0.095916 4.323855 1.158181
v 0.105805 4.323855 1.134307
v 0.105805 4.323855 1.182056
v 0.129680 4.323855 1.191945
v 0.129680 4.323855 1.124417
v 0.163443 4.323855 1.158181
v 0.153554 4.323855 1.182056
v 0.153554 4.323855 1.134307
v 0.153314 4.304455 1.158181
v 0.146392 4.304455 1.141469
v 0.146392 4.304455 1.174893
v 0.129680 4.304455 1.181816
v 0.129680 4.304455 1.134546
vn -0.0000 -1.0000 -0.0000
vn -0.8321 -0.4345 0.3447
vn -0.8321 -0.4345 -0.3447
vn 0.8321 -0.4345 0.3447
vn 0.8321 -0.4345 -0.3447
vn 0.3447 -0.4345 0.8321
vn -0.3447 -0.4345 0.8321
vn 0.3447 -0.4345 -0.8321
vn -0.3447 -0.4345 -0.8321
vt 0.589741 0.677469
vt 0.592469 0.684643
vt 0.585333 0.687384
vt 0.585853 0.681697
vt 0.595613 0.677819
vt 0.599455 0.682083
vt 0.577677 0.678096
vt 0.586546 0.669691
vt 0.598561 0.669623
vt 0.598311 0.699871
vt 0.585808 0.699535
vt 0.589510 0.691278
vt 0.595202 0.691812
vt 0.607546 0.691221
vt 0.599046 0.687616
vt 0.577369 0.690421
vt 0.607546 0.678279
s 0
f 1453/1453/252 1454/1454/252 1468/1455/252 1455/1456/252
f 1456/1457/252 1469/1458/252 1454/1454/252 1453/1453/252
f 1459/1459/253 1457/1460/253 1453/1453/253 1455/1456/253
f 1457/1460/254 1458/1461/254 1456/1457/254 1453/1453/254
f 1462/1462/255 1463/1463/255 1467/1464/255 1465/1465/255
f 1464/1466/256 1462/1462/256 1465/1465/256 1466/1467/256
f 1454/1454/252 1465/1465/252 1467/1464/252 1468/1455/252
f 1469/1458/252 1466/1467/252 1465/1465/252 1454/1454/252
f 1463/1463/257 1460/1468/257 1468/1455/257 1467/1464/257
f 1460/1468/258 1459/1459/258 1455/1456/258 1468/1455/258
f 1461/1469/259 1464/1466/259 1466/1467/259 1469/1458/259
f 1458/1461/260 1461/1469/260 1469/1458/260 1456/1457/260
o Bolts.026
v -0.145818 4.304455 1.051421
v -0.129106 4.304455 1.058343
v -0.152740 4.304455 1.034708
v -0.152980 4.323855 1.058583
v -0.162870 4.323855 1.034708
v -0.129106 4.323855 1.068473
v -0.105231 4.323855 1.058583
v -0.095342 4.323855 1.034708
v -0.129106 4.323855 1.000945
v -0.152980 4.323855 1.010834
v -0.105231 4.323855 1.010834
v -0.129106 4.304455 1.011074
v -0.129106 4.304455 1.034708
v -0.112394 4.304455 1.017996
v -0.145818 4.304455 1.017996
v -0.105471 4.304455 1.034708
v -0.112394 4.304455 1.051421
vn -0.3447 -0.4345 0.8321
vn -0.0000 -1.0000 -0.0000
vn -0.8321 -0.4345 0.3447
vn 0.3447 -0.4345 0.8321
vn -0.3447 -0.4345 -0.8321
vn 0.3447 -0.4345 -0.8321
vn -0.8321 -0.4345 -0.3447
vn 0.8321 -0.4345 -0.3447
vn 0.8321 -0.4345 0.3447
vt 0.074544 0.617507
vt 0.083546 0.608674
vt 0.086481 0.617042
vt 0.082655 0.621350
vt 0.092226 0.616714
vt 0.089781 0.623783
vt 0.095978 0.608809
vt 0.074544 0.630323
vt 0.083055 0.627064
vt 0.104578 0.617466
vt 0.104863 0.629287
vt 0.097041 0.626428
vt 0.096553 0.620535
vt 0.097025 0.638382
vt 0.092890 0.630603
vt 0.087339 0.630558
vt 0.084132 0.639376
s 0
f 1475/1470/261 1473/1471/261 1470/1472/261 1471/1473/261
f 1472/1474/262 1482/1475/262 1471/1473/262 1470/1472/262
f 1473/1471/263 1474/1476/263 1472/1474/263 1470/1472/263
f 1476/1477/264 1475/1470/264 1471/1473/264 1486/1478/264
f 1479/1479/265 1478/1480/265 1481/1481/265 1484/1482/265
f 1478/1480/266 1480/1483/266 1483/1484/266 1481/1481/266
f 1481/1481/262 1483/1484/262 1485/1485/262 1482/1475/262
f 1484/1482/262 1481/1481/262 1482/1475/262 1472/1474/262
f 1474/1476/267 1479/1479/267 1484/1482/267 1472/1474/267
f 1480/1483/268 1477/1486/268 1485/1485/268 1483/1484/268
f 1477/1486/269 1476/1477/269 1486/1478/269 1485/1485/269
f 1482/1475/262 1485/1485/262 1486/1478/262 1471/1473/262
o Bolts.027
v -0.246454 4.707948 0.040670
v -0.239531 4.691236 0.040670
v -0.263166 4.714871 0.040670
v -0.239291 4.715111 0.021270
v -0.263166 4.725000 0.021270
v -0.229402 4.691236 0.021270
v -0.239291 4.667361 0.021270
v -0.263166 4.657472 0.021270
v -0.296930 4.691236 0.021270
v -0.287041 4.715111 0.021270
v -0.287041 4.667361 0.021270
v -0.286801 4.691236 0.040670
v -0.279878 4.674524 0.040670
v -0.279878 4.707948 0.040670
v -0.263166 4.667601 0.040670
v -0.246454 4.674524 0.040670
v -0.239531 4.691236 0.075092
v -0.246454 4.707948 0.075092
v -0.263166 4.714871 0.075092
v -0.286801 4.691236 0.075092
v -0.263166 4.691236 0.075092
v -0.279878 4.674524 0.075092
v -0.279878 4.707948 0.075092
v -0.263166 4.667601 0.075092
v -0.246454 4.674524 0.075092
vn 0.8321 0.3447 0.4345
vn 0.9239 0.3827 -0.0000
vn 0.3447 0.8321 0.4345
vn 0.8321 -0.3447 0.4345
vn -0.8321 0.3447 0.4345
vn -0.8321 -0.3447 0.4345
vn -0.9239 -0.3827 -0.0000
vn -0.3827 0.9239 -0.0000
vn -0.3447 0.8321 0.4345
vn -0.3447 -0.8321 0.4345
vn 0.3447 -0.8321 0.4345
vn -0.3827 -0.9239 -0.0000
vn -0.0000 -0.0000 1.0000
vn -0.9239 0.3827 -0.0000
vn 0.9239 -0.3827 -0.0000
vn 0.3827 -0.9239 -0.0000
vn 0.3827 0.9239 -0.0000
vt 0.325604 0.639308
vt 0.338161 0.639379
vt 0.334558 0.647387
vt 0.328770 0.647580
vt 0.332397 0.653564
vt 0.331618 0.653486
vt 0.346899 0.648220
vt 0.338778 0.651339
vt 0.316627 0.648289
vt 0.324854 0.651827
vt 0.346899 0.660497
vt 0.338529 0.669158
vt 0.335083 0.661479
vt 0.338997 0.657123
vt 0.326359 0.669787
vt 0.329224 0.661511
vt 0.331427 0.655364
vt 0.332206 0.655445
vt 0.332813 0.654950
vt 0.332892 0.654171
vt 0.316855 0.661229
vt 0.325212 0.657479
vt 0.330935 0.654757
vt 0.331913 0.654465
vt 0.331013 0.653980
s 0
f 1492/1487/270 1490/1488/270 1487/1489/270 1488/1490/270
f 1488/1490/271 1487/1489/271 1504/1491/271 1503/1492/271
f 1490/1488/272 1491/1493/272 1489/1494/272 1487/1489/272
f 1493/1495/273 1492/1487/273 1488/1490/273 1502/1496/273
f 1496/1497/274 1495/1498/274 1498/1499/274 1500/1500/274
f 1495/1498/275 1497/1501/275 1499/1502/275 1498/1499/275
f 1498/1499/276 1499/1502/276 1508/1503/276 1506/1504/276
f 1489/1494/277 1500/1500/277 1509/1505/277 1505/1506/277
f 1491/1493/278 1496/1497/278 1500/1500/278 1489/1494/278
f 1497/1501/279 1494/1507/279 1501/1508/279 1499/1502/279
f 1494/1507/280 1493/1495/280 1502/1496/280 1501/1508/280
f 1499/1502/281 1501/1508/281 1510/1509/281 1508/1503/281
f 1505/1506/282 1507/1510/282 1503/1492/282 1504/1491/282
f 1506/1504/282 1508/1503/282 1510/1509/282 1507/1510/282
f 1509/1505/282 1506/1504/282 1507/1510/282 1505/1506/282
f 1507/1510/282 1510/1509/282 1511/1511/282 1503/1492/282
f 1500/1500/283 1498/1499/283 1506/1504/283 1509/1505/283
f 1502/1496/284 1488/1490/284 1503/1492/284 1511/1511/284
f 1501/1508/285 1502/1496/285 1511/1511/285 1510/1509/285
f 1487/1489/286 1489/1494/286 1505/1506/286 1504/1491/286
o Bolts.028
v 0.105805 4.323855 1.010834
v 0.129680 4.323855 1.000945
v 0.112967 4.304455 1.017996
v 0.095916 4.323855 1.034708
v 0.106045 4.304455 1.034708
v 0.105805 4.323855 1.058583
v 0.163443 4.323855 1.034708
v 0.129680 4.323855 1.068473
v 0.153554 4.323855 1.058583
v 0.129680 4.304455 1.058343
v 0.129680 4.304455 1.034708
v 0.146392 4.304455 1.051421
v 0.112967 4.304455 1.051421
v 0.153314 4.304455 1.034708
v 0.146392 4.304455 1.017996
v 0.129680 4.304455 1.011074
v 0.153554 4.323855 1.010834
vn -0.3447 -0.4345 -0.8321
vn -0.8321 -0.4345 -0.3447
vn -0.8321 -0.4345 0.3447
vn -0.3447 -0.4345 0.8321
vn 0.3447 -0.4345 0.8321
vn -0.0000 -1.0000 -0.0000
vn 0.8321 -0.4345 0.3447
vn 0.8321 -0.4345 -0.3447
vn 0.3447 -0.4345 -0.8321
vt 0.728632 0.630264
vt 0.719714 0.638989
vt 0.716472 0.631040
vt 0.720281 0.626752
vt 0.728632 0.617788
vt 0.720683 0.621030
vt 0.719907 0.608869
vt 0.716394 0.617220
vt 0.707431 0.608869
vt 0.710672 0.616819
vt 0.698512 0.617594
vt 0.706863 0.621107
vt 0.713572 0.623929
vt 0.706462 0.626829
vt 0.698512 0.630071
vt 0.710750 0.630638
vt 0.707237 0.638989
s 0
f 1512/1512/287 1513/1513/287 1527/1514/287 1514/1515/287
f 1515/1516/288 1512/1512/288 1514/1515/288 1516/1517/288
f 1517/1518/289 1515/1516/289 1516/1517/289 1524/1519/289
f 1519/1520/290 1517/1518/290 1524/1519/290 1521/1521/290
f 1520/1522/291 1519/1520/291 1521/1521/291 1523/1523/291
f 1522/1524/292 1525/1525/292 1523/1523/292 1521/1521/292
f 1516/1517/292 1522/1524/292 1521/1521/292 1524/1519/292
f 1518/1526/293 1520/1522/293 1523/1523/293 1525/1525/293
f 1527/1514/292 1526/1527/292 1525/1525/292 1522/1524/292
f 1528/1528/294 1518/1526/294 1525/1525/294 1526/1527/294
f 1513/1513/295 1528/1528/295 1526/1527/295 1527/1514/295
f 1514/1515/292 1527/1514/292 1522/1524/292 1516/1517/292
o Bolts.029
v 0.285405 4.585718 0.021269
v 0.295295 4.561843 0.021269
v 0.261531 4.595607 0.021269
v 0.278243 4.578556 0.040670
v 0.261531 4.585478 0.040670
v 0.285166 4.561843 0.040670
v 0.278243 4.545131 0.040670
v 0.285405 4.537969 0.021269
v 0.261531 4.538209 0.040670
v 0.261531 4.528080 0.021269
v 0.244819 4.545131 0.040670
v 0.237896 4.561843 0.040670
v 0.237656 4.537969 0.021269
v 0.227767 4.561843 0.021269
v 0.237656 4.585718 0.021269
v 0.244819 4.578556 0.040670
v 0.278243 4.578556 0.075092
v 0.261531 4.585478 0.075092
v 0.285166 4.561843 0.075092
v 0.261531 4.561843 0.075092
v 0.278243 4.545131 0.075092
v 0.261531 4.538209 0.075092
v 0.244819 4.545131 0.075092
v 0.237896 4.561843 0.075092
v 0.244819 4.578556 0.075092
vn 0.8321 0.3447 0.4345
vn 0.3447 0.8321 0.4345
vn -0.9239 -0.3827 -0.0000
vn 0.9239 0.3827 -0.0000
vn 0.8321 -0.3447 0.4345
vn 0.3447 -0.8321 0.4345
vn -0.3447 -0.8321 0.4345
vn -0.3827 0.9239 -0.0000
vn -0.8321 -0.3447 0.4345
vn -0.8321 0.3447 0.4345
vn -0.3447 0.8321 0.4345
vn 0.9239 -0.3827 -0.0000
vn -0.0000 -0.0000 1.0000
vn 0.3827 -0.9239 -0.0000
vn -0.9239 0.3827 -0.0000
vn 0.3827 0.9239 -0.0000
vn -0.3827 -0.9239 -0.0000
vt 0.728425 0.678425
vt 0.737227 0.669623
vt 0.740811 0.677606
vt 0.736604 0.681535
vt 0.749675 0.669623
vt 0.746565 0.677802
vt 0.750297 0.687762
vt 0.746090 0.691692
vt 0.743677 0.685643
vt 0.744314 0.685191
vt 0.743224 0.683654
vt 0.742588 0.684106
vt 0.728425 0.690872
vt 0.736408 0.687288
vt 0.737227 0.699675
vt 0.740337 0.691495
vt 0.749675 0.699675
vt 0.750494 0.682009
vt 0.744445 0.684422
vt 0.743994 0.683785
vt 0.758477 0.690873
vt 0.758477 0.678425
vt 0.742457 0.684875
vt 0.743451 0.684649
vt 0.742908 0.685512
s 0
f 1530/1529/296 1529/1530/296 1532/1531/296 1534/1532/296
f 1529/1530/297 1531/1533/297 1533/1534/297 1532/1531/297
f 1540/1535/298 1539/1536/298 1551/1537/298 1552/1538/298
f 1534/1532/299 1532/1531/299 1545/1539/299 1547/1540/299
f 1536/1541/300 1530/1529/300 1534/1532/300 1535/1542/300
f 1538/1543/301 1536/1541/301 1535/1542/301 1537/1544/301
f 1541/1545/302 1538/1543/302 1537/1544/302 1539/1536/302
f 1533/1534/303 1544/1546/303 1553/1547/303 1546/1548/303
f 1542/1549/304 1541/1545/304 1539/1536/304 1540/1535/304
f 1543/1550/305 1542/1549/305 1540/1535/305 1544/1546/305
f 1531/1533/306 1543/1550/306 1544/1546/306 1533/1534/306
f 1535/1542/307 1534/1532/307 1547/1540/307 1549/1551/307
f 1545/1539/308 1546/1548/308 1548/1552/308 1547/1540/308
f 1547/1540/308 1548/1552/308 1550/1553/308 1549/1551/308
f 1548/1552/308 1552/1538/308 1551/1537/308 1550/1553/308
f 1546/1548/308 1553/1547/308 1552/1538/308 1548/1552/308
f 1537/1544/309 1535/1542/309 1549/1551/309 1550/1553/309
f 1544/1546/310 1540/1535/310 1552/1538/310 1553/1547/310
f 1532/1531/311 1533/1534/311 1546/1548/311 1545/1539/311
f 1539/1536/312 1537/1544/312 1550/1553/312 1551/1537/312
o Bolts.030
v -0.287041 4.456326 0.021270
v -0.296930 4.432451 0.021270
v -0.279878 4.449163 0.040670
v -0.263166 4.466215 0.021270
v -0.263166 4.456086 0.040670
v -0.239291 4.456326 0.021270
v -0.263166 4.398687 0.021270
v -0.229402 4.432451 0.021270
v -0.239291 4.408576 0.021270
v -0.239531 4.432451 0.040670
v -0.246454 4.415739 0.040670
v -0.246454 4.449163 0.040670
v -0.263166 4.408816 0.040670
v -0.279878 4.415739 0.040670
v -0.286801 4.432451 0.040670
v -0.287041 4.408576 0.021270
v -0.263166 4.432451 0.075092
v -0.239531 4.432451 0.075092
v -0.246454 4.415739 0.075092
v -0.246454 4.449163 0.075092
v -0.263166 4.456086 0.075092
v -0.263166 4.408816 0.075092
v -0.279878 4.415739 0.075092
v -0.286801 4.432451 0.075092
v -0.279878 4.449163 0.075092
vn -0.8321 0.3447 0.4345
vn -0.3447 0.8321 0.4345
vn 0.3447 0.8321 0.4345
vn 0.8321 0.3447 0.4345
vn 0.8321 -0.3447 0.4345
vn -0.9239 -0.3827 -0.0000
vn 0.9239 -0.3827 -0.0000
vn 0.3447 -0.8321 0.4345
vn 0.3827 0.9239 -0.0000
vn -0.3447 -0.8321 0.4345
vn -0.8321 -0.3447 0.4345
vn 0.3827 -0.9239 -0.0000
vn -0.0000 -0.0000 1.0000
vn -0.3827 0.9239 -0.0000
vn -0.3827 -0.9239 -0.0000
vn -0.9239 0.3827 -0.0000
vn 0.9239 0.3827 -0.0000
vt 0.307795 0.669941
vt 0.316503 0.678874
vt 0.308541 0.682108
vt 0.304327 0.678174
vt 0.295308 0.669941
vt 0.298542 0.677903
vt 0.286375 0.678649
vt 0.294608 0.682117
vt 0.286375 0.691136
vt 0.294337 0.687902
vt 0.295083 0.700069
vt 0.298551 0.691836
vt 0.308270 0.687893
vt 0.302318 0.685525
vt 0.302429 0.684750
vt 0.300449 0.685260
vt 0.300919 0.685884
vt 0.307570 0.700069
vt 0.304336 0.692107
vt 0.301184 0.684015
vt 0.300560 0.684485
vt 0.316503 0.691361
vt 0.301694 0.685995
vt 0.301439 0.685005
vt 0.301959 0.684126
s 0
f 1554/1554/313 1555/1555/313 1568/1556/313 1556/1557/313
f 1557/1558/314 1554/1554/314 1556/1557/314 1558/1559/314
f 1559/1560/315 1557/1558/315 1558/1559/315 1565/1561/315
f 1561/1562/316 1559/1560/316 1565/1561/316 1563/1563/316
f 1562/1564/317 1561/1562/317 1563/1563/317 1564/1565/317
f 1568/1556/318 1567/1566/318 1576/1567/318 1577/1568/318
f 1564/1565/319 1563/1563/319 1571/1569/319 1572/1570/319
f 1560/1571/320 1562/1564/320 1564/1565/320 1566/1572/320
f 1565/1561/321 1558/1559/321 1574/1573/321 1573/1574/321
f 1569/1575/322 1560/1571/322 1566/1572/322 1567/1566/322
f 1555/1555/323 1569/1575/323 1567/1566/323 1568/1556/323
f 1566/1572/324 1564/1565/324 1572/1570/324 1575/1576/324
f 1570/1577/325 1575/1576/325 1572/1570/325 1571/1569/325
f 1574/1573/325 1570/1577/325 1571/1569/325 1573/1574/325
f 1577/1568/325 1576/1567/325 1575/1576/325 1570/1577/325
f 1578/1578/325 1577/1568/325 1570/1577/325 1574/1573/325
f 1558/1559/326 1556/1557/326 1578/1578/326 1574/1573/326
f 1567/1566/327 1566/1572/327 1575/1576/327 1576/1567/327
f 1556/1557/328 1568/1556/328 1577/1568/328 1578/1578/328
f 1563/1563/329 1565/1561/329 1573/1574/329 1571/1569/329
o Bolts.031
v -0.287041 1.869932 0.021270
v -0.296930 1.846057 0.021270
v -0.279878 1.862769 0.040670
v -0.263166 1.879821 0.021270
v -0.263166 1.869692 0.040670
v -0.239291 1.869932 0.021270
v -0.263166 1.812293 0.021270
v -0.229402 1.846057 0.021270
v -0.239291 1.822183 0.021270
v -0.239531 1.846057 0.040670
v -0.246454 1.829345 0.040670
v -0.246454 1.862769 0.040670
v -0.263166 1.822422 0.040670
v -0.279878 1.829345 0.040670
v -0.286801 1.846057 0.040670
v -0.287041 1.822183 0.021270
v -0.263166 1.846057 0.075092
v -0.239531 1.846057 0.075092
v -0.246454 1.829345 0.075092
v -0.246454 1.862769 0.075092
v -0.263166 1.869692 0.075092
v -0.263166 1.822422 0.075092
v -0.279878 1.829345 0.075092
v -0.286801 1.846057 0.075092
v -0.279878 1.862769 0.075092
vn -0.8321 0.3447 0.4345
vn -0.3447 0.8321 0.4345
vn 0.3447 0.8321 0.4345
vn 0.8321 0.3447 0.4345
vn 0.8321 -0.3447 0.4345
vn -0.9239 -0.3827 -0.0000
vn 0.9239 -0.3827 -0.0000
vn 0.3447 -0.8321 0.4345
vn 0.3827 0.9239 -0.0000
vn -0.3447 -0.8321 0.4345
vn -0.8321 -0.3447 0.4345
vn 0.3827 -0.9239 -0.0000
vn -0.0000 -0.0000 1.0000
vn -0.3827 0.9239 -0.0000
vn -0.3827 -0.9239 -0.0000
vn -0.9239 0.3827 -0.0000
vn 0.9239 0.3827 -0.0000
vt 0.719717 0.669623
vt 0.728425 0.678555
vt 0.720463 0.681790
vt 0.716249 0.677856
vt 0.707229 0.669623
vt 0.710464 0.677585
vt 0.698297 0.678331
vt 0.706530 0.681799
vt 0.698297 0.690818
vt 0.706259 0.687583
vt 0.707005 0.699751
vt 0.710473 0.691517
vt 0.720191 0.687574
vt 0.714240 0.685207
vt 0.714351 0.684431
vt 0.712371 0.684942
vt 0.712841 0.685566
vt 0.719492 0.699751
vt 0.716258 0.691788
vt 0.713106 0.683697
vt 0.712482 0.684167
vt 0.728425 0.691043
vt 0.713616 0.685677
vt 0.713361 0.684687
vt 0.713881 0.683807
s 0
f 1579/1579/330 1580/1580/330 1593/1581/330 1581/1582/330
f 1582/1583/331 1579/1579/331 1581/1582/331 1583/1584/331
f 1584/1585/332 1582/1583/332 1583/1584/332 1590/1586/332
f 1586/1587/333 1584/1585/333 1590/1586/333 1588/1588/333
f 1587/1589/334 1586/1587/334 1588/1588/334 1589/1590/334
f 1593/1581/335 1592/1591/335 1601/1592/335 1602/1593/335
f 1589/1590/336 1588/1588/336 1596/1594/336 1597/1595/336
f 1585/1596/337 1587/1589/337 1589/1590/337 1591/1597/337
f 1590/1586/338 1583/1584/338 1599/1598/338 1598/1599/338
f 1594/1600/339 1585/1596/339 1591/1597/339 1592/1591/339
f 1580/1580/340 1594/1600/340 1592/1591/340 1593/1581/340
f 1591/1597/341 1589/1590/341 1597/1595/341 1600/1601/341
f 1595/1602/342 1600/1601/342 1597/1595/342 1596/1594/342
f 1599/1598/342 1595/1602/342 1596/1594/342 1598/1599/342
f 1602/1593/342 1601/1592/342 1600/1601/342 1595/1602/342
f 1603/1603/342 1602/1593/342 1595/1602/342 1599/1598/342
f 1583/1584/343 1581/1582/343 1603/1603/343 1599/1598/343
f 1592/1591/344 1591/1597/344 1600/1601/344 1601/1592/344
f 1581/1582/345 1593/1581/345 1602/1593/345 1603/1603/345
f 1588/1588/346 1590/1586/346 1598/1599/346 1596/1594/346
o Bolts.032
v 0.285405 1.999324 0.021269
v 0.295295 1.975450 0.021269
v 0.261531 2.009214 0.021269
v 0.278243 1.992162 0.040670
v 0.261531 1.999084 0.040670
v 0.285166 1.975450 0.040670
v 0.278243 1.958737 0.040670
v 0.285405 1.951575 0.021269
v 0.261531 1.951815 0.040670
v 0.261531 1.941686 0.021269
v 0.244819 1.958737 0.040670
v 0.237896 1.975450 0.040670
v 0.237656 1.951575 0.021269
v 0.227767 1.975450 0.021269
v 0.237656 1.999324 0.021269
v 0.244819 1.992162 0.040670
v 0.278243 1.992162 0.075092
v 0.261531 1.999084 0.075092
v 0.285166 1.975450 0.075092
v 0.261531 1.975450 0.075092
v 0.278243 1.958737 0.075092
v 0.261531 1.951815 0.075092
v 0.244819 1.958737 0.075092
v 0.237896 1.975450 0.075092
v 0.244819 1.992162 0.075092
vn 0.8321 0.3447 0.4345
vn 0.3447 0.8321 0.4345
vn -0.9239 -0.3827 -0.0000
vn 0.9239 0.3827 -0.0000
vn 0.8321 -0.3447 0.4345
vn 0.3447 -0.8321 0.4345
vn -0.3447 -0.8321 0.4345
vn -0.3827 0.9239 -0.0000
vn -0.8321 -0.3447 0.4345
vn -0.8321 0.3447 0.4345
vn -0.3447 0.8321 0.4345
vn 0.9239 -0.3827 -0.0000
vn -0.0000 -0.0000 1.0000
vn 0.3827 -0.9239 -0.0000
vn -0.9239 0.3827 -0.0000
vn 0.3827 0.9239 -0.0000
vn -0.3827 -0.9239 -0.0000
vt 0.728623 0.648109
vt 0.737425 0.639307
vt 0.741010 0.647290
vt 0.736803 0.651220
vt 0.749873 0.639307
vt 0.746763 0.647487
vt 0.750496 0.657447
vt 0.746289 0.661376
vt 0.743876 0.655328
vt 0.744512 0.654876
vt 0.743423 0.653339
vt 0.742786 0.653791
vt 0.728623 0.660557
vt 0.736606 0.656973
vt 0.737425 0.669359
vt 0.740535 0.661180
vt 0.749873 0.669360
vt 0.750692 0.651694
vt 0.744644 0.654107
vt 0.744192 0.653470
vt 0.758675 0.660557
vt 0.758675 0.648109
vt 0.742655 0.654560
vt 0.743649 0.654333
vt 0.743106 0.655197
s 0
f 1605/1604/347 1604/1605/347 1607/1606/347 1609/1607/347
f 1604/1605/348 1606/1608/348 1608/1609/348 1607/1606/348
f 1615/1610/349 1614/1611/349 1626/1612/349 1627/1613/349
f 1609/1607/350 1607/1606/350 1620/1614/350 1622/1615/350
f 1611/1616/351 1605/1604/351 1609/1607/351 1610/1617/351
f 1613/1618/352 1611/1616/352 1610/1617/352 1612/1619/352
f 1616/1620/353 1613/1618/353 1612/1619/353 1614/1611/353
f 1608/1609/354 1619/1621/354 1628/1622/354 1621/1623/354
f 1617/1624/355 1616/1620/355 1614/1611/355 1615/1610/355
f 1618/1625/356 1617/1624/356 1615/1610/356 1619/1621/356
f 1606/1608/357 1618/1625/357 1619/1621/357 1608/1609/357
f 1610/1617/358 1609/1607/358 1622/1615/358 1624/1626/358
f 1620/1614/359 1621/1623/359 1623/1627/359 1622/1615/359
f 1622/1615/359 1623/1627/359 1625/1628/359 1624/1626/359
f 1623/1627/359 1627/1613/359 1626/1612/359 1625/1628/359
f 1621/1623/359 1628/1622/359 1627/1613/359 1623/1627/359
f 1612/1619/360 1610/1617/360 1624/1626/360 1625/1628/360
f 1619/1621/361 1615/1610/361 1627/1613/361 1628/1622/361
f 1607/1606/362 1608/1609/362 1621/1623/362 1620/1614/362
f 1614/1611/363 1612/1619/363 1625/1628/363 1626/1612/363
o Bolts.033
v -0.246454 2.121555 0.040670
v -0.239531 2.104842 0.040670
v -0.263166 2.128477 0.040670
v -0.239291 2.128717 0.021270
v -0.263166 2.138606 0.021270
v -0.229402 2.104842 0.021270
v -0.239291 2.080968 0.021270
v -0.263166 2.071079 0.021270
v -0.296930 2.104842 0.021270
v -0.287041 2.128717 0.021270
v -0.287041 2.080968 0.021270
v -0.286801 2.104842 0.040670
v -0.279878 2.088130 0.040670
v -0.279878 2.121555 0.040670
v -0.263166 2.081208 0.040670
v -0.246454 2.088130 0.040670
v -0.239531 2.104842 0.075092
v -0.246454 2.121555 0.075092
v -0.263166 2.128477 0.075092
v -0.286801 2.104842 0.075092
v -0.263166 2.104842 0.075092
v -0.279878 2.088130 0.075092
v -0.279878 2.121555 0.075092
v -0.263166 2.081208 0.075092
v -0.246454 2.088130 0.075092
vn 0.8321 0.3447 0.4345
vn 0.9239 0.3827 -0.0000
vn 0.3447 0.8321 0.4345
vn 0.8321 -0.3447 0.4345
vn -0.8321 0.3447 0.4345
vn -0.8321 -0.3447 0.4345
vn -0.9239 -0.3827 -0.0000
vn -0.3827 0.9239 -0.0000
vn -0.3447 0.8321 0.4345
vn -0.3447 -0.8321 0.4345
vn 0.3447 -0.8321 0.4345
vn -0.3827 -0.9239 -0.0000
vn -0.0000 -0.0000 1.0000
vn -0.9239 0.3827 -0.0000
vn 0.9239 -0.3827 -0.0000
vn 0.3827 -0.9239 -0.0000
vn 0.3827 0.9239 -0.0000
vt 0.386108 0.639308
vt 0.398665 0.639379
vt 0.395062 0.647387
vt 0.389274 0.647580
vt 0.392901 0.653564
vt 0.392122 0.653486
vt 0.407403 0.648220
vt 0.399282 0.651339
vt 0.377131 0.648289
vt 0.385358 0.651827
vt 0.407403 0.660497
vt 0.399032 0.669158
vt 0.395587 0.661479
vt 0.399501 0.657123
vt 0.386863 0.669787
vt 0.389728 0.661511
vt 0.391931 0.655364
vt 0.392710 0.655445
vt 0.393317 0.654950
vt 0.393396 0.654171
vt 0.377359 0.661229
vt 0.385715 0.657479
vt 0.391439 0.654757
vt 0.392417 0.654465
vt 0.391517 0.653980
s 0
f 1634/1629/364 1632/1630/364 1629/1631/364 1630/1632/364
f 1630/1632/365 1629/1631/365 1646/1633/365 1645/1634/365
f 1632/1630/366 1633/1635/366 1631/1636/366 1629/1631/366
f 1635/1637/367 1634/1629/367 1630/1632/367 1644/1638/367
f 1638/1639/368 1637/1640/368 1640/1641/368 1642/1642/368
f 1637/1640/369 1639/1643/369 1641/1644/369 1640/1641/369
f 1640/1641/370 1641/1644/370 1650/1645/370 1648/1646/370
f 1631/1636/371 1642/1642/371 1651/1647/371 1647/1648/371
f 1633/1635/372 1638/1639/372 1642/1642/372 1631/1636/372
f 1639/1643/373 1636/1649/373 1643/1650/373 1641/1644/373
f 1636/1649/374 1635/1637/374 1644/1638/374 1643/1650/374
f 1641/1644/375 1643/1650/375 1652/1651/375 1650/1645/375
f 1647/1648/376 1649/1652/376 1645/1634/376 1646/1633/376
f 1648/1646/376 1650/1645/376 1652/1651/376 1649/1652/376
f 1651/1647/376 1648/1646/376 1649/1652/376 1647/1648/376
f 1649/1652/376 1652/1651/376 1653/1653/376 1645/1634/376
f 1642/1642/377 1640/1641/377 1648/1646/377 1651/1647/377
f 1644/1638/378 1630/1632/378 1645/1634/378 1653/1653/378
f 1643/1650/379 1644/1638/379 1653/1653/379 1652/1651/379
f 1629/1631/380 1631/1636/380 1647/1648/380 1646/1633/380
o Bolts.034
v 0.261531 1.869692 0.040670
v 0.278243 1.862769 0.040670
v 0.244818 1.862769 0.040670
v 0.261531 1.879821 0.021269
v 0.237656 1.869932 0.021269
v 0.285405 1.869932 0.021269
v 0.295295 1.846057 0.021269
v 0.227767 1.846057 0.021269
v 0.261531 1.812293 0.021269
v 0.285405 1.822183 0.021269
v 0.237656 1.822183 0.021269
v 0.261531 1.822422 0.040670
v 0.244818 1.829345 0.040670
v 0.278243 1.829345 0.040670
v 0.285166 1.846057 0.040670
v 0.237896 1.846057 0.040670
v 0.261531 1.846057 0.075092
v 0.261531 1.869692 0.075092
v 0.278243 1.862769 0.075092
v 0.244819 1.862769 0.075092
v 0.261531 1.822422 0.075092
v 0.244819 1.829345 0.075092
v 0.278243 1.829345 0.075092
v 0.285166 1.846057 0.075092
v 0.237896 1.846057 0.075092
vn -0.9239 -0.3827 -0.0000
vn 0.3827 0.9239 -0.0000
vn 0.3447 0.8321 0.4345
vn -0.3447 0.8321 0.4345
vn 0.3447 -0.8321 0.4345
vn -0.3447 -0.8321 0.4345
vn -0.3827 -0.9239 -0.0000
vn -0.9239 0.3827 -0.0000
vn 0.8321 -0.3447 0.4345
vn 0.8321 0.3447 0.4345
vn -0.8321 -0.3447 0.4345
vn -0.8321 0.3447 0.4345
vn -0.0000 -0.0000 1.0000
vn 0.9239 -0.3827 -0.0000
vn 0.3827 -0.9239 -0.0000
vn -0.3827 0.9239 -0.0000
vn 0.9239 0.3827 -0.0000
vt 0.247960 0.682237
vt 0.247700 0.687913
vt 0.241826 0.685475
vt 0.241948 0.684705
vt 0.234189 0.681973
vt 0.238162 0.677806
vt 0.240717 0.683952
vt 0.240087 0.684412
vt 0.226075 0.678452
vt 0.234970 0.669965
vt 0.247137 0.669941
vt 0.244009 0.678030
vt 0.246906 0.700107
vt 0.234395 0.699896
vt 0.237981 0.691719
vt 0.243751 0.692075
vt 0.256035 0.691432
vt 0.241197 0.685935
vt 0.241489 0.684074
vt 0.225871 0.690835
vt 0.233840 0.687733
vt 0.256035 0.678662
vt 0.240957 0.684944
vt 0.239966 0.685184
vt 0.240426 0.685813
s 0
f 1669/1654/381 1666/1655/381 1675/1656/381 1678/1657/381
f 1655/1658/382 1654/1659/382 1671/1660/382 1672/1661/382
f 1659/1662/383 1657/1663/383 1654/1659/383 1655/1658/383
f 1657/1663/384 1658/1664/384 1656/1665/384 1654/1659/384
f 1662/1666/385 1663/1667/385 1667/1668/385 1665/1669/385
f 1664/1670/386 1662/1666/386 1665/1669/386 1666/1655/386
f 1666/1655/387 1665/1669/387 1674/1671/387 1675/1656/387
f 1656/1665/388 1669/1654/388 1678/1657/388 1673/1672/388
f 1663/1667/389 1660/1673/389 1668/1674/389 1667/1668/389
f 1660/1673/390 1659/1662/390 1655/1658/390 1668/1674/390
f 1661/1675/391 1664/1670/391 1666/1655/391 1669/1654/391
f 1658/1664/392 1661/1675/392 1669/1654/392 1656/1665/392
f 1671/1660/393 1670/1676/393 1677/1677/393 1672/1661/393
f 1673/1672/393 1678/1657/393 1670/1676/393 1671/1660/393
f 1670/1676/393 1674/1671/393 1676/1678/393 1677/1677/393
f 1678/1657/393 1675/1656/393 1674/1671/393 1670/1676/393
f 1667/1668/394 1668/1674/394 1677/1677/394 1676/1678/394
f 1665/1669/395 1667/1668/395 1676/1678/395 1674/1671/395
f 1654/1659/396 1656/1665/396 1673/1672/396 1671/1660/396
f 1668/1674/397 1655/1658/397 1672/1661/397 1677/1677/397
o Bolts.035
v 0.244819 2.088130 0.040670
v 0.237896 2.104842 0.040670
v 0.261531 2.081208 0.040670
v 0.237656 2.080968 0.021269
v 0.261531 2.071079 0.021269
v 0.227767 2.104842 0.021269
v 0.237656 2.128717 0.021269
v 0.295295 2.104842 0.021269
v 0.261531 2.138606 0.021269
v 0.285405 2.128717 0.021269
v 0.261531 2.128477 0.040670
v 0.244819 2.121555 0.040670
v 0.278243 2.121555 0.040670
v 0.285166 2.104842 0.040670
v 0.278243 2.088130 0.040670
v 0.285406 2.080968 0.021269
v 0.244819 2.088130 0.075092
v 0.237896 2.104842 0.075092
v 0.261531 2.081208 0.075092
v 0.261531 2.104842 0.075092
v 0.261531 2.128477 0.075092
v 0.244819 2.121555 0.075092
v 0.278243 2.121555 0.075092
v 0.285166 2.104842 0.075092
v 0.278243 2.088130 0.075092
vn -0.8321 -0.3447 0.4345
vn 0.9239 0.3827 -0.0000
vn -0.3447 -0.8321 0.4345
vn -0.8321 0.3447 0.4345
vn 0.3447 0.8321 0.4345
vn -0.3447 0.8321 0.4345
vn -0.3827 -0.9239 -0.0000
vn 0.3827 0.9239 -0.0000
vn 0.8321 0.3447 0.4345
vn 0.9239 -0.3827 -0.0000
vn 0.8321 -0.3447 0.4345
vn 0.3447 -0.8321 0.4345
vn -0.0000 -0.0000 1.0000
vn -0.9239 0.3827 -0.0000
vn -0.3827 0.9239 -0.0000
vn 0.3827 -0.9239 -0.0000
vn -0.9239 -0.3827 -0.0000
vt 0.668200 0.690810
vt 0.659529 0.699833
vt 0.656061 0.691505
vt 0.660289 0.687538
vt 0.645943 0.681918
vt 0.650172 0.677951
vt 0.652836 0.683744
vt 0.652220 0.684230
vt 0.646784 0.699833
vt 0.650378 0.691752
vt 0.668215 0.678537
vt 0.660073 0.681672
vt 0.646703 0.669623
vt 0.659448 0.669623
vt 0.655854 0.677704
vt 0.652618 0.685622
vt 0.653396 0.685712
vt 0.653614 0.683833
vt 0.638032 0.678646
vt 0.646159 0.687783
vt 0.652131 0.685009
vt 0.638017 0.690918
vt 0.654012 0.685225
vt 0.653116 0.684728
vt 0.654101 0.684447
s 0
f 1684/1679/398 1682/1680/398 1679/1681/398 1680/1682/398
f 1692/1683/399 1691/1684/399 1701/1685/399 1702/1686/399
f 1682/1680/400 1683/1687/400 1681/1688/400 1679/1681/400
f 1685/1689/401 1684/1679/401 1680/1682/401 1690/1690/401
f 1688/1691/402 1687/1692/402 1689/1693/402 1691/1684/402
f 1687/1692/403 1685/1689/403 1690/1690/403 1689/1693/403
f 1679/1681/404 1681/1688/404 1697/1694/404 1695/1695/404
f 1691/1684/405 1689/1693/405 1699/1696/405 1701/1685/405
f 1686/1697/406 1688/1691/406 1691/1684/406 1692/1683/406
f 1693/1698/407 1692/1683/407 1702/1686/407 1703/1699/407
f 1694/1700/408 1686/1697/408 1692/1683/408 1693/1698/408
f 1683/1687/409 1694/1700/409 1693/1698/409 1681/1688/409
f 1696/1701/410 1695/1695/410 1697/1694/410 1698/1702/410
f 1699/1696/410 1698/1702/410 1702/1686/410 1701/1685/410
f 1700/1703/410 1696/1701/410 1698/1702/410 1699/1696/410
f 1698/1702/410 1697/1694/410 1703/1699/410 1702/1686/410
f 1690/1690/411 1680/1682/411 1696/1701/411 1700/1703/411
f 1689/1693/412 1690/1690/412 1700/1703/412 1699/1696/412
f 1681/1688/413 1693/1698/413 1703/1699/413 1697/1694/413
f 1680/1682/414 1679/1681/414 1695/1695/414 1696/1701/414
o Bolts.036
v -0.239531 1.975450 0.040670
v -0.279878 1.992162 0.040670
v -0.263166 1.999084 0.040670
v -0.239291 1.999324 0.021270
v -0.287041 1.999324 0.021270
v -0.287041 1.951575 0.021270
v -0.239291 1.951575 0.021270
v -0.263166 2.009214 0.021270
v -0.263166 1.941686 0.021270
v -0.279878 1.958737 0.040670
v -0.286801 1.975450 0.040670
v -0.296930 1.975450 0.021270
v -0.229402 1.975450 0.021270
v -0.246454 1.958737 0.040670
v -0.263166 1.951815 0.040670
v -0.246454 1.992162 0.040670
v -0.286801 1.975450 0.075092
v -0.263166 1.975450 0.075092
v -0.239531 1.975450 0.075092
v -0.263166 1.999084 0.075092
v -0.246454 1.992162 0.075092
v -0.279878 1.992162 0.075092
v -0.263166 1.951815 0.075092
v -0.246454 1.958737 0.075092
v -0.279878 1.958737 0.075092
vn -0.3447 -0.8321 0.4345
vn 0.8321 0.3447 0.4345
vn 0.8321 -0.3447 0.4345
vn -0.3447 0.8321 0.4345
vn -0.8321 0.3447 0.4345
vn 0.9239 0.3827 -0.0000
vn -0.3827 -0.9239 -0.0000
vn -0.3827 0.9239 -0.0000
vn 0.3827 -0.9239 -0.0000
vn -0.8321 -0.3447 0.4345
vn 0.3447 0.8321 0.4345
vn 0.3447 -0.8321 0.4345
vn -0.0000 -0.0000 1.0000
vn 0.3827 0.9239 -0.0000
vn -0.9239 -0.3827 -0.0000
vn 0.9239 -0.3827 -0.0000
vn -0.9239 0.3827 -0.0000
vt 0.467800 0.660804
vt 0.459096 0.669612
vt 0.455504 0.661634
vt 0.459706 0.657697
vt 0.437635 0.660737
vt 0.437863 0.647829
vt 0.446194 0.651561
vt 0.445838 0.657212
vt 0.446586 0.669687
vt 0.449740 0.661443
vt 0.447328 0.639308
vt 0.459449 0.639931
vt 0.456012 0.647583
vt 0.450183 0.647551
vt 0.467800 0.648567
vt 0.459923 0.651934
vt 0.452006 0.654044
vt 0.451875 0.654812
vt 0.453094 0.655578
vt 0.453731 0.655127
vt 0.453409 0.653719
vt 0.452639 0.653591
vt 0.452326 0.655447
vt 0.453862 0.654356
vt 0.452868 0.654584
s 0
f 1709/1704/415 1712/1705/415 1718/1706/415 1713/1707/415
f 1716/1708/416 1707/1709/416 1719/1710/416 1704/1711/416
f 1710/1712/417 1716/1708/417 1704/1711/417 1717/1713/417
f 1711/1714/418 1708/1715/418 1705/1716/418 1706/1717/418
f 1708/1715/419 1715/1718/419 1714/1719/419 1705/1716/419
f 1704/1711/420 1719/1710/420 1724/1720/420 1722/1721/420
f 1713/1707/421 1718/1706/421 1726/1722/421 1728/1723/421
f 1706/1717/422 1705/1716/422 1725/1724/422 1723/1725/422
f 1718/1706/423 1717/1713/423 1727/1726/423 1726/1722/423
f 1715/1718/424 1709/1704/424 1713/1707/424 1714/1719/424
f 1707/1709/425 1711/1714/425 1706/1717/425 1719/1710/425
f 1712/1705/426 1710/1712/426 1717/1713/426 1718/1706/426
f 1723/1725/427 1725/1724/427 1720/1727/427 1721/1728/427
f 1724/1720/427 1723/1725/427 1721/1728/427 1722/1721/427
f 1722/1721/427 1721/1728/427 1726/1722/427 1727/1726/427
f 1721/1728/427 1720/1727/427 1728/1723/427 1726/1722/427
f 1719/1710/428 1706/1717/428 1723/1725/428 1724/1720/428
f 1714/1719/429 1713/1707/429 1728/1723/429 1720/1727/429
f 1717/1713/430 1704/1711/430 1722/1721/430 1727/1726/430
f 1705/1716/431 1714/1719/431 1720/1727/431 1725/1724/431
o Corner
v -0.231870 4.801998 3.844257
v 0.231871 4.801998 3.844257
v -0.231870 4.007779 3.639071
v 0.231871 4.007779 3.639071
v -0.231870 4.007779 3.611060
v -0.231870 4.801998 3.816246
v 0.231871 4.007779 3.611060
v 0.231871 4.801998 3.816246
v -0.231870 4.765596 3.844257
v 0.231871 4.765596 3.844257
v -0.231870 4.765596 3.816246
v 0.231871 4.765596 3.816246
v 0.196497 4.007779 3.639071
v -0.196496 4.007779 3.639071
v -0.196496 4.801998 3.844257
v 0.196497 4.801998 3.844257
v 0.196497 4.007779 3.611060
v -0.196496 4.007779 3.611060
v -0.196496 4.801998 3.816246
v 0.196497 4.801998 3.816246
v -0.196496 4.765596 3.816246
v 0.196497 4.765596 3.816246
v 0.196497 4.765596 3.844257
v -0.196496 4.765596 3.844257
v -0.231870 4.765596 2.805365
v -0.231870 4.801998 2.805365
v 0.231871 4.765596 2.805365
v 0.231871 4.801998 2.805365
v -0.196496 4.160586 3.111794
v -0.231870 4.160586 3.111794
v 0.196497 4.801998 2.805365
v 0.231871 4.160586 3.111794
v 0.196497 4.765596 2.805365
v 0.196497 4.160586 3.111794
v -0.196496 4.801998 2.805365
v -0.196496 4.765596 2.805365
v -0.231870 4.513048 3.844257
v 0.231871 4.513048 3.844257
v -0.231870 4.513048 3.816246
v 0.231871 4.513048 3.816246
v -0.196496 4.513048 3.844257
v 0.196497 4.513048 3.844257
v -0.196496 4.513048 3.816246
v 0.196497 4.513048 3.816246
v -0.231870 4.513048 2.805365
v 0.231871 4.513048 2.805365
v -0.196496 4.513048 2.805365
v 0.196497 4.513048 2.805365
v -0.196496 4.801998 3.414119
v -0.231870 4.801998 3.414119
v -0.196496 4.765596 3.414119
v -0.231870 4.010378 3.414119
v -0.196496 4.010378 3.414119
v -0.231870 4.765596 3.414119
v -0.231870 4.513048 3.414119
v -0.196496 4.513048 3.414119
v 0.231871 4.765591 3.414118
v 0.231871 4.010249 3.414112
v 0.231871 4.801988 3.414118
v 0.196497 4.801988 3.414118
v 0.196497 4.765591 3.414118
v 0.196497 4.010249 3.414112
v 0.196497 4.513074 3.414116
v 0.231871 4.513074 3.414116
v -0.269424 4.765596 3.844257
v -0.269424 4.801998 3.844257
v 0.269425 4.765596 3.844257
v 0.269425 4.801998 3.844257
v -0.269424 4.765596 3.816246
v -0.269424 4.801998 3.816246
v 0.269425 4.765596 3.816246
v 0.269425 4.801998 3.816246
v 0.269425 4.765591 3.414118
v -0.269424 4.765596 2.805365
v -0.269424 4.801998 2.805365
v 0.269425 4.765596 2.805365
v 0.269425 4.801998 2.805365
v 0.269425 4.801988 3.414118
v -0.269424 4.801998 3.414119
v -0.269424 4.765596 3.414119
v -0.231870 4.765596 3.871075
v -0.231870 4.801998 3.871075
v 0.231871 4.765596 3.871075
v 0.231871 4.801998 3.871075
v 0.196497 4.801998 3.871075
v -0.196496 4.765596 3.871075
v -0.196496 4.801998 3.871075
v 0.196497 4.765596 3.871075
v -0.269424 4.765596 3.871075
v -0.269424 4.801998 3.871075
v 0.269425 4.765596 3.871075
v 0.269425 4.801998 3.871075
v -0.231870 4.765596 2.659210
v -0.231870 4.801998 2.659210
v 0.231871 4.765596 2.659210
v 0.231871 4.801998 2.659210
v 0.196497 4.801998 2.659210
v 0.196497 4.765596 2.659210
v -0.196496 4.801998 2.659210
v -0.196496 4.765596 2.659210
v -0.269424 4.765596 2.659210
v -0.269424 4.801998 2.659210
v 0.269425 4.765596 2.659210
v 0.269425 4.801998 2.659210
vn -0.0000 1.0000 -0.0000
vn -0.0000 -1.0000 -0.0000
vn -1.0000 -0.0000 -0.0000
vn 1.0000 -0.0000 -0.0000
vn -0.0000 -0.0000 1.0000
vn -0.0000 -0.0000 -1.0000
vn -0.0000 -0.8956 -0.4450
vn -0.0000 -0.8954 -0.4453
vn -0.0000 -0.6561 -0.7547
vn -0.0000 0.3763 -0.9265
vn -0.0000 -0.3763 0.9265
vn -0.0000 -0.9999 -0.0132
vn -0.0000 -0.9999 -0.0125
vt 0.983947 0.496938
vt 0.985194 0.525630
vt 0.983906 0.537875
vt 0.983691 0.503211
vt 0.951110 0.353120
vt 0.935207 0.234612
vt 0.968455 0.189754
vt 1.000000 0.359276
vt 0.990197 0.479374
vt 0.989379 0.511565
vt 0.976857 0.397370
vt 0.978251 0.390343
vt 0.975725 0.399670
vt 0.973793 0.400660
vt 0.962482 0.326594
vt 0.958319 0.321063
vt 0.954362 0.324702
vt 0.958723 0.324676
vt 0.957681 0.407898
vt 0.966260 0.403977
vt 0.960907 0.328557
vt 0.953091 0.328825
vt 0.961848 0.411799
vt 0.964280 0.406919
vt 0.969797 0.404422
vt 0.970279 0.406396
vt 0.970058 0.374758
vt 0.965364 0.366861
vt 0.978075 0.363480
vt 0.953634 0.182375
vt 0.974312 0.381837
vt 0.982953 0.400898
vt 0.950657 0.409262
vt 0.972664 0.471780
vt 0.966937 0.492502
vt 0.956049 0.479260
vt 0.971975 0.531483
vt 0.963643 0.514760
vt 0.951306 0.301712
vt 0.949854 0.296741
vt 0.952503 0.297318
vt 0.952953 0.302047
vt 0.951770 0.324600
vt 0.945881 0.332379
vt 0.948388 0.416001
vt 0.956885 0.407054
vt 0.976881 0.332177
vt 0.957581 0.318461
vt 0.961285 0.308054
vt 0.963178 0.277190
vt 0.009269 0.658711
vt 0.004635 0.658711
vt 0.004635 0.608674
vt 0.009269 0.608674
vt 0.981598 0.559145
vt 0.976973 0.553210
vt 0.988489 0.620818
vt 0.972539 0.401331
vt 0.973038 0.400242
vt 0.920650 0.220528
vt 0.927802 0.196872
vt 0.913011 0.055869
vt 0.922215 0.101036
vt 0.965981 0.274865
vt 0.958143 0.251356
vt 0.963590 0.254983
vt 0.930906 0.261131
vt 0.928802 0.224202
vt 0.925703 0.260512
vt 0.939910 0.183067
vt 0.939972 0.078171
vt 0.921624 -0.000000
vt 0.948682 0.319727
vt 0.953399 0.322798
vt 0.944594 0.310036
vt 0.935606 0.305623
vt 0.945479 0.296069
vt 0.953900 0.288943
vt 0.945132 0.286492
vt 0.960801 0.349720
vt 0.943630 0.237504
vt 0.959792 0.315895
vt 0.965944 0.303896
vt 0.930344 0.354383
vt 0.913011 0.368242
vt 0.973626 0.399720
vt 0.979979 0.491797
vt 0.956904 0.297396
vt 0.988694 0.337158
vt 0.956738 0.366390
vt 0.978363 0.529661
vt 0.004634 0.658711
vt -0.000000 0.658711
vt 0.000000 0.608674
vt 0.004635 0.608674
vt 0.934818 0.367980
vt 0.970078 0.345957
vt 0.979482 0.341764
vt 0.957748 0.247523
vt 0.951018 0.241797
vt 0.975704 0.516190
vt 0.947598 0.232554
vt 0.945366 0.231632
vt 0.967920 0.403470
vt 0.965425 0.402057
vt 0.970090 0.403304
vt 0.952789 0.233659
vt 0.939756 0.230418
vt 0.949933 0.233476
vt 0.945505 0.134486
vt 0.934703 0.147195
vt 0.949224 0.233369
vt 0.009269 0.608674
vt 0.013904 0.608674
vt 0.013904 0.658711
vt 0.009269 0.658711
s 0
f 1743/1729/432 1729/1730/432 1810/1731/432 1815/1732/432
f 1788/1733/432 1759/1734/432 1763/1735/432 1777/1736/432
f 1743/1729/432 1747/1737/432 1734/1738/432 1729/1730/432
f 1738/1739/433 1740/1740/433 1799/1741/433 1795/1742/433
f 1741/1743/433 1745/1744/433 1735/1745/433 1732/1746/433
f 1765/1747/434 1767/1748/434 1733/1749/434 1731/1750/434
f 1736/1751/432 1730/1752/432 1796/1753/432 1800/1754/432
f 1766/1755/435 1768/1756/435 1740/1740/435 1738/1739/435
f 1778/1757/432 1777/1736/432 1763/1735/432 1754/1758/432
f 1770/1759/436 1766/1755/436 1738/1739/436 1751/1760/436
f 1765/1747/436 1769/1761/436 1752/1762/436 1737/1763/436
f 1769/1761/436 1770/1759/436 1751/1760/436 1752/1762/436
f 1739/1764/433 1737/1763/433 1793/1765/433 1797/1766/433
f 1771/1767/437 1749/1768/437 1750/1769/437 1772/1770/437
f 1731/1750/433 1733/1749/433 1746/1771/433 1742/1772/433
f 1742/1772/433 1746/1771/433 1745/1744/433 1741/1743/433
f 1730/1752/432 1736/1751/432 1748/1773/432 1744/1774/432
f 1744/1774/432 1748/1773/432 1747/1737/432 1743/1729/432
f 1792/1775/435 1786/1776/435 1760/1777/435 1774/1778/435
f 1749/1779/437 1747/1780/437 1748/1781/437 1750/1782/437
f 1794/1783/434 1793/1765/434 1817/1784/434 1818/1785/434
f 1738/1739/433 1795/1742/433 1819/1786/433 1811/1787/433
f 1753/1788/433 1802/1789/433 1829/1790/433 1821/1791/433
f 1776/1792/437 1761/1793/437 1755/1794/437 1774/1778/437
f 1773/1795/437 1753/1788/437 1764/1796/437 1775/1797/437
f 1803/1798/432 1754/1758/432 1822/1799/432 1830/1800/432
f 1781/1801/438 1780/1802/438 1758/1803/438 1757/1804/438
f 1784/1805/435 1781/1801/435 1757/1804/435 1775/1797/435
f 1761/1793/433 1789/1806/433 1779/1807/433 1764/1796/433
f 1788/1733/432 1787/1808/432 1756/1809/432 1759/1734/432
f 1786/1776/439 1790/1810/439 1762/1811/439 1760/1777/439
f 1783/1812/434 1782/1813/434 1753/1788/434 1773/1795/434
f 1752/1762/433 1751/1760/433 1816/1814/433 1814/1815/433
f 1791/1816/434 1789/1806/434 1761/1793/434 1776/1792/434
f 1790/1810/434 1791/1816/434 1776/1792/434 1762/1811/434
f 1780/1802/434 1783/1812/434 1773/1795/434 1758/1803/434
f 1779/1807/435 1784/1805/435 1775/1797/435 1764/1796/435
f 1758/1803/440 1773/1795/440 1775/1797/440 1757/1804/440
f 1762/1811/440 1776/1792/440 1774/1778/440 1760/1777/440
f 1785/1817/435 1792/1775/435 1774/1778/435 1755/1794/435
f 1746/1771/441 1771/1767/441 1772/1770/441 1745/1744/441
f 1742/1772/442 1741/1743/442 1770/1759/442 1769/1761/442
f 1731/1750/442 1742/1772/442 1769/1761/442 1765/1747/442
f 1741/1743/442 1732/1746/442 1766/1755/442 1770/1759/442
f 1732/1746/435 1735/1745/435 1768/1756/435 1766/1755/435
f 1737/1763/434 1739/1764/434 1767/1748/434 1765/1747/434
f 1749/1768/435 1771/1767/435 1784/1805/435 1779/1807/435
f 1733/1749/434 1767/1748/434 1783/1812/434 1780/1802/434
f 1734/1738/432 1778/1757/432 1807/1818/432 1798/1819/432
f 1767/1748/434 1739/1764/434 1782/1813/434 1783/1812/434
f 1771/1767/435 1746/1771/435 1781/1801/435 1784/1805/435
f 1746/1771/443 1733/1749/443 1780/1802/443 1781/1801/443
f 1734/1738/432 1747/1737/432 1777/1736/432 1778/1757/432
f 1788/1820/437 1789/1821/437 1779/1822/437 1777/1823/437
f 1740/1740/435 1768/1756/435 1792/1775/435 1785/1817/435
f 1745/1744/434 1772/1770/434 1791/1816/434 1790/1810/434
f 1772/1770/434 1750/1769/434 1789/1806/434 1791/1816/434
f 1735/1745/444 1745/1744/444 1790/1810/444 1786/1776/444
f 1748/1773/432 1736/1751/432 1787/1808/432 1788/1733/432
f 1748/1773/432 1788/1733/432 1777/1736/432 1747/1737/432
f 1768/1756/435 1735/1745/435 1786/1776/435 1792/1775/435
f 1782/1813/433 1739/1764/433 1797/1766/433 1808/1824/433
f 1795/1742/435 1799/1741/435 1800/1754/435 1796/1753/435
f 1794/1783/434 1798/1819/434 1797/1766/434 1793/1765/434
f 1806/1825/435 1801/1826/435 1804/1827/435 1805/1828/435
f 1808/1824/434 1807/1818/434 1803/1798/434 1802/1789/434
f 1797/1766/434 1798/1819/434 1807/1818/434 1808/1824/434
f 1800/1754/435 1799/1741/435 1801/1826/435 1806/1825/435
f 1740/1740/433 1785/1817/433 1801/1826/433 1799/1741/433
f 1778/1757/432 1754/1758/432 1803/1798/432 1807/1818/432
f 1785/1817/433 1755/1794/433 1804/1827/433 1801/1826/433
f 1787/1808/432 1736/1751/432 1800/1754/432 1806/1825/432
f 1756/1809/432 1787/1808/432 1806/1825/432 1805/1828/432
f 1802/1789/434 1803/1798/434 1830/1800/434 1829/1790/434
f 1793/1765/433 1737/1763/433 1809/1829/433 1817/1784/433
f 1753/1788/433 1782/1813/433 1808/1824/433 1802/1789/433
f 1729/1730/432 1734/1738/432 1798/1819/432 1794/1783/432
f 1756/1809/432 1805/1828/432 1832/1830/432 1824/1831/432
f 1816/1814/436 1811/1787/436 1812/1832/436 1813/1833/436
f 1809/1829/436 1814/1815/436 1815/1732/436 1810/1731/436
f 1814/1815/436 1816/1814/436 1813/1833/436 1815/1732/436
f 1812/1832/436 1811/1787/436 1819/1786/436 1820/1834/436
f 1809/1829/436 1810/1731/436 1818/1785/436 1817/1784/436
f 1729/1730/432 1794/1783/432 1818/1785/432 1810/1731/432
f 1737/1763/433 1752/1762/433 1814/1815/433 1809/1829/433
f 1796/1753/432 1730/1752/432 1812/1832/432 1820/1834/432
f 1795/1742/435 1796/1753/435 1820/1834/435 1819/1786/435
f 1744/1774/432 1743/1729/432 1815/1732/432 1813/1833/432
f 1751/1760/433 1738/1739/433 1811/1787/433 1816/1814/433
f 1730/1752/432 1744/1774/432 1813/1833/432 1812/1832/432
f 1826/1835/437 1825/1836/437 1824/1831/437 1823/1837/437
f 1821/1791/437 1822/1799/437 1827/1838/437 1828/1839/437
f 1822/1799/437 1821/1791/437 1829/1790/437 1830/1800/437
f 1823/1837/437 1824/1831/437 1832/1830/437 1831/1840/437
f 1754/1758/432 1763/1735/432 1827/1838/432 1822/1799/432
f 1804/1827/433 1755/1794/433 1823/1837/433 1831/1840/433
f 1805/1828/435 1804/1827/435 1831/1840/435 1832/1830/435
f 1825/1836/437 1826/1835/437 1828/1839/437 1827/1838/437
f 1764/1796/433 1753/1788/433 1821/1791/433 1828/1839/433
f 1755/1794/433 1761/1793/433 1826/1835/433 1823/1837/433
f 1759/1734/432 1825/1836/432 1827/1838/432 1763/1735/432
f 1759/1734/432 1756/1809/432 1824/1831/432 1825/1836/432
f 1789/1806/433 1750/1769/433 1749/1768/433 1779/1807/433
f 1759/1841/437 1761/1842/437 1764/1843/437 1763/1844/437
f 1826/1835/433 1761/1793/433 1764/1796/433 1828/1839/433
o Cube.015
v -0.323482 4.765838 0.025272
v 0.323482 4.765838 0.025272
v -0.323482 4.765838 0.000000
v 0.323482 4.765838 -0.000000
v -0.323482 4.212318 0.025272
v 0.323482 4.212318 0.025272
v -0.323482 4.212318 0.000000
v 0.323482 4.212318 -0.000000
v -0.194089 4.765838 0.025272
v -0.064696 4.765838 0.025272
v 0.064696 4.765838 0.025272
v 0.194089 4.765838 0.025272
v 0.194089 4.765838 -0.000000
v 0.064696 4.765838 -0.000000
v -0.064696 4.765838 0.000000
v -0.194089 4.765838 0.000000
v 0.194089 4.212318 -0.000000
v 0.064696 4.212318 -0.000000
v -0.064696 4.212318 0.000000
v -0.194089 4.212318 0.000000
v 0.194089 4.212318 0.025272
v 0.064696 4.212318 0.025272
v -0.064696 4.212318 0.025272
v -0.194089 4.212318 0.025272
v -0.323482 4.350698 0.000000
v 0.323482 4.350698 -0.000000
v -0.323482 4.350698 0.025272
v 0.323482 4.350698 0.025272
v -0.194089 4.350698 0.025272
v -0.064696 4.350698 0.025272
v 0.064696 4.350698 0.025272
v 0.194089 4.350698 0.025272
v -0.194089 4.350698 0.000000
v -0.064696 4.350698 0.000000
v 0.064696 4.350698 -0.000000
v 0.194089 4.350698 -0.000000
v -0.194088 4.765838 3.755736
v -0.064696 4.765838 3.755736
v 0.064697 4.765838 3.755736
v 0.194090 4.765838 3.755736
v -0.194088 4.350698 3.755736
v -0.064696 4.350698 3.755736
v 0.064697 4.350698 3.755736
v 0.194090 4.350698 3.755736
v -0.323482 4.800432 0.000000
v -0.323482 4.800432 0.025272
v 0.194089 4.800432 0.025272
v 0.323482 4.800432 0.025272
v 0.323482 4.800432 -0.000000
v -0.194089 4.800432 0.000000
v -0.194089 4.800432 0.025272
v -0.064696 4.800432 0.025272
v 0.064696 4.800432 0.025272
v 0.194089 4.800432 -0.000000
v 0.064696 4.800432 -0.000000
v -0.064696 4.800432 0.000000
v -0.194089 4.765838 1.219917
v -0.064696 4.765838 1.219917
v -0.064696 4.350698 1.219917
v -0.194089 4.350698 1.219917
v -0.064696 4.765838 0.972972
v -0.194089 4.350698 0.972972
v -0.194089 4.765838 0.972972
v -0.064696 4.350698 0.972972
v 0.194089 4.765838 1.219917
v 0.194089 4.350698 1.219917
v 0.064697 4.350698 1.219917
v 0.064696 4.765838 1.219917
v 0.194089 4.350698 0.972972
v 0.064696 4.350698 0.972972
v 0.064696 4.765838 0.972972
v 0.194089 4.765838 0.972972
v -0.194089 4.765838 2.385655
v -0.064696 4.350698 2.385655
v -0.064696 4.765838 2.385655
v -0.194089 4.350698 2.385655
v 0.194089 4.765838 2.385655
v 0.194089 4.350698 2.385655
v 0.064697 4.350698 2.385655
v 0.064697 4.765838 2.385655
v -0.064696 4.765838 2.149238
v -0.194089 4.350698 2.149238
v -0.194089 4.765838 2.149238
v -0.064696 4.350698 2.149238
v 0.194089 4.350698 2.149238
v 0.064697 4.350698 2.149238
v 0.064697 4.765838 2.149238
v 0.194089 4.765838 2.149238
v -0.064696 4.317138 0.972972
v -0.064696 4.317138 1.219917
v -0.194089 4.317138 1.219917
v -0.194089 4.317138 0.972972
v 0.194089 4.317138 1.219917
v 0.064697 4.317138 1.219917
v 0.194089 4.317138 0.972972
v 0.064696 4.317138 0.972972
v -0.064696 4.317138 2.149238
v -0.064696 4.317138 2.385655
v -0.194089 4.317138 2.385655
v 0.194089 4.317138 2.385655
v 0.064697 4.317138 2.385655
v -0.194089 4.317138 2.149238
v 0.194089 4.317138 2.149238
v 0.064697 4.317138 2.149238
v -0.194089 4.800727 0.972972
v -0.194089 4.800727 1.219917
v -0.064696 4.800727 1.219917
v -0.064696 4.800727 0.972972
v 0.194089 4.800727 0.972972
v 0.194089 4.800727 1.219917
v 0.064696 4.800727 1.219917
v 0.064696 4.800727 0.972972
v -0.194089 4.800727 2.149238
v -0.194089 4.800727 2.385655
v -0.064696 4.800727 2.385655
v 0.194089 4.800727 2.149238
v 0.194089 4.800727 2.385655
v 0.064697 4.800727 2.385655
v -0.064696 4.800727 2.149238
v 0.064697 4.800727 2.149238
vn -0.0000 -0.0000 -1.0000
vn -0.0000 -1.0000 -0.0000
vn -0.0000 -0.0000 1.0000
vn -1.0000 -0.0000 -0.0000
vn 1.0000 -0.0000 -0.0000
vn -0.0000 1.0000 -0.0000
vt 0.760843 0.152169
vt 0.730409 0.152169
vt 0.730409 0.266295
vt 0.760843 0.266295
vt 0.760843 0.304337
vt 0.730409 0.304337
vt 0.760843 0.456506
vt 0.730409 0.456506
vt 0.730409 0.494548
vt 0.760843 0.494548
vt 0.760843 0.608674
vt 0.730409 0.608674
vt 0.570632 0.304337
vt 0.608674 0.304337
vt 0.608674 0.456506
vt 0.570632 0.456506
vt 0.798885 0.304337
vt 0.913011 0.304337
vt 0.913011 0.456506
vt 0.798885 0.456506
vt 0.608674 0.494548
vt 0.639108 0.494548
vt 0.639108 0.608674
vt 0.608674 0.608674
vt 0.669542 0.494548
vt 0.699975 0.494548
vt 0.699975 0.608674
vt 0.669542 0.608674
vt 0.669542 0.000000
vt 0.639108 0.000000
vt 0.639108 0.304337
vt 0.639108 0.456506
vt 0.669542 0.304337
vt 0.669542 0.456506
vt 0.699975 0.304337
vt 0.699975 0.456506
vt 0.608674 0.266295
vt 0.639108 0.266295
vt 0.669542 0.266295
vt 0.699975 0.266295
vt 0.669542 0.152169
vt 0.639108 0.152169
vt 0.699975 0.000000
vt 0.730409 0.000000
vt 0.699975 0.152169
vt 0.608674 0.152169
vt 0.456506 0.304337
vt 0.456506 0.456506
vt 0.760843 0.000000
vt 0.608674 0.000000
s 0
f 1836/1845/445 1845/1846/445 1886/1846/445 1881/1845/445
f 1868/1847/445 1858/1848/445 1840/1849/445 1849/1850/445
f 1849/1850/446 1840/1849/446 1838/1851/446 1853/1852/446
f 1864/1853/447 1860/1854/447 1834/1855/447 1844/1856/447
f 1857/1857/448 1839/1858/448 1837/1859/448 1859/1860/448
f 1858/1861/449 1836/1862/449 1834/1863/449 1860/1864/449
f 1859/1865/447 1861/1866/447 1841/1867/447 1833/1868/447
f 1910/1853/449 1909/1856/449 1872/1856/449 1876/1853/449
f 1862/1869/447 1863/1870/447 1843/1871/447 1842/1872/447
f 1907/1873/450 1905/1874/450 1869/1874/450 1870/1873/450
f 1839/1858/446 1852/1875/446 1856/1876/446 1837/1859/446
f 1852/1875/446 1851/1877/446 1855/1878/446 1856/1876/446
f 1851/1877/446 1850/1879/446 1854/1880/446 1855/1878/446
f 1850/1879/446 1849/1850/446 1853/1852/446 1854/1880/446
f 1857/1881/445 1865/1882/445 1852/1875/445 1839/1858/445
f 1865/1882/445 1866/1883/445 1851/1877/445 1852/1875/445
f 1866/1883/445 1867/1884/445 1850/1879/445 1851/1877/445
f 1867/1884/445 1868/1847/445 1849/1850/445 1850/1879/445
f 1834/1863/449 1836/1862/449 1881/1862/449 1880/1863/449
f 1847/1885/445 1848/1886/445 1882/1886/445 1888/1885/445
f 1833/1868/447 1841/1867/447 1883/1867/447 1878/1868/447
f 1843/1887/447 1844/1888/447 1879/1888/447 1885/1887/447
f 1846/1889/445 1845/1846/445 1868/1847/445 1867/1884/445
f 1847/1885/445 1846/1889/445 1867/1884/445 1866/1883/445
f 1848/1886/445 1847/1885/445 1866/1883/445 1865/1882/445
f 1835/1890/445 1848/1886/445 1865/1882/445 1857/1881/445
f 1854/1880/447 1853/1852/447 1864/1853/447 1863/1870/447
f 1855/1878/447 1854/1880/447 1863/1870/447 1862/1869/447
f 1856/1876/447 1855/1878/447 1862/1869/447 1861/1866/447
f 1837/1859/447 1856/1876/447 1861/1866/447 1859/1865/447
f 1840/1849/449 1858/1861/449 1860/1864/449 1838/1851/449
f 1835/1891/448 1857/1857/448 1859/1860/448 1833/1892/448
f 1853/1852/447 1838/1851/447 1860/1854/447 1864/1853/447
f 1845/1846/445 1836/1845/445 1858/1848/445 1868/1847/445
f 1873/1866/447 1874/1869/447 1870/1872/447 1869/1867/447
f 1875/1870/447 1876/1853/447 1872/1856/447 1871/1871/447
f 1908/1866/446 1906/1869/446 1874/1869/446 1873/1866/446
f 1906/1869/449 1907/1872/449 1870/1872/449 1874/1869/449
f 1911/1870/446 1910/1853/446 1876/1853/446 1875/1870/446
f 1912/1871/448 1911/1870/448 1875/1870/448 1871/1871/448
f 1905/1867/448 1908/1866/448 1873/1866/448 1869/1867/448
f 1909/1888/450 1912/1887/450 1871/1887/450 1872/1888/450
f 1879/1888/450 1880/1893/450 1881/1845/450 1886/1846/450
f 1878/1894/450 1883/1874/450 1882/1886/450 1877/1890/450
f 1883/1874/450 1884/1873/450 1888/1885/450 1882/1886/450
f 1884/1873/450 1885/1887/450 1887/1889/450 1888/1885/450
f 1885/1887/450 1879/1888/450 1886/1846/450 1887/1889/450
f 1841/1874/447 1842/1873/447 1884/1873/447 1883/1874/447
f 1848/1886/445 1835/1890/445 1877/1890/445 1882/1886/445
f 1845/1846/445 1846/1889/445 1887/1889/445 1886/1846/445
f 1835/1891/448 1833/1892/448 1878/1892/448 1877/1891/448
f 1842/1872/447 1843/1871/447 1885/1871/447 1884/1872/447
f 1846/1889/445 1847/1885/445 1888/1885/445 1887/1889/445
f 1844/1856/447 1834/1855/447 1880/1855/447 1879/1856/447
f 1895/1867/448 1894/1866/448 1892/1866/448 1889/1867/448
f 1896/1869/449 1893/1872/449 1890/1872/449 1891/1869/449
f 1908/1866/448 1914/1866/448 1934/1866/448 1931/1866/448
f 1920/1888/445 1919/1887/445 1952/1887/445 1948/1888/445
f 1842/1873/450 1841/1874/450 1895/1874/450 1893/1873/450
f 1861/1866/446 1862/1869/446 1896/1869/446 1894/1866/446
f 1862/1869/449 1842/1872/449 1893/1872/449 1896/1869/449
f 1841/1867/448 1861/1866/448 1894/1866/448 1895/1867/448
f 1950/1887/450 1952/1887/450 1951/1873/450 1947/1873/450
f 1903/1871/448 1902/1870/448 1899/1870/448 1900/1871/448
f 1917/1853/449 1910/1853/449 1932/1853/449 1935/1853/449
f 1901/1853/449 1904/1856/449 1897/1856/449 1898/1853/449
f 1864/1853/449 1844/1856/449 1904/1856/449 1901/1853/449
f 1863/1870/446 1864/1853/446 1901/1853/446 1902/1870/446
f 1843/1871/448 1863/1870/448 1902/1870/448 1903/1871/448
f 1844/1888/450 1843/1887/450 1903/1887/450 1904/1888/450
f 1915/1867/448 1914/1866/448 1908/1866/448 1905/1867/448
f 1916/1869/449 1913/1872/449 1907/1872/449 1906/1869/449
f 1936/1870/446 1933/1870/446 1930/1869/446 1929/1869/446
f 1909/1856/449 1920/1856/449 1948/1856/449 1949/1856/449
f 1915/1867/448 1905/1867/448 1946/1867/448 1945/1867/448
f 1919/1871/448 1918/1870/448 1911/1870/448 1912/1871/448
f 1928/1870/446 1926/1870/446 1922/1869/446 1921/1869/446
f 1917/1853/449 1920/1856/449 1909/1856/449 1910/1853/449
f 1890/1873/450 1889/1874/450 1915/1874/450 1913/1873/450
f 1892/1866/446 1891/1869/446 1916/1869/446 1914/1866/446
f 1891/1869/449 1890/1872/449 1913/1872/449 1916/1869/449
f 1889/1867/448 1892/1866/448 1914/1866/448 1915/1867/448
f 1898/1853/449 1897/1856/449 1920/1856/449 1917/1853/449
f 1899/1870/446 1898/1853/446 1917/1853/446 1918/1870/446
f 1900/1871/448 1899/1870/448 1918/1870/448 1919/1871/448
f 1897/1888/450 1900/1887/450 1919/1887/450 1920/1888/450
f 1924/1866/446 1921/1869/446 1922/1869/446 1923/1866/446
f 1928/1870/446 1927/1853/446 1925/1853/446 1926/1870/446
f 1934/1866/446 1929/1869/446 1930/1869/446 1931/1866/446
f 1936/1870/446 1935/1853/446 1932/1853/446 1933/1870/446
f 1918/1870/445 1936/1870/445 1929/1869/445 1916/1869/445
f 1894/1866/445 1896/1869/445 1921/1869/445 1924/1866/445
f 1891/1869/447 1892/1866/447 1923/1866/447 1922/1869/447
f 1902/1870/445 1901/1853/445 1927/1853/445 1928/1870/445
f 1898/1853/447 1899/1870/447 1926/1870/447 1925/1853/447
f 1906/1869/447 1908/1866/447 1931/1866/447 1930/1869/447
f 1914/1866/445 1916/1869/445 1929/1869/445 1934/1866/445
f 1892/1866/448 1894/1866/448 1924/1866/448 1923/1866/448
f 1910/1853/447 1911/1870/447 1933/1870/447 1932/1853/447
f 1918/1870/445 1917/1853/445 1935/1853/445 1936/1870/445
f 1901/1853/449 1898/1853/449 1925/1853/449 1927/1853/449
f 1902/1870/445 1928/1870/445 1921/1869/445 1896/1869/445
f 1926/1870/447 1899/1870/447 1891/1869/447 1922/1869/447
f 1899/1870/450 1902/1870/450 1896/1869/450 1891/1869/450
f 1933/1870/447 1911/1870/447 1906/1869/447 1930/1869/447
f 1911/1870/450 1918/1870/450 1916/1869/450 1906/1869/450
f 1940/1873/450 1937/1874/450 1938/1874/450 1939/1873/450
f 1941/1888/450 1944/1887/450 1943/1887/450 1942/1888/450
f 1951/1873/450 1945/1874/450 1946/1874/450 1947/1873/450
f 1948/1888/450 1952/1887/450 1950/1887/450 1949/1888/450
f 1943/1887/450 1944/1887/450 1940/1873/450 1939/1873/450
f 1893/1873/445 1895/1874/445 1937/1874/445 1940/1873/445
f 1900/1887/447 1897/1888/447 1942/1888/447 1943/1887/447
f 1912/1887/447 1950/1887/447 1947/1873/447 1907/1873/447
f 1889/1874/447 1890/1873/447 1939/1873/447 1938/1874/447
f 1912/1887/447 1909/1888/447 1949/1888/447 1950/1887/447
f 1895/1867/448 1889/1867/448 1938/1867/448 1937/1867/448
f 1913/1873/445 1915/1874/445 1945/1874/445 1951/1873/445
f 1900/1887/447 1943/1887/447 1939/1873/447 1890/1873/447
f 1897/1856/449 1904/1856/449 1941/1856/449 1942/1856/449
f 1904/1888/445 1903/1887/445 1944/1887/445 1941/1888/445
f 1905/1874/447 1907/1873/447 1947/1873/447 1946/1874/447
f 1944/1887/445 1903/1887/445 1893/1873/445 1940/1873/445
f 1903/1871/446 1900/1871/446 1890/1872/446 1893/1872/446
f 1952/1887/445 1919/1887/445 1913/1873/445 1951/1873/445
f 1919/1871/446 1912/1871/446 1907/1872/446 1913/1872/446
o Cube.016
v -0.323482 2.171214 0.025272
v 0.323482 2.171214 0.025272
v -0.323482 2.171214 0.000000
v 0.323482 2.171214 -0.000000
v -0.323482 1.617694 0.025272
v 0.323482 1.617694 0.025272
v -0.323482 1.617694 0.000000
v 0.323482 1.617694 -0.000000
v -0.194089 2.171214 0.025272
v -0.064696 2.171214 0.025272
v 0.064696 2.171214 0.025272
v 0.194089 2.171214 0.025272
v 0.194089 2.171214 -0.000000
v 0.064696 2.171214 -0.000000
v -0.064696 2.171214 0.000000
v -0.194089 2.171214 0.000000
v 0.194089 1.617694 -0.000000
v 0.064696 1.617694 -0.000000
v -0.064696 1.617694 0.000000
v -0.194089 1.617694 0.000000
v 0.194089 1.617694 0.025272
v 0.064696 1.617694 0.025272
v -0.064696 1.617694 0.025272
v -0.194089 1.617694 0.025272
v 0.323482 1.756074 -0.000000
v -0.323482 1.756074 0.025272
v -0.194089 1.756074 0.000000
v -0.064696 1.756074 0.000000
v 0.064696 1.756074 -0.000000
v 0.194089 1.756074 -0.000000
v -0.323482 1.756074 0.000000
v 0.323482 1.756074 0.025272
v -0.194089 1.756074 0.025272
v -0.064696 1.756074 0.025272
v 0.064696 1.756074 0.025272
v 0.194089 1.756074 0.025272
v -0.194088 4.761593 3.755736
v -0.064696 4.761593 3.755736
v 0.064697 4.761593 3.755736
v 0.194090 4.761593 3.755736
v -0.194088 4.346454 3.755736
v -0.064696 4.346454 3.755736
v 0.064697 4.346454 3.755736
v 0.194090 4.346454 3.755736
v -0.323482 2.198950 0.000000
v -0.323482 2.198950 0.025272
v 0.194089 2.198950 0.025272
v 0.323482 2.198950 0.025272
v 0.323482 2.198950 -0.000000
v -0.194089 2.198950 0.000000
v -0.194089 2.198950 0.025272
v -0.064696 2.198950 0.025272
v 0.064696 2.198950 0.025272
v 0.194089 2.198950 -0.000000
v 0.064696 2.198950 -0.000000
v -0.064696 2.198950 0.000000
vn -0.0000 -0.0000 1.0000
vn -0.0000 -0.0000 -1.0000
vn -0.0000 -1.0000 -0.0000
vn -1.0000 -0.0000 -0.0000
vn 1.0000 -0.0000 -0.0000
vn -0.0000 0.8214 -0.5704
vn -0.0000 -0.8214 0.5704
vn -0.0000 1.0000 -0.0000
vt 0.273903 0.608674
vt 0.304337 0.608674
vt 0.273903 0.266295
vt 0.304337 0.266295
vt 0.304337 0.304337
vt 0.273903 0.304337
vt 0.304337 0.456506
vt 0.273903 0.456506
vt 0.273903 0.152169
vt 0.304337 0.152169
vt 0.114126 0.304337
vt 0.152169 0.304337
vt 0.152169 0.456506
vt 0.114126 0.456506
vt 0.000000 0.304337
vt 0.000000 0.456506
vt 0.342379 0.304337
vt 0.456506 0.304337
vt 0.456506 0.456506
vt 0.342379 0.456506
vt 0.152169 0.494548
vt 0.182602 0.494548
vt 0.182602 0.608674
vt 0.152169 0.608674
vt 0.273903 0.000000
vt 0.243470 0.000000
vt 0.213036 0.494548
vt 0.243470 0.494548
vt 0.243470 0.608674
vt 0.213036 0.608674
vt 0.182602 0.304337
vt 0.182602 0.456506
vt 0.213036 0.304337
vt 0.213036 0.456506
vt 0.243470 0.304337
vt 0.243470 0.456506
vt 0.152169 0.266295
vt 0.182602 0.266295
vt 0.213036 0.266295
vt 0.243470 0.266295
vt 0.182602 0.000000
vt 0.213036 0.000000
vt 0.213036 0.152169
vt 0.182602 0.152169
vt 0.304337 0.494548
vt 0.273903 0.494548
vt 0.243470 0.152169
vt 0.152169 0.152169
vt 0.304337 0.000000
vt 0.152169 0.000000
s 0
f 1964/1895/451 1954/1896/451 2000/1896/451 1999/1895/451
f 1982/1897/452 1977/1898/452 1960/1899/452 1969/1900/452
f 1969/1900/453 1960/1899/453 1958/1901/453 1973/1902/453
f 1965/1903/452 1956/1904/452 1977/1898/452 1982/1897/452
f 1983/1905/454 1959/1906/454 1957/1907/454 1978/1908/454
f 1955/1909/454 1983/1905/454 1978/1908/454 1953/1910/454
f 1977/1911/455 1956/1912/455 1954/1913/455 1984/1914/455
f 1978/1915/451 1985/1916/451 1961/1917/451 1953/1918/451
f 1964/1919/456 1963/1920/456 1991/1920/456 1992/1919/456
f 1986/1921/451 1987/1922/451 1963/1923/451 1962/1924/451
f 1959/1906/453 1972/1925/453 1976/1926/453 1957/1907/453
f 1972/1925/453 1971/1927/453 1975/1928/453 1976/1926/453
f 1971/1927/453 1970/1929/453 1974/1930/453 1975/1928/453
f 1970/1929/453 1969/1900/453 1973/1902/453 1974/1930/453
f 1983/1931/452 1979/1932/452 1972/1925/452 1959/1906/452
f 1979/1932/452 1980/1933/452 1971/1927/452 1972/1925/452
f 1980/1933/452 1981/1934/452 1970/1929/452 1971/1927/452
f 1981/1934/452 1982/1897/452 1969/1900/452 1970/1929/452
f 1961/1935/451 1962/1936/451 2004/1936/451 2003/1935/451
f 1956/1904/452 1965/1903/452 2006/1903/452 2001/1904/452
f 1955/1909/454 1953/1910/454 1998/1910/454 1997/1909/454
f 1967/1937/452 1968/1938/452 2002/1938/452 2008/1937/452
f 1973/1902/451 1958/1901/451 1984/1939/451 1988/1940/451
f 1960/1899/455 1977/1911/455 1984/1914/455 1958/1901/455
f 1957/1907/451 1976/1926/451 1985/1916/451 1978/1915/451
f 1976/1926/451 1975/1928/451 1986/1921/451 1985/1916/451
f 1975/1928/451 1974/1930/451 1987/1922/451 1986/1921/451
f 1974/1930/451 1973/1902/451 1988/1940/451 1987/1922/451
f 1967/1937/452 1966/1941/452 1981/1934/452 1980/1933/452
f 1968/1938/452 1967/1937/452 1980/1933/452 1979/1932/452
f 1955/1942/452 1968/1938/452 1979/1932/452 1983/1931/452
f 1985/1916/457 1986/1921/457 1994/1921/457 1993/1916/457
f 1988/1940/451 1984/1939/451 1954/1896/451 1964/1895/451
f 1966/1941/452 1965/1903/452 1982/1897/452 1981/1934/452
f 1993/1916/451 1994/1921/451 1990/1924/451 1989/1917/451
f 1995/1922/451 1996/1940/451 1992/1895/451 1991/1923/451
f 1962/1936/456 1961/1935/456 1989/1935/456 1990/1936/456
f 1963/1923/454 1987/1922/454 1995/1922/454 1991/1923/454
f 1961/1917/454 1985/1916/454 1993/1916/454 1989/1917/454
f 1988/1940/455 1964/1895/455 1992/1895/455 1996/1940/455
f 1986/1921/455 1962/1924/455 1990/1924/455 1994/1921/455
f 1987/1922/457 1988/1940/457 1996/1940/457 1995/1922/457
f 1999/1919/458 2000/1943/458 2001/1904/458 2006/1903/458
f 1998/1944/458 2003/1935/458 2002/1938/458 1997/1942/458
f 2003/1935/458 2004/1936/458 2008/1937/458 2002/1938/458
f 2004/1936/458 2005/1920/458 2007/1941/458 2008/1937/458
f 2005/1920/458 1999/1919/458 2006/1903/458 2007/1941/458
f 1965/1903/452 1966/1941/452 2007/1941/452 2006/1903/452
f 1962/1924/451 1963/1923/451 2005/1923/451 2004/1924/451
f 1954/1913/455 1956/1912/455 2001/1912/455 2000/1913/455
f 1966/1941/452 1967/1937/452 2008/1937/452 2007/1941/452
f 1963/1920/451 1964/1919/451 1999/1919/451 2005/1920/451
f 1968/1938/452 1955/1942/452 1997/1942/452 2002/1938/452
f 1953/1918/451 1961/1917/451 2003/1917/451 1998/1918/451
o Bolts.065
