# Blender 5.2.0 LTS
# www.blender.org
mtllib SteelBeamVertical.mtl
o Bolts.045
v 0.208639 0.101947 0.131624
v 0.212793 0.101947 0.141651
v 0.198612 0.101947 0.127470
v 0.212936 0.090307 0.127327
v 0.198612 0.090307 0.121393
v 0.218870 0.090307 0.141651
v 0.212937 0.090307 0.155976
v 0.178353 0.090307 0.141651
v 0.198612 0.090307 0.161910
v 0.184287 0.090307 0.155976
v 0.198612 0.101947 0.155832
v 0.208639 0.101947 0.151679
v 0.188584 0.101947 0.151679
v 0.184431 0.101947 0.141651
v 0.188584 0.101947 0.131624
v 0.184287 0.090307 0.127327
v 0.208639 0.122600 0.131624
v 0.212793 0.122600 0.141651
v 0.198612 0.122600 0.127470
v 0.198612 0.122600 0.141651
v 0.198612 0.122600 0.155832
v 0.208639 0.122600 0.151679
v 0.188584 0.122600 0.151679
v 0.184431 0.122600 0.141651
v 0.188584 0.122600 0.131624
vn 0.8321 0.4345 -0.3447
vn -0.9239 -0.0000 0.3827
vn 0.3447 0.4345 -0.8321
vn 0.8321 0.4345 0.3447
vn -0.3447 0.4345 0.8321
vn 0.3447 0.4345 0.8321
vn 0.3827 -0.0000 -0.9239
vn -0.3827 -0.0000 0.9239
vn -0.8321 0.4345 0.3447
vn -0.9239 -0.0000 -0.3827
vn -0.8321 0.4345 -0.3447
vn -0.3447 0.4345 -0.8321
vn -0.0000 1.0000 -0.0000
vn 0.9239 -0.0000 0.3827
vn 0.3827 -0.0000 0.9239
vn -0.3827 -0.0000 -0.9239
vn 0.9239 -0.0000 -0.3827
vt 0.933022 0.350784
vt 0.904355 0.350626
vt 0.915937 0.326681
vt 0.924615 0.327193
vt 0.915450 0.305946
vt 0.924128 0.306442
vt 0.919723 0.316390
vt 0.919628 0.316636
vt 0.885856 0.329647
vt 0.909418 0.321163
vt 0.954139 0.332365
vt 0.930137 0.320680
vt 0.935876 0.282157
vt 0.954419 0.303527
vt 0.930653 0.311967
vt 0.920017 0.316996
vt 0.920272 0.316892
vt 0.919986 0.316237
vt 0.906881 0.282237
vt 0.909921 0.312488
vt 0.919737 0.316874
vt 0.885856 0.300928
vt 0.920401 0.316607
vt 0.920007 0.316623
vt 0.920289 0.316353
s 0
f 6/1/1 4/2/1 1/3/1 2/4/1
f 14/5/2 13/6/2 23/7/2 24/8/2
f 4/2/3 5/9/3 3/10/3 1/3/3
f 7/11/4 6/1/4 2/4/4 12/12/4
f 10/13/5 9/14/5 11/15/5 13/6/5
f 9/14/6 7/11/6 12/12/6 11/15/6
f 1/3/7 3/10/7 19/16/7 17/17/7
f 13/6/8 11/15/8 21/18/8 23/7/8
f 8/19/9 10/13/9 13/6/9 14/5/9
f 15/20/10 14/5/10 24/8/10 25/21/10
f 16/22/11 8/19/11 14/5/11 15/20/11
f 5/9/12 16/22/12 15/20/12 3/10/12
f 18/23/13 17/17/13 19/16/13 20/24/13
f 21/18/13 20/24/13 24/8/13 23/7/13
f 22/25/13 18/23/13 20/24/13 21/18/13
f 20/24/13 19/16/13 25/21/13 24/8/13
f 12/12/14 2/4/14 18/23/14 22/25/14
f 11/15/15 12/12/15 22/25/15 21/18/15
f 3/10/16 15/20/16 25/21/16 19/16/16
f 2/4/17 1/3/17 17/17/17 18/23/17
o Bolts.046
v -0.188536 0.101947 0.131624
v -0.184383 0.101947 0.141651
v -0.198564 0.101947 0.127470
v -0.184239 0.090307 0.127327
v -0.198564 0.090307 0.121393
v -0.178305 0.090307 0.141651
v -0.184239 0.090307 0.155976
v -0.218822 0.090307 0.141651
v -0.198564 0.090307 0.161910
v -0.212889 0.090307 0.155976
v -0.198564 0.101947 0.155832
v -0.188536 0.101947 0.151679
v -0.208591 0.101947 0.151679
v -0.212745 0.101947 0.141651
v -0.208591 0.101947 0.131624
v -0.212889 0.090307 0.127327
v -0.188536 0.122600 0.131624
v -0.184383 0.122600 0.141651
v -0.198564 0.122600 0.127470
v -0.198564 0.122600 0.141651
v -0.198564 0.122600 0.155832
v -0.188536 0.122600 0.151679
v -0.208591 0.122600 0.151679
v -0.212745 0.122600 0.141651
v -0.208591 0.122600 0.131624
vn 0.8321 0.4345 -0.3447
vn -0.9239 -0.0000 0.3827
vn 0.3447 0.4345 -0.8321
vn 0.8321 0.4345 0.3447
vn -0.3447 0.4345 0.8321
vn 0.3447 0.4345 0.8321
vn 0.3827 -0.0000 -0.9239
vn -0.3827 -0.0000 0.9239
vn -0.8321 0.4345 0.3447
vn -0.9239 -0.0000 -0.3827
vn -0.8321 0.4345 -0.3447
vn -0.3447 0.4345 -0.8321
vn -0.0000 1.0000 -0.0000
vn 0.9239 -0.0000 0.3827
vn 0.3827 -0.0000 0.9239
vn -0.3827 -0.0000 -0.9239
vn 0.9239 -0.0000 -0.3827
vt 0.933022 0.419411
vt 0.904355 0.419253
vt 0.915937 0.395308
vt 0.924615 0.395820
vt 0.915450 0.374573
vt 0.924128 0.375069
vt 0.919723 0.385017
vt 0.919628 0.385263
vt 0.885856 0.398274
vt 0.909418 0.389790
vt 0.954139 0.400992
vt 0.930137 0.389307
vt 0.935876 0.350784
vt 0.954419 0.372154
vt 0.930653 0.380594
vt 0.920017 0.385623
vt 0.920272 0.385519
vt 0.919986 0.384864
vt 0.906881 0.350863
vt 0.909921 0.381115
vt 0.919737 0.385501
vt 0.885856 0.369555
vt 0.920401 0.385234
vt 0.920007 0.385250
vt 0.920289 0.384980
s 0
f 31/26/18 29/27/18 26/28/18 27/29/18
f 39/30/19 38/31/19 48/32/19 49/33/19
f 29/27/20 30/34/20 28/35/20 26/28/20
f 32/36/21 31/26/21 27/29/21 37/37/21
f 35/38/22 34/39/22 36/40/22 38/31/22
f 34/39/23 32/36/23 37/37/23 36/40/23
f 26/28/24 28/35/24 44/41/24 42/42/24
f 38/31/25 36/40/25 46/43/25 48/32/25
f 33/44/26 35/38/26 38/31/26 39/30/26
f 40/45/27 39/30/27 49/33/27 50/46/27
f 41/47/28 33/44/28 39/30/28 40/45/28
f 30/34/29 41/47/29 40/45/29 28/35/29
f 43/48/30 42/42/30 44/41/30 45/49/30
f 46/43/30 45/49/30 49/33/30 48/32/30
f 47/50/30 43/48/30 45/49/30 46/43/30
f 45/49/30 44/41/30 50/46/30 49/33/30
f 37/37/31 27/29/31 43/48/31 47/50/31
f 36/40/32 37/37/32 47/50/32 46/43/32
f 28/35/33 40/45/33 50/46/33 44/41/33
f 27/29/34 26/28/34 42/42/34 43/48/34
o Bolts.047
v -0.188536 0.101947 -0.152294
v -0.184383 0.101947 -0.142267
v -0.198564 0.101947 -0.156448
v -0.184239 0.090307 -0.156592
v -0.198564 0.090307 -0.162525
v -0.178305 0.090307 -0.142267
v -0.184239 0.090307 -0.127942
v -0.218822 0.090307 -0.142267
v -0.198564 0.090307 -0.122009
v -0.212889 0.090307 -0.127942
v -0.198564 0.101947 -0.128086
v -0.188536 0.101947 -0.132240
v -0.208591 0.101947 -0.132240
v -0.212745 0.101947 -0.142267
v -0.208591 0.101947 -0.152294
v -0.212889 0.090307 -0.156592
v -0.188536 0.122600 -0.152294
v -0.184383 0.122600 -0.142267
v -0.198564 0.122600 -0.156448
v -0.198564 0.122600 -0.142267
v -0.198564 0.122600 -0.128086
v -0.188536 0.122600 -0.132240
v -0.208591 0.122600 -0.132240
v -0.212745 0.122600 -0.142267
v -0.208591 0.122600 -0.152294
vn 0.8321 0.4345 -0.3447
vn -0.9239 -0.0000 0.3827
vn 0.3447 0.4345 -0.8321
vn 0.8321 0.4345 0.3447
vn -0.3447 0.4345 0.8321
vn 0.3447 0.4345 0.8321
vn 0.3827 -0.0000 -0.9239
vn -0.3827 -0.0000 0.9239
vn -0.8321 0.4345 0.3447
vn -0.9239 -0.0000 -0.3827
vn -0.8321 0.4345 -0.3447
vn -0.3447 0.4345 -0.8321
vn -0.0000 1.0000 -0.0000
vn 0.9239 -0.0000 0.3827
vn 0.3827 -0.0000 0.9239
vn -0.3827 -0.0000 -0.9239
vn 0.9239 -0.0000 -0.3827
vt 0.956178 0.019619
vt 0.956003 0.049006
vt 0.931877 0.038670
vt 0.930712 0.030382
vt 0.911486 0.040097
vt 0.910296 0.031774
vt 0.920931 0.035553
vt 0.921169 0.035626
vt 0.936635 0.068340
vt 0.926588 0.045773
vt 0.933569 -0.000000
vt 0.924624 0.024398
vt 0.885856 0.021318
vt 0.905583 0.001930
vt 0.915594 0.024675
vt 0.921529 0.035210
vt 0.921409 0.034967
vt 0.920758 0.035303
vt 0.885856 0.051039
vt 0.917589 0.046058
vt 0.921440 0.035491
vt 0.908756 0.070539
vt 0.921134 0.034861
vt 0.921151 0.035251
vt 0.920838 0.035001
s 0
f 56/51/35 54/52/35 51/53/35 52/54/35
f 64/55/36 63/56/36 73/57/36 74/58/36
f 54/52/37 55/59/37 53/60/37 51/53/37
f 57/61/38 56/51/38 52/54/38 62/62/38
f 60/63/39 59/64/39 61/65/39 63/56/39
f 59/64/40 57/61/40 62/62/40 61/65/40
f 51/53/41 53/60/41 69/66/41 67/67/41
f 63/56/42 61/65/42 71/68/42 73/57/42
f 58/69/43 60/63/43 63/56/43 64/55/43
f 65/70/44 64/55/44 74/58/44 75/71/44
f 66/72/45 58/69/45 64/55/45 65/70/45
f 55/59/46 66/72/46 65/70/46 53/60/46
f 68/73/47 67/67/47 69/66/47 70/74/47
f 71/68/47 70/74/47 74/58/47 73/57/47
f 72/75/47 68/73/47 70/74/47 71/68/47
f 70/74/47 69/66/47 75/71/47 74/58/47
f 62/62/48 52/54/48 68/73/48 72/75/48
f 61/65/49 62/62/49 72/75/49 71/68/49
f 53/60/50 65/70/50 75/71/50 69/66/50
f 52/54/51 51/53/51 67/67/51 68/73/51
o Bolts.048
v 0.208639 0.101947 -0.152294
v 0.212793 0.101947 -0.142267
v 0.198612 0.101947 -0.156448
v 0.212936 0.090307 -0.156592
v 0.198612 0.090307 -0.162525
v 0.218870 0.090307 -0.142267
v 0.212937 0.090307 -0.127942
v 0.178353 0.090307 -0.142267
v 0.198612 0.090307 -0.122009
v 0.184287 0.090307 -0.127942
v 0.198612 0.101947 -0.128086
v 0.208639 0.101947 -0.132240
v 0.188584 0.101947 -0.132240
v 0.184431 0.101947 -0.142267
v 0.188584 0.101947 -0.152294
v 0.184287 0.090307 -0.156592
v 0.208639 0.122600 -0.152294
v 0.212793 0.122600 -0.142267
v 0.198612 0.122600 -0.156448
v 0.198612 0.122600 -0.142267
v 0.198612 0.122600 -0.128086
v 0.208639 0.122600 -0.132240
v 0.188584 0.122600 -0.132240
v 0.184431 0.122600 -0.142267
v 0.188584 0.122600 -0.152294
vn 0.8321 0.4345 -0.3447
vn -0.9239 -0.0000 0.3827
vn 0.3447 0.4345 -0.8321
vn 0.8321 0.4345 0.3447
vn -0.3447 0.4345 0.8321
vn 0.3447 0.4345 0.8321
vn 0.3827 -0.0000 -0.9239
vn -0.3827 -0.0000 0.9239
vn -0.8321 0.4345 0.3447
vn -0.9239 -0.0000 -0.3827
vn -0.8321 0.4345 -0.3447
vn -0.3447 0.4345 -0.8321
vn -0.0000 1.0000 -0.0000
vn 0.9239 -0.0000 0.3827
vn 0.3827 -0.0000 0.9239
vn -0.3827 -0.0000 -0.9239
vn 0.9239 -0.0000 -0.3827
vt 0.956178 0.090158
vt 0.956003 0.119545
vt 0.931877 0.109209
vt 0.930712 0.100922
vt 0.911486 0.110636
vt 0.910296 0.102313
vt 0.920931 0.106092
vt 0.921169 0.106166
vt 0.936635 0.138879
vt 0.926588 0.116312
vt 0.933569 0.070539
vt 0.924624 0.094937
vt 0.885856 0.091858
vt 0.905583 0.072470
vt 0.915594 0.095214
vt 0.921529 0.105749
vt 0.921409 0.105506
vt 0.920758 0.105842
vt 0.885856 0.121578
vt 0.917589 0.116598
vt 0.921440 0.106030
vt 0.908756 0.141079
vt 0.921134 0.105401
vt 0.921151 0.105791
vt 0.920838 0.105540
s 0
f 81/76/52 79/77/52 76/78/52 77/79/52
f 89/80/53 88/81/53 98/82/53 99/83/53
f 79/77/54 80/84/54 78/85/54 76/78/54
f 82/86/55 81/76/55 77/79/55 87/87/55
f 85/88/56 84/89/56 86/90/56 88/81/56
f 84/89/57 82/86/57 87/87/57 86/90/57
f 76/78/58 78/85/58 94/91/58 92/92/58
f 88/81/59 86/90/59 96/93/59 98/82/59
f 83/94/60 85/88/60 88/81/60 89/80/60
f 90/95/61 89/80/61 99/83/61 100/96/61
f 91/97/62 83/94/62 89/80/62 90/95/62
f 80/84/63 91/97/63 90/95/63 78/85/63
f 93/98/64 92/92/64 94/91/64 95/99/64
f 96/93/64 95/99/64 99/83/64 98/82/64
f 97/100/64 93/98/64 95/99/64 96/93/64
f 95/99/64 94/91/64 100/96/64 99/83/64
f 87/87/65 77/79/65 93/98/65 97/100/65
f 86/90/66 87/87/66 97/100/66 96/93/66
f 78/85/67 90/95/67 100/96/67 94/91/67
f 77/79/68 76/78/68 92/92/68 93/98/68
o Bolts.049
v 0.208639 4.759004 0.151884
v 0.212793 4.759004 0.141857
v 0.198612 4.759004 0.156038
v 0.212936 4.770644 0.156182
v 0.198612 4.770644 0.162115
v 0.218870 4.770644 0.141857
v 0.212937 4.770644 0.127532
v 0.178353 4.770644 0.141857
v 0.198612 4.770644 0.121599
v 0.184287 4.770644 0.127532
v 0.198612 4.759004 0.127676
v 0.208639 4.759004 0.131830
v 0.188584 4.759004 0.131830
v 0.184431 4.759004 0.141857
v 0.188584 4.759004 0.151884
v 0.184287 4.770644 0.156182
v 0.208639 4.738350 0.151884
v 0.212793 4.738350 0.141857
v 0.198612 4.738350 0.156038
v 0.198612 4.738350 0.141857
v 0.198612 4.738350 0.127676
v 0.208639 4.738350 0.131830
v 0.188584 4.738350 0.131830
v 0.184431 4.738350 0.141857
v 0.188584 4.738350 0.151884
vn 0.8321 -0.4345 0.3447
vn -0.9239 -0.0000 -0.3827
vn 0.3447 -0.4345 0.8321
vn 0.8321 -0.4345 -0.3447
vn -0.3447 -0.4345 -0.8321
vn 0.3447 -0.4345 -0.8321
vn 0.3827 -0.0000 0.9239
vn -0.3827 -0.0000 -0.9239
vn -0.8321 -0.4345 -0.3447
vn -0.9239 -0.0000 0.3827
vn -0.8321 -0.4345 0.3447
vn -0.3447 -0.4345 0.8321
vn -0.0000 -1.0000 -0.0000
vn 0.9239 -0.0000 -0.3827
vn 0.3827 -0.0000 -0.9239
vn -0.3827 -0.0000 0.9239
vn 0.9239 -0.0000 0.3827
vt 0.956178 0.160697
vt 0.956003 0.190085
vt 0.931877 0.179749
vt 0.930712 0.171461
vt 0.911486 0.181175
vt 0.910296 0.172853
vt 0.920931 0.176631
vt 0.921169 0.176705
vt 0.936635 0.209418
vt 0.926588 0.186851
vt 0.933569 0.141079
vt 0.924624 0.165476
vt 0.885856 0.162397
vt 0.905583 0.143009
vt 0.915594 0.165753
vt 0.921529 0.176288
vt 0.921409 0.176045
vt 0.920758 0.176381
vt 0.885856 0.192117
vt 0.917589 0.187137
vt 0.921440 0.176570
vt 0.908756 0.211618
vt 0.921134 0.175940
vt 0.921151 0.176330
vt 0.920838 0.176079
s 0
f 106/101/69 104/102/69 101/103/69 102/104/69
f 114/105/70 113/106/70 123/107/70 124/108/70
f 104/102/71 105/109/71 103/110/71 101/103/71
f 107/111/72 106/101/72 102/104/72 112/112/72
f 110/113/73 109/114/73 111/115/73 113/106/73
f 109/114/74 107/111/74 112/112/74 111/115/74
f 101/103/75 103/110/75 119/116/75 117/117/75
f 113/106/76 111/115/76 121/118/76 123/107/76
f 108/119/77 110/113/77 113/106/77 114/105/77
f 115/120/78 114/105/78 124/108/78 125/121/78
f 116/122/79 108/119/79 114/105/79 115/120/79
f 105/109/80 116/122/80 115/120/80 103/110/80
f 118/123/81 117/117/81 119/116/81 120/124/81
f 121/118/81 120/124/81 124/108/81 123/107/81
f 122/125/81 118/123/81 120/124/81 121/118/81
f 120/124/81 119/116/81 125/121/81 124/108/81
f 112/112/82 102/104/82 118/123/82 122/125/82
f 111/115/83 112/112/83 122/125/83 121/118/83
f 103/110/84 115/120/84 125/121/84 119/116/84
f 102/104/85 101/103/85 117/117/85 118/123/85
o Bolts.050
v -0.188536 4.759004 0.151884
v -0.184383 4.759004 0.141857
v -0.198564 4.759004 0.156038
v -0.184239 4.770644 0.156182
v -0.198564 4.770644 0.162115
v -0.178305 4.770644 0.141857
v -0.184239 4.770644 0.127532
v -0.218822 4.770644 0.141857
v -0.198564 4.770644 0.121599
v -0.212889 4.770644 0.127532
v -0.198564 4.759004 0.127676
v -0.188536 4.759004 0.131830
v -0.208591 4.759004 0.131830
v -0.212745 4.759004 0.141857
v -0.208591 4.759004 0.151884
v -0.212889 4.770644 0.156182
v -0.188536 4.738350 0.151884
v -0.184383 4.738350 0.141857
v -0.198564 4.738350 0.156038
v -0.198564 4.738350 0.141857
v -0.198564 4.738350 0.127676
v -0.188536 4.738350 0.131830
v -0.208591 4.738350 0.131830
v -0.212745 4.738350 0.141857
v -0.208591 4.738350 0.151884
vn 0.8321 -0.4345 0.3447
vn -0.9239 -0.0000 -0.3827
vn 0.3447 -0.4345 0.8321
vn 0.8321 -0.4345 -0.3447
vn -0.3447 -0.4345 -0.8321
vn 0.3447 -0.4345 -0.8321
vn 0.3827 -0.0000 0.9239
vn -0.3827 -0.0000 -0.9239
vn -0.8321 -0.4345 -0.3447
vn -0.9239 -0.0000 0.3827
vn -0.8321 -0.4345 0.3447
vn -0.3447 -0.4345 0.8321
vn -0.0000 -1.0000 -0.0000
vn 0.9239 -0.0000 -0.3827
vn 0.3827 -0.0000 -0.9239
vn -0.3827 -0.0000 0.9239
vn 0.9239 -0.0000 0.3827
vt 0.956178 0.231237
vt 0.956003 0.260624
vt 0.931877 0.250288
vt 0.930712 0.242000
vt 0.911486 0.251715
vt 0.910296 0.243392
vt 0.920931 0.247170
vt 0.921169 0.247244
vt 0.936635 0.279958
vt 0.926588 0.257390
vt 0.933569 0.211618
vt 0.924624 0.236015
vt 0.885856 0.232936
vt 0.905583 0.213548
vt 0.915594 0.236293
vt 0.921529 0.246828
vt 0.921409 0.246585
vt 0.920758 0.246921
vt 0.885856 0.262657
vt 0.917589 0.257676
vt 0.921440 0.247109
vt 0.908756 0.282157
vt 0.921134 0.246479
vt 0.921151 0.246869
vt 0.920838 0.246619
s 0
f 131/126/86 129/127/86 126/128/86 127/129/86
f 139/130/87 138/131/87 148/132/87 149/133/87
f 129/127/88 130/134/88 128/135/88 126/128/88
f 132/136/89 131/126/89 127/129/89 137/137/89
f 135/138/90 134/139/90 136/140/90 138/131/90
f 134/139/91 132/136/91 137/137/91 136/140/91
f 126/128/92 128/135/92 144/141/92 142/142/92
f 138/131/93 136/140/93 146/143/93 148/132/93
f 133/144/94 135/138/94 138/131/94 139/130/94
f 140/145/95 139/130/95 149/133/95 150/146/95
f 141/147/96 133/144/96 139/130/96 140/145/96
f 130/134/97 141/147/97 140/145/97 128/135/97
f 143/148/98 142/142/98 144/141/98 145/149/98
f 146/143/98 145/149/98 149/133/98 148/132/98
f 147/150/98 143/148/98 145/149/98 146/143/98
f 145/149/98 144/141/98 150/146/98 149/133/98
f 137/137/99 127/129/99 143/148/99 147/150/99
f 136/140/100 137/137/100 147/150/100 146/143/100
f 128/135/101 140/145/101 150/146/101 144/141/101
f 127/129/102 126/128/102 142/142/102 143/148/102
o Bolts.051
v -0.188536 4.759004 -0.132034
v -0.184383 4.759004 -0.142061
v -0.198564 4.759004 -0.127881
v -0.184239 4.770644 -0.127737
v -0.198564 4.770644 -0.121803
v -0.178305 4.770644 -0.142061
v -0.184239 4.770644 -0.156386
v -0.218822 4.770644 -0.142061
v -0.198564 4.770644 -0.162320
v -0.212889 4.770644 -0.156386
v -0.198564 4.759004 -0.156242
v -0.188536 4.759004 -0.152089
v -0.208591 4.759004 -0.152089
v -0.212745 4.759004 -0.142061
v -0.208591 4.759004 -0.132034
v -0.212889 4.770644 -0.127737
v -0.188536 4.738350 -0.132034
v -0.184383 4.738350 -0.142061
v -0.198564 4.738350 -0.127881
v -0.198564 4.738350 -0.142061
v -0.198564 4.738350 -0.156242
v -0.188536 4.738350 -0.152089
v -0.208591 4.738350 -0.152089
v -0.212745 4.738350 -0.142061
v -0.208591 4.738350 -0.132034
vn 0.8321 -0.4344 0.3447
vn -0.9239 -0.0000 -0.3827
vn 0.3447 -0.4345 0.8321
vn 0.8321 -0.4345 -0.3447
vn -0.3447 -0.4345 -0.8321
vn 0.3447 -0.4345 -0.8321
vn 0.3827 -0.0000 0.9239
vn -0.3827 -0.0000 -0.9239
vn -0.8321 -0.4345 -0.3447
vn -0.9239 -0.0000 0.3827
vn -0.8321 -0.4344 0.3447
vn -0.3447 -0.4345 0.8321
vn 0.0001 -1.0000 -0.0000
vn -0.0000 -1.0000 -0.0000
vn 0.9239 -0.0000 -0.3827
vn 0.3827 -0.0000 -0.9239
vn -0.3827 -0.0000 0.9239
vn 0.9239 -0.0000 0.3827
vt 0.933022 0.488038
vt 0.904355 0.487880
vt 0.915937 0.463935
vt 0.924615 0.464447
vt 0.915450 0.443200
vt 0.924128 0.443696
vt 0.919723 0.453644
vt 0.919628 0.453890
vt 0.885856 0.466901
vt 0.909418 0.458417
vt 0.954139 0.469619
vt 0.930137 0.457934
vt 0.935876 0.419411
vt 0.954419 0.440781
vt 0.930653 0.449221
vt 0.920017 0.454250
vt 0.920272 0.454146
vt 0.919986 0.453491
vt 0.906881 0.419490
vt 0.909921 0.449742
vt 0.919737 0.454128
vt 0.885856 0.438182
vt 0.920401 0.453861
vt 0.920007 0.453877
vt 0.920289 0.453607
s 0
f 156/151/103 154/152/103 151/153/103 152/154/103
f 164/155/104 163/156/104 173/157/104 174/158/104
f 154/152/105 155/159/105 153/160/105 151/153/105
f 157/161/106 156/151/106 152/154/106 162/162/106
f 160/163/107 159/164/107 161/165/107 163/156/107
f 159/164/108 157/161/108 162/162/108 161/165/108
f 151/153/109 153/160/109 169/166/109 167/167/109
f 163/156/110 161/165/110 171/168/110 173/157/110
f 158/169/111 160/163/111 163/156/111 164/155/111
f 165/170/112 164/155/112 174/158/112 175/171/112
f 166/172/113 158/169/113 164/155/113 165/170/113
f 155/159/114 166/172/114 165/170/114 153/160/114
f 168/173/115 167/167/115 169/166/115 170/174/115
f 171/168/116 170/174/116 174/158/116 173/157/116
f 172/175/115 168/173/115 170/174/115 171/168/115
f 170/174/116 169/166/116 175/171/116 174/158/116
f 162/162/117 152/154/117 168/173/117 172/175/117
f 161/165/118 162/162/118 172/175/118 171/168/118
f 153/160/119 165/170/119 175/171/119 169/166/119
f 152/154/120 151/153/120 167/167/120 168/173/120
o Bolts.052
v 0.208639 4.759004 -0.132034
v 0.212793 4.759004 -0.142061
v 0.198612 4.759004 -0.127881
v 0.212936 4.770644 -0.127737
v 0.198612 4.770644 -0.121803
v 0.218870 4.770644 -0.142061
v 0.212937 4.770644 -0.156386
v 0.178353 4.770644 -0.142061
v 0.198612 4.770644 -0.162320
v 0.184287 4.770644 -0.156386
v 0.198612 4.759004 -0.156242
v 0.208639 4.759004 -0.152089
v 0.188584 4.759004 -0.152089
v 0.184431 4.759004 -0.142061
v 0.188584 4.759004 -0.132034
v 0.184287 4.770644 -0.127737
v 0.208639 4.738350 -0.132034
v 0.212793 4.738350 -0.142061
v 0.198612 4.738350 -0.127881
v 0.198612 4.738350 -0.142061
v 0.198612 4.738350 -0.156242
v 0.208639 4.738350 -0.152089
v 0.188584 4.738350 -0.152089
v 0.184431 4.738350 -0.142061
v 0.188584 4.738350 -0.132034
vn 0.8321 -0.4344 0.3447
vn -0.9239 -0.0000 -0.3827
vn 0.3447 -0.4345 0.8321
vn 0.8321 -0.4345 -0.3447
vn -0.3447 -0.4344 -0.8321
vn 0.3447 -0.4345 -0.8321
vn 0.3827 -0.0000 0.9239
vn -0.3827 -0.0000 -0.9239
vn -0.8321 -0.4345 -0.3447
vn -0.9239 -0.0000 0.3827
vn -0.8321 -0.4344 0.3447
vn -0.3447 -0.4345 0.8321
vn 0.0001 -1.0000 -0.0000
vn -0.0000 -1.0000 -0.0000
vn 0.9239 -0.0000 -0.3827
vn 0.3827 -0.0000 -0.9239
vn -0.3827 -0.0000 0.9239
vn 0.9239 -0.0000 0.3827
vt 0.933022 0.556665
vt 0.904355 0.556507
vt 0.915937 0.532562
vt 0.924615 0.533074
vt 0.915450 0.511827
vt 0.924128 0.512323
vt 0.919723 0.522271
vt 0.919628 0.522517
vt 0.885856 0.535528
vt 0.909418 0.527044
vt 0.954139 0.538246
vt 0.930137 0.526561
vt 0.935876 0.488038
vt 0.954419 0.509408
vt 0.930653 0.517848
vt 0.920017 0.522877
vt 0.920272 0.522773
vt 0.919986 0.522118
vt 0.906881 0.488117
vt 0.909921 0.518369
vt 0.919737 0.522755
vt 0.885856 0.506809
vt 0.920400 0.522488
vt 0.920007 0.522504
vt 0.920289 0.522234
s 0
f 181/176/121 179/177/121 176/178/121 177/179/121
f 189/180/122 188/181/122 198/182/122 199/183/122
f 179/177/123 180/184/123 178/185/123 176/178/123
f 182/186/124 181/176/124 177/179/124 187/187/124
f 185/188/125 184/189/125 186/190/125 188/181/125
f 184/189/126 182/186/126 187/187/126 186/190/126
f 176/178/127 178/185/127 194/191/127 192/192/127
f 188/181/128 186/190/128 196/193/128 198/182/128
f 183/194/129 185/188/129 188/181/129 189/180/129
f 190/195/130 189/180/130 199/183/130 200/196/130
f 191/197/131 183/194/131 189/180/131 190/195/131
f 180/184/132 191/197/132 190/195/132 178/185/132
f 193/198/133 192/192/133 194/191/133 195/199/133
f 196/193/134 195/199/134 199/183/134 198/182/134
f 197/200/133 193/198/133 195/199/133 196/193/133
f 195/199/134 194/191/134 200/196/134 199/183/134
f 187/187/135 177/179/135 193/198/135 197/200/135
f 186/190/136 187/187/136 197/200/136 196/193/136
f 178/185/137 190/195/137 200/196/137 194/191/137
f 177/179/138 176/178/138 192/192/138 193/198/138
o Bolts.053
v -0.087448 4.751030 0.151884
v -0.083295 4.751030 0.141857
v -0.097476 4.751030 0.156038
v -0.083151 4.770431 0.156182
v -0.097476 4.770431 0.162115
v -0.077217 4.770431 0.141857
v -0.083151 4.770431 0.127532
v -0.117734 4.770431 0.141857
v -0.097476 4.770431 0.121599
v -0.111801 4.770431 0.127532
v -0.097476 4.751030 0.127676
v -0.087448 4.751030 0.131830
v -0.107503 4.751030 0.131830
v -0.111657 4.751030 0.141857
v -0.107503 4.751030 0.151884
v -0.111801 4.770431 0.156182
v -0.087448 4.716608 0.151884
v -0.083295 4.716608 0.141857
v -0.097476 4.716608 0.156038
v -0.097476 4.716608 0.141857
v -0.097476 4.716608 0.127676
v -0.087448 4.716608 0.131830
v -0.107503 4.716608 0.131830
v -0.111657 4.716608 0.141857
v -0.107503 4.716608 0.151884
vn 0.8875 -0.2780 0.3676
vn -0.9239 -0.0000 -0.3827
vn 0.3676 -0.2780 0.8875
vn 0.8875 -0.2780 -0.3676
vn -0.3676 -0.2780 -0.8875
vn 0.3676 -0.2780 -0.8875
vn 0.3827 -0.0000 0.9239
vn -0.3827 -0.0000 -0.9239
vn -0.8875 -0.2780 -0.3676
vn -0.9239 -0.0000 0.3827
vn -0.8875 -0.2780 0.3676
vn -0.3676 -0.2780 0.8875
vn -0.0000 -1.0000 -0.0000
vn 0.9239 -0.0000 -0.3827
vn 0.3827 -0.0000 -0.9239
vn -0.3827 -0.0000 0.9239
vn 0.9239 -0.0000 0.3827
vt 0.929784 0.946502
vt 0.917165 0.959635
vt 0.912117 0.947514
vt 0.918271 0.941741
vt 0.897391 0.933561
vt 0.903546 0.927788
vt 0.907424 0.936219
vt 0.906528 0.936927
vt 0.898615 0.959635
vt 0.903847 0.947873
vt 0.929806 0.928642
vt 0.917957 0.933204
vt 0.898498 0.915667
vt 0.917047 0.915667
vt 0.911815 0.927429
vt 0.907107 0.938953
vt 0.908239 0.939083
vt 0.908555 0.936349
vt 0.885878 0.928800
vt 0.897706 0.942098
vt 0.906397 0.938060
vt 0.885856 0.946661
vt 0.909135 0.938375
vt 0.907831 0.937651
vt 0.909265 0.937242
s 0
f 206/201/139 204/202/139 201/203/139 202/204/139
f 214/205/140 213/206/140 223/207/140 224/208/140
f 204/202/141 205/209/141 203/210/141 201/203/141
f 207/211/142 206/201/142 202/204/142 212/212/142
f 210/213/143 209/214/143 211/215/143 213/206/143
f 209/214/144 207/211/144 212/212/144 211/215/144
f 201/203/145 203/210/145 219/216/145 217/217/145
f 213/206/146 211/215/146 221/218/146 223/207/146
f 208/219/147 210/213/147 213/206/147 214/205/147
f 215/220/148 214/205/148 224/208/148 225/221/148
f 216/222/149 208/219/149 214/205/149 215/220/149
f 205/209/150 216/222/150 215/220/150 203/210/150
f 218/223/151 217/217/151 219/216/151 220/224/151
f 221/218/151 220/224/151 224/208/151 223/207/151
f 222/225/151 218/223/151 220/224/151 221/218/151
f 220/224/151 219/216/151 225/221/151 224/208/151
f 212/212/152 202/204/152 218/223/152 222/225/152
f 211/215/153 212/212/153 222/225/153 221/218/153
f 203/210/154 215/220/154 225/221/154 219/216/154
f 202/204/155 201/203/155 217/217/155 218/223/155
o Bolts.054
v 0.107551 4.751030 0.151884
v 0.111705 4.751030 0.141857
v 0.097524 4.751030 0.156038
v 0.111848 4.770431 0.156182
v 0.097524 4.770431 0.162115
v 0.117782 4.770431 0.141857
v 0.111849 4.770431 0.127532
v 0.077265 4.770431 0.141857
v 0.097524 4.770431 0.121599
v 0.083199 4.770431 0.127532
v 0.097524 4.751030 0.127676
v 0.107551 4.751030 0.131830
v 0.087496 4.751030 0.131830
v 0.083343 4.751030 0.141857
v 0.087496 4.751030 0.151884
v 0.083199 4.770431 0.156182
v 0.107551 4.716608 0.151884
v 0.111705 4.716608 0.141857
v 0.097524 4.716608 0.156038
v 0.097524 4.716608 0.141857
v 0.097524 4.716608 0.127676
v 0.107551 4.716608 0.131830
v 0.087496 4.716608 0.131830
v 0.083343 4.716608 0.141857
v 0.087496 4.716608 0.151884
vn 0.8875 -0.2780 0.3676
vn -0.9239 -0.0000 -0.3827
vn 0.3676 -0.2780 0.8875
vn 0.8875 -0.2780 -0.3676
vn -0.3676 -0.2780 -0.8875
vn 0.3676 -0.2780 -0.8875
vn 0.3827 -0.0000 0.9239
vn -0.3827 -0.0000 -0.9239
vn -0.8875 -0.2780 -0.3676
vn -0.9239 -0.0000 0.3827
vn -0.8875 -0.2780 0.3676
vn -0.3676 -0.2780 0.8875
vn -0.0000 -1.0000 -0.0000
vn 0.9239 -0.0000 -0.3827
vn 0.3827 -0.0000 -0.9239
vn -0.3827 -0.0000 0.9239
vn 0.9239 -0.0000 0.3827
vt 0.973673 0.677251
vt 0.961053 0.690383
vt 0.956005 0.678263
vt 0.962160 0.672489
vt 0.941280 0.664310
vt 0.947434 0.658536
vt 0.951312 0.666968
vt 0.950416 0.667675
vt 0.942504 0.690383
vt 0.947735 0.678622
vt 0.973695 0.659390
vt 0.961845 0.663953
vt 0.942386 0.646416
vt 0.960935 0.646416
vt 0.955704 0.658177
vt 0.950996 0.669701
vt 0.952127 0.669831
vt 0.952444 0.667098
vt 0.929767 0.659548
vt 0.941594 0.672846
vt 0.950286 0.668808
vt 0.929745 0.677409
vt 0.953023 0.669124
vt 0.951720 0.668400
vt 0.953154 0.667991
s 0
f 231/226/156 229/227/156 226/228/156 227/229/156
f 239/230/157 238/231/157 248/232/157 249/233/157
f 229/227/158 230/234/158 228/235/158 226/228/158
f 232/236/159 231/226/159 227/229/159 237/237/159
f 235/238/160 234/239/160 236/240/160 238/231/160
f 234/239/161 232/236/161 237/237/161 236/240/161
f 226/228/162 228/235/162 244/241/162 242/242/162
f 238/231/163 236/240/163 246/243/163 248/232/163
f 233/244/164 235/238/164 238/231/164 239/230/164
f 240/245/165 239/230/165 249/233/165 250/246/165
f 241/247/166 233/244/166 239/230/166 240/245/166
f 230/234/167 241/247/167 240/245/167 228/235/167
f 243/248/168 242/242/168 244/241/168 245/249/168
f 246/243/168 245/249/168 249/233/168 248/232/168
f 247/250/168 243/248/168 245/249/168 246/243/168
f 245/249/168 244/241/168 250/246/168 249/233/168
f 237/237/169 227/229/169 243/248/169 247/250/169
f 236/240/170 237/237/170 247/250/170 246/243/170
f 228/235/171 240/245/171 250/246/171 244/241/171
f 227/229/172 226/228/172 242/242/172 243/248/172
o Bolts.055
v 0.107551 4.751030 -0.132034
v 0.111705 4.751030 -0.142061
v 0.097524 4.751030 -0.127881
v 0.111848 4.770431 -0.127737
v 0.097524 4.770431 -0.121803
v 0.117782 4.770431 -0.142061
v 0.111849 4.770431 -0.156386
v 0.077265 4.770431 -0.142061
v 0.097524 4.770431 -0.162320
v 0.083199 4.770431 -0.156386
v 0.097524 4.751030 -0.156242
v 0.107551 4.751030 -0.152089
v 0.087496 4.751030 -0.152089
v 0.083343 4.751030 -0.142061
v 0.087496 4.751030 -0.132034
v 0.083199 4.770431 -0.127737
v 0.107551 4.716608 -0.132034
v 0.111705 4.716608 -0.142061
v 0.097524 4.716608 -0.127881
v 0.097524 4.716608 -0.142061
v 0.097524 4.716608 -0.156242
v 0.107551 4.716608 -0.152089
v 0.087496 4.716608 -0.152089
v 0.083343 4.716608 -0.142061
v 0.087496 4.716608 -0.132034
vn 0.8875 -0.2780 0.3676
vn -0.9239 -0.0000 -0.3827
vn 0.3676 -0.2780 0.8875
vn 0.8875 -0.2780 -0.3676
vn -0.3676 -0.2780 -0.8875
vn 0.3676 -0.2780 -0.8875
vn 0.3827 -0.0000 0.9239
vn -0.3827 -0.0000 -0.9239
vn -0.8875 -0.2780 -0.3676
vn -0.9239 -0.0000 0.3827
vn -0.8875 -0.2780 0.3676
vn -0.3676 -0.2780 0.8875
vn -0.0000 -1.0000 -0.0000
vn 0.9239 -0.0000 -0.3827
vn 0.3827 -0.0000 -0.9239
vn -0.3827 -0.0000 0.9239
vn 0.9239 -0.0000 0.3827
vt 0.973673 0.633283
vt 0.961053 0.646416
vt 0.956005 0.634295
vt 0.962160 0.628522
vt 0.941280 0.620342
vt 0.947434 0.614569
vt 0.951312 0.623000
vt 0.950416 0.623707
vt 0.942504 0.646416
vt 0.947735 0.634654
vt 0.973695 0.615422
vt 0.961845 0.619985
vt 0.942386 0.602448
vt 0.960935 0.602448
vt 0.955704 0.614209
vt 0.950996 0.625734
vt 0.952127 0.625863
vt 0.952444 0.623130
vt 0.929767 0.615580
vt 0.941594 0.628878
vt 0.950286 0.624840
vt 0.929745 0.633441
vt 0.953023 0.625156
vt 0.951720 0.624432
vt 0.953154 0.624023
s 0
f 256/251/173 254/252/173 251/253/173 252/254/173
f 264/255/174 263/256/174 273/257/174 274/258/174
f 254/252/175 255/259/175 253/260/175 251/253/175
f 257/261/176 256/251/176 252/254/176 262/262/176
f 260/263/177 259/264/177 261/265/177 263/256/177
f 259/264/178 257/261/178 262/262/178 261/265/178
f 251/253/179 253/260/179 269/266/179 267/267/179
f 263/256/180 261/265/180 271/268/180 273/257/180
f 258/269/181 260/263/181 263/256/181 264/255/181
f 265/270/182 264/255/182 274/258/182 275/271/182
f 266/272/183 258/269/183 264/255/183 265/270/183
f 255/259/184 266/272/184 265/270/184 253/260/184
f 268/273/185 267/267/185 269/266/185 270/274/185
f 271/268/185 270/274/185 274/258/185 273/257/185
f 272/275/185 268/273/185 270/274/185 271/268/185
f 270/274/185 269/266/185 275/271/185 274/258/185
f 262/262/186 252/254/186 268/273/186 272/275/186
f 261/265/187 262/262/187 272/275/187 271/268/187
f 253/260/188 265/270/188 275/271/188 269/266/188
f 252/254/189 251/253/189 267/267/189 268/273/189
o Bolts.056
v -0.087448 4.751030 -0.132034
v -0.083295 4.751030 -0.142061
v -0.097476 4.751030 -0.127881
v -0.083151 4.770431 -0.127737
v -0.097476 4.770431 -0.121803
v -0.077217 4.770431 -0.142061
v -0.083151 4.770431 -0.156386
v -0.117734 4.770431 -0.142061
v -0.097476 4.770431 -0.162320
v -0.111801 4.770431 -0.156386
v -0.097476 4.751030 -0.156242
v -0.087448 4.751030 -0.152089
v -0.107503 4.751030 -0.152089
v -0.111657 4.751030 -0.142061
v -0.107503 4.751030 -0.132034
v -0.111801 4.770431 -0.127737
v -0.087448 4.716608 -0.132034
v -0.083295 4.716608 -0.142061
v -0.097476 4.716608 -0.127881
v -0.097476 4.716608 -0.142061
v -0.097476 4.716608 -0.156242
v -0.087448 4.716608 -0.152089
v -0.107503 4.716608 -0.152089
v -0.111657 4.716608 -0.142061
v -0.107503 4.716608 -0.132034
vn 0.8875 -0.2780 0.3676
vn -0.9239 -0.0000 -0.3827
vn 0.3676 -0.2780 0.8875
vn 0.8875 -0.2780 -0.3676
vn -0.3676 -0.2780 -0.8875
vn 0.3676 -0.2780 -0.8875
vn 0.3827 -0.0000 0.9239
vn -0.3827 -0.0000 -0.9239
vn -0.8875 -0.2780 -0.3676
vn -0.9239 -0.0000 0.3827
vn -0.8875 -0.2780 0.3676
vn -0.3676 -0.2780 0.8875
vn -0.0000 -1.0000 -0.0000
vn 0.9239 -0.0000 -0.3827
vn 0.3827 -0.0000 -0.9239
vn -0.3827 -0.0000 0.9239
vn 0.9239 -0.0000 0.3827
vt 0.973673 0.589315
vt 0.961053 0.602448
vt 0.956005 0.590327
vt 0.962160 0.584554
vt 0.941280 0.576374
vt 0.947434 0.570601
vt 0.951312 0.579032
vt 0.950416 0.579740
vt 0.942504 0.602448
vt 0.947735 0.590686
vt 0.973695 0.571454
vt 0.961845 0.576017
vt 0.942386 0.558480
vt 0.960935 0.558480
vt 0.955704 0.570242
vt 0.950996 0.581766
vt 0.952127 0.581896
vt 0.952444 0.579162
vt 0.929767 0.571612
vt 0.941594 0.584910
vt 0.950286 0.580873
vt 0.929745 0.589473
vt 0.953023 0.581188
vt 0.951720 0.580464
vt 0.953154 0.580055
s 0
f 281/276/190 279/277/190 276/278/190 277/279/190
f 289/280/191 288/281/191 298/282/191 299/283/191
f 279/277/192 280/284/192 278/285/192 276/278/192
f 282/286/193 281/276/193 277/279/193 287/287/193
f 285/288/194 284/289/194 286/290/194 288/281/194
f 284/289/195 282/286/195 287/287/195 286/290/195
f 276/278/196 278/285/196 294/291/196 292/292/196
f 288/281/197 286/290/197 296/293/197 298/282/197
f 283/294/198 285/288/198 288/281/198 289/280/198
f 290/295/199 289/280/199 299/283/199 300/296/199
f 291/297/200 283/294/200 289/280/200 290/295/200
f 280/284/201 291/297/201 290/295/201 278/285/201
f 293/298/202 292/292/202 294/291/202 295/299/202
f 296/293/202 295/299/202 299/283/202 298/282/202
f 297/300/202 293/298/202 295/299/202 296/293/202
f 295/299/202 294/291/202 300/296/202 299/283/202
f 287/287/203 277/279/203 293/298/203 297/300/203
f 286/290/204 287/287/204 297/300/204 296/293/204
f 278/285/205 290/295/205 300/296/205 294/291/205
f 277/279/206 276/278/206 292/292/206 293/298/206
o Bolts.057
v 0.207320 4.751030 -0.041671
v 0.211473 4.751030 -0.051698
v 0.197293 4.751030 -0.037518
v 0.211617 4.770431 -0.037374
v 0.197293 4.770431 -0.031440
v 0.217551 4.770431 -0.051698
v 0.211617 4.770431 -0.066023
v 0.177034 4.770431 -0.051698
v 0.197293 4.770431 -0.071957
v 0.182968 4.770431 -0.066023
v 0.197293 4.751030 -0.065879
v 0.207320 4.751030 -0.061726
v 0.187265 4.751030 -0.061726
v 0.183112 4.751030 -0.051698
v 0.187265 4.751030 -0.041671
v 0.182968 4.770431 -0.037374
v 0.207320 4.716608 -0.041671
v 0.211473 4.716608 -0.051698
v 0.197293 4.716608 -0.037518
v 0.197293 4.716608 -0.051698
v 0.197293 4.716608 -0.065879
v 0.207320 4.716608 -0.061726
v 0.187265 4.716608 -0.061726
v 0.183112 4.716608 -0.051698
v 0.187265 4.716608 -0.041671
vn 0.8875 -0.2780 0.3676
vn -0.9239 -0.0000 -0.3827
vn 0.3676 -0.2780 0.8875
vn 0.8875 -0.2780 -0.3676
vn -0.3676 -0.2780 -0.8875
vn 0.3676 -0.2780 -0.8875
vn 0.3827 -0.0000 0.9239
vn -0.3827 -0.0000 -0.9239
vn -0.8875 -0.2780 -0.3676
vn -0.9239 -0.0000 0.3827
vn -0.8875 -0.2780 0.3676
vn -0.3676 -0.2780 0.8875
vn -0.0000 -1.0000 -0.0000
vn 0.0001 -1.0000 -0.0000
vn 0.9239 -0.0000 -0.3827
vn 0.3827 -0.0000 -0.9239
vn -0.3827 -0.0000 0.9239
vn 0.9239 -0.0000 0.3827
vt 0.973673 0.767001
vt 0.961053 0.780134
vt 0.956005 0.768013
vt 0.962160 0.762240
vt 0.941280 0.754060
vt 0.947434 0.748287
vt 0.951312 0.756718
vt 0.950416 0.757426
vt 0.942504 0.780134
vt 0.947735 0.768372
vt 0.973695 0.749141
vt 0.961845 0.753703
vt 0.942386 0.736166
vt 0.960935 0.736166
vt 0.955704 0.747928
vt 0.950996 0.759452
vt 0.952127 0.759582
vt 0.952444 0.756848
vt 0.929767 0.749299
vt 0.941594 0.762597
vt 0.950286 0.758559
vt 0.929745 0.767160
vt 0.953023 0.758874
vt 0.951720 0.758150
vt 0.953154 0.757741
s 0
f 306/301/207 304/302/207 301/303/207 302/304/207
f 314/305/208 313/306/208 323/307/208 324/308/208
f 304/302/209 305/309/209 303/310/209 301/303/209
f 307/311/210 306/301/210 302/304/210 312/312/210
f 310/313/211 309/314/211 311/315/211 313/306/211
f 309/314/212 307/311/212 312/312/212 311/315/212
f 301/303/213 303/310/213 319/316/213 317/317/213
f 313/306/214 311/315/214 321/318/214 323/307/214
f 308/319/215 310/313/215 313/306/215 314/305/215
f 315/320/216 314/305/216 324/308/216 325/321/216
f 316/322/217 308/319/217 314/305/217 315/320/217
f 305/309/218 316/322/218 315/320/218 303/310/218
f 318/323/219 317/317/219 319/316/219 320/324/219
f 321/318/219 320/324/219 324/308/219 323/307/219
f 322/325/220 318/323/220 320/324/220 321/318/220
f 320/324/219 319/316/219 325/321/219 324/308/219
f 312/312/221 302/304/221 318/323/221 322/325/221
f 311/315/222 312/312/222 322/325/222 321/318/222
f 303/310/223 315/320/223 325/321/223 319/316/223
f 302/304/224 301/303/224 317/317/224 318/323/224
o Bolts.058
v 0.207320 4.751030 0.060905
v 0.211473 4.751030 0.050877
v 0.197293 4.751030 0.065058
v 0.211617 4.770431 0.065202
v 0.197293 4.770431 0.071136
v 0.217551 4.770431 0.050877
v 0.211617 4.770431 0.036553
v 0.177034 4.770431 0.050877
v 0.197293 4.770431 0.030619
v 0.182968 4.770431 0.036553
v 0.197293 4.751030 0.036696
v 0.207320 4.751030 0.040850
v 0.187265 4.751030 0.040850
v 0.183112 4.751030 0.050877
v 0.187265 4.751030 0.060905
v 0.182968 4.770431 0.065202
v 0.207320 4.716608 0.060905
v 0.211473 4.716608 0.050877
v 0.197293 4.716608 0.065058
v 0.197293 4.716608 0.050877
v 0.197293 4.716608 0.036696
v 0.207320 4.716608 0.040850
v 0.187265 4.716608 0.040850
v 0.183112 4.716608 0.050877
v 0.187265 4.716608 0.060905
vn 0.8875 -0.2780 0.3676
vn -0.9239 -0.0000 -0.3827
vn 0.3676 -0.2780 0.8875
vn 0.8875 -0.2780 -0.3676
vn -0.3676 -0.2780 -0.8875
vn 0.3676 -0.2780 -0.8875
vn 0.3827 -0.0000 0.9239
vn -0.3827 -0.0000 -0.9239
vn -0.8875 -0.2780 -0.3676
vn -0.9239 -0.0000 0.3827
vn -0.8875 -0.2780 0.3676
vn -0.3676 -0.2780 0.8875
vn -0.0000 -1.0000 -0.0000
vn 0.9239 -0.0000 -0.3827
vn 0.3827 -0.0000 -0.9239
vn -0.3827 -0.0000 0.9239
vn 0.9239 -0.0000 0.3827
vt 0.973673 0.722126
vt 0.961053 0.735259
vt 0.956005 0.723138
vt 0.962160 0.717365
vt 0.941280 0.709185
vt 0.947434 0.703412
vt 0.951312 0.711843
vt 0.950416 0.712551
vt 0.942504 0.735259
vt 0.947735 0.723497
vt 0.973695 0.704265
vt 0.961845 0.708828
vt 0.942386 0.691291
vt 0.960935 0.691291
vt 0.955704 0.703053
vt 0.950996 0.714577
vt 0.952127 0.714707
vt 0.952444 0.711973
vt 0.929767 0.704424
vt 0.941594 0.717722
vt 0.950286 0.713684
vt 0.929745 0.722284
vt 0.953023 0.713999
vt 0.951720 0.713275
vt 0.953154 0.712866
s 0
f 331/326/225 329/327/225 326/328/225 327/329/225
f 339/330/226 338/331/226 348/332/226 349/333/226
f 329/327/227 330/334/227 328/335/227 326/328/227
f 332/336/228 331/326/228 327/329/228 337/337/228
f 335/338/229 334/339/229 336/340/229 338/331/229
f 334/339/230 332/336/230 337/337/230 336/340/230
f 326/328/231 328/335/231 344/341/231 342/342/231
f 338/331/232 336/340/232 346/343/232 348/332/232
f 333/344/233 335/338/233 338/331/233 339/330/233
f 340/345/234 339/330/234 349/333/234 350/346/234
f 341/347/235 333/344/235 339/330/235 340/345/235
f 330/334/236 341/347/236 340/345/236 328/335/236
f 343/348/237 342/342/237 344/341/237 345/349/237
f 346/343/237 345/349/237 349/333/237 348/332/237
f 347/350/237 343/348/237 345/349/237 346/343/237
f 345/349/237 344/341/237 350/346/237 349/333/237
f 337/337/238 327/329/238 343/348/238 347/350/238
f 336/340/239 337/337/239 347/350/239 346/343/239
f 328/335/240 340/345/240 350/346/240 344/341/240
f 327/329/241 326/328/241 342/342/241 343/348/241
o Bolts.059
v -0.187875 4.751030 0.060905
v -0.183721 4.751030 0.050877
v -0.197902 4.751030 0.065058
v -0.183577 4.770431 0.065202
v -0.197902 4.770431 0.071136
v -0.177644 4.770431 0.050877
v -0.183577 4.770431 0.036553
v -0.218160 4.770431 0.050877
v -0.197902 4.770431 0.030619
v -0.212227 4.770431 0.036553
v -0.197902 4.751030 0.036696
v -0.187875 4.751030 0.040850
v -0.207929 4.751030 0.040850
v -0.212083 4.751030 0.050877
v -0.207929 4.751030 0.060905
v -0.212227 4.770431 0.065202
v -0.187875 4.716608 0.060905
v -0.183721 4.716608 0.050877
v -0.197902 4.716608 0.065058
v -0.197902 4.716608 0.050877
v -0.197902 4.716608 0.036696
v -0.187875 4.716608 0.040850
v -0.207929 4.716608 0.040850
v -0.212083 4.716608 0.050877
v -0.207929 4.716608 0.060905
vn 0.8875 -0.2780 0.3676
vn -0.9239 -0.0000 -0.3827
vn 0.3676 -0.2780 0.8875
vn 0.8875 -0.2780 -0.3676
vn -0.3676 -0.2780 -0.8875
vn 0.3676 -0.2780 -0.8875
vn 0.3827 -0.0000 0.9239
vn -0.3827 -0.0000 -0.9239
vn -0.8875 -0.2780 -0.3676
vn -0.9239 -0.0000 0.3827
vn -0.8875 -0.2780 0.3676
vn -0.3676 -0.2780 0.8875
vn -0.0000 -1.0000 -0.0000
vn 0.9239 -0.0000 -0.3827
vn 0.3827 -0.0000 -0.9239
vn -0.3827 -0.0000 0.9239
vn 0.9239 -0.0000 0.3827
vt 0.973673 0.811877
vt 0.961053 0.825009
vt 0.956005 0.812888
vt 0.962160 0.807115
vt 0.941280 0.798935
vt 0.947434 0.793162
vt 0.951312 0.801593
vt 0.950416 0.802301
vt 0.942504 0.825009
vt 0.947735 0.813248
vt 0.973695 0.794016
vt 0.961845 0.798579
vt 0.942386 0.781041
vt 0.960935 0.781041
vt 0.955704 0.792803
vt 0.950996 0.804327
vt 0.952127 0.804457
vt 0.952444 0.801723
vt 0.929767 0.794174
vt 0.941594 0.807472
vt 0.950286 0.803434
vt 0.929745 0.812035
vt 0.953023 0.803750
vt 0.951720 0.803025
vt 0.953154 0.802616
s 0
f 356/351/242 354/352/242 351/353/242 352/354/242
f 364/355/243 363/356/243 373/357/243 374/358/243
f 354/352/244 355/359/244 353/360/244 351/353/244
f 357/361/245 356/351/245 352/354/245 362/362/245
f 360/363/246 359/364/246 361/365/246 363/356/246
f 359/364/247 357/361/247 362/362/247 361/365/247
f 351/353/248 353/360/248 369/366/248 367/367/248
f 363/356/249 361/365/249 371/368/249 373/357/249
f 358/369/250 360/363/250 363/356/250 364/355/250
f 365/370/251 364/355/251 374/358/251 375/371/251
f 366/372/252 358/369/252 364/355/252 365/370/252
f 355/359/253 366/372/253 365/370/253 353/360/253
f 368/373/254 367/367/254 369/366/254 370/374/254
f 371/368/254 370/374/254 374/358/254 373/357/254
f 372/375/254 368/373/254 370/374/254 371/368/254
f 370/374/254 369/366/254 375/371/254 374/358/254
f 362/362/255 352/354/255 368/373/255 372/375/255
f 361/365/256 362/362/256 372/375/256 371/368/256
f 353/360/257 365/370/257 375/371/257 369/366/257
f 352/354/258 351/353/258 367/367/258 368/373/258
o Bolts.060
v -0.187875 4.751030 -0.041671
v -0.183721 4.751030 -0.051698
v -0.197902 4.751030 -0.037518
v -0.183577 4.770431 -0.037374
v -0.197902 4.770431 -0.031440
v -0.177644 4.770431 -0.051698
v -0.183577 4.770431 -0.066023
v -0.218160 4.770431 -0.051698
v -0.197902 4.770431 -0.071957
v -0.212227 4.770431 -0.066023
v -0.197902 4.751030 -0.065879
v -0.187875 4.751030 -0.061726
v -0.207929 4.751030 -0.061726
v -0.212083 4.751030 -0.051698
v -0.207929 4.751030 -0.041671
v -0.212227 4.770431 -0.037374
v -0.187875 4.716608 -0.041671
v -0.183721 4.716608 -0.051698
v -0.197902 4.716608 -0.037518
v -0.197902 4.716608 -0.051698
v -0.197902 4.716608 -0.065879
v -0.187875 4.716608 -0.061726
v -0.207929 4.716608 -0.061726
v -0.212083 4.716608 -0.051698
v -0.207929 4.716608 -0.041671
vn 0.8875 -0.2780 0.3676
vn -0.9239 -0.0000 -0.3827
vn 0.3676 -0.2780 0.8875
vn 0.8875 -0.2780 -0.3676
vn -0.3676 -0.2780 -0.8875
vn 0.3676 -0.2780 -0.8875
vn 0.3827 -0.0000 0.9239
vn -0.3827 -0.0000 -0.9239
vn -0.8875 -0.2780 -0.3676
vn -0.9239 -0.0000 0.3827
vn -0.8875 -0.2780 0.3676
vn -0.3676 -0.2780 0.8875
vn -0.0000 -1.0000 -0.0000
vn 0.0001 -1.0000 -0.0000
vn 0.9239 -0.0000 -0.3827
vn 0.3827 -0.0000 -0.9239
vn -0.3827 -0.0000 0.9239
vn 0.9239 -0.0000 0.3827
vt 0.973673 0.855844
vt 0.961053 0.868977
vt 0.956005 0.856856
vt 0.962160 0.851083
vt 0.941280 0.842903
vt 0.947434 0.837130
vt 0.951312 0.845561
vt 0.950416 0.846269
vt 0.942504 0.868977
vt 0.947735 0.857215
vt 0.973695 0.837984
vt 0.961845 0.842546
vt 0.942386 0.825009
vt 0.960935 0.825009
vt 0.955704 0.836771
vt 0.950996 0.848295
vt 0.952127 0.848425
vt 0.952444 0.845691
vt 0.929767 0.838142
vt 0.941594 0.851440
vt 0.950286 0.847402
vt 0.929745 0.856003
vt 0.953023 0.847717
vt 0.951720 0.846993
vt 0.953154 0.846584
s 0
f 381/376/259 379/377/259 376/378/259 377/379/259
f 389/380/260 388/381/260 398/382/260 399/383/260
f 379/377/261 380/384/261 378/385/261 376/378/261
f 382/386/262 381/376/262 377/379/262 387/387/262
f 385/388/263 384/389/263 386/390/263 388/381/263
f 384/389/264 382/386/264 387/387/264 386/390/264
f 376/378/265 378/385/265 394/391/265 392/392/265
f 388/381/266 386/390/266 396/393/266 398/382/266
f 383/394/267 385/388/267 388/381/267 389/380/267
f 390/395/268 389/380/268 399/383/268 400/396/268
f 391/397/269 383/394/269 389/380/269 390/395/269
f 380/384/270 391/397/270 390/395/270 378/385/270
f 393/398/271 392/392/271 394/391/271 395/399/271
f 396/393/271 395/399/271 399/383/271 398/382/271
f 397/400/272 393/398/272 395/399/272 396/393/272
f 395/399/271 394/391/271 400/396/271 399/383/271
f 387/387/273 377/379/273 393/398/273 397/400/273
f 386/390/274 387/387/274 397/400/274 396/393/274
f 378/385/275 390/395/275 400/396/275 394/391/275
f 377/379/276 376/378/276 392/392/276 393/398/276
o Bolts.061
v -0.033755 3.215070 0.155757
v -0.068720 3.229553 0.155757
v -0.054237 3.235552 0.155757
v 0.038284 3.312721 0.155757
v 0.052767 3.306722 0.155757
v 0.038284 3.341688 0.155757
v 0.032285 3.327205 0.155757
v 0.052767 3.123417 0.155757
v 0.038284 3.117418 0.155757
v 0.032285 3.102935 0.155757
v -0.039754 3.341688 0.155757
v -0.054237 3.347687 0.155757
v 0.032077 3.123625 0.138944
v 0.032077 3.082244 0.138944
v 0.073458 3.082244 0.138944
v 0.073458 3.123625 0.138944
v 0.032077 3.347895 0.138944
v 0.032077 3.306515 0.138944
v 0.073458 3.306515 0.138944
v 0.073458 3.347895 0.138944
v -0.033547 3.235760 0.138944
v -0.074928 3.235760 0.138944
v -0.074928 3.194379 0.138944
v -0.033547 3.194379 0.138944
v 0.073458 3.235760 0.138944
v 0.032077 3.235760 0.138944
v 0.032077 3.194379 0.138944
v 0.073458 3.194379 0.138944
v -0.074928 3.347895 0.138944
v -0.074928 3.306515 0.138944
v -0.033547 3.306515 0.138944
v -0.033547 3.347895 0.138944
v -0.074928 3.123625 0.138944
v -0.074928 3.082244 0.138944
v -0.033547 3.082244 0.138944
v -0.033547 3.123625 0.138944
v -0.039754 3.088451 0.155757
v -0.054237 3.082452 0.155757
v -0.054237 3.073674 0.138944
v -0.054237 3.356466 0.138944
v -0.054237 3.244330 0.138944
v -0.054237 3.185809 0.138944
v -0.054237 3.297944 0.138944
v -0.068720 3.200586 0.155757
v -0.054237 3.132195 0.138944
v -0.074720 3.215070 0.155757
v 0.082028 3.102935 0.138944
v -0.083498 3.102935 0.138944
v 0.067251 3.200586 0.155757
v 0.023507 3.102935 0.138944
v 0.073250 3.215070 0.155757
v -0.024976 3.102935 0.138944
v -0.068720 3.341688 0.155757
v 0.082028 3.215070 0.138944
v -0.083498 3.215070 0.138944
v -0.074720 3.327205 0.155757
v -0.024977 3.215070 0.138944
v 0.073250 3.327205 0.155757
v 0.023507 3.215070 0.138944
v 0.067251 3.341688 0.155757
v 0.082028 3.327205 0.138944
v -0.083498 3.327205 0.138944
v 0.052767 3.347687 0.155757
v 0.023507 3.327205 0.138944
v -0.068720 3.117418 0.155757
v -0.024977 3.327205 0.138944
v -0.074720 3.102935 0.155757
v 0.052767 3.073674 0.138944
v 0.052767 3.356466 0.138944
v 0.067251 3.117418 0.155757
v 0.073250 3.102935 0.155757
v 0.052767 3.132195 0.138944
v 0.067251 3.088451 0.155757
v 0.052767 3.297944 0.138944
v 0.052767 3.082452 0.155757
v 0.052767 3.244330 0.138944
v 0.052767 3.185809 0.138944
v -0.039754 3.200586 0.155757
v -0.054237 3.194587 0.155757
v 0.052767 3.235552 0.155757
v 0.038284 3.229553 0.155757
v 0.032285 3.215070 0.155757
v 0.038284 3.200586 0.155757
v 0.052767 3.194587 0.155757
v -0.054237 3.306722 0.155757
v -0.068720 3.312721 0.155757
v -0.033755 3.327205 0.155757
v -0.054237 3.123417 0.155757
v -0.033755 3.102935 0.155757
v -0.039754 3.117418 0.155757
v -0.068720 3.088451 0.155757
v -0.039754 3.229553 0.155757
v -0.039754 3.312721 0.155757
v -0.054237 3.102935 0.155757
v -0.054237 3.327205 0.155757
v -0.054237 3.215070 0.155757
v 0.038284 3.088451 0.155757
v 0.052767 3.102935 0.155757
v 0.067251 3.229553 0.155757
v 0.052767 3.215070 0.155757
v 0.067251 3.312721 0.155757
v 0.052767 3.327205 0.155757
vn 0.8321 -0.3447 0.4345
vn -0.3447 -0.8321 0.4345
vn 0.8321 0.3447 0.4345
vn -0.8321 -0.3447 0.4345
vn -0.8321 0.3447 0.4345
vn -0.3447 0.8321 0.4345
vn 0.3447 0.8321 0.4345
vn 0.3447 -0.8321 0.4345
vn -0.0000 -0.0000 1.0000
vt 0.954419 0.500732
vt 0.967395 0.488038
vt 0.972111 0.499604
vt 0.966569 0.505843
vt 0.396241 0.917360
vt 0.382771 0.929976
vt 0.378237 0.918221
vt 0.383844 0.912102
vt 0.031126 0.930244
vt 0.013073 0.930440
vt 0.017334 0.918288
vt 0.025677 0.918765
vt 0.000000 0.899003
vt 0.013923 0.885856
vt 0.018581 0.898662
vt 0.012359 0.903735
vt 0.954419 0.294992
vt 0.967254 0.282157
vt 0.972787 0.293763
vt 0.966538 0.299286
vt 0.220141 0.915789
vt 0.208758 0.928997
vt 0.202754 0.917700
vt 0.208782 0.911637
vt 0.000000 0.917614
vt 0.011779 0.912033
vt 0.219726 0.898624
vt 0.208074 0.903079
vt 0.409293 0.929976
vt 0.426911 0.930049
vt 0.422142 0.941463
vt 0.413581 0.941960
vt 0.396241 0.898482
vt 0.384441 0.904030
vt 0.032646 0.887299
vt 0.044028 0.900507
vt 0.032669 0.904659
vt 0.026642 0.898596
vt 0.043613 0.917672
vt 0.031961 0.913217
vt 0.985547 0.488038
vt 0.998240 0.501014
vt 0.986675 0.505730
vt 0.980436 0.500188
vt 0.985406 0.282157
vt 0.981112 0.294276
vt 0.440022 0.942559
vt 0.427723 0.947653
vt 0.365612 0.885956
vt 0.383136 0.885856
vt 0.378836 0.897812
vt 0.370271 0.897301
vt 0.985265 0.531859
vt 0.967113 0.531859
vt 0.972224 0.519710
vt 0.980548 0.520294
vt 0.440022 0.961266
vt 0.428287 0.955715
vt 0.190036 0.930440
vt 0.176113 0.917293
vt 0.188472 0.912561
vt 0.194694 0.917634
vt 0.954419 0.313144
vt 0.966025 0.307611
vt 0.364534 0.929486
vt 0.352226 0.916193
vt 0.363842 0.911763
vt 0.369934 0.917442
vt 0.998240 0.519166
vt 0.986091 0.514055
vt 0.374250 0.907765
vt 0.414121 0.962413
vt 0.408540 0.956224
vt 0.407976 0.948162
vt 0.418132 0.951938
vt 0.976330 0.304068
vt 0.986636 0.300525
vt 0.422683 0.961917
vt 0.201790 0.897531
vt 0.198240 0.907796
vt 0.187891 0.904263
vt 0.193447 0.898008
vt 0.022127 0.908500
vt 0.986122 0.308850
vt 0.979873 0.314374
vt 0.364600 0.903468
vt 0.976330 0.509949
vt 0.965985 0.514167
vt 0.971548 0.313860
vt 0.426970 0.973900
vt 0.409353 0.973828
vt 0.396241 0.961317
vt 0.176113 0.898682
vt 0.189186 0.885856
vt 0.954419 0.518884
vt 0.998241 0.313144
vt 0.985406 0.325979
vt 0.207238 0.886052
vt 0.352675 0.898215
vt 0.396241 0.942611
vt 0.998241 0.294992
vt 0.967254 0.325979
s 0
f 435/401/277 452/402/277 489/403/277 437/404/277
f 414/405/278 468/406/278 475/407/278 497/408/278
f 423/409/278 442/410/278 479/411/278 444/412/278
f 457/413/279 421/414/279 492/415/279 401/416/279
f 428/417/277 454/418/277 451/419/277 449/420/277
f 462/421/280 430/422/280 486/423/280 456/424/280
f 424/425/277 457/413/277 401/416/277 478/426/277
f 429/427/281 462/421/281 456/424/281 453/428/281
f 419/429/277 461/430/277 458/431/277 501/432/277
f 450/433/280 414/405/280 497/408/280 410/434/280
f 441/435/282 422/436/282 402/437/282 403/438/282
f 422/436/281 455/439/281 446/440/281 402/437/281
f 436/441/283 445/442/283 488/443/283 490/444/283
f 454/418/279 425/445/279 499/446/279 451/419/279
f 461/430/279 420/447/279 460/448/279 458/431/279
f 472/449/282 413/450/282 409/451/282 408/452/282
f 448/453/280 434/454/280 491/455/280 467/456/280
f 452/402/279 436/441/279 490/444/279 489/403/279
f 420/447/283 469/457/283 463/458/283 460/448/283
f 443/459/284 431/460/284 493/461/284 485/462/284
f 477/463/284 428/417/284 449/420/284 484/464/284
f 413/450/281 450/433/281 410/434/281 409/451/281
f 415/465/277 447/466/277 471/467/277 473/468/277
f 445/442/282 433/469/282 465/470/282 488/443/282
f 410/434/285 497/408/285 475/407/285 498/471/285
f 407/472/285 404/473/285 405/474/285 502/475/285
f 451/419/285 500/476/285 484/464/285 449/420/285
f 409/451/285 410/434/285 498/471/285 408/452/285
f 499/446/285 480/477/285 500/476/285 451/419/285
f 406/478/285 407/472/285 502/475/285 463/458/285
f 463/458/285 502/475/285 458/431/285 460/448/285
f 412/479/285 495/480/285 487/481/285 411/482/285
f 453/428/285 456/424/285 495/480/285 412/479/285
f 403/438/285 402/437/285 446/440/285 496/483/285
f 480/477/285 481/484/285 482/485/285 500/476/285
f 492/415/285 403/438/285 496/483/285 401/416/285
f 408/452/285 498/471/285 471/467/285 470/486/285
f 488/443/285 494/487/285 489/403/285 490/444/285
f 465/470/285 467/456/285 494/487/285 488/443/285
f 401/416/285 496/483/285 479/411/285 478/426/285
f 456/424/285 486/423/285 485/462/285 495/480/285
f 467/456/285 491/455/285 438/488/285 494/487/285
f 494/487/285 438/488/285 437/404/285 489/403/285
f 495/480/285 485/462/285 493/461/285 487/481/285
f 500/476/285 482/485/285 483/489/285 484/464/285
f 496/483/285 446/440/285 444/412/285 479/411/285
f 502/475/285 405/474/285 501/432/285 458/431/285
f 498/471/285 475/407/285 473/468/285 471/467/285
f 430/422/278 443/459/278 485/462/278 486/423/278
f 455/439/280 423/409/280 444/412/280 446/440/280
f 469/457/282 417/490/282 406/478/282 463/458/282
f 464/491/280 418/492/280 404/473/280 407/472/280
f 466/493/279 432/494/279 411/482/279 487/481/279
f 439/495/284 435/401/284 437/404/284 438/488/284
f 426/496/281 459/497/281 482/485/281 481/484/281
f 417/490/281 464/491/281 407/472/281 406/478/281
f 431/460/277 466/493/277 487/481/277 493/461/277
f 432/494/283 440/498/283 412/479/283 411/482/283
f 416/499/283 472/449/283 408/452/283 470/486/283
f 418/492/278 474/500/278 405/474/278 404/473/278
f 434/454/278 439/495/278 438/488/278 491/455/278
f 468/406/284 415/465/284 473/468/284 475/407/284
f 476/501/282 426/496/282 481/484/282 480/477/282
f 474/500/284 419/429/284 501/432/284 405/474/284
f 440/498/282 429/427/282 453/428/282 412/479/282
f 447/466/279 416/499/279 470/486/279 471/467/279
f 459/497/280 427/502/280 483/489/280 482/485/280
f 421/414/283 441/435/283 403/438/283 492/415/283
f 427/502/278 477/463/278 484/464/278 483/489/278
f 425/445/283 476/501/283 480/477/283 499/446/283
f 442/410/284 424/425/284 478/426/284 479/411/284
f 433/469/281 448/453/281 467/456/281 465/470/281
o Bolts.062
v -0.033755 1.648526 0.155757
v -0.068720 1.663009 0.155757
v -0.054237 1.669008 0.155757
v 0.038284 1.746177 0.155757
v 0.052767 1.740178 0.155757
v 0.038284 1.775144 0.155757
v 0.032285 1.760661 0.155757
v 0.052767 1.556873 0.155757
v 0.038284 1.550874 0.155757
v 0.032285 1.536391 0.155757
v -0.039754 1.775144 0.155757
v -0.054237 1.781143 0.155757
v 0.032077 1.557081 0.138944
v 0.032077 1.515700 0.138944
v 0.073458 1.515700 0.138944
v 0.073458 1.557081 0.138944
v 0.032077 1.781351 0.138944
v 0.032077 1.739970 0.138944
v 0.073458 1.739970 0.138944
v 0.073458 1.781351 0.138944
v -0.033547 1.669216 0.138944
v -0.074928 1.669216 0.138944
v -0.074928 1.627835 0.138944
v -0.033547 1.627835 0.138944
v 0.073458 1.669216 0.138944
v 0.032077 1.669216 0.138944
v 0.032077 1.627835 0.138944
v 0.073458 1.627835 0.138944
v -0.074928 1.781351 0.138944
v -0.074928 1.739970 0.138944
v -0.033547 1.739970 0.138944
v -0.033547 1.781351 0.138944
v -0.074928 1.557081 0.138944
v -0.074928 1.515700 0.138944
v -0.033547 1.515700 0.138944
v -0.033547 1.557081 0.138944
v -0.039754 1.521907 0.155757
v -0.054237 1.515908 0.155757
v -0.054237 1.507130 0.138944
v -0.054237 1.789921 0.138944
v -0.054237 1.677786 0.138944
v -0.054237 1.619265 0.138944
v -0.054237 1.731400 0.138944
v -0.068720 1.634042 0.155757
v -0.054237 1.565651 0.138944
v -0.074720 1.648526 0.155757
v 0.082028 1.536391 0.138944
v -0.083498 1.536391 0.138944
v 0.067251 1.634042 0.155757
v 0.023507 1.536391 0.138944
v 0.073250 1.648526 0.155757
v -0.024976 1.536391 0.138944
v -0.068720 1.775144 0.155757
v 0.082028 1.648526 0.138944
v -0.083498 1.648526 0.138944
v -0.074720 1.760661 0.155757
v -0.024977 1.648526 0.138944
v 0.073250 1.760661 0.155757
v 0.023507 1.648526 0.138944
v 0.067251 1.775144 0.155757
v 0.082028 1.760661 0.138944
v -0.083498 1.760661 0.138944
v 0.052767 1.781143 0.155757
v 0.023507 1.760661 0.138944
v -0.068720 1.550874 0.155757
v -0.024977 1.760661 0.138944
v -0.074720 1.536391 0.155757
v 0.052767 1.507130 0.138944
v 0.052767 1.789921 0.138944
v 0.067251 1.550874 0.155757
v 0.073250 1.536391 0.155757
v 0.052767 1.565651 0.138944
v 0.067251 1.521907 0.155757
v 0.052767 1.731400 0.138944
v 0.052767 1.515908 0.155757
v 0.052767 1.677786 0.138944
v 0.052767 1.619265 0.138944
v -0.039754 1.634042 0.155757
v -0.054237 1.628043 0.155757
v 0.052767 1.669008 0.155757
v 0.038284 1.663009 0.155757
v 0.032285 1.648526 0.155757
v 0.038284 1.634042 0.155757
v 0.052767 1.628043 0.155757
v -0.054237 1.740178 0.155757
v -0.068720 1.746177 0.155757
v -0.033755 1.760661 0.155757
v -0.054237 1.556873 0.155757
v -0.033755 1.536391 0.155757
v -0.039754 1.550874 0.155757
v -0.068720 1.521907 0.155757
v -0.039754 1.663009 0.155757
v -0.039754 1.746177 0.155757
v -0.054237 1.536391 0.155757
v -0.054237 1.760661 0.155757
v -0.054237 1.648526 0.155757
v 0.038284 1.521907 0.155757
v 0.052767 1.536391 0.155757
v 0.067251 1.663009 0.155757
v 0.052767 1.648526 0.155757
v 0.067251 1.746177 0.155757
v 0.052767 1.760661 0.155757
vn 0.8321 -0.3447 0.4345
vn -0.3447 -0.8321 0.4345
vn 0.8321 0.3447 0.4345
vn -0.8321 -0.3447 0.4345
vn -0.8321 0.3447 0.4345
vn -0.3447 0.8321 0.4345
vn 0.3447 0.8321 0.4345
vn 0.3447 -0.8321 0.4345
vn -0.0000 -0.0000 1.0000
vt 0.956178 0.012694
vt 0.969154 -0.000000
vt 0.973870 0.011566
vt 0.968328 0.017805
vt 0.440257 0.917360
vt 0.426787 0.929976
vt 0.422253 0.918221
vt 0.427859 0.912102
vt 0.075154 0.930244
vt 0.057101 0.930440
vt 0.061363 0.918288
vt 0.069705 0.918765
vt 0.044028 0.899003
vt 0.057951 0.885856
vt 0.062609 0.898662
vt 0.056388 0.903735
vt 0.954419 0.338815
vt 0.967254 0.325979
vt 0.972787 0.337585
vt 0.966538 0.343109
vt 0.264169 0.915789
vt 0.252787 0.928997
vt 0.246783 0.917700
vt 0.252810 0.911637
vt 0.044028 0.917614
vt 0.055807 0.912033
vt 0.263754 0.898624
vt 0.252102 0.903079
vt 0.453309 0.929976
vt 0.470926 0.930049
vt 0.466157 0.941463
vt 0.457596 0.941960
vt 0.440257 0.898482
vt 0.428456 0.904030
vt 0.076674 0.887299
vt 0.088056 0.900507
vt 0.076697 0.904659
vt 0.070670 0.898596
vt 0.087642 0.917672
vt 0.075989 0.913217
vt 0.987306 0.000000
vt 1.000000 0.012976
vt 0.988434 0.017692
vt 0.982195 0.012150
vt 0.985406 0.325979
vt 0.981112 0.338098
vt 0.484037 0.942559
vt 0.471739 0.947653
vt 0.409627 0.885956
vt 0.427151 0.885856
vt 0.422851 0.897812
vt 0.414287 0.897301
vt 0.987024 0.043821
vt 0.968872 0.043821
vt 0.973983 0.031672
vt 0.982308 0.032256
vt 0.484037 0.961266
vt 0.472302 0.955715
vt 0.234064 0.930440
vt 0.220141 0.917293
vt 0.232501 0.912561
vt 0.238722 0.917634
vt 0.954419 0.356966
vt 0.966025 0.351433
vt 0.408550 0.929486
vt 0.396241 0.916193
vt 0.407857 0.911763
vt 0.413950 0.917442
vt 1.000000 0.031128
vt 0.987850 0.026017
vt 0.418265 0.907765
vt 0.458137 0.962413
vt 0.452556 0.956224
vt 0.451992 0.948162
vt 0.462147 0.951938
vt 0.976330 0.347890
vt 0.986636 0.344348
vt 0.466698 0.961917
vt 0.245818 0.897531
vt 0.242268 0.907796
vt 0.231920 0.904263
vt 0.237475 0.898008
vt 0.066155 0.908500
vt 0.986122 0.352672
vt 0.979873 0.358196
vt 0.408616 0.903468
vt 0.978089 0.021911
vt 0.967744 0.026129
vt 0.971548 0.357683
vt 0.470985 0.973900
vt 0.453368 0.973828
vt 0.440257 0.961317
vt 0.220141 0.898682
vt 0.233214 0.885856
vt 0.956178 0.030846
vt 0.998241 0.356966
vt 0.985406 0.369802
vt 0.251267 0.886052
vt 0.396690 0.898215
vt 0.440257 0.942611
vt 0.998241 0.338815
vt 0.967254 0.369802
s 0
f 537/503/286 554/504/286 591/505/286 539/506/286
f 516/507/287 570/508/287 577/509/287 599/510/287
f 525/511/287 544/512/287 581/513/287 546/514/287
f 559/515/288 523/516/288 594/517/288 503/518/288
f 530/519/286 556/520/286 553/521/286 551/522/286
f 564/523/289 532/524/289 588/525/289 558/526/289
f 526/527/286 559/515/286 503/518/286 580/528/286
f 531/529/290 564/523/290 558/526/290 555/530/290
f 521/531/286 563/532/286 560/533/286 603/534/286
f 552/535/289 516/507/289 599/510/289 512/536/289
f 543/537/291 524/538/291 504/539/291 505/540/291
f 524/538/290 557/541/290 548/542/290 504/539/290
f 538/543/292 547/544/292 590/545/292 592/546/292
f 556/520/288 527/547/288 601/548/288 553/521/288
f 563/532/288 522/549/288 562/550/288 560/533/288
f 574/551/291 515/552/291 511/553/291 510/554/291
f 550/555/289 536/556/289 593/557/289 569/558/289
f 554/504/288 538/543/288 592/546/288 591/505/288
f 522/549/292 571/559/292 565/560/292 562/550/292
f 545/561/293 533/562/293 595/563/293 587/564/293
f 579/565/293 530/519/293 551/522/293 586/566/293
f 515/552/290 552/535/290 512/536/290 511/553/290
f 517/567/286 549/568/286 573/569/286 575/570/286
f 547/544/291 535/571/291 567/572/291 590/545/291
f 512/536/294 599/510/294 577/509/294 600/573/294
f 509/574/294 506/575/294 507/576/294 604/577/294
f 553/521/294 602/578/294 586/566/294 551/522/294
f 511/553/294 512/536/294 600/573/294 510/554/294
f 601/548/294 582/579/294 602/578/294 553/521/294
f 508/580/294 509/574/294 604/577/294 565/560/294
f 565/560/294 604/577/294 560/533/294 562/550/294
f 514/581/294 597/582/294 589/583/294 513/584/294
f 555/530/294 558/526/294 597/582/294 514/581/294
f 505/540/294 504/539/294 548/542/294 598/585/294
f 582/579/294 583/586/294 584/587/294 602/578/294
f 594/517/294 505/540/294 598/585/294 503/518/294
f 510/554/294 600/573/294 573/569/294 572/588/294
f 590/545/294 596/589/294 591/505/294 592/546/294
f 567/572/294 569/558/294 596/589/294 590/545/294
f 503/518/294 598/585/294 581/513/294 580/528/294
f 558/526/294 588/525/294 587/564/294 597/582/294
f 569/558/294 593/557/294 540/590/294 596/589/294
f 596/589/294 540/590/294 539/506/294 591/505/294
f 597/582/294 587/564/294 595/563/294 589/583/294
f 602/578/294 584/587/294 585/591/294 586/566/294
f 598/585/294 548/542/294 546/514/294 581/513/294
f 604/577/294 507/576/294 603/534/294 560/533/294
f 600/573/294 577/509/294 575/570/294 573/569/294
f 532/524/287 545/561/287 587/564/287 588/525/287
f 557/541/289 525/511/289 546/514/289 548/542/289
f 571/559/291 519/592/291 508/580/291 565/560/291
f 566/593/289 520/594/289 506/575/289 509/574/289
f 568/595/288 534/596/288 513/584/288 589/583/288
f 541/597/293 537/503/293 539/506/293 540/590/293
f 528/598/290 561/599/290 584/587/290 583/586/290
f 519/592/290 566/593/290 509/574/290 508/580/290
f 533/562/286 568/595/286 589/583/286 595/563/286
f 534/596/292 542/600/292 514/581/292 513/584/292
f 518/601/292 574/551/292 510/554/292 572/588/292
f 520/594/287 576/602/287 507/576/287 506/575/287
f 536/556/287 541/597/287 540/590/287 593/557/287
f 570/508/293 517/567/293 575/570/293 577/509/293
f 578/603/291 528/598/291 583/586/291 582/579/291
f 576/602/293 521/531/293 603/534/293 507/576/293
f 542/600/291 531/529/291 555/530/291 514/581/291
f 549/568/288 518/601/288 572/588/288 573/569/288
f 561/599/289 529/604/289 585/591/289 584/587/289
f 523/516/292 543/537/292 505/540/292 594/517/292
f 529/604/287 579/565/287 586/566/287 585/591/287
f 527/547/292 578/603/292 582/579/292 601/548/292
f 544/512/293 526/527/293 580/528/293 581/513/293
f 535/571/290 550/555/290 569/558/290 567/572/290
o Bolts.063
v 0.032285 1.648526 -0.155404
v 0.067251 1.663009 -0.155404
v 0.052767 1.669008 -0.155404
v -0.039754 1.746177 -0.155404
v -0.054237 1.740178 -0.155404
v -0.039754 1.775144 -0.155404
v -0.033755 1.760661 -0.155404
v -0.054237 1.556873 -0.155404
v -0.039754 1.550874 -0.155404
v -0.033755 1.536391 -0.155404
v 0.038284 1.775144 -0.155404
v 0.052767 1.781143 -0.155404
v -0.033547 1.557081 -0.138591
v -0.033547 1.515700 -0.138591
v -0.074928 1.515700 -0.138591
v -0.074928 1.557081 -0.138591
v -0.033547 1.781351 -0.138591
v -0.033547 1.739970 -0.138591
v -0.074928 1.739970 -0.138591
v -0.074928 1.781351 -0.138591
v 0.032077 1.669216 -0.138591
v 0.073458 1.669216 -0.138591
v 0.073458 1.627835 -0.138591
v 0.032077 1.627835 -0.138591
v -0.074928 1.669216 -0.138591
v -0.033547 1.669216 -0.138591
v -0.033547 1.627835 -0.138591
v -0.074928 1.627835 -0.138591
v 0.073458 1.781351 -0.138591
v 0.073458 1.739970 -0.138591
v 0.032077 1.739970 -0.138591
v 0.032077 1.781351 -0.138591
v 0.073458 1.557081 -0.138591
v 0.073458 1.515700 -0.138591
v 0.032077 1.515700 -0.138591
v 0.032077 1.557081 -0.138591
v 0.038284 1.521907 -0.155404
v 0.052767 1.515908 -0.155404
v 0.052767 1.507130 -0.138591
v 0.052767 1.789921 -0.138591
v 0.052767 1.677786 -0.138591
v 0.052767 1.619265 -0.138591
v 0.052767 1.731400 -0.138591
v 0.067251 1.634042 -0.155404
v 0.052767 1.565651 -0.138591
v 0.073250 1.648526 -0.155404
v -0.083498 1.536391 -0.138591
v 0.082028 1.536391 -0.138591
v -0.068721 1.634042 -0.155404
v -0.024977 1.536391 -0.138591
v -0.074720 1.648526 -0.155404
v 0.023507 1.536391 -0.138591
v 0.067251 1.775144 -0.155404
v -0.083498 1.648526 -0.138591
v 0.082028 1.648526 -0.138591
v 0.073250 1.760661 -0.155404
v 0.023507 1.648526 -0.138591
v -0.074720 1.760661 -0.155404
v -0.024977 1.648526 -0.138591
v -0.068721 1.775144 -0.155404
v -0.083498 1.760661 -0.138591
v 0.082028 1.760661 -0.138591
v -0.054237 1.781143 -0.155404
v -0.024977 1.760661 -0.138591
v 0.067251 1.550874 -0.155404
v 0.023507 1.760661 -0.138591
v 0.073250 1.536391 -0.155404
v -0.054237 1.507130 -0.138591
v -0.054237 1.789921 -0.138591
v -0.068721 1.550874 -0.155404
v -0.074720 1.536391 -0.155404
v -0.054237 1.565651 -0.138591
v -0.068721 1.521907 -0.155404
v -0.054237 1.731400 -0.138591
v -0.054237 1.515908 -0.155404
v -0.054237 1.677786 -0.138591
v -0.054237 1.619265 -0.138591
v 0.038284 1.634042 -0.155404
v 0.052767 1.628043 -0.155404
v -0.054237 1.669008 -0.155404
v -0.039754 1.663009 -0.155404
v -0.033755 1.648526 -0.155404
v -0.039754 1.634042 -0.155404
v -0.054237 1.628043 -0.155404
v 0.052767 1.740178 -0.155404
v 0.067251 1.746177 -0.155404
v 0.032285 1.760661 -0.155404
v 0.052767 1.556873 -0.155404
v 0.032285 1.536391 -0.155404
v 0.038284 1.550874 -0.155404
v 0.067251 1.521907 -0.155404
v 0.038284 1.663009 -0.155404
v 0.038284 1.746177 -0.155404
v 0.052767 1.536391 -0.155404
v 0.052767 1.760661 -0.155404
v 0.052767 1.648526 -0.155404
v -0.039754 1.521907 -0.155404
v -0.054237 1.536391 -0.155404
v -0.068721 1.663009 -0.155404
v -0.054237 1.648526 -0.155404
v -0.068721 1.746177 -0.155404
v -0.054237 1.760661 -0.155404
vn -0.8321 -0.3447 -0.4345
vn 0.3447 -0.8321 -0.4345
vn -0.8321 0.3447 -0.4345
vn 0.8321 -0.3447 -0.4345
vn 0.8321 0.3447 -0.4345
vn 0.3447 0.8321 -0.4345
vn -0.3447 0.8321 -0.4345
vn -0.3447 -0.8321 -0.4345
vn -0.0000 -0.0000 -1.0000
vt 0.956178 0.056515
vt 0.969154 0.043821
vt 0.973871 0.055387
vt 0.968328 0.061626
vt 0.484272 0.917360
vt 0.470802 0.929976
vt 0.466268 0.918221
vt 0.471875 0.912102
vt 0.119182 0.930244
vt 0.101129 0.930440
vt 0.105391 0.918288
vt 0.113733 0.918765
vt 0.088056 0.899003
vt 0.101979 0.885856
vt 0.106637 0.898662
vt 0.100416 0.903735
vt 0.954419 0.432246
vt 0.967254 0.419411
vt 0.972787 0.431017
vt 0.966538 0.436540
vt 0.308198 0.915789
vt 0.296815 0.928997
vt 0.290811 0.917700
vt 0.296838 0.911637
vt 0.088056 0.917614
vt 0.099835 0.912033
vt 0.307783 0.898624
vt 0.296130 0.903079
vt 0.365278 0.929976
vt 0.382895 0.930049
vt 0.378126 0.941463
vt 0.369565 0.941960
vt 0.484272 0.898482
vt 0.472472 0.904030
vt 0.120702 0.887299
vt 0.132085 0.900507
vt 0.120725 0.904659
vt 0.114698 0.898596
vt 0.131670 0.917672
vt 0.120017 0.913217
vt 0.987306 0.043822
vt 1.000000 0.056797
vt 0.988434 0.061514
vt 0.982195 0.055971
vt 0.985406 0.419411
vt 0.981112 0.431530
vt 0.396006 0.942559
vt 0.383708 0.947653
vt 0.453643 0.885956
vt 0.471167 0.885856
vt 0.466867 0.897812
vt 0.458302 0.897301
vt 0.987024 0.087643
vt 0.968872 0.087643
vt 0.973983 0.075493
vt 0.982308 0.076077
vt 0.396006 0.961266
vt 0.384271 0.955715
vt 0.278092 0.930440
vt 0.264169 0.917293
vt 0.276529 0.912561
vt 0.282750 0.917634
vt 0.954419 0.450398
vt 0.966025 0.444865
vt 0.452565 0.929486
vt 0.440257 0.916193
vt 0.451873 0.911763
vt 0.457965 0.917442
vt 1.000000 0.074949
vt 0.987850 0.069838
vt 0.462281 0.907765
vt 0.370106 0.962413
vt 0.364525 0.956224
vt 0.363961 0.948162
vt 0.374116 0.951938
vt 0.976330 0.441322
vt 0.986636 0.437779
vt 0.378667 0.961917
vt 0.289846 0.897531
vt 0.286296 0.907796
vt 0.275948 0.904263
vt 0.281504 0.898008
vt 0.110183 0.908500
vt 0.986122 0.446104
vt 0.979873 0.451628
vt 0.452632 0.903468
vt 0.978089 0.065732
vt 0.967744 0.069951
vt 0.971548 0.451114
vt 0.382954 0.973900
vt 0.365337 0.973828
vt 0.352226 0.961317
vt 0.264169 0.898682
vt 0.277242 0.885856
vt 0.956178 0.074667
vt 0.998241 0.450398
vt 0.985406 0.463233
vt 0.295295 0.886052
vt 0.440706 0.898215
vt 0.352226 0.942611
vt 0.998241 0.432246
vt 0.967254 0.463233
s 0
f 639/605/295 656/606/295 693/607/295 641/608/295
f 618/609/296 672/610/296 679/611/296 701/612/296
f 627/613/296 646/614/296 683/615/296 648/616/296
f 661/617/297 625/618/297 696/619/297 605/620/297
f 632/621/295 658/622/295 655/623/295 653/624/295
f 666/625/298 634/626/298 690/627/298 660/628/298
f 628/629/295 661/617/295 605/620/295 682/630/295
f 633/631/299 666/625/299 660/628/299 657/632/299
f 623/633/295 665/634/295 662/635/295 705/636/295
f 654/637/298 618/609/298 701/612/298 614/638/298
f 645/639/300 626/640/300 606/641/300 607/642/300
f 626/640/299 659/643/299 650/644/299 606/641/299
f 640/645/301 649/646/301 692/647/301 694/648/301
f 658/622/297 629/649/297 703/650/297 655/623/297
f 665/634/297 624/651/297 664/652/297 662/635/297
f 676/653/300 617/654/300 613/655/300 612/656/300
f 652/657/298 638/658/298 695/659/298 671/660/298
f 656/606/297 640/645/297 694/648/297 693/607/297
f 624/651/301 673/661/301 667/662/301 664/652/301
f 647/663/302 635/664/302 697/665/302 689/666/302
f 681/667/302 632/621/302 653/624/302 688/668/302
f 617/654/299 654/637/299 614/638/299 613/655/299
f 619/669/295 651/670/295 675/671/295 677/672/295
f 649/646/300 637/673/300 669/674/300 692/647/300
f 614/638/303 701/612/303 679/611/303 702/675/303
f 611/676/303 608/677/303 609/678/303 706/679/303
f 655/623/303 704/680/303 688/668/303 653/624/303
f 613/655/303 614/638/303 702/675/303 612/656/303
f 703/650/303 684/681/303 704/680/303 655/623/303
f 610/682/303 611/676/303 706/679/303 667/662/303
f 667/662/303 706/679/303 662/635/303 664/652/303
f 616/683/303 699/684/303 691/685/303 615/686/303
f 657/632/303 660/628/303 699/684/303 616/683/303
f 607/642/303 606/641/303 650/644/303 700/687/303
f 684/681/303 685/688/303 686/689/303 704/680/303
f 696/619/303 607/642/303 700/687/303 605/620/303
f 612/656/303 702/675/303 675/671/303 674/690/303
f 692/647/303 698/691/303 693/607/303 694/648/303
f 669/674/303 671/660/303 698/691/303 692/647/303
f 605/620/303 700/687/303 683/615/303 682/630/303
f 660/628/303 690/627/303 689/666/303 699/684/303
f 671/660/303 695/659/303 642/692/303 698/691/303
f 698/691/303 642/692/303 641/608/303 693/607/303
f 699/684/303 689/666/303 697/665/303 691/685/303
f 704/680/303 686/689/303 687/693/303 688/668/303
f 700/687/303 650/644/303 648/616/303 683/615/303
f 706/679/303 609/678/303 705/636/303 662/635/303
f 702/675/303 679/611/303 677/672/303 675/671/303
f 634/626/296 647/663/296 689/666/296 690/627/296
f 659/643/298 627/613/298 648/616/298 650/644/298
f 673/661/300 621/694/300 610/682/300 667/662/300
f 668/695/298 622/696/298 608/677/298 611/676/298
f 670/697/297 636/698/297 615/686/297 691/685/297
f 643/699/302 639/605/302 641/608/302 642/692/302
f 630/700/299 663/701/299 686/689/299 685/688/299
f 621/694/299 668/695/299 611/676/299 610/682/299
f 635/664/295 670/697/295 691/685/295 697/665/295
f 636/698/301 644/702/301 616/683/301 615/686/301
f 620/703/301 676/653/301 612/656/301 674/690/301
f 622/696/296 678/704/296 609/678/296 608/677/296
f 638/658/296 643/699/296 642/692/296 695/659/296
f 672/610/302 619/669/302 677/672/302 679/611/302
f 680/705/300 630/700/300 685/688/300 684/681/300
f 678/704/302 623/633/302 705/636/302 609/678/302
f 644/702/300 633/631/300 657/632/300 616/683/300
f 651/670/297 620/703/297 674/690/297 675/671/297
f 663/701/298 631/706/298 687/693/298 686/689/298
f 625/618/301 645/639/301 607/642/301 696/619/301
f 631/706/296 681/667/296 688/668/296 687/693/296
f 629/649/301 680/705/301 684/681/301 703/650/301
f 646/614/302 628/629/302 682/630/302 683/615/302
f 637/673/299 652/657/299 671/660/299 669/674/299
o Bolts.064
v 0.032285 3.215070 -0.155404
v 0.067251 3.229553 -0.155404
v 0.052767 3.235552 -0.155404
v -0.039754 3.312721 -0.155404
v -0.054237 3.306722 -0.155404
v -0.039754 3.341688 -0.155404
v -0.033755 3.327205 -0.155404
v -0.054237 3.123417 -0.155404
v -0.039754 3.117418 -0.155404
v -0.033755 3.102935 -0.155404
v 0.038284 3.341688 -0.155404
v 0.052767 3.347687 -0.155404
v -0.033547 3.123625 -0.138591
v -0.033547 3.082244 -0.138591
v -0.074928 3.082244 -0.138591
v -0.074928 3.123625 -0.138591
v -0.033547 3.347895 -0.138591
v -0.033547 3.306515 -0.138591
v -0.074928 3.306515 -0.138591
v -0.074928 3.347895 -0.138591
v 0.032077 3.235760 -0.138591
v 0.073458 3.235760 -0.138591
v 0.073458 3.194379 -0.138591
v 0.032077 3.194379 -0.138591
v -0.074928 3.235760 -0.138591
v -0.033547 3.235760 -0.138591
v -0.033547 3.194379 -0.138591
v -0.074928 3.194379 -0.138591
v 0.073458 3.347895 -0.138591
v 0.073458 3.306515 -0.138591
v 0.032077 3.306515 -0.138591
v 0.032077 3.347895 -0.138591
v 0.073458 3.123625 -0.138591
v 0.073458 3.082244 -0.138591
v 0.032077 3.082244 -0.138591
v 0.032077 3.123625 -0.138591
v 0.038284 3.088451 -0.155404
v 0.052767 3.082452 -0.155404
v 0.052767 3.073674 -0.138591
v 0.052767 3.356466 -0.138591
v 0.052767 3.244330 -0.138591
v 0.052767 3.185809 -0.138591
v 0.052767 3.297944 -0.138591
v 0.067251 3.200586 -0.155404
v 0.052767 3.132195 -0.138591
v 0.073250 3.215070 -0.155404
v -0.083498 3.102935 -0.138591
v 0.082028 3.102935 -0.138591
v -0.068721 3.200586 -0.155404
v -0.024977 3.102935 -0.138591
v -0.074720 3.215070 -0.155404
v 0.023507 3.102935 -0.138591
v 0.067251 3.341688 -0.155404
v -0.083498 3.215070 -0.138591
v 0.082028 3.215070 -0.138591
v 0.073250 3.327205 -0.155404
v 0.023507 3.215070 -0.138591
v -0.074720 3.327205 -0.155404
v -0.024977 3.215070 -0.138591
v -0.068721 3.341688 -0.155404
v -0.083498 3.327205 -0.138591
v 0.082028 3.327205 -0.138591
v -0.054237 3.347687 -0.155404
v -0.024977 3.327205 -0.138591
v 0.067251 3.117418 -0.155404
v 0.023507 3.327205 -0.138591
v 0.073250 3.102935 -0.155404
v -0.054237 3.073674 -0.138591
v -0.054237 3.356466 -0.138591
v -0.068721 3.117418 -0.155404
v -0.074720 3.102935 -0.155404
v -0.054237 3.132195 -0.138591
v -0.068721 3.088451 -0.155404
v -0.054237 3.297944 -0.138591
v -0.054237 3.082452 -0.155404
v -0.054237 3.244330 -0.138591
v -0.054237 3.185809 -0.138591
v 0.038284 3.200586 -0.155404
v 0.052767 3.194587 -0.155404
v -0.054237 3.235552 -0.155404
v -0.039754 3.229553 -0.155404
v -0.033755 3.215070 -0.155404
v -0.039754 3.200586 -0.155404
v -0.054237 3.194587 -0.155404
v 0.052767 3.306722 -0.155404
v 0.067251 3.312721 -0.155404
v 0.032285 3.327205 -0.155404
v 0.052767 3.123417 -0.155404
v 0.032285 3.102935 -0.155404
v 0.038284 3.117418 -0.155404
v 0.067251 3.088451 -0.155404
v 0.038284 3.229553 -0.155404
v 0.038284 3.312721 -0.155404
v 0.052767 3.102935 -0.155404
v 0.052767 3.327205 -0.155404
v 0.052767 3.215070 -0.155404
v -0.039754 3.088451 -0.155404
v -0.054237 3.102935 -0.155404
v -0.068721 3.229553 -0.155404
v -0.054237 3.215070 -0.155404
v -0.068721 3.312721 -0.155404
v -0.054237 3.327205 -0.155404
vn -0.8321 -0.3447 -0.4345
vn 0.3447 -0.8321 -0.4345
vn -0.8321 0.3447 -0.4345
vn 0.8321 -0.3447 -0.4345
vn 0.8321 0.3447 -0.4345
vn 0.3447 0.8321 -0.4345
vn -0.3447 0.8321 -0.4345
vn -0.3447 -0.8321 -0.4345
vn -0.0000 -0.0000 -1.0000
vt 0.956178 0.100337
vt 0.969154 0.087643
vt 0.973871 0.099209
vt 0.968328 0.105448
vt 0.528288 0.917360
vt 0.514818 0.929976
vt 0.510284 0.918221
vt 0.515890 0.912102
vt 0.163210 0.930244
vt 0.145158 0.930440
vt 0.149419 0.918288
vt 0.157761 0.918765
vt 0.132085 0.899003
vt 0.146008 0.885856
vt 0.150666 0.898662
vt 0.144444 0.903735
vt 0.954419 0.382637
vt 0.967254 0.369802
vt 0.972787 0.381407
vt 0.966538 0.386931
vt 0.352226 0.915789
vt 0.340843 0.928997
vt 0.334839 0.917700
vt 0.340867 0.911637
vt 0.132085 0.917614
vt 0.143863 0.912033
vt 0.351811 0.898624
vt 0.340158 0.903079
vt 0.497324 0.929976
vt 0.514942 0.930049
vt 0.510173 0.941463
vt 0.501612 0.941960
vt 0.528288 0.898482
vt 0.516487 0.904030
vt 0.164730 0.887299
vt 0.176113 0.900507
vt 0.164754 0.904659
vt 0.158726 0.898596
vt 0.175698 0.917672
vt 0.164045 0.913217
vt 0.987306 0.087643
vt 1.000000 0.100619
vt 0.988434 0.105335
vt 0.982195 0.099793
vt 0.985406 0.369802
vt 0.981112 0.381920
vt 0.528053 0.942559
vt 0.515754 0.947653
vt 0.497658 0.885956
vt 0.515183 0.885856
vt 0.510883 0.897812
vt 0.502318 0.897301
vt 0.987024 0.131464
vt 0.968872 0.131464
vt 0.973983 0.119315
vt 0.982308 0.119899
vt 0.528053 0.961266
vt 0.516318 0.955715
vt 0.322121 0.930440
vt 0.308198 0.917293
vt 0.320557 0.912561
vt 0.326778 0.917634
vt 0.954419 0.400789
vt 0.966025 0.395255
vt 0.496581 0.929486
vt 0.484272 0.916193
vt 0.495888 0.911763
vt 0.501981 0.917442
vt 1.000000 0.118771
vt 0.987850 0.113660
vt 0.506296 0.907765
vt 0.502152 0.962413
vt 0.496571 0.956224
vt 0.496007 0.948162
vt 0.506163 0.951938
vt 0.976330 0.391713
vt 0.986636 0.388170
vt 0.510714 0.961917
vt 0.333874 0.897531
vt 0.330324 0.907796
vt 0.319976 0.904263
vt 0.325532 0.898008
vt 0.154211 0.908500
vt 0.986122 0.396495
vt 0.979873 0.402018
vt 0.496647 0.903468
vt 0.978089 0.109554
vt 0.967744 0.113772
vt 0.971548 0.401505
vt 0.515001 0.973900
vt 0.497384 0.973828
vt 0.484272 0.961317
vt 0.308198 0.898682
vt 0.321271 0.885856
vt 0.956178 0.118489
vt 0.998241 0.400789
vt 0.985406 0.413624
vt 0.339323 0.886052
vt 0.484721 0.898215
vt 0.484272 0.942611
vt 0.998241 0.382637
vt 0.967254 0.413624
s 0
f 741/707/304 758/708/304 795/709/304 743/710/304
f 720/711/305 774/712/305 781/713/305 803/714/305
f 729/715/305 748/716/305 785/717/305 750/718/305
f 763/719/306 727/720/306 798/721/306 707/722/306
f 734/723/304 760/724/304 757/725/304 755/726/304
f 768/727/307 736/728/307 792/729/307 762/730/307
f 730/731/304 763/719/304 707/722/304 784/732/304
f 735/733/308 768/727/308 762/730/308 759/734/308
f 725/735/304 767/736/304 764/737/304 807/738/304
f 756/739/307 720/711/307 803/714/307 716/740/307
f 747/741/309 728/742/309 708/743/309 709/744/309
f 728/742/308 761/745/308 752/746/308 708/743/308
f 742/747/310 751/748/310 794/749/310 796/750/310
f 760/724/306 731/751/306 805/752/306 757/725/306
f 767/736/306 726/753/306 766/754/306 764/737/306
f 778/755/309 719/756/309 715/757/309 714/758/309
f 754/759/307 740/760/307 797/761/307 773/762/307
f 758/708/306 742/747/306 796/750/306 795/709/306
f 726/753/310 775/763/310 769/764/310 766/754/310
f 749/765/311 737/766/311 799/767/311 791/768/311
f 783/769/311 734/723/311 755/726/311 790/770/311
f 719/756/308 756/739/308 716/740/308 715/757/308
f 721/771/304 753/772/304 777/773/304 779/774/304
f 751/748/309 739/775/309 771/776/309 794/749/309
f 716/740/312 803/714/312 781/713/312 804/777/312
f 713/778/312 710/779/312 711/780/312 808/781/312
f 757/725/312 806/782/312 790/770/312 755/726/312
f 715/757/312 716/740/312 804/777/312 714/758/312
f 805/752/312 786/783/312 806/782/312 757/725/312
f 712/784/312 713/778/312 808/781/312 769/764/312
f 769/764/312 808/781/312 764/737/312 766/754/312
f 718/785/312 801/786/312 793/787/312 717/788/312
f 759/734/312 762/730/312 801/786/312 718/785/312
f 709/744/312 708/743/312 752/746/312 802/789/312
f 786/783/312 787/790/312 788/791/312 806/782/312
f 798/721/312 709/744/312 802/789/312 707/722/312
f 714/758/312 804/777/312 777/773/312 776/792/312
f 794/749/312 800/793/312 795/709/312 796/750/312
f 771/776/312 773/762/312 800/793/312 794/749/312
f 707/722/312 802/789/312 785/717/312 784/732/312
f 762/730/312 792/729/312 791/768/312 801/786/312
f 773/762/312 797/761/312 744/794/312 800/793/312
f 800/793/312 744/794/312 743/710/312 795/709/312
f 801/786/312 791/768/312 799/767/312 793/787/312
f 806/782/312 788/791/312 789/795/312 790/770/312
f 802/789/312 752/746/312 750/718/312 785/717/312
f 808/781/312 711/780/312 807/738/312 764/737/312
f 804/777/312 781/713/312 779/774/312 777/773/312
f 736/728/305 749/765/305 791/768/305 792/729/305
f 761/745/307 729/715/307 750/718/307 752/746/307
f 775/763/309 723/796/309 712/784/309 769/764/309
f 770/797/307 724/798/307 710/779/307 713/778/307
f 772/799/306 738/800/306 717/788/306 793/787/306
f 745/801/311 741/707/311 743/710/311 744/794/311
f 732/802/308 765/803/308 788/791/308 787/790/308
f 723/796/308 770/797/308 713/778/308 712/784/308
f 737/766/304 772/799/304 793/787/304 799/767/304
f 738/800/310 746/804/310 718/785/310 717/788/310
f 722/805/310 778/755/310 714/758/310 776/792/310
f 724/798/305 780/806/305 711/780/305 710/779/305
f 740/760/305 745/801/305 744/794/305 797/761/305
f 774/712/311 721/771/311 779/774/311 781/713/311
f 782/807/309 732/802/309 787/790/309 786/783/309
f 780/806/311 725/735/311 807/738/311 711/780/311
f 746/804/309 735/733/309 759/734/309 718/785/309
f 753/772/306 722/805/306 776/792/306 777/773/306
f 765/803/307 733/808/307 789/795/307 788/791/307
f 727/720/310 747/741/310 709/744/310 798/721/310
f 733/808/305 783/769/305 790/770/305 789/795/305
f 731/751/310 782/807/310 786/783/310 805/752/310
f 748/716/311 730/731/311 784/732/311 785/717/311
f 739/775/308 754/759/308 773/762/308 771/776/308
o Bolts.066
v 0.248795 3.341688 0.085677
v 0.248795 3.327205 0.079678
v 0.248795 3.347687 0.100160
v 0.231982 3.347895 0.079470
v 0.231982 3.356466 0.100160
v 0.231982 3.327205 0.070899
v 0.231982 3.306515 0.079470
v 0.231982 3.297944 0.100160
v 0.231982 3.327205 0.129421
v 0.231982 3.347895 0.120850
v 0.231982 3.306515 0.120850
v 0.248795 3.327205 0.120643
v 0.248795 3.327205 0.100160
v 0.248795 3.312721 0.114643
v 0.248795 3.341688 0.114643
v 0.248795 3.306722 0.100160
v 0.248795 3.312722 0.085677
v 0.248795 3.215070 0.079678
v 0.248795 3.229553 0.114643
v 0.248795 3.235553 0.100160
v 0.231982 3.235761 0.079470
v 0.231982 3.235761 0.120851
v 0.231982 3.194380 0.120851
v 0.231982 3.194380 0.079470
v 0.231982 3.244331 0.100160
v 0.231982 3.185810 0.100160
v 0.248795 3.200587 0.114643
v 0.248795 3.215070 0.120643
v 0.231982 3.215070 0.129421
v 0.231982 3.215070 0.070899
v 0.248795 3.200587 0.085677
v 0.248795 3.194588 0.100160
v 0.248795 3.229553 0.085677
v 0.248795 3.215070 0.100160
v 0.231982 3.123626 0.120851
v 0.231982 3.102935 0.129421
v 0.248795 3.117418 0.114644
v 0.231982 3.132196 0.100160
v 0.248795 3.123417 0.100160
v 0.231982 3.123625 0.079470
v 0.231982 3.073675 0.100160
v 0.231982 3.102935 0.070900
v 0.231982 3.082245 0.079470
v 0.248795 3.102935 0.079678
v 0.248795 3.102935 0.100160
v 0.248795 3.088452 0.085677
v 0.248795 3.117418 0.085677
v 0.248795 3.082453 0.100160
v 0.248795 3.088452 0.114644
v 0.248795 3.102935 0.120643
v 0.231982 3.082245 0.120851
vn 0.4345 0.3447 -0.8321
vn 1.0000 -0.0000 -0.0000
vn 0.4345 0.8321 -0.3447
vn 0.4345 -0.3447 -0.8321
vn 0.4345 0.3447 0.8321
vn 0.4345 -0.3447 0.8321
vn 0.4345 0.8321 0.3447
vn 0.4344 -0.8321 0.3447
vn 0.4345 -0.8321 -0.3447
vn 0.4345 -0.8321 0.3447
vt 0.559007 0.885929
vt 0.572139 0.898460
vt 0.559821 0.903562
vt 0.554230 0.897362
vt 0.560385 0.911637
vt 0.550214 0.907854
vt 0.572139 0.917197
vt 0.541361 0.885856
vt 0.545655 0.897859
vt 0.559066 0.929851
vt 0.541420 0.929779
vt 0.546197 0.918346
vt 0.554772 0.917848
vt 0.528288 0.917248
vt 0.540607 0.912146
vt 0.540042 0.904071
vt 0.528288 0.898511
vt 0.929745 0.587931
vt 0.917599 0.600860
vt 0.911854 0.589471
vt 0.918008 0.583760
vt 0.885856 0.588765
vt 0.885856 0.569437
vt 0.898480 0.575025
vt 0.897857 0.583041
vt 0.899419 0.601540
vt 0.903485 0.589185
vt 0.900153 0.556665
vt 0.918232 0.558047
vt 0.912355 0.569180
vt 0.903999 0.569187
vt 0.929713 0.570845
vt 0.918511 0.575183
vt 0.908074 0.579257
vt 0.031178 0.930440
vt 0.043892 0.943436
vt 0.032308 0.948160
vt 0.026059 0.942609
vt 0.012997 0.930440
vt 0.017721 0.942024
vt 0.000000 0.943154
vt 0.012170 0.948273
vt 0.000000 0.961336
vt 0.011584 0.956612
vt 0.012714 0.974332
vt 0.017834 0.962163
vt 0.021946 0.952386
vt 0.026172 0.962748
vt 0.030896 0.974332
vt 0.031723 0.956499
vt 0.043892 0.961618
s 0
f 814/809/313 812/810/313 809/811/313 810/812/313
f 811/813/314 821/814/314 810/812/314 809/811/314
f 812/810/315 813/815/315 811/813/315 809/811/315
f 815/816/316 814/809/316 810/812/316 825/817/316
f 818/818/317 817/819/317 820/820/317 823/821/317
f 817/819/318 819/822/318 822/823/318 820/820/318
f 820/820/314 822/823/314 824/824/314 821/814/314
f 823/821/314 820/820/314 821/814/314 811/813/314
f 813/815/319 818/818/319 823/821/319 811/813/319
f 819/822/320 816/825/320 824/824/320 822/823/320
f 816/825/321 815/816/321 825/817/321 824/824/321
f 821/814/314 824/824/314 825/817/314 810/812/314
f 831/826/322 834/827/322 840/828/322 835/829/322
f 838/830/313 829/831/313 841/832/313 826/833/313
f 832/834/316 838/830/316 826/833/316 839/835/316
f 833/836/319 830/837/319 827/838/319 828/839/319
f 830/837/317 837/840/317 836/841/317 827/838/317
f 828/839/314 827/838/314 836/841/314 842/842/314
f 841/832/314 828/839/314 842/842/314 826/833/314
f 826/833/314 842/842/314 840/828/314 839/835/314
f 842/842/314 836/841/314 835/829/314 840/828/314
f 837/840/318 831/826/318 835/829/318 836/841/318
f 829/831/315 833/836/315 828/839/315 841/832/315
f 834/827/321 832/834/321 839/835/321 840/828/321
f 843/843/317 844/844/317 858/845/317 845/846/317
f 846/847/319 843/843/319 845/846/319 847/848/319
f 848/849/315 846/847/315 847/848/315 855/850/315
f 850/851/313 848/849/313 855/850/313 852/852/313
f 851/853/316 850/851/316 852/852/316 854/854/316
f 853/855/314 856/856/314 854/854/314 852/852/314
f 847/848/314 853/855/314 852/852/314 855/850/314
f 849/857/321 851/853/321 854/854/321 856/856/321
f 858/845/314 857/858/314 856/856/314 853/855/314
f 859/859/322 849/857/322 856/856/322 857/858/322
f 844/844/318 859/859/318 857/858/318 858/845/318
f 845/846/314 858/845/314 853/855/314 847/848/314
o Bolts.069
v 0.248795 3.341688 -0.115468
v 0.248795 3.327205 -0.121467
v 0.248795 3.347687 -0.100984
v 0.231982 3.347895 -0.121675
v 0.231982 3.356466 -0.100984
v 0.231982 3.327205 -0.130245
v 0.231982 3.306515 -0.121675
v 0.231982 3.297944 -0.100984
v 0.231982 3.327205 -0.071724
v 0.231982 3.347895 -0.080294
v 0.231982 3.306515 -0.080294
v 0.248795 3.327205 -0.080502
v 0.248795 3.327205 -0.100984
v 0.248795 3.312721 -0.086501
v 0.248795 3.341688 -0.086501
v 0.248795 3.306722 -0.100984
v 0.248795 3.312722 -0.115468
v 0.248795 3.215070 -0.121467
v 0.248795 3.229553 -0.086501
v 0.248795 3.235553 -0.100984
v 0.231982 3.235761 -0.121675
v 0.231982 3.235761 -0.080294
v 0.231982 3.194380 -0.080294
v 0.231982 3.194380 -0.121675
v 0.231982 3.244331 -0.100984
v 0.231982 3.185810 -0.100984
v 0.248795 3.200587 -0.086501
v 0.248795 3.215070 -0.080502
v 0.231982 3.215070 -0.071723
v 0.231982 3.215070 -0.130245
v 0.248795 3.200587 -0.115468
v 0.248795 3.194588 -0.100984
v 0.248795 3.229553 -0.115467
v 0.248795 3.215070 -0.100984
v 0.231982 3.123626 -0.080294
v 0.231982 3.102935 -0.071723
v 0.248795 3.117418 -0.086501
v 0.231982 3.132196 -0.100984
v 0.248795 3.123417 -0.100984
v 0.231982 3.123625 -0.121674
v 0.231982 3.073675 -0.100984
v 0.231982 3.102935 -0.130245
v 0.231982 3.082245 -0.121674
v 0.248795 3.102935 -0.121467
v 0.248795 3.102935 -0.100984
v 0.248795 3.088452 -0.115467
v 0.248795 3.117418 -0.115467
v 0.248795 3.082453 -0.100984
v 0.248795 3.088452 -0.086501
v 0.248795 3.102935 -0.080502
v 0.231982 3.082245 -0.080294
vn 0.4345 0.3447 -0.8321
vn 1.0000 -0.0000 -0.0000
vn 0.4345 0.8321 -0.3447
vn 0.4345 -0.3447 -0.8321
vn 0.4345 0.3447 0.8321
vn 0.4345 -0.3447 0.8321
vn 0.4345 0.8321 0.3447
vn 0.4345 -0.8321 0.3447
vn 0.4345 -0.8321 -0.3447
vt 0.602858 0.885929
vt 0.615991 0.898460
vt 0.603672 0.903562
vt 0.598082 0.897362
vt 0.604237 0.911637
vt 0.594065 0.907854
vt 0.615991 0.917197
vt 0.585213 0.885856
vt 0.589507 0.897859
vt 0.602918 0.929851
vt 0.585272 0.929779
vt 0.590048 0.918346
vt 0.598623 0.917848
vt 0.572139 0.917248
vt 0.584458 0.912146
vt 0.583893 0.904071
vt 0.572139 0.898511
vt 0.929745 0.632806
vt 0.917599 0.645735
vt 0.911854 0.634346
vt 0.918008 0.628635
vt 0.885856 0.633640
vt 0.885856 0.614312
vt 0.898480 0.619900
vt 0.897857 0.627916
vt 0.899419 0.646416
vt 0.903485 0.634060
vt 0.900153 0.601540
vt 0.918232 0.602922
vt 0.912355 0.614055
vt 0.903999 0.614063
vt 0.929713 0.615721
vt 0.918511 0.620058
vt 0.908074 0.624132
vt 0.075070 0.930440
vt 0.087785 0.943436
vt 0.076200 0.948160
vt 0.069951 0.942609
vt 0.056889 0.930440
vt 0.061613 0.942024
vt 0.043892 0.943154
vt 0.056062 0.948273
vt 0.043892 0.961336
vt 0.055477 0.956612
vt 0.056607 0.974332
vt 0.061726 0.962163
vt 0.065839 0.952386
vt 0.070064 0.962748
vt 0.074788 0.974332
vt 0.075615 0.956499
vt 0.087785 0.961618
s 0
f 865/860/323 863/861/323 860/862/323 861/863/323
f 862/864/324 872/865/324 861/863/324 860/862/324
f 863/861/325 864/866/325 862/864/325 860/862/325
f 866/867/326 865/860/326 861/863/326 876/868/326
f 869/869/327 868/870/327 871/871/327 874/872/327
f 868/870/328 870/873/328 873/874/328 871/871/328
f 871/871/324 873/874/324 875/875/324 872/865/324
f 874/872/324 871/871/324 872/865/324 862/864/324
f 864/866/329 869/869/329 874/872/329 862/864/329
f 870/873/330 867/876/330 875/875/330 873/874/330
f 867/876/331 866/867/331 876/868/331 875/875/331
f 872/865/324 875/875/324 876/868/324 861/863/324
f 882/877/330 885/878/330 891/879/330 886/880/330
f 889/881/323 880/882/323 892/883/323 877/884/323
f 883/885/326 889/881/326 877/884/326 890/886/326
f 884/887/329 881/888/329 878/889/329 879/890/329
f 881/888/327 888/891/327 887/892/327 878/889/327
f 879/890/324 878/889/324 887/892/324 893/893/324
f 892/883/324 879/890/324 893/893/324 877/884/324
f 877/884/324 893/893/324 891/879/324 890/886/324
f 893/893/324 887/892/324 886/880/324 891/879/324
f 888/891/328 882/877/328 886/880/328 887/892/328
f 880/882/325 884/887/325 879/890/325 892/883/325
f 885/878/331 883/885/331 890/886/331 891/879/331
f 894/894/327 895/895/327 909/896/327 896/897/327
f 897/898/329 894/894/329 896/897/329 898/899/329
f 899/900/325 897/898/325 898/899/325 906/901/325
f 901/902/323 899/900/323 906/901/323 903/903/323
f 902/904/326 901/902/326 903/903/326 905/905/326
f 904/906/324 907/907/324 905/905/324 903/903/324
f 898/899/324 904/906/324 903/903/324 906/901/324
f 900/908/331 902/904/331 905/905/331 907/907/331
f 909/896/324 908/909/324 907/907/324 904/906/324
f 910/910/330 900/908/330 907/907/330 908/909/330
f 895/895/328 910/910/328 908/909/328 909/896/328
f 896/897/324 909/896/324 904/906/324 898/899/324
o Bolts.037
v -0.187875 0.109921 0.041261
v -0.183721 0.109921 0.051288
v -0.197902 0.109921 0.037108
v -0.183577 0.090520 0.036964
v -0.197902 0.090520 0.031030
v -0.177644 0.090520 0.051288
v -0.183577 0.090520 0.065613
v -0.218160 0.090520 0.051288
v -0.197902 0.090520 0.071547
v -0.212227 0.090520 0.065613
v -0.197902 0.109921 0.065469
v -0.187875 0.109921 0.061316
v -0.207929 0.109921 0.061316
v -0.212083 0.109921 0.051288
v -0.207929 0.109921 0.041261
v -0.212227 0.090520 0.036964
v -0.187875 0.144342 0.041261
v -0.183721 0.144342 0.051288
v -0.197902 0.144342 0.037108
v -0.197902 0.144342 0.051288
v -0.197902 0.144342 0.065469
v -0.187875 0.144342 0.061316
v -0.207929 0.144342 0.061316
v -0.212083 0.144342 0.051288
v -0.207929 0.144342 0.041261
vn 0.8875 0.2780 -0.3676
vn -0.9239 -0.0000 0.3827
vn 0.3676 0.2780 -0.8875
vn 0.8875 0.2780 0.3676
vn -0.3676 0.2780 0.8875
vn 0.3676 0.2780 0.8875
vn 0.3827 -0.0000 -0.9239
vn -0.3827 -0.0000 0.9239
vn -0.8875 0.2780 0.3676
vn -0.9239 -0.0000 -0.3827
vn -0.8875 0.2780 -0.3676
vn -0.3676 0.2780 -0.8875
vn -0.0000 1.0000 -0.0000
vn 0.9239 -0.0000 0.3827
vn 0.3827 -0.0000 0.9239
vn -0.3827 -0.0000 -0.9239
vn 0.9239 -0.0000 -0.3827
vt 0.973673 0.902534
vt 0.961053 0.915667
vt 0.956005 0.903546
vt 0.962160 0.897773
vt 0.941280 0.889593
vt 0.947434 0.883820
vt 0.951312 0.892251
vt 0.950416 0.892959
vt 0.942504 0.915667
vt 0.947735 0.903905
vt 0.973695 0.884674
vt 0.961845 0.889236
vt 0.942386 0.871699
vt 0.960935 0.871699
vt 0.955704 0.883461
vt 0.950996 0.894985
vt 0.952127 0.895115
vt 0.952444 0.892381
vt 0.929767 0.884832
vt 0.941594 0.898130
vt 0.950286 0.894092
vt 0.929745 0.902693
vt 0.953023 0.894407
vt 0.951720 0.893683
vt 0.953154 0.893274
s 0
f 916/911/332 914/912/332 911/913/332 912/914/332
f 924/915/333 923/916/333 933/917/333 934/918/333
f 914/912/334 915/919/334 913/920/334 911/913/334
f 917/921/335 916/911/335 912/914/335 922/922/335
f 920/923/336 919/924/336 921/925/336 923/916/336
f 919/924/337 917/921/337 922/922/337 921/925/337
f 911/913/338 913/920/338 929/926/338 927/927/338
f 923/916/339 921/925/339 931/928/339 933/917/339
f 918/929/340 920/923/340 923/916/340 924/915/340
f 925/930/341 924/915/341 934/918/341 935/931/341
f 926/932/342 918/929/342 924/915/342 925/930/342
f 915/919/343 926/932/343 925/930/343 913/920/343
f 928/933/344 927/927/344 929/926/344 930/934/344
f 931/928/344 930/934/344 934/918/344 933/917/344
f 932/935/344 928/933/344 930/934/344 931/928/344
f 930/934/344 929/926/344 935/931/344 934/918/344
f 922/922/345 912/914/345 928/933/345 932/935/345
f 921/925/346 922/922/346 932/935/346 931/928/346
f 913/920/347 925/930/347 935/931/347 929/926/347
f 912/914/348 911/913/348 927/927/348 928/933/348
o Bolts.038
v -0.187875 0.109921 -0.061315
v -0.183721 0.109921 -0.051287
v -0.197902 0.109921 -0.065468
v -0.183577 0.090520 -0.065612
v -0.197902 0.090520 -0.071546
v -0.177644 0.090520 -0.051287
v -0.183577 0.090520 -0.036963
v -0.218160 0.090520 -0.051287
v -0.197902 0.090520 -0.031029
v -0.212227 0.090520 -0.036963
v -0.197902 0.109921 -0.037106
v -0.187875 0.109921 -0.041260
v -0.207929 0.109921 -0.041260
v -0.212083 0.109921 -0.051287
v -0.207929 0.109921 -0.061315
v -0.212227 0.090520 -0.065612
v -0.187875 0.144342 -0.061315
v -0.183721 0.144342 -0.051287
v -0.197902 0.144342 -0.065468
v -0.197902 0.144342 -0.051287
v -0.197902 0.144342 -0.037106
v -0.187875 0.144342 -0.041260
v -0.207929 0.144342 -0.041260
v -0.212083 0.144342 -0.051287
v -0.207929 0.144342 -0.061315
vn 0.8875 0.2780 -0.3676
vn -0.9239 -0.0000 0.3827
vn 0.3676 0.2780 -0.8875
vn 0.8875 0.2780 0.3676
vn -0.3676 0.2780 0.8875
vn 0.3676 0.2780 0.8875
vn 0.3827 -0.0000 -0.9239
vn -0.3827 -0.0000 0.9239
vn -0.8875 0.2780 0.3676
vn -0.9239 -0.0000 -0.3827
vn -0.8875 0.2780 -0.3676
vn -0.3676 0.2780 -0.8875
vn -0.0000 1.0000 -0.0000
vn 0.9239 -0.0000 0.3827
vn 0.3827 -0.0000 0.9239
vn -0.3827 -0.0000 -0.9239
vn 0.9239 -0.0000 -0.3827
vt 0.973734 0.946502
vt 0.961114 0.959635
vt 0.956066 0.947514
vt 0.962221 0.941741
vt 0.941341 0.933561
vt 0.947495 0.927788
vt 0.951373 0.936219
vt 0.950477 0.936927
vt 0.942565 0.959635
vt 0.947797 0.947873
vt 0.973756 0.928642
vt 0.961906 0.933204
vt 0.942447 0.915667
vt 0.960997 0.915667
vt 0.955765 0.927429
vt 0.951057 0.938953
vt 0.952188 0.939083
vt 0.952505 0.936349
vt 0.929828 0.928800
vt 0.941655 0.942098
vt 0.950347 0.938060
vt 0.929806 0.946661
vt 0.953084 0.938375
vt 0.951781 0.937651
vt 0.953215 0.937242
s 0
f 941/936/349 939/937/349 936/938/349 937/939/349
f 949/940/350 948/941/350 958/942/350 959/943/350
f 939/937/351 940/944/351 938/945/351 936/938/351
f 942/946/352 941/936/352 937/939/352 947/947/352
f 945/948/353 944/949/353 946/950/353 948/941/353
f 944/949/354 942/946/354 947/947/354 946/950/354
f 936/938/355 938/945/355 954/951/355 952/952/355
f 948/941/356 946/950/356 956/953/356 958/942/356
f 943/954/357 945/948/357 948/941/357 949/940/357
f 950/955/358 949/940/358 959/943/358 960/956/358
f 951/957/359 943/954/359 949/940/359 950/955/359
f 940/944/360 951/957/360 950/955/360 938/945/360
f 953/958/361 952/952/361 954/951/361 955/959/361
f 956/953/361 955/959/361 959/943/361 958/942/361
f 957/960/361 953/958/361 955/959/361 956/953/361
f 955/959/361 954/951/361 960/956/361 959/943/361
f 947/947/362 937/939/362 953/958/362 957/960/362
f 946/950/363 947/947/363 957/960/363 956/953/363
f 938/945/364 950/955/364 960/956/364 954/951/364
f 937/939/365 936/938/365 952/952/365 953/958/365
o Bolts.039
v 0.207320 0.109921 -0.061315
v 0.211473 0.109921 -0.051287
v 0.197293 0.109921 -0.065468
v 0.211617 0.090520 -0.065612
v 0.197293 0.090520 -0.071546
v 0.217551 0.090520 -0.051287
v 0.211617 0.090520 -0.036963
v 0.177034 0.090520 -0.051287
v 0.197293 0.090520 -0.031029
v 0.182968 0.090520 -0.036963
v 0.197293 0.109921 -0.037106
v 0.207320 0.109921 -0.041260
v 0.187265 0.109921 -0.041260
v 0.183112 0.109921 -0.051287
v 0.187265 0.109921 -0.061315
v 0.182968 0.090520 -0.065612
v 0.207320 0.144342 -0.061315
v 0.211473 0.144342 -0.051287
v 0.197293 0.144342 -0.065468
v 0.197293 0.144342 -0.051287
v 0.197293 0.144342 -0.037106
v 0.207320 0.144342 -0.041260
v 0.187265 0.144342 -0.041260
v 0.183112 0.144342 -0.051287
v 0.187265 0.144342 -0.061315
vn 0.8875 0.2780 -0.3676
vn -0.9239 -0.0000 0.3827
vn 0.3676 0.2780 -0.8875
vn 0.8875 0.2780 0.3676
vn -0.3676 0.2780 0.8875
vn 0.3676 0.2780 0.8875
vn 0.3827 -0.0000 -0.9239
vn -0.3827 -0.0000 0.9239
vn -0.8875 0.2780 0.3676
vn -0.9239 -0.0000 -0.3827
vn -0.8875 0.2780 -0.3676
vn -0.3676 0.2780 -0.8875
vn -0.0000 1.0000 -0.0000
vn 0.9239 -0.0000 0.3827
vn 0.3827 -0.0000 0.9239
vn -0.3827 -0.0000 -0.9239
vn 0.9239 -0.0000 -0.3827
vt 0.572216 0.960687
vt 0.559596 0.973819
vt 0.554548 0.961698
vt 0.560703 0.955925
vt 0.539823 0.947745
vt 0.545977 0.941972
vt 0.549855 0.950403
vt 0.548959 0.951111
vt 0.541047 0.973819
vt 0.546278 0.962057
vt 0.572238 0.942826
vt 0.560388 0.947389
vt 0.540929 0.929851
vt 0.559478 0.929851
vt 0.554247 0.941613
vt 0.549539 0.953137
vt 0.550670 0.953267
vt 0.550987 0.950533
vt 0.528309 0.942984
vt 0.540137 0.956282
vt 0.548829 0.952244
vt 0.528288 0.960845
vt 0.551566 0.952560
vt 0.550263 0.951835
vt 0.551697 0.951426
s 0
f 966/961/366 964/962/366 961/963/366 962/964/366
f 974/965/367 973/966/367 983/967/367 984/968/367
f 964/962/368 965/969/368 963/970/368 961/963/368
f 967/971/369 966/961/369 962/964/369 972/972/369
f 970/973/370 969/974/370 971/975/370 973/966/370
f 969/974/371 967/971/371 972/972/371 971/975/371
f 961/963/372 963/970/372 979/976/372 977/977/372
f 973/966/373 971/975/373 981/978/373 983/967/373
f 968/979/374 970/973/374 973/966/374 974/965/374
f 975/980/375 974/965/375 984/968/375 985/981/375
f 976/982/376 968/979/376 974/965/376 975/980/376
f 965/969/377 976/982/377 975/980/377 963/970/377
f 978/983/378 977/977/378 979/976/378 980/984/378
f 981/978/378 980/984/378 984/968/378 983/967/378
f 982/985/378 978/983/378 980/984/378 981/978/378
f 980/984/378 979/976/378 985/981/378 984/968/378
f 972/972/379 962/964/379 978/983/379 982/985/379
f 971/975/380 972/972/380 982/985/380 981/978/380
f 963/970/381 975/980/381 985/981/381 979/976/381
f 962/964/382 961/963/382 977/977/382 978/983/382
o Bolts.040
v 0.207320 0.109921 0.041261
v 0.211473 0.109921 0.051288
v 0.197293 0.109921 0.037108
v 0.211617 0.090520 0.036964
v 0.197293 0.090520 0.031030
v 0.217551 0.090520 0.051288
v 0.211617 0.090520 0.065613
v 0.177034 0.090520 0.051288
v 0.197293 0.090520 0.071547
v 0.182968 0.090520 0.065613
v 0.197293 0.109921 0.065469
v 0.207320 0.109921 0.061316
v 0.187265 0.109921 0.061316
v 0.183112 0.109921 0.051288
v 0.187265 0.109921 0.041261
v 0.182968 0.090520 0.036964
v 0.207320 0.144342 0.041261
v 0.211473 0.144342 0.051288
v 0.197293 0.144342 0.037108
v 0.197293 0.144342 0.051288
v 0.197293 0.144342 0.065469
v 0.207320 0.144342 0.061316
v 0.187265 0.144342 0.061316
v 0.183112 0.144342 0.051288
v 0.187265 0.144342 0.041261
vn 0.8875 0.2780 -0.3676
vn -0.9239 -0.0000 0.3827
vn 0.3676 0.2780 -0.8875
vn 0.8875 0.2780 0.3676
vn -0.3676 0.2780 0.8875
vn 0.3676 0.2780 0.8875
vn 0.3827 -0.0000 -0.9239
vn -0.3827 -0.0000 0.9239
vn -0.8875 0.2780 0.3676
vn -0.9239 -0.0000 -0.3827
vn -0.8875 0.2780 -0.3676
vn -0.3676 0.2780 -0.8875
vn -0.0000 1.0000 -0.0000
vn 0.9239 -0.0000 0.3827
vn 0.3827 -0.0000 0.9239
vn -0.3827 -0.0000 -0.9239
vn 0.9239 -0.0000 -0.3827
vt 0.659919 0.960687
vt 0.647299 0.973819
vt 0.642251 0.961698
vt 0.648405 0.955925
vt 0.627526 0.947745
vt 0.633680 0.941972
vt 0.637558 0.950403
vt 0.636662 0.951111
vt 0.628750 0.973819
vt 0.633981 0.962057
vt 0.659940 0.942826
vt 0.648091 0.947389
vt 0.628632 0.929851
vt 0.647181 0.929851
vt 0.641950 0.941613
vt 0.637241 0.953137
vt 0.638373 0.953267
vt 0.638690 0.950533
vt 0.616012 0.942984
vt 0.627840 0.956282
vt 0.636532 0.952244
vt 0.615991 0.960845
vt 0.639269 0.952560
vt 0.637966 0.951835
vt 0.639399 0.951426
s 0
f 991/986/383 989/987/383 986/988/383 987/989/383
f 999/990/384 998/991/384 1008/992/384 1009/993/384
f 989/987/385 990/994/385 988/995/385 986/988/385
f 992/996/386 991/986/386 987/989/386 997/997/386
f 995/998/387 994/999/387 996/1000/387 998/991/387
f 994/999/388 992/996/388 997/997/388 996/1000/388
f 986/988/389 988/995/389 1004/1001/389 1002/1002/389
f 998/991/390 996/1000/390 1006/1003/390 1008/992/390
f 993/1004/391 995/998/391 998/991/391 999/990/391
f 1000/1005/392 999/990/392 1009/993/392 1010/1006/392
f 1001/1007/393 993/1004/393 999/990/393 1000/1005/393
f 990/994/394 1001/1007/394 1000/1005/394 988/995/394
f 1003/1008/395 1002/1002/395 1004/1001/395 1005/1009/395
f 1006/1003/395 1005/1009/395 1009/993/395 1008/992/395
f 1007/1010/395 1003/1008/395 1005/1009/395 1006/1003/395
f 1005/1009/395 1004/1001/395 1010/1006/395 1009/993/395
f 997/997/396 987/989/396 1003/1008/396 1007/1010/396
f 996/1000/397 997/997/397 1007/1010/397 1006/1003/397
f 988/995/398 1000/1005/398 1010/1006/398 1004/1001/398
f 987/989/399 986/988/399 1002/1002/399 1003/1008/399
o Bolts.041
v -0.087448 0.109921 0.131624
v -0.083295 0.109921 0.141651
v -0.097476 0.109921 0.127471
v -0.083151 0.090520 0.127327
v -0.097476 0.090520 0.121393
v -0.077217 0.090520 0.141651
v -0.083151 0.090520 0.155976
v -0.117734 0.090520 0.141651
v -0.097476 0.090520 0.161910
v -0.111801 0.090520 0.155976
v -0.097476 0.109921 0.155832
v -0.087448 0.109921 0.151679
v -0.107503 0.109921 0.151679
v -0.111657 0.109921 0.141651
v -0.107503 0.109921 0.131624
v -0.111801 0.090520 0.127327
v -0.087448 0.144342 0.131624
v -0.083295 0.144342 0.141651
v -0.097476 0.144342 0.127471
v -0.097476 0.144342 0.141651
v -0.097476 0.144342 0.155832
v -0.087448 0.144342 0.151679
v -0.107503 0.144342 0.151679
v -0.111657 0.144342 0.141651
v -0.107503 0.144342 0.131624
vn 0.8875 0.2780 -0.3676
vn -0.9239 -0.0000 0.3827
vn 0.3676 0.2780 -0.8875
vn 0.8875 0.2780 0.3676
vn -0.3676 0.2780 0.8875
vn 0.3676 0.2780 0.8875
vn 0.3827 -0.0000 -0.9239
vn -0.3827 -0.0000 0.9239
vn -0.8875 0.2780 0.3676
vn -0.9239 -0.0000 -0.3827
vn -0.8875 0.2780 -0.3676
vn -0.3676 0.2780 -0.8875
vn -0.0000 1.0000 -0.0000
vn 0.9239 -0.0000 0.3827
vn 0.3827 -0.0000 0.9239
vn -0.3827 -0.0000 -0.9239
vn 0.9239 -0.0000 -0.3827
vt 0.747622 0.960687
vt 0.735002 0.973819
vt 0.729954 0.961698
vt 0.736108 0.955925
vt 0.715228 0.947745
vt 0.721383 0.941972
vt 0.725261 0.950403
vt 0.724365 0.951111
vt 0.716453 0.973819
vt 0.721684 0.962057
vt 0.747643 0.942826
vt 0.735794 0.947389
vt 0.716335 0.929851
vt 0.734884 0.929851
vt 0.729653 0.941613
vt 0.724944 0.953137
vt 0.726076 0.953267
vt 0.726393 0.950533
vt 0.703715 0.942984
vt 0.715543 0.956282
vt 0.724235 0.952244
vt 0.703694 0.960845
vt 0.726972 0.952560
vt 0.725668 0.951835
vt 0.727102 0.951426
s 0
f 1016/1011/400 1014/1012/400 1011/1013/400 1012/1014/400
f 1024/1015/401 1023/1016/401 1033/1017/401 1034/1018/401
f 1014/1012/402 1015/1019/402 1013/1020/402 1011/1013/402
f 1017/1021/403 1016/1011/403 1012/1014/403 1022/1022/403
f 1020/1023/404 1019/1024/404 1021/1025/404 1023/1016/404
f 1019/1024/405 1017/1021/405 1022/1022/405 1021/1025/405
f 1011/1013/406 1013/1020/406 1029/1026/406 1027/1027/406
f 1023/1016/407 1021/1025/407 1031/1028/407 1033/1017/407
f 1018/1029/408 1020/1023/408 1023/1016/408 1024/1015/408
f 1025/1030/409 1024/1015/409 1034/1018/409 1035/1031/409
f 1026/1032/410 1018/1029/410 1024/1015/410 1025/1030/410
f 1015/1019/411 1026/1032/411 1025/1030/411 1013/1020/411
f 1028/1033/412 1027/1027/412 1029/1026/412 1030/1034/412
f 1031/1028/412 1030/1034/412 1034/1018/412 1033/1017/412
f 1032/1035/412 1028/1033/412 1030/1034/412 1031/1028/412
f 1030/1034/412 1029/1026/412 1035/1031/412 1034/1018/412
f 1022/1022/413 1012/1014/413 1028/1033/413 1032/1035/413
f 1021/1025/414 1022/1022/414 1032/1035/414 1031/1028/414
f 1013/1020/415 1025/1030/415 1035/1031/415 1029/1026/415
f 1012/1014/416 1011/1013/416 1027/1027/416 1028/1033/416
o Bolts.042
v 0.107551 0.109921 0.131624
v 0.111705 0.109921 0.141651
v 0.097524 0.109921 0.127471
v 0.111848 0.090520 0.127327
v 0.097524 0.090520 0.121393
v 0.117782 0.090520 0.141651
v 0.111849 0.090520 0.155976
v 0.077265 0.090520 0.141651
v 0.097524 0.090520 0.161910
v 0.083199 0.090520 0.155976
v 0.097524 0.109921 0.155832
v 0.107551 0.109921 0.151679
v 0.087496 0.109921 0.151679
v 0.083343 0.109921 0.141651
v 0.087496 0.109921 0.131624
v 0.083199 0.090520 0.127327
v 0.107551 0.144342 0.131624
v 0.111705 0.144342 0.141651
v 0.097524 0.144342 0.127471
v 0.097524 0.144342 0.141651
v 0.097524 0.144342 0.155832
v 0.107551 0.144342 0.151679
v 0.087496 0.144342 0.151679
v 0.083343 0.144342 0.141651
v 0.087496 0.144342 0.131624
vn 0.8875 0.2780 -0.3676
vn -0.9239 -0.0000 0.3827
vn 0.3676 0.2780 -0.8875
vn 0.8875 0.2780 0.3676
vn -0.3676 0.2780 0.8875
vn 0.3676 0.2780 0.8875
vn 0.3827 -0.0000 -0.9239
vn -0.3827 -0.0000 0.9239
vn -0.8875 0.2780 0.3676
vn -0.9239 -0.0000 -0.3827
vn -0.8875 0.2780 -0.3676
vn -0.3676 0.2780 -0.8875
vn -0.0000 1.0000 -0.0000
vn 0.9239 -0.0000 0.3827
vn 0.3827 -0.0000 0.9239
vn -0.3827 -0.0000 -0.9239
vn 0.9239 -0.0000 -0.3827
vt 0.791571 0.960687
vt 0.778952 0.973819
vt 0.773903 0.961698
vt 0.780058 0.955925
vt 0.759178 0.947745
vt 0.765333 0.941972
vt 0.769210 0.950403
vt 0.768314 0.951111
vt 0.760402 0.973819
vt 0.765634 0.962057
vt 0.791593 0.942826
vt 0.779743 0.947389
vt 0.760284 0.929851
vt 0.778834 0.929851
vt 0.773602 0.941613
vt 0.768894 0.953137
vt 0.770026 0.953267
vt 0.770342 0.950533
vt 0.747665 0.942984
vt 0.759493 0.956282
vt 0.768184 0.952244
vt 0.747643 0.960845
vt 0.770922 0.952560
vt 0.769618 0.951835
vt 0.771052 0.951426
s 0
f 1041/1036/417 1039/1037/417 1036/1038/417 1037/1039/417
f 1049/1040/418 1048/1041/418 1058/1042/418 1059/1043/418
f 1039/1037/419 1040/1044/419 1038/1045/419 1036/1038/419
f 1042/1046/420 1041/1036/420 1037/1039/420 1047/1047/420
f 1045/1048/421 1044/1049/421 1046/1050/421 1048/1041/421
f 1044/1049/422 1042/1046/422 1047/1047/422 1046/1050/422
f 1036/1038/423 1038/1045/423 1054/1051/423 1052/1052/423
f 1048/1041/424 1046/1050/424 1056/1053/424 1058/1042/424
f 1043/1054/425 1045/1048/425 1048/1041/425 1049/1040/425
f 1050/1055/426 1049/1040/426 1059/1043/426 1060/1056/426
f 1051/1057/427 1043/1054/427 1049/1040/427 1050/1055/427
f 1040/1044/428 1051/1057/428 1050/1055/428 1038/1045/428
f 1053/1058/429 1052/1052/429 1054/1051/429 1055/1059/429
f 1056/1053/429 1055/1059/429 1059/1043/429 1058/1042/429
f 1057/1060/429 1053/1058/429 1055/1059/429 1056/1053/429
f 1055/1059/429 1054/1051/429 1060/1056/429 1059/1043/429
f 1047/1047/430 1037/1039/430 1053/1058/430 1057/1060/430
f 1046/1050/431 1047/1047/431 1057/1060/431 1056/1053/431
f 1038/1045/432 1050/1055/432 1060/1056/432 1054/1051/432
f 1037/1039/433 1036/1038/433 1052/1052/433 1053/1058/433
o Bolts.043
v 0.107551 0.109921 -0.152295
v 0.111705 0.109921 -0.142267
v 0.097524 0.109921 -0.156448
v 0.111848 0.090520 -0.156592
v 0.097524 0.090520 -0.162525
v 0.117782 0.090520 -0.142267
v 0.111849 0.090520 -0.127942
v 0.077265 0.090520 -0.142267
v 0.097524 0.090520 -0.122009
v 0.083199 0.090520 -0.127942
v 0.097524 0.109921 -0.128086
v 0.107551 0.109921 -0.132240
v 0.087496 0.109921 -0.132240
v 0.083343 0.109921 -0.142267
v 0.087496 0.109921 -0.152295
v 0.083199 0.090520 -0.156592
v 0.107551 0.144342 -0.152295
v 0.111705 0.144342 -0.142267
v 0.097524 0.144342 -0.156448
v 0.097524 0.144342 -0.142267
v 0.097524 0.144342 -0.128086
v 0.107551 0.144342 -0.132240
v 0.087496 0.144342 -0.132240
v 0.083343 0.144342 -0.142267
v 0.087496 0.144342 -0.152295
vn 0.8875 0.2780 -0.3676
vn -0.9239 -0.0000 0.3827
vn 0.3676 0.2780 -0.8875
vn 0.8875 0.2780 0.3676
vn -0.3676 0.2780 0.8875
vn 0.3676 0.2780 0.8875
vn 0.3827 -0.0000 -0.9239
vn -0.3827 -0.0000 0.9239
vn -0.8875 0.2780 0.3676
vn -0.9239 -0.0000 -0.3827
vn -0.8875 0.2780 -0.3676
vn -0.3676 0.2780 -0.8875
vn -0.0000 1.0000 -0.0000
vn 0.9239 -0.0000 0.3827
vn 0.3827 -0.0000 0.9239
vn -0.3827 -0.0000 -0.9239
vn 0.9239 -0.0000 -0.3827
vt 0.835521 0.960687
vt 0.822901 0.973819
vt 0.817853 0.961698
vt 0.824008 0.955925
vt 0.803128 0.947745
vt 0.809282 0.941972
vt 0.813160 0.950403
vt 0.812264 0.951111
vt 0.804352 0.973819
vt 0.809583 0.962057
vt 0.835542 0.942826
vt 0.823693 0.947389
vt 0.804234 0.929851
vt 0.822783 0.929851
vt 0.817552 0.941613
vt 0.812843 0.953137
vt 0.813975 0.953267
vt 0.814292 0.950533
vt 0.791614 0.942984
vt 0.803442 0.956282
vt 0.812134 0.952244
vt 0.791593 0.960845
vt 0.814871 0.952560
vt 0.813568 0.951835
vt 0.815001 0.951426
s 0
f 1066/1061/434 1064/1062/434 1061/1063/434 1062/1064/434
f 1074/1065/435 1073/1066/435 1083/1067/435 1084/1068/435
f 1064/1062/436 1065/1069/436 1063/1070/436 1061/1063/436
f 1067/1071/437 1066/1061/437 1062/1064/437 1072/1072/437
f 1070/1073/438 1069/1074/438 1071/1075/438 1073/1066/438
f 1069/1074/439 1067/1071/439 1072/1072/439 1071/1075/439
f 1061/1063/440 1063/1070/440 1079/1076/440 1077/1077/440
f 1073/1066/441 1071/1075/441 1081/1078/441 1083/1067/441
f 1068/1079/442 1070/1073/442 1073/1066/442 1074/1065/442
f 1075/1080/443 1074/1065/443 1084/1068/443 1085/1081/443
f 1076/1082/444 1068/1079/444 1074/1065/444 1075/1080/444
f 1065/1069/445 1076/1082/445 1075/1080/445 1063/1070/445
f 1078/1083/446 1077/1077/446 1079/1076/446 1080/1084/446
f 1081/1078/446 1080/1084/446 1084/1068/446 1083/1067/446
f 1082/1085/446 1078/1083/446 1080/1084/446 1081/1078/446
f 1080/1084/446 1079/1076/446 1085/1081/446 1084/1068/446
f 1072/1072/447 1062/1064/447 1078/1083/447 1082/1085/447
f 1071/1075/448 1072/1072/448 1082/1085/448 1081/1078/448
f 1063/1070/449 1075/1080/449 1085/1081/449 1079/1076/449
f 1062/1064/450 1061/1063/450 1077/1077/450 1078/1083/450
o Bolts.044
v -0.087448 0.109921 -0.152295
v -0.083295 0.109921 -0.142267
v -0.097476 0.109921 -0.156448
v -0.083151 0.090520 -0.156592
v -0.097476 0.090520 -0.162525
v -0.077217 0.090520 -0.142267
v -0.083151 0.090520 -0.127942
v -0.117734 0.090520 -0.142267
v -0.097476 0.090520 -0.122009
v -0.111801 0.090520 -0.127942
v -0.097476 0.109921 -0.128086
v -0.087448 0.109921 -0.132240
v -0.107503 0.109921 -0.132240
v -0.111657 0.109921 -0.142267
v -0.107503 0.109921 -0.152295
v -0.111801 0.090520 -0.156592
v -0.087448 0.144342 -0.152295
v -0.083295 0.144342 -0.142267
v -0.097476 0.144342 -0.156448
v -0.097476 0.144342 -0.142267
v -0.097476 0.144342 -0.128086
v -0.087448 0.144342 -0.132240
v -0.107503 0.144342 -0.132240
v -0.111657 0.144342 -0.142267
v -0.107503 0.144342 -0.152295
vn 0.8875 0.2780 -0.3676
vn -0.9239 -0.0000 0.3827
vn 0.3676 0.2780 -0.8875
vn 0.8875 0.2780 0.3676
vn -0.3676 0.2780 0.8875
vn 0.3676 0.2780 0.8875
vn 0.3827 -0.0000 -0.9239
vn -0.3827 -0.0000 0.9239
vn -0.8875 0.2780 0.3676
vn -0.9239 -0.0000 -0.3827
vn -0.8875 0.2780 -0.3676
vn -0.3676 0.2780 -0.8875
vn -0.0000 1.0000 -0.0000
vn 0.9239 -0.0000 0.3827
vn 0.3827 -0.0000 0.9239
vn -0.3827 -0.0000 -0.9239
vn 0.9239 -0.0000 -0.3827
vt 0.879470 0.960687
vt 0.866851 0.973819
vt 0.861803 0.961698
vt 0.867957 0.955925
vt 0.847077 0.947745
vt 0.853232 0.941972
vt 0.857110 0.950403
vt 0.856214 0.951111
vt 0.848302 0.973819
vt 0.853533 0.962057
vt 0.879492 0.942826
vt 0.867643 0.947389
vt 0.848184 0.929851
vt 0.866733 0.929851
vt 0.861502 0.941613
vt 0.856793 0.953137
vt 0.857925 0.953267
vt 0.858241 0.950533
vt 0.835564 0.942984
vt 0.847392 0.956282
vt 0.856083 0.952244
vt 0.835542 0.960845
vt 0.858821 0.952560
vt 0.857517 0.951835
vt 0.858951 0.951426
s 0
f 1091/1086/451 1089/1087/451 1086/1088/451 1087/1089/451
f 1099/1090/452 1098/1091/452 1108/1092/452 1109/1093/452
f 1089/1087/453 1090/1094/453 1088/1095/453 1086/1088/453
f 1092/1096/454 1091/1086/454 1087/1089/454 1097/1097/454
f 1095/1098/455 1094/1099/455 1096/1100/455 1098/1091/455
f 1094/1099/456 1092/1096/456 1097/1097/456 1096/1100/456
f 1086/1088/457 1088/1095/457 1104/1101/457 1102/1102/457
f 1098/1091/458 1096/1100/458 1106/1103/458 1108/1092/458
f 1093/1104/459 1095/1098/459 1098/1091/459 1099/1090/459
f 1100/1105/460 1099/1090/460 1109/1093/460 1110/1106/460
f 1101/1107/461 1093/1104/461 1099/1090/461 1100/1105/461
f 1090/1094/462 1101/1107/462 1100/1105/462 1088/1095/462
f 1103/1108/463 1102/1102/463 1104/1101/463 1105/1109/463
f 1106/1103/463 1105/1109/463 1109/1093/463 1108/1092/463
f 1107/1110/463 1103/1108/463 1105/1109/463 1106/1103/463
f 1105/1109/463 1104/1101/463 1110/1106/463 1109/1093/463
f 1097/1097/464 1087/1089/464 1103/1108/464 1107/1110/464
f 1096/1100/465 1097/1097/465 1107/1110/465 1106/1103/465
f 1088/1095/466 1100/1105/466 1110/1106/466 1104/1101/466
f 1087/1089/467 1086/1088/467 1102/1102/467 1103/1108/467
o Bolts.067
v 0.248795 1.783476 -0.115468
v 0.248795 1.768993 -0.121467
v 0.248795 1.789475 -0.100984
v 0.231982 1.789683 -0.121675
v 0.231982 1.798253 -0.100984
v 0.231982 1.768993 -0.130245
v 0.231982 1.748302 -0.121675
v 0.231982 1.739732 -0.100984
v 0.231982 1.768993 -0.071724
v 0.231982 1.789683 -0.080294
v 0.231982 1.748302 -0.080294
v 0.248795 1.768993 -0.080502
v 0.248795 1.768993 -0.100984
v 0.248795 1.754509 -0.086501
v 0.248795 1.783476 -0.086501
v 0.248795 1.748510 -0.100984
v 0.248795 1.754509 -0.115468
v 0.248795 1.656858 -0.121467
v 0.248795 1.671341 -0.086501
v 0.248795 1.677340 -0.100984
v 0.231982 1.677548 -0.121675
v 0.231982 1.677548 -0.080294
v 0.231982 1.636168 -0.080294
v 0.231982 1.636168 -0.121675
v 0.231982 1.686119 -0.100984
v 0.231982 1.627597 -0.100984
v 0.248795 1.642375 -0.086501
v 0.248795 1.656858 -0.080502
v 0.231982 1.656858 -0.071723
v 0.231982 1.656858 -0.130245
v 0.248795 1.642375 -0.115468
v 0.248795 1.636376 -0.100984
v 0.248795 1.671341 -0.115467
v 0.248795 1.656858 -0.100984
v 0.231982 1.565413 -0.080294
v 0.231982 1.544723 -0.071723
v 0.248795 1.559206 -0.086501
v 0.231982 1.573984 -0.100984
v 0.248795 1.565205 -0.100984
v 0.231982 1.565413 -0.121674
v 0.231982 1.515462 -0.100984
v 0.231982 1.544723 -0.130245
v 0.231982 1.524032 -0.121674
v 0.248795 1.544723 -0.121467
v 0.248795 1.544723 -0.100984
v 0.248795 1.530240 -0.115467
v 0.248795 1.559206 -0.115467
v 0.248795 1.524240 -0.100984
v 0.248795 1.530240 -0.086501
v 0.248795 1.544723 -0.080502
v 0.231982 1.524032 -0.080294
vn 0.4345 0.3447 -0.8321
vn 1.0000 -0.0000 -0.0000
vn 0.4345 0.8321 -0.3447
vn 0.4345 -0.3447 -0.8321
vn 0.4345 0.3447 0.8321
vn 0.4345 -0.3447 0.8321
vn 0.4345 0.8321 0.3447
vn 0.4345 -0.8321 0.3447
vn 0.4345 -0.8321 -0.3447
vt 0.646710 0.885929
vt 0.659842 0.898460
vt 0.647523 0.903562
vt 0.641933 0.897362
vt 0.648088 0.911637
vt 0.637916 0.907854
vt 0.659842 0.917197
vt 0.629064 0.885856
vt 0.633358 0.897859
vt 0.646769 0.929851
vt 0.629123 0.929779
vt 0.633900 0.918346
vt 0.642475 0.917848
vt 0.615991 0.917248
vt 0.628309 0.912146
vt 0.627745 0.904071
vt 0.615991 0.898511
vt 0.929745 0.677681
vt 0.917599 0.690610
vt 0.911854 0.679221
vt 0.918008 0.673510
vt 0.885856 0.678515
vt 0.885856 0.659187
vt 0.898480 0.664775
vt 0.897857 0.672791
vt 0.899419 0.691291
vt 0.903485 0.678935
vt 0.900153 0.646415
vt 0.918232 0.647797
vt 0.912355 0.658931
vt 0.903999 0.658938
vt 0.929713 0.660596
vt 0.918511 0.664933
vt 0.908074 0.669008
vt 0.119234 0.930440
vt 0.131949 0.943436
vt 0.120365 0.948160
vt 0.114115 0.942609
vt 0.101053 0.930440
vt 0.105777 0.942024
vt 0.088056 0.943154
vt 0.100226 0.948273
vt 0.088056 0.961336
vt 0.099641 0.956612
vt 0.100771 0.974332
vt 0.105890 0.962163
vt 0.110003 0.952386
vt 0.114228 0.962748
vt 0.118952 0.974332
vt 0.119779 0.956499
vt 0.131949 0.961618
s 0
f 1116/1111/468 1114/1112/468 1111/1113/468 1112/1114/468
f 1113/1115/469 1123/1116/469 1112/1114/469 1111/1113/469
f 1114/1112/470 1115/1117/470 1113/1115/470 1111/1113/470
f 1117/1118/471 1116/1111/471 1112/1114/471 1127/1119/471
f 1120/1120/472 1119/1121/472 1122/1122/472 1125/1123/472
f 1119/1121/473 1121/1124/473 1124/1125/473 1122/1122/473
f 1122/1122/469 1124/1125/469 1126/1126/469 1123/1116/469
f 1125/1123/469 1122/1122/469 1123/1116/469 1113/1115/469
f 1115/1117/474 1120/1120/474 1125/1123/474 1113/1115/474
f 1121/1124/475 1118/1127/475 1126/1126/475 1124/1125/475
f 1118/1127/476 1117/1118/476 1127/1119/476 1126/1126/476
f 1123/1116/469 1126/1126/469 1127/1119/469 1112/1114/469
f 1133/1128/475 1136/1129/475 1142/1130/475 1137/1131/475
f 1140/1132/468 1131/1133/468 1143/1134/468 1128/1135/468
f 1134/1136/471 1140/1132/471 1128/1135/471 1141/1137/471
f 1135/1138/474 1132/1139/474 1129/1140/474 1130/1141/474
f 1132/1139/472 1139/1142/472 1138/1143/472 1129/1140/472
f 1130/1141/469 1129/1140/469 1138/1143/469 1144/1144/469
f 1143/1134/469 1130/1141/469 1144/1144/469 1128/1135/469
f 1128/1135/469 1144/1144/469 1142/1130/469 1141/1137/469
f 1144/1144/469 1138/1143/469 1137/1131/469 1142/1130/469
f 1139/1142/473 1133/1128/473 1137/1131/473 1138/1143/473
f 1131/1133/470 1135/1138/470 1130/1141/470 1143/1134/470
f 1136/1129/476 1134/1136/476 1141/1137/476 1142/1130/476
f 1145/1145/472 1146/1146/472 1160/1147/472 1147/1148/472
f 1148/1149/474 1145/1145/474 1147/1148/474 1149/1150/474
f 1150/1151/470 1148/1149/470 1149/1150/470 1157/1152/470
f 1152/1153/468 1150/1151/468 1157/1152/468 1154/1154/468
f 1153/1155/471 1152/1153/471 1154/1154/471 1156/1156/471
f 1155/1157/469 1158/1158/469 1156/1156/469 1154/1154/469
f 1149/1150/469 1155/1157/469 1154/1154/469 1157/1152/469
f 1151/1159/476 1153/1155/476 1156/1156/476 1158/1158/476
f 1160/1147/469 1159/1160/469 1158/1158/469 1155/1157/469
f 1161/1161/475 1151/1159/475 1158/1158/475 1159/1160/475
f 1146/1146/473 1161/1161/473 1159/1160/473 1160/1147/473
f 1147/1148/469 1160/1147/469 1155/1157/469 1149/1150/469
o Bolts.068
v 0.248795 1.783476 0.085677
v 0.248795 1.768993 0.079678
v 0.248795 1.789475 0.100160
v 0.231982 1.789683 0.079470
v 0.231982 1.798253 0.100160
v 0.231982 1.768993 0.070899
v 0.231982 1.748302 0.079470
v 0.231982 1.739732 0.100160
v 0.231982 1.768993 0.129421
v 0.231982 1.789683 0.120850
v 0.231982 1.748302 0.120850
v 0.248795 1.768993 0.120643
v 0.248795 1.768993 0.100160
v 0.248795 1.754509 0.114643
v 0.248795 1.783476 0.114643
v 0.248795 1.748510 0.100160
v 0.248795 1.754509 0.085677
v 0.248795 1.656858 0.079678
v 0.248795 1.671341 0.114643
v 0.248795 1.677340 0.100160
v 0.231982 1.677548 0.079470
v 0.231982 1.677548 0.120851
v 0.231982 1.636168 0.120851
v 0.231982 1.636168 0.079470
v 0.231982 1.686119 0.100160
v 0.231982 1.627597 0.100160
v 0.248795 1.642375 0.114643
v 0.248795 1.656858 0.120643
v 0.231982 1.656858 0.129421
v 0.231982 1.656858 0.070899
v 0.248795 1.642375 0.085677
v 0.248795 1.636376 0.100160
v 0.248795 1.671341 0.085677
v 0.248795 1.656858 0.100160
v 0.231982 1.565413 0.120851
v 0.231982 1.544723 0.129421
v 0.248795 1.559206 0.114644
v 0.231982 1.573984 0.100160
v 0.248795 1.565205 0.100160
v 0.231982 1.565413 0.079470
v 0.231982 1.515462 0.100160
v 0.231982 1.544723 0.070900
v 0.231982 1.524032 0.079470
v 0.248795 1.544723 0.079678
v 0.248795 1.544723 0.100160
v 0.248795 1.530240 0.085677
v 0.248795 1.559206 0.085677
v 0.248795 1.524240 0.100160
v 0.248795 1.530240 0.114644
v 0.248795 1.544723 0.120643
v 0.231982 1.524032 0.120851
vn 0.4345 0.3447 -0.8321
vn 1.0000 -0.0000 -0.0000
vn 0.4345 0.8321 -0.3447
vn 0.4345 -0.3447 -0.8321
vn 0.4345 0.3447 0.8321
vn 0.4345 -0.3447 0.8321
vn 0.4345 0.8321 0.3447
vn 0.4345 -0.8321 0.3447
vn 0.4345 -0.8321 -0.3447
vt 0.690561 0.885929
vt 0.703694 0.898460
vt 0.691375 0.903562
vt 0.685785 0.897362
vt 0.691939 0.911637
vt 0.681768 0.907854
vt 0.703694 0.917197
vt 0.672915 0.885856
vt 0.677210 0.897859
vt 0.690620 0.929851
vt 0.672975 0.929779
vt 0.677751 0.918346
vt 0.686326 0.917848
vt 0.659842 0.917248
vt 0.672161 0.912146
vt 0.671596 0.904071
vt 0.659842 0.898511
vt 0.929745 0.722556
vt 0.917599 0.735485
vt 0.911854 0.724096
vt 0.918008 0.718386
vt 0.885856 0.723390
vt 0.885856 0.704063
vt 0.898480 0.709651
vt 0.897857 0.717667
vt 0.899419 0.736166
vt 0.903485 0.723811
vt 0.900153 0.691291
vt 0.918232 0.692673
vt 0.912355 0.703806
vt 0.903999 0.703813
vt 0.929713 0.705471
vt 0.918511 0.709808
vt 0.908074 0.713883
vt 0.163263 0.930440
vt 0.175977 0.943436
vt 0.164393 0.948160
vt 0.158144 0.942609
vt 0.145081 0.930440
vt 0.149805 0.942024
vt 0.132085 0.943154
vt 0.144254 0.948273
vt 0.132085 0.961336
vt 0.143669 0.956612
vt 0.144799 0.974332
vt 0.149918 0.962163
vt 0.154031 0.952386
vt 0.158256 0.962748
vt 0.162981 0.974332
vt 0.163808 0.956499
vt 0.175977 0.961618
s 0
f 1167/1162/477 1165/1163/477 1162/1164/477 1163/1165/477
f 1164/1166/478 1174/1167/478 1163/1165/478 1162/1164/478
f 1165/1163/479 1166/1168/479 1164/1166/479 1162/1164/479
f 1168/1169/480 1167/1162/480 1163/1165/480 1178/1170/480
f 1171/1171/481 1170/1172/481 1173/1173/481 1176/1174/481
f 1170/1172/482 1172/1175/482 1175/1176/482 1173/1173/482
f 1173/1173/478 1175/1176/478 1177/1177/478 1174/1167/478
f 1176/1174/478 1173/1173/478 1174/1167/478 1164/1166/478
f 1166/1168/483 1171/1171/483 1176/1174/483 1164/1166/483
f 1172/1175/484 1169/1178/484 1177/1177/484 1175/1176/484
f 1169/1178/485 1168/1169/485 1178/1170/485 1177/1177/485
f 1174/1167/478 1177/1177/478 1178/1170/478 1163/1165/478
f 1184/1179/484 1187/1180/484 1193/1181/484 1188/1182/484
f 1191/1183/477 1182/1184/477 1194/1185/477 1179/1186/477
f 1185/1187/480 1191/1183/480 1179/1186/480 1192/1188/480
f 1186/1189/483 1183/1190/483 1180/1191/483 1181/1192/483
f 1183/1190/481 1190/1193/481 1189/1194/481 1180/1191/481
f 1181/1192/478 1180/1191/478 1189/1194/478 1195/1195/478
f 1194/1185/478 1181/1192/478 1195/1195/478 1179/1186/478
f 1179/1186/478 1195/1195/478 1193/1181/478 1192/1188/478
f 1195/1195/478 1189/1194/478 1188/1182/478 1193/1181/478
f 1190/1193/482 1184/1179/482 1188/1182/482 1189/1194/482
f 1182/1184/479 1186/1189/479 1181/1192/479 1194/1185/479
f 1187/1180/485 1185/1187/485 1192/1188/485 1193/1181/485
f 1196/1196/481 1197/1197/481 1211/1198/481 1198/1199/481
f 1199/1200/483 1196/1196/483 1198/1199/483 1200/1201/483
f 1201/1202/479 1199/1200/479 1200/1201/479 1208/1203/479
f 1203/1204/477 1201/1202/477 1208/1203/477 1205/1205/477
f 1204/1206/480 1203/1204/480 1205/1205/480 1207/1207/480
f 1206/1208/478 1209/1209/478 1207/1207/478 1205/1205/478
f 1200/1201/478 1206/1208/478 1205/1205/478 1208/1203/478
f 1202/1210/485 1204/1206/485 1207/1207/485 1209/1209/485
f 1211/1198/478 1210/1211/478 1209/1209/478 1206/1208/478
f 1212/1212/484 1202/1210/484 1209/1209/484 1210/1211/484
f 1197/1197/482 1212/1212/482 1210/1211/482 1211/1198/482
f 1198/1199/478 1211/1198/478 1206/1208/478 1200/1201/478
o Bolts.070
v -0.249026 3.341688 -0.115468
v -0.249026 3.327205 -0.121467
v -0.249026 3.347687 -0.100984
v -0.232213 3.347895 -0.121675
v -0.232213 3.356466 -0.100984
v -0.232213 3.327205 -0.130245
v -0.232213 3.306515 -0.121675
v -0.232213 3.297944 -0.100984
v -0.232213 3.327205 -0.071724
v -0.232213 3.347895 -0.080294
v -0.232213 3.306515 -0.080294
v -0.249026 3.327205 -0.080502
v -0.249026 3.327205 -0.100984
v -0.249026 3.312721 -0.086501
v -0.249026 3.341688 -0.086501
v -0.249026 3.306722 -0.100984
v -0.249026 3.312722 -0.115468
v -0.249026 3.215070 -0.121467
v -0.249026 3.229553 -0.086501
v -0.249026 3.235553 -0.100984
v -0.232213 3.235761 -0.121675
v -0.232213 3.235761 -0.080294
v -0.232213 3.194380 -0.080294
v -0.232213 3.194380 -0.121675
v -0.232213 3.244331 -0.100984
v -0.232213 3.185810 -0.100984
v -0.249026 3.200587 -0.086501
v -0.249026 3.215070 -0.080502
v -0.232213 3.215070 -0.071723
v -0.232213 3.215070 -0.130245
v -0.249026 3.200587 -0.115468
v -0.249026 3.194588 -0.100984
v -0.249026 3.229553 -0.115467
v -0.249026 3.215070 -0.100984
v -0.232213 3.123626 -0.080294
v -0.232213 3.102935 -0.071723
v -0.249026 3.117418 -0.086501
v -0.232213 3.132196 -0.100984
v -0.249026 3.123417 -0.100984
v -0.232213 3.123625 -0.121674
v -0.232213 3.073675 -0.100984
v -0.232213 3.102935 -0.130245
v -0.232213 3.082245 -0.121674
v -0.249026 3.102935 -0.121467
v -0.249026 3.102935 -0.100984
v -0.249026 3.088452 -0.115467
v -0.249026 3.117418 -0.115467
v -0.249026 3.082453 -0.100984
v -0.249026 3.088452 -0.086501
v -0.249026 3.102935 -0.080502
v -0.232213 3.082245 -0.080294
vn -0.4345 0.3447 -0.8321
vn -1.0000 -0.0000 -0.0000
vn -0.4345 0.8321 -0.3447
vn -0.4345 -0.3447 -0.8321
vn -0.4345 0.3447 0.8321
vn -0.4345 -0.3447 0.8321
vn -0.4345 0.8321 0.3447
vn -0.4345 -0.8321 0.3447
vn -0.4345 -0.8321 -0.3447
vt 0.734412 0.885929
vt 0.729636 0.897362
vt 0.735226 0.903562
vt 0.747545 0.898460
vt 0.735791 0.911637
vt 0.725619 0.907854
vt 0.747545 0.917197
vt 0.716767 0.885856
vt 0.721061 0.897859
vt 0.734472 0.929851
vt 0.730178 0.917848
vt 0.721602 0.918346
vt 0.716826 0.929779
vt 0.716012 0.912146
vt 0.703694 0.917248
vt 0.715448 0.904071
vt 0.703694 0.898511
vt 0.929745 0.767432
vt 0.918008 0.763261
vt 0.911854 0.768972
vt 0.917599 0.780361
vt 0.885856 0.768266
vt 0.897857 0.762542
vt 0.898479 0.754526
vt 0.885856 0.748938
vt 0.899419 0.781041
vt 0.903485 0.768686
vt 0.900153 0.736166
vt 0.903999 0.748688
vt 0.912355 0.748681
vt 0.918232 0.737548
vt 0.918511 0.754684
vt 0.929713 0.750347
vt 0.908074 0.758758
vt 0.207155 0.930440
vt 0.202036 0.942609
vt 0.208285 0.948160
vt 0.219869 0.943436
vt 0.188974 0.930440
vt 0.193698 0.942024
vt 0.175977 0.943154
vt 0.188147 0.948273
vt 0.175977 0.961336
vt 0.187561 0.956612
vt 0.188691 0.974332
vt 0.193811 0.962163
vt 0.197923 0.952386
vt 0.202149 0.962748
vt 0.206873 0.974332
vt 0.207700 0.956499
vt 0.219869 0.961618
s 0
f 1218/1213/486 1214/1214/486 1213/1215/486 1216/1216/486
f 1215/1217/487 1213/1215/487 1214/1214/487 1225/1218/487
f 1216/1216/488 1213/1215/488 1215/1217/488 1217/1219/488
f 1219/1220/489 1229/1221/489 1214/1214/489 1218/1213/489
f 1222/1222/490 1227/1223/490 1224/1224/490 1221/1225/490
f 1221/1225/491 1224/1224/491 1226/1226/491 1223/1227/491
f 1224/1224/487 1225/1218/487 1228/1228/487 1226/1226/487
f 1227/1223/487 1215/1217/487 1225/1218/487 1224/1224/487
f 1217/1219/492 1215/1217/492 1227/1223/492 1222/1222/492
f 1223/1227/493 1226/1226/493 1228/1228/493 1220/1229/493
f 1220/1229/494 1228/1228/494 1229/1221/494 1219/1220/494
f 1225/1218/487 1214/1214/487 1229/1221/487 1228/1228/487
f 1235/1230/493 1239/1231/493 1244/1232/493 1238/1233/493
f 1242/1234/486 1230/1235/486 1245/1236/486 1233/1237/486
f 1236/1238/489 1243/1239/489 1230/1235/489 1242/1234/489
f 1237/1240/492 1232/1241/492 1231/1242/492 1234/1243/492
f 1234/1243/490 1231/1242/490 1240/1244/490 1241/1245/490
f 1232/1241/487 1246/1246/487 1240/1244/487 1231/1242/487
f 1245/1236/487 1230/1235/487 1246/1246/487 1232/1241/487
f 1230/1235/487 1243/1239/487 1244/1232/487 1246/1246/487
f 1246/1246/487 1244/1232/487 1239/1231/487 1240/1244/487
f 1241/1245/491 1240/1244/491 1239/1231/491 1235/1230/491
f 1233/1237/488 1245/1236/488 1232/1241/488 1237/1240/488
f 1238/1233/494 1244/1232/494 1243/1239/494 1236/1238/494
f 1247/1247/490 1249/1248/490 1262/1249/490 1248/1250/490
f 1250/1251/492 1251/1252/492 1249/1248/492 1247/1247/492
f 1252/1253/488 1259/1254/488 1251/1252/488 1250/1251/488
f 1254/1255/486 1256/1256/486 1259/1254/486 1252/1253/486
f 1255/1257/489 1258/1258/489 1256/1256/489 1254/1255/489
f 1257/1259/487 1256/1256/487 1258/1258/487 1260/1260/487
f 1251/1252/487 1259/1254/487 1256/1256/487 1257/1259/487
f 1253/1261/494 1260/1260/494 1258/1258/494 1255/1257/494
f 1262/1249/487 1257/1259/487 1260/1260/487 1261/1262/487
f 1263/1263/493 1261/1262/493 1260/1260/493 1253/1261/493
f 1248/1250/491 1262/1249/491 1261/1262/491 1263/1263/491
f 1249/1248/487 1251/1252/487 1257/1259/487 1262/1249/487
o Bolts.071
v -0.249026 1.783476 0.085677
v -0.249026 1.768993 0.079678
v -0.249026 1.789475 0.100160
v -0.232213 1.789683 0.079470
v -0.232213 1.798253 0.100160
v -0.232213 1.768993 0.070899
v -0.232213 1.748302 0.079470
v -0.232213 1.739732 0.100160
v -0.232213 1.768993 0.129421
v -0.232213 1.789683 0.120850
v -0.232213 1.748302 0.120850
v -0.249026 1.768993 0.120643
v -0.249026 1.768993 0.100160
v -0.249026 1.754509 0.114643
v -0.249026 1.783476 0.114643
v -0.249026 1.748510 0.100160
v -0.249026 1.754509 0.085677
v -0.249026 1.656858 0.079678
v -0.249026 1.671341 0.114643
v -0.249026 1.677340 0.100160
v -0.232213 1.677548 0.079470
v -0.232213 1.677548 0.120851
v -0.232213 1.636168 0.120851
v -0.232213 1.636168 0.079470
v -0.232213 1.686119 0.100160
v -0.232213 1.627597 0.100160
v -0.249026 1.642375 0.114643
v -0.249026 1.656858 0.120643
v -0.232213 1.656858 0.129421
v -0.232213 1.656858 0.070899
v -0.249026 1.642375 0.085677
v -0.249026 1.636376 0.100160
v -0.249026 1.671341 0.085677
v -0.249026 1.656858 0.100160
v -0.232213 1.565413 0.120851
v -0.232213 1.544723 0.129421
v -0.249026 1.559206 0.114644
v -0.232213 1.573984 0.100160
v -0.249026 1.565205 0.100160
v -0.232213 1.565413 0.079470
v -0.232213 1.515462 0.100160
v -0.232213 1.544723 0.070900
v -0.232213 1.524032 0.079470
v -0.249026 1.544723 0.079678
v -0.249026 1.544723 0.100160
v -0.249026 1.530240 0.085677
v -0.249026 1.559206 0.085677
v -0.249026 1.524240 0.100160
v -0.249026 1.530240 0.114644
v -0.249026 1.544723 0.120643
v -0.232213 1.524032 0.120851
vn -0.4345 0.3447 -0.8321
vn -1.0000 -0.0000 -0.0000
vn -0.4345 0.8321 -0.3447
vn -0.4345 -0.3447 -0.8321
vn -0.4345 0.3447 0.8321
vn -0.4345 -0.3447 0.8321
vn -0.4345 0.8321 0.3447
vn -0.4345 -0.8321 0.3447
vn -0.4345 -0.8321 -0.3447
vt 0.778264 0.885929
vt 0.773487 0.897362
vt 0.779078 0.903562
vt 0.791396 0.898460
vt 0.779642 0.911637
vt 0.769471 0.907854
vt 0.791396 0.917197
vt 0.760618 0.885856
vt 0.764912 0.897859
vt 0.778323 0.929851
vt 0.774029 0.917848
vt 0.765454 0.918346
vt 0.760677 0.929779
vt 0.759864 0.912146
vt 0.747545 0.917248
vt 0.759299 0.904071
vt 0.747545 0.898511
vt 0.929745 0.812307
vt 0.918008 0.808136
vt 0.911854 0.813847
vt 0.917599 0.825236
vt 0.885856 0.813141
vt 0.897857 0.807417
vt 0.898480 0.799401
vt 0.885856 0.793813
vt 0.899419 0.825917
vt 0.903485 0.813561
vt 0.900153 0.781041
vt 0.903999 0.793564
vt 0.912355 0.793557
vt 0.918232 0.782423
vt 0.918511 0.799559
vt 0.929713 0.795222
vt 0.908074 0.803633
vt 0.251047 0.930440
vt 0.245928 0.942609
vt 0.252178 0.948160
vt 0.263762 0.943436
vt 0.232866 0.930440
vt 0.237590 0.942024
vt 0.219869 0.943154
vt 0.232039 0.948273
vt 0.219869 0.961336
vt 0.231454 0.956611
vt 0.232584 0.974332
vt 0.237703 0.962163
vt 0.241816 0.952386
vt 0.246041 0.962748
vt 0.250765 0.974332
vt 0.251592 0.956499
vt 0.263762 0.961618
s 0
f 1269/1264/495 1265/1265/495 1264/1266/495 1267/1267/495
f 1266/1268/496 1264/1266/496 1265/1265/496 1276/1269/496
f 1267/1267/497 1264/1266/497 1266/1268/497 1268/1270/497
f 1270/1271/498 1280/1272/498 1265/1265/498 1269/1264/498
f 1273/1273/499 1278/1274/499 1275/1275/499 1272/1276/499
f 1272/1276/500 1275/1275/500 1277/1277/500 1274/1278/500
f 1275/1275/496 1276/1269/496 1279/1279/496 1277/1277/496
f 1278/1274/496 1266/1268/496 1276/1269/496 1275/1275/496
f 1268/1270/501 1266/1268/501 1278/1274/501 1273/1273/501
f 1274/1278/502 1277/1277/502 1279/1279/502 1271/1280/502
f 1271/1280/503 1279/1279/503 1280/1272/503 1270/1271/503
f 1276/1269/496 1265/1265/496 1280/1272/496 1279/1279/496
f 1286/1281/502 1290/1282/502 1295/1283/502 1289/1284/502
f 1293/1285/495 1281/1286/495 1296/1287/495 1284/1288/495
f 1287/1289/498 1294/1290/498 1281/1286/498 1293/1285/498
f 1288/1291/501 1283/1292/501 1282/1293/501 1285/1294/501
f 1285/1294/499 1282/1293/499 1291/1295/499 1292/1296/499
f 1283/1292/496 1297/1297/496 1291/1295/496 1282/1293/496
f 1296/1287/496 1281/1286/496 1297/1297/496 1283/1292/496
f 1281/1286/496 1294/1290/496 1295/1283/496 1297/1297/496
f 1297/1297/496 1295/1283/496 1290/1282/496 1291/1295/496
f 1292/1296/500 1291/1295/500 1290/1282/500 1286/1281/500
f 1284/1288/497 1296/1287/497 1283/1292/497 1288/1291/497
f 1289/1284/503 1295/1283/503 1294/1290/503 1287/1289/503
f 1298/1298/499 1300/1299/499 1313/1300/499 1299/1301/499
f 1301/1302/501 1302/1303/501 1300/1299/501 1298/1298/501
f 1303/1304/497 1310/1305/497 1302/1303/497 1301/1302/497
f 1305/1306/495 1307/1307/495 1310/1305/495 1303/1304/495
f 1306/1308/498 1309/1309/498 1307/1307/498 1305/1306/498
f 1308/1310/496 1307/1307/496 1309/1309/496 1311/1311/496
f 1302/1303/496 1310/1305/496 1307/1307/496 1308/1310/496
f 1304/1312/503 1311/1311/503 1309/1309/503 1306/1308/503
f 1313/1300/496 1308/1310/496 1311/1311/496 1312/1313/496
f 1314/1314/502 1312/1313/502 1311/1311/502 1304/1312/502
f 1299/1301/500 1313/1300/500 1312/1313/500 1314/1314/500
f 1300/1299/496 1302/1303/496 1308/1310/496 1313/1300/496
o Bolts.072
v -0.249026 1.783476 -0.115468
v -0.249026 1.768993 -0.121467
v -0.249026 1.789475 -0.100984
v -0.232213 1.789683 -0.121675
v -0.232213 1.798253 -0.100984
v -0.232213 1.768993 -0.130245
v -0.232213 1.748302 -0.121675
v -0.232213 1.739732 -0.100984
v -0.232213 1.768993 -0.071724
v -0.232213 1.789683 -0.080294
v -0.232213 1.748302 -0.080294
v -0.249026 1.768993 -0.080502
v -0.249026 1.768993 -0.100984
v -0.249026 1.754509 -0.086501
v -0.249026 1.783476 -0.086501
v -0.249026 1.748510 -0.100984
v -0.249026 1.754509 -0.115468
v -0.249026 1.656858 -0.121467
v -0.249026 1.671341 -0.086501
v -0.249026 1.677340 -0.100984
v -0.232213 1.677548 -0.121675
v -0.232213 1.677548 -0.080294
v -0.232213 1.636168 -0.080294
v -0.232213 1.636168 -0.121675
v -0.232213 1.686119 -0.100984
v -0.232213 1.627597 -0.100984
v -0.249026 1.642375 -0.086501
v -0.249026 1.656858 -0.080502
v -0.232213 1.656858 -0.071723
v -0.232213 1.656858 -0.130245
v -0.249026 1.642375 -0.115468
v -0.249026 1.636376 -0.100984
v -0.249026 1.671341 -0.115467
v -0.249026 1.656858 -0.100984
v -0.232213 1.565413 -0.080294
v -0.232213 1.544723 -0.071723
v -0.249026 1.559206 -0.086501
v -0.232213 1.573984 -0.100984
v -0.249026 1.565205 -0.100984
v -0.232213 1.565413 -0.121674
v -0.232213 1.515462 -0.100984
v -0.232213 1.544723 -0.130245
v -0.232213 1.524032 -0.121674
v -0.249026 1.544723 -0.121467
v -0.249026 1.544723 -0.100984
v -0.249026 1.530240 -0.115467
v -0.249026 1.559206 -0.115467
v -0.249026 1.524240 -0.100984
v -0.249026 1.530240 -0.086501
v -0.249026 1.544723 -0.080502
v -0.232213 1.524032 -0.080294
vn -0.4345 0.3447 -0.8321
vn -1.0000 -0.0000 -0.0000
vn -0.4345 0.8321 -0.3447
vn -0.4345 -0.3447 -0.8321
vn -0.4345 0.3447 0.8321
vn -0.4345 -0.3447 0.8321
vn -0.4345 0.8321 0.3447
vn -0.4345 -0.8321 0.3447
vn -0.4345 -0.8321 -0.3447
vt 0.822115 0.885929
vt 0.817339 0.897362
vt 0.822929 0.903562
vt 0.835248 0.898460
vt 0.823494 0.911637
vt 0.813322 0.907854
vt 0.835248 0.917197
vt 0.804469 0.885856
vt 0.808764 0.897859
vt 0.822175 0.929851
vt 0.817880 0.917848
vt 0.809305 0.918346
vt 0.804529 0.929779
vt 0.803715 0.912146
vt 0.791396 0.917248
vt 0.803150 0.904071
vt 0.791396 0.898511
vt 0.929745 0.857182
vt 0.918008 0.853011
vt 0.911854 0.858722
vt 0.917599 0.870111
vt 0.885856 0.858016
vt 0.897857 0.852292
vt 0.898480 0.844277
vt 0.885856 0.838689
vt 0.899419 0.870792
vt 0.903485 0.858436
vt 0.900153 0.825917
vt 0.903999 0.838439
vt 0.912355 0.838432
vt 0.918232 0.827299
vt 0.918511 0.844434
vt 0.929713 0.840097
vt 0.908074 0.848509
vt 0.294940 0.930440
vt 0.289821 0.942609
vt 0.296070 0.948160
vt 0.307654 0.943436
vt 0.276758 0.930440
vt 0.281483 0.942024
vt 0.263762 0.943154
vt 0.275931 0.948273
vt 0.263762 0.961336
vt 0.275346 0.956612
vt 0.276476 0.974332
vt 0.281595 0.962163
vt 0.285708 0.952386
vt 0.289934 0.962748
vt 0.294658 0.974332
vt 0.295485 0.956499
vt 0.307654 0.961618
s 0
f 1320/1315/504 1316/1316/504 1315/1317/504 1318/1318/504
f 1317/1319/505 1315/1317/505 1316/1316/505 1327/1320/505
f 1318/1318/506 1315/1317/506 1317/1319/506 1319/1321/506
f 1321/1322/507 1331/1323/507 1316/1316/507 1320/1315/507
f 1324/1324/508 1329/1325/508 1326/1326/508 1323/1327/508
f 1323/1327/509 1326/1326/509 1328/1328/509 1325/1329/509
f 1326/1326/505 1327/1320/505 1330/1330/505 1328/1328/505
f 1329/1325/505 1317/1319/505 1327/1320/505 1326/1326/505
f 1319/1321/510 1317/1319/510 1329/1325/510 1324/1324/510
f 1325/1329/511 1328/1328/511 1330/1330/511 1322/1331/511
f 1322/1331/512 1330/1330/512 1331/1323/512 1321/1322/512
f 1327/1320/505 1316/1316/505 1331/1323/505 1330/1330/505
f 1337/1332/511 1341/1333/511 1346/1334/511 1340/1335/511
f 1344/1336/504 1332/1337/504 1347/1338/504 1335/1339/504
f 1338/1340/507 1345/1341/507 1332/1337/507 1344/1336/507
f 1339/1342/510 1334/1343/510 1333/1344/510 1336/1345/510
f 1336/1345/508 1333/1344/508 1342/1346/508 1343/1347/508
f 1334/1343/505 1348/1348/505 1342/1346/505 1333/1344/505
f 1347/1338/505 1332/1337/505 1348/1348/505 1334/1343/505
f 1332/1337/505 1345/1341/505 1346/1334/505 1348/1348/505
f 1348/1348/505 1346/1334/505 1341/1333/505 1342/1346/505
f 1343/1347/509 1342/1346/509 1341/1333/509 1337/1332/509
f 1335/1339/506 1347/1338/506 1334/1343/506 1339/1342/506
f 1340/1335/512 1346/1334/512 1345/1341/512 1338/1340/512
f 1349/1349/508 1351/1350/508 1364/1351/508 1350/1352/508
f 1352/1353/510 1353/1354/510 1351/1350/510 1349/1349/510
f 1354/1355/506 1361/1356/506 1353/1354/506 1352/1353/506
f 1356/1357/504 1358/1358/504 1361/1356/504 1354/1355/504
f 1357/1359/507 1360/1360/507 1358/1358/507 1356/1357/507
f 1359/1361/505 1358/1358/505 1360/1360/505 1362/1362/505
f 1353/1354/505 1361/1356/505 1358/1358/505 1359/1361/505
f 1355/1363/512 1362/1362/512 1360/1360/512 1357/1359/512
f 1364/1351/505 1359/1361/505 1362/1362/505 1363/1364/505
f 1365/1365/511 1363/1364/511 1362/1362/511 1355/1363/511
f 1350/1352/509 1364/1351/509 1363/1364/509 1365/1365/509
f 1351/1350/505 1353/1354/505 1359/1361/505 1364/1351/505
o Bolts.073
v -0.249026 3.341688 0.085677
v -0.249026 3.327205 0.079678
v -0.249026 3.347687 0.100160
v -0.232213 3.347895 0.079470
v -0.232213 3.356466 0.100160
v -0.232213 3.327205 0.070899
v -0.232213 3.306515 0.079470
v -0.232213 3.297944 0.100160
v -0.232213 3.327205 0.129421
v -0.232213 3.347895 0.120850
v -0.232213 3.306515 0.120850
v -0.249026 3.327205 0.120643
v -0.249026 3.327205 0.100160
v -0.249026 3.312721 0.114643
v -0.249026 3.341688 0.114643
v -0.249026 3.306722 0.100160
v -0.249026 3.312722 0.085677
v -0.249026 3.215070 0.079678
v -0.249026 3.229553 0.114643
v -0.249026 3.235553 0.100160
v -0.232213 3.235761 0.079470
v -0.232213 3.235761 0.120851
v -0.232213 3.194380 0.120851
v -0.232213 3.194380 0.079470
v -0.232213 3.244331 0.100160
v -0.232213 3.185810 0.100160
v -0.249026 3.200587 0.114643
v -0.249026 3.215070 0.120643
v -0.232213 3.215070 0.129421
v -0.232213 3.215070 0.070899
v -0.249026 3.200587 0.085677
v -0.249026 3.194588 0.100160
v -0.249026 3.229553 0.085677
v -0.249026 3.215070 0.100160
v -0.232213 3.123626 0.120851
v -0.232213 3.102935 0.129421
v -0.249026 3.117418 0.114644
v -0.232213 3.132196 0.100160
v -0.249026 3.123417 0.100160
v -0.232213 3.123625 0.079470
v -0.232213 3.073675 0.100160
v -0.232213 3.102935 0.070900
v -0.232213 3.082245 0.079470
v -0.249026 3.102935 0.079678
v -0.249026 3.102935 0.100160
v -0.249026 3.088452 0.085677
v -0.249026 3.117418 0.085677
v -0.249026 3.082453 0.100160
v -0.249026 3.088452 0.114644
v -0.249026 3.102935 0.120643
v -0.232213 3.082245 0.120851
vn -0.4345 0.3447 -0.8321
vn -1.0000 -0.0000 -0.0000
vn -0.4345 0.8321 -0.3447
vn -0.4345 -0.3447 -0.8321
vn -0.4345 0.3447 0.8321
vn -0.4345 -0.3447 0.8321
vn -0.4345 0.8321 0.3447
vn -0.4344 -0.8321 0.3447
vn -0.4345 -0.8321 -0.3447
vn -0.4345 -0.8321 0.3447
vt 0.872724 0.885929
vt 0.867947 0.897362
vt 0.873538 0.903562
vt 0.885856 0.898460
vt 0.874102 0.911637
vt 0.863931 0.907854
vt 0.885856 0.917197
vt 0.855078 0.885856
vt 0.859372 0.897859
vt 0.872783 0.929851
vt 0.868489 0.917848
vt 0.859914 0.918346
vt 0.855137 0.929779
vt 0.854324 0.912146
vt 0.842005 0.917248
vt 0.853759 0.904071
vt 0.842005 0.898511
vt 0.929745 0.902058
vt 0.918008 0.897887
vt 0.911854 0.903598
vt 0.917599 0.914987
vt 0.885856 0.902892
vt 0.897857 0.897168
vt 0.898480 0.889152
vt 0.885856 0.883564
vt 0.899419 0.915667
vt 0.903485 0.903312
vt 0.900153 0.870792
vt 0.903999 0.883314
vt 0.912355 0.883307
vt 0.918232 0.872174
vt 0.918511 0.889310
vt 0.929713 0.884972
vt 0.908074 0.893384
vt 0.338832 0.930440
vt 0.333713 0.942609
vt 0.339962 0.948160
vt 0.351547 0.943436
vt 0.320651 0.930440
vt 0.325375 0.942024
vt 0.307654 0.943154
vt 0.319824 0.948273
vt 0.307654 0.961336
vt 0.319239 0.956612
vt 0.320369 0.974332
vt 0.325488 0.962163
vt 0.329601 0.952386
vt 0.333826 0.962748
vt 0.338550 0.974332
vt 0.339377 0.956499
vt 0.351547 0.961618
s 0
f 1371/1366/513 1367/1367/513 1366/1368/513 1369/1369/513
f 1368/1370/514 1366/1368/514 1367/1367/514 1378/1371/514
f 1369/1369/515 1366/1368/515 1368/1370/515 1370/1372/515
f 1372/1373/516 1382/1374/516 1367/1367/516 1371/1366/516
f 1375/1375/517 1380/1376/517 1377/1377/517 1374/1378/517
f 1374/1378/518 1377/1377/518 1379/1379/518 1376/1380/518
f 1377/1377/514 1378/1371/514 1381/1381/514 1379/1379/514
f 1380/1376/514 1368/1370/514 1378/1371/514 1377/1377/514
f 1370/1372/519 1368/1370/519 1380/1376/519 1375/1375/519
f 1376/1380/520 1379/1379/520 1381/1381/520 1373/1382/520
f 1373/1382/521 1381/1381/521 1382/1374/521 1372/1373/521
f 1378/1371/514 1367/1367/514 1382/1374/514 1381/1381/514
f 1388/1383/522 1392/1384/522 1397/1385/522 1391/1386/522
f 1395/1387/513 1383/1388/513 1398/1389/513 1386/1390/513
f 1389/1391/516 1396/1392/516 1383/1388/516 1395/1387/516
f 1390/1393/519 1385/1394/519 1384/1395/519 1387/1396/519
f 1387/1396/517 1384/1395/517 1393/1397/517 1394/1398/517
f 1385/1394/514 1399/1399/514 1393/1397/514 1384/1395/514
f 1398/1389/514 1383/1388/514 1399/1399/514 1385/1394/514
f 1383/1388/514 1396/1392/514 1397/1385/514 1399/1399/514
f 1399/1399/514 1397/1385/514 1392/1384/514 1393/1397/514
f 1394/1398/518 1393/1397/518 1392/1384/518 1388/1383/518
f 1386/1390/515 1398/1389/515 1385/1394/515 1390/1393/515
f 1391/1386/521 1397/1385/521 1396/1392/521 1389/1391/521
f 1400/1400/517 1402/1401/517 1415/1402/517 1401/1403/517
f 1403/1404/519 1404/1405/519 1402/1401/519 1400/1400/519
f 1405/1406/515 1412/1407/515 1404/1405/515 1403/1404/515
f 1407/1408/513 1409/1409/513 1412/1407/513 1405/1406/513
f 1408/1410/516 1411/1411/516 1409/1409/516 1407/1408/516
f 1410/1412/514 1409/1409/514 1411/1411/514 1413/1413/514
f 1404/1405/514 1412/1407/514 1409/1409/514 1410/1412/514
f 1406/1414/521 1413/1413/521 1411/1411/521 1408/1410/521
f 1415/1402/514 1410/1412/514 1413/1413/514 1414/1415/514
f 1416/1416/522 1414/1415/522 1413/1413/522 1406/1414/522
f 1401/1403/518 1415/1402/518 1414/1415/518 1416/1416/518
f 1402/1401/514 1404/1405/514 1410/1412/514 1415/1402/514
o SteelSupportBlock
v 0.322358 0.002527 -0.254938
v 0.322358 0.061792 -0.254938
v 0.322358 0.002527 0.254545
v 0.322358 0.061792 0.254545
v -0.322349 0.002527 -0.254938
v -0.322349 0.061792 -0.254938
v -0.322349 0.002527 0.254545
v -0.322349 0.061792 0.254545
vn 1.0000 -0.0000 -0.0000
vn -0.0000 -0.0000 1.0000
vn -1.0000 -0.0000 -0.0000
vn -0.0000 -0.0000 -1.0000
vn -0.0000 -1.0000 -0.0000
vn -0.0000 1.0000 -0.0000
vt 0.221464 0.000000
vt 0.442928 0.000000
vt 0.442928 0.221464
vt 0.221464 0.221464
vt 0.442928 0.442928
vt 0.221464 0.442928
vt 0.442928 0.664392
vt 0.221464 0.664392
vt 0.442928 0.885856
vt 0.221464 0.885856
vt 0.000000 0.442928
vt 0.000000 0.664392
vt 0.664392 0.442928
vt 0.664392 0.664392
s 0
f 1417/1417/523 1418/1418/523 1420/1419/523 1419/1420/523
f 1419/1420/524 1420/1419/524 1424/1421/524 1423/1422/524
f 1423/1422/525 1424/1421/525 1422/1423/525 1421/1424/525
f 1421/1424/526 1422/1423/526 1418/1425/526 1417/1426/526
f 1419/1427/527 1423/1422/527 1421/1424/527 1417/1428/527
f 1424/1421/528 1420/1429/528 1418/1430/528 1422/1423/528
o SteelSupportVertical
v 0.167746 4.771170 -0.115199
v -0.207611 4.771170 0.082961
v -0.132914 4.771170 -0.115199
v -0.167738 4.771170 0.082961
v 0.167746 4.771170 -0.083355
v -0.167738 4.771170 -0.115199
v 0.167746 4.771170 0.114805
v 0.132923 4.771170 0.114805
v 0.167746 4.771170 0.082961
v -0.167738 4.771170 0.114805
v -0.132914 4.771170 0.114805
v 0.132923 4.771170 -0.115199
v -0.167738 4.771170 -0.083355
v 0.236551 4.771170 -0.183611
v 0.236551 4.801541 -0.183611
v 0.236551 4.771170 0.183217
v 0.236551 4.801541 0.183217
v -0.236541 4.771170 -0.183611
v -0.236541 4.801541 -0.183611
v -0.236541 4.771170 0.183217
v -0.236541 4.801541 0.183217
v -0.207611 4.801541 -0.183611
v -0.207611 4.801541 0.183217
v -0.207611 4.771170 0.183217
v -0.207611 4.771170 -0.183611
v 0.207620 4.801541 0.183217
v 0.207620 4.801541 -0.183611
v 0.207620 4.771170 -0.183611
v 0.207620 4.771170 0.183217
v 0.236551 4.771170 0.082961
v 0.236551 4.771170 0.114805
v 0.236551 4.771170 -0.115199
v 0.236551 4.771170 -0.083355
v 0.236551 4.801541 -0.115199
v 0.236551 4.801541 -0.083355
v 0.236551 4.801541 0.082961
v 0.236551 4.801541 0.114805
v -0.236541 4.771170 -0.115199
v -0.236541 4.771170 -0.083355
v -0.236541 4.771170 0.082961
v -0.236541 4.771170 0.114805
v -0.236541 4.801541 0.082961
v -0.236541 4.801541 0.114805
v -0.236541 4.801541 -0.115199
v -0.236541 4.801541 -0.083355
v -0.132914 4.771170 0.183217
v -0.167737 4.771170 0.183217
v 0.167746 4.771170 0.183217
v 0.132923 4.771170 0.183217
v 0.132923 4.801541 0.183217
v 0.167746 4.801541 0.183217
v -0.167737 4.801541 0.183217
v -0.132914 4.801541 0.183217
v 0.132923 4.771170 -0.183611
v 0.167746 4.771170 -0.183611
v -0.167737 4.771170 -0.183611
v -0.132914 4.771170 -0.183611
v -0.132914 4.801541 -0.183611
v -0.167737 4.801541 -0.183611
v 0.167746 4.801541 -0.183611
v 0.132923 4.801541 -0.183611
v 0.236551 4.771170 -0.152235
v 0.236551 4.801541 -0.152235
v -0.236541 4.771170 -0.152235
v -0.236541 4.801541 -0.152235
v 0.236551 4.771170 0.151842
v 0.236551 4.801541 0.151842
v -0.236541 4.771170 0.151842
v -0.236541 4.801541 0.151842
v -0.167737 4.801541 -0.152235
v -0.167737 4.801541 -0.115199
v -0.167737 4.801541 -0.083355
v -0.167737 4.801541 0.082961
v -0.167737 4.801541 0.114805
v -0.167737 4.801541 0.151842
v 0.132923 4.801541 -0.152235
v 0.132923 4.801541 -0.115199
v 0.132923 4.801541 -0.083355
v 0.132923 4.801541 0.082961
v 0.132923 4.801541 0.114805
v 0.132923 4.801541 0.151842
v -0.207611 4.801541 0.151842
v -0.207611 4.801541 0.114805
v -0.207611 4.801541 0.082962
v -0.207611 4.801541 -0.083355
v -0.207611 4.801541 -0.115199
v -0.207611 4.801541 -0.152235
v 0.207620 4.801541 0.151842
v 0.207620 4.801541 0.114805
v 0.207620 4.801541 0.082962
v 0.207620 4.801541 -0.083355
v 0.207620 4.801541 -0.115199
v 0.207620 4.801541 -0.152235
v -0.132914 4.801541 0.151842
v -0.132914 4.801541 0.114805
v -0.132914 4.801541 0.082962
v -0.132914 4.801541 -0.083355
v -0.132914 4.801541 -0.115199
v -0.132914 4.801541 -0.152235
v 0.167746 4.801541 0.151842
v 0.167746 4.801541 0.114805
v 0.167746 4.801541 0.082962
v 0.167746 4.801541 -0.083355
v 0.167746 4.801541 -0.115199
v 0.167746 4.801541 -0.152235
v 0.207620 4.771170 0.151842
v 0.207620 4.771170 0.114805
v 0.207620 4.771170 0.082961
v 0.207620 4.771170 -0.083355
v 0.207620 4.771170 -0.115199
v 0.207620 4.771170 -0.152235
v -0.207611 4.771170 -0.152235
v -0.167738 4.771170 -0.152235
v -0.132914 4.771170 -0.152235
v 0.132923 4.771170 -0.152235
v 0.167746 4.771170 -0.152235
v -0.207611 4.771170 -0.083355
v 0.167746 4.771170 0.151842
v 0.132923 4.771170 0.151842
v -0.132914 4.771170 0.151842
v -0.167738 4.771170 0.151842
v -0.207611 4.771170 0.151842
v -0.207611 4.771170 0.114805
v -0.207611 4.771170 -0.115199
v 0.167746 0.061665 -0.115199
v -0.207611 0.061665 0.082961
v -0.132914 0.061665 -0.115199
v -0.167738 0.061665 0.082961
v 0.167746 0.061665 -0.083355
v -0.167738 0.061665 -0.115199
v 0.167746 0.061665 0.114805
v 0.132923 0.061665 0.114805
v 0.167746 0.061665 0.082961
v -0.167738 0.061665 0.114805
v -0.132914 0.061665 0.114805
v -0.132914 0.061665 0.082961
v 0.132923 0.061665 -0.115199
v -0.167738 0.061665 -0.083355
v -0.132914 0.061665 -0.083355
v 0.236551 0.061665 -0.183611
v 0.236551 0.092037 -0.183611
v 0.236551 0.061665 0.183217
v 0.236551 0.092037 0.183217
v -0.236541 0.061665 -0.183611
v -0.236541 0.092037 -0.183611
v -0.236541 0.061665 0.183217
v -0.236541 0.092037 0.183217
v -0.207611 0.092037 -0.183611
v -0.207611 0.092037 0.183217
v -0.207611 0.061665 0.183217
v -0.207611 0.061665 -0.183611
v 0.207620 0.092037 0.183217
v 0.207620 0.092037 -0.183611
v 0.207620 0.061665 -0.183611
v 0.207620 0.061665 0.183217
v 0.236551 0.061665 0.082961
v 0.236551 0.061665 0.114805
v 0.236551 0.061665 -0.115199
v 0.236551 0.061665 -0.083355
v 0.236551 0.092037 -0.115199
v 0.236551 0.092037 -0.083355
v 0.236551 0.092037 0.082961
v 0.236551 0.092037 0.114805
v -0.236541 0.061665 -0.115199
v -0.236541 0.061665 -0.083355
v -0.236541 0.061665 0.082961
v -0.236541 0.061665 0.114805
v -0.236541 0.092037 0.082961
v -0.236541 0.092037 0.114805
v -0.236541 0.092037 -0.115199
v -0.236541 0.092037 -0.083355
v -0.132914 0.061665 0.183217
v -0.167737 0.061665 0.183217
v 0.167746 0.061665 0.183217
v 0.132923 0.061665 0.183217
v 0.132923 0.092037 0.183217
v 0.167746 0.092037 0.183217
v -0.167737 0.092037 0.183217
v -0.132914 0.092037 0.183217
v 0.132923 0.061665 -0.183611
v 0.167746 0.061665 -0.183611
v -0.167737 0.061665 -0.183611
v -0.132914 0.061665 -0.183611
v -0.132914 0.092037 -0.183611
v -0.167737 0.092037 -0.183611
v 0.167746 0.092037 -0.183611
v 0.132923 0.092037 -0.183611
v 0.236551 0.061665 -0.152235
v 0.236551 0.092037 -0.152235
v -0.236541 0.061665 -0.152235
v -0.236541 0.092037 -0.152235
v 0.236551 0.061665 0.151842
v 0.236551 0.092037 0.151842
v -0.236541 0.061665 0.151842
v -0.236541 0.092037 0.151842
v -0.167737 0.092037 -0.152235
v -0.167737 0.092037 -0.115199
v -0.167737 0.092037 -0.083355
v -0.167737 0.092037 0.082961
v -0.167737 0.092037 0.114805
v -0.167737 0.092037 0.151842
v 0.132923 0.092037 -0.152235
v 0.132923 0.092037 -0.115199
v 0.132923 0.092037 0.114805
v 0.132923 0.092037 0.151842
v -0.207611 0.092037 0.151842
v -0.207611 0.092037 0.114805
v -0.207611 0.092037 0.082962
v -0.207611 0.092037 -0.083355
v -0.207611 0.092037 -0.115199
v -0.207611 0.092037 -0.152235
v 0.207620 0.092037 0.151842
v 0.207620 0.092037 0.114805
v 0.207620 0.092037 0.082962
v 0.207620 0.092037 -0.083355
v 0.207620 0.092037 -0.115199
v 0.207620 0.092037 -0.152235
v -0.132914 0.092037 0.151842
v -0.132914 0.092037 0.114805
v -0.132914 0.092037 -0.115199
v -0.132914 0.092037 -0.152235
v 0.167746 0.092037 0.151842
v 0.167746 0.092037 0.114805
v 0.167746 0.092037 0.082962
v 0.167746 0.092037 -0.083355
v 0.167746 0.092037 -0.115199
v 0.167746 0.092037 -0.152235
v 0.207620 0.061665 0.151842
v 0.207620 0.061665 0.114805
v 0.207620 0.061665 0.082961
v 0.207620 0.061665 -0.083355
v 0.207620 0.061665 -0.115199
v 0.207620 0.061665 -0.152235
v -0.207611 0.061665 -0.152235
v -0.167738 0.061665 -0.152235
v -0.132914 0.061665 -0.152235
v 0.132923 0.061665 -0.152235
v 0.167746 0.061665 -0.152235
v -0.207611 0.061665 -0.083355
v 0.132923 0.061665 -0.083355
v 0.167746 0.061665 0.151842
v 0.132923 0.061665 0.151842
v -0.132914 0.061665 0.151842
v -0.167738 0.061665 0.151842
v -0.207611 0.061665 0.151842
v -0.207611 0.061665 0.114805
v -0.207611 0.061665 -0.115199
v 0.132923 0.061665 0.082961
v 0.207620 1.451326 0.114805
v 0.207620 1.852169 0.114805
v 0.207620 3.011037 0.114805
v 0.207620 3.411880 0.114805
v 0.167746 1.451326 0.114805
v 0.167746 1.852169 0.114805
v 0.167746 3.011037 0.114805
v 0.167746 3.411880 0.114805
v 0.167746 1.451326 0.151842
v 0.167746 1.852169 0.151842
v 0.167746 3.011037 0.151842
v 0.167746 3.411880 0.151842
v 0.132923 1.451326 0.151842
v 0.132923 1.852169 0.151842
v 0.132923 3.011037 0.151842
v 0.132923 3.411880 0.151842
v 0.132923 1.451326 0.114805
v 0.132923 1.852169 0.114805
v 0.132923 3.011037 0.114805
v 0.132923 3.411880 0.114805
v -0.132914 1.451326 0.114805
v -0.132914 1.852169 0.114805
v -0.132914 3.011037 0.114805
v -0.132914 3.411880 0.114805
v -0.132914 1.451326 0.151842
v -0.132914 1.852169 0.151842
v -0.132914 3.011037 0.151842
v -0.132914 3.411880 0.151842
v -0.167737 1.451326 0.151842
v -0.167737 1.852169 0.151842
v -0.167737 3.011037 0.151842
v -0.167737 3.411880 0.151842
v -0.167737 1.451326 0.114805
v -0.167737 1.852169 0.114805
v -0.167737 3.011037 0.114805
v -0.167737 3.411880 0.114805
v -0.207611 1.451326 0.114805
v -0.207611 1.852169 0.114805
v -0.207611 3.011037 0.114805
v -0.207611 3.411880 0.114805
v -0.207611 1.451326 0.082961
v -0.207611 1.852169 0.082961
v -0.207611 3.011037 0.082961
v -0.207611 3.411880 0.082961
v -0.167737 1.451326 0.082961
v -0.167737 1.852169 0.082961
v -0.167737 3.011037 0.082961
v -0.167737 3.411880 0.082961
v -0.167737 1.451326 -0.083355
v -0.167737 1.852169 -0.083355
v -0.167737 3.011037 -0.083355
v -0.167737 3.411880 -0.083355
v -0.207611 1.451326 -0.083355
v -0.207611 1.852169 -0.083355
v -0.207611 3.011037 -0.083355
v -0.207611 3.411880 -0.083355
v -0.207611 1.451326 -0.115199
v -0.207611 1.852169 -0.115199
v -0.207611 3.011037 -0.115199
v -0.207611 3.411880 -0.115199
v -0.167737 1.451326 -0.115199
v -0.167737 1.852169 -0.115199
v -0.167737 3.011037 -0.115199
v -0.167737 3.411880 -0.115199
v -0.167737 1.451326 -0.152235
v -0.167737 1.852169 -0.152235
v -0.167737 3.011037 -0.152235
v -0.167737 3.411880 -0.152235
v -0.132914 1.451326 -0.152235
v -0.132914 1.852169 -0.152235
v -0.132914 3.011037 -0.152235
v -0.132914 3.411880 -0.152235
v -0.132914 1.451326 -0.115199
v -0.132914 1.852169 -0.115199
v -0.132914 3.011037 -0.115199
v -0.132914 3.411880 -0.115199
v 0.132923 1.451326 -0.115199
v 0.132923 1.852169 -0.115199
v 0.132923 3.011037 -0.115199
v 0.132923 3.411880 -0.115199
v 0.132923 1.451326 -0.152235
v 0.132923 1.852169 -0.152235
v 0.132923 3.011037 -0.152235
v 0.132923 3.411880 -0.152235
v 0.167746 1.451326 -0.152235
v 0.167746 1.852169 -0.152235
v 0.167746 3.011037 -0.152235
v 0.167746 3.411880 -0.152235
v 0.167746 1.451326 -0.115199
v 0.167746 1.852169 -0.115199
v 0.167746 3.011037 -0.115199
v 0.167746 3.411880 -0.115199
v 0.207620 1.451326 -0.115199
v 0.207620 1.852169 -0.115199
v 0.207620 3.011037 -0.115199
v 0.207620 3.411880 -0.115199
v 0.207620 1.451326 -0.083355
v 0.207620 1.852169 -0.083355
v 0.207620 3.011037 -0.083355
v 0.207620 3.411880 -0.083355
v 0.167746 1.451326 -0.083355
v 0.167746 1.852169 -0.083355
v 0.167746 3.011037 -0.083355
v 0.167746 3.411880 -0.083355
v 0.167746 1.451326 0.082961
v 0.167746 1.852169 0.082961
v 0.167746 3.011037 0.082961
v 0.167746 3.411880 0.082961
v 0.207620 3.411880 0.082961
v 0.207620 3.011037 0.082961
v 0.207620 1.852169 0.082961
v 0.207620 1.451326 0.082961
v 0.193902 1.451326 0.056806
v 0.193902 1.852169 0.056806
v 0.233776 1.852169 0.056806
v 0.233776 1.451326 0.056806
v 0.193902 3.011037 0.056806
v 0.193902 3.411880 0.056806
v 0.233776 3.411880 0.056806
v 0.233776 3.011037 0.056806
v 0.193902 1.451326 -0.057199
v 0.193902 1.852169 -0.057199
v 0.193902 3.011037 -0.057199
v 0.193902 3.411880 -0.057199
v 0.233776 1.451326 -0.057199
v 0.233776 1.852169 -0.057199
v 0.233776 3.011037 -0.057199
v 0.233776 3.411880 -0.057199
v 0.233776 1.451326 -0.141354
v 0.233776 1.852169 -0.141354
v 0.233776 3.011037 -0.141354
v 0.233776 3.411880 -0.141354
v 0.193902 1.451326 -0.141354
v 0.193902 1.852169 -0.141354
v 0.193902 3.011037 -0.141354
v 0.193902 3.411880 -0.141354
v 0.193902 1.451326 -0.178391
v 0.193902 1.852169 -0.178391
v 0.193902 3.011037 -0.178391
v 0.193902 3.411880 -0.178391
v 0.106768 1.451326 -0.178391
v 0.106768 1.852169 -0.178391
v 0.106768 3.011037 -0.178391
v 0.106768 3.411880 -0.178391
v 0.106768 1.451326 -0.141354
v 0.106768 1.852169 -0.141354
v 0.106768 3.011037 -0.141354
v 0.106768 3.411880 -0.141354
v -0.106758 1.451326 -0.141354
v -0.106758 1.852169 -0.141354
v -0.106758 3.011037 -0.141354
v -0.106758 3.411880 -0.141354
v -0.106758 1.451326 -0.178391
v -0.106758 1.852169 -0.178391
v -0.106758 3.011037 -0.178391
v -0.106758 3.411880 -0.178391
v -0.193893 1.451326 -0.178391
v -0.193893 1.852169 -0.178391
v -0.193893 3.011037 -0.178391
v -0.193893 3.411880 -0.178391
v -0.193893 1.451326 -0.141354
v -0.193893 1.852169 -0.141354
v -0.193893 3.011037 -0.141354
v -0.193893 3.411880 -0.141354
v -0.233767 1.451326 -0.141354
v -0.233767 1.852169 -0.141354
v -0.233767 3.011037 -0.141354
v -0.233767 3.411880 -0.141354
v -0.233767 1.451326 -0.057199
v -0.233767 1.852169 -0.057199
v -0.233767 3.011037 -0.057199
v -0.233767 3.411880 -0.057199
v -0.193893 1.451326 -0.057199
v -0.193893 1.852169 -0.057199
v -0.193893 3.011037 -0.057199
v -0.193893 3.411880 -0.057199
v -0.193893 1.451326 0.056806
v -0.193893 1.852169 0.056806
v -0.193893 3.011037 0.056806
v -0.193893 3.411880 0.056806
v -0.233767 1.451326 0.056806
v -0.233767 1.852169 0.056806
v -0.233767 3.011037 0.056806
v -0.233767 3.411880 0.056806
v -0.233767 1.451326 0.140961
v -0.233767 1.852169 0.140961
v -0.233767 3.011037 0.140961
v -0.233767 3.411880 0.140961
v -0.193893 1.451326 0.140961
v -0.193893 1.852169 0.140961
v -0.193893 3.011037 0.140961
v -0.193893 3.411880 0.140961
v -0.193893 1.451326 0.177998
v -0.193893 1.852169 0.177998
v -0.193893 3.011037 0.177998
v -0.193893 3.411880 0.177998
v -0.106758 1.451326 0.177998
v -0.106758 1.852169 0.177998
v -0.106758 3.011037 0.177998
v -0.106758 3.411880 0.177998
v -0.106758 1.451326 0.140961
v -0.106758 1.852169 0.140961
v -0.106758 3.011037 0.140961
v -0.106758 3.411880 0.140961
v 0.106767 1.451326 0.140961
v 0.106768 1.852169 0.140961
v 0.106768 3.011037 0.140961
v 0.106768 3.411880 0.140961
v 0.106768 1.451326 0.177998
v 0.106768 1.852169 0.177998
v 0.106768 3.011037 0.177998
v 0.106768 3.411880 0.177998
v 0.193902 1.451326 0.177998
v 0.193902 1.852169 0.177998
v 0.193902 3.011037 0.177998
v 0.193902 3.411880 0.177998
v 0.193902 1.451326 0.140961
v 0.193902 1.852169 0.140961
v 0.193902 3.011037 0.140961
v 0.193902 3.411880 0.140961
v 0.233776 1.451326 0.140961
v 0.233776 1.852169 0.140961
v 0.233776 3.011037 0.140961
v 0.233776 3.411880 0.140961
vn -0.0000 -0.0000 -1.0000
vn -1.0000 -0.0000 -0.0000
vn -0.0000 -0.0000 1.0000
vn 1.0000 -0.0000 -0.0000
vn -0.0000 -1.0000 -0.0000
vn -0.0000 1.0000 -0.0000
vt 0.664392 0.664392
vt 0.885856 0.664392
vt 0.885856 0.695676
vt 0.664392 0.695676
vt 0.664392 0.823288
vt 0.885856 0.823288
vt 0.885856 0.854572
vt 0.664392 0.854572
vt 0.664392 0.599597
vt 0.885856 0.599597
vt 0.885856 0.631995
vt 0.664392 0.631995
vt 0.664392 0.380360
vt 0.885856 0.380360
vt 0.885856 0.411644
vt 0.664392 0.411644
vt 0.664392 0.221464
vt 0.885856 0.221464
vt 0.885856 0.252748
vt 0.664392 0.252748
vt 0.885856 0.519632
vt 0.664392 0.519632
vt 0.664392 0.507723
vt 0.885856 0.507723
vt 0.664392 0.587688
vt 0.885856 0.587688
vt 0.885856 0.076704
vt 0.664392 0.076704
vt 0.664392 0.064795
vt 0.885856 0.064795
vt 0.885856 0.156669
vt 0.664392 0.156669
vt 0.664392 0.144760
vt 0.885856 0.144760
vt 0.885856 0.740496
vt 0.664392 0.740496
vt 0.664392 0.726960
vt 0.885856 0.726960
vt 0.664392 0.809752
vt 0.885856 0.809752
vt 0.885856 0.297568
vt 0.664392 0.297568
vt 0.664392 0.284032
vt 0.885856 0.284032
vt 0.664392 0.366824
vt 0.885856 0.366824
vt 0.664392 0.189067
vt 0.885856 0.189067
vt 0.664392 0.032397
vt 0.885856 0.032397
vt 0.664392 0.475326
vt 0.885856 0.475326
vt 0.885856 0.442928
vt 0.664392 0.442928
vt 0.885856 0.885856
vt 0.664392 0.885856
vt 0.664392 0.000000
vt 0.885856 0.000000
vt 0.664392 0.433892
vt 0.664392 0.423815
vt 0.885856 0.697315
vt 0.885856 0.708535
vt 0.885856 0.765944
vt 0.885856 0.663508
vt 0.885856 0.704226
vt 0.885856 0.777165
vt 0.885856 0.803097
vt 0.885856 0.410006
vt 0.885856 0.435938
vt 0.885856 0.730577
vt 0.885856 0.704943
vt 0.885856 0.402377
vt 0.885856 0.376743
vt 0.885856 0.304223
vt 0.885856 0.712184
vt 0.885856 0.682410
vt 0.885856 0.689215
vt 0.885856 0.424910
vt 0.885856 0.418105
vt 0.885856 0.403094
vt 0.885856 0.395136
vt 0.885856 0.341376
vt 0.885856 0.330155
vt 0.885856 0.655549
vt 0.885856 0.640786
vt 0.885856 0.647591
vt 0.885856 0.466534
vt 0.885856 0.459729
vt 0.885856 0.451771
vt 0.885856 0.443813
vt 0.885856 0.398785
vt 0.885856 0.470164
vt 0.885856 0.482262
vt 0.885856 0.625058
vt 0.885856 0.637157
vt 0.885856 0.671382
vt 0.664392 0.235099
vt 0.664392 0.207833
vt 0.664392 0.199559
vt 0.664392 0.199629
vt 0.664392 0.213508
vt 0.664392 0.350571
vt 0.664392 0.380781
vt 0.664392 0.613665
vt 0.664392 0.574450
vt 0.664392 0.562412
vt 0.664392 0.498785
vt 0.664392 0.488190
vt 0.664392 0.459679
vt 0.664392 0.455998
vt 0.664392 0.252604
vt 0.664392 0.270963
vt 0.664392 0.443420
vt 0.664392 0.260887
vt 0.664392 0.240025
vt 0.664392 0.392584
vt 0.664392 0.571651
vt 0.664392 0.583455
vt 0.664392 0.533005
vt 0.664392 0.271147
vt 0.664392 0.516811
vt 0.664392 0.254953
vt 0.664392 0.233918
vt 0.664392 0.241285
vt 0.664392 0.520756
vt 0.664392 0.464427
vt 0.664392 0.257562
vt 0.664392 0.504479
vt 0.664392 0.451001
vt 0.664392 0.247343
vt 0.821521 0.619950
vt 0.821521 0.618940
vt 0.747700 0.424907
vt 0.747700 0.414400
vt 0.728728 0.363717
vt 0.728728 0.346422
vt 0.802549 0.613568
vt 0.802549 0.609452
vt 0.728728 0.416544
vt 0.728728 0.426953
vt 0.821521 0.558149
vt 0.821521 0.580368
vt 0.747700 0.626285
vt 0.747700 0.579102
vt 0.821521 0.416945
vt 0.821521 0.406056
vt 0.802549 0.536073
vt 0.802549 0.514861
vt 0.728728 0.568604
vt 0.728728 0.616531
vt 0.802549 0.408201
vt 0.802549 0.418991
vt 0.747700 0.409781
vt 0.747700 0.389711
vt 0.821521 0.664238
vt 0.747700 0.454408
vt 0.728728 0.371409
vt 0.802549 0.654485
vt 0.728728 0.454770
vt 0.821521 0.559091
vt 0.747700 0.623142
vt 0.821521 0.452999
vt 0.802549 0.520719
vt 0.728728 0.611416
vt 0.802549 0.453361
vt 0.747699 0.303203
vt 0.747700 0.271372
vt 0.747699 0.275853
vt 0.821521 0.668770
vt 0.747700 0.481409
vt 0.728728 0.287424
vt 0.728728 0.258478
vt 0.728728 0.256902
vt 0.802549 0.657044
vt 0.728728 0.482953
vt 0.821521 0.327675
vt 0.821521 0.343458
vt 0.821521 0.364599
vt 0.802549 0.326084
vt 0.802549 0.313205
vt 0.747700 0.571993
vt 0.821521 0.475400
vt 0.802549 0.348820
vt 0.747700 0.298373
vt 0.728728 0.559426
vt 0.802549 0.476945
vt 0.728728 0.285085
vt 0.821521 0.620892
vt 0.747700 0.492569
vt 0.821521 0.350076
vt 0.802549 0.608325
vt 0.728728 0.493985
vt 0.802549 0.336789
vt 0.747700 0.434057
vt 0.821521 0.487062
vt 0.747700 0.286943
vt 0.728728 0.396956
vt 0.802549 0.488477
vt 0.728728 0.281009
vt 0.802549 0.304099
vt 0.821521 0.310033
vt 0.802549 0.314889
vt 0.747700 0.297450
vt 0.821521 0.320921
vt 0.728728 0.291418
vt 0.802549 0.346485
vt 0.747700 0.309213
vt 0.821521 0.359377
vt 0.728728 0.296321
vt 0.802549 0.443665
vt 0.747700 0.443567
vt 0.821521 0.443698
vt 0.728728 0.443534
vt 0.802549 0.465741
vt 0.747700 0.465219
vt 0.821521 0.465922
vt 0.728728 0.465039
vt 0.802549 0.595635
vt 0.747700 0.565907
vt 0.821521 0.605917
vt 0.728728 0.555625
vt 0.802549 0.601493
vt 0.747700 0.585977
vt 0.821521 0.606860
vt 0.728728 0.580611
vt 0.747700 0.598038
vt 0.728728 0.592666
vt 0.802549 0.541316
vt 0.821521 0.578416
vt 0.802549 0.625499
vt 0.747700 0.533030
vt 0.821521 0.657483
vt 0.728728 0.501046
vt 0.802549 0.628058
vt 0.747700 0.529887
vt 0.821521 0.662015
vt 0.728728 0.495930
vt 0.802549 0.540189
vt 0.747700 0.426948
vt 0.821521 0.579358
vt 0.728728 0.387779
vt 0.747700 0.408012
s 0
f 1442/1431/529 1443/1432/529 1446/1433/529 1449/1434/529
f 1479/1435/529 1484/1436/529 1451/1437/529 1452/1438/529
f 1462/1439/530 1468/1440/530 1489/1441/530 1488/1442/530
f 1471/1443/531 1476/1444/531 1447/1445/531 1448/1446/531
f 1440/1447/531 1441/1448/531 1450/1449/531 1453/1450/531
f 1466/1451/530 1464/1452/530 1465/1453/530 1467/1454/530
f 1468/1440/530 1462/1439/530 1463/1455/530 1469/1456/530
f 1459/1457/532 1457/1458/532 1456/1459/532 1458/1460/532
f 1461/1461/532 1455/1462/532 1454/1463/532 1460/1464/532
f 1482/1465/529 1481/1466/529 1480/1467/529 1483/1468/529
f 1484/1436/529 1479/1435/529 1478/1469/529 1485/1470/529
f 1474/1471/531 1473/1472/531 1472/1473/531 1475/1474/531
f 1476/1444/531 1471/1443/531 1470/1475/531 1477/1476/531
f 1490/1477/532 1491/1478/532 1441/1448/532 1440/1447/532
f 1486/1479/532 1487/1480/532 1458/1460/532 1456/1459/532
f 1488/1442/530 1489/1441/530 1443/1432/530 1442/1431/530
f 1492/1481/530 1493/1482/530 1467/1454/530 1465/1453/530
f 1448/1446/531 1447/1445/531 1445/1483/531 1444/1484/531
f 1453/1450/531 1450/1449/531 1475/1474/531 1472/1473/531
f 1452/1438/529 1451/1437/529 1439/1485/529 1438/1486/529
f 1449/1434/529 1446/1433/529 1483/1468/529 1480/1467/529
f 1438/1487/532 1439/1488/532 1487/1480/532 1486/1479/532
f 1444/1484/530 1445/1483/530 1493/1482/530 1492/1481/530
f 1455/1462/532 1461/1461/532 1491/1478/532 1490/1477/532
f 1482/1465/529 1485/1470/529 1478/1469/529 1481/1466/529
f 1474/1471/531 1477/1476/531 1470/1475/531 1473/1472/531
f 1469/1456/530 1463/1455/530 1464/1452/530 1466/1451/530
f 1459/1457/532 1460/1464/532 1454/1463/532 1457/1458/532
f 1471/1443/533 1545/1489/533 1544/1490/533 1470/1475/533
f 1483/1468/534 1494/1491/534 1523/1492/534 1482/1465/534
f 1500/1493/534 1523/1492/534 1522/1494/534 1501/1495/534
f 1485/1470/534 1500/1493/534 1529/1496/534 1484/1436/534
f 1484/1436/534 1529/1496/534 1517/1497/534 1451/1437/534
f 1451/1437/534 1517/1497/534 1487/1480/534 1439/1485/534
f 1476/1444/534 1499/1498/534 1506/1499/534 1447/1445/534
f 1447/1445/534 1506/1499/534 1493/1482/534 1445/1483/534
f 1487/1480/534 1517/1497/534 1516/1500/534 1458/1460/534
f 1458/1460/534 1516/1500/534 1515/1501/534 1459/1457/534
f 1514/1502/534 1460/1464/534 1459/1457/534 1515/1501/534
f 1460/1464/534 1514/1502/534 1513/1503/534 1461/1461/534
f 1461/1461/534 1513/1503/534 1512/1504/534 1491/1478/534
f 1491/1478/534 1512/1504/534 1450/1449/534 1441/1448/534
f 1529/1496/534 1500/1493/534 1501/1495/534 1528/1505/534
f 1528/1505/534 1501/1495/534 1502/1506/534 1527/1507/534
f 1502/1506/534 1503/1508/534 1526/1509/534 1527/1507/534
f 1526/1509/534 1503/1508/534 1504/1510/534 1525/1511/534
f 1525/1511/534 1504/1510/534 1505/1512/534 1524/1513/534
f 1524/1513/534 1505/1512/534 1474/1471/534 1475/1474/534
f 1517/1497/534 1529/1496/534 1528/1505/534 1516/1500/534
f 1516/1500/534 1528/1505/534 1527/1507/534 1515/1501/534
f 1526/1509/534 1514/1502/534 1515/1501/534 1527/1507/534
f 1514/1502/534 1526/1509/534 1525/1511/534 1513/1503/534
f 1513/1503/534 1525/1511/534 1524/1513/534 1512/1504/534
f 1512/1504/534 1524/1513/534 1475/1474/534 1450/1449/534
f 1523/1492/534 1494/1491/534 1495/1514/534 1522/1494/534
f 1522/1494/534 1495/1514/534 1496/1515/534 1521/1516/534
f 1496/1515/534 1497/1517/534 1520/1518/534 1521/1516/534
f 1520/1518/534 1497/1517/534 1498/1519/534 1519/1520/534
f 1519/1520/534 1498/1519/534 1499/1498/534 1518/1521/534
f 1518/1521/534 1499/1498/534 1476/1444/534 1477/1476/534
f 1506/1499/534 1499/1498/534 1498/1519/534 1507/1522/534
f 1507/1522/534 1498/1519/534 1497/1517/534 1508/1523/534
f 1496/1515/534 1509/1524/534 1508/1523/534 1497/1517/534
f 1509/1524/534 1496/1515/534 1495/1514/534 1510/1525/534
f 1510/1525/534 1495/1514/534 1494/1491/534 1511/1526/534
f 1511/1526/534 1494/1491/534 1483/1468/534 1446/1433/534
f 1493/1482/534 1506/1499/534 1507/1522/534 1467/1454/534
f 1467/1454/534 1507/1522/534 1508/1523/534 1466/1451/534
f 1508/1523/534 1509/1524/534 1469/1456/534 1466/1451/534
f 1469/1456/534 1509/1524/534 1510/1525/534 1468/1440/534
f 1468/1440/534 1510/1525/534 1511/1526/534 1489/1441/534
f 1489/1441/534 1511/1526/534 1446/1433/534 1443/1432/534
f 1501/1495/534 1522/1494/534 1521/1516/534 1502/1506/534
f 1520/1518/534 1503/1508/534 1502/1506/534 1521/1516/534
f 1503/1508/534 1520/1518/534 1519/1520/534 1504/1510/534
f 1504/1510/534 1519/1520/534 1518/1521/534 1505/1512/534
f 1523/1492/534 1500/1493/534 1485/1470/534 1482/1465/534
f 1518/1521/534 1477/1476/534 1474/1471/534 1505/1512/534
f 1453/1450/533 1530/1527/533 1490/1477/533 1440/1447/533
f 1490/1477/533 1530/1527/533 1531/1528/533 1455/1462/533
f 1455/1462/533 1531/1528/533 1532/1529/533 1454/1463/533
f 1457/1458/533 1533/1530/533 1534/1531/533 1456/1459/533
f 1456/1459/533 1534/1531/533 1535/1532/533 1486/1479/533
f 1486/1479/533 1535/1532/533 1452/1438/533 1438/1487/533
f 1452/1438/533 1535/1532/533 1540/1533/533 1479/1435/533
f 1488/1442/533 1536/1534/533 1548/1535/533 1462/1439/533
f 1462/1439/533 1548/1535/533 1541/1536/533 1463/1455/533
f 1532/1529/533 1533/1530/533 1457/1458/533 1454/1463/533
f 1464/1452/533 1426/1537/533 1547/1538/533 1465/1453/533
f 1465/1453/533 1547/1538/533 1546/1539/533 1492/1481/533
f 1546/1539/533 1547/1538/533 1434/1540/533 1545/1489/533
f 1432/1541/533 1543/1542/533 1544/1490/533 1435/1543/533
f 1542/1544/533 1431/1545/533 1531/1528/533 1530/1527/533
f 1479/1435/533 1540/1533/533 1539/1546/533 1478/1469/533
f 1538/1547/533 1481/1466/533 1478/1469/533 1539/1546/533
f 1481/1466/533 1538/1547/533 1537/1548/533 1480/1467/533
f 1480/1467/533 1537/1548/533 1536/1534/533 1449/1434/533
f 1449/1434/533 1536/1534/533 1488/1442/533 1442/1431/533
f 1548/1535/533 1536/1534/533 1537/1548/533 1430/1549/533
f 1538/1547/533 1539/1546/533 1436/1550/533 1427/1551/533
f 1425/1552/533 1540/1533/533 1535/1532/533 1534/1531/533
f 1541/1536/533 1426/1537/533 1464/1452/533 1463/1455/533
f 1543/1542/533 1473/1472/533 1470/1475/533 1544/1490/533
f 1473/1472/533 1543/1542/533 1542/1544/533 1472/1473/533
f 1472/1473/533 1542/1544/533 1530/1527/533 1453/1450/533
f 1545/1489/533 1471/1443/533 1448/1446/533 1546/1539/533
f 1546/1539/533 1448/1446/533 1444/1484/533 1492/1481/533
f 1433/1553/533 1429/1554/533 1533/1530/533 1532/1529/533
f 1541/1536/533 1437/1555/533 1428/1556/533 1426/1537/533
f 1568/1431/529 1569/1432/529 1572/1433/529 1575/1434/529
f 1605/1435/529 1610/1436/529 1577/1437/529 1578/1438/529
f 1588/1439/530 1594/1440/530 1615/1441/530 1614/1442/530
f 1597/1443/531 1602/1444/531 1573/1445/531 1574/1446/531
f 1566/1447/531 1567/1448/531 1576/1449/531 1579/1450/531
f 1592/1451/530 1590/1452/530 1591/1453/530 1593/1454/530
f 1594/1440/530 1588/1439/530 1589/1455/530 1595/1456/530
f 1585/1457/532 1583/1458/532 1582/1459/532 1584/1460/532
f 1587/1461/532 1581/1462/532 1580/1463/532 1586/1464/532
f 1608/1465/529 1607/1466/529 1606/1467/529 1609/1468/529
f 1610/1436/529 1605/1435/529 1604/1469/529 1611/1470/529
f 1600/1471/531 1599/1472/531 1598/1473/531 1601/1474/531
f 1602/1444/531 1597/1443/531 1596/1475/531 1603/1476/531
f 1616/1477/532 1617/1478/532 1567/1448/532 1566/1447/532
f 1612/1479/532 1613/1480/532 1584/1460/532 1582/1459/532
f 1614/1442/530 1615/1441/530 1569/1432/530 1568/1431/530
f 1618/1481/530 1619/1482/530 1593/1454/530 1591/1453/530
f 1574/1446/531 1573/1445/531 1571/1483/531 1570/1484/531
f 1579/1450/531 1576/1449/531 1601/1474/531 1598/1473/531
f 1578/1438/529 1577/1437/529 1565/1485/529 1564/1486/529
f 1575/1434/529 1572/1433/529 1609/1468/529 1606/1467/529
f 1564/1487/532 1565/1488/532 1613/1480/532 1612/1479/532
f 1570/1484/530 1571/1483/530 1619/1482/530 1618/1481/530
f 1581/1462/532 1587/1461/532 1617/1478/532 1616/1477/532
f 1608/1465/529 1611/1470/529 1604/1469/529 1607/1466/529
f 1600/1471/531 1603/1476/531 1596/1475/531 1599/1472/531
f 1595/1456/530 1589/1455/530 1590/1452/530 1592/1451/530
f 1585/1457/532 1586/1464/532 1580/1463/532 1583/1458/532
f 1597/1443/533 1668/1489/533 1667/1490/533 1596/1475/533
f 1609/1468/534 1620/1491/534 1645/1492/534 1608/1465/534
f 1626/1493/534 1645/1492/534 1644/1494/534 1627/1495/534
f 1611/1470/534 1626/1493/534 1651/1496/534 1610/1436/534
f 1610/1436/534 1651/1496/534 1641/1497/534 1577/1437/534
f 1577/1437/534 1641/1497/534 1613/1480/534 1565/1485/534
f 1602/1444/534 1625/1498/534 1630/1499/534 1573/1445/534
f 1573/1445/534 1630/1499/534 1619/1482/534 1571/1483/534
f 1613/1480/534 1641/1497/534 1640/1500/534 1584/1460/534
f 1584/1460/534 1640/1500/534 1639/1501/534 1585/1457/534
f 1638/1502/534 1586/1464/534 1585/1457/534 1639/1501/534
f 1586/1464/534 1638/1502/534 1637/1503/534 1587/1461/534
f 1587/1461/534 1637/1503/534 1636/1504/534 1617/1478/534
f 1617/1478/534 1636/1504/534 1576/1449/534 1567/1448/534
f 1646/1513/534 1629/1512/534 1600/1471/534 1601/1474/534
f 1641/1497/534 1651/1496/534 1650/1505/534 1640/1500/534
f 1648/1509/534 1638/1502/534 1639/1501/534 1649/1507/534
f 1637/1503/534 1647/1511/534 1646/1513/534 1636/1504/534
f 1636/1504/534 1646/1513/534 1601/1474/534 1576/1449/534
f 1642/1521/534 1625/1498/534 1602/1444/534 1603/1476/534
f 1630/1499/534 1625/1498/534 1624/1519/534 1631/1522/534
f 1622/1515/534 1633/1524/534 1632/1523/534 1623/1517/534
f 1634/1525/534 1621/1514/534 1620/1491/534 1635/1526/534
f 1635/1526/534 1620/1491/534 1609/1468/534 1572/1433/534
f 1619/1482/534 1630/1499/534 1631/1522/534 1593/1454/534
f 1593/1454/534 1631/1522/534 1632/1523/534 1592/1451/534
f 1632/1523/534 1633/1524/534 1595/1456/534 1592/1451/534
f 1595/1456/534 1633/1524/534 1634/1525/534 1594/1440/534
f 1594/1440/534 1634/1525/534 1635/1526/534 1615/1441/534
f 1615/1441/534 1635/1526/534 1572/1433/534 1569/1432/534
f 1628/1510/534 1643/1520/534 1642/1521/534 1629/1512/534
f 1645/1492/534 1626/1493/534 1611/1470/534 1608/1465/534
f 1642/1521/534 1603/1476/534 1600/1471/534 1629/1512/534
f 1579/1450/533 1652/1527/533 1616/1477/533 1566/1447/533
f 1616/1477/533 1652/1527/533 1653/1528/533 1581/1462/533
f 1581/1462/533 1653/1528/533 1654/1529/533 1580/1463/533
f 1583/1458/533 1655/1530/533 1656/1531/533 1582/1459/533
f 1582/1459/533 1656/1531/533 1657/1532/533 1612/1479/533
f 1612/1479/533 1657/1532/533 1578/1438/533 1564/1487/533
f 1578/1438/533 1657/1532/533 1662/1533/533 1605/1435/533
f 1614/1442/533 1658/1534/533 1671/1535/533 1588/1439/533
f 1588/1439/533 1671/1535/533 1663/1536/533 1589/1455/533
f 1654/1529/533 1655/1530/533 1583/1458/533 1580/1463/533
f 1590/1452/533 1550/1537/533 1670/1538/533 1591/1453/533
f 1591/1453/533 1670/1538/533 1669/1539/533 1618/1481/533
f 1664/1557/534 1563/1558/534 1560/1559/534 1672/1560/534
f 1669/1539/533 1670/1538/533 1558/1540/533 1668/1489/533
f 1556/1541/533 1666/1542/533 1667/1490/533 1559/1543/533
f 1665/1544/533 1555/1545/533 1653/1528/533 1652/1527/533
f 1605/1435/533 1662/1533/533 1661/1546/533 1604/1469/533
f 1660/1547/533 1607/1466/533 1604/1469/533 1661/1546/533
f 1607/1466/533 1660/1547/533 1659/1548/533 1606/1467/533
f 1606/1467/533 1659/1548/533 1658/1534/533 1575/1434/533
f 1575/1434/533 1658/1534/533 1614/1442/533 1568/1431/533
f 1671/1535/533 1658/1534/533 1659/1548/533 1554/1549/533
f 1660/1547/533 1661/1546/533 1561/1550/533 1551/1551/533
f 1549/1552/533 1662/1533/533 1657/1532/533 1656/1531/533
f 1558/1540/533 1559/1543/533 1667/1490/533 1668/1489/533
f 1663/1536/533 1550/1537/533 1590/1452/533 1589/1455/533
f 1666/1542/533 1599/1472/533 1596/1475/533 1667/1490/533
f 1599/1472/533 1666/1542/533 1665/1544/533 1598/1473/533
f 1598/1473/533 1665/1544/533 1652/1527/533 1579/1450/533
f 1668/1489/533 1597/1443/533 1574/1446/533 1669/1539/533
f 1669/1539/533 1574/1446/533 1570/1484/533 1618/1481/533
f 1557/1553/533 1553/1554/533 1655/1530/533 1654/1529/533
f 1660/1547/533 1551/1551/533 1554/1549/533 1659/1548/533
f 1563/1558/534 1551/1551/534 1554/1549/534 1562/1555/534
f 1655/1530/533 1553/1554/533 1549/1552/533 1656/1531/533
f 1653/1528/533 1555/1545/533 1557/1553/533 1654/1529/533
f 1661/1546/533 1662/1533/533 1549/1552/533 1561/1550/533
f 1550/1537/533 1552/1556/533 1558/1540/533 1670/1538/533
f 1663/1536/533 1562/1555/533 1552/1556/533 1550/1537/533
f 1562/1555/534 1554/1549/534 1671/1535/534 1663/1536/534
f 1664/1557/534 1561/1550/534 1551/1551/534 1563/1558/534
f 1563/1558/534 1562/1555/534 1552/1556/534 1560/1559/534
f 1561/1550/533 1549/1552/533 1553/1554/533 1664/1557/533
f 1553/1554/533 1557/1553/533 1672/1560/533 1664/1557/533
f 1672/1560/533 1557/1553/533 1555/1545/533 1556/1541/533
f 1556/1541/533 1555/1545/533 1665/1544/533 1666/1542/533
f 1558/1540/533 1552/1556/533 1560/1559/533 1559/1543/533
f 1560/1559/533 1672/1560/533 1556/1541/533 1559/1543/533
f 1733/1561/533 1729/1562/533 1837/1562/533 1833/1561/533
f 1703/1563/533 1699/1564/533 1871/1564/533 1867/1563/533
f 1768/1565/534 1772/1566/534 1800/1566/534 1804/1565/534
f 1730/1567/534 1734/1568/534 1834/1568/534 1838/1567/534
f 1700/1569/534 1704/1570/534 1868/1570/534 1872/1569/534
f 1769/1571/533 1765/1572/533 1801/1572/533 1797/1571/533
f 1739/1573/533 1735/1574/533 1835/1574/533 1831/1573/533
f 1701/1575/533 1697/1576/533 1869/1576/533 1865/1575/533
f 1766/1577/534 1770/1578/534 1798/1578/534 1802/1577/534
f 1736/1579/534 1740/1580/534 1832/1580/534 1836/1579/534
f 1698/1581/534 1702/1582/534 1866/1582/534 1870/1581/534
f 1775/1583/533 1771/1584/533 1799/1584/533 1795/1583/533
f 1737/1585/533 1733/1561/533 1833/1561/533 1829/1585/533
f 1707/1586/533 1703/1563/533 1867/1563/533 1863/1586/533
f 1772/1566/534 1776/1587/534 1796/1587/534 1800/1566/534
f 1734/1568/534 1738/1588/534 1830/1588/534 1834/1568/534
f 1704/1570/534 1708/1589/534 1864/1589/534 1868/1570/534
f 1773/1590/533 1769/1571/533 1797/1571/533 1793/1590/533
f 1743/1591/533 1739/1573/533 1831/1573/533 1827/1591/533
f 1705/1592/533 1701/1575/533 1865/1575/533 1861/1592/533
f 1770/1578/534 1774/1593/534 1794/1593/534 1798/1578/534
f 1740/1580/534 1744/1594/534 1828/1594/534 1832/1580/534
f 1702/1582/534 1706/1595/534 1862/1595/534 1866/1582/534
f 1779/1596/533 1775/1583/533 1795/1583/533 1789/1596/533
f 1675/1597/533 1782/1598/533 1792/1598/533 1895/1597/533
f 1741/1599/533 1737/1585/533 1829/1585/533 1825/1599/533
f 1711/1600/533 1707/1586/533 1863/1586/533 1859/1600/533
f 1776/1587/534 1780/1601/534 1790/1601/534 1796/1587/534
f 1781/1602/534 1676/1603/534 1896/1603/534 1791/1602/534
f 1738/1588/534 1742/1604/534 1826/1604/534 1830/1588/534
f 1708/1589/534 1712/1605/534 1860/1605/534 1864/1589/534
f 1673/1606/533 1784/1607/533 1788/1607/533 1893/1606/533
f 1777/1608/533 1773/1590/533 1793/1590/533 1785/1608/533
f 1783/1609/534 1674/1610/534 1894/1610/534 1787/1609/534
f 1747/1611/533 1743/1591/533 1827/1591/533 1823/1611/533
f 1709/1612/533 1705/1592/533 1861/1592/533 1857/1612/533
f 1774/1593/534 1778/1613/534 1786/1613/534 1794/1593/534
f 1679/1614/533 1675/1597/533 1895/1597/533 1891/1614/533
f 1744/1594/534 1748/1615/534 1824/1615/534 1828/1594/534
f 1706/1595/534 1710/1616/534 1858/1616/534 1862/1595/534
f 1676/1603/534 1680/1617/534 1892/1617/534 1896/1603/534
f 1782/1598/533 1779/1596/533 1789/1596/533 1792/1598/533
f 1745/1618/533 1741/1599/533 1825/1599/533 1821/1618/533
f 1715/1619/533 1711/1600/533 1859/1600/533 1855/1619/533
f 1677/1620/533 1673/1606/533 1893/1606/533 1889/1620/533
f 1742/1604/534 1746/1621/534 1822/1621/534 1826/1604/534
f 1712/1605/534 1716/1622/534 1856/1622/534 1860/1605/534
f 1780/1601/534 1781/1602/534 1791/1602/534 1790/1601/534
f 1674/1610/534 1678/1623/534 1890/1623/534 1894/1610/534
f 1751/1624/533 1747/1611/533 1823/1611/533 1819/1624/533
f 1713/1625/533 1709/1612/533 1857/1612/533 1853/1625/533
f 1784/1607/533 1777/1608/533 1785/1608/533 1788/1607/533
f 1683/1626/533 1679/1614/533 1891/1614/533 1887/1626/533
f 1748/1615/534 1752/1627/534 1820/1627/534 1824/1615/534
f 1710/1616/534 1714/1628/534 1854/1628/534 1858/1616/534
f 1680/1617/534 1684/1629/534 1888/1629/534 1892/1617/534
f 1637/1503/532 1638/1502/532 1784/1607/532 1673/1606/532
f 1678/1623/531 1674/1610/531 1675/1597/531 1679/1614/531
f 1647/1511/531 1637/1503/531 1673/1606/531 1677/1620/531
f 1674/1610/532 1783/1609/532 1782/1598/532 1675/1597/532
f 1680/1617/531 1676/1603/531 1531/1528/531 1431/1545/531
f 1676/1603/532 1781/1602/532 1532/1529/532 1531/1528/532
f 1682/1630/532 1678/1623/532 1679/1614/532 1683/1626/532
f 1646/1513/532 1647/1511/532 1677/1620/532 1681/1631/532
f 1684/1629/532 1680/1617/532 1431/1545/532 1542/1544/532
f 1686/1632/531 1682/1630/531 1683/1626/531 1687/1633/531
f 1629/1512/531 1646/1513/531 1681/1631/531 1685/1634/531
f 1688/1635/531 1684/1629/531 1542/1544/531 1543/1542/531
f 1690/1636/530 1686/1632/530 1687/1633/530 1691/1637/530
f 1628/1510/530 1629/1512/530 1685/1634/530 1689/1638/530
f 1692/1639/530 1688/1635/530 1543/1542/530 1432/1541/530
f 1694/1640/531 1690/1636/531 1691/1637/531 1695/1641/531
f 1643/1520/531 1628/1510/531 1689/1638/531 1693/1642/531
f 1696/1643/531 1692/1639/531 1432/1541/531 1435/1543/531
f 1698/1581/532 1694/1640/532 1695/1641/532 1699/1564/532
f 1642/1521/532 1643/1520/532 1693/1642/532 1697/1576/532
f 1700/1569/532 1696/1643/532 1435/1543/532 1544/1490/532
f 1702/1582/531 1698/1581/531 1699/1564/531 1703/1563/531
f 1625/1498/531 1642/1521/531 1697/1576/531 1701/1575/531
f 1704/1570/531 1700/1569/531 1544/1490/531 1545/1489/531
f 1706/1595/530 1702/1582/530 1703/1563/530 1707/1586/530
f 1624/1519/530 1625/1498/530 1701/1575/530 1705/1592/530
f 1708/1589/530 1704/1570/530 1545/1489/530 1434/1540/530
f 1710/1616/531 1706/1595/531 1707/1586/531 1711/1600/531
f 1631/1522/531 1624/1519/531 1705/1592/531 1709/1612/531
f 1712/1605/531 1708/1589/531 1434/1540/531 1547/1538/531
f 1714/1628/530 1710/1616/530 1711/1600/530 1715/1619/530
f 1632/1523/530 1631/1522/530 1709/1612/530 1713/1625/530
f 1716/1622/530 1712/1605/530 1547/1538/530 1426/1537/530
f 1718/1644/529 1714/1628/529 1715/1619/529 1719/1645/529
f 1623/1517/529 1632/1523/529 1713/1625/529 1717/1646/529
f 1720/1647/529 1716/1622/529 1426/1537/529 1428/1556/529
f 1722/1648/530 1718/1644/530 1719/1645/530 1723/1649/530
f 1622/1515/530 1623/1517/530 1717/1646/530 1721/1650/530
f 1724/1651/530 1720/1647/530 1428/1556/530 1437/1555/530
f 1726/1652/531 1722/1648/531 1723/1649/531 1727/1653/531
f 1633/1524/531 1622/1515/531 1721/1650/531 1725/1654/531
f 1728/1655/531 1724/1651/531 1437/1555/531 1541/1536/531
f 1730/1567/530 1726/1652/530 1727/1653/530 1731/1656/530
f 1634/1525/530 1633/1524/530 1725/1654/530 1729/1562/530
f 1732/1657/530 1728/1655/530 1541/1536/530 1548/1535/530
f 1734/1568/529 1730/1567/529 1731/1656/529 1735/1574/529
f 1621/1514/529 1634/1525/529 1729/1562/529 1733/1561/529
f 1736/1579/529 1732/1657/529 1548/1535/529 1430/1549/529
f 1738/1588/530 1734/1568/530 1735/1574/530 1739/1573/530
f 1620/1491/530 1621/1514/530 1733/1561/530 1737/1585/530
f 1740/1580/530 1736/1579/530 1430/1549/530 1537/1548/530
f 1742/1604/529 1738/1588/529 1739/1573/529 1743/1591/529
f 1645/1492/529 1620/1491/529 1737/1585/529 1741/1599/529
f 1744/1594/529 1740/1580/529 1537/1548/529 1538/1547/529
f 1746/1621/532 1742/1604/532 1743/1591/532 1747/1611/532
f 1644/1494/532 1645/1492/532 1741/1599/532 1745/1618/532
f 1748/1615/532 1744/1594/532 1538/1547/532 1427/1551/532
f 1750/1658/529 1746/1621/529 1747/1611/529 1751/1624/529
f 1627/1495/529 1644/1494/529 1745/1618/529 1749/1659/529
f 1752/1627/529 1748/1615/529 1427/1551/529 1436/1550/529
f 1754/1660/530 1750/1658/530 1751/1624/530 1755/1661/530
f 1626/1493/530 1627/1495/530 1749/1659/530 1753/1662/530
f 1756/1663/530 1752/1627/530 1436/1550/530 1539/1546/530
f 1758/1664/529 1754/1660/529 1755/1661/529 1759/1665/529
f 1651/1496/529 1626/1493/529 1753/1662/529 1757/1666/529
f 1760/1667/529 1756/1663/529 1539/1546/529 1540/1533/529
f 1762/1668/532 1758/1664/532 1759/1665/532 1763/1669/532
f 1650/1505/532 1651/1496/532 1757/1666/532 1761/1670/532
f 1764/1671/532 1760/1667/532 1540/1533/532 1425/1552/532
f 1766/1577/529 1762/1668/529 1763/1669/529 1767/1672/529
f 1640/1500/529 1650/1505/529 1761/1670/529 1765/1572/529
f 1768/1565/529 1764/1671/529 1425/1552/529 1534/1531/529
f 1770/1578/532 1766/1577/532 1767/1672/532 1771/1584/532
f 1639/1501/532 1640/1500/532 1765/1572/532 1769/1571/532
f 1772/1566/532 1768/1565/532 1534/1531/532 1533/1530/532
f 1774/1593/531 1770/1578/531 1771/1584/531 1775/1583/531
f 1649/1507/531 1639/1501/531 1769/1571/531 1773/1590/531
f 1776/1587/531 1772/1566/531 1533/1530/531 1429/1554/531
f 1778/1613/532 1774/1593/532 1775/1583/532 1779/1596/532
f 1648/1509/532 1649/1507/532 1773/1590/532 1777/1608/532
f 1780/1601/532 1776/1587/532 1429/1554/532 1433/1553/532
f 1783/1609/529 1778/1613/529 1779/1596/529 1782/1598/529
f 1638/1502/529 1648/1509/529 1777/1608/529 1784/1607/529
f 1781/1602/529 1780/1601/529 1433/1553/529 1532/1529/529
f 1786/1613/529 1787/1609/529 1788/1607/529 1785/1608/529
f 1790/1601/529 1791/1602/529 1792/1598/529 1789/1596/529
f 1794/1593/532 1786/1613/532 1785/1608/532 1793/1590/532
f 1796/1587/532 1790/1601/532 1789/1596/532 1795/1583/532
f 1798/1578/531 1794/1593/531 1793/1590/531 1797/1571/531
f 1800/1566/531 1796/1587/531 1795/1583/531 1799/1584/531
f 1802/1577/532 1798/1578/532 1797/1571/532 1801/1572/532
f 1804/1565/532 1800/1566/532 1799/1584/532 1803/1672/532
f 1806/1668/529 1802/1577/529 1801/1572/529 1805/1670/529
f 1808/1671/529 1804/1565/529 1803/1672/529 1807/1669/529
f 1810/1664/532 1806/1668/532 1805/1670/532 1809/1666/532
f 1812/1667/532 1808/1671/532 1807/1669/532 1811/1665/532
f 1814/1660/529 1810/1664/529 1809/1666/529 1813/1662/529
f 1816/1663/529 1812/1667/529 1811/1665/529 1815/1661/529
f 1818/1658/530 1814/1660/530 1813/1662/530 1817/1659/530
f 1820/1627/530 1816/1663/530 1815/1661/530 1819/1624/530
f 1822/1621/529 1818/1658/529 1817/1659/529 1821/1618/529
f 1824/1615/529 1820/1627/529 1819/1624/529 1823/1611/529
f 1826/1604/532 1822/1621/532 1821/1618/532 1825/1599/532
f 1828/1594/532 1824/1615/532 1823/1611/532 1827/1591/532
f 1830/1588/529 1826/1604/529 1825/1599/529 1829/1585/529
f 1832/1580/529 1828/1594/529 1827/1591/529 1831/1573/529
f 1834/1568/530 1830/1588/530 1829/1585/530 1833/1561/530
f 1836/1579/530 1832/1580/530 1831/1573/530 1835/1574/530
f 1838/1567/529 1834/1568/529 1833/1561/529 1837/1562/529
f 1840/1657/529 1836/1579/529 1835/1574/529 1839/1656/529
f 1842/1652/530 1838/1567/530 1837/1562/530 1841/1654/530
f 1844/1655/530 1840/1657/530 1839/1656/530 1843/1653/530
f 1846/1648/531 1842/1652/531 1841/1654/531 1845/1650/531
f 1848/1651/531 1844/1655/531 1843/1653/531 1847/1649/531
f 1850/1644/530 1846/1648/530 1845/1650/530 1849/1646/530
f 1852/1647/530 1848/1651/530 1847/1649/530 1851/1645/530
f 1854/1628/529 1850/1644/529 1849/1646/529 1853/1625/529
f 1856/1622/529 1852/1647/529 1851/1645/529 1855/1619/529
f 1858/1616/530 1854/1628/530 1853/1625/530 1857/1612/530
f 1860/1605/530 1856/1622/530 1855/1619/530 1859/1600/530
f 1862/1595/531 1858/1616/531 1857/1612/531 1861/1592/531
f 1864/1589/531 1860/1605/531 1859/1600/531 1863/1586/531
f 1866/1582/530 1862/1595/530 1861/1592/530 1865/1575/530
f 1868/1570/530 1864/1589/530 1863/1586/530 1867/1563/530
f 1870/1581/531 1866/1582/531 1865/1575/531 1869/1576/531
f 1872/1569/531 1868/1570/531 1867/1563/531 1871/1564/531
f 1874/1640/532 1870/1581/532 1869/1576/532 1873/1642/532
f 1876/1643/532 1872/1569/532 1871/1564/532 1875/1641/532
f 1878/1636/531 1874/1640/531 1873/1642/531 1877/1638/531
f 1880/1639/531 1876/1643/531 1875/1641/531 1879/1637/531
f 1882/1632/530 1878/1636/530 1877/1638/530 1881/1634/530
f 1884/1635/530 1880/1639/530 1879/1637/530 1883/1633/530
f 1886/1630/531 1882/1632/531 1881/1634/531 1885/1631/531
f 1888/1629/531 1884/1635/531 1883/1633/531 1887/1626/531
f 1890/1623/532 1886/1630/532 1885/1631/532 1889/1620/532
f 1892/1617/532 1888/1629/532 1887/1626/532 1891/1614/532
f 1894/1610/531 1890/1623/531 1889/1620/531 1893/1606/531
f 1896/1603/531 1892/1617/531 1891/1614/531 1895/1597/531
f 1787/1609/532 1894/1610/532 1893/1606/532 1788/1607/532
f 1791/1602/532 1896/1603/532 1895/1597/532 1792/1598/532
f 1771/1584/533 1767/1672/533 1803/1672/533 1799/1584/533
f 1694/1640/534 1698/1581/534 1870/1581/534 1874/1640/534
f 1732/1657/534 1736/1579/534 1836/1579/534 1840/1657/534
f 1762/1668/534 1766/1577/534 1802/1577/534 1806/1668/534
f 1697/1576/533 1693/1642/533 1873/1642/533 1869/1576/533
f 1735/1574/533 1731/1656/533 1839/1656/533 1835/1574/533
f 1765/1572/533 1761/1670/533 1805/1670/533 1801/1572/533
f 1696/1643/534 1700/1569/534 1872/1569/534 1876/1643/534
f 1726/1652/534 1730/1567/534 1838/1567/534 1842/1652/534
f 1764/1671/534 1768/1565/534 1804/1565/534 1808/1671/534
f 1699/1564/533 1695/1641/533 1875/1641/533 1871/1564/533
f 1729/1562/533 1725/1654/533 1841/1654/533 1837/1562/533
f 1767/1672/533 1763/1669/533 1807/1669/533 1803/1672/533
f 1690/1636/534 1694/1640/534 1874/1640/534 1878/1636/534
f 1728/1655/534 1732/1657/534 1840/1657/534 1844/1655/534
f 1758/1664/534 1762/1668/534 1806/1668/534 1810/1664/534
f 1693/1642/533 1689/1638/533 1877/1638/533 1873/1642/533
f 1731/1656/533 1727/1653/533 1843/1653/533 1839/1656/533
f 1761/1670/533 1757/1666/533 1809/1666/533 1805/1670/533
f 1692/1639/534 1696/1643/534 1876/1643/534 1880/1639/534
f 1722/1648/534 1726/1652/534 1842/1652/534 1846/1648/534
f 1760/1667/534 1764/1671/534 1808/1671/534 1812/1667/534
f 1695/1641/533 1691/1637/533 1879/1637/533 1875/1641/533
f 1725/1654/533 1721/1650/533 1845/1650/533 1841/1654/533
f 1763/1669/533 1759/1665/533 1811/1665/533 1807/1669/533
f 1686/1632/534 1690/1636/534 1878/1636/534 1882/1632/534
f 1724/1651/534 1728/1655/534 1844/1655/534 1848/1651/534
f 1754/1660/534 1758/1664/534 1810/1664/534 1814/1660/534
f 1689/1638/533 1685/1634/533 1881/1634/533 1877/1638/533
f 1727/1653/533 1723/1649/533 1847/1649/533 1843/1653/533
f 1757/1666/533 1753/1662/533 1813/1662/533 1809/1666/533
f 1688/1635/534 1692/1639/534 1880/1639/534 1884/1635/534
f 1718/1644/534 1722/1648/534 1846/1648/534 1850/1644/534
f 1756/1663/534 1760/1667/534 1812/1667/534 1816/1663/534
f 1691/1637/533 1687/1633/533 1883/1633/533 1879/1637/533
f 1721/1650/533 1717/1646/533 1849/1646/533 1845/1650/533
f 1759/1665/533 1755/1661/533 1815/1661/533 1811/1665/533
f 1682/1630/534 1686/1632/534 1882/1632/534 1886/1630/534
f 1720/1647/534 1724/1651/534 1848/1651/534 1852/1647/534
f 1750/1658/534 1754/1660/534 1814/1660/534 1818/1658/534
f 1685/1634/533 1681/1631/533 1885/1631/533 1881/1634/533
f 1723/1649/533 1719/1645/533 1851/1645/533 1847/1649/533
f 1753/1662/533 1749/1659/533 1817/1659/533 1813/1662/533
f 1684/1629/534 1688/1635/534 1884/1635/534 1888/1629/534
f 1714/1628/534 1718/1644/534 1850/1644/534 1854/1628/534
f 1752/1627/534 1756/1663/534 1816/1663/534 1820/1627/534
f 1687/1633/533 1683/1626/533 1887/1626/533 1883/1633/533
f 1717/1646/533 1713/1625/533 1853/1625/533 1849/1646/533
f 1755/1661/533 1751/1624/533 1819/1624/533 1815/1661/533
f 1678/1623/534 1682/1630/534 1886/1630/534 1890/1623/534
f 1716/1622/534 1720/1647/534 1852/1647/534 1856/1622/534
f 1746/1621/534 1750/1658/534 1818/1658/534 1822/1621/534
f 1681/1631/533 1677/1620/533 1889/1620/533 1885/1631/533
f 1719/1645/533 1715/1619/533 1855/1619/533 1851/1645/533
f 1749/1659/533 1745/1618/533 1821/1618/533 1817/1659/533
f 1778/1613/534 1783/1609/534 1787/1609/534 1786/1613/534
