# Blender 5.2.1 LTS
# www.blender.org
mtllib BrainFloorAlt.mtl
o BaseUnder
v -4.734847 0.327778 5.000000
v -4.668133 0.166717 5.000000
v -4.734847 0.327776 0.000000
v -4.734846 0.100003 5.000000
v -4.507071 0.100003 5.000000
v -4.734847 0.000003 5.000000
v -4.734847 0.100000 0.000000
v -4.507071 0.100000 0.000000
v -4.734847 0.000000 0.000000
v -4.507071 0.000000 0.000000
v -4.507071 0.000003 5.000000
v -4.309183 0.000000 0.000000
v -4.081408 0.000000 0.000000
v -4.309183 0.000003 5.000000
v -4.309183 0.100000 0.000000
v -4.148121 0.166714 0.000000
v -4.081408 0.100000 0.000000
v -4.309183 0.100003 5.000000
v -4.148121 0.166717 5.000000
v -4.081408 0.100003 5.000000
v -4.081408 0.000003 5.000000
v -4.081407 0.327778 5.000000
v -4.081407 0.327775 0.000000
v -4.668133 0.166714 0.000000
v -0.265153 0.327778 5.000000
v -0.331867 0.166717 5.000000
v -0.265153 0.327776 0.000000
v -0.265154 0.100003 5.000000
v -0.492929 0.100003 5.000000
v -0.265153 0.000003 5.000000
v -0.265153 0.100000 0.000000
v -0.492929 0.100000 0.000000
v -0.265153 0.000000 0.000000
v -0.492929 0.000000 0.000000
v -0.492929 0.000003 5.000000
v -0.690817 0.000000 0.000000
v -0.918592 0.000000 0.000000
v -0.690817 0.000003 5.000000
v -0.690817 0.100000 0.000000
v -0.851879 0.166714 0.000000
v -0.918592 0.100000 0.000000
v -0.690817 0.100003 5.000000
v -0.851879 0.166717 5.000000
v -0.918592 0.100003 5.000000
v -0.918592 0.000003 5.000000
v -0.918593 0.327778 5.000000
v -0.918593 0.327775 0.000000
v -0.331867 0.166714 0.000000
vn 0.9239 0.3827 -0.0000
vn -0.0000 -0.0000 1.0000
vn -1.0000 -0.0000 -0.0000
vn -0.0000 -0.0000 -1.0000
vn -0.0000 -1.0000 -0.0000
vn -0.3827 0.9239 -0.0000
vn -0.0000 1.0000 -0.0000
vn -0.9239 0.3827 -0.0000
vn 0.3827 0.9239 -0.0000
vn 1.0000 -0.0000 -0.0000
vt 0.479942 0.824474
vt 0.479942 0.413947
vt 0.494255 0.413947
vt 0.494255 0.824474
vt 0.782660 0.368815
vt 0.763958 0.368815
vt 0.763958 0.350114
vt 0.769436 0.363338
vt 0.798634 0.415019
vt 0.817335 0.415019
vt 0.817335 0.825546
vt 0.798633 0.825546
vt 0.755748 0.368815
vt 0.755748 0.350114
vt 0.825546 0.415019
vt 0.825545 0.825546
vt 0.827581 0.488580
vt 0.835792 0.488580
vt 0.835792 0.507281
vt 0.827581 0.507281
vt 0.854493 0.488580
vt 0.841269 0.494057
vt 0.001829 0.411701
vt 0.001829 0.001174
vt 0.020531 0.001174
vt 0.020531 0.411701
vt 0.036779 0.411701
vt 0.036779 0.001174
vt 0.835792 0.523529
vt 0.827581 0.523529
vt 0.835792 0.542230
vt 0.827581 0.542230
vt 0.055480 0.001174
vt 0.055480 0.411701
vt 0.854493 0.542231
vt 0.841269 0.536753
vt 0.435067 0.824474
vt 0.435067 0.413947
vt 0.449380 0.413947
vt 0.449380 0.824474
vt 0.465628 0.413947
vt 0.465628 0.824474
vt 0.763959 0.315164
vt 0.782660 0.315164
vt 0.769436 0.320642
vt 0.763958 0.333866
vt 0.755748 0.315164
vt 0.755748 0.333866
vt 0.315164 0.001174
vt 0.315164 0.411701
vt 0.835792 0.801915
vt 0.827581 0.801915
vt 0.420753 0.824474
vt 0.420753 0.413947
vt 0.511189 0.825546
vt 0.496875 0.825546
vt 0.496875 0.415019
vt 0.511189 0.415019
vt 0.782660 0.001829
vt 0.769436 0.007307
vt 0.763958 0.020531
vt 0.763958 0.001829
vt 0.825546 0.001174
vt 0.825546 0.411701
vt 0.806844 0.411701
vt 0.806844 0.001174
vt 0.755748 0.020531
vt 0.755748 0.001829
vt 0.798634 0.411701
vt 0.798634 0.001174
vt 0.827581 0.855565
vt 0.827581 0.836864
vt 0.835792 0.836864
vt 0.835792 0.855565
vt 0.854493 0.855565
vt 0.841269 0.850088
vt 0.368815 0.411701
vt 0.350114 0.411701
vt 0.350114 0.001174
vt 0.368815 0.001174
vt 0.333866 0.411701
vt 0.333866 0.001174
vt 0.827581 0.820616
vt 0.835792 0.820616
vt 0.854493 0.801915
vt 0.841269 0.807392
vt 0.556063 0.825546
vt 0.541750 0.825546
vt 0.541750 0.415019
vt 0.556063 0.415019
vt 0.525502 0.825546
vt 0.525502 0.415019
vt 0.763959 0.055480
vt 0.763958 0.036779
vt 0.769436 0.050003
vt 0.782660 0.055480
vt 0.755748 0.055480
vt 0.755748 0.036779
vt 0.630417 0.411701
vt 0.370733 0.411701
vt 0.370733 0.001174
vt 0.630417 0.001174
vt 0.570377 0.825546
vt 0.570377 0.415019
s 0
f 2/1/1 24/2/1 3/3/1 1/4/1
f 1/5/2 4/6/2 5/7/2 2/8/2
f 3/9/3 7/10/3 4/11/3 1/12/3
f 5/7/2 4/6/2 6/13/2 11/14/2
f 7/10/3 9/15/3 6/16/3 4/11/3
f 9/17/4 7/18/4 8/19/4 10/20/4
f 3/21/4 24/22/4 8/19/4 7/18/4
f 6/23/5 9/24/5 10/25/5 11/26/5
f 14/27/5 11/26/5 10/25/5 12/28/5
f 8/19/4 15/29/4 12/30/4 10/20/4
f 15/29/4 17/31/4 13/32/4 12/30/4
f 14/27/5 12/28/5 13/33/5 21/34/5
f 23/35/4 17/31/4 15/29/4 16/36/4
f 19/37/6 16/38/6 15/39/6 18/40/6
f 18/40/7 15/39/7 8/41/7 5/42/7
f 20/43/2 22/44/2 19/45/2 18/46/2
f 21/47/2 20/43/2 18/46/2 14/48/2
f 18/46/2 5/7/2 11/14/2 14/48/2
f 13/33/5 37/49/5 45/50/5 21/34/5
f 17/31/4 41/51/4 37/52/4 13/32/4
f 22/53/8 23/54/8 16/38/8 19/37/8
f 5/42/9 8/41/9 24/2/9 2/1/9
f 26/55/8 25/56/8 27/57/8 48/58/8
f 25/59/2 26/60/2 29/61/2 28/62/2
f 27/63/10 25/64/10 28/65/10 31/66/10
f 29/61/2 35/67/2 30/68/2 28/62/2
f 31/66/10 28/65/10 30/69/10 33/70/10
f 33/71/4 34/72/4 32/73/4 31/74/4
f 27/75/4 31/74/4 32/73/4 48/76/4
f 30/77/5 35/78/5 34/79/5 33/80/5
f 38/81/5 36/82/5 34/79/5 35/78/5
f 32/73/4 34/72/4 36/83/4 39/84/4
f 39/84/4 36/83/4 37/52/4 41/51/4
f 38/81/5 45/50/5 37/49/5 36/82/5
f 47/85/4 40/86/4 39/84/4 41/51/4
f 43/87/9 42/88/9 39/89/9 40/90/9
f 42/88/7 29/91/7 32/92/7 39/89/7
f 44/93/2 42/94/2 43/95/2 46/96/2
f 45/97/2 38/98/2 42/94/2 44/93/2
f 42/94/2 38/98/2 35/67/2 29/61/2
f 23/35/4 47/85/4 41/51/4 17/31/4
f 22/99/7 46/100/7 47/101/7 23/102/7
f 46/103/1 43/87/1 40/90/1 47/104/1
f 29/91/6 26/55/6 48/58/6 32/92/6
f 21/47/2 45/97/2 44/93/2 20/43/2
f 20/43/2 44/93/2 46/96/2 22/44/2
o Glass
v -0.918593 0.465003 4.964286
v -0.265153 0.465003 4.964286
v -0.918592 0.465003 4.325714
v -0.265153 0.465003 4.325714
v -0.918592 0.465003 0.035714
v -0.265153 0.465003 0.035714
v -0.918592 0.465003 0.674286
v -0.265153 0.465003 0.674286
v -0.918592 0.465003 0.754286
v -0.265153 0.465003 0.754286
v -0.918592 0.465003 1.388572
v -0.265153 0.465003 1.388572
v -0.918592 0.465003 1.468571
v -0.265153 0.465003 1.468571
v -0.918592 0.465003 2.102857
v -0.265153 0.465003 2.102857
v -0.918592 0.465003 2.182857
v -0.265153 0.465003 2.182857
v -0.918592 0.465003 2.817143
v -0.265153 0.465003 2.817143
v -0.918592 0.465003 2.897143
v -0.265153 0.465003 2.897143
v -0.918592 0.465003 3.531429
v -0.265153 0.465003 3.531429
v -0.918592 0.465003 3.611429
v -0.265153 0.465003 3.611429
v -0.918592 0.465003 4.245714
v -0.265153 0.465003 4.245714
v -4.081408 0.465003 0.035714
v -4.734847 0.465003 0.035714
v -4.081408 0.465003 0.674286
v -4.734847 0.465003 0.674286
v -4.081407 0.465003 4.964286
v -4.734847 0.465003 4.964286
v -4.081408 0.465003 4.325714
v -4.734847 0.465003 4.325714
v -4.081408 0.465003 0.754286
v -4.734847 0.465003 0.754286
v -4.081408 0.465003 1.388572
v -4.734847 0.465003 1.388572
v -4.081408 0.465003 1.468571
v -4.734847 0.465003 1.468571
v -4.081408 0.465003 2.102857
v -4.734847 0.465003 2.102857
v -4.081408 0.465003 2.182857
v -4.734847 0.465003 2.182857
v -4.081408 0.465003 2.817143
v -4.734847 0.465003 2.817143
v -4.081408 0.465003 2.897143
v -4.734847 0.465003 2.897143
v -4.081408 0.465003 3.531429
v -4.734847 0.465003 3.531429
v -4.081408 0.465003 3.611429
v -4.734847 0.465003 3.611429
v -4.081408 0.465003 4.245714
v -4.734847 0.465003 4.245714
vn -0.0000 1.0000 -0.0000
vt 0.922038 0.394547
vt 0.869608 0.394547
vt 0.869608 0.340896
vt 0.922038 0.340896
vt 0.291621 0.872676
vt 0.291621 0.926327
vt 0.239191 0.926327
vt 0.239191 0.872676
vt 0.960635 0.480273
vt 0.960635 0.533924
vt 0.908557 0.533924
vt 0.908557 0.480273
vt 0.960635 0.422378
vt 0.960635 0.476029
vt 0.908557 0.476029
vt 0.908557 0.422378
vt 0.851277 0.898407
vt 0.851277 0.952058
vt 0.799199 0.952058
vt 0.799199 0.898407
vt 0.908557 0.647571
vt 0.908557 0.593920
vt 0.960635 0.593920
vt 0.960635 0.647571
vt 0.960635 0.707566
vt 0.960635 0.761217
vt 0.908557 0.761217
vt 0.908557 0.707567
vt 0.922038 0.293766
vt 0.869608 0.293766
vt 0.869608 0.240115
vt 0.922038 0.240115
vt 0.385969 0.876964
vt 0.385969 0.930615
vt 0.333539 0.930615
vt 0.333539 0.876964
vt 0.960635 0.589675
vt 0.908557 0.589675
vt 0.908557 0.536025
vt 0.960635 0.536025
vt 0.984222 0.994943
vt 0.932144 0.994943
vt 0.932144 0.941293
vt 0.984222 0.941293
vt 0.952058 0.831978
vt 0.899980 0.831979
vt 0.899980 0.778328
vt 0.952058 0.778328
vt 0.999232 0.889874
vt 0.947154 0.889874
vt 0.947154 0.836223
vt 0.999232 0.836223
vt 0.960635 0.703322
vt 0.908557 0.703322
vt 0.908557 0.649671
vt 0.960635 0.649671
s 0
f 50/105/11 52/106/11 51/107/11 49/108/11
f 55/109/11 56/110/11 54/111/11 53/112/11
f 59/113/11 60/114/11 58/115/11 57/116/11
f 63/117/11 64/118/11 62/119/11 61/120/11
f 67/121/11 68/122/11 66/123/11 65/124/11
f 71/125/11 72/126/11 70/127/11 69/128/11
f 75/129/11 76/130/11 74/131/11 73/132/11
f 79/133/11 77/134/11 78/135/11 80/136/11
f 82/137/11 81/138/11 83/139/11 84/140/11
f 87/141/11 85/142/11 86/143/11 88/144/11
f 91/145/11 89/146/11 90/147/11 92/148/11
f 95/149/11 93/150/11 94/151/11 96/152/11
f 99/153/11 97/154/11 98/155/11 100/156/11
f 103/157/11 101/158/11 102/159/11 104/160/11
o Metal
v -4.081408 0.425003 0.000000
v -4.734847 0.425003 0.000000
v -4.081408 0.425003 0.035714
v -4.081408 0.475003 0.000000
v -4.734847 0.475003 0.000000
v -4.081408 0.475003 0.035714
v -4.734847 0.475003 0.035714
v -4.734847 0.425003 0.035714
v -4.734847 0.425003 5.000000
v -4.734847 0.425003 4.964286
v -4.081407 0.425003 5.000000
v -4.734847 0.475003 5.000000
v -4.734847 0.475003 4.964286
v -4.081407 0.475003 5.000000
v -4.081407 0.475003 4.964286
v -4.081407 0.425003 4.964286
v -4.081408 0.425003 0.674286
v -4.081408 0.425003 0.754286
v -4.734847 0.425003 0.674286
v -4.081408 0.475003 0.674286
v -4.081408 0.475003 0.754286
v -4.734847 0.475003 0.674286
v -4.734847 0.475003 0.754286
v -4.734847 0.425003 0.754286
v -4.081408 0.425003 1.388572
v -4.081408 0.425003 1.468571
v -4.734847 0.425003 1.388572
v -4.081408 0.475003 1.388572
v -4.081408 0.475003 1.468571
v -4.734847 0.475003 1.388572
v -4.734847 0.475003 1.468571
v -4.734847 0.425003 1.468571
v -4.081408 0.425003 2.102857
v -4.081408 0.425003 2.182857
v -4.734847 0.425003 2.102857
v -4.081408 0.475003 2.102857
v -4.081408 0.475003 2.182857
v -4.734847 0.475003 2.102857
v -4.734847 0.475003 2.182857
v -4.734847 0.425003 2.182857
v -4.081408 0.425003 2.817143
v -4.081408 0.425003 2.897143
v -4.734847 0.425003 2.817143
v -4.081408 0.475003 2.817143
v -4.081408 0.475003 2.897143
v -4.734847 0.475003 2.817143
v -4.734847 0.475003 2.897143
v -4.734847 0.425003 2.897143
v -4.081408 0.425003 3.531429
v -4.081408 0.425003 3.611429
v -4.734847 0.425003 3.531429
v -4.081408 0.475003 3.531429
v -4.081408 0.475003 3.611429
v -4.734847 0.475003 3.531429
v -4.734847 0.475003 3.611429
v -4.734847 0.425003 3.611429
v -4.081408 0.425003 4.245714
v -4.081408 0.425003 4.325714
v -4.734847 0.425003 4.245714
v -4.081408 0.475003 4.245714
v -4.081408 0.475003 4.325714
v -4.734847 0.475003 4.245714
v -4.734847 0.475003 4.325714
v -4.734847 0.425003 4.325714
v -0.265153 0.425003 5.000000
v -0.265153 0.425003 4.964286
v -0.918593 0.425003 5.000000
v -0.265153 0.475003 5.000000
v -0.265153 0.475003 4.964286
v -0.918593 0.475003 5.000000
v -0.918593 0.475003 4.964286
v -0.918593 0.425003 4.964286
v -0.918592 0.425003 0.000000
v -0.265153 0.425003 0.000000
v -0.918592 0.425003 0.035714
v -0.918592 0.475003 0.000000
v -0.265153 0.475003 0.000000
v -0.918592 0.475003 0.035714
v -0.265153 0.475003 0.035714
v -0.265153 0.425003 0.035714
v -0.918592 0.425003 0.674286
v -0.918592 0.425003 0.754286
v -0.265153 0.425003 0.674286
v -0.918592 0.475003 0.674286
v -0.918592 0.475003 0.754286
v -0.265153 0.475003 0.674286
v -0.265153 0.475003 0.754286
v -0.265153 0.425003 0.754286
v -0.918592 0.425003 1.388572
v -0.918592 0.425003 1.468571
v -0.265153 0.425003 1.388572
v -0.918592 0.475003 1.388572
v -0.918592 0.475003 1.468571
v -0.265153 0.475003 1.388572
v -0.265153 0.475003 1.468571
v -0.265153 0.425003 1.468571
v -0.918592 0.425003 2.102857
v -0.918592 0.425003 2.182857
v -0.265153 0.425003 2.102857
v -0.918592 0.475003 2.102857
v -0.918592 0.475003 2.182857
v -0.265153 0.475003 2.102857
v -0.265153 0.475003 2.182857
v -0.265153 0.425003 2.182857
v -0.918592 0.425003 2.817143
v -0.918592 0.425003 2.897143
v -0.265153 0.425003 2.817143
v -0.918592 0.475003 2.817143
v -0.918592 0.475003 2.897143
v -0.265153 0.475003 2.817143
v -0.265153 0.475003 2.897143
v -0.265153 0.425003 2.897143
v -0.918592 0.425003 3.531429
v -0.918592 0.425003 3.611429
v -0.265153 0.425003 3.531429
v -0.918592 0.475003 3.531429
v -0.918592 0.475003 3.611429
v -0.265153 0.475003 3.531429
v -0.265153 0.475003 3.611429
v -0.265153 0.425003 3.611429
v -0.918592 0.425003 4.245714
v -0.918592 0.425003 4.325714
v -0.265153 0.425003 4.245714
v -0.918592 0.475003 4.245714
v -0.918592 0.475003 4.325714
v -0.265153 0.475003 4.245714
v -0.265153 0.475003 4.325714
v -0.265153 0.425003 4.325714
vn -0.0000 -0.0000 -1.0000
vn -0.0000 -1.0000 -0.0000
vn 1.0000 -0.0000 -0.0000
vn -0.0000 1.0000 -0.0000
vn -0.0000 -0.0000 1.0000
vn -1.0000 -0.0000 -0.0000
vt 0.326113 0.939192
vt 0.326113 0.885541
vt 0.330218 0.885541
vt 0.330218 0.939192
vt 0.974856 0.649715
vt 0.974857 0.596064
vt 0.977789 0.596064
vt 0.977789 0.649715
vt 0.599609 0.827873
vt 0.602541 0.827873
vt 0.602541 0.831978
vt 0.599609 0.831978
vt 0.975645 0.705466
vt 0.972713 0.705466
vt 0.972713 0.651815
vt 0.975645 0.651815
vt 0.952241 0.085771
vt 0.952241 0.032120
vt 0.956346 0.032120
vt 0.956346 0.085771
vt 0.606042 0.830017
vt 0.608974 0.830017
vt 0.608974 0.834123
vt 0.606042 0.834123
vt 0.220072 0.836450
vt 0.223004 0.836450
vt 0.223004 0.840556
vt 0.220072 0.840556
vt 0.981290 0.055751
vt 0.981290 0.002101
vt 0.984222 0.002101
vt 0.984222 0.055751
vt 0.935087 0.383825
vt 0.935087 0.330174
vt 0.939192 0.330174
vt 0.939192 0.383825
vt 0.977789 0.765506
vt 0.974857 0.765506
vt 0.974857 0.711855
vt 0.977789 0.711855
vt 0.213639 0.836450
vt 0.216572 0.836450
vt 0.216572 0.840556
vt 0.213639 0.840556
vt 0.529819 0.960635
vt 0.529819 0.906984
vt 0.533924 0.906984
vt 0.533924 0.960635
vt 0.712082 0.840555
vt 0.712082 0.833987
vt 0.716188 0.833987
vt 0.716188 0.840555
vt 0.859718 0.780472
vt 0.866287 0.780472
vt 0.866287 0.834123
vt 0.859718 0.834123
vt 0.943664 0.128656
vt 0.943664 0.075005
vt 0.947769 0.075005
vt 0.947769 0.128656
vt 0.225013 0.934904
vt 0.225013 0.881253
vt 0.231581 0.881253
vt 0.231582 0.934904
vt 0.769978 0.360238
vt 0.769978 0.353670
vt 0.774083 0.353670
vt 0.774083 0.360238
vt 0.542685 0.960635
vt 0.542685 0.906984
vt 0.546790 0.906984
vt 0.546790 0.960635
vt 0.435471 0.834123
vt 0.435471 0.827554
vt 0.439576 0.827554
vt 0.439576 0.834123
vt 0.872584 0.081438
vt 0.879152 0.081438
vt 0.879152 0.135089
vt 0.872584 0.135089
vt 0.956530 0.819113
vt 0.956530 0.765462
vt 0.960635 0.765462
vt 0.960635 0.819113
vt 0.881161 0.070761
vt 0.881161 0.017110
vt 0.887730 0.017110
vt 0.887730 0.070761
vt 0.772122 0.379537
vt 0.772122 0.372968
vt 0.776227 0.372968
vt 0.776227 0.379537
vt 0.965107 0.649715
vt 0.965107 0.596064
vt 0.969212 0.596064
vt 0.969212 0.649715
vt 0.474068 0.834123
vt 0.474068 0.827554
vt 0.478173 0.827554
vt 0.478173 0.834123
vt 0.930615 0.147955
vt 0.924047 0.147955
vt 0.924047 0.094304
vt 0.930615 0.094304
vt 0.943664 0.070761
vt 0.943664 0.017110
vt 0.947769 0.017110
vt 0.947769 0.070761
vt 0.930615 0.036409
vt 0.930615 0.090059
vt 0.924046 0.090059
vt 0.924047 0.036409
vt 0.782843 0.812680
vt 0.782843 0.806111
vt 0.786949 0.806111
vt 0.786949 0.812680
vt 0.965107 0.591820
vt 0.965107 0.538169
vt 0.969212 0.538169
vt 0.969212 0.591820
vt 0.759256 0.379537
vt 0.759256 0.372968
vt 0.763362 0.372968
vt 0.763362 0.379537
vt 0.881161 0.077150
vt 0.887730 0.077150
vt 0.887730 0.130801
vt 0.881161 0.130801
vt 0.943664 0.280900
vt 0.943664 0.227249
vt 0.947769 0.227249
vt 0.947769 0.280900
vt 0.739639 0.055751
vt 0.739639 0.002100
vt 0.746207 0.002100
vt 0.746207 0.055751
vt 0.778555 0.379537
vt 0.778555 0.372968
vt 0.782660 0.372968
vt 0.782660 0.379537
vt 0.965107 0.707610
vt 0.965107 0.653960
vt 0.969212 0.653960
vt 0.969212 0.707610
vt 0.769795 0.372968
vt 0.769795 0.379537
vt 0.765689 0.379537
vt 0.765689 0.372968
vt 0.881161 0.135045
vt 0.887730 0.135045
vt 0.887730 0.188696
vt 0.881161 0.188696
vt 0.952241 0.143666
vt 0.952241 0.090015
vt 0.956346 0.090015
vt 0.956346 0.143666
vt 0.387978 0.930615
vt 0.387978 0.876964
vt 0.394547 0.876964
vt 0.394547 0.930615
vt 0.784988 0.831978
vt 0.784988 0.825410
vt 0.789093 0.825410
vt 0.789093 0.831978
vt 0.965107 0.476029
vt 0.965107 0.422378
vt 0.969212 0.422378
vt 0.969212 0.476029
vt 0.724948 0.840556
vt 0.724948 0.833987
vt 0.729053 0.833987
vt 0.729053 0.840556
vt 0.932624 0.227249
vt 0.939192 0.227249
vt 0.939192 0.280900
vt 0.932624 0.280900
vt 0.965107 0.827690
vt 0.965107 0.774040
vt 0.969212 0.774040
vt 0.969212 0.827690
vt 0.864007 0.090060
vt 0.864007 0.036409
vt 0.870575 0.036409
vt 0.870575 0.090060
vt 0.459058 0.834123
vt 0.459058 0.827554
vt 0.463163 0.827554
vt 0.463163 0.834123
vt 0.965107 0.533924
vt 0.965107 0.480274
vt 0.969212 0.480274
vt 0.969212 0.533924
vt 0.538213 0.830017
vt 0.538213 0.834123
vt 0.535281 0.834123
vt 0.535280 0.830017
vt 0.975645 0.821257
vt 0.972713 0.821257
vt 0.972713 0.767606
vt 0.975645 0.767606
vt 0.536252 0.906984
vt 0.540357 0.906984
vt 0.540357 0.960635
vt 0.536252 0.960635
vt 0.982077 0.653960
vt 0.982078 0.707611
vt 0.979145 0.707610
vt 0.979145 0.653960
vt 0.229437 0.838595
vt 0.229437 0.842700
vt 0.226505 0.842700
vt 0.226505 0.838595
vt 0.973684 0.422379
vt 0.977789 0.422379
vt 0.977789 0.476029
vt 0.973684 0.476029
vt 0.875047 0.139333
vt 0.879152 0.139333
vt 0.879152 0.192985
vt 0.875047 0.192985
vt 0.984222 0.113646
vt 0.981290 0.113646
vt 0.981290 0.059996
vt 0.984222 0.059996
vt 0.684023 0.834306
vt 0.684023 0.838411
vt 0.681091 0.838411
vt 0.681091 0.834306
vt 0.982078 0.769751
vt 0.982078 0.823401
vt 0.979145 0.823401
vt 0.979145 0.769751
vt 0.973684 0.480274
vt 0.977789 0.480274
vt 0.977789 0.533924
vt 0.973684 0.533924
vt 0.235870 0.836450
vt 0.235870 0.840556
vt 0.232938 0.840556
vt 0.232938 0.836450
vt 0.422605 0.827554
vt 0.426711 0.827554
vt 0.426711 0.834123
vt 0.422605 0.834123
vt 0.842564 0.476029
vt 0.842564 0.422378
vt 0.849133 0.422378
vt 0.849133 0.476029
vt 0.958674 0.042842
vt 0.962779 0.042842
vt 0.962779 0.096492
vt 0.958674 0.096492
vt 0.396555 0.881253
vt 0.403124 0.881253
vt 0.403124 0.934904
vt 0.396555 0.934904
vt 0.452625 0.827554
vt 0.456730 0.827554
vt 0.456730 0.834123
vt 0.452625 0.834123
vt 0.561983 0.906984
vt 0.566088 0.906984
vt 0.566088 0.960635
vt 0.561983 0.960635
vt 0.686351 0.833987
vt 0.690456 0.833987
vt 0.690456 0.840555
vt 0.686351 0.840555
vt 0.924047 0.383825
vt 0.924047 0.330174
vt 0.930615 0.330174
vt 0.930615 0.383825
vt 0.549118 0.906984
vt 0.553223 0.906984
vt 0.553223 0.960635
vt 0.549118 0.960635
vt 0.932624 0.019255
vt 0.939192 0.019255
vt 0.939192 0.072905
vt 0.932624 0.072905
vt 0.718515 0.833987
vt 0.722620 0.833987
vt 0.722620 0.840555
vt 0.718515 0.840555
vt 0.943664 0.135045
vt 0.947769 0.135045
vt 0.947769 0.188696
vt 0.943664 0.188696
vt 0.467635 0.827554
vt 0.471740 0.827554
vt 0.471740 0.834123
vt 0.467635 0.834123
vt 0.872584 0.075050
vt 0.872584 0.021399
vt 0.879152 0.021399
vt 0.879152 0.075050
vt 0.965107 0.713999
vt 0.969212 0.713999
vt 0.969212 0.767650
vt 0.965107 0.767650
vt 0.889738 0.032120
vt 0.896307 0.032120
vt 0.896307 0.085771
vt 0.889738 0.085771
vt 0.429038 0.827554
vt 0.433143 0.827554
vt 0.433143 0.834123
vt 0.429038 0.834123
vt 0.973684 0.538169
vt 0.977789 0.538169
vt 0.977789 0.591820
vt 0.973684 0.591820
vt 0.746391 0.833987
vt 0.750496 0.833987
vt 0.750496 0.840555
vt 0.746391 0.840555
vt 0.864007 0.147955
vt 0.864007 0.094304
vt 0.870575 0.094304
vt 0.870575 0.147955
vt 0.943664 0.330174
vt 0.947769 0.330174
vt 0.947769 0.383825
vt 0.943664 0.383825
vt 0.889738 0.090015
vt 0.896307 0.090015
vt 0.896307 0.143666
vt 0.889738 0.143666
vt 0.692784 0.833987
vt 0.696889 0.833987
vt 0.696889 0.840555
vt 0.692784 0.840555
vt 0.952241 0.240114
vt 0.956346 0.240114
vt 0.956346 0.293765
vt 0.952241 0.293765
vt 0.772122 0.040606
vt 0.776227 0.040606
vt 0.776227 0.047174
vt 0.772122 0.047174
vt 0.932624 0.132945
vt 0.932624 0.079294
vt 0.939192 0.079294
vt 0.939192 0.132945
vt 0.958674 0.100737
vt 0.962779 0.100737
vt 0.962779 0.154388
vt 0.958674 0.154388
vt 0.924047 0.227249
vt 0.930615 0.227249
vt 0.930615 0.280900
vt 0.924047 0.280900
vt 0.699217 0.833987
vt 0.703322 0.833987
vt 0.703322 0.840556
vt 0.699217 0.840556
vt 0.952241 0.338751
vt 0.956346 0.338751
vt 0.956346 0.392402
vt 0.952241 0.392402
vt 0.441904 0.827554
vt 0.446009 0.827554
vt 0.446009 0.834123
vt 0.441904 0.834123
vt 0.932624 0.190840
vt 0.932624 0.137190
vt 0.939192 0.137190
vt 0.939192 0.190840
vt 0.555550 0.906984
vt 0.559656 0.906984
vt 0.559656 0.960635
vt 0.555550 0.960635
vt 0.295774 0.876964
vt 0.302343 0.876964
vt 0.302343 0.930615
vt 0.295774 0.930615
vt 0.705649 0.833987
vt 0.709755 0.833987
vt 0.709755 0.840556
vt 0.705649 0.840556
vt 0.568416 0.906984
vt 0.572521 0.906984
vt 0.572521 0.960635
vt 0.568416 0.960635
s 0
f 105/161/12 106/162/12 109/163/12 108/164/12
f 107/165/13 112/166/13 106/167/13 105/168/13
f 107/169/14 105/170/14 108/171/14 110/172/14
f 110/173/15 108/174/15 109/175/15 111/176/15
f 112/177/16 107/178/16 110/179/16 111/180/16
f 106/181/17 112/182/17 111/183/17 109/184/17
f 114/185/17 113/186/17 116/187/17 117/188/17
f 115/189/13 113/190/13 114/191/13 120/192/13
f 113/193/16 115/194/16 118/195/16 116/196/16
f 118/197/15 119/198/15 117/199/15 116/200/15
f 115/201/14 120/202/14 119/203/14 118/204/14
f 120/205/12 114/206/12 117/207/12 119/208/12
f 122/209/14 121/210/14 124/211/14 125/212/14
f 121/213/13 122/214/13 128/215/13 123/216/13
f 121/217/12 123/218/12 126/219/12 124/220/12
f 124/221/15 126/222/15 127/223/15 125/224/15
f 123/225/17 128/226/17 127/227/17 126/228/17
f 128/229/16 122/230/16 125/231/16 127/232/16
f 130/233/14 129/234/14 132/235/14 133/236/14
f 129/237/13 130/238/13 136/239/13 131/240/13
f 129/241/12 131/242/12 134/243/12 132/244/12
f 132/245/15 134/246/15 135/247/15 133/248/15
f 131/249/17 136/250/17 135/251/17 134/252/17
f 136/253/16 130/254/16 133/255/16 135/256/16
f 138/257/14 137/258/14 140/259/14 141/260/14
f 137/261/13 138/262/13 144/263/13 139/264/13
f 137/265/12 139/266/12 142/267/12 140/268/12
f 140/269/15 142/270/15 143/271/15 141/272/15
f 139/273/17 144/274/17 143/275/17 142/276/17
f 144/277/16 138/278/16 141/279/16 143/280/16
f 146/281/14 145/282/14 148/283/14 149/284/14
f 145/285/13 146/286/13 152/287/13 147/288/13
f 145/289/12 147/290/12 150/291/12 148/292/12
f 148/293/15 150/294/15 151/295/15 149/296/15
f 147/297/17 152/298/17 151/299/17 150/300/17
f 152/301/16 146/302/16 149/303/16 151/304/16
f 154/305/14 153/306/14 156/307/14 157/308/14
f 153/309/13 154/310/13 160/311/13 155/312/13
f 153/313/12 155/314/12 158/315/12 156/316/12
f 156/317/15 158/318/15 159/319/15 157/320/15
f 155/321/17 160/322/17 159/323/17 158/324/17
f 160/325/16 154/326/16 157/327/16 159/328/16
f 162/329/14 161/330/14 164/331/14 165/332/14
f 161/333/13 162/334/13 168/335/13 163/336/13
f 161/337/12 163/338/12 166/339/12 164/340/12
f 164/341/15 166/342/15 167/343/15 165/344/15
f 163/345/17 168/346/17 167/347/17 166/348/17
f 168/349/16 162/350/16 165/351/16 167/352/16
f 170/353/14 173/354/14 172/355/14 169/356/14
f 171/357/13 176/358/13 170/359/13 169/360/13
f 169/361/16 172/362/16 174/363/16 171/364/16
f 174/365/15 172/366/15 173/367/15 175/368/15
f 171/369/17 174/370/17 175/371/17 176/372/17
f 176/373/12 175/374/12 173/375/12 170/376/12
f 177/377/12 180/378/12 181/379/12 178/380/12
f 179/381/13 177/382/13 178/383/13 184/384/13
f 179/385/17 182/386/17 180/387/17 177/388/17
f 182/389/15 183/390/15 181/391/15 180/392/15
f 184/393/16 183/394/16 182/395/16 179/396/16
f 178/397/14 181/398/14 183/399/14 184/400/14
f 186/401/17 189/402/17 188/403/17 185/404/17
f 185/405/13 187/406/13 192/407/13 186/408/13
f 185/409/12 188/410/12 190/411/12 187/412/12
f 188/413/15 189/414/15 191/415/15 190/416/15
f 187/417/14 190/418/14 191/419/14 192/420/14
f 192/421/16 191/422/16 189/423/16 186/424/16
f 194/425/17 197/426/17 196/427/17 193/428/17
f 193/429/13 195/430/13 200/431/13 194/432/13
f 193/433/12 196/434/12 198/435/12 195/436/12
f 196/437/15 197/438/15 199/439/15 198/440/15
f 195/441/14 198/442/14 199/443/14 200/444/14
f 200/445/16 199/446/16 197/447/16 194/448/16
f 202/449/17 205/450/17 204/451/17 201/452/17
f 201/453/13 203/454/13 208/455/13 202/456/13
f 201/457/12 204/458/12 206/459/12 203/460/12
f 204/461/15 205/462/15 207/463/15 206/464/15
f 203/465/14 206/466/14 207/467/14 208/468/14
f 208/469/16 207/470/16 205/471/16 202/472/16
f 210/473/17 213/474/17 212/475/17 209/476/17
f 209/477/13 211/478/13 216/479/13 210/480/13
f 209/481/12 212/482/12 214/483/12 211/484/12
f 212/485/15 213/486/15 215/487/15 214/488/15
f 211/489/14 214/490/14 215/491/14 216/492/14
f 216/493/16 215/494/16 213/495/16 210/496/16
f 218/497/17 221/498/17 220/499/17 217/500/17
f 217/501/13 219/502/13 224/503/13 218/504/13
f 217/505/12 220/506/12 222/507/12 219/508/12
f 220/509/15 221/510/15 223/511/15 222/512/15
f 219/513/14 222/514/14 223/515/14 224/516/14
f 224/517/16 223/518/16 221/519/16 218/520/16
f 226/521/17 229/522/17 228/523/17 225/524/17
f 225/525/13 227/526/13 232/527/13 226/528/13
f 225/529/12 228/530/12 230/531/12 227/532/12
f 228/533/15 229/534/15 231/535/15 230/536/15
f 227/537/14 230/538/14 231/539/14 232/540/14
f 232/541/16 231/542/16 229/543/16 226/544/16
o MetalStanding
v -1.432643 0.487501 0.131273
v -1.432643 0.475001 0.131273
v -1.257853 0.487501 0.131273
v -1.965839 0.487501 0.131273
v -1.610375 0.487501 0.465286
v -1.610375 0.475001 0.465286
v -1.788107 0.487501 0.465286
v -1.610375 0.487501 0.939861
v -1.610375 0.475001 0.939861
v -1.788107 0.487501 0.939861
v -1.610375 0.487501 1.643014
v -1.610375 0.475001 1.643014
v -1.788107 0.487501 1.643014
v -1.610375 0.487501 2.109673
v -1.610375 0.475001 2.109673
v -1.788107 0.487501 2.109673
v -1.432643 0.487501 2.364017
v -1.432643 0.475001 2.364017
v -1.257853 0.487501 2.364017
v -1.965839 0.487501 2.364017
v -1.432643 0.487501 2.636390
v -1.432643 0.475001 2.636390
v -1.257853 0.487501 2.636390
v -1.965839 0.487501 2.636390
v -2.146513 0.487501 2.636390
v -1.965839 0.475001 2.636390
v -2.146513 0.475001 2.636390
v -1.965839 0.475001 2.883367
v -1.965839 0.475001 3.323844
v -2.343993 0.475001 2.926370
v -1.432643 0.475001 2.883367
v -1.060373 0.475001 2.926370
v -1.432643 0.475001 3.323844
v -1.432643 0.475001 3.631428
v -1.060373 0.475001 3.323844
v -1.060373 0.487501 3.323844
v -1.257853 0.475001 3.631428
v -1.257853 0.487501 3.631428
v -1.257853 0.487501 3.792400
v -1.432643 0.487501 3.631428
v -1.432643 0.487501 3.792400
v -1.965839 0.487501 3.631428
v -1.965839 0.475001 3.631428
v -1.965839 0.487501 3.792400
v -2.146513 0.487501 3.631428
v -2.146513 0.475001 3.631428
v -2.146513 0.487501 3.792400
v -2.343993 0.487501 3.323844
v -2.343993 0.475001 3.323844
v -2.343993 0.487501 2.926370
v -2.343993 0.487501 4.063392
v -2.652873 0.487501 3.324588
v -2.652873 0.487501 2.926370
v -2.652873 0.487501 4.062853
v -2.652873 0.475001 3.324588
v -2.652873 0.475001 2.926370
v -3.205817 0.475001 3.324865
v -2.652873 0.475001 4.062853
v -2.652873 0.475001 4.535589
v -3.205817 0.475001 4.062652
v -3.205817 0.475001 4.535589
v -3.205817 0.487501 4.062652
v -3.205817 0.487501 3.324865
v -3.205817 0.487501 4.535589
v -3.383549 0.487501 4.062588
v -3.383549 0.487501 3.324955
v -3.383549 0.487501 4.535589
v -3.383549 0.475001 4.062588
v -3.383549 0.475001 3.324955
v -3.383549 0.475001 4.535589
v -3.936492 0.475001 4.062387
v -3.936492 0.487501 4.062387
v -3.936492 0.475001 4.535589
v -3.936492 0.475001 3.325232
v -3.936492 0.475001 2.926370
v -3.936492 0.487501 3.325232
v -3.936492 0.487501 2.926370
v -3.936492 0.487501 4.535589
v -3.739013 0.487501 4.869134
v -3.739013 0.475001 4.869134
v -3.561281 0.487501 4.869134
v -3.028085 0.487501 4.869134
v -3.561281 0.475001 4.869134
v -2.146513 0.487501 4.869134
v -1.965839 0.487501 4.869134
v -1.965839 0.475001 4.869134
v -1.432643 0.487501 4.869134
v -1.432643 0.475001 4.869134
v -1.257853 0.487501 4.869134
v -1.257853 0.475001 4.869134
v -1.060373 0.487501 4.535589
v -1.060373 0.475001 4.535589
v -1.060373 0.487501 4.063392
v -1.060373 0.475001 4.063392
v -1.060373 0.487501 2.926370
v -1.116073 0.487501 2.578125
v -1.116073 0.487501 2.421875
v -1.060373 0.487501 2.109673
v -1.060373 0.475001 2.109673
v -1.060373 0.487501 1.643014
v -1.060373 0.475001 1.643014
v -1.060373 0.487501 0.939861
v -1.060373 0.475001 0.939861
v -1.060373 0.487501 0.465286
v -1.060373 0.475001 0.465286
v -1.257853 0.475001 0.131273
v -1.257853 0.475001 2.364017
v -1.432643 0.475001 4.063392
v -1.257853 0.475001 3.792400
v -1.432643 0.475001 3.792400
v -1.965839 0.475001 3.792400
v -2.146513 0.475001 3.792400
v -1.965839 0.475001 4.063392
v -1.965839 0.475001 4.577281
v -2.343993 0.475001 4.063392
v -2.343993 0.475001 4.535589
v -2.146513 0.475001 4.869134
v -2.343993 0.487501 4.535589
v -2.652873 0.487501 4.535589
v -2.850353 0.487501 4.869134
v -2.850353 0.475001 4.869134
v -3.028085 0.475001 4.869134
v -1.432643 0.475001 4.577281
v -3.880792 0.487501 2.578125
v -3.880792 0.487501 2.421875
v -3.936492 0.487501 2.109673
v -3.936492 0.487501 1.643014
v -3.936492 0.487501 0.939861
v -3.936492 0.487501 0.465286
v -3.561281 0.487501 0.131273
v -3.561281 0.475001 0.131273
v -3.028085 0.487501 0.131273
v -3.739013 0.487501 0.131273
v -3.739013 0.475001 0.131273
v -3.936492 0.475001 0.465286
v -3.936492 0.475001 0.939861
v -3.561281 0.475001 0.423211
v -3.028084 0.475001 0.423211
v -3.561281 0.475001 0.939861
v -3.561281 0.475001 1.212364
v -3.028085 0.475001 0.939861
v -3.028085 0.475001 1.212364
v -2.652873 0.475001 0.939861
v -2.652873 0.487501 0.939861
v -2.652873 0.475001 0.465286
v -2.850353 0.475001 1.212364
v -2.850353 0.487501 1.212364
v -3.028085 0.487501 1.212364
v -2.850353 0.487501 1.373336
v -2.850353 0.475001 1.373336
v -3.028085 0.487501 1.373336
v -2.652873 0.487501 1.643014
v -2.343993 0.487501 1.643014
v -2.652873 0.487501 2.109673
v -2.652873 0.475001 1.643014
v -3.028085 0.475001 1.643014
v -2.652873 0.475001 2.109673
v -3.028085 0.475001 2.154144
v -2.850353 0.475001 2.364017
v -3.028085 0.475001 2.364017
v -2.850353 0.487501 2.364017
v -3.028085 0.487501 2.364017
v -2.597173 0.487501 2.421875
v -2.850353 0.487501 2.636390
v -2.850353 0.475001 2.636390
v -3.028085 0.487501 2.636390
v -2.597173 0.487501 2.578125
v -2.399693 0.487501 2.578125
v -2.399693 0.487501 2.421875
v -2.146513 0.487501 2.364017
v -2.343993 0.487501 2.109673
v -2.343993 0.475001 2.109673
v -2.146513 0.475001 2.364017
v -2.343993 0.475001 1.643014
v -1.788107 0.475001 2.109673
v -1.788107 0.475001 1.643014
v -1.965839 0.475001 2.364017
v -1.788107 0.475001 0.939861
v -2.343993 0.475001 0.939861
v -1.788107 0.475001 0.465286
v -2.343993 0.475001 0.465286
v -1.965839 0.475001 0.131273
v -2.146513 0.475001 0.131273
v -2.146513 0.487501 0.131273
v -2.343993 0.487501 0.465286
v -2.850353 0.487501 0.131273
v -2.652873 0.487501 0.465286
v -2.850353 0.475001 0.131273
v -3.028085 0.475001 0.131273
v -2.343993 0.487501 0.939861
v -3.028085 0.475001 2.636390
v -3.561281 0.487501 2.636390
v -3.205817 0.487501 2.926370
v -3.205817 0.475001 2.926370
v -3.383549 0.487501 2.926370
v -3.383549 0.475001 2.926370
v -3.561281 0.475001 2.636390
v -3.739013 0.475001 2.636390
v -3.739013 0.487501 2.636390
v -3.739013 0.487501 2.364017
v -3.739013 0.475001 2.364017
v -3.561281 0.487501 2.364017
v -3.561281 0.475001 2.364017
v -3.561281 0.475001 2.154144
v -3.936492 0.475001 2.109673
v -3.561281 0.475001 1.643014
v -3.936492 0.475001 1.643014
v -3.561281 0.475001 1.373336
v -3.561281 0.487501 1.373336
v -3.739013 0.475001 1.373336
v -3.028085 0.475001 1.373336
v -3.739013 0.487501 1.373336
v -3.739013 0.487501 1.212364
v -3.739013 0.475001 1.212364
v -3.561281 0.487501 1.212364
v -1.257853 0.475001 2.636390
v -1.432643 0.487501 2.460938
v -1.432643 0.462501 2.500000
v -1.432643 0.487501 2.539062
v -1.965839 0.487501 2.460938
v -1.965839 0.462501 2.500000
v -1.965839 0.487501 2.539062
v -1.116073 0.487501 2.460938
v -1.116073 0.462501 2.500000
v -1.116073 0.487501 2.539062
v -2.850353 0.487501 2.460938
v -2.850353 0.462501 2.500000
v -2.850353 0.487501 2.539062
v -2.597173 0.487501 2.460938
v -2.597173 0.462501 2.500000
v -2.597173 0.487501 2.539062
v -2.399693 0.487501 2.460938
v -2.399693 0.462501 2.500000
v -2.399693 0.487501 2.539062
v -2.146513 0.487501 2.460938
v -2.146513 0.462501 2.500000
v -2.146513 0.487501 2.539062
v -3.028085 0.487501 2.539062
v -3.028085 0.462501 2.500000
v -3.028085 0.487501 2.460938
v -3.739013 0.487501 2.460938
v -3.739013 0.462501 2.500000
v -3.739013 0.487501 2.539062
v -3.561281 0.487501 2.539062
v -3.561281 0.462501 2.500000
v -3.561281 0.487501 2.460938
v -3.880792 0.487501 2.460938
v -3.880792 0.462501 2.500000
v -3.880792 0.487501 2.539062
v -1.257853 0.487501 2.460938
v -1.257853 0.462501 2.500000
v -1.257853 0.487501 2.539062
v -4.078272 0.473111 0.071618
v -4.048317 0.487501 0.071618
v -0.948548 0.487501 0.026890
v -0.918593 0.473111 0.000000
v -4.078272 0.473111 4.928382
v -4.048317 0.487501 4.928382
v -1.432643 0.473111 0.000000
v -1.432643 0.487501 0.026890
v -1.965839 0.473111 0.000000
v -1.965839 0.487501 0.026890
v -4.078272 0.473111 3.325331
v -4.048317 0.487501 3.325316
v -4.048317 0.487501 2.883367
v -4.078272 0.473111 2.883367
v -4.048317 0.487501 4.062325
v -4.078272 0.473111 4.062315
v -4.078272 0.473111 4.577281
v -4.048317 0.487501 4.577281
v -4.048317 0.487501 4.973110
v -4.078272 0.473111 5.000000
v -3.739013 0.487501 4.973110
v -3.739013 0.473111 5.000000
v -3.561281 0.473111 5.000000
v -3.561281 0.487501 4.973110
v -3.028085 0.473111 5.000000
v -3.028085 0.487501 4.973110
v -2.850353 0.487501 4.973110
v -2.850353 0.473111 5.000000
v -2.146513 0.473111 5.000000
v -2.146513 0.487501 4.973110
v -1.965839 0.473111 5.000000
v -1.965839 0.487501 4.973110
v -1.432643 0.473111 5.000000
v -1.432643 0.487501 4.973110
v -1.257853 0.487501 4.973110
v -1.257853 0.473111 5.000000
v -0.948548 0.487501 0.071618
v -0.918593 0.473111 0.071618
v -0.948548 0.487501 4.577281
v -0.918593 0.473111 4.577281
v -0.918593 0.473111 4.063392
v -0.948548 0.487501 4.063392
v -0.948548 0.487501 3.323844
v -0.918593 0.473111 3.323844
v -0.918593 0.473111 2.883367
v -0.948548 0.487501 2.883367
v -0.918593 0.473111 2.578125
v -0.948548 0.487501 2.578125
v -0.948548 0.487501 2.421875
v -0.918593 0.473111 2.421875
v -0.948548 0.487501 2.154144
v -0.918593 0.473111 2.154144
v -0.948548 0.487501 1.643014
v -0.918593 0.473111 1.643014
v -0.948548 0.487501 0.939861
v -0.918593 0.473111 0.939861
v -0.918593 0.473111 0.423211
v -0.948548 0.487501 0.423211
v -0.948548 0.487501 4.928382
v -0.918593 0.473111 4.928382
v -0.948548 0.487501 4.973110
v -0.918593 0.473111 5.000000
v -4.078272 0.473111 2.578125
v -4.048317 0.487501 2.578125
v -4.078272 0.473111 2.421875
v -4.048317 0.487501 2.421875
v -4.048317 0.487501 2.154144
v -4.078272 0.473111 2.154144
v -4.048317 0.487501 1.643014
v -4.078272 0.473111 1.643014
v -4.048317 0.487501 0.939861
v -4.078272 0.473111 0.939861
v -4.048317 0.487501 0.423211
v -4.078272 0.473111 0.423211
v -4.048317 0.487501 0.026890
v -4.078272 0.473111 0.000000
v -3.561281 0.473111 0.000000
v -3.561281 0.487501 0.026890
v -3.028085 0.487501 0.026890
v -3.028085 0.473111 0.000000
v -0.948548 0.487501 2.460938
v -0.918593 0.473111 2.460938
v -0.948548 0.462501 2.500000
v -0.918593 0.448111 2.500000
v -0.918593 0.473111 2.539062
v -0.948548 0.487501 2.539062
v -4.078272 0.473111 2.460938
v -4.048317 0.487501 2.460938
v -4.078272 0.448111 2.500000
v -4.048317 0.462501 2.500000
v -4.048317 0.487501 2.539062
v -4.078272 0.473111 2.539062
v -3.739013 0.487501 0.026890
v -3.739013 0.473111 0.000000
v -1.257853 0.487501 0.026890
v -1.257853 0.473111 0.000000
v -2.146513 0.473111 0.000000
v -2.146513 0.487501 0.026890
v -2.850353 0.487501 0.026890
v -2.850353 0.473111 0.000000
v -2.498433 0.462501 4.577281
v -2.498433 0.462501 1.643014
v -2.498433 0.462501 2.578125
v -2.498433 0.462501 2.883367
v -2.498433 0.462501 2.154144
v -2.498433 0.462501 0.939861
v -2.498433 0.462501 0.423211
v -2.498433 0.462501 3.324216
v -2.498433 0.462501 4.063123
v -2.498433 0.462501 2.421875
v -2.498433 0.462501 2.460938
v -2.498433 0.437501 2.500000
v -2.498433 0.462501 2.539062
v -2.498433 0.448111 5.000000
v -2.498433 0.462501 4.973110
v -2.498433 0.462501 4.928382
v -2.498433 0.462501 0.071618
v -2.498433 0.462501 0.026890
v -2.498433 0.448111 0.000000
v -2.454057 0.487501 3.324014
v -2.542809 0.487501 3.324417
v -2.542809 0.487501 4.577281
v -2.454057 0.487501 4.577281
v -2.454057 0.487501 4.928382
v -2.542809 0.487501 4.928382
v -2.454057 0.487501 1.643014
v -2.542809 0.487501 1.643014
v -2.454057 0.487501 2.578125
v -2.542809 0.487501 2.578125
v -2.454057 0.487501 2.421875
v -2.542809 0.487501 2.421875
v -2.454057 0.487501 2.154144
v -2.542809 0.487501 2.154144
v -2.542809 0.487501 0.071618
v -2.454057 0.487501 0.071618
v -2.454057 0.487501 0.423211
v -2.542809 0.487501 0.423211
v -2.542809 0.487501 0.939861
v -2.454057 0.487501 0.939861
v -2.542809 0.487501 4.062977
v -2.454057 0.487501 4.063268
v -2.542809 0.487501 2.883367
v -2.454057 0.487501 2.883367
v -2.454057 0.487501 2.460938
v -2.542809 0.487501 2.460938
v -2.454057 0.462501 2.500000
v -2.542809 0.462501 2.500000
v -2.542809 0.487501 2.539062
v -2.454057 0.487501 2.539062
v -2.542809 0.487501 4.973110
v -2.454057 0.487501 4.973110
v -2.454057 0.473111 5.000000
v -2.542809 0.473111 5.000000
v -2.542809 0.473111 0.000000
v -2.454057 0.473111 0.000000
v -2.454057 0.487501 0.026890
v -2.542809 0.487501 0.026890
v -4.078272 0.327775 0.071618
v -0.918593 0.327776 0.000000
v -4.078272 0.327776 4.928382
v -1.432643 0.327776 0.000000
v -1.965839 0.327776 0.000000
v -4.078272 0.327776 3.325331
v -4.078272 0.327776 2.883367
v -4.078272 0.327776 4.062315
v -4.078272 0.327776 4.577281
v -4.078272 0.327776 5.000000
v -3.739013 0.327776 5.000000
v -3.561281 0.327776 5.000000
v -3.028085 0.327776 5.000000
v -2.850353 0.327776 5.000000
v -2.146513 0.327776 5.000000
v -1.965839 0.327776 5.000000
v -1.432643 0.327777 5.000000
v -1.257853 0.327777 5.000000
v -0.918593 0.327776 0.071618
v -0.918593 0.327777 4.577281
v -0.918593 0.327777 4.063392
v -0.918593 0.327776 3.323844
v -0.918593 0.327776 2.883367
v -0.918593 0.327776 2.578125
v -0.918593 0.327776 2.421875
v -0.918593 0.327776 2.154144
v -0.918593 0.327776 1.643014
v -0.918593 0.327776 0.939861
v -0.918593 0.327776 0.423211
v -0.918593 0.327777 4.928382
v -0.918593 0.327777 5.000000
v -4.078272 0.327776 2.578125
v -4.078272 0.327776 2.421875
v -4.078272 0.327776 2.154144
v -4.078272 0.327776 1.643014
v -4.078272 0.327775 0.939861
v -4.078272 0.327775 0.423211
v -4.078272 0.327775 0.000000
v -3.561281 0.327775 0.000000
v -3.028085 0.327776 0.000000
v -0.918593 0.327776 2.460938
v -0.918593 0.327776 2.500000
v -0.918593 0.327776 2.539062
v -4.078272 0.327776 2.460938
v -4.078272 0.327776 2.500000
v -4.078272 0.327776 2.539062
v -3.739013 0.327775 0.000000
v -1.257853 0.327776 0.000000
v -2.146513 0.327776 0.000000
v -2.850353 0.327776 0.000000
v -2.498433 0.327776 5.000000
v -2.498433 0.327776 0.000000
v -2.454057 0.327776 5.000000
v -2.542809 0.327776 5.000000
v -2.542809 0.327776 0.000000
v -2.454057 0.327776 0.000000
v -3.739013 0.327776 4.928382
v -3.739013 0.327776 4.577281
v -3.739013 0.327776 4.062405
v -3.739013 0.327776 3.325208
v -3.739013 0.327776 2.883367
v -3.739013 0.327776 2.578125
v -3.739013 0.327776 2.539063
v -3.739013 0.327776 2.500000
v -3.739013 0.327776 2.460938
v -3.739013 0.327776 2.421875
v -3.739013 0.327776 2.154144
v -3.739013 0.327776 1.643014
v -3.739013 0.327776 0.939861
v -3.739013 0.327775 0.423211
v -3.739013 0.327775 0.071618
v -3.561281 0.327776 4.928381
v -3.561281 0.327776 4.577281
v -3.561281 0.327776 4.062494
v -3.561281 0.327776 3.325084
v -3.561281 0.327776 2.883367
v -3.561281 0.327776 2.578125
v -3.561281 0.327776 2.539062
v -3.561281 0.327776 2.500000
v -3.561281 0.327776 2.460938
v -3.561281 0.327776 2.421875
v -3.561281 0.327776 2.154144
v -3.561281 0.327776 1.643014
v -3.561281 0.327776 0.939861
v -3.561281 0.327776 0.423211
v -3.561281 0.327775 0.071618
v -3.028085 0.327776 4.928382
v -3.028085 0.327776 4.577281
v -3.028085 0.327776 4.062584
v -3.028085 0.327776 3.324959
v -3.028085 0.327776 2.883367
v -3.028085 0.327776 2.578125
v -3.028085 0.327776 2.539062
v -3.028085 0.327776 2.500000
v -3.028085 0.327776 2.460938
v -3.028085 0.327776 2.421875
v -3.028085 0.327776 2.154144
v -3.028084 0.327776 1.643014
v -3.028085 0.327776 0.939861
v -3.028085 0.327776 0.423211
v -3.028084 0.327776 0.071618
v -2.850353 0.327776 4.928382
v -2.850353 0.327776 4.577281
v -2.850353 0.327776 4.062674
v -2.850353 0.327776 3.324835
v -2.850353 0.327776 2.883367
v -2.850353 0.327776 2.578125
v -2.850353 0.327776 2.539062
v -2.850353 0.327776 2.500000
v -2.850353 0.327776 2.460938
v -2.850353 0.327776 2.421875
v -2.850353 0.327776 2.154144
v -2.850353 0.327776 1.643014
v -2.850352 0.327776 0.939861
v -2.850353 0.327776 0.423211
v -2.850353 0.327776 0.071618
v -2.542809 0.327776 4.928382
v -2.542809 0.327776 4.577282
v -2.542809 0.327776 4.062764
v -2.542809 0.327776 3.324712
v -2.542809 0.327776 2.883368
v -2.542809 0.327776 2.578125
v -2.542809 0.327776 2.539062
v -2.542809 0.327776 2.500000
v -2.542809 0.327776 2.460938
v -2.542809 0.327776 2.421875
v -2.542809 0.327776 2.154144
v -2.542808 0.327776 1.643014
v -2.542808 0.327776 0.939861
v -2.542808 0.327776 0.423211
v -2.542809 0.327776 0.071618
v -2.498433 0.327776 4.928382
v -2.498433 0.327776 4.577281
v -2.498433 0.327776 4.062853
v -2.498433 0.327776 3.324588
v -2.498433 0.327776 2.883367
v -2.498433 0.327776 2.578125
v -2.498433 0.327776 2.539062
v -2.498433 0.327776 2.500000
v -2.498433 0.327776 2.460938
v -2.498433 0.327776 2.421875
v -2.498433 0.327776 2.154144
v -2.498433 0.327776 1.643014
v -2.498433 0.327776 0.939861
v -2.498433 0.327776 0.423211
v -2.498433 0.327776 0.071618
v -2.454057 0.327776 4.928382
v -2.454057 0.327776 4.577281
v -2.454057 0.327776 4.062943
v -2.454057 0.327776 3.324464
v -2.454057 0.327776 2.883367
v -2.454057 0.327776 2.578125
v -2.454057 0.327776 2.539062
v -2.454057 0.327776 2.500000
v -2.454057 0.327776 2.460938
v -2.454057 0.327776 2.421875
v -2.454057 0.327776 2.154144
v -2.454057 0.327776 1.643014
v -2.454057 0.327776 0.939861
v -2.454057 0.327776 0.423211
v -2.454056 0.327776 0.071618
v -2.146513 0.327776 4.928382
v -2.146513 0.327776 4.577281
v -2.146513 0.327776 4.063033
v -2.146513 0.327776 3.324340
v -2.146513 0.327776 2.883367
v -2.146513 0.327776 2.578125
v -2.146513 0.327776 2.539062
v -2.146513 0.327776 2.500000
v -2.146513 0.327776 2.460938
v -2.146513 0.327776 2.421875
v -2.146513 0.327776 2.154144
v -2.146513 0.327776 1.643014
v -2.146513 0.327776 0.939861
v -2.146513 0.327776 0.423211
v -2.146513 0.327776 0.071618
v -1.965839 0.327776 4.928382
v -1.965839 0.327776 4.577281
v -1.965839 0.327776 4.063122
v -1.965839 0.327776 3.324216
v -1.965839 0.327776 2.883367
v -1.965839 0.327776 2.578125
v -1.965839 0.327776 2.539062
v -1.965839 0.327776 2.500000
v -1.965839 0.327776 2.460938
v -1.965839 0.327776 2.421875
v -1.965839 0.327776 2.154144
v -1.965839 0.327776 1.643014
v -1.965839 0.327776 0.939861
v -1.965839 0.327776 0.423211
v -1.965839 0.327776 0.071618
v -1.432643 0.327777 4.928382
v -1.432643 0.327776 4.577281
v -1.432643 0.327776 4.063212
v -1.432643 0.327776 3.324092
v -1.432643 0.327776 2.883367
v -1.432643 0.327776 2.578125
v -1.432643 0.327776 2.539062
v -1.432643 0.327776 2.500000
v -1.432643 0.327776 2.460938
v -1.432643 0.327776 2.421875
v -1.432643 0.327776 2.154144
v -1.432643 0.327776 1.643014
v -1.432643 0.327776 0.939861
v -1.432643 0.327776 0.423211
v -1.432643 0.327776 0.071618
v -1.257853 0.327777 4.928382
v -1.257853 0.327777 4.577281
v -1.257853 0.327776 4.063302
v -1.257853 0.327776 3.323968
v -1.257853 0.327776 2.883367
v -1.257853 0.327776 2.578125
v -1.257853 0.327776 2.539062
v -1.257853 0.327776 2.500000
v -1.257853 0.327776 2.460938
v -1.257853 0.327776 2.421875
v -1.257853 0.327776 2.154144
v -1.257853 0.327776 1.643014
v -1.257853 0.327776 0.939861
v -1.257853 0.327776 0.423211
v -1.257853 0.327776 0.071618
vn -0.0000 -0.0000 1.0000
vn 0.8828 -0.0000 0.4697
vn -0.0000 1.0000 -0.0000
vn 1.0000 -0.0000 -0.0000
vn 0.8197 -0.0000 -0.5728
vn -0.0000 -0.0000 -1.0000
vn -1.0000 -0.0000 -0.0000
vn -0.8415 -0.0000 -0.5403
vn 0.8415 -0.0000 -0.5403
vn 0.4449 0.7896 -0.4226
vn 0.8605 -0.0000 -0.5095
vn -0.8825 -0.0000 -0.4703
vn -0.8605 -0.0000 -0.5095
vn -0.8082 -0.0000 0.5889
vn -0.8265 -0.0000 0.5629
vn -0.7899 -0.0000 -0.6133
vn -0.8608 -0.0000 0.5089
vn 0.8082 -0.0000 0.5889
vn -0.4908 0.8713 -0.0000
vn 0.8825 -0.0000 -0.4703
vn 0.8608 -0.0000 0.5089
vn -0.8097 -0.0000 -0.5868
vn -0.8068 -0.0000 0.5908
vn -0.4287 0.7609 0.4870
vn 0.7899 -0.0000 -0.6133
vn -0.8197 -0.0000 -0.5728
vn -0.8828 -0.0000 0.4697
vn -0.4287 0.7609 -0.4870
vn 0.4908 0.8713 -0.0000
vn 0.8526 -0.0000 0.5226
vn -0.8526 -0.0000 0.5226
vn 0.8265 -0.0000 0.5629
vn 0.8068 -0.0000 0.5908
vn 0.8097 -0.0000 -0.5868
vn -0.0000 0.8423 0.5391
vn -0.0000 0.8423 -0.5391
vn -0.0000 0.8817 -0.4718
vn -0.4330 0.9014 -0.0000
vn -0.0000 0.8817 0.4718
vn 0.4330 0.9014 -0.0000
vn 0.3751 0.7808 0.4997
vn 0.3751 0.7808 -0.4997
vn -0.3751 0.7808 0.4997
vn -0.3751 0.7808 -0.4997
vn 0.4449 0.7896 0.4226
vn -0.4449 0.7896 -0.4226
vn -0.4449 0.7896 0.4226
vn 0.4287 0.7609 -0.4870
vn 0.4287 0.7609 0.4870
vn -0.0000 -1.0000 -0.0000
vt 0.837385 0.836267
vt 0.837385 0.821916
vt 0.838411 0.821916
vt 0.838411 0.836267
vt 0.792355 0.032240
vt 0.792355 0.001175
vt 0.793382 0.001175
vt 0.793382 0.032240
vt 0.904161 0.039967
vt 0.889576 0.012501
vt 0.933362 0.012511
vt 0.918769 0.039967
vt 0.792355 0.071206
vt 0.793382 0.071206
vt 0.918767 0.079008
vt 0.904144 0.079003
vt 0.792355 0.128938
vt 0.793382 0.128938
vt 0.918744 0.136864
vt 0.904118 0.136859
vt 0.792355 0.167253
vt 0.793382 0.167253
vt 0.918726 0.175256
vt 0.904104 0.175259
vt 0.770912 0.827690
vt 0.770912 0.802214
vt 0.771939 0.802214
vt 0.771939 0.827690
vt 0.933361 0.196177
vt 0.889461 0.196188
vt 0.824519 0.844844
vt 0.824519 0.830493
vt 0.825546 0.830493
vt 0.825546 0.844844
vt 0.414288 0.879277
vt 0.414309 0.893688
vt 0.406284 0.893693
vt 0.406266 0.879301
vt 0.414273 0.937621
vt 0.406255 0.937602
vt 0.738748 0.808567
vt 0.738748 0.764788
vt 0.739775 0.764788
vt 0.739775 0.808567
vt 0.738748 0.750437
vt 0.739775 0.750437
vt 0.738748 0.823401
vt 0.739775 0.823401
vt 0.414223 0.952498
vt 0.406223 0.952457
vt 0.795526 0.919902
vt 0.764478 0.916368
vt 0.764480 0.896090
vt 0.779314 0.896091
vt 0.720699 0.916363
vt 0.720702 0.896085
vt 0.795522 0.952537
vt 0.764474 0.952533
vt 0.720695 0.952528
vt 0.690130 0.952525
vt 0.690134 0.919890
vt 0.706350 0.896083
vt 0.764471 0.977787
vt 0.720693 0.977783
vt 0.706341 0.977781
vt 0.417107 0.673302
vt 0.417107 0.640667
vt 0.418133 0.640667
vt 0.418133 0.673302
vt 0.417107 0.610655
vt 0.418133 0.610655
vt 0.743037 0.840556
vt 0.743037 0.826204
vt 0.744063 0.826204
vt 0.744063 0.840556
vt 0.743037 0.782426
vt 0.744063 0.782426
vt 0.743037 0.767592
vt 0.744063 0.767592
vt 0.736604 0.064328
vt 0.736603 0.034318
vt 0.737630 0.034318
vt 0.737630 0.064328
vt 0.736603 0.001684
vt 0.737629 0.001684
vt 0.851218 0.212094
vt 0.851454 0.214544
vt 0.847350 0.214240
vt 0.846981 0.211719
vt 0.793382 0.170548
vt 0.793381 0.203245
vt 0.792355 0.203245
vt 0.792355 0.170548
vt 0.904858 0.664456
vt 0.859458 0.664397
vt 0.859484 0.631702
vt 0.904884 0.631738
vt 0.793380 0.263864
vt 0.793380 0.302679
vt 0.792353 0.302679
vt 0.792354 0.263864
vt 0.859380 0.763827
vt 0.859411 0.725013
vt 0.904810 0.725032
vt 0.904780 0.763863
vt 0.745181 0.650848
vt 0.745181 0.612017
vt 0.746207 0.612017
vt 0.746207 0.650848
vt 0.078803 0.897111
vt 0.078805 0.911735
vt 0.039892 0.911723
vt 0.039894 0.897113
vt 0.414961 0.487759
vt 0.414961 0.448923
vt 0.415987 0.448923
vt 0.415988 0.487759
vt 0.904884 0.577274
vt 0.859484 0.577312
vt 0.859452 0.538476
vt 0.904852 0.538422
vt 0.749470 0.795864
vt 0.749469 0.757011
vt 0.750495 0.757011
vt 0.750496 0.795864
vt 0.749469 0.696487
vt 0.749469 0.663738
vt 0.750495 0.663738
vt 0.750495 0.696487
vt 0.904801 0.477897
vt 0.859402 0.477912
vt 0.859375 0.445186
vt 0.904774 0.445149
vt 0.781634 0.051463
vt 0.781634 0.036870
vt 0.782660 0.036870
vt 0.782660 0.051463
vt 0.749470 0.827690
vt 0.750496 0.827690
vt 0.012473 0.926321
vt 0.012468 0.882531
vt 0.414961 0.417892
vt 0.415987 0.417892
vt 0.888692 0.604673
vt 0.874099 0.604685
vt 0.734460 0.765271
vt 0.734460 0.750437
vt 0.735486 0.750437
vt 0.735486 0.765271
vt 0.734460 0.809050
vt 0.735486 0.809050
vt 0.734460 0.823401
vt 0.735486 0.823401
vt 0.839529 0.445836
vt 0.839529 0.414010
vt 0.840555 0.414010
vt 0.840555 0.445836
vt 0.839529 0.484606
vt 0.840556 0.484606
vt 0.779490 0.034308
vt 0.779490 0.006777
vt 0.780516 0.006777
vt 0.780516 0.034308
vt 0.751614 0.030020
vt 0.751614 0.001215
vt 0.752640 0.001215
vt 0.752640 0.030020
vt 0.382427 0.863062
vt 0.410984 0.867628
vt 0.414225 0.867602
vt 0.858857 0.175238
vt 0.875075 0.196167
vt 0.863408 0.200873
vt 0.750495 0.617833
vt 0.750495 0.656148
vt 0.749469 0.656148
vt 0.749469 0.617833
vt 0.762335 0.827690
vt 0.762335 0.801251
vt 0.763362 0.801251
vt 0.763362 0.827690
vt 0.750496 0.560101
vt 0.749469 0.560101
vt 0.750496 0.521137
vt 0.749470 0.521137
vt 0.750496 0.489278
vt 0.749470 0.489278
vt 0.421365 0.884424
vt 0.421343 0.870073
vt 0.448745 0.855437
vt 0.448815 0.900595
vt 0.487710 0.855377
vt 0.487780 0.900535
vt 0.545512 0.900445
vt 0.545442 0.855287
vt 0.583757 0.855228
vt 0.583828 0.900386
vt 0.604685 0.884139
vt 0.604663 0.869788
vt 0.655602 0.959821
vt 0.655598 0.917628
vt 0.686164 0.921048
vt 0.686168 0.959818
vt 0.655605 0.982071
vt 0.669956 0.982070
vt 0.844844 0.148614
vt 0.844843 0.162965
vt 0.843817 0.162965
vt 0.843817 0.148614
vt 0.844844 0.104835
vt 0.843818 0.104835
vt 0.611827 0.982076
vt 0.611824 0.959826
vt 0.844844 0.090001
vt 0.843818 0.090001
vt 0.580776 0.959829
vt 0.596992 0.982078
vt 0.580772 0.921059
vt 0.611820 0.917633
vt 0.835241 0.452780
vt 0.835240 0.414009
vt 0.836267 0.414009
vt 0.836267 0.452780
vt 0.777345 0.347372
vt 0.777345 0.319840
vt 0.778371 0.319840
vt 0.778372 0.347372
vt 0.611817 0.893670
vt 0.596983 0.893672
vt 0.835241 0.484606
vt 0.836267 0.484606
vt 0.973292 0.200653
vt 0.973477 0.178902
vt 0.977652 0.178929
vt 0.977420 0.200846
vt 0.385897 0.977730
vt 0.410793 0.977556
vt 0.410964 0.981735
vt 0.385910 0.981913
vt 0.793379 0.334507
vt 0.792353 0.334507
vt 0.781634 0.364527
vt 0.781634 0.349934
vt 0.782660 0.349934
vt 0.782660 0.364527
vt 0.875572 0.791226
vt 0.890165 0.791237
vt 0.745181 0.681879
vt 0.746207 0.681879
vt 0.655595 0.893665
vt 0.669947 0.893664
vt 0.417107 0.813097
vt 0.417107 0.769319
vt 0.418133 0.769319
vt 0.418133 0.813097
vt 0.417107 0.827690
vt 0.418133 0.827690
vt 0.830952 0.447786
vt 0.830952 0.415928
vt 0.831978 0.415928
vt 0.831978 0.447786
vt 0.916056 0.947769
vt 0.919511 0.916962
vt 0.943481 0.916962
vt 0.943481 0.931555
vt 0.830952 0.486750
vt 0.831978 0.486750
vt 0.877091 0.947769
vt 0.877091 0.916962
vt 0.919511 0.873184
vt 0.943481 0.873184
vt 0.877091 0.873184
vt 0.854717 0.931555
vt 0.854717 0.916962
vt 0.854717 0.873184
vt 0.877091 0.842377
vt 0.916056 0.842377
vt 0.854717 0.858591
vt 0.843818 0.261907
vt 0.843818 0.222943
vt 0.844844 0.222943
vt 0.844844 0.261907
vt 0.768768 0.040741
vt 0.768768 0.013110
vt 0.769795 0.013110
vt 0.769795 0.040741
vt 0.746207 0.686108
vt 0.746207 0.700701
vt 0.745181 0.700701
vt 0.745181 0.686108
vt 0.890996 0.311589
vt 0.891004 0.324834
vt 0.876381 0.324842
vt 0.876373 0.311599
vt 0.860112 0.289191
vt 0.860146 0.347038
vt 0.781634 0.345228
vt 0.781634 0.317783
vt 0.782660 0.317783
vt 0.782660 0.345228
vt 0.730171 0.765030
vt 0.730171 0.750437
vt 0.731198 0.750437
vt 0.731198 0.765030
vt 0.973553 0.207387
vt 0.973178 0.203698
vt 0.977228 0.204064
vt 0.977789 0.207910
vt 0.882415 0.831978
vt 0.882415 0.793664
vt 0.883441 0.793664
vt 0.883441 0.831979
vt 0.496685 0.922257
vt 0.527491 0.925909
vt 0.527492 0.964224
vt 0.496685 0.964224
vt 0.511277 0.986366
vt 0.496685 0.986366
vt 0.785922 0.373104
vt 0.785922 0.346664
vt 0.786949 0.346664
vt 0.786949 0.373104
vt 0.511277 0.905026
vt 0.496685 0.905026
vt 0.843818 0.085771
vt 0.843818 0.071178
vt 0.844844 0.071178
vt 0.844844 0.085771
vt 0.204158 0.882501
vt 0.196148 0.882518
vt 0.196115 0.867930
vt 0.204109 0.867885
vt 0.860191 0.385372
vt 0.876452 0.406299
vt 0.855737 0.410858
vt 0.200667 0.847244
vt 0.203873 0.847204
vt 0.794500 0.819113
vt 0.794500 0.804520
vt 0.795526 0.804520
vt 0.795526 0.819113
vt 0.775201 0.036453
vt 0.775201 0.007648
vt 0.776227 0.007648
vt 0.776227 0.036453
vt 0.172270 0.851646
vt 0.349668 0.977742
vt 0.349651 0.981932
vt 0.413965 0.973216
vt 0.410802 0.973179
vt 0.382350 0.968696
vt 0.948196 0.196145
vt 0.964459 0.175218
vt 0.968883 0.200659
vt 0.788067 0.169398
vt 0.788065 0.131083
vt 0.789092 0.131083
vt 0.789093 0.169398
vt 0.753758 0.829834
vt 0.753758 0.803395
vt 0.754785 0.803395
vt 0.754785 0.829834
vt 0.829834 0.862624
vt 0.829811 0.877458
vt 0.808906 0.892018
vt 0.808976 0.846377
vt 0.770590 0.891959
vt 0.770661 0.846318
vt 0.788063 0.213176
vt 0.788062 0.174861
vt 0.789089 0.174861
vt 0.789090 0.213176
vt 0.766624 0.825546
vt 0.766624 0.800069
vt 0.767650 0.800069
vt 0.767650 0.825546
vt 0.794499 0.383825
vt 0.794499 0.368991
vt 0.795526 0.368991
vt 0.795526 0.383825
vt 0.788065 0.270909
vt 0.789091 0.270909
vt 0.712858 0.891869
vt 0.712929 0.846228
vt 0.788066 0.309874
vt 0.789092 0.309874
vt 0.673893 0.891809
vt 0.673964 0.846167
vt 0.788067 0.340940
vt 0.789093 0.340940
vt 0.646491 0.877173
vt 0.646514 0.862339
vt 0.766624 0.347372
vt 0.766624 0.332538
vt 0.767650 0.332538
vt 0.767650 0.347372
vt 0.788063 0.034387
vt 0.788062 0.002528
vt 0.789088 0.002528
vt 0.789089 0.034387
vt 0.413864 0.977504
vt 0.417517 0.977907
vt 0.418031 0.982078
vt 0.414245 0.981524
vt 0.843818 0.293766
vt 0.844844 0.293766
vt 0.417106 0.754726
vt 0.418133 0.754726
vt 0.943481 0.858591
vt 0.851064 0.246754
vt 0.851060 0.289194
vt 0.846871 0.289194
vt 0.846889 0.246733
vt 0.788064 0.073351
vt 0.789090 0.073351
vt 0.745181 0.518722
vt 0.745181 0.490797
vt 0.746207 0.490797
vt 0.746207 0.518722
vt 0.934952 0.414312
vt 0.891040 0.414313
vt 0.891054 0.406333
vt 0.934939 0.406328
vt 0.196153 0.926410
vt 0.172294 0.911767
vt 0.172294 0.897146
vt 0.745181 0.551441
vt 0.746207 0.551441
vt 0.139497 0.911757
vt 0.139509 0.897131
vt 0.414963 0.581049
vt 0.414962 0.548323
vt 0.415989 0.548323
vt 0.415989 0.581049
vt 0.414963 0.608974
vt 0.415989 0.608974
vt 0.873948 0.421365
vt 0.888540 0.421353
vt 0.732316 0.840556
vt 0.732316 0.825963
vt 0.733342 0.825963
vt 0.733342 0.840556
vt 0.749470 0.064328
vt 0.749470 0.035524
vt 0.750496 0.035524
vt 0.750496 0.064328
vt 0.196131 0.941038
vt 0.200866 0.952701
vt 0.172275 0.957256
vt 0.204050 0.952731
vt 0.204144 0.941064
vt 0.204172 0.926417
vt 0.843818 0.027400
vt 0.843818 0.012807
vt 0.844844 0.012807
vt 0.844844 0.027400
vt 0.792355 0.366671
vt 0.792355 0.340232
vt 0.793382 0.340232
vt 0.793382 0.366671
vt 0.961245 0.410964
vt 0.949564 0.406286
vt 0.965791 0.385361
vt 0.438314 0.905026
vt 0.452906 0.905026
vt 0.452906 0.922257
vt 0.422099 0.925909
vt 0.452906 0.964224
vt 0.422099 0.964224
vt 0.438314 0.986366
vt 0.452906 0.986366
vt 0.730171 0.823401
vt 0.730171 0.808808
vt 0.731198 0.808808
vt 0.731198 0.823401
vt 0.783778 0.032164
vt 0.783778 0.004719
vt 0.784804 0.004719
vt 0.784804 0.032164
vt 0.949512 0.311555
vt 0.949520 0.324804
vt 0.934891 0.324813
vt 0.934884 0.311565
vt 0.965751 0.289113
vt 0.965789 0.346995
vt 0.746207 0.744480
vt 0.746207 0.759073
vt 0.745181 0.759073
vt 0.745181 0.744480
vt 0.770912 0.349517
vt 0.770912 0.321886
vt 0.771938 0.321886
vt 0.771939 0.349517
vt 0.305605 0.937048
vt 0.305605 0.898733
vt 0.306631 0.898733
vt 0.306631 0.937048
vt 0.875717 0.607906
vt 0.890310 0.607917
vt 0.758047 0.829834
vt 0.758047 0.801029
vt 0.759073 0.801029
vt 0.759073 0.829834
vt 0.779305 0.977789
vt 0.349684 0.968688
vt 0.288843 0.968647
vt 0.311148 0.952414
vt 0.324392 0.952422
vt 0.311158 0.937549
vt 0.324403 0.937556
vt 0.311179 0.893663
vt 0.324426 0.893668
vt 0.324430 0.879284
vt 0.311183 0.879280
vt 0.288884 0.863023
vt 0.349748 0.863039
vt 0.949597 0.414275
vt 0.949617 0.418099
vt 0.934957 0.418133
vt 0.207970 0.941078
vt 0.207995 0.926420
vt 0.961273 0.414205
vt 0.961321 0.418007
vt 0.207901 0.952784
vt 0.207977 0.882492
vt 0.891033 0.418133
vt 0.968925 0.203863
vt 0.948242 0.204104
vt 0.969079 0.207632
vt 0.948273 0.207916
vt 0.418041 0.952525
vt 0.417808 0.973366
vt 0.851339 0.218123
vt 0.847173 0.217959
vt 0.007693 0.843036
vt 0.004122 0.843147
vt 0.003720 0.839066
vt 0.007498 0.838818
vt 0.876411 0.414263
vt 0.855703 0.414016
vt 0.876385 0.418079
vt 0.855560 0.417846
vt 0.207920 0.867855
vt 0.207652 0.847054
vt 0.875050 0.204148
vt 0.863380 0.204057
vt 0.875037 0.207976
vt 0.863328 0.207910
vt 0.418111 0.879260
vt 0.418028 0.867555
vt 0.933376 0.204158
vt 0.933385 0.207979
vt 0.418095 0.937630
vt 0.889455 0.204172
vt 0.889453 0.207995
vt 0.418134 0.893686
vt 0.875200 0.001441
vt 0.889574 0.001421
vt 0.889575 0.003928
vt 0.875209 0.003954
vt 0.933382 0.001449
vt 0.933378 0.003950
vt 0.175824 0.969178
vt 0.139460 0.969212
vt 0.139461 0.966477
vt 0.175812 0.966447
vt 0.078788 0.969180
vt 0.036426 0.969094
vt 0.036443 0.966362
vt 0.078791 0.966446
vt 0.003934 0.926326
vt 0.003968 0.940933
vt 0.001455 0.940943
vt 0.001427 0.926328
vt 0.003939 0.882521
vt 0.001437 0.882517
vt 0.214052 0.937561
vt 0.214145 0.952476
vt 0.211608 0.952501
vt 0.211535 0.937568
vt 0.214023 0.893647
vt 0.211511 0.893644
vt 0.288884 0.853818
vt 0.246605 0.853841
vt 0.246591 0.851108
vt 0.288884 0.851083
vt 0.385969 0.853875
vt 0.349755 0.853838
vt 0.349757 0.851104
vt 0.385981 0.851148
vt 0.410886 0.854052
vt 0.410984 0.851333
vt 0.007574 0.968784
vt 0.007664 0.966033
vt 0.849764 0.036466
vt 0.849672 0.078961
vt 0.846937 0.078957
vt 0.847032 0.036448
vt 0.849633 0.136849
vt 0.846898 0.136849
vt 0.849666 0.178895
vt 0.846934 0.178909
vt 0.849888 0.200809
vt 0.847144 0.200910
vt 0.413995 0.854178
vt 0.414229 0.851490
vt 0.217793 0.854137
vt 0.217708 0.851386
vt 0.214193 0.854245
vt 0.214064 0.879257
vt 0.211548 0.879245
vt 0.211767 0.851712
vt 0.003967 0.867965
vt 0.001479 0.867954
vt 0.004066 0.965920
vt 0.001638 0.968448
vt 0.204149 0.968773
vt 0.200892 0.968962
vt 0.200793 0.966218
vt 0.203892 0.966135
vt 0.977707 0.389028
vt 0.977538 0.410963
vt 0.974819 0.410865
vt 0.974980 0.389017
vt 0.977726 0.346992
vt 0.974992 0.346993
vt 0.977693 0.289102
vt 0.974958 0.289104
vt 0.977628 0.246572
vt 0.974894 0.246588
vt 0.949445 0.211505
vt 0.976988 0.211696
vt 0.974457 0.214126
vt 0.949435 0.214023
vt 0.890848 0.211565
vt 0.934796 0.211484
vt 0.934796 0.213997
vt 0.890859 0.214083
vt 0.876149 0.211662
vt 0.876178 0.214200
vt 0.850217 0.004044
vt 0.850104 0.007643
vt 0.847352 0.007552
vt 0.847690 0.001615
vt 0.977320 0.217639
vt 0.974568 0.217727
vt 0.849973 0.203908
vt 0.847334 0.204167
vt 0.849662 0.207594
vt 0.846953 0.207964
vt 0.417743 0.853853
vt 0.418108 0.851083
vt 0.977382 0.414208
vt 0.974694 0.413973
vt 0.977789 0.418085
vt 0.975019 0.417720
vt 0.207945 0.969157
vt 0.207578 0.966448
vt 0.948182 0.001496
vt 0.948170 0.003983
vt 0.949416 0.222583
vt 0.965697 0.250060
vt 0.875228 0.012500
vt 0.012479 0.940910
vt 0.039882 0.957175
vt 0.948152 0.012519
vt 0.078796 0.957243
vt 0.139467 0.957273
vt 0.012470 0.867983
vt 0.078779 0.842519
vt 0.036447 0.842595
vt 0.036414 0.838403
vt 0.078764 0.838325
vt 0.222616 0.937540
vt 0.222660 0.952407
vt 0.222578 0.893654
vt 0.222587 0.879286
vt 0.858952 0.039939
vt 0.250035 0.863039
vt 0.858838 0.136849
vt 0.858877 0.078974
vt 0.890888 0.222686
vt 0.934800 0.222591
vt 0.876266 0.222744
vt 0.851094 0.347047
vt 0.851167 0.389051
vt 0.846987 0.389073
vt 0.846905 0.347052
vt 0.288844 0.977699
vt 0.288851 0.981887
vt 0.973529 0.036503
vt 0.973094 0.007714
vt 0.977311 0.007521
vt 0.977720 0.036472
vt 0.218029 0.977323
vt 0.246623 0.977638
vt 0.246596 0.981813
vt 0.217858 0.981489
vt 0.001660 0.842958
vt 0.001204 0.838748
vt 0.977064 0.003743
vt 0.972983 0.004143
vt 0.214139 0.981306
vt 0.214449 0.977202
vt 0.977382 0.001227
vt 0.973173 0.001682
vt 0.211617 0.981672
vt 0.211999 0.977434
vt 0.204078 0.838887
vt 0.207932 0.838325
vt 0.207407 0.842570
vt 0.203710 0.842944
vt 0.846871 0.418088
vt 0.847415 0.414309
vt 0.851425 0.413921
vt 0.851030 0.417566
vt 0.847198 0.411035
vt 0.851368 0.410857
vt 0.139606 0.838349
vt 0.139583 0.842540
vt 0.977789 0.079019
vt 0.973596 0.079021
vt 0.175861 0.838450
vt 0.200856 0.838695
vt 0.200661 0.842829
vt 0.175835 0.842626
vt 0.977762 0.136908
vt 0.973572 0.136902
vt 0.139557 0.851595
vt 0.078795 0.851583
vt 0.250050 0.968604
vt 0.039895 0.851650
vt 0.964534 0.079026
vt 0.964518 0.136890
vt 0.860103 0.250200
vt 0.964474 0.039981
vt 0.741919 0.587600
vt 0.729986 0.587600
vt 0.729986 0.573007
vt 0.741919 0.573007
vt 0.828622 0.212852
vt 0.840555 0.212852
vt 0.840555 0.237914
vt 0.828622 0.237914
vt 0.830675 0.206438
vt 0.840555 0.206437
vt 0.840555 0.209645
vt 0.828622 0.209645
vt 0.178041 0.822190
vt 0.178041 0.834123
vt 0.136074 0.834123
vt 0.136074 0.822190
vt 0.828622 0.274202
vt 0.840555 0.274202
vt 0.840554 0.334712
vt 0.828622 0.334712
vt 0.828622 0.178041
vt 0.840555 0.178041
vt 0.840555 0.200023
vt 0.828622 0.200023
vt 0.579813 0.849133
vt 0.579813 0.837200
vt 0.623591 0.837200
vt 0.623591 0.849133
vt 0.741919 0.704001
vt 0.729986 0.704001
vt 0.729986 0.660223
vt 0.741919 0.660223
vt 0.741919 0.746207
vt 0.729986 0.746207
vt 0.729986 0.718352
vt 0.741919 0.718352
vt 0.200023 0.822190
vt 0.200023 0.834123
vt 0.334800 0.822190
vt 0.334800 0.834123
vt 0.274079 0.834123
vt 0.274079 0.822190
vt 0.741919 0.620138
vt 0.729986 0.620138
vt 0.729986 0.616494
vt 0.739866 0.616494
vt 0.729986 0.645389
vt 0.741919 0.645389
vt 0.828622 0.136075
vt 0.840555 0.136074
vt 0.376993 0.822190
vt 0.376993 0.834123
vt 0.212852 0.822190
vt 0.212852 0.834123
vt 0.209645 0.834123
vt 0.209645 0.822190
vt 0.729986 0.612851
vt 0.741919 0.612851
vt 0.007054 0.822190
vt 0.007054 0.834123
vt 0.001174 0.834123
vt 0.001174 0.822190
vt 0.828622 0.078342
vt 0.840555 0.078342
vt 0.405820 0.822190
vt 0.405820 0.834123
vt 0.237914 0.834123
vt 0.237914 0.822190
vt 0.840554 0.376993
vt 0.828622 0.376993
vt 0.532440 0.849133
vt 0.532440 0.837200
vt 0.536084 0.837200
vt 0.536084 0.847080
vt 0.035922 0.822190
vt 0.035922 0.834123
vt 0.828623 0.001174
vt 0.840555 0.001174
vt 0.840555 0.007055
vt 0.828623 0.007055
vt 0.203230 0.822190
vt 0.203230 0.834123
vt 0.828623 0.035922
vt 0.840555 0.035922
vt 0.637942 0.849133
vt 0.637942 0.837200
vt 0.665797 0.837200
vt 0.665797 0.849133
vt 0.828622 0.405820
vt 0.840554 0.405820
vt 0.840554 0.411701
vt 0.828621 0.411701
vt 0.434226 0.849133
vt 0.434226 0.837200
vt 0.448818 0.837200
vt 0.448818 0.849133
vt 0.741919 0.514636
vt 0.729986 0.514636
vt 0.729986 0.486781
vt 0.741919 0.486781
vt 0.411701 0.822190
vt 0.411701 0.834123
vt 0.206437 0.824243
vt 0.206437 0.834123
vt 0.078342 0.822190
vt 0.078342 0.834123
vt 0.729986 0.529229
vt 0.741919 0.529229
vt 0.492597 0.849133
vt 0.492597 0.837200
vt 0.507189 0.837200
vt 0.507189 0.849133
vt 0.539727 0.849133
vt 0.539727 0.837200
vt 0.564978 0.837200
vt 0.564978 0.849133
vt 0.406371 0.849133
vt 0.406371 0.837200
vt 0.840555 0.203230
vt 0.828622 0.203230
vt 0.007054 0.414945
vt 0.007054 0.442800
vt 0.001174 0.442800
vt 0.001174 0.414945
vt 0.007054 0.457392
vt 0.001174 0.457392
vt 0.007054 0.501171
vt 0.001173 0.501171
vt 0.007053 0.515763
vt 0.001173 0.515763
vt 0.007053 0.541014
vt 0.001173 0.541014
vt 0.007053 0.544658
vt 0.001173 0.544658
vt 0.007053 0.548301
vt 0.001173 0.548301
vt 0.007053 0.573552
vt 0.001173 0.573552
vt 0.007053 0.588387
vt 0.001173 0.588387
vt 0.007053 0.632165
vt 0.001172 0.632165
vt 0.007052 0.646516
vt 0.001172 0.646516
vt 0.007052 0.674371
vt 0.001172 0.674371
vt 0.035881 0.414945
vt 0.035881 0.442800
vt 0.035881 0.457393
vt 0.035881 0.501171
vt 0.035881 0.515764
vt 0.035880 0.541015
vt 0.035880 0.544658
vt 0.035880 0.548302
vt 0.035880 0.573553
vt 0.035880 0.588387
vt 0.035880 0.632165
vt 0.035880 0.646516
vt 0.035879 0.674371
vt 0.078163 0.414945
vt 0.078155 0.442800
vt 0.078148 0.457393
vt 0.078140 0.501171
vt 0.078133 0.515764
vt 0.078125 0.541015
vt 0.078118 0.544658
vt 0.078110 0.548302
vt 0.078103 0.573553
vt 0.078095 0.588387
vt 0.078088 0.632165
vt 0.078080 0.646517
vt 0.078073 0.674372
vt 0.138673 0.414946
vt 0.138683 0.442801
vt 0.138693 0.457393
vt 0.138703 0.501172
vt 0.138713 0.515764
vt 0.138723 0.541015
vt 0.138733 0.544659
vt 0.138743 0.548302
vt 0.138753 0.573553
vt 0.138763 0.588388
vt 0.138773 0.632166
vt 0.138783 0.646517
vt 0.138793 0.674372
vt 0.174961 0.414946
vt 0.174961 0.442801
vt 0.174961 0.457394
vt 0.174960 0.501172
vt 0.174960 0.515765
vt 0.174960 0.541016
vt 0.174960 0.544659
vt 0.174960 0.548303
vt 0.174960 0.573554
vt 0.174960 0.588388
vt 0.174959 0.632166
vt 0.174959 0.646517
vt 0.174959 0.674372
vt 0.200023 0.414946
vt 0.200023 0.442801
vt 0.200023 0.457394
vt 0.200022 0.501172
vt 0.200022 0.515765
vt 0.200022 0.541016
vt 0.200022 0.544659
vt 0.200022 0.548303
vt 0.200022 0.573554
vt 0.200022 0.588388
vt 0.200021 0.632166
vt 0.200021 0.646518
vt 0.200021 0.674373
vt 0.203230 0.414946
vt 0.203230 0.442801
vt 0.203230 0.457394
vt 0.203229 0.501172
vt 0.203229 0.515765
vt 0.203229 0.541016
vt 0.203229 0.544659
vt 0.203229 0.548303
vt 0.203229 0.573554
vt 0.203229 0.588388
vt 0.203228 0.632166
vt 0.203228 0.646518
vt 0.203228 0.674373
vt 0.206437 0.414946
vt 0.206437 0.442801
vt 0.206437 0.457394
vt 0.206437 0.501172
vt 0.206437 0.515765
vt 0.206436 0.541016
vt 0.206436 0.544659
vt 0.206436 0.548303
vt 0.206436 0.573554
vt 0.206436 0.588388
vt 0.206436 0.632166
vt 0.206436 0.646518
vt 0.206435 0.674373
vt 0.209645 0.414946
vt 0.209644 0.442801
vt 0.209644 0.457394
vt 0.209644 0.501172
vt 0.209644 0.515765
vt 0.209644 0.541016
vt 0.209644 0.544659
vt 0.209644 0.548303
vt 0.209643 0.573554
vt 0.209643 0.588388
vt 0.209643 0.632166
vt 0.209643 0.646518
vt 0.209643 0.674373
vt 0.212852 0.414946
vt 0.212852 0.442801
vt 0.212852 0.457394
vt 0.212851 0.501172
vt 0.212851 0.515765
vt 0.212851 0.541016
vt 0.212851 0.544659
vt 0.212851 0.548303
vt 0.212851 0.573554
vt 0.212851 0.588388
vt 0.212850 0.632166
vt 0.212850 0.646518
vt 0.212850 0.674373
vt 0.234834 0.414946
vt 0.234834 0.442801
vt 0.234834 0.457394
vt 0.234833 0.501172
vt 0.234833 0.515765
vt 0.234833 0.541016
vt 0.234833 0.544660
vt 0.234833 0.548303
vt 0.234833 0.573554
vt 0.234833 0.588389
vt 0.234832 0.632167
vt 0.234832 0.646518
vt 0.234832 0.674373
vt 0.276800 0.414947
vt 0.276800 0.442802
vt 0.276800 0.457394
vt 0.276800 0.501173
vt 0.276800 0.515765
vt 0.276800 0.541017
vt 0.276799 0.544660
vt 0.276799 0.548303
vt 0.276799 0.573554
vt 0.276799 0.588389
vt 0.276799 0.632167
vt 0.276799 0.646518
vt 0.276799 0.674373
vt 0.334533 0.414947
vt 0.334533 0.442802
vt 0.334533 0.457395
vt 0.334532 0.501173
vt 0.334532 0.515766
vt 0.334532 0.541017
vt 0.334532 0.544660
vt 0.334532 0.548304
vt 0.334532 0.573555
vt 0.334532 0.588389
vt 0.334531 0.632167
vt 0.334531 0.646519
vt 0.334531 0.674374
vt 0.376953 0.414947
vt 0.376953 0.442802
vt 0.376953 0.457395
vt 0.376952 0.501174
vt 0.376952 0.515766
vt 0.376952 0.541017
vt 0.376952 0.544661
vt 0.376952 0.548304
vt 0.376952 0.573555
vt 0.376952 0.588390
vt 0.376951 0.632168
vt 0.376951 0.646519
vt 0.376951 0.674374
vt 0.405820 0.414948
vt 0.405820 0.442803
vt 0.405820 0.457395
vt 0.405820 0.501174
vt 0.405820 0.515766
vt 0.405820 0.541017
vt 0.405820 0.544661
vt 0.405819 0.548304
vt 0.405819 0.573555
vt 0.405819 0.588390
vt 0.405819 0.632168
vt 0.405819 0.646519
vt 0.405818 0.674374
vt 0.411701 0.414948
vt 0.411700 0.442803
vt 0.411700 0.457395
vt 0.411700 0.501174
vt 0.411700 0.515766
vt 0.411700 0.541017
vt 0.411700 0.544661
vt 0.411700 0.548304
vt 0.411699 0.573555
vt 0.411699 0.588390
vt 0.411699 0.632168
vt 0.411699 0.646519
vt 0.411699 0.674374
s 0
f 234/545/18 338/546/18 235/547/18 233/548/18
f 238/549/19 234/550/19 233/551/19 237/552/19
f 237/553/20 233/554/20 236/555/20 239/556/20
f 241/557/21 238/549/21 237/552/21 240/558/21
f 242/559/20 240/560/20 237/553/20 239/556/20
f 244/561/21 241/557/21 240/558/21 243/562/21
f 242/559/20 245/563/20 243/564/20 240/560/20
f 247/565/21 244/561/21 243/562/21 246/566/21
f 248/567/20 246/568/20 243/564/20 245/563/20
f 250/569/22 247/570/22 246/571/22 249/572/22
f 248/567/20 252/573/20 249/574/20 246/568/20
f 339/575/23 250/576/23 249/577/23 251/578/23
f 484/579/20 451/580/20 253/581/20 255/582/20
f 454/583/20 256/584/20 253/581/20 451/580/20
f 258/585/18 254/586/18 253/587/18 256/588/18
f 254/586/18 448/589/18 255/590/18 253/587/18
f 259/591/18 258/585/18 256/588/18 257/592/18
f 454/583/20 469/593/20 257/594/20 256/584/20
f 262/595/20 260/596/20 258/597/20 259/598/20
f 260/596/20 263/599/20 254/600/20 258/597/20
f 281/601/20 261/602/20 260/596/20 262/595/20
f 260/596/20 261/602/20 265/603/20 263/599/20
f 263/599/20 265/603/20 267/604/20 264/605/20
f 254/600/20 263/599/20 264/605/20 448/606/20
f 261/602/20 275/607/20 266/608/20 265/603/20
f 265/603/20 266/608/20 269/609/20 267/604/20
f 264/610/24 267/611/24 268/612/24 327/613/24
f 267/611/25 269/614/25 270/615/25 268/612/25
f 269/616/23 266/617/23 272/618/23 270/619/23
f 266/617/23 275/620/23 274/621/23 272/618/23
f 275/620/23 278/622/23 277/623/23 274/621/23
f 278/624/26 281/625/26 280/626/26 277/627/26
f 281/625/21 262/628/21 282/629/21 280/626/21
f 638/630/27 641/631/27 602/632/27 603/633/27
f 288/634/24 287/635/24 284/636/24 285/637/24
f 289/638/20 287/639/20 288/640/20 426/641/20
f 290/642/24 291/643/24 351/644/24 286/645/24
f 291/646/20 290/647/20 292/648/20 293/649/20
f 293/650/21 292/651/21 294/652/21 296/653/21
f 294/654/20 297/655/20 299/656/20 296/657/20
f 300/658/24 302/659/24 299/660/24 297/661/24
f 305/662/20 302/663/20 300/664/20 303/665/20
f 305/666/21 303/667/21 304/668/21 310/669/21
f 306/670/21 307/671/21 309/672/21 308/673/21
f 306/674/20 301/675/20 428/676/20 307/677/20
f 315/678/23 312/679/23 311/680/23 313/681/23
f 312/682/28 305/666/28 310/669/28 311/683/28
f 299/656/20 313/684/20 314/685/20 296/657/20
f 302/659/29 315/686/29 313/687/29 299/660/29
f 312/688/20 315/689/20 302/663/20 305/662/20
f 318/690/23 349/691/23 316/692/23 317/693/23
f 320/694/23 318/690/23 317/693/23 319/695/23
f 322/696/23 320/694/23 319/695/23 321/697/23
f 324/698/30 322/699/30 321/700/30 323/701/30
f 326/702/24 324/698/24 323/701/24 325/703/24
f 341/704/31 326/705/31 325/706/31 271/707/31
f 448/708/32 264/709/32 327/710/32 255/711/32
f 255/582/20 327/712/20 328/713/20
f 484/579/20 255/582/20 328/713/20 457/714/20
f 330/715/20 251/716/20 329/717/20
f 333/718/24 331/719/24 330/720/24 332/721/24
f 331/722/33 339/723/33 251/724/33 330/725/33
f 335/726/24 333/718/24 332/721/24 334/727/24
f 337/728/24 335/726/24 334/727/24 336/729/24
f 338/730/34 337/728/34 336/729/34 235/731/34
f 338/732/20 234/733/20 238/734/20 337/735/20
f 241/736/20 335/737/20 337/735/20 238/734/20
f 333/738/20 335/737/20 241/736/20 244/739/20
f 247/740/20 331/741/20 333/738/20 244/739/20
f 339/742/20 331/741/20 247/740/20 250/743/20
f 340/744/20 355/745/20 324/746/20 326/747/20
f 342/748/20 340/744/20 326/747/20 341/749/20
f 342/750/18 341/751/18 271/752/18 273/753/18
f 343/754/18 342/750/18 273/753/18 276/755/18
f 343/756/20 345/757/20 340/744/20 342/748/20
f 344/758/18 343/754/18 276/755/18 279/759/18
f 347/760/20 345/757/20 343/756/20 344/761/20
f 348/762/20 346/763/20 345/757/20 347/760/20
f 345/757/20 346/763/20 355/745/20 340/744/20
f 348/764/21 347/765/21 283/766/21 350/767/21
f 347/768/35 344/769/35 279/770/35 283/771/35
f 318/772/20 346/763/20 348/762/20 349/773/20
f 349/774/28 348/764/28 350/767/28 316/775/28
f 614/776/36 616/777/36 589/778/36 594/779/36
f 627/780/36 612/781/36 587/782/36 588/783/36
f 291/643/30 353/784/30 352/785/30 351/644/30
f 353/786/23 354/787/23 314/788/23 352/789/23
f 353/790/20 291/646/20 293/649/20 354/791/20
f 354/792/37 293/650/37 296/653/37 314/793/37
f 320/794/20 355/745/20 346/763/20 318/772/20
f 324/746/20 355/745/20 320/794/20 322/795/20
f 363/796/18 421/797/18 364/798/18 362/799/18
f 366/800/18 363/796/18 362/799/18 365/801/18
f 367/802/38 366/803/38 365/804/38 361/805/38
f 367/806/20 369/807/20 363/808/20 366/809/20
f 368/810/21 367/802/21 361/805/21 360/811/21
f 368/812/20 371/813/20 369/807/20 367/806/20
f 363/808/20 369/807/20 370/814/20 421/815/20
f 369/807/20 371/813/20 373/816/20 370/814/20
f 368/812/20 446/817/20 372/818/20 371/813/20
f 371/813/20 372/818/20 374/819/20 373/816/20
f 370/814/20 373/816/20 375/820/20 377/821/20
f 373/816/20 374/819/20 378/822/20 375/820/20
f 377/823/24 375/824/24 376/825/24 419/826/24
f 375/827/39 378/828/39 379/829/39 376/830/39
f 378/831/23 374/832/23 380/833/23 379/834/23
f 380/835/20 383/836/20 381/837/20 379/838/20
f 376/839/20 379/838/20 381/837/20 384/840/20
f 382/841/40 387/842/40 384/843/40 381/844/40
f 443/845/18 382/846/18 381/847/18 383/848/18
f 630/849/41 628/850/41 595/851/41 596/852/41
f 628/850/36 614/776/36 594/779/36 595/851/36
f 387/853/24 389/854/24 386/855/24 384/856/24
f 390/857/20 389/858/20 387/859/20 388/860/20
f 387/859/20 382/861/20 443/862/20 388/860/20
f 389/863/33 391/864/33 393/865/33 386/866/33
f 391/867/20 389/858/20 390/857/20 392/868/20
f 391/869/23 392/870/23 394/871/23 393/872/23
f 470/873/20 398/874/20 396/875/20 460/876/20
f 386/877/20 393/878/20 395/879/20
f 460/876/20 396/875/20 399/880/20 463/881/20
f 423/882/18 397/883/18 396/884/18 398/885/18
f 397/886/32 288/887/32 285/888/32 396/889/32
f 285/890/20 399/880/20 396/875/20
f 604/891/36 627/780/36 588/783/36 592/892/36
f 469/593/20 466/893/20 400/894/20 257/594/20
f 257/594/20 400/894/20 282/895/20
f 402/896/20 403/897/20 401/898/20
f 404/899/21 406/900/21 385/901/21 403/902/21
f 405/903/42 404/904/42 403/905/42 402/906/42
f 405/907/20 409/908/20 407/909/20 404/910/20
f 404/910/20 407/909/20 408/911/20 406/912/20
f 408/913/24 407/914/24 248/915/24 245/916/24
f 407/917/43 409/918/43 252/919/43 248/920/43
f 409/921/23 405/922/23 402/923/23 252/924/23
f 410/925/24 408/913/24 245/916/24 242/926/24
f 406/912/20 408/911/20 410/927/20 411/928/20
f 412/929/24 410/925/24 242/926/24 239/930/24
f 411/928/20 410/927/20 412/931/20 413/932/20
f 414/933/44 412/929/44 239/930/44 236/934/44
f 414/935/20 415/936/20 413/932/20 412/931/20
f 415/937/18 414/938/18 236/939/18 416/940/18
f 413/941/38 415/942/38 416/943/38 417/944/38
f 633/945/45 630/946/45 596/947/45 597/948/45
f 420/949/34 377/823/34 419/826/34 418/950/34
f 421/797/18 420/951/18 418/952/18 364/798/18
f 421/815/20 370/814/20 377/821/20 420/953/20
f 621/954/46 622/955/46 590/956/46 591/957/46
f 411/958/21 413/941/21 417/944/21 422/959/21
f 406/900/21 411/958/21 422/959/21 385/901/21
f 426/960/47 423/961/47 398/962/47 425/963/47
f 478/964/20 472/965/20 394/966/20 434/967/20
f 424/968/20 427/969/20 425/970/20 398/874/20
f 289/971/21 426/960/21 425/963/21 295/972/21
f 427/969/20 298/973/20 295/974/20 425/970/20
f 428/975/24 301/976/24 298/977/24 427/978/24
f 429/979/48 428/975/48 427/978/48 424/980/48
f 307/677/20 428/676/20 429/981/20 430/982/20
f 430/983/18 429/984/18 424/985/18 431/986/18
f 307/987/49 430/988/49 431/989/49 309/990/49
f 431/991/20 356/992/20 309/993/20
f 481/994/20 356/992/20 431/991/20 475/995/20
f 475/995/20 431/991/20 424/968/20 476/996/20
f 435/997/23 433/998/23 432/999/23 434/1000/23
f 433/1001/42 437/1002/42 358/1003/42 432/1004/42
f 357/1005/20 432/1006/20 358/1007/20
f 392/870/23 435/997/23 434/1000/23 394/871/23
f 433/1008/20 435/1009/20 436/1010/20 437/1011/20
f 435/1009/20 392/868/20 390/857/20 436/1010/20
f 437/1011/20 436/1010/20 438/1012/20 439/1013/20
f 436/1010/20 390/857/20 388/860/20 438/1012/20
f 442/1014/20 439/1013/20 438/1012/20 440/1015/20
f 438/1012/20 388/860/20 443/862/20 440/1015/20
f 442/1016/18 440/1017/18 441/1018/18 444/1019/18
f 440/1017/18 443/845/18 383/848/18 441/1018/18
f 439/1020/50 442/1021/50 444/1022/50 359/1023/50
f 445/1024/20 444/1025/20 441/1026/20 447/1027/20
f 445/1024/20 360/1028/20 359/1029/20 444/1025/20
f 372/1030/23 446/1031/23 445/1032/23 447/1033/23
f 446/1034/51 368/1035/51 360/1036/51 445/1037/51
f 374/832/23 372/1030/23 447/1033/23 380/833/23
f 441/1026/20 383/836/20 380/835/20 447/1027/20
f 437/1038/21 439/1039/21 359/1040/21 358/1041/21
f 426/641/20 288/640/20 397/1042/20 423/1043/20
f 262/1044/49 259/1045/49 257/1046/49 282/1047/49
f 278/1048/20 275/607/20 261/602/20 281/601/20
f 303/667/21 306/670/21 308/673/21 304/668/21
f 300/664/20 301/675/20 306/674/20 303/665/20
f 301/976/24 300/658/24 297/661/24 298/977/24
f 298/973/20 297/655/20 294/654/20 295/974/20
f 292/651/21 289/971/21 295/972/21 294/652/21
f 290/647/20 287/639/20 289/638/20 292/648/20
f 287/635/24 290/642/24 286/645/24 284/636/24
f 612/781/36 633/945/36 597/948/36 587/782/36
f 280/1049/20 283/1050/20 279/1051/20 277/1052/20
f 276/1053/20 274/1054/20 277/1052/20 279/1051/20
f 274/1054/20 276/1053/20 273/1055/20 272/1056/20
f 270/1057/20 271/1058/20 325/1059/20 268/1060/20
f 272/1056/20 273/1055/20 271/1058/20 270/1057/20
f 432/1006/20 473/1061/20 478/964/20 434/967/20
f 473/1061/52 474/1062/52 477/1063/52 478/964/52
f 474/1064/53 475/995/53 476/996/53 477/1065/53
f 357/1005/20 479/1066/20 473/1061/20 432/1006/20
f 479/1066/52 480/1067/52 474/1062/52 473/1061/52
f 480/1068/53 481/994/53 475/995/53 474/1064/53
f 424/968/20 398/874/20 470/873/20 476/996/20
f 476/996/53 470/873/53 471/1069/53 477/1065/53
f 477/1063/52 471/1070/52 472/965/52 478/964/52
f 402/896/20 401/898/20 464/1071/20 467/1072/20
f 467/1072/52 464/1071/52 465/1073/52 468/1074/52
f 468/1075/53 465/1076/53 466/893/53 469/593/53
f 641/631/46 618/1077/46 601/1078/46 602/632/46
f 609/1079/46 634/1080/46 599/1081/46 600/1082/46
f 393/878/20 458/1083/20 461/1084/20 395/879/20
f 458/1083/52 459/1085/52 462/1086/52 461/1084/52
f 459/1087/53 460/876/53 463/881/53 462/1088/53
f 394/966/20 472/965/20 458/1083/20 393/878/20
f 472/965/52 471/1070/52 459/1085/52 458/1083/52
f 471/1069/53 470/873/53 460/876/53 459/1087/53
f 251/716/20 482/1089/20 455/1090/20 329/717/20
f 482/1089/52 483/1091/52 456/1092/52 455/1090/52
f 483/1093/53 484/579/53 457/714/53 456/1094/53
f 252/573/20 402/896/20 467/1072/20 452/1095/20
f 452/1095/52 467/1072/52 468/1074/52 453/1096/52
f 453/1097/53 468/1075/53 469/593/53 454/583/53
f 252/573/20 452/1095/20 449/1098/20 249/574/20
f 452/1095/52 453/1096/52 450/1099/52 449/1098/52
f 453/1097/53 454/583/53 451/580/53 450/1100/53
f 251/716/20 249/574/20 449/1098/20 482/1089/20
f 482/1089/52 449/1098/52 450/1099/52 483/1091/52
f 483/1093/53 450/1100/53 451/580/53 484/579/53
f 580/1101/54 491/1102/54 492/1103/54 579/1104/54
f 491/1102/54 493/1105/54 494/1106/54 492/1103/54
f 498/1107/55 495/1108/55 496/1109/55 497/1110/55
f 500/1111/55 501/1112/55 502/1113/55 499/1114/55
f 508/1115/56 505/1116/56 506/1117/56 507/1118/56
f 510/1119/56 508/1115/56 507/1118/56 509/1120/56
f 516/1121/56 514/1122/56 513/1123/56 515/1124/56
f 518/1125/56 516/1121/56 515/1124/56 517/1126/56
f 526/1127/57 523/1128/57 524/1129/57 525/1130/57
f 530/1131/57 527/1132/57 528/1133/57 529/1134/57
f 532/1135/57 530/1131/57 529/1134/57 531/1136/57
f 501/1112/55 489/1137/55 490/1138/55 502/1113/55
f 542/1139/57 539/1140/57 540/1141/57 541/1142/57
f 539/1140/57 537/1143/57 538/1144/57 540/1141/57
f 537/1143/57 535/1145/57 536/1146/57 538/1144/57
f 535/1145/57 533/1147/57 534/1148/57 536/1146/57
f 570/1149/57 532/1135/57 531/1136/57 569/1150/57
f 523/1128/57 543/1151/57 544/1152/57 524/1129/57
f 545/1153/56 519/1154/56 520/1155/56 546/1156/56
f 519/1154/56 518/1125/56 517/1126/56 520/1155/56
f 511/1157/56 510/1119/56 509/1120/56 512/1158/56
f 505/1116/56 503/1159/56 504/1160/56 506/1117/56
f 576/1161/55 547/1162/55 548/1163/55 575/1164/55
f 547/1162/55 498/1107/55 497/1110/55 548/1163/55
f 552/1165/55 549/1166/55 550/1167/55 551/1168/55
f 554/1169/55 552/1165/55 551/1168/55 553/1170/55
f 556/1171/55 554/1169/55 553/1170/55 555/1172/55
f 558/1173/55 556/1171/55 555/1172/55 557/1174/55
f 578/1175/54 560/1176/54 559/1177/54 577/1178/54
f 564/1179/54 561/1180/54 562/1181/54 563/1182/54
f 561/1180/54 578/1175/54 577/1178/54 562/1181/54
f 584/1183/54 564/1179/54 563/1182/54 583/1184/54
f 495/1108/55 500/1111/55 499/1114/55 496/1109/55
f 527/1132/57 526/1127/57 525/1130/57 528/1133/57
f 487/1185/57 521/1186/57 522/1187/57 488/1188/57
f 560/1176/55 485/1189/55 486/1190/55 559/1177/55
f 533/1147/57 565/1191/57 566/1192/57 534/1148/57
f 565/1191/58 567/1193/58 568/1194/58 566/1192/58
f 567/1195/59 570/1149/59 569/1150/59 568/1196/59
f 549/1166/55 571/1197/55 572/1198/55 550/1167/55
f 571/1197/60 573/1199/60 574/1200/60 572/1198/60
f 573/1201/61 576/1161/61 575/1164/61 574/1202/61
f 488/1188/54 580/1101/54 579/1104/54 487/1185/54
f 493/1105/54 581/1203/54 582/1204/54 494/1106/54
f 521/1186/57 542/1139/57 541/1142/57 522/1187/57
f 485/1189/55 558/1173/55 557/1174/55 486/1190/55
f 489/1137/55 504/1160/55 503/1159/55 490/1138/55
f 543/1151/57 545/1153/57 546/1156/57 544/1152/57
f 365/1205/20 577/1178/20 559/1177/20 486/1190/20
f 486/1190/20 557/1174/20 361/1206/20 365/1205/20
f 487/1185/20 579/1104/20 235/1207/20 521/1186/20
f 502/1113/20 490/1138/20 311/1208/20 310/1209/20
f 311/1208/20 490/1138/20 503/1159/20 505/1116/20
f 492/1103/20 494/1106/20 236/555/20 233/554/20
f 235/1207/20 579/1104/20 492/1103/20 233/554/20
f 494/1106/20 582/1204/20 416/1210/20 236/555/20
f 496/1109/20 499/1114/20 304/1211/20 308/1212/20
f 497/1110/20 496/1109/20 308/1212/20 309/993/20
f 548/1163/20 497/1110/20 309/993/20 356/992/20
f 304/1211/20 499/1114/20 502/1113/20 310/1209/20
f 311/1208/20 505/1116/20 508/1115/20 313/684/20
f 313/684/20 508/1115/20 510/1119/20 314/685/20
f 314/685/20 510/1119/20 511/1157/20 352/1213/20
f 624/1214/46 606/1215/46 585/1216/46 593/1217/46
f 516/1121/20 317/1218/20 316/1219/20 514/1122/20
f 518/1125/20 319/1220/20 317/1218/20 516/1121/20
f 321/1221/20 319/1220/20 518/1125/20 519/1154/20
f 321/1221/20 519/1154/20 545/1153/20 543/1151/20
f 521/1186/20 235/1207/20 336/1222/20 542/1139/20
f 323/1223/20 523/1128/20 526/1127/20 325/1059/20
f 543/1151/20 523/1128/20 323/1223/20 321/1221/20
f 268/1060/20 325/1059/20 526/1127/20 527/1132/20
f 327/712/20 268/1060/20 527/1132/20 530/1131/20
f 328/713/20 327/712/20 530/1131/20 532/1135/20
f 457/714/20 328/713/20 532/1135/20 570/1149/20
f 329/717/20 455/1090/20 565/1191/20 533/1147/20
f 330/715/20 329/717/20 533/1147/20 535/1145/20
f 330/715/20 535/1145/20 537/1143/20 332/1224/20
f 334/1225/20 332/1224/20 537/1143/20 539/1140/20
f 336/1222/20 334/1225/20 539/1140/20 542/1139/20
f 575/1164/20 548/1163/20 356/992/20 481/994/20
f 551/1168/20 550/1167/20 357/1005/20 358/1007/20
f 550/1167/20 572/1198/20 479/1066/20 357/1005/20
f 551/1168/20 358/1007/20 359/1029/20 553/1170/20
f 555/1172/20 553/1170/20 359/1029/20 360/1028/20
f 555/1172/20 360/1028/20 361/1206/20 557/1174/20
f 364/1226/20 563/1182/20 562/1181/20 362/1227/20
f 362/1227/20 562/1181/20 577/1178/20 365/1205/20
f 583/1184/20 563/1182/20 364/1226/20 418/1228/20
f 455/1090/52 456/1092/52 567/1193/52 565/1191/52
f 456/1094/53 457/714/53 570/1149/53 567/1195/53
f 572/1198/52 574/1200/52 480/1067/52 479/1066/52
f 574/1202/53 575/1164/53 481/994/53 480/1068/53
f 611/1229/46 617/1230/46 589/1231/46 586/1232/46
f 622/955/46 611/1229/46 586/1232/46 590/956/46
f 625/1233/36 604/891/36 592/892/36 593/1234/36
f 620/1235/36 619/1236/36 601/1237/36 591/1238/36
f 608/1239/36 607/1240/36 585/1241/36 600/1242/36
f 634/1080/62 637/1243/62 598/1244/62 599/1081/62
f 602/1245/36 601/1237/36 619/1236/36 640/1246/36
f 600/1242/36 599/1247/36 635/1248/36 608/1239/36
f 603/1249/63 602/1245/63 640/1246/63 639/1250/63
f 599/1247/64 598/1251/64 636/1252/64 635/1248/64
f 597/1253/65 596/1254/65 631/1255/65 632/1256/65
f 596/1257/66 595/1258/66 629/1259/66 631/1260/66
f 595/1258/46 594/1261/46 615/1262/46 629/1259/46
f 593/1217/46 592/1263/46 605/1264/46 624/1214/46
f 591/1238/36 590/1265/36 623/1266/36 620/1235/36
f 591/957/46 601/1078/46 618/1077/46 621/954/46
f 594/1261/46 589/1231/46 617/1230/46 615/1262/46
f 588/1267/46 587/1268/46 613/1269/46 626/1270/46
f 587/1268/46 597/1253/46 632/1256/46 613/1269/46
f 586/1271/36 589/778/36 616/777/36 610/1272/36
f 590/1265/36 586/1271/36 610/1272/36 623/1266/36
f 593/1234/36 585/1241/36 607/1240/36 625/1233/36
f 600/1082/46 585/1216/46 606/1215/46 609/1079/46
f 592/1263/46 588/1267/46 626/1270/46 605/1264/46
f 284/1273/20 605/1264/20 626/1270/20 285/890/20
f 284/1273/20 286/1274/20 624/1214/20 605/1264/20
f 604/891/20 280/1049/20 282/895/20 627/780/20
f 604/891/20 625/1233/20 283/1050/20 280/1049/20
f 283/1050/20 625/1233/20 607/1240/20 350/1275/20
f 351/1276/20 352/1213/20 609/1079/20 606/1215/20
f 624/1214/20 286/1274/20 351/1276/20 606/1215/20
f 607/1240/20 608/1239/20 316/1219/20 350/1275/20
f 514/1122/20 316/1219/20 608/1239/20 635/1248/20
f 634/1080/20 609/1079/20 352/1213/20 511/1157/20
f 617/1230/20 611/1229/20 384/840/20 386/877/20
f 422/1277/20 623/1266/20 610/1272/20 385/1278/20
f 403/897/20 385/1278/20 610/1272/20 616/777/20
f 622/955/20 376/839/20 384/840/20 611/1229/20
f 627/780/20 282/895/20 400/894/20 612/781/20
f 463/881/20 399/880/20 613/1269/20 632/1256/20
f 633/945/20 612/781/20 400/894/20 466/893/20
f 285/890/20 626/1270/20 613/1269/20 399/880/20
f 614/776/20 628/850/20 464/1071/20 401/898/20
f 395/879/20 615/1262/20 617/1230/20 386/877/20
f 614/776/20 401/898/20 403/897/20 616/777/20
f 395/879/20 461/1084/20 629/1259/20 615/1262/20
f 416/1210/20 582/1204/20 640/1246/20 619/1236/20
f 418/1228/20 419/1279/20 621/954/20 618/1077/20
f 618/1077/20 641/631/20 583/1184/20 418/1228/20
f 619/1236/20 620/1235/20 417/1280/20 416/1210/20
f 417/1280/20 620/1235/20 623/1266/20 422/1277/20
f 621/954/20 419/1279/20 376/839/20 622/955/20
f 628/850/52 630/849/52 465/1073/52 464/1071/52
f 461/1084/52 462/1086/52 631/1260/52 629/1259/52
f 630/946/53 633/945/53 466/893/53 465/1076/53
f 462/1088/53 463/881/53 632/1256/53 631/1255/53
f 514/1122/56 635/1248/56 636/1252/56 513/1123/56
f 634/1080/56 511/1157/56 512/1158/56 637/1243/56
f 581/1203/54 639/1250/54 640/1246/54 582/1204/54
f 638/630/54 584/1183/54 583/1184/54 641/631/54
f 584/1281/23 691/1282/23 681/1283/23 564/1284/23
f 547/1285/24 673/1286/24 648/1287/24 498/1288/24
f 573/1289/24 686/1290/24 687/1291/24 576/1292/24
f 536/1293/21 667/1294/21 668/1295/21 538/1296/21
f 495/1297/24 647/1298/24 649/1299/24 500/1300/24
f 552/1301/24 675/1302/24 674/1303/24 549/1304/24
f 515/1305/18 657/1306/18 658/1307/18 517/1308/18
f 491/1309/23 645/1310/23 646/1311/23 493/1312/23
f 488/1313/23 643/1314/23 689/1315/23 580/1316/23
f 534/1317/21 666/1318/21 667/1294/21 536/1293/21
f 525/1319/21 662/1320/21 663/1321/21 528/1322/21
f 639/1323/23 697/1324/23 693/1325/23 603/1326/23
f 493/1312/23 646/1311/23 690/1327/23 581/1328/23
f 554/1329/24 676/1330/24 675/1302/24 552/1301/24
f 524/1331/21 661/1332/21 662/1320/21 525/1319/21
f 498/1288/24 648/1287/24 647/1298/24 495/1297/24
f 531/1333/21 665/1334/21 684/1335/21 569/1336/21
f 603/1326/23 693/1325/23 696/1337/23 638/1338/23
f 522/1339/21 660/1340/21 643/1341/21 488/1342/21
f 556/1343/24 677/1344/24 676/1330/24 554/1329/24
f 544/1345/21 671/1346/21 661/1332/21 524/1331/21
f 528/1322/21 663/1321/21 664/1347/21 529/1348/21
f 500/1300/24 649/1299/24 650/1349/24 501/1350/24
f 637/1351/18 695/1352/18 692/1353/18 598/1354/18
f 541/1355/21 670/1356/21 660/1340/21 522/1339/21
f 560/1357/24 679/1358/24 642/1359/24 485/1360/24
f 566/1361/21 682/1362/21 666/1318/21 534/1317/21
f 558/1363/24 678/1364/24 677/1344/24 556/1343/24
f 520/1365/18 659/1366/18 672/1367/18 546/1368/18
f 485/1360/24 642/1359/24 678/1364/24 558/1363/24
f 529/1348/21 664/1347/21 665/1334/21 531/1333/21
f 489/1369/24 644/1370/24 651/1371/24 504/1372/24
f 506/1373/18 652/1374/18 653/1375/18 507/1376/18
f 578/1377/23 688/1378/23 679/1379/23 560/1380/23
f 546/1381/21 672/1382/21 671/1346/21 544/1345/21
f 517/1308/18 658/1307/18 659/1366/18 520/1365/18
f 501/1350/24 650/1349/24 644/1370/24 489/1369/24
f 568/1383/21 683/1384/21 682/1362/21 566/1361/21
f 540/1385/21 669/1386/21 670/1356/21 541/1355/21
f 564/1284/23 681/1283/23 680/1387/23 561/1388/23
f 509/1389/18 654/1390/18 655/1391/18 512/1392/18
f 636/1393/18 694/1394/18 656/1395/18 513/1396/18
f 598/1354/18 692/1353/18 694/1394/18 636/1393/18
f 512/1392/18 655/1391/18 695/1352/18 637/1351/18
f 638/1338/23 696/1337/23 691/1282/23 584/1281/23
f 507/1376/18 653/1375/18 654/1390/18 509/1389/18
f 569/1336/21 684/1335/21 683/1384/21 568/1383/21
f 504/1397/18 651/1398/18 652/1374/18 506/1373/18
f 549/1304/24 674/1303/24 685/1399/24 571/1400/24
f 561/1388/23 680/1387/23 688/1378/23 578/1377/23
f 581/1328/23 690/1327/23 697/1324/23 639/1323/23
f 513/1396/18 656/1395/18 657/1306/18 515/1305/18
f 571/1400/24 685/1399/24 686/1290/24 573/1289/24
f 576/1292/24 687/1291/24 673/1286/24 547/1285/24
f 538/1296/21 668/1295/21 669/1386/21 540/1385/21
f 580/1316/23 689/1315/23 645/1310/23 491/1309/23
f 644/1401/67 698/1402/67 652/1403/67 651/1404/67
f 698/1402/67 713/1405/67 653/1406/67 652/1403/67
f 713/1405/67 728/1407/67 654/1408/67 653/1406/67
f 728/1407/67 743/1409/67 655/1410/67 654/1408/67
f 743/1409/67 758/1411/67 695/1412/67 655/1410/67
f 758/1411/67 773/1413/67 692/1414/67 695/1412/67
f 773/1413/67 788/1415/67 694/1416/67 692/1414/67
f 788/1415/67 803/1417/67 656/1418/67 694/1416/67
f 803/1417/67 818/1419/67 657/1420/67 656/1418/67
f 818/1419/67 833/1421/67 658/1422/67 657/1420/67
f 833/1421/67 848/1423/67 659/1424/67 658/1422/67
f 848/1423/67 671/1425/67 672/1426/67 659/1424/67
f 650/1427/67 699/1428/67 698/1402/67 644/1401/67
f 699/1428/67 714/1429/67 713/1405/67 698/1402/67
f 714/1429/67 729/1430/67 728/1407/67 713/1405/67
f 729/1430/67 744/1431/67 743/1409/67 728/1407/67
f 744/1431/67 759/1432/67 758/1411/67 743/1409/67
f 759/1432/67 774/1433/67 773/1413/67 758/1411/67
f 774/1433/67 789/1434/67 788/1415/67 773/1413/67
f 789/1434/67 804/1435/67 803/1417/67 788/1415/67
f 804/1435/67 819/1436/67 818/1419/67 803/1417/67
f 819/1436/67 834/1437/67 833/1421/67 818/1419/67
f 834/1437/67 849/1438/67 848/1423/67 833/1421/67
f 849/1438/67 661/1439/67 671/1425/67 848/1423/67
f 649/1440/67 700/1441/67 699/1428/67 650/1427/67
f 700/1441/67 715/1442/67 714/1429/67 699/1428/67
f 715/1442/67 730/1443/67 729/1430/67 714/1429/67
f 730/1443/67 745/1444/67 744/1431/67 729/1430/67
f 745/1444/67 760/1445/67 759/1432/67 744/1431/67
f 760/1445/67 775/1446/67 774/1433/67 759/1432/67
f 775/1446/67 790/1447/67 789/1434/67 774/1433/67
f 790/1447/67 805/1448/67 804/1435/67 789/1434/67
f 805/1448/67 820/1449/67 819/1436/67 804/1435/67
f 820/1449/67 835/1450/67 834/1437/67 819/1436/67
f 835/1450/67 850/1451/67 849/1438/67 834/1437/67
f 850/1451/67 662/1452/67 661/1439/67 849/1438/67
f 647/1453/67 701/1454/67 700/1441/67 649/1440/67
f 701/1454/67 716/1455/67 715/1442/67 700/1441/67
f 716/1455/67 731/1456/67 730/1443/67 715/1442/67
f 731/1456/67 746/1457/67 745/1444/67 730/1443/67
f 746/1457/67 761/1458/67 760/1445/67 745/1444/67
f 761/1458/67 776/1459/67 775/1446/67 760/1445/67
f 776/1459/67 791/1460/67 790/1447/67 775/1446/67
f 791/1460/67 806/1461/67 805/1448/67 790/1447/67
f 806/1461/67 821/1462/67 820/1449/67 805/1448/67
f 821/1462/67 836/1463/67 835/1450/67 820/1449/67
f 836/1463/67 851/1464/67 850/1451/67 835/1450/67
f 851/1464/67 663/1465/67 662/1452/67 850/1451/67
f 648/1466/67 702/1467/67 701/1454/67 647/1453/67
f 702/1467/67 717/1468/67 716/1455/67 701/1454/67
f 717/1468/67 732/1469/67 731/1456/67 716/1455/67
f 732/1469/67 747/1470/67 746/1457/67 731/1456/67
f 747/1470/67 762/1471/67 761/1458/67 746/1457/67
f 762/1471/67 777/1472/67 776/1459/67 761/1458/67
f 777/1472/67 792/1473/67 791/1460/67 776/1459/67
f 792/1473/67 807/1474/67 806/1461/67 791/1460/67
f 807/1474/67 822/1475/67 821/1462/67 806/1461/67
f 822/1475/67 837/1476/67 836/1463/67 821/1462/67
f 837/1476/67 852/1477/67 851/1464/67 836/1463/67
f 852/1477/67 664/1478/67 663/1465/67 851/1464/67
f 673/1479/67 703/1480/67 702/1467/67 648/1466/67
f 703/1480/67 718/1481/67 717/1468/67 702/1467/67
f 718/1481/67 733/1482/67 732/1469/67 717/1468/67
f 733/1482/67 748/1483/67 747/1470/67 732/1469/67
f 748/1483/67 763/1484/67 762/1471/67 747/1470/67
f 763/1484/67 778/1485/67 777/1472/67 762/1471/67
f 778/1485/67 793/1486/67 792/1473/67 777/1472/67
f 793/1486/67 808/1487/67 807/1474/67 792/1473/67
f 808/1487/67 823/1488/67 822/1475/67 807/1474/67
f 823/1488/67 838/1489/67 837/1476/67 822/1475/67
f 838/1489/67 853/1490/67 852/1477/67 837/1476/67
f 853/1490/67 665/1491/67 664/1478/67 852/1477/67
f 687/1492/67 704/1493/67 703/1480/67 673/1479/67
f 704/1493/67 719/1494/67 718/1481/67 703/1480/67
f 719/1494/67 734/1495/67 733/1482/67 718/1481/67
f 734/1495/67 749/1496/67 748/1483/67 733/1482/67
f 749/1496/67 764/1497/67 763/1484/67 748/1483/67
f 764/1497/67 779/1498/67 778/1485/67 763/1484/67
f 779/1498/67 794/1499/67 793/1486/67 778/1485/67
f 794/1499/67 809/1500/67 808/1487/67 793/1486/67
f 809/1500/67 824/1501/67 823/1488/67 808/1487/67
f 824/1501/67 839/1502/67 838/1489/67 823/1488/67
f 839/1502/67 854/1503/67 853/1490/67 838/1489/67
f 854/1503/67 684/1504/67 665/1491/67 853/1490/67
f 686/1505/67 705/1506/67 704/1493/67 687/1492/67
f 705/1506/67 720/1507/67 719/1494/67 704/1493/67
f 720/1507/67 735/1508/67 734/1495/67 719/1494/67
f 735/1508/67 750/1509/67 749/1496/67 734/1495/67
f 750/1509/67 765/1510/67 764/1497/67 749/1496/67
f 765/1510/67 780/1511/67 779/1498/67 764/1497/67
f 780/1511/67 795/1512/67 794/1499/67 779/1498/67
f 795/1512/67 810/1513/67 809/1500/67 794/1499/67
f 810/1513/67 825/1514/67 824/1501/67 809/1500/67
f 825/1514/67 840/1515/67 839/1502/67 824/1501/67
f 840/1515/67 855/1516/67 854/1503/67 839/1502/67
f 855/1516/67 683/1517/67 684/1504/67 854/1503/67
f 685/1518/67 706/1519/67 705/1506/67 686/1505/67
f 706/1519/67 721/1520/67 720/1507/67 705/1506/67
f 721/1520/67 736/1521/67 735/1508/67 720/1507/67
f 736/1521/67 751/1522/67 750/1509/67 735/1508/67
f 751/1522/67 766/1523/67 765/1510/67 750/1509/67
f 766/1523/67 781/1524/67 780/1511/67 765/1510/67
f 781/1524/67 796/1525/67 795/1512/67 780/1511/67
f 796/1525/67 811/1526/67 810/1513/67 795/1512/67
f 811/1526/67 826/1527/67 825/1514/67 810/1513/67
f 826/1527/67 841/1528/67 840/1515/67 825/1514/67
f 841/1528/67 856/1529/67 855/1516/67 840/1515/67
f 856/1529/67 682/1530/67 683/1517/67 855/1516/67
f 674/1531/67 707/1532/67 706/1519/67 685/1518/67
f 707/1532/67 722/1533/67 721/1520/67 706/1519/67
f 722/1533/67 737/1534/67 736/1521/67 721/1520/67
f 737/1534/67 752/1535/67 751/1522/67 736/1521/67
f 752/1535/67 767/1536/67 766/1523/67 751/1522/67
f 767/1536/67 782/1537/67 781/1524/67 766/1523/67
f 782/1537/67 797/1538/67 796/1525/67 781/1524/67
f 797/1538/67 812/1539/67 811/1526/67 796/1525/67
f 812/1539/67 827/1540/67 826/1527/67 811/1526/67
f 827/1540/67 842/1541/67 841/1528/67 826/1527/67
f 842/1541/67 857/1542/67 856/1529/67 841/1528/67
f 857/1542/67 666/1543/67 682/1530/67 856/1529/67
f 675/1544/67 708/1545/67 707/1532/67 674/1531/67
f 708/1545/67 723/1546/67 722/1533/67 707/1532/67
f 723/1546/67 738/1547/67 737/1534/67 722/1533/67
f 738/1547/67 753/1548/67 752/1535/67 737/1534/67
f 753/1548/67 768/1549/67 767/1536/67 752/1535/67
f 768/1549/67 783/1550/67 782/1537/67 767/1536/67
f 783/1550/67 798/1551/67 797/1538/67 782/1537/67
f 798/1551/67 813/1552/67 812/1539/67 797/1538/67
f 813/1552/67 828/1553/67 827/1540/67 812/1539/67
f 828/1553/67 843/1554/67 842/1541/67 827/1540/67
f 843/1554/67 858/1555/67 857/1542/67 842/1541/67
f 858/1555/67 667/1556/67 666/1543/67 857/1542/67
f 676/1557/67 709/1558/67 708/1545/67 675/1544/67
f 709/1558/67 724/1559/67 723/1546/67 708/1545/67
f 724/1559/67 739/1560/67 738/1547/67 723/1546/67
f 739/1560/67 754/1561/67 753/1548/67 738/1547/67
f 754/1561/67 769/1562/67 768/1549/67 753/1548/67
f 769/1562/67 784/1563/67 783/1550/67 768/1549/67
f 784/1563/67 799/1564/67 798/1551/67 783/1550/67
f 799/1564/67 814/1565/67 813/1552/67 798/1551/67
f 814/1565/67 829/1566/67 828/1553/67 813/1552/67
f 829/1566/67 844/1567/67 843/1554/67 828/1553/67
f 844/1567/67 859/1568/67 858/1555/67 843/1554/67
f 859/1568/67 668/1569/67 667/1556/67 858/1555/67
f 677/1570/67 710/1571/67 709/1558/67 676/1557/67
f 710/1571/67 725/1572/67 724/1559/67 709/1558/67
f 725/1572/67 740/1573/67 739/1560/67 724/1559/67
f 740/1573/67 755/1574/67 754/1561/67 739/1560/67
f 755/1574/67 770/1575/67 769/1562/67 754/1561/67
f 770/1575/67 785/1576/67 784/1563/67 769/1562/67
f 785/1576/67 800/1577/67 799/1564/67 784/1563/67
f 800/1577/67 815/1578/67 814/1565/67 799/1564/67
f 815/1578/67 830/1579/67 829/1566/67 814/1565/67
f 830/1579/67 845/1580/67 844/1567/67 829/1566/67
f 845/1580/67 860/1581/67 859/1568/67 844/1567/67
f 860/1581/67 669/1582/67 668/1569/67 859/1568/67
f 678/1583/67 711/1584/67 710/1571/67 677/1570/67
f 711/1584/67 726/1585/67 725/1572/67 710/1571/67
f 726/1585/67 741/1586/67 740/1573/67 725/1572/67
f 741/1586/67 756/1587/67 755/1574/67 740/1573/67
f 756/1587/67 771/1588/67 770/1575/67 755/1574/67
f 771/1588/67 786/1589/67 785/1576/67 770/1575/67
f 786/1589/67 801/1590/67 800/1577/67 785/1576/67
f 801/1590/67 816/1591/67 815/1578/67 800/1577/67
f 816/1591/67 831/1592/67 830/1579/67 815/1578/67
f 831/1592/67 846/1593/67 845/1580/67 830/1579/67
f 846/1593/67 861/1594/67 860/1581/67 845/1580/67
f 861/1594/67 670/1595/67 669/1582/67 860/1581/67
f 642/1596/67 712/1597/67 711/1584/67 678/1583/67
f 712/1597/67 727/1598/67 726/1585/67 711/1584/67
f 727/1598/67 742/1599/67 741/1586/67 726/1585/67
f 742/1599/67 757/1600/67 756/1587/67 741/1586/67
f 757/1600/67 772/1601/67 771/1588/67 756/1587/67
f 772/1601/67 787/1602/67 786/1589/67 771/1588/67
f 787/1602/67 802/1603/67 801/1590/67 786/1589/67
f 802/1603/67 817/1604/67 816/1591/67 801/1590/67
f 817/1604/67 832/1605/67 831/1592/67 816/1591/67
f 832/1605/67 847/1606/67 846/1593/67 831/1592/67
f 847/1606/67 862/1607/67 861/1594/67 846/1593/67
f 862/1607/67 660/1608/67 670/1595/67 861/1594/67
f 679/1609/67 688/1610/67 712/1597/67 642/1596/67
f 688/1610/67 680/1611/67 727/1598/67 712/1597/67
f 680/1611/67 681/1612/67 742/1599/67 727/1598/67
f 681/1612/67 691/1613/67 757/1600/67 742/1599/67
f 691/1613/67 696/1614/67 772/1601/67 757/1600/67
f 696/1614/67 693/1615/67 787/1602/67 772/1601/67
f 693/1615/67 697/1616/67 802/1603/67 787/1602/67
f 697/1616/67 690/1617/67 817/1604/67 802/1603/67
f 690/1617/67 646/1618/67 832/1605/67 817/1604/67
f 646/1618/67 645/1619/67 847/1606/67 832/1605/67
f 645/1619/67 689/1620/67 862/1607/67 847/1606/67
f 689/1620/67 643/1621/67 660/1608/67 862/1607/67
o Pipes
v -4.588618 0.326288 0.001309
v -4.585118 0.313293 -0.000000
v -4.598179 0.335800 0.002268
v -4.576598 0.333192 0.002005
v -4.588618 0.324491 0.019140
v -4.585118 0.311496 0.017830
v -4.598179 0.334004 0.020098
v -4.611239 0.337486 0.020449
v -4.624300 0.334004 0.020098
v -4.611239 0.339282 0.002619
v -4.624300 0.335800 0.002268
v -4.611239 0.353091 0.004011
v -4.591239 0.347759 0.003473
v -4.611206 0.321412 0.318071
v -4.631239 0.347759 0.003473
v -4.631193 0.316004 0.318164
v -4.645881 0.333192 0.002005
v -4.645833 0.301432 0.316740
v -4.651239 0.313293 0.000000
v -4.633861 0.326288 0.001309
v -4.637361 0.313293 0.000000
v -4.633861 0.324491 0.019140
v -4.637361 0.311496 0.017830
v -4.633861 0.298501 0.016521
v -4.624300 0.288988 0.015562
v -4.633861 0.300298 -0.001309
v -4.624300 0.290785 -0.002268
v -4.645881 0.293394 -0.002005
v -4.645866 0.261822 0.311169
v -4.631239 0.278826 -0.003473
v -4.631250 0.247397 0.308515
v -4.611239 0.273494 -0.004011
v -4.611273 0.242192 0.306929
v -4.591239 0.278826 -0.003473
v -4.611239 0.287303 -0.002619
v -4.598179 0.290785 -0.002268
v -4.611239 0.285506 0.015211
v -4.598179 0.288988 0.015562
v -4.588618 0.298501 0.016521
v -4.588618 0.300298 -0.001309
v -4.576598 0.293394 -0.002005
v -4.576646 0.262172 0.308260
v -4.571239 0.313293 -0.000000
v -4.571275 0.282005 0.310821
v -4.576612 0.301783 0.313831
v -4.544711 0.225889 0.619573
v -4.550020 0.245625 0.622896
v -4.550019 0.205963 0.617704
v -4.484585 0.200754 0.931611
v -4.490139 0.220634 0.933237
v -4.489630 0.180672 0.931564
v -4.450616 0.200637 1.250000
v -4.456292 0.220549 1.250000
v -4.455657 0.180554 1.250000
v -4.484588 0.200637 1.568421
v -4.490200 0.220549 1.567581
v -4.489573 0.180554 1.567675
v -4.544721 0.200637 1.880505
v -4.550342 0.220549 1.879724
v -4.549714 0.180554 1.879811
v -4.571281 0.200637 2.189217
v -4.576952 0.220549 2.188973
v -4.576318 0.180554 2.189001
v -4.571244 0.200637 2.500000
v -4.576920 0.220549 2.500000
v -4.576286 0.180554 2.500000
v -4.571281 0.200637 2.810783
v -4.576952 0.220549 2.811027
v -4.576318 0.180554 2.810999
v -4.544721 0.200637 3.119495
v -4.550342 0.220549 3.120276
v -4.549714 0.180554 3.120189
v -4.484588 0.200637 3.431579
v -4.490200 0.220549 3.432419
v -4.489573 0.180554 3.432325
v -4.450616 0.200637 3.750000
v -4.456292 0.220549 3.750000
v -4.455657 0.180554 3.750000
v -4.484585 0.200754 4.068389
v -4.490139 0.220634 4.066763
v -4.489630 0.180672 4.068437
v -4.544711 0.225889 4.380427
v -4.550020 0.245625 4.377104
v -4.550019 0.205963 4.382296
v -4.571275 0.282005 4.689179
v -4.576612 0.301783 4.686169
v -4.576646 0.262172 4.691740
v -4.571239 0.313293 5.000000
v -4.576598 0.333192 4.997995
v -4.576598 0.293394 5.002005
v -4.585118 0.313293 5.000000
v -4.588618 0.326288 4.998691
v -4.588618 0.300298 5.001309
v -4.585118 0.311496 4.982170
v -4.588618 0.324490 4.980860
v -4.588618 0.298501 4.983479
v -4.598179 0.288988 4.984438
v -4.611239 0.285506 4.984789
v -4.598179 0.290785 5.002268
v -4.611239 0.287303 5.002619
v -4.591239 0.278826 5.003473
v -4.591286 0.247600 4.693164
v -4.611239 0.273494 5.004011
v -4.611273 0.242192 4.693071
v -4.631239 0.278826 5.003473
v -4.631250 0.247397 4.691485
v -4.645881 0.293394 5.002005
v -4.624300 0.290785 5.002268
v -4.633861 0.300298 5.001309
v -4.624300 0.288988 4.984438
v -4.633861 0.298501 4.983479
v -4.637361 0.311496 4.982170
v -4.633861 0.324490 4.980860
v -4.637361 0.313293 5.000000
v -4.633861 0.326288 4.998691
v -4.651239 0.313293 5.000000
v -4.651204 0.281599 4.685821
v -4.645881 0.333192 4.997995
v -4.645833 0.301432 4.683260
v -4.631239 0.347759 4.996527
v -4.631193 0.316004 4.681836
v -4.611239 0.353091 4.995989
v -4.624300 0.335800 4.997732
v -4.611239 0.339282 4.997381
v -4.624300 0.334003 4.979901
v -4.611239 0.337485 4.979550
v -4.598179 0.334003 4.979901
v -4.598179 0.335800 4.997732
v -4.591239 0.347759 4.996527
v -4.591228 0.316207 4.683515
v -4.564524 0.259882 4.373217
v -4.611206 0.321412 4.681929
v -4.584336 0.264839 4.369807
v -4.524652 0.239964 4.060827
v -4.604148 0.259170 4.367790
v -4.544362 0.234235 4.058106
v -4.618650 0.244392 4.367704
v -4.558654 0.219333 4.056563
v -4.623959 0.224466 4.369573
v -4.563699 0.199252 4.056611
v -4.618649 0.204731 4.372896
v -4.558145 0.179371 4.058237
v -4.604146 0.190474 4.376783
v -4.645866 0.261822 4.688831
v -4.543479 0.165019 4.061005
v -4.584334 0.185516 4.380193
v -4.523632 0.160041 4.064173
v -4.564522 0.191186 4.382210
v -4.503922 0.165770 4.066894
v -4.470065 0.165683 3.750000
v -4.503821 0.165683 3.434458
v -4.489977 0.160008 3.750000
v -4.523515 0.160008 3.437406
v -4.510060 0.165049 3.750000
v -4.543376 0.165049 3.440379
v -4.524931 0.179456 3.750000
v -4.558083 0.179456 3.442581
v -4.530606 0.199369 3.750000
v -4.563696 0.199369 3.443421
v -4.525565 0.219451 3.750000
v -4.558710 0.219451 3.442675
v -4.511158 0.234322 3.750000
v -4.544462 0.234322 3.440542
v -4.491245 0.239998 3.750000
v -4.524769 0.239998 3.437594
v -4.471163 0.234956 3.750000
v -4.504908 0.234956 3.434621
v -4.504805 0.234986 4.063995
v -4.565072 0.234956 3.122323
v -4.591809 0.234956 2.811665
v -4.584963 0.239998 3.125087
v -4.611873 0.239998 2.812527
v -4.604686 0.234322 3.127828
v -4.631767 0.234322 2.813382
v -4.618956 0.219451 3.129811
v -4.646161 0.219451 2.814001
v -4.623949 0.199369 3.130505
v -4.651197 0.199369 2.814217
v -4.618328 0.179456 3.129724
v -4.645527 0.179456 2.813973
v -4.603598 0.165049 3.127677
v -4.630670 0.165049 2.813335
v -4.583707 0.160008 3.124913
v -4.610606 0.160008 2.812473
v -4.563984 0.165683 3.122172
v -4.590712 0.165683 2.811618
v -4.590693 0.165683 2.500000
v -4.590712 0.165683 2.188382
v -4.610605 0.160008 2.500000
v -4.610606 0.160008 2.187527
v -4.630688 0.165049 2.500000
v -4.630670 0.165049 2.186665
v -4.645559 0.179456 2.500000
v -4.645527 0.179456 2.186027
v -4.651235 0.199369 2.500000
v -4.651197 0.199369 2.185783
v -4.646193 0.219451 2.500000
v -4.646161 0.219451 2.185999
v -4.631786 0.234322 2.500000
v -4.631767 0.234322 2.186618
v -4.611874 0.239998 2.500000
v -4.611873 0.239998 2.187473
v -4.591791 0.234956 2.500000
v -4.591809 0.234956 2.188335
v -4.565072 0.234956 1.877677
v -4.504908 0.234956 1.565379
v -4.584963 0.239998 1.874913
v -4.524769 0.239998 1.562406
v -4.604686 0.234322 1.872172
v -4.544462 0.234322 1.559458
v -4.618956 0.219451 1.870189
v -4.558710 0.219451 1.557325
v -4.623949 0.199369 1.869495
v -4.563696 0.199369 1.556579
v -4.618328 0.179456 1.870276
v -4.558083 0.179456 1.557419
v -4.603598 0.165049 1.872323
v -4.543376 0.165049 1.559621
v -4.583707 0.160008 1.875087
v -4.523515 0.160008 1.562594
v -4.563984 0.165683 1.877828
v -4.503821 0.165683 1.565542
v -4.470065 0.165683 1.250000
v -4.503922 0.165770 0.933106
v -4.489977 0.160008 1.250000
v -4.523632 0.160041 0.935827
v -4.510060 0.165049 1.250000
v -4.543479 0.165019 0.938995
v -4.524931 0.179456 1.250000
v -4.558145 0.179371 0.941763
v -4.530606 0.199369 1.250000
v -4.563699 0.199252 0.943389
v -4.525565 0.219451 1.250000
v -4.558654 0.219333 0.943436
v -4.511158 0.234322 1.250000
v -4.544362 0.234235 0.941894
v -4.491245 0.239998 1.250000
v -4.524652 0.239964 0.939173
v -4.471163 0.234956 1.250000
v -4.504805 0.234986 0.936005
v -4.564524 0.259882 0.626783
v -4.591228 0.316207 0.316485
v -4.584336 0.264839 0.630193
v -4.604148 0.259170 0.632210
v -4.618650 0.244392 0.632296
v -4.623959 0.224466 0.630427
v -4.651204 0.281599 0.314179
v -4.618649 0.204731 0.627104
v -4.604146 0.190474 0.623217
v -4.584334 0.185516 0.619807
v -4.564522 0.191186 0.617790
v -4.591286 0.247600 0.306836
v -4.334054 0.254079 0.000000
v -4.322515 0.211018 -0.000000
v -4.365576 0.285602 0.000000
v -4.322034 0.261018 0.000000
v -4.334054 0.254079 0.017921
v -4.322515 0.211018 0.017921
v -4.365576 0.285602 0.017921
v -4.408637 0.297140 0.017921
v -4.451697 0.285602 0.017921
v -4.408637 0.297140 -0.000000
v -4.451697 0.285602 -0.000000
v -4.408637 0.311018 0.000000
v -4.358637 0.297621 0.000000
v -4.408658 0.310959 0.309038
v -4.458637 0.297621 0.000000
v -4.458652 0.297580 0.310119
v -4.495239 0.261019 0.000000
v -4.495243 0.261007 0.311839
v -4.508636 0.211019 0.000000
v -4.483220 0.254079 -0.000000
v -4.494758 0.211019 0.000000
v -4.483220 0.254079 0.017921
v -4.494758 0.211019 0.017921
v -4.483220 0.167958 0.017921
v -4.451697 0.136435 0.017921
v -4.483220 0.167958 -0.000000
v -4.451697 0.136435 -0.000000
v -4.495239 0.161019 0.000000
v -4.495222 0.161067 0.315301
v -4.458637 0.124416 0.000000
v -4.458614 0.124479 0.316116
v -4.408637 0.111018 0.000000
v -4.408615 0.111078 0.315962
v -4.358637 0.124416 0.000000
v -4.408637 0.124897 -0.000000
v -4.365576 0.136435 0.000000
v -4.408637 0.124897 0.017921
v -4.365576 0.136435 0.017921
v -4.334054 0.167958 0.017921
v -4.334054 0.167958 0.000000
v -4.322034 0.161018 0.000000
v -4.322030 0.161030 0.313161
v -4.308637 0.211018 -0.000000
v -4.308644 0.210997 0.311265
v -4.322052 0.260970 0.309699
v -4.301423 0.232003 0.614819
v -4.314994 0.281761 0.610399
v -4.314507 0.182433 0.621967
v -4.244645 0.283233 0.922401
v -4.258203 0.333003 0.918085
v -4.257572 0.233812 0.930762
v -4.204208 0.313070 1.250184
v -4.217443 0.363114 1.250160
v -4.217770 0.263114 1.250158
v -4.246189 0.283154 1.579895
v -4.259748 0.332980 1.583513
v -4.259015 0.233692 1.571617
v -4.316882 0.236574 1.887985
v -4.330269 0.286514 1.890501
v -4.330062 0.186877 1.881991
v -4.328061 0.229827 2.189489
v -4.341238 0.279885 2.189220
v -4.341673 0.179886 2.189224
v -4.328467 0.237119 2.500000
v -4.341647 0.287177 2.500000
v -4.342083 0.187177 2.500000
v -4.328061 0.229827 2.810511
v -4.341238 0.279885 2.810780
v -4.341673 0.179886 2.810776
v -4.316882 0.236574 3.112015
v -4.330269 0.286514 3.109499
v -4.330062 0.186877 3.118009
v -4.246189 0.283154 3.420105
v -4.259748 0.332980 3.416487
v -4.259015 0.233692 3.428383
v -4.204208 0.313070 3.749816
v -4.217443 0.363114 3.749840
v -4.217770 0.263114 3.749842
v -4.244645 0.283233 4.077599
v -4.258203 0.333003 4.081915
v -4.257572 0.233812 4.069238
v -4.301423 0.232003 4.385180
v -4.314994 0.281761 4.389601
v -4.314507 0.182433 4.378033
v -4.308644 0.210997 4.688735
v -4.322052 0.260970 4.690301
v -4.322030 0.161030 4.686839
v -4.308637 0.211018 5.000000
v -4.322034 0.261018 5.000000
v -4.322034 0.161018 5.000000
v -4.322515 0.211018 5.000000
v -4.334054 0.254079 5.000000
v -4.334054 0.167958 5.000000
v -4.322515 0.211018 4.982080
v -4.334054 0.254079 4.982080
v -4.334054 0.167958 4.982080
v -4.365576 0.136435 4.982080
v -4.408637 0.124897 4.982080
v -4.365576 0.136435 5.000000
v -4.408637 0.124897 5.000000
v -4.358637 0.124416 5.000000
v -4.358622 0.124457 4.685119
v -4.408637 0.111018 5.000000
v -4.408615 0.111078 4.684038
v -4.458637 0.124416 5.000000
v -4.458614 0.124479 4.683884
v -4.495239 0.161019 5.000000
v -4.451697 0.136435 5.000000
v -4.483220 0.167958 5.000000
v -4.451697 0.136435 4.982080
v -4.483220 0.167958 4.982080
v -4.494758 0.211019 4.982080
v -4.483220 0.254079 4.982080
v -4.494758 0.211019 5.000000
v -4.483220 0.254079 5.000000
v -4.508636 0.211019 5.000000
v -4.508629 0.211040 4.686265
v -4.495239 0.261019 5.000000
v -4.495243 0.261007 4.688161
v -4.458637 0.297621 5.000000
v -4.458652 0.297580 4.689881
v -4.408637 0.311018 5.000000
v -4.451697 0.285602 5.000000
v -4.408637 0.297140 5.000000
v -4.451697 0.285602 4.982080
v -4.408637 0.297140 4.982080
v -4.365576 0.285602 4.982080
v -4.365576 0.285602 5.000000
v -4.358637 0.297621 5.000000
v -4.358659 0.297558 4.691116
v -4.351584 0.318372 4.390109
v -4.408658 0.310959 4.690962
v -4.401389 0.332028 4.386569
v -4.344120 0.383726 4.075177
v -4.451062 0.319070 4.379928
v -4.393458 0.371088 4.065929
v -4.487295 0.282969 4.371967
v -4.429407 0.335258 4.055762
v -4.500379 0.233399 4.364820
v -4.442334 0.285837 4.047401
v -4.486808 0.183641 4.360399
v -4.428777 0.236067 4.043085
v -4.450218 0.147030 4.359891
v -4.495222 0.161067 4.684699
v -4.392366 0.199284 4.043972
v -4.400414 0.133374 4.363431
v -4.342859 0.185344 4.049823
v -4.350740 0.146332 4.370072
v -4.293521 0.197982 4.059071
v -4.254492 0.226632 3.749910
v -4.294788 0.197848 3.439105
v -4.304535 0.213398 3.750002
v -4.343924 0.185225 3.449396
v -4.354491 0.226959 3.750094
v -4.393254 0.199206 3.456500
v -4.390974 0.263681 3.750160
v -4.429564 0.236045 3.458513
v -4.404207 0.313725 3.750184
v -4.443121 0.285870 3.454895
v -4.390646 0.363681 3.750158
v -4.430295 0.335332 3.446617
v -4.353924 0.400163 3.750090
v -4.394523 0.371177 3.435895
v -4.303881 0.413397 3.749998
v -4.345387 0.383799 3.425604
v -4.253924 0.399836 3.749906
v -4.296056 0.369818 3.418500
v -4.294613 0.369786 4.081028
v -4.366636 0.323314 3.111138
v -4.377673 0.316647 2.811510
v -4.416239 0.337114 3.116490
v -4.427605 0.330262 2.812505
v -4.465786 0.324217 3.124123
v -4.477653 0.317082 2.813498
v -4.502001 0.288077 3.131991
v -4.514407 0.280639 2.814224
v -4.515181 0.238380 3.137985
v -4.528019 0.230698 2.814489
v -4.501793 0.188440 3.140501
v -4.514842 0.180640 2.814220
v -4.465426 0.151640 3.138862
v -4.478406 0.143878 2.813490
v -4.415824 0.137840 3.133510
v -4.428475 0.130263 2.812495
v -4.366277 0.150737 3.125877
v -4.378427 0.143443 2.811502
v -4.378844 0.150735 2.500000
v -4.378427 0.143443 2.188498
v -4.428902 0.137555 2.500000
v -4.428475 0.130263 2.187505
v -4.478843 0.151170 2.500000
v -4.478406 0.143878 2.186510
v -4.515286 0.187931 2.500000
v -4.514842 0.180640 2.185780
v -4.528465 0.237989 2.500000
v -4.528019 0.230698 2.185511
v -4.514851 0.287930 2.500000
v -4.514407 0.280639 2.185776
v -4.478089 0.324373 2.500000
v -4.477653 0.317082 2.186502
v -4.428031 0.337553 2.500000
v -4.427605 0.330262 2.187495
v -4.378090 0.323938 2.500000
v -4.377673 0.316647 2.188490
v -4.366636 0.323314 1.888862
v -4.296056 0.369818 1.581500
v -4.416239 0.337114 1.883510
v -4.345387 0.383799 1.574396
v -4.465786 0.324217 1.875877
v -4.394522 0.371177 1.564105
v -4.502001 0.288077 1.868009
v -4.430295 0.335332 1.553383
v -4.515181 0.238380 1.862015
v -4.443121 0.285870 1.545105
v -4.501793 0.188440 1.859499
v -4.429564 0.236045 1.541487
v -4.465426 0.151640 1.861138
v -4.393254 0.199206 1.543500
v -4.415824 0.137840 1.866490
v -4.343924 0.185225 1.550604
v -4.366277 0.150737 1.874123
v -4.294788 0.197848 1.560895
v -4.254492 0.226632 1.250090
v -4.293521 0.197982 0.940929
v -4.304535 0.213398 1.249998
v -4.342859 0.185344 0.950177
v -4.354491 0.226959 1.249906
v -4.392366 0.199284 0.956029
v -4.390974 0.263681 1.249840
v -4.428777 0.236067 0.956915
v -4.404207 0.313725 1.249816
v -4.442334 0.285837 0.952599
v -4.390646 0.363681 1.249842
v -4.429407 0.335258 0.944238
v -4.353924 0.400163 1.249910
v -4.393458 0.371088 0.934071
v -4.303881 0.413397 1.250002
v -4.344120 0.383726 0.924823
v -4.253924 0.399836 1.250094
v -4.294613 0.369786 0.918971
v -4.351584 0.318372 0.609891
v -4.358659 0.297558 0.308884
v -4.401389 0.332028 0.613431
v -4.451062 0.319070 0.620072
v -4.487295 0.282969 0.628033
v -4.500379 0.233399 0.635181
v -4.508629 0.211040 0.313735
v -4.486808 0.183641 0.639601
v -4.450218 0.147030 0.640109
v -4.400414 0.133374 0.636569
v -4.350740 0.146332 0.629928
v -4.358622 0.124457 0.314881
v -4.188618 0.326288 0.001309
v -4.185118 0.313293 -0.000000
v -4.198179 0.335800 0.002268
v -4.176599 0.333192 0.002005
v -4.188618 0.324491 0.019140
v -4.185118 0.311496 0.017830
v -4.198179 0.334004 0.020098
v -4.211239 0.337486 0.020449
v -4.224300 0.334004 0.020098
v -4.211239 0.339282 0.002619
v -4.224300 0.335800 0.002268
v -4.211239 0.353091 0.004011
v -4.191239 0.347759 0.003473
v -4.211268 0.321412 0.318071
v -4.231239 0.347759 0.003473
v -4.231251 0.316193 0.316602
v -4.245881 0.333192 0.002005
v -4.245872 0.301758 0.314034
v -4.251239 0.313293 0.000000
v -4.233861 0.326288 0.001309
v -4.237360 0.313293 0.000000
v -4.233861 0.324491 0.019140
v -4.237360 0.311496 0.017830
v -4.233861 0.298501 0.016521
v -4.224300 0.288988 0.015562
v -4.233861 0.300298 -0.001309
v -4.224300 0.290785 -0.002268
v -4.245881 0.293394 -0.002005
v -4.245843 0.262148 0.308463
v -4.231239 0.278826 -0.003473
v -4.231202 0.247586 0.306953
v -4.211239 0.273494 -0.004011
v -4.211211 0.242192 0.306929
v -4.191239 0.278826 -0.003473
v -4.211239 0.287303 -0.002619
v -4.198179 0.290785 -0.002268
v -4.211239 0.285506 0.015211
v -4.198179 0.288988 0.015562
v -4.188618 0.298501 0.016521
v -4.188618 0.300298 -0.001309
v -4.176599 0.293394 -0.002005
v -4.176607 0.261846 0.310966
v -4.171239 0.313293 -0.000000
v -4.171266 0.281628 0.313945
v -4.176636 0.301456 0.316537
v -4.194552 0.224715 0.628750
v -4.199889 0.244612 0.630839
v -4.199886 0.204949 0.625657
v -4.231204 0.199527 0.941121
v -4.236376 0.219573 0.941453
v -4.236705 0.179608 0.939818
v -4.251551 0.199599 1.250000
v -4.256708 0.219652 1.250000
v -4.257112 0.179654 1.250000
v -4.231204 0.199536 1.558876
v -4.236372 0.219585 1.558644
v -4.236710 0.179612 1.560079
v -4.194553 0.221550 1.871242
v -4.199864 0.241484 1.869473
v -4.199911 0.201743 1.874018
v -4.171266 0.271293 2.186054
v -4.176609 0.291171 2.183805
v -4.176634 0.251470 2.188689
v -4.171240 0.298905 2.500000
v -4.176541 0.318920 2.500000
v -4.176656 0.278920 2.500000
v -4.171266 0.271293 2.813946
v -4.176609 0.291171 2.816195
v -4.176634 0.251470 2.811311
v -4.194553 0.221550 3.128758
v -4.199864 0.241484 3.130527
v -4.199911 0.201743 3.125982
v -4.231204 0.199536 3.441124
v -4.236372 0.219585 3.441356
v -4.236710 0.179612 3.439921
v -4.251551 0.199599 3.750000
v -4.256708 0.219652 3.750000
v -4.257112 0.179654 3.750000
v -4.231204 0.199527 4.058879
v -4.236376 0.219573 4.058547
v -4.236705 0.179608 4.060182
v -4.194552 0.224715 4.371250
v -4.199889 0.244612 4.369161
v -4.199886 0.204949 4.374343
v -4.171266 0.281628 4.686055
v -4.176636 0.301456 4.683463
v -4.176607 0.261846 4.689034
v -4.171239 0.313293 5.000000
v -4.176599 0.333192 4.997995
v -4.176599 0.293394 5.002005
v -4.185118 0.313293 5.000000
v -4.188618 0.326288 4.998691
v -4.188618 0.300298 5.001309
v -4.185118 0.311496 4.982170
v -4.188618 0.324490 4.980860
v -4.188618 0.298501 4.983479
v -4.198179 0.288988 4.984438
v -4.211239 0.285506 4.984789
v -4.198179 0.290785 5.002268
v -4.211239 0.287303 5.002619
v -4.191239 0.278826 5.003473
v -4.191228 0.247411 4.691602
v -4.211239 0.273494 5.004011
v -4.211211 0.242192 4.693071
v -4.231239 0.278826 5.003473
v -4.231202 0.247586 4.693047
v -4.245881 0.293394 5.002005
v -4.224300 0.290785 5.002268
v -4.233861 0.300298 5.001309
v -4.224300 0.288988 4.984438
v -4.233861 0.298501 4.983479
v -4.237360 0.311496 4.982170
v -4.233861 0.324490 4.980860
v -4.237360 0.313293 5.000000
v -4.233861 0.326288 4.998691
v -4.251239 0.313293 5.000000
v -4.251213 0.281976 4.688945
v -4.245881 0.333192 4.997995
v -4.245872 0.301758 4.685966
v -4.231239 0.347759 4.996527
v -4.231251 0.316193 4.683398
v -4.211239 0.353091 4.995989
v -4.224300 0.335800 4.997732
v -4.211239 0.339282 4.997381
v -4.224300 0.334003 4.979901
v -4.211239 0.337485 4.979550
v -4.198179 0.334003 4.979901
v -4.198179 0.335800 4.997732
v -4.191239 0.347759 4.996527
v -4.191278 0.316018 4.681953
v -4.214465 0.259308 4.368637
v -4.211268 0.321412 4.681929
v -4.234376 0.264865 4.369818
v -4.270708 0.239968 4.060865
v -4.254286 0.259795 4.372387
v -4.290668 0.234852 4.062894
v -4.268860 0.245455 4.375657
v -4.305368 0.220398 4.064818
v -4.274194 0.225689 4.378750
v -4.310870 0.200479 4.066121
v -4.268857 0.205792 4.380839
v -4.305697 0.180432 4.066453
v -4.254281 0.191096 4.381363
v -4.245843 0.262148 4.691537
v -4.291238 0.165630 4.065726
v -4.234370 0.185539 4.380182
v -4.271366 0.160037 4.064135
v -4.214460 0.190609 4.377613
v -4.251405 0.165154 4.062106
v -4.271900 0.165162 3.750000
v -4.251413 0.165152 3.438070
v -4.291953 0.160005 3.750000
v -4.271375 0.160030 3.436065
v -4.311898 0.165565 3.750000
v -4.291246 0.165619 3.434446
v -4.326390 0.180353 3.750000
v -4.305702 0.180421 3.433644
v -4.331547 0.200406 3.750000
v -4.310870 0.200470 3.433876
v -4.325986 0.220351 3.750000
v -4.305364 0.220394 3.435079
v -4.311199 0.234844 3.750000
v -4.290660 0.234854 3.436930
v -4.291145 0.240001 3.750000
v -4.270699 0.239976 3.438935
v -4.271201 0.234440 3.750000
v -4.250828 0.234387 3.440554
v -4.250835 0.234376 4.059274
v -4.214422 0.256205 3.130815
v -4.191231 0.305776 2.817453
v -4.234326 0.261768 3.129545
v -4.211215 0.311197 2.817384
v -4.254242 0.256682 3.127058
v -4.231205 0.305979 2.816006
v -4.268835 0.242311 3.124018
v -4.245845 0.291522 2.813689
v -4.274193 0.222504 3.121242
v -4.251213 0.271699 2.811054
v -4.268882 0.202570 3.119473
v -4.245870 0.251821 2.808805
v -4.254324 0.187849 3.119185
v -4.231247 0.237215 2.807547
v -4.234420 0.182286 3.120455
v -4.211264 0.231795 2.807616
v -4.214504 0.187372 3.122942
v -4.191274 0.237013 2.808994
v -4.191339 0.264321 2.500000
v -4.191274 0.237013 2.191006
v -4.211354 0.259019 2.500000
v -4.211264 0.231795 2.192384
v -4.231339 0.264435 2.500000
v -4.231247 0.237215 2.192453
v -4.245937 0.279118 2.500000
v -4.245870 0.251821 2.191195
v -4.251239 0.299133 2.500000
v -4.251213 0.271699 2.188946
v -4.245823 0.319118 2.500000
v -4.245845 0.291522 2.186311
v -4.231141 0.333717 2.500000
v -4.231205 0.305979 2.183994
v -4.211125 0.339019 2.500000
v -4.211215 0.311197 2.182616
v -4.191141 0.333603 2.500000
v -4.191231 0.305776 2.182547
v -4.214422 0.256205 1.869185
v -4.250828 0.234387 1.559446
v -4.234326 0.261768 1.870455
v -4.270699 0.239976 1.561066
v -4.254242 0.256682 1.872942
v -4.290660 0.234854 1.563070
v -4.268835 0.242311 1.875982
v -4.305364 0.220394 1.564921
v -4.274193 0.222504 1.878758
v -4.310870 0.200470 1.566124
v -4.268882 0.202570 1.880527
v -4.305702 0.180421 1.566356
v -4.254324 0.187849 1.880815
v -4.291246 0.165619 1.565554
v -4.234420 0.182286 1.879545
v -4.271375 0.160030 1.563934
v -4.214504 0.187372 1.877058
v -4.251413 0.165152 1.561930
v -4.271900 0.165162 1.250000
v -4.251405 0.165154 0.937894
v -4.291953 0.160005 1.250000
v -4.271366 0.160037 0.935865
v -4.311898 0.165565 1.250000
v -4.291238 0.165630 0.934274
v -4.326390 0.180353 1.250000
v -4.305697 0.180432 0.933547
v -4.331547 0.200406 1.250000
v -4.310870 0.200479 0.933879
v -4.325986 0.220351 1.250000
v -4.305368 0.220398 0.935182
v -4.311199 0.234844 1.250000
v -4.290668 0.234852 0.937106
v -4.291145 0.240001 1.250000
v -4.270708 0.239968 0.939135
v -4.271201 0.234440 1.250000
v -4.250835 0.234376 0.940726
v -4.214465 0.259308 0.631363
v -4.191278 0.316018 0.318047
v -4.234376 0.264865 0.630182
v -4.254286 0.259795 0.627613
v -4.268860 0.245455 0.624343
v -4.274194 0.225689 0.621250
v -4.251213 0.281976 0.311055
v -4.268857 0.205792 0.619161
v -4.254281 0.191096 0.618637
v -4.234370 0.185539 0.619818
v -4.214460 0.190609 0.622387
v -4.191228 0.247411 0.308398
v -0.811382 0.326288 0.001309
v -0.814882 0.313293 -0.000000
v -0.801821 0.335800 0.002268
v -0.823401 0.333192 0.002005
v -0.811382 0.324491 0.019140
v -0.814882 0.311496 0.017830
v -0.801821 0.334004 0.020098
v -0.788761 0.337486 0.020449
v -0.775700 0.334004 0.020098
v -0.788761 0.339282 0.002619
v -0.775700 0.335800 0.002268
v -0.788761 0.353091 0.004011
v -0.808761 0.347759 0.003473
v -0.788732 0.321412 0.318071
v -0.768761 0.347759 0.003473
v -0.768749 0.316193 0.316602
v -0.754119 0.333192 0.002005
v -0.754128 0.301758 0.314034
v -0.748761 0.313293 0.000000
v -0.766139 0.326288 0.001309
v -0.762640 0.313293 0.000000
v -0.766139 0.324491 0.019140
v -0.762640 0.311496 0.017830
v -0.766139 0.298501 0.016521
v -0.775700 0.288988 0.015562
v -0.766139 0.300298 -0.001309
v -0.775700 0.290785 -0.002268
v -0.754119 0.293394 -0.002005
v -0.754157 0.262148 0.308463
v -0.768761 0.278826 -0.003473
v -0.768798 0.247586 0.306953
v -0.788761 0.273494 -0.004011
v -0.788789 0.242192 0.306929
v -0.808761 0.278826 -0.003473
v -0.788761 0.287303 -0.002619
v -0.801821 0.290785 -0.002268
v -0.788761 0.285506 0.015211
v -0.801821 0.288988 0.015562
v -0.811382 0.298501 0.016521
v -0.811382 0.300298 -0.001309
v -0.823401 0.293394 -0.002005
v -0.823393 0.261846 0.310966
v -0.828761 0.313293 -0.000000
v -0.828734 0.281628 0.313945
v -0.823364 0.301456 0.316537
v -0.805448 0.224715 0.628750
v -0.800111 0.244612 0.630839
v -0.800114 0.204949 0.625657
v -0.768796 0.199527 0.941121
v -0.763624 0.219573 0.941453
v -0.763295 0.179608 0.939818
v -0.748449 0.199599 1.250000
v -0.743292 0.219652 1.250000
v -0.742888 0.179654 1.250000
v -0.768796 0.199536 1.558876
v -0.763628 0.219585 1.558644
v -0.763290 0.179612 1.560079
v -0.805447 0.221550 1.871242
v -0.800136 0.241484 1.869473
v -0.800089 0.201743 1.874018
v -0.828734 0.271293 2.186054
v -0.823391 0.291171 2.183805
v -0.823366 0.251470 2.188689
v -0.828760 0.298905 2.500000
v -0.823459 0.318920 2.500000
v -0.823344 0.278920 2.500000
v -0.828734 0.271293 2.813946
v -0.823391 0.291171 2.816195
v -0.823366 0.251470 2.811311
v -0.805447 0.221550 3.128758
v -0.800136 0.241484 3.130527
v -0.800089 0.201743 3.125982
v -0.768796 0.199536 3.441124
v -0.763628 0.219585 3.441356
v -0.763290 0.179612 3.439921
v -0.748449 0.199599 3.750000
v -0.743292 0.219652 3.750000
v -0.742888 0.179654 3.750000
v -0.768796 0.199527 4.058879
v -0.763624 0.219573 4.058547
v -0.763295 0.179608 4.060182
v -0.805448 0.224715 4.371250
v -0.800111 0.244612 4.369161
v -0.800114 0.204949 4.374343
v -0.828734 0.281628 4.686055
v -0.823364 0.301456 4.683463
v -0.823393 0.261846 4.689034
v -0.828761 0.313293 5.000000
v -0.823401 0.333192 4.997995
v -0.823401 0.293394 5.002005
v -0.814882 0.313293 5.000000
v -0.811382 0.326288 4.998691
v -0.811382 0.300298 5.001309
v -0.814882 0.311496 4.982170
v -0.811382 0.324490 4.980860
v -0.811382 0.298501 4.983479
v -0.801821 0.288988 4.984438
v -0.788761 0.285506 4.984789
v -0.801821 0.290785 5.002268
v -0.788761 0.287303 5.002619
v -0.808761 0.278826 5.003473
v -0.808772 0.247411 4.691602
v -0.788761 0.273494 5.004011
v -0.788789 0.242192 4.693071
v -0.768761 0.278826 5.003473
v -0.768798 0.247586 4.693047
v -0.754119 0.293394 5.002005
v -0.775700 0.290785 5.002268
v -0.766139 0.300298 5.001309
v -0.775700 0.288988 4.984438
v -0.766139 0.298501 4.983479
v -0.762640 0.311496 4.982170
v -0.766139 0.324490 4.980860
v -0.762640 0.313293 5.000000
v -0.766139 0.326288 4.998691
v -0.748761 0.313293 5.000000
v -0.748787 0.281976 4.688945
v -0.754119 0.333192 4.997995
v -0.754128 0.301758 4.685966
v -0.768761 0.347759 4.996527
v -0.768749 0.316193 4.683398
v -0.788761 0.353091 4.995989
v -0.775700 0.335800 4.997732
v -0.788761 0.339282 4.997381
v -0.775700 0.334003 4.979901
v -0.788761 0.337485 4.979550
v -0.801821 0.334003 4.979901
v -0.801821 0.335800 4.997732
v -0.808761 0.347759 4.996527
v -0.808722 0.316018 4.681953
v -0.785535 0.259308 4.368637
v -0.788732 0.321412 4.681929
v -0.765624 0.264865 4.369818
v -0.729292 0.239968 4.060865
v -0.745714 0.259795 4.372387
v -0.709332 0.234852 4.062894
v -0.731140 0.245455 4.375657
v -0.694632 0.220398 4.064818
v -0.725806 0.225689 4.378750
v -0.689130 0.200479 4.066121
v -0.731143 0.205792 4.380839
v -0.694303 0.180432 4.066453
v -0.745719 0.191096 4.381363
v -0.754157 0.262148 4.691537
v -0.708762 0.165630 4.065726
v -0.765630 0.185539 4.380182
v -0.728634 0.160037 4.064135
v -0.785540 0.190609 4.377613
v -0.748595 0.165154 4.062106
v -0.728100 0.165162 3.750000
v -0.748587 0.165152 3.438070
v -0.708047 0.160005 3.750000
v -0.728625 0.160030 3.436065
v -0.688102 0.165565 3.750000
v -0.708754 0.165619 3.434446
v -0.673610 0.180353 3.750000
v -0.694298 0.180421 3.433644
v -0.668453 0.200406 3.750000
v -0.689130 0.200470 3.433876
v -0.674014 0.220351 3.750000
v -0.694636 0.220394 3.435079
v -0.688801 0.234844 3.750000
v -0.709340 0.234854 3.436930
v -0.708855 0.240001 3.750000
v -0.729301 0.239976 3.438935
v -0.728799 0.234440 3.750000
v -0.749172 0.234387 3.440554
v -0.749165 0.234376 4.059274
v -0.785578 0.256205 3.130815
v -0.808769 0.305776 2.817453
v -0.765674 0.261768 3.129545
v -0.788785 0.311197 2.817384
v -0.745758 0.256682 3.127058
v -0.768795 0.305979 2.816006
v -0.731165 0.242311 3.124018
v -0.754155 0.291522 2.813689
v -0.725807 0.222504 3.121242
v -0.748787 0.271699 2.811054
v -0.731118 0.202570 3.119473
v -0.754130 0.251821 2.808805
v -0.745676 0.187849 3.119185
v -0.768753 0.237215 2.807547
v -0.765580 0.182286 3.120455
v -0.788736 0.231795 2.807616
v -0.785496 0.187372 3.122942
v -0.808726 0.237013 2.808994
v -0.808661 0.264321 2.500000
v -0.808726 0.237013 2.191006
v -0.788646 0.259019 2.500000
v -0.788736 0.231795 2.192384
v -0.768661 0.264435 2.500000
v -0.768753 0.237215 2.192453
v -0.754063 0.279118 2.500000
v -0.754130 0.251821 2.191195
v -0.748761 0.299133 2.500000
v -0.748787 0.271699 2.188946
v -0.754177 0.319118 2.500000
v -0.754155 0.291522 2.186311
v -0.768859 0.333717 2.500000
v -0.768795 0.305979 2.183994
v -0.788875 0.339019 2.500000
v -0.788785 0.311197 2.182616
v -0.808859 0.333603 2.500000
v -0.808769 0.305776 2.182547
v -0.785578 0.256205 1.869185
v -0.749172 0.234387 1.559446
v -0.765674 0.261768 1.870455
v -0.729301 0.239976 1.561066
v -0.745758 0.256682 1.872942
v -0.709340 0.234854 1.563070
v -0.731165 0.242311 1.875982
v -0.694636 0.220394 1.564921
v -0.725807 0.222504 1.878758
v -0.689130 0.200470 1.566124
v -0.731118 0.202570 1.880527
v -0.694298 0.180421 1.566356
v -0.745676 0.187849 1.880815
v -0.708754 0.165619 1.565554
v -0.765580 0.182286 1.879545
v -0.728625 0.160030 1.563934
v -0.785496 0.187372 1.877058
v -0.748587 0.165152 1.561930
v -0.728100 0.165162 1.250000
v -0.748595 0.165154 0.937894
v -0.708047 0.160005 1.250000
v -0.728634 0.160037 0.935865
v -0.688102 0.165565 1.250000
v -0.708762 0.165630 0.934274
v -0.673610 0.180353 1.250000
v -0.694303 0.180432 0.933547
v -0.668453 0.200406 1.250000
v -0.689130 0.200479 0.933879
v -0.674014 0.220351 1.250000
v -0.694632 0.220398 0.935182
v -0.688801 0.234844 1.250000
v -0.709332 0.234852 0.937106
v -0.708855 0.240001 1.250000
v -0.729292 0.239968 0.939135
v -0.728799 0.234440 1.250000
v -0.749165 0.234376 0.940726
v -0.785535 0.259308 0.631363
v -0.808722 0.316018 0.318047
v -0.765624 0.264865 0.630182
v -0.745714 0.259795 0.627613
v -0.731140 0.245455 0.624343
v -0.725806 0.225689 0.621250
v -0.748787 0.281976 0.311055
v -0.731143 0.205792 0.619161
v -0.745719 0.191096 0.618637
v -0.765630 0.185539 0.619818
v -0.785540 0.190609 0.622387
v -0.808772 0.247411 0.308398
v -0.411382 0.326288 0.001309
v -0.414882 0.313293 -0.000000
v -0.401821 0.335800 0.002268
v -0.423402 0.333192 0.002005
v -0.411382 0.324491 0.019140
v -0.414882 0.311496 0.017830
v -0.401821 0.334004 0.020098
v -0.388761 0.337486 0.020449
v -0.375700 0.334004 0.020098
v -0.388761 0.339282 0.002619
v -0.375700 0.335800 0.002268
v -0.388761 0.353091 0.004011
v -0.408761 0.347759 0.003473
v -0.388794 0.321412 0.318071
v -0.368761 0.347759 0.003473
v -0.368807 0.316004 0.318164
v -0.354119 0.333192 0.002005
v -0.354167 0.301432 0.316740
v -0.348761 0.313293 0.000000
v -0.366139 0.326288 0.001309
v -0.362639 0.313293 0.000000
v -0.366139 0.324491 0.019140
v -0.362639 0.311496 0.017830
v -0.366139 0.298501 0.016521
v -0.375700 0.288988 0.015562
v -0.366139 0.300298 -0.001309
v -0.375700 0.290785 -0.002268
v -0.354119 0.293394 -0.002005
v -0.354134 0.261822 0.311169
v -0.368761 0.278826 -0.003473
v -0.368750 0.247397 0.308515
v -0.388761 0.273494 -0.004011
v -0.388727 0.242192 0.306929
v -0.408761 0.278826 -0.003473
v -0.388761 0.287303 -0.002619
v -0.401821 0.290785 -0.002268
v -0.388761 0.285506 0.015211
v -0.401821 0.288988 0.015562
v -0.411382 0.298501 0.016521
v -0.411382 0.300298 -0.001309
v -0.423402 0.293394 -0.002005
v -0.423354 0.262172 0.308260
v -0.428761 0.313293 -0.000000
v -0.428725 0.282005 0.310821
v -0.423388 0.301783 0.313831
v -0.455289 0.225889 0.619573
v -0.449980 0.245625 0.622896
v -0.449981 0.205963 0.617704
v -0.515415 0.200754 0.931611
v -0.509861 0.220634 0.933237
v -0.510370 0.180672 0.931564
v -0.549384 0.200637 1.250000
v -0.543708 0.220549 1.250000
v -0.544343 0.180554 1.250000
v -0.515412 0.200637 1.568421
v -0.509800 0.220549 1.567581
v -0.510427 0.180554 1.567675
v -0.455279 0.200637 1.880505
v -0.449658 0.220549 1.879724
v -0.450286 0.180554 1.879811
v -0.428719 0.200637 2.189217
v -0.423048 0.220549 2.188973
v -0.423682 0.180554 2.189001
v -0.428756 0.200637 2.500000
v -0.423080 0.220549 2.500000
v -0.423714 0.180554 2.500000
v -0.428719 0.200637 2.810783
v -0.423048 0.220549 2.811027
v -0.423682 0.180554 2.810999
v -0.455279 0.200637 3.119495
v -0.449658 0.220549 3.120276
v -0.450286 0.180554 3.120189
v -0.515412 0.200637 3.431579
v -0.509800 0.220549 3.432419
v -0.510427 0.180554 3.432325
v -0.549384 0.200637 3.750000
v -0.543708 0.220549 3.750000
v -0.544343 0.180554 3.750000
v -0.515415 0.200754 4.068389
v -0.509861 0.220634 4.066763
v -0.510370 0.180672 4.068437
v -0.455289 0.225889 4.380427
v -0.449980 0.245625 4.377104
v -0.449981 0.205963 4.382296
v -0.428725 0.282005 4.689179
v -0.423388 0.301783 4.686169
v -0.423354 0.262172 4.691740
v -0.428761 0.313293 5.000000
v -0.423402 0.333192 4.997995
v -0.423402 0.293394 5.002005
v -0.414882 0.313293 5.000000
v -0.411382 0.326288 4.998691
v -0.411382 0.300298 5.001309
v -0.414882 0.311496 4.982170
v -0.411382 0.324490 4.980860
v -0.411382 0.298501 4.983479
v -0.401821 0.288988 4.984438
v -0.388761 0.285506 4.984789
v -0.401821 0.290785 5.002268
v -0.388761 0.287303 5.002619
v -0.408761 0.278826 5.003473
v -0.408714 0.247600 4.693164
v -0.388761 0.273494 5.004011
v -0.388727 0.242192 4.693071
v -0.368761 0.278826 5.003473
v -0.368750 0.247397 4.691485
v -0.354119 0.293394 5.002005
v -0.375700 0.290785 5.002268
v -0.366139 0.300298 5.001309
v -0.375700 0.288988 4.984438
v -0.366139 0.298501 4.983479
v -0.362639 0.311496 4.982170
v -0.366139 0.324490 4.980860
v -0.362639 0.313293 5.000000
v -0.366139 0.326288 4.998691
v -0.348761 0.313293 5.000000
v -0.348796 0.281599 4.685821
v -0.354119 0.333192 4.997995
v -0.354167 0.301432 4.683260
v -0.368761 0.347759 4.996527
v -0.368807 0.316004 4.681836
v -0.388761 0.353091 4.995989
v -0.375700 0.335800 4.997732
v -0.388761 0.339282 4.997381
v -0.375700 0.334003 4.979901
v -0.388761 0.337485 4.979550
v -0.401821 0.334003 4.979901
v -0.401821 0.335800 4.997732
v -0.408761 0.347759 4.996527
v -0.408772 0.316207 4.683515
v -0.435476 0.259882 4.373217
v -0.388794 0.321412 4.681929
v -0.415664 0.264839 4.369807
v -0.475348 0.239964 4.060827
v -0.395852 0.259170 4.367790
v -0.455638 0.234235 4.058106
v -0.381350 0.244392 4.367704
v -0.441346 0.219333 4.056563
v -0.376041 0.224466 4.369573
v -0.436301 0.199252 4.056611
v -0.381351 0.204731 4.372896
v -0.441855 0.179371 4.058237
v -0.395854 0.190474 4.376783
v -0.354134 0.261822 4.688831
v -0.456521 0.165019 4.061005
v -0.415666 0.185516 4.380193
v -0.476368 0.160041 4.064173
v -0.435478 0.191186 4.382210
v -0.496078 0.165770 4.066894
v -0.529935 0.165683 3.750000
v -0.496179 0.165683 3.434458
v -0.510023 0.160008 3.750000
v -0.476485 0.160008 3.437406
v -0.489940 0.165049 3.750000
v -0.456624 0.165049 3.440379
v -0.475069 0.179456 3.750000
v -0.441917 0.179456 3.442581
v -0.469394 0.199369 3.750000
v -0.436304 0.199369 3.443421
v -0.474435 0.219451 3.750000
v -0.441290 0.219451 3.442675
v -0.488842 0.234322 3.750000
v -0.455538 0.234322 3.440542
v -0.508755 0.239998 3.750000
v -0.475231 0.239998 3.437594
v -0.528837 0.234956 3.750000
v -0.495092 0.234956 3.434621
v -0.495195 0.234986 4.063995
v -0.434928 0.234956 3.122323
v -0.408191 0.234956 2.811665
v -0.415037 0.239998 3.125087
v -0.388127 0.239998 2.812527
v -0.395314 0.234322 3.127828
v -0.368233 0.234322 2.813382
v -0.381044 0.219451 3.129811
v -0.353839 0.219451 2.814001
v -0.376051 0.199369 3.130505
v -0.348803 0.199369 2.814217
v -0.381672 0.179456 3.129724
v -0.354473 0.179456 2.813973
v -0.396402 0.165049 3.127677
v -0.369330 0.165049 2.813335
v -0.416293 0.160008 3.124913
v -0.389394 0.160008 2.812473
v -0.436016 0.165683 3.122172
v -0.409288 0.165683 2.811618
v -0.409307 0.165683 2.500000
v -0.409288 0.165683 2.188382
v -0.389395 0.160008 2.500000
v -0.389394 0.160008 2.187527
v -0.369312 0.165049 2.500000
v -0.369330 0.165049 2.186665
v -0.354441 0.179456 2.500000
v -0.354473 0.179456 2.186027
v -0.348765 0.199369 2.500000
v -0.348803 0.199369 2.185783
v -0.353807 0.219451 2.500000
v -0.353839 0.219451 2.185999
v -0.368214 0.234322 2.500000
v -0.368233 0.234322 2.186618
v -0.388126 0.239998 2.500000
v -0.388127 0.239998 2.187473
v -0.408209 0.234956 2.500000
v -0.408191 0.234956 2.188335
v -0.434928 0.234956 1.877677
v -0.495092 0.234956 1.565379
v -0.415037 0.239998 1.874913
v -0.475231 0.239998 1.562406
v -0.395314 0.234322 1.872172
v -0.455538 0.234322 1.559458
v -0.381044 0.219451 1.870189
v -0.441290 0.219451 1.557325
v -0.376051 0.199369 1.869495
v -0.436304 0.199369 1.556579
v -0.381672 0.179456 1.870276
v -0.441917 0.179456 1.557419
v -0.396402 0.165049 1.872323
v -0.456624 0.165049 1.559621
v -0.416293 0.160008 1.875087
v -0.476485 0.160008 1.562594
v -0.436016 0.165683 1.877828
v -0.496179 0.165683 1.565542
v -0.529935 0.165683 1.250000
v -0.496078 0.165770 0.933106
v -0.510023 0.160008 1.250000
v -0.476368 0.160041 0.935827
v -0.489940 0.165049 1.250000
v -0.456521 0.165019 0.938995
v -0.475069 0.179456 1.250000
v -0.441855 0.179371 0.941763
v -0.469394 0.199369 1.250000
v -0.436301 0.199252 0.943389
v -0.474435 0.219451 1.250000
v -0.441346 0.219333 0.943436
v -0.488842 0.234322 1.250000
v -0.455638 0.234235 0.941894
v -0.508755 0.239998 1.250000
v -0.475348 0.239964 0.939173
v -0.528837 0.234956 1.250000
v -0.495195 0.234986 0.936005
v -0.435476 0.259882 0.626783
v -0.408772 0.316207 0.316485
v -0.415664 0.264839 0.630193
v -0.395852 0.259170 0.632210
v -0.381350 0.244392 0.632296
v -0.376041 0.224466 0.630427
v -0.348796 0.281599 0.314179
v -0.381351 0.204731 0.627104
v -0.395854 0.190474 0.623217
v -0.415666 0.185516 0.619807
v -0.435478 0.191186 0.617790
v -0.408714 0.247600 0.306836
v -0.665946 0.254079 0.000000
v -0.677485 0.211018 -0.000000
v -0.634424 0.285602 0.000000
v -0.677966 0.261018 0.000000
v -0.665946 0.254079 0.017921
v -0.677485 0.211018 0.017921
v -0.634424 0.285602 0.017921
v -0.591363 0.297140 0.017921
v -0.548303 0.285602 0.017921
v -0.591363 0.297140 -0.000000
v -0.548303 0.285602 -0.000000
v -0.591363 0.311018 0.000000
v -0.641363 0.297621 0.000000
v -0.591342 0.310959 0.309038
v -0.541363 0.297621 0.000000
v -0.541348 0.297580 0.310119
v -0.504761 0.261019 0.000000
v -0.504757 0.261007 0.311839
v -0.491364 0.211019 0.000000
v -0.516780 0.254079 -0.000000
v -0.505242 0.211019 0.000000
v -0.516780 0.254079 0.017921
v -0.505242 0.211019 0.017921
v -0.516780 0.167958 0.017921
v -0.548303 0.136435 0.017921
v -0.516780 0.167958 -0.000000
v -0.548303 0.136435 -0.000000
v -0.504761 0.161019 0.000000
v -0.504778 0.161067 0.315301
v -0.541363 0.124416 0.000000
v -0.541386 0.124479 0.316116
v -0.591363 0.111018 0.000000
v -0.591385 0.111078 0.315962
v -0.641363 0.124416 0.000000
v -0.591363 0.124897 -0.000000
v -0.634424 0.136435 0.000000
v -0.591363 0.124897 0.017921
v -0.634424 0.136435 0.017921
v -0.665946 0.167958 0.017921
v -0.665946 0.167958 0.000000
v -0.677966 0.161018 0.000000
v -0.677970 0.161030 0.313161
v -0.691363 0.211018 -0.000000
v -0.691356 0.210997 0.311265
v -0.677948 0.260970 0.309699
v -0.698577 0.232003 0.614819
v -0.685006 0.281761 0.610399
v -0.685493 0.182433 0.621967
v -0.755355 0.283233 0.922401
v -0.741797 0.333003 0.918085
v -0.742428 0.233812 0.930762
v -0.795792 0.313070 1.250184
v -0.782557 0.363114 1.250160
v -0.782230 0.263114 1.250158
v -0.753811 0.283154 1.579895
v -0.740252 0.332980 1.583513
v -0.740985 0.233692 1.571617
v -0.683118 0.236574 1.887985
v -0.669731 0.286514 1.890501
v -0.669938 0.186877 1.881991
v -0.671939 0.229827 2.189489
v -0.658762 0.279885 2.189220
v -0.658327 0.179886 2.189224
v -0.671533 0.237119 2.500000
v -0.658353 0.287177 2.500000
v -0.657917 0.187177 2.500000
v -0.671939 0.229827 2.810511
v -0.658762 0.279885 2.810780
v -0.658327 0.179886 2.810776
v -0.683118 0.236574 3.112015
v -0.669731 0.286514 3.109499
v -0.669938 0.186877 3.118009
v -0.753811 0.283154 3.420105
v -0.740252 0.332980 3.416487
v -0.740985 0.233692 3.428383
v -0.795792 0.313070 3.749816
v -0.782557 0.363114 3.749840
v -0.782230 0.263114 3.749842
v -0.755355 0.283233 4.077599
v -0.741797 0.333003 4.081915
v -0.742428 0.233812 4.069238
v -0.698577 0.232003 4.385180
v -0.685006 0.281761 4.389601
v -0.685493 0.182433 4.378033
v -0.691356 0.210997 4.688735
v -0.677948 0.260970 4.690301
v -0.677970 0.161030 4.686839
v -0.691363 0.211018 5.000000
v -0.677966 0.261018 5.000000
v -0.677966 0.161018 5.000000
v -0.677485 0.211018 5.000000
v -0.665946 0.254079 5.000000
v -0.665946 0.167958 5.000000
v -0.677485 0.211018 4.982080
v -0.665946 0.254079 4.982080
v -0.665946 0.167958 4.982080
v -0.634424 0.136435 4.982080
v -0.591363 0.124897 4.982080
v -0.634424 0.136435 5.000000
v -0.591363 0.124897 5.000000
v -0.641363 0.124416 5.000000
v -0.641378 0.124457 4.685119
v -0.591363 0.111018 5.000000
v -0.591385 0.111078 4.684038
v -0.541363 0.124416 5.000000
v -0.541386 0.124479 4.683884
v -0.504761 0.161019 5.000000
v -0.548303 0.136435 5.000000
v -0.516780 0.167958 5.000000
v -0.548303 0.136435 4.982080
v -0.516780 0.167958 4.982080
v -0.505242 0.211019 4.982080
v -0.516780 0.254079 4.982080
v -0.505242 0.211019 5.000000
v -0.516780 0.254079 5.000000
v -0.491364 0.211019 5.000000
v -0.491371 0.211040 4.686265
v -0.504761 0.261019 5.000000
v -0.504757 0.261007 4.688161
v -0.541363 0.297621 5.000000
v -0.541348 0.297580 4.689881
v -0.591363 0.311018 5.000000
v -0.548303 0.285602 5.000000
v -0.591363 0.297140 5.000000
v -0.548303 0.285602 4.982080
v -0.591363 0.297140 4.982080
v -0.634424 0.285602 4.982080
v -0.634424 0.285602 5.000000
v -0.641363 0.297621 5.000000
v -0.641341 0.297558 4.691116
v -0.648416 0.318372 4.390109
v -0.591342 0.310959 4.690962
v -0.598611 0.332028 4.386569
v -0.655880 0.383726 4.075177
v -0.548938 0.319070 4.379928
v -0.606542 0.371088 4.065929
v -0.512705 0.282969 4.371967
v -0.570593 0.335258 4.055762
v -0.499621 0.233399 4.364820
v -0.557666 0.285837 4.047401
v -0.513192 0.183641 4.360399
v -0.571223 0.236067 4.043085
v -0.549782 0.147030 4.359891
v -0.504778 0.161067 4.684699
v -0.607634 0.199284 4.043972
v -0.599586 0.133374 4.363431
v -0.657141 0.185344 4.049823
v -0.649260 0.146332 4.370072
v -0.706479 0.197982 4.059071
v -0.745508 0.226632 3.749910
v -0.705212 0.197848 3.439105
v -0.695465 0.213398 3.750002
v -0.656076 0.185225 3.449396
v -0.645509 0.226959 3.750094
v -0.606746 0.199206 3.456500
v -0.609026 0.263681 3.750160
v -0.570436 0.236045 3.458513
v -0.595793 0.313725 3.750184
v -0.556879 0.285870 3.454895
v -0.609354 0.363681 3.750158
v -0.569705 0.335332 3.446617
v -0.646076 0.400163 3.750090
v -0.605477 0.371177 3.435895
v -0.696119 0.413397 3.749998
v -0.654613 0.383799 3.425604
v -0.746076 0.399836 3.749906
v -0.703944 0.369818 3.418500
v -0.705387 0.369786 4.081028
v -0.633364 0.323314 3.111138
v -0.622327 0.316647 2.811510
v -0.583761 0.337114 3.116490
v -0.572395 0.330262 2.812505
v -0.534214 0.324217 3.124123
v -0.522347 0.317082 2.813498
v -0.497999 0.288077 3.131991
v -0.485593 0.280639 2.814224
v -0.484819 0.238380 3.137985
v -0.471981 0.230698 2.814489
v -0.498207 0.188440 3.140501
v -0.485158 0.180640 2.814220
v -0.534574 0.151640 3.138862
v -0.521594 0.143878 2.813490
v -0.584176 0.137840 3.133510
v -0.571525 0.130263 2.812495
v -0.633723 0.150737 3.125877
v -0.621573 0.143443 2.811502
v -0.621156 0.150735 2.500000
v -0.621573 0.143443 2.188498
v -0.571098 0.137555 2.500000
v -0.571525 0.130263 2.187505
v -0.521157 0.151170 2.500000
v -0.521594 0.143878 2.186510
v -0.484714 0.187931 2.500000
v -0.485158 0.180640 2.185780
v -0.471535 0.237989 2.500000
v -0.471981 0.230698 2.185511
v -0.485149 0.287930 2.500000
v -0.485593 0.280639 2.185776
v -0.521911 0.324373 2.500000
v -0.522347 0.317082 2.186502
v -0.571969 0.337553 2.500000
v -0.572395 0.330262 2.187495
v -0.621910 0.323938 2.500000
v -0.622327 0.316647 2.188490
v -0.633364 0.323314 1.888862
v -0.703944 0.369818 1.581500
v -0.583761 0.337114 1.883510
v -0.654613 0.383799 1.574396
v -0.534214 0.324217 1.875877
v -0.605478 0.371177 1.564105
v -0.497999 0.288077 1.868009
v -0.569705 0.335332 1.553383
v -0.484819 0.238380 1.862015
v -0.556879 0.285870 1.545105
v -0.498207 0.188440 1.859499
v -0.570436 0.236045 1.541487
v -0.534574 0.151640 1.861138
v -0.606746 0.199206 1.543500
v -0.584176 0.137840 1.866490
v -0.656076 0.185225 1.550604
v -0.633723 0.150737 1.874123
v -0.705212 0.197848 1.560895
v -0.745508 0.226632 1.250090
v -0.706479 0.197982 0.940929
v -0.695465 0.213398 1.249998
v -0.657141 0.185344 0.950177
v -0.645509 0.226959 1.249906
v -0.607634 0.199284 0.956029
v -0.609026 0.263681 1.249840
v -0.571223 0.236067 0.956915
v -0.595793 0.313725 1.249816
v -0.557666 0.285837 0.952599
v -0.609354 0.363681 1.249842
v -0.570593 0.335258 0.944238
v -0.646076 0.400163 1.249910
v -0.606542 0.371088 0.934071
v -0.696119 0.413397 1.250002
v -0.655880 0.383726 0.924823
v -0.746076 0.399836 1.250094
v -0.705387 0.369786 0.918971
v -0.648416 0.318372 0.609891
v -0.641341 0.297558 0.308884
v -0.598611 0.332028 0.613431
v -0.548938 0.319070 0.620072
v -0.512705 0.282969 0.628033
v -0.499621 0.233399 0.635181
v -0.491371 0.211040 0.313735
v -0.513192 0.183641 0.639601
v -0.549782 0.147030 0.640109
v -0.599586 0.133374 0.636569
v -0.649260 0.146332 0.629928
v -0.641378 0.124457 0.314881
vn -0.0000 0.1003 -0.9950
vn -0.9659 -0.2575 -0.0260
vn -0.7071 -0.7035 -0.0709
vn -0.2588 -0.9611 -0.0968
vn 0.2588 -0.9611 -0.0968
vn 0.2585 0.9611 0.0969
vn -0.2592 0.9609 0.0970
vn -0.7071 0.7035 0.0711
vn -0.9658 0.2578 0.0261
vn 0.7071 -0.7035 -0.0709
vn 0.9659 -0.2575 -0.0260
vn 0.9659 0.2575 0.0260
vn 0.7071 0.7035 0.0709
vn -0.9660 -0.2571 -0.0259
vn -0.2585 -0.9612 -0.0968
vn 0.2592 -0.9610 -0.0967
vn 0.2588 0.9611 0.0968
vn -0.2588 0.9611 0.0968
vn -0.7071 0.7035 0.0709
vn -0.9659 0.2575 0.0260
vn 0.7071 -0.7035 -0.0707
vn 0.9658 -0.2579 -0.0258
vn 0.9660 0.2571 0.0260
vn 0.9636 0.2652 -0.0347
vn 0.9614 -0.2441 -0.1271
vn 0.9467 0.2796 -0.1600
vn 0.9504 -0.2363 -0.2020
vn 0.9563 0.2740 -0.1020
vn 0.9648 -0.2421 -0.1030
vn 0.9565 0.2733 0.1021
vn 0.9646 -0.2427 0.1029
vn 0.9444 0.2738 0.1820
vn 0.9525 -0.2432 0.1835
vn 0.9582 0.2738 0.0824
vn 0.9664 -0.2432 0.0831
vn 0.9617 0.2740 -0.0001
vn 0.9699 -0.2434 -0.0001
vn 0.9617 0.2740 0.0001
vn 0.9699 -0.2434 0.0001
vn 0.9582 0.2738 -0.0824
vn 0.9664 -0.2432 -0.0831
vn 0.9444 0.2738 -0.1820
vn 0.9525 -0.2432 -0.1835
vn 0.9565 0.2733 -0.1021
vn 0.9646 -0.2427 -0.1029
vn 0.9563 0.2740 0.1020
vn 0.9648 -0.2421 0.1030
vn 0.9467 0.2796 0.1600
vn 0.9504 -0.2363 0.2020
vn 0.9636 0.2652 0.0347
vn 0.9614 -0.2441 0.1271
vn 0.9660 0.2571 -0.0260
vn 0.9658 -0.2579 0.0258
vn -0.0000 0.1003 0.9950
vn -0.0000 0.1002 0.9950
vn -0.9659 -0.2575 0.0259
vn -0.9659 0.2575 -0.0260
vn -0.7071 0.7036 -0.0709
vn -0.2588 0.9611 -0.0969
vn 0.7071 -0.7035 0.0707
vn 0.2592 -0.9610 0.0967
vn -0.2585 -0.9612 0.0968
vn -0.7071 -0.7035 0.0709
vn 0.7071 0.7036 -0.0709
vn 0.2588 0.9611 -0.0969
vn 0.9659 0.2575 -0.0260
vn 0.9659 -0.2575 0.0260
vn -0.9660 -0.2571 0.0259
vn -0.9658 0.2578 -0.0261
vn -0.7071 0.7035 -0.0711
vn -0.2592 0.9609 -0.0970
vn 0.2588 -0.9611 0.0969
vn 0.7071 -0.7035 0.0709
vn -0.2588 -0.9611 0.0969
vn 0.2585 0.9611 -0.0969
vn 0.7071 0.7035 -0.0709
vn 0.2623 0.9532 -0.1503
vn 0.7077 0.7033 -0.0668
vn -0.2535 0.9478 -0.1935
vn -0.2607 0.9570 -0.1274
vn 0.2476 0.9684 -0.0301
vn -0.6993 0.6890 -0.1904
vn -0.7016 0.6882 -0.1849
vn -0.9504 0.2363 -0.2022
vn -0.9614 0.2441 -0.1269
vn -0.9468 -0.2796 -0.1596
vn -0.9635 -0.2652 -0.0351
vn -0.6896 -0.7204 -0.0745
vn -0.7077 -0.7034 0.0662
vn -0.2477 -0.9684 0.0305
vn -0.2623 -0.9533 0.1500
vn 0.2608 -0.9570 0.1272
vn 0.2535 -0.9477 0.1936
vn 0.6994 -0.6890 0.1900
vn 0.7015 -0.6881 0.1853
vn 0.7159 -0.6940 0.0767
vn 0.2746 -0.9611 0.0296
vn 0.7153 -0.6946 -0.0764
vn 0.2734 -0.9615 -0.0293
vn -0.2428 -0.9697 0.0261
vn -0.2414 -0.9701 -0.0259
vn -0.6930 -0.7171 0.0747
vn -0.6921 -0.7180 -0.0746
vn -0.9564 -0.2733 0.1032
vn -0.9562 -0.2740 -0.1032
vn -0.9645 0.2427 0.1041
vn -0.9647 0.2421 -0.1040
vn -0.7152 0.6946 0.0771
vn -0.7158 0.6940 -0.0770
vn -0.2734 0.9615 0.0294
vn -0.2746 0.9611 -0.0294
vn 0.2428 0.9697 -0.0260
vn 0.2414 0.9701 0.0259
vn 0.6930 0.7171 -0.0741
vn 0.6921 0.7180 0.0739
vn 0.6895 0.7204 0.0751
vn 0.2393 0.9698 -0.0461
vn 0.6836 0.7178 -0.1317
vn 0.2428 0.9698 -0.0209
vn 0.6937 0.7178 -0.0597
vn -0.2734 0.9616 0.0235
vn -0.2694 0.9616 0.0519
vn -0.7160 0.6954 0.0617
vn -0.7056 0.6954 0.1359
vn -0.9664 0.2432 0.0833
vn -0.9525 0.2432 0.1834
vn -0.9582 -0.2738 0.0825
vn -0.9444 -0.2738 0.1819
vn -0.6937 -0.7178 0.0597
vn -0.6836 -0.7178 0.1317
vn -0.2428 -0.9698 0.0209
vn -0.2393 -0.9698 0.0461
vn 0.2734 -0.9616 -0.0235
vn 0.2694 -0.9616 -0.0519
vn 0.7160 -0.6954 -0.0616
vn 0.7056 -0.6954 -0.1360
vn 0.7184 -0.6956 0.0001
vn 0.2742 -0.9617 -0.0000
vn 0.7184 -0.6956 -0.0001
vn -0.2436 -0.9699 -0.0000
vn -0.6960 -0.7181 -0.0001
vn -0.6960 -0.7181 0.0001
vn -0.9617 -0.2740 -0.0001
vn -0.9617 -0.2740 0.0001
vn -0.9699 0.2434 -0.0001
vn -0.9699 0.2434 0.0001
vn -0.7184 0.6956 -0.0001
vn -0.7184 0.6956 0.0001
vn -0.2742 0.9617 -0.0000
vn 0.2436 0.9699 -0.0000
vn 0.6960 0.7181 -0.0001
vn 0.6960 0.7181 0.0001
vn 0.2428 0.9698 0.0209
vn 0.6937 0.7178 0.0597
vn 0.2393 0.9698 0.0461
vn 0.6836 0.7178 0.1317
vn -0.2694 0.9616 -0.0519
vn -0.2734 0.9616 -0.0235
vn -0.7056 0.6954 -0.1359
vn -0.7160 0.6954 -0.0617
vn -0.9525 0.2432 -0.1834
vn -0.9664 0.2432 -0.0833
vn -0.9444 -0.2738 -0.1819
vn -0.9582 -0.2738 -0.0825
vn -0.6836 -0.7178 -0.1317
vn -0.6937 -0.7178 -0.0597
vn -0.2393 -0.9698 -0.0461
vn -0.2428 -0.9698 -0.0209
vn 0.2694 -0.9616 0.0519
vn 0.2734 -0.9616 0.0235
vn 0.7056 -0.6954 0.1360
vn 0.7160 -0.6954 0.0616
vn 0.7153 -0.6946 0.0764
vn 0.2734 -0.9615 0.0293
vn 0.7159 -0.6940 -0.0767
vn 0.2746 -0.9611 -0.0296
vn -0.2414 -0.9701 0.0259
vn -0.2428 -0.9697 -0.0261
vn -0.6921 -0.7180 0.0746
vn -0.6930 -0.7171 -0.0747
vn -0.9562 -0.2740 0.1032
vn -0.9564 -0.2733 -0.1032
vn -0.9647 0.2421 0.1040
vn -0.9645 0.2427 -0.1041
vn -0.7158 0.6940 0.0770
vn -0.7152 0.6946 -0.0771
vn -0.2746 0.9611 0.0294
vn -0.2734 0.9615 -0.0294
vn 0.2414 0.9701 -0.0259
vn 0.2428 0.9697 0.0260
vn 0.6921 0.7180 -0.0739
vn 0.6930 0.7171 0.0741
vn 0.2476 0.9684 0.0301
vn 0.6895 0.7204 -0.0751
vn 0.2623 0.9532 0.1503
vn 0.7077 0.7033 0.0668
vn -0.2535 0.9478 0.1935
vn -0.2607 0.9570 0.1274
vn -0.7016 0.6882 0.1849
vn -0.6993 0.6890 0.1904
vn -0.9614 0.2441 0.1269
vn -0.9504 0.2363 0.2022
vn -0.9635 -0.2652 0.0351
vn -0.9468 -0.2796 0.1596
vn -0.7077 -0.7034 -0.0662
vn -0.6896 -0.7204 0.0745
vn -0.2623 -0.9533 -0.1500
vn -0.2477 -0.9684 -0.0305
vn 0.2535 -0.9478 -0.1936
vn 0.2608 -0.9570 -0.1272
vn 0.7015 -0.6881 -0.1853
vn 0.6994 -0.6890 -0.1900
vn -0.9659 -0.2588 -0.0000
vn -0.0000 -0.0000 -1.0000
vn -0.7071 -0.7071 -0.0000
vn -0.2588 -0.9659 -0.0000
vn 0.2588 -0.9659 -0.0000
vn 0.2588 0.9659 0.0002
vn -0.2587 0.9660 0.0001
vn -0.7070 0.7072 -0.0000
vn -0.9659 0.2588 -0.0000
vn 0.7071 -0.7071 -0.0000
vn 0.9659 -0.2588 -0.0000
vn 0.9659 0.2588 -0.0000
vn 0.7071 0.7071 -0.0000
vn -0.9659 -0.2590 0.0001
vn -0.7070 -0.7072 0.0002
vn -0.2588 -0.9659 0.0002
vn 0.2587 -0.9660 0.0001
vn 0.2588 0.9659 -0.0000
vn -0.2588 0.9659 -0.0000
vn -0.7071 0.7071 -0.0000
vn 0.7070 -0.7072 -0.0000
vn 0.9659 0.2590 0.0001
vn 0.9651 0.2586 -0.0407
vn 0.9663 -0.2575 -0.0054
vn 0.9469 0.2393 -0.2146
vn 0.9536 -0.2711 -0.1308
vn 0.9577 0.2510 -0.1406
vn 0.9599 -0.2638 -0.0949
vn 0.9570 0.2515 0.1444
vn 0.9597 -0.2630 0.0987
vn 0.9382 0.2379 0.2514
vn 0.9458 -0.2733 0.1755
vn 0.9659 0.2557 0.0413
vn 0.9648 -0.2613 0.0302
vn 0.9670 0.2546 -0.0047
vn 0.9648 -0.2630 0.0074
vn 0.9670 0.2546 0.0047
vn 0.9648 -0.2630 -0.0074
vn 0.9659 0.2557 -0.0413
vn 0.9648 -0.2613 -0.0302
vn 0.9382 0.2379 -0.2514
vn 0.9458 -0.2733 -0.1755
vn 0.9570 0.2515 -0.1444
vn 0.9597 -0.2630 -0.0987
vn 0.9577 0.2510 0.1407
vn 0.9599 -0.2638 0.0949
vn 0.9469 0.2393 0.2146
vn 0.9536 -0.2711 0.1308
vn 0.9651 0.2586 0.0407
vn 0.9663 -0.2575 0.0054
vn 0.9659 0.2590 -0.0001
vn -0.0000 -0.0000 1.0000
vn 0.2587 -0.9660 -0.0001
vn -0.2588 -0.9659 -0.0002
vn -0.7070 -0.7072 -0.0002
vn -0.9659 -0.2590 -0.0001
vn -0.2587 0.9660 -0.0001
vn 0.2588 0.9659 -0.0002
vn 0.7070 0.7072 -0.0002
vn 0.2584 0.9633 0.0728
vn 0.7062 0.7050 0.0653
vn -0.2594 0.9639 0.0605
vn -0.2653 0.9579 0.1101
vn 0.2443 0.9483 0.2026
vn -0.7044 0.7097 -0.0116
vn -0.7081 0.7054 0.0314
vn -0.9538 0.2709 -0.1297
vn -0.9662 0.2576 -0.0066
vn -0.9473 -0.2395 -0.2128
vn -0.9651 -0.2585 -0.0429
vn -0.6878 -0.6854 -0.2392
vn -0.7061 -0.7049 -0.0674
vn -0.2445 -0.9484 -0.2018
vn -0.2584 -0.9632 -0.0737
vn 0.2653 -0.9579 -0.1102
vn 0.2594 -0.9639 -0.0604
vn 0.7043 -0.7098 0.0117
vn 0.7081 -0.7054 -0.0314
vn 0.7036 -0.7103 0.0228
vn 0.2565 -0.9649 -0.0573
vn 0.7041 -0.7096 -0.0255
vn 0.2574 -0.9647 0.0563
vn -0.2569 -0.9585 0.1240
vn -0.2578 -0.9583 -0.1230
vn -0.6996 -0.6968 0.1584
vn -0.7005 -0.6964 -0.1560
vn -0.9563 -0.2511 0.1500
vn -0.9569 -0.2505 -0.1467
vn -0.9594 0.2631 0.1012
vn -0.9596 0.2640 -0.0977
vn -0.7041 0.7096 0.0256
vn -0.7036 0.7103 -0.0229
vn -0.2573 0.9647 -0.0554
vn -0.2564 0.9649 0.0565
vn 0.2573 0.9589 -0.1200
vn 0.2582 0.9587 0.1191
vn 0.7004 0.6974 -0.1521
vn 0.7013 0.6971 0.1494
vn 0.6875 0.6851 0.2408
vn 0.2416 0.9497 -0.1990
vn 0.6808 0.6848 -0.2600
vn 0.2636 0.9641 -0.0314
vn 0.7095 0.7035 -0.0417
vn -0.2543 0.9671 -0.0124
vn -0.2638 0.9609 -0.0845
vn -0.7045 0.7096 0.0108
vn -0.6993 0.7129 0.0524
vn -0.9647 0.2614 0.0318
vn -0.9460 0.2732 0.1744
vn -0.9658 -0.2556 0.0446
vn -0.9387 -0.2382 0.2490
vn -0.7093 -0.7034 0.0451
vn -0.6814 -0.6852 0.2574
vn -0.2634 -0.9641 0.0333
vn -0.2419 -0.9500 0.1974
vn 0.2543 -0.9670 0.0127
vn 0.2638 -0.9609 0.0842
vn 0.7046 -0.7096 -0.0106
vn 0.6993 -0.7129 -0.0525
vn 0.7039 -0.7101 -0.0176
vn 0.2544 -0.9668 -0.0229
vn 0.7039 -0.7101 0.0176
vn 0.2544 -0.9668 0.0229
vn -0.2632 -0.9645 0.0221
vn -0.2632 -0.9645 -0.0221
vn -0.7102 -0.7038 0.0154
vn -0.7102 -0.7038 -0.0154
vn -0.9670 -0.2546 0.0045
vn -0.9670 -0.2546 -0.0045
vn -0.9648 0.2630 -0.0075
vn -0.9648 0.2630 0.0075
vn -0.7039 0.7101 -0.0175
vn -0.7039 0.7101 0.0175
vn -0.2544 0.9668 -0.0229
vn -0.2544 0.9668 0.0229
vn 0.2632 0.9645 -0.0222
vn 0.2632 0.9645 0.0222
vn 0.7102 0.7038 -0.0155
vn 0.7102 0.7038 0.0155
vn 0.2636 0.9641 0.0314
vn 0.7095 0.7035 0.0417
vn 0.2416 0.9497 0.1990
vn 0.6808 0.6848 0.2600
vn -0.2638 0.9609 0.0845
vn -0.2543 0.9671 0.0124
vn -0.6993 0.7129 -0.0524
vn -0.7045 0.7096 -0.0108
vn -0.9460 0.2732 -0.1744
vn -0.9647 0.2614 -0.0318
vn -0.9387 -0.2382 -0.2490
vn -0.9658 -0.2556 -0.0446
vn -0.6814 -0.6852 -0.2574
vn -0.7093 -0.7034 -0.0451
vn -0.2419 -0.9500 -0.1974
vn -0.2634 -0.9641 -0.0333
vn 0.2638 -0.9609 -0.0842
vn 0.2543 -0.9670 -0.0127
vn 0.6993 -0.7129 0.0525
vn 0.7046 -0.7096 0.0106
vn 0.7042 -0.7096 0.0255
vn 0.2574 -0.9647 -0.0563
vn 0.7036 -0.7103 -0.0228
vn 0.2565 -0.9649 0.0573
vn -0.2578 -0.9583 0.1230
vn -0.2569 -0.9585 -0.1240
vn -0.7005 -0.6964 0.1560
vn -0.6996 -0.6968 -0.1584
vn -0.9569 -0.2505 0.1467
vn -0.9563 -0.2511 -0.1500
vn -0.9596 0.2640 0.0977
vn -0.9594 0.2631 -0.1012
vn -0.7036 0.7103 0.0229
vn -0.7041 0.7096 -0.0256
vn -0.2564 0.9649 -0.0565
vn -0.2573 0.9647 0.0554
vn 0.2582 0.9587 -0.1191
vn 0.2573 0.9589 0.1200
vn 0.7013 0.6971 -0.1494
vn 0.7004 0.6974 0.1521
vn 0.2443 0.9483 -0.2026
vn 0.6875 0.6851 -0.2408
vn 0.2584 0.9633 -0.0728
vn 0.7062 0.7050 -0.0653
vn -0.2594 0.9639 -0.0605
vn -0.2653 0.9579 -0.1101
vn -0.7081 0.7054 -0.0314
vn -0.7044 0.7097 0.0116
vn -0.9662 0.2576 0.0066
vn -0.9538 0.2710 0.1297
vn -0.9651 -0.2585 0.0429
vn -0.9473 -0.2395 0.2128
vn -0.7061 -0.7049 0.0674
vn -0.6878 -0.6854 0.2392
vn -0.2584 -0.9632 0.0737
vn -0.2445 -0.9484 0.2018
vn 0.2594 -0.9639 0.0604
vn 0.2653 -0.9579 0.1102
vn 0.7081 -0.7054 0.0314
vn 0.7043 -0.7098 -0.0117
vn 0.7070 0.7072 0.0002
vn 0.2591 0.9610 0.0970
vn -0.2585 0.9611 0.0969
vn -0.7071 0.7036 0.0709
vn -0.9660 0.2572 0.0260
vn 0.9659 -0.2575 -0.0259
vn -0.9658 -0.2578 -0.0259
vn -0.7071 -0.7036 -0.0707
vn -0.2591 -0.9610 -0.0967
vn 0.2585 -0.9611 -0.0968
vn 0.7071 -0.7036 -0.0709
vn 0.9660 -0.2572 -0.0259
vn 0.9658 0.2578 0.0261
vn 0.9624 0.2457 0.1156
vn 0.9643 -0.2639 0.0236
vn 0.9605 0.2447 0.1325
vn 0.9581 -0.2716 0.0905
vn 0.9666 0.2484 0.0636
vn 0.9611 -0.2688 0.0633
vn 0.9665 0.2485 -0.0636
vn 0.9611 -0.2687 -0.0633
vn 0.9607 0.2453 -0.1301
vn 0.9580 -0.2713 -0.0932
vn 0.9628 0.2466 -0.1102
vn 0.9638 -0.2649 -0.0294
vn 0.9663 0.2565 -0.0227
vn 0.9653 -0.2600 0.0229
vn 0.9663 0.2565 0.0227
vn 0.9653 -0.2600 -0.0229
vn 0.9628 0.2466 0.1102
vn 0.9638 -0.2649 0.0294
vn 0.9607 0.2453 0.1301
vn 0.9580 -0.2713 0.0932
vn 0.9665 0.2485 0.0636
vn 0.9611 -0.2687 0.0633
vn 0.9666 0.2484 -0.0636
vn 0.9611 -0.2688 -0.0633
vn 0.9605 0.2447 -0.1325
vn 0.9582 -0.2716 -0.0905
vn 0.9624 0.2457 -0.1156
vn 0.9643 -0.2639 -0.0236
vn 0.9658 0.2578 -0.0261
vn 0.9660 -0.2572 0.0259
vn -0.9659 -0.2575 0.0260
vn 0.7071 -0.7036 0.0709
vn 0.2585 -0.9611 0.0968
vn -0.2591 -0.9610 0.0967
vn -0.7071 -0.7036 0.0707
vn -0.9658 -0.2578 0.0259
vn -0.9660 0.2572 -0.0260
vn -0.2585 0.9611 -0.0969
vn 0.2591 0.9610 -0.0970
vn 0.7071 0.7035 -0.0711
vn 0.2547 0.9481 -0.1905
vn 0.7026 0.6893 -0.1767
vn -0.2613 0.9530 -0.1534
vn -0.2525 0.9664 -0.0482
vn 0.2613 0.9592 -0.1080
vn -0.6988 0.7149 0.0245
vn -0.7075 0.7027 -0.0751
vn -0.9581 0.2716 0.0906
vn -0.9643 0.2639 0.0236
vn -0.9605 -0.2447 0.1324
vn -0.9624 -0.2457 0.1159
vn -0.7053 -0.6952 0.1387
vn -0.7025 -0.6893 0.1770
vn -0.2613 -0.9592 0.1080
vn -0.2547 -0.9481 0.1906
vn 0.2525 -0.9664 0.0484
vn 0.2613 -0.9530 0.1531
vn 0.6988 -0.7149 -0.0242
vn 0.7075 -0.7027 0.0747
vn 0.6982 -0.7144 -0.0460
vn 0.2479 -0.9687 -0.0162
vn 0.6983 -0.7143 0.0460
vn 0.2480 -0.9686 0.0162
vn -0.2689 -0.9630 -0.0177
vn -0.2690 -0.9630 0.0178
vn -0.7134 -0.6992 -0.0468
vn -0.7134 -0.6992 0.0468
vn -0.9666 -0.2485 -0.0633
vn -0.9666 -0.2484 0.0633
vn -0.9612 0.2687 -0.0629
vn -0.9612 0.2688 0.0629
vn -0.6984 0.7143 -0.0457
vn -0.6983 0.7144 0.0457
vn -0.2480 0.9686 -0.0163
vn -0.2479 0.9687 0.0163
vn 0.2689 0.9630 0.0176
vn 0.2690 0.9630 -0.0175
vn 0.7134 0.6992 0.0468
vn 0.7134 0.6992 -0.0468
vn 0.7053 0.6952 -0.1389
vn 0.2620 0.9600 0.0984
vn 0.7058 0.6960 0.1320
vn 0.2563 0.9516 0.1696
vn 0.7038 0.6918 0.1615
vn -0.2598 0.9566 0.1323
vn -0.2519 0.9670 0.0385
vn -0.7064 0.7053 0.0595
vn -0.6984 0.7150 -0.0317
vn -0.9638 0.2649 -0.0294
vn -0.9580 0.2713 -0.0933
vn -0.9628 -0.2465 -0.1104
vn -0.9607 -0.2453 -0.1299
vn -0.7038 -0.6917 -0.1617
vn -0.7059 -0.6960 -0.1318
vn -0.2563 -0.9516 -0.1696
vn -0.2620 -0.9600 -0.0984
vn 0.2598 -0.9566 -0.1321
vn 0.2519 -0.9670 -0.0387
vn 0.7064 -0.7053 -0.0592
vn 0.6984 -0.7150 0.0314
vn 0.7050 -0.7065 -0.0625
vn 0.2561 -0.9629 -0.0852
vn 0.7050 -0.7065 0.0625
vn 0.2561 -0.9629 0.0852
vn -0.2606 -0.9617 0.0850
vn -0.2606 -0.9617 -0.0850
vn -0.7079 -0.7036 0.0621
vn -0.7079 -0.7036 -0.0621
vn -0.9663 -0.2566 0.0225
vn -0.9663 -0.2566 -0.0225
vn -0.9653 0.2600 -0.0229
vn -0.9653 0.2600 0.0229
vn -0.7050 0.7065 -0.0620
vn -0.7050 0.7065 0.0620
vn -0.2561 0.9630 -0.0844
vn -0.2561 0.9630 0.0844
vn 0.2606 0.9618 -0.0844
vn 0.2606 0.9618 0.0844
vn 0.7079 0.7036 -0.0619
vn 0.7079 0.7036 0.0619
vn 0.2563 0.9516 -0.1696
vn 0.7038 0.6918 -0.1615
vn 0.2620 0.9600 -0.0984
vn 0.7058 0.6960 -0.1320
vn -0.2519 0.9670 -0.0385
vn -0.2598 0.9566 -0.1323
vn -0.6984 0.7150 0.0317
vn -0.7064 0.7053 -0.0595
vn -0.9580 0.2713 0.0933
vn -0.9638 0.2649 0.0294
vn -0.9607 -0.2453 0.1299
vn -0.9628 -0.2465 0.1104
vn -0.7059 -0.6960 0.1318
vn -0.7038 -0.6917 0.1617
vn -0.2620 -0.9600 0.0984
vn -0.2563 -0.9516 0.1696
vn 0.2519 -0.9670 0.0387
vn 0.2598 -0.9566 0.1321
vn 0.6984 -0.7150 -0.0314
vn 0.7064 -0.7053 0.0592
vn 0.6983 -0.7143 -0.0460
vn 0.2480 -0.9686 -0.0162
vn 0.6982 -0.7144 0.0460
vn 0.2479 -0.9687 0.0162
vn -0.2690 -0.9630 -0.0178
vn -0.2689 -0.9630 0.0177
vn -0.9666 -0.2484 -0.0633
vn -0.9666 -0.2485 0.0633
vn -0.9612 0.2688 -0.0629
vn -0.9612 0.2687 0.0629
vn -0.6983 0.7144 -0.0457
vn -0.6984 0.7143 0.0457
vn -0.2479 0.9687 -0.0163
vn -0.2480 0.9686 0.0163
vn 0.2690 0.9630 0.0175
vn 0.2689 0.9630 -0.0176
vn 0.2613 0.9592 0.1080
vn 0.7053 0.6952 0.1389
vn 0.2547 0.9481 0.1905
vn 0.7026 0.6893 0.1767
vn -0.2613 0.9530 0.1534
vn -0.2525 0.9664 0.0482
vn -0.7075 0.7027 0.0751
vn -0.6988 0.7149 -0.0245
vn -0.9643 0.2639 -0.0236
vn -0.9581 0.2716 -0.0906
vn -0.9624 -0.2457 -0.1159
vn -0.9605 -0.2447 -0.1324
vn -0.7025 -0.6893 -0.1770
vn -0.7053 -0.6952 -0.1387
vn -0.2547 -0.9481 -0.1906
vn -0.2613 -0.9592 -0.1080
vn 0.2613 -0.9530 -0.1531
vn 0.2525 -0.9664 -0.0484
vn 0.7075 -0.7027 -0.0747
vn 0.6988 -0.7149 0.0242
vn 0.7071 0.7035 0.0711
vn -0.2591 0.9610 0.0970
vn 0.7071 0.7036 0.0709
vn 0.9660 0.2572 0.0260
vn 0.9658 -0.2578 -0.0259
vn 0.7071 -0.7036 -0.0707
vn 0.2591 -0.9610 -0.0967
vn -0.2585 -0.9611 -0.0968
vn 0.9659 0.2575 0.0259
vn -0.7071 -0.7036 -0.0709
vn -0.9660 -0.2572 -0.0259
vn -0.9624 0.2457 0.1156
vn -0.9643 -0.2639 0.0236
vn -0.9605 0.2447 0.1325
vn -0.9582 -0.2716 0.0905
vn -0.9666 0.2484 0.0636
vn -0.9611 -0.2688 0.0633
vn -0.9665 0.2485 -0.0636
vn -0.9611 -0.2687 -0.0633
vn -0.9607 0.2453 -0.1301
vn -0.9580 -0.2713 -0.0932
vn -0.9628 0.2466 -0.1102
vn -0.9638 -0.2649 -0.0294
vn -0.9663 0.2565 -0.0227
vn -0.9653 -0.2600 0.0229
vn -0.9663 0.2565 0.0227
vn -0.9653 -0.2600 -0.0229
vn -0.9628 0.2466 0.1102
vn -0.9638 -0.2649 0.0294
vn -0.9607 0.2453 0.1301
vn -0.9580 -0.2713 0.0932
vn -0.9665 0.2485 0.0636
vn -0.9611 -0.2687 0.0633
vn -0.9666 0.2484 -0.0636
vn -0.9611 -0.2688 -0.0633
vn -0.9605 0.2447 -0.1325
vn -0.9582 -0.2716 -0.0905
vn -0.9624 0.2457 -0.1156
vn -0.9643 -0.2639 -0.0236
vn -0.9660 -0.2572 0.0259
vn -0.7071 -0.7036 0.0709
vn -0.2585 -0.9611 0.0968
vn 0.2591 -0.9610 0.0967
vn 0.7071 -0.7036 0.0707
vn 0.9658 -0.2578 0.0259
vn 0.9660 0.2572 -0.0260
vn -0.2591 0.9610 -0.0970
vn -0.2547 0.9481 -0.1905
vn -0.7026 0.6893 -0.1767
vn 0.2613 0.9530 -0.1534
vn 0.2525 0.9664 -0.0482
vn -0.2613 0.9592 -0.1080
vn 0.6988 0.7149 0.0245
vn 0.7075 0.7027 -0.0750
vn 0.9581 0.2716 0.0906
vn 0.9643 0.2639 0.0236
vn 0.9605 -0.2447 0.1324
vn 0.9624 -0.2457 0.1159
vn 0.7053 -0.6952 0.1387
vn 0.7025 -0.6893 0.1770
vn 0.2613 -0.9592 0.1080
vn 0.2547 -0.9481 0.1906
vn -0.2525 -0.9664 0.0484
vn -0.2613 -0.9530 0.1531
vn -0.6988 -0.7149 -0.0242
vn -0.7075 -0.7027 0.0747
vn -0.6982 -0.7144 -0.0460
vn -0.2479 -0.9687 -0.0162
vn -0.6983 -0.7143 0.0460
vn -0.2480 -0.9686 0.0162
vn 0.2689 -0.9630 -0.0177
vn 0.2690 -0.9630 0.0178
vn 0.7134 -0.6992 -0.0468
vn 0.7134 -0.6992 0.0468
vn 0.9666 -0.2485 -0.0633
vn 0.9666 -0.2484 0.0633
vn 0.9612 0.2687 -0.0629
vn 0.9612 0.2688 0.0629
vn 0.6984 0.7143 -0.0457
vn 0.6983 0.7144 0.0457
vn 0.2480 0.9686 -0.0163
vn 0.2479 0.9687 0.0163
vn -0.2689 0.9630 0.0176
vn -0.2690 0.9630 -0.0175
vn -0.7134 0.6992 0.0468
vn -0.7134 0.6992 -0.0468
vn -0.7053 0.6952 -0.1389
vn -0.2620 0.9600 0.0984
vn -0.7058 0.6960 0.1320
vn -0.2563 0.9516 0.1696
vn -0.7038 0.6918 0.1615
vn 0.2598 0.9566 0.1323
vn 0.2519 0.9670 0.0385
vn 0.7064 0.7053 0.0595
vn 0.6984 0.7150 -0.0317
vn 0.9638 0.2649 -0.0294
vn 0.9580 0.2713 -0.0933
vn 0.9628 -0.2465 -0.1104
vn 0.9607 -0.2453 -0.1299
vn 0.7038 -0.6917 -0.1617
vn 0.7059 -0.6960 -0.1318
vn 0.2563 -0.9516 -0.1696
vn 0.2620 -0.9600 -0.0984
vn -0.2598 -0.9566 -0.1321
vn -0.2519 -0.9670 -0.0387
vn -0.7064 -0.7053 -0.0592
vn -0.6984 -0.7150 0.0314
vn -0.7050 -0.7065 -0.0625
vn -0.2561 -0.9629 -0.0852
vn -0.7050 -0.7065 0.0625
vn -0.2561 -0.9629 0.0852
vn 0.2606 -0.9617 0.0850
vn 0.2606 -0.9617 -0.0850
vn 0.7079 -0.7036 0.0621
vn 0.7079 -0.7036 -0.0621
vn 0.9663 -0.2566 0.0225
vn 0.9663 -0.2566 -0.0225
vn 0.9653 0.2600 -0.0229
vn 0.9653 0.2600 0.0229
vn 0.7050 0.7065 -0.0620
vn 0.7050 0.7065 0.0620
vn 0.2561 0.9630 -0.0844
vn 0.2561 0.9630 0.0844
vn -0.2606 0.9618 -0.0844
vn -0.2606 0.9618 0.0844
vn -0.7079 0.7036 -0.0619
vn -0.7079 0.7036 0.0619
vn -0.2563 0.9516 -0.1696
vn -0.7038 0.6918 -0.1615
vn -0.2620 0.9600 -0.0984
vn -0.7058 0.6960 -0.1320
vn 0.2519 0.9670 -0.0385
vn 0.2598 0.9566 -0.1323
vn 0.6984 0.7150 0.0317
vn 0.7064 0.7053 -0.0595
vn 0.9580 0.2713 0.0933
vn 0.9638 0.2649 0.0294
vn 0.9607 -0.2453 0.1299
vn 0.9628 -0.2465 0.1104
vn 0.7059 -0.6960 0.1318
vn 0.7038 -0.6917 0.1617
vn 0.2620 -0.9600 0.0984
vn 0.2563 -0.9516 0.1696
vn -0.2519 -0.9670 0.0387
vn -0.2598 -0.9566 0.1321
vn -0.6984 -0.7150 -0.0314
vn -0.7064 -0.7053 0.0592
vn -0.6983 -0.7143 -0.0460
vn -0.2480 -0.9686 -0.0162
vn -0.6982 -0.7144 0.0460
vn -0.2479 -0.9687 0.0162
vn 0.2690 -0.9630 -0.0178
vn 0.2689 -0.9630 0.0177
vn 0.9666 -0.2484 -0.0633
vn 0.9666 -0.2485 0.0633
vn 0.9612 0.2688 -0.0629
vn 0.9612 0.2687 0.0629
vn 0.6983 0.7144 -0.0457
vn 0.6984 0.7143 0.0457
vn 0.2479 0.9687 -0.0163
vn 0.2480 0.9686 0.0163
vn -0.2690 0.9630 0.0175
vn -0.2689 0.9630 -0.0176
vn -0.2613 0.9592 0.1080
vn -0.7053 0.6952 0.1389
vn -0.2547 0.9481 0.1905
vn -0.7026 0.6893 0.1767
vn 0.2613 0.9530 0.1534
vn 0.2525 0.9664 0.0482
vn 0.7075 0.7027 0.0750
vn 0.6988 0.7149 -0.0245
vn 0.9643 0.2639 -0.0236
vn 0.9581 0.2716 -0.0906
vn 0.9624 -0.2457 -0.1159
vn 0.9605 -0.2447 -0.1324
vn 0.7025 -0.6893 -0.1770
vn 0.7053 -0.6952 -0.1387
vn 0.2547 -0.9481 -0.1906
vn 0.2613 -0.9592 -0.1080
vn -0.2613 -0.9530 -0.1531
vn -0.2525 -0.9664 -0.0484
vn -0.7075 -0.7027 -0.0747
vn -0.6988 -0.7149 0.0242
vn 0.2592 0.9609 0.0970
vn -0.9659 -0.2575 -0.0259
vn -0.9659 0.2575 0.0259
vn 0.9660 -0.2571 -0.0259
vn 0.2585 -0.9612 -0.0968
vn -0.2592 -0.9610 -0.0967
vn -0.7071 -0.7035 -0.0707
vn -0.9658 -0.2579 -0.0258
vn -0.9660 0.2571 0.0260
vn -0.9636 0.2652 -0.0347
vn -0.9614 -0.2441 -0.1271
vn -0.9467 0.2796 -0.1600
vn -0.9504 -0.2363 -0.2020
vn -0.9563 0.2740 -0.1020
vn -0.9648 -0.2421 -0.1030
vn -0.9565 0.2733 0.1021
vn -0.9646 -0.2427 0.1029
vn -0.9444 0.2738 0.1820
vn -0.9525 -0.2432 0.1835
vn -0.9582 0.2738 0.0824
vn -0.9664 -0.2432 0.0831
vn -0.9617 0.2740 -0.0001
vn -0.9699 -0.2434 -0.0001
vn -0.9617 0.2740 0.0001
vn -0.9699 -0.2434 0.0001
vn -0.9582 0.2738 -0.0824
vn -0.9664 -0.2432 -0.0831
vn -0.9444 0.2738 -0.1820
vn -0.9525 -0.2432 -0.1835
vn -0.9565 0.2733 -0.1021
vn -0.9646 -0.2427 -0.1029
vn -0.9563 0.2740 0.1020
vn -0.9648 -0.2421 0.1030
vn -0.9467 0.2796 0.1600
vn -0.9504 -0.2363 0.2020
vn -0.9636 0.2652 0.0347
vn -0.9614 -0.2441 0.1271
vn -0.9660 0.2571 -0.0260
vn -0.9658 -0.2579 0.0258
vn -0.7071 -0.7035 0.0707
vn -0.2592 -0.9610 0.0967
vn 0.2585 -0.9612 0.0968
vn 0.9660 -0.2571 0.0259
vn 0.2592 0.9609 -0.0970
vn -0.7071 0.7035 -0.0709
vn -0.2623 0.9532 -0.1503
vn -0.7077 0.7033 -0.0668
vn 0.2535 0.9478 -0.1935
vn 0.2607 0.9570 -0.1274
vn -0.2476 0.9684 -0.0301
vn 0.6993 0.6890 -0.1904
vn 0.7016 0.6882 -0.1849
vn 0.9504 0.2363 -0.2022
vn 0.9614 0.2441 -0.1269
vn 0.9468 -0.2796 -0.1596
vn 0.9635 -0.2652 -0.0351
vn 0.6896 -0.7204 -0.0745
vn 0.7077 -0.7034 0.0662
vn 0.2477 -0.9684 0.0305
vn 0.2623 -0.9533 0.1500
vn -0.2608 -0.9570 0.1272
vn -0.2535 -0.9477 0.1936
vn -0.6994 -0.6890 0.1900
vn -0.7015 -0.6881 0.1853
vn -0.7159 -0.6940 0.0767
vn -0.2746 -0.9611 0.0296
vn -0.7153 -0.6946 -0.0764
vn -0.2734 -0.9615 -0.0293
vn 0.2428 -0.9697 0.0261
vn 0.2414 -0.9701 -0.0259
vn 0.6930 -0.7171 0.0746
vn 0.6921 -0.7180 -0.0746
vn 0.9564 -0.2733 0.1032
vn 0.9562 -0.2740 -0.1032
vn 0.9645 0.2427 0.1041
vn 0.9647 0.2421 -0.1040
vn 0.7152 0.6946 0.0771
vn 0.7158 0.6940 -0.0770
vn 0.2734 0.9615 0.0294
vn 0.2746 0.9611 -0.0294
vn -0.2428 0.9697 -0.0260
vn -0.2414 0.9701 0.0259
vn -0.6930 0.7171 -0.0741
vn -0.6921 0.7180 0.0739
vn -0.6895 0.7204 0.0751
vn -0.2393 0.9698 -0.0461
vn -0.6836 0.7178 -0.1317
vn -0.2428 0.9698 -0.0209
vn -0.6937 0.7178 -0.0597
vn 0.2734 0.9616 0.0235
vn 0.2694 0.9616 0.0519
vn 0.7160 0.6954 0.0617
vn 0.7056 0.6954 0.1359
vn 0.9664 0.2432 0.0833
vn 0.9525 0.2432 0.1834
vn 0.9582 -0.2738 0.0825
vn 0.9444 -0.2738 0.1819
vn 0.6937 -0.7178 0.0597
vn 0.6836 -0.7178 0.1317
vn 0.2428 -0.9698 0.0209
vn 0.2393 -0.9698 0.0461
vn -0.2734 -0.9616 -0.0235
vn -0.2694 -0.9616 -0.0519
vn -0.7160 -0.6954 -0.0616
vn -0.7056 -0.6954 -0.1360
vn -0.7184 -0.6956 0.0001
vn -0.2742 -0.9617 -0.0000
vn -0.7184 -0.6956 -0.0001
vn 0.2436 -0.9699 -0.0000
vn 0.6960 -0.7181 -0.0001
vn 0.6960 -0.7181 0.0001
vn 0.9617 -0.2740 -0.0001
vn 0.9617 -0.2740 0.0001
vn 0.9699 0.2434 -0.0001
vn 0.9699 0.2434 0.0001
vn 0.7184 0.6956 -0.0001
vn 0.7184 0.6956 0.0001
vn 0.2742 0.9617 -0.0000
vn -0.2436 0.9699 -0.0000
vn -0.6960 0.7181 -0.0001
vn -0.6960 0.7181 0.0001
vn -0.2428 0.9698 0.0209
vn -0.6937 0.7178 0.0597
vn -0.2393 0.9698 0.0461
vn -0.6836 0.7178 0.1317
vn 0.2694 0.9616 -0.0519
vn 0.2734 0.9616 -0.0235
vn 0.7056 0.6954 -0.1359
vn 0.7160 0.6954 -0.0617
vn 0.9525 0.2432 -0.1834
vn 0.9664 0.2432 -0.0833
vn 0.9444 -0.2738 -0.1819
vn 0.9582 -0.2738 -0.0825
vn 0.6836 -0.7178 -0.1317
vn 0.6937 -0.7178 -0.0597
vn 0.2393 -0.9698 -0.0461
vn 0.2428 -0.9698 -0.0209
vn -0.2694 -0.9616 0.0519
vn -0.2734 -0.9616 0.0235
vn -0.7056 -0.6954 0.1360
vn -0.7160 -0.6954 0.0616
vn -0.7153 -0.6946 0.0764
vn -0.2734 -0.9615 0.0293
vn -0.7159 -0.6940 -0.0767
vn -0.2746 -0.9611 -0.0296
vn 0.2414 -0.9701 0.0259
vn 0.2428 -0.9697 -0.0261
vn 0.6921 -0.7180 0.0746
vn 0.6930 -0.7171 -0.0746
vn 0.9562 -0.2740 0.1032
vn 0.9564 -0.2733 -0.1032
vn 0.9647 0.2421 0.1040
vn 0.9645 0.2427 -0.1041
vn 0.7158 0.6940 0.0770
vn 0.7152 0.6946 -0.0771
vn 0.2746 0.9611 0.0294
vn 0.2734 0.9615 -0.0294
vn -0.2414 0.9701 -0.0259
vn -0.2428 0.9697 0.0260
vn -0.6921 0.7180 -0.0739
vn -0.6930 0.7171 0.0741
vn -0.2476 0.9684 0.0301
vn -0.6895 0.7204 -0.0751
vn -0.2623 0.9532 0.1503
vn -0.7077 0.7033 0.0668
vn 0.2535 0.9478 0.1935
vn 0.2607 0.9570 0.1274
vn 0.7016 0.6882 0.1849
vn 0.6993 0.6890 0.1904
vn 0.9614 0.2441 0.1269
vn 0.9504 0.2363 0.2022
vn 0.9635 -0.2652 0.0351
vn 0.9468 -0.2796 0.1596
vn 0.7077 -0.7034 -0.0662
vn 0.6896 -0.7204 0.0745
vn 0.2623 -0.9533 -0.1500
vn 0.2477 -0.9684 -0.0305
vn -0.2535 -0.9477 -0.1936
vn -0.2608 -0.9570 -0.1272
vn -0.7015 -0.6881 -0.1853
vn -0.6994 -0.6890 -0.1900
vn -0.2588 0.9659 0.0002
vn 0.2587 0.9660 0.0001
vn 0.7070 0.7072 -0.0000
vn 0.9659 -0.2590 0.0001
vn 0.7070 -0.7072 0.0002
vn 0.2588 -0.9659 0.0002
vn -0.2587 -0.9660 0.0001
vn -0.7070 -0.7072 -0.0000
vn -0.9659 0.2590 0.0001
vn -0.9651 0.2586 -0.0407
vn -0.9663 -0.2575 -0.0054
vn -0.9469 0.2393 -0.2146
vn -0.9536 -0.2711 -0.1308
vn -0.9577 0.2510 -0.1406
vn -0.9599 -0.2638 -0.0949
vn -0.9570 0.2515 0.1444
vn -0.9597 -0.2630 0.0987
vn -0.9382 0.2379 0.2514
vn -0.9458 -0.2733 0.1755
vn -0.9659 0.2557 0.0413
vn -0.9648 -0.2613 0.0302
vn -0.9670 0.2546 -0.0047
vn -0.9648 -0.2630 0.0074
vn -0.9670 0.2546 0.0047
vn -0.9648 -0.2630 -0.0074
vn -0.9659 0.2557 -0.0413
vn -0.9648 -0.2613 -0.0302
vn -0.9382 0.2379 -0.2514
vn -0.9458 -0.2733 -0.1755
vn -0.9570 0.2515 -0.1444
vn -0.9597 -0.2630 -0.0987
vn -0.9577 0.2510 0.1406
vn -0.9599 -0.2638 0.0949
vn -0.9469 0.2393 0.2146
vn -0.9536 -0.2711 0.1308
vn -0.9651 0.2586 0.0407
vn -0.9663 -0.2575 0.0054
vn -0.9659 0.2590 -0.0001
vn -0.2587 -0.9660 -0.0001
vn 0.2588 -0.9659 -0.0002
vn 0.7070 -0.7072 -0.0002
vn 0.9659 -0.2590 -0.0001
vn 0.2587 0.9660 -0.0001
vn -0.2588 0.9659 -0.0002
vn -0.7070 0.7072 -0.0002
vn -0.2584 0.9633 0.0728
vn -0.7062 0.7050 0.0653
vn 0.2594 0.9639 0.0605
vn 0.2653 0.9579 0.1101
vn -0.2443 0.9483 0.2026
vn 0.7044 0.7097 -0.0116
vn 0.7081 0.7054 0.0314
vn 0.9538 0.2709 -0.1297
vn 0.9662 0.2576 -0.0066
vn 0.9473 -0.2395 -0.2128
vn 0.9651 -0.2585 -0.0429
vn 0.6878 -0.6854 -0.2392
vn 0.7061 -0.7049 -0.0674
vn 0.2445 -0.9484 -0.2018
vn 0.2584 -0.9632 -0.0737
vn -0.2653 -0.9579 -0.1102
vn -0.2594 -0.9639 -0.0604
vn -0.7043 -0.7098 0.0117
vn -0.7081 -0.7054 -0.0314
vn -0.7036 -0.7103 0.0228
vn -0.2565 -0.9649 -0.0573
vn -0.7041 -0.7096 -0.0255
vn -0.2574 -0.9647 0.0563
vn 0.2569 -0.9585 0.1240
vn 0.2578 -0.9583 -0.1230
vn 0.6996 -0.6968 0.1584
vn 0.7005 -0.6964 -0.1560
vn 0.9563 -0.2511 0.1500
vn 0.9569 -0.2505 -0.1467
vn 0.9594 0.2631 0.1012
vn 0.9596 0.2640 -0.0977
vn 0.7041 0.7096 0.0256
vn 0.7036 0.7103 -0.0229
vn 0.2573 0.9647 -0.0554
vn 0.2564 0.9649 0.0565
vn -0.2573 0.9589 -0.1200
vn -0.2582 0.9587 0.1191
vn -0.7004 0.6974 -0.1521
vn -0.7013 0.6971 0.1494
vn -0.6875 0.6851 0.2408
vn -0.2416 0.9497 -0.1990
vn -0.6808 0.6848 -0.2600
vn -0.2636 0.9641 -0.0314
vn -0.7095 0.7035 -0.0417
vn 0.2543 0.9671 -0.0124
vn 0.2638 0.9609 -0.0845
vn 0.7045 0.7096 0.0108
vn 0.6993 0.7129 0.0524
vn 0.9647 0.2614 0.0318
vn 0.9460 0.2732 0.1744
vn 0.9658 -0.2556 0.0446
vn 0.9387 -0.2382 0.2490
vn 0.7093 -0.7034 0.0451
vn 0.6814 -0.6852 0.2574
vn 0.2634 -0.9641 0.0333
vn 0.2419 -0.9500 0.1974
vn -0.2543 -0.9670 0.0127
vn -0.2638 -0.9609 0.0842
vn -0.7046 -0.7096 -0.0106
vn -0.6993 -0.7129 -0.0525
vn -0.7039 -0.7101 -0.0176
vn -0.2544 -0.9668 -0.0229
vn -0.7039 -0.7101 0.0176
vn -0.2544 -0.9668 0.0229
vn 0.2632 -0.9645 0.0221
vn 0.2632 -0.9645 -0.0221
vn 0.7102 -0.7038 0.0154
vn 0.7102 -0.7038 -0.0154
vn 0.9670 -0.2546 0.0045
vn 0.9670 -0.2546 -0.0045
vn 0.9648 0.2630 -0.0075
vn 0.9648 0.2630 0.0075
vn 0.7039 0.7101 -0.0175
vn 0.7039 0.7101 0.0175
vn 0.2544 0.9668 -0.0229
vn 0.2544 0.9668 0.0229
vn -0.2632 0.9645 -0.0222
vn -0.2632 0.9645 0.0222
vn -0.7102 0.7038 -0.0156
vn -0.7102 0.7038 0.0156
vn -0.2636 0.9641 0.0314
vn -0.7095 0.7035 0.0417
vn -0.2416 0.9497 0.1990
vn -0.6808 0.6848 0.2600
vn 0.2638 0.9609 0.0845
vn 0.2543 0.9671 0.0124
vn 0.6993 0.7129 -0.0524
vn 0.7045 0.7096 -0.0108
vn 0.9460 0.2732 -0.1744
vn 0.9647 0.2614 -0.0318
vn 0.9387 -0.2382 -0.2490
vn 0.9658 -0.2556 -0.0446
vn 0.6814 -0.6852 -0.2574
vn 0.7093 -0.7034 -0.0451
vn 0.2419 -0.9500 -0.1974
vn 0.2634 -0.9641 -0.0333
vn -0.2638 -0.9609 -0.0842
vn -0.2543 -0.9670 -0.0127
vn -0.6993 -0.7129 0.0525
vn -0.7046 -0.7096 0.0106
vn -0.7042 -0.7096 0.0255
vn -0.2574 -0.9647 -0.0563
vn -0.7036 -0.7103 -0.0228
vn -0.2565 -0.9649 0.0573
vn 0.2578 -0.9583 0.1230
vn 0.2569 -0.9585 -0.1240
vn 0.7005 -0.6964 0.1560
vn 0.6996 -0.6968 -0.1584
vn 0.9569 -0.2505 0.1467
vn 0.9563 -0.2511 -0.1500
vn 0.9596 0.2640 0.0977
vn 0.9594 0.2631 -0.1012
vn 0.7036 0.7103 0.0229
vn 0.7041 0.7096 -0.0256
vn 0.2564 0.9649 -0.0565
vn 0.2573 0.9647 0.0554
vn -0.2582 0.9587 -0.1191
vn -0.2573 0.9589 0.1200
vn -0.7013 0.6971 -0.1494
vn -0.7004 0.6974 0.1521
vn -0.2443 0.9483 -0.2026
vn -0.6875 0.6851 -0.2408
vn -0.2584 0.9633 -0.0728
vn -0.7062 0.7050 -0.0653
vn 0.2594 0.9639 -0.0605
vn 0.2653 0.9579 -0.1101
vn 0.7081 0.7054 -0.0314
vn 0.7044 0.7097 0.0116
vn 0.9662 0.2576 0.0066
vn 0.9538 0.2710 0.1297
vn 0.9651 -0.2585 0.0429
vn 0.9473 -0.2395 0.2128
vn 0.7061 -0.7049 0.0674
vn 0.6878 -0.6854 0.2392
vn 0.2584 -0.9632 0.0737
vn 0.2445 -0.9484 0.2018
vn -0.2594 -0.9639 0.0604
vn -0.2653 -0.9579 0.1102
vn -0.7081 -0.7054 0.0314
vn -0.7043 -0.7098 -0.0117
vn -0.7070 0.7072 0.0002
vt 0.503504 0.832467
vt 0.504466 0.833022
vt 0.504171 0.834123
vt 0.502698 0.833273
vt 0.842700 0.840403
vt 0.842700 0.841513
vt 0.841228 0.841513
vt 0.841228 0.840403
vt 0.842700 0.839293
vt 0.841228 0.839293
vt 0.505576 0.833022
vt 0.505871 0.834123
vt 0.560356 0.833568
vt 0.559801 0.832606
vt 0.559801 0.831496
vt 0.560356 0.830534
vt 0.561318 0.829979
vt 0.562428 0.829979
vt 0.563389 0.830534
vt 0.563944 0.831496
vt 0.563944 0.832606
vt 0.563389 0.833568
vt 0.562428 0.834123
vt 0.561318 0.834123
vt 0.842700 0.838183
vt 0.841228 0.838183
vt 0.842700 0.837073
vt 0.841228 0.837073
vt 0.506537 0.832467
vt 0.507343 0.833273
vt 0.507092 0.831505
vt 0.508193 0.831800
vt 0.698521 0.415977
vt 0.698539 0.390576
vt 0.700189 0.390578
vt 0.700204 0.415978
vt 0.696832 0.415974
vt 0.696897 0.390557
vt 0.695137 0.415967
vt 0.695254 0.390534
vt 0.507092 0.830395
vt 0.508193 0.830100
vt 0.693444 0.415958
vt 0.693605 0.390527
vt 0.506537 0.829434
vt 0.507343 0.828628
vt 0.842700 0.835963
vt 0.841228 0.835963
vt 0.842700 0.834852
vt 0.841228 0.834852
vt 0.842700 0.833742
vt 0.841228 0.833742
vt 0.842700 0.832632
vt 0.841228 0.832632
vt 0.505576 0.828879
vt 0.505871 0.827778
vt 0.504466 0.828879
vt 0.504171 0.827778
vt 0.691757 0.415947
vt 0.691945 0.390525
vt 0.690077 0.415935
vt 0.690274 0.390526
vt 0.688395 0.415922
vt 0.688592 0.390527
vt 0.503504 0.829434
vt 0.502698 0.828628
vt 0.706884 0.415984
vt 0.706881 0.390596
vt 0.708567 0.390612
vt 0.708551 0.415989
vt 0.502949 0.830395
vt 0.501848 0.830100
vt 0.842700 0.831522
vt 0.841228 0.831522
vt 0.842700 0.843734
vt 0.842700 0.844844
vt 0.841228 0.844844
vt 0.841228 0.843734
vt 0.842700 0.842624
vt 0.841228 0.842624
vt 0.502949 0.831505
vt 0.501848 0.831800
vt 0.705216 0.415980
vt 0.705194 0.390570
vt 0.703549 0.415979
vt 0.703514 0.390576
vt 0.701880 0.415978
vt 0.701846 0.390579
vt 0.701871 0.364705
vt 0.703589 0.364725
vt 0.705296 0.364718
vt 0.701708 0.338598
vt 0.703392 0.338587
vt 0.705066 0.338591
vt 0.701477 0.313006
vt 0.703126 0.313040
vt 0.704778 0.313049
vt 0.701485 0.287444
vt 0.703165 0.287464
vt 0.704846 0.287451
vt 0.701477 0.261326
vt 0.703201 0.261322
vt 0.704925 0.261319
vt 0.701434 0.235448
vt 0.703156 0.235460
vt 0.704879 0.235437
vt 0.701371 0.209549
vt 0.703078 0.209544
vt 0.704785 0.209539
vt 0.701273 0.183599
vt 0.703003 0.183576
vt 0.704733 0.183589
vt 0.701160 0.157608
vt 0.702892 0.157595
vt 0.704625 0.157582
vt 0.701042 0.131326
vt 0.702734 0.131300
vt 0.704425 0.131306
vt 0.700955 0.105542
vt 0.702619 0.105503
vt 0.704287 0.105525
vt 0.701178 0.079678
vt 0.702882 0.079701
vt 0.704576 0.079700
vt 0.701457 0.053229
vt 0.703198 0.053219
vt 0.704928 0.053232
vt 0.701616 0.027007
vt 0.703308 0.027017
vt 0.705010 0.027022
vt 0.701921 0.001238
vt 0.703615 0.001260
vt 0.705304 0.001281
vt 0.486277 0.833022
vt 0.487239 0.832467
vt 0.488045 0.833273
vt 0.486572 0.834123
vt 0.487794 0.831505
vt 0.488895 0.831800
vt 0.737630 0.832708
vt 0.737630 0.833818
vt 0.736159 0.833818
vt 0.736159 0.832708
vt 0.737630 0.831598
vt 0.736159 0.831598
vt 0.593964 0.830462
vt 0.593409 0.831423
vt 0.592447 0.831978
vt 0.591337 0.831978
vt 0.590376 0.831423
vt 0.589821 0.830462
vt 0.589821 0.829352
vt 0.590376 0.828390
vt 0.591337 0.827835
vt 0.592448 0.827835
vt 0.593409 0.828390
vt 0.593964 0.829352
vt 0.737630 0.830488
vt 0.736159 0.830488
vt 0.737630 0.829378
vt 0.736159 0.829378
vt 0.487794 0.830395
vt 0.487239 0.829434
vt 0.488045 0.828628
vt 0.488895 0.830100
vt 0.706994 0.001299
vt 0.706719 0.027010
vt 0.708683 0.001316
vt 0.708427 0.027010
vt 0.688164 0.026916
vt 0.688229 0.001120
vt 0.689938 0.001129
vt 0.689872 0.026931
vt 0.486277 0.828879
vt 0.486572 0.827778
vt 0.691644 0.001138
vt 0.691568 0.026946
vt 0.485167 0.828879
vt 0.484872 0.827778
vt 0.737630 0.840480
vt 0.737630 0.841590
vt 0.736159 0.841590
vt 0.736159 0.840480
vt 0.737630 0.842700
vt 0.736159 0.842700
vt 0.737630 0.839369
vt 0.736159 0.839369
vt 0.737630 0.838259
vt 0.736159 0.838259
vt 0.484206 0.829434
vt 0.483651 0.830395
vt 0.482550 0.830100
vt 0.483400 0.828628
vt 0.693356 0.001148
vt 0.693253 0.026966
vt 0.695074 0.001161
vt 0.694928 0.026990
vt 0.696795 0.001177
vt 0.696596 0.026981
vt 0.483651 0.831505
vt 0.482550 0.831800
vt 0.698511 0.001195
vt 0.698262 0.026976
vt 0.484206 0.832467
vt 0.483400 0.833273
vt 0.737630 0.836039
vt 0.737630 0.837149
vt 0.736159 0.837149
vt 0.736159 0.836039
vt 0.737630 0.834929
vt 0.736159 0.834929
vt 0.485167 0.833022
vt 0.484872 0.834123
vt 0.700220 0.001216
vt 0.699936 0.026993
vt 0.697977 0.053237
vt 0.699713 0.053243
vt 0.696251 0.053219
vt 0.696040 0.079654
vt 0.697759 0.079649
vt 0.699471 0.079661
vt 0.694318 0.079663
vt 0.694540 0.053199
vt 0.692594 0.079669
vt 0.692840 0.053176
vt 0.690873 0.079658
vt 0.691150 0.053181
vt 0.689166 0.079642
vt 0.689461 0.053189
vt 0.687472 0.079628
vt 0.687764 0.053180
vt 0.706269 0.079697
vt 0.706644 0.053247
vt 0.708347 0.053262
vt 0.707962 0.079708
vt 0.705965 0.105528
vt 0.707653 0.105527
vt 0.706116 0.131306
vt 0.707810 0.131295
vt 0.687417 0.131398
vt 0.687290 0.105568
vt 0.688993 0.105576
vt 0.689117 0.131389
vt 0.690719 0.105580
vt 0.690822 0.131369
vt 0.692453 0.105539
vt 0.692534 0.131345
vt 0.694186 0.105526
vt 0.694247 0.131354
vt 0.695903 0.105531
vt 0.695954 0.131360
vt 0.697600 0.105541
vt 0.697655 0.131356
vt 0.699282 0.105540
vt 0.699350 0.131346
vt 0.697718 0.157631
vt 0.699434 0.157623
vt 0.697831 0.183623
vt 0.699549 0.183617
vt 0.696119 0.183626
vt 0.696014 0.157635
vt 0.694410 0.183618
vt 0.694317 0.157633
vt 0.692703 0.183605
vt 0.692626 0.157635
vt 0.690996 0.183626
vt 0.690935 0.157637
vt 0.689287 0.183642
vt 0.689239 0.157636
vt 0.687575 0.183647
vt 0.687534 0.157640
vt 0.706458 0.183597
vt 0.706353 0.157564
vt 0.708070 0.157550
vt 0.708177 0.183596
vt 0.706493 0.209535
vt 0.708204 0.209530
vt 0.706598 0.235419
vt 0.708310 0.235412
vt 0.687793 0.235494
vt 0.687619 0.209600
vt 0.689337 0.209593
vt 0.689498 0.235486
vt 0.691059 0.209586
vt 0.691200 0.235490
vt 0.692786 0.209579
vt 0.692900 0.235499
vt 0.694513 0.209573
vt 0.694600 0.235474
vt 0.696235 0.209567
vt 0.696301 0.235454
vt 0.697952 0.209561
vt 0.698006 0.235445
vt 0.699663 0.209555
vt 0.699717 0.235441
vt 0.698054 0.261340
vt 0.699761 0.261335
vt 0.698120 0.287429
vt 0.699804 0.287431
vt 0.696432 0.287432
vt 0.696359 0.261342
vt 0.694739 0.287444
vt 0.694672 0.261338
vt 0.693038 0.287461
vt 0.692991 0.261339
vt 0.691338 0.287445
vt 0.691310 0.261339
vt 0.689644 0.287433
vt 0.689623 0.261336
vt 0.687955 0.287431
vt 0.687928 0.261339
vt 0.706527 0.287444
vt 0.706644 0.261313
vt 0.708353 0.261315
vt 0.708210 0.287449
vt 0.706441 0.313039
vt 0.708114 0.313027
vt 0.706738 0.338597
vt 0.708412 0.338591
vt 0.688181 0.338634
vt 0.687949 0.313031
vt 0.689633 0.313029
vt 0.689851 0.338621
vt 0.691340 0.313024
vt 0.691535 0.338608
vt 0.693056 0.313058
vt 0.693233 0.338591
vt 0.694772 0.313035
vt 0.694933 0.338600
vt 0.696472 0.313030
vt 0.696634 0.338610
vt 0.698153 0.313029
vt 0.698332 0.338618
vt 0.699819 0.313016
vt 0.700022 0.338613
vt 0.698434 0.364678
vt 0.700149 0.364683
vt 0.696733 0.364688
vt 0.695046 0.364698
vt 0.693370 0.364708
vt 0.691706 0.364695
vt 0.690044 0.364679
vt 0.688374 0.364678
vt 0.706990 0.364713
vt 0.708671 0.364708
vt 0.851950 0.436026
vt 0.851950 0.432366
vt 0.853421 0.432366
vt 0.853421 0.436026
vt 0.778621 0.826506
vt 0.778621 0.830166
vt 0.777520 0.830461
vt 0.777520 0.826211
vt 0.851950 0.439686
vt 0.853421 0.439686
vt 0.780451 0.833336
vt 0.779645 0.834142
vt 0.603577 0.864457
vt 0.601747 0.861287
vt 0.601747 0.857626
vt 0.603577 0.854457
vt 0.606747 0.852627
vt 0.610407 0.852627
vt 0.613577 0.854457
vt 0.615407 0.857627
vt 0.615407 0.861287
vt 0.613577 0.864457
vt 0.610407 0.866287
vt 0.606747 0.866287
vt 0.851950 0.443346
vt 0.853421 0.443346
vt 0.851950 0.447007
vt 0.853421 0.447007
vt 0.783621 0.835166
vt 0.783326 0.836267
vt 0.787281 0.835166
vt 0.787576 0.836267
vt 0.659352 0.001988
vt 0.659396 0.027692
vt 0.655029 0.027706
vt 0.655134 0.001982
vt 0.663570 0.001969
vt 0.663747 0.027666
vt 0.667794 0.001928
vt 0.668069 0.027634
vt 0.790451 0.833336
vt 0.791257 0.834142
vt 0.672028 0.001873
vt 0.672357 0.027604
vt 0.792281 0.830166
vt 0.793382 0.830461
vt 0.851950 0.450667
vt 0.853421 0.450667
vt 0.851950 0.454327
vt 0.853421 0.454327
vt 0.851950 0.457987
vt 0.853421 0.457987
vt 0.851950 0.461647
vt 0.853421 0.461647
vt 0.792281 0.826506
vt 0.793382 0.826211
vt 0.790451 0.823336
vt 0.791256 0.822530
vt 0.676273 0.001812
vt 0.676627 0.027582
vt 0.680527 0.001753
vt 0.680871 0.027567
vt 0.684763 0.001698
vt 0.685096 0.027554
vt 0.787281 0.821506
vt 0.787576 0.820405
vt 0.638237 0.001764
vt 0.637732 0.027553
vt 0.633476 0.027483
vt 0.633993 0.001679
vt 0.783621 0.821506
vt 0.783326 0.820405
vt 0.851950 0.465308
vt 0.853421 0.465308
vt 0.851950 0.425045
vt 0.851950 0.421385
vt 0.853421 0.421385
vt 0.853421 0.425045
vt 0.851950 0.428706
vt 0.853421 0.428706
vt 0.780451 0.823336
vt 0.779645 0.822530
vt 0.642471 0.001844
vt 0.642005 0.027613
vt 0.646697 0.001912
vt 0.646310 0.027661
vt 0.650917 0.001959
vt 0.650662 0.027693
vt 0.650728 0.053643
vt 0.646240 0.053708
vt 0.641783 0.053773
vt 0.651099 0.080018
vt 0.646976 0.080081
vt 0.642832 0.080192
vt 0.651250 0.105557
vt 0.647396 0.105553
vt 0.643468 0.105551
vt 0.651043 0.131155
vt 0.646942 0.131090
vt 0.642828 0.130978
vt 0.650718 0.157771
vt 0.646168 0.157732
vt 0.641675 0.157676
vt 0.650767 0.183652
vt 0.646439 0.183693
vt 0.642139 0.183754
vt 0.651003 0.209370
vt 0.646790 0.209370
vt 0.642561 0.209370
vt 0.650767 0.235088
vt 0.646439 0.235047
vt 0.642139 0.234986
vt 0.650719 0.260969
vt 0.646169 0.261008
vt 0.641675 0.261064
vt 0.651043 0.287585
vt 0.646942 0.287650
vt 0.642829 0.287762
vt 0.651251 0.313183
vt 0.647396 0.313187
vt 0.643468 0.313189
vt 0.651100 0.338722
vt 0.646977 0.338659
vt 0.642832 0.338548
vt 0.650729 0.365096
vt 0.646240 0.365032
vt 0.641783 0.364967
vt 0.650662 0.391047
vt 0.646310 0.391079
vt 0.642005 0.391127
vt 0.650917 0.416781
vt 0.646697 0.416828
vt 0.642471 0.416896
vt 0.845805 0.511381
vt 0.849465 0.511381
vt 0.849760 0.512482
vt 0.845510 0.512482
vt 0.852635 0.509551
vt 0.853440 0.510357
vt 0.235870 0.897673
vt 0.235870 0.901333
vt 0.234399 0.901333
vt 0.234399 0.897673
vt 0.235870 0.894012
vt 0.234399 0.894012
vt 0.632875 0.854457
vt 0.634705 0.857627
vt 0.634705 0.861287
vt 0.632875 0.864457
vt 0.629705 0.866287
vt 0.626045 0.866287
vt 0.622875 0.864457
vt 0.621045 0.861287
vt 0.621045 0.857627
vt 0.622875 0.854457
vt 0.626045 0.852627
vt 0.629705 0.852627
vt 0.235870 0.890352
vt 0.234399 0.890352
vt 0.235870 0.886692
vt 0.234399 0.886692
vt 0.854465 0.506381
vt 0.854465 0.502721
vt 0.855565 0.502426
vt 0.855565 0.506676
vt 0.638237 0.416976
vt 0.637732 0.391187
vt 0.633993 0.417061
vt 0.633476 0.391257
vt 0.685096 0.391186
vt 0.684763 0.417042
vt 0.680527 0.416987
vt 0.680871 0.391173
vt 0.852635 0.499551
vt 0.853440 0.498745
vt 0.676273 0.416928
vt 0.676627 0.391158
vt 0.849465 0.497721
vt 0.849760 0.496620
vt 0.235870 0.923295
vt 0.235870 0.926955
vt 0.234399 0.926955
vt 0.234399 0.923295
vt 0.235870 0.930615
vt 0.234399 0.930615
vt 0.235870 0.919634
vt 0.234399 0.919634
vt 0.235870 0.915974
vt 0.234399 0.915974
vt 0.845805 0.497721
vt 0.842635 0.499551
vt 0.841829 0.498745
vt 0.845510 0.496620
vt 0.672028 0.416867
vt 0.672357 0.391136
vt 0.667794 0.416812
vt 0.668069 0.391106
vt 0.663570 0.416771
vt 0.663747 0.391074
vt 0.840805 0.502721
vt 0.839704 0.502426
vt 0.659352 0.416752
vt 0.659396 0.391048
vt 0.840805 0.506381
vt 0.839704 0.506676
vt 0.235870 0.908653
vt 0.235870 0.912314
vt 0.234399 0.912314
vt 0.234399 0.908653
vt 0.235870 0.904993
vt 0.234399 0.904993
vt 0.842635 0.509551
vt 0.841829 0.510356
vt 0.655134 0.416758
vt 0.655029 0.391034
vt 0.659662 0.365110
vt 0.655221 0.365115
vt 0.664013 0.365088
vt 0.663457 0.338685
vt 0.659324 0.338733
vt 0.655212 0.338749
vt 0.667630 0.338618
vt 0.668267 0.365055
vt 0.671853 0.338551
vt 0.672442 0.365017
vt 0.676120 0.338496
vt 0.676563 0.364990
vt 0.680404 0.338468
vt 0.680706 0.364952
vt 0.684651 0.338455
vt 0.684911 0.364915
vt 0.638651 0.338400
vt 0.637401 0.364894
vt 0.633099 0.364820
vt 0.634403 0.338231
vt 0.639424 0.313189
vt 0.635238 0.313188
vt 0.638677 0.287916
vt 0.634444 0.288094
vt 0.684833 0.287889
vt 0.684827 0.313215
vt 0.680439 0.313200
vt 0.680579 0.287874
vt 0.675993 0.313187
vt 0.676259 0.287844
vt 0.671554 0.313177
vt 0.671939 0.287780
vt 0.667215 0.313173
vt 0.667659 0.287701
vt 0.663034 0.313172
vt 0.663436 0.287625
vt 0.659007 0.313175
vt 0.659271 0.287570
vt 0.655095 0.313179
vt 0.655148 0.287553
vt 0.659759 0.260972
vt 0.655268 0.260961
vt 0.659442 0.235095
vt 0.655108 0.235107
vt 0.663752 0.235065
vt 0.664141 0.260994
vt 0.668032 0.235025
vt 0.668403 0.261020
vt 0.672282 0.234984
vt 0.672569 0.261045
vt 0.676513 0.234949
vt 0.676678 0.261066
vt 0.680737 0.234918
vt 0.680796 0.261081
vt 0.684943 0.234892
vt 0.684987 0.261092
vt 0.637870 0.234910
vt 0.637280 0.261128
vt 0.632981 0.261193
vt 0.633617 0.234822
vt 0.638325 0.209370
vt 0.634095 0.209370
vt 0.637870 0.183830
vt 0.633617 0.183918
vt 0.684943 0.183848
vt 0.684672 0.209370
vt 0.680442 0.209370
vt 0.680737 0.183822
vt 0.676196 0.209370
vt 0.676513 0.183791
vt 0.671964 0.209370
vt 0.672282 0.183756
vt 0.667753 0.209370
vt 0.668031 0.183715
vt 0.663561 0.209370
vt 0.663752 0.183675
vt 0.659380 0.209370
vt 0.659442 0.183645
vt 0.655200 0.209370
vt 0.655108 0.183633
vt 0.659759 0.157768
vt 0.655268 0.157779
vt 0.659271 0.131170
vt 0.655148 0.131187
vt 0.663436 0.131115
vt 0.664141 0.157746
vt 0.667659 0.131039
vt 0.668403 0.157720
vt 0.671939 0.130960
vt 0.672569 0.157695
vt 0.676258 0.130896
vt 0.676678 0.157674
vt 0.680579 0.130866
vt 0.680796 0.157659
vt 0.684833 0.130851
vt 0.684987 0.157648
vt 0.638676 0.130824
vt 0.637280 0.157612
vt 0.632981 0.157547
vt 0.634444 0.130646
vt 0.639424 0.105551
vt 0.635238 0.105553
vt 0.638651 0.080340
vt 0.634403 0.080509
vt 0.684651 0.080285
vt 0.684827 0.105525
vt 0.680439 0.105540
vt 0.680404 0.080272
vt 0.675993 0.105553
vt 0.676119 0.080244
vt 0.671554 0.105563
vt 0.671853 0.080189
vt 0.667215 0.105567
vt 0.667630 0.080122
vt 0.663034 0.105568
vt 0.663457 0.080055
vt 0.659007 0.105565
vt 0.659324 0.080007
vt 0.655095 0.105561
vt 0.655212 0.079991
vt 0.659662 0.053630
vt 0.655221 0.053625
vt 0.664013 0.053652
vt 0.668267 0.053685
vt 0.672442 0.053723
vt 0.676563 0.053750
vt 0.680705 0.053788
vt 0.684911 0.053825
vt 0.637401 0.053846
vt 0.633099 0.053920
vt 0.791237 0.379384
vt 0.791237 0.380495
vt 0.789766 0.380495
vt 0.789766 0.379384
vt 0.513670 0.831505
vt 0.514225 0.832467
vt 0.513420 0.833273
vt 0.512570 0.831800
vt 0.791237 0.378274
vt 0.789766 0.378274
vt 0.515187 0.833022
vt 0.514892 0.834123
vt 0.573222 0.831423
vt 0.572667 0.830462
vt 0.572667 0.829352
vt 0.573222 0.828390
vt 0.574183 0.827835
vt 0.575293 0.827835
vt 0.576255 0.828390
vt 0.576810 0.829352
vt 0.576810 0.830462
vt 0.576255 0.831423
vt 0.575293 0.831978
vt 0.574183 0.831978
vt 0.791237 0.377164
vt 0.789766 0.377164
vt 0.791237 0.376054
vt 0.789766 0.376054
vt 0.516297 0.833022
vt 0.516592 0.834123
vt 0.517259 0.832467
vt 0.518064 0.833273
vt 0.742361 0.483495
vt 0.742528 0.457572
vt 0.744204 0.457565
vt 0.744086 0.483507
vt 0.740641 0.483480
vt 0.740845 0.457555
vt 0.738929 0.483465
vt 0.739153 0.457542
vt 0.517814 0.831505
vt 0.518914 0.831800
vt 0.737224 0.483449
vt 0.737449 0.457533
vt 0.517814 0.830395
vt 0.518914 0.830100
vt 0.791237 0.374944
vt 0.789766 0.374944
vt 0.791237 0.373834
vt 0.789766 0.373834
vt 0.791237 0.372724
vt 0.789766 0.372723
vt 0.791237 0.371613
vt 0.789766 0.371613
vt 0.517259 0.829434
vt 0.518064 0.828628
vt 0.516297 0.828879
vt 0.516592 0.827778
vt 0.735523 0.483435
vt 0.735732 0.457529
vt 0.733821 0.483421
vt 0.734010 0.457519
vt 0.732119 0.483410
vt 0.732288 0.457520
vt 0.515187 0.828879
vt 0.514892 0.827778
vt 0.750964 0.483531
vt 0.750961 0.457634
vt 0.752676 0.457648
vt 0.752679 0.483534
vt 0.514225 0.829434
vt 0.513420 0.828628
vt 0.791237 0.370503
vt 0.789766 0.370503
vt 0.791237 0.382715
vt 0.791237 0.383825
vt 0.789766 0.383825
vt 0.789766 0.382715
vt 0.791237 0.381605
vt 0.789766 0.381605
vt 0.513670 0.830395
vt 0.512570 0.830100
vt 0.749254 0.483527
vt 0.749257 0.457619
vt 0.747537 0.483523
vt 0.747564 0.457601
vt 0.745814 0.483516
vt 0.745881 0.457579
vt 0.746286 0.431218
vt 0.748009 0.431244
vt 0.749720 0.431261
vt 0.746614 0.404910
vt 0.748341 0.404915
vt 0.750066 0.404932
vt 0.746833 0.379003
vt 0.748555 0.379004
vt 0.750279 0.379018
vt 0.746844 0.353184
vt 0.748560 0.353194
vt 0.750274 0.353187
vt 0.746783 0.327143
vt 0.748484 0.327136
vt 0.750175 0.327133
vt 0.746653 0.301312
vt 0.748304 0.301320
vt 0.749958 0.301313
vt 0.746449 0.276224
vt 0.748093 0.276222
vt 0.749750 0.276223
vt 0.746642 0.251123
vt 0.748295 0.251115
vt 0.749950 0.251119
vt 0.746772 0.225288
vt 0.748470 0.225298
vt 0.750158 0.225301
vt 0.746847 0.199294
vt 0.748559 0.199284
vt 0.750270 0.199286
vt 0.746824 0.173529
vt 0.748541 0.173515
vt 0.750260 0.173513
vt 0.746594 0.147705
vt 0.748315 0.147700
vt 0.750035 0.147678
vt 0.746288 0.121483
vt 0.748005 0.121460
vt 0.749711 0.121441
vt 0.745891 0.095232
vt 0.747566 0.095225
vt 0.749251 0.095214
vt 0.745808 0.069425
vt 0.747524 0.069417
vt 0.749234 0.069412
vt 0.675935 0.838900
vt 0.676490 0.837938
vt 0.677591 0.838233
vt 0.676741 0.839706
vt 0.676490 0.836828
vt 0.677591 0.836533
vt 0.856238 0.429813
vt 0.856238 0.428703
vt 0.857710 0.428703
vt 0.857710 0.429813
vt 0.856238 0.430923
vt 0.857710 0.430923
vt 0.778372 0.819741
vt 0.777816 0.820702
vt 0.776855 0.821257
vt 0.775745 0.821257
vt 0.774783 0.820702
vt 0.774228 0.819740
vt 0.774228 0.818630
vt 0.774783 0.817669
vt 0.775745 0.817114
vt 0.776855 0.817114
vt 0.777817 0.817669
vt 0.778372 0.818630
vt 0.856238 0.432033
vt 0.857710 0.432033
vt 0.856238 0.433143
vt 0.857710 0.433143
vt 0.675935 0.835867
vt 0.674974 0.835312
vt 0.675268 0.834211
vt 0.676741 0.835061
vt 0.750937 0.069408
vt 0.750947 0.095198
vt 0.752645 0.069404
vt 0.752654 0.095182
vt 0.732358 0.095306
vt 0.732185 0.069535
vt 0.733879 0.069523
vt 0.734073 0.095308
vt 0.673863 0.835312
vt 0.673568 0.834211
vt 0.735573 0.069510
vt 0.735788 0.095296
vt 0.672902 0.835867
vt 0.672096 0.835061
vt 0.856238 0.422042
vt 0.856238 0.420932
vt 0.857710 0.420932
vt 0.857710 0.422042
vt 0.856238 0.419822
vt 0.857710 0.419822
vt 0.856238 0.423152
vt 0.857710 0.423152
vt 0.856238 0.424262
vt 0.857710 0.424262
vt 0.672347 0.836828
vt 0.672347 0.837938
vt 0.671246 0.838233
vt 0.671246 0.836533
vt 0.737266 0.069495
vt 0.737498 0.095277
vt 0.738961 0.069479
vt 0.739194 0.095262
vt 0.740663 0.069463
vt 0.740878 0.095250
vt 0.672902 0.838900
vt 0.672096 0.839706
vt 0.742373 0.069448
vt 0.742554 0.095241
vt 0.673863 0.839455
vt 0.673568 0.840556
vt 0.856238 0.426482
vt 0.856238 0.425372
vt 0.857710 0.425372
vt 0.857710 0.426482
vt 0.856238 0.427593
vt 0.857710 0.427593
vt 0.674973 0.839455
vt 0.675268 0.840556
vt 0.744089 0.069435
vt 0.744223 0.095246
vt 0.742823 0.121536
vt 0.744560 0.121507
vt 0.741083 0.121534
vt 0.741423 0.147718
vt 0.743145 0.147709
vt 0.744870 0.147707
vt 0.739705 0.147739
vt 0.739345 0.121532
vt 0.737990 0.147761
vt 0.737615 0.121542
vt 0.736286 0.147772
vt 0.735894 0.121560
vt 0.734584 0.147780
vt 0.734182 0.121574
vt 0.732883 0.147797
vt 0.732476 0.121588
vt 0.751746 0.147661
vt 0.751411 0.121436
vt 0.753115 0.121422
vt 0.753445 0.147644
vt 0.751982 0.173499
vt 0.753685 0.173491
vt 0.751972 0.199289
vt 0.753664 0.199292
vt 0.733215 0.199338
vt 0.733314 0.173600
vt 0.735013 0.173590
vt 0.734909 0.199336
vt 0.736702 0.173587
vt 0.736603 0.199325
vt 0.738383 0.173583
vt 0.738299 0.199317
vt 0.740057 0.173566
vt 0.740003 0.199325
vt 0.741738 0.173563
vt 0.741710 0.199329
vt 0.743423 0.173554
vt 0.743421 0.199322
vt 0.745118 0.173545
vt 0.745134 0.199309
vt 0.743347 0.225285
vt 0.745064 0.225283
vt 0.743332 0.251149
vt 0.744988 0.251136
vt 0.741669 0.251142
vt 0.741628 0.225302
vt 0.740001 0.251142
vt 0.739910 0.225319
vt 0.738328 0.251148
vt 0.738199 0.225326
vt 0.736649 0.251171
vt 0.736494 0.225328
vt 0.734970 0.251198
vt 0.734797 0.225328
vt 0.733282 0.251217
vt 0.733106 0.225327
vt 0.751612 0.251132
vt 0.751842 0.225294
vt 0.753531 0.225296
vt 0.753285 0.251144
vt 0.751420 0.276220
vt 0.753099 0.276227
vt 0.751620 0.301300
vt 0.753293 0.301286
vt 0.733298 0.301212
vt 0.733390 0.276232
vt 0.735052 0.276224
vt 0.734986 0.301231
vt 0.736702 0.276220
vt 0.736665 0.301258
vt 0.738337 0.276222
vt 0.738344 0.301280
vt 0.739962 0.276220
vt 0.740017 0.301288
vt 0.741582 0.276222
vt 0.741684 0.301287
vt 0.743197 0.276211
vt 0.743347 0.301288
vt 0.744817 0.276222
vt 0.745002 0.301300
vt 0.743353 0.327162
vt 0.745073 0.327151
vt 0.743410 0.353158
vt 0.745127 0.353171
vt 0.741695 0.353151
vt 0.741632 0.327144
vt 0.739984 0.353153
vt 0.739911 0.327126
vt 0.738276 0.353156
vt 0.738198 0.327118
vt 0.736576 0.353148
vt 0.736491 0.327117
vt 0.734880 0.353136
vt 0.734793 0.327111
vt 0.733184 0.353133
vt 0.733101 0.327105
vt 0.751980 0.353183
vt 0.751861 0.327140
vt 0.753551 0.327138
vt 0.753675 0.353180
vt 0.752005 0.379018
vt 0.753712 0.379024
vt 0.751781 0.404949
vt 0.753486 0.404965
vt 0.732861 0.404810
vt 0.733286 0.378924
vt 0.734990 0.378935
vt 0.734569 0.404828
vt 0.736684 0.378952
vt 0.736277 0.404836
vt 0.738369 0.378967
vt 0.737987 0.404848
vt 0.740048 0.378969
vt 0.739706 0.404875
vt 0.741733 0.378985
vt 0.741428 0.404898
vt 0.743423 0.378994
vt 0.743156 0.404906
vt 0.745122 0.379002
vt 0.744885 0.404909
vt 0.742809 0.431183
vt 0.744552 0.431197
vt 0.741062 0.431184
vt 0.739319 0.431185
vt 0.737584 0.431172
vt 0.735855 0.431154
vt 0.734136 0.431134
vt 0.732423 0.431112
vt 0.751427 0.431267
vt 0.753139 0.431282
vt 0.855565 0.473580
vt 0.854094 0.473580
vt 0.854094 0.472470
vt 0.855565 0.472470
vt 0.756456 0.835312
vt 0.756751 0.834211
vt 0.758223 0.835061
vt 0.757417 0.835867
vt 0.855565 0.474691
vt 0.854094 0.474691
vt 0.759073 0.836533
vt 0.757972 0.836828
vt 0.531225 0.831423
vt 0.530263 0.831978
vt 0.529153 0.831978
vt 0.528192 0.831423
vt 0.527637 0.830462
vt 0.527637 0.829352
vt 0.528192 0.828390
vt 0.529153 0.827835
vt 0.530263 0.827835
vt 0.531225 0.828390
vt 0.531780 0.829352
vt 0.531780 0.830462
vt 0.855565 0.475801
vt 0.854094 0.475801
vt 0.855565 0.476911
vt 0.854094 0.476911
vt 0.759073 0.838233
vt 0.757972 0.837938
vt 0.758223 0.839705
vt 0.757417 0.838900
vt 0.001929 0.740838
vt 0.001949 0.739122
vt 0.027760 0.739432
vt 0.027728 0.741100
vt 0.001912 0.742548
vt 0.027711 0.742776
vt 0.001895 0.744252
vt 0.027698 0.744461
vt 0.756751 0.840555
vt 0.756456 0.839455
vt 0.001879 0.745949
vt 0.027687 0.746159
vt 0.755051 0.840555
vt 0.755346 0.839455
vt 0.855565 0.478021
vt 0.854094 0.478021
vt 0.855565 0.479131
vt 0.854094 0.479131
vt 0.855565 0.480241
vt 0.854094 0.480241
vt 0.855565 0.481352
vt 0.854094 0.481352
vt 0.753579 0.839706
vt 0.754384 0.838900
vt 0.752729 0.838233
vt 0.753829 0.837938
vt 0.001862 0.747643
vt 0.027679 0.747870
vt 0.001843 0.749340
vt 0.027664 0.749588
vt 0.001822 0.751036
vt 0.027637 0.751305
vt 0.752729 0.836533
vt 0.753829 0.836828
vt 0.002053 0.732277
vt 0.002081 0.730571
vt 0.027826 0.731005
vt 0.027816 0.732711
vt 0.753578 0.835061
vt 0.754384 0.835867
vt 0.855565 0.482462
vt 0.854094 0.482462
vt 0.855565 0.470250
vt 0.854094 0.470250
vt 0.854094 0.469140
vt 0.855565 0.469140
vt 0.855565 0.471360
vt 0.854094 0.471360
vt 0.755051 0.834211
vt 0.755346 0.835312
vt 0.002024 0.733978
vt 0.027805 0.734405
vt 0.001997 0.735688
vt 0.027790 0.736089
vt 0.001972 0.737403
vt 0.027772 0.737763
vt 0.054016 0.736010
vt 0.054018 0.737727
vt 0.054018 0.734305
vt 0.080245 0.735975
vt 0.080234 0.737695
vt 0.080239 0.734256
vt 0.106047 0.735943
vt 0.106051 0.737659
vt 0.106056 0.734225
vt 0.131802 0.736050
vt 0.131806 0.737761
vt 0.131810 0.734340
vt 0.157802 0.736202
vt 0.157790 0.737900
vt 0.157808 0.734515
vt 0.183606 0.736384
vt 0.183616 0.738036
vt 0.183610 0.734729
vt 0.208703 0.736545
vt 0.208709 0.738187
vt 0.208700 0.734888
vt 0.233790 0.736251
vt 0.233788 0.737902
vt 0.233776 0.734597
vt 0.259595 0.735948
vt 0.259611 0.737649
vt 0.259583 0.734258
vt 0.285644 0.735717
vt 0.285645 0.737431
vt 0.285626 0.734003
vt 0.311446 0.735540
vt 0.311458 0.737261
vt 0.311447 0.733817
vt 0.337353 0.735551
vt 0.337361 0.737278
vt 0.337356 0.733827
vt 0.363680 0.735661
vt 0.363669 0.737384
vt 0.363683 0.733950
vt 0.390040 0.735873
vt 0.390033 0.737556
vt 0.390043 0.734179
vt 0.415963 0.735665
vt 0.415972 0.737388
vt 0.415952 0.733948
vt 0.814351 0.839455
vt 0.814646 0.840555
vt 0.812946 0.840555
vt 0.813241 0.839455
vt 0.811474 0.839705
vt 0.812280 0.838900
vt 0.799814 0.837225
vt 0.798343 0.837225
vt 0.798343 0.836115
vt 0.799814 0.836115
vt 0.799814 0.838335
vt 0.798343 0.838335
vt 0.542647 0.832606
vt 0.542647 0.831496
vt 0.543202 0.830535
vt 0.544163 0.829979
vt 0.545273 0.829979
vt 0.546235 0.830535
vt 0.546790 0.831496
vt 0.546790 0.832606
vt 0.546235 0.833568
vt 0.545273 0.834123
vt 0.544163 0.834123
vt 0.543202 0.833568
vt 0.799814 0.839445
vt 0.798343 0.839445
vt 0.799814 0.840555
vt 0.798343 0.840555
vt 0.811725 0.837938
vt 0.810624 0.838233
vt 0.810624 0.836533
vt 0.811725 0.836828
vt 0.390042 0.732475
vt 0.415939 0.732237
vt 0.390041 0.730760
vt 0.415927 0.730522
vt 0.390095 0.751150
vt 0.390079 0.749428
vt 0.415985 0.749383
vt 0.415989 0.751085
vt 0.811474 0.835061
vt 0.812280 0.835867
vt 0.390074 0.747705
vt 0.415983 0.747681
vt 0.812946 0.834211
vt 0.813241 0.835312
vt 0.799814 0.829454
vt 0.798343 0.829454
vt 0.798343 0.828344
vt 0.799814 0.828344
vt 0.798343 0.827233
vt 0.799814 0.827233
vt 0.799814 0.830564
vt 0.798343 0.830564
vt 0.799814 0.831674
vt 0.798343 0.831674
vt 0.814351 0.835312
vt 0.814646 0.834211
vt 0.816119 0.835061
vt 0.815313 0.835867
vt 0.390062 0.745988
vt 0.415982 0.745979
vt 0.390056 0.744284
vt 0.415982 0.744274
vt 0.390053 0.742593
vt 0.415983 0.742562
vt 0.816969 0.836533
vt 0.815868 0.836828
vt 0.390055 0.740909
vt 0.415981 0.740842
vt 0.816969 0.838233
vt 0.815868 0.837938
vt 0.799814 0.833894
vt 0.798343 0.833894
vt 0.798343 0.832784
vt 0.799814 0.832784
vt 0.799814 0.835005
vt 0.798343 0.835005
vt 0.815313 0.838900
vt 0.816119 0.839705
vt 0.390034 0.739233
vt 0.415978 0.739116
vt 0.363665 0.740861
vt 0.363663 0.739117
vt 0.363681 0.742607
vt 0.337391 0.742463
vt 0.337386 0.740736
vt 0.337374 0.739007
vt 0.337383 0.744186
vt 0.363697 0.744351
vt 0.337370 0.745905
vt 0.363698 0.746086
vt 0.337372 0.747616
vt 0.363696 0.747815
vt 0.337378 0.749324
vt 0.363690 0.749535
vt 0.337373 0.751032
vt 0.363683 0.751248
vt 0.337359 0.732112
vt 0.337361 0.730407
vt 0.363674 0.730532
vt 0.363674 0.732243
vt 0.311434 0.732091
vt 0.311427 0.730384
vt 0.285611 0.732298
vt 0.285596 0.730604
vt 0.285683 0.751093
vt 0.285675 0.749396
vt 0.311477 0.749105
vt 0.311479 0.750809
vt 0.285675 0.747699
vt 0.311481 0.747411
vt 0.285672 0.746000
vt 0.311485 0.745726
vt 0.285659 0.744291
vt 0.311475 0.744046
vt 0.285645 0.742580
vt 0.311477 0.742361
vt 0.285641 0.740866
vt 0.311474 0.740671
vt 0.285643 0.739148
vt 0.311469 0.738972
vt 0.259648 0.741078
vt 0.259629 0.739359
vt 0.233777 0.741206
vt 0.233783 0.739552
vt 0.233784 0.742870
vt 0.259640 0.742799
vt 0.233791 0.744536
vt 0.259631 0.744520
vt 0.233789 0.746210
vt 0.259632 0.746234
vt 0.233774 0.747889
vt 0.259640 0.747940
vt 0.233754 0.749569
vt 0.259644 0.749639
vt 0.233742 0.751257
vt 0.259647 0.751332
vt 0.233757 0.732937
vt 0.233735 0.731265
vt 0.259570 0.730884
vt 0.259581 0.732573
vt 0.208693 0.733219
vt 0.208695 0.731541
vt 0.183621 0.733069
vt 0.183633 0.731396
vt 0.183720 0.751398
vt 0.183700 0.749708
vt 0.208737 0.749585
vt 0.208750 0.751248
vt 0.183671 0.748028
vt 0.208730 0.747935
vt 0.183647 0.746350
vt 0.208727 0.746299
vt 0.183640 0.744677
vt 0.208721 0.744674
vt 0.183639 0.743009
vt 0.208719 0.743054
vt 0.183644 0.741345
vt 0.208704 0.741439
vt 0.183631 0.739689
vt 0.208711 0.739819
vt 0.157783 0.741324
vt 0.157783 0.739607
vt 0.131821 0.741186
vt 0.131814 0.739473
vt 0.131822 0.742897
vt 0.157797 0.743043
vt 0.131813 0.744605
vt 0.157812 0.744761
vt 0.131798 0.746310
vt 0.157817 0.746472
vt 0.131799 0.748007
vt 0.157817 0.748178
vt 0.131804 0.749702
vt 0.157814 0.749876
vt 0.131800 0.751397
vt 0.157811 0.751568
vt 0.131820 0.732639
vt 0.131829 0.730949
vt 0.157807 0.731144
vt 0.157803 0.732832
vt 0.106053 0.732505
vt 0.106055 0.730804
vt 0.080237 0.732546
vt 0.080235 0.730849
vt 0.080203 0.751413
vt 0.080201 0.749710
vt 0.106039 0.749474
vt 0.106038 0.751175
vt 0.080209 0.748007
vt 0.106045 0.747783
vt 0.080213 0.746300
vt 0.106052 0.746102
vt 0.080206 0.744585
vt 0.106046 0.744427
vt 0.080201 0.742866
vt 0.106053 0.742745
vt 0.080207 0.741143
vt 0.106054 0.741060
vt 0.080220 0.739419
vt 0.106055 0.739365
vt 0.054030 0.741192
vt 0.054022 0.739454
vt 0.054007 0.742932
vt 0.053983 0.744671
vt 0.053972 0.746402
vt 0.053969 0.748124
vt 0.053963 0.749838
vt 0.053957 0.751547
vt 0.054040 0.730904
vt 0.054034 0.732607
vt 0.496999 0.833022
vt 0.497294 0.834123
vt 0.495594 0.834123
vt 0.495889 0.833022
vt 0.844844 0.814520
vt 0.843373 0.814520
vt 0.843373 0.813410
vt 0.844844 0.813410
vt 0.844844 0.815630
vt 0.843373 0.815630
vt 0.494121 0.833273
vt 0.494927 0.832467
vt 0.555367 0.830462
vt 0.554812 0.831423
vt 0.553851 0.831978
vt 0.552740 0.831978
vt 0.551779 0.831423
vt 0.551224 0.830462
vt 0.551224 0.829352
vt 0.551779 0.828390
vt 0.552740 0.827835
vt 0.553851 0.827835
vt 0.554812 0.828390
vt 0.555367 0.829352
vt 0.844844 0.816740
vt 0.843373 0.816740
vt 0.844844 0.817851
vt 0.843373 0.817850
vt 0.493271 0.831801
vt 0.494372 0.831506
vt 0.493271 0.830100
vt 0.494372 0.830395
vt 0.721026 0.001195
vt 0.722735 0.001216
vt 0.722450 0.026993
vt 0.720777 0.026976
vt 0.719310 0.001177
vt 0.719111 0.026981
vt 0.717589 0.001161
vt 0.717443 0.026989
vt 0.494121 0.828628
vt 0.494927 0.829434
vt 0.715871 0.001148
vt 0.715768 0.026966
vt 0.495594 0.827778
vt 0.495889 0.828879
vt 0.844844 0.818961
vt 0.843373 0.818961
vt 0.844844 0.820071
vt 0.843373 0.820071
vt 0.844844 0.821181
vt 0.843373 0.821181
vt 0.844844 0.822291
vt 0.843373 0.822291
vt 0.497294 0.827778
vt 0.496999 0.828879
vt 0.498766 0.828628
vt 0.497960 0.829434
vt 0.714158 0.001138
vt 0.714083 0.026946
vt 0.712453 0.001129
vt 0.712387 0.026931
vt 0.710744 0.001120
vt 0.710679 0.026916
vt 0.499616 0.830100
vt 0.498515 0.830395
vt 0.729509 0.001299
vt 0.731198 0.001316
vt 0.730942 0.027010
vt 0.729234 0.027010
vt 0.499616 0.831800
vt 0.498515 0.831506
vt 0.844844 0.823401
vt 0.843373 0.823401
vt 0.844844 0.811190
vt 0.843373 0.811190
vt 0.843373 0.810079
vt 0.844844 0.810079
vt 0.844844 0.812300
vt 0.843373 0.812300
vt 0.498766 0.833273
vt 0.497960 0.832467
vt 0.727819 0.001281
vt 0.727525 0.027022
vt 0.726130 0.001260
vt 0.725822 0.027017
vt 0.724436 0.001238
vt 0.724131 0.027007
vt 0.725712 0.053219
vt 0.723972 0.053229
vt 0.727443 0.053232
vt 0.725397 0.079701
vt 0.723693 0.079678
vt 0.727091 0.079700
vt 0.725134 0.105503
vt 0.723469 0.105542
vt 0.726802 0.105524
vt 0.725249 0.131299
vt 0.723557 0.131326
vt 0.726940 0.131306
vt 0.725407 0.157595
vt 0.723675 0.157608
vt 0.727140 0.157582
vt 0.725518 0.183576
vt 0.723788 0.183599
vt 0.727248 0.183589
vt 0.725593 0.209544
vt 0.723886 0.209549
vt 0.727300 0.209539
vt 0.725671 0.235460
vt 0.723949 0.235448
vt 0.727394 0.235437
vt 0.725716 0.261322
vt 0.723993 0.261326
vt 0.727440 0.261319
vt 0.725680 0.287464
vt 0.724000 0.287444
vt 0.727361 0.287451
vt 0.725641 0.313040
vt 0.723992 0.313006
vt 0.727293 0.313049
vt 0.725907 0.338587
vt 0.724223 0.338598
vt 0.727581 0.338591
vt 0.726104 0.364725
vt 0.724386 0.364705
vt 0.727811 0.364718
vt 0.726029 0.390576
vt 0.724361 0.390579
vt 0.727709 0.390570
vt 0.726064 0.415979
vt 0.724395 0.415978
vt 0.727731 0.415980
vt 0.771539 0.838900
vt 0.770733 0.839706
vt 0.769883 0.838233
vt 0.770983 0.837938
vt 0.769883 0.836533
vt 0.770983 0.836828
vt 0.765506 0.839369
vt 0.764034 0.839369
vt 0.764034 0.838259
vt 0.765506 0.838259
vt 0.765506 0.840479
vt 0.764034 0.840479
vt 0.581244 0.831496
vt 0.581799 0.830535
vt 0.582760 0.829979
vt 0.583870 0.829979
vt 0.584832 0.830535
vt 0.585387 0.831496
vt 0.585387 0.832606
vt 0.584832 0.833568
vt 0.583870 0.834123
vt 0.582760 0.834123
vt 0.581799 0.833568
vt 0.581244 0.832606
vt 0.765506 0.841590
vt 0.764034 0.841590
vt 0.765506 0.842700
vt 0.764034 0.842700
vt 0.771538 0.835867
vt 0.770733 0.835061
vt 0.772205 0.834211
vt 0.772500 0.835312
vt 0.729396 0.390596
vt 0.729399 0.415984
vt 0.731082 0.390612
vt 0.731066 0.415989
vt 0.711107 0.390527
vt 0.712789 0.390526
vt 0.712593 0.415935
vt 0.710910 0.415922
vt 0.773905 0.834211
vt 0.773610 0.835312
vt 0.714460 0.390525
vt 0.714272 0.415947
vt 0.775377 0.835061
vt 0.774571 0.835867
vt 0.765506 0.831598
vt 0.764034 0.831598
vt 0.764035 0.830488
vt 0.765506 0.830488
vt 0.764035 0.829378
vt 0.765506 0.829378
vt 0.765506 0.832708
vt 0.764035 0.832708
vt 0.765506 0.833818
vt 0.764035 0.833818
vt 0.775127 0.836828
vt 0.776227 0.836533
vt 0.776227 0.838233
vt 0.775127 0.837938
vt 0.716120 0.390527
vt 0.715959 0.415959
vt 0.717769 0.390534
vt 0.717652 0.415967
vt 0.719412 0.390557
vt 0.719347 0.415974
vt 0.775377 0.839705
vt 0.774572 0.838900
vt 0.721054 0.390576
vt 0.721036 0.415977
vt 0.773905 0.840555
vt 0.773610 0.839455
vt 0.765506 0.836039
vt 0.764035 0.836039
vt 0.764035 0.834929
vt 0.765506 0.834929
vt 0.765506 0.837149
vt 0.764035 0.837149
vt 0.772500 0.839455
vt 0.772205 0.840555
vt 0.722704 0.390578
vt 0.722720 0.415978
vt 0.720949 0.364678
vt 0.722664 0.364683
vt 0.719248 0.364688
vt 0.719149 0.338610
vt 0.720847 0.338618
vt 0.722537 0.338612
vt 0.717448 0.338599
vt 0.717561 0.364698
vt 0.715748 0.338591
vt 0.715885 0.364708
vt 0.714050 0.338608
vt 0.714221 0.364695
vt 0.712366 0.338621
vt 0.712559 0.364679
vt 0.710696 0.338634
vt 0.710889 0.364678
vt 0.729253 0.338597
vt 0.730927 0.338591
vt 0.731187 0.364708
vt 0.729505 0.364713
vt 0.728956 0.313039
vt 0.730629 0.313027
vt 0.729042 0.287444
vt 0.730725 0.287449
vt 0.710470 0.287431
vt 0.712159 0.287433
vt 0.712148 0.313029
vt 0.710464 0.313031
vt 0.713853 0.287445
vt 0.713856 0.313024
vt 0.715553 0.287461
vt 0.715571 0.313058
vt 0.717254 0.287444
vt 0.717287 0.313035
vt 0.718947 0.287431
vt 0.718987 0.313030
vt 0.720635 0.287429
vt 0.720668 0.313029
vt 0.722319 0.287431
vt 0.722334 0.313016
vt 0.720570 0.261340
vt 0.722276 0.261335
vt 0.720521 0.235445
vt 0.722231 0.235441
vt 0.718816 0.235454
vt 0.718874 0.261342
vt 0.717115 0.235473
vt 0.717187 0.261338
vt 0.715415 0.235499
vt 0.715506 0.261339
vt 0.713715 0.235490
vt 0.713825 0.261339
vt 0.712013 0.235486
vt 0.712138 0.261336
vt 0.710308 0.235494
vt 0.710443 0.261339
vt 0.729113 0.235419
vt 0.730825 0.235412
vt 0.730867 0.261315
vt 0.729159 0.261313
vt 0.729008 0.209535
vt 0.730719 0.209530
vt 0.728973 0.183597
vt 0.730692 0.183596
vt 0.710090 0.183647
vt 0.711802 0.183642
vt 0.711851 0.209593
vt 0.710134 0.209600
vt 0.713511 0.183626
vt 0.713574 0.209586
vt 0.715218 0.183605
vt 0.715301 0.209579
vt 0.716925 0.183618
vt 0.717028 0.209573
vt 0.718634 0.183626
vt 0.718750 0.209567
vt 0.720346 0.183623
vt 0.720467 0.209561
vt 0.722064 0.183617
vt 0.722178 0.209555
vt 0.720233 0.157631
vt 0.721949 0.157623
vt 0.720169 0.131356
vt 0.721865 0.131346
vt 0.718469 0.131360
vt 0.718529 0.157635
vt 0.716762 0.131354
vt 0.716832 0.157633
vt 0.715049 0.131345
vt 0.715141 0.157635
vt 0.713337 0.131369
vt 0.713450 0.157637
vt 0.711631 0.131389
vt 0.711754 0.157636
vt 0.709932 0.131398
vt 0.710049 0.157640
vt 0.728631 0.131306
vt 0.730325 0.131295
vt 0.730585 0.157550
vt 0.728868 0.157564
vt 0.728479 0.105528
vt 0.730168 0.105527
vt 0.728784 0.079697
vt 0.730477 0.079708
vt 0.709987 0.079628
vt 0.711681 0.079642
vt 0.711508 0.105576
vt 0.709805 0.105568
vt 0.713388 0.079658
vt 0.713234 0.105580
vt 0.715109 0.079669
vt 0.714968 0.105539
vt 0.716833 0.079663
vt 0.716701 0.105526
vt 0.718554 0.079654
vt 0.718418 0.105531
vt 0.720274 0.079649
vt 0.720115 0.105541
vt 0.721986 0.079661
vt 0.721797 0.105540
vt 0.720492 0.053237
vt 0.722228 0.053243
vt 0.718766 0.053219
vt 0.717055 0.053199
vt 0.715355 0.053176
vt 0.713665 0.053181
vt 0.711976 0.053189
vt 0.710279 0.053180
vt 0.730862 0.053262
vt 0.729159 0.053247
vt 0.851277 0.821995
vt 0.849806 0.821995
vt 0.849806 0.818335
vt 0.851277 0.818335
vt 0.820156 0.835083
vt 0.821257 0.834788
vt 0.821257 0.839038
vt 0.820156 0.838744
vt 0.851277 0.825656
vt 0.849806 0.825656
vt 0.819132 0.842719
vt 0.818326 0.841913
vt 0.853735 0.527806
vt 0.850565 0.529636
vt 0.846905 0.529636
vt 0.843735 0.527806
vt 0.841905 0.524636
vt 0.841905 0.520976
vt 0.843735 0.517806
vt 0.846905 0.515976
vt 0.850566 0.515976
vt 0.853735 0.517806
vt 0.855565 0.520976
vt 0.855565 0.524636
vt 0.851277 0.829316
vt 0.849806 0.829316
vt 0.851277 0.832976
vt 0.849806 0.832976
vt 0.815451 0.844844
vt 0.815156 0.843744
vt 0.811201 0.844844
vt 0.811496 0.843744
vt 0.001988 0.703309
vt 0.001982 0.699091
vt 0.027706 0.698986
vt 0.027692 0.703353
vt 0.001969 0.707528
vt 0.027666 0.707705
vt 0.001928 0.711752
vt 0.027634 0.712027
vt 0.807521 0.842719
vt 0.808326 0.841913
vt 0.001873 0.715986
vt 0.027604 0.716314
vt 0.805396 0.839038
vt 0.806496 0.838744
vt 0.851277 0.836636
vt 0.849806 0.836636
vt 0.851277 0.840296
vt 0.849806 0.840296
vt 0.851277 0.843957
vt 0.849806 0.843957
vt 0.851277 0.847617
vt 0.849806 0.847617
vt 0.805396 0.834788
vt 0.806496 0.835083
vt 0.807521 0.831108
vt 0.808326 0.831914
vt 0.001812 0.720231
vt 0.027582 0.720585
vt 0.001753 0.724484
vt 0.027567 0.724829
vt 0.001698 0.728720
vt 0.027554 0.729053
vt 0.811201 0.828983
vt 0.811496 0.830083
vt 0.001764 0.682194
vt 0.001679 0.677951
vt 0.027483 0.677433
vt 0.027553 0.681689
vt 0.815451 0.828983
vt 0.815157 0.830083
vt 0.851277 0.851277
vt 0.849806 0.851277
vt 0.851277 0.811015
vt 0.849806 0.811015
vt 0.849806 0.807355
vt 0.851277 0.807355
vt 0.851277 0.814675
vt 0.849806 0.814675
vt 0.819132 0.831108
vt 0.818326 0.831914
vt 0.001844 0.686429
vt 0.027613 0.685963
vt 0.001912 0.690655
vt 0.027661 0.690268
vt 0.001959 0.694874
vt 0.027693 0.694619
vt 0.053708 0.690198
vt 0.053643 0.694686
vt 0.053773 0.685741
vt 0.080081 0.690934
vt 0.080018 0.695057
vt 0.080192 0.686789
vt 0.105553 0.691353
vt 0.105557 0.695208
vt 0.105551 0.687425
vt 0.131091 0.690900
vt 0.131155 0.695001
vt 0.130978 0.686786
vt 0.157732 0.690126
vt 0.157771 0.694676
vt 0.157677 0.685633
vt 0.183693 0.690397
vt 0.183652 0.694725
vt 0.183754 0.686097
vt 0.209370 0.690747
vt 0.209370 0.694960
vt 0.209370 0.686519
vt 0.235047 0.690397
vt 0.235088 0.694725
vt 0.234986 0.686097
vt 0.261008 0.690126
vt 0.260969 0.694676
vt 0.261064 0.685633
vt 0.287650 0.690900
vt 0.287585 0.695001
vt 0.287762 0.686786
vt 0.313187 0.691353
vt 0.313183 0.695208
vt 0.313189 0.687426
vt 0.338659 0.690934
vt 0.338722 0.695057
vt 0.338548 0.686790
vt 0.365032 0.690198
vt 0.365097 0.694686
vt 0.364967 0.685741
vt 0.391079 0.690268
vt 0.391047 0.694619
vt 0.391127 0.685963
vt 0.416828 0.690655
vt 0.416781 0.694874
vt 0.416896 0.686429
vt 0.776476 0.810868
vt 0.775375 0.811162
vt 0.775375 0.806912
vt 0.776476 0.807207
vt 0.777501 0.803232
vt 0.778306 0.804037
vt 0.875537 0.805469
vt 0.877008 0.805469
vt 0.877008 0.809129
vt 0.875537 0.809129
vt 0.875537 0.801809
vt 0.877008 0.801809
vt 0.033514 0.863431
vt 0.033514 0.859771
vt 0.035344 0.856601
vt 0.038514 0.854771
vt 0.042174 0.854771
vt 0.045344 0.856601
vt 0.047174 0.859771
vt 0.047174 0.863431
vt 0.045344 0.866601
vt 0.042174 0.868431
vt 0.038514 0.868431
vt 0.035344 0.866601
vt 0.875537 0.798149
vt 0.877008 0.798149
vt 0.875537 0.794489
vt 0.877008 0.794489
vt 0.781476 0.802207
vt 0.781181 0.801107
vt 0.785432 0.801107
vt 0.785137 0.802207
vt 0.391187 0.681689
vt 0.416976 0.682194
vt 0.391257 0.677434
vt 0.417061 0.677951
vt 0.391186 0.729053
vt 0.391173 0.724829
vt 0.416987 0.724484
vt 0.417042 0.728720
vt 0.789112 0.803232
vt 0.788306 0.804038
vt 0.391158 0.720585
vt 0.416928 0.720231
vt 0.791237 0.806913
vt 0.790137 0.807207
vt 0.875537 0.831091
vt 0.877008 0.831091
vt 0.877008 0.834751
vt 0.875537 0.834751
vt 0.877008 0.838411
vt 0.875537 0.838411
vt 0.875537 0.827431
vt 0.877008 0.827431
vt 0.875537 0.823770
vt 0.877008 0.823770
vt 0.790137 0.810868
vt 0.791237 0.811163
vt 0.789112 0.814843
vt 0.788306 0.814038
vt 0.391136 0.716314
vt 0.416867 0.715986
vt 0.391106 0.712027
vt 0.416812 0.711752
vt 0.391074 0.707705
vt 0.416771 0.707528
vt 0.785431 0.816968
vt 0.785136 0.815868
vt 0.391048 0.703353
vt 0.416752 0.703309
vt 0.781181 0.816968
vt 0.781476 0.815868
vt 0.875537 0.816450
vt 0.877008 0.816450
vt 0.877008 0.820110
vt 0.875537 0.820110
vt 0.875537 0.812790
vt 0.877008 0.812790
vt 0.778306 0.814038
vt 0.777501 0.814843
vt 0.391034 0.698986
vt 0.416758 0.699091
vt 0.365110 0.703620
vt 0.365115 0.699179
vt 0.365088 0.707971
vt 0.338685 0.707415
vt 0.338733 0.703281
vt 0.338749 0.699170
vt 0.338618 0.711588
vt 0.365055 0.712224
vt 0.338551 0.715811
vt 0.365017 0.716399
vt 0.338496 0.720077
vt 0.364990 0.720521
vt 0.338468 0.724362
vt 0.364952 0.724663
vt 0.338456 0.728609
vt 0.364916 0.728869
vt 0.338400 0.682608
vt 0.338231 0.678361
vt 0.364820 0.677057
vt 0.364894 0.681359
vt 0.313189 0.683382
vt 0.313187 0.679195
vt 0.287916 0.682634
vt 0.288094 0.678402
vt 0.287889 0.728791
vt 0.287874 0.724537
vt 0.313201 0.724397
vt 0.313215 0.728785
vt 0.287844 0.720216
vt 0.313187 0.719950
vt 0.287780 0.715897
vt 0.313177 0.715512
vt 0.287701 0.711617
vt 0.313173 0.711173
vt 0.287625 0.707394
vt 0.313172 0.706992
vt 0.287570 0.703229
vt 0.313175 0.702965
vt 0.287553 0.699106
vt 0.313179 0.699053
vt 0.260972 0.703717
vt 0.260961 0.699226
vt 0.235095 0.703400
vt 0.235107 0.699066
vt 0.235065 0.707710
vt 0.260994 0.708099
vt 0.235025 0.711989
vt 0.261020 0.712361
vt 0.234984 0.716240
vt 0.261045 0.716527
vt 0.234949 0.720471
vt 0.261066 0.720636
vt 0.234918 0.724694
vt 0.261081 0.724754
vt 0.234892 0.728901
vt 0.261092 0.728945
vt 0.234910 0.681828
vt 0.234822 0.677575
vt 0.261193 0.676939
vt 0.261128 0.681238
vt 0.209370 0.682283
vt 0.209370 0.678053
vt 0.183830 0.681828
vt 0.183918 0.677575
vt 0.183848 0.728901
vt 0.183822 0.724694
vt 0.209370 0.724400
vt 0.209370 0.728630
vt 0.183791 0.720471
vt 0.209370 0.720154
vt 0.183756 0.716240
vt 0.209370 0.715922
vt 0.183715 0.711989
vt 0.209370 0.711711
vt 0.183675 0.707710
vt 0.209370 0.707519
vt 0.183645 0.703400
vt 0.209370 0.703338
vt 0.183633 0.699066
vt 0.209370 0.699158
vt 0.157768 0.703717
vt 0.157779 0.699225
vt 0.131170 0.703228
vt 0.131187 0.699106
vt 0.131115 0.707393
vt 0.157746 0.708099
vt 0.131039 0.711616
vt 0.157720 0.712361
vt 0.130960 0.715897
vt 0.157695 0.716526
vt 0.130896 0.720216
vt 0.157674 0.720636
vt 0.130866 0.724537
vt 0.157659 0.724754
vt 0.130851 0.728791
vt 0.157648 0.728945
vt 0.130824 0.682634
vt 0.130646 0.678401
vt 0.157547 0.676939
vt 0.157612 0.681238
vt 0.105551 0.683381
vt 0.105553 0.679195
vt 0.080340 0.682608
vt 0.080509 0.678360
vt 0.080285 0.728608
vt 0.080272 0.724361
vt 0.105540 0.724397
vt 0.105525 0.728785
vt 0.080244 0.720077
vt 0.105553 0.719950
vt 0.080189 0.715811
vt 0.105563 0.715512
vt 0.080122 0.711588
vt 0.105567 0.711173
vt 0.080055 0.707414
vt 0.105568 0.706992
vt 0.080007 0.703281
vt 0.105565 0.702965
vt 0.079991 0.699170
vt 0.105561 0.699053
vt 0.053630 0.703620
vt 0.053626 0.699179
vt 0.053652 0.707971
vt 0.053685 0.712224
vt 0.053723 0.716399
vt 0.053750 0.720521
vt 0.053788 0.724663
vt 0.053825 0.728869
vt 0.053920 0.677056
vt 0.053846 0.681359
s 0
f 864/1622/68 863/1623/68 866/1624/68 905/1625/68
f 863/1626/69 864/1627/69 868/1628/69 867/1629/69
f 865/1630/70 863/1626/70 867/1629/70 869/1631/70
f 863/1623/68 865/1632/68 875/1633/68 866/1624/68
f 868/1634/68 901/1635/68 900/1636/68 899/1637/68 887/1638/68 886/1639/68 885/1640/68 884/1641/68 871/1642/68 870/1643/68 869/1644/68 867/1645/68
f 872/1646/71 865/1630/71 869/1631/71 870/1647/71
f 873/1648/72 872/1646/72 870/1647/72 871/1649/72
f 865/1632/68 872/1650/68 874/1651/68 875/1633/68
f 872/1650/68 873/1652/68 877/1653/68 874/1651/68
f 874/1654/73 876/1655/73 1104/1656/73 875/1657/73
f 877/1658/74 878/1659/74 876/1655/74 874/1654/74
f 879/1660/75 880/1661/75 878/1659/75 877/1658/75
f 873/1652/68 882/1662/68 879/1663/68 877/1653/68
f 881/1664/76 1109/1665/76 880/1661/76 879/1660/76
f 882/1662/68 883/1666/68 881/1667/68 879/1663/68
f 882/1668/77 873/1648/77 871/1649/77 884/1669/77
f 883/1670/78 882/1668/78 884/1669/78 885/1671/78
f 888/1672/79 883/1670/79 885/1671/79 886/1673/79
f 889/1674/80 888/1672/80 886/1673/80 887/1675/80
f 883/1666/68 888/1676/68 890/1677/68 881/1667/68
f 888/1676/68 889/1678/68 892/1679/68 890/1677/68
f 890/1680/81 891/1681/81 1109/1665/81 881/1664/81
f 892/1682/70 893/1683/70 891/1681/70 890/1680/70
f 894/1684/82 895/1685/82 893/1683/82 892/1682/82
f 889/1678/68 897/1686/68 894/1687/68 892/1679/68
f 896/1688/83 1114/1689/83 895/1690/83 894/1691/83
f 897/1686/68 898/1692/68 896/1693/68 894/1687/68
f 897/1694/84 889/1674/84 887/1675/84 899/1695/84
f 898/1696/85 897/1697/85 899/1698/85 900/1699/85
f 902/1700/86 898/1696/86 900/1699/86 901/1701/86
f 864/1627/87 902/1700/87 901/1701/87 868/1628/87
f 898/1692/68 902/1702/68 903/1703/68 896/1693/68
f 902/1702/68 864/1622/68 905/1625/68 903/1703/68
f 903/1704/88 904/1705/88 1114/1689/88 896/1688/88
f 905/1706/89 906/1707/89 904/1705/89 903/1704/89
f 866/1708/90 907/1709/90 906/1707/90 905/1706/90
f 907/1709/91 909/1710/91 908/1711/91 906/1707/91
f 906/1707/92 908/1711/92 910/1712/92 904/1705/92
f 909/1710/93 912/1713/93 911/1714/93 908/1711/93
f 908/1711/94 911/1714/94 913/1715/94 910/1712/94
f 912/1713/95 915/1716/95 914/1717/95 911/1714/95
f 911/1714/96 914/1717/96 916/1718/96 913/1715/96
f 915/1716/97 918/1719/97 917/1720/97 914/1717/97
f 914/1717/98 917/1720/98 919/1721/98 916/1718/98
f 918/1719/99 921/1722/99 920/1723/99 917/1720/99
f 917/1720/100 920/1723/100 922/1724/100 919/1721/100
f 921/1722/101 924/1725/101 923/1726/101 920/1723/101
f 920/1723/102 923/1726/102 925/1727/102 922/1724/102
f 924/1725/103 927/1728/103 926/1729/103 923/1726/103
f 923/1726/104 926/1729/104 928/1730/104 925/1727/104
f 927/1728/105 930/1731/105 929/1732/105 926/1729/105
f 926/1729/106 929/1732/106 931/1733/106 928/1730/106
f 930/1731/107 933/1734/107 932/1735/107 929/1732/107
f 929/1732/108 932/1735/108 934/1736/108 931/1733/108
f 933/1734/109 936/1737/109 935/1738/109 932/1735/109
f 932/1735/110 935/1738/110 937/1739/110 934/1736/110
f 936/1737/111 939/1740/111 938/1741/111 935/1738/111
f 935/1738/112 938/1741/112 940/1742/112 937/1739/112
f 939/1740/113 942/1743/113 941/1744/113 938/1741/113
f 938/1741/114 941/1744/114 943/1745/114 940/1742/114
f 942/1743/115 945/1746/115 944/1747/115 941/1744/115
f 941/1744/116 944/1747/116 946/1748/116 943/1745/116
f 945/1746/117 948/1749/117 947/1750/117 944/1747/117
f 944/1747/118 947/1750/118 949/1751/118 946/1748/118
f 948/1749/119 951/1752/119 950/1753/119 947/1750/119
f 947/1750/120 950/1753/120 952/1754/120 949/1751/120
f 954/1755/121 953/1756/121 950/1757/121 951/1758/121
f 953/1756/122 955/1759/122 952/1760/122 950/1757/122
f 953/1761/123 954/1762/123 957/1763/123 956/1764/123
f 955/1765/124 953/1761/124 956/1764/124 958/1766/124
f 956/1767/121 957/1768/121 989/1769/121 988/1770/121 987/1771/121 975/1772/121 974/1773/121 973/1774/121 972/1775/121 960/1776/121 959/1777/121 958/1778/121
f 961/1779/125 955/1765/125 958/1766/125 959/1780/125
f 962/1781/126 961/1779/126 959/1780/126 960/1782/126
f 961/1783/121 962/1784/121 965/1785/121 963/1786/121
f 955/1759/122 961/1783/122 963/1786/122 952/1760/122
f 949/1751/127 952/1754/127 963/1787/127 964/1788/127
f 964/1788/128 963/1787/128 965/1789/128 966/1790/128
f 966/1791/129 965/1792/129 967/1793/129 968/1794/129
f 962/1784/121 970/1795/121 967/1796/121 965/1785/121
f 968/1794/130 967/1793/130 969/1797/130 1006/1798/130
f 970/1795/122 971/1799/122 969/1800/122 967/1796/122
f 971/1801/131 970/1802/131 972/1803/131 973/1804/131
f 970/1802/132 962/1805/132 960/1806/132 972/1803/132
f 976/1807/133 971/1801/133 973/1804/133 974/1808/133
f 977/1809/134 976/1807/134 974/1808/134 975/1810/134
f 976/1811/122 977/1812/122 980/1813/122 978/1814/122
f 971/1799/121 976/1811/121 978/1814/121 969/1800/121
f 1006/1798/135 969/1797/135 978/1815/135 979/1816/135
f 979/1816/136 978/1815/136 980/1817/136 981/1818/136
f 981/1818/137 980/1817/137 982/1819/137 983/1820/137
f 977/1812/122 985/1821/122 982/1822/122 980/1813/122
f 983/1820/138 982/1819/138 984/1823/138 994/1824/138
f 985/1821/121 986/1825/121 984/1826/121 982/1822/121
f 986/1827/139 985/1828/139 987/1829/139 988/1830/139
f 985/1828/140 977/1809/140 975/1810/140 987/1829/140
f 990/1831/141 986/1827/141 988/1830/141 989/1832/141
f 954/1762/130 990/1831/130 989/1832/130 957/1763/130
f 990/1833/122 954/1755/122 951/1758/122 991/1834/122
f 986/1825/121 990/1833/121 991/1834/121 984/1826/121
f 994/1824/142 984/1823/142 991/1835/142 992/1836/142
f 992/1836/143 991/1835/143 951/1752/143 948/1749/143
f 995/1837/144 994/1824/144 992/1836/144 993/1838/144
f 993/1838/145 992/1836/145 948/1749/145 945/1746/145
f 997/1839/146 983/1820/146 994/1824/146 995/1837/146
f 998/1840/147 997/1839/147 995/1837/147 996/1841/147
f 996/1841/148 995/1837/148 993/1838/148 1030/1842/148
f 1000/1843/149 999/1844/149 997/1839/149 998/1840/149
f 999/1844/150 981/1818/150 983/1820/150 997/1839/150
f 1002/1845/151 1001/1846/151 999/1844/151 1000/1843/151
f 1001/1846/152 979/1816/152 981/1818/152 999/1844/152
f 1004/1847/153 1003/1848/153 1001/1846/153 1002/1845/153
f 1003/1848/154 1006/1798/154 979/1816/154 1001/1846/154
f 1007/1849/155 1005/1850/155 1003/1848/155 1004/1847/155
f 1005/1850/156 968/1794/156 1006/1798/156 1003/1848/156
f 1009/1851/157 1008/1852/157 1005/1850/157 1007/1849/157
f 1008/1852/158 966/1791/158 968/1794/158 1005/1850/158
f 1011/1853/159 1010/1854/159 1008/1855/159 1009/1856/159
f 1010/1854/160 964/1788/160 966/1790/160 1008/1855/160
f 943/1745/161 946/1748/161 1010/1854/161 1011/1853/161
f 946/1748/162 949/1751/162 964/1788/162 1010/1854/162
f 940/1742/163 943/1745/163 1011/1853/163 1012/1857/163
f 1012/1857/164 1011/1853/164 1009/1856/164 1014/1858/164
f 937/1739/165 940/1742/165 1012/1857/165 1013/1859/165
f 1013/1859/166 1012/1857/166 1014/1858/166 1015/1860/166
f 1015/1861/167 1014/1862/167 1016/1863/167 1017/1864/167
f 1014/1862/168 1009/1851/168 1007/1849/168 1016/1863/168
f 1017/1864/169 1016/1863/169 1018/1865/169 1019/1866/169
f 1016/1863/170 1007/1849/170 1004/1847/170 1018/1865/170
f 1019/1866/171 1018/1865/171 1020/1867/171 1021/1868/171
f 1018/1865/172 1004/1847/172 1002/1845/172 1020/1867/172
f 1021/1868/173 1020/1867/173 1022/1869/173 1023/1870/173
f 1020/1867/174 1002/1845/174 1000/1843/174 1022/1869/174
f 1023/1870/175 1022/1869/175 1024/1871/175 1025/1872/175
f 1022/1869/176 1000/1843/176 998/1840/176 1024/1871/176
f 1025/1872/177 1024/1871/177 1026/1873/177 1027/1874/177
f 1024/1871/178 998/1840/178 996/1841/178 1026/1873/178
f 1027/1874/179 1026/1873/179 1028/1875/179 1029/1876/179
f 1026/1873/180 996/1841/180 1030/1842/180 1028/1875/180
f 1029/1876/181 1028/1875/181 939/1740/181 936/1737/181
f 1028/1875/182 1030/1842/182 942/1743/182 939/1740/182
f 1030/1842/183 993/1838/183 945/1746/183 942/1743/183
f 1033/1877/184 1027/1874/184 1029/1876/184 1031/1878/184
f 1031/1878/185 1029/1876/185 936/1737/185 933/1734/185
f 1034/1879/186 1033/1877/186 1031/1878/186 1032/1880/186
f 1032/1880/187 1031/1878/187 933/1734/187 930/1731/187
f 1036/1881/188 1035/1882/188 1033/1877/188 1034/1879/188
f 1035/1882/189 1025/1872/189 1027/1874/189 1033/1877/189
f 1038/1883/190 1037/1884/190 1035/1882/190 1036/1881/190
f 1037/1884/191 1023/1870/191 1025/1872/191 1035/1882/191
f 1040/1885/192 1039/1886/192 1037/1884/192 1038/1883/192
f 1039/1886/193 1021/1868/193 1023/1870/193 1037/1884/193
f 1042/1887/194 1041/1888/194 1039/1886/194 1040/1885/194
f 1041/1888/195 1019/1866/195 1021/1868/195 1039/1886/195
f 1044/1889/196 1043/1890/196 1041/1888/196 1042/1887/196
f 1043/1890/197 1017/1864/197 1019/1866/197 1041/1888/197
f 1046/1891/198 1045/1892/198 1043/1890/198 1044/1889/198
f 1045/1892/199 1015/1861/199 1017/1864/199 1043/1890/199
f 1048/1893/200 1047/1894/200 1045/1895/200 1046/1896/200
f 1047/1894/201 1013/1859/201 1015/1860/201 1045/1895/201
f 931/1733/202 934/1736/202 1047/1894/202 1048/1893/202
f 934/1736/203 937/1739/203 1013/1859/203 1047/1894/203
f 928/1730/204 931/1733/204 1048/1893/204 1049/1897/204
f 1049/1897/205 1048/1893/205 1046/1896/205 1051/1898/205
f 925/1727/206 928/1730/206 1049/1897/206 1050/1899/206
f 1050/1899/205 1049/1897/205 1051/1898/205 1052/1900/205
f 1052/1901/207 1051/1902/207 1053/1903/207 1054/1904/207
f 1051/1902/207 1046/1891/207 1044/1889/207 1053/1903/207
f 1054/1904/208 1053/1903/208 1055/1905/208 1056/1906/208
f 1053/1903/209 1044/1889/209 1042/1887/209 1055/1905/209
f 1056/1906/210 1055/1905/210 1057/1907/210 1058/1908/210
f 1055/1905/211 1042/1887/211 1040/1885/211 1057/1907/211
f 1058/1908/212 1057/1907/212 1059/1909/212 1060/1910/212
f 1057/1907/213 1040/1885/213 1038/1883/213 1059/1909/213
f 1060/1910/214 1059/1909/214 1061/1911/214 1062/1912/214
f 1059/1909/215 1038/1883/215 1036/1881/215 1061/1911/215
f 1062/1912/216 1061/1911/216 1063/1913/216 1064/1914/216
f 1061/1911/216 1036/1881/216 1034/1879/216 1063/1913/216
f 1064/1914/217 1063/1913/217 1065/1915/217 1066/1916/217
f 1063/1913/217 1034/1879/217 1032/1880/217 1065/1915/217
f 1066/1916/218 1065/1915/218 927/1728/218 924/1725/218
f 1065/1915/219 1032/1880/219 930/1731/219 927/1728/219
f 1069/1917/220 1064/1914/220 1066/1916/220 1067/1918/220
f 1067/1918/221 1066/1916/221 924/1725/221 921/1722/221
f 1070/1919/222 1069/1917/222 1067/1918/222 1068/1920/222
f 1068/1920/223 1067/1918/223 921/1722/223 918/1719/223
f 1072/1921/224 1071/1922/224 1069/1917/224 1070/1919/224
f 1071/1922/225 1062/1912/225 1064/1914/225 1069/1917/225
f 1074/1923/226 1073/1924/226 1071/1922/226 1072/1921/226
f 1073/1924/227 1060/1910/227 1062/1912/227 1071/1922/227
f 1076/1925/228 1075/1926/228 1073/1924/228 1074/1923/228
f 1075/1926/229 1058/1908/229 1060/1910/229 1073/1924/229
f 1078/1927/230 1077/1928/230 1075/1926/230 1076/1925/230
f 1077/1928/231 1056/1906/231 1058/1908/231 1075/1926/231
f 1080/1929/232 1079/1930/232 1077/1928/232 1078/1927/232
f 1079/1930/233 1054/1904/233 1056/1906/233 1077/1928/233
f 1082/1931/234 1081/1932/234 1079/1930/234 1080/1929/234
f 1081/1932/235 1052/1901/235 1054/1904/235 1079/1930/235
f 1084/1933/236 1083/1934/236 1081/1935/236 1082/1936/236
f 1083/1934/237 1050/1899/237 1052/1900/237 1081/1935/237
f 919/1721/238 922/1724/238 1083/1934/238 1084/1933/238
f 922/1724/239 925/1727/239 1050/1899/239 1083/1934/239
f 916/1718/240 919/1721/240 1084/1933/240 1085/1937/240
f 1085/1937/241 1084/1933/241 1082/1936/241 1087/1938/241
f 913/1715/242 916/1718/242 1085/1937/242 1086/1939/242
f 1086/1939/243 1085/1937/243 1087/1938/243 1088/1940/243
f 1088/1941/244 1087/1942/244 1089/1943/244 1090/1944/244
f 1087/1942/245 1082/1931/245 1080/1929/245 1089/1943/245
f 1090/1944/246 1089/1943/246 1091/1945/246 1092/1946/246
f 1089/1943/247 1080/1929/247 1078/1927/247 1091/1945/247
f 1092/1946/248 1091/1945/248 1093/1947/248 1094/1948/248
f 1091/1945/249 1078/1927/249 1076/1925/249 1093/1947/249
f 1094/1948/250 1093/1947/250 1095/1949/250 1096/1950/250
f 1093/1947/251 1076/1925/251 1074/1923/251 1095/1949/251
f 1096/1950/252 1095/1949/252 1097/1951/252 1098/1952/252
f 1095/1949/253 1074/1923/253 1072/1921/253 1097/1951/253
f 1098/1952/254 1097/1951/254 1099/1953/254 1100/1954/254
f 1097/1951/255 1072/1921/255 1070/1919/255 1099/1953/255
f 1100/1954/256 1099/1953/256 1101/1955/256 1102/1956/256
f 1099/1953/257 1070/1919/257 1068/1920/257 1101/1955/257
f 1102/1956/258 1101/1955/258 915/1716/258 912/1713/258
f 1101/1955/259 1068/1920/259 918/1719/259 915/1716/259
f 1105/1957/260 1100/1954/260 1102/1956/260 1103/1958/260
f 1103/1958/261 1102/1956/261 912/1713/261 909/1710/261
f 876/1655/262 1105/1957/262 1103/1958/262 1104/1656/262
f 1104/1656/263 1103/1958/263 909/1710/263 907/1709/263
f 878/1659/264 1106/1959/264 1105/1957/264 876/1655/264
f 1106/1959/265 1098/1952/265 1100/1954/265 1105/1957/265
f 880/1661/266 1107/1960/266 1106/1959/266 878/1659/266
f 1107/1960/267 1096/1950/267 1098/1952/267 1106/1959/267
f 1109/1665/268 1108/1961/268 1107/1960/268 880/1661/268
f 1108/1961/269 1094/1948/269 1096/1950/269 1107/1960/269
f 891/1681/270 1110/1962/270 1108/1961/270 1109/1665/270
f 1110/1962/271 1092/1946/271 1094/1948/271 1108/1961/271
f 893/1683/272 1111/1963/272 1110/1962/272 891/1681/272
f 1111/1963/273 1090/1944/273 1092/1946/273 1110/1962/273
f 895/1685/274 1112/1964/274 1111/1963/274 893/1683/274
f 1112/1964/275 1088/1941/275 1090/1944/275 1111/1963/275
f 1114/1689/276 1113/1965/276 1112/1966/276 895/1690/276
f 1113/1965/277 1086/1939/277 1088/1940/277 1112/1966/277
f 904/1705/278 910/1712/278 1113/1965/278 1114/1689/278
f 910/1712/279 913/1715/279 1086/1939/279 1113/1965/279
f 875/1657/80 1104/1656/80 907/1709/80 866/1708/80
f 1115/1967/280 1116/1968/280 1120/1969/280 1119/1970/280
f 1116/1971/281 1115/1972/281 1118/1973/281 1157/1974/281
f 1117/1975/282 1115/1967/282 1119/1970/282 1121/1976/282
f 1115/1972/281 1117/1977/281 1127/1978/281 1118/1973/281
f 1120/1979/281 1153/1980/281 1152/1981/281 1151/1982/281 1139/1983/281 1138/1984/281 1137/1985/281 1136/1986/281 1123/1987/281 1122/1988/281 1121/1989/281 1119/1990/281
f 1124/1991/283 1117/1975/283 1121/1976/283 1122/1992/283
f 1125/1993/284 1124/1991/284 1122/1992/284 1123/1994/284
f 1117/1977/281 1124/1995/281 1126/1996/281 1127/1978/281
f 1124/1995/281 1125/1997/281 1129/1998/281 1126/1996/281
f 1126/1999/285 1128/2000/285 1356/2001/285 1127/2002/285
f 1129/2003/286 1130/2004/286 1128/2000/286 1126/1999/286
f 1131/2005/287 1132/2006/287 1130/2004/287 1129/2003/287
f 1125/1997/281 1134/2007/281 1131/2008/281 1129/1998/281
f 1133/2009/288 1361/2010/288 1132/2006/288 1131/2005/288
f 1134/2007/281 1135/2011/281 1133/2012/281 1131/2008/281
f 1134/2013/289 1125/1993/289 1123/1994/289 1136/2014/289
f 1135/2015/290 1134/2013/290 1136/2014/290 1137/2016/290
f 1140/2017/291 1135/2015/291 1137/2016/291 1138/2018/291
f 1141/2019/292 1140/2017/292 1138/2018/292 1139/2020/292
f 1135/2011/281 1140/2021/281 1142/2022/281 1133/2012/281
f 1140/2021/281 1141/2023/281 1144/2024/281 1142/2022/281
f 1142/2025/293 1143/2026/293 1361/2010/293 1133/2009/293
f 1144/2027/294 1145/2028/294 1143/2026/294 1142/2025/294
f 1146/2029/295 1147/2030/295 1145/2028/295 1144/2027/295
f 1141/2023/281 1149/2031/281 1146/2032/281 1144/2024/281
f 1148/2033/296 1366/2034/296 1147/2035/296 1146/2036/296
f 1149/2031/281 1150/2037/281 1148/2038/281 1146/2032/281
f 1149/2039/297 1141/2019/297 1139/2020/297 1151/2040/297
f 1150/2041/298 1149/2042/298 1151/2043/298 1152/2044/298
f 1154/2045/299 1150/2041/299 1152/2044/299 1153/2046/299
f 1116/1968/288 1154/2045/288 1153/2046/288 1120/1969/288
f 1150/2037/281 1154/2047/281 1155/2048/281 1148/2038/281
f 1154/2047/281 1116/1971/281 1157/1974/281 1155/2048/281
f 1155/2049/300 1156/2050/300 1366/2034/300 1148/2033/300
f 1157/2051/290 1158/2052/290 1156/2050/290 1155/2049/290
f 1118/2053/301 1159/2054/301 1158/2052/301 1157/2051/301
f 1159/2054/302 1161/2055/302 1160/2056/302 1158/2052/302
f 1158/2052/303 1160/2056/303 1162/2057/303 1156/2050/303
f 1161/2055/304 1164/2058/304 1163/2059/304 1160/2056/304
f 1160/2056/305 1163/2059/305 1165/2060/305 1162/2057/305
f 1164/2058/306 1167/2061/306 1166/2062/306 1163/2059/306
f 1163/2059/307 1166/2062/307 1168/2063/307 1165/2060/307
f 1167/2061/308 1170/2064/308 1169/2065/308 1166/2062/308
f 1166/2062/309 1169/2065/309 1171/2066/309 1168/2063/309
f 1170/2064/310 1173/2067/310 1172/2068/310 1169/2065/310
f 1169/2065/311 1172/2068/311 1174/2069/311 1171/2066/311
f 1173/2067/312 1176/2070/312 1175/2071/312 1172/2068/312
f 1172/2068/313 1175/2071/313 1177/2072/313 1174/2069/313
f 1176/2070/314 1179/2073/314 1178/2074/314 1175/2071/314
f 1175/2071/315 1178/2074/315 1180/2075/315 1177/2072/315
f 1179/2073/316 1182/2076/316 1181/2077/316 1178/2074/316
f 1178/2074/317 1181/2077/317 1183/2078/317 1180/2075/317
f 1182/2076/318 1185/2079/318 1184/2080/318 1181/2077/318
f 1181/2077/319 1184/2080/319 1186/2081/319 1183/2078/319
f 1185/2079/320 1188/2082/320 1187/2083/320 1184/2080/320
f 1184/2080/321 1187/2083/321 1189/2084/321 1186/2081/321
f 1188/2082/322 1191/2085/322 1190/2086/322 1187/2083/322
f 1187/2083/323 1190/2086/323 1192/2087/323 1189/2084/323
f 1191/2085/324 1194/2088/324 1193/2089/324 1190/2086/324
f 1190/2086/325 1193/2089/325 1195/2090/325 1192/2087/325
f 1194/2088/326 1197/2091/326 1196/2092/326 1193/2089/326
f 1193/2089/327 1196/2092/327 1198/2093/327 1195/2090/327
f 1197/2091/328 1200/2094/328 1199/2095/328 1196/2092/328
f 1196/2092/329 1199/2095/329 1201/2096/329 1198/2093/329
f 1200/2094/330 1203/2097/330 1202/2098/330 1199/2095/330
f 1199/2095/290 1202/2098/290 1204/2099/290 1201/2096/290
f 1206/2100/331 1205/2101/331 1202/2102/331 1203/2103/331
f 1205/2101/331 1207/2104/331 1204/2105/331 1202/2102/331
f 1205/2106/280 1206/2107/280 1209/2108/280 1208/2109/280
f 1207/2110/288 1205/2106/288 1208/2109/288 1210/2111/288
f 1208/2112/331 1209/2113/331 1241/2114/331 1240/2115/331 1239/2116/331 1227/2117/331 1226/2118/331 1225/2119/331 1224/2120/331 1212/2121/331 1211/2122/331 1210/2123/331
f 1213/2124/299 1207/2110/299 1210/2111/299 1211/2125/299
f 1214/2126/298 1213/2124/298 1211/2125/298 1212/2127/298
f 1213/2128/331 1214/2129/331 1217/2130/331 1215/2131/331
f 1207/2104/331 1213/2128/331 1215/2131/331 1204/2105/331
f 1201/2096/300 1204/2099/300 1215/2132/300 1216/2133/300
f 1216/2133/332 1215/2132/332 1217/2134/332 1218/2135/332
f 1218/2136/333 1217/2137/333 1219/2138/333 1220/2139/333
f 1214/2129/331 1222/2140/331 1219/2141/331 1217/2130/331
f 1220/2139/334 1219/2138/334 1221/2142/334 1258/2143/334
f 1222/2140/331 1223/2144/331 1221/2145/331 1219/2141/331
f 1223/2146/292 1222/2147/292 1224/2148/292 1225/2149/292
f 1222/2147/297 1214/2150/297 1212/2151/297 1224/2148/297
f 1228/2152/291 1223/2146/291 1225/2149/291 1226/2153/291
f 1229/2154/290 1228/2152/290 1226/2153/290 1227/2155/290
f 1228/2156/331 1229/2157/331 1232/2158/331 1230/2159/331
f 1223/2144/331 1228/2156/331 1230/2159/331 1221/2145/331
f 1258/2143/335 1221/2142/335 1230/2160/335 1231/2161/335
f 1231/2161/288 1230/2160/288 1232/2162/288 1233/2163/288
f 1233/2163/287 1232/2162/287 1234/2164/287 1235/2165/287
f 1229/2157/331 1237/2166/331 1234/2167/331 1232/2158/331
f 1235/2165/336 1234/2164/336 1236/2168/336 1246/2169/336
f 1237/2166/331 1238/2170/331 1236/2171/331 1234/2167/331
f 1238/2172/284 1237/2173/284 1239/2174/284 1240/2175/284
f 1237/2173/289 1229/2154/289 1227/2155/289 1239/2174/289
f 1242/2176/283 1238/2172/283 1240/2175/283 1241/2177/283
f 1206/2107/282 1242/2176/282 1241/2177/282 1209/2108/282
f 1242/2178/331 1206/2100/331 1203/2103/331 1243/2179/331
f 1238/2170/331 1242/2178/331 1243/2179/331 1236/2171/331
f 1246/2169/337 1236/2168/337 1243/2180/337 1244/2181/337
f 1244/2181/338 1243/2180/338 1203/2097/338 1200/2094/338
f 1247/2182/339 1246/2169/339 1244/2181/339 1245/2183/339
f 1245/2183/340 1244/2181/340 1200/2094/340 1197/2091/340
f 1249/2184/341 1235/2165/341 1246/2169/341 1247/2182/341
f 1250/2185/342 1249/2184/342 1247/2182/342 1248/2186/342
f 1248/2186/343 1247/2182/343 1245/2183/343 1282/2187/343
f 1252/2188/344 1251/2189/344 1249/2184/344 1250/2185/344
f 1251/2189/345 1233/2163/345 1235/2165/345 1249/2184/345
f 1254/2190/346 1253/2191/346 1251/2189/346 1252/2188/346
f 1253/2191/347 1231/2161/347 1233/2163/347 1251/2189/347
f 1256/2192/348 1255/2193/348 1253/2191/348 1254/2190/348
f 1255/2193/349 1258/2143/349 1231/2161/349 1253/2191/349
f 1259/2194/350 1257/2195/350 1255/2193/350 1256/2192/350
f 1257/2195/351 1220/2139/351 1258/2143/351 1255/2193/351
f 1261/2196/352 1260/2197/352 1257/2195/352 1259/2194/352
f 1260/2197/353 1218/2136/353 1220/2139/353 1257/2195/353
f 1263/2198/354 1262/2199/354 1260/2200/354 1261/2201/354
f 1262/2199/355 1216/2133/355 1218/2135/355 1260/2200/355
f 1195/2090/356 1198/2093/356 1262/2199/356 1263/2198/356
f 1198/2093/357 1201/2096/357 1216/2133/357 1262/2199/357
f 1192/2087/358 1195/2090/358 1263/2198/358 1264/2202/358
f 1264/2202/359 1263/2198/359 1261/2201/359 1266/2203/359
f 1189/2084/360 1192/2087/360 1264/2202/360 1265/2204/360
f 1265/2204/361 1264/2202/361 1266/2203/361 1267/2205/361
f 1267/2206/362 1266/2207/362 1268/2208/362 1269/2209/362
f 1266/2207/363 1261/2196/363 1259/2194/363 1268/2208/363
f 1269/2209/364 1268/2208/364 1270/2210/364 1271/2211/364
f 1268/2208/365 1259/2194/365 1256/2192/365 1270/2210/365
f 1271/2211/366 1270/2210/366 1272/2212/366 1273/2213/366
f 1270/2210/367 1256/2192/367 1254/2190/367 1272/2212/367
f 1273/2213/368 1272/2212/368 1274/2214/368 1275/2215/368
f 1272/2212/369 1254/2190/369 1252/2188/369 1274/2214/369
f 1275/2215/370 1274/2214/370 1276/2216/370 1277/2217/370
f 1274/2214/371 1252/2188/371 1250/2185/371 1276/2216/371
f 1277/2217/372 1276/2216/372 1278/2218/372 1279/2219/372
f 1276/2216/373 1250/2185/373 1248/2186/373 1278/2218/373
f 1279/2219/374 1278/2218/374 1280/2220/374 1281/2221/374
f 1278/2218/375 1248/2186/375 1282/2187/375 1280/2220/375
f 1281/2221/376 1280/2220/376 1191/2085/376 1188/2082/376
f 1280/2220/377 1282/2187/377 1194/2088/377 1191/2085/377
f 1282/2187/378 1245/2183/378 1197/2091/378 1194/2088/378
f 1285/2222/379 1279/2219/379 1281/2221/379 1283/2223/379
f 1283/2223/380 1281/2221/380 1188/2082/380 1185/2079/380
f 1286/2224/381 1285/2222/381 1283/2223/381 1284/2225/381
f 1284/2225/382 1283/2223/382 1185/2079/382 1182/2076/382
f 1288/2226/383 1287/2227/383 1285/2222/383 1286/2224/383
f 1287/2227/384 1277/2217/384 1279/2219/384 1285/2222/384
f 1290/2228/385 1289/2229/385 1287/2227/385 1288/2226/385
f 1289/2229/386 1275/2215/386 1277/2217/386 1287/2227/386
f 1292/2230/387 1291/2231/387 1289/2229/387 1290/2228/387
f 1291/2231/388 1273/2213/388 1275/2215/388 1289/2229/388
f 1294/2232/389 1293/2233/389 1291/2231/389 1292/2230/389
f 1293/2233/390 1271/2211/390 1273/2213/390 1291/2231/390
f 1296/2234/391 1295/2235/391 1293/2233/391 1294/2232/391
f 1295/2235/392 1269/2209/392 1271/2211/392 1293/2233/392
f 1298/2236/393 1297/2237/393 1295/2235/393 1296/2234/393
f 1297/2237/394 1267/2206/394 1269/2209/394 1295/2235/394
f 1300/2238/395 1299/2239/395 1297/2240/395 1298/2241/395
f 1299/2239/396 1265/2204/396 1267/2205/396 1297/2240/396
f 1183/2078/397 1186/2081/397 1299/2239/397 1300/2238/397
f 1186/2081/398 1189/2084/398 1265/2204/398 1299/2239/398
f 1180/2075/399 1183/2078/399 1300/2238/399 1301/2242/399
f 1301/2242/400 1300/2238/400 1298/2241/400 1303/2243/400
f 1177/2072/401 1180/2075/401 1301/2242/401 1302/2244/401
f 1302/2244/402 1301/2242/402 1303/2243/402 1304/2245/402
f 1304/2246/403 1303/2247/403 1305/2248/403 1306/2249/403
f 1303/2247/404 1298/2236/404 1296/2234/404 1305/2248/404
f 1306/2249/405 1305/2248/405 1307/2250/405 1308/2251/405
f 1305/2248/406 1296/2234/406 1294/2232/406 1307/2250/406
f 1308/2251/407 1307/2250/407 1309/2252/407 1310/2253/407
f 1307/2250/408 1294/2232/408 1292/2230/408 1309/2252/408
f 1310/2253/409 1309/2252/409 1311/2254/409 1312/2255/409
f 1309/2252/410 1292/2230/410 1290/2228/410 1311/2254/410
f 1312/2255/411 1311/2254/411 1313/2256/411 1314/2257/411
f 1311/2254/412 1290/2228/412 1288/2226/412 1313/2256/412
f 1314/2257/413 1313/2256/413 1315/2258/413 1316/2259/413
f 1313/2256/414 1288/2226/414 1286/2224/414 1315/2258/414
f 1316/2259/415 1315/2258/415 1317/2260/415 1318/2261/415
f 1315/2258/416 1286/2224/416 1284/2225/416 1317/2260/416
f 1318/2261/417 1317/2260/417 1179/2073/417 1176/2070/417
f 1317/2260/418 1284/2225/418 1182/2076/418 1179/2073/418
f 1321/2262/419 1316/2259/419 1318/2261/419 1319/2263/419
f 1319/2263/420 1318/2261/420 1176/2070/420 1173/2067/420
f 1322/2264/421 1321/2262/421 1319/2263/421 1320/2265/421
f 1320/2265/422 1319/2263/422 1173/2067/422 1170/2064/422
f 1324/2266/423 1323/2267/423 1321/2262/423 1322/2264/423
f 1323/2267/424 1314/2257/424 1316/2259/424 1321/2262/424
f 1326/2268/425 1325/2269/425 1323/2267/425 1324/2266/425
f 1325/2269/426 1312/2255/426 1314/2257/426 1323/2267/426
f 1328/2270/427 1327/2271/427 1325/2269/427 1326/2268/427
f 1327/2271/428 1310/2253/428 1312/2255/428 1325/2269/428
f 1330/2272/429 1329/2273/429 1327/2271/429 1328/2270/429
f 1329/2273/430 1308/2251/430 1310/2253/430 1327/2271/430
f 1332/2274/431 1331/2275/431 1329/2273/431 1330/2272/431
f 1331/2275/432 1306/2249/432 1308/2251/432 1329/2273/432
f 1334/2276/433 1333/2277/433 1331/2275/433 1332/2274/433
f 1333/2277/434 1304/2246/434 1306/2249/434 1331/2275/434
f 1336/2278/435 1335/2279/435 1333/2280/435 1334/2281/435
f 1335/2279/436 1302/2244/436 1304/2245/436 1333/2280/436
f 1171/2066/437 1174/2069/437 1335/2279/437 1336/2278/437
f 1174/2069/438 1177/2072/438 1302/2244/438 1335/2279/438
f 1168/2063/439 1171/2066/439 1336/2278/439 1337/2282/439
f 1337/2282/440 1336/2278/440 1334/2281/440 1339/2283/440
f 1165/2060/441 1168/2063/441 1337/2282/441 1338/2284/441
f 1338/2284/442 1337/2282/442 1339/2283/442 1340/2285/442
f 1340/2286/443 1339/2287/443 1341/2288/443 1342/2289/443
f 1339/2287/444 1334/2276/444 1332/2274/444 1341/2288/444
f 1342/2289/445 1341/2288/445 1343/2290/445 1344/2291/445
f 1341/2288/446 1332/2274/446 1330/2272/446 1343/2290/446
f 1344/2291/447 1343/2290/447 1345/2292/447 1346/2293/447
f 1343/2290/448 1330/2272/448 1328/2270/448 1345/2292/448
f 1346/2293/449 1345/2292/449 1347/2294/449 1348/2295/449
f 1345/2292/450 1328/2270/450 1326/2268/450 1347/2294/450
f 1348/2295/451 1347/2294/451 1349/2296/451 1350/2297/451
f 1347/2294/452 1326/2268/452 1324/2266/452 1349/2296/452
f 1350/2297/453 1349/2296/453 1351/2298/453 1352/2299/453
f 1349/2296/454 1324/2266/454 1322/2264/454 1351/2298/454
f 1352/2299/455 1351/2298/455 1353/2300/455 1354/2301/455
f 1351/2298/456 1322/2264/456 1320/2265/456 1353/2300/456
f 1354/2301/457 1353/2300/457 1167/2061/457 1164/2058/457
f 1353/2300/458 1320/2265/458 1170/2064/458 1167/2061/458
f 1357/2302/459 1352/2299/459 1354/2301/459 1355/2303/459
f 1355/2303/460 1354/2301/460 1164/2058/460 1161/2055/460
f 1128/2000/461 1357/2302/461 1355/2303/461 1356/2001/461
f 1356/2001/462 1355/2303/462 1161/2055/462 1159/2054/462
f 1130/2004/463 1358/2304/463 1357/2302/463 1128/2000/463
f 1358/2304/464 1350/2297/464 1352/2299/464 1357/2302/464
f 1132/2006/465 1359/2305/465 1358/2304/465 1130/2004/465
f 1359/2305/466 1348/2295/466 1350/2297/466 1358/2304/466
f 1361/2010/467 1360/2306/467 1359/2305/467 1132/2006/467
f 1360/2306/468 1346/2293/468 1348/2295/468 1359/2305/468
f 1143/2026/469 1362/2307/469 1360/2306/469 1361/2010/469
f 1362/2307/470 1344/2291/470 1346/2293/470 1360/2306/470
f 1145/2028/471 1363/2308/471 1362/2307/471 1143/2026/471
f 1363/2308/472 1342/2289/472 1344/2291/472 1362/2307/472
f 1147/2030/473 1364/2309/473 1363/2308/473 1145/2028/473
f 1364/2309/474 1340/2286/474 1342/2289/474 1363/2308/474
f 1366/2034/475 1365/2310/475 1364/2311/475 1147/2035/475
f 1365/2310/476 1338/2284/476 1340/2285/476 1364/2311/476
f 1156/2050/477 1162/2057/477 1365/2310/477 1366/2034/477
f 1162/2057/478 1165/2060/478 1338/2284/478 1365/2310/478
f 1127/2002/479 1356/2001/479 1159/2054/479 1118/2053/479
f 1367/2312/69 1368/2313/69 1372/2314/69 1371/2315/69
f 1368/2316/68 1367/2317/68 1370/2318/68 1409/2319/68
f 1369/2320/70 1367/2312/70 1371/2315/70 1373/2321/70
f 1367/2317/68 1369/2322/68 1379/2323/68 1370/2318/68
f 1372/2324/68 1405/2325/68 1404/2326/68 1403/2327/68 1391/2328/68 1390/2329/68 1389/2330/68 1388/2331/68 1375/2332/68 1374/2333/68 1373/2334/68 1371/2335/68
f 1376/2336/71 1369/2320/71 1373/2321/71 1374/2337/71
f 1377/2338/72 1376/2336/72 1374/2337/72 1375/2339/72
f 1369/2322/68 1376/2340/68 1378/2341/68 1379/2323/68
f 1376/2340/68 1377/2342/68 1381/2343/68 1378/2341/68
f 1378/2344/480 1380/2345/480 1608/2346/480 1379/2347/480
f 1381/2348/481 1382/2349/481 1380/2345/481 1378/2344/481
f 1383/2350/482 1384/2351/482 1382/2349/482 1381/2348/482
f 1377/2342/68 1386/2352/68 1383/2353/68 1381/2343/68
f 1385/2354/483 1613/2355/483 1384/2351/483 1383/2350/483
f 1386/2352/68 1387/2356/68 1385/2357/68 1383/2353/68
f 1386/2358/77 1377/2338/77 1375/2339/77 1388/2359/77
f 1387/2360/484 1386/2358/484 1388/2359/484 1389/2361/484
f 1392/2362/79 1387/2360/79 1389/2361/79 1390/2363/79
f 1393/2364/80 1392/2362/80 1390/2363/80 1391/2365/80
f 1387/2356/68 1392/2366/68 1394/2367/68 1385/2357/68
f 1392/2366/68 1393/2368/68 1396/2369/68 1394/2367/68
f 1394/2370/485 1395/2371/485 1613/2355/485 1385/2354/485
f 1396/2372/486 1397/2373/486 1395/2371/486 1394/2370/486
f 1398/2374/487 1399/2375/487 1397/2373/487 1396/2372/487
f 1393/2368/68 1401/2376/68 1398/2377/68 1396/2369/68
f 1400/2378/488 1618/2379/488 1399/2380/488 1398/2381/488
f 1401/2376/68 1402/2382/68 1400/2383/68 1398/2377/68
f 1401/2384/84 1393/2364/84 1391/2365/84 1403/2385/84
f 1402/2386/85 1401/2387/85 1403/2388/85 1404/2389/85
f 1406/2390/86 1402/2386/86 1404/2389/86 1405/2391/86
f 1368/2313/87 1406/2390/87 1405/2391/87 1372/2314/87
f 1402/2382/68 1406/2392/68 1407/2393/68 1400/2383/68
f 1406/2392/68 1368/2316/68 1409/2319/68 1407/2393/68
f 1407/2394/489 1408/2395/489 1618/2379/489 1400/2378/489
f 1409/2396/490 1410/2397/490 1408/2395/490 1407/2394/490
f 1370/2398/491 1411/2399/491 1410/2397/491 1409/2396/491
f 1411/2399/492 1413/2400/492 1412/2401/492 1410/2397/492
f 1410/2397/493 1412/2401/493 1414/2402/493 1408/2395/493
f 1413/2400/494 1416/2403/494 1415/2404/494 1412/2401/494
f 1412/2401/495 1415/2404/495 1417/2405/495 1414/2402/495
f 1416/2403/496 1419/2406/496 1418/2407/496 1415/2404/496
f 1415/2404/497 1418/2407/497 1420/2408/497 1417/2405/497
f 1419/2406/498 1422/2409/498 1421/2410/498 1418/2407/498
f 1418/2407/499 1421/2410/499 1423/2411/499 1420/2408/499
f 1422/2409/500 1425/2412/500 1424/2413/500 1421/2410/500
f 1421/2410/501 1424/2413/501 1426/2414/501 1423/2411/501
f 1425/2412/502 1428/2415/502 1427/2416/502 1424/2413/502
f 1424/2413/503 1427/2416/503 1429/2417/503 1426/2414/503
f 1428/2415/504 1431/2418/504 1430/2419/504 1427/2416/504
f 1427/2416/505 1430/2419/505 1432/2420/505 1429/2417/505
f 1431/2418/506 1434/2421/506 1433/2422/506 1430/2419/506
f 1430/2419/507 1433/2422/507 1435/2423/507 1432/2420/507
f 1434/2421/508 1437/2424/508 1436/2425/508 1433/2422/508
f 1433/2422/509 1436/2425/509 1438/2426/509 1435/2423/509
f 1437/2424/510 1440/2427/510 1439/2428/510 1436/2425/510
f 1436/2425/511 1439/2428/511 1441/2429/511 1438/2426/511
f 1440/2427/512 1443/2430/512 1442/2431/512 1439/2428/512
f 1439/2428/513 1442/2431/513 1444/2432/513 1441/2429/513
f 1443/2430/514 1446/2433/514 1445/2434/514 1442/2431/514
f 1442/2431/515 1445/2434/515 1447/2435/515 1444/2432/515
f 1446/2433/516 1449/2436/516 1448/2437/516 1445/2434/516
f 1445/2434/517 1448/2437/517 1450/2438/517 1447/2435/517
f 1449/2436/518 1452/2439/518 1451/2440/518 1448/2437/518
f 1448/2437/519 1451/2440/519 1453/2441/519 1450/2438/519
f 1452/2439/520 1455/2442/520 1454/2443/520 1451/2440/520
f 1451/2440/521 1454/2443/521 1456/2444/521 1453/2441/521
f 1458/2445/121 1457/2446/121 1454/2447/121 1455/2448/121
f 1457/2446/121 1459/2449/121 1456/2450/121 1454/2447/121
f 1457/2451/522 1458/2452/522 1461/2453/522 1460/2454/522
f 1459/2455/124 1457/2451/124 1460/2454/124 1462/2456/124
f 1460/2457/121 1461/2458/121 1493/2459/121 1492/2460/121 1491/2461/121 1479/2462/121 1478/2463/121 1477/2464/121 1476/2465/121 1464/2466/121 1463/2467/121 1462/2468/121
f 1465/2469/125 1459/2455/125 1462/2456/125 1463/2470/125
f 1466/2471/126 1465/2469/126 1463/2470/126 1464/2472/126
f 1465/2473/121 1466/2474/121 1469/2475/121 1467/2476/121
f 1459/2449/122 1465/2473/122 1467/2476/122 1456/2450/122
f 1453/2441/523 1456/2444/523 1467/2477/523 1468/2478/523
f 1468/2478/524 1467/2477/524 1469/2479/524 1470/2480/524
f 1470/2481/525 1469/2482/525 1471/2483/525 1472/2484/525
f 1466/2474/121 1474/2485/121 1471/2486/121 1469/2475/121
f 1472/2484/526 1471/2483/526 1473/2487/526 1510/2488/526
f 1474/2485/122 1475/2489/122 1473/2490/122 1471/2486/122
f 1475/2491/131 1474/2492/131 1476/2493/131 1477/2494/131
f 1474/2492/132 1466/2495/132 1464/2496/132 1476/2493/132
f 1480/2497/133 1475/2491/133 1477/2494/133 1478/2498/133
f 1481/2499/134 1480/2497/134 1478/2498/134 1479/2500/134
f 1480/2501/121 1481/2502/121 1484/2503/121 1482/2504/121
f 1475/2489/121 1480/2501/121 1482/2504/121 1473/2490/121
f 1510/2488/527 1473/2487/527 1482/2505/527 1483/2506/527
f 1483/2506/528 1482/2505/528 1484/2507/528 1485/2508/528
f 1485/2508/125 1484/2507/125 1486/2509/125 1487/2510/125
f 1481/2502/122 1489/2511/122 1486/2512/122 1484/2503/122
f 1487/2510/529 1486/2509/529 1488/2513/529 1498/2514/529
f 1489/2511/121 1490/2515/121 1488/2516/121 1486/2512/121
f 1490/2517/139 1489/2518/139 1491/2519/139 1492/2520/139
f 1489/2518/140 1481/2499/140 1479/2500/140 1491/2519/140
f 1494/2521/141 1490/2517/141 1492/2520/141 1493/2522/141
f 1458/2452/130 1494/2521/130 1493/2522/130 1461/2453/130
f 1494/2523/122 1458/2445/122 1455/2448/122 1495/2524/122
f 1490/2515/121 1494/2523/121 1495/2524/121 1488/2516/121
f 1498/2514/530 1488/2513/530 1495/2525/530 1496/2526/530
f 1496/2526/531 1495/2525/531 1455/2442/531 1452/2439/531
f 1499/2527/532 1498/2514/532 1496/2526/532 1497/2528/532
f 1497/2528/533 1496/2526/533 1452/2439/533 1449/2436/533
f 1501/2529/534 1487/2510/534 1498/2514/534 1499/2527/534
f 1502/2530/535 1501/2529/535 1499/2527/535 1500/2531/535
f 1500/2531/536 1499/2527/536 1497/2528/536 1534/2532/536
f 1504/2533/537 1503/2534/537 1501/2529/537 1502/2530/537
f 1503/2534/538 1485/2508/538 1487/2510/538 1501/2529/538
f 1506/2535/539 1505/2536/539 1503/2534/539 1504/2533/539
f 1505/2536/540 1483/2506/540 1485/2508/540 1503/2534/540
f 1508/2537/541 1507/2538/541 1505/2536/541 1506/2535/541
f 1507/2538/542 1510/2488/542 1483/2506/542 1505/2536/542
f 1511/2539/543 1509/2540/543 1507/2538/543 1508/2537/543
f 1509/2540/544 1472/2484/544 1510/2488/544 1507/2538/544
f 1513/2541/545 1512/2542/545 1509/2540/545 1511/2539/545
f 1512/2542/546 1470/2481/546 1472/2484/546 1509/2540/546
f 1515/2543/547 1514/2544/547 1512/2545/547 1513/2546/547
f 1514/2544/548 1468/2478/548 1470/2480/548 1512/2545/548
f 1447/2435/549 1450/2438/549 1514/2544/549 1515/2543/549
f 1450/2438/550 1453/2441/550 1468/2478/550 1514/2544/550
f 1444/2432/551 1447/2435/551 1515/2543/551 1516/2547/551
f 1516/2547/552 1515/2543/552 1513/2546/552 1518/2548/552
f 1441/2429/553 1444/2432/553 1516/2547/553 1517/2549/553
f 1517/2549/554 1516/2547/554 1518/2548/554 1519/2550/554
f 1519/2551/555 1518/2552/555 1520/2553/555 1521/2554/555
f 1518/2552/556 1513/2541/556 1511/2539/556 1520/2553/556
f 1521/2554/557 1520/2553/557 1522/2555/557 1523/2556/557
f 1520/2553/558 1511/2539/558 1508/2537/558 1522/2555/558
f 1523/2556/559 1522/2555/559 1524/2557/559 1525/2558/559
f 1522/2555/560 1508/2537/560 1506/2535/560 1524/2557/560
f 1525/2558/561 1524/2557/561 1526/2559/561 1527/2560/561
f 1524/2557/562 1506/2535/562 1504/2533/562 1526/2559/562
f 1527/2560/563 1526/2559/563 1528/2561/563 1529/2562/563
f 1526/2559/564 1504/2533/564 1502/2530/564 1528/2561/564
f 1529/2562/565 1528/2561/565 1530/2563/565 1531/2564/565
f 1528/2561/566 1502/2530/566 1500/2531/566 1530/2563/566
f 1531/2564/567 1530/2563/567 1532/2565/567 1533/2566/567
f 1530/2563/568 1500/2531/568 1534/2532/568 1532/2565/568
f 1533/2566/569 1532/2565/569 1443/2430/569 1440/2427/569
f 1532/2565/570 1534/2532/570 1446/2433/570 1443/2430/570
f 1534/2532/571 1497/2528/571 1449/2436/571 1446/2433/571
f 1537/2567/572 1531/2564/572 1533/2566/572 1535/2568/572
f 1535/2568/573 1533/2566/573 1440/2427/573 1437/2424/573
f 1538/2569/574 1537/2567/574 1535/2568/574 1536/2570/574
f 1536/2570/575 1535/2568/575 1437/2424/575 1434/2421/575
f 1540/2571/576 1539/2572/576 1537/2567/576 1538/2569/576
f 1539/2572/577 1529/2562/577 1531/2564/577 1537/2567/577
f 1542/2573/578 1541/2574/578 1539/2572/578 1540/2571/578
f 1541/2574/579 1527/2560/579 1529/2562/579 1539/2572/579
f 1544/2575/580 1543/2576/580 1541/2574/580 1542/2573/580
f 1543/2576/581 1525/2558/581 1527/2560/581 1541/2574/581
f 1546/2577/582 1545/2578/582 1543/2576/582 1544/2575/582
f 1545/2578/583 1523/2556/583 1525/2558/583 1543/2576/583
f 1548/2579/584 1547/2580/584 1545/2578/584 1546/2577/584
f 1547/2580/585 1521/2554/585 1523/2556/585 1545/2578/585
f 1550/2581/586 1549/2582/586 1547/2580/586 1548/2579/586
f 1549/2582/587 1519/2551/587 1521/2554/587 1547/2580/587
f 1552/2583/588 1551/2584/588 1549/2585/588 1550/2586/588
f 1551/2584/589 1517/2549/589 1519/2550/589 1549/2585/589
f 1435/2423/590 1438/2426/590 1551/2584/590 1552/2583/590
f 1438/2426/591 1441/2429/591 1517/2549/591 1551/2584/591
f 1432/2420/592 1435/2423/592 1552/2583/592 1553/2587/592
f 1553/2587/593 1552/2583/593 1550/2586/593 1555/2588/593
f 1429/2417/594 1432/2420/594 1553/2587/594 1554/2589/594
f 1554/2589/595 1553/2587/595 1555/2588/595 1556/2590/595
f 1556/2591/596 1555/2592/596 1557/2593/596 1558/2594/596
f 1555/2592/597 1550/2581/597 1548/2579/597 1557/2593/597
f 1558/2594/598 1557/2593/598 1559/2595/598 1560/2596/598
f 1557/2593/599 1548/2579/599 1546/2577/599 1559/2595/599
f 1560/2596/600 1559/2595/600 1561/2597/600 1562/2598/600
f 1559/2595/601 1546/2577/601 1544/2575/601 1561/2597/601
f 1562/2598/602 1561/2597/602 1563/2599/602 1564/2600/602
f 1561/2597/603 1544/2575/603 1542/2573/603 1563/2599/603
f 1564/2600/604 1563/2599/604 1565/2601/604 1566/2602/604
f 1563/2599/605 1542/2573/605 1540/2571/605 1565/2601/605
f 1566/2602/606 1565/2601/606 1567/2603/606 1568/2604/606
f 1565/2601/607 1540/2571/607 1538/2569/607 1567/2603/607
f 1568/2604/608 1567/2603/608 1569/2605/608 1570/2606/608
f 1567/2603/609 1538/2569/609 1536/2570/609 1569/2605/609
f 1570/2606/610 1569/2605/610 1431/2418/610 1428/2415/610
f 1569/2605/611 1536/2570/611 1434/2421/611 1431/2418/611
f 1573/2607/612 1568/2604/612 1570/2606/612 1571/2608/612
f 1571/2608/613 1570/2606/613 1428/2415/613 1425/2412/613
f 1574/2609/614 1573/2607/614 1571/2608/614 1572/2610/614
f 1572/2610/615 1571/2608/615 1425/2412/615 1422/2409/615
f 1576/2611/616 1575/2612/616 1573/2607/616 1574/2609/616
f 1575/2612/617 1566/2602/617 1568/2604/617 1573/2607/617
f 1578/2613/618 1577/2614/618 1575/2612/618 1576/2611/618
f 1577/2614/619 1564/2600/619 1566/2602/619 1575/2612/619
f 1580/2615/620 1579/2616/620 1577/2614/620 1578/2613/620
f 1579/2616/621 1562/2598/621 1564/2600/621 1577/2614/621
f 1582/2617/622 1581/2618/622 1579/2616/622 1580/2615/622
f 1581/2618/623 1560/2596/623 1562/2598/623 1579/2616/623
f 1584/2619/624 1583/2620/624 1581/2618/624 1582/2617/624
f 1583/2620/625 1558/2594/625 1560/2596/625 1581/2618/625
f 1586/2621/626 1585/2622/626 1583/2620/626 1584/2619/626
f 1585/2622/627 1556/2591/627 1558/2594/627 1583/2620/627
f 1588/2623/628 1587/2624/628 1585/2625/628 1586/2626/628
f 1587/2624/629 1554/2589/629 1556/2590/629 1585/2625/629
f 1423/2411/630 1426/2414/630 1587/2624/630 1588/2623/630
f 1426/2414/631 1429/2417/631 1554/2589/631 1587/2624/631
f 1420/2408/632 1423/2411/632 1588/2623/632 1589/2627/632
f 1589/2627/633 1588/2623/633 1586/2626/633 1591/2628/633
f 1417/2405/634 1420/2408/634 1589/2627/634 1590/2629/634
f 1590/2629/635 1589/2627/635 1591/2628/635 1592/2630/635
f 1592/2631/636 1591/2632/636 1593/2633/636 1594/2634/636
f 1591/2632/637 1586/2621/637 1584/2619/637 1593/2633/637
f 1594/2634/557 1593/2633/557 1595/2635/557 1596/2636/557
f 1593/2633/558 1584/2619/558 1582/2617/558 1595/2635/558
f 1596/2636/638 1595/2635/638 1597/2637/638 1598/2638/638
f 1595/2635/639 1582/2617/639 1580/2615/639 1597/2637/639
f 1598/2638/640 1597/2637/640 1599/2639/640 1600/2640/640
f 1597/2637/641 1580/2615/641 1578/2613/641 1599/2639/641
f 1600/2640/642 1599/2639/642 1601/2641/642 1602/2642/642
f 1599/2639/643 1578/2613/643 1576/2611/643 1601/2641/643
f 1602/2642/644 1601/2641/644 1603/2643/644 1604/2644/644
f 1601/2641/645 1576/2611/645 1574/2609/645 1603/2643/645
f 1604/2644/646 1603/2643/646 1605/2645/646 1606/2646/646
f 1603/2643/647 1574/2609/647 1572/2610/647 1605/2645/647
f 1606/2646/569 1605/2645/569 1419/2406/569 1416/2403/569
f 1605/2645/570 1572/2610/570 1422/2409/570 1419/2406/570
f 1609/2647/648 1604/2644/648 1606/2646/648 1607/2648/648
f 1607/2648/649 1606/2646/649 1416/2403/649 1413/2400/649
f 1380/2345/650 1609/2647/650 1607/2648/650 1608/2346/650
f 1608/2346/651 1607/2648/651 1413/2400/651 1411/2399/651
f 1382/2349/652 1610/2649/652 1609/2647/652 1380/2345/652
f 1610/2649/653 1602/2642/653 1604/2644/653 1609/2647/653
f 1384/2351/654 1611/2650/654 1610/2649/654 1382/2349/654
f 1611/2650/655 1600/2640/655 1602/2642/655 1610/2649/655
f 1613/2355/656 1612/2651/656 1611/2650/656 1384/2351/656
f 1612/2651/657 1598/2638/657 1600/2640/657 1611/2650/657
f 1395/2371/658 1614/2652/658 1612/2651/658 1613/2355/658
f 1614/2652/659 1596/2636/659 1598/2638/659 1612/2651/659
f 1397/2373/660 1615/2653/660 1614/2652/660 1395/2371/660
f 1615/2653/661 1594/2634/661 1596/2636/661 1614/2652/661
f 1399/2375/662 1616/2654/662 1615/2653/662 1397/2373/662
f 1616/2654/663 1592/2631/663 1594/2634/663 1615/2653/663
f 1618/2379/664 1617/2655/664 1616/2656/664 1399/2380/664
f 1617/2655/665 1590/2629/665 1592/2630/665 1616/2656/665
f 1408/2395/666 1414/2402/666 1617/2655/666 1618/2379/666
f 1414/2402/667 1417/2405/667 1590/2629/667 1617/2655/667
f 1379/2347/668 1608/2346/668 1411/2399/668 1370/2398/668
f 1619/2657/484 1623/2658/484 1624/2659/484 1620/2660/484
f 1620/2661/68 1661/2662/68 1622/2663/68 1619/2664/68
f 1621/2665/77 1625/2666/77 1623/2658/77 1619/2657/77
f 1619/2664/68 1622/2663/68 1631/2667/68 1621/2668/68
f 1624/2669/68 1623/2670/68 1625/2671/68 1626/2672/68 1627/2673/68 1640/2674/68 1641/2675/68 1642/2676/68 1643/2677/68 1655/2678/68 1656/2679/68 1657/2680/68
f 1628/2681/72 1626/2682/72 1625/2666/72 1621/2665/72
f 1629/2683/71 1627/2684/71 1626/2682/71 1628/2681/71
f 1621/2668/68 1631/2667/68 1630/2685/68 1628/2686/68
f 1628/2686/68 1630/2685/68 1633/2687/68 1629/2688/68
f 1630/2689/669 1631/2690/669 1860/2691/669 1632/2692/669
f 1633/2693/73 1630/2689/73 1632/2692/73 1634/2694/73
f 1635/2695/670 1633/2693/670 1634/2694/670 1636/2696/670
f 1629/2688/68 1633/2687/68 1635/2697/68 1638/2698/68
f 1637/2699/671 1635/2695/671 1636/2696/671 1865/2700/671
f 1638/2698/68 1635/2697/68 1637/2701/68 1639/2702/68
f 1638/2703/70 1640/2704/70 1627/2684/70 1629/2683/70
f 1639/2705/69 1641/2706/69 1640/2704/69 1638/2703/69
f 1644/2707/87 1642/2708/87 1641/2706/87 1639/2705/87
f 1645/2709/86 1643/2710/86 1642/2708/86 1644/2707/86
f 1639/2702/68 1637/2701/68 1646/2711/68 1644/2712/68
f 1644/2712/68 1646/2711/68 1648/2713/68 1645/2714/68
f 1646/2715/672 1637/2699/672 1865/2700/672 1647/2716/672
f 1648/2717/673 1646/2715/673 1647/2716/673 1649/2718/673
f 1650/2719/674 1648/2717/674 1649/2718/674 1651/2720/674
f 1645/2714/68 1648/2713/68 1650/2721/68 1653/2722/68
f 1652/2723/675 1650/2724/675 1651/2725/675 1870/2726/675
f 1653/2722/68 1650/2721/68 1652/2727/68 1654/2728/68
f 1653/2729/85 1655/2730/85 1643/2710/85 1645/2709/85
f 1654/2731/84 1656/2732/84 1655/2733/84 1653/2734/84
f 1658/2735/80 1657/2736/80 1656/2732/80 1654/2731/80
f 1620/2660/676 1624/2659/676 1657/2736/676 1658/2735/676
f 1654/2728/68 1652/2727/68 1659/2737/68 1658/2738/68
f 1658/2738/68 1659/2737/68 1661/2662/68 1620/2661/68
f 1659/2739/677 1652/2723/677 1870/2726/677 1660/2740/677
f 1661/2741/678 1659/2739/678 1660/2740/678 1662/2742/678
f 1622/2743/76 1661/2741/76 1662/2742/76 1663/2744/76
f 1663/2744/679 1662/2742/679 1664/2745/679 1665/2746/679
f 1662/2742/680 1660/2740/680 1666/2747/680 1664/2745/680
f 1665/2746/681 1664/2745/681 1667/2748/681 1668/2749/681
f 1664/2745/682 1666/2747/682 1669/2750/682 1667/2748/682
f 1668/2749/683 1667/2748/683 1670/2751/683 1671/2752/683
f 1667/2748/684 1669/2750/684 1672/2753/684 1670/2751/684
f 1671/2752/685 1670/2751/685 1673/2754/685 1674/2755/685
f 1670/2751/686 1672/2753/686 1675/2756/686 1673/2754/686
f 1674/2755/687 1673/2754/687 1676/2757/687 1677/2758/687
f 1673/2754/688 1675/2756/688 1678/2759/688 1676/2757/688
f 1677/2758/689 1676/2757/689 1679/2760/689 1680/2761/689
f 1676/2757/690 1678/2759/690 1681/2762/690 1679/2760/690
f 1680/2761/691 1679/2760/691 1682/2763/691 1683/2764/691
f 1679/2760/692 1681/2762/692 1684/2765/692 1682/2763/692
f 1683/2764/693 1682/2763/693 1685/2766/693 1686/2767/693
f 1682/2763/694 1684/2765/694 1687/2768/694 1685/2766/694
f 1686/2767/695 1685/2766/695 1688/2769/695 1689/2770/695
f 1685/2766/696 1687/2768/696 1690/2771/696 1688/2769/696
f 1689/2770/697 1688/2769/697 1691/2772/697 1692/2773/697
f 1688/2769/698 1690/2771/698 1693/2774/698 1691/2772/698
f 1692/2773/699 1691/2772/699 1694/2775/699 1695/2776/699
f 1691/2772/700 1693/2774/700 1696/2777/700 1694/2775/700
f 1695/2776/701 1694/2775/701 1697/2778/701 1698/2779/701
f 1694/2775/702 1696/2777/702 1699/2780/702 1697/2778/702
f 1698/2779/703 1697/2778/703 1700/2781/703 1701/2782/703
f 1697/2778/704 1699/2780/704 1702/2783/704 1700/2781/704
f 1701/2782/705 1700/2781/705 1703/2784/705 1704/2785/705
f 1700/2781/706 1702/2783/706 1705/2786/706 1703/2784/706
f 1704/2785/136 1703/2784/136 1706/2787/136 1707/2788/136
f 1703/2784/707 1705/2786/707 1708/2789/707 1706/2787/707
f 1710/2790/121 1707/2791/121 1706/2792/121 1709/2793/121
f 1709/2793/121 1706/2792/121 1708/2794/121 1711/2795/121
f 1709/2796/134 1712/2797/134 1713/2798/134 1710/2799/134
f 1711/2800/133 1714/2801/133 1712/2797/133 1709/2796/133
f 1712/2802/121 1714/2803/121 1715/2804/121 1716/2805/121 1728/2806/121 1729/2807/121 1730/2808/121 1731/2809/121 1743/2810/121 1744/2811/121 1745/2812/121 1713/2813/121
f 1717/2814/131 1715/2815/131 1714/2801/131 1711/2800/131
f 1718/2816/132 1716/2817/132 1715/2815/132 1717/2814/132
f 1717/2818/121 1719/2819/121 1721/2820/121 1718/2821/121
f 1711/2795/122 1708/2794/122 1719/2819/122 1717/2818/122
f 1705/2786/708 1720/2822/708 1719/2823/708 1708/2789/708
f 1720/2822/709 1722/2824/709 1721/2825/709 1719/2823/709
f 1722/2826/710 1724/2827/710 1723/2828/710 1721/2829/710
f 1718/2821/121 1721/2820/121 1723/2830/121 1726/2831/121
f 1724/2827/711 1762/2832/711 1725/2833/711 1723/2828/711
f 1726/2831/122 1723/2830/122 1725/2834/122 1727/2835/122
f 1727/2836/125 1729/2837/125 1728/2838/125 1726/2839/125
f 1726/2839/126 1728/2838/126 1716/2840/126 1718/2841/126
f 1732/2842/124 1730/2843/124 1729/2837/124 1727/2836/124
f 1733/2844/522 1731/2845/522 1730/2843/522 1732/2842/522
f 1732/2846/121 1734/2847/121 1736/2848/121 1733/2849/121
f 1727/2835/121 1725/2834/121 1734/2847/121 1732/2846/121
f 1762/2832/712 1735/2850/712 1734/2851/712 1725/2833/712
f 1735/2850/713 1737/2852/713 1736/2853/713 1734/2851/713
f 1737/2852/131 1739/2854/131 1738/2855/131 1736/2853/131
f 1733/2849/122 1736/2848/122 1738/2856/122 1741/2857/122
f 1739/2854/142 1750/2858/142 1740/2859/142 1738/2855/142
f 1741/2857/121 1738/2856/121 1740/2860/121 1742/2861/121
f 1742/2862/141 1744/2863/141 1743/2864/141 1741/2865/141
f 1741/2865/130 1743/2864/130 1731/2845/130 1733/2844/130
f 1746/2866/139 1745/2867/139 1744/2863/139 1742/2862/139
f 1710/2799/140 1713/2798/140 1745/2867/140 1746/2866/140
f 1746/2868/122 1747/2869/122 1707/2791/122 1710/2790/122
f 1742/2861/121 1740/2860/121 1747/2869/121 1746/2868/121
f 1750/2858/714 1748/2870/714 1747/2871/714 1740/2859/714
f 1748/2870/137 1704/2785/137 1707/2788/137 1747/2871/137
f 1751/2872/715 1749/2873/715 1748/2870/715 1750/2858/715
f 1749/2873/716 1701/2782/716 1704/2785/716 1748/2870/716
f 1753/2874/717 1751/2872/717 1750/2858/717 1739/2854/717
f 1754/2875/718 1752/2876/718 1751/2872/718 1753/2874/718
f 1752/2876/719 1786/2877/719 1749/2873/719 1751/2872/719
f 1756/2878/720 1754/2875/720 1753/2874/720 1755/2879/720
f 1755/2879/721 1753/2874/721 1739/2854/721 1737/2852/721
f 1758/2880/722 1756/2878/722 1755/2879/722 1757/2881/722
f 1757/2881/723 1755/2879/723 1737/2852/723 1735/2850/723
f 1760/2882/724 1758/2880/724 1757/2881/724 1759/2883/724
f 1759/2883/725 1757/2881/725 1735/2850/725 1762/2832/725
f 1763/2884/726 1760/2882/726 1759/2883/726 1761/2885/726
f 1761/2885/727 1759/2883/727 1762/2832/727 1724/2827/727
f 1765/2886/728 1763/2884/728 1761/2885/728 1764/2887/728
f 1764/2887/729 1761/2885/729 1724/2827/729 1722/2826/729
f 1767/2888/730 1765/2889/730 1764/2890/730 1766/2891/730
f 1766/2891/731 1764/2890/731 1722/2824/731 1720/2822/731
f 1699/2780/732 1767/2888/732 1766/2891/732 1702/2783/732
f 1702/2783/733 1766/2891/733 1720/2822/733 1705/2786/733
f 1696/2777/734 1768/2892/734 1767/2888/734 1699/2780/734
f 1768/2892/735 1770/2893/735 1765/2889/735 1767/2888/735
f 1693/2774/736 1769/2894/736 1768/2892/736 1696/2777/736
f 1769/2894/737 1771/2895/737 1770/2893/737 1768/2892/737
f 1771/2896/738 1773/2897/738 1772/2898/738 1770/2899/738
f 1770/2899/739 1772/2898/739 1763/2884/739 1765/2886/739
f 1773/2897/740 1775/2900/740 1774/2901/740 1772/2898/740
f 1772/2898/741 1774/2901/741 1760/2882/741 1763/2884/741
f 1775/2900/742 1777/2902/742 1776/2903/742 1774/2901/742
f 1774/2901/743 1776/2903/743 1758/2880/743 1760/2882/743
f 1777/2902/744 1779/2904/744 1778/2905/744 1776/2903/744
f 1776/2903/745 1778/2905/745 1756/2878/745 1758/2880/745
f 1779/2904/746 1781/2906/746 1780/2907/746 1778/2905/746
f 1778/2905/747 1780/2907/747 1754/2875/747 1756/2878/747
f 1781/2906/748 1783/2908/748 1782/2909/748 1780/2907/748
f 1780/2907/749 1782/2909/749 1752/2876/749 1754/2875/749
f 1783/2908/750 1785/2910/750 1784/2911/750 1782/2909/750
f 1782/2909/751 1784/2911/751 1786/2877/751 1752/2876/751
f 1785/2910/752 1692/2773/752 1695/2776/752 1784/2911/752
f 1784/2911/753 1695/2776/753 1698/2779/753 1786/2877/753
f 1786/2877/754 1698/2779/754 1701/2782/754 1749/2873/754
f 1789/2912/755 1787/2913/755 1785/2910/755 1783/2908/755
f 1787/2913/756 1689/2770/756 1692/2773/756 1785/2910/756
f 1790/2914/757 1788/2915/757 1787/2913/757 1789/2912/757
f 1788/2915/758 1686/2767/758 1689/2770/758 1787/2913/758
f 1792/2916/759 1790/2914/759 1789/2912/759 1791/2917/759
f 1791/2917/760 1789/2912/760 1783/2908/760 1781/2906/760
f 1794/2918/761 1792/2916/761 1791/2917/761 1793/2919/761
f 1793/2919/762 1791/2917/762 1781/2906/762 1779/2904/762
f 1796/2920/763 1794/2918/763 1793/2919/763 1795/2921/763
f 1795/2921/764 1793/2919/764 1779/2904/764 1777/2902/764
f 1798/2922/765 1796/2920/765 1795/2921/765 1797/2923/765
f 1797/2923/766 1795/2921/766 1777/2902/766 1775/2900/766
f 1800/2924/767 1798/2922/767 1797/2923/767 1799/2925/767
f 1799/2925/768 1797/2923/768 1775/2900/768 1773/2897/768
f 1802/2926/769 1800/2924/769 1799/2925/769 1801/2927/769
f 1801/2927/770 1799/2925/770 1773/2897/770 1771/2896/770
f 1804/2928/771 1802/2929/771 1801/2930/771 1803/2931/771
f 1803/2931/772 1801/2930/772 1771/2895/772 1769/2894/772
f 1687/2768/773 1804/2928/773 1803/2931/773 1690/2771/773
f 1690/2771/774 1803/2931/774 1769/2894/774 1693/2774/774
f 1684/2765/775 1805/2932/775 1804/2928/775 1687/2768/775
f 1805/2932/776 1807/2933/776 1802/2929/776 1804/2928/776
f 1681/2762/777 1806/2934/777 1805/2932/777 1684/2765/777
f 1806/2934/778 1808/2935/778 1807/2933/778 1805/2932/778
f 1808/2936/779 1810/2937/779 1809/2938/779 1807/2939/779
f 1807/2939/780 1809/2938/780 1800/2924/780 1802/2926/780
f 1810/2937/781 1812/2940/781 1811/2941/781 1809/2938/781
f 1809/2938/782 1811/2941/782 1798/2922/782 1800/2924/782
f 1812/2940/783 1814/2942/783 1813/2943/783 1811/2941/783
f 1811/2941/784 1813/2943/784 1796/2920/784 1798/2922/784
f 1814/2942/785 1816/2944/785 1815/2945/785 1813/2943/785
f 1813/2943/786 1815/2945/786 1794/2918/786 1796/2920/786
f 1816/2944/787 1818/2946/787 1817/2947/787 1815/2945/787
f 1815/2945/788 1817/2947/788 1792/2916/788 1794/2918/788
f 1818/2946/789 1820/2948/789 1819/2949/789 1817/2947/789
f 1817/2947/790 1819/2949/790 1790/2914/790 1792/2916/790
f 1820/2948/791 1822/2950/791 1821/2951/791 1819/2949/791
f 1819/2949/792 1821/2951/792 1788/2915/792 1790/2914/792
f 1822/2950/793 1680/2761/793 1683/2764/793 1821/2951/793
f 1821/2951/794 1683/2764/794 1686/2767/794 1788/2915/794
f 1825/2952/795 1823/2953/795 1822/2950/795 1820/2948/795
f 1823/2953/796 1677/2758/796 1680/2761/796 1822/2950/796
f 1826/2954/797 1824/2955/797 1823/2953/797 1825/2952/797
f 1824/2955/798 1674/2755/798 1677/2758/798 1823/2953/798
f 1828/2956/799 1826/2954/799 1825/2952/799 1827/2957/799
f 1827/2957/800 1825/2952/800 1820/2948/800 1818/2946/800
f 1830/2958/801 1828/2956/801 1827/2957/801 1829/2959/801
f 1829/2959/802 1827/2957/802 1818/2946/802 1816/2944/802
f 1832/2960/803 1830/2958/803 1829/2959/803 1831/2961/803
f 1831/2961/804 1829/2959/804 1816/2944/804 1814/2942/804
f 1834/2962/805 1832/2960/805 1831/2961/805 1833/2963/805
f 1833/2963/806 1831/2961/806 1814/2942/806 1812/2940/806
f 1836/2964/807 1834/2962/807 1833/2963/807 1835/2965/807
f 1835/2965/808 1833/2963/808 1812/2940/808 1810/2937/808
f 1838/2966/809 1836/2964/809 1835/2965/809 1837/2967/809
f 1837/2967/810 1835/2965/810 1810/2937/810 1808/2936/810
f 1840/2968/811 1838/2969/811 1837/2970/811 1839/2971/811
f 1839/2971/812 1837/2970/812 1808/2935/812 1806/2934/812
f 1675/2756/813 1840/2968/813 1839/2971/813 1678/2759/813
f 1678/2759/814 1839/2971/814 1806/2934/814 1681/2762/814
f 1672/2753/815 1841/2972/815 1840/2968/815 1675/2756/815
f 1841/2972/816 1843/2973/816 1838/2969/816 1840/2968/816
f 1669/2750/817 1842/2974/817 1841/2972/817 1672/2753/817
f 1842/2974/818 1844/2975/818 1843/2973/818 1841/2972/818
f 1844/2976/819 1846/2977/819 1845/2978/819 1843/2979/819
f 1843/2979/820 1845/2978/820 1836/2964/820 1838/2966/820
f 1846/2977/740 1848/2980/740 1847/2981/740 1845/2978/740
f 1845/2978/741 1847/2981/741 1834/2962/741 1836/2964/741
f 1848/2980/821 1850/2982/821 1849/2983/821 1847/2981/821
f 1847/2981/822 1849/2983/822 1832/2960/822 1834/2962/822
f 1850/2982/823 1852/2984/823 1851/2985/823 1849/2983/823
f 1849/2983/824 1851/2985/824 1830/2958/824 1832/2960/824
f 1852/2984/825 1854/2986/825 1853/2987/825 1851/2985/825
f 1851/2985/826 1853/2987/826 1828/2956/826 1830/2958/826
f 1854/2986/827 1856/2988/827 1855/2989/827 1853/2987/827
f 1853/2987/828 1855/2989/828 1826/2954/828 1828/2956/828
f 1856/2988/829 1858/2990/829 1857/2991/829 1855/2989/829
f 1855/2989/830 1857/2991/830 1824/2955/830 1826/2954/830
f 1858/2990/752 1668/2749/752 1671/2752/752 1857/2991/752
f 1857/2991/753 1671/2752/753 1674/2755/753 1824/2955/753
f 1861/2992/831 1859/2993/831 1858/2990/831 1856/2988/831
f 1859/2993/832 1665/2746/832 1668/2749/832 1858/2990/832
f 1632/2692/833 1860/2691/833 1859/2993/833 1861/2992/833
f 1860/2691/834 1663/2744/834 1665/2746/834 1859/2993/834
f 1634/2694/835 1632/2692/835 1861/2992/835 1862/2994/835
f 1862/2994/836 1861/2992/836 1856/2988/836 1854/2986/836
f 1636/2696/837 1634/2694/837 1862/2994/837 1863/2995/837
f 1863/2995/838 1862/2994/838 1854/2986/838 1852/2984/838
f 1865/2700/839 1636/2696/839 1863/2995/839 1864/2996/839
f 1864/2996/840 1863/2995/840 1852/2984/840 1850/2982/840
f 1647/2716/841 1865/2700/841 1864/2996/841 1866/2997/841
f 1866/2997/842 1864/2996/842 1850/2982/842 1848/2980/842
f 1649/2718/843 1647/2716/843 1866/2997/843 1867/2998/843
f 1867/2998/844 1866/2997/844 1848/2980/844 1846/2977/844
f 1651/2720/845 1649/2718/845 1867/2998/845 1868/2999/845
f 1868/2999/846 1867/2998/846 1846/2977/846 1844/2976/846
f 1870/2726/847 1651/2725/847 1868/3000/847 1869/3001/847
f 1869/3001/848 1868/3000/848 1844/2975/848 1842/2974/848
f 1660/2740/849 1870/2726/849 1869/3001/849 1666/2747/849
f 1666/2747/850 1869/3001/850 1842/2974/850 1669/2750/850
f 1631/2690/75 1622/2743/75 1663/2744/75 1860/2691/75
f 1872/3002/68 1913/3003/68 1874/3004/68 1871/3005/68
f 1871/3006/484 1875/3007/484 1876/3008/484 1872/3009/484
f 1873/3010/77 1877/3011/77 1875/3007/77 1871/3006/77
f 1871/3005/68 1874/3004/68 1883/3012/68 1873/3013/68
f 1876/3014/68 1875/3015/68 1877/3016/68 1878/3017/68 1879/3018/68 1892/3019/68 1893/3020/68 1894/3021/68 1895/3022/68 1907/3023/68 1908/3024/68 1909/3025/68
f 1880/3026/72 1878/3027/72 1877/3011/72 1873/3010/72
f 1881/3028/71 1879/3029/71 1878/3027/71 1880/3026/71
f 1873/3013/68 1883/3012/68 1882/3030/68 1880/3031/68
f 1880/3031/68 1882/3030/68 1885/3032/68 1881/3033/68
f 1882/3034/481 1883/3035/481 2112/3036/481 1884/3037/481
f 1885/3038/851 1882/3034/851 1884/3037/851 1886/3039/851
f 1887/3040/668 1885/3038/668 1886/3039/668 1888/3041/668
f 1881/3033/68 1885/3032/68 1887/3042/68 1890/3043/68
f 1889/3044/491 1887/3040/491 1888/3041/491 2117/3045/491
f 1890/3043/68 1887/3042/68 1889/3046/68 1891/3047/68
f 1890/3048/70 1892/3049/70 1879/3029/70 1881/3028/70
f 1891/3050/852 1893/3051/852 1892/3049/852 1890/3048/852
f 1896/3052/853 1894/3053/853 1893/3051/853 1891/3050/853
f 1897/3054/86 1895/3055/86 1894/3053/86 1896/3052/86
f 1891/3047/68 1889/3046/68 1898/3056/68 1896/3057/68
f 1896/3057/68 1898/3056/68 1900/3058/68 1897/3059/68
f 1898/3060/854 1889/3044/854 2117/3045/854 1899/3061/854
f 1900/3062/77 1898/3060/77 1899/3061/77 1901/3063/77
f 1902/3064/855 1900/3062/855 1901/3063/855 1903/3065/855
f 1897/3059/68 1900/3058/68 1902/3066/68 1905/3067/68
f 1904/3068/856 1902/3069/856 1903/3070/856 2122/3071/856
f 1905/3067/68 1902/3066/68 1904/3072/68 1906/3073/68
f 1905/3074/85 1907/3075/85 1895/3055/85 1897/3054/85
f 1906/3076/84 1908/3077/84 1907/3078/84 1905/3079/84
f 1910/3080/80 1909/3081/80 1908/3077/80 1906/3076/80
f 1872/3009/676 1876/3008/676 1909/3081/676 1910/3080/676
f 1906/3073/68 1904/3072/68 1911/3082/68 1910/3083/68
f 1910/3083/68 1911/3082/68 1913/3003/68 1872/3002/68
f 1911/3084/857 1904/3068/857 2122/3071/857 1912/3085/857
f 1913/3086/858 1911/3084/858 1912/3085/858 1914/3087/858
f 1874/3088/859 1913/3086/859 1914/3087/859 1915/3089/859
f 1915/3089/860 1914/3087/860 1916/3090/860 1917/3091/860
f 1914/3087/861 1912/3085/861 1918/3092/861 1916/3090/861
f 1917/3091/862 1916/3090/862 1919/3093/862 1920/3094/862
f 1916/3090/863 1918/3092/863 1921/3095/863 1919/3093/863
f 1920/3094/864 1919/3093/864 1922/3096/864 1923/3097/864
f 1919/3093/865 1921/3095/865 1924/3098/865 1922/3096/865
f 1923/3097/866 1922/3096/866 1925/3099/866 1926/3100/866
f 1922/3096/867 1924/3098/867 1927/3101/867 1925/3099/867
f 1926/3100/868 1925/3099/868 1928/3102/868 1929/3103/868
f 1925/3099/869 1927/3101/869 1930/3104/869 1928/3102/869
f 1929/3103/870 1928/3102/870 1931/3105/870 1932/3106/870
f 1928/3102/871 1930/3104/871 1933/3107/871 1931/3105/871
f 1932/3106/872 1931/3105/872 1934/3108/872 1935/3109/872
f 1931/3105/873 1933/3107/873 1936/3110/873 1934/3108/873
f 1935/3109/874 1934/3108/874 1937/3111/874 1938/3112/874
f 1934/3108/875 1936/3110/875 1939/3113/875 1937/3111/875
f 1938/3112/876 1937/3111/876 1940/3114/876 1941/3115/876
f 1937/3111/877 1939/3113/877 1942/3116/877 1940/3114/877
f 1941/3115/878 1940/3114/878 1943/3117/878 1944/3118/878
f 1940/3114/879 1942/3116/879 1945/3119/879 1943/3117/879
f 1944/3118/880 1943/3117/880 1946/3120/880 1947/3121/880
f 1943/3117/881 1945/3119/881 1948/3122/881 1946/3120/881
f 1947/3121/882 1946/3120/882 1949/3123/882 1950/3124/882
f 1946/3120/883 1948/3122/883 1951/3125/883 1949/3123/883
f 1950/3124/884 1949/3123/884 1952/3126/884 1953/3127/884
f 1949/3123/885 1951/3125/885 1954/3128/885 1952/3126/885
f 1953/3127/886 1952/3126/886 1955/3129/886 1956/3130/886
f 1952/3126/887 1954/3128/887 1957/3131/887 1955/3129/887
f 1956/3130/888 1955/3129/888 1958/3132/888 1959/3133/888
f 1955/3129/889 1957/3131/889 1960/3134/889 1958/3132/889
f 1962/3135/121 1959/3136/121 1958/3137/121 1961/3138/121
f 1961/3138/121 1958/3137/121 1960/3139/121 1963/3140/121
f 1961/3141/134 1964/3142/134 1965/3143/134 1962/3144/134
f 1963/3145/133 1966/3146/133 1964/3142/133 1961/3141/133
f 1964/3147/121 1966/3148/121 1967/3149/121 1968/3150/121 1980/3151/121 1981/3152/121 1982/3153/121 1983/3154/121 1995/3155/121 1996/3156/121 1997/3157/121 1965/3158/121
f 1969/3159/131 1967/3160/131 1966/3146/131 1963/3145/131
f 1970/3161/132 1968/3162/132 1967/3160/132 1969/3159/132
f 1969/3163/121 1971/3164/121 1973/3165/121 1970/3166/121
f 1963/3140/122 1960/3139/122 1971/3164/122 1969/3163/122
f 1957/3131/890 1972/3167/890 1971/3168/890 1960/3134/890
f 1972/3167/891 1974/3169/891 1973/3170/891 1971/3168/891
f 1974/3171/892 1976/3172/892 1975/3173/892 1973/3174/892
f 1970/3166/121 1973/3165/121 1975/3175/121 1978/3176/121
f 1976/3172/140 2014/3177/140 1977/3178/140 1975/3173/140
f 1978/3176/122 1975/3175/122 1977/3179/122 1979/3180/122
f 1979/3181/125 1981/3182/125 1980/3183/125 1978/3184/125
f 1978/3184/126 1980/3183/126 1968/3185/126 1970/3186/126
f 1984/3187/124 1982/3188/124 1981/3182/124 1979/3181/124
f 1985/3189/522 1983/3190/522 1982/3188/522 1984/3187/522
f 1984/3191/121 1986/3192/121 1988/3193/121 1985/3194/121
f 1979/3180/121 1977/3179/121 1986/3192/121 1984/3191/121
f 2014/3177/893 1987/3195/893 1986/3196/893 1977/3178/893
f 1987/3195/520 1989/3197/520 1988/3198/520 1986/3196/520
f 1989/3197/531 1991/3199/531 1990/3200/531 1988/3198/531
f 1985/3194/122 1988/3193/122 1990/3201/122 1993/3202/122
f 1991/3199/894 2002/3203/894 1992/3204/894 1990/3200/894
f 1993/3202/121 1990/3201/121 1992/3205/121 1994/3206/121
f 1994/3207/141 1996/3208/141 1995/3209/141 1993/3210/141
f 1993/3210/130 1995/3209/130 1983/3190/130 1985/3189/130
f 1998/3211/139 1997/3212/139 1996/3208/139 1994/3207/139
f 1962/3144/140 1965/3143/140 1997/3212/140 1998/3211/140
f 1998/3213/122 1999/3214/122 1959/3136/122 1962/3135/122
f 1994/3206/121 1992/3205/121 1999/3214/121 1998/3213/121
f 2002/3203/529 2000/3215/529 1999/3216/529 1992/3204/529
f 2000/3215/895 1956/3130/895 1959/3133/895 1999/3216/895
f 2003/3217/896 2001/3218/896 2000/3215/896 2002/3203/896
f 2001/3218/897 1953/3127/897 1956/3130/897 2000/3215/897
f 2005/3219/898 2003/3217/898 2002/3203/898 1991/3199/898
f 2006/3220/899 2004/3221/899 2003/3217/899 2005/3219/899
f 2004/3221/900 2038/3222/900 2001/3218/900 2003/3217/900
f 2008/3223/901 2006/3220/901 2005/3219/901 2007/3224/901
f 2007/3224/902 2005/3219/902 1991/3199/902 1989/3197/902
f 2010/3225/903 2008/3223/903 2007/3224/903 2009/3226/903
f 2009/3226/904 2007/3224/904 1989/3197/904 1987/3195/904
f 2012/3227/905 2010/3225/905 2009/3226/905 2011/3228/905
f 2011/3228/906 2009/3226/906 1987/3195/906 2014/3177/906
f 2015/3229/907 2012/3227/907 2011/3228/907 2013/3230/907
f 2013/3230/908 2011/3228/908 2014/3177/908 1976/3172/908
f 2017/3231/909 2015/3229/909 2013/3230/909 2016/3232/909
f 2016/3232/910 2013/3230/910 1976/3172/910 1974/3171/910
f 2019/3233/911 2017/3234/911 2016/3235/911 2018/3236/911
f 2018/3236/912 2016/3235/912 1974/3169/912 1972/3167/912
f 1951/3125/913 2019/3233/913 2018/3236/913 1954/3128/913
f 1954/3128/914 2018/3236/914 1972/3167/914 1957/3131/914
f 1948/3122/915 2020/3237/915 2019/3233/915 1951/3125/915
f 2020/3237/916 2022/3238/916 2017/3234/916 2019/3233/916
f 1945/3119/917 2021/3239/917 2020/3237/917 1948/3122/917
f 2021/3239/918 2023/3240/918 2022/3238/918 2020/3237/918
f 2023/3241/919 2025/3242/919 2024/3243/919 2022/3244/919
f 2022/3244/920 2024/3243/920 2015/3229/920 2017/3231/920
f 2025/3242/921 2027/3245/921 2026/3246/921 2024/3243/921
f 2024/3243/922 2026/3246/922 2012/3227/922 2015/3229/922
f 2027/3245/923 2029/3247/923 2028/3248/923 2026/3246/923
f 2026/3246/924 2028/3248/924 2010/3225/924 2012/3227/924
f 2029/3247/925 2031/3249/925 2030/3250/925 2028/3248/925
f 2028/3248/926 2030/3250/926 2008/3223/926 2010/3225/926
f 2031/3249/927 2033/3251/927 2032/3252/927 2030/3250/927
f 2030/3250/928 2032/3252/928 2006/3220/928 2008/3223/928
f 2033/3251/929 2035/3253/929 2034/3254/929 2032/3252/929
f 2032/3252/930 2034/3254/930 2004/3221/930 2006/3220/930
f 2035/3253/931 2037/3255/931 2036/3256/931 2034/3254/931
f 2034/3254/932 2036/3256/932 2038/3222/932 2004/3221/932
f 2037/3255/933 1944/3118/933 1947/3121/933 2036/3256/933
f 2036/3256/934 1947/3121/934 1950/3124/934 2038/3222/934
f 2038/3222/935 1950/3124/935 1953/3127/935 2001/3218/935
f 2041/3257/936 2039/3258/936 2037/3255/936 2035/3253/936
f 2039/3258/937 1941/3115/937 1944/3118/937 2037/3255/937
f 2042/3259/938 2040/3260/938 2039/3258/938 2041/3257/938
f 2040/3260/939 1938/3112/939 1941/3115/939 2039/3258/939
f 2044/3261/940 2042/3259/940 2041/3257/940 2043/3262/940
f 2043/3262/941 2041/3257/941 2035/3253/941 2033/3251/941
f 2046/3263/942 2044/3261/942 2043/3262/942 2045/3264/942
f 2045/3264/943 2043/3262/943 2033/3251/943 2031/3249/943
f 2048/3265/944 2046/3263/944 2045/3264/944 2047/3266/944
f 2047/3266/945 2045/3264/945 2031/3249/945 2029/3247/945
f 2050/3267/946 2048/3265/946 2047/3266/946 2049/3268/946
f 2049/3268/947 2047/3266/947 2029/3247/947 2027/3245/947
f 2052/3269/948 2050/3267/948 2049/3268/948 2051/3270/948
f 2051/3270/949 2049/3268/949 2027/3245/949 2025/3242/949
f 2054/3271/950 2052/3269/950 2051/3270/950 2053/3272/950
f 2053/3272/951 2051/3270/951 2025/3242/951 2023/3241/951
f 2056/3273/952 2054/3274/952 2053/3275/952 2055/3276/952
f 2055/3276/953 2053/3275/953 2023/3240/953 2021/3239/953
f 1939/3113/954 2056/3273/954 2055/3276/954 1942/3116/954
f 1942/3116/955 2055/3276/955 2021/3239/955 1945/3119/955
f 1936/3110/956 2057/3277/956 2056/3273/956 1939/3113/956
f 2057/3277/957 2059/3278/957 2054/3274/957 2056/3273/957
f 1933/3107/958 2058/3279/958 2057/3277/958 1936/3110/958
f 2058/3279/957 2060/3280/957 2059/3278/957 2057/3277/957
f 2060/3281/959 2062/3282/959 2061/3283/959 2059/3284/959
f 2059/3284/959 2061/3283/959 2052/3269/959 2054/3271/959
f 2062/3282/960 2064/3285/960 2063/3286/960 2061/3283/960
f 2061/3283/961 2063/3286/961 2050/3267/961 2052/3269/961
f 2064/3285/962 2066/3287/962 2065/3288/962 2063/3286/962
f 2063/3286/963 2065/3288/963 2048/3265/963 2050/3267/963
f 2066/3287/964 2068/3289/964 2067/3290/964 2065/3288/964
f 2065/3288/965 2067/3290/965 2046/3263/965 2048/3265/965
f 2068/3289/966 2070/3291/966 2069/3292/966 2067/3290/966
f 2067/3290/967 2069/3292/967 2044/3261/967 2046/3263/967
f 2070/3291/968 2072/3293/968 2071/3294/968 2069/3292/968
f 2069/3292/968 2071/3294/968 2042/3259/968 2044/3261/968
f 2072/3293/969 2074/3295/969 2073/3296/969 2071/3294/969
f 2071/3294/969 2073/3296/969 2040/3260/969 2042/3259/969
f 2074/3295/970 1932/3106/970 1935/3109/970 2073/3296/970
f 2073/3296/971 1935/3109/971 1938/3112/971 2040/3260/971
f 2077/3297/972 2075/3298/972 2074/3295/972 2072/3293/972
f 2075/3298/973 1929/3103/973 1932/3106/973 2074/3295/973
f 2078/3299/974 2076/3300/974 2075/3298/974 2077/3297/974
f 2076/3300/975 1926/3100/975 1929/3103/975 2075/3298/975
f 2080/3301/976 2078/3299/976 2077/3297/976 2079/3302/976
f 2079/3302/977 2077/3297/977 2072/3293/977 2070/3291/977
f 2082/3303/978 2080/3301/978 2079/3302/978 2081/3304/978
f 2081/3304/979 2079/3302/979 2070/3291/979 2068/3289/979
f 2084/3305/980 2082/3303/980 2081/3304/980 2083/3306/980
f 2083/3306/981 2081/3304/981 2068/3289/981 2066/3287/981
f 2086/3307/982 2084/3305/982 2083/3306/982 2085/3308/982
f 2085/3308/983 2083/3306/983 2066/3287/983 2064/3285/983
f 2088/3309/984 2086/3307/984 2085/3308/984 2087/3310/984
f 2087/3310/985 2085/3308/985 2064/3285/985 2062/3282/985
f 2090/3311/986 2088/3309/986 2087/3310/986 2089/3312/986
f 2089/3312/987 2087/3310/987 2062/3282/987 2060/3281/987
f 2092/3313/988 2090/3314/988 2089/3315/988 2091/3316/988
f 2091/3316/989 2089/3315/989 2060/3280/989 2058/3279/989
f 1927/3101/990 2092/3313/990 2091/3316/990 1930/3104/990
f 1930/3104/991 2091/3316/991 2058/3279/991 1933/3107/991
f 1924/3098/992 2093/3317/992 2092/3313/992 1927/3101/992
f 2093/3317/993 2095/3318/993 2090/3314/993 2092/3313/993
f 1921/3095/994 2094/3319/994 2093/3317/994 1924/3098/994
f 2094/3319/995 2096/3320/995 2095/3318/995 2093/3317/995
f 2096/3321/996 2098/3322/996 2097/3323/996 2095/3324/996
f 2095/3324/997 2097/3323/997 2088/3309/997 2090/3311/997
f 2098/3322/998 2100/3325/998 2099/3326/998 2097/3323/998
f 2097/3323/999 2099/3326/999 2086/3307/999 2088/3309/999
f 2100/3325/1000 2102/3327/1000 2101/3328/1000 2099/3326/1000
f 2099/3326/1001 2101/3328/1001 2084/3305/1001 2086/3307/1001
f 2102/3327/1002 2104/3329/1002 2103/3330/1002 2101/3328/1002
f 2101/3328/1003 2103/3330/1003 2082/3303/1003 2084/3305/1003
f 2104/3329/1004 2106/3331/1004 2105/3332/1004 2103/3330/1004
f 2103/3330/1005 2105/3332/1005 2080/3301/1005 2082/3303/1005
f 2106/3331/1006 2108/3333/1006 2107/3334/1006 2105/3332/1006
f 2105/3332/1007 2107/3334/1007 2078/3299/1007 2080/3301/1007
f 2108/3333/1008 2110/3335/1008 2109/3336/1008 2107/3334/1008
f 2107/3334/1009 2109/3336/1009 2076/3300/1009 2078/3299/1009
f 2110/3335/1010 1920/3094/1010 1923/3097/1010 2109/3336/1010
f 2109/3336/1011 1923/3097/1011 1926/3100/1011 2076/3300/1011
f 2113/3337/1012 2111/3338/1012 2110/3335/1012 2108/3333/1012
f 2111/3338/1013 1917/3091/1013 1920/3094/1013 2110/3335/1013
f 1884/3037/1014 2112/3036/1014 2111/3338/1014 2113/3337/1014
f 2112/3036/1015 1915/3089/1015 1917/3091/1015 2111/3338/1015
f 1886/3039/1016 1884/3037/1016 2113/3337/1016 2114/3339/1016
f 2114/3339/1017 2113/3337/1017 2108/3333/1017 2106/3331/1017
f 1888/3041/1018 1886/3039/1018 2114/3339/1018 2115/3340/1018
f 2115/3340/1019 2114/3339/1019 2106/3331/1019 2104/3329/1019
f 2117/3045/1020 1888/3041/1020 2115/3340/1020 2116/3341/1020
f 2116/3341/1021 2115/3340/1021 2104/3329/1021 2102/3327/1021
f 1899/3061/1022 2117/3045/1022 2116/3341/1022 2118/3342/1022
f 2118/3342/1023 2116/3341/1023 2102/3327/1023 2100/3325/1023
f 1901/3063/1024 1899/3061/1024 2118/3342/1024 2119/3343/1024
f 2119/3343/1025 2118/3342/1025 2100/3325/1025 2098/3322/1025
f 1903/3065/1026 1901/3063/1026 2119/3343/1026 2120/3344/1026
f 2120/3344/1027 2119/3343/1027 2098/3322/1027 2096/3321/1027
f 2122/3071/1028 1903/3070/1028 2120/3345/1028 2121/3346/1028
f 2121/3346/1029 2120/3345/1029 2096/3320/1029 2094/3319/1029
f 1912/3085/1030 2122/3071/1030 2121/3346/1030 1918/3092/1030
f 1918/3092/1031 2121/3346/1031 2094/3319/1031 1921/3095/1031
f 1883/3035/86 1874/3088/86 1915/3089/86 2112/3036/86
f 2123/3347/290 2127/3348/290 2128/3349/290 2124/3350/290
f 2124/3351/281 2165/3352/281 2126/3353/281 2123/3354/281
f 2125/3355/289 2129/3356/289 2127/3348/289 2123/3347/289
f 2123/3354/281 2126/3353/281 2135/3357/281 2125/3358/281
f 2128/3359/281 2127/3360/281 2129/3361/281 2130/3362/281 2131/3363/281 2144/3364/281 2145/3365/281 2146/3366/281 2147/3367/281 2159/3368/281 2160/3369/281 2161/3370/281
f 2132/3371/284 2130/3372/284 2129/3356/284 2125/3355/284
f 2133/3373/283 2131/3374/283 2130/3372/283 2132/3371/283
f 2125/3358/281 2135/3357/281 2134/3375/281 2132/3376/281
f 2132/3376/281 2134/3375/281 2137/3377/281 2133/3378/281
f 2134/3379/1032 2135/3380/1032 2364/3381/1032 2136/3382/1032
f 2137/3383/1033 2134/3379/1033 2136/3382/1033 2138/3384/1033
f 2139/3385/1034 2137/3383/1034 2138/3384/1034 2140/3386/1034
f 2133/3378/281 2137/3377/281 2139/3387/281 2142/3388/281
f 2141/3389/291 2139/3385/291 2140/3386/291 2369/3390/291
f 2142/3388/281 2139/3387/281 2141/3391/281 2143/3392/281
f 2142/3393/282 2144/3394/282 2131/3374/282 2133/3373/282
f 2143/3395/280 2145/3396/280 2144/3394/280 2142/3393/280
f 2148/3397/288 2146/3398/288 2145/3396/288 2143/3395/288
f 2149/3399/299 2147/3400/299 2146/3398/299 2148/3397/299
f 2143/3392/281 2141/3391/281 2150/3401/281 2148/3402/281
f 2148/3402/281 2150/3401/281 2152/3403/281 2149/3404/281
f 2150/3405/1035 2141/3389/1035 2369/3390/1035 2151/3406/1035
f 2152/3407/1036 2150/3405/1036 2151/3406/1036 2153/3408/1036
f 2154/3409/1037 2152/3407/1037 2153/3408/1037 2155/3410/1037
f 2149/3404/281 2152/3403/281 2154/3411/281 2157/3412/281
f 2156/3413/1038 2154/3414/1038 2155/3415/1038 2374/3416/1038
f 2157/3412/281 2154/3411/281 2156/3417/281 2158/3418/281
f 2157/3419/298 2159/3420/298 2147/3400/298 2149/3399/298
f 2158/3421/297 2160/3422/297 2159/3423/297 2157/3424/297
f 2162/3425/292 2161/3426/292 2160/3422/292 2158/3421/292
f 2124/3350/291 2128/3349/291 2161/3426/291 2162/3425/291
f 2158/3418/281 2156/3417/281 2163/3427/281 2162/3428/281
f 2162/3428/281 2163/3427/281 2165/3352/281 2124/3351/281
f 2163/3429/1039 2156/3413/1039 2374/3416/1039 2164/3430/1039
f 2165/3431/280 2163/3429/280 2164/3430/280 2166/3432/280
f 2126/3433/1040 2165/3431/1040 2166/3432/1040 2167/3434/1040
f 2167/3434/1041 2166/3432/1041 2168/3435/1041 2169/3436/1041
f 2166/3432/1042 2164/3430/1042 2170/3437/1042 2168/3435/1042
f 2169/3436/1043 2168/3435/1043 2171/3438/1043 2172/3439/1043
f 2168/3435/1044 2170/3437/1044 2173/3440/1044 2171/3438/1044
f 2172/3439/1045 2171/3438/1045 2174/3441/1045 2175/3442/1045
f 2171/3438/1046 2173/3440/1046 2176/3443/1046 2174/3441/1046
f 2175/3442/1047 2174/3441/1047 2177/3444/1047 2178/3445/1047
f 2174/3441/1048 2176/3443/1048 2179/3446/1048 2177/3444/1048
f 2178/3445/1049 2177/3444/1049 2180/3447/1049 2181/3448/1049
f 2177/3444/1050 2179/3446/1050 2182/3449/1050 2180/3447/1050
f 2181/3448/1051 2180/3447/1051 2183/3450/1051 2184/3451/1051
f 2180/3447/1052 2182/3449/1052 2185/3452/1052 2183/3450/1052
f 2184/3451/1053 2183/3450/1053 2186/3453/1053 2187/3454/1053
f 2183/3450/1054 2185/3452/1054 2188/3455/1054 2186/3453/1054
f 2187/3454/1055 2186/3453/1055 2189/3456/1055 2190/3457/1055
f 2186/3453/1056 2188/3455/1056 2191/3458/1056 2189/3456/1056
f 2190/3457/1057 2189/3456/1057 2192/3459/1057 2193/3460/1057
f 2189/3456/1058 2191/3458/1058 2194/3461/1058 2192/3459/1058
f 2193/3460/1059 2192/3459/1059 2195/3462/1059 2196/3463/1059
f 2192/3459/1060 2194/3461/1060 2197/3464/1060 2195/3462/1060
f 2196/3463/1061 2195/3462/1061 2198/3465/1061 2199/3466/1061
f 2195/3462/1062 2197/3464/1062 2200/3467/1062 2198/3465/1062
f 2199/3466/1063 2198/3465/1063 2201/3468/1063 2202/3469/1063
f 2198/3465/1064 2200/3467/1064 2203/3470/1064 2201/3468/1064
f 2202/3469/1065 2201/3468/1065 2204/3471/1065 2205/3472/1065
f 2201/3468/1066 2203/3470/1066 2206/3473/1066 2204/3471/1066
f 2205/3472/1067 2204/3471/1067 2207/3474/1067 2208/3475/1067
f 2204/3471/1068 2206/3473/1068 2209/3476/1068 2207/3474/1068
f 2208/3475/1069 2207/3474/1069 2210/3477/1069 2211/3478/1069
f 2207/3474/280 2209/3476/280 2212/3479/280 2210/3477/280
f 2214/3480/331 2211/3481/331 2210/3482/331 2213/3483/331
f 2213/3483/331 2210/3482/331 2212/3484/331 2215/3485/331
f 2213/3486/290 2216/3487/290 2217/3488/290 2214/3489/290
f 2215/3490/291 2218/3491/291 2216/3487/291 2213/3486/291
f 2216/3492/331 2218/3493/331 2219/3494/331 2220/3495/331 2232/3496/331 2233/3497/331 2234/3498/331 2235/3499/331 2247/3500/331 2248/3501/331 2249/3502/331 2217/3503/331
f 2221/3504/292 2219/3505/292 2218/3491/292 2215/3490/292
f 2222/3506/297 2220/3507/297 2219/3505/297 2221/3504/297
f 2221/3508/331 2223/3509/331 2225/3510/331 2222/3511/331
f 2215/3485/331 2212/3484/331 2223/3509/331 2221/3508/331
f 2209/3476/1039 2224/3512/1039 2223/3513/1039 2212/3479/1039
f 2224/3512/1070 2226/3514/1070 2225/3515/1070 2223/3513/1070
f 2226/3516/1071 2228/3517/1071 2227/3518/1071 2225/3519/1071
f 2222/3511/331 2225/3510/331 2227/3520/331 2230/3521/331
f 2228/3517/1072 2266/3522/1072 2229/3523/1072 2227/3518/1072
f 2230/3521/331 2227/3520/331 2229/3524/331 2231/3525/331
f 2231/3526/299 2233/3527/299 2232/3528/299 2230/3529/299
f 2230/3529/298 2232/3528/298 2220/3530/298 2222/3531/298
f 2236/3532/288 2234/3533/288 2233/3527/288 2231/3526/288
f 2237/3534/280 2235/3535/280 2234/3533/280 2236/3532/280
f 2236/3536/331 2238/3537/331 2240/3538/331 2237/3539/331
f 2231/3525/331 2229/3524/331 2238/3537/331 2236/3536/331
f 2266/3522/1073 2239/3540/1073 2238/3541/1073 2229/3523/1073
f 2239/3540/291 2241/3542/291 2240/3543/291 2238/3541/291
f 2241/3542/1034 2243/3544/1034 2242/3545/1034 2240/3543/1034
f 2237/3539/331 2240/3538/331 2242/3546/331 2245/3547/331
f 2243/3544/1074 2254/3548/1074 2244/3549/1074 2242/3545/1074
f 2245/3547/331 2242/3546/331 2244/3550/331 2246/3551/331
f 2246/3552/283 2248/3553/283 2247/3554/283 2245/3555/283
f 2245/3555/282 2247/3554/282 2235/3535/282 2237/3534/282
f 2250/3556/284 2249/3557/284 2248/3553/284 2246/3552/284
f 2214/3489/289 2217/3488/289 2249/3557/289 2250/3556/289
f 2250/3558/331 2251/3559/331 2211/3481/331 2214/3480/331
f 2246/3551/331 2244/3550/331 2251/3559/331 2250/3558/331
f 2254/3548/1075 2252/3560/1075 2251/3561/1075 2244/3549/1075
f 2252/3560/1076 2208/3475/1076 2211/3478/1076 2251/3561/1076
f 2255/3562/1077 2253/3563/1077 2252/3560/1077 2254/3548/1077
f 2253/3563/1078 2205/3472/1078 2208/3475/1078 2252/3560/1078
f 2257/3564/1079 2255/3562/1079 2254/3548/1079 2243/3544/1079
f 2258/3565/1080 2256/3566/1080 2255/3562/1080 2257/3564/1080
f 2256/3566/1081 2290/3567/1081 2253/3563/1081 2255/3562/1081
f 2260/3568/1082 2258/3565/1082 2257/3564/1082 2259/3569/1082
f 2259/3569/1083 2257/3564/1083 2243/3544/1083 2241/3542/1083
f 2262/3570/1084 2260/3568/1084 2259/3569/1084 2261/3571/1084
f 2261/3571/1085 2259/3569/1085 2241/3542/1085 2239/3540/1085
f 2264/3572/1086 2262/3570/1086 2261/3571/1086 2263/3573/1086
f 2263/3573/1087 2261/3571/1087 2239/3540/1087 2266/3522/1087
f 2267/3574/1088 2264/3572/1088 2263/3573/1088 2265/3575/1088
f 2265/3575/1089 2263/3573/1089 2266/3522/1089 2228/3517/1089
f 2269/3576/1090 2267/3574/1090 2265/3575/1090 2268/3577/1090
f 2268/3577/1091 2265/3575/1091 2228/3517/1091 2226/3516/1091
f 2271/3578/1092 2269/3579/1092 2268/3580/1092 2270/3581/1092
f 2270/3581/1093 2268/3580/1093 2226/3514/1093 2224/3512/1093
f 2203/3470/1094 2271/3578/1094 2270/3581/1094 2206/3473/1094
f 2206/3473/1095 2270/3581/1095 2224/3512/1095 2209/3476/1095
f 2200/3467/1096 2272/3582/1096 2271/3578/1096 2203/3470/1096
f 2272/3582/1097 2274/3583/1097 2269/3579/1097 2271/3578/1097
f 2197/3464/1098 2273/3584/1098 2272/3582/1098 2200/3467/1098
f 2273/3584/1099 2275/3585/1099 2274/3583/1099 2272/3582/1099
f 2275/3586/1100 2277/3587/1100 2276/3588/1100 2274/3589/1100
f 2274/3589/1101 2276/3588/1101 2267/3574/1101 2269/3576/1101
f 2277/3587/1102 2279/3590/1102 2278/3591/1102 2276/3588/1102
f 2276/3588/1103 2278/3591/1103 2264/3572/1103 2267/3574/1103
f 2279/3590/1104 2281/3592/1104 2280/3593/1104 2278/3591/1104
f 2278/3591/1105 2280/3593/1105 2262/3570/1105 2264/3572/1105
f 2281/3592/1106 2283/3594/1106 2282/3595/1106 2280/3593/1106
f 2280/3593/1107 2282/3595/1107 2260/3568/1107 2262/3570/1107
f 2283/3594/1108 2285/3596/1108 2284/3597/1108 2282/3595/1108
f 2282/3595/1109 2284/3597/1109 2258/3565/1109 2260/3568/1109
f 2285/3596/1110 2287/3598/1110 2286/3599/1110 2284/3597/1110
f 2284/3597/1111 2286/3599/1111 2256/3566/1111 2258/3565/1111
f 2287/3598/1112 2289/3600/1112 2288/3601/1112 2286/3599/1112
f 2286/3599/1113 2288/3601/1113 2290/3567/1113 2256/3566/1113
f 2289/3600/1114 2196/3463/1114 2199/3466/1114 2288/3601/1114
f 2288/3601/1115 2199/3466/1115 2202/3469/1115 2290/3567/1115
f 2290/3567/1116 2202/3469/1116 2205/3472/1116 2253/3563/1116
f 2293/3602/1117 2291/3603/1117 2289/3600/1117 2287/3598/1117
f 2291/3603/1118 2193/3460/1118 2196/3463/1118 2289/3600/1118
f 2294/3604/1119 2292/3605/1119 2291/3603/1119 2293/3602/1119
f 2292/3605/1120 2190/3457/1120 2193/3460/1120 2291/3603/1120
f 2296/3606/1121 2294/3604/1121 2293/3602/1121 2295/3607/1121
f 2295/3607/1122 2293/3602/1122 2287/3598/1122 2285/3596/1122
f 2298/3608/1123 2296/3606/1123 2295/3607/1123 2297/3609/1123
f 2297/3609/1124 2295/3607/1124 2285/3596/1124 2283/3594/1124
f 2300/3610/1125 2298/3608/1125 2297/3609/1125 2299/3611/1125
f 2299/3611/1126 2297/3609/1126 2283/3594/1126 2281/3592/1126
f 2302/3612/1127 2300/3610/1127 2299/3611/1127 2301/3613/1127
f 2301/3613/1128 2299/3611/1128 2281/3592/1128 2279/3590/1128
f 2304/3614/1129 2302/3612/1129 2301/3613/1129 2303/3615/1129
f 2303/3615/1130 2301/3613/1130 2279/3590/1130 2277/3587/1130
f 2306/3616/1131 2304/3614/1131 2303/3615/1131 2305/3617/1131
f 2305/3617/1132 2303/3615/1132 2277/3587/1132 2275/3586/1132
f 2308/3618/1133 2306/3619/1133 2305/3620/1133 2307/3621/1133
f 2307/3621/1134 2305/3620/1134 2275/3585/1134 2273/3584/1134
f 2191/3458/1135 2308/3618/1135 2307/3621/1135 2194/3461/1135
f 2194/3461/1136 2307/3621/1136 2273/3584/1136 2197/3464/1136
f 2188/3455/1137 2309/3622/1137 2308/3618/1137 2191/3458/1137
f 2309/3622/1138 2311/3623/1138 2306/3619/1138 2308/3618/1138
f 2185/3452/1139 2310/3624/1139 2309/3622/1139 2188/3455/1139
f 2310/3624/1140 2312/3625/1140 2311/3623/1140 2309/3622/1140
f 2312/3626/1141 2314/3627/1141 2313/3628/1141 2311/3629/1141
f 2311/3629/1142 2313/3628/1142 2304/3614/1142 2306/3616/1142
f 2314/3627/1143 2316/3630/1143 2315/3631/1143 2313/3628/1143
f 2313/3628/1144 2315/3631/1144 2302/3612/1144 2304/3614/1144
f 2316/3630/1145 2318/3632/1145 2317/3633/1145 2315/3631/1145
f 2315/3631/1146 2317/3633/1146 2300/3610/1146 2302/3612/1146
f 2318/3632/1147 2320/3634/1147 2319/3635/1147 2317/3633/1147
f 2317/3633/1148 2319/3635/1148 2298/3608/1148 2300/3610/1148
f 2320/3634/1149 2322/3636/1149 2321/3637/1149 2319/3635/1149
f 2319/3635/1150 2321/3637/1150 2296/3606/1150 2298/3608/1150
f 2322/3636/1151 2324/3638/1151 2323/3639/1151 2321/3637/1151
f 2321/3637/1152 2323/3639/1152 2294/3604/1152 2296/3606/1152
f 2324/3638/1153 2326/3640/1153 2325/3641/1153 2323/3639/1153
f 2323/3639/1154 2325/3641/1154 2292/3605/1154 2294/3604/1154
f 2326/3640/1155 2184/3451/1155 2187/3454/1155 2325/3641/1155
f 2325/3641/1156 2187/3454/1156 2190/3457/1156 2292/3605/1156
f 2329/3642/1157 2327/3643/1157 2326/3640/1157 2324/3638/1157
f 2327/3643/1158 2181/3448/1158 2184/3451/1158 2326/3640/1158
f 2330/3644/1159 2328/3645/1159 2327/3643/1159 2329/3642/1159
f 2328/3645/1160 2178/3445/1160 2181/3448/1160 2327/3643/1160
f 2332/3646/1161 2330/3644/1161 2329/3642/1161 2331/3647/1161
f 2331/3647/1162 2329/3642/1162 2324/3638/1162 2322/3636/1162
f 2334/3648/1163 2332/3646/1163 2331/3647/1163 2333/3649/1163
f 2333/3649/1164 2331/3647/1164 2322/3636/1164 2320/3634/1164
f 2336/3650/1165 2334/3648/1165 2333/3649/1165 2335/3651/1165
f 2335/3651/1166 2333/3649/1166 2320/3634/1166 2318/3632/1166
f 2338/3652/1167 2336/3650/1167 2335/3651/1167 2337/3653/1167
f 2337/3653/1168 2335/3651/1168 2318/3632/1168 2316/3630/1168
f 2340/3654/1169 2338/3652/1169 2337/3653/1169 2339/3655/1169
f 2339/3655/1170 2337/3653/1170 2316/3630/1170 2314/3627/1170
f 2342/3656/1171 2340/3654/1171 2339/3655/1171 2341/3657/1171
f 2341/3657/1172 2339/3655/1172 2314/3627/1172 2312/3626/1172
f 2344/3658/1173 2342/3659/1173 2341/3660/1173 2343/3661/1173
f 2343/3661/1174 2341/3660/1174 2312/3625/1174 2310/3624/1174
f 2179/3446/1175 2344/3658/1175 2343/3661/1175 2182/3449/1175
f 2182/3449/1176 2343/3661/1176 2310/3624/1176 2185/3452/1176
f 2176/3443/1177 2345/3662/1177 2344/3658/1177 2179/3446/1177
f 2345/3662/1178 2347/3663/1178 2342/3659/1178 2344/3658/1178
f 2173/3440/1179 2346/3664/1179 2345/3662/1179 2176/3443/1179
f 2346/3664/1180 2348/3665/1180 2347/3663/1180 2345/3662/1180
f 2348/3666/1181 2350/3667/1181 2349/3668/1181 2347/3669/1181
f 2347/3669/1182 2349/3668/1182 2340/3654/1182 2342/3656/1182
f 2350/3667/1183 2352/3670/1183 2351/3671/1183 2349/3668/1183
f 2349/3668/1184 2351/3671/1184 2338/3652/1184 2340/3654/1184
f 2352/3670/1185 2354/3672/1185 2353/3673/1185 2351/3671/1185
f 2351/3671/1186 2353/3673/1186 2336/3650/1186 2338/3652/1186
f 2354/3672/1187 2356/3674/1187 2355/3675/1187 2353/3673/1187
f 2353/3673/1188 2355/3675/1188 2334/3648/1188 2336/3650/1188
f 2356/3674/1189 2358/3676/1189 2357/3677/1189 2355/3675/1189
f 2355/3675/1190 2357/3677/1190 2332/3646/1190 2334/3648/1190
f 2358/3676/1191 2360/3678/1191 2359/3679/1191 2357/3677/1191
f 2357/3677/1192 2359/3679/1192 2330/3644/1192 2332/3646/1192
f 2360/3678/1193 2362/3680/1193 2361/3681/1193 2359/3679/1193
f 2359/3679/1194 2361/3681/1194 2328/3645/1194 2330/3644/1194
f 2362/3680/1195 2172/3439/1195 2175/3442/1195 2361/3681/1195
f 2361/3681/1196 2175/3442/1196 2178/3445/1196 2328/3645/1196
f 2365/3682/1197 2363/3683/1197 2362/3680/1197 2360/3678/1197
f 2363/3683/1198 2169/3436/1198 2172/3439/1198 2362/3680/1198
f 2136/3382/1199 2364/3381/1199 2363/3683/1199 2365/3682/1199
f 2364/3381/1200 2167/3434/1200 2169/3436/1200 2363/3683/1200
f 2138/3384/1201 2136/3382/1201 2365/3682/1201 2366/3684/1201
f 2366/3684/1202 2365/3682/1202 2360/3678/1202 2358/3676/1202
f 2140/3386/1203 2138/3384/1203 2366/3684/1203 2367/3685/1203
f 2367/3685/1204 2366/3684/1204 2358/3676/1204 2356/3674/1204
f 2369/3390/1205 2140/3386/1205 2367/3685/1205 2368/3686/1205
f 2368/3686/1206 2367/3685/1206 2356/3674/1206 2354/3672/1206
f 2151/3406/1207 2369/3390/1207 2368/3686/1207 2370/3687/1207
f 2370/3687/1208 2368/3686/1208 2354/3672/1208 2352/3670/1208
f 2153/3408/1209 2151/3406/1209 2370/3687/1209 2371/3688/1209
f 2371/3688/1210 2370/3687/1210 2352/3670/1210 2350/3667/1210
f 2155/3410/1211 2153/3408/1211 2371/3688/1211 2372/3689/1211
f 2372/3689/1212 2371/3688/1212 2350/3667/1212 2348/3666/1212
f 2374/3416/1213 2155/3415/1213 2372/3690/1213 2373/3691/1213
f 2373/3691/1214 2372/3690/1214 2348/3665/1214 2346/3664/1214
f 2164/3430/1215 2374/3416/1215 2373/3691/1215 2170/3437/1215
f 2170/3437/1216 2373/3691/1216 2346/3664/1216 2173/3440/1216
f 2135/3380/1217 2126/3433/1217 2167/3434/1217 2364/3381/1217
o Sides
v 0.000000 0.500000 0.000000
v 0.000000 0.500000 5.000000
v -0.265153 0.500000 0.000000
v 0.000000 0.450000 0.000000
v 0.000000 0.450000 5.000000
v -0.265153 0.450000 0.000000
v 0.000000 0.000000 0.000000
v 0.000000 0.000000 5.000000
v -0.265153 0.000000 0.000000
v -0.265153 0.000000 5.000000
v -0.265153 0.450000 5.000000
v -0.265153 0.500000 5.000000
v -5.000000 0.500000 0.000000
v -5.000000 0.500000 5.000000
v -4.734847 0.500000 0.000000
v -5.000000 0.450000 0.000000
v -5.000000 0.450000 5.000000
v -4.734847 0.450000 0.000000
v -5.000000 0.000000 0.000000
v -5.000000 0.000000 5.000000
v -4.734847 0.000000 0.000000
v -4.734847 0.000000 5.000000
v -4.734847 0.450000 5.000000
v -4.734847 0.500000 5.000000
vn -0.0000 1.0000 -0.0000
vn 1.0000 -0.0000 -0.0000
vn -0.0000 -0.0000 -1.0000
vn -0.0000 -1.0000 -0.0000
vn -1.0000 -0.0000 -0.0000
vn -0.0000 -0.0000 1.0000
vt 0.636849 0.421452
vt 0.636850 0.831978
vt 0.615079 0.831978
vt 0.615079 0.421452
vt 0.727981 0.419308
vt 0.727981 0.829834
vt 0.723876 0.829834
vt 0.723876 0.419308
vt 0.900595 0.992799
vt 0.878825 0.992799
vt 0.878825 0.988694
vt 0.900595 0.988694
vt 0.686929 0.829834
vt 0.686928 0.419308
vt 0.878825 0.951746
vt 0.900595 0.951746
vt 0.001174 0.819113
vt 0.001174 0.797342
vt 0.411701 0.797342
vt 0.411701 0.819113
vt 0.759650 0.797670
vt 0.759650 0.387143
vt 0.796598 0.387143
vt 0.796598 0.797670
vt 0.874864 0.986549
vt 0.853093 0.986549
vt 0.853093 0.949602
vt 0.874864 0.949602
vt 0.755545 0.797670
vt 0.755545 0.387143
vt 0.874864 0.990655
vt 0.853093 0.990655
vt 0.638666 0.421452
vt 0.660437 0.421452
vt 0.660436 0.831978
vt 0.638666 0.831978
vt 0.411701 0.754473
vt 0.411701 0.758578
vt 0.001174 0.758578
vt 0.001174 0.754473
vt 0.904556 0.990655
vt 0.904556 0.986550
vt 0.926327 0.986550
vt 0.926327 0.990655
vt 0.411701 0.795526
vt 0.001174 0.795526
vt 0.904556 0.949602
vt 0.926327 0.949602
vt 0.684023 0.421452
vt 0.684023 0.831978
vt 0.662253 0.831978
vt 0.662253 0.421452
vt 0.609157 0.825546
vt 0.572210 0.825546
vt 0.572210 0.415019
vt 0.609157 0.415019
vt 0.947441 0.930798
vt 0.947442 0.893851
vt 0.969212 0.893851
vt 0.969212 0.930798
vt 0.613262 0.825546
vt 0.613262 0.415019
vt 0.947441 0.934904
vt 0.969212 0.934904
s 0
f 2377/3692/1218 2386/3693/1218 2376/3694/1218 2375/3695/1218
f 2375/3696/1219 2376/3697/1219 2379/3698/1219 2378/3699/1219
f 2377/3700/1220 2375/3701/1220 2378/3702/1220 2380/3703/1220
f 2378/3699/1219 2379/3698/1219 2382/3704/1219 2381/3705/1219
f 2380/3703/1220 2378/3702/1220 2381/3706/1220 2383/3707/1220
f 2383/3708/1221 2381/3709/1221 2382/3710/1221 2384/3711/1221
f 2385/3712/1222 2380/3713/1222 2383/3714/1222 2384/3715/1222
f 2379/3716/1223 2385/3717/1223 2384/3718/1223 2382/3719/1223
f 2386/3720/1222 2377/3721/1222 2380/3713/1222 2385/3712/1222
f 2376/3722/1223 2386/3723/1223 2385/3717/1223 2379/3716/1223
f 2389/3724/1218 2387/3725/1218 2388/3726/1218 2398/3727/1218
f 2387/3728/1222 2390/3729/1222 2391/3730/1222 2388/3731/1222
f 2389/3732/1220 2392/3733/1220 2390/3734/1220 2387/3735/1220
f 2390/3729/1222 2393/3736/1222 2394/3737/1222 2391/3730/1222
f 2392/3733/1220 2395/3738/1220 2393/3739/1220 2390/3734/1220
f 2395/3740/1221 2396/3741/1221 2394/3742/1221 2393/3743/1221
f 2397/3744/1219 2396/3745/1219 2395/3746/1219 2392/3747/1219
f 2391/3748/1223 2394/3749/1223 2396/3750/1223 2397/3751/1223
f 2398/3752/1219 2397/3744/1219 2392/3747/1219 2389/3753/1219
f 2388/3754/1223 2391/3748/1223 2397/3751/1223 2398/3755/1223
