# Blender 5.2.1 LTS
# www.blender.org
mtllib WoodenCrate1.mtl
o WoodenCrate1v2
v 0.250800 0.250800 -0.194501
v -0.250800 0.250800 0.194501
v 0.250800 0.250800 -0.234144
v 0.234144 0.250800 -0.250800
v 0.194501 0.000000 -0.194501
v 0.194501 0.056299 -0.250800
v 0.250800 0.056299 -0.194501
v 0.194501 0.000000 0.194501
v 0.250800 0.056299 0.194501
v 0.194501 0.056299 0.250800
v -0.194501 0.000000 -0.194501
v -0.250800 0.056299 -0.194501
v -0.194501 0.056299 -0.250800
v -0.194501 0.000000 0.194501
v -0.194501 0.056299 0.250800
v -0.250800 0.056299 0.194501
v 0.250800 0.250800 0.234144
v 0.234144 0.250800 0.250800
v -0.234144 0.250800 0.250800
v -0.250800 0.250800 0.234144
v -0.250800 0.250800 -0.234144
v -0.234144 0.250800 -0.250800
v 0.250800 0.250800 0.194501
v 0.194501 0.250800 -0.250800
v -0.194501 0.250800 0.250800
v -0.250800 0.250800 -0.194501
v 0.194501 0.250800 0.250800
v -0.194501 0.250800 -0.250800
v -0.250800 0.016656 0.234144
v -0.234144 0.000000 -0.234144
v 0.000000 0.000000 0.194501
v 0.234144 0.000000 0.234144
v 0.000000 0.016656 0.250800
v 0.250800 0.016656 -0.234144
v 0.000000 0.000000 0.234144
v 0.234144 0.000000 -0.234144
v 0.250800 0.016656 0.234144
v 0.000000 0.016656 -0.250800
v 0.000000 0.000000 -0.234144
v 0.234144 0.016656 0.250800
v 0.000000 0.000000 -0.194501
v 0.000000 0.056299 -0.250800
v -0.234144 0.016656 0.250800
v 0.000000 0.056299 0.250800
v -0.234144 0.000000 0.234144
v -0.250800 0.016656 -0.234144
v -0.234144 0.016656 -0.250800
v 0.234144 0.016656 -0.250800
v -0.250800 0.016656 0.103703
v -0.250800 0.016656 -0.103703
v -0.194501 0.000000 0.103703
v -0.194501 0.000000 -0.103703
v 0.250800 0.016656 -0.103703
v 0.250800 0.016656 0.103703
v 0.234144 0.000000 0.103703
v 0.234144 0.000000 -0.103703
v 0.103703 0.000000 0.194501
v -0.103703 0.000000 0.194501
v -0.103703 0.056299 0.250800
v 0.103703 0.056299 0.250800
v -0.103703 0.000000 -0.194501
v 0.103703 0.000000 -0.194501
v 0.103703 0.056299 -0.250800
v -0.103703 0.056299 -0.250800
v 0.194501 0.147097 -0.250800
v 0.250800 0.147097 -0.194501
v 0.194501 0.147097 0.250800
v 0.250800 0.147097 0.194501
v -0.250800 0.147097 0.194501
v -0.194501 0.147097 0.250800
v -0.194501 0.147097 -0.250800
v -0.250800 0.147097 -0.194501
v -0.250800 0.056299 -0.103703
v -0.250800 0.056299 0.103703
v -0.234144 0.000000 -0.103703
v -0.234144 0.000000 0.103703
v 0.194501 0.000000 -0.103703
v 0.194501 0.000000 0.103703
v 0.250800 0.056299 0.103703
v 0.250800 0.056299 -0.103703
v 0.234144 0.147097 -0.250800
v 0.250800 0.147097 -0.234144
v 0.234144 0.147097 0.250800
v 0.250800 0.147097 0.234144
v -0.103703 0.000000 0.234144
v 0.103703 0.000000 0.234144
v 0.103703 0.016656 0.250800
v -0.103703 0.016656 0.250800
v -0.250800 0.147097 0.234144
v -0.234144 0.147097 0.250800
v -0.234144 0.147097 -0.250800
v -0.250800 0.147097 -0.234144
v 0.103703 0.000000 -0.234144
v -0.103703 0.000000 -0.234144
v -0.103703 0.016656 -0.250800
v 0.103703 0.016656 -0.250800
v 0.194501 0.000000 0.000000
v 0.250800 0.056299 0.000000
v -0.250800 0.056299 0.000000
v -0.234144 0.000000 0.000000
v -0.250800 0.016656 0.000000
v 0.234144 0.000000 0.000000
v 0.250800 0.016656 0.000000
v -0.194501 0.000000 0.000000
v 0.137752 0.000000 0.194501
v 0.152618 0.000000 0.234144
v 0.137752 0.056299 -0.250800
v 0.152618 0.016656 -0.250800
v 0.137752 0.000000 -0.194501
v 0.137752 0.056299 0.250800
v 0.152618 0.016656 0.250800
v 0.152618 0.000000 -0.234144
v 0.194501 0.113048 0.250800
v -0.194501 0.113048 -0.250800
v 0.250800 0.113048 -0.194501
v -0.250800 0.113048 0.194501
v 0.250800 0.098182 -0.234144
v 0.234144 0.098182 0.250800
v -0.250800 0.098182 0.234144
v -0.234144 0.098182 -0.250800
v -0.194501 0.113048 0.250800
v 0.194501 0.113048 -0.250800
v 0.250800 0.113048 0.194501
v -0.250800 0.113048 -0.194501
v 0.234144 0.098182 -0.250800
v 0.250800 0.098182 0.234144
v -0.234144 0.098182 0.250800
v -0.250800 0.098182 -0.234144
v -0.137752 0.000000 -0.194501
v -0.137752 0.056299 0.250800
v -0.152618 0.016656 0.250800
v -0.152618 0.000000 -0.234144
v -0.137752 0.000000 0.194501
v -0.152618 0.000000 0.234144
v -0.137752 0.056299 -0.250800
v -0.152618 0.016656 -0.250800
v -0.234144 0.000000 -0.152618
v 0.250800 0.056299 -0.137752
v -0.250800 0.016656 -0.152618
v -0.250800 0.056299 -0.137752
v -0.194501 0.000000 -0.137752
v 0.250800 0.016656 -0.152618
v 0.234144 0.000000 -0.152618
v 0.194501 0.000000 -0.137752
v -0.250800 0.056299 0.137752
v 0.234144 0.000000 0.152618
v 0.194501 0.000000 0.137752
v -0.250800 0.016656 0.152618
v -0.234144 0.000000 0.152618
v -0.194501 0.000000 0.137752
v 0.250800 0.016656 0.152618
v 0.250800 0.056299 0.137752
v -0.194501 0.010294 0.103703
v -0.194501 0.010294 0.000000
v -0.103703 0.203847 -0.240506
v -0.240506 0.203847 0.103703
v 0.000000 0.194051 0.240506
v 0.000000 0.250800 0.240506
v -0.056749 0.010294 -0.000000
v 0.000000 0.010294 0.000000
v 0.000000 0.010294 -0.056749
v 0.103703 0.010294 0.194501
v 0.000000 0.010294 0.194501
v -0.103703 0.010294 -0.194501
v 0.000000 0.010294 -0.194501
v 0.046953 0.147097 -0.240506
v -0.046953 0.147097 0.240506
v -0.046953 0.010294 -0.103703
v 0.103703 0.203847 0.240506
v -0.103703 0.056299 0.240506
v 0.000000 0.056299 0.240506
v 0.046953 0.010294 0.103703
v 0.240506 0.250800 -0.056749
v -0.046953 0.010294 0.103703
v 0.240506 0.194051 -0.000000
v 0.103703 0.056299 -0.240506
v 0.000000 0.056299 -0.240506
v 0.056749 0.250800 0.240506
v 0.046953 0.147097 0.240506
v 0.240506 0.203847 -0.103703
v 0.056749 0.010294 0.000000
v -0.000000 0.194051 -0.240506
v 0.000000 0.250800 -0.240506
v 0.194501 0.010294 -0.103703
v 0.194501 0.010294 0.000000
v 0.240506 0.147097 0.046953
v 0.240506 0.250800 0.194501
v -0.240506 0.250800 -0.194501
v -0.103703 0.010294 0.046953
v 0.056749 0.250800 -0.240506
v -0.056749 0.250800 -0.240506
v -0.240506 0.056299 -0.103703
v -0.240506 0.056299 0.000000
v 0.103703 0.010294 -0.046953
v -0.000000 0.010294 0.056749
v 0.240506 0.250800 0.056749
v 0.240506 0.147097 -0.194501
v 0.240506 0.250800 -0.194501
v 0.194501 0.250800 -0.240506
v 0.194501 0.147097 0.240506
v 0.194501 0.250800 0.240506
v -0.103703 0.203847 0.240506
v -0.240506 0.194051 0.000000
v -0.240506 0.147097 0.194501
v -0.240506 0.250800 0.194501
v 0.240506 0.056299 0.103703
v 0.240506 0.056299 0.000000
v -0.240506 0.147097 -0.046953
v -0.194501 0.250800 0.240506
v -0.194501 0.147097 -0.240506
v -0.194501 0.250800 -0.240506
v -0.240506 0.250800 0.056749
v -0.056749 0.250800 0.240506
v -0.240506 0.250800 -0.056749
v 0.103703 0.010294 0.046953
v 0.103703 0.010294 0.103703
v -0.103703 0.010294 0.103703
v -0.103703 0.010294 -0.046953
v -0.103703 0.010294 -0.103703
v 0.046953 0.010294 -0.103703
v 0.103703 0.010294 -0.103703
v 0.240506 0.147097 -0.046953
v 0.240506 0.147097 -0.103703
v 0.240506 0.203847 0.103703
v 0.240506 0.147097 0.103703
v -0.240506 0.147097 0.046953
v -0.240506 0.147097 0.103703
v -0.240506 0.203847 -0.103703
v -0.240506 0.147097 -0.103703
v -0.103703 0.147097 0.240506
v 0.103703 0.147097 0.240506
v 0.103703 0.203847 -0.240506
v 0.103703 0.147097 -0.240506
v -0.046953 0.147097 -0.240506
v -0.103703 0.147097 -0.240506
v 0.194501 0.010294 0.103703
v 0.137752 0.010294 0.103703
v 0.240506 0.056299 -0.103703
v 0.240506 0.113048 -0.103703
v -0.240506 0.056299 0.103703
v -0.240506 0.113048 0.103703
v -0.194501 0.010294 -0.103703
v -0.137752 0.010294 -0.103703
v 0.240506 0.113048 0.103703
v 0.240506 0.113048 0.081003
v 0.103703 0.056299 0.240506
v 0.103703 0.113048 0.240506
v -0.103703 0.056299 -0.240506
v -0.103703 0.113048 -0.240506
v 0.103703 0.010294 -0.194501
v 0.103703 0.010294 -0.137752
v -0.137752 0.169797 0.240506
v -0.103703 0.010294 0.194501
v -0.103703 0.010294 0.137752
v -0.240506 0.147097 0.137752
v -0.240506 0.147097 0.160452
v 0.240506 0.169797 -0.137752
v -0.240506 0.147097 -0.194501
v -0.240506 0.147097 -0.137752
v -0.194501 0.147097 0.240506
v -0.137752 0.147097 0.240506
v 0.194501 0.147097 -0.240506
v 0.137752 0.147097 -0.240506
v 0.240506 0.147097 0.194501
v 0.240506 0.147097 0.137752
v -0.240506 0.147097 -0.160452
v 0.240506 0.169797 0.137752
v -0.240506 0.056299 0.137752
v 0.081003 0.113048 0.240506
v -0.137752 0.010294 -0.194501
v -0.103703 0.113048 0.240506
v -0.081003 0.113048 0.240506
v -0.240506 0.113048 0.081003
v 0.240506 0.090348 0.103703
v -0.160452 0.147097 0.240506
v 0.240506 0.056299 -0.137752
v -0.240506 0.113048 -0.103703
v -0.240506 0.113048 -0.081003
v 0.194501 0.010294 0.137752
v 0.137752 0.010294 0.194501
v -0.103703 0.090348 0.240506
v -0.137752 0.056299 0.240506
v 0.240506 0.147097 -0.160452
v 0.194501 0.113048 0.240506
v 0.137752 0.056299 -0.240506
v 0.081003 0.113048 -0.240506
v 0.103703 0.090348 -0.240506
v 0.240506 0.147097 0.160452
v -0.194501 0.113048 -0.240506
v -0.240506 0.090348 -0.103703
v 0.240506 0.147097 -0.137752
v 0.240506 0.113048 -0.194501
v -0.240506 0.113048 0.194501
v -0.137752 0.010294 0.103703
v -0.160452 0.010294 0.103703
v -0.137752 0.169797 -0.240506
v -0.081003 0.113048 -0.240506
v -0.103703 0.090348 -0.240506
v 0.160452 0.010294 -0.103703
v 0.160452 0.147097 0.240506
v 0.137752 0.169797 0.240506
v 0.137752 0.010294 -0.194501
v 0.194501 0.010294 -0.194501
v 0.137752 0.056299 0.240506
v 0.194501 0.056299 0.240506
v 0.137752 0.010294 -0.103703
v 0.137752 0.010294 -0.081003
v -0.081003 0.010294 0.137752
v -0.160452 0.147097 -0.240506
v -0.137752 0.010294 0.194501
v -0.194501 0.010294 0.194501
v -0.137752 0.056299 -0.240506
v -0.194501 0.056299 -0.240506
v -0.103703 0.010294 0.160452
v 0.137752 0.147097 0.240506
v 0.081003 0.010294 -0.137752
v -0.103703 0.010294 -0.160452
v 0.103703 0.090348 0.240506
v -0.240506 0.090348 0.103703
v -0.137752 0.010294 0.081003
v -0.240506 0.056299 -0.137752
v -0.240506 0.056299 -0.194501
v -0.194501 0.010294 -0.137752
v -0.194501 0.010294 -0.194501
v 0.240506 0.090348 -0.103703
v 0.194501 0.010294 -0.137752
v 0.103703 0.010294 0.160452
v -0.194501 0.010294 0.137752
v 0.240506 0.113048 -0.081003
v -0.240506 0.169797 0.137752
v 0.240506 0.056299 0.137752
v 0.240506 0.056299 0.194501
v 0.160452 0.010294 0.103703
v 0.081003 0.010294 0.137752
v -0.160452 0.010294 -0.103703
v 0.137752 0.010294 0.081003
v -0.137752 0.010294 -0.081003
v -0.081003 0.010294 -0.137752
v -0.103703 0.010294 -0.137752
v 0.103703 0.010294 0.137752
v -0.240506 0.169797 -0.137752
v 0.103703 0.010294 -0.160452
v 0.240506 0.113048 0.194501
v -0.194501 0.113048 0.240506
v -0.194501 0.056299 0.240506
v 0.194501 0.113048 -0.240506
v 0.194501 0.056299 -0.240506
v -0.240506 0.113048 -0.194501
v 0.137752 0.169797 -0.240506
v 0.160452 0.147097 -0.240506
v 0.194501 0.010294 0.194501
v 0.137752 0.113048 -0.240506
v 0.137752 0.113048 0.240506
v 0.137752 0.010294 -0.137752
v 0.137752 0.010294 0.137752
v 0.240506 0.056299 -0.194501
v -0.240506 0.056299 0.194501
v 0.103703 0.113048 -0.240506
v -0.240506 0.113048 -0.137752
v -0.240506 0.113048 0.137752
v 0.240506 0.113048 0.137752
v 0.240506 0.113048 -0.137752
v -0.137752 0.113048 -0.240506
v -0.137752 0.113048 0.240506
v -0.137752 0.147097 -0.240506
v -0.137752 0.010294 -0.137752
v -0.137752 0.010294 0.137752
v -0.194501 0.020327 0.103703
v -0.194501 0.020327 -0.000000
v -0.230473 0.250800 -0.137752
v -0.230473 0.250800 -0.103703
v 0.230473 0.250800 0.137752
v 0.230473 0.250800 0.103703
v -0.103703 0.203847 -0.230473
v -0.103703 0.250800 -0.230473
v 0.137752 0.020327 0.000000
v 0.103703 0.020327 0.000000
v -0.230473 0.203847 0.103703
v -0.230473 0.250800 0.103703
v 0.000000 0.113048 0.230473
v 0.000000 0.147097 0.230473
v -0.000000 0.113048 -0.230473
v -0.000000 0.147097 -0.230473
v 0.000000 0.020327 -0.056749
v 0.000000 0.020327 -0.103703
v 0.103703 0.020327 0.194501
v -0.000000 0.020327 0.194501
v 0.230473 0.113048 -0.000000
v 0.230473 0.147097 -0.000000
v 0.103703 0.250800 -0.230473
v 0.000000 0.020327 -0.137752
v -0.103703 0.020327 -0.194501
v 0.000000 0.020327 -0.194501
v 0.046953 0.147097 -0.230473
v -0.046953 0.147097 0.230473
v -0.046953 0.020327 -0.103703
v 0.103703 0.203847 0.230473
v 0.103703 0.250800 0.230473
v -0.230473 0.113048 0.000000
v -0.230473 0.147097 0.000000
v -0.103703 0.056299 0.230473
v 0.000000 0.056299 0.230473
v 0.046953 0.020327 0.103703
v -0.000000 0.020327 0.103703
v -0.046953 0.020327 0.103703
v 0.230473 0.194051 -0.000000
v 0.103703 0.056299 -0.230473
v 0.000000 0.056299 -0.230473
v -0.137752 0.250800 0.230473
v -0.103703 0.250800 0.230473
v 0.046953 0.147097 0.230473
v 0.137752 0.250800 -0.230473
v 0.230473 0.203847 -0.103703
v 0.230473 0.250800 -0.103703
v 0.056749 0.020327 0.000000
v 0.194501 0.020327 -0.103703
v 0.194501 0.020327 0.000000
v 0.230473 0.147097 0.046953
v 0.230473 0.250800 0.194501
v -0.230473 0.250800 -0.194501
v -0.103703 0.020327 0.046953
v -0.103703 0.020327 -0.000000
v 0.056749 0.250800 -0.230473
v -0.230473 0.056299 -0.103703
v -0.230473 0.056299 -0.000000
v 0.103703 0.020327 -0.046953
v 0.230473 0.250800 0.056749
v 0.230473 0.147097 -0.194501
v 0.230473 0.250800 -0.194501
v 0.194501 0.250800 -0.230473
v 0.194501 0.147097 0.230473
v 0.194501 0.250800 0.230473
v -0.103703 0.203847 0.230473
v -0.230473 0.194051 0.000000
v -0.230473 0.147097 0.194501
v -0.230473 0.250800 0.194501
v 0.230473 0.056299 0.103703
v 0.230473 0.056299 0.000000
v -0.230473 0.147097 -0.046953
v -0.194501 0.250800 0.230473
v -0.194501 0.147097 -0.230473
v -0.194501 0.250800 -0.230473
v -0.056749 0.250800 0.230473
v -0.230473 0.250800 -0.056749
v 0.194501 0.020327 0.103703
v 0.230473 0.056299 -0.103703
v -0.230473 0.056299 0.103703
v -0.194501 0.020327 -0.103703
v 0.103703 0.056299 0.230473
v -0.103703 0.056299 -0.230473
v 0.103703 0.020327 -0.194501
v -0.137752 0.169797 0.230473
v -0.103703 0.020327 0.194501
v -0.230473 0.147097 0.046953
v 0.230473 0.250800 -0.137752
v 0.230473 0.169797 -0.137752
v -0.230473 0.147097 -0.194501
v -0.194501 0.147097 0.230473
v 0.194501 0.147097 -0.230473
v 0.230473 0.147097 0.194501
v 0.230473 0.250800 -0.056749
v -0.230473 0.147097 -0.160452
v 0.230473 0.169797 0.137752
v -0.230473 0.056299 0.137752
v 0.081003 0.113048 0.230473
v 0.230473 0.147097 -0.046953
v -0.137752 0.020327 -0.194501
v -0.230473 0.250800 0.056749
v -0.230473 0.113048 0.081003
v -0.160452 0.147097 0.230473
v 0.230473 0.056299 -0.137752
v 0.194501 0.020327 0.137752
v 0.137752 0.020327 0.194501
v -0.137752 0.056299 0.230473
v 0.230473 0.147097 -0.160452
v 0.194501 0.113048 0.230473
v 0.000000 0.194051 0.230473
v 0.137752 0.056299 -0.230473
v 0.081003 0.113048 -0.230473
v 0.103703 0.090348 -0.230473
v 0.230473 0.147097 0.160452
v -0.194501 0.113048 -0.230473
v 0.230473 0.113048 -0.194501
v -0.230473 0.113048 0.194501
v -0.056749 0.250800 -0.230473
v -0.137752 0.169797 -0.230473
v -0.081003 0.113048 -0.230473
v -0.103703 0.090348 -0.230473
v 0.056749 0.250800 0.230473
v 0.137752 0.250800 0.230473
v 0.160452 0.020327 -0.103703
v 0.160452 0.147097 0.230473
v 0.137752 0.169797 0.230473
v -0.230473 0.203847 -0.103703
v -0.137752 0.020327 -0.000000
v -0.137752 0.250800 -0.230473
v -0.160452 0.020327 0.103703
v -0.160452 0.147097 -0.230473
v -0.000000 0.020327 0.056749
v -0.103703 0.020327 0.160452
v 0.081003 0.020327 -0.137752
v -0.103703 0.020327 -0.160452
v 0.103703 0.090348 0.230473
v -0.230473 0.090348 0.103703
v -0.137752 0.020327 0.081003
v 0.230473 0.090348 -0.103703
v -0.000000 0.020327 0.137752
v -0.230473 0.250800 0.137752
v 0.103703 0.020327 0.160452
v -0.230473 0.147097 0.160452
v 0.230473 0.113048 -0.081003
v -0.230473 0.169797 0.137752
v 0.160452 0.020327 0.103703
v 0.103703 0.020327 0.046953
v 0.081003 0.020327 0.137752
v -0.103703 0.020327 -0.046953
v -0.056749 0.020327 -0.000000
v -0.194501 0.020327 -0.137752
v -0.160452 0.020327 -0.103703
v 0.137752 0.020327 0.081003
v -0.137752 0.020327 -0.081003
v -0.081003 0.020327 -0.137752
v -0.230473 0.169797 -0.137752
v 0.103703 0.020327 -0.160452
v 0.230473 0.113048 0.194501
v -0.081003 0.020327 0.137752
v -0.230473 0.113048 -0.081003
v -0.081003 0.113048 0.230473
v 0.230473 0.113048 0.081003
v -0.103703 0.090348 0.230473
v 0.230473 0.090348 0.103703
v 0.137752 0.020327 -0.081003
v 0.230473 0.203847 0.103703
v -0.230473 0.090348 -0.103703
v 0.046953 0.020327 -0.103703
v 0.137752 0.169797 -0.230473
v 0.103703 0.203847 -0.230473
v -0.137752 0.020327 0.194501
v 0.230473 0.056299 0.137752
v 0.137752 0.020327 -0.194501
v -0.230473 0.113048 -0.194501
v -0.194501 0.113048 0.230473
v 0.137752 0.056299 0.230473
v 0.160452 0.147097 -0.230473
v -0.046953 0.147097 -0.230473
v -0.137752 0.056299 -0.230473
v 0.194501 0.113048 -0.230473
v 0.194501 0.020327 -0.137752
v -0.000000 0.194051 -0.230473
v -0.230473 0.056299 -0.137752
v -0.194501 0.020327 0.137752
v 0.194501 0.501600 -0.194501
v 0.194501 0.445301 -0.250800
v 0.250800 0.445301 -0.194501
v 0.194501 0.501600 0.194501
v 0.250800 0.445301 0.194501
v 0.194501 0.445301 0.250800
v -0.194501 0.501600 -0.194501
v -0.250800 0.445301 -0.194501
v -0.194501 0.445301 -0.250800
v -0.194501 0.501600 0.194501
v -0.194501 0.445301 0.250800
v -0.250800 0.445301 0.194501
v -0.250800 0.484944 0.234144
v -0.234144 0.501600 -0.234144
v 0.000000 0.501600 0.194501
v 0.234144 0.501600 0.234144
v 0.000000 0.484944 0.250800
v 0.250800 0.484944 -0.234144
v 0.000000 0.501600 0.234144
v 0.234144 0.501600 -0.234144
v 0.250800 0.484944 0.234144
v 0.000000 0.484944 -0.250800
v 0.000000 0.501600 -0.234144
v 0.234144 0.484944 0.250800
v 0.000000 0.501600 -0.194501
v 0.000000 0.445301 -0.250800
v -0.234144 0.484944 0.250800
v 0.000000 0.445301 0.250800
v -0.234144 0.501600 0.234144
v -0.250800 0.484944 -0.234144
v -0.234144 0.484944 -0.250800
v 0.234144 0.484944 -0.250800
v -0.250800 0.484944 0.103703
v -0.250800 0.484944 -0.103703
v -0.194501 0.501600 0.103703
v -0.194501 0.501600 -0.103703
v 0.250800 0.484944 -0.103703
v 0.250800 0.484944 0.103703
v 0.234144 0.501600 0.103703
v 0.234144 0.501600 -0.103703
v 0.103703 0.501600 0.194501
v -0.103703 0.501600 0.194501
v -0.103703 0.445301 0.250800
v 0.103703 0.445301 0.250800
v -0.103703 0.501600 -0.194501
v 0.103703 0.501600 -0.194501
v 0.103703 0.445301 -0.250800
v -0.103703 0.445301 -0.250800
v 0.194501 0.354503 -0.250800
v 0.250800 0.354503 -0.194501
v 0.194501 0.354503 0.250800
v 0.250800 0.354503 0.194501
v -0.250800 0.354503 0.194501
v -0.194501 0.354503 0.250800
v -0.194501 0.354503 -0.250800
v -0.250800 0.354503 -0.194501
v -0.250800 0.445301 -0.103703
v -0.250800 0.445301 0.103703
v -0.234144 0.501600 -0.103703
v -0.234144 0.501600 0.103703
v 0.194501 0.501600 -0.103703
v 0.194501 0.501600 0.103703
v 0.250800 0.445301 0.103703
v 0.250800 0.445301 -0.103703
v 0.234144 0.354503 -0.250800
v 0.250800 0.354503 -0.234144
v 0.234144 0.354503 0.250800
v 0.250800 0.354503 0.234144
v -0.103703 0.501600 0.234144
v 0.103703 0.501600 0.234144
v 0.103703 0.484944 0.250800
v -0.103703 0.484944 0.250800
v -0.250800 0.354503 0.234144
v -0.234144 0.354503 0.250800
v -0.234144 0.354503 -0.250800
v -0.250800 0.354503 -0.234144
v 0.103703 0.501600 -0.234144
v -0.103703 0.501600 -0.234144
v -0.103703 0.484944 -0.250800
v 0.103703 0.484944 -0.250800
v 0.194501 0.501600 0.000000
v 0.250800 0.445301 0.000000
v -0.250800 0.445301 0.000000
v -0.234144 0.501600 0.000000
v -0.250800 0.484944 0.000000
v 0.234144 0.501600 0.000000
v 0.250800 0.484944 0.000000
v -0.194501 0.501600 0.000000
v 0.137752 0.501600 0.194501
v 0.152618 0.501600 0.234144
v 0.137752 0.445301 -0.250800
v 0.152618 0.484944 -0.250800
v 0.137752 0.501600 -0.194501
v 0.137752 0.445301 0.250800
v 0.152618 0.484944 0.250800
v 0.152618 0.501600 -0.234144
v 0.194501 0.388552 0.250800
v -0.194501 0.388552 -0.250800
v 0.250800 0.388552 -0.194501
v -0.250800 0.388552 0.194501
v 0.250800 0.403418 -0.234144
v 0.234144 0.403418 0.250800
v -0.250800 0.403418 0.234144
v -0.234144 0.403418 -0.250800
v -0.194501 0.388552 0.250800
v 0.194501 0.388552 -0.250800
v 0.250800 0.388552 0.194501
v -0.250800 0.388552 -0.194501
v 0.234144 0.403418 -0.250800
v 0.250800 0.403418 0.234144
v -0.234144 0.403418 0.250800
v -0.250800 0.403418 -0.234144
v -0.137752 0.501600 -0.194501
v -0.137752 0.445301 0.250800
v -0.152618 0.484944 0.250800
v -0.152618 0.501600 -0.234144
v -0.137752 0.501600 0.194501
v -0.152618 0.501600 0.234144
v -0.137752 0.445301 -0.250800
v -0.152618 0.484944 -0.250800
v -0.234144 0.501600 -0.152618
v 0.250800 0.445301 -0.137752
v -0.250800 0.484944 -0.152618
v -0.250800 0.445301 -0.137752
v -0.194501 0.501600 -0.137752
v 0.250800 0.484944 -0.152618
v 0.234144 0.501600 -0.152618
v 0.194501 0.501600 -0.137752
v -0.250800 0.445301 0.137752
v 0.234144 0.501600 0.152618
v 0.194501 0.501600 0.137752
v -0.250800 0.484944 0.152618
v -0.234144 0.501600 0.152618
v -0.194501 0.501600 0.137752
v 0.250800 0.484944 0.152618
v 0.250800 0.445301 0.137752
v -0.194501 0.491306 0.103703
v -0.194501 0.491306 0.000000
v -0.103703 0.297753 -0.240506
v -0.240506 0.297753 0.103703
v 0.000000 0.307549 0.240506
v -0.056749 0.491306 -0.000000
v 0.000000 0.491306 0.000000
v 0.000000 0.491306 -0.056749
v 0.103703 0.491306 0.194501
v 0.000000 0.491306 0.194501
v -0.103703 0.491306 -0.194501
v 0.000000 0.491306 -0.194501
v 0.046953 0.354503 -0.240506
v -0.046953 0.354503 0.240506
v -0.046953 0.491306 -0.103703
v 0.103703 0.297753 0.240506
v -0.103703 0.445301 0.240506
v 0.000000 0.445301 0.240506
v 0.046953 0.491306 0.103703
v 0.240506 0.250800 0.000000
v -0.046953 0.491306 0.103703
v 0.240506 0.307549 -0.000000
v 0.103703 0.445301 -0.240506
v 0.000000 0.445301 -0.240506
v 0.046953 0.354503 0.240506
v 0.240506 0.297753 -0.103703
v 0.056749 0.491306 0.000000
v -0.000000 0.307549 -0.240506
v 0.194501 0.491306 -0.103703
v 0.194501 0.491306 0.000000
v 0.240506 0.354503 0.046953
v -0.103703 0.491306 0.046953
v -0.240506 0.445301 -0.103703
v -0.240506 0.445301 0.000000
v 0.103703 0.491306 -0.046953
v -0.000000 0.491306 0.056749
v 0.240506 0.354503 -0.194501
v 0.194501 0.354503 0.240506
v -0.240506 0.250800 0.000000
v -0.103703 0.297753 0.240506
v -0.240506 0.307549 0.000000
v -0.240506 0.354503 0.194501
v 0.240506 0.445301 0.103703
v 0.240506 0.445301 0.000000
v -0.240506 0.354503 -0.046953
v -0.194501 0.354503 -0.240506
v 0.103703 0.491306 0.046953
v 0.103703 0.491306 0.103703
v -0.103703 0.491306 0.103703
v -0.103703 0.491306 -0.046953
v -0.103703 0.491306 -0.103703
v 0.046953 0.491306 -0.103703
v 0.103703 0.491306 -0.103703
v 0.240506 0.354503 -0.046953
v 0.240506 0.354503 -0.103703
v 0.240506 0.297753 0.103703
v 0.240506 0.354503 0.103703
v -0.240506 0.354503 0.046953
v -0.240506 0.354503 0.103703
v -0.240506 0.297753 -0.103703
v -0.240506 0.354503 -0.103703
v -0.103703 0.354503 0.240506
v 0.103703 0.354503 0.240506
v 0.103703 0.297753 -0.240506
v 0.103703 0.354503 -0.240506
v -0.046953 0.354503 -0.240506
v -0.103703 0.354503 -0.240506
v 0.194501 0.491306 0.103703
v 0.137752 0.491306 0.103703
v 0.240506 0.445301 -0.103703
v 0.240506 0.388552 -0.103703
v -0.240506 0.445301 0.103703
v -0.240506 0.388552 0.103703
v -0.194501 0.491306 -0.103703
v -0.137752 0.491306 -0.103703
v 0.240506 0.388552 0.103703
v 0.240506 0.388552 0.081003
v 0.103703 0.445301 0.240506
v 0.103703 0.388552 0.240506
v -0.103703 0.445301 -0.240506
v -0.103703 0.388552 -0.240506
v 0.103703 0.491306 -0.194501
v 0.103703 0.491306 -0.137752
v -0.137752 0.331803 0.240506
v -0.103703 0.491306 0.194501
v -0.103703 0.491306 0.137752
v -0.240506 0.354503 0.137752
v -0.240506 0.354503 0.160452
v 0.240506 0.331803 -0.137752
v -0.240506 0.354503 -0.194501
v -0.240506 0.354503 -0.137752
v -0.194501 0.354503 0.240506
v -0.137752 0.354503 0.240506
v 0.194501 0.354503 -0.240506
v 0.137752 0.354503 -0.240506
v 0.240506 0.354503 0.194501
v 0.240506 0.354503 0.137752
v -0.240506 0.354503 -0.160452
v 0.240506 0.331803 0.137752
v -0.240506 0.445301 0.137752
v 0.081003 0.388552 0.240506
v -0.137752 0.491306 -0.194501
v -0.103703 0.388552 0.240506
v -0.081003 0.388552 0.240506
v -0.240506 0.388552 0.081003
v 0.240506 0.411252 0.103703
v -0.160452 0.354503 0.240506
v 0.240506 0.445301 -0.137752
v -0.240506 0.388552 -0.103703
v -0.240506 0.388552 -0.081003
v 0.194501 0.491306 0.137752
v 0.137752 0.491306 0.194501
v -0.103703 0.411252 0.240506
v -0.137752 0.445301 0.240506
v 0.240506 0.354503 -0.160452
v 0.194501 0.388552 0.240506
v 0.137752 0.445301 -0.240506
v 0.081003 0.388552 -0.240506
v 0.103703 0.411252 -0.240506
v 0.240506 0.354503 0.160452
v -0.194501 0.388552 -0.240506
v -0.240506 0.411252 -0.103703
v 0.240506 0.354503 -0.137752
v 0.240506 0.388552 -0.194501
v -0.240506 0.388552 0.194501
v -0.137752 0.491306 0.103703
v -0.160452 0.491306 0.103703
v -0.137752 0.331803 -0.240506
v -0.081003 0.388552 -0.240506
v -0.103703 0.411252 -0.240506
v 0.160452 0.491306 -0.103703
v 0.160452 0.354503 0.240506
v 0.137752 0.331803 0.240506
v 0.137752 0.491306 -0.194501
v 0.194501 0.491306 -0.194501
v 0.137752 0.445301 0.240506
v 0.194501 0.445301 0.240506
v 0.137752 0.491306 -0.103703
v 0.137752 0.491306 -0.081003
v -0.081003 0.491306 0.137752
v -0.160452 0.354503 -0.240506
v -0.137752 0.491306 0.194501
v -0.194501 0.491306 0.194501
v -0.137752 0.445301 -0.240506
v -0.194501 0.445301 -0.240506
v -0.103703 0.491306 0.160452
v 0.137752 0.354503 0.240506
v 0.081003 0.491306 -0.137752
v -0.103703 0.491306 -0.160452
v 0.103703 0.411252 0.240506
v -0.240506 0.411252 0.103703
v -0.137752 0.491306 0.081003
v -0.240506 0.445301 -0.137752
v -0.240506 0.445301 -0.194501
v -0.194501 0.491306 -0.137752
v -0.194501 0.491306 -0.194501
v 0.240506 0.411252 -0.103703
v 0.194501 0.491306 -0.137752
v 0.103703 0.491306 0.160452
v -0.194501 0.491306 0.137752
v 0.240506 0.388552 -0.081003
v -0.240506 0.331803 0.137752
v 0.240506 0.445301 0.137752
v 0.240506 0.445301 0.194501
v 0.160452 0.491306 0.103703
v 0.081003 0.491306 0.137752
v -0.160452 0.491306 -0.103703
v 0.137752 0.491306 0.081003
v -0.137752 0.491306 -0.081003
v -0.081003 0.491306 -0.137752
v -0.103703 0.491306 -0.137752
v 0.103703 0.491306 0.137752
v -0.240506 0.331803 -0.137752
v 0.103703 0.491306 -0.160452
v 0.240506 0.388552 0.194501
v -0.194501 0.388552 0.240506
v -0.194501 0.445301 0.240506
v 0.194501 0.388552 -0.240506
v 0.194501 0.445301 -0.240506
v -0.240506 0.388552 -0.194501
v 0.137752 0.331803 -0.240506
v 0.160452 0.354503 -0.240506
v 0.194501 0.491306 0.194501
v 0.137752 0.388552 -0.240506
v 0.137752 0.388552 0.240506
v 0.137752 0.491306 -0.137752
v 0.137752 0.491306 0.137752
v 0.240506 0.445301 -0.194501
v -0.240506 0.445301 0.194501
v 0.103703 0.388552 -0.240506
v -0.240506 0.388552 -0.137752
v -0.240506 0.388552 0.137752
v 0.240506 0.388552 0.137752
v 0.240506 0.388552 -0.137752
v -0.137752 0.388552 -0.240506
v -0.137752 0.388552 0.240506
v -0.137752 0.354503 -0.240506
v -0.137752 0.491306 -0.137752
v -0.137752 0.491306 0.137752
v -0.194501 0.481273 0.103703
v -0.194501 0.481273 -0.000000
v -0.103703 0.297753 -0.230473
v 0.137752 0.481273 0.000000
v 0.103703 0.481273 0.000000
v -0.230473 0.297753 0.103703
v 0.000000 0.388552 0.230473
v 0.000000 0.354503 0.230473
v -0.000000 0.388552 -0.230473
v -0.000000 0.354503 -0.230473
v 0.000000 0.481273 -0.056749
v 0.000000 0.481273 -0.103703
v 0.103703 0.481273 0.194501
v -0.000000 0.481273 0.194501
v 0.230473 0.388552 -0.000000
v 0.230473 0.354503 -0.000000
v 0.000000 0.481273 -0.137752
v -0.103703 0.481273 -0.194501
v 0.000000 0.481273 -0.194501
v 0.046953 0.354503 -0.230473
v -0.046953 0.354503 0.230473
v -0.046953 0.481273 -0.103703
v 0.103703 0.297753 0.230473
v -0.230473 0.388552 0.000000
v -0.230473 0.354503 0.000000
v -0.103703 0.445301 0.230473
v 0.000000 0.445301 0.230473
v 0.046953 0.481273 0.103703
v -0.000000 0.481273 0.103703
v -0.046953 0.481273 0.103703
v 0.230473 0.307549 -0.000000
v 0.103703 0.445301 -0.230473
v 0.000000 0.445301 -0.230473
v 0.046953 0.354503 0.230473
v 0.230473 0.297753 -0.103703
v 0.056749 0.481273 0.000000
v 0.194501 0.481273 -0.103703
v 0.194501 0.481273 0.000000
v 0.230473 0.354503 0.046953
v -0.103703 0.481273 0.046953
v -0.103703 0.481273 -0.000000
v -0.230473 0.445301 -0.103703
v -0.230473 0.445301 -0.000000
v 0.103703 0.481273 -0.046953
v 0.230473 0.354503 -0.194501
v 0.194501 0.354503 0.230473
v -0.103703 0.297753 0.230473
v -0.230473 0.307549 0.000000
v -0.230473 0.354503 0.194501
v 0.230473 0.445301 0.103703
v 0.230473 0.445301 0.000000
v -0.230473 0.354503 -0.046953
v -0.194501 0.354503 -0.230473
v 0.194501 0.481273 0.103703
v 0.230473 0.445301 -0.103703
v -0.230473 0.445301 0.103703
v -0.194501 0.481273 -0.103703
v 0.103703 0.445301 0.230473
v -0.103703 0.445301 -0.230473
v 0.103703 0.481273 -0.194501
v -0.137752 0.331803 0.230473
v -0.103703 0.481273 0.194501
v -0.230473 0.354503 0.046953
v 0.230473 0.331803 -0.137752
v -0.230473 0.354503 -0.194501
v -0.194501 0.354503 0.230473
v 0.194501 0.354503 -0.230473
v 0.230473 0.354503 0.194501
v -0.230473 0.354503 -0.160452
v 0.230473 0.331803 0.137752
v -0.230473 0.445301 0.137752
v 0.081003 0.388552 0.230473
v 0.230473 0.354503 -0.046953
v -0.137752 0.481273 -0.194501
v -0.230473 0.388552 0.081003
v -0.160452 0.354503 0.230473
v 0.230473 0.445301 -0.137752
v 0.194501 0.481273 0.137752
v 0.137752 0.481273 0.194501
v -0.137752 0.445301 0.230473
v 0.230473 0.354503 -0.160452
v 0.194501 0.388552 0.230473
v 0.000000 0.307549 0.230473
v 0.137752 0.445301 -0.230473
v 0.081003 0.388552 -0.230473
v 0.103703 0.411252 -0.230473
v 0.230473 0.354503 0.160452
v -0.194501 0.388552 -0.230473
v 0.230473 0.388552 -0.194501
v -0.230473 0.388552 0.194501
v -0.137752 0.331803 -0.230473
v -0.081003 0.388552 -0.230473
v -0.103703 0.411252 -0.230473
v 0.160452 0.481273 -0.103703
v 0.160452 0.354503 0.230473
v 0.137752 0.331803 0.230473
v -0.230473 0.297753 -0.103703
v -0.137752 0.481273 -0.000000
v -0.160452 0.481273 0.103703
v -0.160452 0.354503 -0.230473
v -0.000000 0.481273 0.056749
v -0.103703 0.481273 0.160452
v 0.081003 0.481273 -0.137752
v -0.103703 0.481273 -0.160452
v 0.103703 0.411252 0.230473
v -0.230473 0.411252 0.103703
v -0.137752 0.481273 0.081003
v 0.230473 0.411252 -0.103703
v -0.000000 0.481273 0.137752
v 0.103703 0.481273 0.160452
v -0.230473 0.354503 0.160452
v 0.230473 0.388552 -0.081003
v -0.230473 0.331803 0.137752
v 0.160452 0.481273 0.103703
v 0.103703 0.481273 0.046953
v 0.081003 0.481273 0.137752
v -0.103703 0.481273 -0.046953
v -0.056749 0.481273 -0.000000
v -0.194501 0.481273 -0.137752
v -0.160452 0.481273 -0.103703
v 0.137752 0.481273 0.081003
v -0.137752 0.481273 -0.081003
v -0.081003 0.481273 -0.137752
v -0.230473 0.331803 -0.137752
v 0.103703 0.481273 -0.160452
v 0.230473 0.388552 0.194501
v -0.081003 0.481273 0.137752
v -0.230473 0.388552 -0.081003
v -0.081003 0.388552 0.230473
v 0.230473 0.388552 0.081003
v -0.103703 0.411252 0.230473
v 0.230473 0.411252 0.103703
v 0.137752 0.481273 -0.081003
v 0.230473 0.297753 0.103703
v -0.230473 0.411252 -0.103703
v 0.046953 0.481273 -0.103703
v 0.137752 0.331803 -0.230473
v 0.103703 0.297753 -0.230473
v -0.137752 0.481273 0.194501
v 0.230473 0.445301 0.137752
v 0.137752 0.481273 -0.194501
v -0.230473 0.388552 -0.194501
v -0.194501 0.388552 0.230473
v 0.137752 0.445301 0.230473
v 0.160452 0.354503 -0.230473
v -0.046953 0.354503 -0.230473
v -0.137752 0.445301 -0.230473
v 0.194501 0.388552 -0.230473
v 0.194501 0.481273 -0.137752
v -0.000000 0.307549 -0.230473
v -0.230473 0.445301 -0.137752
v -0.194501 0.481273 0.137752
vn 0.5774 -0.5774 -0.5774
vn 0.5774 -0.5774 0.5773
vn -0.5774 -0.5774 -0.5774
vn -0.5774 -0.5774 0.5773
vn -0.7071 -0.0000 0.7071
vn -0.0000 -0.0000 -1.0000
vn -0.0000 -0.0000 1.0000
vn -1.0000 -0.0000 -0.0000
vn -0.0000 -0.7071 -0.7071
vn -0.0000 -0.7071 0.7071
vn -0.0000 -1.0000 -0.0000
vn 0.7071 -0.7071 -0.0000
vn 1.0000 -0.0000 -0.0000
vn -0.7071 -0.0000 -0.7071
vn 0.7071 -0.0000 0.7071
vn -0.7071 -0.7071 -0.0000
vn 0.7071 -0.0000 -0.7071
vn -0.0000 1.0000 -0.0000
vn 0.7071 0.7071 -0.0000
vn -0.7071 0.7071 -0.0000
vn -0.0000 0.7071 0.7071
vn -0.0000 0.7071 -0.7071
vn 0.5774 0.5773 -0.5773
vn 0.5774 0.5773 0.5773
vn -0.5774 0.5773 -0.5773
vn -0.5774 0.5773 0.5773
vt 0.703368 0.188658
vt 0.711972 0.183691
vt 0.711972 0.193625
vt 0.634884 0.399246
vt 0.643488 0.394279
vt 0.643488 0.404213
vt 0.668596 0.183691
vt 0.668596 0.193625
vt 0.659993 0.188658
vt 0.678260 0.394279
vt 0.686863 0.399246
vt 0.678260 0.404213
vt 0.263167 0.482732
vt 0.273101 0.482732
vt 0.273101 0.526469
vt 0.263167 0.526469
vt 0.006542 0.272144
vt 0.023261 0.272144
vt 0.023262 0.315882
vt 0.006542 0.315882
vt 0.204046 0.149031
vt 0.187326 0.149031
vt 0.187326 0.105294
vt 0.204046 0.105294
vt 0.217130 0.061557
vt 0.233849 0.061557
vt 0.233849 0.105294
vt 0.217130 0.105294
vt 0.496773 0.272144
vt 0.506708 0.272144
vt 0.506708 0.315882
vt 0.496773 0.315882
vt 0.542810 0.272144
vt 0.552745 0.272144
vt 0.552745 0.315882
vt 0.542810 0.315882
vt 0.217130 0.272144
vt 0.233849 0.272144
vt 0.233849 0.315882
vt 0.217130 0.315882
vt 0.061557 0.204046
vt 0.061557 0.187326
vt 0.105294 0.187326
vt 0.105294 0.204046
vt 0.414634 0.359619
vt 0.397914 0.359619
vt 0.397914 0.315882
vt 0.414634 0.315882
vt 0.149031 0.217130
vt 0.149031 0.233849
vt 0.105294 0.233849
vt 0.105294 0.217130
vt 0.565829 0.272144
vt 0.575763 0.272144
vt 0.575763 0.315882
vt 0.565829 0.315882
vt 0.272144 0.023262
vt 0.272144 0.006542
vt 0.315882 0.006542
vt 0.315882 0.023262
vt 0.272144 0.233849
vt 0.272144 0.217130
vt 0.315882 0.217130
vt 0.315882 0.233849
vt 0.359619 0.397914
vt 0.359619 0.414634
vt 0.315882 0.414634
vt 0.315882 0.397914
vt 0.482732 0.023261
vt 0.482732 0.006542
vt 0.526469 0.006542
vt 0.526469 0.023261
vt 0.611866 0.272144
vt 0.621800 0.272144
vt 0.621800 0.315882
vt 0.611866 0.315882
vt 0.473755 0.272144
vt 0.483689 0.272144
vt 0.483689 0.315882
vt 0.473755 0.315882
vt 0.529726 0.359619
vt 0.519792 0.359619
vt 0.519792 0.315882
vt 0.529726 0.315882
vt 0.427718 0.061557
vt 0.444437 0.061557
vt 0.444437 0.105294
vt 0.427718 0.105294
vt 0.519792 0.272144
vt 0.529726 0.272144
vt 0.575763 0.359619
vt 0.565829 0.359619
vt 0.506708 0.359619
vt 0.496773 0.359619
vt 0.552745 0.359619
vt 0.542810 0.359619
vt 0.598782 0.315882
vt 0.588847 0.315882
vt 0.588847 0.272144
vt 0.598782 0.272144
vt 0.359619 0.006542
vt 0.359619 0.023262
vt 0.359619 0.217130
vt 0.359619 0.233849
vt 0.272144 0.414634
vt 0.272144 0.397914
vt 0.570207 0.006542
vt 0.570207 0.023262
vt 0.625221 0.105294
vt 0.608502 0.105294
vt 0.608502 0.061557
vt 0.625221 0.061557
vt 0.006542 0.105294
vt 0.023262 0.105294
vt 0.023262 0.149031
vt 0.006542 0.149031
vt 0.233849 0.359619
vt 0.217130 0.359619
vt 0.149031 0.187326
vt 0.149031 0.204046
vt 0.414634 0.105294
vt 0.397914 0.105294
vt 0.397914 0.061557
vt 0.414634 0.061557
vt 0.204046 0.315882
vt 0.187326 0.315882
vt 0.187326 0.272144
vt 0.204046 0.272144
vt 0.397914 0.272144
vt 0.414634 0.272144
vt 0.061556 0.233849
vt 0.061556 0.217130
vt 0.373980 0.023262
vt 0.380249 0.006542
vt 0.529726 0.251514
vt 0.519792 0.251514
vt 0.397914 0.023262
vt 0.414634 0.006542
vt 0.529726 0.217130
vt 0.519792 0.217130
vt 0.529726 0.380250
vt 0.529726 0.414634
vt 0.519792 0.414634
vt 0.519792 0.380250
vt 0.373980 0.233849
vt 0.380250 0.217130
vt 0.397914 0.233849
vt 0.414634 0.217130
vt 0.584567 0.023262
vt 0.590837 0.006542
vt 0.565829 0.380250
vt 0.575763 0.380250
vt 0.608502 0.023262
vt 0.625221 0.006542
vt 0.565829 0.414634
vt 0.575763 0.414634
vt 0.257784 0.397914
vt 0.251514 0.414634
vt 0.565829 0.251514
vt 0.565829 0.217130
vt 0.575763 0.217130
vt 0.575763 0.251514
vt 0.233849 0.257784
vt 0.217130 0.251514
vt 0.047196 0.187326
vt 0.040926 0.204046
vt 0.163392 0.187326
vt 0.187326 0.187326
vt 0.204046 0.204046
vt 0.169662 0.204046
vt 0.397914 0.373980
vt 0.414634 0.380250
vt 0.611866 0.251514
vt 0.611866 0.217130
vt 0.621800 0.217130
vt 0.621800 0.251514
vt 0.163392 0.233849
vt 0.169662 0.217130
vt 0.047196 0.233849
vt 0.023261 0.233849
vt 0.006542 0.217130
vt 0.040926 0.217130
vt 0.023261 0.257784
vt 0.006542 0.251514
vt 0.608502 0.047196
vt 0.625221 0.040926
vt 0.444437 0.047196
vt 0.427718 0.040926
vt 0.444437 0.023261
vt 0.427718 0.006542
vt 0.187326 0.163392
vt 0.204046 0.169662
vt 0.233849 0.047196
vt 0.217130 0.040926
vt 0.598782 0.251514
vt 0.588847 0.251514
vt 0.598782 0.217130
vt 0.588847 0.217130
vt 0.542810 0.380250
vt 0.552745 0.380250
vt 0.542810 0.414634
vt 0.552745 0.414634
vt 0.473755 0.251514
vt 0.473755 0.217130
vt 0.483689 0.217130
vt 0.483689 0.251514
vt 0.263167 0.462102
vt 0.263167 0.427718
vt 0.273101 0.427718
vt 0.273101 0.462102
vt 0.496773 0.380250
vt 0.506708 0.380250
vt 0.496773 0.414634
vt 0.506708 0.414634
vt 0.257784 0.023262
vt 0.233849 0.023262
vt 0.217130 0.006542
vt 0.251514 0.006542
vt 0.373980 0.397914
vt 0.397914 0.397914
vt 0.414634 0.414634
vt 0.380250 0.414634
vt 0.233849 0.233849
vt 0.217130 0.217130
vt 0.397914 0.257784
vt 0.414634 0.251514
vt 0.233849 0.373980
vt 0.233849 0.397914
vt 0.217130 0.414634
vt 0.217130 0.380250
vt 0.542810 0.251514
vt 0.552745 0.251514
vt 0.542810 0.217130
vt 0.552745 0.217130
vt 0.023262 0.187326
vt 0.006542 0.204046
vt 0.792083 0.591782
vt 0.792083 0.567848
vt 0.796425 0.567848
vt 0.796425 0.591782
vt 0.158142 0.720338
vt 0.158142 0.676600
vt 0.162484 0.676600
vt 0.162484 0.720338
vt 0.071514 0.662240
vt 0.071514 0.638305
vt 0.075855 0.638305
vt 0.075855 0.662240
vt 0.735685 0.643161
vt 0.735685 0.686899
vt 0.731344 0.686899
vt 0.731344 0.643161
vt 0.649056 0.643161
vt 0.649056 0.686899
vt 0.644715 0.686899
vt 0.644715 0.643161
vt 0.779000 0.628801
vt 0.779000 0.643161
vt 0.774658 0.643161
vt 0.774658 0.628801
vt 0.792083 0.466013
vt 0.792083 0.451652
vt 0.796425 0.451652
vt 0.796425 0.466013
vt 0.735685 0.730636
vt 0.731344 0.730636
vt 0.023262 0.163392
vt 0.006542 0.169662
vt 0.397914 0.047196
vt 0.414634 0.040926
vt 0.187326 0.257784
vt 0.204046 0.251514
vt 0.158143 0.778436
vt 0.158143 0.764075
vt 0.162484 0.764075
vt 0.162484 0.778436
vt 0.757342 0.730636
vt 0.757342 0.744997
vt 0.753001 0.744997
vt 0.753001 0.730636
vt 0.757342 0.686899
vt 0.753001 0.686899
vt 0.757342 0.643161
vt 0.753001 0.643161
vt 0.187326 0.233849
vt 0.204046 0.217130
vt 0.735685 0.628801
vt 0.731344 0.628801
vt 0.778999 0.744997
vt 0.778999 0.768931
vt 0.774658 0.768931
vt 0.774658 0.744997
vt 0.071514 0.802370
vt 0.071514 0.778436
vt 0.075855 0.778436
vt 0.075855 0.802370
vt 0.735685 0.744997
vt 0.731344 0.744997
vt 0.101744 0.676600
vt 0.101744 0.720338
vt 0.097403 0.720338
vt 0.097403 0.676600
vt 0.779000 0.604866
vt 0.774658 0.604866
vt 0.792083 0.553487
vt 0.796425 0.553487
vt 0.662140 0.686899
vt 0.662140 0.643161
vt 0.666481 0.643161
vt 0.666481 0.686899
vt 0.735685 0.768931
vt 0.731344 0.768931
vt 0.714028 0.686899
vt 0.714028 0.730636
vt 0.709686 0.730636
vt 0.709686 0.686899
vt 0.683797 0.686899
vt 0.683797 0.643161
vt 0.688139 0.643161
vt 0.688139 0.686899
vt 0.071514 0.720338
vt 0.071514 0.676600
vt 0.075855 0.676600
vt 0.075855 0.720338
vt 0.649056 0.628801
vt 0.644715 0.628801
vt 0.757342 0.604866
vt 0.757342 0.628801
vt 0.753001 0.628801
vt 0.753001 0.604866
vt 0.727112 0.509750
vt 0.727112 0.466013
vt 0.731453 0.466013
vt 0.731453 0.509750
vt 0.800657 0.628801
vt 0.800657 0.643161
vt 0.796315 0.643161
vt 0.796315 0.628801
vt 0.748769 0.451652
vt 0.748769 0.427718
vt 0.753110 0.427718
vt 0.753110 0.451652
vt 0.748769 0.509750
vt 0.748769 0.466013
vt 0.753110 0.466013
vt 0.753110 0.509750
vt 0.662140 0.628801
vt 0.662140 0.604866
vt 0.666481 0.604866
vt 0.666481 0.628801
vt 0.101744 0.764075
vt 0.097403 0.764075
vt 0.714028 0.628801
vt 0.714028 0.643161
vt 0.709686 0.643161
vt 0.709686 0.628801
vt 0.683797 0.628801
vt 0.683797 0.604866
vt 0.688139 0.604866
vt 0.688139 0.628801
vt 0.496773 0.251514
vt 0.506708 0.251514
vt 0.496773 0.217130
vt 0.506708 0.217130
vt 0.792083 0.427718
vt 0.796425 0.427718
vt 0.727112 0.451652
vt 0.727112 0.427718
vt 0.731453 0.427718
vt 0.731453 0.451652
vt 0.778999 0.466013
vt 0.778999 0.509750
vt 0.774658 0.509750
vt 0.774658 0.466013
vt 0.158143 0.802370
vt 0.162484 0.802370
vt 0.792083 0.509750
vt 0.796425 0.509750
vt 0.757342 0.768931
vt 0.753001 0.768931
vt 0.123401 0.662240
vt 0.123401 0.676600
vt 0.119060 0.676600
vt 0.119060 0.662240
vt 0.778999 0.730636
vt 0.774658 0.730636
vt 0.800657 0.686899
vt 0.796315 0.686899
vt 0.158142 0.662240
vt 0.162484 0.662240
vt 0.158142 0.638305
vt 0.162484 0.638305
vt 0.779000 0.686899
vt 0.774658 0.686899
vt 0.071514 0.764075
vt 0.075855 0.764075
vt 0.101744 0.778436
vt 0.101744 0.802370
vt 0.097403 0.802370
vt 0.097403 0.778436
vt 0.714028 0.744997
vt 0.714028 0.768931
vt 0.709686 0.768931
vt 0.709686 0.744997
vt 0.123401 0.720338
vt 0.119060 0.720338
vt 0.649056 0.604866
vt 0.644715 0.604866
vt 0.800657 0.604866
vt 0.796315 0.604866
vt 0.123401 0.638305
vt 0.119060 0.638305
vt 0.778999 0.427718
vt 0.778999 0.451652
vt 0.774658 0.451652
vt 0.774658 0.427718
vt 0.735685 0.604866
vt 0.731344 0.604866
vt 0.101744 0.638305
vt 0.101744 0.662240
vt 0.097403 0.662240
vt 0.097403 0.638305
vt 0.714028 0.604866
vt 0.709686 0.604866
vt 0.257784 0.233849
vt 0.251514 0.217130
vt 0.468371 0.023261
vt 0.462102 0.006542
vt 0.589104 0.643161
vt 0.589104 0.667096
vt 0.569301 0.686899
vt 0.545366 0.662964
vt 0.565169 0.643161
vt 0.770426 0.730636
vt 0.770426 0.686899
vt 0.772295 0.810021
vt 0.772295 0.782015
vt 0.776527 0.782015
vt 0.776527 0.810021
vt 0.432781 0.905268
vt 0.432781 0.925577
vt 0.428549 0.925577
vt 0.428549 0.905268
vt 0.480650 0.993458
vt 0.480650 0.973149
vt 0.484882 0.973149
vt 0.484882 0.993458
vt 0.640483 0.643161
vt 0.640483 0.628801
vt 0.792083 0.643161
vt 0.792083 0.628801
vt 0.627399 0.628801
vt 0.613038 0.643161
vt 0.603464 0.643161
vt 0.603464 0.628801
vt 0.775015 0.342900
vt 0.760654 0.342900
vt 0.760654 0.318965
vt 0.775015 0.333326
vt 0.634885 0.357260
vt 0.649245 0.342900
vt 0.658819 0.342900
vt 0.658819 0.357260
vt 0.984401 0.625175
vt 0.984401 0.638715
vt 0.980169 0.638715
vt 0.980169 0.625175
vt 0.705454 0.730636
vt 0.705454 0.686899
vt 0.589104 0.567848
vt 0.589104 0.577422
vt 0.579530 0.567848
vt 0.676600 0.030476
vt 0.676600 0.020903
vt 0.686174 0.030476
vt 0.760654 0.241064
vt 0.760654 0.255425
vt 0.736720 0.255425
vt 0.751080 0.241064
vt 0.501629 0.553487
vt 0.501629 0.529553
vt 0.521432 0.509750
vt 0.545366 0.533684
vt 0.525563 0.553487
vt 0.673180 0.255425
vt 0.697114 0.255425
vt 0.716917 0.275228
vt 0.692982 0.299162
vt 0.673180 0.279359
vt 0.324480 0.451652
vt 0.324480 0.442078
vt 0.334054 0.451652
vt 0.676600 0.044837
vt 0.700535 0.044837
vt 0.720338 0.064640
vt 0.696403 0.088574
vt 0.676600 0.068771
vt 0.324480 0.466013
vt 0.348415 0.466013
vt 0.368218 0.485816
vt 0.344283 0.509750
vt 0.324480 0.489947
vt 0.978462 0.250978
vt 0.978462 0.237439
vt 0.982694 0.237439
vt 0.982694 0.250978
vt 0.760654 0.357260
vt 0.760654 0.366834
vt 0.751080 0.357260
vt 0.748769 0.643161
vt 0.748769 0.628801
vt 0.080087 0.720338
vt 0.080087 0.764075
vt 0.716917 0.299162
vt 0.740851 0.299162
vt 0.716917 0.323097
vt 0.501629 0.628801
vt 0.501629 0.619227
vt 0.511203 0.628801
vt 0.986115 0.135637
vt 0.986115 0.155946
vt 0.981883 0.155946
vt 0.981883 0.135637
vt 0.080087 0.676600
vt 0.772295 0.843869
vt 0.772295 0.830330
vt 0.776527 0.830330
vt 0.776527 0.843869
vt 0.800656 0.451652
vt 0.800656 0.466013
vt 0.166716 0.764075
vt 0.166716 0.778436
vt 0.114828 0.676600
vt 0.114828 0.662240
vt 0.978462 0.217130
vt 0.982694 0.217130
vt 0.166716 0.959016
vt 0.166716 0.972555
vt 0.162484 0.972555
vt 0.162484 0.959016
vt 0.775015 0.357260
vt 0.775015 0.381195
vt 0.502197 0.959610
vt 0.502197 0.973149
vt 0.497966 0.973149
vt 0.497966 0.959610
vt 0.658819 0.241064
vt 0.673180 0.241064
vt 0.658819 0.255425
vt 0.402381 0.451652
vt 0.411955 0.442078
vt 0.411955 0.451652
vt 0.450250 0.451652
vt 0.426316 0.451652
vt 0.426316 0.427718
vt 0.450250 0.427718
vt 0.778436 0.030476
vt 0.778436 0.044837
vt 0.764075 0.044837
vt 0.764075 0.030476
vt 0.325049 0.931604
vt 0.325049 0.945143
vt 0.320817 0.945143
vt 0.320817 0.931604
vt 0.426316 0.466013
vt 0.411955 0.466013
vt 0.487268 0.567848
vt 0.487268 0.553487
vt 0.501629 0.567848
vt 0.310120 0.475586
vt 0.300546 0.466013
vt 0.310120 0.466013
vt 0.589104 0.628801
vt 0.435889 0.466013
vt 0.426316 0.475586
vt 0.662240 0.030476
vt 0.638305 0.030476
vt 0.638305 0.006542
vt 0.662240 0.006542
vt 0.093171 0.764075
vt 0.093171 0.720338
vt 0.080087 0.778436
vt 0.487268 0.652735
vt 0.477695 0.643161
vt 0.487268 0.643161
vt 0.980169 0.733962
vt 0.980169 0.720422
vt 0.984401 0.720422
vt 0.984401 0.733962
vt 0.772295 0.897571
vt 0.772295 0.877262
vt 0.776527 0.877262
vt 0.776527 0.897571
vt 0.286185 0.993458
vt 0.286185 0.965452
vt 0.290417 0.965452
vt 0.290417 0.993458
vt 0.432781 0.802324
vt 0.432781 0.815864
vt 0.428549 0.815864
vt 0.428549 0.802324
vt 0.307733 0.945143
vt 0.307733 0.965452
vt 0.303501 0.965452
vt 0.303501 0.945143
vt 0.673180 0.231490
vt 0.682753 0.241064
vt 0.772295 0.911110
vt 0.776527 0.911110
vt 0.093171 0.676600
vt 0.658819 0.264999
vt 0.649245 0.255425
vt 0.658819 0.217130
vt 0.943619 0.917584
vt 0.943619 0.897275
vt 0.947851 0.897275
vt 0.947851 0.917584
vt 0.980169 0.754271
vt 0.984401 0.754271
vt 0.793842 0.905268
vt 0.793842 0.925577
vt 0.789611 0.925577
vt 0.789611 0.905268
vt 0.800656 0.509750
vt 0.534516 0.939301
vt 0.534516 0.911295
vt 0.538748 0.911295
vt 0.538748 0.939301
vt 0.519513 0.931604
vt 0.519513 0.945143
vt 0.515281 0.945143
vt 0.515281 0.931604
vt 0.613038 0.553487
vt 0.627399 0.567848
vt 0.603464 0.567848
vt 0.603464 0.553487
vt 0.772295 0.931419
vt 0.776527 0.931419
vt 0.545366 0.509750
vt 0.579530 0.628801
vt 0.511203 0.567848
vt 0.093171 0.778436
vt 0.609930 0.973149
vt 0.609930 0.993458
vt 0.605698 0.993458
vt 0.605698 0.973149
vt 0.770426 0.466013
vt 0.770426 0.451652
vt 0.760654 0.231490
vt 0.501629 0.667096
vt 0.501629 0.643161
vt 0.662240 0.054411
vt 0.662240 0.044837
vt 0.705454 0.744997
vt 0.793842 0.939116
vt 0.789611 0.939116
vt 0.603464 0.543914
vt 0.798949 0.217130
vt 0.798949 0.241064
vt 0.775015 0.241064
vt 0.775015 0.217130
vt 0.682753 0.357260
vt 0.673180 0.366834
vt 0.673180 0.357260
vt 0.286185 0.945143
vt 0.290417 0.945143
vt 0.487268 0.591782
vt 0.463334 0.591782
vt 0.463334 0.567848
vt 0.603464 0.652735
vt 0.166716 0.676600
vt 0.166716 0.720338
vt 0.569301 0.509750
vt 0.093171 0.662240
vt 0.589104 0.529553
vt 0.589104 0.553487
vt 0.673180 0.318965
vt 0.697114 0.342900
vt 0.673180 0.342900
vt 0.603464 0.591782
vt 0.487268 0.543914
vt 0.361599 0.945143
vt 0.361599 0.965452
vt 0.357367 0.965452
vt 0.357367 0.945143
vt 0.658819 0.381195
vt 0.652666 0.044837
vt 0.286185 0.931604
vt 0.286185 0.911295
vt 0.290417 0.911295
vt 0.290417 0.931604
vt 0.760654 0.279359
vt 0.984401 0.659024
vt 0.980169 0.659024
vt 0.545366 0.686899
vt 0.705454 0.643161
vt 0.463334 0.628801
vt 0.487268 0.628801
vt 0.727112 0.730636
vt 0.727112 0.686899
vt 0.802370 0.030476
vt 0.788009 0.044837
vt 0.778436 0.054411
vt 0.764075 0.068771
vt 0.770426 0.643161
vt 0.770426 0.628801
vt 0.487268 0.604866
vt 0.519513 0.965452
vt 0.515281 0.965452
vt 0.754501 0.030476
vt 0.764075 0.020903
vt 0.589104 0.619227
vt 0.534516 0.959610
vt 0.538748 0.959610
vt 0.775015 0.264999
vt 0.775015 0.255425
vt 0.634885 0.217130
vt 0.634885 0.241064
vt 0.603464 0.604866
vt 0.627399 0.604866
vt 0.463334 0.604866
vt 0.748769 0.744997
vt 0.748769 0.730636
vt 0.736720 0.342900
vt 0.748769 0.686899
vt 0.477695 0.553487
vt 0.501629 0.577422
vt 0.778436 0.006542
vt 0.720338 0.088574
vt 0.525563 0.643161
vt 0.521432 0.686899
vt 0.432781 0.782015
vt 0.428549 0.782015
vt 0.793842 0.877262
vt 0.789611 0.877262
vt 0.727112 0.744997
vt 0.361599 0.931604
vt 0.357367 0.931604
vt 0.361599 0.993458
vt 0.357367 0.993458
vt 0.634885 0.381195
vt 0.658819 0.333326
vt 0.432781 0.939116
vt 0.432781 0.959425
vt 0.428549 0.959425
vt 0.428549 0.939116
vt 0.740141 0.044837
vt 0.310120 0.451652
vt 0.727112 0.643161
vt 0.727112 0.628801
vt 0.286185 0.451652
vt 0.286185 0.427718
vt 0.310120 0.427718
vt 0.800656 0.553487
vt 0.800656 0.567848
vt 0.411955 0.489947
vt 0.565169 0.553487
vt 0.450250 0.911110
vt 0.450250 0.931419
vt 0.446018 0.931419
vt 0.446018 0.911110
vt 0.361599 0.911295
vt 0.357367 0.911295
vt 0.627399 0.591782
vt 0.307733 0.931604
vt 0.303501 0.931604
vt 0.502197 0.939301
vt 0.497966 0.939301
vt 0.534516 0.993458
vt 0.534516 0.973149
vt 0.538748 0.973149
vt 0.538748 0.993458
vt 0.744272 0.088574
vt 0.450250 0.877262
vt 0.450250 0.897571
vt 0.446018 0.897571
vt 0.446018 0.877262
vt 0.984401 0.604866
vt 0.980169 0.604866
vt 0.784589 0.342900
vt 0.502197 0.993458
vt 0.497966 0.993458
vt 0.705454 0.628801
vt 0.307733 0.911295
vt 0.303501 0.911295
vt 0.772295 0.864178
vt 0.776527 0.864178
vt 0.978462 0.299293
vt 0.978462 0.271287
vt 0.982694 0.271287
vt 0.982694 0.299293
vt 0.986115 0.183952
vt 0.981883 0.183952
vt 0.784589 0.255425
vt 0.984401 0.687029
vt 0.980169 0.687029
vt 0.943619 0.945589
vt 0.947851 0.945589
vt 0.166716 0.662240
vt 0.432781 0.877262
vt 0.428549 0.877262
vt 0.519513 0.993458
vt 0.515281 0.993458
vt 0.802370 0.006542
vt 0.325049 0.911295
vt 0.320817 0.911295
vt 0.114828 0.720338
vt 0.943619 0.883735
vt 0.947851 0.883735
vt 0.392152 0.509750
vt 0.368218 0.509750
vt 0.798949 0.357260
vt 0.388021 0.466013
vt 0.798949 0.381195
vt 0.166716 0.938707
vt 0.162484 0.938707
vt 0.980169 0.700113
vt 0.984401 0.700113
vt 0.080087 0.662240
vt 0.640483 0.686899
vt 0.432781 0.836173
vt 0.428549 0.836173
vt 0.572811 0.840113
vt 0.572811 0.820310
vt 0.592614 0.840113
vt 0.895077 0.710268
vt 0.884923 0.700113
vt 0.905232 0.700113
vt 0.558450 0.805950
vt 0.558450 0.840113
vt 0.853749 0.064640
vt 0.873552 0.064640
vt 0.853749 0.084443
vt 0.218095 0.825683
vt 0.218095 0.805880
vt 0.237898 0.825683
vt 0.643993 0.840113
vt 0.663796 0.840113
vt 0.643993 0.859916
vt 0.324480 0.840113
vt 0.344283 0.840113
vt 0.324480 0.859916
vt 0.395662 0.840113
vt 0.395662 0.820310
vt 0.415465 0.840113
vt 0.896790 0.016697
vt 0.906945 0.006542
vt 0.920484 0.006542
vt 0.944642 0.030699
vt 0.927717 0.047623
vt 0.839388 0.064640
vt 0.815454 0.064640
vt 0.815454 0.020903
vt 0.829815 0.020903
vt 0.839388 0.030476
vt 0.954796 0.020545
vt 0.968799 0.034548
vt 0.968799 0.054857
vt 0.310120 0.840113
vt 0.286185 0.840113
vt 0.286185 0.796376
vt 0.300546 0.796376
vt 0.310120 0.805950
vt 0.381302 0.840113
vt 0.357367 0.840113
vt 0.357367 0.796376
vt 0.371728 0.796376
vt 0.381302 0.805950
vt 0.572811 0.859916
vt 0.558450 0.874277
vt 0.846197 0.275228
vt 0.831836 0.275228
vt 0.831836 0.255425
vt 0.846197 0.241064
vt 0.847904 0.485816
vt 0.833543 0.485816
vt 0.833543 0.466013
vt 0.847904 0.451652
vt 0.942928 0.724271
vt 0.926004 0.741195
vt 0.918771 0.700113
vt 0.870131 0.275228
vt 0.855771 0.231490
vt 0.870131 0.231490
vt 0.871838 0.485816
vt 0.857478 0.442078
vt 0.871838 0.442078
vt 0.534516 0.840113
vt 0.548877 0.883850
vt 0.534516 0.883850
vt 0.847904 0.662964
vt 0.833543 0.662964
vt 0.833543 0.643161
vt 0.847904 0.628801
vt 0.847904 0.792244
vt 0.833543 0.792244
vt 0.833543 0.772441
vt 0.847904 0.758081
vt 0.871839 0.662964
vt 0.857478 0.619227
vt 0.871839 0.619227
vt 0.286185 0.782015
vt 0.942928 0.485723
vt 0.926004 0.468799
vt 0.956931 0.437872
vt 0.967085 0.448027
vt 0.967085 0.461566
vt 0.357367 0.782015
vt 0.871838 0.427718
vt 0.870131 0.217130
vt 0.605698 0.782015
vt 0.620059 0.796376
vt 0.605698 0.796376
vt 0.643993 0.820310
vt 0.967085 0.761967
vt 0.967085 0.782276
vt 0.956931 0.772122
vt 0.940793 0.006542
vt 0.968799 0.006542
vt 0.967085 0.728119
vt 0.953083 0.714116
vt 0.967085 0.700113
vt 0.886636 0.006542
vt 0.815454 0.006542
vt 0.967085 0.748428
vt 0.885749 0.873581
vt 0.895903 0.863426
vt 0.895903 0.883735
vt 0.395662 0.859916
vt 0.179800 0.652666
vt 0.179800 0.638305
vt 0.194160 0.652666
vt 0.895903 0.917584
vt 0.895903 0.945589
vt 0.881901 0.931586
vt 0.871746 0.921432
vt 0.854822 0.904508
vt 0.895903 0.897275
vt 0.813741 0.792244
vt 0.853749 0.044837
vt 0.871839 0.748507
vt 0.857478 0.748507
vt 0.871839 0.734146
vt 0.871839 0.604866
vt 0.381302 0.874277
vt 0.371728 0.883850
vt 0.357367 0.883850
vt 0.839388 0.098804
vt 0.829815 0.108377
vt 0.815454 0.108377
vt 0.629632 0.874277
vt 0.620059 0.883850
vt 0.605698 0.883850
vt 0.605698 0.840113
vt 0.629632 0.840113
vt 0.937373 0.217130
vt 0.965378 0.217130
vt 0.951375 0.231133
vt 0.893370 0.227284
vt 0.883215 0.217130
vt 0.903524 0.217130
vt 0.813741 0.662964
vt 0.324480 0.820310
vt 0.179800 0.767585
vt 0.194160 0.781946
vt 0.179800 0.781946
vt 0.203734 0.825683
vt 0.179800 0.825683
vt 0.203734 0.791520
vt 0.218095 0.676600
vt 0.237898 0.696403
vt 0.218095 0.696403
vt 0.203734 0.859847
vt 0.194160 0.869421
vt 0.179800 0.869421
vt 0.967085 0.427718
vt 0.179800 0.883781
vt 0.939080 0.700113
vt 0.629632 0.805950
vt 0.953082 0.495878
vt 0.967085 0.481875
vt 0.310120 0.874277
vt 0.300546 0.883850
vt 0.286185 0.883850
vt 0.813740 0.485816
vt 0.871839 0.792244
vt 0.218095 0.845486
vt 0.605698 0.898211
vt 0.357367 0.898211
vt 0.968799 0.068396
vt 0.958644 0.078550
vt 0.286185 0.898211
vt 0.203734 0.696403
vt 0.203734 0.662240
vt 0.812033 0.275228
vt 0.179800 0.696403
vt 0.968799 0.088705
vt 0.967085 0.509881
vt 0.548877 0.796376
vt 0.534516 0.796376
vt 0.534516 0.782015
vt 0.815454 0.122738
vt 0.941221 0.241287
vt 0.917064 0.217130
vt 0.534516 0.898211
vt 0.924297 0.258211
vt 0.986115 0.006542
vt 0.986115 0.034548
vt 0.981883 0.034548
vt 0.981883 0.006542
vt 0.480650 0.939301
vt 0.480650 0.911295
vt 0.484882 0.911295
vt 0.484882 0.939301
vt 0.374683 0.931604
vt 0.374683 0.911295
vt 0.378915 0.911295
vt 0.378915 0.931604
vt 0.986115 0.101789
vt 0.986115 0.122098
vt 0.981883 0.122098
vt 0.981883 0.101789
vt 0.986115 0.054857
vt 0.986115 0.068396
vt 0.981883 0.068396
vt 0.981883 0.054857
vt 0.759211 0.931420
vt 0.759211 0.959425
vt 0.754979 0.959425
vt 0.754979 0.931420
vt 0.502197 0.911295
vt 0.497966 0.911295
vt 0.374683 0.993458
vt 0.374683 0.965452
vt 0.378915 0.965452
vt 0.378915 0.993458
vt 0.759211 0.877262
vt 0.759211 0.897571
vt 0.754979 0.897571
vt 0.754979 0.877262
vt 0.480650 0.959610
vt 0.484882 0.959610
vt 0.759211 0.911111
vt 0.754979 0.911111
vt 0.986115 0.088705
vt 0.981883 0.088705
vt 0.374683 0.945143
vt 0.378915 0.945143
vt 0.609930 0.959610
vt 0.605698 0.959610
vt 0.166716 0.910701
vt 0.162484 0.910701
vt 0.757342 0.466013
vt 0.757342 0.509750
vt 0.325049 0.965452
vt 0.325049 0.993458
vt 0.320817 0.993458
vt 0.320817 0.965452
vt 0.735685 0.466013
vt 0.735685 0.509750
vt 0.609930 0.911295
vt 0.609930 0.939301
vt 0.605698 0.939301
vt 0.605698 0.911295
vt 0.735685 0.451652
vt 0.519513 0.911295
vt 0.515281 0.911295
vt 0.692370 0.643161
vt 0.692370 0.686899
vt 0.692370 0.628801
vt 0.792083 0.686899
vt 0.943619 0.863426
vt 0.947851 0.863426
vt 0.772295 0.959425
vt 0.776527 0.959425
vt 0.307733 0.993458
vt 0.303501 0.993458
vt 0.670713 0.628801
vt 0.670713 0.643161
vt 0.980169 0.782276
vt 0.984401 0.782276
vt 0.450250 0.959425
vt 0.446018 0.959425
vt 0.757342 0.451652
vt 0.770426 0.509750
vt 0.432781 0.864178
vt 0.428549 0.864178
vt 0.670713 0.686899
vt 0.166716 0.992864
vt 0.162484 0.992864
vt 0.793842 0.959425
vt 0.789611 0.959425
vt 0.770426 0.744997
vt 0.638305 0.193625
vt 0.638305 0.183691
vt 0.646909 0.188658
vt 0.656572 0.404213
vt 0.656572 0.394279
vt 0.665176 0.399246
vt 0.681680 0.188658
vt 0.690284 0.183691
vt 0.690284 0.193625
vt 0.699947 0.399246
vt 0.708551 0.394279
vt 0.708551 0.404213
vt 0.263167 0.570207
vt 0.273101 0.570207
vt 0.006542 0.359619
vt 0.023261 0.359619
vt 0.204046 0.061557
vt 0.187326 0.061557
vt 0.217130 0.149031
vt 0.233849 0.149031
vt 0.227064 0.482732
vt 0.227064 0.526470
vt 0.217130 0.526470
vt 0.217130 0.482732
vt 0.427718 0.359619
vt 0.427718 0.315882
vt 0.437652 0.315882
vt 0.437652 0.359619
vt 0.204046 0.482732
vt 0.204046 0.526470
vt 0.187326 0.526470
vt 0.187326 0.482732
vt 0.061557 0.006542
vt 0.105294 0.006542
vt 0.105294 0.023262
vt 0.061557 0.023262
vt 0.006542 0.570207
vt 0.006542 0.526470
vt 0.023262 0.526470
vt 0.023262 0.570207
vt 0.149031 0.414634
vt 0.105294 0.414634
vt 0.105294 0.397914
vt 0.149031 0.397914
vt 0.450736 0.359619
vt 0.450736 0.315882
vt 0.460671 0.315882
vt 0.460671 0.359619
vt 0.272144 0.187326
vt 0.315882 0.187326
vt 0.315882 0.204046
vt 0.272144 0.204046
vt 0.149031 0.444437
vt 0.105294 0.444437
vt 0.105294 0.427718
vt 0.149031 0.427718
vt 0.061557 0.608502
vt 0.105294 0.608502
vt 0.105294 0.625221
vt 0.061557 0.625221
vt 0.482732 0.187326
vt 0.526469 0.187326
vt 0.526469 0.204046
vt 0.482732 0.204046
vt 0.611866 0.359619
vt 0.621800 0.359619
vt 0.473755 0.359619
vt 0.483689 0.359619
vt 0.250083 0.482732
vt 0.250083 0.526470
vt 0.240148 0.526470
vt 0.240148 0.482732
vt 0.427718 0.149031
vt 0.444437 0.149031
vt 0.250083 0.570207
vt 0.240148 0.570207
vt 0.450736 0.272144
vt 0.460671 0.272144
vt 0.227064 0.570207
vt 0.217130 0.570207
vt 0.427718 0.272144
vt 0.437652 0.272144
vt 0.598782 0.359619
vt 0.588847 0.359619
vt 0.359619 0.187326
vt 0.359619 0.204046
vt 0.061557 0.444437
vt 0.061557 0.427718
vt 0.149031 0.608502
vt 0.149031 0.625221
vt 0.570207 0.187326
vt 0.570207 0.204046
vt 0.625221 0.149031
vt 0.608502 0.149031
vt 0.006542 0.061557
vt 0.023262 0.061557
vt 0.204046 0.570207
vt 0.187326 0.570207
vt 0.149031 0.006542
vt 0.149031 0.023262
vt 0.414634 0.149031
vt 0.397914 0.149031
vt 0.204046 0.359619
vt 0.187326 0.359619
vt 0.006542 0.482732
vt 0.023262 0.482732
vt 0.061557 0.414634
vt 0.061557 0.397914
vt 0.373980 0.187326
vt 0.380250 0.204046
vt 0.250083 0.590837
vt 0.240148 0.590837
vt 0.397914 0.187326
vt 0.414634 0.204046
vt 0.250083 0.625221
vt 0.240148 0.625221
vt 0.250083 0.462102
vt 0.240148 0.462102
vt 0.240148 0.427718
vt 0.250083 0.427718
vt 0.047196 0.444437
vt 0.040926 0.427718
vt 0.023262 0.444437
vt 0.006542 0.427718
vt 0.584567 0.187326
vt 0.590837 0.204046
vt 0.450736 0.251514
vt 0.460671 0.251514
vt 0.608502 0.187326
vt 0.625221 0.204046
vt 0.450736 0.217130
vt 0.460671 0.217130
vt 0.163392 0.608502
vt 0.169662 0.625221
vt 0.450736 0.380250
vt 0.460671 0.380250
vt 0.460671 0.414634
vt 0.450736 0.414634
vt 0.187326 0.468372
vt 0.204046 0.462102
vt 0.047196 0.023262
vt 0.040926 0.006542
vt 0.163392 0.023262
vt 0.169662 0.006542
vt 0.204046 0.006542
vt 0.187326 0.023261
vt 0.023261 0.584567
vt 0.006542 0.590837
vt 0.611866 0.380250
vt 0.621800 0.380250
vt 0.621800 0.414634
vt 0.611866 0.414634
vt 0.163392 0.397914
vt 0.169662 0.414634
vt 0.047196 0.397914
vt 0.040926 0.414634
vt 0.006542 0.414634
vt 0.023261 0.397914
vt 0.023261 0.373980
vt 0.006542 0.380250
vt 0.608502 0.163392
vt 0.625221 0.169662
vt 0.444437 0.163392
vt 0.427718 0.169662
vt 0.444437 0.187326
vt 0.427718 0.204046
vt 0.187326 0.047196
vt 0.204046 0.040926
vt 0.233849 0.163392
vt 0.217130 0.169662
vt 0.598782 0.380250
vt 0.588847 0.380250
vt 0.598782 0.414634
vt 0.588847 0.414634
vt 0.427718 0.251514
vt 0.437652 0.251514
vt 0.427718 0.217130
vt 0.437652 0.217130
vt 0.473755 0.380250
vt 0.483689 0.380250
vt 0.483689 0.414634
vt 0.473755 0.414634
vt 0.263167 0.590837
vt 0.273101 0.590837
vt 0.273101 0.625221
vt 0.263167 0.625221
vt 0.227064 0.590837
vt 0.217130 0.590837
vt 0.227064 0.625221
vt 0.217130 0.625221
vt 0.257784 0.187326
vt 0.251514 0.204046
vt 0.217130 0.204046
vt 0.233849 0.187326
vt 0.047196 0.608502
vt 0.040926 0.625221
vt 0.006542 0.625221
vt 0.023261 0.608502
vt 0.187326 0.444437
vt 0.204046 0.427718
vt 0.023262 0.468372
vt 0.006542 0.462102
vt 0.187326 0.584567
vt 0.204046 0.590837
vt 0.204046 0.625221
vt 0.187326 0.608502
vt 0.437652 0.380250
vt 0.427718 0.380250
vt 0.437652 0.414634
vt 0.427718 0.414634
vt 0.023261 0.023262
vt 0.006542 0.006542
vt 0.662140 0.427718
vt 0.666481 0.427718
vt 0.666481 0.451652
vt 0.662140 0.451652
vt 0.145059 0.720338
vt 0.140717 0.720338
vt 0.140717 0.676600
vt 0.145059 0.676600
vt 0.015115 0.662240
vt 0.010774 0.662240
vt 0.010774 0.638305
vt 0.015115 0.638305
vt 0.705454 0.466013
vt 0.709796 0.466013
vt 0.709796 0.509750
vt 0.705454 0.509750
vt 0.649056 0.730636
vt 0.644715 0.730636
vt 0.036772 0.778436
vt 0.032431 0.778436
vt 0.032431 0.764075
vt 0.036772 0.764075
vt 0.662140 0.553487
vt 0.666481 0.553487
vt 0.666481 0.567848
vt 0.662140 0.567848
vt 0.709796 0.553487
vt 0.705454 0.553487
vt 0.006542 0.040926
vt 0.023261 0.047196
vt 0.414634 0.169662
vt 0.397914 0.163392
vt 0.204046 0.380250
vt 0.187326 0.373980
vt 0.145059 0.778436
vt 0.140717 0.778436
vt 0.140717 0.764075
vt 0.145059 0.764075
vt 0.058430 0.676600
vt 0.054088 0.676600
vt 0.054088 0.662240
vt 0.058430 0.662240
vt 0.058430 0.720338
vt 0.054088 0.720338
vt 0.058430 0.764075
vt 0.054088 0.764075
vt 0.204046 0.414634
vt 0.187326 0.397914
vt 0.705454 0.451652
vt 0.709796 0.451652
vt 0.036772 0.662240
vt 0.032431 0.662240
vt 0.032431 0.638305
vt 0.036772 0.638305
vt 0.015115 0.802370
vt 0.010774 0.802370
vt 0.010774 0.778436
vt 0.015115 0.778436
vt 0.709796 0.567848
vt 0.705454 0.567848
vt 0.683797 0.466013
vt 0.688139 0.466013
vt 0.688139 0.509750
vt 0.683797 0.509750
vt 0.036772 0.802370
vt 0.032431 0.802370
vt 0.666481 0.466013
vt 0.662140 0.466013
vt 0.666481 0.730636
vt 0.662140 0.730636
vt 0.709796 0.591782
vt 0.705454 0.591782
vt 0.640483 0.509750
vt 0.644824 0.509750
vt 0.644824 0.553487
vt 0.640483 0.553487
vt 0.688139 0.730636
vt 0.683797 0.730636
vt 0.015115 0.720338
vt 0.010774 0.720338
vt 0.010774 0.676600
vt 0.015115 0.676600
vt 0.649056 0.744997
vt 0.644715 0.744997
vt 0.058430 0.802370
vt 0.054088 0.802370
vt 0.054088 0.778436
vt 0.058430 0.778436
vt 0.731453 0.553487
vt 0.727112 0.553487
vt 0.800657 0.744997
vt 0.796315 0.744997
vt 0.796315 0.730636
vt 0.800657 0.730636
vt 0.748769 0.567848
vt 0.753110 0.567848
vt 0.753110 0.591782
vt 0.748769 0.591782
vt 0.753110 0.553487
vt 0.748769 0.553487
vt 0.662140 0.744997
vt 0.666481 0.744997
vt 0.666481 0.768931
vt 0.662140 0.768931
vt 0.688139 0.553487
vt 0.683797 0.553487
vt 0.640483 0.451652
vt 0.644824 0.451652
vt 0.644824 0.466013
vt 0.640483 0.466013
vt 0.683797 0.744997
vt 0.688139 0.744997
vt 0.688139 0.768931
vt 0.683797 0.768931
vt 0.217130 0.462102
vt 0.227064 0.462102
vt 0.217130 0.427718
vt 0.227064 0.427718
vt 0.666481 0.591782
vt 0.662140 0.591782
vt 0.727112 0.567848
vt 0.731453 0.567848
vt 0.731453 0.591782
vt 0.727112 0.591782
vt 0.778999 0.553487
vt 0.774658 0.553487
vt 0.145059 0.802370
vt 0.140717 0.802370
vt 0.666481 0.509750
vt 0.662140 0.509750
vt 0.054088 0.638305
vt 0.058430 0.638305
vt 0.123401 0.778436
vt 0.119060 0.778436
vt 0.119060 0.764075
vt 0.123401 0.764075
vt 0.036772 0.676600
vt 0.032431 0.676600
vt 0.140717 0.662240
vt 0.145059 0.662240
vt 0.140717 0.638305
vt 0.145058 0.638305
vt 0.032431 0.720338
vt 0.036772 0.720338
vt 0.010774 0.764075
vt 0.015115 0.764075
vt 0.683797 0.567848
vt 0.688139 0.567848
vt 0.688139 0.591782
vt 0.683797 0.591782
vt 0.640483 0.567848
vt 0.644824 0.567848
vt 0.644824 0.591782
vt 0.640483 0.591782
vt 0.649056 0.768931
vt 0.644715 0.768931
vt 0.800657 0.768931
vt 0.796315 0.768931
vt 0.123401 0.802370
vt 0.119060 0.802370
vt 0.778999 0.591782
vt 0.774658 0.591782
vt 0.774658 0.567848
vt 0.778999 0.567848
vt 0.705454 0.427718
vt 0.709796 0.427718
vt 0.683797 0.427718
vt 0.688139 0.427718
vt 0.688139 0.451652
vt 0.683797 0.451652
vt 0.640483 0.427718
vt 0.644824 0.427718
vt 0.169662 0.427718
vt 0.163392 0.444437
vt 0.462102 0.204046
vt 0.468371 0.187326
vt 0.589104 0.730636
vt 0.565169 0.730636
vt 0.545366 0.710833
vt 0.589104 0.706702
vt 0.028199 0.720338
vt 0.028199 0.676600
vt 0.450250 0.810021
vt 0.446018 0.810021
vt 0.446018 0.782015
vt 0.450250 0.782015
vt 0.573379 0.965452
vt 0.569147 0.965452
vt 0.569147 0.945143
vt 0.573379 0.945143
vt 0.960935 0.863426
vt 0.965166 0.863426
vt 0.965166 0.883735
vt 0.960935 0.883735
vt 0.640483 0.744997
vt 0.640483 0.730636
vt 0.792083 0.744997
vt 0.792083 0.730636
vt 0.627399 0.744997
vt 0.603464 0.744997
vt 0.603464 0.730636
vt 0.613038 0.730636
vt 0.426316 0.643161
vt 0.426316 0.652735
vt 0.411955 0.667096
vt 0.411955 0.643161
vt 0.286185 0.628801
vt 0.310120 0.628801
vt 0.310120 0.643161
vt 0.300546 0.643161
vt 0.627245 0.973149
vt 0.623014 0.973149
vt 0.623014 0.959610
vt 0.627245 0.959610
vt 0.649056 0.509750
vt 0.649056 0.553487
vt 0.589104 0.451652
vt 0.579530 0.451652
vt 0.589104 0.442078
vt 0.676600 0.146672
vt 0.686174 0.146672
vt 0.676600 0.156246
vt 0.411955 0.744997
vt 0.402381 0.744997
vt 0.388021 0.730636
vt 0.411955 0.730636
vt 0.501629 0.466013
vt 0.525563 0.466013
vt 0.545366 0.485816
vt 0.501629 0.489947
vt 0.324480 0.730636
vt 0.324480 0.706702
vt 0.344283 0.686899
vt 0.368218 0.710833
vt 0.348415 0.730636
vt 0.324480 0.567848
vt 0.334054 0.567848
vt 0.324480 0.577422
vt 0.676600 0.132312
vt 0.676600 0.108377
vt 0.720338 0.112509
vt 0.700535 0.132312
vt 0.324480 0.553487
vt 0.324480 0.529553
vt 0.368218 0.533684
vt 0.348415 0.553487
vt 0.166716 0.849302
vt 0.162484 0.849302
vt 0.162484 0.835763
vt 0.166716 0.835763
vt 0.411955 0.628801
vt 0.402381 0.628801
vt 0.411955 0.619227
vt 0.049856 0.778436
vt 0.049856 0.764075
vt 0.006542 0.764075
vt 0.006542 0.720338
vt 0.368218 0.686899
vt 0.368218 0.662964
vt 0.392152 0.686899
vt 0.501629 0.744997
vt 0.511203 0.744997
vt 0.501629 0.754571
vt 0.644561 0.959610
vt 0.640329 0.959610
vt 0.640329 0.939301
vt 0.644561 0.939301
vt 0.006542 0.676600
vt 0.450250 0.843869
vt 0.446018 0.843869
vt 0.446018 0.830330
vt 0.450250 0.830330
vt 0.670713 0.553487
vt 0.670713 0.567848
vt 0.136485 0.778436
vt 0.136485 0.764075
vt 0.114828 0.778436
vt 0.114828 0.764075
vt 0.162484 0.815454
vt 0.166716 0.815454
vt 0.344283 0.945143
vt 0.340051 0.945143
vt 0.340051 0.931604
vt 0.344283 0.931604
vt 0.426316 0.628801
vt 0.426316 0.604866
vt 0.982694 0.346225
vt 0.978462 0.346225
vt 0.978462 0.332686
vt 0.982694 0.332686
vt 0.310120 0.744997
vt 0.310120 0.730636
vt 0.324480 0.744997
vt 0.402381 0.567848
vt 0.411955 0.567848
vt 0.411955 0.577422
vt 0.450250 0.567848
vt 0.450250 0.591782
vt 0.426316 0.591782
vt 0.426316 0.567848
vt 0.778436 0.146672
vt 0.764075 0.146672
vt 0.764075 0.132312
vt 0.778436 0.132312
vt 0.551832 0.931604
vt 0.556064 0.931604
vt 0.556064 0.945143
vt 0.551832 0.945143
vt 0.411955 0.553487
vt 0.426316 0.553487
vt 0.487268 0.451652
vt 0.501629 0.451652
vt 0.487268 0.466013
vt 0.310120 0.543914
vt 0.310120 0.553487
vt 0.300546 0.553487
vt 0.589104 0.744997
vt 0.435889 0.553487
vt 0.426316 0.543914
vt 0.662240 0.146672
vt 0.662240 0.170607
vt 0.638305 0.170607
vt 0.638305 0.146672
vt 0.692371 0.509750
vt 0.692371 0.553487
vt 0.006542 0.778436
vt 0.487268 0.721062
vt 0.487268 0.730636
vt 0.477695 0.730636
vt 0.980169 0.476032
vt 0.984401 0.476032
vt 0.984401 0.489572
vt 0.980169 0.489572
vt 0.982482 0.883735
vt 0.978250 0.883735
vt 0.978250 0.863426
vt 0.982482 0.863426
vt 0.415465 0.993458
vt 0.411233 0.993458
vt 0.411233 0.965452
vt 0.415465 0.965452
vt 0.926303 0.883735
vt 0.930535 0.883735
vt 0.930535 0.897275
vt 0.926303 0.897275
vt 0.272529 0.686620
vt 0.268297 0.686620
vt 0.268297 0.666311
vt 0.272529 0.666311
vt 0.324480 0.754571
vt 0.334054 0.744997
vt 0.982482 0.897274
vt 0.978250 0.897274
vt 0.692371 0.466013
vt 0.310120 0.721062
vt 0.300546 0.730636
vt 0.310120 0.768931
vt 0.255213 0.692463
vt 0.250982 0.692463
vt 0.250982 0.672154
vt 0.255213 0.672154
vt 0.980169 0.455723
vt 0.984401 0.455723
vt 0.250982 0.761558
vt 0.255213 0.761558
vt 0.255213 0.781867
vt 0.250982 0.781867
vt 0.670713 0.509750
vt 0.396231 0.939301
vt 0.391999 0.939301
vt 0.391999 0.911295
vt 0.396231 0.911295
vt 0.908987 0.883735
vt 0.913219 0.883735
vt 0.913219 0.897275
vt 0.908987 0.897275
vt 0.613038 0.466013
vt 0.603464 0.466013
vt 0.603464 0.451652
vt 0.627399 0.451652
vt 0.982482 0.917584
vt 0.978250 0.917584
vt 0.579530 0.744997
vt 0.511203 0.451652
vt 0.692371 0.567848
vt 0.754979 0.843869
vt 0.759211 0.843869
vt 0.759211 0.864178
vt 0.754979 0.864178
vt 0.770426 0.567848
vt 0.770426 0.553487
vt 0.411955 0.754571
vt 0.501629 0.706702
vt 0.501629 0.730636
vt 0.662240 0.132312
vt 0.662240 0.122738
vt 0.649056 0.567848
vt 0.255213 0.795406
vt 0.250982 0.795406
vt 0.603464 0.475586
vt 0.450250 0.768931
vt 0.426316 0.768931
vt 0.426316 0.744997
vt 0.450250 0.744997
vt 0.334054 0.628801
vt 0.324480 0.628801
vt 0.324480 0.619227
vt 0.411233 0.945143
vt 0.415465 0.945143
vt 0.487268 0.427718
vt 0.463334 0.451652
vt 0.463334 0.427718
vt 0.603464 0.721062
vt 0.136485 0.720338
vt 0.136485 0.676600
vt 0.692371 0.451652
vt 0.589104 0.489947
vt 0.589104 0.466013
vt 0.324480 0.667096
vt 0.324480 0.643161
vt 0.348415 0.643161
vt 0.603464 0.427718
vt 0.487268 0.475586
vt 0.793842 0.830330
vt 0.789611 0.830330
vt 0.789611 0.810021
vt 0.793842 0.810021
vt 0.310120 0.604866
vt 0.652666 0.132312
vt 0.415465 0.931604
vt 0.411233 0.931604
vt 0.411233 0.911295
vt 0.415465 0.911295
vt 0.411955 0.706702
vt 0.623014 0.939301
vt 0.627245 0.939301
vt 0.649056 0.466013
vt 0.487268 0.744997
vt 0.463334 0.744997
vt 0.714028 0.509750
vt 0.714028 0.553487
vt 0.802370 0.146672
vt 0.788009 0.132312
vt 0.778436 0.122738
vt 0.764075 0.108377
vt 0.028199 0.778436
vt 0.028199 0.764075
vt 0.487268 0.768931
vt 0.913219 0.917584
vt 0.908987 0.917584
vt 0.754501 0.146672
vt 0.764075 0.156246
vt 0.589104 0.754571
vt 0.396231 0.959610
vt 0.391999 0.959610
vt 0.426316 0.721062
vt 0.426316 0.730636
vt 0.286185 0.768931
vt 0.286185 0.744997
vt 0.627399 0.768931
vt 0.603464 0.768931
vt 0.463334 0.768931
vt 0.049856 0.676600
vt 0.049856 0.662240
vt 0.388021 0.643161
vt 0.049856 0.720338
vt 0.477695 0.466013
vt 0.501629 0.442078
vt 0.778436 0.170607
vt 0.525563 0.730636
vt 0.926303 0.863426
vt 0.930535 0.863426
vt 0.250982 0.733552
vt 0.255213 0.733552
vt 0.714028 0.567848
vt 0.793842 0.843869
vt 0.789611 0.843869
vt 0.789611 0.782015
vt 0.793842 0.782015
vt 0.286185 0.604866
vt 0.310120 0.652735
vt 0.573379 0.931604
vt 0.569147 0.931604
vt 0.569147 0.911295
vt 0.573379 0.911295
vt 0.740141 0.132312
vt 0.310120 0.567848
vt 0.714028 0.451652
vt 0.714028 0.466013
vt 0.310120 0.591782
vt 0.286185 0.591782
vt 0.286185 0.567848
vt 0.670713 0.451652
vt 0.670713 0.466013
vt 0.411955 0.529553
vt 0.565169 0.466013
vt 0.268297 0.767401
vt 0.272529 0.767401
vt 0.272529 0.787710
vt 0.268297 0.787710
vt 0.793842 0.864178
vt 0.789611 0.864178
vt 0.627399 0.427718
vt 0.272529 0.700159
vt 0.268297 0.700159
vt 0.982694 0.366534
vt 0.978462 0.366534
vt 0.396231 0.993458
vt 0.391999 0.993458
vt 0.391999 0.973149
vt 0.396231 0.973149
vt 0.268297 0.733552
vt 0.272529 0.733552
vt 0.272529 0.753861
vt 0.268297 0.753861
vt 0.627245 0.993458
vt 0.623014 0.993458
vt 0.435889 0.643161
vt 0.978462 0.312377
vt 0.982694 0.312377
vt 0.649056 0.451652
vt 0.272529 0.720468
vt 0.268297 0.720468
vt 0.450250 0.864178
vt 0.446018 0.864178
vt 0.166716 0.897617
vt 0.162484 0.897617
vt 0.162484 0.869611
vt 0.166716 0.869611
vt 0.640329 0.911295
vt 0.644561 0.911295
vt 0.435889 0.730636
vt 0.623014 0.911295
vt 0.627245 0.911295
vt 0.255213 0.720468
vt 0.250982 0.720468
vt 0.136485 0.662240
vt 0.573379 0.993458
vt 0.569147 0.993458
vt 0.913219 0.945589
vt 0.908987 0.945589
vt 0.802370 0.170607
vt 0.551832 0.911295
vt 0.556064 0.911295
vt 0.250982 0.658614
vt 0.255213 0.658614
vt 0.450250 0.628801
vt 0.388021 0.553487
vt 0.450250 0.604866
vt 0.344283 0.965452
vt 0.340051 0.965452
vt 0.984401 0.509881
vt 0.980169 0.509881
vt 0.006542 0.662240
vt 0.930535 0.917584
vt 0.926303 0.917584
vt 0.954796 0.115792
vt 0.968799 0.101789
vt 0.968799 0.129795
vt 0.683797 0.883850
vt 0.698158 0.883850
vt 0.683797 0.898211
vt 0.968799 0.150104
vt 0.944642 0.125946
vt 0.097527 0.873552
vt 0.097527 0.893355
vt 0.077724 0.873552
vt 0.898925 0.618869
vt 0.884922 0.604866
vt 0.912928 0.604866
vt 0.501629 0.840113
vt 0.501629 0.820310
vt 0.521432 0.840113
vt 0.044837 0.873552
vt 0.044837 0.853749
vt 0.064640 0.873552
vt 0.951375 0.380537
vt 0.965378 0.394540
vt 0.937373 0.394540
vt 0.251808 0.907020
vt 0.220881 0.937947
vt 0.203957 0.921022
vt 0.228114 0.896865
vt 0.241654 0.896865
vt 0.111887 0.873552
vt 0.111887 0.839389
vt 0.121461 0.829815
vt 0.135822 0.829815
vt 0.135822 0.873552
vt 0.179800 0.945180
vt 0.179800 0.924871
vt 0.193803 0.910868
vt 0.030476 0.873552
vt 0.030476 0.907716
vt 0.020903 0.917289
vt 0.006542 0.917289
vt 0.006542 0.873552
vt 0.941221 0.370382
vt 0.917064 0.394540
vt 0.903524 0.394540
vt 0.893370 0.384385
vt 0.924297 0.353458
vt 0.920484 0.101789
vt 0.940793 0.101789
vt 0.846197 0.309391
vt 0.831836 0.295031
vt 0.847904 0.519979
vt 0.833543 0.505619
vt 0.707732 0.840113
vt 0.707732 0.874277
vt 0.683797 0.840113
vt 0.870131 0.318965
vt 0.855771 0.318965
vt 0.871838 0.529553
vt 0.857478 0.529553
vt 0.927717 0.142870
vt 0.896790 0.111943
vt 0.906945 0.101789
vt 0.847904 0.697128
vt 0.833543 0.682767
vt 0.847904 0.826408
vt 0.833543 0.812047
vt 0.871839 0.706702
vt 0.857478 0.706702
vt 0.006542 0.931650
vt 0.918771 0.509881
vt 0.905231 0.509881
vt 0.895077 0.499726
vt 0.883215 0.394540
vt 0.871838 0.543914
vt 0.870131 0.333326
vt 0.463334 0.898211
vt 0.463334 0.883850
vt 0.477695 0.883850
vt 0.501629 0.859916
vt 0.698158 0.796376
vt 0.683797 0.796376
vt 0.683797 0.782015
vt 0.207805 0.896865
vt 0.179800 0.896865
vt 0.722092 0.820310
vt 0.741895 0.840113
vt 0.722092 0.840113
vt 0.261963 0.896865
vt 0.135822 0.815454
vt 0.707732 0.805950
vt 0.823895 0.935435
vt 0.834050 0.945589
vt 0.813740 0.945589
vt 0.965378 0.366534
vt 0.179800 0.740141
vt 0.194160 0.740141
vt 0.179800 0.754501
vt 0.867898 0.945589
vt 0.847589 0.945589
vt 0.097527 0.853749
vt 0.871839 0.835982
vt 0.871839 0.850342
vt 0.857478 0.835982
vt 0.871839 0.721062
vt 0.965378 0.346225
vt 0.955224 0.322531
vt 0.965378 0.332686
vt 0.111887 0.907716
vt 0.135822 0.917289
vt 0.121461 0.917289
vt 0.487268 0.805950
vt 0.487268 0.840113
vt 0.463334 0.840113
vt 0.463334 0.796376
vt 0.477695 0.796376
vt 0.965378 0.245135
vt 0.955224 0.289138
vt 0.965378 0.278984
vt 0.965378 0.299293
vt 0.044837 0.893355
vt 0.967085 0.604866
vt 0.956931 0.615021
vt 0.946776 0.604866
vt 0.909080 0.629024
vt 0.933237 0.604866
vt 0.926004 0.645948
vt 0.218095 0.716206
vt 0.884922 0.653181
vt 0.895077 0.676875
vt 0.884922 0.666720
vt 0.884922 0.509881
vt 0.884922 0.687029
vt 0.722092 0.859916
vt 0.487268 0.874277
vt 0.939080 0.509881
vt 0.030476 0.839389
vt 0.006542 0.829815
vt 0.020903 0.829815
vt 0.884922 0.632872
vt 0.463334 0.782015
vt 0.965378 0.312377
vt 0.189954 0.968874
vt 0.179800 0.958719
vt 0.006542 0.815454
vt 0.203734 0.730567
vt 0.179800 0.979028
vt 0.968799 0.163643
vt 0.968799 0.183952
vt 0.958644 0.173797
vt 0.135822 0.931650
vt 0.965378 0.265444
vt 0.886636 0.101789
vt 0.661877 0.993458
vt 0.657645 0.993458
vt 0.657645 0.965452
vt 0.661877 0.965452
vt 0.960935 0.917584
vt 0.965166 0.917584
vt 0.965166 0.945589
vt 0.960935 0.945589
vt 0.463334 0.973149
vt 0.467566 0.973149
vt 0.467566 0.993458
vt 0.463334 0.993458
vt 0.644561 0.993458
vt 0.640329 0.993458
vt 0.640329 0.973149
vt 0.644561 0.973149
vt 0.661877 0.945143
vt 0.657645 0.945143
vt 0.657645 0.931604
vt 0.661877 0.931604
vt 0.590695 0.939301
vt 0.586463 0.939301
vt 0.586463 0.911295
vt 0.590695 0.911295
vt 0.982694 0.394540
vt 0.978462 0.394540
vt 0.463334 0.911295
vt 0.467566 0.911295
vt 0.467566 0.939301
vt 0.463334 0.939301
vt 0.590695 0.993458
vt 0.586463 0.993458
vt 0.586463 0.973149
vt 0.590695 0.973149
vt 0.965166 0.897275
vt 0.960935 0.897275
vt 0.586463 0.959610
vt 0.590695 0.959610
vt 0.657645 0.911295
vt 0.661877 0.911295
vt 0.467566 0.959610
vt 0.463334 0.959610
vt 0.754979 0.830330
vt 0.759211 0.830330
vt 0.344283 0.993458
vt 0.340051 0.993458
vt 0.757342 0.553487
vt 0.551832 0.965452
vt 0.556064 0.965452
vt 0.556064 0.993458
vt 0.551832 0.993458
vt 0.735685 0.553487
vt 0.754979 0.782015
vt 0.759211 0.782015
vt 0.759211 0.810021
vt 0.754979 0.810021
vt 0.735685 0.567848
vt 0.908987 0.863426
vt 0.913219 0.863426
vt 0.692370 0.730636
vt 0.692370 0.744997
vt 0.250982 0.638305
vt 0.255213 0.638305
vt 0.982482 0.945589
vt 0.978250 0.945589
vt 0.268297 0.638305
vt 0.272529 0.638305
vt 0.670713 0.730636
vt 0.670713 0.744997
vt 0.980169 0.427718
vt 0.984401 0.427718
vt 0.272529 0.815715
vt 0.268297 0.815715
vt 0.757342 0.567848
vt 0.930535 0.945589
vt 0.926303 0.945589
vt 0.340051 0.911295
vt 0.344283 0.911295
vt 0.255213 0.815715
vt 0.250982 0.815715
vt 0.028199 0.662240
s 1
f 36/1/1 48/2/1 34/3/1
f 32/4/2 37/5/2 40/6/2
f 30/7/3 46/8/3 47/9/3
f 45/10/4 43/11/4 29/12/4
f 89/13/5 90/14/5 19/15/5 20/16/5
f 81/17/6 65/18/6 24/19/6 4/20/6
f 90/21/7 70/22/7 25/23/7 19/24/7
f 92/25/8 72/26/8 26/27/8 21/28/8
f 94/29/9 95/30/9 38/31/9 39/32/9
f 86/33/10 87/34/10 33/35/10 35/36/10
f 85/37/11 58/38/11 31/39/11 35/40/11
f 87/41/7 60/42/7 44/43/7 33/44/7
f 93/45/11 62/46/11 41/47/11 39/48/11
f 95/49/6 64/50/6 42/51/6 38/52/6
f 56/53/12 53/54/12 103/55/12 102/56/12
f 73/57/8 50/58/8 101/59/8 99/60/8
f 51/61/11 76/62/11 100/63/11 104/64/11
f 77/65/11 56/66/11 102/67/11 97/68/11
f 79/69/13 54/70/13 103/71/13 98/72/13
f 91/73/14 92/74/14 21/75/14 22/76/14
f 83/77/15 84/78/15 17/79/15 18/80/15
f 76/81/16 49/82/16 101/83/16 100/84/16
f 84/85/13 68/86/13 23/87/13 17/88/13
f 100/84/16 101/83/16 50/89/16 75/90/16
f 102/56/12 103/55/12 54/91/12 55/92/12
f 39/32/9 38/31/9 96/93/9 93/94/9
f 35/36/10 33/35/10 88/95/10 85/96/10
f 4/97/17 3/98/17 82/99/17 81/100/17
f 99/60/8 101/59/8 49/101/8 74/102/8
f 104/64/11 100/63/11 75/103/11 52/104/11
f 97/68/11 102/67/11 55/105/11 78/106/11
f 98/72/13 103/71/13 53/107/13 80/108/13
f 3/109/13 1/110/13 66/111/13 82/112/13
f 18/113/7 27/114/7 67/115/7 83/116/7
f 35/40/11 31/39/11 57/117/11 86/118/11
f 33/44/7 44/43/7 59/119/7 88/120/7
f 20/121/8 2/122/8 69/123/8 89/124/8
f 22/125/6 28/126/6 71/127/6 91/128/6
f 39/48/11 41/47/11 61/129/11 94/130/11
f 38/52/6 42/51/6 63/131/6 96/132/6
f 145/133/8 74/102/8 49/101/8 148/134/8
f 137/135/16 75/90/16 50/89/16 139/136/16
f 16/137/8 145/133/8 148/134/8 29/138/8
f 30/139/16 137/135/16 139/136/16 46/140/16
f 149/141/16 45/142/16 29/143/16 148/144/16
f 141/145/11 52/104/11 75/103/11 137/146/11
f 11/147/11 141/145/11 137/146/11 30/148/11
f 138/149/13 80/108/13 53/107/13 142/150/13
f 146/151/12 55/92/12 54/91/12 151/152/12
f 7/153/13 138/149/13 142/150/13 34/154/13
f 32/155/12 146/151/12 151/152/12 37/156/12
f 147/157/11 78/106/11 55/105/11 146/158/11
f 143/159/12 36/160/12 34/161/12 142/162/12
f 133/163/11 58/38/11 85/37/11 134/164/11
f 110/165/7 60/42/7 87/41/7 111/166/7
f 130/167/7 15/168/7 43/169/7 131/170/7
f 109/171/11 62/46/11 93/45/11 112/172/11
f 120/173/14 47/174/14 46/175/14 128/176/14
f 135/177/6 64/50/6 95/49/6 136/178/6
f 107/179/6 6/180/6 48/181/6 108/182/6
f 122/183/6 65/18/6 81/17/6 125/184/6
f 6/180/6 122/183/6 125/184/6 48/181/6
f 115/185/13 7/153/13 34/154/13 117/186/13
f 123/187/13 68/86/13 84/85/13 126/188/13
f 9/189/13 123/187/13 126/188/13 37/190/13
f 121/191/7 70/22/7 90/21/7 127/192/7
f 15/168/7 121/191/7 127/192/7 43/169/7
f 124/193/8 72/26/8 92/25/8 128/194/8
f 125/195/17 81/100/17 82/99/17 117/196/17
f 48/197/17 125/195/17 117/196/17 34/198/17
f 134/199/10 85/96/10 88/95/10 131/200/10
f 45/201/10 134/199/10 131/200/10 43/202/10
f 118/203/15 40/204/15 37/205/15 126/206/15
f 119/207/5 29/208/5 43/209/5 127/210/5
f 112/211/9 93/94/9 96/93/9 108/212/9
f 36/213/9 112/211/9 108/212/9 48/214/9
f 140/215/8 12/216/8 46/217/8 139/218/8
f 144/219/11 5/220/11 36/221/11 143/222/11
f 14/223/11 133/163/11 134/164/11 45/224/11
f 129/225/11 11/147/11 30/148/11 132/226/11
f 105/227/11 8/228/11 32/229/11 106/230/11
f 5/220/11 109/171/11 112/172/11 36/221/11
f 57/117/11 105/227/11 106/230/11 86/118/11
f 63/131/6 107/179/6 108/182/6 96/132/6
f 86/33/10 106/231/10 111/232/10 87/34/10
f 106/231/10 32/233/10 40/234/10 111/232/10
f 10/235/7 110/165/7 111/166/7 40/236/7
f 14/237/13 150/238/13 328/239/13 311/240/13
f 99/241/18 74/242/18 240/243/18 193/244/18
f 135/245/18 13/246/18 313/247/18 312/248/18
f 79/249/18 98/250/18 207/251/18 206/252/18
f 69/253/6 2/254/6 205/255/6 204/256/6
f 105/257/6 57/258/6 162/259/6 280/260/6
f 52/261/13 141/262/13 323/263/13 242/264/13
f 98/250/18 80/265/18 238/266/18 207/251/18
f 66/111/13 115/185/13 117/186/13 82/112/13
f 67/115/7 113/267/7 118/268/7 83/116/7
f 69/123/8 116/269/8 119/270/8 89/124/8
f 71/127/6 114/271/6 120/272/6 91/128/6
f 83/77/15 118/203/15 126/206/15 84/78/15
f 89/13/5 119/207/5 127/210/5 90/14/5
f 91/73/14 120/173/14 128/176/14 92/74/14
f 140/273/18 73/274/18 192/275/18 321/276/18
f 78/277/8 147/278/8 279/279/8 236/280/8
f 97/281/8 78/277/8 236/280/8 185/282/8
f 77/283/8 97/281/8 185/282/8 184/284/8
f 12/216/8 124/193/8 128/194/8 46/217/8
f 114/271/6 13/285/6 47/286/6 120/272/6
f 116/269/8 16/137/8 29/138/8 119/270/8
f 113/267/7 10/235/7 40/236/7 118/268/7
f 152/287/18 79/249/18 206/252/18 331/288/18
f 133/289/6 14/290/6 311/291/6 310/292/6
f 6/293/18 107/294/18 285/295/18 347/296/18
f 80/265/18 138/297/18 276/298/18 238/266/18
f 59/299/18 44/300/18 171/301/18 170/302/18
f 8/303/6 105/257/6 280/260/6 351/304/6
f 150/238/13 51/305/13 153/306/13 328/239/13
f 23/307/6 68/308/6 264/309/6 187/310/6
f 138/297/18 7/311/18 356/312/18 276/298/18
f 41/313/7 62/314/7 250/315/7 165/316/7
f 24/317/8 65/318/8 262/319/8 199/320/8
f 42/321/18 64/322/18 248/323/18 177/324/18
f 116/325/6 69/253/6 204/256/6 293/326/6
f 5/327/8 144/328/8 326/329/8 303/330/8
f 25/331/13 70/332/13 260/333/13 209/334/13
f 115/335/7 66/336/7 197/337/7 292/338/7
f 124/339/7 12/340/7 322/341/7 348/342/7
f 26/343/7 72/344/7 258/345/7 188/346/7
f 123/347/6 9/348/6 332/349/6 343/350/6
f 44/300/18 60/351/18 246/352/18 171/301/18
f 129/353/7 61/354/7 164/355/7 270/356/7
f 61/354/7 41/313/7 165/316/7 164/355/7
f 122/357/8 6/358/8 347/359/8 346/360/8
f 59/119/7 130/167/7 131/170/7 88/120/7
f 61/129/11 129/225/11 132/226/11 94/130/11
f 94/29/9 132/361/9 136/362/9 95/30/9
f 132/361/9 30/363/9 47/364/9 136/362/9
f 13/285/6 135/177/6 136/178/6 47/286/6
f 72/344/7 124/339/7 348/342/7 258/345/7
f 64/322/18 135/245/18 312/248/18 248/323/18
f 141/262/13 11/365/13 324/366/13 323/263/13
f 121/367/13 15/368/13 345/369/13 344/370/13
f 68/308/6 123/347/6 343/350/6 264/309/6
f 67/371/8 27/372/8 201/373/8 200/374/8
f 12/375/18 140/273/18 321/276/18 322/376/18
f 65/318/8 122/357/8 346/360/8 262/319/8
f 51/305/13 104/377/13 154/378/13 153/306/13
f 147/278/8 8/379/8 351/380/8 279/279/8
f 114/381/13 71/382/13 210/383/13 289/384/13
f 70/332/13 121/367/13 344/370/13 260/333/13
f 104/377/13 52/261/13 242/264/13 154/378/13
f 58/385/6 133/289/6 310/292/6 253/386/6
f 66/336/7 1/387/7 198/388/7 197/337/7
f 74/242/18 145/389/18 268/390/18 240/243/18
f 145/389/18 16/391/18 357/392/18 268/390/18
f 57/258/6 31/393/6 163/394/6 162/259/6
f 107/294/18 63/395/18 176/396/18 285/295/18
f 110/397/18 10/398/18 305/399/18 304/400/18
f 73/57/8 140/215/8 139/218/8 50/58/8
f 109/401/7 5/402/7 303/403/7 302/404/7
f 56/53/12 143/159/12 142/162/12 53/54/12
f 77/65/11 144/219/11 143/222/11 56/66/11
f 71/382/13 28/405/13 211/406/13 210/383/13
f 63/395/18 42/321/18 177/324/18 176/396/18
f 16/407/6 116/325/6 293/326/6 357/408/6
f 7/409/7 115/335/7 292/338/7 356/410/7
f 13/411/13 114/381/13 289/384/13 313/412/13
f 10/413/8 113/414/8 284/415/8 305/416/8
f 73/274/18 99/241/18 193/244/18 192/275/18
f 9/417/18 152/287/18 331/288/18 332/418/18
f 8/228/11 147/157/11 146/158/11 32/229/11
f 15/419/18 130/420/18 282/421/18 345/422/18
f 31/393/6 58/385/6 253/386/6 163/394/6
f 11/423/7 129/353/7 270/356/7 324/424/7
f 76/81/16 149/141/16 148/144/16 49/82/16
f 51/61/11 150/425/11 149/426/11 76/62/11
f 79/69/13 152/427/13 151/428/13 54/70/13
f 113/414/8 67/371/8 200/374/8 284/415/8
f 152/427/13 9/189/13 37/190/13 151/428/13
f 150/425/11 14/223/11 45/224/11 149/426/11
f 144/328/8 77/283/8 184/284/8 326/329/8
f 60/351/18 110/397/18 304/400/18 246/352/18
f 62/314/7 109/401/7 302/404/7 250/315/7
f 130/420/18 59/299/18 170/302/18 282/421/18
f 227/429/8 156/430/8 212/431/8 203/432/8 226/433/8
f 163/394/6 253/386/6 453/434/6 387/435/6
f 232/436/19 190/437/19 423/438/19 537/439/19
f 189/440/14 320/441/14 505/442/14 421/443/14
f 279/444/17 333/445/17 513/446/17 472/447/17
f 293/326/6 204/256/6 435/448/6 484/449/6
f 292/338/7 197/337/7 428/450/7 483/451/7
f 293/452/8 256/453/8 255/454/8 360/455/8
f 243/456/11 219/457/11 218/458/11 337/459/11
f 326/460/11 299/461/11 306/462/11 354/463/11
f 319/464/9 273/465/9 469/466/9 504/467/9
f 165/316/7 250/315/7 451/468/7 393/469/7
f 244/470/13 274/471/13 245/472/13
f 271/473/7 281/474/7 272/475/7
f 254/476/11 217/477/11 174/478/11 308/479/11
f 223/480/13 180/481/13 173/482/13 175/483/13 222/484/13
f 216/485/11 172/486/11 195/487/11 181/488/11 215/489/11
f 358/490/6 287/491/6 286/492/6
f 230/493/7 167/494/7 157/495/7 213/496/7 202/497/7
f 233/498/6 166/499/6 182/500/6 190/501/6 232/502/6
f 296/503/20 309/504/20 498/505/20 486/506/20
f 339/507/11 317/508/11 338/509/11
f 326/329/8 184/284/8 416/510/8 548/511/8
f 176/396/18 177/324/18 408/512/18 407/513/18
f 160/514/11 159/515/11 161/516/11
f 277/517/8 290/518/8 278/519/8
f 297/520/12 234/521/12 545/522/12 487/523/12
f 177/324/18 248/323/18 450/524/18 408/512/18
f 350/525/19 349/526/19 536/527/19 544/528/19
f 242/264/13 323/263/13 518/529/13 448/530/13
f 321/276/18 192/275/18 424/531/18 550/532/18
f 289/384/13 210/383/13 441/533/13 482/534/13
f 309/504/20 289/535/20 482/536/20 498/505/20
f 307/537/15 299/538/15 491/539/15 532/540/15
f 366/541/11 270/542/11 317/508/11 339/507/11
f 286/543/16 287/544/16 480/545/16 479/546/16
f 355/547/11 340/548/11 216/485/11 237/549/11
f 297/550/6 298/551/6 249/552/6
f 289/553/6 363/554/6 312/555/6 313/556/6
f 353/557/7 315/558/7 231/559/7 247/560/7
f 342/561/14 316/562/14 501/563/14 524/564/14
f 363/554/6 365/565/6 235/566/6 249/552/6
f 362/567/13 291/568/13 223/480/13 239/569/13
f 349/570/6 350/571/6 263/572/6
f 360/455/8 255/454/8 227/429/8 241/573/8
f 309/574/6 296/575/6 365/565/6
f 364/576/7 344/577/7 345/578/7 282/579/7
f 171/301/18 246/352/18 449/580/18 402/581/18
f 285/295/18 176/396/18 407/513/18 478/582/18
f 341/583/8 266/584/8 259/585/8
f 245/586/9 274/587/9 531/588/9 529/589/9
f 281/590/12 282/591/12 474/592/12 530/593/12
f 161/516/11 181/488/11 160/514/11
f 203/594/10 208/595/10 439/596/10 434/597/10
f 288/598/21 267/599/21 463/600/21 481/601/21
f 341/602/22 228/603/22 494/604/22 523/605/22
f 327/606/11 334/607/11 340/548/11
f 272/608/12 281/590/12 530/593/12 528/609/12
f 170/302/18 171/301/18 402/581/18 401/610/18
f 336/611/11 333/612/11 237/549/11
f 280/613/11 327/606/11 340/548/11 355/547/11
f 156/614/21 330/615/21 512/616/21 378/617/21
f 186/618/9 245/586/9 529/589/9 418/619/9
f 159/515/11 160/514/11 195/487/11
f 334/607/11 172/486/11 216/485/11 340/548/11
f 180/620/22 257/621/22 456/622/22 413/623/22
f 154/378/13 242/264/13 448/530/13 369/624/13
f 179/625/16 157/626/16 477/627/16 411/628/16
f 314/629/15 308/630/15 526/631/15 500/632/15
f 181/488/11 195/487/11 160/514/11
f 288/633/13 343/634/13 361/635/13 265/636/13
f 167/637/12 272/608/12 528/609/12 395/638/12
f 175/483/13 173/482/13 707/639/13
f 226/433/8 273/640/8 241/573/8 227/429/8
f 222/484/13 329/641/13 239/569/13 223/480/13
f 246/352/18 304/400/18 543/642/18 449/580/18
f 300/643/19 284/644/19 476/645/19 492/646/19
f 284/415/8 200/374/8 431/647/8 476/648/8
f 308/479/11 314/649/11 254/476/11
f 228/650/8 341/583/8 259/585/8 229/651/8
f 202/497/7 252/652/7 261/653/7 230/493/7
f 250/315/7 302/404/7 540/654/7 451/468/7
f 257/621/22 283/655/22 475/656/22 456/622/22
f 267/657/13 288/633/13 265/636/13
f 311/658/11 328/659/11 367/660/11 310/661/11
f 316/662/11 342/663/11 251/664/11
f 208/595/10 278/665/10 527/666/10 439/596/10
f 276/667/13 356/668/13 292/669/13
f 256/453/8 330/670/8 255/454/8
f 193/244/18 240/243/18 447/671/18 425/672/18
f 196/673/13 175/483/13 707/639/13
f 282/421/18 170/302/18 401/610/18 474/674/18
f 224/675/13 267/657/13 265/636/13 225/676/13
f 194/677/11 181/488/11 161/516/11 220/678/11 221/679/11
f 331/680/13 274/471/13 244/470/13 361/635/13
f 257/681/13 180/481/13 223/480/13 291/568/13
f 329/682/10 222/683/10 466/684/10 511/685/10
f 342/663/11 302/686/11 354/463/11 251/664/11
f 252/652/7 275/687/7 261/653/7
f 290/688/10 321/689/10 550/690/10 534/691/10
f 330/670/8 156/430/8 227/429/8 255/454/8
f 195/487/11 174/478/11 217/477/11 189/692/11 159/515/11
f 273/465/9 226/693/9 454/694/9 469/466/9
f 203/432/8 212/431/8 726/695/8
f 164/355/7 165/316/7 393/469/7 392/696/7
f 266/584/8 348/697/8 359/698/8 259/585/8
f 275/687/7 344/577/7 364/576/7 261/653/7
f 207/251/18 238/266/18 446/699/18 438/700/18
f 232/502/6 349/570/6 263/572/6 233/498/6
f 284/701/7 300/702/7 315/558/7 353/557/7
f 220/678/11 316/662/11 251/664/11 221/679/11
f 301/703/7 169/704/7 231/559/7 315/558/7
f 280/260/6 162/259/6 386/705/6 473/706/6
f 321/707/8 290/518/8 277/517/8 359/698/8
f 308/630/15 174/708/15 405/709/15 526/631/15
f 269/710/7 318/711/7 247/560/7
f 273/640/8 319/712/8 241/573/8
f 269/713/16 179/625/16 411/628/16 465/714/16
f 320/715/11 189/692/11 217/477/11 294/716/11
f 351/717/11 280/613/11 355/547/11 279/718/11
f 293/452/8 360/455/8 268/719/8 357/720/8
f 359/698/8 348/697/8 322/721/8 321/707/8
f 236/280/8 279/279/8 472/722/8 445/723/8
f 300/702/7 301/703/7 315/558/7
f 161/516/11 159/515/11 218/458/11 219/457/11 168/724/11
f 185/282/8 236/280/8 445/723/8 417/725/8
f 283/726/13 257/681/13 291/568/13
f 362/567/13 239/569/13 325/727/13 276/667/13
f 292/669/13 283/726/13 291/568/13 362/567/13
f 363/554/6 249/552/6 298/551/6 312/555/6
f 304/728/7 353/557/7 247/560/7 318/711/7
f 213/496/7 157/495/7 158/729/7
f 162/259/6 163/394/6 387/435/6 386/705/6
f 208/730/8 203/432/8 214/731/8 228/650/8 229/651/8
f 278/665/10 290/688/10 534/691/10 527/666/10
f 343/732/21 288/598/21 481/601/21 525/733/21
f 173/734/22 180/620/22 413/623/22 461/735/22
f 238/266/18 276/298/18 471/736/18 446/699/18
f 325/737/10 329/682/10 511/685/10 506/738/10
f 222/683/10 175/739/10 406/740/10 466/684/10
f 326/460/11 354/463/11 302/686/11 303/741/11
f 221/679/11 306/462/11 307/742/11 194/677/11
f 295/743/14 328/744/14 551/745/14 497/746/14
f 179/747/7 269/710/7 247/560/7 231/559/7
f 358/490/6 233/498/6 263/572/6 352/748/6
f 331/288/18 206/252/18 437/749/18 539/750/18
f 352/748/6 346/751/6 347/752/6 285/753/6
f 355/547/11 237/549/11 333/612/11 279/718/11
f 328/239/13 153/306/13 368/754/13 551/755/13
f 306/462/11 299/461/11 307/742/11
f 296/575/6 155/756/6 235/566/6 365/565/6
f 225/676/13 244/470/13 245/472/13 186/757/13
f 230/493/7 271/473/7 272/475/7 167/494/7
f 233/498/6 358/490/6 286/492/6 166/499/6
f 229/651/8 277/517/8 278/519/8 208/730/8
f 252/758/20 202/759/20 433/760/20 452/761/20
f 276/762/10 325/737/10 506/738/10 471/763/10
f 361/635/13 343/634/13 332/764/13 331/680/13
f 266/765/22 341/602/22 523/605/22 462/766/22
f 166/767/16 286/543/16 479/546/16 394/768/16
f 304/769/16 318/770/16 503/771/16 543/772/16
f 360/455/8 241/573/8 319/712/8 268/719/8
f 329/641/13 325/727/13 239/569/13
f 178/773/7 157/495/7 179/747/7 231/559/7 169/704/7
f 157/495/7 178/773/7 158/729/7
f 214/731/8 203/432/8 726/695/8
f 344/774/20 275/775/20 470/776/20 542/777/20
f 268/778/9 319/464/9 504/467/9 464/779/9
f 337/459/11 335/780/11 243/456/11
f 215/489/11 336/611/11 237/549/11 216/485/11
f 153/306/13 154/378/13 369/624/13 368/754/13
f 287/544/16 285/781/16 478/782/16 480/545/16
f 270/356/7 164/355/7 392/696/7 467/783/7
f 348/784/22 266/765/22 462/766/22 541/785/22
f 346/786/19 350/525/19 544/528/19 547/787/19
f 191/788/20 155/789/20 374/790/20 485/791/20
f 234/521/12 182/792/12 549/793/12 545/522/12
f 295/794/11 320/715/11 294/716/11
f 285/753/6 287/491/6 358/490/6 352/748/6
f 226/693/9 203/795/9 434/796/9 454/694/9
f 320/441/14 295/743/14 497/746/14 505/442/14
f 212/797/21 156/614/21 378/617/21 468/798/21
f 240/243/18 268/390/18 464/799/18 447/671/18
f 159/800/14 189/440/14 421/443/14 517/801/14
f 174/708/15 195/802/15 499/803/15 405/709/15
f 254/476/11 367/660/11 294/716/11 217/477/11
f 271/473/7 230/493/7 261/653/7 364/576/7
f 282/579/7 281/474/7 271/473/7 364/576/7
f 353/557/7 304/728/7 305/804/7 284/701/7
f 367/660/11 328/659/11 295/794/11 294/716/11
f 219/457/11 243/456/11 366/541/11 339/507/11
f 318/770/16 269/713/16 465/714/16 503/771/16
f 275/775/20 252/758/20 452/761/20 470/776/20
f 302/805/14 342/561/14 524/564/14 540/806/14
f 210/383/13 211/406/13 442/807/13 441/533/13
f 219/457/11 339/507/11 338/509/11 168/724/11
f 330/615/21 256/808/21 510/809/21 512/616/21
f 182/500/6 191/810/6 183/811/6
f 243/456/11 335/780/11 323/812/11 366/541/11
f 306/462/11 221/679/11 251/664/11 354/463/11
f 277/517/8 229/651/8 259/585/8 359/698/8
f 350/571/6 346/751/6 352/748/6 263/572/6
f 191/810/6 182/500/6 234/813/6 235/566/6 155/756/6
f 366/541/11 323/812/11 324/814/11 270/542/11
f 194/815/15 307/537/15 532/540/15 426/816/15
f 274/587/9 331/817/9 539/818/9 531/588/9
f 186/757/13 175/483/13 196/673/13 224/675/13 225/676/13
f 206/252/18 207/251/18 438/700/18 437/749/18
f 190/501/6 182/500/6 183/811/6
f 244/470/13 225/676/13 265/636/13 361/635/13
f 310/661/11 367/660/11 254/476/11 314/649/11
f 248/323/18 312/248/18 546/819/18 450/524/18
f 292/669/13 362/567/13 276/667/13
f 234/813/6 297/550/6 249/552/6 235/566/6
f 204/256/6 205/255/6 436/820/6 435/448/6
f 289/553/6 309/574/6 365/565/6 363/554/6
f 267/599/21 224/821/21 533/822/21 463/600/21
f 404/823/11 405/824/11 499/825/11
f 451/826/11 540/827/11 524/828/11
f 526/829/11 405/824/11 404/823/11 507/830/11
f 389/831/13 406/832/13 418/833/13
f 383/834/6 545/835/6 549/836/6
f 377/837/11 415/838/11 426/839/11
f 400/840/8 434/841/8 439/842/8
f 381/843/7 411/844/7 477/845/7
f 448/846/11 519/847/11 521/848/11 495/849/11 369/850/11
f 388/851/13 438/852/13 446/853/13 506/854/13 511/855/13
f 495/849/11 422/856/11 421/857/11 505/858/11
f 399/859/8 425/860/8 447/861/8 504/862/8 469/863/8
f 380/864/7 402/865/7 449/866/7 503/867/7 465/868/7
f 507/830/11 404/823/11 403/869/11 515/870/11
f 496/871/6 375/872/6 374/873/6 486/874/6
f 490/875/7 398/876/7 397/877/7 493/878/7
f 391/879/11 393/880/11 451/826/11 524/828/11 501/881/11
f 442/882/6 496/871/6 486/874/6 498/883/6 441/884/6
f 432/885/7 490/875/7 493/878/7 492/886/7 431/887/7
f 387/888/11 507/830/11 515/870/11 509/889/11 386/890/11
f 508/891/8 379/892/8 378/893/8 512/894/8
f 455/895/13 414/896/13 413/897/13 456/898/13
f 436/899/8 508/891/8 512/894/8 510/900/8 435/901/8
f 464/902/8 504/862/8 447/861/8
f 412/903/6 430/904/6 459/905/6 544/906/6 536/907/6
f 503/867/7 449/866/7 543/908/7
f 431/887/7 492/886/7 476/909/7
f 441/884/6 498/883/6 482/910/6
f 472/911/11 513/912/11 445/913/11
f 499/825/11 403/869/11 404/823/11
f 514/914/11 415/838/11 377/837/11
f 502/915/11 467/916/11 392/917/11
f 516/918/11 517/919/11 422/856/11
f 396/920/11 385/921/11 384/922/11
f 518/923/11 519/847/11 448/846/11
f 471/924/13 506/854/13 446/853/13
f 396/920/11 522/925/11 391/879/11 385/921/11
f 458/926/7 542/927/7 470/928/7
f 522/925/11 502/915/11 392/917/11 393/880/11 391/879/11
f 477/845/7 395/929/7 381/843/7
f 457/930/8 541/931/8 462/932/8
f 433/933/7 443/934/7 410/935/7
f 409/936/7 440/937/7 458/926/7 470/928/7 452/938/7
f 461/939/13 413/897/13 414/896/13
f 466/940/13 406/832/13 389/831/13
f 428/941/13 475/942/13 483/943/13
f 435/901/8 510/900/8 484/944/8
f 395/929/7 528/945/7 380/864/7 381/843/7
f 528/945/7 530/946/7 401/947/7 402/865/7 380/864/7
f 529/948/13 531/949/13 437/950/13 438/852/13 388/851/13
f 532/951/11 491/952/11 416/953/11 417/954/11 376/955/11
f 533/956/13 427/957/13 373/958/13
f 460/959/13 525/960/13 481/961/13
f 468/962/8 378/893/8 379/892/8
f 454/963/8 434/841/8 400/840/8
f 546/964/6 488/965/6 450/966/6
f 382/967/6 408/968/6 450/966/6 488/965/6 487/969/6
f 494/970/8 444/971/8 371/972/8
f 479/973/6 480/974/6 407/975/6 408/968/6 382/967/6
f 459/905/6 547/976/6 544/906/6
f 407/975/6 480/974/6 478/977/6
f 535/978/11 384/922/11 385/921/11
f 418/833/13 529/948/13 388/851/13 389/831/13
f 377/837/11 376/955/11 520/979/11 514/914/11
f 390/980/6 412/903/6 536/907/6 537/981/6
f 376/955/11 417/954/11 445/913/11 513/912/11 520/979/11
f 389/831/13 388/851/13 511/855/13 466/940/13
f 400/840/8 399/859/8 469/863/8 454/963/8
f 381/843/7 380/864/7 465/868/7 411/844/7
f 383/834/6 382/967/6 487/969/6 545/835/6
f 527/982/8 534/983/8 424/984/8 425/860/8 399/859/8
f 397/877/7 398/876/7 489/985/7
f 429/986/13 455/895/13 456/898/13 475/942/13 428/941/13
f 394/987/6 479/973/6 382/967/6 383/834/6
f 426/839/11 532/951/11 376/955/11 377/837/11
f 517/919/11 421/857/11 422/856/11
f 521/848/11 516/918/11 422/856/11 495/849/11
f 416/953/11 491/952/11 548/988/11
f 401/947/7 530/946/7 474/989/7
f 410/935/7 409/936/7 452/938/7 433/933/7
f 369/850/11 495/849/11 505/858/11 497/990/11 368/991/11
f 549/836/6 394/987/6 383/834/6
f 439/842/8 527/982/8 399/859/8 400/840/8
f 424/984/8 534/983/8 550/992/8
f 385/921/11 391/879/11 501/881/11 535/978/11
f 371/972/8 370/993/8 523/994/8 494/970/8
f 374/873/6 375/872/6 485/995/6
f 370/993/8 420/996/8 457/930/8 462/932/8 523/994/8
f 497/990/11 551/997/11 368/991/11
f 537/981/6 423/998/6 390/980/6
f 500/999/11 453/1000/11 538/1001/11
f 437/950/13 531/949/13 539/1002/13
f 373/958/13 372/1003/13 463/1004/13 533/956/13
f 386/890/11 509/889/11 473/1005/11
f 372/1003/13 419/1006/13 460/959/13 481/961/13 463/1004/13
f 453/1000/11 500/999/11 526/829/11 507/830/11 387/888/11
f 195/1007/5 172/1008/5 403/1009/5 499/1010/5
f 215/1011/17 181/1012/17 415/1013/17 514/1014/17
f 317/1015/17 270/1016/17 467/1017/17 502/1018/17
f 312/1019/12 298/1020/12 488/1021/12 546/1022/12
f 334/1023/5 327/1024/5 509/1025/5 515/1026/5
f 155/789/20 296/503/20 486/506/20 374/790/20
f 218/1027/5 159/1028/5 517/1029/5 516/1030/5
f 182/1031/16 166/767/16 394/768/16 549/1032/16
f 161/1033/17 168/1034/17 396/1035/17 384/1036/17
f 323/1037/5 335/1038/5 519/1039/5 518/1040/5
f 333/445/17 336/1041/17 520/1042/17 513/446/17
f 298/1020/12 297/520/12 487/523/12 488/1021/12
f 335/1038/5 337/1043/5 521/1044/5 519/1039/5
f 184/284/8 185/282/8 417/725/8 416/510/8
f 327/1024/5 280/1045/5 473/1046/5 509/1025/5
f 168/1034/17 338/1047/17 522/1048/17 396/1035/17
f 337/1043/5 218/1027/5 516/1030/5 521/1044/5
f 338/1047/17 317/1015/17 502/1018/17 522/1048/17
f 336/1041/17 215/1011/17 514/1014/17 520/1042/17
f 172/1008/5 334/1023/5 515/1026/5 403/1009/5
f 349/526/19 232/436/19 537/439/19 536/527/19
f 192/275/18 193/244/18 425/672/18 424/531/18
f 301/1049/19 300/643/19 492/646/19 493/1050/19
f 181/1051/15 194/815/15 426/816/15 415/1052/15
f 188/346/7 258/345/7 457/1053/7 420/1054/7
f 220/1055/14 161/1056/14 384/1057/14 535/1058/14
f 209/334/13 260/333/13 458/1059/13 440/1060/13
f 178/1061/19 169/1062/19 397/1063/19 489/1064/19
f 260/333/13 344/370/13 542/1065/13 458/1059/13
f 310/1066/15 314/629/15 500/632/15 538/1067/15
f 199/320/8 262/319/8 459/1068/8 430/1069/8
f 262/319/8 346/360/8 547/1070/8 459/1068/8
f 197/337/7 198/388/7 429/1071/7 428/450/7
f 256/808/21 293/1072/21 484/1073/21 510/809/21
f 157/1074/12 167/637/12 395/638/12 477/1075/12
f 228/603/22 214/1076/22 444/1077/22 494/604/22
f 264/309/6 343/350/6 525/1078/6 460/1079/6
f 175/1080/9 186/618/9 418/619/9 406/1081/9
f 202/759/20 213/1082/20 443/1083/20 433/760/20
f 258/345/7 348/342/7 541/1084/7 457/1053/7
f 200/374/8 201/373/8 432/1085/8 431/647/8
f 224/821/21 196/1086/21 427/1087/21 533/822/21
f 187/310/6 264/309/6 460/1079/6 419/1088/6
f 299/538/15 326/1089/15 548/1090/15 491/539/15
f 283/655/22 292/1091/22 483/1092/22 475/656/22
f 316/562/14 220/1055/14 535/1058/14 501/563/14
f 169/1062/19 301/1049/19 493/1050/19 397/1063/19
f 253/386/6 310/292/6 538/1093/6 453/434/6
f 571/1094/23 569/1095/23 583/1096/23
f 567/1097/24 575/1098/24 572/1099/24
f 565/1100/25 582/1101/25 581/1102/25
f 580/1103/26 564/1104/26 578/1105/26
f 624/1106/5 20/16/5 19/15/5 625/1107/5
f 616/1108/6 4/20/6 24/19/6 600/1109/6
f 625/1110/7 19/24/7 25/23/7 605/1111/7
f 627/1112/8 21/28/8 26/27/8 607/1113/8
f 629/1114/22 574/1115/22 573/1116/22 630/1117/22
f 621/1118/21 570/1119/21 568/1120/21 622/1121/21
f 620/1122/18 570/1123/18 566/1124/18 593/1125/18
f 622/1126/7 568/1127/7 579/1128/7 595/1129/7
f 628/1130/18 574/1131/18 576/1132/18 597/1133/18
f 630/1134/6 573/1135/6 577/1136/6 599/1137/6
f 591/1138/19 637/1139/19 638/1140/19 588/1141/19
f 608/1142/8 634/1143/8 636/1144/8 585/1145/8
f 586/1146/18 639/1147/18 635/1148/18 611/1149/18
f 612/1150/18 632/1151/18 637/1152/18 591/1153/18
f 614/1154/13 633/1155/13 638/1156/13 589/1157/13
f 626/1158/14 22/76/14 21/75/14 627/1159/14
f 618/1160/15 18/80/15 17/79/15 619/1161/15
f 611/1162/20 635/1163/20 636/1164/20 584/1165/20
f 619/1166/13 17/88/13 23/87/13 603/1167/13
f 635/1163/20 610/1168/20 585/1169/20 636/1164/20
f 637/1139/19 590/1170/19 589/1171/19 638/1140/19
f 574/1115/22 628/1172/22 631/1173/22 573/1116/22
f 570/1119/21 620/1174/21 623/1175/21 568/1120/21
f 4/97/17 616/1176/17 617/1177/17 3/98/17
f 634/1143/8 609/1178/8 584/1179/8 636/1144/8
f 639/1147/18 587/1180/18 610/1181/18 635/1148/18
f 632/1151/18 613/1182/18 590/1183/18 637/1152/18
f 633/1155/13 615/1184/13 588/1185/13 638/1156/13
f 3/109/13 617/1186/13 601/1187/13 1/110/13
f 18/113/7 618/1188/7 602/1189/7 27/114/7
f 570/1123/18 621/1190/18 592/1191/18 566/1124/18
f 568/1127/7 623/1192/7 594/1193/7 579/1128/7
f 20/121/8 624/1194/8 604/1195/8 2/122/8
f 22/125/6 626/1196/6 606/1197/6 28/126/6
f 574/1131/18 629/1198/18 596/1199/18 576/1132/18
f 573/1135/6 631/1200/6 598/1201/6 577/1136/6
f 680/1202/8 683/1203/8 584/1179/8 609/1178/8
f 672/1204/20 674/1205/20 585/1169/20 610/1168/20
f 563/1206/8 564/1207/8 683/1203/8 680/1202/8
f 565/1208/20 581/1209/20 674/1205/20 672/1204/20
f 684/1210/20 683/1211/20 564/1212/20 580/1213/20
f 676/1214/18 672/1215/18 610/1181/18 587/1180/18
f 558/1216/18 565/1217/18 672/1215/18 676/1214/18
f 673/1218/13 677/1219/13 588/1185/13 615/1184/13
f 681/1220/19 686/1221/19 589/1171/19 590/1170/19
f 554/1222/13 569/1223/13 677/1219/13 673/1218/13
f 567/1224/19 572/1225/19 686/1221/19 681/1220/19
f 682/1226/18 681/1227/18 590/1183/18 613/1182/18
f 678/1228/19 677/1229/19 569/1230/19 571/1231/19
f 668/1232/18 669/1233/18 620/1122/18 593/1125/18
f 645/1234/7 646/1235/7 622/1126/7 595/1129/7
f 665/1236/7 666/1237/7 578/1238/7 562/1239/7
f 644/1240/18 647/1241/18 628/1130/18 597/1133/18
f 655/1242/14 663/1243/14 581/1244/14 582/1245/14
f 670/1246/6 671/1247/6 630/1134/6 599/1137/6
f 642/1248/6 643/1249/6 583/1250/6 553/1251/6
f 657/1252/6 660/1253/6 616/1108/6 600/1109/6
f 553/1251/6 583/1250/6 660/1253/6 657/1252/6
f 650/1254/13 652/1255/13 569/1223/13 554/1222/13
f 658/1256/13 661/1257/13 619/1166/13 603/1167/13
f 556/1258/13 572/1259/13 661/1257/13 658/1256/13
f 656/1260/7 662/1261/7 625/1110/7 605/1111/7
f 562/1239/7 578/1238/7 662/1261/7 656/1260/7
f 659/1262/8 663/1263/8 627/1112/8 607/1113/8
f 660/1264/17 652/1265/17 617/1177/17 616/1176/17
f 583/1266/17 569/1267/17 652/1265/17 660/1264/17
f 669/1268/21 666/1269/21 623/1175/21 620/1174/21
f 580/1270/21 578/1271/21 666/1269/21 669/1268/21
f 653/1272/15 661/1273/15 572/1274/15 575/1275/15
f 654/1276/5 662/1277/5 578/1278/5 564/1279/5
f 647/1280/22 643/1281/22 631/1173/22 628/1172/22
f 571/1282/22 583/1283/22 643/1281/22 647/1280/22
f 675/1284/8 674/1285/8 581/1286/8 559/1287/8
f 679/1288/18 678/1289/18 571/1290/18 552/1291/18
f 561/1292/18 580/1293/18 669/1233/18 668/1232/18
f 664/1294/18 667/1295/18 565/1217/18 558/1216/18
f 640/1296/18 641/1297/18 567/1298/18 555/1299/18
f 552/1291/18 571/1290/18 647/1241/18 644/1240/18
f 592/1191/18 621/1190/18 641/1297/18 640/1296/18
f 598/1201/6 631/1200/6 643/1249/6 642/1248/6
f 621/1118/21 622/1121/21 646/1300/21 641/1301/21
f 641/1301/21 646/1300/21 575/1302/21 567/1303/21
f 557/1304/7 575/1305/7 646/1235/7 645/1234/7
f 561/1306/13 830/1307/13 847/1308/13 685/1309/13
f 634/1310/11 721/1311/11 759/1312/11 609/1313/11
f 670/1314/11 831/1315/11 832/1316/11 560/1317/11
f 614/1318/11 730/1319/11 731/1320/11 633/1321/11
f 604/1322/6 729/1323/6 205/255/6 2/254/6
f 640/1324/6 799/1325/6 696/1326/6 592/1327/6
f 587/1328/13 761/1329/13 842/1330/13 676/1331/13
f 633/1321/11 731/1320/11 757/1332/11 615/1333/11
f 601/1187/13 617/1186/13 652/1255/13 650/1254/13
f 602/1189/7 618/1188/7 653/1334/7 648/1335/7
f 604/1195/8 624/1194/8 654/1336/8 651/1337/8
f 606/1197/6 626/1196/6 655/1338/6 649/1339/6
f 618/1160/15 619/1161/15 661/1273/15 653/1272/15
f 624/1106/5 625/1107/5 662/1277/5 654/1276/5
f 626/1158/14 627/1159/14 663/1243/14 655/1242/14
f 675/1340/11 840/1341/11 720/1342/11 608/1343/11
f 613/1344/8 755/1345/8 798/1346/8 682/1347/8
f 632/1348/8 717/1349/8 755/1345/8 613/1344/8
f 612/1350/8 716/1351/8 717/1349/8 632/1348/8
f 559/1287/8 581/1286/8 663/1263/8 659/1262/8
f 649/1339/6 655/1338/6 582/1352/6 560/1353/6
f 651/1337/8 654/1336/8 564/1207/8 563/1206/8
f 648/1335/7 653/1334/7 575/1305/7 557/1304/7
f 687/1354/11 850/1355/11 730/1319/11 614/1318/11
f 668/1356/6 829/1357/6 830/1358/6 561/1359/6
f 553/1360/11 866/1361/11 804/1362/11 642/1363/11
f 615/1333/11 757/1332/11 795/1364/11 673/1365/11
f 594/1366/11 704/1367/11 705/1368/11 579/1369/11
f 555/1370/6 870/1371/6 799/1325/6 640/1324/6
f 685/1309/13 847/1308/13 688/1372/13 586/1373/13
f 23/307/6 187/310/6 783/1374/6 603/1375/6
f 673/1365/11 795/1364/11 875/1376/11 554/1377/11
f 576/1378/7 699/1379/7 769/1380/7 597/1381/7
f 24/317/8 199/320/8 781/1382/8 600/1383/8
f 577/1384/11 711/1385/11 767/1386/11 599/1387/11
f 651/1388/6 812/1389/6 729/1323/6 604/1322/6
f 552/1390/8 822/1391/8 845/1392/8 679/1393/8
f 25/331/13 209/334/13 779/1394/13 605/1395/13
f 650/1396/7 811/1397/7 724/1398/7 601/1399/7
f 659/1400/7 867/1401/7 841/1402/7 559/1403/7
f 26/343/7 188/346/7 777/1404/7 607/1405/7
f 658/1406/6 862/1407/6 851/1408/6 556/1409/6
f 579/1369/11 705/1368/11 765/1410/11 595/1411/11
f 664/1412/7 789/1413/7 698/1414/7 596/1415/7
f 596/1415/7 698/1414/7 699/1379/7 576/1378/7
f 657/1416/8 865/1417/8 866/1418/8 553/1419/8
f 594/1193/7 623/1192/7 666/1237/7 665/1236/7
f 596/1199/18 629/1198/18 667/1295/18 664/1294/18
f 629/1114/22 630/1117/22 671/1420/22 667/1421/22
f 667/1421/22 671/1420/22 582/1422/22 565/1423/22
f 560/1353/6 582/1352/6 671/1247/6 670/1246/6
f 607/1405/7 777/1404/7 867/1401/7 659/1400/7
f 599/1387/11 767/1386/11 831/1315/11 670/1314/11
f 676/1331/13 842/1330/13 843/1424/13 558/1425/13
f 656/1426/13 863/1427/13 864/1428/13 562/1429/13
f 603/1375/6 783/1374/6 862/1407/6 658/1406/6
f 602/1430/8 725/1431/8 201/373/8 27/372/8
f 559/1432/11 841/1433/11 840/1341/11 675/1340/11
f 600/1383/8 781/1382/8 865/1417/8 657/1416/8
f 586/1373/13 688/1372/13 689/1434/13 639/1435/13
f 682/1347/8 798/1346/8 870/1436/8 555/1437/8
f 649/1438/13 808/1439/13 733/1440/13 606/1441/13
f 605/1395/13 779/1394/13 863/1427/13 656/1426/13
f 639/1435/13 689/1434/13 761/1329/13 587/1328/13
f 593/1442/6 772/1443/6 829/1357/6 668/1356/6
f 601/1399/7 724/1398/7 198/388/7 1/387/7
f 609/1313/11 759/1312/11 787/1444/11 680/1445/11
f 680/1445/11 787/1444/11 876/1446/11 563/1447/11
f 592/1327/6 696/1326/6 697/1448/6 566/1449/6
f 642/1363/11 804/1362/11 710/1450/11 598/1451/11
f 645/1452/11 823/1453/11 824/1454/11 557/1455/11
f 608/1142/8 585/1145/8 674/1285/8 675/1284/8
f 644/1456/7 821/1457/7 822/1458/7 552/1459/7
f 591/1138/19 588/1141/19 677/1229/19 678/1228/19
f 612/1150/18 591/1153/18 678/1289/18 679/1288/18
f 606/1441/13 733/1440/13 211/406/13 28/405/13
f 598/1451/11 710/1450/11 711/1385/11 577/1384/11
f 563/1460/6 876/1461/6 812/1389/6 651/1388/6
f 554/1462/7 875/1463/7 811/1397/7 650/1396/7
f 560/1464/13 832/1465/13 808/1439/13 649/1438/13
f 557/1466/8 824/1467/8 803/1468/8 648/1469/8
f 608/1343/11 720/1342/11 721/1311/11 634/1310/11
f 556/1470/11 851/1471/11 850/1355/11 687/1354/11
f 555/1299/18 567/1298/18 681/1227/18 682/1226/18
f 562/1472/11 864/1473/11 801/1474/11 665/1475/11
f 566/1449/6 697/1448/6 772/1443/6 593/1442/6
f 558/1476/7 843/1477/7 789/1413/7 664/1412/7
f 611/1162/20 584/1165/20 683/1211/20 684/1210/20
f 586/1146/18 611/1149/18 684/1478/18 685/1479/18
f 614/1154/13 589/1157/13 686/1480/13 687/1481/13
f 648/1469/8 803/1468/8 725/1431/8 602/1430/8
f 687/1481/13 686/1480/13 572/1259/13 556/1258/13
f 685/1479/18 684/1478/18 580/1293/18 561/1292/18
f 679/1393/8 845/1392/8 716/1351/8 612/1350/8
f 595/1411/11 765/1410/11 823/1453/11 645/1452/11
f 597/1381/7 769/1380/7 821/1457/7 644/1456/7
f 665/1475/11 801/1474/11 704/1367/11 594/1366/11
f 746/1482/8 745/1483/8 728/1484/8 212/431/8 691/1485/8
f 697/1448/6 900/1486/6 948/1487/6 772/1443/6
f 751/1488/12 1024/1489/12 423/1490/12 190/1491/12
f 719/1492/14 926/1493/14 993/1494/14 839/1495/14
f 798/1496/17 964/1497/17 1000/1498/17 852/1499/17
f 812/1389/6 976/1500/6 935/1501/6 729/1323/6
f 811/1397/7 975/1502/7 931/1503/7 724/1398/7
f 812/1504/8 879/1505/8 774/1506/8 775/1507/8
f 762/1508/18 856/1509/18 737/1510/18 738/1511/18
f 845/1512/18 873/1513/18 825/1514/18 818/1515/18
f 838/1516/22 992/1517/22 961/1518/22 792/1519/22
f 699/1379/7 905/1520/7 946/1521/7 769/1380/7
f 763/1522/13 764/1523/13 793/1524/13
f 790/1525/7 791/1526/7 800/1527/7
f 773/1528/18 827/1529/18 708/1530/18 736/1531/18
f 742/1532/13 741/1533/13 709/1534/13 173/482/13 713/1535/13
f 735/1536/18 734/1537/18 714/1538/18 723/1539/18 706/1540/18
f 877/1541/6 805/1542/6 806/1543/6
f 749/1544/7 727/1545/7 213/496/7 692/1546/7 701/1547/7
f 752/1548/6 751/1549/6 190/501/6 715/1550/6 700/1551/6
f 815/1552/16 977/1553/16 986/1554/16 828/1555/16
f 858/1556/18 857/1557/18 836/1558/18
f 845/1392/8 1035/1559/8 923/1560/8 716/1351/8
f 710/1450/11 918/1561/11 919/1562/11 711/1385/11
f 694/1563/18 695/1564/18 693/1565/18
f 796/1566/8 797/1567/8 809/1568/8
f 816/1569/19 978/1570/19 1032/1571/19 753/1572/19
f 711/1385/11 919/1562/11 945/1573/11 767/1386/11
f 869/1574/12 1031/1575/12 1023/1576/12 868/1577/12
f 761/1329/13 943/1578/13 1005/1579/13 842/1330/13
f 840/1341/11 1037/1580/11 928/1581/11 720/1342/11
f 808/1439/13 974/1582/13 939/1583/13 733/1440/13
f 828/1555/16 986/1554/16 974/1584/16 808/1585/16
f 826/1586/15 1019/1587/15 980/1588/15 818/1589/15
f 885/1590/18 858/1556/18 836/1558/18 789/1591/18
f 805/1592/20 971/1593/20 972/1594/20 806/1595/20
f 874/1596/18 756/1597/18 735/1536/18 859/1598/18
f 816/1599/6 768/1600/6 817/1601/6
f 808/1602/6 832/1603/6 831/1604/6 882/1605/6
f 872/1606/7 766/1607/7 750/1608/7 834/1609/7
f 861/1610/14 1011/1611/14 989/1612/14 835/1613/14
f 882/1605/6 768/1600/6 754/1614/6 884/1615/6
f 881/1616/13 758/1617/13 742/1532/13 810/1618/13
f 868/1619/6 782/1620/6 869/1621/6
f 879/1505/8 760/1622/8 746/1482/8 774/1506/8
f 828/1623/6 884/1615/6 815/1624/6
f 883/1625/7 801/1626/7 864/1627/7 863/1628/7
f 705/1368/11 913/1629/11 944/1630/11 765/1410/11
f 804/1362/11 970/1631/11 918/1561/11 710/1450/11
f 860/1632/8 778/1633/8 785/1634/8
f 764/1635/22 1016/1636/22 1018/1637/22 793/1638/22
f 800/1639/19 1017/1640/19 966/1641/19 801/1642/19
f 695/1564/18 694/1563/18 714/1538/18
f 728/1643/21 934/1644/21 938/1645/21 732/1646/21
f 807/1647/10 973/1648/10 956/1649/10 786/1650/10
f 860/1651/9 1010/1652/9 983/1653/9 747/1654/9
f 846/1655/18 859/1598/18 853/1656/18
f 791/1657/19 1015/1658/19 1017/1640/19 800/1639/19
f 704/1367/11 912/1659/11 913/1629/11 705/1368/11
f 855/1660/18 756/1597/18 852/1661/18
f 799/1662/18 874/1596/18 859/1598/18 846/1655/18
f 691/1663/10 892/1664/10 999/1665/10 849/1666/10
f 718/1667/22 925/1668/22 1016/1636/22 764/1635/22
f 693/1565/18 723/1539/18 694/1563/18
f 853/1656/18 859/1598/18 735/1536/18 706/1540/18
f 713/1669/9 921/1670/9 950/1671/9 776/1672/9
f 689/1434/13 888/1673/13 943/1578/13 761/1329/13
f 712/1674/20 920/1675/20 969/1676/20 692/1677/20
f 833/1678/15 988/1679/15 1013/1680/15 827/1681/15
f 714/1538/18 694/1563/18 723/1539/18
f 807/1682/13 784/1683/13 880/1684/13 862/1685/13
f 701/1686/19 907/1687/19 1015/1658/19 791/1657/19
f 709/1534/13 707/639/13 173/482/13
f 745/1483/8 746/1482/8 760/1622/8 792/1688/8
f 741/1533/13 742/1532/13 758/1617/13 848/1689/13
f 765/1410/11 944/1630/11 1030/1690/11 823/1453/11
f 819/1691/12 981/1692/12 968/1693/12 803/1694/12
f 803/1468/8 968/1695/8 932/1696/8 725/1431/8
f 827/1529/18 773/1528/18 833/1697/18
f 747/1698/8 748/1699/8 778/1633/8 860/1632/8
f 727/1545/7 749/1544/7 780/1700/7 771/1701/7
f 769/1380/7 946/1521/7 1027/1702/7 821/1457/7
f 776/1672/9 950/1671/9 967/1703/9 802/1704/9
f 786/1705/13 784/1683/13 807/1682/13
f 830/1706/18 829/1707/18 886/1708/18 847/1709/18
f 835/1710/18 770/1711/18 861/1712/18
f 732/1646/21 938/1645/21 1014/1713/21 797/1714/21
f 795/1715/13 811/1716/13 875/1717/13
f 775/1507/8 774/1506/8 849/1718/8
f 721/1311/11 929/1719/11 942/1720/11 759/1312/11
f 196/673/13 707/639/13 709/1534/13
f 801/1474/11 966/1721/11 912/1659/11 704/1367/11
f 743/1722/13 744/1723/13 784/1683/13 786/1705/13
f 722/1724/18 740/1725/18 739/1726/18 695/1564/18 714/1538/18
f 850/1727/13 880/1684/13 763/1522/13 793/1524/13
f 776/1728/13 810/1618/13 742/1532/13 713/1535/13
f 848/1729/21 998/1730/21 959/1731/21 741/1732/21
f 861/1712/18 770/1711/18 873/1513/18 821/1733/18
f 771/1701/7 780/1700/7 794/1734/7
f 809/1735/21 1021/1736/21 1037/1737/21 840/1738/21
f 849/1718/8 774/1506/8 746/1482/8 691/1485/8
f 723/1539/18 693/1565/18 719/1739/18 736/1531/18 708/1530/18
f 792/1519/22 961/1518/22 949/1740/22 745/1741/22
f 728/1484/8 726/695/8 212/431/8
f 698/1414/7 904/1742/7 905/1520/7 699/1379/7
f 785/1634/8 778/1633/8 878/1743/8 867/1744/8
f 794/1734/7 780/1700/7 883/1625/7 863/1628/7
f 731/1320/11 937/1745/11 941/1746/11 757/1332/11
f 751/1549/6 752/1548/6 782/1620/6 868/1619/6
f 803/1747/7 872/1606/7 834/1609/7 819/1748/7
f 739/1726/18 740/1725/18 770/1711/18 835/1710/18
f 820/1749/7 834/1609/7 750/1608/7 703/1750/7
f 799/1325/6 965/1751/6 899/1752/6 696/1326/6
f 840/1753/8 878/1743/8 796/1566/8 809/1568/8
f 827/1681/15 1013/1680/15 916/1754/15 708/1755/15
f 788/1756/7 766/1607/7 837/1757/7
f 792/1688/8 760/1622/8 838/1758/8
f 788/1759/20 958/1760/20 920/1675/20 712/1674/20
f 839/1761/18 813/1762/18 736/1531/18 719/1739/18
f 870/1763/18 798/1764/18 874/1596/18 799/1662/18
f 812/1504/8 876/1765/8 787/1766/8 879/1505/8
f 878/1743/8 840/1753/8 841/1767/8 867/1744/8
f 755/1345/8 940/1768/8 964/1769/8 798/1346/8
f 819/1748/7 834/1609/7 820/1749/7
f 695/1564/18 702/1770/18 738/1511/18 737/1510/18 693/1565/18
f 717/1349/8 924/1771/8 940/1768/8 755/1345/8
f 802/1772/13 810/1618/13 776/1728/13
f 881/1616/13 795/1715/13 844/1773/13 758/1617/13
f 811/1716/13 881/1616/13 810/1618/13 802/1772/13
f 882/1605/6 831/1604/6 817/1601/6 768/1600/6
f 823/1774/7 837/1757/7 766/1607/7 872/1606/7
f 213/496/7 158/729/7 692/1546/7
f 696/1326/6 899/1752/6 900/1486/6 697/1448/6
f 732/1775/8 748/1699/8 747/1698/8 214/731/8 728/1484/8
f 797/1714/21 1014/1713/21 1021/1736/21 809/1735/21
f 862/1776/10 1012/1777/10 973/1648/10 807/1647/10
f 173/1778/9 461/1779/9 921/1670/9 713/1669/9
f 757/1332/11 941/1746/11 963/1780/11 795/1364/11
f 844/1781/21 994/1782/21 998/1730/21 848/1729/21
f 741/1732/21 959/1731/21 917/1783/21 709/1784/21
f 845/1512/18 822/1785/18 821/1733/18 873/1513/18
f 740/1725/18 722/1724/18 826/1786/18 825/1514/18
f 814/1787/14 985/1788/14 1038/1789/14 847/1790/14
f 712/1791/7 750/1608/7 766/1607/7 788/1756/7
f 877/1541/6 871/1792/6 782/1620/6 752/1548/6
f 850/1355/11 1026/1793/11 936/1794/11 730/1319/11
f 871/1792/6 804/1795/6 866/1796/6 865/1797/6
f 874/1596/18 798/1764/18 852/1661/18 756/1597/18
f 847/1308/13 1038/1798/13 887/1799/13 688/1372/13
f 825/1514/18 826/1786/18 818/1515/18
f 815/1624/6 884/1615/6 754/1614/6 690/1800/6
f 744/1723/13 718/1801/13 764/1523/13 763/1522/13
f 749/1544/7 701/1547/7 791/1526/7 790/1525/7
f 752/1548/6 700/1551/6 805/1542/6 877/1541/6
f 748/1699/8 732/1775/8 797/1567/8 796/1566/8
f 771/1802/16 947/1803/16 933/1804/16 727/1805/16
f 795/1806/21 963/1807/21 994/1782/21 844/1781/21
f 880/1684/13 850/1727/13 851/1808/13 862/1685/13
f 785/1809/9 955/1810/9 1010/1652/9 860/1651/9
f 700/1811/20 906/1812/20 971/1593/20 805/1592/20
f 823/1813/20 1030/1814/20 991/1815/20 837/1816/20
f 879/1505/8 787/1766/8 838/1758/8 760/1622/8
f 848/1689/13 758/1617/13 844/1773/13
f 178/773/7 703/1750/7 750/1608/7 712/1791/7 692/1546/7
f 692/1546/7 158/729/7 178/773/7
f 214/731/8 726/695/8 728/1484/8
f 863/1817/16 1029/1818/16 962/1819/16 794/1820/16
f 787/1821/22 957/1822/22 992/1517/22 838/1516/22
f 856/1509/18 762/1508/18 854/1823/18
f 734/1537/18 735/1536/18 756/1597/18 855/1660/18
f 688/1372/13 887/1799/13 888/1673/13 689/1434/13
f 806/1595/20 972/1594/20 970/1824/20 804/1825/20
f 789/1413/7 960/1826/7 904/1742/7 698/1414/7
f 867/1827/9 1028/1828/9 955/1810/9 785/1809/9
f 865/1829/12 1034/1830/12 1031/1575/12 869/1574/12
f 191/1831/16 485/1832/16 889/1833/16 690/1834/16
f 753/1572/19 1032/1571/19 1036/1835/19 715/1836/19
f 814/1837/18 813/1762/18 839/1761/18
f 804/1795/6 871/1792/6 877/1541/6 806/1543/6
f 745/1741/22 949/1740/22 934/1838/22 728/1839/22
f 839/1495/14 993/1494/14 985/1788/14 814/1787/14
f 212/1840/10 468/1841/10 892/1664/10 691/1663/10
f 759/1312/11 942/1720/11 957/1842/11 787/1444/11
f 693/1843/14 1004/1844/14 926/1493/14 719/1492/14
f 708/1755/15 916/1754/15 987/1845/15 723/1846/15
f 773/1528/18 736/1531/18 813/1762/18 886/1708/18
f 790/1525/7 883/1625/7 780/1700/7 749/1544/7
f 801/1626/7 883/1625/7 790/1525/7 800/1527/7
f 872/1606/7 803/1747/7 824/1847/7 823/1774/7
f 886/1708/18 813/1762/18 814/1837/18 847/1709/18
f 738/1511/18 858/1556/18 885/1590/18 762/1508/18
f 837/1816/20 991/1815/20 958/1760/20 788/1759/20
f 794/1820/16 962/1819/16 947/1803/16 771/1802/16
f 821/1848/14 1027/1849/14 1011/1611/14 861/1610/14
f 733/1440/13 939/1583/13 442/807/13 211/406/13
f 738/1511/18 702/1770/18 857/1557/18 858/1556/18
f 849/1666/10 999/1665/10 997/1850/10 775/1851/10
f 715/1550/6 183/811/6 191/810/6
f 762/1508/18 885/1590/18 842/1852/18 854/1823/18
f 825/1514/18 873/1513/18 770/1711/18 740/1725/18
f 796/1566/8 878/1743/8 778/1633/8 748/1699/8
f 869/1621/6 782/1620/6 871/1792/6 865/1797/6
f 191/810/6 690/1800/6 754/1614/6 753/1853/6 715/1550/6
f 885/1590/18 789/1591/18 843/1854/18 842/1852/18
f 722/1855/15 930/1856/15 1019/1587/15 826/1586/15
f 793/1638/22 1018/1637/22 1026/1857/22 850/1858/22
f 718/1801/13 744/1723/13 743/1722/13 196/673/13 709/1534/13
f 730/1319/11 936/1794/11 937/1745/11 731/1320/11
f 190/501/6 183/811/6 715/1550/6
f 763/1522/13 880/1684/13 784/1683/13 744/1723/13
f 829/1707/18 833/1697/18 773/1528/18 886/1708/18
f 767/1386/11 945/1573/11 1033/1859/11 831/1315/11
f 811/1716/13 795/1715/13 881/1616/13
f 753/1853/6 754/1614/6 768/1600/6 816/1599/6
f 729/1323/6 935/1501/6 436/820/6 205/255/6
f 808/1602/6 882/1605/6 884/1615/6 828/1623/6
f 786/1650/10 956/1649/10 1020/1860/10 743/1861/10
f 915/1862/18 987/1863/18 916/1864/18
f 946/1865/18 1011/1866/18 1027/1867/18
f 1013/1868/18 995/1869/18 915/1862/18 916/1864/18
f 902/1870/13 925/1871/13 917/1872/13
f 896/1873/6 1036/1874/6 1032/1875/6
f 891/1876/18 930/1877/18 922/1878/18
f 911/1879/8 938/1880/8 934/1881/8
f 894/1882/7 969/1883/7 920/1884/7
f 943/1885/18 888/1886/18 984/1887/18 1008/1888/18 1006/1889/18
f 901/1890/13 998/1891/13 994/1892/13 941/1893/13 937/1894/13
f 984/1887/18 993/1895/18 926/1896/18 927/1897/18
f 910/1898/8 961/1899/8 992/1900/8 942/1901/8 929/1902/8
f 893/1903/7 958/1904/7 991/1905/7 944/1906/7 913/1907/7
f 995/1869/18 1002/1908/18 914/1909/18 915/1862/18
f 496/871/6 977/1910/6 889/1911/6 375/872/6
f 490/875/7 982/1912/7 909/1913/7 398/876/7
f 903/1914/18 989/1915/18 1011/1866/18 946/1865/18 905/1916/18
f 442/882/6 939/1917/6 986/1918/6 977/1910/6 496/871/6
f 432/885/7 932/1919/7 981/1920/7 982/1912/7 490/875/7
f 900/1921/18 899/1922/18 996/1923/18 1002/1908/18 995/1869/18
f 508/891/8 999/1924/8 892/1925/8 379/892/8
f 455/895/13 950/1926/13 921/1927/13 414/896/13
f 436/899/8 935/1928/8 997/1929/8 999/1924/8 508/891/8
f 957/1930/8 942/1901/8 992/1900/8
f 412/903/6 1023/1931/6 1031/1932/6 953/1933/6 430/904/6
f 991/1905/7 1030/1934/7 944/1906/7
f 932/1919/7 968/1935/7 981/1920/7
f 939/1917/6 974/1936/6 986/1918/6
f 964/1937/18 940/1938/18 1000/1939/18
f 987/1863/18 915/1862/18 914/1909/18
f 1001/1940/18 891/1876/18 922/1878/18
f 990/1941/18 904/1942/18 960/1943/18
f 1003/1944/18 927/1897/18 1004/1945/18
f 908/1946/18 897/1947/18 898/1948/18
f 1005/1949/18 943/1885/18 1006/1889/18
f 963/1950/13 941/1893/13 994/1892/13
f 908/1946/18 898/1948/18 903/1914/18 1009/1951/18
f 952/1952/7 962/1953/7 1029/1954/7
f 1009/1951/18 903/1914/18 905/1916/18 904/1942/18 990/1941/18
f 969/1883/7 894/1882/7 907/1955/7
f 951/1956/8 955/1957/8 1028/1958/8
f 933/1959/7 410/935/7 443/934/7
f 409/936/7 947/1960/7 962/1953/7 952/1952/7 440/937/7
f 461/939/13 414/896/13 921/1927/13
f 959/1961/13 902/1870/13 917/1872/13
f 931/1962/13 975/1963/13 967/1964/13
f 935/1928/8 976/1965/8 997/1929/8
f 907/1955/7 894/1882/7 893/1903/7 1015/1966/7
f 1015/1966/7 893/1903/7 913/1907/7 912/1967/7 1017/1968/7
f 1016/1969/13 901/1890/13 937/1894/13 936/1970/13 1018/1971/13
f 1019/1972/18 890/1973/18 924/1974/18 923/1975/18 980/1976/18
f 1020/1977/13 373/958/13 427/957/13
f 954/1978/13 973/1979/13 1012/1980/13
f 468/962/8 379/892/8 892/1925/8
f 949/1981/8 911/1879/8 934/1881/8
f 1033/1982/6 945/1983/6 979/1984/6
f 895/1985/6 978/1986/6 979/1984/6 945/1983/6 919/1987/6
f 983/1988/8 371/972/8 444/971/8
f 971/1989/6 895/1985/6 919/1987/6 918/1990/6 972/1991/6
f 953/1933/6 1031/1932/6 1034/1992/6
f 918/1990/6 970/1993/6 972/1991/6
f 1022/1994/18 898/1948/18 897/1947/18
f 925/1871/13 902/1870/13 901/1890/13 1016/1969/13
f 891/1876/18 1001/1940/18 1007/1995/18 890/1973/18
f 390/980/6 1024/1996/6 1023/1931/6 412/903/6
f 890/1973/18 1007/1995/18 1000/1939/18 940/1938/18 924/1974/18
f 902/1870/13 959/1961/13 998/1891/13 901/1890/13
f 911/1879/8 949/1981/8 961/1899/8 910/1898/8
f 894/1882/7 920/1884/7 958/1904/7 893/1903/7
f 896/1873/6 1032/1875/6 978/1986/6 895/1985/6
f 1014/1997/8 910/1898/8 929/1902/8 928/1998/8 1021/1999/8
f 909/1913/7 489/985/7 398/876/7
f 429/986/13 931/1962/13 967/1964/13 950/1926/13 455/895/13
f 906/2000/6 896/1873/6 895/1985/6 971/1989/6
f 930/1877/18 891/1876/18 890/1973/18 1019/1972/18
f 1004/1945/18 927/1897/18 926/1896/18
f 1008/1888/18 984/1887/18 927/1897/18 1003/1944/18
f 923/1975/18 1035/2001/18 980/1976/18
f 912/1967/7 966/2002/7 1017/1968/7
f 410/935/7 933/1959/7 947/1960/7 409/936/7
f 888/1886/18 887/2003/18 985/2004/18 993/1895/18 984/1887/18
f 1036/1874/6 896/1873/6 906/2000/6
f 938/1880/8 911/1879/8 910/1898/8 1014/1997/8
f 928/1998/8 1037/2005/8 1021/1999/8
f 898/1948/18 1022/1994/18 989/1915/18 903/1914/18
f 371/972/8 983/1988/8 1010/2006/8 370/993/8
f 889/1911/6 485/995/6 375/872/6
f 370/993/8 1010/2006/8 955/1957/8 951/1956/8 420/996/8
f 985/2004/18 887/2003/18 1038/2007/18
f 1024/1996/6 390/980/6 423/998/6
f 988/2008/18 1025/2009/18 948/2010/18
f 936/1970/13 1026/2011/13 1018/1971/13
f 373/958/13 1020/1977/13 956/2012/13 372/1003/13
f 899/1922/18 965/2013/18 996/1923/18
f 372/1003/13 956/2012/13 973/1979/13 954/1978/13 419/1006/13
f 948/2010/18 900/1921/18 995/1869/18 1013/1868/18 988/2008/18
f 723/2014/5 987/2015/5 914/2016/5 706/2017/5
f 734/2018/17 1001/2019/17 922/2020/17 714/2021/17
f 836/2022/17 990/2023/17 960/2024/17 789/2025/17
f 831/2026/19 1033/2027/19 979/2028/19 817/2029/19
f 853/2030/5 1002/2031/5 996/2032/5 846/2033/5
f 690/1834/16 889/1833/16 977/1553/16 815/1552/16
f 737/2034/5 1003/2035/5 1004/2036/5 693/2037/5
f 715/2038/20 1036/2039/20 906/1812/20 700/1811/20
f 695/2040/17 897/2041/17 908/2042/17 702/2043/17
f 842/2044/5 1005/2045/5 1006/2046/5 854/2047/5
f 852/1499/17 1000/1498/17 1007/2048/17 855/2049/17
f 817/2029/19 979/2028/19 978/1570/19 816/1569/19
f 854/2047/5 1006/2046/5 1008/2050/5 856/2051/5
f 716/1351/8 923/1560/8 924/1771/8 717/1349/8
f 846/2033/5 996/2032/5 965/2052/5 799/2053/5
f 702/2043/17 908/2042/17 1009/2054/17 857/2055/17
f 856/2051/5 1008/2050/5 1003/2035/5 737/2034/5
f 857/2055/17 1009/2054/17 990/2023/17 836/2022/17
f 855/2049/17 1007/2048/17 1001/2019/17 734/2018/17
f 706/2017/5 914/2016/5 1002/2031/5 853/2030/5
f 868/1577/12 1023/1576/12 1024/1489/12 751/1488/12
f 720/1342/11 928/1581/11 929/1719/11 721/1311/11
f 820/2056/12 982/2057/12 981/1692/12 819/1691/12
f 714/2058/15 922/2059/15 930/1856/15 722/1855/15
f 188/346/7 420/1054/7 951/2060/7 777/1404/7
f 739/2061/14 1022/2062/14 897/2063/14 695/2064/14
f 209/334/13 440/1060/13 952/2065/13 779/1394/13
f 178/2066/12 489/2067/12 909/2068/12 703/2069/12
f 779/1394/13 952/2065/13 1029/2070/13 863/1427/13
f 829/2071/15 1025/2072/15 988/1679/15 833/1678/15
f 199/320/8 430/1069/8 953/2073/8 781/1382/8
f 781/1382/8 953/2073/8 1034/2074/8 865/1417/8
f 724/1398/7 931/1503/7 429/1071/7 198/388/7
f 775/1851/10 997/1850/10 976/2075/10 812/2076/10
f 692/2077/19 969/2078/19 907/1687/19 701/1686/19
f 747/1654/9 983/1653/9 444/2079/9 214/2080/9
f 783/1374/6 954/2081/6 1012/2082/6 862/1407/6
f 709/2083/22 917/2084/22 925/1668/22 718/1667/22
f 727/1805/16 933/1804/16 443/2085/16 213/2086/16
f 777/1404/7 951/2060/7 1028/2087/7 867/1401/7
f 725/1431/8 932/1696/8 432/1085/8 201/373/8
f 743/1861/10 1020/1860/10 427/2088/10 196/2089/10
f 187/310/6 419/1088/6 954/2081/6 783/1374/6
f 818/1589/15 980/1588/15 1035/2090/15 845/2091/15
f 802/1704/9 967/1703/9 975/2092/9 811/2093/9
f 835/1613/14 989/1612/14 1022/2062/14 739/2061/14
f 703/2069/12 909/2068/12 982/2057/12 820/2056/12
f 772/1443/6 948/1487/6 1025/2094/6 829/1357/6
