# Blender 5.1.2
# www.blender.org
mtllib Forklift.mtl
o Forklift
v 0.488720 0.306056 -0.019221
v 0.458798 0.872161 0.103726
v 0.523931 0.335912 0.721606
v 0.435545 1.028043 0.893637
v -0.488720 0.306056 -0.019221
v -0.458798 0.872161 0.103726
v -0.523931 0.335912 0.721614
v -0.435545 1.028043 0.893637
v 0.523931 0.302853 0.340000
v 0.488720 0.889220 0.428569
v -0.523931 0.302853 0.340000
v -0.488720 0.889220 0.428569
v 0.454854 0.836597 0.095468
v 0.488720 0.808919 0.890350
v -0.488720 0.808919 0.890350
v -0.454854 0.836597 0.095468
v -0.488720 0.836597 0.428569
v 0.488720 0.836597 0.428569
v 0.488720 0.571803 0.734313
v -0.488720 0.571803 0.734321
v -0.488720 0.569725 -0.044284
v -0.488720 0.569725 0.384284
v 0.488720 0.569725 0.384284
v 0.488720 0.569725 -0.044284
v 0.488759 0.911589 -0.465458
v 0.451133 0.995955 -0.446952
v -0.451133 0.995955 -0.446952
v -0.488759 0.911589 -0.465458
v 0.488720 0.885774 0.716553
v -0.523931 0.329675 0.645865
v 0.523931 0.329675 0.645865
v -0.488720 0.885774 0.716553
v -0.488720 0.814245 0.703554
v 0.488720 0.814245 0.703554
v 0.488720 0.571960 0.656622
v -0.488720 0.571960 0.656622
v -0.410146 1.165152 0.785026
v -0.206939 0.306064 -0.019234
v -0.453610 0.922175 0.428569
v -0.410303 1.157004 0.716553
v -0.205938 0.335912 0.721612
v -0.415412 0.886680 0.088569
v -0.415412 0.836597 0.033213
v 0.203859 0.325049 -0.311663
v -0.412908 0.995792 -0.447017
v -0.197159 0.904565 -0.468725
v 0.206867 0.335912 0.721608
v 0.415412 0.886680 0.088569
v 0.415412 0.836597 0.033213
v 0.410932 0.995053 -0.447205
v 0.197220 0.904538 -0.468721
v 0.415287 1.165526 0.785176
v 0.207213 0.306050 -0.019213
v 0.453610 0.922175 0.428569
v -0.206690 1.196095 1.241984
v 0.415045 1.157004 0.716554
v -0.412771 2.182656 0.725252
v -0.412946 2.197763 0.657415
v 0.415807 2.182653 0.725257
v 0.415570 2.197761 0.657420
v -0.451133 0.968789 -0.388033
v -0.488841 0.886720 -0.414253
v 0.451133 0.968789 -0.388033
v 0.488841 0.886720 -0.414253
v -0.412692 0.968790 -0.388034
v 0.488756 0.760475 -0.154342
v 0.451133 0.832217 -0.132562
v 0.411117 0.968789 -0.388034
v 0.412685 2.006019 -0.142688
v -0.414535 2.006017 -0.142679
v -0.414319 1.978851 -0.083760
v 0.412869 1.978853 -0.083770
v -0.000000 2.197762 0.657420
v 0.000000 2.118661 -0.037317
v 0.000000 2.006021 -0.142682
v 0.000000 1.978854 -0.083764
v 0.413126 2.118660 -0.037309
v -0.414532 2.118662 -0.037319
v -0.414314 2.062537 -0.004189
v 0.413201 2.062536 -0.004178
v -0.412756 2.128192 0.662971
v -0.412583 2.129795 0.731593
v 0.415776 2.129800 0.731586
v 0.415539 2.128198 0.662964
v 0.472196 0.572125 1.685107
v 0.428250 0.335698 1.674651
v 0.205540 0.335698 1.674651
v -0.206575 1.019081 1.614222
v -0.420891 0.897466 1.614222
v -0.472230 0.572125 1.685107
v -0.428284 0.335698 1.674651
v 0.420891 0.897466 1.614222
v 0.488720 0.808551 1.650203
v -0.488720 0.808551 1.650203
v -0.206424 0.826877 1.695786
v -0.206217 0.572125 1.732759
v -0.206018 0.335698 1.674651
v 0.205008 1.019081 1.614222
v 0.205068 0.826877 1.695786
v 0.205246 0.572125 1.732759
v 0.205365 1.196095 1.241984
v -0.420891 1.074479 1.241984
v -0.488720 0.935591 1.270277
v 0.488720 0.935591 1.270277
v 0.420891 1.074479 1.241984
v 0.205636 0.335771 1.604403
v -0.206666 1.146029 1.451167
v 0.205120 1.146029 1.451167
v -0.488720 0.820175 1.490993
v 0.420891 1.024414 1.451167
v -0.428284 0.335777 1.604537
v 0.428250 0.335769 1.604356
v 0.472194 0.571655 1.593477
v -0.206012 0.335775 1.604490
v -0.420891 1.024414 1.451167
v 0.488720 0.820175 1.490993
v -0.472233 0.571664 1.593671
v -0.206687 1.211563 1.063553
v -0.420891 1.089948 1.063553
v 0.488720 0.935683 1.080313
v 0.205599 1.211563 1.063553
v -0.488720 0.935683 1.080313
v 0.420891 1.089948 1.063553
v 0.488720 0.757034 0.103584
v 0.541048 0.752271 0.849898
v -0.541048 0.752271 0.849898
v -0.488720 0.757034 0.103584
v -0.488720 0.772654 0.417958
v 0.488720 0.772654 0.417958
v 0.488720 0.756194 0.687802
v -0.488720 0.756194 0.687802
v 0.488720 0.751904 1.658566
v -0.488720 0.751904 1.658566
v -0.206363 0.751904 1.706218
v 0.205121 0.751904 1.706218
v 0.541048 0.860523 1.291995
v -0.541048 0.860523 1.291995
v 0.541048 0.751996 1.506615
v -0.541048 0.751996 1.506615
v -0.541048 0.863378 1.070486
v 0.541048 0.863378 1.070486
v 0.415412 0.832217 -0.132562
v -0.415412 0.832217 -0.132562
v 0.199040 0.589306 -0.547365
v 0.415412 0.900503 -0.260297
v -0.198404 0.589331 -0.547373
v -0.451133 0.832217 -0.132562
v -0.451133 0.900503 -0.260297
v -0.488756 0.760475 -0.154342
v 0.451133 0.900503 -0.260297
v 0.200824 0.336138 -0.581040
v -0.415412 0.900503 -0.260297
v -0.199769 0.336162 -0.581050
v 0.488799 0.823597 -0.284297
v -0.203184 0.325068 -0.311679
v -0.488799 0.823597 -0.284297
v 0.523931 0.304455 0.160390
v -0.523931 0.304455 0.160390
v 0.488720 0.569725 0.170000
v -0.488720 0.569725 0.170000
v 0.297653 0.576868 0.734588
v 0.321374 0.358130 0.722804
v 0.206832 0.357356 0.722763
v -0.297653 0.576868 0.734592
v -0.321374 0.358110 0.722808
v 0.279196 0.746305 0.873798
v -0.279196 0.746305 0.873798
v 0.205613 0.359312 1.603318
v 0.205957 0.358919 1.359062
v 0.206412 0.358333 1.031913
v 0.321270 0.359253 1.037228
v 0.297700 0.576191 1.039294
v -0.205956 0.357353 0.722767
v -0.205982 0.358333 1.031913
v -0.297700 0.576191 1.039294
v 0.321322 0.359789 1.603272
v 0.321252 0.359787 1.352013
v 0.297791 0.576560 1.593285
v 0.297751 0.576106 1.360919
v -0.206032 0.359321 1.603405
v -0.206010 0.358919 1.359062
v -0.297786 0.576566 1.593411
v -0.297751 0.576106 1.360919
v -0.321270 0.359253 1.037228
v -0.321252 0.359787 1.352013
v 0.270074 0.830762 1.291995
v -0.321319 0.359836 1.603406
v 0.279302 0.746046 1.482715
v 0.269741 0.833559 1.070487
v -0.270074 0.830762 1.291995
v -0.279302 0.746046 1.482715
v -0.269741 0.833559 1.070487
v -0.347073 0.569756 -0.044534
v -0.349714 0.329292 -0.018862
v -0.206788 0.329349 -0.018191
v 0.349714 0.329313 -0.018863
v 0.347073 0.569756 -0.044534
v 0.197677 0.889763 -0.438312
v 0.305425 0.895550 -0.439729
v 0.335494 0.536501 -0.264859
v 0.334109 0.348062 -0.309507
v 0.203657 0.351977 -0.309208
v -0.305425 0.895550 -0.439729
v -0.197640 0.889739 -0.438310
v 0.207025 0.329361 -0.018211
v -0.310971 0.841640 -0.328517
v 0.310971 0.841640 -0.328517
v 0.320844 0.757828 -0.155571
v -0.320844 0.757828 -0.155571
v -0.335494 0.536501 -0.264859
v 0.199379 0.590517 -0.515396
v 0.321633 0.591246 -0.519221
v -0.321633 0.591246 -0.519221
v -0.198792 0.590490 -0.515387
v -0.321132 0.373070 -0.550267
v -0.199907 0.374487 -0.548162
v -0.334109 0.348062 -0.309507
v 0.200857 0.374517 -0.548175
v 0.321132 0.373070 -0.550267
v -0.203025 0.351957 -0.309192
v 0.207833 0.975785 -0.379507
v -0.206366 0.975785 -0.379508
v -0.071201 1.213338 -0.169482
v 0.072313 1.213338 -0.169483
v -0.206275 0.848499 -0.163019
v 0.207601 0.848498 -0.163021
v -0.154524 1.066081 0.146235
v 0.154999 1.066082 0.146236
v 0.206027 1.165526 0.785175
v -0.206626 1.165526 0.785175
v -0.206292 0.836596 0.033213
v 0.207367 0.836595 0.033211
v -0.206397 0.995955 -0.446952
v 0.207857 0.995956 -0.446950
v 0.154278 1.149763 0.658244
v -0.154627 1.149763 0.658244
v 0.413045 0.569995 -0.044337
v 0.405122 0.759168 -0.154952
v 0.403568 0.832803 -0.306355
v 0.402333 0.891396 -0.426917
v 0.414022 0.335511 0.721585
v 0.425912 0.306257 -0.019164
v -0.415494 0.305942 -0.019266
v -0.409717 0.335690 0.721601
v 0.327285 0.306056 -0.019221
v 0.327285 0.335912 0.721607
v -0.327285 0.335912 0.721613
v -0.327285 0.306056 -0.019221
v -0.408374 0.759215 -0.154931
v -0.410967 0.569794 -0.044388
v -0.408138 0.832766 -0.306349
v -0.407950 0.891328 -0.426914
v -0.407889 0.910355 -0.466078
v 0.401942 0.910227 -0.466118
v -0.405353 0.574556 0.734469
v -0.399248 0.574220 1.593541
v -0.396829 0.749249 1.494756
v -0.396545 0.845948 1.292117
v -0.398068 0.848804 1.070620
v -0.401320 0.749598 0.861971
v 0.412520 0.749663 0.861954
v 0.411771 0.848686 1.070548
v 0.411473 0.845694 1.292010
v 0.411633 0.748926 1.494638
v 0.412298 0.573904 1.593378
v 0.413503 0.574772 0.734474
v -0.263923 1.009361 1.614222
v -0.310585 0.826877 1.695786
v -0.310585 0.572125 1.732759
v -0.310585 0.335698 1.674651
v -0.263923 1.186375 1.241984
v -0.263923 1.136309 1.451167
v -0.310585 0.335776 1.604512
v -0.263923 1.201843 1.063553
v -0.310585 0.751904 1.706218
v 0.310585 0.335698 1.674651
v 0.263923 1.009361 1.614222
v 0.310585 0.826877 1.695786
v 0.310585 0.572125 1.732759
v 0.263923 1.186375 1.241984
v 0.263923 1.136309 1.451167
v 0.310585 0.335770 1.604381
v 0.263923 1.201843 1.063553
v 0.310585 0.751904 1.706218
v -0.363582 0.946910 1.614161
v -0.394669 0.808462 1.680475
v -0.374639 0.572106 1.715407
v -0.403420 0.335843 1.604529
v -0.395620 0.751832 1.688844
v -0.378670 0.335757 1.674675
v -0.363106 1.123915 1.241920
v -0.362554 1.073838 1.451099
v -0.364028 1.139401 1.063496
v 0.375560 0.335698 1.674651
v 0.372082 1.124075 1.241984
v 0.372082 1.074009 1.451167
v 0.372082 1.139544 1.063553
v 0.372082 0.947061 1.614222
v 0.399652 0.808551 1.680510
v 0.375560 0.572125 1.715414
v 0.399652 0.335769 1.604362
v 0.399652 0.751904 1.688873
v -0.306749 0.908744 -0.466840
v -0.237239 1.066081 0.175108
v -0.287482 0.848499 -0.163019
v -0.322447 1.165526 0.785175
v -0.263798 1.121240 0.428559
v -0.237165 1.149763 0.628481
v -0.288000 0.952507 -0.357576
v -0.287742 0.900541 -0.260369
v -0.321829 0.836597 0.033213
v -0.321894 0.996071 -0.446922
v 0.287591 0.952507 -0.357576
v 0.323010 0.900503 -0.260297
v 0.236646 1.066082 0.175108
v 0.324519 0.836597 0.033213
v 0.320854 0.995994 -0.446942
v 0.289354 0.848499 -0.163019
v 0.322292 1.165526 0.785175
v 0.321966 1.121241 0.428569
v 0.236843 1.149763 0.628482
v 0.312450 0.908833 -0.466797
v 0.523931 0.356391 0.722709
v 0.523930 0.342722 0.343941
v 0.488720 0.329217 -0.021608
v 0.523931 0.353916 0.646941
v 0.523930 0.335969 0.161166
v 0.424625 0.329217 -0.021555
v 0.414523 0.356476 0.722711
v -0.523930 0.356360 0.722715
v -0.488720 0.329186 -0.021607
v -0.523931 0.342691 0.343943
v -0.523931 0.353885 0.646942
v -0.523931 0.335938 0.161168
v -0.415041 0.329186 -0.021662
v -0.409280 0.356465 0.722720
v 0.428250 0.359315 1.675697
v -0.428284 0.359378 1.675697
v -0.206041 0.359349 1.723349
v 0.205451 0.359344 1.723349
v -0.428284 0.359413 1.603448
v 0.428250 0.359342 1.603269
v -0.310585 0.359367 1.723349
v 0.310585 0.359327 1.723349
v -0.378267 0.359373 1.706024
v 0.375560 0.359321 1.706004
v -0.403003 0.359463 1.603440
v 0.454854 0.789005 0.100054
v 0.451160 0.930591 -0.461290
v -0.451160 0.930591 -0.461290
v 0.451219 0.905204 -0.408347
v -0.451219 0.905204 -0.408347
v -0.523399 0.898057 1.281136
v -0.523399 0.786085 1.498804
v -0.523399 0.899530 1.075400
v 0.523399 0.780595 0.870124
v -0.523399 0.780595 0.870124
v -0.454854 0.789005 0.100054
v -0.488720 0.804626 0.423263
v 0.488720 0.804626 0.423263
v 0.488720 0.785219 0.695678
v -0.488720 0.785219 0.695678
v 0.488720 0.780227 1.654384
v -0.488720 0.780227 1.654384
v -0.206386 0.780227 1.702036
v 0.205101 0.780227 1.702036
v 0.523399 0.898057 1.281136
v 0.523399 0.786085 1.498804
v 0.523399 0.899530 1.075400
v 0.451159 0.776633 -0.149437
v -0.451159 0.776633 -0.149436
v -0.451189 0.840919 -0.278892
v 0.451189 0.840919 -0.278892
v 0.208022 0.925199 -0.463908
v -0.206313 0.925199 -0.463909
v -0.407516 0.929597 -0.461785
v 0.400924 0.929332 -0.461859
v -0.310585 0.780227 1.702036
v 0.310585 0.780227 1.702036
v -0.395144 0.780147 1.684659
v 0.399652 0.780227 1.684692
v -0.312259 0.928131 -0.462427
v 0.315544 0.928375 -0.462348
v 0.523931 0.305897 -0.001308
v -0.488720 0.569725 -0.022913
v -0.488753 0.761690 -0.134933
v -0.454854 0.833195 -0.095554
v -0.415412 0.833195 -0.095554
v 0.415412 0.833195 -0.095554
v 0.454854 0.833195 -0.095554
v 0.488753 0.761690 -0.134933
v -0.523931 0.305897 -0.001308
v 0.488720 0.569725 -0.022913
v 0.207549 0.833194 -0.095556
v -0.206279 0.833195 -0.095554
v -0.321913 0.833195 -0.095554
v 0.324246 0.833195 -0.095554
v 0.523931 0.329890 -0.003380
v -0.523931 0.329859 -0.003379
v 0.454878 0.775243 -0.133833
v -0.454878 0.775244 -0.133833
v 0.552368 0.305896 -0.001308
v 0.552368 0.306056 -0.019221
v -0.552367 0.329186 -0.021607
v -0.552367 0.306056 -0.019221
v 0.552368 0.329217 -0.021609
v 0.515246 0.569723 -0.044283
v -0.515246 0.569723 -0.022913
v -0.515246 0.569723 -0.044283
v -0.530271 0.930622 -0.461312
v -0.530280 0.911621 -0.465480
v 0.530365 0.886749 -0.414251
v 0.530321 0.823618 -0.284279
v -0.530365 0.886749 -0.414251
v -0.530321 0.823618 -0.284279
v 0.530280 0.911621 -0.465480
v -0.530337 0.905233 -0.408350
v 0.515282 0.760484 -0.154334
v -0.515282 0.760484 -0.154334
v 0.515274 0.776648 -0.149426
v -0.530303 0.840940 -0.278873
v -0.552367 0.329859 -0.003379
v 0.530271 0.930622 -0.461312
v 0.530337 0.905233 -0.408350
v -0.515274 0.776648 -0.149426
v 0.530303 0.840940 -0.278873
v -0.515278 0.761694 -0.134929
v 0.515278 0.761694 -0.134929
v -0.552367 0.305897 -0.001308
v 0.515246 0.569723 -0.022913
v 0.552368 0.329890 -0.003380
v 0.515271 0.771183 -0.138818
v -0.515271 0.771183 -0.138818
v -0.448546 0.930996 -0.578286
v -0.448554 0.911995 -0.582454
v 0.401941 0.910633 -0.583114
v 0.448553 0.911995 -0.582454
v -0.306750 0.909149 -0.583836
v -0.206297 0.905035 -0.585834
v 0.208165 0.905035 -0.585834
v -0.407890 0.910760 -0.583074
v 0.312449 0.909239 -0.583793
v -0.308313 0.929065 -0.579285
v 0.313342 0.928943 -0.579302
v 0.448545 0.930996 -0.578286
v 0.208119 0.925604 -0.580904
v -0.206304 0.925604 -0.580905
v -0.407516 0.930003 -0.578781
v 0.400923 0.929738 -0.578854
v -0.530272 0.931028 -0.578308
v -0.530281 0.912026 -0.582476
v 0.530279 0.912026 -0.582476
v 0.530270 0.931027 -0.578308
v 0.000000 2.182655 0.725259
v 0.000000 2.129801 0.731587
v 0.000000 2.128198 0.662964
v 0.000000 2.062535 -0.004186
v -0.353100 1.978854 -0.083764
v -0.353100 2.197763 0.657420
v -0.353100 2.006021 -0.142682
v -0.353100 2.118662 -0.037317
v -0.353100 2.182657 0.725258
v -0.353100 2.129801 0.731587
v -0.353100 2.128198 0.662964
v -0.353100 2.062535 -0.004186
v 0.353100 2.118660 -0.037317
v 0.353100 2.006021 -0.142682
v 0.353100 1.978854 -0.083764
v 0.353100 2.062535 -0.004186
v 0.353100 2.128198 0.662964
v 0.353100 2.129801 0.731587
v 0.353100 2.182654 0.725259
v 0.353100 2.197761 0.657421
v -0.206477 1.054815 0.088569
v 0.207094 1.054815 0.088569
v -0.322570 1.054815 0.088569
v 0.322229 1.157004 0.716553
v 0.206130 1.157004 0.716553
v -0.206613 1.157004 0.716553
v -0.322468 1.157004 0.716553
v -0.322554 1.121241 0.428569
v 0.321955 1.054815 0.088569
v 0.263209 1.121245 0.428596
v 0.230197 1.180759 0.404081
v 0.135558 1.177311 0.150474
v -0.135157 1.177312 0.150474
v 0.134927 1.183531 0.638468
v -0.135246 1.183532 0.638467
v -0.230732 1.180759 0.404046
v -0.207506 1.177312 0.178861
v 0.207134 1.183531 0.610970
v -0.207441 1.183532 0.610970
v 0.206962 1.177311 0.178861
v 0.207833 0.992067 -0.409964
v -0.206366 0.992067 -0.409965
v 0.321852 0.968789 -0.388033
v -0.206275 0.832217 -0.132562
v 0.207601 0.832216 -0.132564
v -0.321937 0.832217 -0.132562
v -0.322617 0.968789 -0.388033
v -0.322277 0.900503 -0.260297
v 0.324167 0.832217 -0.132562
v 0.288475 0.900373 -0.260054
v 0.207717 0.927200 -0.224863
v -0.206320 0.927200 -0.224862
v 0.288475 0.927070 -0.245782
v 0.207833 1.002483 -0.365235
v -0.206366 1.002482 -0.365236
v 0.207601 0.875196 -0.148748
v -0.206275 0.875196 -0.148747
v -0.287742 0.927239 -0.246097
v 0.287591 0.979204 -0.343304
v -0.287482 0.875197 -0.148747
v -0.288000 0.979204 -0.343304
v 0.289354 0.875197 -0.148747
v 0.148908 1.180282 -0.202473
v 0.072353 1.288620 -0.280701
v -0.071216 1.288620 -0.280702
v -0.148144 1.180450 -0.202788
v 0.148453 1.232416 -0.299995
v -0.148277 1.232416 -0.299995
v -0.156279 1.129088 -0.343582
v -0.218139 1.105810 -0.321650
v 0.157496 1.053806 -0.241923
v -0.156245 1.053806 -0.241922
v 0.157584 1.129088 -0.343581
v 0.218022 1.105810 -0.321649
v 0.218691 1.053676 -0.270320
v -0.217943 1.053844 -0.270635
v 0.042619 1.280524 -0.164536
v -0.041501 1.280524 -0.164536
v 0.042642 1.324650 -0.229726
v -0.041510 1.324650 -0.229727
v 0.042619 1.287292 -0.159955
v -0.041501 1.287292 -0.159955
v 0.042642 1.331418 -0.225145
v -0.041510 1.331418 -0.225145
v 0.058357 1.304765 -0.130341
v -0.057242 1.304765 -0.130341
v 0.058389 1.365404 -0.219927
v -0.057255 1.365404 -0.219928
v 0.058357 1.319990 -0.120036
v -0.057242 1.319990 -0.120036
v 0.058389 1.380629 -0.209622
v -0.057255 1.380629 -0.209622
v 0.058357 1.304765 -0.130341
v -0.057242 1.304765 -0.130341
v 0.058389 1.365404 -0.219927
v -0.057255 1.365404 -0.219928
v 0.058357 1.319990 -0.120036
v -0.057242 1.319990 -0.120036
v 0.058389 1.380629 -0.209622
v -0.057255 1.380629 -0.209622
v 0.109442 1.285204 -0.073571
v -0.108332 1.285212 -0.073583
v 0.109456 1.407276 -0.253915
v -0.108318 1.407284 -0.253927
v 0.109442 1.300429 -0.063266
v -0.108332 1.300436 -0.063277
v 0.109456 1.422500 -0.243610
v -0.108318 1.422508 -0.243621
v 0.000309 1.054815 0.088569
v 0.000734 0.992067 -0.409965
v 0.000663 0.832216 -0.132563
v 0.000464 0.335912 0.721610
v 0.000030 0.904552 -0.468723
v -0.000239 0.335698 1.674651
v -0.000662 1.196095 1.241984
v -0.000773 1.146029 1.451167
v -0.000544 1.211563 1.063553
v 0.000318 0.589318 -0.547369
v 0.000527 0.336150 -0.581045
v 0.000137 0.306057 -0.019223
v -0.000784 1.019081 1.614222
v -0.000678 0.826877 1.695786
v -0.000486 0.572125 1.732759
v -0.000188 0.335773 1.604447
v -0.000621 0.751904 1.706218
v 0.000338 0.325058 -0.311671
v 0.000438 0.357354 0.722765
v -0.000027 0.358919 1.359062
v -0.000210 0.359317 1.603362
v 0.000215 0.358333 1.031913
v -0.000300 1.165526 0.785175
v 0.000537 0.836596 0.033212
v 0.000754 0.995956 -0.446951
v -0.000242 1.157004 0.716553
v -0.000295 0.359347 1.723349
v 0.000827 0.925199 -0.463909
v -0.000643 0.780227 1.702036
v 0.000635 0.833194 -0.095555
v 0.413270 0.359496 1.603280
v 0.000934 0.905035 -0.585834
v 0.000913 0.925604 -0.580905
v 0.000309 1.066082 0.146236
v -0.000242 1.149763 0.658244
v 0.000259 1.177311 0.150474
v -0.000222 1.183532 0.638468
v 0.000734 0.975785 -0.379508
v 0.000663 0.848499 -0.163020
v 0.000698 0.927200 -0.224863
v 0.000734 1.002482 -0.365235
v 0.000663 0.875196 -0.148747
v 0.000556 1.213338 -0.169483
v 0.000568 1.288620 -0.280701
v 0.000626 1.053806 -0.241922
v 0.000653 1.129088 -0.343581
v 0.000559 1.280524 -0.164536
v 0.000566 1.324650 -0.229726
v 0.000559 1.287292 -0.159955
v 0.000566 1.331418 -0.225145
v 0.000557 1.304765 -0.130341
v 0.000567 1.365404 -0.219927
v 0.000557 1.319990 -0.120036
v 0.000567 1.380629 -0.209622
v 0.000557 1.304765 -0.130341
v 0.000567 1.365404 -0.219927
v 0.000557 1.319990 -0.120036
v 0.000567 1.380629 -0.209622
v 0.000552 1.259926 -0.036226
v 0.000572 1.432562 -0.291271
v 0.000552 1.275151 -0.025921
v 0.000572 1.447786 -0.280966
v 0.488820 0.855159 -0.349275
v -0.488820 0.855159 -0.349275
v -0.201476 0.330615 -0.446365
v 0.202341 0.330593 -0.446351
v -0.308198 0.868595 -0.384123
v 0.308198 0.868595 -0.384123
v -0.328564 0.563874 -0.392040
v -0.201466 0.363222 -0.428677
v -0.327621 0.360566 -0.429887
v 0.202257 0.363247 -0.428691
v 0.327621 0.360566 -0.429887
v 0.328564 0.563873 -0.392040
v -0.414052 0.934646 -0.324166
v 0.451133 0.934646 -0.324165
v -0.451133 0.934646 -0.324165
v 0.413265 0.934646 -0.324166
v 0.402950 0.862100 -0.366636
v -0.408044 0.862047 -0.366631
v -0.322447 0.934646 -0.324165
v 0.322431 0.934646 -0.324165
v -0.451204 0.873061 -0.343620
v 0.451204 0.873061 -0.343620
v 0.530343 0.855184 -0.349265
v -0.530343 0.855184 -0.349265
v -0.530320 0.873087 -0.343612
v 0.530320 0.873087 -0.343612
v -0.287871 0.926524 -0.308973
v 0.288033 0.926440 -0.308815
v -0.287871 0.953222 -0.294700
v 0.288033 0.953137 -0.294543
v 0.072333 1.250979 -0.225092
v -0.071208 1.250979 -0.225092
v -0.148210 1.206433 -0.251392
v 0.148680 1.206349 -0.251234
v -0.218041 1.079827 -0.296142
v 0.218357 1.079743 -0.295985
v 0.042630 1.302587 -0.197131
v -0.041506 1.302587 -0.197131
v 0.042630 1.309355 -0.192550
v -0.041506 1.309355 -0.192550
v 0.058373 1.335085 -0.175134
v -0.057249 1.335085 -0.175134
v 0.058373 1.350309 -0.164829
v -0.057249 1.350309 -0.164829
v 0.058373 1.335085 -0.175134
v -0.057249 1.335085 -0.175134
v 0.058373 1.350309 -0.164829
v -0.057249 1.350309 -0.164829
v 0.154552 1.346238 -0.163740
v -0.153427 1.346249 -0.163757
v 0.154552 1.361463 -0.153435
v -0.153427 1.361474 -0.153452
v 0.000562 1.350309 -0.164829
v 0.000432 0.330604 -0.446358
v -0.306805 1.139415 -0.714925
v -0.218019 1.139461 -0.714184
v 0.204673 1.062830 -0.650274
v 0.219550 1.139466 -0.714299
v -0.203065 1.062821 -0.650145
v 0.307382 1.139437 -0.714897
v 0.203302 0.956627 -0.662252
v 0.321051 1.062920 -0.650898
v 0.318673 0.956628 -0.662721
v -0.319486 1.062745 -0.651193
v -0.313968 0.956512 -0.662831
v -0.201522 0.956627 -0.662155
v 0.248074 1.201845 0.404294
v -0.000070 1.769426 0.667021
v 0.061843 1.769426 0.658745
v 0.132714 1.769426 0.646273
v 0.146088 1.198130 0.131000
v -0.145642 1.198130 0.130999
v 0.145408 1.204833 0.656876
v -0.145739 1.204834 0.656876
v -0.248637 1.201846 0.404256
v 0.000286 1.198130 0.131000
v -0.223608 1.198130 0.161590
v 0.223221 1.204833 0.627244
v -0.000233 1.204833 0.656876
v -0.223538 1.204834 0.627244
v 0.223035 1.198130 0.161590
v 0.248074 1.256923 0.502720
v 0.115668 1.243946 0.541954
v -0.000004 1.243946 0.557775
v -0.115675 1.243947 0.541954
v 0.146088 1.240231 0.130449
v -0.145642 1.240231 0.130448
v 0.145408 1.246934 0.656325
v -0.145739 1.246935 0.656325
v -0.248637 1.256924 0.502682
v 0.000286 1.240231 0.130449
v -0.223607 1.240231 0.161039
v 0.223221 1.246934 0.626693
v -0.000232 1.246934 0.656325
v -0.223538 1.246935 0.626693
v 0.223036 1.240231 0.161039
v -0.061983 1.769426 0.658744
v 0.077762 1.786637 0.725902
v -0.078074 1.786637 0.725902
v -0.133151 1.769426 0.646246
v 0.119412 1.786637 0.705266
v -0.000192 1.786637 0.725902
v -0.119717 1.786637 0.705266
v -0.088829 1.506686 0.628375
v -0.171627 1.516786 0.694006
v -0.111906 1.516786 0.719140
v -0.000037 1.506686 0.640424
v -0.190894 1.513175 0.602491
v 0.111585 1.516785 0.719140
v -0.000212 1.516786 0.719140
v 0.171316 1.516785 0.694006
v 0.190394 1.513175 0.602523
v 0.088755 1.506686 0.628376
v -0.346883 1.153053 -0.840555
v -0.174093 1.152600 -0.839482
v 0.175799 1.086892 -0.839168
v 0.175470 1.152609 -0.839487
v -0.174314 1.086877 -0.839163
v 0.349231 1.152835 -0.840092
v 0.176555 0.909702 -0.839167
v 0.348757 1.087194 -0.839434
v 0.347610 0.909899 -0.838542
v -0.346115 1.087340 -0.839601
v -0.344198 0.910029 -0.838062
v -0.174782 0.909691 -0.839159
v -0.338898 0.910065 -0.802908
v -0.180153 0.909827 -0.803762
v -0.340396 1.082418 -0.801977
v -0.180065 1.082079 -0.801359
v -0.199252 1.147522 -0.767877
v -0.322228 1.147786 -0.768751
v 0.181943 0.909834 -0.803790
v 0.181574 1.082091 -0.801389
v 0.200675 1.147516 -0.767851
v 0.342257 0.909968 -0.803313
v 0.343004 1.082323 -0.801758
v 0.324317 1.147659 -0.768379
v -0.313667 1.114022 -0.921594
v -0.161776 1.152697 -0.920632
v 0.208633 1.060201 -0.920753
v 0.208421 1.112850 -0.920706
v -0.207011 1.061397 -0.920779
v 0.361560 1.152481 -0.921241
v 0.209238 0.918422 -0.920687
v 0.315759 1.060154 -0.920987
v 0.314842 0.918344 -0.920160
v -0.313102 1.061337 -0.921174
v -0.356495 0.909195 -0.919674
v -0.162401 0.909658 -0.920734
v -0.355861 2.123026 -0.838965
v -0.173893 2.122660 -0.839284
v 0.175670 2.122669 -0.839290
v 0.354616 2.122865 -0.839104
v 0.181646 2.122602 -0.800055
v -0.349954 2.122809 -0.799799
v 0.348668 2.122726 -0.799970
v -0.179852 2.122595 -0.800026
v -0.368094 2.122325 -0.920149
v -0.161577 2.122757 -0.920434
v 0.163311 2.122746 -0.920428
v 0.366944 2.122511 -0.920254
v 0.343820 0.288419 -0.836933
v 0.356212 0.287933 -0.918508
v 0.176386 0.288201 -0.837007
v -0.338110 0.288587 -0.836851
v -0.174951 0.288191 -0.836999
v -0.332809 0.288624 -0.801692
v 0.338467 0.288488 -0.801703
v -0.180323 0.288327 -0.801602
v 0.181773 0.288334 -0.801630
v 0.163963 0.288148 -0.918569
v -0.350407 0.287754 -0.918463
v -0.162571 0.288157 -0.918574
v -0.314506 1.204664 -0.921367
v -0.348230 1.298549 -0.840316
v -0.342322 1.298332 -0.801143
v -0.180021 1.298044 -0.800194
v -0.206866 1.204858 -0.920794
v -0.174063 1.298109 -0.839452
v 0.181477 1.298051 -0.800223
v 0.175500 1.298118 -0.839458
v 0.350039 1.298339 -0.839944
v 0.344092 1.298200 -0.800807
v 0.316591 1.203522 -0.921023
v 0.208439 1.203636 -0.920704
v -0.338719 0.350731 -0.836972
v -0.307434 0.497404 -0.918776
v -0.174934 0.350341 -0.837215
v -0.207500 0.497622 -0.918772
v -0.333418 0.350768 -0.801813
v -0.180306 0.350477 -0.801818
v 0.209115 0.471548 -0.918717
v 0.176394 0.319276 -0.837115
v 0.181782 0.319409 -0.801738
v 0.344009 0.319493 -0.837014
v 0.312116 0.471433 -0.918743
v 0.338657 0.319562 -0.801784
v -0.360463 1.297848 -0.921500
v -0.359117 1.152352 -0.921739
v 0.163377 1.086803 -0.920730
v 0.163112 1.152686 -0.920625
v -0.161934 1.086809 -0.920738
v -0.206885 1.114076 -0.920777
v 0.164133 0.909648 -0.920729
v 0.361149 1.086673 -0.921009
v 0.360002 0.909413 -0.920117
v -0.358411 1.086471 -0.921213
v 0.316088 1.112788 -0.921160
v -0.311569 0.919504 -0.919752
v -0.207384 0.919649 -0.920658
v -0.161747 1.298206 -0.920602
v 0.356402 0.319007 -0.918589
v -0.162554 0.350307 -0.918790
v 0.362367 1.297985 -0.921093
v 0.163142 1.298195 -0.920595
v -0.351015 0.349898 -0.918585
v 0.163971 0.319223 -0.918677
v -0.313660 1.113969 -0.936025
v -0.206878 1.114023 -0.935208
v 0.208427 1.112797 -0.935137
v 0.316094 1.112735 -0.935591
v 0.208639 1.060148 -0.935184
v 0.315766 1.060100 -0.935418
v -0.313096 1.061284 -0.935605
v -0.207004 1.061343 -0.935210
v 0.209244 0.918369 -0.935118
v 0.314848 0.918290 -0.934591
v -0.311562 0.919451 -0.934183
v -0.207378 0.919596 -0.935089
v -0.314499 1.204611 -0.935798
v -0.206859 1.204805 -0.935225
v 0.312123 0.471379 -0.933174
v -0.207493 0.497569 -0.933202
v 0.316598 1.203469 -0.935454
v 0.208446 1.203582 -0.935135
v -0.307427 0.497351 -0.933207
v 0.209122 0.471495 -0.933147
v -0.317015 1.133856 -0.961902
v -0.209095 1.133916 -0.960981
v 0.210640 1.132535 -0.960902
v 0.319455 1.132465 -0.961413
v 0.210854 1.073240 -0.960955
v 0.319123 1.073186 -0.961218
v -0.316445 1.074520 -0.961429
v -0.209222 1.074586 -0.960984
v 0.211465 0.913563 -0.960881
v 0.318195 0.913474 -0.960287
v -0.314895 0.914781 -0.959827
v -0.209600 0.914944 -0.960847
v -0.317864 1.235940 -0.961647
v -0.209076 1.236158 -0.961001
v 0.315441 0.424791 -0.958691
v -0.209716 0.424800 -0.958723
v 0.319964 1.234654 -0.961259
v 0.210658 1.234782 -0.960900
v -0.310716 0.424800 -0.958728
v 0.211342 0.424791 -0.958661
v -0.316997 1.133721 -1.039470
v -0.209076 1.133781 -1.038549
v 0.210658 1.132400 -1.038470
v 0.319473 1.132330 -1.038981
v 0.210872 1.073105 -1.038523
v 0.319141 1.073051 -1.038786
v -0.316427 1.074384 -1.038997
v -0.209204 1.074451 -1.038552
v 0.211484 0.913428 -1.038449
v 0.318214 0.913339 -1.037854
v -0.314877 0.914646 -1.037395
v -0.209581 0.914809 -1.038415
v -0.317845 1.235805 -1.039214
v -0.209057 1.236023 -1.038568
v 0.315460 0.424791 -1.036259
v -0.209698 0.424800 -1.036291
v 0.319982 1.234519 -1.038826
v 0.210677 1.234647 -1.038468
v -0.310698 0.424800 -1.036296
v 0.211360 0.424791 -1.036229
v -0.353190 1.834459 -0.839438
v -0.325701 1.834193 -0.774068
v -0.201560 1.834026 -0.773932
v -0.365423 1.833758 -0.920622
v -0.161636 1.834164 -0.920493
v -0.173953 1.834067 -0.839343
v 0.203165 1.834017 -0.773956
v 0.353014 1.834281 -0.839398
v 0.365342 1.833927 -0.920547
v 0.163252 1.834153 -0.920486
v 0.175611 1.834077 -0.839349
v 0.325539 1.834109 -0.774066
v 0.181596 1.877298 -0.800105
v 0.353254 1.877569 -0.839354
v 0.365582 1.877215 -0.920503
v 0.163261 1.877442 -0.920478
v 0.175619 1.877365 -0.839340
v 0.347307 1.877429 -0.800219
v -0.353591 1.877744 -0.839367
v -0.347683 1.877527 -0.800199
v -0.179902 1.877291 -0.800076
v -0.365824 1.877043 -0.920551
v -0.161627 1.877453 -0.920484
v -0.173944 1.877356 -0.839334
v -0.355407 2.073969 -0.839046
v -0.349500 2.073753 -0.799879
v -0.179862 2.073534 -0.800036
v -0.367640 2.073269 -0.920230
v -0.161587 2.073696 -0.920444
v -0.173903 2.073599 -0.839294
v 0.181636 2.073541 -0.800065
v 0.354343 2.073806 -0.839154
v 0.366672 2.073452 -0.920304
v 0.163301 2.073685 -0.920438
v 0.175660 2.073609 -0.839300
v 0.348396 2.073666 -0.800020
v -0.205155 2.122523 -0.705416
v -0.324226 2.122737 -0.705189
v 0.323504 2.122653 -0.705360
v 0.206588 2.122530 -0.705445
v -0.323908 2.073680 -0.705269
v 0.206581 2.073469 -0.705455
v -0.205162 2.073462 -0.705426
v -0.217958 1.833964 -0.722122
v -0.309537 1.834161 -0.722267
v 0.322551 1.877357 -0.705609
v 0.309532 1.834070 -0.722264
v 0.219352 1.833962 -0.722148
v 0.206553 1.877226 -0.705495
v -0.322637 1.877455 -0.705589
v -0.205190 1.877219 -0.705466
v 0.323313 2.073594 -0.705410
v -0.205149 2.122502 -0.677895
v -0.297923 2.122716 -0.677668
v 0.297244 2.122633 -0.677839
v 0.206594 2.122509 -0.677924
v -0.297631 2.073659 -0.677748
v 0.206587 2.073448 -0.677934
v -0.205156 2.073441 -0.677905
v -0.205190 1.833909 -0.677954
v -0.296205 1.834149 -0.678139
v 0.296368 1.877336 -0.678088
v 0.296213 1.834048 -0.678132
v 0.206553 1.833916 -0.677983
v 0.206559 1.877205 -0.677974
v -0.296463 1.877434 -0.678068
v -0.205184 1.877198 -0.677945
v 0.297069 2.073573 -0.677889
v 0.298735 0.335087 -1.026422
v 0.298725 0.335087 -0.982294
v 0.228066 0.335087 -0.982274
v 0.228076 0.335087 -1.026402
v -0.226432 0.335096 -0.982332
v -0.226422 0.335096 -1.026459
v -0.293992 0.335096 -0.982335
v -0.293982 0.335096 -1.026463
v -0.317882 1.281272 -0.961725
v -0.209095 1.281490 -0.961080
v 0.210640 1.280114 -0.960979
v 0.319945 1.279985 -0.961338
v -0.317864 1.281137 -1.039293
v -0.209076 1.281355 -1.038647
v 0.210658 1.279979 -1.038547
v 0.319964 1.279850 -1.038905
v 0.315460 0.335087 -1.036259
v 0.315441 0.335087 -0.958691
v 0.211342 0.335087 -0.958661
v 0.211360 0.335087 -1.036229
v -0.209716 0.335097 -0.958723
v -0.209698 0.335096 -1.036291
v -0.310716 0.335096 -0.958728
v -0.310698 0.335096 -1.036296
v 0.341311 0.216177 -1.026422
v 0.341299 0.216177 -0.982294
v 0.176220 0.216177 -0.982274
v 0.176228 0.216177 -1.026401
v -0.175070 0.216187 -0.982332
v -0.175062 0.216187 -1.026459
v -0.336089 0.216187 -0.982335
v -0.336077 0.216187 -1.026463
v 0.341311 0.166110 -1.026422
v 0.341299 0.182288 -0.995798
v 0.176220 0.182288 -0.995778
v 0.176228 0.166110 -1.026401
v -0.175070 0.182297 -0.995836
v -0.175062 0.166120 -1.026459
v -0.336089 0.182297 -0.995839
v -0.336077 0.166120 -1.026463
v -0.175148 0.216187 -2.245837
v -0.336204 0.216187 -2.245840
v 0.341184 0.216177 -2.245799
v 0.176143 0.216177 -2.245779
v -0.175148 0.204180 -2.245570
v -0.336204 0.204180 -2.245573
v 0.341184 0.204171 -2.245532
v 0.176143 0.204171 -2.245512
v -0.336140 0.216187 -1.600182
v -0.336140 0.166120 -1.600182
v -0.175105 0.166120 -1.600178
v -0.175105 0.216187 -1.600178
v 0.341248 0.216177 -1.600140
v 0.176186 0.216177 -1.600120
v 0.341248 0.166110 -1.600140
v 0.176186 0.166110 -1.600120
v 0.523930 0.283585 -0.000690
v 0.488719 0.283745 -0.018603
v 0.414021 0.313298 0.720388
v 0.523930 0.313699 0.720409
v -0.523932 0.307364 0.646483
v -0.523932 0.313698 0.720417
v -0.415495 0.283631 -0.018648
v -0.488721 0.283745 -0.018603
v 0.523930 0.307364 0.646483
v 0.523930 0.280542 0.340618
v -0.523932 0.282143 0.161007
v -0.523932 0.280542 0.340618
v 0.421014 0.280496 0.340605
v 0.415367 0.307035 0.646391
v -0.327286 0.313698 0.720416
v -0.205939 0.313699 0.720415
v -0.327286 0.280542 0.340618
v -0.205880 0.280542 0.340618
v -0.327286 0.307364 0.646483
v -0.205927 0.307364 0.646483
v -0.205853 0.283585 -0.000690
v -0.206940 0.283753 -0.018616
v 0.327284 0.283745 -0.018603
v 0.207212 0.283739 -0.018595
v 0.207892 0.283586 -0.000690
v 0.206973 0.307364 0.646483
v 0.207421 0.280542 0.340618
v 0.206866 0.313699 0.720412
v -0.552368 0.283586 -0.000690
v -0.523932 0.283585 -0.000690
v 0.523930 0.282143 0.161007
v -0.205866 0.282143 0.161007
v 0.207669 0.282144 0.161008
v -0.414248 0.282007 0.160953
v 0.327284 0.282143 0.161007
v 0.000463 0.313699 0.720413
v 0.000771 0.280542 0.340618
v 0.000523 0.307364 0.646483
v 0.000136 0.283746 -0.018606
v 0.000902 0.282144 0.161008
v 0.327284 0.313699 0.720411
v 0.327284 0.280542 0.340618
v 0.327284 0.307364 0.646483
v 0.425911 0.283945 -0.018546
v 0.423462 0.282221 0.161029
v 0.425667 0.283773 -0.000637
v -0.327286 0.283745 -0.018603
v -0.409718 0.313477 0.720405
v -0.413000 0.280383 0.340554
v -0.410350 0.307157 0.646401
v -0.327286 0.282143 0.161007
v -0.415370 0.283469 -0.000737
v 0.327284 0.283585 -0.000690
v -0.327286 0.283585 -0.000690
v 0.552366 0.283585 -0.000690
v 0.552366 0.283745 -0.018603
v 0.001020 0.283586 -0.000690
v -0.552368 0.283745 -0.018603
v -0.355858 2.141580 -0.838961
v -0.173890 2.141215 -0.839280
v 0.175673 2.141224 -0.839286
v 0.354619 2.141420 -0.839101
v 0.181649 2.141157 -0.800051
v -0.349951 2.141364 -0.799795
v 0.348671 2.141280 -0.799966
v -0.179849 2.141150 -0.800022
v -0.368091 2.140880 -0.920145
v -0.161574 2.141311 -0.920430
v 0.163314 2.141301 -0.920424
v 0.366947 2.141066 -0.920250
v -0.321579 1.103550 -0.646545
v -0.203651 1.103564 -0.645575
v 0.205194 1.103572 -0.645712
v 0.321979 1.103569 -0.646495
v -0.180051 1.152535 -0.800224
v -0.340975 1.152836 -0.801380
v 0.181447 1.152542 -0.800252
v 0.343284 1.152695 -0.800955
v -0.179911 1.834002 -0.800085
v -0.347283 1.834242 -0.800269
v 0.347067 1.834142 -0.800263
v 0.181587 1.834009 -0.800114
v -0.205196 1.833930 -0.705475
v -0.322356 1.834170 -0.705659
v 0.322383 1.834069 -0.705653
v 0.206547 1.833937 -0.705504
v -0.413722 1.517034 -0.342519
v -0.337497 1.517175 -0.342472
v -0.337859 1.489951 -0.283569
v -0.413505 1.489950 -0.283568
v 0.411993 1.489950 -0.283573
v 0.337476 1.489951 -0.283569
v 0.336977 1.517137 -0.342483
v 0.411809 1.516666 -0.342617
vn 0.9815 0.1752 0.0775
vn -0.9948 -0.0355 -0.0955
vn 0.6554 0.4307 -0.6205
vn 0.5307 0.8389 -0.1207
vn -1.0000 -0.0000 -0.0000
vn 0.9948 -0.0355 -0.0955
vn 0.9947 0.0009 -0.1027
vn -0.9947 0.0009 -0.1027
vn -0.0000 -1.0000 -0.0010
vn 0.8393 0.5397 -0.0657
vn 0.9870 0.1605 -0.0024
vn -0.9645 -0.1630 0.2076
vn -0.9885 0.1513 -0.0026
vn -0.9876 0.1567 -0.0037
vn 0.9891 0.1470 -0.0025
vn -0.0000 0.9936 -0.1131
vn -1.0000 0.0009 -0.0001
vn -0.0659 0.2148 0.9744
vn -0.9870 0.1605 -0.0024
vn 0.9876 0.1567 -0.0037
vn 1.0000 -0.0000 -0.0000
vn -0.8393 0.5397 -0.0657
vn -0.9815 0.1752 0.0775
vn -0.0000 0.2421 -0.9703
vn -0.0036 0.2159 -0.9764
vn -0.0000 0.8819 0.4714
vn 0.0675 0.9493 0.3071
vn 0.9351 0.3267 -0.1373
vn -0.3443 0.1095 -0.9324
vn -0.6554 0.4307 -0.6205
vn -0.5307 0.8389 -0.1207
vn 0.8303 0.4978 -0.2505
vn 1.0000 0.0009 0.0006
vn -0.0000 0.9761 0.2174
vn 0.9793 -0.2025 0.0005
vn 0.8574 0.4999 0.1222
vn -0.0000 -1.0000 -0.0011
vn -0.0001 -0.9992 -0.0411
vn 0.1292 0.7824 0.6092
vn -0.8700 0.4530 0.1948
vn 0.8700 0.4530 0.1948
vn -0.0000 0.1190 0.9929
vn 0.9995 0.0315 -0.0025
vn -0.8300 0.5028 -0.2415
vn -0.0000 -0.9952 0.0980
vn -0.0000 -0.6891 0.7246
vn -0.0000 -0.9081 -0.4187
vn -0.0000 0.6831 -0.7303
vn -0.0000 -0.9952 0.0979
vn 0.9688 0.2451 0.0376
vn 0.0023 0.9087 0.4175
vn -1.0000 -0.0024 0.0026
vn -1.0000 -0.0025 0.0026
vn -0.0000 -0.6891 0.7247
vn 1.0000 -0.0008 -0.0036
vn 1.0000 -0.0007 -0.0034
vn 0.9995 0.0254 0.0209
vn -0.0116 0.9110 0.4122
vn -1.0000 -0.0029 0.0023
vn -0.3039 0.1417 0.9421
vn -0.3788 -0.0766 0.9223
vn -0.0000 -0.8995 0.4369
vn -0.0000 0.1328 0.9911
vn -0.0000 -0.0442 0.9990
vn 0.3542 0.5031 0.7883
vn -0.0242 0.4016 0.9155
vn -0.5594 0.6549 0.5081
vn -0.6516 0.7556 0.0672
vn -0.0000 0.1461 0.9893
vn 0.9063 0.4222 0.0178
vn -0.9063 0.4222 0.0178
vn 0.1635 0.9829 0.0853
vn 0.0786 -0.9051 0.4180
vn 0.7281 0.6855 0.0027
vn -0.0438 -0.6098 0.7913
vn -0.0003 -0.0461 -0.9989
vn -0.0495 -0.5167 -0.8547
vn -0.0000 -0.0538 0.9986
vn -0.6375 0.7491 0.1801
vn -0.0000 0.9725 0.2328
vn 0.0411 -0.6104 0.7911
vn 0.9089 0.3891 0.1498
vn -0.9089 0.3891 0.1498
vn 0.1590 0.9601 0.2299
vn 0.1055 -0.9943 -0.0130
vn 0.6212 0.6956 0.3608
vn -0.1186 -0.9929 -0.0124
vn -0.3247 0.3600 -0.8746
vn 0.0771 -0.9046 -0.4192
vn -0.0890 -0.9037 -0.4189
vn 0.5133 0.7288 -0.4531
vn -0.0000 0.2459 -0.9693
vn -0.0000 0.9924 -0.1232
vn 0.0189 -0.8992 -0.4370
vn -0.9457 0.3021 -0.1199
vn 0.9457 0.3021 -0.1199
vn -0.0010 -0.0939 -0.9956
vn 0.2957 0.9546 0.0362
vn -0.0092 -0.5057 -0.8627
vn -0.5581 0.8296 -0.0159
vn -0.0168 0.9996 -0.0213
vn -0.0865 -0.9041 0.4186
vn -0.7854 0.5447 -0.2942
vn -0.8430 0.4792 0.2444
vn 0.0421 -0.5171 -0.8549
vn -0.9017 0.4323 0.0044
vn -0.8471 0.5165 -0.1250
vn -0.3009 0.1086 0.9474
vn 0.9645 -0.1633 0.2074
vn -0.9754 -0.0539 -0.2138
vn -0.9135 0.3091 0.2644
vn 0.9754 -0.0539 -0.2138
vn 0.0168 0.9996 -0.0213
vn 1.0000 0.0002 -0.0000
vn -0.9999 0.0070 -0.0124
vn 0.9999 0.0085 -0.0109
vn 0.0003 0.8957 0.4448
vn 0.0100 -0.5059 -0.8625
vn -0.0010 -0.1031 -0.9947
vn 0.0162 -0.9002 -0.4352
vn -0.0175 -0.8994 -0.4369
vn -0.0000 -0.4715 0.8819
vn -0.0000 0.8819 0.4715
vn -0.0003 0.8957 0.4448
vn 0.0004 1.0000 0.0035
vn -0.0005 -0.0457 -0.9990
vn 0.0003 0.8956 0.4448
vn 0.9885 0.1514 -0.0026
vn -0.2750 0.6101 0.7430
vn -0.0000 0.9963 0.0864
vn -0.0002 -0.0461 -0.9989
vn -0.0000 0.1319 -0.9913
vn -0.0000 -0.9979 -0.0648
vn -0.0000 0.3906 0.9205
vn -0.0000 0.1460 0.9893
vn -0.0002 -0.0460 -0.9989
vn -0.0000 0.4715 -0.8819
vn -0.0000 0.7891 0.6143
vn -0.0000 0.9997 -0.0264
vn -0.9941 0.1080 -0.0001
vn -0.0078 -1.0000 0.0017
vn 0.9941 0.1080 -0.0001
vn -0.0000 -1.0000 0.0018
vn 0.0078 -1.0000 0.0018
vn -0.9942 0.1080 -0.0003
vn -0.0060 -1.0000 0.0009
vn 0.9942 0.1080 -0.0003
vn -0.9941 0.1081 -0.0002
vn 0.0058 -1.0000 0.0008
vn 0.0073 -1.0000 0.0034
vn -0.9941 0.1081 -0.0000
vn 0.9942 0.1079 -0.0000
vn -0.0072 -1.0000 0.0034
vn -0.9942 0.1079 -0.0000
vn 0.9941 0.1081 -0.0000
vn 0.9941 0.1081 -0.0003
vn -0.0000 -1.0000 0.0032
vn -0.0000 -1.0000 0.0016
vn -0.9986 0.0053 -0.0533
vn -0.0237 0.1453 -0.9891
vn 0.0237 0.1454 -0.9891
vn 0.9986 0.0053 -0.0533
vn -0.0147 -0.9974 -0.0705
vn 0.0177 -0.9950 -0.0980
vn -0.9973 0.0647 -0.0337
vn 0.9973 0.0647 -0.0337
vn -0.0180 -0.9950 -0.0980
vn 0.0146 -0.9974 -0.0705
vn 0.9953 0.0872 -0.0431
vn -0.9953 0.0872 -0.0431
vn -0.0291 0.2502 -0.9678
vn 0.0292 0.2502 -0.9678
vn -0.0172 -0.8994 -0.4369
vn -0.0171 -0.8994 -0.4369
vn -0.0003 0.8956 0.4448
vn -1.0000 -0.0011 0.0021
vn 0.0166 -0.8992 -0.4372
vn 0.0158 -0.8993 -0.4370
vn 1.0000 0.0006 0.0004
vn -0.0000 0.9866 -0.1632
vn -0.0555 0.9885 -0.1404
vn -0.0000 0.2331 -0.9725
vn 0.0012 0.2198 -0.9755
vn -0.0000 -0.0551 -0.9985
vn -0.0000 0.9945 0.1046
vn 0.0003 0.1966 -0.9805
vn 0.3483 0.1103 -0.9309
vn -0.6450 0.7092 -0.2846
vn 0.0182 -0.8992 -0.4371
vn 0.0069 -0.5021 -0.8648
vn -0.0000 -0.0277 -0.9996
vn -0.0000 0.0277 0.9996
vn 0.0006 -0.0277 -0.9996
vn 0.0025 0.0313 -0.9995
vn -0.0025 0.0304 -0.9995
vn -0.0076 -0.5018 -0.8649
vn -0.0736 -0.8953 0.4392
vn -0.9997 -0.0142 0.0215
vn 0.0186 -0.0350 -0.9992
vn -0.0175 -0.1007 -0.9948
vn 0.0181 -0.9005 -0.4346
vn -0.0176 -0.8993 -0.4369
vn 0.0037 0.2157 -0.9765
vn -0.0716 -0.8950 -0.4403
vn -0.1009 -0.9948 -0.0125
vn -0.0491 -0.4700 -0.8813
vn -0.0448 -0.5680 0.8218
vn 0.0582 -0.4709 -0.8803
vn 0.0821 -0.8942 -0.4400
vn 0.1133 -0.9935 -0.0130
vn 0.0482 -0.5686 0.8212
vn 0.0807 -0.8951 0.4384
vn -0.0000 -0.0537 0.9986
vn -0.1629 0.9595 0.2297
vn -0.1668 0.9823 0.0852
vn -0.1327 0.7821 0.6089
vn -0.2717 0.4563 0.8474
vn -0.0008 -1.0000 -0.0010
vn 0.2179 0.1282 0.9675
vn 0.4887 0.8485 0.2031
vn 0.4977 0.8641 0.0749
vn 0.0237 0.4016 0.9155
vn 0.2577 -0.0427 0.9653
vn 0.1919 0.1353 0.9720
vn 0.4138 0.7183 0.5593
vn 0.0017 -1.0000 -0.0015
vn -0.3237 0.5017 0.8022
vn -0.2250 0.1295 0.9657
vn -0.5234 0.8285 0.1990
vn -0.5296 0.8449 0.0747
vn -0.4458 0.7070 0.5490
vn -0.2543 -0.0405 0.9663
vn -0.2029 0.1363 0.9697
vn 0.6255 0.6156 0.4793
vn 0.3190 0.1384 0.9376
vn 0.3749 -0.0796 0.9236
vn 0.7114 0.7001 0.0607
vn 0.7029 0.6917 0.1656
vn 0.3086 0.1047 0.9454
vn 0.2512 0.4523 0.8558
vn -0.0015 0.2200 -0.9755
vn -0.8924 0.4431 0.0852
vn 0.9171 0.3891 0.0872
vn -0.0000 0.0381 -0.9993
vn -0.0657 0.9491 0.3081
vn 1.0000 0.0038 -0.0070
vn -0.0000 0.5054 0.8629
vn 0.0160 -0.9419 -0.3355
vn 0.3308 0.3627 -0.8712
vn -0.9995 0.0317 -0.0019
vn 0.8458 0.5185 -0.1252
vn 0.6342 0.7151 -0.2938
vn -0.9994 0.0255 0.0245
vn -0.3170 0.9475 0.0416
vn -0.0422 -0.8985 -0.4370
vn 0.0550 0.9886 -0.1404
vn 0.0417 -0.8997 -0.4345
vn -0.0002 -0.0940 -0.9956
vn -0.0001 0.5040 0.8637
vn -0.0008 -0.1026 -0.9947
vn 0.2307 -0.5503 0.8024
vn 0.0205 -0.1004 -0.9947
vn -0.0152 -0.0370 -0.9992
vn -0.0651 -0.8590 0.5078
vn 0.0677 -0.8592 0.5072
vn -0.0001 -0.8995 0.4370
vn -0.0001 -0.8996 0.4367
vn -0.2438 -0.5466 0.8011
vn -0.9793 -0.2025 0.0005
vn -0.0001 -0.0458 -0.9990
vn -0.0000 1.0000 0.0035
vn -0.0000 -1.0000 -0.0041
vn -0.1987 0.1448 0.9693
vn 0.1892 0.1434 0.9714
vn 0.0124 0.9999 0.0059
vn -0.0005 -1.0000 -0.0036
vn 0.0387 -0.9992 -0.0020
vn -0.0102 0.9999 0.0043
vn -0.0000 0.0860 0.9963
vn -1.0000 0.0006 0.0004
vn -1.0000 0.0009 0.0006
vn 0.5581 0.8296 -0.0159
vn -0.8574 0.4999 0.1222
vn -0.7281 0.6855 0.0027
vn -0.6212 0.6956 0.3608
vn -0.5133 0.7288 -0.4531
vn -1.0000 0.0002 -0.0000
vn 0.7854 0.5447 -0.2942
vn 0.8430 0.4792 0.2444
vn 0.9017 0.4323 0.0044
vn -0.3053 0.1417 0.9416
vn 0.9135 0.3091 0.2644
vn 0.0001 0.5040 0.8637
vn -0.0162 -0.9423 -0.3343
vn -0.8961 0.3845 -0.2219
vn 1.0000 0.0009 -0.0001
vn -0.0000 0.0861 0.9963
vn 0.8961 0.3845 -0.2219
vn -0.8808 0.4684 -0.0697
vn 0.8808 0.4684 -0.0697
vn -0.9879 0.0680 -0.1392
vn 0.0659 0.2148 0.9744
vn -0.0001 -0.0277 -0.9996
vn 0.0001 -0.0277 -0.9996
vn -0.9891 0.1470 -0.0025
vn -1.0000 -0.0001 0.0001
vn 1.0000 -0.0001 0.0001
vn 0.9879 0.0680 -0.1392
vn 0.0006 -0.8995 -0.4369
vn -0.0002 -0.4997 -0.8662
vn 1.0000 0.0012 -0.0009
vn -1.0000 0.0009 0.0008
vn -0.9883 0.1525 -0.0026
vn -0.9945 -0.0302 0.1005
vn 0.9945 -0.0302 0.1005
vn 1.0000 0.0009 0.0008
vn -1.0000 0.0012 -0.0009
vn 1.0000 0.0006 0.0003
vn -1.0000 0.0006 0.0003
vn 0.9883 0.1525 -0.0026
vn -0.0000 0.0812 0.9967
vn -0.0006 -0.8995 -0.4369
vn -0.0005 -0.8995 -0.4368
vn -0.0000 -0.0939 -0.9956
vn -0.0003 0.9017 0.4323
vn 0.0005 -0.8995 -0.4368
vn -0.0000 -0.1026 -0.9947
vn 0.0003 0.9017 0.4323
vn 0.0413 0.9681 0.2473
vn 0.0156 -0.9999 -0.0035
vn -0.0413 0.9681 0.2473
vn 0.0002 -0.4997 -0.8662
vn 0.0003 0.2143 -0.9768
vn 0.0087 0.2276 -0.9737
vn -0.0034 0.2202 -0.9755
vn 0.0067 0.2161 -0.9763
vn -0.0089 0.2277 -0.9737
vn 0.0035 0.2200 -0.9755
vn -0.0074 0.2161 -0.9763
vn -0.0003 0.2143 -0.9768
vn -0.0395 -0.9992 -0.0022
vn -0.0159 -0.9999 -0.0035
vn -0.0004 1.0000 0.0035
vn 0.0005 -1.0000 -0.0036
vn 0.0205 -0.9998 -0.0070
vn 0.0235 0.9997 0.0037
vn -0.0258 0.9997 0.0038
vn -0.0204 -0.9998 -0.0070
vn -1.0000 0.0005 -0.0000
vn 1.0000 0.0005 -0.0000
vn -0.9964 -0.0852 -0.0036
vn -0.0000 -0.9997 0.0233
vn -0.0000 0.1189 0.9929
vn -0.0000 0.0555 0.9985
vn -0.0000 0.6832 -0.7303
vn -0.0000 -0.1965 0.9805
vn -0.0011 0.0554 0.9985
vn -1.0000 -0.0021 0.0027
vn -0.0007 0.1966 -0.9805
vn 1.0000 -0.0010 -0.0036
vn -0.9642 0.2634 0.0316
vn -0.0000 0.9814 -0.1917
vn -0.0197 0.9905 -0.1360
vn -0.0129 0.9962 -0.0864
vn 0.0130 0.9962 -0.0864
vn -0.0290 0.9912 -0.1290
vn 0.0428 0.9791 -0.1987
vn 0.0200 0.9905 -0.1358
vn -0.0428 0.9791 -0.1987
vn 0.0291 0.9912 -0.1290
vn 0.7590 -0.6444 0.0932
vn 0.2538 -0.7009 0.6666
vn -0.0000 -0.6539 0.7566
vn -0.7584 -0.6449 0.0940
vn 0.7613 -0.6447 -0.0687
vn -0.2513 -0.7257 -0.6405
vn -0.8164 0.5747 0.0560
vn 0.2749 0.6100 0.7432
vn 0.8169 0.5741 0.0551
vn -0.9349 0.3272 -0.1373
vn 0.0906 0.8562 0.5087
vn -0.0888 0.8565 0.5084
vn -0.0000 0.3667 -0.9303
vn -0.0000 -0.4134 0.9105
vn -0.0000 0.8257 0.5641
vn 0.0667 0.8557 0.5131
vn -0.2417 0.3930 -0.8872
vn -0.0668 0.8556 0.5133
vn -0.3481 0.4420 -0.8267
vn 0.3553 0.4407 -0.8244
vn 0.8914 0.3752 0.2543
vn 0.5360 0.7210 0.4391
vn -0.5802 0.6950 0.4247
vn 0.8707 0.4059 0.2778
vn -0.8895 0.3732 0.2637
vn 0.3404 -0.2588 0.9040
vn 0.2471 0.3951 -0.8848
vn -0.3432 -0.2572 0.9034
vn -0.3145 0.2970 0.9016
vn 0.3795 0.3276 -0.8653
vn 0.3139 0.2969 0.9019
vn -0.8085 0.4807 0.3395
vn 0.8458 0.4411 0.3002
vn -0.3713 0.3247 -0.8699
vn -0.0000 0.1335 0.9910
vn -0.0000 0.1686 -0.9857
vn -0.0000 0.5605 -0.8281
vn -0.0000 -0.0734 0.9973
vn -0.0000 0.8166 -0.5772
vn -0.8914 0.3753 0.2542
vn -0.8920 -0.3744 -0.2533
vn 1.0000 -0.0002 0.0002
vn -0.0000 -0.5605 0.8281
vn -0.0000 1.0000 -0.0000
vn -0.0000 -0.8613 0.5082
vn -0.0000 0.1517 -0.9884
vn 0.8920 -0.3745 -0.2531
vn -0.0000 0.8281 0.5605
vn -0.0511 0.7062 0.7062
vn 0.0475 -0.9128 -0.4057
vn -0.1867 -0.8414 -0.5071
vn 0.0475 0.9128 0.4057
vn -0.3826 0.5179 -0.7651
vn 0.9239 0.2145 -0.3169
vn -0.9239 -0.2145 0.3169
vn 0.3826 -0.5179 0.7651
vn -0.1867 0.8414 0.5071
vn -0.0511 -0.7062 -0.7062
vn 0.1907 -0.7822 -0.5931
vn 0.1907 0.7822 0.5932
vn 0.0511 -0.7062 -0.7062
vn -0.3827 -0.5179 0.7651
vn 0.3827 0.5179 -0.7651
vn -0.0475 0.9128 0.4057
vn -0.0475 -0.9128 -0.4057
vn 0.0511 0.7062 0.7062
vn -0.0000 -0.6831 -0.7303
vn -0.2538 -0.7010 0.6665
vn -0.0000 -1.0000 -0.0042
vn -0.0010 -0.0277 -0.9996
vn -0.0000 -0.8996 0.4368
vn -0.0007 -0.0277 -0.9996
vn -0.0000 -0.9992 -0.0411
vn 0.1867 0.8414 0.5071
vn 0.1867 -0.8414 -0.5071
vn -0.1907 0.7822 0.5931
vn -0.9239 0.2145 -0.3170
vn 0.9239 -0.2145 0.3170
vn -0.1907 -0.7822 -0.5932
vn 0.8126 0.4813 0.3287
vn -0.8424 0.4399 0.3111
vn -0.8688 0.4044 0.2855
vn 0.8903 0.3762 0.2568
vn -0.5337 0.7216 0.4409
vn 0.5843 0.6932 0.4220
vn 1.0000 0.0011 0.0009
vn -1.0000 0.0011 0.0009
vn -1.0000 0.0011 0.0007
vn -0.0176 -0.8994 -0.4369
vn 0.0155 -0.8993 -0.4370
vn -0.0262 -0.9949 -0.0977
vn 0.9970 0.0705 -0.0320
vn -0.9970 0.0705 -0.0320
vn 0.0259 -0.9949 -0.0977
vn 0.0191 -0.8992 -0.4370
vn 1.0000 0.0011 0.0007
vn 0.9886 -0.0056 0.1502
vn -0.9886 -0.0042 0.1506
vn -0.0000 -1.0000 0.0038
vn 0.0015 0.8798 0.4753
vn -0.9999 0.0002 0.0157
vn 0.9986 -0.0531 0.0081
vn -0.9941 -0.0990 -0.0440
vn 0.9997 -0.0124 0.0222
vn -0.0015 0.8799 0.4752
vn 0.9998 0.0027 0.0173
vn 0.9984 -0.0544 -0.0169
vn 0.3559 0.0122 0.9345
vn -0.0000 0.0131 0.9999
vn -0.9803 -0.1400 0.1390
vn 0.9921 0.0887 -0.0881
vn -0.3652 -0.0122 -0.9308
vn -0.0000 -0.0131 -0.9999
vn -0.3559 0.0122 0.9344
vn 0.3694 -0.0122 -0.9292
vn -0.7608 -0.6453 -0.0686
vn 0.2540 -0.7261 -0.6389
vn -0.0000 -0.0251 0.9997
vn -0.0630 0.9976 -0.0275
vn 0.0005 1.0000 -0.0089
vn -0.9658 0.1820 0.1846
vn 0.1330 0.1001 -0.9860
vn 0.0625 0.9977 -0.0274
vn -0.4113 0.0349 0.9108
vn -0.0005 1.0000 -0.0089
vn 0.9807 -0.1387 0.1377
vn -0.9922 0.0887 -0.0881
vn -0.0768 0.9623 -0.2610
vn 0.0155 0.9651 -0.2616
vn 0.0766 0.9623 -0.2609
vn -0.0155 0.9650 -0.2616
vn 0.4112 0.0349 0.9109
vn 0.9661 0.1821 0.1827
vn 0.2188 0.1029 -0.9703
vn -0.0000 -0.0250 0.9997
vn -0.2194 0.1028 -0.9702
vn -0.1330 0.1001 -0.9861
vn -0.1289 0.2977 -0.9459
vn -0.2788 0.2838 -0.9175
vn -0.0000 -0.2267 0.9740
vn 0.2779 0.2840 -0.9177
vn 0.9697 0.1379 0.2018
vn 0.3650 -0.1630 0.9166
vn -0.3650 -0.1630 0.9166
vn 0.1289 0.2978 -0.9459
vn -0.9694 0.1374 0.2036
vn -0.9888 -0.0094 0.1491
vn 0.9887 -0.0026 0.1501
vn 0.0001 -0.0139 0.9999
vn -0.9886 0.0008 0.1506
vn -0.9886 0.0002 0.1506
vn 0.0041 -0.0083 -1.0000
vn -0.9918 -0.0297 0.1241
vn -0.9868 -0.0320 0.1585
vn -0.0002 -0.9493 0.3143
vn 0.9905 -0.0172 0.1365
vn 0.0005 -0.9493 0.3144
vn -0.0026 -0.0086 -1.0000
vn 0.9876 -0.0186 0.1560
vn 1.0000 -0.0056 0.0005
vn -0.9999 -0.0107 -0.0004
vn -0.0018 1.0000 -0.0037
vn -0.0011 -1.0000 0.0037
vn 0.9887 -0.0002 0.1501
vn -0.0014 0.0002 -1.0000
vn -0.9888 0.0001 0.1490
vn 0.9886 -0.0002 0.1502
vn -0.9487 0.0048 0.3161
vn 0.9661 -0.0002 0.2583
vn 0.0008 0.0006 -1.0000
vn -0.0012 0.0009 -1.0000
vn -0.0022 -1.0000 0.0024
vn 0.0011 -1.0000 0.0029
vn -0.0000 -1.0000 0.0033
vn -0.0000 -1.0000 0.0053
vn 0.0004 0.0030 1.0000
vn 0.9887 0.0003 0.1501
vn 0.0004 -0.0030 -1.0000
vn -0.0003 0.0027 1.0000
vn 0.9887 0.0003 0.1500
vn -0.0008 -0.0027 -1.0000
vn -0.0000 1.0000 0.0017
vn 1.0000 -0.0065 0.0005
vn -0.0065 -0.0009 1.0000
vn 1.0000 -0.0003 0.0005
vn 0.0040 -0.0006 1.0000
vn -0.0000 0.0002 -1.0000
vn -1.0000 0.0003 -0.0005
vn 0.0028 0.0027 1.0000
vn -1.0000 -0.0043 -0.0004
vn -0.0014 0.0030 1.0000
vn 0.0060 0.0020 -1.0000
vn -0.0002 0.0013 -1.0000
vn 0.0014 0.0009 -1.0000
vn 0.0002 -0.0002 -1.0000
vn 0.0013 -0.0054 -1.0000
vn -0.0036 -0.0080 -1.0000
vn 0.0014 -0.0034 -1.0000
vn -0.0020 -0.0093 -1.0000
vn -0.0003 -0.0004 -1.0000
vn 0.0037 0.0001 -1.0000
vn -0.0029 -0.0028 -1.0000
vn -0.0079 -0.0039 -1.0000
vn 0.0048 0.0003 -1.0000
vn -0.0035 0.0012 -1.0000
vn -0.0019 0.0001 -1.0000
vn -0.0027 0.0002 -1.0000
vn 0.0007 -0.0021 -1.0000
vn -0.0007 -0.0006 -1.0000
vn 0.0070 -0.0039 -1.0000
vn 0.0002 -0.0006 -1.0000
vn -0.0056 0.6354 0.7721
vn -0.0000 -0.4799 0.8773
vn 0.9917 -0.0053 0.1283
vn 0.9963 -0.0006 -0.0854
vn -0.9963 -0.0001 -0.0862
vn -0.9963 -0.0041 -0.0864
vn 0.9909 -0.0054 0.1344
vn 0.0003 -0.3314 0.9435
vn 1.0000 -0.0062 0.0005
vn -1.0000 0.0002 -0.0005
vn -0.9999 -0.0108 -0.0004
vn -1.0000 -0.0093 -0.0004
vn 0.0010 1.0000 -0.0037
vn 1.0000 -0.0026 0.0005
vn -1.0000 -0.0040 -0.0004
vn -1.0000 -0.0098 -0.0004
vn 1.0000 -0.0002 0.0005
vn 1.0000 -0.0024 0.0005
vn 0.0022 -1.0000 0.0037
vn 1.0000 -0.0061 0.0005
vn -1.0000 0.0002 -0.0002
vn 1.0000 -0.0056 0.0002
vn 1.0000 -0.0050 0.0002
vn -1.0000 -0.0096 -0.0002
vn -1.0000 -0.0004 -0.0002
vn -1.0000 -0.0000 -0.0002
vn 1.0000 -0.0058 0.0002
vn -0.9924 -0.0091 0.1229
vn 0.9923 -0.0054 0.1240
vn 0.9921 -0.0054 0.1256
vn -0.9964 0.0002 -0.0854
vn -0.9918 -0.0089 0.1273
vn -0.9927 -0.0090 0.1201
vn 0.0031 0.6370 0.7709
vn 0.9963 -0.0026 -0.0863
vn -0.9961 -0.0037 -0.0879
vn -0.9899 -0.0087 0.1413
vn 0.9963 -0.0002 -0.0859
vn 0.9962 -0.0023 -0.0872
vn 0.0064 -0.0039 -1.0000
vn -0.0036 -0.0012 -1.0000
vn 0.0015 -0.0031 -1.0000
vn -0.0027 -0.0055 -1.0000
vn 0.0072 0.0012 -1.0000
vn -0.0040 0.0008 -1.0000
vn -0.0049 -0.0033 -1.0000
vn 0.0027 -0.0039 -1.0000
vn -1.0000 -0.0097 -0.0002
vn -1.0000 -0.0083 -0.0002
vn 0.0059 -0.0017 -1.0000
vn 1.0000 -0.0024 0.0002
vn -1.0000 -0.0036 -0.0002
vn -1.0000 -0.0085 -0.0002
vn 1.0000 -0.0021 0.0002
vn 0.0003 -0.0000 1.0000
vn -1.0000 -0.0038 -0.0002
vn -1.0000 0.0003 -0.0002
vn 0.0001 -0.0002 1.0000
vn -0.0000 -1.0000 -0.0017
vn -0.0000 -0.0000 -1.0000
vn -0.0000 0.9920 0.1260
vn 0.0026 0.0009 -1.0000
vn -0.0034 -0.0009 1.0000
vn -0.0014 0.0006 -1.0000
vn 0.0022 -0.0006 1.0000
vn -0.0002 0.0006 -1.0000
vn 0.9665 -0.0048 0.2566
vn 0.0005 0.0009 -1.0000
vn -0.0015 -1.0000 -0.0008
vn -0.0004 0.0009 -1.0000
vn 0.0001 -0.0009 1.0000
vn 0.0003 0.0006 -1.0000
vn 0.0002 -0.0006 1.0000
vn 0.0012 -1.0000 -0.0002
vn 0.0020 1.0000 -0.0002
vn 0.0013 -1.0000 -0.0002
vn -0.9668 -0.0080 0.2553
vn 0.0015 1.0000 0.0008
vn 0.0017 1.0000 0.0008
vn -0.9651 -0.0080 0.2617
vn 0.9661 -0.0002 0.2582
vn -0.0009 1.0000 0.0008
vn -0.9581 -0.0017 0.2864
vn -0.9669 0.0001 0.2551
vn -0.9670 0.0001 0.2549
vn 0.9675 -0.0048 0.2528
vn 0.0009 -1.0000 -0.0008
vn 0.0021 -0.0009 1.0000
vn -0.0007 -0.0006 1.0000
vn 0.0015 -0.0006 1.0000
vn -0.0017 -0.0009 1.0000
vn -0.0012 1.0000 0.0002
vn -0.0013 1.0000 0.0002
vn -0.7231 -0.0056 0.6907
vn -0.7248 -0.0056 0.6890
vn -0.0000 1.0000 0.0008
vn 0.0023 1.0000 -0.0003
vn -0.0023 -1.0000 0.0003
vn -0.0021 -1.0000 0.0002
vn 0.7246 -0.0034 0.6892
vn 0.7236 -0.0034 0.6902
vn -0.0000 -1.0000 -0.0008
vn -0.0001 0.0002 -1.0000
vn 0.9415 0.3371 0.0002
vn 0.9180 0.3965 0.0002
vn -0.0001 -0.0000 1.0000
vn -0.0003 -0.0000 -1.0000
vn 0.0001 -0.0000 -1.0000
vn 1.0000 -0.0000 0.0002
vn -0.0020 1.0000 -0.0017
vn 0.0012 1.0000 -0.0017
vn 0.0033 0.0017 1.0000
vn -0.0033 -0.0017 -1.0000
vn 1.0000 0.0004 0.0002
vn -0.0059 0.0017 1.0000
vn -0.0000 -1.0000 -0.0000
vn 0.0001 -0.3702 0.9290
vn -0.9427 0.3337 -0.0002
vn -0.0000 -0.0000 1.0000
vn -0.9167 0.3997 -0.0002
vn -0.0002 -0.0000 -1.0000
vn 0.0002 -0.0000 1.0000
vn 0.0001 -0.8842 0.4671
vn -0.0000 -0.8842 0.4671
vn 1.0000 -0.0001 0.0003
vn -1.0000 0.0001 -0.0003
vn -1.0000 -0.0000 0.0001
vn -0.0000 -0.3702 0.9290
vn -0.0001 -0.0222 -0.9998
vn -0.0000 -0.0222 -0.9998
vn 1.0000 -0.0000 -0.0001
vn -0.0000 -0.9983 -0.0589
vn -0.0013 -1.0000 -0.0090
vn -0.0016 -0.9962 0.0873
vn -0.0018 -0.9964 0.0852
vn -0.0000 -0.9962 0.0874
vn -0.0000 -1.0000 -0.0091
vn -0.0000 -1.0000 -0.0089
vn -0.0000 -0.9963 0.0854
vn -0.0013 -0.9999 -0.0102
vn -0.0000 -1.0000 -0.0088
vn -0.0024 -1.0000 -0.0069
vn 0.0033 -0.9964 0.0849
vn 0.0017 -0.9962 0.0869
vn -0.0002 -1.0000 -0.0093
vn 0.0013 -1.0000 -0.0090
vn 0.0025 -0.9964 0.0852
vn 0.0021 -0.9962 0.0873
vn 0.0017 -1.0000 -0.0090
vn 0.0020 -1.0000 -0.0092
vn -0.0041 -0.9964 0.0848
vn -0.0020 -0.9962 0.0869
vn 0.0002 -1.0000 -0.0093
vn 0.0014 -1.0000 -0.0093
vn 0.0015 -1.0000 -0.0090
vn -0.0013 -1.0000 -0.0093
vn -0.0012 -1.0000 -0.0090
vn -0.0009 1.0000 0.0026
vn 0.0017 1.0000 0.0036
vn 0.0001 1.0000 -0.0017
vn -0.0002 1.0000 -0.0037
vn 0.9887 -0.0002 0.1502
vn -0.9886 0.0001 0.1506
vn 0.0009 0.0002 -1.0000
vn 0.0013 -0.0002 1.0000
vn -0.9888 0.0001 0.1491
vn -0.0005 -0.0002 1.0000
vn -0.0041 0.8858 0.4640
vn 0.0033 0.8858 0.4640
vn 0.4319 0.8437 0.3188
vn -0.4459 0.8409 0.3068
vn 0.0009 0.9882 0.1530
vn -0.4312 0.8438 0.3195
vn 0.4393 0.8420 0.3130
vn -0.0004 0.9882 0.1530
vn -0.0014 -1.0000 -0.0005
vn 0.0008 -1.0000 -0.0005
vn -0.0021 -1.0000 -0.0008
vn 0.0012 -1.0000 -0.0008
vn 0.0013 -1.0000 -0.0012
vn -0.0016 -1.0000 -0.0003
vn -0.0021 -1.0000 -0.0015
vn 0.9486 0.0048 0.3165
vn -0.0049 0.0110 0.9999
vn 0.9544 0.0005 0.2986
vn 0.0040 0.0109 0.9999
vn -1.0000 -0.0027 0.0024
vn -0.0000 -0.3783 0.9257
vn -0.0001 0.3783 -0.9257
vn 0.9996 0.0255 0.0148
vn 1.0000 -0.0004 -0.0033
vn 0.0004 0.3783 -0.9257
vn 0.0001 -0.3783 0.9257
vn -0.9995 0.0259 0.0162
vt 0.500000 0.225946
vt 0.625000 0.225946
vt 0.625000 0.250000
vt 0.500000 0.250000
vt 0.500000 0.625000
vt 0.625000 0.625000
vt 0.625000 0.750000
vt 0.500000 0.750000
vt 0.500000 0.981250
vt 0.625000 0.981250
vt 0.625000 1.000000
vt 0.500000 1.000000
vt 0.856250 0.625000
vt 0.875000 0.625000
vt 0.875000 0.750000
vt 0.856250 0.750000
vt 0.500000 0.524054
vt 0.625000 0.524054
vt 0.500000 0.000000
vt 0.625000 0.000000
vt 0.625000 0.125000
vt 0.500000 0.125000
vt 0.492513 0.000000
vt 0.492513 0.125000
vt 0.492512 0.524054
vt 0.492513 0.625000
vt 0.492513 0.750000
vt 0.128750 0.500000
vt 0.125000 0.500000
vt 0.128750 0.500000
vt 0.492513 0.225946
vt 0.492513 0.250000
vt 0.381250 0.225946
vt 0.437500 0.225946
vt 0.437500 0.250000
vt 0.381250 0.250000
vt 0.485025 0.500000
vt 0.437500 0.500000
vt 0.437500 0.500000
vt 0.485025 0.500000
vt 0.381250 0.625000
vt 0.437500 0.625000
vt 0.437500 0.687500
vt 0.381250 0.687500
vt 0.381250 0.524054
vt 0.437500 0.524054
vt 0.381250 0.006233
vt 0.437500 0.006233
vt 0.437500 0.062500
vt 0.381250 0.062500
vt 0.840312 0.524054
vt 0.500000 0.965313
vt 0.500000 0.875000
vt 0.750000 0.524054
vt 0.451577 0.750000
vt 0.500000 0.750000
vt 0.451577 0.750000
vt 0.463632 0.750000
vt 0.472401 0.750000
vt 0.381250 0.500000
vt 0.381250 0.125000
vt 0.437500 0.125000
vt 0.492513 0.500000
vt 0.500000 0.500000
vt 0.625000 0.500000
vt 0.437500 0.875000
vt 0.437500 0.875000
vt 0.437500 0.768750
vt 0.500000 0.768750
vt 0.451577 0.757299
vt 0.500000 0.981250
vt 0.500000 0.957320
vt 0.500000 0.957197
vt 0.500000 0.885039
vt 0.500000 0.885531
vt 0.795843 0.624991
vt 0.795694 0.728799
vt 0.738746 0.728799
vt 0.703558 0.728799
vt 0.625000 0.768750
vt 0.500000 0.768750
vt 0.643750 0.625000
vt 0.643750 0.750000
vt 0.856250 0.524054
vt 0.856250 0.500000
vt 0.456179 0.000000
vt 0.460782 0.000000
vt 0.659688 0.500000
vt 0.659687 0.524054
vt 0.643750 0.524054
vt 0.643750 0.500000
vt 0.381250 0.250000
vt 0.437500 0.250000
vt 0.492513 0.250000
vt 0.367500 0.500000
vt 0.356250 0.500000
vt 0.367500 0.500000
vt 0.437500 0.875000
vt 0.437500 0.768750
vt 0.867500 0.500000
vt 0.867500 0.500000
vt 0.625000 0.250000
vt 0.381250 0.500000
vt 0.375000 0.500000
vt 0.381250 0.500000
vt 0.659687 0.500000
vt 0.643750 0.500000
vt 0.659687 0.524054
vt 0.667528 0.500000
vt 0.667522 0.524054
vt 0.840312 0.524054
vt 0.750000 0.524054
vt 0.500000 0.965313
vt 0.500000 0.784688
vt 0.875000 0.500000
vt 0.875000 0.524054
vt 0.856250 0.500000
vt 0.500000 0.788568
vt 0.500000 0.788586
vt 0.500000 0.792484
vt 0.500000 0.792448
vt 0.500000 0.784687
vt 0.492513 0.496250
vt 0.500000 0.496250
vt 0.492513 0.500000
vt 0.381250 0.496250
vt 0.437500 0.496250
vt 0.250000 0.500000
vt 0.250000 0.500000
vt 0.381250 0.375000
vt 0.381250 0.481250
vt 0.375000 0.481250
vt 0.375000 0.375000
vt 0.492513 0.257500
vt 0.500000 0.257500
vt 0.500000 0.268750
vt 0.492513 0.268750
vt 0.381250 0.257500
vt 0.437500 0.257500
vt 0.437500 0.268750
vt 0.381250 0.268750
vt 0.671250 0.300000
vt 0.500000 0.253750
vt 0.632500 0.500000
vt 0.500000 0.492500
vt 0.500000 0.481250
vt 0.628750 0.500000
vt 0.625000 0.500000
vt 0.628750 0.500000
vt 0.437500 0.375000
vt 0.485025 0.375000
vt 0.485025 0.481250
vt 0.437500 0.481250
vt 0.625000 0.250000
vt 0.867500 0.500000
vt 0.867500 0.500000
vt 0.485025 0.250000
vt 0.485025 0.250000
vt 0.485025 0.250000
vt 0.485025 0.250000
vt 0.492513 0.250000
vt 0.485025 0.500000
vt 0.485025 0.500000
vt 0.156250 0.475000
vt 0.216723 0.412799
vt 0.437500 0.250000
vt 0.485025 0.500000
vt 0.143750 0.500000
vt 0.750000 0.500000
vt 0.750000 0.500000
vt 0.485025 0.250000
vt 0.485025 0.250000
vt 0.485025 0.500000
vt 0.485025 0.500000
vt 0.378719 0.500000
vt 0.350031 0.283750
vt 0.625000 0.792496
vt 0.500000 0.792686
vt 0.485025 0.250000
vt 0.485025 0.250000
vt 0.625000 0.874686
vt 0.500000 0.876376
vt 0.500000 0.864493
vt 0.625000 0.863735
vt 0.832433 0.500000
vt 0.832417 0.524054
vt 0.760917 0.524054
vt 0.760981 0.500000
vt 0.437500 0.000000
vt 0.440470 0.000000
vt 0.443441 0.000000
vt 0.437500 0.000000
vt 0.381250 0.750000
vt 0.437500 0.750000
vt 0.378719 0.750000
vt 0.871250 0.500000
vt 0.461263 0.750000
vt 0.485025 0.750000
vt 0.492513 0.500000
vt 0.667500 0.625000
vt 0.667496 0.750000
vt 0.485025 0.257500
vt 0.485025 0.268750
vt 0.485025 0.496250
vt 0.485025 0.250000
vt 0.485025 0.524054
vt 0.485025 0.125000
vt 0.485025 0.225946
vt 0.485025 0.625000
vt 0.472401 0.000000
vt 0.500000 0.000000
vt 0.437500 0.981250
vt 0.437500 0.981250
vt 0.456179 0.750000
vt 0.461262 0.000000
vt 0.437500 0.000000
vt 0.461263 0.000000
vt 0.143750 0.750000
vt 0.290625 0.865625
vt 0.156250 0.675000
vt 0.125000 0.750000
vt 0.127813 0.750000
vt 0.158781 0.675000
vt 0.437500 0.191041
vt 0.443441 0.750000
vt 0.396875 0.759375
vt 0.356250 0.750000
vt 0.500000 0.792658
vt 0.500000 0.792571
vt 0.500000 0.887600
vt 0.500000 0.936966
vt 0.500000 0.768750
vt 0.500000 0.750000
vt 0.456179 0.000000
vt 0.437500 0.768750
vt 0.437500 0.768750
vt 0.485025 0.000000
vt 0.471031 0.750000
vt 0.460782 0.750000
vt 0.703672 0.544493
vt 0.738815 0.544493
vt 0.750000 0.500000
vt 0.625000 0.957347
vt 0.500000 0.958002
vt 0.500000 0.888260
vt 0.625000 0.885636
vt 0.375000 0.250000
vt 0.343750 0.812500
vt 0.250000 0.750000
vt 0.500000 0.375000
vt 0.750000 0.500000
vt 0.492513 0.375000
vt 0.492513 0.481250
vt 0.250000 0.500000
vt 0.500000 0.792528
vt 0.500000 0.874797
vt 0.500000 0.863763
vt 0.500000 0.957932
vt 0.500000 0.887980
vt 0.375000 0.500000
vt 0.375000 0.500000
vt 0.437500 0.250000
vt 0.375000 0.250000
vt 0.250000 0.500000
vt 0.406250 0.750000
vt 0.375000 0.750000
vt 0.437500 0.750000
vt 0.437500 0.750000
vt 0.437500 1.000000
vt 0.406250 0.000000
vt 0.375000 0.000000
vt 0.281250 0.875000
vt 0.437500 0.750000
vt 0.440470 0.750000
vt 0.449381 0.750000
vt 0.443441 0.750000
vt 0.500000 0.814018
vt 0.500000 0.864306
vt 0.437500 0.753971
vt 0.437500 0.750000
vt 0.471031 0.000000
vt 0.500000 0.813855
vt 0.449381 0.000000
vt 0.443441 0.000000
vt 0.377875 0.500000
vt 0.749921 0.500000
vt 0.738861 0.500000
vt 0.500000 0.876193
vt 0.500000 0.876141
vt 0.500000 0.864382
vt 0.500000 0.864407
vt 0.500000 0.792664
vt 0.451577 0.874840
vt 0.500000 0.874290
vt 0.451577 0.959581
vt 0.451577 0.984607
vt 0.451577 0.992949
vt 0.749878 0.524054
vt 0.738839 0.524054
vt 0.500000 0.874609
vt 0.500000 0.863542
vt 0.500000 0.863686
vt 0.760695 0.728799
vt 0.375000 0.687500
vt 0.375000 0.743767
vt 0.368203 0.500000
vt 0.372187 0.500000
vt 0.340313 0.287500
vt 0.291172 0.340625
vt 0.375000 0.225946
vt 0.375000 0.006233
vt 0.375000 0.524054
vt 0.375000 0.625000
vt 0.375000 0.062500
vt 0.375000 0.125000
vt 0.372188 0.750000
vt 0.368203 0.750000
vt 0.131797 0.750000
vt 0.437500 0.388593
vt 0.437500 0.757666
vt 0.451577 1.000000
vt 0.485025 0.492500
vt 0.437500 0.492500
vt 0.632500 0.500000
vt 0.632500 0.500000
vt 0.381250 0.492500
vt 0.492513 0.492500
vt 0.371250 0.500000
vt 0.371250 0.500000
vt 0.437500 0.253750
vt 0.485025 0.253750
vt 0.871250 0.500000
vt 0.717500 0.350000
vt 0.381250 0.253750
vt 0.492513 0.253750
vt 0.132500 0.500000
vt 0.451577 0.765499
vt 0.749720 0.728799
vt 0.500000 0.936081
vt 0.500000 0.935783
vt 0.500000 0.936081
vt 0.500000 0.875953
vt 0.500000 0.875953
vt 0.749836 0.544493
vt 0.760858 0.544493
vt 0.500000 0.957616
vt 0.500000 0.957912
vt 0.500000 0.957468
vt 0.840312 0.500000
vt 0.832347 0.750000
vt 0.832349 0.625000
vt 0.500000 0.961316
vt 0.500000 0.961255
vt 0.463632 0.000000
vt 0.375000 0.253750
vt 0.375000 0.492500
vt 0.375000 0.496250
vt 0.375000 0.257500
vt 0.375000 0.268750
vt 0.451577 0.874840
vt 0.437500 0.875000
vt 0.437500 0.743767
vt 0.451577 0.790100
vt 0.451577 0.000000
vt 0.381250 0.743767
vt 0.500000 0.887900
vt 0.443441 0.750000
vt 0.381250 0.000000
vt 0.437500 0.992575
vt 0.437500 0.996350
vt 0.750000 0.500000
vt 0.840313 0.500000
vt 0.750000 0.500000
vt 0.500000 0.768750
vt 0.760636 0.750000
vt 0.749686 0.750000
vt 0.738735 0.750000
vt 0.796153 0.544493
vt 0.703592 0.625004
vt 0.500000 0.885830
vt 0.500000 0.813693
vt 0.500000 0.813774
vt 0.500000 0.936379
vt 0.500000 0.863763
vt 0.500000 0.874797
vt 0.500000 0.875375
vt 0.500000 0.886715
vt 0.500000 0.886715
vt 0.500000 0.875375
vt 0.500000 0.864034
vt 0.500000 0.886273
vt 0.500000 0.886273
vt 0.500000 0.936081
vt 0.500000 0.863899
vt 0.500000 0.813774
vt 0.500000 0.936081
vt 0.500000 0.813855
vt 0.500000 0.936379
vt 0.500000 0.885830
vt 0.500000 0.864034
vt 0.500000 0.875375
vt 0.500000 0.863899
vt 0.500000 0.875375
vt 0.500000 0.875086
vt 0.500000 0.874797
vt 0.500000 0.875375
vt 0.500000 0.886273
vt 0.451577 0.984607
vt 0.451577 0.984607
vt 0.451577 0.959581
vt 0.500000 0.885039
vt 0.451577 0.984607
vt 0.451577 0.790099
vt 0.451577 0.959581
vt 0.749836 0.544493
vt 0.760648 0.625000
vt 0.749699 0.625000
vt 0.738751 0.625000
vt 0.703592 0.625004
vt 0.796153 0.544493
vt 0.451577 0.765499
vt 0.500000 0.863542
vt 0.500000 0.792448
vt 0.500000 0.885039
vt 0.500000 0.800321
vt 0.500000 0.855668
vt 0.500000 0.855723
vt 0.500000 0.800262
vt 0.500000 0.893117
vt 0.500000 0.949120
vt 0.500000 0.949285
vt 0.500000 0.892954
vt 0.500000 0.945618
vt 0.500000 0.945586
vt 0.451577 0.769497
vt 0.500194 0.804103
vt 0.500000 0.803896
vt 0.500000 0.852094
vt 0.451577 0.980461
vt 0.451577 0.963726
vt 0.500000 0.792448
vt 0.451577 0.959581
vt 0.451577 0.765499
vt 0.500000 0.894519
vt 0.500000 0.894674
vt 0.500000 0.863542
vt 0.451576 0.984607
vt 0.451577 0.790100
vt 0.500000 0.885039
vt 0.451710 0.980460
vt 0.451577 0.980527
vt 0.451577 0.786052
vt 0.451577 0.785944
vt 0.500000 0.957197
vt 0.500000 0.957197
vt 0.451577 0.963661
vt 0.451577 0.963621
vt 0.500000 0.896650
vt 0.451577 0.786101
vt 0.500000 0.852038
vt 0.451577 0.769546
vt 0.500000 0.896618
vt 0.451577 0.769655
vt 0.500000 0.863542
vt 0.500000 0.885039
vt 0.500000 0.863542
vt 0.500000 0.792448
vt 0.500000 0.801683
vt 0.500000 0.801874
vt 0.451577 0.977773
vt 0.451577 0.977773
vt 0.451577 0.783247
vt 0.451577 0.966414
vt 0.451577 0.966414
vt 0.451577 0.772351
vt 0.451577 0.772351
vt 0.451577 0.772352
vt 0.451577 0.966414
vt 0.372187 0.625000
vt 0.372187 0.687500
vt 0.372187 0.524054
vt 0.250000 0.625000
vt 0.250000 0.524054
vt 0.356250 0.524054
vt 0.356250 0.625000
vt 0.250000 0.743767
vt 0.356250 0.743767
vt 0.131797 0.625000
vt 0.143750 0.625000
vt 0.143750 0.687500
vt 0.131797 0.687500
vt 0.131797 0.524054
vt 0.143750 0.524054
vt 0.131797 0.500000
vt 0.372188 0.743767
vt 0.131797 0.743767
vt 0.143750 0.743767
vt 0.250000 0.687500
vt 0.125000 0.743767
vt 0.127813 0.743767
vt 0.127813 0.500000
vt 0.127813 0.524054
vt 0.125000 0.524054
vt 0.127813 0.625000
vt 0.125000 0.625000
vt 0.127813 0.687500
vt 0.125000 0.687500
vt 0.368203 0.743767
vt 0.368203 0.524054
vt 0.368203 0.625000
vt 0.368203 0.687500
vt 0.356250 0.687500
vt 0.500000 0.854111
vt 0.500000 0.947564
vt 0.500000 0.854306
vt 0.500000 0.947718
s 0
f 34/1/1 29/2/1 4/3/1 14/4/1
f 17/5/2 12/6/2 6/7/2 16/8/2
f 49/9/3 48/10/3 2/11/3 13/12/3
f 54/13/4 10/14/4 2/15/4 48/16/4
f 33/17/5 32/18/5 12/6/5 17/5/5
f 13/19/6 2/20/6 10/21/6 18/22/6
f 348/23/7 13/19/7 18/22/7 360/24/7
f 362/25/5 33/17/5 17/5/5 359/26/5
f 359/26/8 17/5/8 16/8/8 358/27/8
f 301/28/9 112/29/9 86/29/9 294/30/9
f 361/31/10 34/1/10 14/4/10 356/32/10
f 326/33/11 35/34/11 19/35/11 323/36/11
f 139/37/12 117/38/12 90/39/12 133/40/12
f 332/41/13 22/42/13 160/43/13 334/44/13
f 333/45/14 36/46/14 22/42/14 332/41/14
f 398/47/15 393/48/15 159/49/15 327/50/15
f 473/51/16 466/52/16 74/53/16 73/54/16
f 352/55/17 61/56/17 27/8/17 350/57/17
f 386/58/18 401/59/18 433/59/18 427/58/18
f 330/60/19 20/39/19 36/46/19 333/45/19
f 324/61/20 23/62/20 35/34/20 326/33/20
f 360/24/21 18/22/21 34/1/21 361/31/21
f 357/63/22 15/64/22 33/17/22 362/25/22
f 15/64/23 8/65/23 32/18/23 33/17/23
f 18/22/21 10/21/21 29/2/21 34/1/21
f 566/66/24 571/67/24 146/68/24 46/68/24
f 350/57/25 27/8/25 45/69/25 376/70/25
f 637/12/26 639/71/26 145/71/26 150/12/26
f 496/72/27 317/73/27 234/74/27 494/75/27
f 483/76/28 315/77/28 493/77/28 484/76/28
f 227/78/29 304/79/29 490/79/29 486/78/29
f 16/8/30 6/7/30 42/80/30 43/81/30
f 12/6/31 39/82/31 42/83/31 6/7/31
f 56/84/32 52/85/32 10/14/32 54/13/32
f 645/86/33 637/19/33 150/19/33 373/87/33
f 462/88/34 459/89/34 58/90/34 57/91/34
f 342/92/35 113/93/35 85/35/35 337/36/35
f 368/32/36 116/4/36 93/4/36 363/94/36
f 273/95/37 114/96/37 97/96/37 270/97/37
f 677/98/38 626/99/38 153/68/38 572/66/38
f 281/100/39 108/85/39 98/85/39 277/101/39
f 115/65/40 109/64/40 94/64/40 89/65/40
f 116/4/41 110/102/41 92/3/41 93/4/41
f 341/103/5 111/104/5 91/104/5 338/105/5
f 463/106/42 462/88/42 57/91/42 82/107/42
f 464/108/43 463/106/43 306/109/43 480/110/43
f 12/6/44 37/91/44 40/90/44 39/82/44
f 469/52/45 470/111/45 456/112/45 457/53/45
f 468/113/46 469/52/46 457/53/46 76/53/46
f 467/52/47 468/113/47 76/53/47 75/53/47
f 466/52/48 467/52/48 75/53/48 74/53/48
f 465/114/49 464/108/49 81/90/49 79/69/49
f 10/14/50 52/85/50 4/115/50 29/116/50
f 27/8/51 61/56/51 65/69/51 45/69/51
f 79/69/52 78/69/52 70/69/52 71/69/52
f 81/90/53 58/90/53 78/69/53 79/69/53
f 458/114/54 465/114/54 79/69/54 71/69/54
f 84/84/55 60/84/55 59/85/55 83/117/55
f 77/71/56 80/71/56 72/71/56 69/71/56
f 1112/118/57 1113/119/57 500/120/57 312/121/57
f 50/71/58 68/71/58 63/12/58 26/19/58
f 60/84/56 84/84/56 80/71/56 77/71/56
f 57/91/59 58/90/59 81/90/59 82/107/59
f 461/114/48 460/122/48 70/69/48 78/69/48
f 459/89/16 461/114/16 78/69/16 58/90/16
f 380/123/60 286/124/60 94/64/60 364/125/60
f 345/126/61 287/127/61 90/39/61 338/105/61
f 577/128/37 567/129/37 97/96/37 114/96/37
f 588/130/62 339/131/62 97/132/62 567/133/62
f 379/134/63 278/135/63 99/136/63 366/137/63
f 344/138/64 279/139/64 100/140/64 340/141/64
f 298/142/65 299/143/65 93/4/65 92/3/65
f 267/144/66 268/145/66 95/146/66 88/91/66
f 292/147/67 115/65/67 89/65/67 285/147/67
f 293/147/68 119/65/68 102/148/68 291/149/68
f 576/150/69 578/151/69 134/152/69 96/153/69
f 120/4/70 123/3/70 105/154/70 104/4/70
f 119/65/71 122/64/71 103/64/71 102/148/71
f 283/155/72 121/85/72 101/85/72 280/156/72
f 261/157/73 262/158/73 189/159/73 166/160/73
f 369/161/74 120/4/74 104/4/74 367/94/74
f 260/162/75 255/39/75 164/39/75 167/163/75
f 113/93/76 342/164/76 592/165/76 265/166/76
f 256/38/77 257/167/77 191/37/77 182/38/77
f 565/129/78 47/168/78 163/168/78 580/129/78
f 291/149/79 102/148/79 115/65/79 292/147/79
f 568/169/80 55/91/80 107/91/80 569/170/80
f 266/35/81 261/157/81 166/160/81 161/35/81
f 104/4/82 105/154/82 110/102/82 116/4/82
f 102/148/83 103/64/83 109/64/83 115/65/83
f 280/156/84 101/85/84 108/85/84 281/100/84
f 262/158/85 263/171/85 186/172/85 189/159/85
f 367/94/86 104/4/86 116/4/86 368/32/86
f 258/173/87 259/174/87 192/163/87 190/167/87
f 330/60/78 336/175/78 255/39/78 20/39/78
f 323/36/78 19/35/78 266/35/78 329/176/78
f 476/177/88 311/178/88 43/81/88 42/80/88
f 263/171/89 264/179/89 188/180/89 186/172/89
f 257/167/90 258/173/90 190/167/90 191/37/90
f 356/32/91 14/4/91 120/4/91 369/161/91
f 562/181/92 585/182/92 231/183/92 474/184/92
f 319/185/93 477/186/93 478/187/93 229/188/93
f 629/189/94 640/190/94 239/191/94 207/192/94
f 8/65/95 15/64/95 122/64/95 119/65/95
f 14/4/96 4/3/96 123/3/96 120/4/96
f 331/193/97 21/194/97 250/194/97 335/195/97
f 52/85/98 319/185/98 283/155/98 297/196/98
f 250/194/99 249/197/99 209/197/99 193/194/99
f 401/59/100 386/58/100 127/198/100 358/27/100
f 388/81/101 387/56/101 16/8/101 43/81/101
f 259/174/102 260/162/102 167/163/102 192/163/102
f 357/63/103 126/163/103 140/163/103 355/63/103
f 353/199/104 137/167/104 139/37/104 354/63/104
f 264/179/105 265/166/105 178/93/105 188/180/105
f 355/63/106 140/163/106 137/167/106 353/199/106
f 481/200/107 476/201/107 42/83/107 39/82/107
f 279/139/69 284/202/69 135/203/69 100/140/69
f 287/127/108 289/204/108 133/40/108 90/39/108
f 113/93/109 138/180/109 132/205/109 85/35/109
f 20/39/110 126/163/110 131/206/110 36/46/110
f 23/62/21 129/207/21 130/208/21 35/34/21
f 354/63/111 139/37/111 133/40/111 364/125/111
f 35/34/112 130/208/112 125/160/112 19/35/112
f 22/42/5 128/209/5 127/198/5 160/43/5
f 36/46/5 131/206/5 128/209/5 22/42/5
f 390/12/113 389/71/113 49/9/113 13/12/113
f 400/210/114 390/211/114 13/19/114 348/23/114
f 46/68/115 146/68/115 214/68/115 204/68/115
f 627/212/116 151/212/116 218/212/116 633/213/116
f 644/214/117 352/55/117 417/55/117 648/214/117
f 238/215/118 237/216/118 197/192/118 208/217/118
f 53/218/116 44/219/116 202/219/116 205/218/116
f 144/212/116 51/212/116 198/212/116 211/212/116
f 325/220/119 1/221/119 242/222/119 328/223/119
f 25/192/120 64/192/120 240/39/120 254/224/120
f 249/197/121 251/225/121 206/194/121 209/197/121
f 155/226/115 38/227/115 195/227/115 220/226/115
f 499/228/26 501/229/26 152/81/26 143/81/26
f 226/230/122 318/231/122 515/231/122 509/230/122
f 636/232/123 638/233/123 148/8/123 152/81/123
f 645/86/124 373/87/124 426/87/124 649/234/124
f 410/57/125 350/57/125 434/57/125 450/57/125
f 626/99/115 155/235/115 220/235/115 631/236/115
f 301/28/126 592/165/126 342/164/126 112/29/126
f 151/212/116 144/212/116 211/212/116 218/212/116
f 159/49/21 124/237/21 129/207/21 23/62/21
f 371/238/127 372/239/127 421/239/127 425/238/127
f 327/50/128 159/49/128 23/62/128 324/61/128
f 308/240/129 236/241/129 488/241/129 492/240/129
f 568/169/130 570/242/130 118/91/130 55/91/130
f 482/243/92 316/244/92 232/245/92 475/246/92
f 265/166/131 592/165/131 176/247/131 178/93/131
f 571/67/132 572/66/132 153/68/132 146/68/132
f 579/248/133 44/219/133 53/218/133 573/249/133
f 575/250/134 99/136/134 98/85/134 574/251/134
f 590/252/135 365/253/135 134/152/135 578/151/135
f 577/128/136 114/96/136 180/96/136 582/254/136
f 642/255/123 500/120/123 65/69/123 636/232/123
f 599/256/137 222/257/137 508/257/137 602/256/137
f 569/170/138 107/91/138 88/91/138 574/251/138
f 397/258/139 394/259/139 232/245/139 316/244/139
f 175/39/140 184/260/140 185/261/140 183/39/140
f 184/260/141 174/96/141 181/96/141 185/261/141
f 171/247/142 172/262/142 179/35/142 177/263/142
f 583/264/143 170/168/143 169/168/143 581/128/143
f 192/163/140 175/39/140 183/39/140 190/167/140
f 170/168/144 171/29/144 177/29/144 169/168/144
f 183/39/145 185/261/145 187/104/145 182/38/145
f 185/261/146 181/96/146 180/96/146 187/104/146
f 177/263/147 179/35/147 178/93/147 176/247/147
f 190/167/148 183/39/148 182/38/148 191/37/148
f 169/168/149 177/29/149 176/29/149 168/168/149
f 163/168/150 162/29/150 171/29/150 170/168/150
f 167/163/151 164/39/151 175/39/151 192/163/151
f 162/263/152 161/35/152 172/262/152 171/247/152
f 165/104/153 173/96/153 174/96/153 184/260/153
f 164/39/154 165/104/154 184/260/154 175/39/154
f 161/35/155 166/160/155 189/159/155 172/262/155
f 179/35/156 186/172/156 188/180/156 178/93/156
f 172/262/142 189/159/142 186/172/142 179/35/142
f 580/129/157 583/264/157 174/96/157 173/96/157
f 581/128/158 169/168/158 168/168/158 582/254/158
f 210/194/159 217/265/159 194/266/159 193/194/159
f 630/267/159 213/194/159 215/194/159 632/268/159
f 211/212/160 212/269/160 219/269/160 218/212/160
f 213/194/161 214/68/161 216/68/161 215/194/161
f 201/270/162 200/192/162 197/192/162 196/271/162
f 202/219/163 201/272/163 196/221/163 205/218/163
f 631/236/164 632/268/164 215/194/164 216/68/164
f 628/273/165 203/194/165 213/194/165 630/267/165
f 629/189/166 635/216/166 212/192/166 199/192/166
f 634/269/167 633/213/167 218/212/167 219/269/167
f 635/216/162 200/192/162 201/192/162 634/192/162
f 217/265/168 220/226/168 195/227/168 194/266/168
f 200/192/169 207/192/169 208/217/169 197/192/169
f 209/197/170 206/194/170 210/194/170 193/194/170
f 199/192/171 212/192/171 211/212/171 198/212/171
f 204/68/172 214/68/172 213/194/172 203/194/172
f 641/274/173 251/225/173 156/275/173 625/276/173
f 146/68/115 153/68/115 216/68/115 214/68/115
f 305/277/122 225/278/122 510/278/122 513/277/122
f 62/194/174 28/194/174 253/279/174 252/280/174
f 373/87/175 370/281/175 420/281/175 426/87/175
f 310/282/176 305/277/176 513/277/176 511/282/176
f 239/191/177 154/283/177 66/217/177 238/215/177
f 152/81/26 148/8/26 147/233/26 143/81/26
f 640/190/178 624/284/178 154/283/178 239/191/178
f 150/12/26 145/71/26 142/71/26 67/12/26
f 373/87/179 150/19/179 67/19/179 370/281/179
f 341/103/136 117/38/136 256/38/136 347/285/136
f 570/242/180 584/286/180 230/287/180 118/91/180
f 118/91/181 230/287/181 306/109/181 274/144/181
f 591/288/139 564/289/139 497/290/139 395/291/139
f 396/292/139 499/228/139 143/81/139 388/81/139
f 589/293/182 586/294/182 234/74/182 374/295/182
f 383/296/183 317/73/183 50/71/183 377/297/183
f 584/286/93 587/298/93 479/299/93 230/287/93
f 81/90/184 464/108/184 480/110/184 40/90/184
f 563/300/185 586/294/185 233/301/185 495/302/185
f 1111/69/186 1112/118/186 312/121/186 45/69/186
f 315/77/187 228/303/187 485/303/187 493/77/187
f 480/110/188 481/200/188 39/82/188 40/90/188
f 207/192/189 239/191/189 238/215/189 208/217/189
f 66/217/190 24/192/190 237/216/190 238/215/190
f 158/304/5 392/305/5 1054/305/5 1035/304/5
f 247/306/78 244/307/78 1072/307/78 1039/306/78
f 405/266/191 5/266/191 1032/266/191 1082/266/191
f 241/308/78 246/309/78 1065/309/78 1027/308/78
f 31/310/21 3/263/21 1028/263/21 1033/310/21
f 402/311/192 384/311/192 1025/311/192 1079/311/192
f 30/312/5 11/313/5 1036/313/5 1029/312/5
f 157/314/21 9/315/21 1034/315/21 1055/314/21
f 7/104/5 30/312/5 1029/312/5 1030/104/5
f 384/311/21 157/314/21 1055/314/21 1025/311/21
f 244/307/78 7/104/78 1030/104/78 1072/307/78
f 429/305/5 405/266/5 1082/266/5 1053/305/5
f 565/129/78 41/96/78 1040/96/78 1060/129/78
f 243/316/193 248/317/193 1071/317/193 1031/316/193
f 1/221/191 403/221/191 1080/221/191 1026/221/191
f 3/263/78 241/308/78 1027/308/78 1028/263/78
f 628/273/121 206/194/121 251/225/121 641/274/121
f 248/317/194 194/266/194 195/227/194 38/227/194
f 196/271/195 245/318/195 53/218/195 205/218/195
f 149/197/173 156/275/173 251/225/173 249/197/173
f 21/194/196 149/197/196 249/197/196 250/194/196
f 140/163/197 126/163/197 260/162/197 259/174/197
f 446/295/198 374/295/198 680/295/198 684/295/198
f 243/316/199 335/195/199 194/266/199 248/317/199
f 237/216/200 328/223/200 196/271/200 197/192/200
f 254/224/201 240/39/201 199/269/201 322/319/201
f 252/280/202 253/279/202 303/320/202 203/194/202
f 377/297/203 50/71/203 26/12/203 349/321/203
f 246/309/78 162/29/78 163/168/78 47/168/78
f 165/104/78 247/306/78 41/96/78 173/96/78
f 139/37/204 137/167/204 258/173/204 257/167/204
f 137/167/205 140/163/205 259/174/205 258/173/205
f 117/38/206 139/37/206 257/167/206 256/38/206
f 126/163/207 20/39/207 255/39/207 260/162/207
f 138/180/208 113/93/208 265/166/208 264/179/208
f 136/172/209 138/180/209 264/179/209 263/171/209
f 141/159/210 136/172/210 263/171/210 262/158/210
f 19/35/211 125/160/211 261/157/211 266/35/211
f 125/160/212 141/159/212 262/158/212 261/157/212
f 241/308/213 329/176/213 162/29/213 246/309/213
f 255/39/78 336/175/78 165/104/78 164/39/78
f 96/153/69 134/152/69 275/322/69 269/323/69
f 55/91/214 271/324/214 272/325/214 107/91/214
f 118/91/215 274/144/215 271/324/215 55/91/215
f 107/91/216 272/325/216 267/144/216 88/91/216
f 285/147/217 286/124/217 268/145/217 267/144/217
f 339/131/64 96/153/64 269/323/64 343/326/64
f 365/253/63 95/146/63 268/145/63 378/327/63
f 288/328/218 273/95/218 270/97/218 290/329/218
f 300/330/219 302/331/219 284/202/219 279/139/219
f 295/196/220 280/156/220 281/100/220 296/332/220
f 297/196/221 283/155/221 280/156/221 295/196/221
f 98/85/222 99/136/222 278/135/222 277/333/222
f 346/334/223 300/330/223 279/139/223 344/138/223
f 381/335/224 299/143/224 278/135/224 379/134/224
f 296/332/225 281/100/225 277/101/225 298/196/225
f 106/168/9 282/336/9 276/336/9 87/168/9
f 111/104/226 288/328/226 290/329/226 91/104/226
f 176/247/136 282/336/136 106/168/136 168/168/136
f 273/95/136 187/104/136 180/96/136 114/96/136
f 89/65/227 94/64/227 286/124/227 285/147/227
f 269/323/228 275/322/228 289/204/228 287/127/228
f 271/324/229 291/149/229 292/147/229 272/325/229
f 274/144/230 293/147/230 291/149/230 271/324/230
f 272/325/231 292/147/231 285/147/231 267/144/231
f 343/326/232 269/323/232 287/127/232 345/126/232
f 378/327/233 268/145/233 286/124/233 380/123/233
f 110/115/234 296/332/234 298/196/234 92/115/234
f 363/94/235 93/4/235 299/143/235 381/335/235
f 337/36/236 85/35/236 300/330/236 346/334/236
f 123/115/237 297/196/237 295/196/237 105/115/237
f 105/115/238 295/196/238 296/332/238 110/115/238
f 85/35/239 132/205/239 302/331/239 300/330/239
f 277/333/240 278/135/240 299/143/240 298/142/240
f 282/336/9 301/28/9 294/30/9 276/336/9
f 376/70/241 45/69/241 312/121/241 382/337/241
f 293/147/242 37/91/242 8/65/242 119/65/242
f 288/328/136 347/285/136 187/104/136 273/95/136
f 297/196/243 123/115/243 4/115/243 52/85/243
f 595/338/244 227/78/244 486/78/244 597/338/244
f 495/302/245 233/301/245 312/121/245 500/120/245
f 230/287/93 479/299/93 480/110/93 306/109/93
f 395/291/139 497/290/139 499/228/139 396/292/139
f 651/339/246 313/340/246 512/340/246 653/341/246
f 600/342/122 226/230/122 509/230/122 603/343/122
f 596/344/247 235/345/247 487/345/247 598/344/247
f 474/184/92 231/183/92 311/178/92 476/177/92
f 444/296/248 446/295/248 684/295/248 686/296/248
f 145/71/26 314/346/26 502/347/26 142/71/26
f 389/71/139 397/258/139 316/244/139 49/9/139
f 639/71/26 643/348/26 314/346/26 145/71/26
f 48/10/249 49/9/249 316/244/249 482/243/249
f 471/349/250 470/111/250 477/186/250 319/185/250
f 54/13/251 48/16/251 482/350/251 320/351/251
f 56/84/252 54/13/252 320/351/252 477/186/252
f 1116/352/253 1117/353/253 317/73/253 496/72/253
f 157/314/21 327/50/21 324/61/21 9/315/21
f 274/144/254 306/109/254 37/91/254 293/147/254
f 203/194/255 303/320/255 46/68/255 204/68/255
f 283/155/256 319/185/256 229/188/256 121/85/256
f 322/319/257 199/269/257 198/212/257 51/212/257
f 24/192/258 325/220/258 328/223/258 237/216/258
f 3/263/213 323/36/213 329/176/213 241/308/213
f 9/315/21 324/61/21 326/33/21 31/310/21
f 384/311/21 398/47/21 327/50/21 157/314/21
f 31/310/21 326/33/21 323/36/21 3/263/21
f 391/354/259 393/48/259 430/48/259 428/354/259
f 5/266/260 331/193/260 335/195/260 243/316/260
f 7/104/78 244/307/78 336/175/78 330/60/78
f 7/104/5 330/60/5 333/45/5 30/312/5
f 30/312/5 333/45/5 332/41/5 11/313/5
f 11/313/5 332/41/5 334/44/5 158/304/5
f 86/263/261 337/36/261 346/334/261 294/355/261
f 162/29/78 329/176/78 266/35/78 161/35/78
f 194/266/262 335/195/262 250/194/262 193/194/262
f 165/104/78 336/175/78 244/307/78 247/306/78
f 196/271/263 328/223/263 242/222/263 245/318/263
f 270/356/264 343/326/264 345/126/264 290/357/264
f 294/355/265 346/334/265 344/138/265 276/358/265
f 97/132/266 339/131/266 343/326/266 270/356/266
f 111/104/136 341/103/136 347/285/136 288/328/136
f 276/358/267 344/138/267 340/141/267 87/359/267
f 576/150/64 96/153/64 339/131/64 588/130/64
f 290/357/268 345/126/268 338/105/268 91/104/268
f 117/38/269 341/103/269 338/105/269 90/39/269
f 112/247/21 342/92/21 337/36/21 86/263/21
f 176/247/270 592/165/270 301/28/270 282/336/270
f 187/104/136 347/285/136 256/38/136 182/38/136
f 589/293/271 374/295/271 446/295/271 594/360/271
f 566/66/272 46/68/272 439/68/272 593/361/272
f 132/205/235 363/94/235 381/335/235 302/331/235
f 275/322/273 378/327/273 380/123/273 289/204/273
f 302/331/274 381/335/274 379/134/274 284/202/274
f 134/152/135 365/253/135 378/327/135 275/322/135
f 376/70/275 382/337/275 443/337/275 448/70/275
f 28/194/276 411/194/276 451/194/276 435/194/276
f 322/319/277 51/212/277 440/212/277 442/319/277
f 383/296/278 377/297/278 449/297/278 444/296/278
f 398/47/279 384/311/279 402/311/279 431/47/279
f 148/8/280 372/239/280 371/238/280 147/233/280
f 575/250/63 95/146/63 365/253/63 590/252/63
f 638/233/281 644/214/281 372/239/281 148/8/281
f 391/354/282 400/210/282 348/23/282 124/237/282
f 109/64/283 354/63/283 364/125/283 94/64/283
f 122/64/284 355/63/284 353/199/284 103/64/284
f 103/64/285 353/199/285 354/63/285 109/64/285
f 15/64/286 357/63/286 355/63/286 122/64/286
f 387/56/287 401/59/287 358/27/287 16/8/287
f 125/160/288 356/32/288 369/161/288 141/159/288
f 136/172/289 367/94/289 368/32/289 138/180/289
f 141/159/290 369/161/290 367/94/290 136/172/290
f 284/202/135 379/134/135 366/137/135 135/203/135
f 289/204/291 380/123/291 364/125/291 133/40/291
f 138/180/292 368/32/292 363/94/292 132/205/292
f 385/362/293 386/58/293 427/58/293 408/362/293
f 447/363/294 443/337/294 688/337/294 689/363/294
f 126/163/295 357/63/295 362/25/295 131/206/295
f 129/207/21 360/24/21 361/31/21 130/208/21
f 63/19/296 351/364/296 349/364/296 26/19/296
f 392/305/297 399/365/297 422/365/297 429/305/297
f 130/208/298 361/31/298 356/32/298 125/160/298
f 128/209/299 359/26/299 358/27/299 127/198/299
f 131/206/5 362/25/5 359/26/5 128/209/5
f 124/237/300 348/23/300 360/24/300 129/207/300
f 147/233/301 371/238/301 401/59/301 387/56/301
f 392/305/192 429/305/192 1053/305/192 1054/305/192
f 158/304/5 334/44/5 399/365/5 392/305/5
f 400/210/302 391/354/302 428/354/302 432/210/302
f 142/71/139 502/347/139 397/258/139 389/71/139
f 231/183/139 395/291/139 396/292/139 311/178/139
f 246/309/78 47/168/78 1052/168/78 1065/309/78
f 53/218/303 245/318/303 1047/318/303 1048/218/303
f 573/249/304 53/218/304 1048/218/304 1063/249/304
f 403/271/21 402/311/21 1079/311/21 1080/271/21
f 311/178/139 396/292/139 388/81/139 43/81/139
f 585/182/139 591/288/139 395/291/139 231/183/139
f 502/347/139 498/366/139 394/259/139 397/258/139
f 334/44/305 160/43/305 385/362/305 399/365/305
f 11/313/5 158/304/5 1035/304/5 1036/313/5
f 245/318/193 242/222/193 1068/222/193 1047/318/193
f 127/198/306 386/58/306 385/362/306 160/43/306
f 124/237/307 159/49/307 393/48/307 391/354/307
f 370/281/308 67/19/308 390/211/308 400/210/308
f 67/12/139 142/71/139 389/71/139 390/12/139
f 143/81/139 147/233/139 387/56/139 388/81/139
f 66/217/309 154/283/309 413/283/309 418/217/309
f 38/227/304 573/249/304 1063/249/304 1046/227/304
f 149/197/310 21/194/310 409/194/310 419/197/310
f 424/364/311 412/192/311 416/192/311 423/364/311
f 428/354/307 430/48/307 407/192/307 418/217/307
f 648/214/312 647/367/312 415/275/312 421/239/312
f 427/58/306 419/197/306 409/194/306 408/362/306
f 422/365/313 408/362/313 409/194/313 404/193/313
f 421/239/314 415/275/314 419/197/314 425/238/314
f 429/305/5 422/365/5 404/193/5 405/266/5
f 413/283/315 426/87/315 420/281/315 418/217/315
f 646/191/316 649/234/316 426/87/316 413/283/316
f 414/194/317 417/55/317 410/57/317 411/194/317
f 418/217/318 420/281/318 432/210/318 428/354/318
f 403/271/21 406/368/21 431/47/21 402/311/21
f 425/238/319 419/197/319 427/58/319 433/59/319
f 406/368/320 407/192/320 430/48/320 431/47/320
f 393/48/321 398/47/321 431/47/321 430/48/321
f 156/275/322 149/197/322 419/197/322 415/275/322
f 28/194/323 62/194/323 414/194/323 411/194/323
f 325/220/324 24/192/324 407/192/324 406/220/324
f 349/364/325 351/364/325 424/364/325 423/364/325
f 64/192/326 25/192/326 416/192/326 412/192/326
f 331/193/327 5/266/327 405/266/327 404/193/327
f 352/55/328 350/57/328 410/57/328 417/55/328
f 370/281/329 400/210/329 432/210/329 420/281/329
f 624/284/309 64/192/309 412/192/309 646/191/309
f 254/224/330 322/319/330 442/319/330 436/224/330
f 21/194/324 331/193/324 404/193/324 409/194/324
f 625/276/322 156/275/322 415/275/322 647/367/322
f 401/59/331 371/238/331 425/238/331 433/59/331
f 41/96/78 247/306/78 1039/306/78 1040/96/78
f 399/365/321 385/362/321 408/362/321 422/365/321
f 24/192/332 66/217/332 418/217/332 407/192/332
f 1/221/327 325/220/327 406/220/327 403/221/327
f 434/57/333 435/194/333 451/194/333 450/57/333
f 440/212/334 446/295/334 444/296/334 442/369/334
f 441/279/335 448/70/335 443/337/335 438/320/335
f 436/370/336 449/297/336 445/321/336 437/269/336
f 438/320/337 443/337/337 447/363/337 439/68/337
f 442/369/338 444/296/338 449/297/338 436/370/338
f 593/361/182 594/360/182 446/295/182 440/212/182
f 435/194/339 434/57/339 448/70/339 441/279/339
f 437/269/340 445/321/340 453/321/340 452/269/340
f 46/68/341 303/320/341 438/320/341 439/68/341
f 303/320/342 253/279/342 441/279/342 438/320/342
f 349/364/343 423/364/343 453/364/343 445/364/343
f 416/192/344 25/192/344 437/192/344 452/192/344
f 25/192/345 254/224/345 436/224/345 437/192/345
f 350/57/346 376/70/346 448/70/346 434/57/346
f 377/297/347 349/321/347 445/321/347 449/297/347
f 253/279/348 28/194/348 435/194/348 441/279/348
f 411/194/349 410/57/349 450/57/349 451/194/349
f 423/364/350 416/192/350 452/192/350 453/364/350
f 443/337/351 382/337/351 687/337/351 688/337/351
f 470/111/352 471/349/352 455/371/352 456/112/352
f 471/349/353 472/372/353 454/373/353 455/371/353
f 472/372/34 473/51/34 73/54/34 454/373/34
f 73/54/16 74/53/16 461/114/16 459/89/16
f 74/53/48 75/53/48 460/122/48 461/114/48
f 75/53/47 76/53/47 458/114/47 460/122/47
f 76/53/46 457/53/46 465/114/46 458/114/46
f 457/53/45 456/112/45 464/108/45 465/114/45
f 456/112/352 455/371/352 463/106/352 464/108/352
f 455/371/353 454/373/353 462/88/353 463/106/353
f 454/373/34 73/54/34 459/89/34 462/88/34
f 59/85/34 60/84/34 473/51/34 472/372/34
f 83/117/353 59/85/353 472/372/353 471/349/353
f 83/117/354 471/349/354 319/185/354 52/85/354
f 77/71/355 69/71/355 467/52/355 466/52/355
f 1115/9/356 1116/352/356 496/72/356 68/71/356
f 72/71/46 80/71/46 469/52/46 468/113/46
f 80/71/45 84/84/45 470/111/45 469/52/45
f 60/84/16 77/71/16 466/52/16 473/51/16
f 463/106/357 82/107/357 37/91/357 306/109/357
f 82/107/52 81/90/52 40/90/52 37/91/52
f 1113/119/356 1114/374/356 65/69/356 500/120/356
f 1114/374/358 1111/69/358 45/69/358 65/69/358
f 1117/353/359 1118/71/359 50/71/359 317/73/359
f 1118/71/360 1115/9/360 68/71/360 50/71/360
f 470/111/184 84/84/184 56/84/184 477/186/184
f 84/84/56 83/117/56 52/85/56 56/84/56
f 8/65/361 37/91/361 12/6/361 32/18/361
f 595/338/362 228/303/362 475/375/362 562/376/362
f 304/79/363 227/78/363 474/377/363 476/201/363
f 321/378/364 235/345/364 478/187/364 477/186/364
f 596/344/93 236/241/93 479/299/93 587/298/93
f 236/241/365 308/240/365 480/110/365 479/299/365
f 308/240/366 307/379/366 481/200/366 480/110/366
f 307/379/367 304/79/367 476/201/367 481/200/367
f 228/303/368 315/77/368 482/350/368 475/375/368
f 315/77/369 483/76/369 320/351/369 482/350/369
f 483/76/370 321/378/370 477/186/370 320/351/370
f 491/378/371 484/76/371 690/76/371 701/378/371
f 487/345/372 491/378/372 701/378/372 696/345/372
f 598/344/373 487/345/373 696/345/373 702/344/373
f 489/379/374 492/240/374 703/240/374 698/379/374
f 484/76/375 493/77/375 704/77/375 690/76/375
f 486/78/376 490/79/376 700/79/376 695/78/376
f 307/379/377 308/240/377 492/240/377 489/379/377
f 235/345/378 321/378/378 491/378/378 487/345/378
f 321/378/379 483/76/379 484/76/379 491/378/379
f 304/79/380 307/379/380 489/379/380 490/79/380
f 599/256/123 221/380/123 494/75/123 563/300/123
f 221/380/381 313/340/381 496/72/381 494/75/381
f 600/342/123 225/278/123 497/290/123 564/289/123
f 225/278/123 305/277/123 499/228/123 497/290/123
f 309/381/382 222/257/382 495/302/382 500/120/382
f 650/382/26 309/381/26 500/120/26 642/255/26
f 305/277/26 310/282/26 501/229/26 499/228/26
f 318/231/123 226/230/123 498/366/123 502/347/123
f 503/383/26 318/231/26 502/347/26 314/346/26
f 651/339/26 503/383/26 314/346/26 643/348/26
f 607/256/383 522/384/383 518/257/383 605/385/383
f 606/386/384 524/387/384 224/388/384 604/389/384
f 603/343/385 601/386/385 505/390/385 510/278/385
f 506/383/386 504/388/386 509/230/386 515/231/386
f 522/384/387 523/381/387 521/381/387 518/257/387
f 510/278/388 505/390/388 511/282/388 513/277/388
f 222/257/389 309/381/389 514/381/389 508/257/389
f 313/340/390 221/380/390 507/380/390 512/340/390
f 318/231/246 503/383/246 506/383/246 515/231/246
f 650/382/176 310/282/176 511/282/176 652/382/176
f 654/391/391 517/380/391 532/380/391 660/392/391
f 657/393/392 654/391/392 224/388/392 516/383/392
f 655/394/393 518/257/393 521/381/393 656/395/393
f 659/396/394 527/340/394 520/340/394 657/393/394
f 658/382/395 529/397/395 519/282/395 656/395/395
f 524/387/396 528/398/396 516/383/396 224/388/396
f 527/340/397 526/399/397 517/380/397 520/340/397
f 529/397/398 525/400/398 223/390/398 519/282/398
f 511/282/399 505/390/399 525/400/399 529/397/399
f 512/340/400 507/380/400 526/399/400 527/340/400
f 504/388/401 506/383/401 528/398/401 524/387/401
f 652/382/402 511/282/402 529/397/402 658/382/402
f 653/341/403 512/340/403 527/340/403 659/396/403
f 508/257/404 514/381/404 523/381/404 522/384/404
f 601/386/405 504/388/405 524/387/405 606/386/405
f 602/256/406 508/257/406 522/384/406 607/256/406
f 609/256/407 533/257/407 537/257/407 611/256/407
f 604/389/408 224/388/408 530/388/408 608/401/408
f 605/385/409 518/257/409 533/257/409 609/256/409
f 655/394/410 223/390/410 531/390/410 661/394/410
f 663/402/411 535/390/411 539/390/411 665/394/411
f 660/392/412 532/380/412 536/380/412 662/391/412
f 661/394/306 531/390/306 535/390/306 663/402/306
f 608/401/413 530/388/413 534/388/413 610/403/413
f 667/394/414 545/257/414 553/257/414 671/394/414
f 610/403/415 534/388/415 538/388/415 612/389/415
f 611/256/416 537/257/416 541/257/416 613/256/416
f 662/391/417 536/380/417 540/380/417 664/391/417
f 676/404/418 615/405/418 545/257/418 667/394/418
f 664/391/414 540/380/414 548/380/414 668/391/414
f 613/256/414 541/257/414 549/257/414 617/256/414
f 666/391/414 542/388/414 550/388/414 670/391/414
f 619/256/419 552/380/419 560/380/419 623/256/419
f 616/389/420 546/388/420 554/388/420 620/406/420
f 669/394/421 547/390/421 555/390/421 673/394/421
f 618/401/422 551/390/422 559/390/422 622/389/422
f 614/389/414 543/390/414 551/390/414 618/401/414
f 665/394/414 539/390/414 547/390/414 669/394/414
f 615/405/414 544/380/414 552/380/414 619/256/414
f 612/389/414 538/388/414 546/388/414 616/389/414
f 621/256/423 557/257/423 561/257/423 623/256/423
f 672/391/424 556/380/424 560/380/424 674/407/424
f 673/394/425 555/390/425 559/390/425 675/394/425
f 620/406/426 554/388/426 558/388/426 622/389/426
f 670/391/427 550/388/427 558/388/427 674/407/427
f 617/256/428 549/257/428 557/257/428 621/256/428
f 668/391/429 548/380/429 556/380/429 672/391/429
f 671/394/430 553/257/430 561/257/430 675/394/430
f 548/380/431 617/256/431 621/256/431 556/380/431
f 555/390/432 620/406/432 622/389/432 559/390/432
f 556/380/433 621/256/433 623/256/433 560/380/433
f 539/390/414 612/389/414 616/389/414 547/390/414
f 545/257/414 615/405/414 619/256/414 553/257/414
f 542/388/414 614/389/414 618/401/414 550/388/414
f 550/388/434 618/401/434 622/389/434 558/388/434
f 547/390/435 616/389/435 620/406/435 555/390/435
f 553/257/436 619/256/436 623/256/436 561/257/436
f 540/380/414 613/256/414 617/256/414 548/380/414
f 666/391/418 544/380/418 615/405/418 676/404/418
f 536/380/416 611/256/416 613/256/416 540/380/416
f 535/390/415 610/403/415 612/389/415 539/390/415
f 531/390/413 608/401/413 610/403/413 535/390/413
f 517/380/409 605/385/409 609/256/409 532/380/409
f 223/390/408 604/389/408 608/401/408 531/390/408
f 532/380/407 609/256/407 611/256/407 536/380/407
f 507/380/406 602/256/406 607/256/406 526/399/406
f 505/390/405 601/386/405 606/386/405 525/400/405
f 509/230/385 504/388/385 601/386/385 603/343/385
f 525/400/384 606/386/384 604/389/384 223/390/384
f 526/399/383 607/256/383 605/385/383 517/380/383
f 226/230/123 600/342/123 564/289/123 498/366/123
f 222/257/123 599/256/123 563/300/123 495/302/123
f 597/338/437 486/78/437 695/78/437 699/338/437
f 492/240/438 488/241/438 697/241/438 703/240/438
f 235/345/93 596/344/93 587/298/93 478/187/93
f 227/78/362 595/338/362 562/376/362 474/377/362
f 439/68/182 447/363/182 594/360/182 593/361/182
f 248/317/303 38/227/303 1046/227/303 1071/317/303
f 232/245/139 394/259/139 591/288/139 585/182/139
f 99/136/63 575/250/63 590/252/63 366/137/63
f 51/212/439 566/66/439 593/361/439 440/212/439
f 375/363/271 589/293/271 594/360/271 447/363/271
f 100/140/64 576/150/64 588/130/64 340/141/64
f 236/241/247 596/344/247 598/344/247 488/241/247
f 225/278/122 600/342/122 603/343/122 510/278/122
f 228/303/244 595/338/244 597/338/244 485/303/244
f 494/75/185 234/74/185 586/294/185 563/300/185
f 229/188/93 478/187/93 587/298/93 584/286/93
f 375/363/182 233/301/182 586/294/182 589/293/182
f 394/259/139 498/366/139 564/289/139 591/288/139
f 121/85/180 229/188/180 584/286/180 570/242/180
f 181/96/158 581/128/158 582/254/158 180/96/158
f 163/168/157 170/168/157 583/264/157 580/129/157
f 174/96/143 583/264/143 581/128/143 181/96/143
f 242/222/440 1/221/440 1026/221/440 1068/222/440
f 108/85/138 569/170/138 574/251/138 98/85/138
f 221/380/137 599/256/137 602/256/137 507/380/137
f 106/168/136 577/128/136 582/254/136 168/168/136
f 366/137/135 590/252/135 578/151/135 135/203/135
f 95/146/134 575/250/134 574/251/134 88/91/134
f 155/226/133 579/248/133 573/249/133 38/227/133
f 144/212/132 151/212/132 572/66/132 571/67/132
f 9/315/21 31/310/21 1033/310/21 1034/315/21
f 101/85/130 121/85/130 570/242/130 568/169/130
f 475/246/92 232/245/92 585/182/92 562/181/92
f 101/85/80 568/169/80 569/170/80 108/85/80
f 41/96/78 565/129/78 580/129/78 173/96/78
f 100/140/69 135/203/69 578/151/69 576/150/69
f 340/141/441 588/130/441 567/133/441 87/359/441
f 106/168/37 87/168/37 567/129/37 577/128/37
f 627/212/38 677/98/38 572/66/38 151/212/38
f 47/168/78 565/129/78 1060/129/78 1052/168/78
f 5/266/442 243/316/442 1031/316/442 1032/266/442
f 51/212/24 144/212/24 571/67/24 566/66/24
f 44/212/443 579/67/443 677/98/443 627/212/443
f 542/388/418 666/391/418 676/404/418 614/389/418
f 551/390/444 671/394/444 675/394/444 559/390/444
f 546/388/445 668/391/445 672/391/445 554/388/445
f 552/380/446 670/391/446 674/407/446 560/380/446
f 557/257/447 673/394/447 675/394/447 561/257/447
f 554/388/448 672/391/448 674/407/448 558/388/448
f 541/257/414 665/394/414 669/394/414 549/257/414
f 549/257/449 669/394/449 673/394/449 557/257/449
f 544/380/414 666/391/414 670/391/414 552/380/414
f 538/388/414 664/391/414 668/391/414 546/388/414
f 614/389/418 676/404/418 667/394/418 543/390/418
f 534/388/417 662/391/417 664/391/417 538/388/417
f 543/390/414 667/394/414 671/394/414 551/390/414
f 533/257/306 661/394/306 663/402/306 537/257/306
f 530/388/412 660/392/412 662/391/412 534/388/412
f 537/257/411 663/402/411 665/394/411 541/257/411
f 518/257/410 655/394/410 661/394/410 533/257/410
f 506/383/450 653/341/450 659/396/450 528/398/450
f 514/381/451 652/382/451 658/382/451 523/381/451
f 523/381/452 658/382/452 656/395/452 521/381/452
f 528/398/453 659/396/453 657/393/453 516/383/453
f 223/390/454 655/394/454 656/395/454 519/282/454
f 520/340/455 517/380/455 654/391/455 657/393/455
f 224/388/391 654/391/391 660/392/391 530/388/391
f 309/381/176 650/382/176 652/382/176 514/381/176
f 313/340/26 651/339/26 643/348/26 496/72/26
f 310/282/26 650/382/26 642/255/26 501/229/26
f 62/194/322 625/276/322 647/367/322 414/194/322
f 154/283/309 624/284/309 646/191/309 413/283/309
f 412/192/456 424/364/456 649/234/456 646/191/456
f 417/55/457 414/194/457 647/367/457 648/214/457
f 61/56/458 352/55/458 644/214/458 638/233/458
f 68/71/26 496/72/26 643/348/26 639/71/26
f 503/383/246 651/339/246 653/341/246 506/383/246
f 203/194/459 628/273/459 641/274/459 252/280/459
f 240/192/460 64/192/460 624/284/460 640/190/460
f 252/280/173 641/274/173 625/276/173 62/194/173
f 212/192/162 635/216/162 634/192/162 219/192/162
f 201/269/461 202/212/461 633/213/461 634/269/461
f 207/192/462 200/192/462 635/216/462 629/189/462
f 206/194/463 628/273/463 630/267/463 210/194/463
f 220/235/464 217/194/464 632/268/464 631/236/464
f 210/194/159 630/267/159 632/268/159 217/194/159
f 501/229/123 642/255/123 636/232/123 152/81/123
f 153/68/115 626/99/115 631/236/115 216/68/115
f 351/364/124 645/86/124 649/234/124 424/364/124
f 65/69/26 61/56/26 638/233/26 636/232/26
f 372/239/117 644/214/117 648/214/117 421/239/117
f 44/212/116 627/212/116 633/213/116 202/212/116
f 199/192/465 240/192/465 640/190/465 629/189/465
f 579/67/443 155/235/443 626/99/443 677/98/443
f 351/364/466 63/19/466 637/19/466 645/86/466
f 63/12/26 68/71/26 639/71/26 637/12/26
f 759/408/467 758/409/467 745/296/467 744/296/467
f 756/410/468 1101/411/468 740/74/468 739/295/468
f 835/412/467 818/296/467 785/296/467 786/296/467
f 750/413/469 748/363/469 743/295/469 755/414/469
f 234/74/470 317/73/470 1098/73/470 1097/74/470
f 374/295/471 234/74/471 1097/74/471 680/295/471
f 383/296/472 444/296/472 686/296/472 685/296/472
f 382/337/473 312/121/473 1095/121/473 687/337/473
f 375/363/474 447/363/474 689/363/474 682/363/474
f 312/121/475 233/301/475 1096/301/475 1095/121/475
f 233/301/476 375/363/476 682/363/476 1096/301/476
f 317/73/477 383/296/477 685/296/477 1098/73/477
f 696/345/478 701/378/478 716/378/478 711/345/478
f 702/344/479 696/345/479 711/345/479 717/344/479
f 698/379/480 703/240/480 718/240/480 713/379/480
f 690/76/481 704/77/481 719/77/481 705/76/481
f 695/78/482 700/79/482 715/79/482 710/78/482
f 699/338/483 695/78/483 710/78/483 714/338/483
f 703/240/484 697/241/484 712/241/484 718/240/484
f 704/77/485 694/303/485 709/303/485 719/77/485
f 490/79/486 489/379/486 698/379/486 700/79/486
f 488/241/373 598/344/373 702/344/373 697/241/373
f 485/303/437 597/338/437 699/338/437 694/303/437
f 493/77/487 485/303/487 694/303/487 704/77/487
f 733/415/488 732/345/488 721/345/488 725/344/488
f 705/76/489 719/77/489 709/303/489 706/416/489
f 707/417/490 714/338/490 710/78/490 708/418/490
f 731/419/491 728/240/491 726/240/491 723/379/491
f 730/417/492 727/418/492 720/418/492 691/417/492
f 708/418/493 710/78/493 715/79/493 713/379/493
f 728/240/494 729/241/494 722/241/494 726/240/494
f 706/416/495 709/303/495 714/338/495 707/417/495
f 701/378/496 690/76/496 705/76/496 716/378/496
f 700/79/497 698/379/497 713/379/497 715/79/497
f 697/241/479 702/344/479 717/344/479 712/241/479
f 694/303/483 699/338/483 714/338/483 709/303/483
f 724/378/498 693/76/498 692/416/498 721/345/498
f 725/344/499 691/417/499 720/418/499 722/241/499
f 722/241/500 720/418/500 723/379/500 726/240/500
f 721/345/501 692/416/501 691/417/501 725/344/501
f 732/345/502 734/420/502 724/378/502 721/345/502
f 734/420/503 735/76/503 693/76/503 724/378/503
f 727/418/504 731/419/504 723/379/504 720/418/504
f 729/241/505 733/415/505 725/344/505 722/241/505
f 735/76/506 736/416/506 692/416/506 693/76/506
f 736/416/507 730/417/507 691/417/507 692/416/507
f 706/416/508 707/417/508 730/417/508 736/416/508
f 705/76/509 706/416/509 736/416/509 735/76/509
f 712/241/510 717/344/510 733/415/510 729/241/510
f 708/418/511 713/379/511 731/419/511 727/418/511
f 716/378/512 705/76/512 735/76/512 734/420/512
f 711/345/513 716/378/513 734/420/513 732/345/513
f 718/240/514 712/241/514 729/241/514 728/240/514
f 707/417/515 708/418/515 727/418/515 730/417/515
f 713/379/516 718/240/516 728/240/516 731/419/516
f 717/344/510 711/345/510 732/345/510 733/415/510
f 746/337/517 737/121/517 822/121/517 830/337/517
f 738/301/518 741/363/518 825/363/518 762/301/518
f 747/337/517 746/337/517 830/337/517 771/337/517
f 744/296/467 745/296/467 829/296/467 828/296/467
f 749/421/517 751/421/517 746/337/517 747/337/517
f 1099/422/518 752/363/518 741/363/518 738/301/518
f 751/421/517 1100/423/517 737/121/517 746/337/517
f 752/363/519 750/413/519 755/414/519 756/410/519
f 936/73/467 932/73/467 776/73/467 779/73/467
f 817/414/520 816/295/520 787/295/520 793/414/520
f 935/74/521 931/424/521 777/411/521 775/74/521
f 1102/73/467 759/408/467 744/296/467 742/73/467
f 902/425/522 903/426/522 753/427/522 754/428/522
f 682/363/518 689/363/518 750/413/518 752/363/518
f 687/337/523 1095/121/523 1100/423/523 751/421/523
f 1096/301/518 682/363/518 752/363/518 1099/422/518
f 688/337/524 687/337/524 751/421/524 749/421/524
f 689/363/525 688/337/525 749/421/525 750/413/525
f 1098/73/526 685/296/526 759/408/526 1102/73/526
f 686/296/527 684/295/527 755/414/527 758/409/527
f 907/429/528 912/430/528 760/431/528 757/432/528
f 684/295/468 680/295/468 756/410/468 755/414/468
f 680/295/468 1097/74/468 1101/411/468 756/410/468
f 685/296/529 686/296/529 758/409/529 759/408/529
f 807/433/530 831/434/530 844/434/530 857/433/530
f 770/435/531 761/436/531 841/436/531 847/435/531
f 797/437/532 801/438/532 854/438/532 853/437/532
f 819/439/533 815/440/533 860/440/533 855/439/533
f 741/363/518 748/363/518 772/363/518 825/363/518
f 925/121/517 926/441/517 778/423/517 773/121/517
f 816/295/520 840/442/520 794/295/520 787/295/520
f 928/121/517 925/121/517 773/121/517 781/121/517
f 742/73/467 744/296/467 828/296/467 766/73/467
f 743/295/468 739/295/468 823/295/468 827/295/468
f 809/443/517 839/443/517 795/337/517 788/337/517
f 739/295/468 740/74/468 824/74/468 823/295/468
f 780/422/534 774/301/534 1084/301/534 1090/422/534
f 782/301/535 781/121/535 1091/121/535 1092/301/535
f 781/121/536 773/121/536 1083/121/536 1091/121/536
f 779/73/537 776/73/537 1086/73/537 1089/73/537
f 948/444/538 907/429/538 757/432/538 681/445/538
f 927/422/539 780/422/539 937/422/539 943/422/539
f 932/73/467 933/73/467 784/73/467 776/73/467
f 933/73/540 934/74/540 783/74/540 784/73/540
f 929/446/541 928/121/541 781/121/541 782/301/541
f 930/422/534 929/446/534 782/301/534 774/301/534
f 927/422/534 930/422/534 774/301/534 780/422/534
f 934/74/521 935/74/521 775/74/521 783/74/521
f 792/413/542 790/421/542 788/337/542 789/363/542
f 791/409/543 793/414/543 787/295/543 785/296/543
f 785/296/544 787/295/544 794/295/544 786/296/544
f 789/363/545 788/337/545 795/337/545 796/363/545
f 820/447/546 817/414/546 793/414/546 791/409/546
f 836/363/547 811/448/547 789/363/547 796/363/547
f 818/296/467 820/447/467 791/409/467 785/296/467
f 840/442/548 835/412/548 786/296/548 794/295/548
f 813/421/517 809/443/517 788/337/517 790/421/517
f 814/413/549 813/421/549 790/421/549 792/413/549
f 811/448/550 814/413/550 792/413/550 789/363/550
f 839/443/551 836/363/551 796/363/551 795/337/551
f 802/422/552 800/422/552 803/424/552 804/449/552
f 738/301/534 762/301/534 834/301/534 802/422/534
f 768/450/553 769/451/553 850/451/553 846/450/553
f 1100/423/554 1099/422/554 800/422/554 799/121/554
f 822/121/517 737/121/517 798/441/517 821/121/517
f 737/121/517 1100/423/517 799/121/517 798/441/517
f 824/74/521 740/74/521 804/449/521 838/74/521
f 833/452/555 812/453/555 856/453/555 852/452/555
f 742/73/467 766/73/467 837/454/467 805/455/467
f 1101/411/556 1102/73/556 806/73/556 803/424/556
f 738/301/557 802/422/557 804/449/557 740/74/557
f 1102/73/467 742/73/467 805/455/467 806/73/467
f 815/440/558 767/456/558 849/456/558 860/440/558
f 748/363/550 750/413/550 814/413/550 811/448/550
f 750/413/559 749/421/559 813/421/559 814/413/559
f 749/421/517 747/337/517 809/443/517 813/421/517
f 772/363/547 748/363/547 811/448/547 836/363/547
f 747/337/517 771/337/517 839/443/517 809/443/517
f 767/456/560 763/457/560 845/457/560 849/456/560
f 745/296/467 758/409/467 820/447/467 818/296/467
f 758/409/561 755/414/561 817/414/561 820/447/561
f 743/295/520 827/295/520 840/442/520 816/295/520
f 755/414/520 743/295/520 816/295/520 817/414/520
f 829/296/467 745/296/467 818/296/467 835/412/467
f 797/437/562 761/436/562 822/121/562 821/121/562
f 764/458/563 763/457/563 823/295/563 824/74/563
f 765/459/564 826/460/564 762/301/564 825/363/564
f 763/457/565 767/456/565 827/295/565 823/295/565
f 769/451/566 768/450/566 828/296/566 829/296/566
f 761/436/567 770/435/567 830/337/567 822/121/567
f 768/450/568 831/434/568 766/73/568 828/296/568
f 770/435/569 832/461/569 771/337/569 830/337/569
f 833/452/570 765/459/570 825/363/570 772/363/570
f 826/460/571 801/438/571 834/301/571 762/301/571
f 819/439/572 769/451/572 829/296/572 835/412/572
f 812/453/573 833/452/573 772/363/573 836/363/573
f 801/438/574 797/437/574 821/121/574 834/301/574
f 831/434/575 807/433/575 837/454/575 766/73/575
f 808/462/576 764/458/576 824/74/576 838/74/576
f 807/433/577 808/462/577 838/74/577 837/454/577
f 832/461/578 810/463/578 839/443/578 771/337/578
f 810/463/579 812/453/579 836/363/579 839/443/579
f 767/456/580 815/440/580 840/442/580 827/295/580
f 815/440/581 819/439/581 835/412/581 840/442/581
f 853/437/582 854/438/582 874/438/582 873/437/582
f 855/439/583 860/440/583 880/440/583 875/439/583
f 846/450/584 850/451/584 870/451/584 866/450/584
f 852/452/585 856/453/585 876/453/585 872/452/585
f 860/440/586 849/456/586 869/456/586 880/440/586
f 849/456/587 845/457/587 865/457/587 869/456/587
f 850/451/588 855/439/588 875/439/588 870/451/588
f 856/453/589 859/463/589 879/463/589 876/453/589
f 831/434/590 768/450/590 846/450/590 844/434/590
f 764/458/591 808/462/591 858/462/591 843/458/591
f 832/461/592 770/435/592 847/435/592 851/461/592
f 761/436/593 797/437/593 853/437/593 841/436/593
f 808/462/594 807/433/594 857/433/594 858/462/594
f 765/459/595 833/452/595 852/452/595 848/459/595
f 763/457/596 764/458/596 843/458/596 845/457/596
f 810/463/597 832/461/597 851/461/597 859/463/597
f 801/438/598 826/460/598 842/460/598 854/438/598
f 826/460/599 765/459/599 848/459/599 842/460/599
f 812/453/600 810/463/600 859/463/600 856/453/600
f 769/451/601 819/439/601 855/439/601 850/451/601
f 863/458/602 878/462/602 898/462/602 883/458/602
f 864/434/603 866/450/603 886/450/603 884/434/603
f 877/433/604 864/434/604 884/434/604 897/433/604
f 867/435/605 861/436/605 881/436/605 887/435/605
f 893/437/606 873/437/606 977/437/606 981/437/606
f 880/440/607 900/440/607 988/440/607 987/440/607
f 866/450/608 870/451/608 890/451/608 886/450/608
f 872/452/412 876/453/412 896/453/412 892/452/412
f 847/435/609 841/436/609 861/436/609 867/435/609
f 857/433/610 844/434/610 864/434/610 877/433/610
f 844/434/611 846/450/611 866/450/611 864/434/611
f 843/458/612 858/462/612 878/462/612 863/458/612
f 851/461/613 847/435/613 867/435/613 871/461/613
f 841/436/614 853/437/614 873/437/614 861/436/614
f 858/462/615 857/433/615 877/433/615 878/462/615
f 848/459/616 852/452/616 872/452/616 868/459/616
f 845/457/617 843/458/617 863/458/617 865/457/617
f 859/463/618 851/461/618 871/461/618 879/463/618
f 854/438/619 842/460/619 862/460/619 874/438/619
f 842/460/620 848/459/620 868/459/620 862/460/620
f 887/435/621 881/436/621 882/460/621 888/459/621
f 885/457/622 883/458/622 884/434/622 886/450/622
f 885/457/623 886/450/623 890/451/623 889/456/623
f 887/435/624 888/459/624 892/452/624 891/461/624
f 882/460/625 881/436/625 893/437/625 894/438/625
f 884/434/626 883/458/626 898/462/626 897/433/626
f 891/461/627 892/452/627 896/453/627 899/463/627
f 889/456/628 890/451/628 895/439/628 900/440/628
f 871/461/629 867/435/629 887/435/629 891/461/629
f 861/436/630 873/437/630 893/437/630 881/436/630
f 894/438/631 893/437/631 981/437/631 982/438/631
f 868/459/632 872/452/632 892/452/632 888/459/632
f 865/457/633 863/458/633 883/458/633 885/457/633
f 879/463/634 871/461/634 891/461/634 899/463/634
f 874/438/412 862/460/412 882/460/412 894/438/412
f 862/460/635 868/459/635 888/459/635 882/460/635
f 875/439/636 880/440/636 987/440/636 986/439/636
f 870/451/603 875/439/603 895/439/603 890/451/603
f 869/456/637 865/457/637 885/457/637 889/456/637
f 880/440/638 869/456/638 889/456/638 900/440/638
f 800/422/639 1099/422/639 1101/411/639 803/424/639
f 1099/422/640 738/301/640 740/74/640 1101/411/640
f 748/363/641 741/363/641 739/295/641 743/295/641
f 741/363/642 752/363/642 756/410/642 739/295/642
f 800/422/534 802/422/534 906/422/534 1103/422/534
f 802/422/534 834/301/534 905/464/534 906/422/534
f 834/301/643 821/121/643 904/121/643 905/464/643
f 799/121/644 800/422/644 1103/422/644 1104/121/644
f 821/121/517 798/441/517 901/121/517 904/121/517
f 798/441/517 799/121/517 1104/121/517 901/121/517
f 838/74/521 804/449/521 911/74/521 910/74/521
f 837/454/645 838/74/645 910/74/645 909/73/645
f 805/455/467 837/454/467 909/73/467 908/73/467
f 803/424/646 806/73/646 1105/73/646 1106/424/646
f 804/449/521 803/424/521 1106/424/521 911/74/521
f 806/73/467 805/455/467 908/73/467 1105/73/467
f 910/74/521 911/74/521 917/74/521 916/74/521
f 909/73/647 910/74/647 916/74/647 915/73/647
f 908/73/467 909/73/467 915/73/467 914/73/467
f 936/73/648 779/73/648 939/73/648 952/73/648
f 911/74/521 1106/424/521 913/465/521 917/74/521
f 1105/73/467 908/73/467 914/73/467 918/73/467
f 1103/422/534 906/422/534 924/466/534 921/422/534
f 906/422/534 905/464/534 923/464/534 924/466/534
f 905/464/649 904/121/649 922/121/649 923/464/649
f 926/441/650 927/422/650 943/422/650 941/441/650
f 904/121/517 901/121/517 919/467/517 922/121/517
f 901/121/517 1104/121/517 920/423/517 919/467/517
f 921/422/534 924/466/534 930/422/534 927/422/534
f 924/466/534 923/464/534 929/446/534 930/422/534
f 923/464/651 922/121/651 928/121/651 929/446/651
f 920/423/652 921/422/652 927/422/652 926/441/652
f 922/121/517 919/467/517 925/121/517 928/121/517
f 919/467/517 920/423/517 926/441/517 925/121/517
f 916/74/521 917/74/521 935/74/521 934/74/521
f 915/73/653 916/74/653 934/74/653 933/73/653
f 914/73/467 915/73/467 933/73/467 932/73/467
f 913/465/654 918/73/654 936/73/654 931/424/654
f 917/74/521 913/465/521 931/424/521 935/74/521
f 918/73/467 914/73/467 932/73/467 936/73/467
f 967/422/639 960/422/639 964/424/639 965/465/639
f 942/424/655 952/73/655 968/73/655 958/424/655
f 937/422/656 938/423/656 954/423/656 953/422/656
f 1110/424/657 1109/73/657 963/73/657 964/424/657
f 920/423/658 1104/121/658 1108/121/658 950/423/658
f 780/422/659 778/423/659 938/423/659 937/422/659
f 921/422/660 920/423/660 950/423/660 951/422/660
f 778/423/661 926/441/661 941/441/661 938/423/661
f 1103/422/662 921/422/662 951/422/662 1107/422/662
f 779/73/663 777/411/663 940/411/663 939/73/663
f 945/468/664 902/425/664 754/428/664 678/469/664
f 913/465/665 1106/424/665 1110/424/665 949/465/665
f 777/411/666 931/424/666 942/424/666 940/411/666
f 1105/73/667 918/73/667 946/73/667 1109/73/667
f 931/424/668 936/73/668 952/73/668 942/424/668
f 918/73/663 913/465/663 949/465/663 946/73/663
f 957/441/669 959/422/669 953/422/669 954/423/669
f 958/424/670 968/73/670 955/73/670 956/411/670
f 964/424/671 963/73/671 962/73/671 965/465/671
f 961/121/672 960/422/672 967/422/672 966/423/672
f 939/73/673 940/411/673 956/411/673 955/73/673
f 946/73/674 949/465/674 965/465/674 962/73/674
f 938/423/675 941/441/675 957/441/675 954/423/675
f 950/423/676 1108/121/676 961/121/676 966/423/676
f 953/422/639 959/422/639 958/424/639 956/411/639
f 951/422/677 967/422/677 965/465/677 949/465/677
f 937/422/677 953/422/677 956/411/677 940/411/677
f 951/422/678 950/423/678 966/423/678 967/422/678
f 1108/121/679 1107/422/679 960/422/679 961/121/679
f 941/441/680 943/422/680 959/422/680 957/441/680
f 1109/73/681 946/73/681 962/73/681 963/73/681
f 952/73/682 939/73/682 955/73/682 968/73/682
f 959/422/683 943/422/683 942/424/683 958/424/683
f 943/422/684 937/422/684 940/411/684 942/424/684
f 960/422/683 1107/422/683 1110/424/683 964/424/683
f 1107/422/684 951/422/684 949/465/684 1110/424/684
f 969/470/685 970/471/685 994/471/685 993/470/685
f 974/472/686 973/472/686 997/472/686 998/472/686
f 876/453/687 879/463/687 991/463/687 989/453/687
f 900/440/688 895/439/688 985/439/688 988/440/688
f 899/463/689 896/453/689 990/453/689 992/463/689
f 879/463/607 899/463/607 992/463/607 991/463/607
f 895/439/690 875/439/690 986/439/690 985/439/690
f 896/453/690 876/453/690 989/453/690 990/453/690
f 977/437/691 978/438/691 982/438/691 981/437/691
f 979/462/692 980/433/692 984/433/692 983/462/692
f 878/462/693 877/433/693 980/433/693 979/462/693
f 898/462/606 878/462/606 979/462/606 983/462/606
f 897/433/694 898/462/694 983/462/694 984/433/694
f 874/438/695 894/438/695 982/438/695 978/438/695
f 873/437/696 874/438/696 978/438/696 977/437/696
f 877/433/695 897/433/695 984/433/695 980/433/695
f 970/471/697 969/470/697 985/439/697 986/439/697
f 972/473/697 971/474/697 987/440/697 988/440/697
f 973/472/697 974/472/697 990/453/697 989/453/697
f 975/475/697 973/472/697 989/453/697 991/463/697
f 971/474/697 970/471/697 986/439/697 987/440/697
f 974/472/697 976/476/697 992/463/697 990/453/697
f 969/470/697 972/473/697 988/440/697 985/439/697
f 976/476/697 975/475/697 991/463/697 992/463/697
f 994/471/698 995/474/698 1003/474/698 1002/471/698
f 1022/473/414 1021/470/414 1011/470/414 1012/473/414
f 975/475/699 976/476/699 1000/476/699 999/475/699
f 976/476/641 974/472/641 998/472/641 1000/476/641
f 973/472/700 975/475/700 999/475/700 997/472/700
f 971/474/701 972/473/701 996/473/701 995/474/701
f 972/473/702 969/470/702 993/470/702 996/473/702
f 970/471/703 971/474/703 995/474/703 994/471/703
f 1002/471/704 1003/474/704 1004/473/704 1001/470/704
f 1005/472/705 1007/475/705 1008/476/705 1006/472/705
f 998/472/690 997/472/690 1005/472/690 1006/472/690
f 993/470/706 994/471/706 1002/471/706 1001/470/706
f 999/475/707 1000/476/707 1008/476/707 1007/475/707
f 1018/477/708 1017/477/708 1010/476/708 1014/476/708
f 997/472/709 999/475/709 1007/475/709 1005/472/709
f 995/474/607 996/473/607 1004/473/607 1003/474/607
f 1012/473/710 1011/470/710 1015/470/710 1016/473/710
f 1010/476/711 1009/472/711 1013/472/711 1014/476/711
f 1021/470/712 1023/470/712 1015/470/712 1011/470/712
f 1023/470/713 1024/478/713 1016/473/713 1015/470/713
f 1020/472/712 1019/472/712 1013/472/712 1009/472/712
f 1017/477/414 1020/472/414 1009/472/414 1010/476/414
f 1024/478/708 1022/473/708 1012/473/708 1016/473/708
f 1019/472/713 1018/477/713 1014/476/713 1013/472/713
f 1006/472/697 1008/476/697 1018/477/697 1019/472/697
f 1000/476/414 998/472/414 1020/472/414 1017/477/414
f 998/472/712 1006/472/712 1019/472/712 1020/472/712
f 1008/476/708 1000/476/708 1017/477/708 1018/477/708
f 1004/473/708 996/473/708 1022/473/708 1024/478/708
f 1001/470/697 1004/473/697 1024/478/697 1023/470/697
f 993/470/712 1001/470/712 1023/470/712 1021/470/712
f 996/473/414 993/470/414 1021/470/414 1022/473/414
f 1073/479/714 1036/313/714 1035/304/714 1058/480/714
f 1074/481/715 1029/312/715 1036/313/715 1073/479/715
f 1072/307/716 1030/104/716 1029/312/716 1074/481/716
f 1061/482/717 1062/483/717 1044/484/717 1042/485/717
f 1081/486/718 1045/487/718 1046/227/718 1063/249/718
f 1066/488/719 1051/489/719 1057/490/719 1059/491/719
f 1067/492/717 1050/493/717 1051/489/717 1066/488/717
f 1065/494/720 1052/168/720 1050/493/720 1067/492/720
f 1076/495/721 1054/305/721 1032/266/721 1031/316/721
f 1077/496/722 1049/497/722 1048/218/722 1047/318/722
f 1064/498/719 1057/490/719 1051/489/719 1061/482/719
f 1062/483/720 1060/129/720 1040/96/720 1044/484/720
f 1025/499/723 1070/500/723 1068/222/723 1026/221/723
f 1028/29/724 1027/501/724 1038/502/724 1033/503/724
f 1033/503/725 1038/502/725 1037/504/725 1034/505/725
f 1034/505/726 1037/504/726 1069/506/726 1055/507/726
f 1078/508/727 1076/495/727 1031/316/727 1071/317/727
f 1039/306/728 1072/307/728 1074/481/728 1043/509/728
f 1043/509/729 1074/481/729 1073/479/729 1041/510/729
f 1041/510/730 1073/479/730 1058/480/730 1075/511/730
f 1070/500/731 1077/496/731 1047/318/731 1068/222/731
f 1027/501/732 1065/494/732 1067/492/732 1038/502/732
f 1038/502/733 1067/492/733 1066/488/733 1037/504/733
f 1037/504/734 1066/488/734 1059/491/734 1069/506/734
f 1042/485/719 1041/510/719 1075/511/719 1056/512/719
f 1044/484/717 1043/509/717 1041/510/717 1042/485/717
f 1040/96/720 1039/306/720 1043/509/720 1044/484/720
f 1045/487/718 1078/508/718 1071/317/718 1046/227/718
f 1025/499/719 1026/221/719 1080/221/719 1079/499/719
f 1056/512/719 1075/511/719 1078/508/719 1045/487/719
f 1069/506/735 1059/491/735 1077/496/735 1070/500/735
f 1075/511/736 1058/480/736 1076/495/736 1078/508/736
f 1055/507/737 1069/506/737 1070/500/737 1025/499/737
f 1059/491/719 1057/490/719 1049/497/719 1077/496/719
f 1058/480/738 1035/304/738 1054/305/738 1076/495/738
f 1064/498/719 1056/512/719 1045/487/719 1081/486/719
f 1032/266/719 1054/305/719 1053/305/719 1082/266/719
f 1057/490/719 1064/498/719 1081/486/719 1049/497/719
f 1050/493/720 1052/168/720 1060/129/720 1062/483/720
f 1056/512/719 1064/498/719 1061/482/719 1042/485/719
f 1049/497/722 1081/486/722 1063/249/722 1048/218/722
f 1051/489/717 1050/493/717 1062/483/717 1061/482/717
f 1087/411/739 1089/73/739 1086/73/739 1085/74/739
f 1088/423/740 1090/422/740 1084/301/740 1083/121/740
f 1085/74/741 1086/73/741 1094/73/741 1093/74/741
f 1083/121/742 1084/301/742 1092/301/742 1091/121/742
f 776/73/743 784/73/743 1094/73/743 1086/73/743
f 775/74/744 777/411/744 1087/411/744 1085/74/744
f 784/73/745 783/74/745 1093/74/745 1094/73/745
f 778/423/746 780/422/746 1090/422/746 1088/423/746
f 783/74/744 775/74/744 1085/74/744 1093/74/744
f 773/121/747 778/423/747 1088/423/747 1083/121/747
f 774/301/534 782/301/534 1092/301/534 1084/301/534
f 777/411/748 779/73/748 1089/73/748 1087/411/748
f 679/513/749 678/469/749 1095/121/749 1096/301/749
f 683/514/750 681/445/750 1097/74/750 1098/73/750
f 753/427/751 679/513/751 1096/301/751 1099/422/751
f 678/469/752 754/428/752 1100/423/752 1095/121/752
f 754/428/753 753/427/753 1099/422/753 1100/423/753
f 681/445/754 757/432/754 1101/411/754 1097/74/754
f 760/431/755 683/514/755 1098/73/755 1102/73/755
f 757/432/756 760/431/756 1102/73/756 1101/411/756
f 903/426/757 902/425/757 1104/121/757 1103/422/757
f 912/430/758 907/429/758 1106/424/758 1105/73/758
f 945/468/759 944/515/759 1107/422/759 1108/121/759
f 948/444/760 947/516/760 1109/73/760 1110/424/760
f 947/516/758 912/430/758 1105/73/758 1109/73/758
f 907/429/761 948/444/761 1110/424/761 1106/424/761
f 902/425/762 945/468/762 1108/121/762 1104/121/762
f 944/515/763 903/426/763 1103/422/763 1107/422/763
f 903/426/764 944/515/764 679/513/764 753/427/764
f 944/515/765 945/468/765 678/469/765 679/513/765
f 912/430/766 947/516/766 683/514/766 760/431/766
f 947/516/767 948/444/767 681/445/767 683/514/767
f 71/69/768 70/69/768 1111/69/768 1114/374/768
f 458/114/769 71/69/769 1114/374/769 1113/119/769
f 70/69/770 460/122/770 1112/118/770 1111/69/770
f 460/122/771 458/114/771 1113/119/771 1112/118/771
f 69/71/772 72/71/772 1115/9/772 1118/71/772
f 467/52/773 69/71/773 1118/71/773 1117/353/773
f 72/71/774 468/113/774 1116/352/774 1115/9/774
f 468/113/775 467/52/775 1117/353/775 1116/352/775
o BL
v -0.394740 0.377741 1.385842
v -0.523260 0.377741 1.385842
v -0.394740 0.270641 1.357145
v -0.523260 0.270641 1.357145
v -0.394740 0.192238 1.278742
v -0.523260 0.192238 1.278742
v -0.394740 0.163541 1.171642
v -0.523260 0.163541 1.171642
v -0.394740 0.192238 1.064542
v -0.523260 0.192238 1.064542
v -0.394740 0.270641 0.986139
v -0.523260 0.270641 0.986139
v -0.394740 0.377741 0.957442
v -0.523260 0.377741 0.957442
v -0.394740 0.484841 0.986139
v -0.523260 0.484841 0.986139
v -0.394740 0.563244 1.064542
v -0.523260 0.563244 1.064542
v -0.394740 0.591941 1.171642
v -0.523260 0.591941 1.171642
v -0.394740 0.563244 1.278742
v -0.523260 0.563244 1.278742
v -0.394740 0.484841 1.357145
v -0.523260 0.484841 1.357145
v -0.394740 0.377741 1.547935
v -0.394740 0.189595 1.497521
v -0.523260 0.189595 1.497521
v -0.523260 0.377741 1.547935
v -0.394740 0.051862 1.359788
v -0.523260 0.051862 1.359788
v -0.394740 0.001448 1.171642
v -0.523260 0.001448 1.171642
v -0.394740 0.051862 0.983496
v -0.523260 0.051862 0.983496
v -0.394740 0.189595 0.845763
v -0.523260 0.189595 0.845763
v -0.394740 0.377741 0.795349
v -0.523260 0.377741 0.795349
v -0.394740 0.565887 0.845763
v -0.523260 0.565887 0.845763
v -0.394740 0.703620 0.983496
v -0.523260 0.703620 0.983496
v -0.394740 0.754034 1.171642
v -0.523260 0.754034 1.171642
v -0.394740 0.703620 1.359788
v -0.523260 0.703620 1.359788
v -0.394740 0.565887 1.497521
v -0.523260 0.565887 1.497521
v -0.340259 0.377741 1.414924
v -0.340259 0.256100 1.382331
v -0.577741 0.256100 1.382331
v -0.577741 0.377741 1.414924
v -0.345833 0.072876 0.995628
v -0.340259 0.167052 1.050001
v -0.340259 0.134458 1.171642
v -0.345833 0.025713 1.171642
v -0.340259 0.167052 1.293283
v -0.577741 0.167052 1.293283
v -0.572167 0.682606 1.347656
v -0.577741 0.588430 1.293283
v -0.577741 0.134459 1.171642
v -0.577741 0.499382 1.382331
v -0.572167 0.553755 1.476507
v -0.577741 0.167052 1.050001
v -0.572167 0.201727 0.866777
v -0.577741 0.256100 0.960953
v -0.340259 0.256100 0.960953
v -0.577741 0.377741 0.928360
v -0.572167 0.377741 0.819614
v -0.340259 0.377741 0.928360
v -0.345833 0.553755 1.476507
v -0.340259 0.499382 1.382331
v -0.340259 0.499382 0.960953
v -0.577741 0.499382 0.960953
v -0.340259 0.588430 1.293283
v -0.345833 0.682606 1.347656
v -0.340259 0.588430 1.050001
v -0.577741 0.588430 1.050001
v -0.345833 0.377741 0.819614
v -0.340259 0.621023 1.171642
v -0.577741 0.621023 1.171642
v -0.345833 0.201727 0.866777
v -0.572167 0.377741 1.523670
v -0.572167 0.201727 1.476507
v -0.345833 0.377741 1.523670
v -0.345833 0.201727 1.476507
v -0.345833 0.072876 1.347656
v -0.572167 0.072876 1.347656
v -0.572167 0.025713 1.171642
v -0.572167 0.072876 0.995628
v -0.345833 0.553755 0.866777
v -0.572167 0.553755 0.866777
v -0.345833 0.682606 0.995628
v -0.572167 0.682606 0.995628
v -0.345833 0.729769 1.171642
v -0.572167 0.729769 1.171642
v -0.598428 0.635518 1.320470
v -0.598428 0.526569 1.429419
v -0.598428 0.228913 0.913865
v -0.598428 0.377741 0.873987
v -0.598428 0.377741 1.469297
v -0.598428 0.228913 1.429419
v -0.598428 0.119964 1.022814
v -0.598428 0.080086 1.171642
v -0.598428 0.675396 1.171642
v -0.598428 0.635518 1.022814
v -0.598428 0.119964 1.320470
v -0.598428 0.526569 0.913865
v -0.319573 0.119964 1.022814
v -0.319573 0.080086 1.171642
v -0.319573 0.526568 1.429419
v -0.319573 0.635518 1.320470
v -0.319573 0.377741 0.873987
v -0.319573 0.228913 0.913865
v -0.319572 0.635518 1.022814
v -0.319572 0.675396 1.171642
v -0.319573 0.228913 1.429419
v -0.319573 0.119964 1.320470
v -0.319573 0.526568 0.913865
v -0.319573 0.377741 1.469297
vn 0.4583 -0.8585 -0.2300
vn 0.4583 0.6285 0.6285
vn -0.4583 -0.8585 0.2300
vn -0.4583 0.8585 0.2300
vn 0.4583 -0.2300 -0.8585
vn 0.4583 -0.2300 0.8585
vn -0.4583 -0.6285 -0.6285
vn -0.4583 0.2300 0.8585
vn 0.4583 0.6285 -0.6285
vn 0.4583 -0.8585 0.2300
vn -1.0000 -0.0000 -0.0000
vn 0.4583 0.8585 0.2300
vn -0.4583 0.2300 -0.8585
vn 1.0000 -0.0000 -0.0000
vn 0.4583 0.8585 -0.2300
vn 0.4322 -0.8711 -0.2334
vn -0.4583 0.6285 -0.6285
vn -0.4322 0.6377 -0.6377
vn 0.4322 0.6377 -0.6377
vn -0.4322 0.2334 0.8711
vn -0.4322 -0.8711 0.2334
vn 0.4583 -0.6285 -0.6285
vn -0.4583 -0.2300 0.8585
vn -0.4583 -0.2300 -0.8585
vn 0.4583 -0.6285 0.6285
vn -0.4583 0.6285 0.6285
vn -0.4583 -0.8585 -0.2300
vn 0.4583 0.2300 0.8585
vn -0.4583 0.8585 -0.2300
vn -0.4583 -0.6285 0.6285
vn -0.0000 -0.2588 0.9659
vn -0.0000 -0.7071 0.7071
vn -0.0000 -0.9659 0.2588
vn -0.0000 -0.9659 -0.2588
vn -0.0000 -0.7071 -0.7071
vn -0.0000 -0.2588 -0.9659
vn -0.0000 0.2588 -0.9659
vn -0.0000 0.7071 -0.7071
vn -0.0000 0.9659 -0.2588
vn -0.0000 0.9659 0.2588
vn -0.0000 0.7071 0.7071
vn -0.0000 0.2588 0.9659
vn 0.4322 0.2334 0.8711
vn 0.4322 -0.8711 0.2334
vn -0.4322 0.2334 -0.8711
vn 0.4322 0.2334 -0.8711
vn -0.4322 0.6377 0.6377
vn -0.4322 -0.6377 0.6377
vn 0.8944 0.1157 0.4320
vn 0.8944 0.1157 -0.4320
vn 0.8944 -0.3162 0.3162
vn -0.8944 0.4320 -0.1157
vn -0.8944 -0.4320 -0.1157
vn 0.8944 0.4320 -0.1157
vn 0.8944 -0.4320 -0.1157
vn -0.8944 0.3162 0.3162
vn -0.8944 -0.1157 -0.4320
vn 0.8944 0.3162 0.3162
vn 0.8944 -0.1157 -0.4320
vn -0.8944 -0.1157 0.4320
vn -0.8944 -0.3162 0.3162
vn -0.8944 0.1157 -0.4320
vn -0.8944 0.1157 0.4320
vn 0.8944 -0.3162 -0.3162
vn 0.8944 0.4320 0.1157
vn -0.8944 -0.3162 -0.3162
vn -0.8944 0.4320 0.1157
vn 0.8944 -0.4320 0.1157
vn 0.8944 0.3162 -0.3162
vn 0.8944 -0.1157 0.4320
vn -0.8944 -0.4320 0.1157
vn -0.8944 0.3162 -0.3162
vn -0.4322 -0.8711 -0.2334
vn 0.4322 0.8711 -0.2334
vn -0.4322 0.8711 -0.2334
vn 0.4322 -0.6377 -0.6377
vn 0.4322 -0.2334 0.8711
vn -0.4322 -0.6377 -0.6377
vn -0.4322 -0.2334 0.8711
vn 0.4322 0.8711 0.2334
vn -0.4322 0.8711 0.2334
vn 0.4322 -0.2334 -0.8711
vn -0.4322 -0.2334 -0.8711
vn 0.4322 -0.6377 0.6377
vn 0.4322 0.6377 0.6377
vn -0.9304 -0.2591 0.2591
vn -0.9304 0.3540 -0.0949
vn -0.9304 -0.3540 -0.0949
vn -0.9304 0.2591 0.2591
vn -0.9304 -0.0949 -0.3540
vn -0.9304 -0.0949 0.3540
vn -0.9304 0.2591 -0.2591
vn -0.9304 0.0949 -0.3540
vn -0.9304 0.0949 0.3540
vn -0.9304 -0.2591 -0.2591
vn -0.9304 0.3540 0.0949
vn -0.9304 -0.3540 0.0949
vn 0.9304 0.0949 -0.3540
vn 0.9304 -0.2591 0.2591
vn 0.9304 0.3540 -0.0949
vn 0.9304 -0.3540 -0.0949
vn 0.9304 0.2591 0.2591
vn 0.9304 0.0949 0.3540
vn 0.9304 -0.2591 -0.2591
vn 0.9304 0.3540 0.0949
vn 0.9304 -0.3540 0.0949
vn 0.9304 0.2591 -0.2591
vn 0.9304 -0.0949 0.3540
vn 0.9304 -0.0949 -0.3540
vn 0.4583 0.2300 -0.8585
vt 0.510000 0.250000
vt 0.542154 0.370000
vt 0.957846 0.130000
vt 0.870000 0.042154
vt 0.010000 0.250000
vt 0.042154 0.130000
vt 0.457846 0.130000
vt 0.490000 0.250000
vt 0.630000 0.457846
vt 0.750000 0.490000
vt 0.750000 0.010000
vt 0.630000 0.042154
vt 0.130000 0.457846
vt 0.042154 0.370000
vt 0.250000 0.010000
vt 0.370000 0.042154
vt 0.957846 0.370000
vt 0.870000 0.457846
vt 0.542154 0.130000
vt 0.370000 0.457846
vt 0.250000 0.490000
vt 0.130000 0.042154
vt 0.457846 0.370000
vt 0.990000 0.250000
vt 0.750000 0.500000
vt 0.666667 0.500000
vt 0.333333 1.000000
vt 0.416667 1.000000
vt 0.416667 0.500000
vt 0.333333 0.500000
vt 0.000000 1.000000
vt 0.083333 1.000000
vt 0.750000 1.000000
vt 0.833333 1.000000
vt 1.000000 0.500000
vt 1.000000 1.000000
vt 0.916667 1.000000
vt 0.916667 0.500000
vt 0.833333 0.500000
vt 0.666667 1.000000
vt 0.583333 1.000000
vt 0.583333 0.500000
vt 0.500000 1.000000
vt 0.500000 0.500000
vt 0.250000 1.000000
vt 0.250000 0.500000
vt 0.166667 1.000000
vt 0.166667 0.500000
vt 0.083333 0.500000
vt 0.000000 0.500000
vt 0.750000 0.490000
vt 0.630000 0.457846
vt 0.957846 0.370000
vt 0.870000 0.457846
vt 0.010000 0.250000
vt 0.510000 0.250000
vt 0.542154 0.130000
vt 0.957846 0.130000
vt 0.042154 0.370000
vt 0.130000 0.457846
vt 0.370000 0.042154
vt 0.250000 0.010000
vt 0.542154 0.370000
vt 0.870000 0.042154
vt 0.370000 0.457846
vt 0.130000 0.042154
s 0
f 1198/517/776 1193/518/776 1139/518/776 1137/517/776
f 1127/519/777 1172/519/777 1185/520/777 1129/520/777
f 1138/521/778 1199/521/778 1196/522/778 1136/522/778
f 1182/523/779 1179/524/779 1126/524/779 1128/523/779
f 1141/525/780 1190/525/780 1167/526/780 1119/526/780
f 1131/527/781 1188/527/781 1191/528/781 1133/528/781
f 1142/529/782 1180/529/782 1178/530/782 1140/530/782
f 1132/531/783 1186/531/783 1184/532/783 1130/532/783
f 1123/533/784 1121/534/784 1168/534/784 1175/533/784
f 1135/535/785 1195/535/785 1198/517/785 1137/517/785
f 1122/536/786 1120/537/786 1142/529/786 1140/530/786 1138/521/786 1136/522/786 1134/538/786 1132/531/786 1130/532/786 1128/523/786 1126/524/786 1124/539/786
f 1125/540/787 1173/540/787 1172/519/787 1127/519/787
f 1122/536/788 1169/536/788 1170/537/788 1120/537/788
f 1119/526/789 1121/534/789 1123/533/789 1125/540/789 1127/519/789 1129/520/789 1131/527/789 1133/528/789 1135/535/789 1137/517/789 1139/518/789 1141/525/789
f 1123/533/790 1175/533/790 1173/540/790 1125/540/790
f 1149/541/791 1151/542/791 1171/542/791 1174/541/791
f 1122/536/792 1124/539/792 1176/539/792 1169/536/792
f 1160/543/793 1158/544/793 1210/544/793 1212/543/793
f 1157/545/794 1159/546/794 1211/546/794 1209/545/794
f 1146/547/795 1166/548/795 1181/548/795 1201/547/795
f 1150/549/796 1148/550/796 1206/550/796 1207/549/796
f 1139/518/797 1193/518/797 1190/525/797 1141/525/797
f 1134/538/798 1192/538/798 1186/531/798 1132/531/798
f 1120/537/799 1170/537/799 1180/529/799 1142/529/799
f 1133/528/800 1191/528/800 1195/535/800 1135/535/800
f 1184/532/801 1182/523/801 1128/523/801 1130/532/801
f 1138/521/802 1140/530/802 1178/530/802 1199/521/802
f 1129/520/803 1185/520/803 1188/527/803 1131/527/803
f 1126/524/804 1179/524/804 1176/539/804 1124/539/804
f 1136/522/805 1196/522/805 1192/538/805 1134/538/805
f 1143/551/806 1146/552/806 1145/553/806 1144/554/806
f 1144/554/807 1145/553/807 1148/550/807 1147/555/807
f 1147/555/808 1148/550/808 1150/549/808 1149/541/808
f 1149/541/809 1150/549/809 1152/556/809 1151/542/809
f 1151/542/810 1152/556/810 1154/557/810 1153/558/810
f 1153/558/811 1154/557/811 1156/559/811 1155/560/811
f 1155/560/812 1156/559/812 1158/544/812 1157/545/812
f 1157/545/813 1158/544/813 1160/543/813 1159/546/813
f 1159/546/814 1160/543/814 1162/561/814 1161/562/814
f 1161/562/815 1162/561/815 1164/563/815 1163/564/815
f 1163/564/816 1164/563/816 1166/548/816 1165/565/816
f 1165/565/817 1166/548/817 1146/547/817 1143/566/817
f 1165/565/818 1143/566/818 1203/566/818 1189/565/818
f 1147/555/819 1149/541/819 1174/541/819 1205/555/819
f 1158/544/820 1156/559/820 1187/559/820 1210/544/820
f 1155/560/821 1157/545/821 1209/545/821 1197/560/821
f 1166/548/822 1164/563/822 1177/563/822 1181/548/822
f 1148/550/823 1145/553/823 1202/553/823 1206/550/823
f 1238/567/824 1229/568/824 1189/525/824 1203/526/824
f 1237/528/825 1231/527/825 1197/527/825 1209/528/825
f 1236/569/826 1235/570/826 1204/534/826 1205/533/826
f 1224/522/827 1223/571/827 1214/521/827 1212/522/827
f 1222/524/828 1221/523/828 1208/523/828 1207/524/828
f 1234/572/829 1233/573/829 1211/535/829 1213/517/829
f 1227/574/830 1228/540/830 1174/540/830 1171/519/830
f 1215/575/831 1216/576/831 1181/529/831 1177/530/831
f 1217/577/832 1218/578/832 1187/531/832 1183/532/832
f 1229/568/833 1230/579/833 1194/518/833 1189/525/833
f 1231/527/834 1232/580/834 1200/520/834 1197/527/834
f 1219/537/835 1220/581/835 1202/536/835 1201/537/835
f 1220/581/836 1225/539/836 1206/539/836 1202/536/836
f 1218/578/837 1226/582/837 1210/538/837 1187/531/837
f 1216/576/838 1219/537/838 1201/537/838 1181/529/838
f 1232/580/839 1227/574/839 1171/519/839 1200/520/839
f 1230/579/840 1234/572/840 1213/517/840 1194/518/840
f 1221/523/841 1217/577/841 1183/532/841 1208/523/841
f 1223/571/842 1215/575/842 1177/530/842 1214/521/842
f 1228/540/843 1236/569/843 1205/533/843 1174/540/843
f 1233/573/844 1237/528/844 1209/528/844 1211/535/844
f 1235/570/845 1238/567/845 1203/526/845 1204/534/845
f 1225/539/846 1222/524/846 1207/524/846 1206/539/846
f 1226/582/847 1224/522/847 1212/522/847 1210/538/847
f 1152/556/848 1150/549/848 1207/549/848 1208/556/848
f 1159/546/849 1161/562/849 1213/562/849 1211/546/849
f 1162/561/850 1160/543/850 1212/543/850 1214/561/850
f 1151/542/851 1153/558/851 1200/558/851 1171/542/851
f 1143/551/852 1144/554/852 1204/554/852 1203/551/852
f 1154/557/853 1152/556/853 1208/556/853 1183/557/853
f 1145/553/854 1146/552/854 1201/552/854 1202/553/854
f 1161/562/855 1163/564/855 1194/564/855 1213/562/855
f 1164/563/856 1162/561/856 1214/561/856 1177/563/856
f 1153/558/857 1155/560/857 1197/560/857 1200/558/857
f 1156/559/858 1154/557/858 1183/557/858 1187/559/858
f 1144/554/859 1147/555/859 1205/555/859 1204/554/859
f 1163/564/860 1165/565/860 1189/565/860 1194/564/860
f 1192/538/861 1196/522/861 1224/522/861 1226/582/861
f 1176/539/862 1179/524/862 1222/524/862 1225/539/862
f 1199/521/863 1178/530/863 1215/575/863 1223/571/863
f 1182/523/864 1184/532/864 1217/577/864 1221/523/864
f 1180/529/865 1170/537/865 1219/537/865 1216/576/865
f 1186/531/866 1192/538/866 1226/582/866 1218/578/866
f 1169/536/867 1176/539/867 1225/539/867 1220/581/867
f 1170/537/868 1169/536/868 1220/581/868 1219/537/868
f 1184/532/869 1186/531/869 1218/578/869 1217/577/869
f 1178/530/870 1180/529/870 1216/576/870 1215/575/870
f 1179/524/871 1182/523/871 1221/523/871 1222/524/871
f 1196/522/872 1199/521/872 1223/571/872 1224/522/872
f 1168/534/873 1167/526/873 1238/567/873 1235/570/873
f 1195/535/874 1191/528/874 1237/528/874 1233/573/874
f 1173/540/875 1175/533/875 1236/569/875 1228/540/875
f 1193/518/876 1198/517/876 1234/572/876 1230/579/876
f 1185/520/877 1172/519/877 1227/574/877 1232/580/877
f 1188/527/878 1185/520/878 1232/580/878 1231/527/878
f 1190/525/879 1193/518/879 1230/579/879 1229/568/879
f 1172/519/880 1173/540/880 1228/540/880 1227/574/880
f 1198/517/881 1195/535/881 1233/573/881 1234/572/881
f 1175/533/882 1168/534/882 1235/570/882 1236/569/882
f 1191/528/883 1188/527/883 1231/527/883 1237/528/883
f 1167/526/884 1190/525/884 1229/568/884 1238/567/884
f 1119/526/885 1167/526/885 1168/534/885 1121/534/885
o BR
v 0.523260 0.377741 1.385842
v 0.394740 0.377741 1.385842
v 0.523260 0.270641 1.357145
v 0.394740 0.270641 1.357145
v 0.523260 0.192238 1.278742
v 0.394740 0.192238 1.278742
v 0.523260 0.163541 1.171642
v 0.394740 0.163541 1.171642
v 0.523260 0.192238 1.064542
v 0.394740 0.192238 1.064542
v 0.523260 0.270641 0.986139
v 0.394740 0.270641 0.986139
v 0.523260 0.377741 0.957442
v 0.394740 0.377741 0.957442
v 0.523260 0.484841 0.986139
v 0.394740 0.484841 0.986139
v 0.523260 0.563244 1.064542
v 0.394740 0.563244 1.064542
v 0.523260 0.591941 1.171642
v 0.394740 0.591941 1.171642
v 0.523260 0.563244 1.278742
v 0.394740 0.563244 1.278742
v 0.523260 0.484841 1.357145
v 0.394740 0.484841 1.357145
v 0.523260 0.377741 1.547935
v 0.523260 0.189595 1.497521
v 0.394740 0.189595 1.497521
v 0.394740 0.377741 1.547935
v 0.523260 0.051862 1.359788
v 0.394740 0.051862 1.359788
v 0.523260 0.001448 1.171642
v 0.394740 0.001448 1.171642
v 0.523260 0.051862 0.983496
v 0.394740 0.051862 0.983496
v 0.523260 0.189595 0.845763
v 0.394740 0.189595 0.845763
v 0.523260 0.377741 0.795349
v 0.394740 0.377741 0.795349
v 0.523260 0.565887 0.845763
v 0.394740 0.565887 0.845763
v 0.523260 0.703620 0.983496
v 0.394740 0.703620 0.983496
v 0.523260 0.754034 1.171642
v 0.394740 0.754034 1.171642
v 0.523260 0.703620 1.359788
v 0.394740 0.703620 1.359788
v 0.523260 0.565887 1.497521
v 0.394740 0.565887 1.497521
v 0.577741 0.377741 1.414924
v 0.577741 0.256100 1.382331
v 0.340259 0.256100 1.382331
v 0.340259 0.377741 1.414924
v 0.572167 0.072876 0.995628
v 0.577741 0.167052 1.050001
v 0.577741 0.134458 1.171642
v 0.572167 0.025713 1.171642
v 0.577741 0.167052 1.293283
v 0.340259 0.167052 1.293283
v 0.345833 0.682606 1.347656
v 0.340259 0.588430 1.293283
v 0.340259 0.134459 1.171642
v 0.340259 0.499382 1.382331
v 0.345833 0.553755 1.476507
v 0.340259 0.167052 1.050001
v 0.345833 0.201727 0.866777
v 0.340259 0.256100 0.960953
v 0.577741 0.256100 0.960953
v 0.340259 0.377741 0.928360
v 0.345833 0.377741 0.819614
v 0.577741 0.377741 0.928360
v 0.572167 0.553755 1.476507
v 0.577741 0.499382 1.382331
v 0.577741 0.499382 0.960953
v 0.340259 0.499382 0.960953
v 0.577741 0.588430 1.293283
v 0.572167 0.682606 1.347656
v 0.577741 0.588430 1.050001
v 0.340259 0.588430 1.050001
v 0.572167 0.377741 0.819614
v 0.577741 0.621023 1.171642
v 0.340259 0.621023 1.171642
v 0.572167 0.201727 0.866777
v 0.345833 0.377741 1.523670
v 0.345833 0.201727 1.476507
v 0.572167 0.377741 1.523670
v 0.572167 0.201727 1.476507
v 0.572167 0.072876 1.347656
v 0.345833 0.072876 1.347656
v 0.345833 0.025713 1.171642
v 0.345833 0.072876 0.995628
v 0.572167 0.553755 0.866777
v 0.345833 0.553755 0.866777
v 0.572167 0.682606 0.995628
v 0.345833 0.682606 0.995628
v 0.572167 0.729769 1.171642
v 0.345833 0.729769 1.171642
v 0.319573 0.635518 1.320470
v 0.319573 0.526569 1.429419
v 0.319573 0.228913 0.913865
v 0.319573 0.377741 0.873987
v 0.319573 0.377741 1.469297
v 0.319573 0.228913 1.429419
v 0.319572 0.119964 1.022814
v 0.319572 0.080086 1.171642
v 0.319573 0.675396 1.171642
v 0.319573 0.635518 1.022814
v 0.319572 0.119964 1.320470
v 0.319573 0.526569 0.913865
v 0.598428 0.119964 1.022814
v 0.598428 0.080086 1.171642
v 0.598428 0.526568 1.429419
v 0.598428 0.635518 1.320470
v 0.598428 0.377741 0.873987
v 0.598428 0.228913 0.913865
v 0.598428 0.635518 1.022814
v 0.598428 0.675396 1.171642
v 0.598428 0.228913 1.429419
v 0.598428 0.119964 1.320470
v 0.598428 0.526568 0.913865
v 0.598428 0.377741 1.469297
vn 0.4583 -0.8585 -0.2300
vn 0.4583 0.6285 0.6285
vn -0.4583 -0.8585 0.2300
vn -0.4583 0.8585 0.2300
vn 0.4583 -0.2300 -0.8585
vn 0.4583 -0.2300 0.8585
vn -0.4583 -0.6285 -0.6285
vn -0.4583 0.2300 0.8585
vn 0.4583 0.6285 -0.6285
vn 0.4583 -0.8585 0.2300
vn -1.0000 -0.0000 -0.0000
vn 0.4583 0.8585 0.2300
vn -0.4583 0.2300 -0.8585
vn 1.0000 -0.0000 -0.0000
vn 0.4583 0.8585 -0.2300
vn 0.4322 -0.8711 -0.2334
vn -0.4583 0.6285 -0.6285
vn -0.4322 0.6377 -0.6377
vn 0.4322 0.6377 -0.6377
vn -0.4322 0.2334 0.8711
vn -0.4322 -0.8711 0.2334
vn 0.4583 -0.6285 -0.6285
vn -0.4583 -0.2300 0.8585
vn -0.4583 -0.2300 -0.8585
vn 0.4583 -0.6285 0.6285
vn -0.4583 0.6285 0.6285
vn -0.4583 -0.8585 -0.2300
vn 0.4583 0.2300 0.8585
vn -0.4583 0.8585 -0.2300
vn -0.4583 -0.6285 0.6285
vn -0.0000 -0.2588 0.9659
vn -0.0000 -0.7071 0.7071
vn -0.0000 -0.9659 0.2588
vn -0.0000 -0.9659 -0.2588
vn -0.0000 -0.7071 -0.7071
vn -0.0000 -0.2588 -0.9659
vn -0.0000 0.2588 -0.9659
vn -0.0000 0.7071 -0.7071
vn -0.0000 0.9659 -0.2588
vn -0.0000 0.9659 0.2588
vn -0.0000 0.7071 0.7071
vn -0.0000 0.2588 0.9659
vn 0.4322 0.2334 0.8711
vn 0.4322 -0.8711 0.2334
vn -0.4322 0.2334 -0.8711
vn 0.4322 0.2334 -0.8711
vn -0.4322 0.6377 0.6377
vn -0.4322 -0.6377 0.6377
vn 0.8944 0.1157 0.4320
vn 0.8944 0.1157 -0.4320
vn 0.8944 -0.3162 0.3162
vn -0.8944 0.4320 -0.1157
vn -0.8944 -0.4320 -0.1157
vn 0.8944 0.4320 -0.1157
vn 0.8944 -0.4320 -0.1157
vn -0.8944 0.3162 0.3162
vn -0.8944 -0.1157 -0.4320
vn 0.8944 0.3162 0.3162
vn 0.8944 -0.1157 -0.4320
vn -0.8944 -0.1157 0.4320
vn -0.8944 -0.3162 0.3162
vn -0.8944 0.1157 -0.4320
vn -0.8944 0.1157 0.4320
vn 0.8944 -0.3162 -0.3162
vn 0.8944 0.4320 0.1157
vn -0.8944 -0.3162 -0.3162
vn -0.8944 0.4320 0.1157
vn 0.8944 -0.4320 0.1157
vn 0.8944 0.3162 -0.3162
vn 0.8944 -0.1157 0.4320
vn -0.8944 -0.4320 0.1157
vn -0.8944 0.3162 -0.3162
vn -0.4322 -0.8711 -0.2334
vn 0.4322 0.8711 -0.2334
vn -0.4322 0.8711 -0.2334
vn 0.4322 -0.6377 -0.6377
vn 0.4322 -0.2334 0.8711
vn -0.4322 -0.6377 -0.6377
vn -0.4322 -0.2334 0.8711
vn 0.4322 0.8711 0.2334
vn -0.4322 0.8711 0.2334
vn 0.4322 -0.2334 -0.8711
vn -0.4322 -0.2334 -0.8711
vn 0.4322 -0.6377 0.6377
vn 0.4322 0.6377 0.6377
vn -0.9304 -0.2591 0.2591
vn -0.9304 0.3540 -0.0949
vn -0.9304 -0.3540 -0.0949
vn -0.9304 0.2591 0.2591
vn -0.9304 -0.0949 -0.3540
vn -0.9304 -0.0949 0.3540
vn -0.9304 0.2591 -0.2591
vn -0.9304 0.0949 -0.3540
vn -0.9304 0.0949 0.3540
vn -0.9304 -0.2591 -0.2591
vn -0.9304 0.3540 0.0949
vn -0.9304 -0.3540 0.0949
vn 0.9304 0.0949 -0.3540
vn 0.9304 -0.2591 0.2591
vn 0.9304 0.3540 -0.0949
vn 0.9304 -0.3540 -0.0949
vn 0.9304 0.2591 0.2591
vn 0.9304 0.0949 0.3540
vn 0.9304 -0.2591 -0.2591
vn 0.9304 0.3540 0.0949
vn 0.9304 -0.3540 0.0949
vn 0.9304 0.2591 -0.2591
vn 0.9304 -0.0949 0.3540
vn 0.9304 -0.0949 -0.3540
vn 0.4583 0.2300 -0.8585
vt 0.510000 0.250000
vt 0.542154 0.370000
vt 0.957846 0.130000
vt 0.870000 0.042154
vt 0.010000 0.250000
vt 0.042154 0.130000
vt 0.457846 0.130000
vt 0.490000 0.250000
vt 0.630000 0.457846
vt 0.750000 0.490000
vt 0.750000 0.010000
vt 0.630000 0.042154
vt 0.130000 0.457846
vt 0.042154 0.370000
vt 0.250000 0.010000
vt 0.370000 0.042154
vt 0.957846 0.370000
vt 0.870000 0.457846
vt 0.542154 0.130000
vt 0.370000 0.457846
vt 0.250000 0.490000
vt 0.130000 0.042154
vt 0.457846 0.370000
vt 0.990000 0.250000
vt 0.750000 0.500000
vt 0.666667 0.500000
vt 0.333333 1.000000
vt 0.416667 1.000000
vt 0.416667 0.500000
vt 0.333333 0.500000
vt 0.000000 1.000000
vt 0.083333 1.000000
vt 0.750000 1.000000
vt 0.833333 1.000000
vt 1.000000 0.500000
vt 1.000000 1.000000
vt 0.916667 1.000000
vt 0.916667 0.500000
vt 0.833333 0.500000
vt 0.666667 1.000000
vt 0.583333 1.000000
vt 0.583333 0.500000
vt 0.500000 1.000000
vt 0.500000 0.500000
vt 0.250000 1.000000
vt 0.250000 0.500000
vt 0.166667 1.000000
vt 0.166667 0.500000
vt 0.083333 0.500000
vt 0.000000 0.500000
vt 0.750000 0.490000
vt 0.630000 0.457846
vt 0.957846 0.370000
vt 0.870000 0.457846
vt 0.010000 0.250000
vt 0.510000 0.250000
vt 0.542154 0.130000
vt 0.957846 0.130000
vt 0.042154 0.370000
vt 0.130000 0.457846
vt 0.370000 0.042154
vt 0.250000 0.010000
vt 0.542154 0.370000
vt 0.870000 0.042154
vt 0.370000 0.457846
vt 0.130000 0.042154
s 0
f 1318/583/886 1313/584/886 1259/584/886 1257/583/886
f 1247/585/887 1292/585/887 1305/586/887 1249/586/887
f 1258/587/888 1319/587/888 1316/588/888 1256/588/888
f 1302/589/889 1299/590/889 1246/590/889 1248/589/889
f 1261/591/890 1310/591/890 1287/592/890 1239/592/890
f 1251/593/891 1308/593/891 1311/594/891 1253/594/891
f 1262/595/892 1300/595/892 1298/596/892 1260/596/892
f 1252/597/893 1306/597/893 1304/598/893 1250/598/893
f 1243/599/894 1241/600/894 1288/600/894 1295/599/894
f 1255/601/895 1315/601/895 1318/583/895 1257/583/895
f 1242/602/896 1240/603/896 1262/595/896 1260/596/896 1258/587/896 1256/588/896 1254/604/896 1252/597/896 1250/598/896 1248/589/896 1246/590/896 1244/605/896
f 1245/606/897 1293/606/897 1292/585/897 1247/585/897
f 1242/602/898 1289/602/898 1290/603/898 1240/603/898
f 1239/592/899 1241/600/899 1243/599/899 1245/606/899 1247/585/899 1249/586/899 1251/593/899 1253/594/899 1255/601/899 1257/583/899 1259/584/899 1261/591/899
f 1243/599/900 1295/599/900 1293/606/900 1245/606/900
f 1269/607/901 1271/608/901 1291/608/901 1294/607/901
f 1242/602/902 1244/605/902 1296/605/902 1289/602/902
f 1280/609/903 1278/610/903 1330/610/903 1332/609/903
f 1277/611/904 1279/612/904 1331/612/904 1329/611/904
f 1266/613/905 1286/614/905 1301/614/905 1321/613/905
f 1270/615/906 1268/616/906 1326/616/906 1327/615/906
f 1259/584/907 1313/584/907 1310/591/907 1261/591/907
f 1254/604/908 1312/604/908 1306/597/908 1252/597/908
f 1240/603/909 1290/603/909 1300/595/909 1262/595/909
f 1253/594/910 1311/594/910 1315/601/910 1255/601/910
f 1304/598/911 1302/589/911 1248/589/911 1250/598/911
f 1258/587/912 1260/596/912 1298/596/912 1319/587/912
f 1249/586/913 1305/586/913 1308/593/913 1251/593/913
f 1246/590/914 1299/590/914 1296/605/914 1244/605/914
f 1256/588/915 1316/588/915 1312/604/915 1254/604/915
f 1263/617/916 1266/618/916 1265/619/916 1264/620/916
f 1264/620/917 1265/619/917 1268/616/917 1267/621/917
f 1267/621/918 1268/616/918 1270/615/918 1269/607/918
f 1269/607/919 1270/615/919 1272/622/919 1271/608/919
f 1271/608/920 1272/622/920 1274/623/920 1273/624/920
f 1273/624/921 1274/623/921 1276/625/921 1275/626/921
f 1275/626/922 1276/625/922 1278/610/922 1277/611/922
f 1277/611/923 1278/610/923 1280/609/923 1279/612/923
f 1279/612/924 1280/609/924 1282/627/924 1281/628/924
f 1281/628/925 1282/627/925 1284/629/925 1283/630/925
f 1283/630/926 1284/629/926 1286/614/926 1285/631/926
f 1285/631/927 1286/614/927 1266/613/927 1263/632/927
f 1285/631/928 1263/632/928 1323/632/928 1309/631/928
f 1267/621/929 1269/607/929 1294/607/929 1325/621/929
f 1278/610/930 1276/625/930 1307/625/930 1330/610/930
f 1275/626/931 1277/611/931 1329/611/931 1317/626/931
f 1286/614/932 1284/629/932 1297/629/932 1301/614/932
f 1268/616/933 1265/619/933 1322/619/933 1326/616/933
f 1358/633/934 1349/634/934 1309/591/934 1323/592/934
f 1357/594/935 1351/593/935 1317/593/935 1329/594/935
f 1356/635/936 1355/636/936 1324/600/936 1325/599/936
f 1344/588/937 1343/637/937 1334/587/937 1332/588/937
f 1342/590/938 1341/589/938 1328/589/938 1327/590/938
f 1354/638/939 1353/639/939 1331/601/939 1333/583/939
f 1347/640/940 1348/606/940 1294/606/940 1291/585/940
f 1335/641/941 1336/642/941 1301/595/941 1297/596/941
f 1337/643/942 1338/644/942 1307/597/942 1303/598/942
f 1349/634/943 1350/645/943 1314/584/943 1309/591/943
f 1351/593/944 1352/646/944 1320/586/944 1317/593/944
f 1339/603/945 1340/647/945 1322/602/945 1321/603/945
f 1340/647/946 1345/605/946 1326/605/946 1322/602/946
f 1338/644/947 1346/648/947 1330/604/947 1307/597/947
f 1336/642/948 1339/603/948 1321/603/948 1301/595/948
f 1352/646/949 1347/640/949 1291/585/949 1320/586/949
f 1350/645/950 1354/638/950 1333/583/950 1314/584/950
f 1341/589/951 1337/643/951 1303/598/951 1328/589/951
f 1343/637/952 1335/641/952 1297/596/952 1334/587/952
f 1348/606/953 1356/635/953 1325/599/953 1294/606/953
f 1353/639/954 1357/594/954 1329/594/954 1331/601/954
f 1355/636/955 1358/633/955 1323/592/955 1324/600/955
f 1345/605/956 1342/590/956 1327/590/956 1326/605/956
f 1346/648/957 1344/588/957 1332/588/957 1330/604/957
f 1272/622/958 1270/615/958 1327/615/958 1328/622/958
f 1279/612/959 1281/628/959 1333/628/959 1331/612/959
f 1282/627/960 1280/609/960 1332/609/960 1334/627/960
f 1271/608/961 1273/624/961 1320/624/961 1291/608/961
f 1263/617/962 1264/620/962 1324/620/962 1323/617/962
f 1274/623/963 1272/622/963 1328/622/963 1303/623/963
f 1265/619/964 1266/618/964 1321/618/964 1322/619/964
f 1281/628/965 1283/630/965 1314/630/965 1333/628/965
f 1284/629/966 1282/627/966 1334/627/966 1297/629/966
f 1273/624/967 1275/626/967 1317/626/967 1320/624/967
f 1276/625/968 1274/623/968 1303/623/968 1307/625/968
f 1264/620/969 1267/621/969 1325/621/969 1324/620/969
f 1283/630/970 1285/631/970 1309/631/970 1314/630/970
f 1312/604/971 1316/588/971 1344/588/971 1346/648/971
f 1296/605/972 1299/590/972 1342/590/972 1345/605/972
f 1319/587/973 1298/596/973 1335/641/973 1343/637/973
f 1302/589/974 1304/598/974 1337/643/974 1341/589/974
f 1300/595/975 1290/603/975 1339/603/975 1336/642/975
f 1306/597/976 1312/604/976 1346/648/976 1338/644/976
f 1289/602/977 1296/605/977 1345/605/977 1340/647/977
f 1290/603/978 1289/602/978 1340/647/978 1339/603/978
f 1304/598/979 1306/597/979 1338/644/979 1337/643/979
f 1298/596/980 1300/595/980 1336/642/980 1335/641/980
f 1299/590/981 1302/589/981 1341/589/981 1342/590/981
f 1316/588/982 1319/587/982 1343/637/982 1344/588/982
f 1288/600/983 1287/592/983 1358/633/983 1355/636/983
f 1315/601/984 1311/594/984 1357/594/984 1353/639/984
f 1293/606/985 1295/599/985 1356/635/985 1348/606/985
f 1313/584/986 1318/583/986 1354/638/986 1350/645/986
f 1305/586/987 1292/585/987 1347/640/987 1352/646/987
f 1308/593/988 1305/586/988 1352/646/988 1351/593/988
f 1310/591/989 1313/584/989 1350/645/989 1349/634/989
f 1292/585/990 1293/606/990 1348/606/990 1347/640/990
f 1318/583/991 1315/601/991 1353/639/991 1354/638/991
f 1295/599/992 1288/600/992 1355/636/992 1356/635/992
f 1311/594/993 1308/593/993 1351/593/993 1357/594/993
f 1287/592/994 1310/591/994 1349/634/994 1358/633/994
f 1239/592/995 1287/592/995 1288/600/995 1241/600/995
o FL
v -0.434214 0.411741 -0.252684
v -0.575586 0.411741 -0.252684
v -0.434214 0.293931 -0.284251
v -0.575586 0.293931 -0.284251
v -0.434214 0.207688 -0.370494
v -0.575586 0.207688 -0.370494
v -0.434214 0.176121 -0.488304
v -0.575586 0.176121 -0.488304
v -0.434214 0.207688 -0.606114
v -0.575586 0.207688 -0.606114
v -0.434214 0.293931 -0.692357
v -0.575586 0.293931 -0.692357
v -0.434214 0.411741 -0.723924
v -0.575586 0.411741 -0.723924
v -0.434214 0.529551 -0.692357
v -0.575586 0.529551 -0.692357
v -0.434214 0.615794 -0.606114
v -0.575586 0.615794 -0.606114
v -0.434214 0.647361 -0.488304
v -0.575586 0.647361 -0.488304
v -0.434214 0.615794 -0.370494
v -0.575586 0.615794 -0.370494
v -0.434214 0.529551 -0.284251
v -0.575586 0.529551 -0.284251
v -0.434214 0.411741 -0.074382
v -0.434214 0.204780 -0.129837
v -0.575586 0.204780 -0.129837
v -0.575586 0.411741 -0.074382
v -0.434214 0.053274 -0.281343
v -0.575586 0.053274 -0.281343
v -0.434214 -0.002181 -0.488304
v -0.575586 -0.002181 -0.488304
v -0.434214 0.053274 -0.695265
v -0.575586 0.053274 -0.695265
v -0.434214 0.204780 -0.846771
v -0.575586 0.204780 -0.846771
v -0.434214 0.411741 -0.902226
v -0.575586 0.411741 -0.902226
v -0.434214 0.618702 -0.846771
v -0.575586 0.618702 -0.846771
v -0.434214 0.770208 -0.695265
v -0.575586 0.770208 -0.695265
v -0.434214 0.825663 -0.488304
v -0.575586 0.825663 -0.488304
v -0.434214 0.770208 -0.281343
v -0.575586 0.770208 -0.281343
v -0.434214 0.618702 -0.129837
v -0.575586 0.618702 -0.129837
v -0.374285 0.411741 -0.220694
v -0.374285 0.277936 -0.256547
v -0.635515 0.277936 -0.256547
v -0.635515 0.411741 -0.220694
v -0.380416 0.076389 -0.681920
v -0.374285 0.179983 -0.622110
v -0.374285 0.144130 -0.488304
v -0.380416 0.024510 -0.488304
v -0.374285 0.179983 -0.354499
v -0.635515 0.179983 -0.354499
v -0.629384 0.747093 -0.294689
v -0.635515 0.643499 -0.354499
v -0.635515 0.144130 -0.488304
v -0.635515 0.545546 -0.256547
v -0.629384 0.605356 -0.152953
v -0.635515 0.179983 -0.622110
v -0.629384 0.218126 -0.823656
v -0.635515 0.277936 -0.720062
v -0.374285 0.277936 -0.720062
v -0.635515 0.411741 -0.755915
v -0.629384 0.411741 -0.875535
v -0.374285 0.411741 -0.755915
v -0.380416 0.605356 -0.152953
v -0.374285 0.545546 -0.256547
v -0.374285 0.545546 -0.720062
v -0.635515 0.545546 -0.720062
v -0.374285 0.643498 -0.354499
v -0.380416 0.747092 -0.294689
v -0.374285 0.643498 -0.622110
v -0.635515 0.643499 -0.622110
v -0.380416 0.411741 -0.875535
v -0.374285 0.679352 -0.488304
v -0.635515 0.679352 -0.488304
v -0.380416 0.218126 -0.823656
v -0.629384 0.411741 -0.101074
v -0.629384 0.218126 -0.152953
v -0.380416 0.411741 -0.101074
v -0.380416 0.218126 -0.152953
v -0.380416 0.076389 -0.294689
v -0.629384 0.076389 -0.294689
v -0.629384 0.024510 -0.488304
v -0.629384 0.076389 -0.681920
v -0.380416 0.605356 -0.823656
v -0.629384 0.605356 -0.823656
v -0.380416 0.747092 -0.681920
v -0.629384 0.747093 -0.681920
v -0.380416 0.798972 -0.488304
v -0.629384 0.798972 -0.488304
v -0.658270 0.695296 -0.324594
v -0.658270 0.575451 -0.204750
v -0.658270 0.248031 -0.771859
v -0.658270 0.411741 -0.815725
v -0.658270 0.411741 -0.160884
v -0.658270 0.248031 -0.204750
v -0.658270 0.128186 -0.652015
v -0.658270 0.084320 -0.488304
v -0.658270 0.739162 -0.488304
v -0.658270 0.695296 -0.652015
v -0.658270 0.128186 -0.324594
v -0.658270 0.575451 -0.771859
v -0.351530 0.128186 -0.652015
v -0.351530 0.084320 -0.488304
v -0.351530 0.575451 -0.204750
v -0.351530 0.695295 -0.324594
v -0.351530 0.411741 -0.815725
v -0.351530 0.248031 -0.771859
v -0.351530 0.695295 -0.652015
v -0.351530 0.739161 -0.488304
v -0.351530 0.248031 -0.204750
v -0.351530 0.128186 -0.324594
v -0.351530 0.575451 -0.771859
v -0.351530 0.411741 -0.160884
vn 0.4583 -0.8585 -0.2300
vn 0.4583 0.6285 0.6285
vn -0.4583 -0.8585 0.2300
vn -0.4583 0.8585 0.2300
vn 0.4583 -0.2300 -0.8585
vn 0.4583 -0.2300 0.8585
vn -0.4583 -0.6285 -0.6285
vn -0.4583 0.2300 0.8585
vn 0.4583 0.6285 -0.6285
vn 0.4583 -0.8585 0.2300
vn -1.0000 -0.0000 -0.0000
vn 0.4583 0.8585 0.2300
vn -0.4583 0.2300 -0.8585
vn 1.0000 -0.0000 -0.0000
vn 0.4583 0.8585 -0.2300
vn 0.4322 -0.8711 -0.2334
vn -0.4583 0.6285 -0.6285
vn -0.4322 0.6377 -0.6377
vn 0.4322 0.6377 -0.6377
vn -0.4322 0.2334 0.8711
vn -0.4322 -0.8711 0.2334
vn 0.4583 -0.6285 -0.6285
vn -0.4583 -0.2300 0.8585
vn -0.4583 -0.2300 -0.8585
vn 0.4583 -0.6285 0.6285
vn -0.4583 0.6285 0.6285
vn -0.4583 -0.8585 -0.2300
vn 0.4583 0.2300 0.8585
vn -0.4583 0.8585 -0.2300
vn -0.4583 -0.6285 0.6285
vn -0.0000 -0.2588 0.9659
vn -0.0000 -0.7071 0.7071
vn -0.0000 -0.9659 0.2588
vn -0.0000 -0.9659 -0.2588
vn -0.0000 -0.7071 -0.7071
vn -0.0000 -0.2588 -0.9659
vn -0.0000 0.2588 -0.9659
vn -0.0000 0.7071 -0.7071
vn -0.0000 0.9659 -0.2588
vn -0.0000 0.9659 0.2588
vn -0.0000 0.7071 0.7071
vn -0.0000 0.2588 0.9659
vn 0.4322 0.2334 0.8711
vn 0.4322 -0.8711 0.2334
vn -0.4322 0.2334 -0.8711
vn 0.4322 0.2334 -0.8711
vn -0.4322 0.6377 0.6377
vn -0.4322 -0.6377 0.6377
vn 0.8944 0.1157 0.4320
vn 0.8944 0.1157 -0.4320
vn 0.8944 -0.3162 0.3162
vn -0.8944 0.4320 -0.1157
vn -0.8944 -0.4320 -0.1157
vn 0.8944 0.4320 -0.1157
vn 0.8944 -0.4320 -0.1157
vn -0.8944 0.3162 0.3162
vn -0.8944 -0.1157 -0.4320
vn 0.8944 0.3162 0.3162
vn 0.8944 -0.1157 -0.4320
vn -0.8944 -0.1157 0.4320
vn -0.8944 -0.3162 0.3162
vn -0.8944 0.1157 -0.4320
vn -0.8944 0.1157 0.4320
vn 0.8944 -0.3162 -0.3162
vn 0.8944 0.4320 0.1157
vn -0.8944 -0.3162 -0.3162
vn -0.8944 0.4320 0.1157
vn 0.8944 -0.4320 0.1157
vn 0.8944 0.3162 -0.3162
vn 0.8944 -0.1157 0.4320
vn -0.8944 -0.4320 0.1157
vn -0.8944 0.3162 -0.3162
vn -0.4322 -0.8711 -0.2334
vn 0.4322 0.8711 -0.2334
vn -0.4322 0.8711 -0.2334
vn 0.4322 -0.6377 -0.6377
vn 0.4322 -0.2334 0.8711
vn -0.4322 -0.6377 -0.6377
vn -0.4322 -0.2334 0.8711
vn 0.4322 0.8711 0.2334
vn -0.4322 0.8711 0.2334
vn 0.4322 -0.2334 -0.8711
vn -0.4322 -0.2334 -0.8711
vn 0.4322 -0.6377 0.6377
vn 0.4322 0.6377 0.6377
vn -0.9304 -0.2591 0.2591
vn -0.9304 0.3540 -0.0949
vn -0.9304 -0.3540 -0.0949
vn -0.9304 0.2591 0.2591
vn -0.9304 -0.0949 -0.3540
vn -0.9304 -0.0949 0.3540
vn -0.9304 0.2591 -0.2591
vn -0.9304 0.0949 -0.3540
vn -0.9304 0.0949 0.3540
vn -0.9304 -0.2591 -0.2591
vn -0.9304 0.3540 0.0949
vn -0.9304 -0.3540 0.0949
vn 0.9304 0.0949 -0.3540
vn 0.9304 -0.2591 0.2591
vn 0.9304 0.3540 -0.0949
vn 0.9304 -0.3540 -0.0949
vn 0.9304 0.2591 0.2591
vn 0.9304 0.0949 0.3540
vn 0.9304 -0.2591 -0.2591
vn 0.9304 0.3540 0.0949
vn 0.9304 -0.3540 0.0949
vn 0.9304 0.2591 -0.2591
vn 0.9304 -0.0949 0.3540
vn 0.9304 -0.0949 -0.3540
vn 0.4583 0.2300 -0.8585
vt 0.510000 0.250000
vt 0.542154 0.370000
vt 0.957846 0.130000
vt 0.870000 0.042154
vt 0.010000 0.250000
vt 0.042154 0.130000
vt 0.457846 0.130000
vt 0.490000 0.250000
vt 0.630000 0.457846
vt 0.750000 0.490000
vt 0.750000 0.010000
vt 0.630000 0.042154
vt 0.130000 0.457846
vt 0.042154 0.370000
vt 0.250000 0.010000
vt 0.370000 0.042154
vt 0.957846 0.370000
vt 0.870000 0.457846
vt 0.542154 0.130000
vt 0.370000 0.457846
vt 0.250000 0.490000
vt 0.130000 0.042154
vt 0.457846 0.370000
vt 0.990000 0.250000
vt 0.750000 0.500000
vt 0.666667 0.500000
vt 0.333333 1.000000
vt 0.416667 1.000000
vt 0.416667 0.500000
vt 0.333333 0.500000
vt 0.000000 1.000000
vt 0.083333 1.000000
vt 0.750000 1.000000
vt 0.833333 1.000000
vt 1.000000 0.500000
vt 1.000000 1.000000
vt 0.916667 1.000000
vt 0.916667 0.500000
vt 0.833333 0.500000
vt 0.666667 1.000000
vt 0.583333 1.000000
vt 0.583333 0.500000
vt 0.500000 1.000000
vt 0.500000 0.500000
vt 0.250000 1.000000
vt 0.250000 0.500000
vt 0.166667 1.000000
vt 0.166667 0.500000
vt 0.083333 0.500000
vt 0.000000 0.500000
vt 0.750000 0.490000
vt 0.630000 0.457846
vt 0.957846 0.370000
vt 0.870000 0.457846
vt 0.010000 0.250000
vt 0.510000 0.250000
vt 0.542154 0.130000
vt 0.957846 0.130000
vt 0.042154 0.370000
vt 0.130000 0.457846
vt 0.370000 0.042154
vt 0.250000 0.010000
vt 0.542154 0.370000
vt 0.870000 0.042154
vt 0.370000 0.457846
vt 0.130000 0.042154
s 0
f 1438/649/996 1433/650/996 1379/650/996 1377/649/996
f 1367/651/997 1412/651/997 1425/652/997 1369/652/997
f 1378/653/998 1439/653/998 1436/654/998 1376/654/998
f 1422/655/999 1419/656/999 1366/656/999 1368/655/999
f 1381/657/1000 1430/657/1000 1407/658/1000 1359/658/1000
f 1371/659/1001 1428/659/1001 1431/660/1001 1373/660/1001
f 1382/661/1002 1420/661/1002 1418/662/1002 1380/662/1002
f 1372/663/1003 1426/663/1003 1424/664/1003 1370/664/1003
f 1363/665/1004 1361/666/1004 1408/666/1004 1415/665/1004
f 1375/667/1005 1435/667/1005 1438/649/1005 1377/649/1005
f 1362/668/1006 1360/669/1006 1382/661/1006 1380/662/1006 1378/653/1006 1376/654/1006 1374/670/1006 1372/663/1006 1370/664/1006 1368/655/1006 1366/656/1006 1364/671/1006
f 1365/672/1007 1413/672/1007 1412/651/1007 1367/651/1007
f 1362/668/1008 1409/668/1008 1410/669/1008 1360/669/1008
f 1359/658/1009 1361/666/1009 1363/665/1009 1365/672/1009 1367/651/1009 1369/652/1009 1371/659/1009 1373/660/1009 1375/667/1009 1377/649/1009 1379/650/1009 1381/657/1009
f 1363/665/1010 1415/665/1010 1413/672/1010 1365/672/1010
f 1389/673/1011 1391/674/1011 1411/674/1011 1414/673/1011
f 1362/668/1012 1364/671/1012 1416/671/1012 1409/668/1012
f 1400/675/1013 1398/676/1013 1450/676/1013 1452/675/1013
f 1397/677/1014 1399/678/1014 1451/678/1014 1449/677/1014
f 1386/679/1015 1406/680/1015 1421/680/1015 1441/679/1015
f 1390/681/1016 1388/682/1016 1446/682/1016 1447/681/1016
f 1379/650/1017 1433/650/1017 1430/657/1017 1381/657/1017
f 1374/670/1018 1432/670/1018 1426/663/1018 1372/663/1018
f 1360/669/1019 1410/669/1019 1420/661/1019 1382/661/1019
f 1373/660/1020 1431/660/1020 1435/667/1020 1375/667/1020
f 1424/664/1021 1422/655/1021 1368/655/1021 1370/664/1021
f 1378/653/1022 1380/662/1022 1418/662/1022 1439/653/1022
f 1369/652/1023 1425/652/1023 1428/659/1023 1371/659/1023
f 1366/656/1024 1419/656/1024 1416/671/1024 1364/671/1024
f 1376/654/1025 1436/654/1025 1432/670/1025 1374/670/1025
f 1383/683/1026 1386/684/1026 1385/685/1026 1384/686/1026
f 1384/686/1027 1385/685/1027 1388/682/1027 1387/687/1027
f 1387/687/1028 1388/682/1028 1390/681/1028 1389/673/1028
f 1389/673/1029 1390/681/1029 1392/688/1029 1391/674/1029
f 1391/674/1030 1392/688/1030 1394/689/1030 1393/690/1030
f 1393/690/1031 1394/689/1031 1396/691/1031 1395/692/1031
f 1395/692/1032 1396/691/1032 1398/676/1032 1397/677/1032
f 1397/677/1033 1398/676/1033 1400/675/1033 1399/678/1033
f 1399/678/1034 1400/675/1034 1402/693/1034 1401/694/1034
f 1401/694/1035 1402/693/1035 1404/695/1035 1403/696/1035
f 1403/696/1036 1404/695/1036 1406/680/1036 1405/697/1036
f 1405/697/1037 1406/680/1037 1386/679/1037 1383/698/1037
f 1405/697/1038 1383/698/1038 1443/698/1038 1429/697/1038
f 1387/687/1039 1389/673/1039 1414/673/1039 1445/687/1039
f 1398/676/1040 1396/691/1040 1427/691/1040 1450/676/1040
f 1395/692/1041 1397/677/1041 1449/677/1041 1437/692/1041
f 1406/680/1042 1404/695/1042 1417/695/1042 1421/680/1042
f 1388/682/1043 1385/685/1043 1442/685/1043 1446/682/1043
f 1478/699/1044 1469/700/1044 1429/657/1044 1443/658/1044
f 1477/660/1045 1471/659/1045 1437/659/1045 1449/660/1045
f 1476/701/1046 1475/702/1046 1444/666/1046 1445/665/1046
f 1464/654/1047 1463/703/1047 1454/653/1047 1452/654/1047
f 1462/656/1048 1461/655/1048 1448/655/1048 1447/656/1048
f 1474/704/1049 1473/705/1049 1451/667/1049 1453/649/1049
f 1467/706/1050 1468/672/1050 1414/672/1050 1411/651/1050
f 1455/707/1051 1456/708/1051 1421/661/1051 1417/662/1051
f 1457/709/1052 1458/710/1052 1427/663/1052 1423/664/1052
f 1469/700/1053 1470/711/1053 1434/650/1053 1429/657/1053
f 1471/659/1054 1472/712/1054 1440/652/1054 1437/659/1054
f 1459/669/1055 1460/713/1055 1442/668/1055 1441/669/1055
f 1460/713/1056 1465/671/1056 1446/671/1056 1442/668/1056
f 1458/710/1057 1466/714/1057 1450/670/1057 1427/663/1057
f 1456/708/1058 1459/669/1058 1441/669/1058 1421/661/1058
f 1472/712/1059 1467/706/1059 1411/651/1059 1440/652/1059
f 1470/711/1060 1474/704/1060 1453/649/1060 1434/650/1060
f 1461/655/1061 1457/709/1061 1423/664/1061 1448/655/1061
f 1463/703/1062 1455/707/1062 1417/662/1062 1454/653/1062
f 1468/672/1063 1476/701/1063 1445/665/1063 1414/672/1063
f 1473/705/1064 1477/660/1064 1449/660/1064 1451/667/1064
f 1475/702/1065 1478/699/1065 1443/658/1065 1444/666/1065
f 1465/671/1066 1462/656/1066 1447/656/1066 1446/671/1066
f 1466/714/1067 1464/654/1067 1452/654/1067 1450/670/1067
f 1392/688/1068 1390/681/1068 1447/681/1068 1448/688/1068
f 1399/678/1069 1401/694/1069 1453/694/1069 1451/678/1069
f 1402/693/1070 1400/675/1070 1452/675/1070 1454/693/1070
f 1391/674/1071 1393/690/1071 1440/690/1071 1411/674/1071
f 1383/683/1072 1384/686/1072 1444/686/1072 1443/683/1072
f 1394/689/1073 1392/688/1073 1448/688/1073 1423/689/1073
f 1385/685/1074 1386/684/1074 1441/684/1074 1442/685/1074
f 1401/694/1075 1403/696/1075 1434/696/1075 1453/694/1075
f 1404/695/1076 1402/693/1076 1454/693/1076 1417/695/1076
f 1393/690/1077 1395/692/1077 1437/692/1077 1440/690/1077
f 1396/691/1078 1394/689/1078 1423/689/1078 1427/691/1078
f 1384/686/1079 1387/687/1079 1445/687/1079 1444/686/1079
f 1403/696/1080 1405/697/1080 1429/697/1080 1434/696/1080
f 1432/670/1081 1436/654/1081 1464/654/1081 1466/714/1081
f 1416/671/1082 1419/656/1082 1462/656/1082 1465/671/1082
f 1439/653/1083 1418/662/1083 1455/707/1083 1463/703/1083
f 1422/655/1084 1424/664/1084 1457/709/1084 1461/655/1084
f 1420/661/1085 1410/669/1085 1459/669/1085 1456/708/1085
f 1426/663/1086 1432/670/1086 1466/714/1086 1458/710/1086
f 1409/668/1087 1416/671/1087 1465/671/1087 1460/713/1087
f 1410/669/1088 1409/668/1088 1460/713/1088 1459/669/1088
f 1424/664/1089 1426/663/1089 1458/710/1089 1457/709/1089
f 1418/662/1090 1420/661/1090 1456/708/1090 1455/707/1090
f 1419/656/1091 1422/655/1091 1461/655/1091 1462/656/1091
f 1436/654/1092 1439/653/1092 1463/703/1092 1464/654/1092
f 1408/666/1093 1407/658/1093 1478/699/1093 1475/702/1093
f 1435/667/1094 1431/660/1094 1477/660/1094 1473/705/1094
f 1413/672/1095 1415/665/1095 1476/701/1095 1468/672/1095
f 1433/650/1096 1438/649/1096 1474/704/1096 1470/711/1096
f 1425/652/1097 1412/651/1097 1467/706/1097 1472/712/1097
f 1428/659/1098 1425/652/1098 1472/712/1098 1471/659/1098
f 1430/657/1099 1433/650/1099 1470/711/1099 1469/700/1099
f 1412/651/1100 1413/672/1100 1468/672/1100 1467/706/1100
f 1438/649/1101 1435/667/1101 1473/705/1101 1474/704/1101
f 1415/665/1102 1408/666/1102 1475/702/1102 1476/701/1102
f 1431/660/1103 1428/659/1103 1471/659/1103 1477/660/1103
f 1407/658/1104 1430/657/1104 1469/700/1104 1478/699/1104
f 1359/658/1105 1407/658/1105 1408/666/1105 1361/666/1105
o FR
v 0.575586 0.411741 -0.252684
v 0.434214 0.411741 -0.252684
v 0.575586 0.293931 -0.284251
v 0.434214 0.293931 -0.284251
v 0.575586 0.207688 -0.370494
v 0.434214 0.207688 -0.370494
v 0.575586 0.176121 -0.488304
v 0.434214 0.176121 -0.488304
v 0.575586 0.207688 -0.606114
v 0.434214 0.207688 -0.606114
v 0.575586 0.293931 -0.692357
v 0.434214 0.293931 -0.692357
v 0.575586 0.411741 -0.723924
v 0.434214 0.411741 -0.723924
v 0.575586 0.529551 -0.692357
v 0.434214 0.529551 -0.692357
v 0.575586 0.615794 -0.606114
v 0.434214 0.615794 -0.606114
v 0.575586 0.647361 -0.488304
v 0.434214 0.647361 -0.488304
v 0.575586 0.615794 -0.370494
v 0.434214 0.615794 -0.370494
v 0.575586 0.529551 -0.284251
v 0.434214 0.529551 -0.284251
v 0.575586 0.411741 -0.074382
v 0.575586 0.204780 -0.129837
v 0.434214 0.204780 -0.129837
v 0.434214 0.411741 -0.074382
v 0.575586 0.053274 -0.281343
v 0.434214 0.053274 -0.281343
v 0.575586 -0.002181 -0.488304
v 0.434214 -0.002181 -0.488304
v 0.575586 0.053274 -0.695265
v 0.434214 0.053274 -0.695265
v 0.575586 0.204780 -0.846771
v 0.434214 0.204780 -0.846771
v 0.575586 0.411741 -0.902226
v 0.434214 0.411741 -0.902226
v 0.575586 0.618702 -0.846771
v 0.434214 0.618702 -0.846771
v 0.575586 0.770208 -0.695265
v 0.434214 0.770208 -0.695265
v 0.575586 0.825663 -0.488304
v 0.434214 0.825663 -0.488304
v 0.575586 0.770208 -0.281343
v 0.434214 0.770208 -0.281343
v 0.575586 0.618702 -0.129837
v 0.434214 0.618702 -0.129837
v 0.635515 0.411741 -0.220694
v 0.635515 0.277936 -0.256547
v 0.374285 0.277936 -0.256547
v 0.374285 0.411741 -0.220694
v 0.629384 0.076389 -0.681920
v 0.635515 0.179983 -0.622110
v 0.635515 0.144130 -0.488304
v 0.629384 0.024510 -0.488304
v 0.635515 0.179983 -0.354499
v 0.374285 0.179983 -0.354499
v 0.380416 0.747093 -0.294689
v 0.374285 0.643499 -0.354499
v 0.374285 0.144130 -0.488304
v 0.374285 0.545546 -0.256547
v 0.380416 0.605356 -0.152953
v 0.374285 0.179983 -0.622110
v 0.380416 0.218126 -0.823656
v 0.374285 0.277936 -0.720062
v 0.635515 0.277936 -0.720062
v 0.374285 0.411741 -0.755915
v 0.380416 0.411741 -0.875535
v 0.635515 0.411741 -0.755915
v 0.629384 0.605356 -0.152953
v 0.635515 0.545546 -0.256547
v 0.635515 0.545546 -0.720062
v 0.374285 0.545546 -0.720062
v 0.635515 0.643498 -0.354499
v 0.629384 0.747092 -0.294689
v 0.635515 0.643498 -0.622110
v 0.374285 0.643499 -0.622110
v 0.629384 0.411741 -0.875535
v 0.635515 0.679352 -0.488304
v 0.374285 0.679352 -0.488304
v 0.629384 0.218126 -0.823656
v 0.380416 0.411741 -0.101074
v 0.380416 0.218126 -0.152953
v 0.629384 0.411741 -0.101074
v 0.629384 0.218126 -0.152953
v 0.629384 0.076389 -0.294689
v 0.380416 0.076389 -0.294689
v 0.380416 0.024510 -0.488304
v 0.380416 0.076389 -0.681920
v 0.629384 0.605356 -0.823656
v 0.380416 0.605356 -0.823656
v 0.629384 0.747092 -0.681920
v 0.380416 0.747093 -0.681920
v 0.629384 0.798972 -0.488304
v 0.380416 0.798972 -0.488304
v 0.351530 0.695296 -0.324594
v 0.351530 0.575451 -0.204750
v 0.351530 0.248031 -0.771859
v 0.351530 0.411741 -0.815725
v 0.351530 0.411741 -0.160884
v 0.351530 0.248031 -0.204750
v 0.351530 0.128186 -0.652015
v 0.351530 0.084320 -0.488304
v 0.351530 0.739162 -0.488304
v 0.351530 0.695296 -0.652015
v 0.351530 0.128186 -0.324594
v 0.351530 0.575451 -0.771859
v 0.658270 0.128186 -0.652015
v 0.658270 0.084320 -0.488304
v 0.658270 0.575451 -0.204750
v 0.658270 0.695295 -0.324594
v 0.658270 0.411741 -0.815725
v 0.658270 0.248031 -0.771859
v 0.658270 0.695295 -0.652015
v 0.658270 0.739161 -0.488304
v 0.658270 0.248031 -0.204750
v 0.658270 0.128186 -0.324594
v 0.658270 0.575451 -0.771859
v 0.658270 0.411741 -0.160884
vn 0.4583 -0.8585 -0.2300
vn 0.4583 0.6285 0.6285
vn -0.4583 -0.8585 0.2300
vn -0.4583 0.8585 0.2300
vn 0.4583 -0.2300 -0.8585
vn 0.4583 -0.2300 0.8585
vn -0.4583 -0.6285 -0.6285
vn -0.4583 0.2300 0.8585
vn 0.4583 0.6285 -0.6285
vn 0.4583 -0.8585 0.2300
vn -1.0000 -0.0000 -0.0000
vn 0.4583 0.8585 0.2300
vn -0.4583 0.2300 -0.8585
vn 1.0000 -0.0000 -0.0000
vn 0.4583 0.8585 -0.2300
vn 0.4322 -0.8711 -0.2334
vn -0.4583 0.6285 -0.6285
vn -0.4322 0.6377 -0.6377
vn 0.4322 0.6377 -0.6377
vn -0.4322 0.2334 0.8711
vn -0.4322 -0.8711 0.2334
vn 0.4583 -0.6285 -0.6285
vn -0.4583 -0.2300 0.8585
vn -0.4583 -0.2300 -0.8585
vn 0.4583 -0.6285 0.6285
vn -0.4583 0.6285 0.6285
vn -0.4583 -0.8585 -0.2300
vn 0.4583 0.2300 0.8585
vn -0.4583 0.8585 -0.2300
vn -0.4583 -0.6285 0.6285
vn -0.0000 -0.2588 0.9659
vn -0.0000 -0.7071 0.7071
vn -0.0000 -0.9659 0.2588
vn -0.0000 -0.9659 -0.2588
vn -0.0000 -0.7071 -0.7071
vn -0.0000 -0.2588 -0.9659
vn -0.0000 0.2588 -0.9659
vn -0.0000 0.7071 -0.7071
vn -0.0000 0.9659 -0.2588
vn -0.0000 0.9659 0.2588
vn -0.0000 0.7071 0.7071
vn -0.0000 0.2588 0.9659
vn 0.4322 0.2334 0.8711
vn 0.4322 -0.8711 0.2334
vn -0.4322 0.2334 -0.8711
vn 0.4322 0.2334 -0.8711
vn -0.4322 0.6377 0.6377
vn -0.4322 -0.6377 0.6377
vn 0.8944 0.1157 0.4320
vn 0.8944 0.1157 -0.4320
vn 0.8944 -0.3162 0.3162
vn -0.8944 0.4320 -0.1157
vn -0.8944 -0.4320 -0.1157
vn 0.8944 0.4320 -0.1157
vn 0.8944 -0.4320 -0.1157
vn -0.8944 0.3162 0.3162
vn -0.8944 -0.1157 -0.4320
vn 0.8944 0.3162 0.3162
vn 0.8944 -0.1157 -0.4320
vn -0.8944 -0.1157 0.4320
vn -0.8944 -0.3162 0.3162
vn -0.8944 0.1157 -0.4320
vn -0.8944 0.1157 0.4320
vn 0.8944 -0.3162 -0.3162
vn 0.8944 0.4320 0.1157
vn -0.8944 -0.3162 -0.3162
vn -0.8944 0.4320 0.1157
vn 0.8944 -0.4320 0.1157
vn 0.8944 0.3162 -0.3162
vn 0.8944 -0.1157 0.4320
vn -0.8944 -0.4320 0.1157
vn -0.8944 0.3162 -0.3162
vn -0.4322 -0.8711 -0.2334
vn 0.4322 0.8711 -0.2334
vn -0.4322 0.8711 -0.2334
vn 0.4322 -0.6377 -0.6377
vn 0.4322 -0.2334 0.8711
vn -0.4322 -0.6377 -0.6377
vn -0.4322 -0.2334 0.8711
vn 0.4322 0.8711 0.2334
vn -0.4322 0.8711 0.2334
vn 0.4322 -0.2334 -0.8711
vn -0.4322 -0.2334 -0.8711
vn 0.4322 -0.6377 0.6377
vn 0.4322 0.6377 0.6377
vn -0.9304 -0.2591 0.2591
vn -0.9304 0.3540 -0.0949
vn -0.9304 -0.3540 -0.0949
vn -0.9304 0.2591 0.2591
vn -0.9304 -0.0949 -0.3540
vn -0.9304 -0.0949 0.3540
vn -0.9304 0.2591 -0.2591
vn -0.9304 0.0949 -0.3540
vn -0.9304 0.0949 0.3540
vn -0.9304 -0.2591 -0.2591
vn -0.9304 0.3540 0.0949
vn -0.9304 -0.3540 0.0949
vn 0.9304 0.0949 -0.3540
vn 0.9304 -0.2591 0.2591
vn 0.9304 0.3540 -0.0949
vn 0.9304 -0.3540 -0.0949
vn 0.9304 0.2591 0.2591
vn 0.9304 0.0949 0.3540
vn 0.9304 -0.2591 -0.2591
vn 0.9304 0.3540 0.0949
vn 0.9304 -0.3540 0.0949
vn 0.9304 0.2591 -0.2591
vn 0.9304 -0.0949 0.3540
vn 0.9304 -0.0949 -0.3540
vn 0.4583 0.2300 -0.8585
vt 0.510000 0.250000
vt 0.542154 0.370000
vt 0.957846 0.130000
vt 0.870000 0.042154
vt 0.010000 0.250000
vt 0.042154 0.130000
vt 0.457846 0.130000
vt 0.490000 0.250000
vt 0.630000 0.457846
vt 0.750000 0.490000
vt 0.750000 0.010000
vt 0.630000 0.042154
vt 0.130000 0.457846
vt 0.042154 0.370000
vt 0.250000 0.010000
vt 0.370000 0.042154
vt 0.957846 0.370000
vt 0.870000 0.457846
vt 0.542154 0.130000
vt 0.370000 0.457846
vt 0.250000 0.490000
vt 0.130000 0.042154
vt 0.457846 0.370000
vt 0.990000 0.250000
vt 0.750000 0.500000
vt 0.666667 0.500000
vt 0.333333 1.000000
vt 0.416667 1.000000
vt 0.416667 0.500000
vt 0.333333 0.500000
vt 0.000000 1.000000
vt 0.083333 1.000000
vt 0.750000 1.000000
vt 0.833333 1.000000
vt 1.000000 0.500000
vt 1.000000 1.000000
vt 0.916667 1.000000
vt 0.916667 0.500000
vt 0.833333 0.500000
vt 0.666667 1.000000
vt 0.583333 1.000000
vt 0.583333 0.500000
vt 0.500000 1.000000
vt 0.500000 0.500000
vt 0.250000 1.000000
vt 0.250000 0.500000
vt 0.166667 1.000000
vt 0.166667 0.500000
vt 0.083333 0.500000
vt 0.000000 0.500000
vt 0.750000 0.490000
vt 0.630000 0.457846
vt 0.957846 0.370000
vt 0.870000 0.457846
vt 0.010000 0.250000
vt 0.510000 0.250000
vt 0.542154 0.130000
vt 0.957846 0.130000
vt 0.042154 0.370000
vt 0.130000 0.457846
vt 0.370000 0.042154
vt 0.250000 0.010000
vt 0.542154 0.370000
vt 0.870000 0.042154
vt 0.370000 0.457846
vt 0.130000 0.042154
s 0
f 1558/715/1106 1553/716/1106 1499/716/1106 1497/715/1106
f 1487/717/1107 1532/717/1107 1545/718/1107 1489/718/1107
f 1498/719/1108 1559/719/1108 1556/720/1108 1496/720/1108
f 1542/721/1109 1539/722/1109 1486/722/1109 1488/721/1109
f 1501/723/1110 1550/723/1110 1527/724/1110 1479/724/1110
f 1491/725/1111 1548/725/1111 1551/726/1111 1493/726/1111
f 1502/727/1112 1540/727/1112 1538/728/1112 1500/728/1112
f 1492/729/1113 1546/729/1113 1544/730/1113 1490/730/1113
f 1483/731/1114 1481/732/1114 1528/732/1114 1535/731/1114
f 1495/733/1115 1555/733/1115 1558/715/1115 1497/715/1115
f 1482/734/1116 1480/735/1116 1502/727/1116 1500/728/1116 1498/719/1116 1496/720/1116 1494/736/1116 1492/729/1116 1490/730/1116 1488/721/1116 1486/722/1116 1484/737/1116
f 1485/738/1117 1533/738/1117 1532/717/1117 1487/717/1117
f 1482/734/1118 1529/734/1118 1530/735/1118 1480/735/1118
f 1479/724/1119 1481/732/1119 1483/731/1119 1485/738/1119 1487/717/1119 1489/718/1119 1491/725/1119 1493/726/1119 1495/733/1119 1497/715/1119 1499/716/1119 1501/723/1119
f 1483/731/1120 1535/731/1120 1533/738/1120 1485/738/1120
f 1509/739/1121 1511/740/1121 1531/740/1121 1534/739/1121
f 1482/734/1122 1484/737/1122 1536/737/1122 1529/734/1122
f 1520/741/1123 1518/742/1123 1570/742/1123 1572/741/1123
f 1517/743/1124 1519/744/1124 1571/744/1124 1569/743/1124
f 1506/745/1125 1526/746/1125 1541/746/1125 1561/745/1125
f 1510/747/1126 1508/748/1126 1566/748/1126 1567/747/1126
f 1499/716/1127 1553/716/1127 1550/723/1127 1501/723/1127
f 1494/736/1128 1552/736/1128 1546/729/1128 1492/729/1128
f 1480/735/1129 1530/735/1129 1540/727/1129 1502/727/1129
f 1493/726/1130 1551/726/1130 1555/733/1130 1495/733/1130
f 1544/730/1131 1542/721/1131 1488/721/1131 1490/730/1131
f 1498/719/1132 1500/728/1132 1538/728/1132 1559/719/1132
f 1489/718/1133 1545/718/1133 1548/725/1133 1491/725/1133
f 1486/722/1134 1539/722/1134 1536/737/1134 1484/737/1134
f 1496/720/1135 1556/720/1135 1552/736/1135 1494/736/1135
f 1503/749/1136 1506/750/1136 1505/751/1136 1504/752/1136
f 1504/752/1137 1505/751/1137 1508/748/1137 1507/753/1137
f 1507/753/1138 1508/748/1138 1510/747/1138 1509/739/1138
f 1509/739/1139 1510/747/1139 1512/754/1139 1511/740/1139
f 1511/740/1140 1512/754/1140 1514/755/1140 1513/756/1140
f 1513/756/1141 1514/755/1141 1516/757/1141 1515/758/1141
f 1515/758/1142 1516/757/1142 1518/742/1142 1517/743/1142
f 1517/743/1143 1518/742/1143 1520/741/1143 1519/744/1143
f 1519/744/1144 1520/741/1144 1522/759/1144 1521/760/1144
f 1521/760/1145 1522/759/1145 1524/761/1145 1523/762/1145
f 1523/762/1146 1524/761/1146 1526/746/1146 1525/763/1146
f 1525/763/1147 1526/746/1147 1506/745/1147 1503/764/1147
f 1525/763/1148 1503/764/1148 1563/764/1148 1549/763/1148
f 1507/753/1149 1509/739/1149 1534/739/1149 1565/753/1149
f 1518/742/1150 1516/757/1150 1547/757/1150 1570/742/1150
f 1515/758/1151 1517/743/1151 1569/743/1151 1557/758/1151
f 1526/746/1152 1524/761/1152 1537/761/1152 1541/746/1152
f 1508/748/1153 1505/751/1153 1562/751/1153 1566/748/1153
f 1598/765/1154 1589/766/1154 1549/723/1154 1563/724/1154
f 1597/726/1155 1591/725/1155 1557/725/1155 1569/726/1155
f 1596/767/1156 1595/768/1156 1564/732/1156 1565/731/1156
f 1584/720/1157 1583/769/1157 1574/719/1157 1572/720/1157
f 1582/722/1158 1581/721/1158 1568/721/1158 1567/722/1158
f 1594/770/1159 1593/771/1159 1571/733/1159 1573/715/1159
f 1587/772/1160 1588/738/1160 1534/738/1160 1531/717/1160
f 1575/773/1161 1576/774/1161 1541/727/1161 1537/728/1161
f 1577/775/1162 1578/776/1162 1547/729/1162 1543/730/1162
f 1589/766/1163 1590/777/1163 1554/716/1163 1549/723/1163
f 1591/725/1164 1592/778/1164 1560/718/1164 1557/725/1164
f 1579/735/1165 1580/779/1165 1562/734/1165 1561/735/1165
f 1580/779/1166 1585/737/1166 1566/737/1166 1562/734/1166
f 1578/776/1167 1586/780/1167 1570/736/1167 1547/729/1167
f 1576/774/1168 1579/735/1168 1561/735/1168 1541/727/1168
f 1592/778/1169 1587/772/1169 1531/717/1169 1560/718/1169
f 1590/777/1170 1594/770/1170 1573/715/1170 1554/716/1170
f 1581/721/1171 1577/775/1171 1543/730/1171 1568/721/1171
f 1583/769/1172 1575/773/1172 1537/728/1172 1574/719/1172
f 1588/738/1173 1596/767/1173 1565/731/1173 1534/738/1173
f 1593/771/1174 1597/726/1174 1569/726/1174 1571/733/1174
f 1595/768/1175 1598/765/1175 1563/724/1175 1564/732/1175
f 1585/737/1176 1582/722/1176 1567/722/1176 1566/737/1176
f 1586/780/1177 1584/720/1177 1572/720/1177 1570/736/1177
f 1512/754/1178 1510/747/1178 1567/747/1178 1568/754/1178
f 1519/744/1179 1521/760/1179 1573/760/1179 1571/744/1179
f 1522/759/1180 1520/741/1180 1572/741/1180 1574/759/1180
f 1511/740/1181 1513/756/1181 1560/756/1181 1531/740/1181
f 1503/749/1182 1504/752/1182 1564/752/1182 1563/749/1182
f 1514/755/1183 1512/754/1183 1568/754/1183 1543/755/1183
f 1505/751/1184 1506/750/1184 1561/750/1184 1562/751/1184
f 1521/760/1185 1523/762/1185 1554/762/1185 1573/760/1185
f 1524/761/1186 1522/759/1186 1574/759/1186 1537/761/1186
f 1513/756/1187 1515/758/1187 1557/758/1187 1560/756/1187
f 1516/757/1188 1514/755/1188 1543/755/1188 1547/757/1188
f 1504/752/1189 1507/753/1189 1565/753/1189 1564/752/1189
f 1523/762/1190 1525/763/1190 1549/763/1190 1554/762/1190
f 1552/736/1191 1556/720/1191 1584/720/1191 1586/780/1191
f 1536/737/1192 1539/722/1192 1582/722/1192 1585/737/1192
f 1559/719/1193 1538/728/1193 1575/773/1193 1583/769/1193
f 1542/721/1194 1544/730/1194 1577/775/1194 1581/721/1194
f 1540/727/1195 1530/735/1195 1579/735/1195 1576/774/1195
f 1546/729/1196 1552/736/1196 1586/780/1196 1578/776/1196
f 1529/734/1197 1536/737/1197 1585/737/1197 1580/779/1197
f 1530/735/1198 1529/734/1198 1580/779/1198 1579/735/1198
f 1544/730/1199 1546/729/1199 1578/776/1199 1577/775/1199
f 1538/728/1200 1540/727/1200 1576/774/1200 1575/773/1200
f 1539/722/1201 1542/721/1201 1581/721/1201 1582/722/1201
f 1556/720/1202 1559/719/1202 1583/769/1202 1584/720/1202
f 1528/732/1203 1527/724/1203 1598/765/1203 1595/768/1203
f 1555/733/1204 1551/726/1204 1597/726/1204 1593/771/1204
f 1533/738/1205 1535/731/1205 1596/767/1205 1588/738/1205
f 1553/716/1206 1558/715/1206 1594/770/1206 1590/777/1206
f 1545/718/1207 1532/717/1207 1587/772/1207 1592/778/1207
f 1548/725/1208 1545/718/1208 1592/778/1208 1591/725/1208
f 1550/723/1209 1553/716/1209 1590/777/1209 1589/766/1209
f 1532/717/1210 1533/738/1210 1588/738/1210 1587/772/1210
f 1558/715/1211 1555/733/1211 1593/771/1211 1594/770/1211
f 1535/731/1212 1528/732/1212 1595/768/1212 1596/767/1212
f 1551/726/1213 1548/725/1213 1591/725/1213 1597/726/1213
f 1527/724/1214 1550/723/1214 1589/766/1214 1598/765/1214
f 1479/724/1215 1527/724/1215 1528/732/1215 1481/732/1215
