# Blender 5.1.2
# www.blender.org
mtllib SandbagPallet.mtl
o Sandbags
v 0.900000 0.175904 -0.900000
v 0.900000 0.226480 -0.900000
v 0.900000 0.175904 0.900000
v 0.900000 0.226480 0.900000
v -0.900000 0.175904 -0.900000
v -0.900000 0.226480 -0.900000
v -0.900000 0.175904 0.900000
v -0.900000 0.226480 0.900000
v -0.642857 0.175904 0.900000
v -0.128571 0.175904 0.900000
v 0.128571 0.175904 0.900000
v 0.642857 0.175904 0.900000
v 0.641423 0.226480 0.900000
v 0.127867 0.226480 0.900000
v -0.127867 0.226480 0.900000
v -0.641423 0.226480 0.900000
v 0.642857 0.175904 -0.900000
v 0.128571 0.175904 -0.900000
v -0.128571 0.175904 -0.900000
v -0.642857 0.175904 -0.900000
v -0.641423 0.226480 -0.900000
v -0.127867 0.226480 -0.900000
v 0.127867 0.226480 -0.900000
v 0.641423 0.226480 -0.900000
v 0.900000 0.000339 0.900000
v 0.900000 0.000339 -0.900000
v 0.642857 0.000339 0.900000
v -0.900000 0.000339 -0.900000
v -0.900000 0.000339 0.900000
v -0.642857 0.000339 -0.900000
v -0.642857 0.000339 0.900000
v -0.128571 0.000339 0.900000
v 0.128571 0.000339 0.900000
v 0.642857 0.000339 -0.900000
v 0.128571 0.000339 -0.900000
v -0.128571 0.000339 -0.900000
v 0.900000 0.175904 0.691875
v 0.900000 0.175904 0.096192
v 0.900000 0.175904 -0.096192
v 0.900000 0.175904 -0.691875
v 0.900000 0.226480 -0.691875
v 0.900000 0.226480 -0.096192
v 0.900000 0.226480 0.096192
v 0.900000 0.226480 0.691875
v -0.900000 0.175904 -0.691875
v -0.900000 0.175904 -0.096192
v -0.900000 0.175904 0.096192
v -0.900000 0.175904 0.691875
v -0.900000 0.226480 0.691875
v -0.900000 0.226480 0.096192
v -0.900000 0.226480 -0.096192
v -0.900000 0.226480 -0.691875
v -0.641423 0.226480 0.691875
v -0.641423 0.226480 0.096192
v -0.641423 0.226480 -0.096192
v -0.641423 0.226480 -0.691875
v -0.127867 0.226480 0.691875
v -0.127867 0.226480 0.096192
v -0.127867 0.226480 -0.096192
v -0.127867 0.226480 -0.691875
v 0.127867 0.226480 0.691875
v 0.127867 0.226480 0.096192
v 0.127867 0.226480 -0.096192
v 0.127867 0.226480 -0.691875
v 0.641423 0.226480 0.691875
v 0.641423 0.226480 0.096192
v 0.641423 0.226480 -0.096192
v 0.641423 0.226480 -0.691875
v 0.642857 0.175904 0.691875
v 0.642857 0.175904 0.096192
v 0.642857 0.175904 -0.096192
v 0.642857 0.175904 -0.691875
v 0.128571 0.175904 0.691875
v 0.128571 0.175904 0.096192
v 0.128571 0.175904 -0.096192
v 0.128571 0.175904 -0.691875
v -0.128571 0.175904 0.691875
v -0.128571 0.175904 0.096192
v -0.128571 0.175904 -0.096192
v -0.128571 0.175904 -0.691875
v -0.642857 0.175904 0.691875
v -0.642857 0.175904 0.096192
v -0.642857 0.175904 -0.096192
v -0.642857 0.175904 -0.691875
v 0.900000 0.000339 0.691875
v 0.900000 0.000339 0.096192
v 0.900000 0.000339 -0.096192
v 0.900000 0.000339 -0.691875
v -0.900000 0.000339 -0.691875
v -0.900000 0.000339 -0.096192
v -0.900000 0.000339 0.096192
v -0.900000 0.000339 0.691875
v 0.642857 0.000339 0.691875
v 0.642857 0.000339 0.096192
v 0.642857 0.000339 -0.096192
v 0.642857 0.000339 -0.691875
v 0.128571 0.000339 0.691875
v 0.128571 0.000339 0.096192
v 0.128571 0.000339 -0.096192
v 0.128571 0.000339 -0.691875
v -0.128571 0.000339 0.691875
v -0.128571 0.000339 0.096192
v -0.128571 0.000339 -0.096192
v -0.128571 0.000339 -0.691875
v -0.642857 0.000339 0.691875
v -0.642857 0.000339 0.096192
v -0.642857 0.000339 -0.096192
v -0.642857 0.000339 -0.691875
v -0.900000 0.028739 0.900000
v -0.642857 0.028739 0.900000
v -0.642857 0.028739 -0.900000
v -0.900000 0.028739 -0.900000
v -0.642857 0.028739 -0.691875
v -0.642857 0.028739 -0.096192
v -0.642857 0.028739 0.096192
v -0.642857 0.028739 0.691875
v -0.900000 0.028739 0.691875
v -0.900000 0.028739 0.096192
v -0.900000 0.028739 -0.096192
v -0.900000 0.028739 -0.691875
v 0.128571 0.028739 0.900000
v 0.128571 0.028739 -0.900000
v -0.128571 0.028739 -0.900000
v -0.128571 0.028739 0.900000
v -0.128571 0.028739 0.691875
v -0.128571 0.028739 0.096192
v -0.128571 0.028739 -0.096192
v -0.128571 0.028739 -0.691875
v 0.128571 0.028739 -0.691875
v 0.128571 0.028739 -0.096192
v 0.128571 0.028739 0.096192
v 0.128571 0.028739 0.691875
v 0.900000 0.028739 -0.900000
v 0.642857 0.028739 -0.900000
v 0.900000 0.028739 0.900000
v 0.642857 0.028739 0.900000
v 0.642857 0.028739 0.691875
v 0.642857 0.028739 0.096192
v 0.642857 0.028739 -0.096192
v 0.642857 0.028739 -0.691875
v 0.900000 0.028739 -0.691875
v 0.900000 0.028739 -0.096192
v 0.900000 0.028739 0.096192
v 0.900000 0.028739 0.691875
v 0.300000 0.175904 0.900000
v 0.471429 0.175904 0.900000
v 0.460713 0.226480 0.900000
v 0.304457 0.226480 0.900000
v 0.471429 0.175904 -0.900000
v 0.300000 0.175904 -0.900000
v 0.304457 0.226480 -0.900000
v 0.460713 0.226480 -0.900000
v 0.300000 0.175904 0.691875
v 0.471429 0.175904 0.691875
v 0.300000 0.175904 0.096192
v 0.471429 0.175904 0.096192
v 0.300000 0.175904 -0.096192
v 0.471429 0.175904 -0.096192
v 0.300000 0.175904 -0.691875
v 0.471429 0.175904 -0.691875
v 0.460713 0.226480 0.691875
v 0.304457 0.226480 0.691875
v 0.460713 0.226480 0.096192
v 0.304457 0.226480 0.096192
v 0.460713 0.226480 -0.096192
v 0.304457 0.226480 -0.096192
v 0.460713 0.226480 -0.691875
v 0.304457 0.226480 -0.691875
v -0.471429 0.175904 0.900000
v -0.300000 0.175904 0.900000
v -0.304457 0.226480 0.900000
v -0.460713 0.226480 0.900000
v -0.300000 0.175904 -0.900000
v -0.471429 0.175904 -0.900000
v -0.460713 0.226480 -0.900000
v -0.304457 0.226480 -0.900000
v -0.304457 0.226480 0.691875
v -0.460713 0.226480 0.691875
v -0.304457 0.226480 0.096192
v -0.460713 0.226480 0.096192
v -0.304457 0.226480 -0.096192
v -0.460713 0.226480 -0.096192
v -0.304457 0.226480 -0.691875
v -0.460713 0.226480 -0.691875
v -0.471429 0.175904 0.691875
v -0.300000 0.175904 0.691875
v -0.471429 0.175904 0.096192
v -0.300000 0.175904 0.096192
v -0.471429 0.175904 -0.096192
v -0.300000 0.175904 -0.096192
v -0.471429 0.175904 -0.691875
v -0.300000 0.175904 -0.691875
v 0.900000 0.279889 0.691875
v 0.900000 0.279889 0.900000
v -0.641423 0.279889 0.900000
v -0.900000 0.279889 0.900000
v -0.900000 0.279889 -0.691875
v -0.900000 0.279889 -0.900000
v 0.641423 0.279889 -0.900000
v 0.900000 0.279889 -0.900000
v 0.641423 0.279889 0.900000
v -0.641423 0.279889 -0.900000
v -0.641423 0.279889 -0.691875
v -0.127867 0.279889 -0.691875
v -0.127867 0.279889 -0.900000
v 0.127867 0.279889 -0.691875
v 0.127867 0.279889 -0.900000
v 0.641423 0.279889 -0.691875
v 0.900000 0.279889 -0.691875
v 0.900000 0.279889 -0.096192
v 0.900000 0.279889 0.096192
v -0.900000 0.279889 0.691875
v -0.900000 0.279889 0.096192
v -0.900000 0.279889 -0.096192
v -0.641423 0.279889 0.691875
v -0.641423 0.279889 0.096192
v -0.641423 0.279889 -0.096192
v -0.127867 0.279889 0.900000
v -0.127867 0.279889 0.691875
v -0.127867 0.279889 0.096192
v -0.127867 0.279889 -0.096192
v 0.127867 0.279889 0.900000
v 0.127867 0.279889 0.691875
v 0.127867 0.279889 0.096192
v 0.127867 0.279889 -0.096192
v 0.641423 0.279889 0.691875
v 0.641423 0.279889 0.096192
v 0.641423 0.279889 -0.096192
v 0.460713 0.279889 0.900000
v 0.304457 0.279889 0.900000
v 0.304457 0.279889 -0.900000
v 0.460713 0.279889 -0.900000
v 0.460713 0.279889 0.691875
v 0.304457 0.279889 0.691875
v 0.460713 0.279889 0.096192
v 0.304457 0.279889 0.096192
v 0.460713 0.279889 -0.096192
v 0.304457 0.279889 -0.096192
v 0.460713 0.279889 -0.691875
v 0.304457 0.279889 -0.691875
v -0.304457 0.279889 0.900000
v -0.460713 0.279889 0.900000
v -0.460713 0.279889 -0.900000
v -0.304457 0.279889 -0.900000
v -0.304457 0.279889 0.691875
v -0.460713 0.279889 0.691875
v -0.304457 0.279889 0.096192
v -0.460713 0.279889 0.096192
v -0.304457 0.279889 -0.096192
v -0.460713 0.279889 -0.096192
v -0.304457 0.279889 -0.691875
v -0.460713 0.279889 -0.691875
v 0.831839 0.332908 0.120091
v 0.831839 0.458830 0.120091
v 0.831839 0.332908 0.780091
v 0.831839 0.458830 0.780091
v 0.398506 0.332908 0.120091
v 0.398506 0.458830 0.120091
v 0.398506 0.332908 0.780091
v 0.398506 0.458830 0.780091
v 0.842673 0.395869 0.029003
v 0.842673 0.395869 0.871179
v 0.387673 0.395869 0.871179
v 0.387673 0.395869 0.029003
v 0.842673 0.290869 0.450091
v 0.842673 0.500869 0.450091
v 0.387673 0.290869 0.450091
v 0.387673 0.500869 0.450091
v 0.337613 0.395869 0.450091
v 0.892732 0.395869 0.450091
v 0.615173 0.329760 0.796591
v 0.615173 0.461978 0.796591
v 0.615173 0.329760 0.103591
v 0.615173 0.461978 0.103591
v 0.615173 0.395869 -0.001888
v 0.615173 0.395869 0.902069
v 0.615173 0.515869 0.450091
v 0.615173 0.275869 0.450091
v 0.842673 0.290869 0.252091
v 0.842673 0.407445 0.069630
v 0.842673 0.500869 0.648091
v 0.842673 0.384293 0.830551
v 0.745173 0.329760 0.796591
v 0.485173 0.461978 0.796591
v 0.387673 0.384293 0.830551
v 0.387673 0.290869 0.648091
v 0.387673 0.500869 0.252091
v 0.387673 0.384293 0.069630
v 0.485173 0.329760 0.103591
v 0.745173 0.461978 0.103591
v 0.842673 0.384293 0.069630
v 0.842673 0.407445 0.830551
v 0.387673 0.407445 0.830551
v 0.387673 0.407445 0.069630
v 0.745173 0.395869 -0.001888
v 0.337613 0.395869 0.252091
v 0.485173 0.395869 0.902069
v 0.892732 0.395869 0.648091
v 0.842673 0.290869 0.648091
v 0.842673 0.500869 0.252091
v 0.387673 0.290869 0.252091
v 0.387673 0.500869 0.648091
v 0.337613 0.395869 0.648091
v 0.892732 0.395869 0.252091
v 0.875173 0.335869 0.450091
v 0.355173 0.335869 0.450091
v 0.485173 0.524458 0.450091
v 0.745173 0.262955 0.450091
v 0.355173 0.455869 0.450091
v 0.875173 0.455869 0.450091
v 0.485173 0.329760 0.796591
v 0.745173 0.461978 0.796591
v 0.745173 0.329760 0.103591
v 0.485173 0.461978 0.103591
v 0.485173 0.395869 -0.001888
v 0.745173 0.395869 0.902069
v 0.745173 0.524458 0.450091
v 0.485173 0.262955 0.450091
v 0.615173 0.262955 0.648091
v 0.615173 0.528694 0.648091
v 0.615173 0.384293 0.884903
v 0.615173 0.384293 0.015279
v 0.615173 0.528694 0.252091
v 0.615173 0.262955 0.252091
v 0.615173 0.407445 0.015279
v 0.615173 0.407445 0.884903
v 0.745173 0.407445 0.884903
v 0.485173 0.407445 0.015279
v 0.745173 0.275869 0.252091
v 0.485173 0.515869 0.252091
v 0.485173 0.384293 0.015279
v 0.745173 0.384293 0.884903
v 0.485173 0.515869 0.648091
v 0.745173 0.275869 0.648091
v 0.875173 0.455869 0.252091
v 0.355173 0.455869 0.648091
v 0.485173 0.275869 0.648091
v 0.745173 0.515869 0.648091
v 0.355173 0.335869 0.648091
v 0.875173 0.335869 0.252091
v 0.875173 0.335869 0.648091
v 0.485173 0.384293 0.884903
v 0.355173 0.335869 0.252091
v 0.745173 0.384293 0.015279
v 0.745173 0.515869 0.252091
v 0.485173 0.275869 0.252091
v 0.745173 0.407445 0.015279
v 0.355173 0.455869 0.252091
v 0.485173 0.407445 0.884903
v 0.875173 0.455869 0.648091
v 0.831839 0.332908 -0.795834
v 0.831839 0.458830 -0.795834
v 0.831839 0.332908 -0.135834
v 0.831839 0.458830 -0.135834
v 0.398506 0.332908 -0.795834
v 0.398506 0.458830 -0.795834
v 0.398506 0.332908 -0.135834
v 0.398506 0.458830 -0.135834
v 0.842673 0.395869 -0.886922
v 0.842673 0.395869 -0.044746
v 0.387673 0.395869 -0.044746
v 0.387673 0.395869 -0.886922
v 0.842673 0.290869 -0.465834
v 0.842673 0.500869 -0.465834
v 0.387673 0.290869 -0.465834
v 0.387673 0.500869 -0.465834
v 0.337613 0.395869 -0.465834
v 0.892732 0.395869 -0.465834
v 0.615173 0.329760 -0.119334
v 0.615173 0.461978 -0.119334
v 0.615173 0.329760 -0.812334
v 0.615173 0.461978 -0.812334
v 0.615173 0.395869 -0.917813
v 0.615173 0.395869 -0.013856
v 0.615173 0.515869 -0.465834
v 0.615173 0.275869 -0.465834
v 0.842673 0.290869 -0.663834
v 0.842673 0.407445 -0.846295
v 0.842673 0.500869 -0.267834
v 0.842673 0.384293 -0.085374
v 0.745173 0.329760 -0.119334
v 0.485173 0.461978 -0.119334
v 0.387673 0.384293 -0.085374
v 0.387673 0.290869 -0.267834
v 0.387673 0.500869 -0.663834
v 0.387673 0.384293 -0.846295
v 0.485173 0.329760 -0.812334
v 0.745173 0.461978 -0.812334
v 0.842673 0.384293 -0.846295
v 0.842673 0.407445 -0.085374
v 0.387673 0.407445 -0.085374
v 0.387673 0.407445 -0.846295
v 0.745173 0.395869 -0.917813
v 0.337613 0.395869 -0.663834
v 0.485173 0.395869 -0.013856
v 0.892732 0.395869 -0.267834
v 0.842673 0.290869 -0.267834
v 0.842673 0.500869 -0.663834
v 0.387673 0.290869 -0.663834
v 0.387673 0.500869 -0.267834
v 0.337613 0.395869 -0.267834
v 0.892732 0.395869 -0.663834
v 0.875173 0.335869 -0.465834
v 0.355173 0.335869 -0.465834
v 0.485173 0.524458 -0.465834
v 0.745173 0.262955 -0.465834
v 0.355173 0.455869 -0.465834
v 0.875173 0.455869 -0.465834
v 0.485173 0.329760 -0.119334
v 0.745173 0.461978 -0.119334
v 0.745173 0.329760 -0.812334
v 0.485173 0.461978 -0.812334
v 0.485173 0.395869 -0.917813
v 0.745173 0.395869 -0.013856
v 0.745173 0.524458 -0.465834
v 0.485173 0.262955 -0.465834
v 0.615173 0.262955 -0.267834
v 0.615173 0.528694 -0.267834
v 0.615173 0.384293 -0.031022
v 0.615173 0.384293 -0.900646
v 0.615173 0.528694 -0.663834
v 0.615173 0.262955 -0.663834
v 0.615173 0.407445 -0.900646
v 0.615173 0.407445 -0.031022
v 0.745173 0.407445 -0.031022
v 0.485173 0.407445 -0.900646
v 0.745173 0.275869 -0.663834
v 0.485173 0.515869 -0.663834
v 0.485173 0.384293 -0.900646
v 0.745173 0.384293 -0.031022
v 0.485173 0.515869 -0.267834
v 0.745173 0.275869 -0.267834
v 0.875173 0.455869 -0.663834
v 0.355173 0.455869 -0.267834
v 0.485173 0.275869 -0.267834
v 0.745173 0.515869 -0.267834
v 0.355173 0.335869 -0.267834
v 0.875173 0.335869 -0.663834
v 0.875173 0.335869 -0.267834
v 0.485173 0.384293 -0.031022
v 0.355173 0.335869 -0.663834
v 0.745173 0.384293 -0.900646
v 0.745173 0.515869 -0.663834
v 0.485173 0.275869 -0.663834
v 0.745173 0.407445 -0.900646
v 0.355173 0.455869 -0.663834
v 0.485173 0.407445 -0.031022
v 0.875173 0.455869 -0.267834
v 0.216667 0.332908 -0.795834
v 0.216667 0.458830 -0.795834
v 0.216667 0.332908 -0.135834
v 0.216667 0.458830 -0.135834
v -0.216667 0.332908 -0.795834
v -0.216667 0.458830 -0.795834
v -0.216667 0.332908 -0.135834
v -0.216667 0.458830 -0.135834
v 0.227500 0.395869 -0.886922
v 0.227500 0.395869 -0.044746
v -0.227500 0.395869 -0.044746
v -0.227500 0.395869 -0.886922
v 0.227500 0.290869 -0.465834
v 0.227500 0.500869 -0.465834
v -0.227500 0.290869 -0.465834
v -0.227500 0.500869 -0.465834
v -0.277559 0.395869 -0.465834
v 0.277559 0.395869 -0.465834
v 0.000000 0.329760 -0.119334
v 0.000000 0.461978 -0.119334
v 0.000000 0.329760 -0.812334
v 0.000000 0.461978 -0.812334
v 0.000000 0.395869 -0.917813
v 0.000000 0.395869 -0.013856
v 0.000000 0.515869 -0.465834
v 0.000000 0.275869 -0.465834
v 0.227500 0.290869 -0.663834
v 0.227500 0.407445 -0.846295
v 0.227500 0.500869 -0.267834
v 0.227500 0.384293 -0.085374
v 0.130000 0.329760 -0.119334
v -0.130000 0.461978 -0.119334
v -0.227500 0.384293 -0.085374
v -0.227500 0.290869 -0.267834
v -0.227500 0.500869 -0.663834
v -0.227500 0.384293 -0.846295
v -0.130000 0.329760 -0.812334
v 0.130000 0.461978 -0.812334
v 0.227500 0.384293 -0.846295
v 0.227500 0.407445 -0.085374
v -0.227500 0.407445 -0.085374
v -0.227500 0.407445 -0.846295
v 0.130000 0.395869 -0.917813
v -0.277559 0.395869 -0.663834
v -0.130000 0.395869 -0.013856
v 0.277559 0.395869 -0.267834
v 0.227500 0.290869 -0.267834
v 0.227500 0.500869 -0.663834
v -0.227500 0.290869 -0.663834
v -0.227500 0.500869 -0.267834
v -0.277559 0.395869 -0.267834
v 0.277559 0.395869 -0.663834
v 0.260000 0.335869 -0.465834
v -0.260000 0.335869 -0.465834
v -0.130000 0.524458 -0.465834
v 0.130000 0.262955 -0.465834
v -0.260000 0.455869 -0.465834
v 0.260000 0.455869 -0.465834
v -0.130000 0.329760 -0.119334
v 0.130000 0.461978 -0.119334
v 0.130000 0.329760 -0.812334
v -0.130000 0.461978 -0.812334
v -0.130000 0.395869 -0.917813
v 0.130000 0.395869 -0.013856
v 0.130000 0.524458 -0.465834
v -0.130000 0.262955 -0.465834
v 0.000000 0.262955 -0.267834
v 0.000000 0.528694 -0.267834
v 0.000000 0.384293 -0.031022
v 0.000000 0.384293 -0.900646
v 0.000000 0.528694 -0.663834
v 0.000000 0.262955 -0.663834
v 0.000000 0.407445 -0.900646
v 0.000000 0.407445 -0.031022
v 0.130000 0.407445 -0.031022
v -0.130000 0.407445 -0.900646
v 0.130000 0.275869 -0.663834
v -0.130000 0.515869 -0.663834
v -0.130000 0.384293 -0.900646
v 0.130000 0.384293 -0.031022
v -0.130000 0.515869 -0.267834
v 0.130000 0.275869 -0.267834
v 0.260000 0.455869 -0.663834
v -0.260000 0.455869 -0.267834
v -0.130000 0.275869 -0.267834
v 0.130000 0.515869 -0.267834
v -0.260000 0.335869 -0.267834
v 0.260000 0.335869 -0.663834
v 0.260000 0.335869 -0.267834
v -0.130000 0.384293 -0.031022
v -0.260000 0.335869 -0.663834
v 0.130000 0.384293 -0.900646
v 0.130000 0.515869 -0.663834
v -0.130000 0.275869 -0.663834
v 0.130000 0.407445 -0.900646
v -0.260000 0.455869 -0.663834
v -0.130000 0.407445 -0.031022
v 0.260000 0.455869 -0.267834
v 0.216667 0.332908 0.120091
v 0.216667 0.458830 0.120091
v 0.216667 0.332908 0.780091
v 0.216667 0.458830 0.780091
v -0.216667 0.332908 0.120091
v -0.216667 0.458830 0.120091
v -0.216667 0.332908 0.780091
v -0.216667 0.458830 0.780091
v 0.227500 0.395869 0.029003
v 0.227500 0.395869 0.871179
v -0.227500 0.395869 0.871179
v -0.227500 0.395869 0.029003
v 0.227500 0.290869 0.450091
v 0.227500 0.500869 0.450091
v -0.227500 0.290869 0.450091
v -0.227500 0.500869 0.450091
v -0.277559 0.395869 0.450091
v 0.277559 0.395869 0.450091
v 0.000000 0.329760 0.796591
v 0.000000 0.461978 0.796591
v 0.000000 0.329760 0.103591
v 0.000000 0.461978 0.103591
v 0.000000 0.395869 -0.001888
v 0.000000 0.395869 0.902069
v 0.000000 0.515869 0.450091
v 0.000000 0.275869 0.450091
v 0.227500 0.290869 0.252091
v 0.227500 0.407445 0.069630
v 0.227500 0.500869 0.648091
v 0.227500 0.384293 0.830551
v 0.130000 0.329760 0.796591
v -0.130000 0.461978 0.796591
v -0.227500 0.384293 0.830551
v -0.227500 0.290869 0.648091
v -0.227500 0.500869 0.252091
v -0.227500 0.384293 0.069630
v -0.130000 0.329760 0.103591
v 0.130000 0.461978 0.103591
v 0.227500 0.384293 0.069630
v 0.227500 0.407445 0.830551
v -0.227500 0.407445 0.830551
v -0.227500 0.407445 0.069630
v 0.130000 0.395869 -0.001888
v -0.277559 0.395869 0.252091
v -0.130000 0.395869 0.902069
v 0.277559 0.395869 0.648091
v 0.227500 0.290869 0.648091
v 0.227500 0.500869 0.252091
v -0.227500 0.290869 0.252091
v -0.227500 0.500869 0.648091
v -0.277559 0.395869 0.648091
v 0.277559 0.395869 0.252091
v 0.260000 0.335869 0.450091
v -0.260000 0.335869 0.450091
v -0.130000 0.524458 0.450091
v 0.130000 0.262955 0.450091
v -0.260000 0.455869 0.450091
v 0.260000 0.455869 0.450091
v -0.130000 0.329760 0.796591
v 0.130000 0.461978 0.796591
v 0.130000 0.329760 0.103591
v -0.130000 0.461978 0.103591
v -0.130000 0.395869 -0.001888
v 0.130000 0.395869 0.902069
v 0.130000 0.524458 0.450091
v -0.130000 0.262955 0.450091
v 0.000000 0.262955 0.648091
v 0.000000 0.528694 0.648091
v 0.000000 0.384293 0.884903
v 0.000000 0.384293 0.015279
v 0.000000 0.528694 0.252091
v 0.000000 0.262955 0.252091
v 0.000000 0.407445 0.015279
v 0.000000 0.407445 0.884903
v 0.130000 0.407445 0.884903
v -0.130000 0.407445 0.015279
v 0.130000 0.275869 0.252091
v -0.130000 0.515869 0.252091
v -0.130000 0.384293 0.015279
v 0.130000 0.384293 0.884903
v -0.130000 0.515869 0.648091
v 0.130000 0.275869 0.648091
v 0.260000 0.455869 0.252091
v -0.260000 0.455869 0.648091
v -0.130000 0.275869 0.648091
v 0.130000 0.515869 0.648091
v -0.260000 0.335869 0.648091
v 0.260000 0.335869 0.252091
v 0.260000 0.335869 0.648091
v -0.130000 0.384293 0.884903
v -0.260000 0.335869 0.252091
v 0.130000 0.384293 0.015279
v 0.130000 0.515869 0.252091
v -0.130000 0.275869 0.252091
v 0.130000 0.407445 0.015279
v -0.260000 0.455869 0.252091
v -0.130000 0.407445 0.884903
v 0.260000 0.455869 0.648091
v -0.376975 0.332908 -0.795834
v -0.376975 0.458830 -0.795834
v -0.376975 0.332908 -0.135834
v -0.376975 0.458830 -0.135834
v -0.810308 0.332908 -0.795834
v -0.810308 0.458830 -0.795834
v -0.810308 0.332908 -0.135834
v -0.810308 0.458830 -0.135834
v -0.366142 0.395869 -0.886922
v -0.366142 0.395869 -0.044746
v -0.821142 0.395869 -0.044746
v -0.821142 0.395869 -0.886922
v -0.366142 0.290869 -0.465834
v -0.366142 0.500869 -0.465834
v -0.821142 0.290869 -0.465834
v -0.821142 0.500869 -0.465834
v -0.871201 0.395869 -0.465834
v -0.316082 0.395869 -0.465834
v -0.593642 0.329760 -0.119334
v -0.593642 0.461978 -0.119334
v -0.593642 0.329760 -0.812334
v -0.593642 0.461978 -0.812334
v -0.593642 0.395869 -0.917813
v -0.593642 0.395869 -0.013856
v -0.593642 0.515869 -0.465834
v -0.593642 0.275869 -0.465834
v -0.366142 0.290869 -0.663834
v -0.366142 0.407445 -0.846295
v -0.366142 0.500869 -0.267834
v -0.366142 0.384293 -0.085374
v -0.463642 0.329760 -0.119334
v -0.723642 0.461978 -0.119334
v -0.821142 0.384293 -0.085374
v -0.821142 0.290869 -0.267834
v -0.821142 0.500869 -0.663834
v -0.821142 0.384293 -0.846295
v -0.723642 0.329760 -0.812334
v -0.463642 0.461978 -0.812334
v -0.366142 0.384293 -0.846295
v -0.366142 0.407445 -0.085374
v -0.821142 0.407445 -0.085374
v -0.821142 0.407445 -0.846295
v -0.463642 0.395869 -0.917813
v -0.871201 0.395869 -0.663834
v -0.723642 0.395869 -0.013856
v -0.316082 0.395869 -0.267834
v -0.366142 0.290869 -0.267834
v -0.366142 0.500869 -0.663834
v -0.821142 0.290869 -0.663834
v -0.821142 0.500869 -0.267834
v -0.871201 0.395869 -0.267834
v -0.316082 0.395869 -0.663834
v -0.333642 0.335869 -0.465834
v -0.853642 0.335869 -0.465834
v -0.723642 0.524458 -0.465834
v -0.463642 0.262955 -0.465834
v -0.853642 0.455869 -0.465834
v -0.333642 0.455869 -0.465834
v -0.723642 0.329760 -0.119334
v -0.463642 0.461978 -0.119334
v -0.463642 0.329760 -0.812334
v -0.723642 0.461978 -0.812334
v -0.723642 0.395869 -0.917813
v -0.463642 0.395869 -0.013856
v -0.463642 0.524458 -0.465834
v -0.723642 0.262955 -0.465834
v -0.593642 0.262955 -0.267834
v -0.593642 0.528694 -0.267834
v -0.593642 0.384293 -0.031022
v -0.593642 0.384293 -0.900646
v -0.593642 0.528694 -0.663834
v -0.593642 0.262955 -0.663834
v -0.593642 0.407445 -0.900646
v -0.593642 0.407445 -0.031022
v -0.463642 0.407445 -0.031022
v -0.723642 0.407445 -0.900646
v -0.463642 0.275869 -0.663834
v -0.723642 0.515869 -0.663834
v -0.723642 0.384293 -0.900646
v -0.463642 0.384293 -0.031022
v -0.723642 0.515869 -0.267834
v -0.463642 0.275869 -0.267834
v -0.333642 0.455869 -0.663834
v -0.853642 0.455869 -0.267834
v -0.723642 0.275869 -0.267834
v -0.463642 0.515869 -0.267834
v -0.853642 0.335869 -0.267834
v -0.333642 0.335869 -0.663834
v -0.333642 0.335869 -0.267834
v -0.723642 0.384293 -0.031022
v -0.853642 0.335869 -0.663834
v -0.463642 0.384293 -0.900646
v -0.463642 0.515869 -0.663834
v -0.723642 0.275869 -0.663834
v -0.463642 0.407445 -0.900646
v -0.853642 0.455869 -0.663834
v -0.723642 0.407445 -0.031022
v -0.333642 0.455869 -0.267834
v -0.376975 0.332908 0.120091
v -0.376975 0.458830 0.120091
v -0.376975 0.332908 0.780091
v -0.376975 0.458830 0.780091
v -0.810308 0.332908 0.120091
v -0.810308 0.458830 0.120091
v -0.810308 0.332908 0.780091
v -0.810308 0.458830 0.780091
v -0.366142 0.395869 0.029003
v -0.366142 0.395869 0.871179
v -0.821142 0.395869 0.871179
v -0.821142 0.395869 0.029003
v -0.366142 0.290869 0.450091
v -0.366142 0.500869 0.450091
v -0.821142 0.290869 0.450091
v -0.821142 0.500869 0.450091
v -0.871201 0.395869 0.450091
v -0.316082 0.395869 0.450091
v -0.593642 0.329760 0.796591
v -0.593642 0.461978 0.796591
v -0.593642 0.329760 0.103591
v -0.593642 0.461978 0.103591
v -0.593642 0.395869 -0.001888
v -0.593642 0.395869 0.902069
v -0.593642 0.515869 0.450091
v -0.593642 0.275869 0.450091
v -0.366142 0.290869 0.252091
v -0.366142 0.407445 0.069630
v -0.366142 0.500869 0.648091
v -0.366142 0.384293 0.830551
v -0.463642 0.329760 0.796591
v -0.723642 0.461978 0.796591
v -0.821142 0.384293 0.830551
v -0.821142 0.290869 0.648091
v -0.821142 0.500869 0.252091
v -0.821142 0.384293 0.069630
v -0.723642 0.329760 0.103591
v -0.463642 0.461978 0.103591
v -0.366142 0.384293 0.069630
v -0.366142 0.407445 0.830551
v -0.821142 0.407445 0.830551
v -0.821142 0.407445 0.069630
v -0.463642 0.395869 -0.001888
v -0.871201 0.395869 0.252091
v -0.723642 0.395869 0.902069
v -0.316082 0.395869 0.648091
v -0.366142 0.290869 0.648091
v -0.366142 0.500869 0.252091
v -0.821142 0.290869 0.252091
v -0.821142 0.500869 0.648091
v -0.871201 0.395869 0.648091
v -0.316082 0.395869 0.252091
v -0.333642 0.335869 0.450091
v -0.853642 0.335869 0.450091
v -0.723642 0.524458 0.450091
v -0.463642 0.262955 0.450091
v -0.853642 0.455869 0.450091
v -0.333642 0.455869 0.450091
v -0.723642 0.329760 0.796591
v -0.463642 0.461978 0.796591
v -0.463642 0.329760 0.103591
v -0.723642 0.461978 0.103591
v -0.723642 0.395869 -0.001888
v -0.463642 0.395869 0.902069
v -0.463642 0.524458 0.450091
v -0.723642 0.262955 0.450091
v -0.593642 0.262955 0.648091
v -0.593642 0.528694 0.648091
v -0.593642 0.384293 0.884903
v -0.593642 0.384293 0.015279
v -0.593642 0.528694 0.252091
v -0.593642 0.262955 0.252091
v -0.593642 0.407445 0.015279
v -0.593642 0.407445 0.884903
v -0.463642 0.407445 0.884903
v -0.723642 0.407445 0.015279
v -0.463642 0.275869 0.252091
v -0.723642 0.515869 0.252091
v -0.723642 0.384293 0.015279
v -0.463642 0.384293 0.884903
v -0.723642 0.515869 0.648091
v -0.463642 0.275869 0.648091
v -0.333642 0.455869 0.252091
v -0.853642 0.455869 0.648091
v -0.723642 0.275869 0.648091
v -0.463642 0.515869 0.648091
v -0.853642 0.335869 0.648091
v -0.333642 0.335869 0.252091
v -0.333642 0.335869 0.648091
v -0.723642 0.384293 0.884903
v -0.853642 0.335869 0.252091
v -0.463642 0.384293 0.015279
v -0.463642 0.515869 0.252091
v -0.723642 0.275869 0.252091
v -0.463642 0.407445 0.015279
v -0.853642 0.455869 0.252091
v -0.723642 0.407445 0.884903
v -0.333642 0.455869 0.648091
v -0.120785 0.557771 -0.392024
v -0.120785 0.683692 -0.392024
v -0.780786 0.557771 -0.392024
v -0.780786 0.683692 -0.392024
v -0.120786 0.557771 -0.825357
v -0.120786 0.683692 -0.825357
v -0.780786 0.557771 -0.825357
v -0.780786 0.683692 -0.825357
v -0.029697 0.620731 -0.381190
v -0.871874 0.620731 -0.381190
v -0.871874 0.620731 -0.836190
v -0.029697 0.620731 -0.836190
v -0.450786 0.515731 -0.381190
v -0.450786 0.725731 -0.381190
v -0.450786 0.515731 -0.836190
v -0.450786 0.725731 -0.836190
v -0.450786 0.620731 -0.886250
v -0.450786 0.620731 -0.331131
v -0.797286 0.554623 -0.608690
v -0.797286 0.686840 -0.608690
v -0.104286 0.554623 -0.608691
v -0.104286 0.686840 -0.608691
v 0.001193 0.620731 -0.608691
v -0.902764 0.620731 -0.608690
v -0.450786 0.740731 -0.608690
v -0.450786 0.500731 -0.608690
v -0.252786 0.515731 -0.381190
v -0.070325 0.632308 -0.381190
v -0.648786 0.725731 -0.381190
v -0.831246 0.609155 -0.381190
v -0.797286 0.554623 -0.478690
v -0.797286 0.686840 -0.738690
v -0.831246 0.609155 -0.836190
v -0.648786 0.515731 -0.836190
v -0.252786 0.725731 -0.836190
v -0.070325 0.609155 -0.836190
v -0.104286 0.554623 -0.738690
v -0.104286 0.686840 -0.478691
v -0.070325 0.609155 -0.381190
v -0.831246 0.632308 -0.381190
v -0.831246 0.632308 -0.836190
v -0.070325 0.632308 -0.836190
v 0.001193 0.620731 -0.478691
v -0.252786 0.620731 -0.886250
v -0.902764 0.620731 -0.738690
v -0.648786 0.620731 -0.331131
v -0.648786 0.515731 -0.381190
v -0.252786 0.725731 -0.381190
v -0.252786 0.515731 -0.836190
v -0.648786 0.725731 -0.836190
v -0.648786 0.620731 -0.886250
v -0.252786 0.620731 -0.331131
v -0.450786 0.560731 -0.348690
v -0.450786 0.560731 -0.868690
v -0.450786 0.749320 -0.738690
v -0.450786 0.487817 -0.478690
v -0.450786 0.680731 -0.868690
v -0.450786 0.680731 -0.348690
v -0.797286 0.554623 -0.738690
v -0.797286 0.686840 -0.478690
v -0.104286 0.554623 -0.478691
v -0.104286 0.686840 -0.738690
v 0.001193 0.620731 -0.738690
v -0.902764 0.620731 -0.478690
v -0.450786 0.749320 -0.478690
v -0.450786 0.487817 -0.738690
v -0.648786 0.487817 -0.608690
v -0.648786 0.753556 -0.608690
v -0.885597 0.609155 -0.608690
v -0.015974 0.609155 -0.608691
v -0.252786 0.753556 -0.608690
v -0.252786 0.487817 -0.608690
v -0.015974 0.632308 -0.608691
v -0.885597 0.632308 -0.608690
v -0.885597 0.632308 -0.478690
v -0.015974 0.632308 -0.738690
v -0.252786 0.500731 -0.478690
v -0.252786 0.740731 -0.738690
v -0.015974 0.609155 -0.738690
v -0.885597 0.609155 -0.478690
v -0.648786 0.740731 -0.738690
v -0.648786 0.500731 -0.478690
v -0.252786 0.680731 -0.348690
v -0.648786 0.680731 -0.868690
v -0.648786 0.500731 -0.738690
v -0.648786 0.740731 -0.478690
v -0.648786 0.560731 -0.868690
v -0.252786 0.560731 -0.348690
v -0.648786 0.560731 -0.348690
v -0.885597 0.609155 -0.738690
v -0.252786 0.560731 -0.868690
v -0.015974 0.609155 -0.478691
v -0.252786 0.740731 -0.478690
v -0.252786 0.500731 -0.738690
v -0.015974 0.632308 -0.478691
v -0.252786 0.680731 -0.868690
v -0.885597 0.632308 -0.738690
v -0.648786 0.680731 -0.348690
v 0.795140 0.557771 -0.392024
v 0.795140 0.683692 -0.392024
v 0.135139 0.557771 -0.392024
v 0.135139 0.683692 -0.392024
v 0.795140 0.557771 -0.825357
v 0.795140 0.683692 -0.825357
v 0.135139 0.557771 -0.825357
v 0.135139 0.683692 -0.825357
v 0.886228 0.620731 -0.381191
v 0.044051 0.620731 -0.381190
v 0.044051 0.620731 -0.836190
v 0.886228 0.620731 -0.836191
v 0.465139 0.515731 -0.381190
v 0.465139 0.725731 -0.381190
v 0.465139 0.515731 -0.836190
v 0.465139 0.725731 -0.836190
v 0.465139 0.620731 -0.886250
v 0.465139 0.620731 -0.331131
v 0.118639 0.554623 -0.608690
v 0.118639 0.686840 -0.608690
v 0.811639 0.554623 -0.608691
v 0.811639 0.686840 -0.608691
v 0.917118 0.620731 -0.608691
v 0.013161 0.620731 -0.608690
v 0.465139 0.740731 -0.608691
v 0.465139 0.500731 -0.608691
v 0.663140 0.515731 -0.381191
v 0.845600 0.632308 -0.381191
v 0.267139 0.725731 -0.381190
v 0.084679 0.609155 -0.381190
v 0.118639 0.554623 -0.478691
v 0.118639 0.686840 -0.738690
v 0.084679 0.609155 -0.836190
v 0.267139 0.515731 -0.836190
v 0.663139 0.725731 -0.836191
v 0.845600 0.609155 -0.836191
v 0.811639 0.554623 -0.738690
v 0.811639 0.686840 -0.478691
v 0.845600 0.609155 -0.381191
v 0.084679 0.632308 -0.381190
v 0.084679 0.632308 -0.836190
v 0.845600 0.632308 -0.836191
v 0.917118 0.620731 -0.478691
v 0.663139 0.620731 -0.886250
v 0.013161 0.620731 -0.738690
v 0.267139 0.620731 -0.331131
v 0.267139 0.515731 -0.381190
v 0.663140 0.725731 -0.381191
v 0.663139 0.515731 -0.836191
v 0.267139 0.725731 -0.836190
v 0.267139 0.620731 -0.886250
v 0.663140 0.620731 -0.331131
v 0.465139 0.560731 -0.348691
v 0.465139 0.560731 -0.868690
v 0.465139 0.749320 -0.738690
v 0.465139 0.487817 -0.478691
v 0.465139 0.680731 -0.868690
v 0.465139 0.680731 -0.348691
v 0.118639 0.554623 -0.738690
v 0.118639 0.686840 -0.478691
v 0.811639 0.554623 -0.478691
v 0.811639 0.686840 -0.738690
v 0.917118 0.620731 -0.738691
v 0.013161 0.620731 -0.478690
v 0.465139 0.749320 -0.478691
v 0.465139 0.487817 -0.738690
v 0.267139 0.487817 -0.608691
v 0.267139 0.753556 -0.608691
v 0.030328 0.609155 -0.608690
v 0.899951 0.609155 -0.608691
v 0.663140 0.753556 -0.608691
v 0.663140 0.487817 -0.608691
v 0.899951 0.632308 -0.608691
v 0.030328 0.632308 -0.608690
v 0.030328 0.632308 -0.478690
v 0.899951 0.632308 -0.738691
v 0.663140 0.500731 -0.478691
v 0.663140 0.740731 -0.738690
v 0.899951 0.609155 -0.738691
v 0.030328 0.609155 -0.478690
v 0.267139 0.740731 -0.738690
v 0.267139 0.500731 -0.478691
v 0.663140 0.680731 -0.348691
v 0.267139 0.680731 -0.868690
v 0.267139 0.500731 -0.738690
v 0.267139 0.740731 -0.478691
v 0.267139 0.560731 -0.868690
v 0.663140 0.560731 -0.348691
v 0.267139 0.560731 -0.348690
v 0.030328 0.609155 -0.738690
v 0.663139 0.560731 -0.868690
v 0.899951 0.609155 -0.478691
v 0.663140 0.740731 -0.478691
v 0.663140 0.500731 -0.738690
v 0.899951 0.632308 -0.478691
v 0.663139 0.680731 -0.868690
v 0.030328 0.632308 -0.738690
v 0.267139 0.680731 -0.348690
v -0.120785 0.557771 0.201618
v -0.120785 0.683692 0.201618
v -0.780786 0.557771 0.201618
v -0.780786 0.683692 0.201618
v -0.120785 0.557771 -0.231715
v -0.120785 0.683692 -0.231715
v -0.780786 0.557771 -0.231715
v -0.780786 0.683692 -0.231715
v -0.029697 0.620731 0.212451
v -0.871874 0.620731 0.212451
v -0.871874 0.620731 -0.242549
v -0.029697 0.620731 -0.242549
v -0.450785 0.515731 0.212451
v -0.450785 0.725731 0.212451
v -0.450785 0.515731 -0.242549
v -0.450785 0.725731 -0.242549
v -0.450785 0.620731 -0.292608
v -0.450785 0.620731 0.262511
v -0.797285 0.554623 -0.015049
v -0.797285 0.686840 -0.015049
v -0.104285 0.554623 -0.015049
v -0.104285 0.686840 -0.015049
v 0.001193 0.620731 -0.015049
v -0.902764 0.620731 -0.015049
v -0.450785 0.740731 -0.015049
v -0.450785 0.500731 -0.015049
v -0.252785 0.515731 0.212451
v -0.070325 0.632308 0.212451
v -0.648785 0.725731 0.212451
v -0.831246 0.609155 0.212451
v -0.797285 0.554623 0.114951
v -0.797285 0.686840 -0.145049
v -0.831246 0.609155 -0.242549
v -0.648785 0.515731 -0.242549
v -0.252785 0.725731 -0.242549
v -0.070325 0.609155 -0.242549
v -0.104285 0.554623 -0.145049
v -0.104285 0.686840 0.114951
v -0.070325 0.609155 0.212451
v -0.831246 0.632308 0.212451
v -0.831246 0.632308 -0.242549
v -0.070325 0.632308 -0.242549
v 0.001193 0.620731 0.114951
v -0.252785 0.620731 -0.292608
v -0.902764 0.620731 -0.145049
v -0.648785 0.620731 0.262511
v -0.648785 0.515731 0.212451
v -0.252785 0.725731 0.212451
v -0.252785 0.515731 -0.242549
v -0.648785 0.725731 -0.242549
v -0.648785 0.620731 -0.292608
v -0.252785 0.620731 0.262511
v -0.450785 0.560731 0.244951
v -0.450785 0.560731 -0.275049
v -0.450785 0.749320 -0.145049
v -0.450785 0.487817 0.114951
v -0.450785 0.680731 -0.275049
v -0.450785 0.680731 0.244951
v -0.797285 0.554623 -0.145049
v -0.797285 0.686840 0.114951
v -0.104285 0.554623 0.114951
v -0.104285 0.686840 -0.145049
v 0.001193 0.620731 -0.145049
v -0.902764 0.620731 0.114951
v -0.450785 0.749320 0.114951
v -0.450785 0.487817 -0.145049
v -0.648785 0.487817 -0.015049
v -0.648785 0.753556 -0.015049
v -0.885597 0.609155 -0.015049
v -0.015974 0.609155 -0.015049
v -0.252785 0.753556 -0.015049
v -0.252785 0.487817 -0.015049
v -0.015974 0.632308 -0.015049
v -0.885597 0.632308 -0.015049
v -0.885597 0.632308 0.114951
v -0.015974 0.632308 -0.145049
v -0.252785 0.500731 0.114951
v -0.252785 0.740731 -0.145049
v -0.015974 0.609155 -0.145049
v -0.885597 0.609155 0.114951
v -0.648785 0.740731 -0.145049
v -0.648785 0.500731 0.114951
v -0.252785 0.680731 0.244951
v -0.648785 0.680731 -0.275049
v -0.648785 0.500731 -0.145049
v -0.648785 0.740731 0.114951
v -0.648785 0.560731 -0.275049
v -0.252785 0.560731 0.244951
v -0.648785 0.560731 0.244951
v -0.885597 0.609155 -0.145049
v -0.252785 0.560731 -0.275049
v -0.015974 0.609155 0.114951
v -0.252785 0.740731 0.114951
v -0.252785 0.500731 -0.145049
v -0.015974 0.632308 0.114951
v -0.252785 0.680731 -0.275049
v -0.885597 0.632308 -0.145049
v -0.648785 0.680731 0.244951
v 0.795140 0.557771 0.201618
v 0.795140 0.683692 0.201618
v 0.135139 0.557771 0.201618
v 0.135139 0.683692 0.201618
v 0.795140 0.557771 -0.231715
v 0.795140 0.683692 -0.231715
v 0.135139 0.557771 -0.231715
v 0.135139 0.683692 -0.231715
v 0.886228 0.620731 0.212451
v 0.044051 0.620731 0.212451
v 0.044051 0.620731 -0.242549
v 0.886228 0.620731 -0.242549
v 0.465139 0.515731 0.212451
v 0.465139 0.725731 0.212451
v 0.465139 0.515731 -0.242549
v 0.465139 0.725731 -0.242549
v 0.465139 0.620731 -0.292608
v 0.465139 0.620731 0.262511
v 0.118639 0.554623 -0.015049
v 0.118639 0.686840 -0.015049
v 0.811639 0.554623 -0.015049
v 0.811639 0.686840 -0.015049
v 0.917118 0.620731 -0.015049
v 0.013161 0.620731 -0.015049
v 0.465139 0.740731 -0.015049
v 0.465139 0.500731 -0.015049
v 0.663140 0.515731 0.212451
v 0.845600 0.632308 0.212451
v 0.267139 0.725731 0.212451
v 0.084679 0.609155 0.212451
v 0.118639 0.554623 0.114951
v 0.118639 0.686840 -0.145049
v 0.084679 0.609155 -0.242549
v 0.267139 0.515731 -0.242549
v 0.663139 0.725731 -0.242549
v 0.845600 0.609155 -0.242549
v 0.811639 0.554623 -0.145049
v 0.811639 0.686840 0.114951
v 0.845600 0.609155 0.212451
v 0.084679 0.632308 0.212451
v 0.084679 0.632308 -0.242549
v 0.845600 0.632308 -0.242549
v 0.917118 0.620731 0.114951
v 0.663139 0.620731 -0.292608
v 0.013161 0.620731 -0.145049
v 0.267139 0.620731 0.262511
v 0.267139 0.515731 0.212451
v 0.663140 0.725731 0.212451
v 0.663139 0.515731 -0.242549
v 0.267139 0.725731 -0.242549
v 0.267139 0.620731 -0.292608
v 0.663140 0.620731 0.262511
v 0.465139 0.560731 0.244951
v 0.465139 0.560731 -0.275049
v 0.465139 0.749320 -0.145049
v 0.465139 0.487817 0.114951
v 0.465139 0.680731 -0.275049
v 0.465139 0.680731 0.244951
v 0.118639 0.554623 -0.145049
v 0.118639 0.686840 0.114951
v 0.811639 0.554623 0.114951
v 0.811639 0.686840 -0.145049
v 0.917118 0.620731 -0.145049
v 0.013161 0.620731 0.114951
v 0.465139 0.749320 0.114951
v 0.465139 0.487817 -0.145049
v 0.267139 0.487817 -0.015049
v 0.267139 0.753556 -0.015049
v 0.030328 0.609155 -0.015049
v 0.899951 0.609155 -0.015049
v 0.663140 0.753556 -0.015049
v 0.663140 0.487817 -0.015049
v 0.899951 0.632308 -0.015049
v 0.030328 0.632308 -0.015049
v 0.030328 0.632308 0.114951
v 0.899951 0.632308 -0.145049
v 0.663140 0.500731 0.114951
v 0.663140 0.740731 -0.145049
v 0.899951 0.609155 -0.145049
v 0.030328 0.609155 0.114951
v 0.267139 0.740731 -0.145049
v 0.267139 0.500731 0.114951
v 0.663140 0.680731 0.244951
v 0.267139 0.680731 -0.275049
v 0.267139 0.500731 -0.145049
v 0.267139 0.740731 0.114951
v 0.267139 0.560731 -0.275049
v 0.663140 0.560731 0.244951
v 0.267139 0.560731 0.244951
v 0.030328 0.609155 -0.145049
v 0.663139 0.560731 -0.275049
v 0.899951 0.609155 0.114951
v 0.663140 0.740731 0.114951
v 0.663140 0.500731 -0.145049
v 0.899951 0.632308 0.114951
v 0.663139 0.680731 -0.275049
v 0.030328 0.632308 -0.145049
v 0.267139 0.680731 0.244951
v 0.795140 0.557771 0.816790
v 0.795140 0.683692 0.816790
v 0.135139 0.557771 0.816791
v 0.135139 0.683692 0.816791
v 0.795140 0.557771 0.383457
v 0.795140 0.683692 0.383457
v 0.135139 0.557771 0.383457
v 0.135139 0.683692 0.383457
v 0.886228 0.620731 0.827624
v 0.044051 0.620731 0.827624
v 0.044051 0.620731 0.372624
v 0.886228 0.620731 0.372624
v 0.465140 0.515731 0.827624
v 0.465140 0.725731 0.827624
v 0.465140 0.515731 0.372624
v 0.465140 0.725731 0.372624
v 0.465140 0.620731 0.322564
v 0.465140 0.620731 0.877683
v 0.118639 0.554623 0.600124
v 0.118639 0.686840 0.600124
v 0.811640 0.554623 0.600124
v 0.811640 0.686840 0.600124
v 0.917118 0.620731 0.600124
v 0.013161 0.620731 0.600124
v 0.465140 0.740731 0.600124
v 0.465140 0.500731 0.600124
v 0.663140 0.515731 0.827624
v 0.845600 0.632308 0.827624
v 0.267140 0.725731 0.827624
v 0.084679 0.609155 0.827624
v 0.118639 0.554623 0.730124
v 0.118639 0.686840 0.470124
v 0.084679 0.609155 0.372624
v 0.267139 0.515731 0.372624
v 0.663140 0.725731 0.372624
v 0.845600 0.609155 0.372624
v 0.811640 0.554623 0.470124
v 0.811640 0.686840 0.730124
v 0.845600 0.609155 0.827624
v 0.084679 0.632308 0.827624
v 0.084679 0.632308 0.372624
v 0.845600 0.632308 0.372624
v 0.917118 0.620731 0.730124
v 0.663140 0.620731 0.322564
v 0.013161 0.620731 0.470124
v 0.267140 0.620731 0.877683
v 0.267140 0.515731 0.827624
v 0.663140 0.725731 0.827624
v 0.663140 0.515731 0.372624
v 0.267139 0.725731 0.372624
v 0.267139 0.620731 0.322564
v 0.663140 0.620731 0.877683
v 0.465140 0.560731 0.860124
v 0.465140 0.560731 0.340124
v 0.465140 0.749320 0.470124
v 0.465140 0.487817 0.730124
v 0.465140 0.680731 0.340124
v 0.465140 0.680731 0.860124
v 0.118639 0.554623 0.470124
v 0.118639 0.686840 0.730124
v 0.811640 0.554623 0.730124
v 0.811640 0.686840 0.470124
v 0.917118 0.620731 0.470124
v 0.013161 0.620731 0.730124
v 0.465140 0.749320 0.730124
v 0.465140 0.487817 0.470124
v 0.267139 0.487817 0.600124
v 0.267139 0.753556 0.600124
v 0.030328 0.609155 0.600124
v 0.899951 0.609155 0.600124
v 0.663140 0.753556 0.600124
v 0.663140 0.487817 0.600124
v 0.899951 0.632308 0.600124
v 0.030328 0.632308 0.600124
v 0.030328 0.632308 0.730124
v 0.899951 0.632308 0.470124
v 0.663140 0.500731 0.730124
v 0.663140 0.740731 0.470124
v 0.899951 0.609155 0.470124
v 0.030328 0.609155 0.730124
v 0.267139 0.740731 0.470124
v 0.267139 0.500731 0.730124
v 0.663140 0.680731 0.860124
v 0.267139 0.680731 0.340124
v 0.267139 0.500731 0.470124
v 0.267139 0.740731 0.730124
v 0.267139 0.560731 0.340124
v 0.663140 0.560731 0.860124
v 0.267140 0.560731 0.860124
v 0.030328 0.609155 0.470124
v 0.663140 0.560731 0.340124
v 0.899951 0.609155 0.730124
v 0.663140 0.740731 0.730124
v 0.663140 0.500731 0.470124
v 0.899951 0.632308 0.730124
v 0.663140 0.680731 0.340124
v 0.030328 0.632308 0.470124
v 0.267140 0.680731 0.860124
v -0.120785 0.557771 0.816791
v -0.120785 0.683692 0.816791
v -0.780785 0.557771 0.816791
v -0.780785 0.683692 0.816791
v -0.120785 0.557771 0.383457
v -0.120785 0.683692 0.383457
v -0.780785 0.557771 0.383457
v -0.780785 0.683692 0.383457
v -0.029697 0.620731 0.827624
v -0.871873 0.620731 0.827624
v -0.871873 0.620731 0.372624
v -0.029697 0.620731 0.372624
v -0.450785 0.515731 0.827624
v -0.450785 0.725731 0.827624
v -0.450785 0.515731 0.372624
v -0.450785 0.725731 0.372624
v -0.450785 0.620731 0.322565
v -0.450785 0.620731 0.877684
v -0.797285 0.554623 0.600124
v -0.797285 0.686840 0.600124
v -0.104285 0.554623 0.600124
v -0.104285 0.686840 0.600124
v 0.001193 0.620731 0.600124
v -0.902764 0.620731 0.600124
v -0.450785 0.740731 0.600124
v -0.450785 0.500731 0.600124
v -0.252785 0.515731 0.827624
v -0.070325 0.632308 0.827624
v -0.648785 0.725731 0.827624
v -0.831246 0.609155 0.827624
v -0.797285 0.554623 0.730124
v -0.797285 0.686840 0.470124
v -0.831246 0.609155 0.372624
v -0.648785 0.515731 0.372624
v -0.252785 0.725731 0.372624
v -0.070325 0.609155 0.372624
v -0.104285 0.554623 0.470124
v -0.104285 0.686840 0.730124
v -0.070325 0.609155 0.827624
v -0.831246 0.632308 0.827624
v -0.831246 0.632308 0.372624
v -0.070325 0.632308 0.372624
v 0.001193 0.620731 0.730124
v -0.252785 0.620731 0.322565
v -0.902764 0.620731 0.470124
v -0.648785 0.620731 0.877684
v -0.648785 0.515731 0.827624
v -0.252785 0.725731 0.827624
v -0.252785 0.515731 0.372624
v -0.648785 0.725731 0.372624
v -0.648785 0.620731 0.322565
v -0.252785 0.620731 0.877684
v -0.450785 0.560731 0.860124
v -0.450785 0.560731 0.340124
v -0.450785 0.749320 0.470124
v -0.450785 0.487817 0.730124
v -0.450785 0.680731 0.340124
v -0.450785 0.680731 0.860124
v -0.797285 0.554623 0.470124
v -0.797285 0.686840 0.730124
v -0.104285 0.554623 0.730124
v -0.104285 0.686840 0.470124
v 0.001193 0.620731 0.470124
v -0.902764 0.620731 0.730124
v -0.450785 0.749320 0.730124
v -0.450785 0.487817 0.470124
v -0.648785 0.487817 0.600124
v -0.648785 0.753556 0.600124
v -0.885597 0.609155 0.600124
v -0.015973 0.609155 0.600124
v -0.252785 0.753556 0.600124
v -0.252785 0.487817 0.600124
v -0.015973 0.632308 0.600124
v -0.885597 0.632308 0.600124
v -0.885597 0.632308 0.730124
v -0.015973 0.632308 0.470124
v -0.252785 0.500731 0.730124
v -0.252785 0.740731 0.470124
v -0.015973 0.609155 0.470124
v -0.885597 0.609155 0.730124
v -0.648785 0.740731 0.470124
v -0.648785 0.500731 0.730124
v -0.252785 0.680731 0.860124
v -0.648785 0.680731 0.340124
v -0.648785 0.500731 0.470124
v -0.648785 0.740731 0.730124
v -0.648785 0.560731 0.340124
v -0.252785 0.560731 0.860124
v -0.648785 0.560731 0.860124
v -0.885597 0.609155 0.470124
v -0.252785 0.560731 0.340124
v -0.015973 0.609155 0.730124
v -0.252785 0.740731 0.730124
v -0.252785 0.500731 0.470124
v -0.015973 0.632308 0.730124
v -0.252785 0.680731 0.340124
v -0.885597 0.632308 0.470124
v -0.648785 0.680731 0.860124
v -0.376975 0.814610 0.120091
v -0.376975 0.940532 0.120091
v -0.376975 0.814610 0.780091
v -0.376975 0.940532 0.780091
v -0.810308 0.814610 0.120091
v -0.810308 0.940532 0.120091
v -0.810308 0.814610 0.780091
v -0.810308 0.940532 0.780091
v -0.366142 0.877571 0.029003
v -0.366142 0.877571 0.871179
v -0.821142 0.877571 0.871179
v -0.821142 0.877571 0.029003
v -0.366142 0.772571 0.450091
v -0.366142 0.982571 0.450091
v -0.821142 0.772571 0.450091
v -0.821142 0.982571 0.450091
v -0.871201 0.877571 0.450091
v -0.316082 0.877571 0.450091
v -0.593642 0.811462 0.796591
v -0.593642 0.943680 0.796591
v -0.593642 0.811462 0.103591
v -0.593642 0.943680 0.103591
v -0.593642 0.877571 -0.001888
v -0.593642 0.877571 0.902069
v -0.593642 0.997571 0.450091
v -0.593642 0.757571 0.450091
v -0.366142 0.772571 0.252091
v -0.366142 0.889147 0.069630
v -0.366142 0.982571 0.648091
v -0.366142 0.865995 0.830551
v -0.463642 0.811462 0.796591
v -0.723642 0.943680 0.796591
v -0.821142 0.865995 0.830551
v -0.821142 0.772571 0.648091
v -0.821142 0.982571 0.252091
v -0.821142 0.865995 0.069630
v -0.723642 0.811462 0.103591
v -0.463642 0.943680 0.103591
v -0.366142 0.865995 0.069630
v -0.366142 0.889147 0.830551
v -0.821142 0.889147 0.830551
v -0.821142 0.889147 0.069630
v -0.463642 0.877571 -0.001888
v -0.871201 0.877571 0.252091
v -0.723642 0.877571 0.902069
v -0.316082 0.877571 0.648091
v -0.366142 0.772571 0.648091
v -0.366142 0.982571 0.252091
v -0.821142 0.772571 0.252091
v -0.821142 0.982571 0.648091
v -0.871201 0.877571 0.648091
v -0.316082 0.877571 0.252091
v -0.333642 0.817571 0.450091
v -0.853642 0.817571 0.450091
v -0.723642 1.006159 0.450091
v -0.463642 0.744657 0.450091
v -0.853642 0.937571 0.450091
v -0.333642 0.937571 0.450091
v -0.723642 0.811462 0.796591
v -0.463642 0.943680 0.796591
v -0.463642 0.811462 0.103591
v -0.723642 0.943680 0.103591
v -0.723642 0.877571 -0.001888
v -0.463642 0.877571 0.902069
v -0.463642 1.006159 0.450091
v -0.723642 0.744657 0.450091
v -0.593642 0.744657 0.648091
v -0.593642 1.010396 0.648091
v -0.593642 0.865995 0.884903
v -0.593642 0.865995 0.015279
v -0.593642 1.010396 0.252091
v -0.593642 0.744657 0.252091
v -0.593642 0.889147 0.015279
v -0.593642 0.889147 0.884903
v -0.463642 0.889147 0.884903
v -0.723642 0.889147 0.015279
v -0.463642 0.757571 0.252091
v -0.723642 0.997571 0.252091
v -0.723642 0.865995 0.015279
v -0.463642 0.865995 0.884903
v -0.723642 0.997571 0.648091
v -0.463642 0.757571 0.648091
v -0.333642 0.937571 0.252091
v -0.853642 0.937571 0.648091
v -0.723642 0.757571 0.648091
v -0.463642 0.997571 0.648091
v -0.853642 0.817571 0.648091
v -0.333642 0.817571 0.252091
v -0.333642 0.817571 0.648091
v -0.723642 0.865995 0.884903
v -0.853642 0.817571 0.252091
v -0.463642 0.865995 0.015279
v -0.463642 0.997571 0.252091
v -0.723642 0.757571 0.252091
v -0.463642 0.889147 0.015279
v -0.853642 0.937571 0.252091
v -0.723642 0.889147 0.884903
v -0.333642 0.937571 0.648091
v -0.376975 0.814610 -0.795834
v -0.376975 0.940532 -0.795834
v -0.376975 0.814610 -0.135834
v -0.376975 0.940532 -0.135834
v -0.810308 0.814610 -0.795834
v -0.810308 0.940532 -0.795834
v -0.810308 0.814610 -0.135834
v -0.810308 0.940532 -0.135834
v -0.366142 0.877571 -0.886922
v -0.366142 0.877571 -0.044746
v -0.821142 0.877571 -0.044746
v -0.821142 0.877571 -0.886922
v -0.366142 0.772571 -0.465834
v -0.366142 0.982571 -0.465834
v -0.821142 0.772571 -0.465834
v -0.821142 0.982571 -0.465834
v -0.871201 0.877571 -0.465834
v -0.316082 0.877571 -0.465834
v -0.593642 0.811462 -0.119334
v -0.593642 0.943680 -0.119334
v -0.593642 0.811462 -0.812334
v -0.593642 0.943680 -0.812334
v -0.593642 0.877571 -0.917813
v -0.593642 0.877571 -0.013856
v -0.593642 0.997571 -0.465834
v -0.593642 0.757571 -0.465834
v -0.366142 0.772571 -0.663834
v -0.366142 0.889147 -0.846295
v -0.366142 0.982571 -0.267834
v -0.366142 0.865995 -0.085374
v -0.463642 0.811462 -0.119334
v -0.723642 0.943680 -0.119334
v -0.821142 0.865995 -0.085374
v -0.821142 0.772571 -0.267834
v -0.821142 0.982571 -0.663834
v -0.821142 0.865995 -0.846295
v -0.723642 0.811462 -0.812334
v -0.463642 0.943680 -0.812334
v -0.366142 0.865995 -0.846295
v -0.366142 0.889147 -0.085374
v -0.821142 0.889147 -0.085374
v -0.821142 0.889147 -0.846295
v -0.463642 0.877571 -0.917813
v -0.871201 0.877571 -0.663834
v -0.723642 0.877571 -0.013856
v -0.316082 0.877571 -0.267834
v -0.366142 0.772571 -0.267834
v -0.366142 0.982571 -0.663834
v -0.821142 0.772571 -0.663834
v -0.821142 0.982571 -0.267834
v -0.871201 0.877571 -0.267834
v -0.316082 0.877571 -0.663834
v -0.333642 0.817571 -0.465834
v -0.853642 0.817571 -0.465834
v -0.723642 1.006159 -0.465834
v -0.463642 0.744657 -0.465834
v -0.853642 0.937571 -0.465834
v -0.333642 0.937571 -0.465834
v -0.723642 0.811462 -0.119334
v -0.463642 0.943680 -0.119334
v -0.463642 0.811462 -0.812334
v -0.723642 0.943680 -0.812334
v -0.723642 0.877571 -0.917813
v -0.463642 0.877571 -0.013856
v -0.463642 1.006159 -0.465834
v -0.723642 0.744657 -0.465834
v -0.593642 0.744657 -0.267834
v -0.593642 1.010396 -0.267834
v -0.593642 0.865995 -0.031022
v -0.593642 0.865995 -0.900646
v -0.593642 1.010396 -0.663834
v -0.593642 0.744657 -0.663834
v -0.593642 0.889147 -0.900646
v -0.593642 0.889147 -0.031022
v -0.463642 0.889147 -0.031022
v -0.723642 0.889147 -0.900646
v -0.463642 0.757571 -0.663834
v -0.723642 0.997571 -0.663834
v -0.723642 0.865995 -0.900646
v -0.463642 0.865995 -0.031022
v -0.723642 0.997571 -0.267834
v -0.463642 0.757571 -0.267834
v -0.333642 0.937571 -0.663834
v -0.853642 0.937571 -0.267834
v -0.723642 0.757571 -0.267834
v -0.463642 0.997571 -0.267834
v -0.853642 0.817571 -0.267834
v -0.333642 0.817571 -0.663834
v -0.333642 0.817571 -0.267834
v -0.723642 0.865995 -0.031022
v -0.853642 0.817571 -0.663834
v -0.463642 0.865995 -0.900646
v -0.463642 0.997571 -0.663834
v -0.723642 0.757571 -0.663834
v -0.463642 0.889147 -0.900646
v -0.853642 0.937571 -0.663834
v -0.723642 0.889147 -0.031022
v -0.333642 0.937571 -0.267834
v 0.216667 0.778986 0.120091
v 0.216667 0.904907 0.120091
v 0.216667 0.778986 0.780091
v 0.216667 0.904907 0.780091
v -0.216667 0.778986 0.120091
v -0.216667 0.904907 0.120091
v -0.216667 0.778986 0.780091
v -0.216667 0.904907 0.780091
v 0.227500 0.841947 0.029003
v 0.227500 0.841947 0.871179
v -0.227500 0.841947 0.871179
v -0.227500 0.841947 0.029003
v 0.227500 0.736947 0.450091
v 0.227500 0.946947 0.450091
v -0.227500 0.736947 0.450091
v -0.227500 0.946947 0.450091
v -0.277559 0.841947 0.450091
v 0.277559 0.841947 0.450091
v 0.000000 0.775838 0.796591
v 0.000000 0.908055 0.796591
v 0.000000 0.775838 0.103591
v 0.000000 0.908055 0.103591
v 0.000000 0.841947 -0.001888
v 0.000000 0.841947 0.902069
v 0.000000 0.961947 0.450091
v 0.000000 0.721947 0.450091
v 0.227500 0.736947 0.252091
v 0.227500 0.853523 0.069630
v 0.227500 0.946947 0.648091
v 0.227500 0.830371 0.830551
v 0.130000 0.775838 0.796591
v -0.130000 0.908055 0.796591
v -0.227500 0.830371 0.830551
v -0.227500 0.736947 0.648091
v -0.227500 0.946947 0.252091
v -0.227500 0.830371 0.069630
v -0.130000 0.775838 0.103591
v 0.130000 0.908055 0.103591
v 0.227500 0.830371 0.069630
v 0.227500 0.853523 0.830551
v -0.227500 0.853523 0.830551
v -0.227500 0.853523 0.069630
v 0.130000 0.841947 -0.001888
v -0.277559 0.841947 0.252091
v -0.130000 0.841947 0.902069
v 0.277559 0.841947 0.648091
v 0.227500 0.736947 0.648091
v 0.227500 0.946947 0.252091
v -0.227500 0.736947 0.252091
v -0.227500 0.946947 0.648091
v -0.277559 0.841947 0.648091
v 0.277559 0.841947 0.252091
v 0.260000 0.781947 0.450091
v -0.260000 0.781947 0.450091
v -0.130000 0.970535 0.450091
v 0.130000 0.709032 0.450091
v -0.260000 0.901947 0.450091
v 0.260000 0.901947 0.450091
v -0.130000 0.775838 0.796591
v 0.130000 0.908055 0.796591
v 0.130000 0.775838 0.103591
v -0.130000 0.908055 0.103591
v -0.130000 0.841947 -0.001888
v 0.130000 0.841947 0.902069
v 0.130000 0.970535 0.450091
v -0.130000 0.709032 0.450091
v 0.000000 0.709032 0.648091
v 0.000000 0.974771 0.648091
v 0.000000 0.830371 0.884903
v 0.000000 0.830371 0.015279
v 0.000000 0.974771 0.252091
v 0.000000 0.709032 0.252091
v 0.000000 0.853523 0.015279
v 0.000000 0.853523 0.884903
v 0.130000 0.853523 0.884903
v -0.130000 0.853523 0.015279
v 0.130000 0.721947 0.252091
v -0.130000 0.961947 0.252091
v -0.130000 0.830371 0.015279
v 0.130000 0.830371 0.884903
v -0.130000 0.961947 0.648091
v 0.130000 0.721947 0.648091
v 0.260000 0.901947 0.252091
v -0.260000 0.901947 0.648091
v -0.130000 0.721947 0.648091
v 0.130000 0.961947 0.648091
v -0.260000 0.781947 0.648091
v 0.260000 0.781947 0.252091
v 0.260000 0.781947 0.648091
v -0.130000 0.830371 0.884903
v -0.260000 0.781947 0.252091
v 0.130000 0.830371 0.015279
v 0.130000 0.961947 0.252091
v -0.130000 0.721947 0.252091
v 0.130000 0.853523 0.015279
v -0.260000 0.901947 0.252091
v -0.130000 0.853523 0.884903
v 0.260000 0.901947 0.648091
v 0.216667 0.778986 -0.795834
v 0.216667 0.904907 -0.795834
v 0.216667 0.778986 -0.135834
v 0.216667 0.904907 -0.135834
v -0.216667 0.778986 -0.795834
v -0.216667 0.904907 -0.795834
v -0.216667 0.778986 -0.135834
v -0.216667 0.904907 -0.135834
v 0.227500 0.841947 -0.886922
v 0.227500 0.841947 -0.044746
v -0.227500 0.841947 -0.044746
v -0.227500 0.841947 -0.886922
v 0.227500 0.736947 -0.465834
v 0.227500 0.946947 -0.465834
v -0.227500 0.736947 -0.465834
v -0.227500 0.946947 -0.465834
v -0.277559 0.841947 -0.465834
v 0.277559 0.841947 -0.465834
v 0.000000 0.775838 -0.119334
v 0.000000 0.908055 -0.119334
v 0.000000 0.775838 -0.812334
v 0.000000 0.908055 -0.812334
v 0.000000 0.841947 -0.917813
v 0.000000 0.841947 -0.013856
v 0.000000 0.961947 -0.465834
v 0.000000 0.721947 -0.465834
v 0.227500 0.736947 -0.663834
v 0.227500 0.853523 -0.846295
v 0.227500 0.946947 -0.267834
v 0.227500 0.830371 -0.085374
v 0.130000 0.775838 -0.119334
v -0.130000 0.908055 -0.119334
v -0.227500 0.830371 -0.085374
v -0.227500 0.736947 -0.267834
v -0.227500 0.946947 -0.663834
v -0.227500 0.830371 -0.846295
v -0.130000 0.775838 -0.812334
v 0.130000 0.908055 -0.812334
v 0.227500 0.830371 -0.846295
v 0.227500 0.853523 -0.085374
v -0.227500 0.853523 -0.085374
v -0.227500 0.853523 -0.846295
v 0.130000 0.841947 -0.917813
v -0.277559 0.841947 -0.663834
v -0.130000 0.841947 -0.013856
v 0.277559 0.841947 -0.267834
v 0.227500 0.736947 -0.267834
v 0.227500 0.946947 -0.663834
v -0.227500 0.736947 -0.663834
v -0.227500 0.946947 -0.267834
v -0.277559 0.841947 -0.267834
v 0.277559 0.841947 -0.663834
v 0.260000 0.781947 -0.465834
v -0.260000 0.781947 -0.465834
v -0.130000 0.970535 -0.465834
v 0.130000 0.709032 -0.465834
v -0.260000 0.901947 -0.465834
v 0.260000 0.901947 -0.465834
v -0.130000 0.775838 -0.119334
v 0.130000 0.908055 -0.119334
v 0.130000 0.775838 -0.812334
v -0.130000 0.908055 -0.812334
v -0.130000 0.841947 -0.917813
v 0.130000 0.841947 -0.013856
v 0.130000 0.970535 -0.465834
v -0.130000 0.709032 -0.465834
v 0.000000 0.709032 -0.267834
v 0.000000 0.974771 -0.267834
v 0.000000 0.830371 -0.031022
v 0.000000 0.830371 -0.900646
v 0.000000 0.974771 -0.663834
v 0.000000 0.709032 -0.663834
v 0.000000 0.853523 -0.900646
v 0.000000 0.853523 -0.031022
v 0.130000 0.853523 -0.031022
v -0.130000 0.853523 -0.900646
v 0.130000 0.721947 -0.663834
v -0.130000 0.961947 -0.663834
v -0.130000 0.830371 -0.900646
v 0.130000 0.830371 -0.031022
v -0.130000 0.961947 -0.267834
v 0.130000 0.721947 -0.267834
v 0.260000 0.901947 -0.663834
v -0.260000 0.901947 -0.267834
v -0.130000 0.721947 -0.267834
v 0.130000 0.961947 -0.267834
v -0.260000 0.781947 -0.267834
v 0.260000 0.781947 -0.663834
v 0.260000 0.781947 -0.267834
v -0.130000 0.830371 -0.031022
v -0.260000 0.781947 -0.663834
v 0.130000 0.830371 -0.900646
v 0.130000 0.961947 -0.663834
v -0.130000 0.721947 -0.663834
v 0.130000 0.853523 -0.900646
v -0.260000 0.901947 -0.663834
v -0.130000 0.853523 -0.031022
v 0.260000 0.901947 -0.267834
v 0.831839 0.814610 -0.795834
v 0.831839 0.940532 -0.795834
v 0.831839 0.814610 -0.135834
v 0.831839 0.940532 -0.135834
v 0.398506 0.814610 -0.795834
v 0.398506 0.940532 -0.795834
v 0.398506 0.814610 -0.135834
v 0.398506 0.940532 -0.135834
v 0.842673 0.877571 -0.886922
v 0.842673 0.877571 -0.044746
v 0.387673 0.877571 -0.044746
v 0.387673 0.877571 -0.886922
v 0.842673 0.772571 -0.465834
v 0.842673 0.982571 -0.465834
v 0.387673 0.772571 -0.465834
v 0.387673 0.982571 -0.465834
v 0.337613 0.877571 -0.465834
v 0.892732 0.877571 -0.465834
v 0.615173 0.811462 -0.119334
v 0.615173 0.943680 -0.119334
v 0.615173 0.811462 -0.812334
v 0.615173 0.943680 -0.812334
v 0.615173 0.877571 -0.917813
v 0.615173 0.877571 -0.013856
v 0.615173 0.997571 -0.465834
v 0.615173 0.757571 -0.465834
v 0.842673 0.772571 -0.663834
v 0.842673 0.889147 -0.846295
v 0.842673 0.982571 -0.267834
v 0.842673 0.865995 -0.085374
v 0.745173 0.811462 -0.119334
v 0.485173 0.943680 -0.119334
v 0.387673 0.865995 -0.085374
v 0.387673 0.772571 -0.267834
v 0.387673 0.982571 -0.663834
v 0.387673 0.865995 -0.846295
v 0.485173 0.811462 -0.812334
v 0.745173 0.943680 -0.812334
v 0.842673 0.865995 -0.846295
v 0.842673 0.889147 -0.085374
v 0.387673 0.889147 -0.085374
v 0.387673 0.889147 -0.846295
v 0.745173 0.877571 -0.917813
v 0.337613 0.877571 -0.663834
v 0.485173 0.877571 -0.013856
v 0.892732 0.877571 -0.267834
v 0.842673 0.772571 -0.267834
v 0.842673 0.982571 -0.663834
v 0.387673 0.772571 -0.663834
v 0.387673 0.982571 -0.267834
v 0.337613 0.877571 -0.267834
v 0.892732 0.877571 -0.663834
v 0.875173 0.817571 -0.465834
v 0.355173 0.817571 -0.465834
v 0.485173 1.006159 -0.465834
v 0.745173 0.744657 -0.465834
v 0.355173 0.937571 -0.465834
v 0.875173 0.937571 -0.465834
v 0.485173 0.811462 -0.119334
v 0.745173 0.943680 -0.119334
v 0.745173 0.811462 -0.812334
v 0.485173 0.943680 -0.812334
v 0.485173 0.877571 -0.917813
v 0.745173 0.877571 -0.013856
v 0.745173 1.006159 -0.465834
v 0.485173 0.744657 -0.465834
v 0.615173 0.744657 -0.267834
v 0.615173 1.010396 -0.267834
v 0.615173 0.865995 -0.031022
v 0.615173 0.865995 -0.900646
v 0.615173 1.010396 -0.663834
v 0.615173 0.744657 -0.663834
v 0.615173 0.889147 -0.900646
v 0.615173 0.889147 -0.031022
v 0.745173 0.889147 -0.031022
v 0.485173 0.889147 -0.900646
v 0.745173 0.757571 -0.663834
v 0.485173 0.997571 -0.663834
v 0.485173 0.865995 -0.900646
v 0.745173 0.865995 -0.031022
v 0.485173 0.997571 -0.267834
v 0.745173 0.757571 -0.267834
v 0.875173 0.937571 -0.663834
v 0.355173 0.937571 -0.267834
v 0.485173 0.757571 -0.267834
v 0.745173 0.997571 -0.267834
v 0.355173 0.817571 -0.267834
v 0.875173 0.817571 -0.663834
v 0.875173 0.817571 -0.267834
v 0.485173 0.865995 -0.031022
v 0.355173 0.817571 -0.663834
v 0.745173 0.865995 -0.900646
v 0.745173 0.997571 -0.663834
v 0.485173 0.757571 -0.663834
v 0.745173 0.889147 -0.900646
v 0.355173 0.937571 -0.663834
v 0.485173 0.889147 -0.031022
v 0.875173 0.937571 -0.267834
v 0.831839 0.814610 0.120091
v 0.831839 0.940532 0.120091
v 0.831839 0.814610 0.780091
v 0.831839 0.940532 0.780091
v 0.398506 0.814610 0.120091
v 0.398506 0.940532 0.120091
v 0.398506 0.814610 0.780091
v 0.398506 0.940532 0.780091
v 0.842673 0.877571 0.029003
v 0.842673 0.877571 0.871179
v 0.387673 0.877571 0.871179
v 0.387673 0.877571 0.029003
v 0.842673 0.772571 0.450091
v 0.842673 0.982571 0.450091
v 0.387673 0.772571 0.450091
v 0.387673 0.982571 0.450091
v 0.337613 0.877571 0.450091
v 0.892732 0.877571 0.450091
v 0.615173 0.811462 0.796591
v 0.615173 0.943680 0.796591
v 0.615173 0.811462 0.103591
v 0.615173 0.943680 0.103591
v 0.615173 0.877571 -0.001888
v 0.615173 0.877571 0.902069
v 0.615173 0.997571 0.450091
v 0.615173 0.757571 0.450091
v 0.842673 0.772571 0.252091
v 0.842673 0.889147 0.069630
v 0.842673 0.982571 0.648091
v 0.842673 0.865995 0.830551
v 0.745173 0.811462 0.796591
v 0.485173 0.943680 0.796591
v 0.387673 0.865995 0.830551
v 0.387673 0.772571 0.648091
v 0.387673 0.982571 0.252091
v 0.387673 0.865995 0.069630
v 0.485173 0.811462 0.103591
v 0.745173 0.943680 0.103591
v 0.842673 0.865995 0.069630
v 0.842673 0.889147 0.830551
v 0.387673 0.889147 0.830551
v 0.387673 0.889147 0.069630
v 0.745173 0.877571 -0.001888
v 0.337613 0.877571 0.252091
v 0.485173 0.877571 0.902069
v 0.892732 0.877571 0.648091
v 0.842673 0.772571 0.648091
v 0.842673 0.982571 0.252091
v 0.387673 0.772571 0.252091
v 0.387673 0.982571 0.648091
v 0.337613 0.877571 0.648091
v 0.892732 0.877571 0.252091
v 0.875173 0.817571 0.450091
v 0.355173 0.817571 0.450091
v 0.485173 1.006159 0.450091
v 0.745173 0.744657 0.450091
v 0.355173 0.937571 0.450091
v 0.875173 0.937571 0.450091
v 0.485173 0.811462 0.796591
v 0.745173 0.943680 0.796591
v 0.745173 0.811462 0.103591
v 0.485173 0.943680 0.103591
v 0.485173 0.877571 -0.001888
v 0.745173 0.877571 0.902069
v 0.745173 1.006159 0.450091
v 0.485173 0.744657 0.450091
v 0.615173 0.744657 0.648091
v 0.615173 1.010396 0.648091
v 0.615173 0.865995 0.884903
v 0.615173 0.865995 0.015279
v 0.615173 1.010396 0.252091
v 0.615173 0.744657 0.252091
v 0.615173 0.889147 0.015279
v 0.615173 0.889147 0.884903
v 0.745173 0.889147 0.884903
v 0.485173 0.889147 0.015279
v 0.745173 0.757571 0.252091
v 0.485173 0.997571 0.252091
v 0.485173 0.865995 0.015279
v 0.745173 0.865995 0.884903
v 0.485173 0.997571 0.648091
v 0.745173 0.757571 0.648091
v 0.875173 0.937571 0.252091
v 0.355173 0.937571 0.648091
v 0.485173 0.757571 0.648091
v 0.745173 0.997571 0.648091
v 0.355173 0.817571 0.648091
v 0.875173 0.817571 0.252091
v 0.875173 0.817571 0.648091
v 0.485173 0.865995 0.884903
v 0.355173 0.817571 0.252091
v 0.745173 0.865995 0.015279
v 0.745173 0.997571 0.252091
v 0.485173 0.757571 0.252091
v 0.745173 0.889147 0.015279
v 0.355173 0.937571 0.252091
v 0.485173 0.889147 0.884903
v 0.875173 0.937571 0.648091
vn 1.0000 -0.0000 -0.0000
vn -0.0000 -0.0000 1.0000
vn -1.0000 -0.0000 -0.0000
vn -0.0000 -0.0000 -1.0000
vn -0.0000 1.0000 -0.0000
vn -0.0000 -1.0000 -0.0000
vn -0.9783 0.2073 -0.0000
vn 0.9961 0.0878 -0.0000
vn 0.9783 0.2073 -0.0000
vn -0.9961 0.0878 -0.0000
vn 0.9999 0.0139 -0.0000
vn -0.9999 0.0139 -0.0000
vn 0.9996 -0.0283 -0.0000
vn -0.9996 -0.0283 -0.0000
vn 0.8231 0.5056 0.2589
vn -0.2357 0.7813 0.5779
vn -0.8231 0.5056 -0.2589
vn 0.2357 0.7813 -0.5779
vn -0.1216 -0.9377 -0.3254
vn 0.1216 0.9377 -0.3254
vn 0.1605 -0.9163 -0.3670
vn -0.9082 -0.3516 -0.2269
vn -0.1605 -0.9163 0.3670
vn 0.9082 -0.3516 0.2269
vn 0.9597 -0.2809 -0.0000
vn -0.9597 -0.2809 -0.0000
vn 0.1941 0.9808 0.0213
vn -0.2148 -0.9761 0.0318
vn -0.8107 0.5855 -0.0000
vn 0.8107 0.5855 -0.0000
vn -0.0163 0.9998 -0.0107
vn -0.0000 -0.8291 0.5591
vn -0.0000 -0.8291 -0.5591
vn -0.0457 0.9256 -0.3759
vn 0.0460 -0.9254 -0.3761
vn -0.0000 0.8509 -0.5254
vn -0.0000 0.8509 0.5254
vn -0.0000 0.8291 0.5591
vn 0.1605 0.9163 0.3671
vn 0.2357 0.7813 0.5779
vn -0.0000 0.8291 -0.5591
vn -0.1605 0.9163 -0.3671
vn -0.2357 0.7813 -0.5779
vn 0.1216 -0.9377 -0.3254
vn 0.2148 -0.9761 -0.0318
vn -0.1216 0.9377 -0.3254
vn -0.1941 0.9808 -0.0213
vn -0.0163 0.9998 0.0107
vn -0.0000 -0.8509 -0.5254
vn -0.2357 -0.7813 -0.5779
vn -0.1605 -0.9163 -0.3670
vn -0.0000 -0.8509 0.5254
vn 0.2357 -0.7813 0.5779
vn 0.1605 -0.9163 0.3670
vn -0.1941 0.9808 0.0213
vn -0.1216 0.9377 0.3254
vn -0.0457 0.9256 0.3759
vn 0.2148 -0.9761 0.0318
vn 0.1216 -0.9377 0.3254
vn 0.0460 -0.9254 0.3761
vn 0.9597 0.2809 -0.0000
vn 0.9082 0.3516 -0.2269
vn 0.8231 0.5056 -0.2589
vn -0.9597 0.2809 -0.0000
vn -0.9082 0.3516 0.2269
vn -0.8231 0.5056 0.2589
vn -0.0460 -0.9254 0.3761
vn -0.1216 -0.9377 0.3254
vn 0.0163 0.9998 -0.0107
vn 0.0457 0.9256 0.3759
vn 0.1216 0.9377 0.3254
vn -0.8107 -0.5855 -0.0000
vn -0.8231 -0.5056 0.2589
vn -0.9082 -0.3516 0.2269
vn 0.8107 -0.5855 -0.0000
vn 0.8231 -0.5056 -0.2589
vn 0.9082 -0.3516 -0.2269
vn 0.8231 -0.5056 0.2589
vn -0.2357 -0.7813 0.5779
vn -0.8231 -0.5056 -0.2589
vn 0.2357 -0.7813 -0.5779
vn 0.0457 0.9256 -0.3759
vn 0.0163 0.9998 0.0107
vn 0.1941 0.9808 -0.0213
vn -0.0460 -0.9254 -0.3761
vn -0.2148 -0.9761 -0.0318
vn 0.1605 0.9163 -0.3671
vn -0.9082 0.3516 -0.2269
vn -0.1605 0.9163 0.3671
vn 0.9082 0.3516 0.2269
vn -0.2589 0.5056 0.8231
vn -0.5779 0.7813 -0.2357
vn 0.2589 0.5056 -0.8231
vn 0.5779 0.7813 0.2357
vn 0.3254 -0.9377 -0.1216
vn 0.3254 0.9377 0.1216
vn 0.3670 -0.9163 0.1605
vn 0.2269 -0.3516 -0.9082
vn -0.3670 -0.9163 -0.1605
vn -0.2269 -0.3516 0.9082
vn -0.0000 -0.2809 0.9597
vn -0.0000 -0.2809 -0.9597
vn -0.0213 0.9808 0.1941
vn -0.0318 -0.9761 -0.2148
vn -0.0000 0.5855 -0.8107
vn -0.0000 0.5855 0.8107
vn 0.0107 0.9998 -0.0163
vn -0.5591 -0.8291 -0.0000
vn 0.5591 -0.8291 -0.0000
vn 0.3759 0.9256 -0.0457
vn 0.3761 -0.9254 0.0460
vn 0.5254 0.8509 -0.0000
vn -0.5254 0.8509 -0.0000
vn -0.5591 0.8291 -0.0000
vn -0.3671 0.9163 0.1605
vn -0.5779 0.7813 0.2357
vn 0.5591 0.8291 -0.0000
vn 0.3671 0.9163 -0.1605
vn 0.5779 0.7813 -0.2357
vn 0.3254 -0.9377 0.1216
vn 0.0318 -0.9761 0.2148
vn 0.3254 0.9377 -0.1216
vn 0.0213 0.9808 -0.1941
vn -0.0107 0.9998 -0.0163
vn 0.5254 -0.8509 -0.0000
vn 0.5779 -0.7813 -0.2357
vn 0.3670 -0.9163 -0.1605
vn -0.5254 -0.8509 -0.0000
vn -0.5779 -0.7813 0.2357
vn -0.3670 -0.9163 0.1605
vn -0.0213 0.9808 -0.1941
vn -0.3254 0.9377 -0.1216
vn -0.3759 0.9256 -0.0457
vn -0.0318 -0.9761 0.2148
vn -0.3254 -0.9377 0.1216
vn -0.3761 -0.9254 0.0460
vn -0.0000 0.2809 0.9597
vn 0.2269 0.3516 0.9082
vn 0.2589 0.5056 0.8231
vn -0.0000 0.2809 -0.9597
vn -0.2269 0.3516 -0.9082
vn -0.2589 0.5056 -0.8231
vn -0.3761 -0.9254 -0.0460
vn -0.3254 -0.9377 -0.1216
vn 0.0107 0.9998 0.0163
vn -0.3759 0.9256 0.0457
vn -0.3254 0.9377 0.1216
vn -0.0000 -0.5855 -0.8107
vn -0.2589 -0.5056 -0.8231
vn -0.2269 -0.3516 -0.9082
vn -0.0000 -0.5855 0.8107
vn 0.2589 -0.5056 0.8231
vn 0.2269 -0.3516 0.9082
vn -0.2589 -0.5056 0.8231
vn -0.5779 -0.7813 -0.2357
vn 0.2589 -0.5056 -0.8231
vn 0.5779 -0.7813 0.2357
vn 0.3759 0.9256 0.0457
vn -0.0107 0.9998 0.0163
vn 0.0213 0.9808 0.1941
vn 0.3761 -0.9254 -0.0460
vn 0.0318 -0.9761 -0.2148
vn 0.3671 0.9163 0.1605
vn 0.2269 0.3516 -0.9082
vn -0.3671 0.9163 -0.1605
vn -0.2269 0.3516 0.9082
vn 0.2589 -0.5055 0.8231
vn -0.1604 0.9163 -0.3671
vn 0.1604 0.9163 0.3671
vt 0.375000 0.214286
vt 0.625000 0.214286
vt 0.625000 0.250000
vt 0.375000 0.250000
vt 0.375000 0.464286
vt 0.625000 0.464286
vt 0.625000 0.500000
vt 0.375000 0.500000
vt 0.375000 0.714286
vt 0.625000 0.714286
vt 0.625000 0.750000
vt 0.375000 0.750000
vt 0.375000 0.964286
vt 0.625000 0.964286
vt 0.625000 1.000000
vt 0.375000 1.000000
vt 0.684524 0.714286
vt 0.684524 0.642857
vt 0.815476 0.535714
vt 0.815476 0.607143
vt 0.815476 0.714286
vt 0.839286 0.714286
vt 0.839286 0.750000
vt 0.815476 0.750000
vt 0.208333 0.642857
vt 0.232143 0.642857
vt 0.767857 0.642857
vt 0.791667 0.642857
vt 0.208333 0.714286
vt 0.232143 0.714286
vt 0.232143 0.750000
vt 0.208333 0.750000
vt 0.232143 0.535714
vt 0.232143 0.500000
vt 0.315476 0.714286
vt 0.339286 0.714286
vt 0.339286 0.750000
vt 0.315476 0.750000
vt 0.375000 0.833333
vt 0.625000 0.833333
vt 0.625000 0.857143
vt 0.375000 0.857143
vt 0.625000 0.785714
vt 0.375000 0.785714
vt 0.375000 0.940476
vt 0.625000 0.940476
vt 0.625000 0.142857
vt 0.625000 0.107143
vt 0.375000 0.333333
vt 0.625000 0.333333
vt 0.625000 0.357143
vt 0.375000 0.357143
vt 0.625000 0.285714
vt 0.375000 0.285714
vt 0.375000 0.440476
vt 0.625000 0.440476
vt 0.625000 0.892857
vt 0.375000 0.892857
vt 0.708333 0.714286
vt 0.732143 0.714286
vt 0.732143 0.750000
vt 0.708333 0.750000
vt 0.339286 0.714286
vt 0.375000 0.714286
vt 0.125000 0.714286
vt 0.160714 0.714286
vt 0.160714 0.750000
vt 0.125000 0.750000
vt 0.625000 0.392857
vt 0.375000 0.392857
vt 0.267857 0.714286
vt 0.267857 0.750000
vt 0.267857 0.750000
vt 0.375000 0.214286
vt 0.375000 0.714286
vt 0.232143 0.714286
vt 0.339286 0.535714
vt 0.339286 0.500000
vt 0.339286 0.535714
vt 0.160714 0.714286
vt 0.375000 0.357143
vt 0.160714 0.500000
vt 0.160714 0.535714
vt 0.160714 0.642857
vt 0.160714 0.607143
vt 0.339286 0.642857
vt 0.339286 0.750000
vt 0.339286 0.607143
vt 0.339286 0.607143
vt 0.375000 0.607143
vt 0.375000 0.607143
vt 0.375000 0.535714
vt 0.375000 0.535714
vt 0.375000 0.642857
vt 0.375000 0.107143
vt 0.375000 0.035714
vt 0.375000 0.000000
vt 0.375000 0.142857
vt 0.267857 0.535714
vt 0.267857 0.607143
vt 0.267857 0.500000
vt 0.267857 0.642857
vt 0.232143 0.607143
vt 0.232143 0.642857
vt 0.125000 0.607143
vt 0.125000 0.535714
vt 0.125000 0.500000
vt 0.125000 0.642857
vt 0.315476 0.607143
vt 0.315476 0.535714
vt 0.684524 0.535714
vt 0.684524 0.607143
vt 0.708333 0.500000
vt 0.732143 0.500000
vt 0.732143 0.535714
vt 0.708333 0.535714
vt 0.315476 0.642857
vt 0.708333 0.607143
vt 0.732143 0.607143
vt 0.732143 0.642857
vt 0.708333 0.642857
vt 0.291667 0.535714
vt 0.291667 0.607143
vt 0.315476 0.500000
vt 0.339286 0.535714
vt 0.291667 0.642857
vt 0.291667 0.714286
vt 0.339286 0.607143
vt 0.339286 0.642857
vt 0.232143 0.714286
vt 0.232143 0.607143
vt 0.184524 0.535714
vt 0.184524 0.607143
vt 0.208333 0.500000
vt 0.208333 0.535714
vt 0.184524 0.642857
vt 0.184524 0.714286
vt 0.815476 0.642857
vt 0.208333 0.607143
vt 0.625000 0.309524
vt 0.791667 0.535714
vt 0.791667 0.607143
vt 0.815476 0.500000
vt 0.839286 0.500000
vt 0.839286 0.535714
vt 0.791667 0.714286
vt 0.839286 0.607143
vt 0.839286 0.642857
vt 0.625000 0.035714
vt 0.625000 0.809524
vt 0.791667 0.500000
vt 0.625000 0.000000
vt 0.625000 0.535714
vt 0.625000 0.607143
vt 0.375000 0.607143
vt 0.375000 0.535714
vt 0.625000 0.642857
vt 0.375000 0.642857
vt 0.767857 0.607143
vt 0.767857 0.500000
vt 0.767857 0.535714
vt 0.767857 0.714286
vt 0.184524 0.500000
vt 0.375000 0.309524
vt 0.625000 0.916667
vt 0.375000 0.916667
vt 0.184524 0.750000
vt 0.791667 0.750000
vt 0.767857 0.750000
vt 0.660714 0.714286
vt 0.291667 0.500000
vt 0.660714 0.607143
vt 0.660714 0.642857
vt 0.660714 0.500000
vt 0.684524 0.500000
vt 0.660714 0.535714
vt 0.625000 0.416667
vt 0.684524 0.750000
vt 0.660714 0.750000
vt 0.375000 0.416667
vt 0.375000 0.809524
vt 0.291667 0.750000
vt 0.875000 0.714286
vt 0.875000 0.750000
vt 0.875000 0.607143
vt 0.875000 0.535714
vt 0.875000 0.500000
vt 0.875000 0.642857
vt 0.562500 0.187500
vt 0.625000 0.187500
vt 0.562500 0.250000
vt 0.562500 0.437500
vt 0.625000 0.437500
vt 0.562500 0.500000
vt 0.562500 0.687500
vt 0.625000 0.687500
vt 0.562500 0.750000
vt 0.562500 0.937500
vt 0.625000 0.937500
vt 0.562500 1.000000
vt 0.312500 0.687500
vt 0.375000 0.687500
vt 0.312500 0.750000
vt 0.812500 0.687500
vt 0.875000 0.687500
vt 0.812500 0.750000
vt 0.437500 0.937500
vt 0.500000 0.937500
vt 0.500000 1.000000
vt 0.437500 1.000000
vt 0.437500 0.687500
vt 0.500000 0.687500
vt 0.500000 0.750000
vt 0.437500 0.750000
vt 0.437500 0.437500
vt 0.500000 0.437500
vt 0.500000 0.500000
vt 0.437500 0.500000
vt 0.437500 0.187500
vt 0.500000 0.187500
vt 0.500000 0.250000
vt 0.437500 0.250000
vt 0.437500 0.062500
vt 0.500000 0.062500
vt 0.500000 0.125000
vt 0.437500 0.125000
vt 0.437500 0.562500
vt 0.500000 0.562500
vt 0.500000 0.625000
vt 0.437500 0.625000
vt 0.812500 0.562500
vt 0.875000 0.562500
vt 0.875000 0.625000
vt 0.812500 0.625000
vt 0.312500 0.562500
vt 0.375000 0.562500
vt 0.375000 0.625000
vt 0.312500 0.625000
vt 0.562500 0.562500
vt 0.625000 0.562500
vt 0.625000 0.625000
vt 0.562500 0.625000
vt 0.562500 0.062500
vt 0.625000 0.062500
vt 0.625000 0.125000
vt 0.562500 0.125000
vt 0.187500 0.562500
vt 0.250000 0.562500
vt 0.250000 0.625000
vt 0.187500 0.625000
vt 0.687500 0.562500
vt 0.750000 0.562500
vt 0.750000 0.625000
vt 0.687500 0.625000
vt 0.437500 0.312500
vt 0.500000 0.312500
vt 0.500000 0.375000
vt 0.437500 0.375000
vt 0.437500 0.812500
vt 0.500000 0.812500
vt 0.500000 0.875000
vt 0.437500 0.875000
vt 0.687500 0.687500
vt 0.750000 0.687500
vt 0.750000 0.750000
vt 0.687500 0.750000
vt 0.187500 0.687500
vt 0.250000 0.687500
vt 0.250000 0.750000
vt 0.187500 0.750000
vt 0.562500 0.812500
vt 0.625000 0.812500
vt 0.625000 0.875000
vt 0.562500 0.875000
vt 0.562500 0.312500
vt 0.625000 0.312500
vt 0.625000 0.375000
vt 0.562500 0.375000
vt 0.125000 0.687500
vt 0.125000 0.625000
vt 0.375000 0.812500
vt 0.375000 0.875000
vt 0.375000 0.312500
vt 0.375000 0.375000
vt 0.687500 0.500000
vt 0.750000 0.500000
vt 0.125000 0.562500
vt 0.187500 0.500000
vt 0.250000 0.500000
vt 0.500000 0.000000
vt 0.562500 0.000000
vt 0.312500 0.500000
vt 0.812500 0.500000
vt 0.375000 0.062500
vt 0.375000 0.125000
vt 0.437500 0.000000
vt 0.375000 0.187500
vt 0.375000 0.437500
vt 0.375000 0.937500
s 0
f 37/1/1 44/2/1 4/3/1 3/4/1
f 9/5/2 16/6/2 8/7/2 7/8/2
f 45/9/3 52/10/3 6/11/3 5/12/3
f 17/13/4 24/14/4 2/15/4 1/16/4
f 134/13/4 133/16/4 26/16/4 34/13/4
f 184/17/3 182/18/3 250/18/3 252/17/3
f 161/19/1 163/20/1 235/20/1 233/19/1
f 167/21/5 68/22/5 24/23/5 152/24/5
f 157/25/4 75/26/4 63/27/4 166/28/4
f 159/29/6 76/30/6 18/31/6 150/32/6
f 132/33/1 121/34/1 33/34/1 97/33/1
f 191/35/6 84/36/6 20/37/6 174/38/6
f 110/5/2 109/8/2 29/8/2 31/5/2
f 173/39/4 176/40/4 22/41/4 19/42/4
f 5/12/4 6/11/4 21/43/4 20/44/4
f 149/45/4 152/46/4 24/14/4 17/13/4
f 43/47/1 42/48/1 210/48/1 211/47/1
f 145/49/2 148/50/2 14/51/2 11/52/2
f 3/4/2 4/3/2 13/53/2 12/54/2
f 169/55/2 172/56/2 16/6/2 9/5/2
f 19/42/4 22/41/4 23/57/4 18/58/4
f 183/59/5 60/60/5 22/61/5 176/62/5
f 108/63/6 89/64/6 28/12/6 30/37/6
f 88/65/6 96/66/6 34/67/6 26/68/6
f 11/52/2 14/51/2 15/69/2 10/70/2
f 112/12/4 111/44/4 30/44/4 28/12/4
f 128/71/3 123/72/3 36/73/3 104/71/3
f 144/1/1 135/4/1 25/4/1 85/74/1
f 120/75/3 112/12/3 28/12/3 89/64/3
f 100/76/6 104/71/6 36/73/6 35/31/6
f 135/4/2 136/54/2 27/54/2 25/4/2
f 116/77/1 110/78/1 31/78/1 105/79/1
f 140/80/3 134/67/3 34/67/3 96/66/3
f 121/81/2 124/70/2 32/70/2 33/52/2
f 136/82/3 137/83/3 93/83/3 27/82/3
f 139/84/3 140/80/3 96/66/3 95/84/3
f 138/85/3 139/84/3 95/84/3 94/85/3
f 114/86/1 107/86/1 108/63/1 113/63/1
f 111/87/1 113/63/1 108/63/1 30/37/1
f 116/77/1 105/79/1 106/88/1 115/89/1
f 114/86/1 115/89/1 106/88/1 107/86/1
f 118/90/3 91/91/3 92/92/3 117/93/3
f 109/8/3 117/93/3 92/92/3 29/8/3
f 120/75/3 89/64/3 90/94/3 119/94/3
f 118/90/3 119/94/3 90/94/3 91/91/3
f 142/95/1 87/95/1 88/96/1 141/96/1
f 133/97/1 141/96/1 88/96/1 26/97/1
f 144/1/1 85/74/1 86/98/1 143/98/1
f 142/95/1 143/98/1 86/98/1 87/95/1
f 125/99/3 126/100/3 102/100/3 101/99/3
f 124/101/3 125/99/3 101/99/3 32/101/3
f 127/102/3 128/71/3 104/71/3 103/102/3
f 126/100/3 127/102/3 103/102/3 102/100/3
f 123/42/4 122/58/4 35/58/4 36/42/4
f 101/99/6 102/100/6 98/103/6 97/33/6
f 33/34/6 32/101/6 101/99/6 97/33/6
f 103/102/6 104/71/6 100/76/6 99/104/6
f 93/83/6 94/85/6 86/105/6 85/106/6
f 25/107/6 27/82/6 93/83/6 85/106/6
f 95/84/6 96/66/6 88/65/6 87/108/6
f 86/105/6 94/85/6 95/84/6 87/108/6
f 91/91/6 106/88/6 105/79/6 92/92/6
f 31/78/6 29/8/6 92/92/6 105/79/6
f 89/64/6 108/63/6 107/86/6 90/94/6
f 106/88/6 91/91/6 90/94/6 107/86/6
f 187/109/7 185/110/7 178/111/7 180/112/7
f 171/113/5 15/114/5 57/115/5 177/116/5
f 191/35/7 189/117/7 182/18/7 184/17/7
f 179/118/5 58/119/5 59/120/5 181/121/5
f 186/122/8 188/123/8 179/118/8 177/116/8
f 169/124/6 9/78/6 81/125/6 185/110/6
f 190/126/8 192/127/8 183/59/8 181/121/8
f 187/109/6 82/128/6 83/129/6 189/117/6
f 130/104/1 99/104/1 100/76/1 129/130/1
f 122/31/1 129/130/1 100/76/1 35/31/1
f 132/33/1 97/33/1 98/103/1 131/131/1
f 130/104/1 131/131/1 98/103/1 99/104/1
f 154/132/9 156/133/9 163/20/9 161/19/9
f 145/134/6 11/34/6 73/33/6 153/135/6
f 158/136/9 160/137/9 167/21/9 165/138/9
f 155/139/6 74/131/6 75/26/6 157/25/6
f 98/103/6 102/100/6 103/102/6 99/104/6
f 181/121/1 183/59/1 251/59/1 249/121/1
f 13/53/2 4/3/2 194/3/2 201/53/2
f 148/50/2 147/140/2 229/140/2 230/50/2
f 155/139/10 153/135/10 162/141/10 164/142/10
f 147/143/5 13/144/5 65/145/5 161/19/5
f 159/29/10 157/25/10 166/28/10 168/146/10
f 163/20/5 66/147/5 67/148/5 165/138/5
f 147/143/1 161/19/1 233/19/1 229/143/1
f 42/48/1 41/149/1 209/149/1 210/48/1
f 176/40/4 175/150/4 243/150/4 244/40/4
f 68/22/3 67/148/3 228/148/3 208/22/3
f 179/118/1 181/121/1 249/121/1 247/118/1
f 162/141/3 148/151/3 230/151/3 234/141/3
f 41/149/1 2/152/1 200/152/1 209/149/1
f 67/148/3 66/147/3 227/147/3 228/148/3
f 49/153/3 50/154/3 47/155/3 48/156/3
f 7/8/3 8/7/3 49/153/3 48/156/3
f 51/157/3 52/10/3 45/9/3 46/158/3
f 47/155/3 50/154/3 51/157/3 46/158/3
f 41/149/1 42/48/1 39/95/1 40/96/1
f 1/97/1 2/152/1 41/149/1 40/96/1
f 43/47/1 44/2/1 37/1/1 38/98/1
f 39/95/1 42/48/1 43/47/1 38/98/1
f 137/83/3 138/85/3 94/85/3 93/83/3
f 47/155/3 46/158/3 119/94/3 118/90/3
f 114/86/5 113/63/5 120/75/5 119/94/5
f 7/8/3 48/156/3 117/93/3 109/8/3
f 116/77/5 115/89/5 118/90/5 117/93/5
f 83/129/1 82/128/1 115/89/1 114/86/1
f 81/125/4 116/77/4 117/93/4 48/156/4
f 20/37/1 84/36/1 113/63/1 111/87/1
f 83/129/4 114/86/4 119/94/4 46/158/4
f 81/125/1 9/78/1 110/78/1 116/77/1
f 45/9/3 5/12/3 112/12/3 120/75/3
f 5/12/4 20/44/4 111/44/4 112/12/4
f 9/5/2 7/8/2 109/8/2 110/5/2
f 75/26/1 74/131/1 131/131/1 130/104/1
f 126/100/5 125/99/5 132/33/5 131/131/5
f 18/31/1 76/30/1 129/130/1 122/31/1
f 128/71/5 127/102/5 130/104/5 129/130/5
f 78/100/3 79/102/3 127/102/3 126/100/3
f 80/71/2 128/71/2 129/130/2 76/30/2
f 10/101/3 77/99/3 125/99/3 124/101/3
f 78/100/2 126/100/2 131/131/2 74/131/2
f 182/18/3 180/112/3 248/112/3 250/18/3
f 19/42/4 18/58/4 122/58/4 123/42/4
f 80/71/3 19/73/3 123/72/3 128/71/3
f 73/33/1 11/34/1 121/34/1 132/33/1
f 138/85/5 137/83/5 144/1/5 143/98/5
f 39/95/1 38/98/1 143/98/1 142/95/1
f 70/85/2 138/85/2 143/98/2 38/98/2
f 1/97/1 40/96/1 141/96/1 133/97/1
f 140/80/5 139/84/5 142/95/5 141/96/5
f 70/85/3 71/84/3 139/84/3 138/85/3
f 72/80/2 140/80/2 141/96/2 40/96/2
f 12/82/3 69/83/3 137/83/3 136/82/3
f 72/80/3 17/67/3 134/67/3 140/80/3
f 3/4/2 12/54/2 136/54/2 135/4/2
f 37/1/1 3/4/1 135/4/1 144/1/1
f 17/13/4 1/16/4 133/16/4 134/13/4
f 125/99/4 77/99/4 73/33/4 132/33/4
f 77/99/6 78/100/6 74/131/6 73/33/6
f 115/89/2 82/128/2 47/155/2 118/90/2
f 82/128/6 81/125/6 48/156/6 47/155/6
f 113/63/2 84/36/2 45/9/2 120/75/2
f 84/36/6 83/129/6 46/158/6 45/9/6
f 127/102/4 79/102/4 75/26/4 130/104/4
f 79/102/6 80/71/6 76/30/6 75/26/6
f 139/84/4 71/84/4 39/95/4 142/95/4
f 71/84/6 72/80/6 40/96/6 39/95/6
f 137/83/4 69/83/4 37/1/4 144/1/4
f 69/83/6 70/85/6 38/98/6 37/1/6
f 62/159/5 164/142/5 166/28/5 63/27/5
f 168/146/3 166/28/3 238/28/3 240/146/3
f 71/84/4 158/136/4 165/138/4 67/148/4
f 66/147/3 65/145/3 226/145/3 227/147/3
f 14/160/5 148/151/5 162/141/5 61/161/5
f 165/138/1 167/21/1 239/21/1 237/138/1
f 69/83/4 154/132/4 161/19/4 65/145/4
f 65/145/3 13/144/3 201/144/3 226/145/3
f 70/85/6 156/133/6 158/136/6 71/84/6
f 156/133/6 155/139/6 157/25/6 158/136/6
f 76/30/2 159/29/2 168/146/2 64/162/2
f 157/25/6 159/29/6 160/137/6 158/136/6
f 12/82/6 146/163/6 154/132/6 69/83/6
f 146/163/6 145/134/6 153/135/6 154/132/6
f 74/131/2 155/139/2 164/142/2 62/159/2
f 153/135/6 155/139/6 156/133/6 154/132/6
f 12/54/2 13/53/2 147/140/2 146/164/2
f 146/164/2 147/140/2 148/50/2 145/49/2
f 18/58/4 23/57/4 151/165/4 150/166/4
f 150/166/4 151/165/4 152/46/4 149/45/4
f 72/80/6 160/137/6 149/167/6 17/67/6
f 160/137/6 159/29/6 150/32/6 149/167/6
f 64/162/5 168/146/5 151/168/5 23/169/5
f 2/15/4 24/14/4 199/14/4 200/15/4
f 78/100/6 188/123/6 190/126/6 79/102/6
f 188/123/6 187/109/6 189/117/6 190/126/6
f 84/36/2 191/35/2 184/17/2 56/170/2
f 189/117/6 191/35/6 192/127/6 190/126/6
f 10/101/6 170/171/6 186/122/6 77/99/6
f 170/171/6 169/124/6 185/110/6 186/122/6
f 82/128/2 187/109/2 180/112/2 54/172/2
f 185/110/6 187/109/6 188/123/6 186/122/6
f 54/172/5 180/112/5 182/18/5 55/173/5
f 163/20/1 165/138/1 237/138/1 235/20/1
f 79/102/4 190/126/4 181/121/4 59/120/4
f 63/27/1 64/162/1 206/162/1 225/27/1
f 16/174/5 172/175/5 178/111/5 53/176/5
f 172/56/2 171/177/2 241/177/2 242/56/2
f 77/99/4 186/122/4 177/116/4 57/115/4
f 166/28/3 164/142/3 236/142/3 238/28/3
f 56/170/5 184/17/5 175/178/5 21/179/5
f 62/159/1 63/27/1 225/27/1 224/159/1
f 10/70/2 15/69/2 171/177/2 170/180/2
f 170/180/2 171/177/2 172/56/2 169/55/2
f 20/44/4 21/43/4 175/150/4 174/181/4
f 174/181/4 175/150/4 176/40/4 173/39/4
f 80/71/6 192/127/6 173/182/6 19/73/6
f 192/127/6 191/35/6 174/38/6 173/182/6
f 73/33/11 74/131/11 62/159/11 61/161/11
f 153/135/4 73/33/4 61/161/4 162/141/4
f 75/26/11 76/30/11 64/162/11 63/27/11
f 192/127/2 80/71/2 60/60/2 183/59/2
f 80/71/12 79/102/12 59/120/12 60/60/12
f 189/117/4 83/129/4 55/173/4 182/18/4
f 83/129/13 84/36/13 56/170/13 55/173/13
f 185/110/4 81/125/4 53/176/4 178/111/4
f 81/125/13 82/128/13 54/172/13 53/176/13
f 188/123/2 78/100/2 58/119/2 179/118/2
f 78/100/12 77/99/12 57/115/12 58/119/12
f 11/52/2 10/70/2 124/70/2 121/81/2
f 160/137/2 72/80/2 68/22/2 167/21/2
f 72/80/14 71/84/14 67/148/14 68/22/14
f 156/133/2 70/85/2 66/147/2 163/20/2
f 70/85/14 69/83/14 65/145/14 66/147/14
f 208/22/5 209/183/5 200/184/5 199/23/5
f 197/10/5 203/170/5 202/179/5 198/11/5
f 204/60/5 206/162/5 207/169/5 205/61/5
f 223/161/5 224/159/5 220/119/5 219/115/5
f 218/114/5 222/160/5 223/161/5 219/115/5
f 225/27/5 206/162/5 204/60/5 221/120/5
f 215/176/5 216/172/5 213/154/5 212/153/5
f 196/7/5 195/174/5 215/176/5 212/153/5
f 217/173/5 203/170/5 197/10/5 214/157/5
f 213/154/5 216/172/5 217/173/5 214/157/5
f 211/185/5 227/147/5 226/145/5 193/186/5
f 201/144/5 194/187/5 193/186/5 226/145/5
f 209/183/5 208/22/5 228/148/5 210/188/5
f 227/147/5 211/185/5 210/188/5 228/148/5
f 220/119/5 224/159/5 225/27/5 221/120/5
f 236/142/5 235/20/5 237/138/5 238/28/5
f 237/138/5 239/21/5 240/146/5 238/28/5
f 230/151/5 229/143/5 233/19/5 234/141/5
f 233/19/5 235/20/5 236/142/5 234/141/5
f 240/146/5 239/21/5 232/24/5 231/168/5
f 248/112/5 247/118/5 249/121/5 250/18/5
f 249/121/5 251/59/5 252/17/5 250/18/5
f 242/175/5 241/113/5 245/116/5 246/111/5
f 245/116/5 247/118/5 248/112/5 246/111/5
f 252/17/5 251/59/5 244/62/5 243/178/5
f 44/2/1 43/47/1 211/47/1 193/2/1
f 164/142/3 162/141/3 234/141/3 236/142/3
f 178/111/3 172/175/3 242/175/3 246/111/3
f 171/113/1 177/116/1 245/116/1 241/113/1
f 152/46/4 151/165/4 231/165/4 232/46/4
f 177/116/1 179/118/1 247/118/1 245/116/1
f 180/112/3 178/111/3 246/111/3 248/112/3
f 21/43/4 6/11/4 198/11/4 202/43/4
f 175/178/3 184/17/3 252/17/3 243/178/3
f 49/153/3 8/7/3 196/7/3 212/153/3
f 183/59/1 176/62/1 244/62/1 251/59/1
f 50/154/3 49/153/3 212/153/3 213/154/3
f 51/157/3 50/154/3 213/154/3 214/157/3
f 56/170/1 21/179/1 202/179/1 203/170/1
f 52/10/3 51/157/3 214/157/3 197/10/3
f 22/61/3 60/60/3 204/60/3 205/61/3
f 16/174/1 53/176/1 215/176/1 195/174/1
f 64/162/1 23/169/1 207/169/1 206/162/1
f 53/176/1 54/172/1 216/172/1 215/176/1
f 24/23/3 68/22/3 208/22/3 199/23/3
f 54/172/1 55/173/1 217/173/1 216/172/1
f 4/3/1 44/2/1 193/2/1 194/3/1
f 55/173/1 56/170/1 203/170/1 217/173/1
f 57/115/3 15/114/3 218/114/3 219/115/3
f 15/69/2 14/51/2 222/51/2 218/69/2
f 58/119/3 57/115/3 219/115/3 220/119/3
f 8/7/2 16/6/2 195/6/2 196/7/2
f 59/120/3 58/119/3 220/119/3 221/120/3
f 151/168/3 168/146/3 240/146/3 231/168/3
f 23/57/4 22/41/4 205/41/4 207/57/4
f 60/60/3 59/120/3 221/120/3 204/60/3
f 167/21/1 152/24/1 232/24/1 239/21/1
f 14/160/1 61/161/1 223/161/1 222/160/1
f 6/11/3 52/10/3 197/10/3 198/11/3
f 61/161/1 62/159/1 224/159/1 223/161/1
f 350/189/15 281/190/15 256/3/15 292/191/15
f 349/192/16 284/193/16 260/7/16 293/194/16
f 348/195/17 287/196/17 258/11/17 294/197/17
f 347/198/18 290/199/18 254/15/18 280/200/18
f 346/201/19 301/202/19 257/12/19 289/203/19
f 345/204/20 300/205/20 254/184/20 290/206/20
f 344/207/21 295/208/21 261/209/21 291/210/21
f 343/211/22 296/212/22 264/213/22 288/214/22
f 342/215/23 297/216/23 263/217/23 285/218/23
f 341/219/24 298/220/24 262/221/24 282/222/24
f 340/223/25 304/224/25 270/225/25 305/226/25
f 339/227/26 303/228/26 269/229/26 306/230/26
f 338/231/27 281/232/27 266/233/27 317/234/27
f 337/235/28 286/236/28 267/237/28 318/238/28
f 336/239/29 302/240/29 268/241/29 309/242/29
f 335/243/30 300/244/30 266/245/30 310/246/30
f 334/247/6 319/248/6 278/249/6 308/250/6
f 333/251/31 320/252/31 277/253/31 307/254/31
f 332/255/32 316/256/32 276/257/32 321/258/32
f 331/259/33 315/260/33 275/261/33 322/262/33
f 330/263/34 323/264/34 274/265/34 314/266/34
f 329/267/35 324/268/35 273/269/35 313/270/35
f 328/271/36 314/272/36 274/273/36 325/274/36
f 327/275/37 312/276/37 272/277/37 326/278/37
f 316/256/38 327/275/38 326/278/38 276/257/38
f 262/221/39 292/191/39 327/275/39 316/256/39
f 292/191/40 256/3/40 312/276/40 327/275/40
f 315/260/41 328/271/41 325/274/41 275/261/41
f 264/213/42 294/197/42 328/271/42 315/260/42
f 294/197/43 258/11/43 314/272/43 328/271/43
f 279/279/44 329/267/44 313/270/44 253/68/44
f 265/280/45 308/250/45 329/267/45 279/279/45
f 308/250/6 278/249/6 324/268/6 329/267/6
f 287/196/46 330/263/46 314/266/46 258/11/46
f 268/241/47 307/254/47 330/263/47 287/196/47
f 307/254/48 277/253/48 323/264/48 330/263/48
f 289/281/49 331/259/49 322/262/49 273/282/49
f 257/12/50 288/214/50 331/259/50 289/281/50
f 288/214/51 264/213/51 315/260/51 331/259/51
f 283/283/52 332/255/52 321/258/52 271/284/52
f 255/4/53 282/222/53 332/255/53 283/283/53
f 282/222/54 262/221/54 316/256/54 332/255/54
f 302/240/55 333/251/55 307/254/55 268/241/55
f 260/7/56 284/285/56 333/251/56 302/240/56
f 284/285/57 272/286/57 320/252/57 333/251/57
f 299/287/58 334/247/58 308/250/58 265/280/58
f 255/107/59 283/288/59 334/247/59 299/287/59
f 283/288/60 271/289/60 319/248/60 334/247/60
f 304/224/61 335/243/61 310/246/61 270/225/61
f 261/290/62 280/291/62 335/243/62 304/224/62
f 280/291/63 254/152/63 300/244/63 335/243/63
f 303/228/64 336/239/64 309/242/64 269/229/64
f 263/217/65 293/194/65 336/239/65 303/228/65
f 293/194/66 260/7/66 302/240/66 336/239/66
f 319/248/6 337/235/6 318/238/6 278/249/6
f 271/289/67 311/292/67 337/235/67 319/248/67
f 311/292/68 259/8/68 286/236/68 337/235/68
f 320/252/69 338/231/69 317/234/69 277/253/69
f 272/286/70 312/293/70 338/231/70 320/252/70
f 312/293/71 256/187/71 281/232/71 338/231/71
f 286/236/72 339/227/72 306/230/72 267/237/72
f 259/8/73 285/218/73 339/227/73 286/236/73
f 285/218/74 263/217/74 303/228/74 339/227/74
f 279/294/75 340/223/75 305/226/75 265/295/75
f 253/97/76 291/296/76 340/223/76 279/294/76
f 291/296/77 261/290/77 304/224/77 340/223/77
f 299/297/78 341/219/78 282/222/78 255/4/78
f 265/295/75 305/226/75 341/219/75 299/297/75
f 305/226/25 270/225/25 298/220/25 341/219/25
f 311/298/79 342/215/79 285/218/79 259/8/79
f 271/284/52 321/258/52 342/215/52 311/298/52
f 321/258/32 276/257/32 297/216/32 342/215/32
f 301/202/80 343/211/80 288/214/80 257/12/80
f 267/237/72 306/230/72 343/211/72 301/202/72
f 306/230/26 269/229/26 296/212/26 343/211/26
f 313/299/81 344/207/81 291/210/81 253/16/81
f 273/282/49 322/262/49 344/207/49 313/299/49
f 322/262/33 275/261/33 295/208/33 344/207/33
f 323/264/82 345/204/82 290/206/82 274/265/82
f 277/253/83 317/234/83 345/204/83 323/264/83
f 317/234/84 266/233/84 300/205/84 345/204/84
f 324/268/85 346/201/85 289/203/85 273/269/85
f 278/249/6 318/238/6 346/201/6 324/268/6
f 318/238/86 267/237/86 301/202/86 346/201/86
f 295/208/87 347/198/87 280/200/87 261/209/87
f 275/261/41 325/274/41 347/198/41 295/208/41
f 325/274/36 274/273/36 290/199/36 347/198/36
f 296/212/88 348/195/88 294/197/88 264/213/88
f 269/229/64 309/242/64 348/195/64 296/212/64
f 309/242/29 268/241/29 287/196/29 348/195/29
f 297/216/89 349/192/89 293/194/89 263/217/89
f 276/257/38 326/278/38 349/192/38 297/216/38
f 326/278/37 272/277/37 284/193/37 349/192/37
f 298/220/90 350/189/90 292/191/90 262/221/90
f 270/225/61 310/246/61 350/189/61 298/220/61
f 310/246/30 266/245/30 281/190/30 350/189/30
f 448/189/15 379/190/15 354/3/15 390/191/15
f 447/192/16 382/193/16 358/7/16 391/194/16
f 446/195/17 385/196/17 356/11/17 392/197/17
f 445/198/18 388/199/18 352/15/18 378/200/18
f 444/201/19 399/202/19 355/12/19 387/203/19
f 443/204/20 398/205/20 352/184/20 388/206/20
f 442/207/21 393/208/21 359/209/21 389/210/21
f 441/211/22 394/212/22 362/213/22 386/214/22
f 440/215/23 395/216/23 361/217/23 383/218/23
f 439/219/24 396/220/24 360/221/24 380/222/24
f 438/223/25 402/224/25 368/225/25 403/226/25
f 437/227/26 401/228/26 367/229/26 404/230/26
f 436/231/27 379/232/27 364/233/27 415/234/27
f 435/235/28 384/236/28 365/237/28 416/238/28
f 434/239/29 400/240/29 366/241/29 407/242/29
f 433/243/30 398/244/30 364/245/30 408/246/30
f 432/247/6 417/248/6 376/249/6 406/250/6
f 431/251/31 418/252/31 375/253/31 405/254/31
f 430/255/32 414/256/32 374/257/32 419/258/32
f 429/259/33 413/260/33 373/261/33 420/262/33
f 428/263/34 421/264/34 372/265/34 412/266/34
f 427/267/35 422/268/35 371/269/35 411/270/35
f 426/271/36 412/272/36 372/273/36 423/274/36
f 425/275/37 410/276/37 370/277/37 424/278/37
f 414/256/38 425/275/38 424/278/38 374/257/38
f 360/221/39 390/191/39 425/275/39 414/256/39
f 390/191/40 354/3/40 410/276/40 425/275/40
f 413/260/41 426/271/41 423/274/41 373/261/41
f 362/213/42 392/197/42 426/271/42 413/260/42
f 392/197/43 356/11/43 412/272/43 426/271/43
f 377/279/44 427/267/44 411/270/44 351/68/44
f 363/280/45 406/250/45 427/267/45 377/279/45
f 406/250/6 376/249/6 422/268/6 427/267/6
f 385/196/46 428/263/46 412/266/46 356/11/46
f 366/241/47 405/254/47 428/263/47 385/196/47
f 405/254/48 375/253/48 421/264/48 428/263/48
f 387/281/49 429/259/49 420/262/49 371/282/49
f 355/12/50 386/214/50 429/259/50 387/281/50
f 386/214/51 362/213/51 413/260/51 429/259/51
f 381/283/52 430/255/52 419/258/52 369/284/52
f 353/4/53 380/222/53 430/255/53 381/283/53
f 380/222/54 360/221/54 414/256/54 430/255/54
f 400/240/55 431/251/55 405/254/55 366/241/55
f 358/7/56 382/285/56 431/251/56 400/240/56
f 382/285/57 370/286/57 418/252/57 431/251/57
f 397/287/58 432/247/58 406/250/58 363/280/58
f 353/107/59 381/288/59 432/247/59 397/287/59
f 381/288/60 369/289/60 417/248/60 432/247/60
f 402/224/61 433/243/61 408/246/61 368/225/61
f 359/290/62 378/291/62 433/243/62 402/224/62
f 378/291/63 352/152/63 398/244/63 433/243/63
f 401/228/64 434/239/64 407/242/64 367/229/64
f 361/217/65 391/194/65 434/239/65 401/228/65
f 391/194/66 358/7/66 400/240/66 434/239/66
f 417/248/6 435/235/6 416/238/6 376/249/6
f 369/289/67 409/292/67 435/235/67 417/248/67
f 409/292/68 357/8/68 384/236/68 435/235/68
f 418/252/69 436/231/69 415/234/69 375/253/69
f 370/286/70 410/293/70 436/231/70 418/252/70
f 410/293/71 354/187/71 379/232/71 436/231/71
f 384/236/72 437/227/72 404/230/72 365/237/72
f 357/8/73 383/218/73 437/227/73 384/236/73
f 383/218/74 361/217/74 401/228/74 437/227/74
f 377/294/75 438/223/75 403/226/75 363/295/75
f 351/97/76 389/296/76 438/223/76 377/294/76
f 389/296/77 359/290/77 402/224/77 438/223/77
f 397/297/78 439/219/78 380/222/78 353/4/78
f 363/295/75 403/226/75 439/219/75 397/297/75
f 403/226/25 368/225/25 396/220/25 439/219/25
f 409/298/79 440/215/79 383/218/79 357/8/79
f 369/284/52 419/258/52 440/215/52 409/298/52
f 419/258/32 374/257/32 395/216/32 440/215/32
f 399/202/80 441/211/80 386/214/80 355/12/80
f 365/237/72 404/230/72 441/211/72 399/202/72
f 404/230/26 367/229/26 394/212/26 441/211/26
f 411/299/81 442/207/81 389/210/81 351/16/81
f 371/282/49 420/262/49 442/207/49 411/299/49
f 420/262/33 373/261/33 393/208/33 442/207/33
f 421/264/82 443/204/82 388/206/82 372/265/82
f 375/253/83 415/234/83 443/204/83 421/264/83
f 415/234/84 364/233/84 398/205/84 443/204/84
f 422/268/85 444/201/85 387/203/85 371/269/85
f 376/249/6 416/238/6 444/201/6 422/268/6
f 416/238/86 365/237/86 399/202/86 444/201/86
f 393/208/87 445/198/87 378/200/87 359/209/87
f 373/261/41 423/274/41 445/198/41 393/208/41
f 423/274/36 372/273/36 388/199/36 445/198/36
f 394/212/88 446/195/88 392/197/88 362/213/88
f 367/229/64 407/242/64 446/195/64 394/212/64
f 407/242/29 366/241/29 385/196/29 446/195/29
f 395/216/89 447/192/89 391/194/89 361/217/89
f 374/257/38 424/278/38 447/192/38 395/216/38
f 424/278/37 370/277/37 382/193/37 447/192/37
f 396/220/90 448/189/90 390/191/90 360/221/90
f 368/225/61 408/246/61 448/189/61 396/220/61
f 408/246/30 364/245/30 379/190/30 448/189/30
f 546/189/15 477/190/15 452/3/15 488/191/15
f 545/192/16 480/193/16 456/7/16 489/194/16
f 544/195/17 483/196/17 454/11/17 490/197/17
f 543/198/18 486/199/18 450/15/18 476/200/18
f 542/201/19 497/202/19 453/12/19 485/203/19
f 541/204/20 496/205/20 450/184/20 486/206/20
f 540/207/21 491/208/21 457/209/21 487/210/21
f 539/211/22 492/212/22 460/213/22 484/214/22
f 538/215/23 493/216/23 459/217/23 481/218/23
f 537/219/24 494/220/24 458/221/24 478/222/24
f 536/223/25 500/224/25 466/225/25 501/226/25
f 535/227/26 499/228/26 465/229/26 502/230/26
f 534/231/27 477/232/27 462/233/27 513/234/27
f 533/235/28 482/236/28 463/237/28 514/238/28
f 532/239/29 498/240/29 464/241/29 505/242/29
f 531/243/30 496/244/30 462/245/30 506/246/30
f 530/247/6 515/248/6 474/249/6 504/250/6
f 529/251/31 516/252/31 473/253/31 503/254/31
f 528/255/32 512/256/32 472/257/32 517/258/32
f 527/259/33 511/260/33 471/261/33 518/262/33
f 526/263/34 519/264/34 470/265/34 510/266/34
f 525/267/35 520/268/35 469/269/35 509/270/35
f 524/271/36 510/272/36 470/273/36 521/274/36
f 523/275/37 508/276/37 468/277/37 522/278/37
f 512/256/38 523/275/38 522/278/38 472/257/38
f 458/221/39 488/191/39 523/275/39 512/256/39
f 488/191/40 452/3/40 508/276/40 523/275/40
f 511/260/41 524/271/41 521/274/41 471/261/41
f 460/213/42 490/197/42 524/271/42 511/260/42
f 490/197/43 454/11/43 510/272/43 524/271/43
f 475/279/44 525/267/44 509/270/44 449/68/44
f 461/280/45 504/250/45 525/267/45 475/279/45
f 504/250/6 474/249/6 520/268/6 525/267/6
f 483/196/46 526/263/46 510/266/46 454/11/46
f 464/241/47 503/254/47 526/263/47 483/196/47
f 503/254/48 473/253/48 519/264/48 526/263/48
f 485/281/49 527/259/49 518/262/49 469/282/49
f 453/12/50 484/214/50 527/259/50 485/281/50
f 484/214/51 460/213/51 511/260/51 527/259/51
f 479/283/52 528/255/52 517/258/52 467/284/52
f 451/4/53 478/222/53 528/255/53 479/283/53
f 478/222/54 458/221/54 512/256/54 528/255/54
f 498/240/55 529/251/55 503/254/55 464/241/55
f 456/7/56 480/285/56 529/251/56 498/240/56
f 480/285/57 468/286/57 516/252/57 529/251/57
f 495/287/58 530/247/58 504/250/58 461/280/58
f 451/107/59 479/288/59 530/247/59 495/287/59
f 479/288/60 467/289/60 515/248/60 530/247/60
f 500/224/61 531/243/61 506/246/61 466/225/61
f 457/290/62 476/291/62 531/243/62 500/224/62
f 476/291/63 450/152/63 496/244/63 531/243/63
f 499/228/64 532/239/64 505/242/64 465/229/64
f 459/217/65 489/194/65 532/239/65 499/228/65
f 489/194/66 456/7/66 498/240/66 532/239/66
f 515/248/6 533/235/6 514/238/6 474/249/6
f 467/289/67 507/292/67 533/235/67 515/248/67
f 507/292/68 455/8/68 482/236/68 533/235/68
f 516/252/69 534/231/69 513/234/69 473/253/69
f 468/286/70 508/293/70 534/231/70 516/252/70
f 508/293/71 452/187/71 477/232/71 534/231/71
f 482/236/72 535/227/72 502/230/72 463/237/72
f 455/8/73 481/218/73 535/227/73 482/236/73
f 481/218/74 459/217/74 499/228/74 535/227/74
f 475/294/75 536/223/75 501/226/75 461/295/75
f 449/97/76 487/296/76 536/223/76 475/294/76
f 487/296/77 457/290/77 500/224/77 536/223/77
f 495/297/78 537/219/78 478/222/78 451/4/78
f 461/295/75 501/226/75 537/219/75 495/297/75
f 501/226/25 466/225/25 494/220/25 537/219/25
f 507/298/79 538/215/79 481/218/79 455/8/79
f 467/284/52 517/258/52 538/215/52 507/298/52
f 517/258/32 472/257/32 493/216/32 538/215/32
f 497/202/80 539/211/80 484/214/80 453/12/80
f 463/237/72 502/230/72 539/211/72 497/202/72
f 502/230/26 465/229/26 492/212/26 539/211/26
f 509/299/81 540/207/81 487/210/81 449/16/81
f 469/282/49 518/262/49 540/207/49 509/299/49
f 518/262/33 471/261/33 491/208/33 540/207/33
f 519/264/82 541/204/82 486/206/82 470/265/82
f 473/253/83 513/234/83 541/204/83 519/264/83
f 513/234/84 462/233/84 496/205/84 541/204/84
f 520/268/85 542/201/85 485/203/85 469/269/85
f 474/249/6 514/238/6 542/201/6 520/268/6
f 514/238/86 463/237/86 497/202/86 542/201/86
f 491/208/87 543/198/87 476/200/87 457/209/87
f 471/261/41 521/274/41 543/198/41 491/208/41
f 521/274/36 470/273/36 486/199/36 543/198/36
f 492/212/88 544/195/88 490/197/88 460/213/88
f 465/229/64 505/242/64 544/195/64 492/212/64
f 505/242/29 464/241/29 483/196/29 544/195/29
f 493/216/89 545/192/89 489/194/89 459/217/89
f 472/257/38 522/278/38 545/192/38 493/216/38
f 522/278/37 468/277/37 480/193/37 545/192/37
f 494/220/90 546/189/90 488/191/90 458/221/90
f 466/225/61 506/246/61 546/189/61 494/220/61
f 506/246/30 462/245/30 477/190/30 546/189/30
f 644/189/15 575/190/15 550/3/15 586/191/15
f 643/192/16 578/193/16 554/7/16 587/194/16
f 642/195/17 581/196/17 552/11/17 588/197/17
f 641/198/18 584/199/18 548/15/18 574/200/18
f 640/201/19 595/202/19 551/12/19 583/203/19
f 639/204/20 594/205/20 548/184/20 584/206/20
f 638/207/21 589/208/21 555/209/21 585/210/21
f 637/211/22 590/212/22 558/213/22 582/214/22
f 636/215/23 591/216/23 557/217/23 579/218/23
f 635/219/24 592/220/24 556/221/24 576/222/24
f 634/223/25 598/224/25 564/225/25 599/226/25
f 633/227/26 597/228/26 563/229/26 600/230/26
f 632/231/27 575/232/27 560/233/27 611/234/27
f 631/235/28 580/236/28 561/237/28 612/238/28
f 630/239/29 596/240/29 562/241/29 603/242/29
f 629/243/30 594/244/30 560/245/30 604/246/30
f 628/247/6 613/248/6 572/249/6 602/250/6
f 627/251/31 614/252/31 571/253/31 601/254/31
f 626/255/32 610/256/32 570/257/32 615/258/32
f 625/259/33 609/260/33 569/261/33 616/262/33
f 624/263/34 617/264/34 568/265/34 608/266/34
f 623/267/35 618/268/35 567/269/35 607/270/35
f 622/271/36 608/272/36 568/273/36 619/274/36
f 621/275/37 606/276/37 566/277/37 620/278/37
f 610/256/38 621/275/38 620/278/38 570/257/38
f 556/221/39 586/191/39 621/275/39 610/256/39
f 586/191/40 550/3/40 606/276/40 621/275/40
f 609/260/41 622/271/41 619/274/41 569/261/41
f 558/213/42 588/197/42 622/271/42 609/260/42
f 588/197/43 552/11/43 608/272/43 622/271/43
f 573/279/44 623/267/44 607/270/44 547/68/44
f 559/280/45 602/250/45 623/267/45 573/279/45
f 602/250/6 572/249/6 618/268/6 623/267/6
f 581/196/46 624/263/46 608/266/46 552/11/46
f 562/241/47 601/254/47 624/263/47 581/196/47
f 601/254/48 571/253/48 617/264/48 624/263/48
f 583/281/49 625/259/49 616/262/49 567/282/49
f 551/12/50 582/214/50 625/259/50 583/281/50
f 582/214/51 558/213/51 609/260/51 625/259/51
f 577/283/52 626/255/52 615/258/52 565/284/52
f 549/4/53 576/222/53 626/255/53 577/283/53
f 576/222/54 556/221/54 610/256/54 626/255/54
f 596/240/55 627/251/55 601/254/55 562/241/55
f 554/7/56 578/285/56 627/251/56 596/240/56
f 578/285/57 566/286/57 614/252/57 627/251/57
f 593/287/58 628/247/58 602/250/58 559/280/58
f 549/107/59 577/288/59 628/247/59 593/287/59
f 577/288/60 565/289/60 613/248/60 628/247/60
f 598/224/61 629/243/61 604/246/61 564/225/61
f 555/290/62 574/291/62 629/243/62 598/224/62
f 574/291/63 548/152/63 594/244/63 629/243/63
f 597/228/64 630/239/64 603/242/64 563/229/64
f 557/217/65 587/194/65 630/239/65 597/228/65
f 587/194/66 554/7/66 596/240/66 630/239/66
f 613/248/6 631/235/6 612/238/6 572/249/6
f 565/289/67 605/292/67 631/235/67 613/248/67
f 605/292/68 553/8/68 580/236/68 631/235/68
f 614/252/69 632/231/69 611/234/69 571/253/69
f 566/286/70 606/293/70 632/231/70 614/252/70
f 606/293/71 550/187/71 575/232/71 632/231/71
f 580/236/72 633/227/72 600/230/72 561/237/72
f 553/8/73 579/218/73 633/227/73 580/236/73
f 579/218/74 557/217/74 597/228/74 633/227/74
f 573/294/75 634/223/75 599/226/75 559/295/75
f 547/97/76 585/296/76 634/223/76 573/294/76
f 585/296/77 555/290/77 598/224/77 634/223/77
f 593/297/78 635/219/78 576/222/78 549/4/78
f 559/295/75 599/226/75 635/219/75 593/297/75
f 599/226/25 564/225/25 592/220/25 635/219/25
f 605/298/79 636/215/79 579/218/79 553/8/79
f 565/284/52 615/258/52 636/215/52 605/298/52
f 615/258/32 570/257/32 591/216/32 636/215/32
f 595/202/80 637/211/80 582/214/80 551/12/80
f 561/237/72 600/230/72 637/211/72 595/202/72
f 600/230/26 563/229/26 590/212/26 637/211/26
f 607/299/81 638/207/81 585/210/81 547/16/81
f 567/282/49 616/262/49 638/207/49 607/299/49
f 616/262/33 569/261/33 589/208/33 638/207/33
f 617/264/82 639/204/82 584/206/82 568/265/82
f 571/253/83 611/234/83 639/204/83 617/264/83
f 611/234/84 560/233/84 594/205/84 639/204/84
f 618/268/85 640/201/85 583/203/85 567/269/85
f 572/249/6 612/238/6 640/201/6 618/268/6
f 612/238/86 561/237/86 595/202/86 640/201/86
f 589/208/87 641/198/87 574/200/87 555/209/87
f 569/261/41 619/274/41 641/198/41 589/208/41
f 619/274/36 568/273/36 584/199/36 641/198/36
f 590/212/88 642/195/88 588/197/88 558/213/88
f 563/229/64 603/242/64 642/195/64 590/212/64
f 603/242/29 562/241/29 581/196/29 642/195/29
f 591/216/89 643/192/89 587/194/89 557/217/89
f 570/257/38 620/278/38 643/192/38 591/216/38
f 620/278/37 566/277/37 578/193/37 643/192/37
f 592/220/90 644/189/90 586/191/90 556/221/90
f 564/225/61 604/246/61 644/189/61 592/220/61
f 604/246/30 560/245/30 575/190/30 644/189/30
f 742/189/15 673/190/15 648/3/15 684/191/15
f 741/192/16 676/193/16 652/7/16 685/194/16
f 740/195/17 679/196/17 650/11/17 686/197/17
f 739/198/18 682/199/18 646/15/18 672/200/18
f 738/201/19 693/202/19 649/12/19 681/203/19
f 737/204/20 692/205/20 646/184/20 682/206/20
f 736/207/21 687/208/21 653/209/21 683/210/21
f 735/211/22 688/212/22 656/213/22 680/214/22
f 734/215/23 689/216/23 655/217/23 677/218/23
f 733/219/24 690/220/24 654/221/24 674/222/24
f 732/223/25 696/224/25 662/225/25 697/226/25
f 731/227/26 695/228/26 661/229/26 698/230/26
f 730/231/27 673/232/27 658/233/27 709/234/27
f 729/235/28 678/236/28 659/237/28 710/238/28
f 728/239/29 694/240/29 660/241/29 701/242/29
f 727/243/30 692/244/30 658/245/30 702/246/30
f 726/247/6 711/248/6 670/249/6 700/250/6
f 725/251/31 712/252/31 669/253/31 699/254/31
f 724/255/32 708/256/32 668/257/32 713/258/32
f 723/259/33 707/260/33 667/261/33 714/262/33
f 722/263/34 715/264/34 666/265/34 706/266/34
f 721/267/35 716/268/35 665/269/35 705/270/35
f 720/271/36 706/272/36 666/273/36 717/274/36
f 719/275/37 704/276/37 664/277/37 718/278/37
f 708/256/38 719/275/38 718/278/38 668/257/38
f 654/221/39 684/191/39 719/275/39 708/256/39
f 684/191/40 648/3/40 704/276/40 719/275/40
f 707/260/41 720/271/41 717/274/41 667/261/41
f 656/213/42 686/197/42 720/271/42 707/260/42
f 686/197/43 650/11/43 706/272/43 720/271/43
f 671/279/44 721/267/44 705/270/44 645/68/44
f 657/280/45 700/250/45 721/267/45 671/279/45
f 700/250/6 670/249/6 716/268/6 721/267/6
f 679/196/46 722/263/46 706/266/46 650/11/46
f 660/241/47 699/254/47 722/263/47 679/196/47
f 699/254/48 669/253/48 715/264/48 722/263/48
f 681/281/49 723/259/49 714/262/49 665/282/49
f 649/12/50 680/214/50 723/259/50 681/281/50
f 680/214/51 656/213/51 707/260/51 723/259/51
f 675/283/52 724/255/52 713/258/52 663/284/52
f 647/4/53 674/222/53 724/255/53 675/283/53
f 674/222/54 654/221/54 708/256/54 724/255/54
f 694/240/55 725/251/55 699/254/55 660/241/55
f 652/7/56 676/285/56 725/251/56 694/240/56
f 676/285/57 664/286/57 712/252/57 725/251/57
f 691/287/58 726/247/58 700/250/58 657/280/58
f 647/107/59 675/288/59 726/247/59 691/287/59
f 675/288/60 663/289/60 711/248/60 726/247/60
f 696/224/61 727/243/61 702/246/61 662/225/61
f 653/290/62 672/291/62 727/243/62 696/224/62
f 672/291/63 646/152/63 692/244/63 727/243/63
f 695/228/64 728/239/64 701/242/64 661/229/64
f 655/217/65 685/194/65 728/239/65 695/228/65
f 685/194/66 652/7/66 694/240/66 728/239/66
f 711/248/6 729/235/6 710/238/6 670/249/6
f 663/289/67 703/292/67 729/235/67 711/248/67
f 703/292/68 651/8/68 678/236/68 729/235/68
f 712/252/69 730/231/69 709/234/69 669/253/69
f 664/286/70 704/293/70 730/231/70 712/252/70
f 704/293/71 648/187/71 673/232/71 730/231/71
f 678/236/72 731/227/72 698/230/72 659/237/72
f 651/8/73 677/218/73 731/227/73 678/236/73
f 677/218/74 655/217/74 695/228/74 731/227/74
f 671/294/75 732/223/75 697/226/75 657/295/75
f 645/97/76 683/296/76 732/223/76 671/294/76
f 683/296/77 653/290/77 696/224/77 732/223/77
f 691/297/78 733/219/78 674/222/78 647/4/78
f 657/295/75 697/226/75 733/219/75 691/297/75
f 697/226/25 662/225/25 690/220/25 733/219/25
f 703/298/79 734/215/79 677/218/79 651/8/79
f 663/284/52 713/258/52 734/215/52 703/298/52
f 713/258/32 668/257/32 689/216/32 734/215/32
f 693/202/80 735/211/80 680/214/80 649/12/80
f 659/237/72 698/230/72 735/211/72 693/202/72
f 698/230/26 661/229/26 688/212/26 735/211/26
f 705/299/81 736/207/81 683/210/81 645/16/81
f 665/282/49 714/262/49 736/207/49 705/299/49
f 714/262/33 667/261/33 687/208/33 736/207/33
f 715/264/82 737/204/82 682/206/82 666/265/82
f 669/253/83 709/234/83 737/204/83 715/264/83
f 709/234/84 658/233/84 692/205/84 737/204/84
f 716/268/85 738/201/85 681/203/85 665/269/85
f 670/249/6 710/238/6 738/201/6 716/268/6
f 710/238/86 659/237/86 693/202/86 738/201/86
f 687/208/87 739/198/87 672/200/87 653/209/87
f 667/261/41 717/274/41 739/198/41 687/208/41
f 717/274/36 666/273/36 682/199/36 739/198/36
f 688/212/88 740/195/88 686/197/88 656/213/88
f 661/229/64 701/242/64 740/195/64 688/212/64
f 701/242/29 660/241/29 679/196/29 740/195/29
f 689/216/89 741/192/89 685/194/89 655/217/89
f 668/257/38 718/278/38 741/192/38 689/216/38
f 718/278/37 664/277/37 676/193/37 741/192/37
f 690/220/90 742/189/90 684/191/90 654/221/90
f 662/225/61 702/246/61 742/189/61 690/220/61
f 702/246/30 658/245/30 673/190/30 742/189/30
f 840/189/15 771/190/15 746/3/15 782/191/15
f 839/192/16 774/193/16 750/7/16 783/194/16
f 838/195/17 777/196/17 748/11/17 784/197/17
f 837/198/18 780/199/18 744/15/18 770/200/18
f 836/201/19 791/202/19 747/12/19 779/203/19
f 835/204/20 790/205/20 744/184/20 780/206/20
f 834/207/21 785/208/21 751/209/21 781/210/21
f 833/211/22 786/212/22 754/213/22 778/214/22
f 832/215/23 787/216/23 753/217/23 775/218/23
f 831/219/24 788/220/24 752/221/24 772/222/24
f 830/223/25 794/224/25 760/225/25 795/226/25
f 829/227/26 793/228/26 759/229/26 796/230/26
f 828/231/27 771/232/27 756/233/27 807/234/27
f 827/235/28 776/236/28 757/237/28 808/238/28
f 826/239/29 792/240/29 758/241/29 799/242/29
f 825/243/30 790/244/30 756/245/30 800/246/30
f 824/247/6 809/248/6 768/249/6 798/250/6
f 823/251/31 810/252/31 767/253/31 797/254/31
f 822/255/32 806/256/32 766/257/32 811/258/32
f 821/259/33 805/260/33 765/261/33 812/262/33
f 820/263/34 813/264/34 764/265/34 804/266/34
f 819/267/35 814/268/35 763/269/35 803/270/35
f 818/271/36 804/272/36 764/273/36 815/274/36
f 817/275/37 802/276/37 762/277/37 816/278/37
f 806/256/38 817/275/38 816/278/38 766/257/38
f 752/221/39 782/191/39 817/275/39 806/256/39
f 782/191/40 746/3/40 802/276/40 817/275/40
f 805/260/41 818/271/41 815/274/41 765/261/41
f 754/213/42 784/197/42 818/271/42 805/260/42
f 784/197/43 748/11/43 804/272/43 818/271/43
f 769/279/44 819/267/44 803/270/44 743/68/44
f 755/280/45 798/250/45 819/267/45 769/279/45
f 798/250/6 768/249/6 814/268/6 819/267/6
f 777/196/46 820/263/46 804/266/46 748/11/46
f 758/241/47 797/254/47 820/263/47 777/196/47
f 797/254/48 767/253/48 813/264/48 820/263/48
f 779/281/49 821/259/49 812/262/49 763/282/49
f 747/12/50 778/214/50 821/259/50 779/281/50
f 778/214/51 754/213/51 805/260/51 821/259/51
f 773/283/52 822/255/52 811/258/52 761/284/52
f 745/4/53 772/222/53 822/255/53 773/283/53
f 772/222/54 752/221/54 806/256/54 822/255/54
f 792/240/55 823/251/55 797/254/55 758/241/55
f 750/7/56 774/285/56 823/251/56 792/240/56
f 774/285/57 762/286/57 810/252/57 823/251/57
f 789/287/58 824/247/58 798/250/58 755/280/58
f 745/107/59 773/288/59 824/247/59 789/287/59
f 773/288/60 761/289/60 809/248/60 824/247/60
f 794/224/61 825/243/61 800/246/61 760/225/61
f 751/290/62 770/291/62 825/243/62 794/224/62
f 770/291/63 744/152/63 790/244/63 825/243/63
f 793/228/64 826/239/64 799/242/64 759/229/64
f 753/217/65 783/194/65 826/239/65 793/228/65
f 783/194/66 750/7/66 792/240/66 826/239/66
f 809/248/6 827/235/6 808/238/6 768/249/6
f 761/289/67 801/292/67 827/235/67 809/248/67
f 801/292/68 749/8/68 776/236/68 827/235/68
f 810/252/69 828/231/69 807/234/69 767/253/69
f 762/286/70 802/293/70 828/231/70 810/252/70
f 802/293/71 746/187/71 771/232/71 828/231/71
f 776/236/72 829/227/72 796/230/72 757/237/72
f 749/8/73 775/218/73 829/227/73 776/236/73
f 775/218/74 753/217/74 793/228/74 829/227/74
f 769/294/75 830/223/75 795/226/75 755/295/75
f 743/97/76 781/296/76 830/223/76 769/294/76
f 781/296/77 751/290/77 794/224/77 830/223/77
f 789/297/78 831/219/78 772/222/78 745/4/78
f 755/295/75 795/226/75 831/219/75 789/297/75
f 795/226/25 760/225/25 788/220/25 831/219/25
f 801/298/79 832/215/79 775/218/79 749/8/79
f 761/284/52 811/258/52 832/215/52 801/298/52
f 811/258/32 766/257/32 787/216/32 832/215/32
f 791/202/80 833/211/80 778/214/80 747/12/80
f 757/237/72 796/230/72 833/211/72 791/202/72
f 796/230/26 759/229/26 786/212/26 833/211/26
f 803/299/81 834/207/81 781/210/81 743/16/81
f 763/282/49 812/262/49 834/207/49 803/299/49
f 812/262/33 765/261/33 785/208/33 834/207/33
f 813/264/82 835/204/82 780/206/82 764/265/82
f 767/253/83 807/234/83 835/204/83 813/264/83
f 807/234/84 756/233/84 790/205/84 835/204/84
f 814/268/85 836/201/85 779/203/85 763/269/85
f 768/249/6 808/238/6 836/201/6 814/268/6
f 808/238/86 757/237/86 791/202/86 836/201/86
f 785/208/87 837/198/87 770/200/87 751/209/87
f 765/261/41 815/274/41 837/198/41 785/208/41
f 815/274/36 764/273/36 780/199/36 837/198/36
f 786/212/88 838/195/88 784/197/88 754/213/88
f 759/229/64 799/242/64 838/195/64 786/212/64
f 799/242/29 758/241/29 777/196/29 838/195/29
f 787/216/89 839/192/89 783/194/89 753/217/89
f 766/257/38 816/278/38 839/192/38 787/216/38
f 816/278/37 762/277/37 774/193/37 839/192/37
f 788/220/90 840/189/90 782/191/90 752/221/90
f 760/225/61 800/246/61 840/189/61 788/220/61
f 800/246/30 756/245/30 771/190/30 840/189/30
f 938/189/91 869/190/91 844/3/91 880/191/91
f 937/192/92 872/193/92 848/7/92 881/194/92
f 936/195/93 875/196/93 846/11/93 882/197/93
f 935/198/94 878/199/94 842/15/94 868/200/94
f 934/201/95 889/202/95 845/12/95 877/203/95
f 933/204/96 888/205/96 842/184/96 878/206/96
f 932/207/97 883/208/97 849/209/97 879/210/97
f 931/211/98 884/212/98 852/213/98 876/214/98
f 930/215/99 885/216/99 851/217/99 873/218/99
f 929/219/100 886/220/100 850/221/100 870/222/100
f 928/223/101 892/224/101 858/225/101 893/226/101
f 927/227/102 891/228/102 857/229/102 894/230/102
f 926/231/103 869/232/103 854/233/103 905/234/103
f 925/235/104 874/236/104 855/237/104 906/238/104
f 924/239/105 890/240/105 856/241/105 897/242/105
f 923/243/106 888/244/106 854/245/106 898/246/106
f 922/247/6 907/248/6 866/249/6 896/250/6
f 921/251/107 908/252/107 865/253/107 895/254/107
f 920/255/108 904/256/108 864/257/108 909/258/108
f 919/259/109 903/260/109 863/261/109 910/262/109
f 918/263/110 911/264/110 862/265/110 902/266/110
f 917/267/111 912/268/111 861/269/111 901/270/111
f 916/271/112 902/272/112 862/273/112 913/274/112
f 915/275/113 900/276/113 860/277/113 914/278/113
f 904/256/114 915/275/114 914/278/114 864/257/114
f 850/221/115 880/191/115 915/275/115 904/256/115
f 880/191/116 844/3/116 900/276/116 915/275/116
f 903/260/117 916/271/117 913/274/117 863/261/117
f 852/213/118 882/197/118 916/271/118 903/260/118
f 882/197/119 846/11/119 902/272/119 916/271/119
f 867/279/120 917/267/120 901/270/120 841/68/120
f 853/280/121 896/250/121 917/267/121 867/279/121
f 896/250/6 866/249/6 912/268/6 917/267/6
f 875/196/122 918/263/122 902/266/122 846/11/122
f 856/241/123 895/254/123 918/263/123 875/196/123
f 895/254/124 865/253/124 911/264/124 918/263/124
f 877/281/125 919/259/125 910/262/125 861/282/125
f 845/12/126 876/214/126 919/259/126 877/281/126
f 876/214/127 852/213/127 903/260/127 919/259/127
f 871/283/128 920/255/128 909/258/128 859/284/128
f 843/4/129 870/222/129 920/255/129 871/283/129
f 870/222/130 850/221/130 904/256/130 920/255/130
f 890/240/131 921/251/131 895/254/131 856/241/131
f 848/7/132 872/285/132 921/251/132 890/240/132
f 872/285/133 860/286/133 908/252/133 921/251/133
f 887/287/134 922/247/134 896/250/134 853/280/134
f 843/107/135 871/288/135 922/247/135 887/287/135
f 871/288/136 859/289/136 907/248/136 922/247/136
f 892/224/137 923/243/137 898/246/137 858/225/137
f 849/290/138 868/291/138 923/243/138 892/224/138
f 868/291/139 842/152/139 888/244/139 923/243/139
f 891/228/140 924/239/140 897/242/140 857/229/140
f 851/217/141 881/194/141 924/239/141 891/228/141
f 881/194/142 848/7/142 890/240/142 924/239/142
f 907/248/6 925/235/6 906/238/6 866/249/6
f 859/289/143 899/292/143 925/235/143 907/248/143
f 899/292/144 847/8/144 874/236/144 925/235/144
f 908/252/145 926/231/145 905/234/145 865/253/145
f 860/286/146 900/293/146 926/231/146 908/252/146
f 900/293/147 844/187/147 869/232/147 926/231/147
f 874/236/148 927/227/148 894/230/148 855/237/148
f 847/8/149 873/218/149 927/227/149 874/236/149
f 873/218/150 851/217/150 891/228/150 927/227/150
f 867/294/151 928/223/151 893/226/151 853/295/151
f 841/97/152 879/296/152 928/223/152 867/294/152
f 879/296/153 849/290/153 892/224/153 928/223/153
f 887/297/154 929/219/154 870/222/154 843/4/154
f 853/295/151 893/226/151 929/219/151 887/297/151
f 893/226/101 858/225/101 886/220/101 929/219/101
f 899/298/155 930/215/155 873/218/155 847/8/155
f 859/284/128 909/258/128 930/215/128 899/298/128
f 909/258/108 864/257/108 885/216/108 930/215/108
f 889/202/156 931/211/156 876/214/156 845/12/156
f 855/237/148 894/230/148 931/211/148 889/202/148
f 894/230/102 857/229/102 884/212/102 931/211/102
f 901/299/157 932/207/157 879/210/157 841/16/157
f 861/282/125 910/262/125 932/207/125 901/299/125
f 910/262/109 863/261/109 883/208/109 932/207/109
f 911/264/158 933/204/158 878/206/158 862/265/158
f 865/253/159 905/234/159 933/204/159 911/264/159
f 905/234/160 854/233/160 888/205/160 933/204/160
f 912/268/161 934/201/161 877/203/161 861/269/161
f 866/249/6 906/238/6 934/201/6 912/268/6
f 906/238/162 855/237/162 889/202/162 934/201/162
f 883/208/163 935/198/163 868/200/163 849/209/163
f 863/261/117 913/274/117 935/198/117 883/208/117
f 913/274/112 862/273/112 878/199/112 935/198/112
f 884/212/164 936/195/164 882/197/164 852/213/164
f 857/229/140 897/242/140 936/195/140 884/212/140
f 897/242/105 856/241/105 875/196/105 936/195/105
f 885/216/165 937/192/165 881/194/165 851/217/165
f 864/257/114 914/278/114 937/192/114 885/216/114
f 914/278/113 860/277/113 872/193/113 937/192/113
f 886/220/166 938/189/166 880/191/166 850/221/166
f 858/225/137 898/246/137 938/189/137 886/220/137
f 898/246/106 854/245/106 869/190/106 938/189/106
f 1036/189/91 967/190/91 942/3/91 978/191/91
f 1035/192/92 970/193/92 946/7/92 979/194/92
f 1034/195/93 973/196/93 944/11/93 980/197/93
f 1033/198/94 976/199/94 940/15/94 966/200/94
f 1032/201/95 987/202/95 943/12/95 975/203/95
f 1031/204/96 986/205/96 940/184/96 976/206/96
f 1030/207/97 981/208/97 947/209/97 977/210/97
f 1029/211/98 982/212/98 950/213/98 974/214/98
f 1028/215/99 983/216/99 949/217/99 971/218/99
f 1027/219/100 984/220/100 948/221/100 968/222/100
f 1026/223/101 990/224/101 956/225/101 991/226/101
f 1025/227/102 989/228/102 955/229/102 992/230/102
f 1024/231/103 967/232/103 952/233/103 1003/234/103
f 1023/235/104 972/236/104 953/237/104 1004/238/104
f 1022/239/105 988/240/105 954/241/105 995/242/105
f 1021/243/106 986/244/106 952/245/106 996/246/106
f 1020/247/6 1005/248/6 964/249/6 994/250/6
f 1019/251/107 1006/252/107 963/253/107 993/254/107
f 1018/255/108 1002/256/108 962/257/108 1007/258/108
f 1017/259/109 1001/260/109 961/261/109 1008/262/109
f 1016/263/110 1009/264/110 960/265/110 1000/266/110
f 1015/267/111 1010/268/111 959/269/111 999/270/111
f 1014/271/112 1000/272/112 960/273/112 1011/274/112
f 1013/275/113 998/276/113 958/277/113 1012/278/113
f 1002/256/114 1013/275/114 1012/278/114 962/257/114
f 948/221/115 978/191/115 1013/275/115 1002/256/115
f 978/191/116 942/3/116 998/276/116 1013/275/116
f 1001/260/117 1014/271/117 1011/274/117 961/261/117
f 950/213/118 980/197/118 1014/271/118 1001/260/118
f 980/197/119 944/11/119 1000/272/119 1014/271/119
f 965/279/120 1015/267/120 999/270/120 939/68/120
f 951/280/121 994/250/121 1015/267/121 965/279/121
f 994/250/6 964/249/6 1010/268/6 1015/267/6
f 973/196/122 1016/263/122 1000/266/122 944/11/122
f 954/241/123 993/254/123 1016/263/123 973/196/123
f 993/254/124 963/253/124 1009/264/124 1016/263/124
f 975/281/125 1017/259/125 1008/262/125 959/282/125
f 943/12/126 974/214/126 1017/259/126 975/281/126
f 974/214/127 950/213/127 1001/260/127 1017/259/127
f 969/283/128 1018/255/128 1007/258/128 957/284/128
f 941/4/129 968/222/129 1018/255/129 969/283/129
f 968/222/130 948/221/130 1002/256/130 1018/255/130
f 988/240/131 1019/251/131 993/254/131 954/241/131
f 946/7/132 970/285/132 1019/251/132 988/240/132
f 970/285/133 958/286/133 1006/252/133 1019/251/133
f 985/287/134 1020/247/134 994/250/134 951/280/134
f 941/107/135 969/288/135 1020/247/135 985/287/135
f 969/288/136 957/289/136 1005/248/136 1020/247/136
f 990/224/137 1021/243/137 996/246/137 956/225/137
f 947/290/138 966/291/138 1021/243/138 990/224/138
f 966/291/139 940/152/139 986/244/139 1021/243/139
f 989/228/140 1022/239/140 995/242/140 955/229/140
f 949/217/141 979/194/141 1022/239/141 989/228/141
f 979/194/142 946/7/142 988/240/142 1022/239/142
f 1005/248/6 1023/235/6 1004/238/6 964/249/6
f 957/289/143 997/292/143 1023/235/143 1005/248/143
f 997/292/144 945/8/144 972/236/144 1023/235/144
f 1006/252/145 1024/231/145 1003/234/145 963/253/145
f 958/286/146 998/293/146 1024/231/146 1006/252/146
f 998/293/147 942/187/147 967/232/147 1024/231/147
f 972/236/148 1025/227/148 992/230/148 953/237/148
f 945/8/149 971/218/149 1025/227/149 972/236/149
f 971/218/150 949/217/150 989/228/150 1025/227/150
f 965/294/151 1026/223/151 991/226/151 951/295/151
f 939/97/152 977/296/152 1026/223/152 965/294/152
f 977/296/153 947/290/153 990/224/153 1026/223/153
f 985/297/154 1027/219/154 968/222/154 941/4/154
f 951/295/151 991/226/151 1027/219/151 985/297/151
f 991/226/101 956/225/101 984/220/101 1027/219/101
f 997/298/155 1028/215/155 971/218/155 945/8/155
f 957/284/128 1007/258/128 1028/215/128 997/298/128
f 1007/258/108 962/257/108 983/216/108 1028/215/108
f 987/202/156 1029/211/156 974/214/156 943/12/156
f 953/237/148 992/230/148 1029/211/148 987/202/148
f 992/230/102 955/229/102 982/212/102 1029/211/102
f 999/299/157 1030/207/157 977/210/157 939/16/157
f 959/282/125 1008/262/125 1030/207/125 999/299/125
f 1008/262/109 961/261/109 981/208/109 1030/207/109
f 1009/264/158 1031/204/158 976/206/158 960/265/158
f 963/253/159 1003/234/159 1031/204/159 1009/264/159
f 1003/234/160 952/233/160 986/205/160 1031/204/160
f 1010/268/161 1032/201/161 975/203/161 959/269/161
f 964/249/6 1004/238/6 1032/201/6 1010/268/6
f 1004/238/162 953/237/162 987/202/162 1032/201/162
f 981/208/163 1033/198/163 966/200/163 947/209/163
f 961/261/117 1011/274/117 1033/198/117 981/208/117
f 1011/274/112 960/273/112 976/199/112 1033/198/112
f 982/212/164 1034/195/164 980/197/164 950/213/164
f 955/229/140 995/242/140 1034/195/140 982/212/140
f 995/242/105 954/241/105 973/196/105 1034/195/105
f 983/216/165 1035/192/165 979/194/165 949/217/165
f 962/257/114 1012/278/114 1035/192/114 983/216/114
f 1012/278/113 958/277/113 970/193/113 1035/192/113
f 984/220/166 1036/189/166 978/191/166 948/221/166
f 956/225/137 996/246/137 1036/189/137 984/220/137
f 996/246/106 952/245/106 967/190/106 1036/189/106
f 1134/189/91 1065/190/91 1040/3/91 1076/191/91
f 1133/192/92 1068/193/92 1044/7/92 1077/194/92
f 1132/195/93 1071/196/93 1042/11/93 1078/197/93
f 1131/198/94 1074/199/94 1038/15/94 1064/200/94
f 1130/201/95 1085/202/95 1041/12/95 1073/203/95
f 1129/204/96 1084/205/96 1038/184/96 1074/206/96
f 1128/207/97 1079/208/97 1045/209/97 1075/210/97
f 1127/211/98 1080/212/98 1048/213/98 1072/214/98
f 1126/215/99 1081/216/99 1047/217/99 1069/218/99
f 1125/219/100 1082/220/100 1046/221/100 1066/222/100
f 1124/223/101 1088/224/101 1054/225/101 1089/226/101
f 1123/227/102 1087/228/102 1053/229/102 1090/230/102
f 1122/231/103 1065/232/103 1050/233/103 1101/234/103
f 1121/235/104 1070/236/104 1051/237/104 1102/238/104
f 1120/239/105 1086/240/105 1052/241/105 1093/242/105
f 1119/243/106 1084/244/106 1050/245/106 1094/246/106
f 1118/247/6 1103/248/6 1062/249/6 1092/250/6
f 1117/251/107 1104/252/107 1061/253/107 1091/254/107
f 1116/255/108 1100/256/108 1060/257/108 1105/258/108
f 1115/259/109 1099/260/109 1059/261/109 1106/262/109
f 1114/263/110 1107/264/110 1058/265/110 1098/266/110
f 1113/267/111 1108/268/111 1057/269/111 1097/270/111
f 1112/271/112 1098/272/112 1058/273/112 1109/274/112
f 1111/275/113 1096/276/113 1056/277/113 1110/278/113
f 1100/256/114 1111/275/114 1110/278/114 1060/257/114
f 1046/221/115 1076/191/115 1111/275/115 1100/256/115
f 1076/191/116 1040/3/116 1096/276/116 1111/275/116
f 1099/260/117 1112/271/117 1109/274/117 1059/261/117
f 1048/213/118 1078/197/118 1112/271/118 1099/260/118
f 1078/197/119 1042/11/119 1098/272/119 1112/271/119
f 1063/279/120 1113/267/120 1097/270/120 1037/68/120
f 1049/280/121 1092/250/121 1113/267/121 1063/279/121
f 1092/250/6 1062/249/6 1108/268/6 1113/267/6
f 1071/196/122 1114/263/122 1098/266/122 1042/11/122
f 1052/241/123 1091/254/123 1114/263/123 1071/196/123
f 1091/254/124 1061/253/124 1107/264/124 1114/263/124
f 1073/281/125 1115/259/125 1106/262/125 1057/282/125
f 1041/12/126 1072/214/126 1115/259/126 1073/281/126
f 1072/214/127 1048/213/127 1099/260/127 1115/259/127
f 1067/283/128 1116/255/128 1105/258/128 1055/284/128
f 1039/4/129 1066/222/129 1116/255/129 1067/283/129
f 1066/222/130 1046/221/130 1100/256/130 1116/255/130
f 1086/240/131 1117/251/131 1091/254/131 1052/241/131
f 1044/7/132 1068/285/132 1117/251/132 1086/240/132
f 1068/285/133 1056/286/133 1104/252/133 1117/251/133
f 1083/287/134 1118/247/134 1092/250/134 1049/280/134
f 1039/107/135 1067/288/135 1118/247/135 1083/287/135
f 1067/288/136 1055/289/136 1103/248/136 1118/247/136
f 1088/224/137 1119/243/137 1094/246/137 1054/225/137
f 1045/290/138 1064/291/138 1119/243/138 1088/224/138
f 1064/291/139 1038/152/139 1084/244/139 1119/243/139
f 1087/228/140 1120/239/140 1093/242/140 1053/229/140
f 1047/217/141 1077/194/141 1120/239/141 1087/228/141
f 1077/194/142 1044/7/142 1086/240/142 1120/239/142
f 1103/248/6 1121/235/6 1102/238/6 1062/249/6
f 1055/289/143 1095/292/143 1121/235/143 1103/248/143
f 1095/292/144 1043/8/144 1070/236/144 1121/235/144
f 1104/252/145 1122/231/145 1101/234/145 1061/253/145
f 1056/286/146 1096/293/146 1122/231/146 1104/252/146
f 1096/293/147 1040/187/147 1065/232/147 1122/231/147
f 1070/236/148 1123/227/148 1090/230/148 1051/237/148
f 1043/8/149 1069/218/149 1123/227/149 1070/236/149
f 1069/218/150 1047/217/150 1087/228/150 1123/227/150
f 1063/294/151 1124/223/151 1089/226/151 1049/295/151
f 1037/97/152 1075/296/152 1124/223/152 1063/294/152
f 1075/296/153 1045/290/153 1088/224/153 1124/223/153
f 1083/297/154 1125/219/154 1066/222/154 1039/4/154
f 1049/295/151 1089/226/151 1125/219/151 1083/297/151
f 1089/226/101 1054/225/101 1082/220/101 1125/219/101
f 1095/298/155 1126/215/155 1069/218/155 1043/8/155
f 1055/284/128 1105/258/128 1126/215/128 1095/298/128
f 1105/258/108 1060/257/108 1081/216/108 1126/215/108
f 1085/202/156 1127/211/156 1072/214/156 1041/12/156
f 1051/237/148 1090/230/148 1127/211/148 1085/202/148
f 1090/230/102 1053/229/102 1080/212/102 1127/211/102
f 1097/299/157 1128/207/157 1075/210/157 1037/16/157
f 1057/282/125 1106/262/125 1128/207/125 1097/299/125
f 1106/262/109 1059/261/109 1079/208/109 1128/207/109
f 1107/264/158 1129/204/158 1074/206/158 1058/265/158
f 1061/253/159 1101/234/159 1129/204/159 1107/264/159
f 1101/234/160 1050/233/160 1084/205/160 1129/204/160
f 1108/268/161 1130/201/161 1073/203/161 1057/269/161
f 1062/249/6 1102/238/6 1130/201/6 1108/268/6
f 1102/238/162 1051/237/162 1085/202/162 1130/201/162
f 1079/208/163 1131/198/163 1064/200/163 1045/209/163
f 1059/261/117 1109/274/117 1131/198/117 1079/208/117
f 1109/274/112 1058/273/112 1074/199/112 1131/198/112
f 1080/212/164 1132/195/164 1078/197/164 1048/213/164
f 1053/229/140 1093/242/140 1132/195/140 1080/212/140
f 1093/242/105 1052/241/105 1071/196/105 1132/195/105
f 1081/216/165 1133/192/165 1077/194/165 1047/217/165
f 1060/257/114 1110/278/114 1133/192/114 1081/216/114
f 1110/278/113 1056/277/113 1068/193/113 1133/192/113
f 1082/220/166 1134/189/166 1076/191/166 1046/221/166
f 1054/225/137 1094/246/137 1134/189/137 1082/220/137
f 1094/246/106 1050/245/106 1065/190/106 1134/189/106
f 1232/189/91 1163/190/91 1138/3/91 1174/191/91
f 1231/192/92 1166/193/92 1142/7/92 1175/194/92
f 1230/195/93 1169/196/93 1140/11/93 1176/197/93
f 1229/198/94 1172/199/94 1136/15/94 1162/200/94
f 1228/201/95 1183/202/95 1139/12/95 1171/203/95
f 1227/204/96 1182/205/96 1136/184/96 1172/206/96
f 1226/207/97 1177/208/97 1143/209/97 1173/210/97
f 1225/211/98 1178/212/98 1146/213/98 1170/214/98
f 1224/215/99 1179/216/99 1145/217/99 1167/218/99
f 1223/219/100 1180/220/100 1144/221/100 1164/222/100
f 1222/223/101 1186/224/101 1152/225/101 1187/226/101
f 1221/227/102 1185/228/102 1151/229/102 1188/230/102
f 1220/231/103 1163/232/103 1148/233/103 1199/234/103
f 1219/235/104 1168/236/104 1149/237/104 1200/238/104
f 1218/239/105 1184/240/105 1150/241/105 1191/242/105
f 1217/243/106 1182/244/106 1148/245/106 1192/246/106
f 1216/247/6 1201/248/6 1160/249/6 1190/250/6
f 1215/251/107 1202/252/107 1159/253/107 1189/254/107
f 1214/255/108 1198/256/108 1158/257/108 1203/258/108
f 1213/259/109 1197/260/109 1157/261/109 1204/262/109
f 1212/263/110 1205/264/110 1156/265/110 1196/266/110
f 1211/267/111 1206/268/111 1155/269/111 1195/270/111
f 1210/271/112 1196/272/112 1156/273/112 1207/274/112
f 1209/275/113 1194/276/113 1154/277/113 1208/278/113
f 1198/256/114 1209/275/114 1208/278/114 1158/257/114
f 1144/221/115 1174/191/115 1209/275/115 1198/256/115
f 1174/191/116 1138/3/116 1194/276/116 1209/275/116
f 1197/260/117 1210/271/117 1207/274/117 1157/261/117
f 1146/213/118 1176/197/118 1210/271/118 1197/260/118
f 1176/197/119 1140/11/119 1196/272/119 1210/271/119
f 1161/279/120 1211/267/120 1195/270/120 1135/68/120
f 1147/280/121 1190/250/121 1211/267/121 1161/279/121
f 1190/250/6 1160/249/6 1206/268/6 1211/267/6
f 1169/196/122 1212/263/122 1196/266/122 1140/11/122
f 1150/241/123 1189/254/123 1212/263/123 1169/196/123
f 1189/254/124 1159/253/124 1205/264/124 1212/263/124
f 1171/281/125 1213/259/125 1204/262/125 1155/282/125
f 1139/12/126 1170/214/126 1213/259/126 1171/281/126
f 1170/214/127 1146/213/127 1197/260/127 1213/259/127
f 1165/283/128 1214/255/128 1203/258/128 1153/284/128
f 1137/4/129 1164/222/129 1214/255/129 1165/283/129
f 1164/222/130 1144/221/130 1198/256/130 1214/255/130
f 1184/240/131 1215/251/131 1189/254/131 1150/241/131
f 1142/7/132 1166/285/132 1215/251/132 1184/240/132
f 1166/285/133 1154/286/133 1202/252/133 1215/251/133
f 1181/287/134 1216/247/134 1190/250/134 1147/280/134
f 1137/107/135 1165/288/135 1216/247/135 1181/287/135
f 1165/288/136 1153/289/136 1201/248/136 1216/247/136
f 1186/224/137 1217/243/137 1192/246/137 1152/225/137
f 1143/290/138 1162/291/138 1217/243/138 1186/224/138
f 1162/291/139 1136/152/139 1182/244/139 1217/243/139
f 1185/228/140 1218/239/140 1191/242/140 1151/229/140
f 1145/217/141 1175/194/141 1218/239/141 1185/228/141
f 1175/194/142 1142/7/142 1184/240/142 1218/239/142
f 1201/248/6 1219/235/6 1200/238/6 1160/249/6
f 1153/289/143 1193/292/143 1219/235/143 1201/248/143
f 1193/292/144 1141/8/144 1168/236/144 1219/235/144
f 1202/252/145 1220/231/145 1199/234/145 1159/253/145
f 1154/286/146 1194/293/146 1220/231/146 1202/252/146
f 1194/293/147 1138/187/147 1163/232/147 1220/231/147
f 1168/236/148 1221/227/148 1188/230/148 1149/237/148
f 1141/8/149 1167/218/149 1221/227/149 1168/236/149
f 1167/218/150 1145/217/150 1185/228/150 1221/227/150
f 1161/294/151 1222/223/151 1187/226/151 1147/295/151
f 1135/97/152 1173/296/152 1222/223/152 1161/294/152
f 1173/296/153 1143/290/153 1186/224/153 1222/223/153
f 1181/297/154 1223/219/154 1164/222/154 1137/4/154
f 1147/295/151 1187/226/151 1223/219/151 1181/297/151
f 1187/226/101 1152/225/101 1180/220/101 1223/219/101
f 1193/298/155 1224/215/155 1167/218/155 1141/8/155
f 1153/284/128 1203/258/128 1224/215/128 1193/298/128
f 1203/258/108 1158/257/108 1179/216/108 1224/215/108
f 1183/202/156 1225/211/156 1170/214/156 1139/12/156
f 1149/237/148 1188/230/148 1225/211/148 1183/202/148
f 1188/230/102 1151/229/102 1178/212/102 1225/211/102
f 1195/299/157 1226/207/157 1173/210/157 1135/16/157
f 1155/282/125 1204/262/125 1226/207/125 1195/299/125
f 1204/262/109 1157/261/109 1177/208/109 1226/207/109
f 1205/264/158 1227/204/158 1172/206/158 1156/265/158
f 1159/253/159 1199/234/159 1227/204/159 1205/264/159
f 1199/234/160 1148/233/160 1182/205/160 1227/204/160
f 1206/268/161 1228/201/161 1171/203/161 1155/269/161
f 1160/249/6 1200/238/6 1228/201/6 1206/268/6
f 1200/238/162 1149/237/162 1183/202/162 1228/201/162
f 1177/208/163 1229/198/163 1162/200/163 1143/209/163
f 1157/261/117 1207/274/117 1229/198/117 1177/208/117
f 1207/274/112 1156/273/112 1172/199/112 1229/198/112
f 1178/212/164 1230/195/164 1176/197/164 1146/213/164
f 1151/229/140 1191/242/140 1230/195/140 1178/212/140
f 1191/242/105 1150/241/105 1169/196/105 1230/195/105
f 1179/216/165 1231/192/165 1175/194/165 1145/217/165
f 1158/257/114 1208/278/114 1231/192/114 1179/216/114
f 1208/278/113 1154/277/113 1166/193/113 1231/192/113
f 1180/220/166 1232/189/166 1174/191/166 1144/221/166
f 1152/225/137 1192/246/137 1232/189/137 1180/220/137
f 1192/246/106 1148/245/106 1163/190/106 1232/189/106
f 1330/189/91 1261/190/91 1236/3/91 1272/191/91
f 1329/192/92 1264/193/92 1240/7/92 1273/194/92
f 1328/195/93 1267/196/93 1238/11/93 1274/197/93
f 1327/198/94 1270/199/94 1234/15/94 1260/200/94
f 1326/201/95 1281/202/95 1237/12/95 1269/203/95
f 1325/204/96 1280/205/96 1234/184/96 1270/206/96
f 1324/207/97 1275/208/97 1241/209/97 1271/210/97
f 1323/211/98 1276/212/98 1244/213/98 1268/214/98
f 1322/215/99 1277/216/99 1243/217/99 1265/218/99
f 1321/219/100 1278/220/100 1242/221/100 1262/222/100
f 1320/223/101 1284/224/101 1250/225/101 1285/226/101
f 1319/227/102 1283/228/102 1249/229/102 1286/230/102
f 1318/231/103 1261/232/103 1246/233/103 1297/234/103
f 1317/235/104 1266/236/104 1247/237/104 1298/238/104
f 1316/239/105 1282/240/105 1248/241/105 1289/242/105
f 1315/243/106 1280/244/106 1246/245/106 1290/246/106
f 1314/247/6 1299/248/6 1258/249/6 1288/250/6
f 1313/251/107 1300/252/107 1257/253/107 1287/254/107
f 1312/255/108 1296/256/108 1256/257/108 1301/258/108
f 1311/259/109 1295/260/109 1255/261/109 1302/262/109
f 1310/263/110 1303/264/110 1254/265/110 1294/266/110
f 1309/267/111 1304/268/111 1253/269/111 1293/270/111
f 1308/271/112 1294/272/112 1254/273/112 1305/274/112
f 1307/275/113 1292/276/113 1252/277/113 1306/278/113
f 1296/256/114 1307/275/114 1306/278/114 1256/257/114
f 1242/221/115 1272/191/115 1307/275/115 1296/256/115
f 1272/191/116 1236/3/116 1292/276/116 1307/275/116
f 1295/260/117 1308/271/117 1305/274/117 1255/261/117
f 1244/213/118 1274/197/118 1308/271/118 1295/260/118
f 1274/197/119 1238/11/119 1294/272/119 1308/271/119
f 1259/279/120 1309/267/120 1293/270/120 1233/68/120
f 1245/280/121 1288/250/121 1309/267/121 1259/279/121
f 1288/250/6 1258/249/6 1304/268/6 1309/267/6
f 1267/196/122 1310/263/122 1294/266/122 1238/11/122
f 1248/241/123 1287/254/123 1310/263/123 1267/196/123
f 1287/254/124 1257/253/124 1303/264/124 1310/263/124
f 1269/281/125 1311/259/125 1302/262/125 1253/282/125
f 1237/12/126 1268/214/126 1311/259/126 1269/281/126
f 1268/214/127 1244/213/127 1295/260/127 1311/259/127
f 1263/283/128 1312/255/128 1301/258/128 1251/284/128
f 1235/4/129 1262/222/129 1312/255/129 1263/283/129
f 1262/222/130 1242/221/130 1296/256/130 1312/255/130
f 1282/240/131 1313/251/131 1287/254/131 1248/241/131
f 1240/7/132 1264/285/132 1313/251/132 1282/240/132
f 1264/285/133 1252/286/133 1300/252/133 1313/251/133
f 1279/287/134 1314/247/134 1288/250/134 1245/280/134
f 1235/107/135 1263/288/135 1314/247/135 1279/287/135
f 1263/288/136 1251/289/136 1299/248/136 1314/247/136
f 1284/224/137 1315/243/137 1290/246/137 1250/225/137
f 1241/290/138 1260/291/138 1315/243/138 1284/224/138
f 1260/291/139 1234/152/139 1280/244/139 1315/243/139
f 1283/228/140 1316/239/140 1289/242/140 1249/229/140
f 1243/217/141 1273/194/141 1316/239/141 1283/228/141
f 1273/194/142 1240/7/142 1282/240/142 1316/239/142
f 1299/248/6 1317/235/6 1298/238/6 1258/249/6
f 1251/289/143 1291/292/143 1317/235/143 1299/248/143
f 1291/292/144 1239/8/144 1266/236/144 1317/235/144
f 1300/252/145 1318/231/145 1297/234/145 1257/253/145
f 1252/286/146 1292/293/146 1318/231/146 1300/252/146
f 1292/293/147 1236/187/147 1261/232/147 1318/231/147
f 1266/236/148 1319/227/148 1286/230/148 1247/237/148
f 1239/8/149 1265/218/149 1319/227/149 1266/236/149
f 1265/218/150 1243/217/150 1283/228/150 1319/227/150
f 1259/294/151 1320/223/151 1285/226/151 1245/295/151
f 1233/97/152 1271/296/152 1320/223/152 1259/294/152
f 1271/296/153 1241/290/153 1284/224/153 1320/223/153
f 1279/297/154 1321/219/154 1262/222/154 1235/4/154
f 1245/295/151 1285/226/151 1321/219/151 1279/297/151
f 1285/226/101 1250/225/101 1278/220/101 1321/219/101
f 1291/298/155 1322/215/155 1265/218/155 1239/8/155
f 1251/284/128 1301/258/128 1322/215/128 1291/298/128
f 1301/258/108 1256/257/108 1277/216/108 1322/215/108
f 1281/202/156 1323/211/156 1268/214/156 1237/12/156
f 1247/237/148 1286/230/148 1323/211/148 1281/202/148
f 1286/230/102 1249/229/102 1276/212/102 1323/211/102
f 1293/299/157 1324/207/157 1271/210/157 1233/16/157
f 1253/282/125 1302/262/125 1324/207/125 1293/299/125
f 1302/262/109 1255/261/109 1275/208/109 1324/207/109
f 1303/264/158 1325/204/158 1270/206/158 1254/265/158
f 1257/253/159 1297/234/159 1325/204/159 1303/264/159
f 1297/234/160 1246/233/160 1280/205/160 1325/204/160
f 1304/268/161 1326/201/161 1269/203/161 1253/269/161
f 1258/249/6 1298/238/6 1326/201/6 1304/268/6
f 1298/238/162 1247/237/162 1281/202/162 1326/201/162
f 1275/208/163 1327/198/163 1260/200/163 1241/209/163
f 1255/261/117 1305/274/117 1327/198/117 1275/208/117
f 1305/274/112 1254/273/112 1270/199/112 1327/198/112
f 1276/212/164 1328/195/164 1274/197/164 1244/213/164
f 1249/229/140 1289/242/140 1328/195/140 1276/212/140
f 1289/242/105 1248/241/105 1267/196/105 1328/195/105
f 1277/216/165 1329/192/165 1273/194/165 1243/217/165
f 1256/257/114 1306/278/114 1329/192/114 1277/216/114
f 1306/278/113 1252/277/113 1264/193/113 1329/192/113
f 1278/220/166 1330/189/166 1272/191/166 1242/221/166
f 1250/225/137 1290/246/137 1330/189/137 1278/220/137
f 1290/246/106 1246/245/106 1261/190/106 1330/189/106
f 1428/189/91 1359/190/91 1334/3/91 1370/191/91
f 1427/192/92 1362/193/92 1338/7/92 1371/194/92
f 1426/195/93 1365/196/93 1336/11/93 1372/197/93
f 1425/198/94 1368/199/94 1332/15/94 1358/200/94
f 1424/201/95 1379/202/95 1335/12/95 1367/203/95
f 1423/204/96 1378/205/96 1332/184/96 1368/206/96
f 1422/207/97 1373/208/97 1339/209/97 1369/210/97
f 1421/211/98 1374/212/98 1342/213/98 1366/214/98
f 1420/215/99 1375/216/99 1341/217/99 1363/218/99
f 1419/219/100 1376/220/100 1340/221/100 1360/222/100
f 1418/223/101 1382/224/101 1348/225/101 1383/226/101
f 1417/227/102 1381/228/102 1347/229/102 1384/230/102
f 1416/231/103 1359/232/103 1344/233/103 1395/234/103
f 1415/235/104 1364/236/104 1345/237/104 1396/238/104
f 1414/239/105 1380/240/105 1346/241/105 1387/242/105
f 1413/243/106 1378/244/106 1344/245/106 1388/246/106
f 1412/247/6 1397/248/6 1356/249/6 1386/250/6
f 1411/251/107 1398/252/107 1355/253/107 1385/254/107
f 1410/255/108 1394/256/108 1354/257/108 1399/258/108
f 1409/259/109 1393/260/109 1353/261/109 1400/262/109
f 1408/263/110 1401/264/110 1352/265/110 1392/266/110
f 1407/267/111 1402/268/111 1351/269/111 1391/270/111
f 1406/271/112 1392/272/112 1352/273/112 1403/274/112
f 1405/275/113 1390/276/113 1350/277/113 1404/278/113
f 1394/256/114 1405/275/114 1404/278/114 1354/257/114
f 1340/221/115 1370/191/115 1405/275/115 1394/256/115
f 1370/191/116 1334/3/116 1390/276/116 1405/275/116
f 1393/260/117 1406/271/117 1403/274/117 1353/261/117
f 1342/213/118 1372/197/118 1406/271/118 1393/260/118
f 1372/197/119 1336/11/119 1392/272/119 1406/271/119
f 1357/279/120 1407/267/120 1391/270/120 1331/68/120
f 1343/280/121 1386/250/121 1407/267/121 1357/279/121
f 1386/250/6 1356/249/6 1402/268/6 1407/267/6
f 1365/196/122 1408/263/122 1392/266/122 1336/11/122
f 1346/241/123 1385/254/123 1408/263/123 1365/196/123
f 1385/254/124 1355/253/124 1401/264/124 1408/263/124
f 1367/281/125 1409/259/125 1400/262/125 1351/282/125
f 1335/12/126 1366/214/126 1409/259/126 1367/281/126
f 1366/214/127 1342/213/127 1393/260/127 1409/259/127
f 1361/283/128 1410/255/128 1399/258/128 1349/284/128
f 1333/4/129 1360/222/129 1410/255/129 1361/283/129
f 1360/222/130 1340/221/130 1394/256/130 1410/255/130
f 1380/240/131 1411/251/131 1385/254/131 1346/241/131
f 1338/7/132 1362/285/132 1411/251/132 1380/240/132
f 1362/285/133 1350/286/133 1398/252/133 1411/251/133
f 1377/287/134 1412/247/134 1386/250/134 1343/280/134
f 1333/107/135 1361/288/135 1412/247/135 1377/287/135
f 1361/288/136 1349/289/136 1397/248/136 1412/247/136
f 1382/224/137 1413/243/137 1388/246/137 1348/225/137
f 1339/290/138 1358/291/138 1413/243/138 1382/224/138
f 1358/291/139 1332/152/139 1378/244/139 1413/243/139
f 1381/228/140 1414/239/140 1387/242/140 1347/229/140
f 1341/217/141 1371/194/141 1414/239/141 1381/228/141
f 1371/194/142 1338/7/142 1380/240/142 1414/239/142
f 1397/248/6 1415/235/6 1396/238/6 1356/249/6
f 1349/289/143 1389/292/143 1415/235/143 1397/248/143
f 1389/292/144 1337/8/144 1364/236/144 1415/235/144
f 1398/252/145 1416/231/145 1395/234/145 1355/253/145
f 1350/286/146 1390/293/146 1416/231/146 1398/252/146
f 1390/293/147 1334/187/147 1359/232/147 1416/231/147
f 1364/236/148 1417/227/148 1384/230/148 1345/237/148
f 1337/8/149 1363/218/149 1417/227/149 1364/236/149
f 1363/218/150 1341/217/150 1381/228/150 1417/227/150
f 1357/294/151 1418/223/151 1383/226/151 1343/295/151
f 1331/97/167 1369/296/167 1418/223/167 1357/294/167
f 1369/296/153 1339/290/153 1382/224/153 1418/223/153
f 1377/297/154 1419/219/154 1360/222/154 1333/4/154
f 1343/295/151 1383/226/151 1419/219/151 1377/297/151
f 1383/226/101 1348/225/101 1376/220/101 1419/219/101
f 1389/298/155 1420/215/155 1363/218/155 1337/8/155
f 1349/284/128 1399/258/128 1420/215/128 1389/298/128
f 1399/258/108 1354/257/108 1375/216/108 1420/215/108
f 1379/202/156 1421/211/156 1366/214/156 1335/12/156
f 1345/237/148 1384/230/148 1421/211/148 1379/202/148
f 1384/230/102 1347/229/102 1374/212/102 1421/211/102
f 1391/299/157 1422/207/157 1369/210/157 1331/16/157
f 1351/282/125 1400/262/125 1422/207/125 1391/299/125
f 1400/262/109 1353/261/109 1373/208/109 1422/207/109
f 1401/264/158 1423/204/158 1368/206/158 1352/265/158
f 1355/253/159 1395/234/159 1423/204/159 1401/264/159
f 1395/234/160 1344/233/160 1378/205/160 1423/204/160
f 1402/268/161 1424/201/161 1367/203/161 1351/269/161
f 1356/249/6 1396/238/6 1424/201/6 1402/268/6
f 1396/238/162 1345/237/162 1379/202/162 1424/201/162
f 1373/208/163 1425/198/163 1358/200/163 1339/209/163
f 1353/261/117 1403/274/117 1425/198/117 1373/208/117
f 1403/274/112 1352/273/112 1368/199/112 1425/198/112
f 1374/212/164 1426/195/164 1372/197/164 1342/213/164
f 1347/229/140 1387/242/140 1426/195/140 1374/212/140
f 1387/242/105 1346/241/105 1365/196/105 1426/195/105
f 1375/216/165 1427/192/165 1371/194/165 1341/217/165
f 1354/257/114 1404/278/114 1427/192/114 1375/216/114
f 1404/278/113 1350/277/113 1362/193/113 1427/192/113
f 1376/220/166 1428/189/166 1370/191/166 1340/221/166
f 1348/225/137 1388/246/137 1428/189/137 1376/220/137
f 1388/246/106 1344/245/106 1359/190/106 1428/189/106
f 1526/189/15 1457/190/15 1432/3/15 1468/191/15
f 1525/192/16 1460/193/16 1436/7/16 1469/194/16
f 1524/195/17 1463/196/17 1434/11/17 1470/197/17
f 1523/198/18 1466/199/18 1430/15/18 1456/200/18
f 1522/201/19 1477/202/19 1433/12/19 1465/203/19
f 1521/204/20 1476/205/20 1430/184/20 1466/206/20
f 1520/207/21 1471/208/21 1437/209/21 1467/210/21
f 1519/211/22 1472/212/22 1440/213/22 1464/214/22
f 1518/215/23 1473/216/23 1439/217/23 1461/218/23
f 1517/219/24 1474/220/24 1438/221/24 1458/222/24
f 1516/223/25 1480/224/25 1446/225/25 1481/226/25
f 1515/227/26 1479/228/26 1445/229/26 1482/230/26
f 1514/231/27 1457/232/27 1442/233/27 1493/234/27
f 1513/235/28 1462/236/28 1443/237/28 1494/238/28
f 1512/239/29 1478/240/29 1444/241/29 1485/242/29
f 1511/243/30 1476/244/30 1442/245/30 1486/246/30
f 1510/247/6 1495/248/6 1454/249/6 1484/250/6
f 1509/251/31 1496/252/31 1453/253/31 1483/254/31
f 1508/255/32 1492/256/32 1452/257/32 1497/258/32
f 1507/259/33 1491/260/33 1451/261/33 1498/262/33
f 1506/263/34 1499/264/34 1450/265/34 1490/266/34
f 1505/267/35 1500/268/35 1449/269/35 1489/270/35
f 1504/271/36 1490/272/36 1450/273/36 1501/274/36
f 1503/275/37 1488/276/37 1448/277/37 1502/278/37
f 1492/256/38 1503/275/38 1502/278/38 1452/257/38
f 1438/221/39 1468/191/39 1503/275/39 1492/256/39
f 1468/191/40 1432/3/40 1488/276/40 1503/275/40
f 1491/260/41 1504/271/41 1501/274/41 1451/261/41
f 1440/213/168 1470/197/168 1504/271/168 1491/260/168
f 1470/197/43 1434/11/43 1490/272/43 1504/271/43
f 1455/279/44 1505/267/44 1489/270/44 1429/68/44
f 1441/280/45 1484/250/45 1505/267/45 1455/279/45
f 1484/250/6 1454/249/6 1500/268/6 1505/267/6
f 1463/196/46 1506/263/46 1490/266/46 1434/11/46
f 1444/241/47 1483/254/47 1506/263/47 1463/196/47
f 1483/254/48 1453/253/48 1499/264/48 1506/263/48
f 1465/281/49 1507/259/49 1498/262/49 1449/282/49
f 1433/12/50 1464/214/50 1507/259/50 1465/281/50
f 1464/214/51 1440/213/51 1491/260/51 1507/259/51
f 1459/283/52 1508/255/52 1497/258/52 1447/284/52
f 1431/4/53 1458/222/53 1508/255/53 1459/283/53
f 1458/222/54 1438/221/54 1492/256/54 1508/255/54
f 1478/240/55 1509/251/55 1483/254/55 1444/241/55
f 1436/7/56 1460/285/56 1509/251/56 1478/240/56
f 1460/285/57 1448/286/57 1496/252/57 1509/251/57
f 1475/287/58 1510/247/58 1484/250/58 1441/280/58
f 1431/107/59 1459/288/59 1510/247/59 1475/287/59
f 1459/288/60 1447/289/60 1495/248/60 1510/247/60
f 1480/224/61 1511/243/61 1486/246/61 1446/225/61
f 1437/290/62 1456/291/62 1511/243/62 1480/224/62
f 1456/291/63 1430/152/63 1476/244/63 1511/243/63
f 1479/228/64 1512/239/64 1485/242/64 1445/229/64
f 1439/217/65 1469/194/65 1512/239/65 1479/228/65
f 1469/194/66 1436/7/66 1478/240/66 1512/239/66
f 1495/248/6 1513/235/6 1494/238/6 1454/249/6
f 1447/289/67 1487/292/67 1513/235/67 1495/248/67
f 1487/292/68 1435/8/68 1462/236/68 1513/235/68
f 1496/252/69 1514/231/69 1493/234/69 1453/253/69
f 1448/286/70 1488/293/70 1514/231/70 1496/252/70
f 1488/293/71 1432/187/71 1457/232/71 1514/231/71
f 1462/236/72 1515/227/72 1482/230/72 1443/237/72
f 1435/8/73 1461/218/73 1515/227/73 1462/236/73
f 1461/218/74 1439/217/74 1479/228/74 1515/227/74
f 1455/294/75 1516/223/75 1481/226/75 1441/295/75
f 1429/97/76 1467/296/76 1516/223/76 1455/294/76
f 1467/296/77 1437/290/77 1480/224/77 1516/223/77
f 1475/297/78 1517/219/78 1458/222/78 1431/4/78
f 1441/295/75 1481/226/75 1517/219/75 1475/297/75
f 1481/226/25 1446/225/25 1474/220/25 1517/219/25
f 1487/298/79 1518/215/79 1461/218/79 1435/8/79
f 1447/284/52 1497/258/52 1518/215/52 1487/298/52
f 1497/258/32 1452/257/32 1473/216/32 1518/215/32
f 1477/202/80 1519/211/80 1464/214/80 1433/12/80
f 1443/237/72 1482/230/72 1519/211/72 1477/202/72
f 1482/230/26 1445/229/26 1472/212/26 1519/211/26
f 1489/299/81 1520/207/81 1467/210/81 1429/16/81
f 1449/282/49 1498/262/49 1520/207/49 1489/299/49
f 1498/262/33 1451/261/33 1471/208/33 1520/207/33
f 1499/264/82 1521/204/82 1466/206/82 1450/265/82
f 1453/253/83 1493/234/83 1521/204/83 1499/264/83
f 1493/234/84 1442/233/84 1476/205/84 1521/204/84
f 1500/268/85 1522/201/85 1465/203/85 1449/269/85
f 1454/249/6 1494/238/6 1522/201/6 1500/268/6
f 1494/238/86 1443/237/86 1477/202/86 1522/201/86
f 1471/208/87 1523/198/87 1456/200/87 1437/209/87
f 1451/261/41 1501/274/41 1523/198/41 1471/208/41
f 1501/274/36 1450/273/36 1466/199/36 1523/198/36
f 1472/212/88 1524/195/88 1470/197/88 1440/213/88
f 1445/229/64 1485/242/64 1524/195/64 1472/212/64
f 1485/242/29 1444/241/29 1463/196/29 1524/195/29
f 1473/216/89 1525/192/89 1469/194/89 1439/217/89
f 1452/257/38 1502/278/38 1525/192/38 1473/216/38
f 1502/278/37 1448/277/37 1460/193/37 1525/192/37
f 1474/220/90 1526/189/90 1468/191/90 1438/221/90
f 1446/225/61 1486/246/61 1526/189/61 1474/220/61
f 1486/246/30 1442/245/30 1457/190/30 1526/189/30
f 1624/189/15 1555/190/15 1530/3/15 1566/191/15
f 1623/192/16 1558/193/16 1534/7/16 1567/194/16
f 1622/195/17 1561/196/17 1532/11/17 1568/197/17
f 1621/198/18 1564/199/18 1528/15/18 1554/200/18
f 1620/201/19 1575/202/19 1531/12/19 1563/203/19
f 1619/204/20 1574/205/20 1528/184/20 1564/206/20
f 1618/207/21 1569/208/21 1535/209/21 1565/210/21
f 1617/211/22 1570/212/22 1538/213/22 1562/214/22
f 1616/215/23 1571/216/23 1537/217/23 1559/218/23
f 1615/219/24 1572/220/24 1536/221/24 1556/222/24
f 1614/223/25 1578/224/25 1544/225/25 1579/226/25
f 1613/227/26 1577/228/26 1543/229/26 1580/230/26
f 1612/231/27 1555/232/27 1540/233/27 1591/234/27
f 1611/235/28 1560/236/28 1541/237/28 1592/238/28
f 1610/239/29 1576/240/29 1542/241/29 1583/242/29
f 1609/243/30 1574/244/30 1540/245/30 1584/246/30
f 1608/247/6 1593/248/6 1552/249/6 1582/250/6
f 1607/251/31 1594/252/31 1551/253/31 1581/254/31
f 1606/255/32 1590/256/32 1550/257/32 1595/258/32
f 1605/259/33 1589/260/33 1549/261/33 1596/262/33
f 1604/263/34 1597/264/34 1548/265/34 1588/266/34
f 1603/267/35 1598/268/35 1547/269/35 1587/270/35
f 1602/271/36 1588/272/36 1548/273/36 1599/274/36
f 1601/275/37 1586/276/37 1546/277/37 1600/278/37
f 1590/256/38 1601/275/38 1600/278/38 1550/257/38
f 1536/221/169 1566/191/169 1601/275/169 1590/256/169
f 1566/191/40 1530/3/40 1586/276/40 1601/275/40
f 1589/260/41 1602/271/41 1599/274/41 1549/261/41
f 1538/213/42 1568/197/42 1602/271/42 1589/260/42
f 1568/197/43 1532/11/43 1588/272/43 1602/271/43
f 1553/279/44 1603/267/44 1587/270/44 1527/68/44
f 1539/280/45 1582/250/45 1603/267/45 1553/279/45
f 1582/250/6 1552/249/6 1598/268/6 1603/267/6
f 1561/196/46 1604/263/46 1588/266/46 1532/11/46
f 1542/241/47 1581/254/47 1604/263/47 1561/196/47
f 1581/254/48 1551/253/48 1597/264/48 1604/263/48
f 1563/281/49 1605/259/49 1596/262/49 1547/282/49
f 1531/12/50 1562/214/50 1605/259/50 1563/281/50
f 1562/214/51 1538/213/51 1589/260/51 1605/259/51
f 1557/283/52 1606/255/52 1595/258/52 1545/284/52
f 1529/4/53 1556/222/53 1606/255/53 1557/283/53
f 1556/222/54 1536/221/54 1590/256/54 1606/255/54
f 1576/240/55 1607/251/55 1581/254/55 1542/241/55
f 1534/7/56 1558/285/56 1607/251/56 1576/240/56
f 1558/285/57 1546/286/57 1594/252/57 1607/251/57
f 1573/287/58 1608/247/58 1582/250/58 1539/280/58
f 1529/107/59 1557/288/59 1608/247/59 1573/287/59
f 1557/288/60 1545/289/60 1593/248/60 1608/247/60
f 1578/224/61 1609/243/61 1584/246/61 1544/225/61
f 1535/290/62 1554/291/62 1609/243/62 1578/224/62
f 1554/291/63 1528/152/63 1574/244/63 1609/243/63
f 1577/228/64 1610/239/64 1583/242/64 1543/229/64
f 1537/217/65 1567/194/65 1610/239/65 1577/228/65
f 1567/194/66 1534/7/66 1576/240/66 1610/239/66
f 1593/248/6 1611/235/6 1592/238/6 1552/249/6
f 1545/289/67 1585/292/67 1611/235/67 1593/248/67
f 1585/292/68 1533/8/68 1560/236/68 1611/235/68
f 1594/252/69 1612/231/69 1591/234/69 1551/253/69
f 1546/286/70 1586/293/70 1612/231/70 1594/252/70
f 1586/293/71 1530/187/71 1555/232/71 1612/231/71
f 1560/236/72 1613/227/72 1580/230/72 1541/237/72
f 1533/8/73 1559/218/73 1613/227/73 1560/236/73
f 1559/218/74 1537/217/74 1577/228/74 1613/227/74
f 1553/294/75 1614/223/75 1579/226/75 1539/295/75
f 1527/97/76 1565/296/76 1614/223/76 1553/294/76
f 1565/296/77 1535/290/77 1578/224/77 1614/223/77
f 1573/297/78 1615/219/78 1556/222/78 1529/4/78
f 1539/295/75 1579/226/75 1615/219/75 1573/297/75
f 1579/226/25 1544/225/25 1572/220/25 1615/219/25
f 1585/298/79 1616/215/79 1559/218/79 1533/8/79
f 1545/284/52 1595/258/52 1616/215/52 1585/298/52
f 1595/258/32 1550/257/32 1571/216/32 1616/215/32
f 1575/202/80 1617/211/80 1562/214/80 1531/12/80
f 1541/237/72 1580/230/72 1617/211/72 1575/202/72
f 1580/230/26 1543/229/26 1570/212/26 1617/211/26
f 1587/299/81 1618/207/81 1565/210/81 1527/16/81
f 1547/282/49 1596/262/49 1618/207/49 1587/299/49
f 1596/262/33 1549/261/33 1569/208/33 1618/207/33
f 1597/264/82 1619/204/82 1564/206/82 1548/265/82
f 1551/253/83 1591/234/83 1619/204/83 1597/264/83
f 1591/234/84 1540/233/84 1574/205/84 1619/204/84
f 1598/268/85 1620/201/85 1563/203/85 1547/269/85
f 1552/249/6 1592/238/6 1620/201/6 1598/268/6
f 1592/238/86 1541/237/86 1575/202/86 1620/201/86
f 1569/208/87 1621/198/87 1554/200/87 1535/209/87
f 1549/261/41 1599/274/41 1621/198/41 1569/208/41
f 1599/274/36 1548/273/36 1564/199/36 1621/198/36
f 1570/212/88 1622/195/88 1568/197/88 1538/213/88
f 1543/229/64 1583/242/64 1622/195/64 1570/212/64
f 1583/242/29 1542/241/29 1561/196/29 1622/195/29
f 1571/216/89 1623/192/89 1567/194/89 1537/217/89
f 1550/257/38 1600/278/38 1623/192/38 1571/216/38
f 1600/278/37 1546/277/37 1558/193/37 1623/192/37
f 1572/220/90 1624/189/90 1566/191/90 1536/221/90
f 1544/225/61 1584/246/61 1624/189/61 1572/220/61
f 1584/246/30 1540/245/30 1555/190/30 1624/189/30
f 1722/189/15 1653/190/15 1628/3/15 1664/191/15
f 1721/192/16 1656/193/16 1632/7/16 1665/194/16
f 1720/195/17 1659/196/17 1630/11/17 1666/197/17
f 1719/198/18 1662/199/18 1626/15/18 1652/200/18
f 1718/201/19 1673/202/19 1629/12/19 1661/203/19
f 1717/204/20 1672/205/20 1626/184/20 1662/206/20
f 1716/207/21 1667/208/21 1633/209/21 1663/210/21
f 1715/211/22 1668/212/22 1636/213/22 1660/214/22
f 1714/215/23 1669/216/23 1635/217/23 1657/218/23
f 1713/219/24 1670/220/24 1634/221/24 1654/222/24
f 1712/223/25 1676/224/25 1642/225/25 1677/226/25
f 1711/227/26 1675/228/26 1641/229/26 1678/230/26
f 1710/231/27 1653/232/27 1638/233/27 1689/234/27
f 1709/235/28 1658/236/28 1639/237/28 1690/238/28
f 1708/239/29 1674/240/29 1640/241/29 1681/242/29
f 1707/243/30 1672/244/30 1638/245/30 1682/246/30
f 1706/247/6 1691/248/6 1650/249/6 1680/250/6
f 1705/251/31 1692/252/31 1649/253/31 1679/254/31
f 1704/255/32 1688/256/32 1648/257/32 1693/258/32
f 1703/259/33 1687/260/33 1647/261/33 1694/262/33
f 1702/263/34 1695/264/34 1646/265/34 1686/266/34
f 1701/267/35 1696/268/35 1645/269/35 1685/270/35
f 1700/271/36 1686/272/36 1646/273/36 1697/274/36
f 1699/275/37 1684/276/37 1644/277/37 1698/278/37
f 1688/256/38 1699/275/38 1698/278/38 1648/257/38
f 1634/221/39 1664/191/39 1699/275/39 1688/256/39
f 1664/191/40 1628/3/40 1684/276/40 1699/275/40
f 1687/260/41 1700/271/41 1697/274/41 1647/261/41
f 1636/213/42 1666/197/42 1700/271/42 1687/260/42
f 1666/197/43 1630/11/43 1686/272/43 1700/271/43
f 1651/279/44 1701/267/44 1685/270/44 1625/68/44
f 1637/280/45 1680/250/45 1701/267/45 1651/279/45
f 1680/250/6 1650/249/6 1696/268/6 1701/267/6
f 1659/196/46 1702/263/46 1686/266/46 1630/11/46
f 1640/241/47 1679/254/47 1702/263/47 1659/196/47
f 1679/254/48 1649/253/48 1695/264/48 1702/263/48
f 1661/281/49 1703/259/49 1694/262/49 1645/282/49
f 1629/12/50 1660/214/50 1703/259/50 1661/281/50
f 1660/214/51 1636/213/51 1687/260/51 1703/259/51
f 1655/283/52 1704/255/52 1693/258/52 1643/284/52
f 1627/4/53 1654/222/53 1704/255/53 1655/283/53
f 1654/222/54 1634/221/54 1688/256/54 1704/255/54
f 1674/240/55 1705/251/55 1679/254/55 1640/241/55
f 1632/7/56 1656/285/56 1705/251/56 1674/240/56
f 1656/285/57 1644/286/57 1692/252/57 1705/251/57
f 1671/287/58 1706/247/58 1680/250/58 1637/280/58
f 1627/107/59 1655/288/59 1706/247/59 1671/287/59
f 1655/288/60 1643/289/60 1691/248/60 1706/247/60
f 1676/224/61 1707/243/61 1682/246/61 1642/225/61
f 1633/290/62 1652/291/62 1707/243/62 1676/224/62
f 1652/291/63 1626/152/63 1672/244/63 1707/243/63
f 1675/228/64 1708/239/64 1681/242/64 1641/229/64
f 1635/217/65 1665/194/65 1708/239/65 1675/228/65
f 1665/194/66 1632/7/66 1674/240/66 1708/239/66
f 1691/248/6 1709/235/6 1690/238/6 1650/249/6
f 1643/289/67 1683/292/67 1709/235/67 1691/248/67
f 1683/292/68 1631/8/68 1658/236/68 1709/235/68
f 1692/252/69 1710/231/69 1689/234/69 1649/253/69
f 1644/286/70 1684/293/70 1710/231/70 1692/252/70
f 1684/293/71 1628/187/71 1653/232/71 1710/231/71
f 1658/236/72 1711/227/72 1678/230/72 1639/237/72
f 1631/8/73 1657/218/73 1711/227/73 1658/236/73
f 1657/218/74 1635/217/74 1675/228/74 1711/227/74
f 1651/294/75 1712/223/75 1677/226/75 1637/295/75
f 1625/97/76 1663/296/76 1712/223/76 1651/294/76
f 1663/296/77 1633/290/77 1676/224/77 1712/223/77
f 1671/297/78 1713/219/78 1654/222/78 1627/4/78
f 1637/295/75 1677/226/75 1713/219/75 1671/297/75
f 1677/226/25 1642/225/25 1670/220/25 1713/219/25
f 1683/298/79 1714/215/79 1657/218/79 1631/8/79
f 1643/284/52 1693/258/52 1714/215/52 1683/298/52
f 1693/258/32 1648/257/32 1669/216/32 1714/215/32
f 1673/202/80 1715/211/80 1660/214/80 1629/12/80
f 1639/237/72 1678/230/72 1715/211/72 1673/202/72
f 1678/230/26 1641/229/26 1668/212/26 1715/211/26
f 1685/299/81 1716/207/81 1663/210/81 1625/16/81
f 1645/282/49 1694/262/49 1716/207/49 1685/299/49
f 1694/262/33 1647/261/33 1667/208/33 1716/207/33
f 1695/264/82 1717/204/82 1662/206/82 1646/265/82
f 1649/253/83 1689/234/83 1717/204/83 1695/264/83
f 1689/234/84 1638/233/84 1672/205/84 1717/204/84
f 1696/268/85 1718/201/85 1661/203/85 1645/269/85
f 1650/249/6 1690/238/6 1718/201/6 1696/268/6
f 1690/238/86 1639/237/86 1673/202/86 1718/201/86
f 1667/208/87 1719/198/87 1652/200/87 1633/209/87
f 1647/261/41 1697/274/41 1719/198/41 1667/208/41
f 1697/274/36 1646/273/36 1662/199/36 1719/198/36
f 1668/212/88 1720/195/88 1666/197/88 1636/213/88
f 1641/229/64 1681/242/64 1720/195/64 1668/212/64
f 1681/242/29 1640/241/29 1659/196/29 1720/195/29
f 1669/216/89 1721/192/89 1665/194/89 1635/217/89
f 1648/257/38 1698/278/38 1721/192/38 1669/216/38
f 1698/278/37 1644/277/37 1656/193/37 1721/192/37
f 1670/220/90 1722/189/90 1664/191/90 1634/221/90
f 1642/225/61 1682/246/61 1722/189/61 1670/220/61
f 1682/246/30 1638/245/30 1653/190/30 1722/189/30
f 1820/189/15 1751/190/15 1726/3/15 1762/191/15
f 1819/192/16 1754/193/16 1730/7/16 1763/194/16
f 1818/195/17 1757/196/17 1728/11/17 1764/197/17
f 1817/198/18 1760/199/18 1724/15/18 1750/200/18
f 1816/201/19 1771/202/19 1727/12/19 1759/203/19
f 1815/204/20 1770/205/20 1724/184/20 1760/206/20
f 1814/207/21 1765/208/21 1731/209/21 1761/210/21
f 1813/211/22 1766/212/22 1734/213/22 1758/214/22
f 1812/215/23 1767/216/23 1733/217/23 1755/218/23
f 1811/219/24 1768/220/24 1732/221/24 1752/222/24
f 1810/223/25 1774/224/25 1740/225/25 1775/226/25
f 1809/227/26 1773/228/26 1739/229/26 1776/230/26
f 1808/231/27 1751/232/27 1736/233/27 1787/234/27
f 1807/235/28 1756/236/28 1737/237/28 1788/238/28
f 1806/239/29 1772/240/29 1738/241/29 1779/242/29
f 1805/243/30 1770/244/30 1736/245/30 1780/246/30
f 1804/247/6 1789/248/6 1748/249/6 1778/250/6
f 1803/251/31 1790/252/31 1747/253/31 1777/254/31
f 1802/255/32 1786/256/32 1746/257/32 1791/258/32
f 1801/259/33 1785/260/33 1745/261/33 1792/262/33
f 1800/263/34 1793/264/34 1744/265/34 1784/266/34
f 1799/267/35 1794/268/35 1743/269/35 1783/270/35
f 1798/271/36 1784/272/36 1744/273/36 1795/274/36
f 1797/275/37 1782/276/37 1742/277/37 1796/278/37
f 1786/256/38 1797/275/38 1796/278/38 1746/257/38
f 1732/221/39 1762/191/39 1797/275/39 1786/256/39
f 1762/191/40 1726/3/40 1782/276/40 1797/275/40
f 1785/260/41 1798/271/41 1795/274/41 1745/261/41
f 1734/213/42 1764/197/42 1798/271/42 1785/260/42
f 1764/197/43 1728/11/43 1784/272/43 1798/271/43
f 1749/279/44 1799/267/44 1783/270/44 1723/68/44
f 1735/280/45 1778/250/45 1799/267/45 1749/279/45
f 1778/250/6 1748/249/6 1794/268/6 1799/267/6
f 1757/196/46 1800/263/46 1784/266/46 1728/11/46
f 1738/241/47 1777/254/47 1800/263/47 1757/196/47
f 1777/254/48 1747/253/48 1793/264/48 1800/263/48
f 1759/281/49 1801/259/49 1792/262/49 1743/282/49
f 1727/12/50 1758/214/50 1801/259/50 1759/281/50
f 1758/214/51 1734/213/51 1785/260/51 1801/259/51
f 1753/283/52 1802/255/52 1791/258/52 1741/284/52
f 1725/4/53 1752/222/53 1802/255/53 1753/283/53
f 1752/222/54 1732/221/54 1786/256/54 1802/255/54
f 1772/240/55 1803/251/55 1777/254/55 1738/241/55
f 1730/7/56 1754/285/56 1803/251/56 1772/240/56
f 1754/285/57 1742/286/57 1790/252/57 1803/251/57
f 1769/287/58 1804/247/58 1778/250/58 1735/280/58
f 1725/107/59 1753/288/59 1804/247/59 1769/287/59
f 1753/288/60 1741/289/60 1789/248/60 1804/247/60
f 1774/224/61 1805/243/61 1780/246/61 1740/225/61
f 1731/290/62 1750/291/62 1805/243/62 1774/224/62
f 1750/291/63 1724/152/63 1770/244/63 1805/243/63
f 1773/228/64 1806/239/64 1779/242/64 1739/229/64
f 1733/217/65 1763/194/65 1806/239/65 1773/228/65
f 1763/194/66 1730/7/66 1772/240/66 1806/239/66
f 1789/248/6 1807/235/6 1788/238/6 1748/249/6
f 1741/289/67 1781/292/67 1807/235/67 1789/248/67
f 1781/292/68 1729/8/68 1756/236/68 1807/235/68
f 1790/252/69 1808/231/69 1787/234/69 1747/253/69
f 1742/286/70 1782/293/70 1808/231/70 1790/252/70
f 1782/293/71 1726/187/71 1751/232/71 1808/231/71
f 1756/236/72 1809/227/72 1776/230/72 1737/237/72
f 1729/8/73 1755/218/73 1809/227/73 1756/236/73
f 1755/218/74 1733/217/74 1773/228/74 1809/227/74
f 1749/294/75 1810/223/75 1775/226/75 1735/295/75
f 1723/97/76 1761/296/76 1810/223/76 1749/294/76
f 1761/296/77 1731/290/77 1774/224/77 1810/223/77
f 1769/297/78 1811/219/78 1752/222/78 1725/4/78
f 1735/295/75 1775/226/75 1811/219/75 1769/297/75
f 1775/226/25 1740/225/25 1768/220/25 1811/219/25
f 1781/298/79 1812/215/79 1755/218/79 1729/8/79
f 1741/284/52 1791/258/52 1812/215/52 1781/298/52
f 1791/258/32 1746/257/32 1767/216/32 1812/215/32
f 1771/202/80 1813/211/80 1758/214/80 1727/12/80
f 1737/237/72 1776/230/72 1813/211/72 1771/202/72
f 1776/230/26 1739/229/26 1766/212/26 1813/211/26
f 1783/299/81 1814/207/81 1761/210/81 1723/16/81
f 1743/282/49 1792/262/49 1814/207/49 1783/299/49
f 1792/262/33 1745/261/33 1765/208/33 1814/207/33
f 1793/264/82 1815/204/82 1760/206/82 1744/265/82
f 1747/253/83 1787/234/83 1815/204/83 1793/264/83
f 1787/234/84 1736/233/84 1770/205/84 1815/204/84
f 1794/268/85 1816/201/85 1759/203/85 1743/269/85
f 1748/249/6 1788/238/6 1816/201/6 1794/268/6
f 1788/238/86 1737/237/86 1771/202/86 1816/201/86
f 1765/208/87 1817/198/87 1750/200/87 1731/209/87
f 1745/261/41 1795/274/41 1817/198/41 1765/208/41
f 1795/274/36 1744/273/36 1760/199/36 1817/198/36
f 1766/212/88 1818/195/88 1764/197/88 1734/213/88
f 1739/229/64 1779/242/64 1818/195/64 1766/212/64
f 1779/242/29 1738/241/29 1757/196/29 1818/195/29
f 1767/216/89 1819/192/89 1763/194/89 1733/217/89
f 1746/257/38 1796/278/38 1819/192/38 1767/216/38
f 1796/278/37 1742/277/37 1754/193/37 1819/192/37
f 1768/220/90 1820/189/90 1762/191/90 1732/221/90
f 1740/225/61 1780/246/61 1820/189/61 1768/220/61
f 1780/246/30 1736/245/30 1751/190/30 1820/189/30
f 1918/189/15 1849/190/15 1824/3/15 1860/191/15
f 1917/192/16 1852/193/16 1828/7/16 1861/194/16
f 1916/195/17 1855/196/17 1826/11/17 1862/197/17
f 1915/198/18 1858/199/18 1822/15/18 1848/200/18
f 1914/201/19 1869/202/19 1825/12/19 1857/203/19
f 1913/204/20 1868/205/20 1822/184/20 1858/206/20
f 1912/207/21 1863/208/21 1829/209/21 1859/210/21
f 1911/211/22 1864/212/22 1832/213/22 1856/214/22
f 1910/215/23 1865/216/23 1831/217/23 1853/218/23
f 1909/219/24 1866/220/24 1830/221/24 1850/222/24
f 1908/223/25 1872/224/25 1838/225/25 1873/226/25
f 1907/227/26 1871/228/26 1837/229/26 1874/230/26
f 1906/231/27 1849/232/27 1834/233/27 1885/234/27
f 1905/235/28 1854/236/28 1835/237/28 1886/238/28
f 1904/239/29 1870/240/29 1836/241/29 1877/242/29
f 1903/243/30 1868/244/30 1834/245/30 1878/246/30
f 1902/247/6 1887/248/6 1846/249/6 1876/250/6
f 1901/251/31 1888/252/31 1845/253/31 1875/254/31
f 1900/255/32 1884/256/32 1844/257/32 1889/258/32
f 1899/259/33 1883/260/33 1843/261/33 1890/262/33
f 1898/263/34 1891/264/34 1842/265/34 1882/266/34
f 1897/267/35 1892/268/35 1841/269/35 1881/270/35
f 1896/271/36 1882/272/36 1842/273/36 1893/274/36
f 1895/275/37 1880/276/37 1840/277/37 1894/278/37
f 1884/256/38 1895/275/38 1894/278/38 1844/257/38
f 1830/221/169 1860/191/169 1895/275/169 1884/256/169
f 1860/191/40 1824/3/40 1880/276/40 1895/275/40
f 1883/260/41 1896/271/41 1893/274/41 1843/261/41
f 1832/213/42 1862/197/42 1896/271/42 1883/260/42
f 1862/197/43 1826/11/43 1882/272/43 1896/271/43
f 1847/279/44 1897/267/44 1881/270/44 1821/68/44
f 1833/280/45 1876/250/45 1897/267/45 1847/279/45
f 1876/250/6 1846/249/6 1892/268/6 1897/267/6
f 1855/196/46 1898/263/46 1882/266/46 1826/11/46
f 1836/241/47 1875/254/47 1898/263/47 1855/196/47
f 1875/254/48 1845/253/48 1891/264/48 1898/263/48
f 1857/281/49 1899/259/49 1890/262/49 1841/282/49
f 1825/12/50 1856/214/50 1899/259/50 1857/281/50
f 1856/214/51 1832/213/51 1883/260/51 1899/259/51
f 1851/283/52 1900/255/52 1889/258/52 1839/284/52
f 1823/4/53 1850/222/53 1900/255/53 1851/283/53
f 1850/222/54 1830/221/54 1884/256/54 1900/255/54
f 1870/240/55 1901/251/55 1875/254/55 1836/241/55
f 1828/7/56 1852/285/56 1901/251/56 1870/240/56
f 1852/285/57 1840/286/57 1888/252/57 1901/251/57
f 1867/287/58 1902/247/58 1876/250/58 1833/280/58
f 1823/107/59 1851/288/59 1902/247/59 1867/287/59
f 1851/288/60 1839/289/60 1887/248/60 1902/247/60
f 1872/224/61 1903/243/61 1878/246/61 1838/225/61
f 1829/290/62 1848/291/62 1903/243/62 1872/224/62
f 1848/291/63 1822/152/63 1868/244/63 1903/243/63
f 1871/228/64 1904/239/64 1877/242/64 1837/229/64
f 1831/217/65 1861/194/65 1904/239/65 1871/228/65
f 1861/194/66 1828/7/66 1870/240/66 1904/239/66
f 1887/248/6 1905/235/6 1886/238/6 1846/249/6
f 1839/289/67 1879/292/67 1905/235/67 1887/248/67
f 1879/292/68 1827/8/68 1854/236/68 1905/235/68
f 1888/252/69 1906/231/69 1885/234/69 1845/253/69
f 1840/286/70 1880/293/70 1906/231/70 1888/252/70
f 1880/293/71 1824/187/71 1849/232/71 1906/231/71
f 1854/236/72 1907/227/72 1874/230/72 1835/237/72
f 1827/8/73 1853/218/73 1907/227/73 1854/236/73
f 1853/218/74 1831/217/74 1871/228/74 1907/227/74
f 1847/294/75 1908/223/75 1873/226/75 1833/295/75
f 1821/97/76 1859/296/76 1908/223/76 1847/294/76
f 1859/296/77 1829/290/77 1872/224/77 1908/223/77
f 1867/297/78 1909/219/78 1850/222/78 1823/4/78
f 1833/295/75 1873/226/75 1909/219/75 1867/297/75
f 1873/226/25 1838/225/25 1866/220/25 1909/219/25
f 1879/298/79 1910/215/79 1853/218/79 1827/8/79
f 1839/284/52 1889/258/52 1910/215/52 1879/298/52
f 1889/258/32 1844/257/32 1865/216/32 1910/215/32
f 1869/202/80 1911/211/80 1856/214/80 1825/12/80
f 1835/237/72 1874/230/72 1911/211/72 1869/202/72
f 1874/230/26 1837/229/26 1864/212/26 1911/211/26
f 1881/299/81 1912/207/81 1859/210/81 1821/16/81
f 1841/282/49 1890/262/49 1912/207/49 1881/299/49
f 1890/262/33 1843/261/33 1863/208/33 1912/207/33
f 1891/264/82 1913/204/82 1858/206/82 1842/265/82
f 1845/253/83 1885/234/83 1913/204/83 1891/264/83
f 1885/234/84 1834/233/84 1868/205/84 1913/204/84
f 1892/268/85 1914/201/85 1857/203/85 1841/269/85
f 1846/249/6 1886/238/6 1914/201/6 1892/268/6
f 1886/238/86 1835/237/86 1869/202/86 1914/201/86
f 1863/208/87 1915/198/87 1848/200/87 1829/209/87
f 1843/261/41 1893/274/41 1915/198/41 1863/208/41
f 1893/274/36 1842/273/36 1858/199/36 1915/198/36
f 1864/212/88 1916/195/88 1862/197/88 1832/213/88
f 1837/229/64 1877/242/64 1916/195/64 1864/212/64
f 1877/242/29 1836/241/29 1855/196/29 1916/195/29
f 1865/216/89 1917/192/89 1861/194/89 1831/217/89
f 1844/257/38 1894/278/38 1917/192/38 1865/216/38
f 1894/278/37 1840/277/37 1852/193/37 1917/192/37
f 1866/220/90 1918/189/90 1860/191/90 1830/221/90
f 1838/225/61 1878/246/61 1918/189/61 1866/220/61
f 1878/246/30 1834/245/30 1849/190/30 1918/189/30
f 2016/189/15 1947/190/15 1922/3/15 1958/191/15
f 2015/192/16 1950/193/16 1926/7/16 1959/194/16
f 2014/195/17 1953/196/17 1924/11/17 1960/197/17
f 2013/198/18 1956/199/18 1920/15/18 1946/200/18
f 2012/201/19 1967/202/19 1923/12/19 1955/203/19
f 2011/204/20 1966/205/20 1920/184/20 1956/206/20
f 2010/207/21 1961/208/21 1927/209/21 1957/210/21
f 2009/211/22 1962/212/22 1930/213/22 1954/214/22
f 2008/215/23 1963/216/23 1929/217/23 1951/218/23
f 2007/219/24 1964/220/24 1928/221/24 1948/222/24
f 2006/223/25 1970/224/25 1936/225/25 1971/226/25
f 2005/227/26 1969/228/26 1935/229/26 1972/230/26
f 2004/231/27 1947/232/27 1932/233/27 1983/234/27
f 2003/235/28 1952/236/28 1933/237/28 1984/238/28
f 2002/239/29 1968/240/29 1934/241/29 1975/242/29
f 2001/243/30 1966/244/30 1932/245/30 1976/246/30
f 2000/247/6 1985/248/6 1944/249/6 1974/250/6
f 1999/251/31 1986/252/31 1943/253/31 1973/254/31
f 1998/255/32 1982/256/32 1942/257/32 1987/258/32
f 1997/259/33 1981/260/33 1941/261/33 1988/262/33
f 1996/263/34 1989/264/34 1940/265/34 1980/266/34
f 1995/267/35 1990/268/35 1939/269/35 1979/270/35
f 1994/271/36 1980/272/36 1940/273/36 1991/274/36
f 1993/275/37 1978/276/37 1938/277/37 1992/278/37
f 1982/256/38 1993/275/38 1992/278/38 1942/257/38
f 1928/221/39 1958/191/39 1993/275/39 1982/256/39
f 1958/191/40 1922/3/40 1978/276/40 1993/275/40
f 1981/260/41 1994/271/41 1991/274/41 1941/261/41
f 1930/213/168 1960/197/168 1994/271/168 1981/260/168
f 1960/197/43 1924/11/43 1980/272/43 1994/271/43
f 1945/279/44 1995/267/44 1979/270/44 1919/68/44
f 1931/280/45 1974/250/45 1995/267/45 1945/279/45
f 1974/250/6 1944/249/6 1990/268/6 1995/267/6
f 1953/196/46 1996/263/46 1980/266/46 1924/11/46
f 1934/241/47 1973/254/47 1996/263/47 1953/196/47
f 1973/254/48 1943/253/48 1989/264/48 1996/263/48
f 1955/281/49 1997/259/49 1988/262/49 1939/282/49
f 1923/12/50 1954/214/50 1997/259/50 1955/281/50
f 1954/214/51 1930/213/51 1981/260/51 1997/259/51
f 1949/283/52 1998/255/52 1987/258/52 1937/284/52
f 1921/4/53 1948/222/53 1998/255/53 1949/283/53
f 1948/222/54 1928/221/54 1982/256/54 1998/255/54
f 1968/240/55 1999/251/55 1973/254/55 1934/241/55
f 1926/7/56 1950/285/56 1999/251/56 1968/240/56
f 1950/285/57 1938/286/57 1986/252/57 1999/251/57
f 1965/287/58 2000/247/58 1974/250/58 1931/280/58
f 1921/107/59 1949/288/59 2000/247/59 1965/287/59
f 1949/288/60 1937/289/60 1985/248/60 2000/247/60
f 1970/224/61 2001/243/61 1976/246/61 1936/225/61
f 1927/290/62 1946/291/62 2001/243/62 1970/224/62
f 1946/291/63 1920/152/63 1966/244/63 2001/243/63
f 1969/228/64 2002/239/64 1975/242/64 1935/229/64
f 1929/217/65 1959/194/65 2002/239/65 1969/228/65
f 1959/194/66 1926/7/66 1968/240/66 2002/239/66
f 1985/248/6 2003/235/6 1984/238/6 1944/249/6
f 1937/289/67 1977/292/67 2003/235/67 1985/248/67
f 1977/292/68 1925/8/68 1952/236/68 2003/235/68
f 1986/252/69 2004/231/69 1983/234/69 1943/253/69
f 1938/286/70 1978/293/70 2004/231/70 1986/252/70
f 1978/293/71 1922/187/71 1947/232/71 2004/231/71
f 1952/236/72 2005/227/72 1972/230/72 1933/237/72
f 1925/8/73 1951/218/73 2005/227/73 1952/236/73
f 1951/218/74 1929/217/74 1969/228/74 2005/227/74
f 1945/294/75 2006/223/75 1971/226/75 1931/295/75
f 1919/97/76 1957/296/76 2006/223/76 1945/294/76
f 1957/296/77 1927/290/77 1970/224/77 2006/223/77
f 1965/297/78 2007/219/78 1948/222/78 1921/4/78
f 1931/295/75 1971/226/75 2007/219/75 1965/297/75
f 1971/226/25 1936/225/25 1964/220/25 2007/219/25
f 1977/298/79 2008/215/79 1951/218/79 1925/8/79
f 1937/284/52 1987/258/52 2008/215/52 1977/298/52
f 1987/258/32 1942/257/32 1963/216/32 2008/215/32
f 1967/202/80 2009/211/80 1954/214/80 1923/12/80
f 1933/237/72 1972/230/72 2009/211/72 1967/202/72
f 1972/230/26 1935/229/26 1962/212/26 2009/211/26
f 1979/299/81 2010/207/81 1957/210/81 1919/16/81
f 1939/282/49 1988/262/49 2010/207/49 1979/299/49
f 1988/262/33 1941/261/33 1961/208/33 2010/207/33
f 1989/264/82 2011/204/82 1956/206/82 1940/265/82
f 1943/253/83 1983/234/83 2011/204/83 1989/264/83
f 1983/234/84 1932/233/84 1966/205/84 2011/204/84
f 1990/268/85 2012/201/85 1955/203/85 1939/269/85
f 1944/249/6 1984/238/6 2012/201/6 1990/268/6
f 1984/238/86 1933/237/86 1967/202/86 2012/201/86
f 1961/208/87 2013/198/87 1946/200/87 1927/209/87
f 1941/261/41 1991/274/41 2013/198/41 1961/208/41
f 1991/274/36 1940/273/36 1956/199/36 2013/198/36
f 1962/212/88 2014/195/88 1960/197/88 1930/213/88
f 1935/229/64 1975/242/64 2014/195/64 1962/212/64
f 1975/242/29 1934/241/29 1953/196/29 2014/195/29
f 1963/216/89 2015/192/89 1959/194/89 1929/217/89
f 1942/257/38 1992/278/38 2015/192/38 1963/216/38
f 1992/278/37 1938/277/37 1950/193/37 2015/192/37
f 1964/220/90 2016/189/90 1958/191/90 1928/221/90
f 1936/225/61 1976/246/61 2016/189/61 1964/220/61
f 1976/246/30 1932/245/30 1947/190/30 2016/189/30
